INFO-FLOW: Workspace C:/Xilinx/golden/srcnn_hls/solution1 opened at Thu Oct 30 21:21:30 +1100 2025
Execute     ap_set_clock -name default -period 10 -default=false 
INFO: [SYN 201-201] Setting up clock 'default' with a period of 10ns.
Execute     set_part xck26-sfvc784-2LV-c 
Execute       create_platform xck26-sfvc784-2LV-c -board  
DBG:HLSDevice: Trying to load device library: C:/Xilinx/Vitis_HLS/2023.1\lib\win64.o\xv_hlsvwrap.dll
DBG:HLSDevice: first parts/arch.xml in RDI_DATADIR: C:/Xilinx/Vivado/2023.1/data/parts/arch.xml
DBG:HLSDevice: init success
INFO: [HLS 200-1611] Setting target device to 'xck26-sfvc784-2LV-c'
Command       create_platform done; 0.918 sec.
Execute       source C:/Xilinx/Vitis_HLS/2023.1/common/technology/xilinx/common/xilinx.gen 
Execute         source C:/Xilinx/Vitis_HLS/2023.1/common/technology/xilinx/interface/plb46.gen 
Execute         source C:/Xilinx/Vitis_HLS/2023.1/common/technology/xilinx/interface/axi4.gen 
Execute         source C:/Xilinx/Vitis_HLS/2023.1/common/technology/xilinx/interface/nativeAXI4.gen 
Execute           source C:/Xilinx/Vitis_HLS/2023.1/common/technology/xilinx/interface/saxilite.gen 
Execute         source C:/Xilinx/Vitis_HLS/2023.1/common/technology/xilinx/scripts/xilinxcoregen.gen 
Execute         source C:/Xilinx/Vitis_HLS/2023.1/common/technology/xilinx/interface/XilEDKCoreGen.gen 
Execute         source C:/Xilinx/Vitis_HLS/2023.1/common/technology/xilinx/ip/dds_compiler.gen 
Execute         source C:/Xilinx/Vitis_HLS/2023.1/common/technology/xilinx/ip/util.gen 
Execute         source C:/Xilinx/Vitis_HLS/2023.1/common/technology/xilinx/ip/xfft.gen 
Execute         source C:/Xilinx/Vitis_HLS/2023.1/common/technology/xilinx/ip/xfir.gen 
Execute         source C:/Xilinx/Vitis_HLS/2023.1/common/technology/xilinx/DSP48/dsp48.gen 
Command       ap_source done; 0.152 sec.
Execute       ap_part_info -name xck26-sfvc784-2LV-c -data info 
Execute       config_compile -quiet -complex-mul-dsp=0 
Command     set_part done; 1.086 sec.
Execute     send_msg_by_id INFO @200-1505@%s%s  vivado 
INFO: [HLS 200-1505] Using flow_target 'vivado'
Execute     send_msg_by_id INFO @200-1464@%s config_cosim -enable_dataflow_profiling=1 
INFO: [HLS 200-1464] Running solution command: config_cosim -enable_dataflow_profiling=1
Execute     config_cosim -enable_dataflow_profiling=1 
Execute     send_msg_by_id INFO @200-1464@%s config_cosim -tool=xsim 
INFO: [HLS 200-1464] Running solution command: config_cosim -tool=xsim
Execute     config_cosim -tool=xsim 
Command   open_solution done; 1.216 sec.
Execute   set_part xck26-sfvc784-2LV-c 
INFO: [HLS 200-1510] Running: set_part xck26-sfvc784-2LV-c 
Execute     create_platform xck26-sfvc784-2LV-c -board  
Execute     source C:/Xilinx/Vitis_HLS/2023.1/common/technology/xilinx/common/xilinx.gen 
Execute       source C:/Xilinx/Vitis_HLS/2023.1/common/technology/xilinx/interface/plb46.gen 
Execute       source C:/Xilinx/Vitis_HLS/2023.1/common/technology/xilinx/interface/axi4.gen 
Execute       source C:/Xilinx/Vitis_HLS/2023.1/common/technology/xilinx/interface/nativeAXI4.gen 
Execute         source C:/Xilinx/Vitis_HLS/2023.1/common/technology/xilinx/interface/saxilite.gen 
Execute       source C:/Xilinx/Vitis_HLS/2023.1/common/technology/xilinx/scripts/xilinxcoregen.gen 
Execute       source C:/Xilinx/Vitis_HLS/2023.1/common/technology/xilinx/interface/XilEDKCoreGen.gen 
Execute       source C:/Xilinx/Vitis_HLS/2023.1/common/technology/xilinx/ip/dds_compiler.gen 
Execute       source C:/Xilinx/Vitis_HLS/2023.1/common/technology/xilinx/ip/util.gen 
Execute       source C:/Xilinx/Vitis_HLS/2023.1/common/technology/xilinx/ip/xfft.gen 
Execute       source C:/Xilinx/Vitis_HLS/2023.1/common/technology/xilinx/ip/xfir.gen 
Execute       source C:/Xilinx/Vitis_HLS/2023.1/common/technology/xilinx/DSP48/dsp48.gen 
Execute     ap_part_info -name xck26-sfvc784-2LV-c -data info 
Execute     config_compile -quiet -complex-mul-dsp=0 
Command   set_part done; 0.127 sec.
Execute   create_clock -period 10 -name default 
INFO: [HLS 200-1510] Running: create_clock -period 10 -name default 
Execute   config_cosim -enable_dataflow_profiling -tool xsim 
INFO: [HLS 200-1510] Running: config_cosim -enable_dataflow_profiling -tool xsim 
Execute   source ./srcnn_hls/solution1/directives.tcl 
INFO: [HLS 200-1510] Running: source ./srcnn_hls/solution1/directives.tcl
Execute     set_directive_top -name srcnn srcnn 
INFO: [HLS 200-1510] Running: set_directive_top -name srcnn srcnn 
Execute   csynth_design 
INFO: [HLS 200-1510] Running: csynth_design 
INFO-FLOW: Running SLX 'csynth' proc: ::SLX::run_csynth
Execute     elaborate -effort=medium -skip_syncheck=0 -keep_printf=0 -skip_cdt=0 -skip_transform=0 -ng=0 -g=0 -opt_fp=0 -from_csynth_design=1 
INFO: [HLS 200-111] Finished File checks and directory preparation: CPU user time: 0 seconds. CPU system time: 0 seconds. Elapsed time: 0.219 seconds; current allocated memory: 96.449 MB.
Execute       set_directive_top srcnn -name=srcnn 
Execute       source C:/Xilinx/Vitis_HLS/2023.1/tps/tcl/tcllib1.11.1/yaml/huddle.tcl 
Execute       source C:/Xilinx/Vitis_HLS/2023.1/tps/tcl/tcllib1.11.1/yaml/json2huddle.tcl 
Execute         source C:/Xilinx/Vitis_HLS/2023.1/tps/tcl/tcllib1.11.1/try/try.tcl 
INFO: [HLS 200-10] Analyzing design file 'src/conv1.cpp' ... 
INFO-FLOW: Compiling one TU...
INFO-FLOW: Handling src/conv1.cpp as C++
Execute       ap_part_info -name xck26-sfvc784-2LV-c -data info 
INFO-FLOW: Running: GCC PP 39
INFO-FLOW: Source preprocessing
INFO-FLOW: run_clang exec: C:/Xilinx/Vitis_HLS/2023.1/win64/tools/clang-3.9-csynth/bin/clang src/conv1.cpp -foptimization-record-file=C:/Xilinx/golden/srcnn_hls/solution1/.autopilot/db/conv1.cpp.clang.diag.yml -mllvm -pass-remarks-missed=reflow|pasta|unroll -mllvm -pass-remarks=reflow|pasta|unroll|inline -fno-limit-debug-info --sysroot C:/Xilinx/Vitis_HLS/2023.1/tps/mingw/8.3.0/win64.o/nt -fhls -fno-exceptions -insert-hls-directive=C:/Xilinx/golden/srcnn_hls/solution1/.autopilot/db/all.directive.json -E -fno-math-errno -c -emit-llvm -mllvm -disable-llvm-optzns -Werror=implicit-function-declaration -Werror=implicit-hls-streams -Werror=return-type -Wpragmas -Wunused-parameter -Wdump-hls-pragmas -Wno-error=dump-hls-pragmas -fno-threadsafe-statics -fno-use-cxa-atexit -std=gnu++14 -target fpga64-xilinx-mingw32 -fno-threadsafe-statics -fno-use-cxa-atexit -D__VITIS_HLS__ -DAESL_SYN -D__SYNTHESIS__ -D__HLS_SYN__ -I C:/Xilinx/Vitis_HLS/2023.1/common/technology/autopilot -I C:/Xilinx/Vitis_HLS/2023.1/common/technology/autopilot/ap_sysc -include etc/autopilot_ssdm_op.h -D__DSP48E2__ -I /usr/include/x86_64-linux-gnu -o C:/Xilinx/golden/srcnn_hls/solution1/.autopilot/db/conv1.pp.0.cpp {-hls-platform-db-name=C:/Xilinx/Vitis_HLS/2023.1/common/technology\xilinx/common/platform.db} -hls-platform-name=zynquplus_medium -device-resource-info=BRAM_288.000000_DSP_1248.000000_FF_234240.000000_LUT_117120.000000_SLICE_14640.000000_URAM_64.000000 -device-name-info=xck26-sfvc784-2LV-c > C:/Xilinx/golden/srcnn_hls/solution1/.autopilot/db/conv1.cpp.clang.out.log 2> C:/Xilinx/golden/srcnn_hls/solution1/.autopilot/db/conv1.cpp.clang.err.log
INFO-FLOW: Done: GCC PP 39 time: 0.4 seconds per iteration
INFO-FLOW: Source syntax check for synthesis
INFO-FLOW: run_clang exec: C:/Xilinx/Vitis_HLS/2023.1/win64/tools/clang-3.9-csynth/bin/clang -foptimization-record-file=C:/Xilinx/golden/srcnn_hls/solution1/.autopilot/db/clang.diag.yml -mllvm -pass-remarks-missed=reflow|pasta|unroll -mllvm -pass-remarks=reflow|pasta|unroll|inline -fsyntax-only -fhls -target fpga64-xilinx-linux-gnu C:/Xilinx/golden/srcnn_hls/solution1/.autopilot/db/conv1.pp.0.cpp {-hls-platform-db-name=C:/Xilinx/Vitis_HLS/2023.1/common/technology\xilinx/common/platform.db} -hls-platform-name=zynquplus_medium -device-resource-info=BRAM_288.000000_DSP_1248.000000_FF_234240.000000_LUT_117120.000000_SLICE_14640.000000_URAM_64.000000 -device-name-info=xck26-sfvc784-2LV-c > C:/Xilinx/golden/srcnn_hls/solution1/.autopilot/db/clang.out.log 2> C:/Xilinx/golden/srcnn_hls/solution1/.autopilot/db/clang.err.log
Execute       clang_tidy xilinx-systemc-detector -desc systemc-detector C:/Xilinx/golden/srcnn_hls/solution1/.autopilot/db/conv1.pp.0.cpp std=gnu++14 -target fpga  -directive=C:/Xilinx/golden/srcnn_hls/solution1/.autopilot/db/.systemc_flag 
INFO-FLOW: exec C:/Xilinx/Vitis_HLS/2023.1/win64/tools/clang-3.9-csynth/bin/clang-tidy -header-filter=.* --checks=-*,xilinx-systemc-detector -import-directive=C:/Xilinx/golden/srcnn_hls/solution1/.autopilot/db/.systemc_flag -fix-errors C:/Xilinx/golden/srcnn_hls/solution1/.autopilot/db/conv1.pp.0.cpp -- -std=gnu++14 -target fpga -fhls -ferror-limit=0
INFO-FLOW: Running: clang-tidy CDT preprocess 39
Execute       clang_tidy xilinx-directive2pragma -desc directive2pragma C:/Xilinx/golden/srcnn_hls/solution1/.autopilot/db/conv1.pp.0.cpp std=gnu++14 -target fpga  -directive=C:/Xilinx/golden/srcnn_hls/solution1/.autopilot/db/all.directive.json 
INFO-FLOW: exec C:/Xilinx/Vitis_HLS/2023.1/win64/tools/clang-3.9-csynth/bin/clang-tidy -header-filter=.* --checks=-*,xilinx-directive2pragma -import-directive=C:/Xilinx/golden/srcnn_hls/solution1/.autopilot/db/all.directive.json -fix-errors C:/Xilinx/golden/srcnn_hls/solution1/.autopilot/db/conv1.pp.0.cpp -- -std=gnu++14 -target fpga -fhls -ferror-limit=0
INFO-FLOW: Done: clang-tidy CDT preprocess 39 time: 0 seconds per iteration
INFO-FLOW: Calling xilinx-label-all-loops ... 
INFO-FLOW: Calling xilinx-aggregate-on-hls-vector ... 
Execute       clang_tidy -errorcheck -desc loop-label xilinx-label-all-loops,xilinx-aggregate-on-hls-vector,,xilinx-warn-mayneed-no-ctor-attribute C:/Xilinx/golden/srcnn_hls/solution1/.autopilot/db/conv1.pp.0.cpp std=gnu++14 -target fpga  
INFO-FLOW: run_clang exec: C:/Xilinx/Vitis_HLS/2023.1/win64/tools/clang-3.9-csynth/bin/clang-tidy -export-fixes=C:/Xilinx/golden/srcnn_hls/solution1/.autopilot/db/conv1.pp.0.cpp.clang-tidy.loop-label.diag.yml -header-filter=.* --checks=-*,xilinx-label-all-loops,xilinx-aggregate-on-hls-vector,,xilinx-warn-mayneed-no-ctor-attribute -fix-errors C:/Xilinx/golden/srcnn_hls/solution1/.autopilot/db/conv1.pp.0.cpp -- -std=gnu++14 -target fpga -fhls -ferror-limit=0 > C:/Xilinx/golden/srcnn_hls/solution1/.autopilot/db/conv1.pp.0.cpp.clang-tidy.loop-label.out.log 2> C:/Xilinx/golden/srcnn_hls/solution1/.autopilot/db/conv1.pp.0.cpp.clang-tidy.loop-label.err.log
Execute         source C:/Xilinx/Vitis_HLS/2023.1/tps/tcl/tcllib1.11.1/yaml/yaml.tcl 
Command       clang_tidy done; 0.22 sec.
INFO-FLOW: run_clang exec: C:/Xilinx/Vitis_HLS/2023.1/win64/tools/clang-3.9-csynth/bin/xilinx-dataflow-lawyer -export-fixes=C:/Xilinx/golden/srcnn_hls/solution1/.autopilot/db/conv1.pp.0.cpp.xilinx-dataflow-lawyer.diag.yml C:/Xilinx/golden/srcnn_hls/solution1/.autopilot/db/conv1.pp.0.cpp -- -std=gnu++14 -target fpga -fhls -ferror-limit=0 -fstrict-dataflow > C:/Xilinx/golden/srcnn_hls/solution1/.autopilot/db/conv1.pp.0.cpp.xilinx-dataflow-lawyer.out.log 2> C:/Xilinx/golden/srcnn_hls/solution1/.autopilot/db/conv1.pp.0.cpp.xilinx-dataflow-lawyer.err.log
Execute       ap_part_info -name xck26-sfvc784-2LV-c -data info 
INFO-FLOW: compiling source code to llvm bc
INFO-FLOW: run_clang exec: C:/Xilinx/Vitis_HLS/2023.1/win64/tools/clang-3.9-csynth/bin/clang -foptimization-record-file=C:/Xilinx/golden/srcnn_hls/solution1/.autopilot/db/conv1.pp.0.cpp.clang.diag.yml -mllvm -pass-remarks-missed=reflow|pasta|unroll -mllvm -pass-remarks=reflow|pasta|unroll|inline -fno-limit-debug-info -fhls -flto -fno-exceptions -Wno-error=c++11-narrowing C:/Xilinx/golden/srcnn_hls/solution1/.autopilot/db/conv1.pp.0.cpp -fno-math-errno -c -emit-llvm -mllvm -disable-llvm-optzns -Werror=implicit-function-declaration -Werror=implicit-hls-streams -Werror=return-type -Wpragmas -Wunused-parameter -Wdump-hls-pragmas -Wno-error=dump-hls-pragmas -fno-threadsafe-statics -fno-use-cxa-atexit -std=gnu++14 -target fpga64-xilinx-linux-gnu -D__VITIS_HLS__ -DAESL_SYN -D__SYNTHESIS__ -D__HLS_SYN__ -I C:/Xilinx/Vitis_HLS/2023.1/common/technology/autopilot -I C:/Xilinx/Vitis_HLS/2023.1/common/technology/autopilot/ap_sysc -include etc/autopilot_ssdm_op.h -D__DSP48E2__ -g -o C:/Xilinx/golden/srcnn_hls/solution1/.autopilot/db/conv1.bc {-hls-platform-db-name=C:/Xilinx/Vitis_HLS/2023.1/common/technology\xilinx/common/platform.db} -hls-platform-name=zynquplus_medium -device-resource-info=BRAM_288.000000_DSP_1248.000000_FF_234240.000000_LUT_117120.000000_SLICE_14640.000000_URAM_64.000000 -device-name-info=xck26-sfvc784-2LV-c > C:/Xilinx/golden/srcnn_hls/solution1/.autopilot/db/conv1.pp.0.cpp.clang.out.log 2> C:/Xilinx/golden/srcnn_hls/solution1/.autopilot/db/conv1.pp.0.cpp.clang.err.log
INFO: [HLS 200-10] Analyzing design file 'src/conv2.cpp' ... 
INFO-FLOW: Compiling one TU...
INFO-FLOW: Handling src/conv2.cpp as C++
Execute       ap_part_info -name xck26-sfvc784-2LV-c -data info 
INFO-FLOW: Running: GCC PP 39
INFO-FLOW: Source preprocessing
INFO-FLOW: run_clang exec: C:/Xilinx/Vitis_HLS/2023.1/win64/tools/clang-3.9-csynth/bin/clang src/conv2.cpp -foptimization-record-file=C:/Xilinx/golden/srcnn_hls/solution1/.autopilot/db/conv2.cpp.clang.diag.yml -mllvm -pass-remarks-missed=reflow|pasta|unroll -mllvm -pass-remarks=reflow|pasta|unroll|inline -fno-limit-debug-info --sysroot C:/Xilinx/Vitis_HLS/2023.1/tps/mingw/8.3.0/win64.o/nt -fhls -fno-exceptions -insert-hls-directive=C:/Xilinx/golden/srcnn_hls/solution1/.autopilot/db/all.directive.json -E -fno-math-errno -c -emit-llvm -mllvm -disable-llvm-optzns -Werror=implicit-function-declaration -Werror=implicit-hls-streams -Werror=return-type -Wpragmas -Wunused-parameter -Wdump-hls-pragmas -Wno-error=dump-hls-pragmas -fno-threadsafe-statics -fno-use-cxa-atexit -std=gnu++14 -target fpga64-xilinx-mingw32 -fno-threadsafe-statics -fno-use-cxa-atexit -D__VITIS_HLS__ -DAESL_SYN -D__SYNTHESIS__ -D__HLS_SYN__ -I C:/Xilinx/Vitis_HLS/2023.1/common/technology/autopilot -I C:/Xilinx/Vitis_HLS/2023.1/common/technology/autopilot/ap_sysc -include etc/autopilot_ssdm_op.h -D__DSP48E2__ -I /usr/include/x86_64-linux-gnu -o C:/Xilinx/golden/srcnn_hls/solution1/.autopilot/db/conv2.pp.0.cpp {-hls-platform-db-name=C:/Xilinx/Vitis_HLS/2023.1/common/technology\xilinx/common/platform.db} -hls-platform-name=zynquplus_medium -device-resource-info=BRAM_288.000000_DSP_1248.000000_FF_234240.000000_LUT_117120.000000_SLICE_14640.000000_URAM_64.000000 -device-name-info=xck26-sfvc784-2LV-c > C:/Xilinx/golden/srcnn_hls/solution1/.autopilot/db/conv2.cpp.clang.out.log 2> C:/Xilinx/golden/srcnn_hls/solution1/.autopilot/db/conv2.cpp.clang.err.log
INFO-FLOW: Done: GCC PP 39 time: 0.3 seconds per iteration
INFO-FLOW: Source syntax check for synthesis
INFO-FLOW: run_clang exec: C:/Xilinx/Vitis_HLS/2023.1/win64/tools/clang-3.9-csynth/bin/clang -foptimization-record-file=C:/Xilinx/golden/srcnn_hls/solution1/.autopilot/db/clang.diag.yml -mllvm -pass-remarks-missed=reflow|pasta|unroll -mllvm -pass-remarks=reflow|pasta|unroll|inline -fsyntax-only -fhls -target fpga64-xilinx-linux-gnu C:/Xilinx/golden/srcnn_hls/solution1/.autopilot/db/conv2.pp.0.cpp {-hls-platform-db-name=C:/Xilinx/Vitis_HLS/2023.1/common/technology\xilinx/common/platform.db} -hls-platform-name=zynquplus_medium -device-resource-info=BRAM_288.000000_DSP_1248.000000_FF_234240.000000_LUT_117120.000000_SLICE_14640.000000_URAM_64.000000 -device-name-info=xck26-sfvc784-2LV-c > C:/Xilinx/golden/srcnn_hls/solution1/.autopilot/db/clang.out.log 2> C:/Xilinx/golden/srcnn_hls/solution1/.autopilot/db/clang.err.log
Execute       clang_tidy xilinx-systemc-detector -desc systemc-detector C:/Xilinx/golden/srcnn_hls/solution1/.autopilot/db/conv2.pp.0.cpp std=gnu++14 -target fpga  -directive=C:/Xilinx/golden/srcnn_hls/solution1/.autopilot/db/.systemc_flag 
INFO-FLOW: exec C:/Xilinx/Vitis_HLS/2023.1/win64/tools/clang-3.9-csynth/bin/clang-tidy -header-filter=.* --checks=-*,xilinx-systemc-detector -import-directive=C:/Xilinx/golden/srcnn_hls/solution1/.autopilot/db/.systemc_flag -fix-errors C:/Xilinx/golden/srcnn_hls/solution1/.autopilot/db/conv2.pp.0.cpp -- -std=gnu++14 -target fpga -fhls -ferror-limit=0
INFO-FLOW: Running: clang-tidy CDT preprocess 39
Execute       clang_tidy xilinx-directive2pragma -desc directive2pragma C:/Xilinx/golden/srcnn_hls/solution1/.autopilot/db/conv2.pp.0.cpp std=gnu++14 -target fpga  -directive=C:/Xilinx/golden/srcnn_hls/solution1/.autopilot/db/all.directive.json 
INFO-FLOW: exec C:/Xilinx/Vitis_HLS/2023.1/win64/tools/clang-3.9-csynth/bin/clang-tidy -header-filter=.* --checks=-*,xilinx-directive2pragma -import-directive=C:/Xilinx/golden/srcnn_hls/solution1/.autopilot/db/all.directive.json -fix-errors C:/Xilinx/golden/srcnn_hls/solution1/.autopilot/db/conv2.pp.0.cpp -- -std=gnu++14 -target fpga -fhls -ferror-limit=0
INFO-FLOW: Done: clang-tidy CDT preprocess 39 time: 0.1 seconds per iteration
INFO-FLOW: Calling xilinx-label-all-loops ... 
INFO-FLOW: Calling xilinx-aggregate-on-hls-vector ... 
Execute       clang_tidy -errorcheck -desc loop-label xilinx-label-all-loops,xilinx-aggregate-on-hls-vector,,xilinx-warn-mayneed-no-ctor-attribute C:/Xilinx/golden/srcnn_hls/solution1/.autopilot/db/conv2.pp.0.cpp std=gnu++14 -target fpga  
INFO-FLOW: run_clang exec: C:/Xilinx/Vitis_HLS/2023.1/win64/tools/clang-3.9-csynth/bin/clang-tidy -export-fixes=C:/Xilinx/golden/srcnn_hls/solution1/.autopilot/db/conv2.pp.0.cpp.clang-tidy.loop-label.diag.yml -header-filter=.* --checks=-*,xilinx-label-all-loops,xilinx-aggregate-on-hls-vector,,xilinx-warn-mayneed-no-ctor-attribute -fix-errors C:/Xilinx/golden/srcnn_hls/solution1/.autopilot/db/conv2.pp.0.cpp -- -std=gnu++14 -target fpga -fhls -ferror-limit=0 > C:/Xilinx/golden/srcnn_hls/solution1/.autopilot/db/conv2.pp.0.cpp.clang-tidy.loop-label.out.log 2> C:/Xilinx/golden/srcnn_hls/solution1/.autopilot/db/conv2.pp.0.cpp.clang-tidy.loop-label.err.log
Command       clang_tidy done; 0.199 sec.
INFO-FLOW: run_clang exec: C:/Xilinx/Vitis_HLS/2023.1/win64/tools/clang-3.9-csynth/bin/xilinx-dataflow-lawyer -export-fixes=C:/Xilinx/golden/srcnn_hls/solution1/.autopilot/db/conv2.pp.0.cpp.xilinx-dataflow-lawyer.diag.yml C:/Xilinx/golden/srcnn_hls/solution1/.autopilot/db/conv2.pp.0.cpp -- -std=gnu++14 -target fpga -fhls -ferror-limit=0 -fstrict-dataflow > C:/Xilinx/golden/srcnn_hls/solution1/.autopilot/db/conv2.pp.0.cpp.xilinx-dataflow-lawyer.out.log 2> C:/Xilinx/golden/srcnn_hls/solution1/.autopilot/db/conv2.pp.0.cpp.xilinx-dataflow-lawyer.err.log
Execute       ap_part_info -name xck26-sfvc784-2LV-c -data info 
INFO-FLOW: compiling source code to llvm bc
INFO-FLOW: run_clang exec: C:/Xilinx/Vitis_HLS/2023.1/win64/tools/clang-3.9-csynth/bin/clang -foptimization-record-file=C:/Xilinx/golden/srcnn_hls/solution1/.autopilot/db/conv2.pp.0.cpp.clang.diag.yml -mllvm -pass-remarks-missed=reflow|pasta|unroll -mllvm -pass-remarks=reflow|pasta|unroll|inline -fno-limit-debug-info -fhls -flto -fno-exceptions -Wno-error=c++11-narrowing C:/Xilinx/golden/srcnn_hls/solution1/.autopilot/db/conv2.pp.0.cpp -fno-math-errno -c -emit-llvm -mllvm -disable-llvm-optzns -Werror=implicit-function-declaration -Werror=implicit-hls-streams -Werror=return-type -Wpragmas -Wunused-parameter -Wdump-hls-pragmas -Wno-error=dump-hls-pragmas -fno-threadsafe-statics -fno-use-cxa-atexit -std=gnu++14 -target fpga64-xilinx-linux-gnu -D__VITIS_HLS__ -DAESL_SYN -D__SYNTHESIS__ -D__HLS_SYN__ -I C:/Xilinx/Vitis_HLS/2023.1/common/technology/autopilot -I C:/Xilinx/Vitis_HLS/2023.1/common/technology/autopilot/ap_sysc -include etc/autopilot_ssdm_op.h -D__DSP48E2__ -g -o C:/Xilinx/golden/srcnn_hls/solution1/.autopilot/db/conv2.bc {-hls-platform-db-name=C:/Xilinx/Vitis_HLS/2023.1/common/technology\xilinx/common/platform.db} -hls-platform-name=zynquplus_medium -device-resource-info=BRAM_288.000000_DSP_1248.000000_FF_234240.000000_LUT_117120.000000_SLICE_14640.000000_URAM_64.000000 -device-name-info=xck26-sfvc784-2LV-c > C:/Xilinx/golden/srcnn_hls/solution1/.autopilot/db/conv2.pp.0.cpp.clang.out.log 2> C:/Xilinx/golden/srcnn_hls/solution1/.autopilot/db/conv2.pp.0.cpp.clang.err.log
INFO: [HLS 200-10] Analyzing design file 'src/conv3.cpp' ... 
INFO-FLOW: Compiling one TU...
INFO-FLOW: Handling src/conv3.cpp as C++
Execute       ap_part_info -name xck26-sfvc784-2LV-c -data info 
INFO-FLOW: Running: GCC PP 39
INFO-FLOW: Source preprocessing
INFO-FLOW: run_clang exec: C:/Xilinx/Vitis_HLS/2023.1/win64/tools/clang-3.9-csynth/bin/clang src/conv3.cpp -foptimization-record-file=C:/Xilinx/golden/srcnn_hls/solution1/.autopilot/db/conv3.cpp.clang.diag.yml -mllvm -pass-remarks-missed=reflow|pasta|unroll -mllvm -pass-remarks=reflow|pasta|unroll|inline -fno-limit-debug-info --sysroot C:/Xilinx/Vitis_HLS/2023.1/tps/mingw/8.3.0/win64.o/nt -fhls -fno-exceptions -insert-hls-directive=C:/Xilinx/golden/srcnn_hls/solution1/.autopilot/db/all.directive.json -E -fno-math-errno -c -emit-llvm -mllvm -disable-llvm-optzns -Werror=implicit-function-declaration -Werror=implicit-hls-streams -Werror=return-type -Wpragmas -Wunused-parameter -Wdump-hls-pragmas -Wno-error=dump-hls-pragmas -fno-threadsafe-statics -fno-use-cxa-atexit -std=gnu++14 -target fpga64-xilinx-mingw32 -fno-threadsafe-statics -fno-use-cxa-atexit -D__VITIS_HLS__ -DAESL_SYN -D__SYNTHESIS__ -D__HLS_SYN__ -I C:/Xilinx/Vitis_HLS/2023.1/common/technology/autopilot -I C:/Xilinx/Vitis_HLS/2023.1/common/technology/autopilot/ap_sysc -include etc/autopilot_ssdm_op.h -D__DSP48E2__ -I /usr/include/x86_64-linux-gnu -o C:/Xilinx/golden/srcnn_hls/solution1/.autopilot/db/conv3.pp.0.cpp {-hls-platform-db-name=C:/Xilinx/Vitis_HLS/2023.1/common/technology\xilinx/common/platform.db} -hls-platform-name=zynquplus_medium -device-resource-info=BRAM_288.000000_DSP_1248.000000_FF_234240.000000_LUT_117120.000000_SLICE_14640.000000_URAM_64.000000 -device-name-info=xck26-sfvc784-2LV-c > C:/Xilinx/golden/srcnn_hls/solution1/.autopilot/db/conv3.cpp.clang.out.log 2> C:/Xilinx/golden/srcnn_hls/solution1/.autopilot/db/conv3.cpp.clang.err.log
INFO-FLOW: Done: GCC PP 39 time: 0.2 seconds per iteration
INFO-FLOW: Source syntax check for synthesis
INFO-FLOW: run_clang exec: C:/Xilinx/Vitis_HLS/2023.1/win64/tools/clang-3.9-csynth/bin/clang -foptimization-record-file=C:/Xilinx/golden/srcnn_hls/solution1/.autopilot/db/clang.diag.yml -mllvm -pass-remarks-missed=reflow|pasta|unroll -mllvm -pass-remarks=reflow|pasta|unroll|inline -fsyntax-only -fhls -target fpga64-xilinx-linux-gnu C:/Xilinx/golden/srcnn_hls/solution1/.autopilot/db/conv3.pp.0.cpp {-hls-platform-db-name=C:/Xilinx/Vitis_HLS/2023.1/common/technology\xilinx/common/platform.db} -hls-platform-name=zynquplus_medium -device-resource-info=BRAM_288.000000_DSP_1248.000000_FF_234240.000000_LUT_117120.000000_SLICE_14640.000000_URAM_64.000000 -device-name-info=xck26-sfvc784-2LV-c > C:/Xilinx/golden/srcnn_hls/solution1/.autopilot/db/clang.out.log 2> C:/Xilinx/golden/srcnn_hls/solution1/.autopilot/db/clang.err.log
Execute       clang_tidy xilinx-systemc-detector -desc systemc-detector C:/Xilinx/golden/srcnn_hls/solution1/.autopilot/db/conv3.pp.0.cpp std=gnu++14 -target fpga  -directive=C:/Xilinx/golden/srcnn_hls/solution1/.autopilot/db/.systemc_flag 
INFO-FLOW: exec C:/Xilinx/Vitis_HLS/2023.1/win64/tools/clang-3.9-csynth/bin/clang-tidy -header-filter=.* --checks=-*,xilinx-systemc-detector -import-directive=C:/Xilinx/golden/srcnn_hls/solution1/.autopilot/db/.systemc_flag -fix-errors C:/Xilinx/golden/srcnn_hls/solution1/.autopilot/db/conv3.pp.0.cpp -- -std=gnu++14 -target fpga -fhls -ferror-limit=0
INFO-FLOW: Running: clang-tidy CDT preprocess 39
Execute       clang_tidy xilinx-directive2pragma -desc directive2pragma C:/Xilinx/golden/srcnn_hls/solution1/.autopilot/db/conv3.pp.0.cpp std=gnu++14 -target fpga  -directive=C:/Xilinx/golden/srcnn_hls/solution1/.autopilot/db/all.directive.json 
INFO-FLOW: exec C:/Xilinx/Vitis_HLS/2023.1/win64/tools/clang-3.9-csynth/bin/clang-tidy -header-filter=.* --checks=-*,xilinx-directive2pragma -import-directive=C:/Xilinx/golden/srcnn_hls/solution1/.autopilot/db/all.directive.json -fix-errors C:/Xilinx/golden/srcnn_hls/solution1/.autopilot/db/conv3.pp.0.cpp -- -std=gnu++14 -target fpga -fhls -ferror-limit=0
INFO-FLOW: Done: clang-tidy CDT preprocess 39 time: 0.1 seconds per iteration
INFO-FLOW: Calling xilinx-label-all-loops ... 
INFO-FLOW: Calling xilinx-aggregate-on-hls-vector ... 
Execute       clang_tidy -errorcheck -desc loop-label xilinx-label-all-loops,xilinx-aggregate-on-hls-vector,,xilinx-warn-mayneed-no-ctor-attribute C:/Xilinx/golden/srcnn_hls/solution1/.autopilot/db/conv3.pp.0.cpp std=gnu++14 -target fpga  
INFO-FLOW: run_clang exec: C:/Xilinx/Vitis_HLS/2023.1/win64/tools/clang-3.9-csynth/bin/clang-tidy -export-fixes=C:/Xilinx/golden/srcnn_hls/solution1/.autopilot/db/conv3.pp.0.cpp.clang-tidy.loop-label.diag.yml -header-filter=.* --checks=-*,xilinx-label-all-loops,xilinx-aggregate-on-hls-vector,,xilinx-warn-mayneed-no-ctor-attribute -fix-errors C:/Xilinx/golden/srcnn_hls/solution1/.autopilot/db/conv3.pp.0.cpp -- -std=gnu++14 -target fpga -fhls -ferror-limit=0 > C:/Xilinx/golden/srcnn_hls/solution1/.autopilot/db/conv3.pp.0.cpp.clang-tidy.loop-label.out.log 2> C:/Xilinx/golden/srcnn_hls/solution1/.autopilot/db/conv3.pp.0.cpp.clang-tidy.loop-label.err.log
Command       clang_tidy done; 0.206 sec.
INFO-FLOW: run_clang exec: C:/Xilinx/Vitis_HLS/2023.1/win64/tools/clang-3.9-csynth/bin/xilinx-dataflow-lawyer -export-fixes=C:/Xilinx/golden/srcnn_hls/solution1/.autopilot/db/conv3.pp.0.cpp.xilinx-dataflow-lawyer.diag.yml C:/Xilinx/golden/srcnn_hls/solution1/.autopilot/db/conv3.pp.0.cpp -- -std=gnu++14 -target fpga -fhls -ferror-limit=0 -fstrict-dataflow > C:/Xilinx/golden/srcnn_hls/solution1/.autopilot/db/conv3.pp.0.cpp.xilinx-dataflow-lawyer.out.log 2> C:/Xilinx/golden/srcnn_hls/solution1/.autopilot/db/conv3.pp.0.cpp.xilinx-dataflow-lawyer.err.log
Execute       ap_part_info -name xck26-sfvc784-2LV-c -data info 
INFO-FLOW: compiling source code to llvm bc
INFO-FLOW: run_clang exec: C:/Xilinx/Vitis_HLS/2023.1/win64/tools/clang-3.9-csynth/bin/clang -foptimization-record-file=C:/Xilinx/golden/srcnn_hls/solution1/.autopilot/db/conv3.pp.0.cpp.clang.diag.yml -mllvm -pass-remarks-missed=reflow|pasta|unroll -mllvm -pass-remarks=reflow|pasta|unroll|inline -fno-limit-debug-info -fhls -flto -fno-exceptions -Wno-error=c++11-narrowing C:/Xilinx/golden/srcnn_hls/solution1/.autopilot/db/conv3.pp.0.cpp -fno-math-errno -c -emit-llvm -mllvm -disable-llvm-optzns -Werror=implicit-function-declaration -Werror=implicit-hls-streams -Werror=return-type -Wpragmas -Wunused-parameter -Wdump-hls-pragmas -Wno-error=dump-hls-pragmas -fno-threadsafe-statics -fno-use-cxa-atexit -std=gnu++14 -target fpga64-xilinx-linux-gnu -D__VITIS_HLS__ -DAESL_SYN -D__SYNTHESIS__ -D__HLS_SYN__ -I C:/Xilinx/Vitis_HLS/2023.1/common/technology/autopilot -I C:/Xilinx/Vitis_HLS/2023.1/common/technology/autopilot/ap_sysc -include etc/autopilot_ssdm_op.h -D__DSP48E2__ -g -o C:/Xilinx/golden/srcnn_hls/solution1/.autopilot/db/conv3.bc {-hls-platform-db-name=C:/Xilinx/Vitis_HLS/2023.1/common/technology\xilinx/common/platform.db} -hls-platform-name=zynquplus_medium -device-resource-info=BRAM_288.000000_DSP_1248.000000_FF_234240.000000_LUT_117120.000000_SLICE_14640.000000_URAM_64.000000 -device-name-info=xck26-sfvc784-2LV-c > C:/Xilinx/golden/srcnn_hls/solution1/.autopilot/db/conv3.pp.0.cpp.clang.out.log 2> C:/Xilinx/golden/srcnn_hls/solution1/.autopilot/db/conv3.pp.0.cpp.clang.err.log
INFO: [HLS 200-10] Analyzing design file 'src/srcnn.cpp' ... 
INFO-FLOW: Compiling one TU...
INFO-FLOW: Handling src/srcnn.cpp as C++
Execute       ap_part_info -name xck26-sfvc784-2LV-c -data info 
INFO-FLOW: Running: GCC PP 39
INFO-FLOW: Source preprocessing
INFO-FLOW: run_clang exec: C:/Xilinx/Vitis_HLS/2023.1/win64/tools/clang-3.9-csynth/bin/clang src/srcnn.cpp -foptimization-record-file=C:/Xilinx/golden/srcnn_hls/solution1/.autopilot/db/srcnn.cpp.clang.diag.yml -mllvm -pass-remarks-missed=reflow|pasta|unroll -mllvm -pass-remarks=reflow|pasta|unroll|inline -fno-limit-debug-info --sysroot C:/Xilinx/Vitis_HLS/2023.1/tps/mingw/8.3.0/win64.o/nt -fhls -fno-exceptions -insert-hls-directive=C:/Xilinx/golden/srcnn_hls/solution1/.autopilot/db/all.directive.json -E -fno-math-errno -c -emit-llvm -mllvm -disable-llvm-optzns -Werror=implicit-function-declaration -Werror=implicit-hls-streams -Werror=return-type -Wpragmas -Wunused-parameter -Wdump-hls-pragmas -Wno-error=dump-hls-pragmas -fno-threadsafe-statics -fno-use-cxa-atexit -std=gnu++14 -target fpga64-xilinx-mingw32 -fno-threadsafe-statics -fno-use-cxa-atexit -D__VITIS_HLS__ -DAESL_SYN -D__SYNTHESIS__ -D__HLS_SYN__ -I C:/Xilinx/Vitis_HLS/2023.1/common/technology/autopilot -I C:/Xilinx/Vitis_HLS/2023.1/common/technology/autopilot/ap_sysc -include etc/autopilot_ssdm_op.h -D__DSP48E2__ -I /usr/include/x86_64-linux-gnu -o C:/Xilinx/golden/srcnn_hls/solution1/.autopilot/db/srcnn.pp.0.cpp {-hls-platform-db-name=C:/Xilinx/Vitis_HLS/2023.1/common/technology\xilinx/common/platform.db} -hls-platform-name=zynquplus_medium -device-resource-info=BRAM_288.000000_DSP_1248.000000_FF_234240.000000_LUT_117120.000000_SLICE_14640.000000_URAM_64.000000 -device-name-info=xck26-sfvc784-2LV-c > C:/Xilinx/golden/srcnn_hls/solution1/.autopilot/db/srcnn.cpp.clang.out.log 2> C:/Xilinx/golden/srcnn_hls/solution1/.autopilot/db/srcnn.cpp.clang.err.log
INFO-FLOW: Done: GCC PP 39 time: 0.3 seconds per iteration
INFO-FLOW: Source syntax check for synthesis
INFO-FLOW: run_clang exec: C:/Xilinx/Vitis_HLS/2023.1/win64/tools/clang-3.9-csynth/bin/clang -foptimization-record-file=C:/Xilinx/golden/srcnn_hls/solution1/.autopilot/db/clang.diag.yml -mllvm -pass-remarks-missed=reflow|pasta|unroll -mllvm -pass-remarks=reflow|pasta|unroll|inline -fsyntax-only -fhls -target fpga64-xilinx-linux-gnu C:/Xilinx/golden/srcnn_hls/solution1/.autopilot/db/srcnn.pp.0.cpp {-hls-platform-db-name=C:/Xilinx/Vitis_HLS/2023.1/common/technology\xilinx/common/platform.db} -hls-platform-name=zynquplus_medium -device-resource-info=BRAM_288.000000_DSP_1248.000000_FF_234240.000000_LUT_117120.000000_SLICE_14640.000000_URAM_64.000000 -device-name-info=xck26-sfvc784-2LV-c > C:/Xilinx/golden/srcnn_hls/solution1/.autopilot/db/clang.out.log 2> C:/Xilinx/golden/srcnn_hls/solution1/.autopilot/db/clang.err.log
Execute       clang_tidy xilinx-systemc-detector -desc systemc-detector C:/Xilinx/golden/srcnn_hls/solution1/.autopilot/db/srcnn.pp.0.cpp std=gnu++14 -target fpga  -directive=C:/Xilinx/golden/srcnn_hls/solution1/.autopilot/db/.systemc_flag 
INFO-FLOW: exec C:/Xilinx/Vitis_HLS/2023.1/win64/tools/clang-3.9-csynth/bin/clang-tidy -header-filter=.* --checks=-*,xilinx-systemc-detector -import-directive=C:/Xilinx/golden/srcnn_hls/solution1/.autopilot/db/.systemc_flag -fix-errors C:/Xilinx/golden/srcnn_hls/solution1/.autopilot/db/srcnn.pp.0.cpp -- -std=gnu++14 -target fpga -fhls -ferror-limit=0
INFO-FLOW: Running: clang-tidy CDT preprocess 39
Execute       clang_tidy xilinx-directive2pragma -desc directive2pragma C:/Xilinx/golden/srcnn_hls/solution1/.autopilot/db/srcnn.pp.0.cpp std=gnu++14 -target fpga  -directive=C:/Xilinx/golden/srcnn_hls/solution1/.autopilot/db/all.directive.json 
INFO-FLOW: exec C:/Xilinx/Vitis_HLS/2023.1/win64/tools/clang-3.9-csynth/bin/clang-tidy -header-filter=.* --checks=-*,xilinx-directive2pragma -import-directive=C:/Xilinx/golden/srcnn_hls/solution1/.autopilot/db/all.directive.json -fix-errors C:/Xilinx/golden/srcnn_hls/solution1/.autopilot/db/srcnn.pp.0.cpp -- -std=gnu++14 -target fpga -fhls -ferror-limit=0
INFO-FLOW: Done: clang-tidy CDT preprocess 39 time: 0.1 seconds per iteration
INFO-FLOW: Calling xilinx-label-all-loops ... 
INFO-FLOW: Calling xilinx-aggregate-on-hls-vector ... 
Execute       clang_tidy -errorcheck -desc loop-label xilinx-label-all-loops,xilinx-aggregate-on-hls-vector,,xilinx-warn-mayneed-no-ctor-attribute C:/Xilinx/golden/srcnn_hls/solution1/.autopilot/db/srcnn.pp.0.cpp std=gnu++14 -target fpga  
INFO-FLOW: run_clang exec: C:/Xilinx/Vitis_HLS/2023.1/win64/tools/clang-3.9-csynth/bin/clang-tidy -export-fixes=C:/Xilinx/golden/srcnn_hls/solution1/.autopilot/db/srcnn.pp.0.cpp.clang-tidy.loop-label.diag.yml -header-filter=.* --checks=-*,xilinx-label-all-loops,xilinx-aggregate-on-hls-vector,,xilinx-warn-mayneed-no-ctor-attribute -fix-errors C:/Xilinx/golden/srcnn_hls/solution1/.autopilot/db/srcnn.pp.0.cpp -- -std=gnu++14 -target fpga -fhls -ferror-limit=0 > C:/Xilinx/golden/srcnn_hls/solution1/.autopilot/db/srcnn.pp.0.cpp.clang-tidy.loop-label.out.log 2> C:/Xilinx/golden/srcnn_hls/solution1/.autopilot/db/srcnn.pp.0.cpp.clang-tidy.loop-label.err.log
INFO-FLOW: run_clang exec: C:/Xilinx/Vitis_HLS/2023.1/win64/tools/clang-3.9-csynth/bin/xilinx-dataflow-lawyer -export-fixes=C:/Xilinx/golden/srcnn_hls/solution1/.autopilot/db/srcnn.pp.0.cpp.xilinx-dataflow-lawyer.diag.yml C:/Xilinx/golden/srcnn_hls/solution1/.autopilot/db/srcnn.pp.0.cpp -- -std=gnu++14 -target fpga -fhls -ferror-limit=0 -fstrict-dataflow > C:/Xilinx/golden/srcnn_hls/solution1/.autopilot/db/srcnn.pp.0.cpp.xilinx-dataflow-lawyer.out.log 2> C:/Xilinx/golden/srcnn_hls/solution1/.autopilot/db/srcnn.pp.0.cpp.xilinx-dataflow-lawyer.err.log
Execute       ap_part_info -name xck26-sfvc784-2LV-c -data info 
INFO-FLOW: compiling source code to llvm bc
INFO-FLOW: run_clang exec: C:/Xilinx/Vitis_HLS/2023.1/win64/tools/clang-3.9-csynth/bin/clang -foptimization-record-file=C:/Xilinx/golden/srcnn_hls/solution1/.autopilot/db/srcnn.pp.0.cpp.clang.diag.yml -mllvm -pass-remarks-missed=reflow|pasta|unroll -mllvm -pass-remarks=reflow|pasta|unroll|inline -fno-limit-debug-info -fhls -flto -fno-exceptions -Wno-error=c++11-narrowing C:/Xilinx/golden/srcnn_hls/solution1/.autopilot/db/srcnn.pp.0.cpp -fno-math-errno -c -emit-llvm -mllvm -disable-llvm-optzns -Werror=implicit-function-declaration -Werror=implicit-hls-streams -Werror=return-type -Wpragmas -Wunused-parameter -Wdump-hls-pragmas -Wno-error=dump-hls-pragmas -fno-threadsafe-statics -fno-use-cxa-atexit -std=gnu++14 -target fpga64-xilinx-linux-gnu -D__VITIS_HLS__ -DAESL_SYN -D__SYNTHESIS__ -D__HLS_SYN__ -I C:/Xilinx/Vitis_HLS/2023.1/common/technology/autopilot -I C:/Xilinx/Vitis_HLS/2023.1/common/technology/autopilot/ap_sysc -include etc/autopilot_ssdm_op.h -D__DSP48E2__ -g -o C:/Xilinx/golden/srcnn_hls/solution1/.autopilot/db/srcnn.bc {-hls-platform-db-name=C:/Xilinx/Vitis_HLS/2023.1/common/technology\xilinx/common/platform.db} -hls-platform-name=zynquplus_medium -device-resource-info=BRAM_288.000000_DSP_1248.000000_FF_234240.000000_LUT_117120.000000_SLICE_14640.000000_URAM_64.000000 -device-name-info=xck26-sfvc784-2LV-c > C:/Xilinx/golden/srcnn_hls/solution1/.autopilot/db/srcnn.pp.0.cpp.clang.out.log 2> C:/Xilinx/golden/srcnn_hls/solution1/.autopilot/db/srcnn.pp.0.cpp.clang.err.log
INFO: [HLS 200-111] Finished Source Code Analysis and Preprocessing: CPU user time: 1 seconds. CPU system time: 0 seconds. Elapsed time: 4.837 seconds; current allocated memory: 99.164 MB.
INFO-FLOW: Linking Debug ...
INFO-FLOW: Linking dut bc code.
Execute       run_link_or_opt -out C:/Xilinx/golden/srcnn_hls/solution1/.autopilot/db/a.g.ld.0.bc -args  "C:/Xilinx/golden/srcnn_hls/solution1/.autopilot/db/conv1.g.bc" "C:/Xilinx/golden/srcnn_hls/solution1/.autopilot/db/conv2.g.bc" "C:/Xilinx/golden/srcnn_hls/solution1/.autopilot/db/conv3.g.bc" "C:/Xilinx/golden/srcnn_hls/solution1/.autopilot/db/srcnn.g.bc"  
INFO-FLOW: run_clang exec: C:/Xilinx/Vitis_HLS/2023.1/win64/tools/clang-3.9-csynth/bin/llvm-link C:/Xilinx/golden/srcnn_hls/solution1/.autopilot/db/conv1.g.bc C:/Xilinx/golden/srcnn_hls/solution1/.autopilot/db/conv2.g.bc C:/Xilinx/golden/srcnn_hls/solution1/.autopilot/db/conv3.g.bc C:/Xilinx/golden/srcnn_hls/solution1/.autopilot/db/srcnn.g.bc -o C:/Xilinx/golden/srcnn_hls/solution1/.autopilot/db/a.g.ld.0.bc > C:/Xilinx/golden/srcnn_hls/solution1/.autopilot/db/a.g.ld.0.bc.llvm-link.out.log 2> C:/Xilinx/golden/srcnn_hls/solution1/.autopilot/db/a.g.ld.0.bc.llvm-link.err.log
INFO-FLOW: 
Command       run_link_or_opt done; 0.11 sec.
Execute       run_link_or_opt -opt -out C:/Xilinx/golden/srcnn_hls/solution1/.autopilot/db/a.g.ld.1.lower.bc -args C:/Xilinx/golden/srcnn_hls/solution1/.autopilot/db/a.g.ld.0.bc -reflow-lower-math-intrinsics 
INFO-FLOW: run_clang exec: C:/Xilinx/Vitis_HLS/2023.1/win64/tools/clang-3.9-csynth/bin/opt -pass-remarks-missed=reflow|pasta|unroll -pass-remarks=reflow|pasta|unroll|inline -pass-remarks-output=C:/Xilinx/golden/srcnn_hls/solution1/.autopilot/db/a.g.ld.1.lower.bc.opt.diag.yml C:/Xilinx/golden/srcnn_hls/solution1/.autopilot/db/a.g.ld.0.bc -reflow-lower-math-intrinsics -o C:/Xilinx/golden/srcnn_hls/solution1/.autopilot/db/a.g.ld.1.lower.bc > C:/Xilinx/golden/srcnn_hls/solution1/.autopilot/db/a.g.ld.1.lower.bc.opt.out.log 2> C:/Xilinx/golden/srcnn_hls/solution1/.autopilot/db/a.g.ld.1.lower.bc.opt.err.log
INFO-FLOW: 
INFO-FLOW: Running: gen_design_size_report post-opt
INFO-FLOW: Done: gen_design_size_report post-opt time: 0 seconds per iteration
INFO-FLOW: Linking math bc lib
Execute       run_link_or_opt -out C:/Xilinx/golden/srcnn_hls/solution1/.autopilot/db/a.g.ld.2.m1.bc -args C:/Xilinx/golden/srcnn_hls/solution1/.autopilot/db/a.g.ld.1.lower.bc -only-needed C:/Xilinx/Vitis_HLS/2023.1/win64/lib/libhlsm_39.bc C:/Xilinx/Vitis_HLS/2023.1/win64/lib/libhlsmc++_39.bc 
INFO-FLOW: run_clang exec: C:/Xilinx/Vitis_HLS/2023.1/win64/tools/clang-3.9-csynth/bin/llvm-link C:/Xilinx/golden/srcnn_hls/solution1/.autopilot/db/a.g.ld.1.lower.bc -only-needed C:/Xilinx/Vitis_HLS/2023.1/win64/lib/libhlsm_39.bc C:/Xilinx/Vitis_HLS/2023.1/win64/lib/libhlsmc++_39.bc -o C:/Xilinx/golden/srcnn_hls/solution1/.autopilot/db/a.g.ld.2.m1.bc > C:/Xilinx/golden/srcnn_hls/solution1/.autopilot/db/a.g.ld.2.m1.bc.llvm-link.out.log 2> C:/Xilinx/golden/srcnn_hls/solution1/.autopilot/db/a.g.ld.2.m1.bc.llvm-link.err.log
INFO-FLOW: 
Command       run_link_or_opt done; 2.133 sec.
Execute       run_link_or_opt -opt -out C:/Xilinx/golden/srcnn_hls/solution1/.autopilot/db/a.g.ld.3.fpc.bc -args C:/Xilinx/golden/srcnn_hls/solution1/.autopilot/db/a.g.ld.2.m1.bc -reflow-globaldce -hls-top-function-name=srcnn -reflow-float-conversion 
INFO-FLOW: run_clang exec: C:/Xilinx/Vitis_HLS/2023.1/win64/tools/clang-3.9-csynth/bin/opt -pass-remarks-missed=reflow|pasta|unroll -pass-remarks=reflow|pasta|unroll|inline -pass-remarks-output=C:/Xilinx/golden/srcnn_hls/solution1/.autopilot/db/a.g.ld.3.fpc.bc.opt.diag.yml C:/Xilinx/golden/srcnn_hls/solution1/.autopilot/db/a.g.ld.2.m1.bc -reflow-globaldce -hls-top-function-name=srcnn -reflow-float-conversion -o C:/Xilinx/golden/srcnn_hls/solution1/.autopilot/db/a.g.ld.3.fpc.bc > C:/Xilinx/golden/srcnn_hls/solution1/.autopilot/db/a.g.ld.3.fpc.bc.opt.out.log 2> C:/Xilinx/golden/srcnn_hls/solution1/.autopilot/db/a.g.ld.3.fpc.bc.opt.err.log
INFO-FLOW: 
INFO-FLOW: Running: gen_design_size_report post-opt
INFO-FLOW: Done: gen_design_size_report post-opt time: 0 seconds per iteration
Command       run_link_or_opt done; 0.906 sec.
Execute       run_link_or_opt -out C:/Xilinx/golden/srcnn_hls/solution1/.autopilot/db/a.g.ld.4.m2.bc -args C:/Xilinx/golden/srcnn_hls/solution1/.autopilot/db/a.g.ld.3.fpc.bc -only-needed C:/Xilinx/Vitis_HLS/2023.1/win64/lib/libfloatconversion_39.bc 
INFO-FLOW: run_clang exec: C:/Xilinx/Vitis_HLS/2023.1/win64/tools/clang-3.9-csynth/bin/llvm-link C:/Xilinx/golden/srcnn_hls/solution1/.autopilot/db/a.g.ld.3.fpc.bc -only-needed C:/Xilinx/Vitis_HLS/2023.1/win64/lib/libfloatconversion_39.bc -o C:/Xilinx/golden/srcnn_hls/solution1/.autopilot/db/a.g.ld.4.m2.bc > C:/Xilinx/golden/srcnn_hls/solution1/.autopilot/db/a.g.ld.4.m2.bc.llvm-link.out.log 2> C:/Xilinx/golden/srcnn_hls/solution1/.autopilot/db/a.g.ld.4.m2.bc.llvm-link.err.log
INFO-FLOW: 
Execute       run_link_or_opt -opt -out C:/Xilinx/golden/srcnn_hls/solution1/.autopilot/db/a.g.ld.5.gdce.bc -args C:/Xilinx/golden/srcnn_hls/solution1/.autopilot/db/a.g.ld.4.m2.bc -reflow-globaldce -hls-top-function-name=srcnn 
INFO-FLOW: run_clang exec: C:/Xilinx/Vitis_HLS/2023.1/win64/tools/clang-3.9-csynth/bin/opt -pass-remarks-missed=reflow|pasta|unroll -pass-remarks=reflow|pasta|unroll|inline -pass-remarks-output=C:/Xilinx/golden/srcnn_hls/solution1/.autopilot/db/a.g.ld.5.gdce.bc.opt.diag.yml C:/Xilinx/golden/srcnn_hls/solution1/.autopilot/db/a.g.ld.4.m2.bc -reflow-globaldce -hls-top-function-name=srcnn -o C:/Xilinx/golden/srcnn_hls/solution1/.autopilot/db/a.g.ld.5.gdce.bc > C:/Xilinx/golden/srcnn_hls/solution1/.autopilot/db/a.g.ld.5.gdce.bc.opt.out.log 2> C:/Xilinx/golden/srcnn_hls/solution1/.autopilot/db/a.g.ld.5.gdce.bc.opt.err.log
INFO-FLOW: 
INFO-FLOW: Running: gen_design_size_report post-opt
INFO-FLOW: Done: gen_design_size_report post-opt time: 0 seconds per iteration
Execute       send_msg_by_id INFO @200-777@%s Vivado 
INFO: [HLS 200-777] Using interface defaults for 'Vivado' flow target.
Execute       is_m_axi_addr64 
INFO-FLOW: Doing LTO.
INFO-FLOW: run_clang exec: C:/Xilinx/Vitis_HLS/2023.1/win64/tools/clang-3.9-csynth/bin/clang -foptimization-record-file=C:/Xilinx/golden/srcnn_hls/solution1/.autopilot/db/a.g.ld.0.bc.clang.reflow.diag.yml -mllvm -pass-remarks-missed=reflow|pasta|unroll -mllvm -pass-remarks=reflow|pasta|unroll|inline -fhls -mllvm -hls-top-function-name=srcnn -mllvm -hls-db-dir -mllvm C:/Xilinx/golden/srcnn_hls/solution1/.autopilot/db -emit-llvm -c -target fpga64-xilinx-none -mllvm -xcl-xmlinfo=C:/Xilinx/golden/srcnn_hls/solution1/.autopilot/db/kernel.internal.xml -mllvm -top-io-mapping-info=C:/Xilinx/golden/srcnn_hls/solution1/.autopilot/db/top-io-fe.xml -mllvm -hls-bitcode-version=3.1 -mllvm -reflow-enable-slave-interface-default-setting=true -mllvm -gen-kernel-xml=false -mllvm -default-maxi-offset=slave -mllvm -maxi-latency=0 -mllvm -hls-maxi-data-size-in-bits=8 -mllvm -hls-maxi-max-data-size-in-bits=1024 -mllvm -hls-max-widen-size-in-bits=0 -mllvm -xcl-kernel-max-mem-ports=0 -mllvm -maxi-read-trans=16 -mllvm -maxi-write-trans=16 -mllvm -maxi-read-burst-len=16 -mllvm -maxi-write-burst-len=16 -mllvm -reflow-enable-saxi-64bits=0 -mllvm -reflow-basic-block-instr-threshold=200000 -mllvm -reflow-auto-pipeline-threshold=64 -mllvm -reflow-enable-maxi-auto-id-channel=0 -mllvm -enable-fp-thr=0 -mllvm -reflow-bdd-simplify-threshold=1024 -mllvm -reflow-fanout-threshold=16 -mllvm -assume-maxi-align=1 -mllvm -reflow-pipeline-style-llvm-setting=2 -mllvm -reflow-enable-dataflow-strict-mode-checking=1 -ftime-report -mllvm -time-passes -mllvm -reflow-auto-array-partition-mode=default -mllvm -reflow-enable-auto-array-partition=true -mllvm -reflow-enable-auto-parallel-performance-driven=true -mllvm -reflow-enable-partition-for-automation=true -mllvm -reflow-aggregate-bitwidth-threshold=4096 -mllvm -reflow-reserved-saxilite-registers=1024 -mllvm -reflow-assume-no-address-wrap=true -mllvm -reflow-enable-occurrence-inference=true -mllvm -hls -mllvm -disable-inlined-alloca-merging=true -mllvm -default-clock-period=10 -x ir C:/Xilinx/golden/srcnn_hls/solution1/.autopilot/db/a.g.ld.5.gdce.bc -o C:/Xilinx/golden/srcnn_hls/solution1/.autopilot/db/a.g.lto.bc {-hls-platform-db-name=C:/Xilinx/Vitis_HLS/2023.1/common/technology\xilinx/common/platform.db} -hls-platform-name=zynquplus_medium -device-resource-info=BRAM_288.000000_DSP_1248.000000_FF_234240.000000_LUT_117120.000000_SLICE_14640.000000_URAM_64.000000 -device-name-info=xck26-sfvc784-2LV-c > C:/Xilinx/golden/srcnn_hls/solution1/.autopilot/db/a.g.ld.0.bc.clang.reflow.out.log 2> C:/Xilinx/golden/srcnn_hls/solution1/.autopilot/db/a.g.ld.0.bc.clang.reflow.err.log
INFO: [HLS 214-291] Loop 'VITIS_LOOP_81_4' is marked as complete unroll implied by the pipeline pragma (src/conv3.cpp:81:42)
INFO: [HLS 214-291] Loop 'VITIS_LOOP_83_5' is marked as complete unroll implied by the pipeline pragma (src/conv3.cpp:83:50)
INFO: [HLS 214-291] Loop 'VITIS_LOOP_84_6' is marked as complete unroll implied by the pipeline pragma (src/conv3.cpp:84:54)
INFO: [HLS 214-291] Loop 'VITIS_LOOP_57_4' is marked as complete unroll implied by the pipeline pragma (src/conv2.cpp:57:32)
INFO: [HLS 214-291] Loop 'VITIS_LOOP_75_4' is marked as complete unroll implied by the pipeline pragma (src/conv1.cpp:75:32)
INFO: [HLS 214-291] Loop 'VITIS_LOOP_77_5' is marked as complete unroll implied by the pipeline pragma (src/conv1.cpp:77:36)
INFO: [HLS 214-291] Loop 'VITIS_LOOP_78_6' is marked as complete unroll implied by the pipeline pragma (src/conv1.cpp:78:38)
INFO: [HLS 214-186] Unrolling loop 'VITIS_LOOP_81_4' (src/conv3.cpp:81:42) in function 'compute_tile_c3' completely with a factor of 1 (src/conv3.cpp:73:0)
INFO: [HLS 214-186] Unrolling loop 'VITIS_LOOP_83_5' (src/conv3.cpp:83:50) in function 'compute_tile_c3' completely with a factor of 5 (src/conv3.cpp:73:0)
INFO: [HLS 214-186] Unrolling loop 'VITIS_LOOP_84_6' (src/conv3.cpp:84:54) in function 'compute_tile_c3' completely with a factor of 5 (src/conv3.cpp:73:0)
INFO: [HLS 214-186] Unrolling loop 'VITIS_LOOP_57_4' (src/conv2.cpp:57:32) in function 'compute_tile_c2' completely with a factor of 1 (src/conv2.cpp:49:0)
INFO: [HLS 214-186] Unrolling loop 'VITIS_LOOP_75_4' (src/conv1.cpp:75:32) in function 'compute_tile_c1' completely with a factor of 1 (src/conv1.cpp:67:0)
INFO: [HLS 214-186] Unrolling loop 'VITIS_LOOP_77_5' (src/conv1.cpp:77:36) in function 'compute_tile_c1' completely with a factor of 9 (src/conv1.cpp:67:0)
INFO: [HLS 214-186] Unrolling loop 'VITIS_LOOP_78_6' (src/conv1.cpp:78:38) in function 'compute_tile_c1' completely with a factor of 9 (src/conv1.cpp:67:0)
INFO: [HLS 214-178] Inlining function 'clampi(int, int, int)' into 'load_in_tile_c1(float (*) [40][40], float (*) [255][255], int, int, int, int, int, int)' (src/conv1.cpp:29:0)
INFO: [HLS 214-178] Inlining function 'load_in_tile_c1(float (*) [40][40], float (*) [255][255], int, int, int, int, int, int)' into 'conv1(float (*) [255][255], float (*) [1][9][9], float*, float (*) [255][255])' (src/conv1.cpp:109:0)
INFO: [HLS 214-178] Inlining function 'load_w_tile_c1(float (*) [1][9][9], float (*) [1][9][9], int, int, int, int)' into 'conv1(float (*) [255][255], float (*) [1][9][9], float*, float (*) [255][255])' (src/conv1.cpp:109:0)
INFO: [HLS 214-178] Inlining function 'store_out_tile_c1(float (*) [32][32], float (*) [255][255], int, int, int, int, int, int, float*)' into 'conv1(float (*) [255][255], float (*) [1][9][9], float*, float (*) [255][255])' (src/conv1.cpp:109:0)
INFO: [HLS 214-178] Inlining function 'load_in_tile_c2(float (*) [32][32], float (*) [255][255], int, int, int, int, int, int)' into 'conv2(float (*) [255][255], float (*) [64][1][1], float*, float (*) [255][255])' (src/conv2.cpp:85:0)
INFO: [HLS 214-178] Inlining function 'load_w_tile_c2(float (*) [1], float (*) [64][1][1], int, int, int, int)' into 'conv2(float (*) [255][255], float (*) [64][1][1], float*, float (*) [255][255])' (src/conv2.cpp:85:0)
INFO: [HLS 214-178] Inlining function 'compute_tile_c2(float (*) [32][32], float (*) [32][32], float (*) [1], int, int, int, int)' into 'conv2(float (*) [255][255], float (*) [64][1][1], float*, float (*) [255][255])' (src/conv2.cpp:85:0)
INFO: [HLS 214-178] Inlining function 'store_out_tile_c2(float (*) [32][32], float (*) [255][255], int, int, int, int, int, int, float*)' into 'conv2(float (*) [255][255], float (*) [64][1][1], float*, float (*) [255][255])' (src/conv2.cpp:85:0)
INFO: [HLS 214-178] Inlining function 'clampi(int, int, int) (.1)' into 'load_in_tile_c3(float (*) [36][36], float (*) [255][255], int, int, int, int, int, int)' (src/conv3.cpp:29:0)
INFO: [HLS 214-178] Inlining function 'load_in_tile_c3(float (*) [36][36], float (*) [255][255], int, int, int, int, int, int)' into 'conv3(float (*) [255][255], float (*) [32][5][5], float*, float (*) [255][255])' (src/conv3.cpp:125:0)
INFO: [HLS 214-178] Inlining function 'load_w_tile_c3(float (*) [1][5][5], float (*) [32][5][5], int, int, int, int)' into 'conv3(float (*) [255][255], float (*) [32][5][5], float*, float (*) [255][255])' (src/conv3.cpp:125:0)
INFO: [HLS 214-178] Inlining function 'store_out_tile_c3(float (*) [32][32], float (*) [255][255], int, int, int, int, int, int, float*)' into 'conv3(float (*) [255][255], float (*) [32][5][5], float*, float (*) [255][255])' (src/conv3.cpp:125:0)
INFO: [HLS 214-270] Inferring pragma 'array_partition type=complete dim=3' for array 'conv1(float (*) [255][255], float (*) [1][9][9], float*, float (*) [255][255])::w_tile' due to pipeline pragma (src/conv1.cpp:72:9)
INFO: [HLS 214-270] Inferring pragma 'array_partition type=complete dim=4' for array 'conv1(float (*) [255][255], float (*) [1][9][9], float*, float (*) [255][255])::w_tile' due to pipeline pragma (src/conv1.cpp:72:9)
INFO: [HLS 214-270] Inferring pragma 'array_partition type=complete dim=3' for array 'conv3(float (*) [255][255], float (*) [32][5][5], float*, float (*) [255][255])::w_tile' due to pipeline pragma (src/conv3.cpp:78:9)
INFO: [HLS 214-270] Inferring pragma 'array_partition type=complete dim=4' for array 'conv3(float (*) [255][255], float (*) [32][5][5], float*, float (*) [255][255])::w_tile' due to pipeline pragma (src/conv3.cpp:78:9)
INFO: [HLS 214-270] Inferring pragma 'array_partition type=cyclic factor=5 dim=3' for array 'conv3(float (*) [255][255], float (*) [32][5][5], float*, float (*) [255][255])::in_tile' due to pipeline pragma (src/conv3.cpp:78:9)
INFO: [HLS 214-270] Inferring pragma 'array_partition type=cyclic factor=5 dim=2' for array 'conv3(float (*) [255][255], float (*) [32][5][5], float*, float (*) [255][255])::in_tile' due to pipeline pragma (src/conv3.cpp:78:9)
INFO: [HLS 214-248] Applying array_partition to '_ZZ5conv3PA255_A255_fPA32_A5_A5_fPfS1_E7in_tile': Cyclic partitioning with factor 5 on dimension 2. Cyclic partitioning with factor 5 on dimension 3. (src/conv3.cpp:128:0)
INFO: [HLS 214-248] Applying array_partition to '_ZZ5conv3PA255_A255_fPA32_A5_A5_fPfS1_E6w_tile': Complete partitioning on dimension 3. Complete partitioning on dimension 4. (src/conv3.cpp:129:0)
INFO: [HLS 214-248] Applying array_partition to '_ZZ5conv1PA255_A255_fPA1_A9_A9_fPfS1_E6w_tile': Complete partitioning on dimension 3. Complete partitioning on dimension 4. (src/conv1.cpp:111:0)
INFO-FLOW: DBG:PUTS: copy_raw_kernel_xml ap_link_39: kernel.xml not generated: C:/Xilinx/golden/srcnn_hls/solution1/.autopilot/db/kernel.internal.xml
INFO: [HLS 200-111] Finished Compiling Optimization and Transform: CPU user time: 0 seconds. CPU system time: 0 seconds. Elapsed time: 7.295 seconds; current allocated memory: 100.836 MB.
INFO: [HLS 200-111] Finished Checking Pragmas: CPU user time: 0 seconds. CPU system time: 0 seconds. Elapsed time: 0.006 seconds; current allocated memory: 100.867 MB.
Execute       opt_and_import_c a -opt_level=2 -skip_syncheck=0 -ng=0 -keep_printf=0 
Execute         cleanup_all_models 
INFO: [HLS 200-10] Starting code transformations ...
INFO-FLOW: Running Standard Transforms...
Execute         transform -hls -share-std-xform -demangle-name -inline-byval-memcpy -always-inline -promote-dbg-pointer -interface-preproc -mem2reg -scalarrepl -mem2reg -keep-read-access -instcombine -dce -promote-dbg-pointer -bitop-raise -loop-simplify -indvarspre -indvars -loop-simplify -xunroll -constprop -instcombine -simplifycfg -indvars -simplifycfg -dce -globaldce -basicaa -simplifycfg -mem2reg -globalopt -global-constprop -deadargelim -instcombine -simplifycfg -scalarrepl -instcombine -reassociate -licm -simplifycfg -loop-simplify -indvars -instcombine -simplifycfg -mem2reg -loop-simplify -indvars -instcombine -gvn -gvn -instcombine -adce -break-crit-edges -simplifycfg -loop-delete -global-array-opt -dce -dse -adce -find-syn-modules -top srcnn -deadargelim -mem2reg -instcombine -dce -presyn-prepare -auto-rom-infer -interface-preproc -syn-check -check-rec-only -find-region -simplifycfg -func-extr -function-inline -globaldce -mem2reg -instcombine -dce -gvn -globaldce -adce -adse -constprop -instcombine -bit-constprop -instcombine -dce -simplifycfg -bitop-raise -simplifycfg -dce -loop-delete -reassociate -globalopt -global-privatize -mem2reg -dce -global-constprop -pointer-simplify -constprop -dce -auto-shift-reg-idiom -promote-dbg-pointer -norm-name C:/Xilinx/golden/srcnn_hls/solution1/.autopilot/db/a.g.0.bc -o C:/Xilinx/golden/srcnn_hls/solution1/.autopilot/db/a.g.1.bc -f -phase std-opt 
Command         transform done; 0.554 sec.
INFO: [HLS 200-111] Finished Standard Transforms: CPU user time: 1 seconds. CPU system time: 0 seconds. Elapsed time: 0.604 seconds; current allocated memory: 110.641 MB.
INFO: [HLS 200-10] Checking synthesizability ...
INFO-FLOW: Checking Synthesizability 1/2..
Execute         transform -hls -syn-check -check-rec-only -scalarrepl -norm-name -dce -mem2reg -instcombine -directive-preproc -mem2reg -dse -dce -auto-rom-infer -dce -pag -array-normalize -instcombine -dce -array-seg-normalize -instcombine -dce -data-pack -instcombine -dce -inst-simplify -array-flatten -instcombine -dce -array-burst -dce -deadargelim -promote-global-argument -simplifycfg -mem2reg -globaldce -dce -deadargelim -dce -instcombine -function-inline -globaldce -dce -doublePtrSimplify -doublePtrElim -dce -doublePtrSimplify -promote-dbg-pointer -dce -scalarrepl -dse -adse -instcombine -ptrLegalization -simplifycfg -dce -instcombine -pointer-simplify -ptrArgReplace -dce -instcombine -resolve-double-ptr -scalarrepl -norm-name -dce -mem2reg -instcombine -ptrLegalization -simplifycfg -deadargelim -instcombine -dce -inst-simplify -directive-preproc -mem2reg -dse -dce -globaldce C:/Xilinx/golden/srcnn_hls/solution1/.autopilot/db/a.g.1.bc -o C:/Xilinx/golden/srcnn_hls/solution1/.autopilot/db/a.g.2.prechk.bc -f 
Command         transform done; 0.351 sec.
INFO-FLOW: Checking Synthesizability 2/2..
Execute         transform -syn-check C:/Xilinx/golden/srcnn_hls/solution1/.autopilot/db/a.g.2.prechk.bc -o C:/Xilinx/golden/srcnn_hls/solution1/.autopilot/db/a.g.2.bc -f -phase syn-check 
INFO: [HLS 200-111] Finished Checking Synthesizability: CPU user time: 0 seconds. CPU system time: 0 seconds. Elapsed time: 0.407 seconds; current allocated memory: 117.117 MB.
INFO-FLOW: Compiler optimizing ...
INFO-FLOW: Share syncheck's 1.bc for syn flow: copy C:/Xilinx/golden/srcnn_hls/solution1/.autopilot/db/a.g.1.bc to C:/Xilinx/golden/srcnn_hls/solution1/.autopilot/db/a.o.1.bc
INFO-FLOW: Presyn 1...
Execute         transform -hls -tmp C:/Xilinx/golden/srcnn_hls/solution1/.autopilot/db -interface-port-rename -directive-preproc -mem2reg -dse -dce -scalarrepl -norm-name -deadargelim -mem2reg -instcombine -dce -simplifycfg -auto-rom-infer -dce -resource-proc -clib-intrinsic-prepare -dce -func-buffer -dce -pag -array-normalize -func-legal -instcombine -gvn -constprop -dce -simplifycfg -mem2reg -globaldce -resolve-double-ptr -dce -deadargelim -dce -instcombine -ptrArgReplace -mem2reg -dce -array-seg-normalize -deadargelim -instcombine -dce -directive-preproc -mem2reg -dse -dce -pointer-simplify -dce -port-alignment -dce -interface-preproc -data-pack -instcombine -dce -basicaa -aggr-aa -aggrmodref-aa -aggr-aa -gvn -gvn -basicaa -aggr-aa -aggrmodref-aa -aggr-aa -dse -adse -adce -loop-simplify -indvars -instcombine -gvn -loop-simplify -mem2reg -dce -find-region -instcombine -auto-loop-pipeline -inst-simplify -interface-preproc -cfgopt -instcombine -indvars -auto-loop-unroll -loop-simplify -loop-bound -xunroll -constprop -instcombine -simplifycfg -indvars -simplifycfg -dce -globaldce -clean-region -attach-range -gvn -inst-simplify -constprop -simplifycfg -dce -pointer-simplify -dce -globalopt -constprop -dce -array-promote -scalar-auto-dep-elim -constprop -dce -ptrArgReplace -mem2reg -simplifycfg -dce -instcombine -dce -array-transform-check -array-reshape -instcombine -simplifycfg -dce -ptrArgReplace -deadargelim -mem2reg -instcombine -simplifycfg -dce -indvars -loop-simplify -loop-bound -xunroll -constprop -instcombine -simplifycfg -indvars -simplifycfg -dce -globaldce -basicaa -aggr-aa -aggrmodref-aa -aggr-aa -dse -duplicate-dataflow-processes -globaldce -instcombine -array-partition -prepare-dynamic-array-partition -instcombine -simplifycfg -dce -ptrArgReplace -global-constprop -deadargelim -mem2reg -func-legal -dce -global-constprop -deadargelim -mem2reg -simplifycfg -dce -merge-param -deadargelim -globalopt -constprop -dce -array-promote -scalar-auto-dep-elim -constprop -dce -ptrArgReplace -mem2reg -simplifycfg -dce -mem-intrinsic-preproc -dce -global-internalize -global-privatize -mem2reg -globaldce -promote-global-argument -ptrArgReplace -mem2reg -dce -globalopt -mergereturn -simplify-global-access -mem2reg -dce -pointer-simplify -dce -functionattrs -basicaa -aggr-aa -aggrmodref-aa -aggr-aa -gvn -gvn -basicaa -aggr-aa -aggrmodref-aa -aggr-aa -dse -adse -adce -dce -norm-name -basicaa -aggr-aa -aggrmodref-aa -aggr-aa -accesses-merge -function-inline -complex-op-raise -inst-simplify -globaldce -func-legal -dce -loop-bound -arraycheck -bitwidthmin2 -bitwidthmin2 -on-by-dataflow -loop-delete -instcombine -simplifycfg -globaldce -dce -gvn -deadargelim -dce -loop-simplify -clean-region -simplifycfg -propagate-stable-arguments -loop-stream -instcombine -simplifycfg -dce -globaldce -duplicate-dataflow-processes -stream-intrinsic-preproc -dce -check-ap-stream -loop-simplify -eliminate-keepreads -extract-dataflow-in-loop -loop-simplify -dce -gvn -deadargelim -dse -duplicate-dataflow-processes -check-dataflow-syntax -legalize-stream-variable -globaldce -legalize-global -extract-subproc -dce -dead-channel-elimination -canonicalize-gep -globaldce -dce -gvn -hls-dead-arg-elim -deadargelim -directive-preproc -canonicalize-dataflow -dce -globaldce -scalar-preprocessing -scalar-propagation2 -deadargelim -globaldce -mem2reg -check-dataflow-channels -function-stream -dce -globaldce -prop-fifo-spec -internal-stream-gen -canonicalize-gep -globaldce -dce -gvn -deadargelim -mergereturn -indvars -loop-simplify -instcombine -array-stream -array-seg-normalize -array-partition -func-legal -instcombine -simplifycfg -dce -bundle-memfifo-ops -deadargelim -directive-preproc -mem2reg -dse -dce -group-axi-access -licm -simplifycfg -dce -loop-delete -hls-display -norm-name C:/Xilinx/golden/srcnn_hls/solution1/.autopilot/db/a.o.1.bc -o C:/Xilinx/golden/srcnn_hls/solution1/.autopilot/db/a.o.1.tmp.bc -f 
INFO: [XFORM 203-102] Partitioning array 'w_tile' in dimension 2 automatically.
INFO: [XFORM 203-102] Partitioning array 'in_tile.1' in dimension 1 automatically.
INFO: [XFORM 203-102] Partitioning array 'in_tile' in dimension 1 automatically.
INFO: [XFORM 203-102] Partitioning array '_ZZ5conv3PA255_A255_fPA32_A5_A5_fPfS1_E6w_tile_4_4' in dimension 2 automatically.
INFO: [XFORM 203-102] Partitioning array '_ZZ5conv3PA255_A255_fPA32_A5_A5_fPfS1_E6w_tile_4_3' in dimension 2 automatically.
INFO: [XFORM 203-102] Partitioning array '_ZZ5conv3PA255_A255_fPA32_A5_A5_fPfS1_E6w_tile_4_2' in dimension 2 automatically.
INFO: [XFORM 203-102] Partitioning array '_ZZ5conv3PA255_A255_fPA32_A5_A5_fPfS1_E6w_tile_4_1' in dimension 2 automatically.
INFO: [XFORM 203-102] Partitioning array '_ZZ5conv3PA255_A255_fPA32_A5_A5_fPfS1_E6w_tile_4_0' in dimension 2 automatically.
INFO: [XFORM 203-102] Partitioning array '_ZZ5conv3PA255_A255_fPA32_A5_A5_fPfS1_E6w_tile_3_4' in dimension 2 automatically.
INFO: [XFORM 203-102] Partitioning array '_ZZ5conv3PA255_A255_fPA32_A5_A5_fPfS1_E6w_tile_3_3' in dimension 2 automatically.
INFO: [XFORM 203-102] Partitioning array '_ZZ5conv3PA255_A255_fPA32_A5_A5_fPfS1_E6w_tile_3_2' in dimension 2 automatically.
INFO: [XFORM 203-102] Partitioning array '_ZZ5conv3PA255_A255_fPA32_A5_A5_fPfS1_E6w_tile_3_1' in dimension 2 automatically.
INFO: [XFORM 203-102] Partitioning array '_ZZ5conv3PA255_A255_fPA32_A5_A5_fPfS1_E6w_tile_3_0' in dimension 2 automatically.
INFO: [XFORM 203-102] Partitioning array '_ZZ5conv3PA255_A255_fPA32_A5_A5_fPfS1_E6w_tile_2_4' in dimension 2 automatically.
INFO: [XFORM 203-102] Partitioning array '_ZZ5conv3PA255_A255_fPA32_A5_A5_fPfS1_E6w_tile_2_3' in dimension 2 automatically.
INFO: [XFORM 203-102] Partitioning array '_ZZ5conv3PA255_A255_fPA32_A5_A5_fPfS1_E6w_tile_2_2' in dimension 2 automatically.
INFO: [XFORM 203-102] Partitioning array '_ZZ5conv3PA255_A255_fPA32_A5_A5_fPfS1_E6w_tile_2_1' in dimension 2 automatically.
INFO: [XFORM 203-102] Partitioning array '_ZZ5conv3PA255_A255_fPA32_A5_A5_fPfS1_E6w_tile_2_0' in dimension 2 automatically.
INFO: [XFORM 203-102] Partitioning array '_ZZ5conv3PA255_A255_fPA32_A5_A5_fPfS1_E6w_tile_1_4' in dimension 2 automatically.
INFO: [XFORM 203-102] Partitioning array '_ZZ5conv3PA255_A255_fPA32_A5_A5_fPfS1_E6w_tile_1_3' in dimension 2 automatically.
INFO: [XFORM 203-102] Partitioning array '_ZZ5conv3PA255_A255_fPA32_A5_A5_fPfS1_E6w_tile_1_2' in dimension 2 automatically.
INFO: [XFORM 203-102] Partitioning array '_ZZ5conv3PA255_A255_fPA32_A5_A5_fPfS1_E6w_tile_1_1' in dimension 2 automatically.
INFO: [XFORM 203-102] Partitioning array '_ZZ5conv3PA255_A255_fPA32_A5_A5_fPfS1_E6w_tile_1_0' in dimension 2 automatically.
INFO: [XFORM 203-102] Partitioning array '_ZZ5conv3PA255_A255_fPA32_A5_A5_fPfS1_E6w_tile_0_4' in dimension 2 automatically.
INFO: [XFORM 203-102] Partitioning array '_ZZ5conv3PA255_A255_fPA32_A5_A5_fPfS1_E6w_tile_0_3' in dimension 2 automatically.
INFO: [XFORM 203-102] Partitioning array '_ZZ5conv3PA255_A255_fPA32_A5_A5_fPfS1_E6w_tile_0_2' in dimension 2 automatically.
INFO: [XFORM 203-102] Partitioning array '_ZZ5conv3PA255_A255_fPA32_A5_A5_fPfS1_E6w_tile_0_1' in dimension 2 automatically.
INFO: [XFORM 203-102] Partitioning array '_ZZ5conv3PA255_A255_fPA32_A5_A5_fPfS1_E6w_tile_0_0' in dimension 2 automatically.
INFO: [XFORM 203-102] Partitioning array '_ZZ5conv1PA255_A255_fPA1_A9_A9_fPfS1_E6w_tile_8_8' in dimension 2 automatically.
INFO: [XFORM 203-102] Partitioning array '_ZZ5conv1PA255_A255_fPA1_A9_A9_fPfS1_E6w_tile_8_7' in dimension 2 automatically.
INFO: [XFORM 203-102] Partitioning array '_ZZ5conv1PA255_A255_fPA1_A9_A9_fPfS1_E6w_tile_8_6' in dimension 2 automatically.
INFO: [XFORM 203-102] Partitioning array '_ZZ5conv1PA255_A255_fPA1_A9_A9_fPfS1_E6w_tile_8_5' in dimension 2 automatically.
INFO: [XFORM 203-102] Partitioning array '_ZZ5conv1PA255_A255_fPA1_A9_A9_fPfS1_E6w_tile_8_4' in dimension 2 automatically.
INFO: [XFORM 203-102] Partitioning array '_ZZ5conv1PA255_A255_fPA1_A9_A9_fPfS1_E6w_tile_8_3' in dimension 2 automatically.
INFO: [XFORM 203-102] Partitioning array '_ZZ5conv1PA255_A255_fPA1_A9_A9_fPfS1_E6w_tile_8_2' in dimension 2 automatically.
INFO: [XFORM 203-102] Partitioning array '_ZZ5conv1PA255_A255_fPA1_A9_A9_fPfS1_E6w_tile_8_1' in dimension 2 automatically.
INFO: [XFORM 203-102] Partitioning array '_ZZ5conv1PA255_A255_fPA1_A9_A9_fPfS1_E6w_tile_8_0' in dimension 2 automatically.
INFO: [XFORM 203-102] Partitioning array '_ZZ5conv1PA255_A255_fPA1_A9_A9_fPfS1_E6w_tile_7_8' in dimension 2 automatically.
INFO: [XFORM 203-102] Partitioning array '_ZZ5conv1PA255_A255_fPA1_A9_A9_fPfS1_E6w_tile_7_7' in dimension 2 automatically.
INFO: [XFORM 203-102] Partitioning array '_ZZ5conv1PA255_A255_fPA1_A9_A9_fPfS1_E6w_tile_7_6' in dimension 2 automatically.
INFO: [XFORM 203-102] Partitioning array '_ZZ5conv1PA255_A255_fPA1_A9_A9_fPfS1_E6w_tile_7_5' in dimension 2 automatically.
INFO: [XFORM 203-102] Partitioning array '_ZZ5conv1PA255_A255_fPA1_A9_A9_fPfS1_E6w_tile_7_4' in dimension 2 automatically.
INFO: [XFORM 203-102] Partitioning array '_ZZ5conv1PA255_A255_fPA1_A9_A9_fPfS1_E6w_tile_7_3' in dimension 2 automatically.
INFO: [XFORM 203-102] Partitioning array '_ZZ5conv1PA255_A255_fPA1_A9_A9_fPfS1_E6w_tile_7_2' in dimension 2 automatically.
INFO: [XFORM 203-102] Partitioning array '_ZZ5conv1PA255_A255_fPA1_A9_A9_fPfS1_E6w_tile_7_1' in dimension 2 automatically.
INFO: [XFORM 203-102] Partitioning array '_ZZ5conv1PA255_A255_fPA1_A9_A9_fPfS1_E6w_tile_7_0' in dimension 2 automatically.
INFO: [XFORM 203-102] Partitioning array '_ZZ5conv1PA255_A255_fPA1_A9_A9_fPfS1_E6w_tile_6_8' in dimension 2 automatically.
INFO: [XFORM 203-102] Partitioning array '_ZZ5conv1PA255_A255_fPA1_A9_A9_fPfS1_E6w_tile_6_7' in dimension 2 automatically.
INFO: [XFORM 203-102] Partitioning array '_ZZ5conv1PA255_A255_fPA1_A9_A9_fPfS1_E6w_tile_6_6' in dimension 2 automatically.
INFO: [XFORM 203-102] Partitioning array '_ZZ5conv1PA255_A255_fPA1_A9_A9_fPfS1_E6w_tile_6_5' in dimension 2 automatically.
INFO: [XFORM 203-102] Partitioning array '_ZZ5conv1PA255_A255_fPA1_A9_A9_fPfS1_E6w_tile_6_4' in dimension 2 automatically.
INFO: [XFORM 203-102] Partitioning array '_ZZ5conv1PA255_A255_fPA1_A9_A9_fPfS1_E6w_tile_6_3' in dimension 2 automatically.
INFO: [XFORM 203-102] Partitioning array '_ZZ5conv1PA255_A255_fPA1_A9_A9_fPfS1_E6w_tile_6_2' in dimension 2 automatically.
INFO: [XFORM 203-102] Partitioning array '_ZZ5conv1PA255_A255_fPA1_A9_A9_fPfS1_E6w_tile_6_1' in dimension 2 automatically.
INFO: [XFORM 203-102] Partitioning array '_ZZ5conv1PA255_A255_fPA1_A9_A9_fPfS1_E6w_tile_6_0' in dimension 2 automatically.
INFO: [XFORM 203-102] Partitioning array '_ZZ5conv1PA255_A255_fPA1_A9_A9_fPfS1_E6w_tile_5_8' in dimension 2 automatically.
INFO: [XFORM 203-102] Partitioning array '_ZZ5conv1PA255_A255_fPA1_A9_A9_fPfS1_E6w_tile_5_7' in dimension 2 automatically.
INFO: [XFORM 203-102] Partitioning array '_ZZ5conv1PA255_A255_fPA1_A9_A9_fPfS1_E6w_tile_5_6' in dimension 2 automatically.
INFO: [XFORM 203-102] Partitioning array '_ZZ5conv1PA255_A255_fPA1_A9_A9_fPfS1_E6w_tile_5_5' in dimension 2 automatically.
INFO: [XFORM 203-102] Partitioning array '_ZZ5conv1PA255_A255_fPA1_A9_A9_fPfS1_E6w_tile_5_4' in dimension 2 automatically.
INFO: [XFORM 203-102] Partitioning array '_ZZ5conv1PA255_A255_fPA1_A9_A9_fPfS1_E6w_tile_5_3' in dimension 2 automatically.
INFO: [XFORM 203-102] Partitioning array '_ZZ5conv1PA255_A255_fPA1_A9_A9_fPfS1_E6w_tile_5_2' in dimension 2 automatically.
INFO: [XFORM 203-102] Partitioning array '_ZZ5conv1PA255_A255_fPA1_A9_A9_fPfS1_E6w_tile_5_1' in dimension 2 automatically.
INFO: [XFORM 203-102] Partitioning array '_ZZ5conv1PA255_A255_fPA1_A9_A9_fPfS1_E6w_tile_5_0' in dimension 2 automatically.
INFO: [XFORM 203-102] Partitioning array '_ZZ5conv1PA255_A255_fPA1_A9_A9_fPfS1_E6w_tile_4_8' in dimension 2 automatically.
INFO: [XFORM 203-102] Partitioning array '_ZZ5conv1PA255_A255_fPA1_A9_A9_fPfS1_E6w_tile_4_7' in dimension 2 automatically.
INFO: [XFORM 203-102] Partitioning array '_ZZ5conv1PA255_A255_fPA1_A9_A9_fPfS1_E6w_tile_4_6' in dimension 2 automatically.
INFO: [XFORM 203-102] Partitioning array '_ZZ5conv1PA255_A255_fPA1_A9_A9_fPfS1_E6w_tile_4_5' in dimension 2 automatically.
INFO: [XFORM 203-102] Partitioning array '_ZZ5conv1PA255_A255_fPA1_A9_A9_fPfS1_E6w_tile_4_4' in dimension 2 automatically.
INFO: [XFORM 203-102] Partitioning array '_ZZ5conv1PA255_A255_fPA1_A9_A9_fPfS1_E6w_tile_4_3' in dimension 2 automatically.
INFO: [XFORM 203-102] Partitioning array '_ZZ5conv1PA255_A255_fPA1_A9_A9_fPfS1_E6w_tile_4_2' in dimension 2 automatically.
INFO: [XFORM 203-102] Partitioning array '_ZZ5conv1PA255_A255_fPA1_A9_A9_fPfS1_E6w_tile_4_1' in dimension 2 automatically.
INFO: [XFORM 203-102] Partitioning array '_ZZ5conv1PA255_A255_fPA1_A9_A9_fPfS1_E6w_tile_4_0' in dimension 2 automatically.
INFO: [XFORM 203-102] Partitioning array '_ZZ5conv1PA255_A255_fPA1_A9_A9_fPfS1_E6w_tile_3_8' in dimension 2 automatically.
INFO: [XFORM 203-102] Partitioning array '_ZZ5conv1PA255_A255_fPA1_A9_A9_fPfS1_E6w_tile_3_7' in dimension 2 automatically.
INFO: [XFORM 203-102] Partitioning array '_ZZ5conv1PA255_A255_fPA1_A9_A9_fPfS1_E6w_tile_3_6' in dimension 2 automatically.
INFO: [XFORM 203-102] Partitioning array '_ZZ5conv1PA255_A255_fPA1_A9_A9_fPfS1_E6w_tile_3_5' in dimension 2 automatically.
INFO: [XFORM 203-102] Partitioning array '_ZZ5conv1PA255_A255_fPA1_A9_A9_fPfS1_E6w_tile_3_4' in dimension 2 automatically.
INFO: [XFORM 203-102] Partitioning array '_ZZ5conv1PA255_A255_fPA1_A9_A9_fPfS1_E6w_tile_3_3' in dimension 2 automatically.
INFO: [XFORM 203-102] Partitioning array '_ZZ5conv1PA255_A255_fPA1_A9_A9_fPfS1_E6w_tile_3_2' in dimension 2 automatically.
INFO: [XFORM 203-102] Partitioning array '_ZZ5conv1PA255_A255_fPA1_A9_A9_fPfS1_E6w_tile_3_1' in dimension 2 automatically.
INFO: [XFORM 203-102] Partitioning array '_ZZ5conv1PA255_A255_fPA1_A9_A9_fPfS1_E6w_tile_3_0' in dimension 2 automatically.
INFO: [XFORM 203-102] Partitioning array '_ZZ5conv1PA255_A255_fPA1_A9_A9_fPfS1_E6w_tile_2_8' in dimension 2 automatically.
INFO: [XFORM 203-102] Partitioning array '_ZZ5conv1PA255_A255_fPA1_A9_A9_fPfS1_E6w_tile_2_7' in dimension 2 automatically.
INFO: [XFORM 203-102] Partitioning array '_ZZ5conv1PA255_A255_fPA1_A9_A9_fPfS1_E6w_tile_2_6' in dimension 2 automatically.
INFO: [XFORM 203-102] Partitioning array '_ZZ5conv1PA255_A255_fPA1_A9_A9_fPfS1_E6w_tile_2_5' in dimension 2 automatically.
INFO: [XFORM 203-102] Partitioning array '_ZZ5conv1PA255_A255_fPA1_A9_A9_fPfS1_E6w_tile_2_4' in dimension 2 automatically.
INFO: [XFORM 203-102] Partitioning array '_ZZ5conv1PA255_A255_fPA1_A9_A9_fPfS1_E6w_tile_2_3' in dimension 2 automatically.
INFO: [XFORM 203-102] Partitioning array '_ZZ5conv1PA255_A255_fPA1_A9_A9_fPfS1_E6w_tile_2_2' in dimension 2 automatically.
INFO: [XFORM 203-102] Partitioning array '_ZZ5conv1PA255_A255_fPA1_A9_A9_fPfS1_E6w_tile_2_1' in dimension 2 automatically.
INFO: [XFORM 203-102] Partitioning array '_ZZ5conv1PA255_A255_fPA1_A9_A9_fPfS1_E6w_tile_2_0' in dimension 2 automatically.
INFO: [XFORM 203-102] Partitioning array '_ZZ5conv1PA255_A255_fPA1_A9_A9_fPfS1_E6w_tile_1_8' in dimension 2 automatically.
INFO: [XFORM 203-102] Partitioning array '_ZZ5conv1PA255_A255_fPA1_A9_A9_fPfS1_E6w_tile_1_7' in dimension 2 automatically.
INFO: [XFORM 203-102] Partitioning array '_ZZ5conv1PA255_A255_fPA1_A9_A9_fPfS1_E6w_tile_1_6' in dimension 2 automatically.
INFO: [XFORM 203-102] Partitioning array '_ZZ5conv1PA255_A255_fPA1_A9_A9_fPfS1_E6w_tile_1_5' in dimension 2 automatically.
INFO: [XFORM 203-102] Partitioning array '_ZZ5conv1PA255_A255_fPA1_A9_A9_fPfS1_E6w_tile_1_4' in dimension 2 automatically.
INFO: [XFORM 203-102] Partitioning array '_ZZ5conv1PA255_A255_fPA1_A9_A9_fPfS1_E6w_tile_1_3' in dimension 2 automatically.
INFO: [XFORM 203-102] Partitioning array '_ZZ5conv1PA255_A255_fPA1_A9_A9_fPfS1_E6w_tile_1_2' in dimension 2 automatically.
INFO: [XFORM 203-102] Partitioning array '_ZZ5conv1PA255_A255_fPA1_A9_A9_fPfS1_E6w_tile_1_1' in dimension 2 automatically.
INFO: [XFORM 203-102] Partitioning array '_ZZ5conv1PA255_A255_fPA1_A9_A9_fPfS1_E6w_tile_1_0' in dimension 2 automatically.
INFO: [XFORM 203-102] Partitioning array '_ZZ5conv1PA255_A255_fPA1_A9_A9_fPfS1_E6w_tile_0_8' in dimension 2 automatically.
INFO: [XFORM 203-102] Partitioning array '_ZZ5conv1PA255_A255_fPA1_A9_A9_fPfS1_E6w_tile_0_7' in dimension 2 automatically.
INFO: [XFORM 203-102] Partitioning array '_ZZ5conv1PA255_A255_fPA1_A9_A9_fPfS1_E6w_tile_0_6' in dimension 2 automatically.
INFO: [XFORM 203-102] Partitioning array '_ZZ5conv1PA255_A255_fPA1_A9_A9_fPfS1_E6w_tile_0_5' in dimension 2 automatically.
INFO: [XFORM 203-102] Partitioning array '_ZZ5conv1PA255_A255_fPA1_A9_A9_fPfS1_E6w_tile_0_4' in dimension 2 automatically.
INFO: [XFORM 203-102] Partitioning array '_ZZ5conv1PA255_A255_fPA1_A9_A9_fPfS1_E6w_tile_0_3' in dimension 2 automatically.
INFO: [XFORM 203-102] Partitioning array '_ZZ5conv1PA255_A255_fPA1_A9_A9_fPfS1_E6w_tile_0_2' in dimension 2 automatically.
INFO: [XFORM 203-102] Partitioning array '_ZZ5conv1PA255_A255_fPA1_A9_A9_fPfS1_E6w_tile_0_1' in dimension 2 automatically.
INFO: [XFORM 203-102] Partitioning array '_ZZ5conv1PA255_A255_fPA1_A9_A9_fPfS1_E6w_tile_0_0' in dimension 2 automatically.
INFO: [XFORM 203-102] Partitioning array '_ZZ5conv3PA255_A255_fPA32_A5_A5_fPfS1_E7in_tile_4_4' in dimension 1 automatically.
INFO: [XFORM 203-102] Partitioning array '_ZZ5conv3PA255_A255_fPA32_A5_A5_fPfS1_E7in_tile_4_3' in dimension 1 automatically.
INFO: [XFORM 203-102] Partitioning array '_ZZ5conv3PA255_A255_fPA32_A5_A5_fPfS1_E7in_tile_4_2' in dimension 1 automatically.
INFO: [XFORM 203-102] Partitioning array '_ZZ5conv3PA255_A255_fPA32_A5_A5_fPfS1_E7in_tile_4_1' in dimension 1 automatically.
INFO: [XFORM 203-102] Partitioning array '_ZZ5conv3PA255_A255_fPA32_A5_A5_fPfS1_E7in_tile_4_0' in dimension 1 automatically.
INFO: [XFORM 203-102] Partitioning array '_ZZ5conv3PA255_A255_fPA32_A5_A5_fPfS1_E7in_tile_3_4' in dimension 1 automatically.
INFO: [XFORM 203-102] Partitioning array '_ZZ5conv3PA255_A255_fPA32_A5_A5_fPfS1_E7in_tile_3_3' in dimension 1 automatically.
INFO: [XFORM 203-102] Partitioning array '_ZZ5conv3PA255_A255_fPA32_A5_A5_fPfS1_E7in_tile_3_2' in dimension 1 automatically.
INFO: [XFORM 203-102] Partitioning array '_ZZ5conv3PA255_A255_fPA32_A5_A5_fPfS1_E7in_tile_3_1' in dimension 1 automatically.
INFO: [XFORM 203-102] Partitioning array '_ZZ5conv3PA255_A255_fPA32_A5_A5_fPfS1_E7in_tile_3_0' in dimension 1 automatically.
INFO: [XFORM 203-102] Partitioning array '_ZZ5conv3PA255_A255_fPA32_A5_A5_fPfS1_E7in_tile_2_4' in dimension 1 automatically.
INFO: [XFORM 203-102] Partitioning array '_ZZ5conv3PA255_A255_fPA32_A5_A5_fPfS1_E7in_tile_2_3' in dimension 1 automatically.
INFO: [XFORM 203-102] Partitioning array '_ZZ5conv3PA255_A255_fPA32_A5_A5_fPfS1_E7in_tile_2_2' in dimension 1 automatically.
INFO: [XFORM 203-102] Partitioning array '_ZZ5conv3PA255_A255_fPA32_A5_A5_fPfS1_E7in_tile_2_1' in dimension 1 automatically.
INFO: [XFORM 203-102] Partitioning array '_ZZ5conv3PA255_A255_fPA32_A5_A5_fPfS1_E7in_tile_2_0' in dimension 1 automatically.
INFO: [XFORM 203-102] Partitioning array '_ZZ5conv3PA255_A255_fPA32_A5_A5_fPfS1_E7in_tile_1_4' in dimension 1 automatically.
INFO: [XFORM 203-102] Partitioning array '_ZZ5conv3PA255_A255_fPA32_A5_A5_fPfS1_E7in_tile_1_3' in dimension 1 automatically.
INFO: [XFORM 203-102] Partitioning array '_ZZ5conv3PA255_A255_fPA32_A5_A5_fPfS1_E7in_tile_1_2' in dimension 1 automatically.
INFO: [XFORM 203-102] Partitioning array '_ZZ5conv3PA255_A255_fPA32_A5_A5_fPfS1_E7in_tile_1_1' in dimension 1 automatically.
INFO: [XFORM 203-102] Partitioning array '_ZZ5conv3PA255_A255_fPA32_A5_A5_fPfS1_E7in_tile_1_0' in dimension 1 automatically.
INFO: [XFORM 203-102] Partitioning array '_ZZ5conv3PA255_A255_fPA32_A5_A5_fPfS1_E7in_tile_0_4' in dimension 1 automatically.
INFO: [XFORM 203-102] Partitioning array '_ZZ5conv3PA255_A255_fPA32_A5_A5_fPfS1_E7in_tile_0_3' in dimension 1 automatically.
INFO: [XFORM 203-102] Partitioning array '_ZZ5conv3PA255_A255_fPA32_A5_A5_fPfS1_E7in_tile_0_2' in dimension 1 automatically.
INFO: [XFORM 203-102] Partitioning array '_ZZ5conv3PA255_A255_fPA32_A5_A5_fPfS1_E7in_tile_0_1' in dimension 1 automatically.
INFO: [XFORM 203-102] Partitioning array '_ZZ5conv3PA255_A255_fPA32_A5_A5_fPfS1_E7in_tile_0_0' in dimension 1 automatically.
Command         transform done; 4.733 sec.
INFO-FLOW: Presyn 2...
Execute         transform -hls -keep-callgraph -scalarrepl -mem2reg -port-alignment -attach-range -dce -pipe-mux-gen -indvars -loop-bound -inst-simplify -instcombine -dce -merge-array-access -mem2reg -dce -clean-region -mergereturn -if-conv -instcombine -dce -constprop -basicaa -aggr-aa -aggrmodref-aa -aggr-aa -gvn -gvn -basicaa -aggr-aa -aggrmodref-aa -aggr-aa -dse -adse -adce -scalarrepl -mem2reg -global-constprop -deadargelim -deadargelim -instcombine -dce -simplifycfg -ptrArgReplace -mem2reg -function-inline -globaldce -mem2reg -instcombine -dce -expr-balance -instcombine -dce -bitwidthmin2 -bitwidthmin2 -interface-preproc -directive-preproc -inst-rectify -instcombine -dce -functionattrs -constprop -instcombine -bit-constprop -simplify-global-access -globalopt -globaldce -inst-simplify -instcombine -elimdeaddata -dce -loop-delete -simplifycfg -loop-simplify -barrier -norm-name C:/Xilinx/golden/srcnn_hls/solution1/.autopilot/db/a.o.1.tmp.bc -o C:/Xilinx/golden/srcnn_hls/solution1/.autopilot/db/a.o.2.bc -f -phase presyn 
Command         transform done; 0.591 sec.
INFO: [HLS 200-111] Finished Loop, function and other optimizations: CPU user time: 2 seconds. CPU system time: 0 seconds. Elapsed time: 5.328 seconds; current allocated memory: 144.008 MB.
INFO-FLOW: Building ssdm...
Execute         transform -hls -auto-function-inline -globaldce -ptrArgReplace -mem2reg -dce -reset-lda -loop-simplify -indvars -aggr-aa -licm -loop-dep -loop-bound -licm -loop-simplify -loop-sink-hoist -flattenloopnest -array-flatten -gvn -instcombine -dce -array-map -dce -func-legal -gvn -adce -instcombine -cfgopt -simplifycfg-lite -loop-simplify -array-burst -promote-global-argument -dce -array-seg-normalize -basicaa -aggrmodref-aa -globalsmodref-aa -aggr-aa -gvn -gvn -basicaa -aggrmodref-aa -globalsmodref-aa -aggr-aa -dse -adse -adce -licm -inst-simplify -dce -globaldce -instcombine -array-stream -eliminate-keepreads -instcombine -dce -deadargelim -doublePtrSimplify -doublePtrElim -dce -doublePtrSimplify -promote-dbg-pointer -dce -scalarrepl -mem2reg -norm-name -mem2reg -instcombine -dse -adse -adce -ptrLegalization -dce -auto-rom-infer -array-flatten -dce -instcombine -check-doubleptr -loop-rot -constprop -cfgopt -simplifycfg-lite -loop-simplify -indvars -pointer-simplify -dce -loop-bound -loop-simplify -loop-preproc -constprop -global-constprop -gvn -mem2reg -instcombine -dce -loop-bound -loop-merge -dce -deadargelim -dce -canonicalize-dataflow -dce -deadargelim -globaldce -mem2reg -bram-byte-enable -load-elim -read-loop-dep -loop-simplify -loop-extract-inner -directive-preproc -bitwidthmin2 -bitwidthmin2 -read-loop-dep -interface-preproc -directive-preproc -interface-gen -bram-byte-enable-spec-prop -deadargelim -inst-simplify -dce -gvn -mem2reg -instcombine -dce -adse -loop-bound -instcombine -cfgopt -simplifycfg-lite -loop-simplify -clean-region -io-protocol -find-region -mem2reg -bitop-raise -complex-op-raise -inst-simplify -inst-rectify -instcombine -adce -deadargelim -float-op-raise -loop-simplify -phi-opt -bitop-raise -cfgopt -simplifycfg-lite -strip-dead-prototypes -interface-lower -bitop-lower -intrinsic-lower -auto-function-inline -basicaa -aggrmodref-aa -globalsmodref-aa -aggr-aa -inst-simplify -simplifycfg-lite -loop-simplify -mergereturn -inst-simplify -inst-rectify -globaldce -dce -load-elim -bitop-lower -float-op-raise -fma-raise -loop-rewind -pointer-simplify -dce -cfgopt -dce -loop-bound -loop-dep -read-loop-dep -dce -dyn-mem-reuse -dce -recurrence-min -dce -share-scalar-alloca -deadargelim -dce -check-stream -norm-name -legalize -validate-dataflow -inst-clarity -bitwidth -dce -dump-loop-dep-to-ir -check-all-ssdm -dump-complexity-metric -cdfg-build C:/Xilinx/golden/srcnn_hls/solution1/.autopilot/db/a.o.2.bc -o C:/Xilinx/golden/srcnn_hls/solution1/.autopilot/db/a.o.3.bc -f -phase build-ssdm 
INFO: [XFORM 203-541] Flattening a loop nest 'VITIS_LOOP_19_2' (src/srcnn.cpp:19:24) in function 'srcnn'.
INFO: [XFORM 203-541] Flattening a loop nest 'VITIS_LOOP_18_1' (src/srcnn.cpp:18:22) in function 'srcnn'.
INFO: [XFORM 203-541] Flattening a loop nest 'VITIS_LOOP_28_5' (src/srcnn.cpp:28:24) in function 'srcnn'.
INFO: [XFORM 203-541] Flattening a loop nest 'VITIS_LOOP_27_4' (src/srcnn.cpp:27:22) in function 'srcnn'.
INFO: [XFORM 203-541] Flattening a loop nest 'VITIS_LOOP_144_5' (src/conv3.cpp:144:39) in function 'conv3'.
INFO: [XFORM 203-541] Flattening a loop nest 'VITIS_LOOP_143_4' (src/conv3.cpp:143:35) in function 'conv3'.
INFO: [XFORM 203-541] Flattening a loop nest 'VITIS_LOOP_32_2' (src/conv3.cpp:32:26) in function 'conv3'.
INFO: [XFORM 203-541] Flattening a loop nest 'VITIS_LOOP_55_3' (src/conv3.cpp:55:34) in function 'conv3'.
WARNING: [HLS 200-960] Cannot flatten loop 'VITIS_LOOP_52_1' (src/conv3.cpp:52:22) in function 'conv3' the outer loop is not a perfect loop because there is nontrivial logic before entering the inner loop.
WARNING: [HLS 200-960] Cannot flatten loop 'VITIS_LOOP_155_7' (src/conv3.cpp:155:35) in function 'conv3' more than one sub loop.
INFO: [XFORM 203-541] Flattening a loop nest 'VITIS_LOOP_109_2' (src/conv3.cpp:109:27) in function 'conv3'.
INFO: [XFORM 203-541] Flattening a loop nest 'VITIS_LOOP_108_1' (src/conv3.cpp:108:23) in function 'conv3'.
WARNING: [HLS 200-960] Cannot flatten loop 'VITIS_LOOP_139_3' (src/conv3.cpp:139:31) in function 'conv3' more than one sub loop.
INFO: [XFORM 203-541] Flattening a loop nest 'VITIS_LOOP_137_2' (src/conv3.cpp:137:27) in function 'conv3'.
INFO: [XFORM 203-541] Flattening a loop nest 'VITIS_LOOP_100_5' (src/conv2.cpp:100:37) in function 'conv2'.
INFO: [XFORM 203-541] Flattening a loop nest 'VITIS_LOOP_99_4' (src/conv2.cpp:99:34) in function 'conv2'.
INFO: [XFORM 203-541] Flattening a loop nest 'VITIS_LOOP_23_2' (src/conv2.cpp:23:24) in function 'conv2'.
WARNING: [HLS 200-960] Cannot flatten loop 'VITIS_LOOP_51_2' (src/conv2.cpp:51:24) in function 'conv2' the outer loop is not a perfect loop because there is nontrivial logic before entering the inner loop.
INFO: [XFORM 203-541] Flattening a loop nest 'VITIS_LOOP_50_1' (src/conv2.cpp:50:22) in function 'conv2'.
WARNING: [HLS 200-960] Cannot flatten loop 'VITIS_LOOP_106_7' (src/conv2.cpp:106:35) in function 'conv2' more than one sub loop.
INFO: [XFORM 203-541] Flattening a loop nest 'VITIS_LOOP_71_2' (src/conv2.cpp:71:24) in function 'conv2'.
INFO: [XFORM 203-541] Flattening a loop nest 'VITIS_LOOP_70_1' (src/conv2.cpp:70:22) in function 'conv2'.
WARNING: [HLS 200-960] Cannot flatten loop 'VITIS_LOOP_95_3' (src/conv2.cpp:95:30) in function 'conv2' more than one sub loop.
INFO: [XFORM 203-541] Flattening a loop nest 'VITIS_LOOP_93_2' (src/conv2.cpp:93:26) in function 'conv2'.
INFO: [XFORM 203-541] Flattening a loop nest 'VITIS_LOOP_90_1' (src/conv2.cpp:90:22) in function 'conv2'.
INFO: [XFORM 203-541] Flattening a loop nest 'VITIS_LOOP_126_5' (src/conv1.cpp:126:37) in function 'conv1'.
INFO: [XFORM 203-541] Flattening a loop nest 'VITIS_LOOP_125_4' (src/conv1.cpp:125:35) in function 'conv1'.
INFO: [XFORM 203-541] Flattening a loop nest 'VITIS_LOOP_32_2' (src/conv1.cpp:32:24) in function 'conv1'.
INFO: [XFORM 203-541] Flattening a loop nest 'VITIS_LOOP_53_3' (src/conv1.cpp:53:28) in function 'conv1'.
INFO: [XFORM 203-541] Flattening a loop nest 'VITIS_LOOP_50_1' (src/conv1.cpp:50:22) in function 'conv1'.
INFO: [XFORM 203-541] Flattening a loop nest 'VITIS_LOOP_95_2' (src/conv1.cpp:95:24) in function 'conv1'.
INFO: [XFORM 203-541] Flattening a loop nest 'VITIS_LOOP_94_1' (src/conv1.cpp:94:22) in function 'conv1'.
WARNING: [HLS 200-960] Cannot flatten loop 'VITIS_LOOP_121_3' (src/conv1.cpp:121:31) in function 'conv1' more than one sub loop.
INFO: [XFORM 203-541] Flattening a loop nest 'VITIS_LOOP_119_2' (src/conv1.cpp:119:27) in function 'conv1'.
INFO: [XFORM 203-541] Flattening a loop nest 'VITIS_LOOP_115_1' (src/conv1.cpp:115:23) in function 'conv1'.
WARNING: [HLS 200-960] Cannot flatten loop 'VITIS_LOOP_75_2' (src/conv3.cpp:75:26) in function 'compute_tile_c3' the outer loop is not a perfect loop because there is nontrivial logic before entering the inner loop.
INFO: [XFORM 203-541] Flattening a loop nest 'VITIS_LOOP_74_1' (src/conv3.cpp:74:22) in function 'compute_tile_c3'.
Execute           auto_get_db
Command         transform done; 2.723 sec.
INFO: [HLS 200-111] Finished Architecture Synthesis: CPU user time: 2 seconds. CPU system time: 0 seconds. Elapsed time: 2.724 seconds; current allocated memory: 342.395 MB.
INFO-FLOW: Finish building internal data model.
Command       opt_and_import_c done; 9.074 sec.
Command     elaborate done; 21.335 sec.
Execute     ap_eval exec zip -j C:/Xilinx/golden/srcnn_hls/solution1/.autopilot/db/dut.hcp $dbDir/a.o.3.bc $dbDir/${topname}.rtl_wrap.cfg.tcl $dbDir/apatb_${topname}.cpp $dbDir/apatb_${topname}_util.cpp $dbDir/apatb_${topname}_ir.ll $dbDir/mapper_${topname}.cpp $dbDir/top-io-fe.xml $dbDir/kernel.internal.xml $workdir/../hls.app 
Command     ap_eval done; 0.216 sec.
Execute     autosyn -from_csynth_design=1 
INFO: [HLS 200-10] Starting hardware synthesis ...
INFO-FLOW: Synthesizing C/C++ design ...
INFO: [HLS 200-10] Synthesizing 'srcnn' ...
Execute       ap_set_top_model srcnn 
Execute       get_model_list srcnn -filter all-wo-channel -topdown 
Execute       preproc_iomode -model srcnn 
Execute       preproc_iomode -model conv3 
Execute       preproc_iomode -model conv3_Pipeline_VITIS_LOOP_108_1_VITIS_LOOP_109_2_VITIS_LOOP_110_3 
Execute       preproc_iomode -model compute_tile_c3 
Execute       preproc_iomode -model compute_tile_c3_Pipeline_VITIS_LOOP_77_3 
Execute       preproc_iomode -model conv3_Pipeline_VITIS_LOOP_55_3_VITIS_LOOP_56_4 
Execute       preproc_iomode -model conv3_Pipeline_VITIS_LOOP_32_2_VITIS_LOOP_33_3 
Execute       preproc_iomode -model conv3_Pipeline_VITIS_LOOP_143_4_VITIS_LOOP_144_5_VITIS_LOOP_145_6 
Execute       preproc_iomode -model srcnn_Pipeline_VITIS_LOOP_27_4_VITIS_LOOP_28_5_VITIS_LOOP_29_6 
Execute       preproc_iomode -model conv2 
Execute       preproc_iomode -model conv2_Pipeline_VITIS_LOOP_70_1_VITIS_LOOP_71_2_VITIS_LOOP_72_3 
Execute       preproc_iomode -model conv2_Pipeline_VITIS_LOOP_53_3 
Execute       preproc_iomode -model conv2_Pipeline_VITIS_LOOP_23_2_VITIS_LOOP_24_3 
Execute       preproc_iomode -model conv2_Pipeline_VITIS_LOOP_99_4_VITIS_LOOP_100_5_VITIS_LOOP_101_6 
Execute       preproc_iomode -model srcnn_Pipeline_VITIS_LOOP_18_1_VITIS_LOOP_19_2_VITIS_LOOP_20_3 
Execute       preproc_iomode -model conv1 
Execute       preproc_iomode -model conv1_Pipeline_VITIS_LOOP_94_1_VITIS_LOOP_95_2_VITIS_LOOP_96_3 
Execute       preproc_iomode -model compute_tile_c1 
Execute       preproc_iomode -model compute_tile_c1_Pipeline_VITIS_LOOP_71_3 
Execute       preproc_iomode -model conv1_Pipeline_VITIS_LOOP_50_1_VITIS_LOOP_53_3_VITIS_LOOP_54_4 
Execute       preproc_iomode -model conv1_Pipeline_VITIS_LOOP_32_2_VITIS_LOOP_33_3 
Execute       preproc_iomode -model conv1_Pipeline_VITIS_LOOP_125_4_VITIS_LOOP_126_5_VITIS_LOOP_127_6 
Execute       get_model_list srcnn -filter all-wo-channel 
INFO-FLOW: Model list for configure: conv1_Pipeline_VITIS_LOOP_125_4_VITIS_LOOP_126_5_VITIS_LOOP_127_6 conv1_Pipeline_VITIS_LOOP_32_2_VITIS_LOOP_33_3 conv1_Pipeline_VITIS_LOOP_50_1_VITIS_LOOP_53_3_VITIS_LOOP_54_4 compute_tile_c1_Pipeline_VITIS_LOOP_71_3 compute_tile_c1 conv1_Pipeline_VITIS_LOOP_94_1_VITIS_LOOP_95_2_VITIS_LOOP_96_3 conv1 srcnn_Pipeline_VITIS_LOOP_18_1_VITIS_LOOP_19_2_VITIS_LOOP_20_3 conv2_Pipeline_VITIS_LOOP_99_4_VITIS_LOOP_100_5_VITIS_LOOP_101_6 conv2_Pipeline_VITIS_LOOP_23_2_VITIS_LOOP_24_3 conv2_Pipeline_VITIS_LOOP_53_3 conv2_Pipeline_VITIS_LOOP_70_1_VITIS_LOOP_71_2_VITIS_LOOP_72_3 conv2 srcnn_Pipeline_VITIS_LOOP_27_4_VITIS_LOOP_28_5_VITIS_LOOP_29_6 conv3_Pipeline_VITIS_LOOP_143_4_VITIS_LOOP_144_5_VITIS_LOOP_145_6 conv3_Pipeline_VITIS_LOOP_32_2_VITIS_LOOP_33_3 conv3_Pipeline_VITIS_LOOP_55_3_VITIS_LOOP_56_4 compute_tile_c3_Pipeline_VITIS_LOOP_77_3 compute_tile_c3 conv3_Pipeline_VITIS_LOOP_108_1_VITIS_LOOP_109_2_VITIS_LOOP_110_3 conv3 srcnn
INFO-FLOW: Configuring Module : conv1_Pipeline_VITIS_LOOP_125_4_VITIS_LOOP_126_5_VITIS_LOOP_127_6 ...
Execute       set_default_model conv1_Pipeline_VITIS_LOOP_125_4_VITIS_LOOP_126_5_VITIS_LOOP_127_6 
Execute       apply_spec_resource_limit conv1_Pipeline_VITIS_LOOP_125_4_VITIS_LOOP_126_5_VITIS_LOOP_127_6 
INFO-FLOW: Configuring Module : conv1_Pipeline_VITIS_LOOP_32_2_VITIS_LOOP_33_3 ...
Execute       set_default_model conv1_Pipeline_VITIS_LOOP_32_2_VITIS_LOOP_33_3 
Execute       apply_spec_resource_limit conv1_Pipeline_VITIS_LOOP_32_2_VITIS_LOOP_33_3 
INFO-FLOW: Configuring Module : conv1_Pipeline_VITIS_LOOP_50_1_VITIS_LOOP_53_3_VITIS_LOOP_54_4 ...
Execute       set_default_model conv1_Pipeline_VITIS_LOOP_50_1_VITIS_LOOP_53_3_VITIS_LOOP_54_4 
Execute       apply_spec_resource_limit conv1_Pipeline_VITIS_LOOP_50_1_VITIS_LOOP_53_3_VITIS_LOOP_54_4 
INFO-FLOW: Configuring Module : compute_tile_c1_Pipeline_VITIS_LOOP_71_3 ...
Execute       set_default_model compute_tile_c1_Pipeline_VITIS_LOOP_71_3 
Execute       apply_spec_resource_limit compute_tile_c1_Pipeline_VITIS_LOOP_71_3 
INFO-FLOW: Configuring Module : compute_tile_c1 ...
Execute       set_default_model compute_tile_c1 
Execute       apply_spec_resource_limit compute_tile_c1 
INFO-FLOW: Configuring Module : conv1_Pipeline_VITIS_LOOP_94_1_VITIS_LOOP_95_2_VITIS_LOOP_96_3 ...
Execute       set_default_model conv1_Pipeline_VITIS_LOOP_94_1_VITIS_LOOP_95_2_VITIS_LOOP_96_3 
Execute       apply_spec_resource_limit conv1_Pipeline_VITIS_LOOP_94_1_VITIS_LOOP_95_2_VITIS_LOOP_96_3 
INFO-FLOW: Configuring Module : conv1 ...
Execute       set_default_model conv1 
Execute       apply_spec_resource_limit conv1 
INFO-FLOW: Configuring Module : srcnn_Pipeline_VITIS_LOOP_18_1_VITIS_LOOP_19_2_VITIS_LOOP_20_3 ...
Execute       set_default_model srcnn_Pipeline_VITIS_LOOP_18_1_VITIS_LOOP_19_2_VITIS_LOOP_20_3 
Execute       apply_spec_resource_limit srcnn_Pipeline_VITIS_LOOP_18_1_VITIS_LOOP_19_2_VITIS_LOOP_20_3 
INFO-FLOW: Configuring Module : conv2_Pipeline_VITIS_LOOP_99_4_VITIS_LOOP_100_5_VITIS_LOOP_101_6 ...
Execute       set_default_model conv2_Pipeline_VITIS_LOOP_99_4_VITIS_LOOP_100_5_VITIS_LOOP_101_6 
Execute       apply_spec_resource_limit conv2_Pipeline_VITIS_LOOP_99_4_VITIS_LOOP_100_5_VITIS_LOOP_101_6 
INFO-FLOW: Configuring Module : conv2_Pipeline_VITIS_LOOP_23_2_VITIS_LOOP_24_3 ...
Execute       set_default_model conv2_Pipeline_VITIS_LOOP_23_2_VITIS_LOOP_24_3 
Execute       apply_spec_resource_limit conv2_Pipeline_VITIS_LOOP_23_2_VITIS_LOOP_24_3 
INFO-FLOW: Configuring Module : conv2_Pipeline_VITIS_LOOP_53_3 ...
Execute       set_default_model conv2_Pipeline_VITIS_LOOP_53_3 
Execute       apply_spec_resource_limit conv2_Pipeline_VITIS_LOOP_53_3 
INFO-FLOW: Configuring Module : conv2_Pipeline_VITIS_LOOP_70_1_VITIS_LOOP_71_2_VITIS_LOOP_72_3 ...
Execute       set_default_model conv2_Pipeline_VITIS_LOOP_70_1_VITIS_LOOP_71_2_VITIS_LOOP_72_3 
Execute       apply_spec_resource_limit conv2_Pipeline_VITIS_LOOP_70_1_VITIS_LOOP_71_2_VITIS_LOOP_72_3 
INFO-FLOW: Configuring Module : conv2 ...
Execute       set_default_model conv2 
Execute       apply_spec_resource_limit conv2 
INFO-FLOW: Configuring Module : srcnn_Pipeline_VITIS_LOOP_27_4_VITIS_LOOP_28_5_VITIS_LOOP_29_6 ...
Execute       set_default_model srcnn_Pipeline_VITIS_LOOP_27_4_VITIS_LOOP_28_5_VITIS_LOOP_29_6 
Execute       apply_spec_resource_limit srcnn_Pipeline_VITIS_LOOP_27_4_VITIS_LOOP_28_5_VITIS_LOOP_29_6 
INFO-FLOW: Configuring Module : conv3_Pipeline_VITIS_LOOP_143_4_VITIS_LOOP_144_5_VITIS_LOOP_145_6 ...
Execute       set_default_model conv3_Pipeline_VITIS_LOOP_143_4_VITIS_LOOP_144_5_VITIS_LOOP_145_6 
Execute       apply_spec_resource_limit conv3_Pipeline_VITIS_LOOP_143_4_VITIS_LOOP_144_5_VITIS_LOOP_145_6 
INFO-FLOW: Configuring Module : conv3_Pipeline_VITIS_LOOP_32_2_VITIS_LOOP_33_3 ...
Execute       set_default_model conv3_Pipeline_VITIS_LOOP_32_2_VITIS_LOOP_33_3 
Execute       apply_spec_resource_limit conv3_Pipeline_VITIS_LOOP_32_2_VITIS_LOOP_33_3 
INFO-FLOW: Configuring Module : conv3_Pipeline_VITIS_LOOP_55_3_VITIS_LOOP_56_4 ...
Execute       set_default_model conv3_Pipeline_VITIS_LOOP_55_3_VITIS_LOOP_56_4 
Execute       apply_spec_resource_limit conv3_Pipeline_VITIS_LOOP_55_3_VITIS_LOOP_56_4 
INFO-FLOW: Configuring Module : compute_tile_c3_Pipeline_VITIS_LOOP_77_3 ...
Execute       set_default_model compute_tile_c3_Pipeline_VITIS_LOOP_77_3 
Execute       apply_spec_resource_limit compute_tile_c3_Pipeline_VITIS_LOOP_77_3 
INFO-FLOW: Configuring Module : compute_tile_c3 ...
Execute       set_default_model compute_tile_c3 
Execute       apply_spec_resource_limit compute_tile_c3 
INFO-FLOW: Configuring Module : conv3_Pipeline_VITIS_LOOP_108_1_VITIS_LOOP_109_2_VITIS_LOOP_110_3 ...
Execute       set_default_model conv3_Pipeline_VITIS_LOOP_108_1_VITIS_LOOP_109_2_VITIS_LOOP_110_3 
Execute       apply_spec_resource_limit conv3_Pipeline_VITIS_LOOP_108_1_VITIS_LOOP_109_2_VITIS_LOOP_110_3 
INFO-FLOW: Configuring Module : conv3 ...
Execute       set_default_model conv3 
Execute       apply_spec_resource_limit conv3 
INFO-FLOW: Configuring Module : srcnn ...
Execute       set_default_model srcnn 
Execute       apply_spec_resource_limit srcnn 
INFO-FLOW: Model list for preprocess: conv1_Pipeline_VITIS_LOOP_125_4_VITIS_LOOP_126_5_VITIS_LOOP_127_6 conv1_Pipeline_VITIS_LOOP_32_2_VITIS_LOOP_33_3 conv1_Pipeline_VITIS_LOOP_50_1_VITIS_LOOP_53_3_VITIS_LOOP_54_4 compute_tile_c1_Pipeline_VITIS_LOOP_71_3 compute_tile_c1 conv1_Pipeline_VITIS_LOOP_94_1_VITIS_LOOP_95_2_VITIS_LOOP_96_3 conv1 srcnn_Pipeline_VITIS_LOOP_18_1_VITIS_LOOP_19_2_VITIS_LOOP_20_3 conv2_Pipeline_VITIS_LOOP_99_4_VITIS_LOOP_100_5_VITIS_LOOP_101_6 conv2_Pipeline_VITIS_LOOP_23_2_VITIS_LOOP_24_3 conv2_Pipeline_VITIS_LOOP_53_3 conv2_Pipeline_VITIS_LOOP_70_1_VITIS_LOOP_71_2_VITIS_LOOP_72_3 conv2 srcnn_Pipeline_VITIS_LOOP_27_4_VITIS_LOOP_28_5_VITIS_LOOP_29_6 conv3_Pipeline_VITIS_LOOP_143_4_VITIS_LOOP_144_5_VITIS_LOOP_145_6 conv3_Pipeline_VITIS_LOOP_32_2_VITIS_LOOP_33_3 conv3_Pipeline_VITIS_LOOP_55_3_VITIS_LOOP_56_4 compute_tile_c3_Pipeline_VITIS_LOOP_77_3 compute_tile_c3 conv3_Pipeline_VITIS_LOOP_108_1_VITIS_LOOP_109_2_VITIS_LOOP_110_3 conv3 srcnn
INFO-FLOW: Preprocessing Module: conv1_Pipeline_VITIS_LOOP_125_4_VITIS_LOOP_126_5_VITIS_LOOP_127_6 ...
Execute       set_default_model conv1_Pipeline_VITIS_LOOP_125_4_VITIS_LOOP_126_5_VITIS_LOOP_127_6 
Execute       cdfg_preprocess -model conv1_Pipeline_VITIS_LOOP_125_4_VITIS_LOOP_126_5_VITIS_LOOP_127_6 
Execute       rtl_gen_preprocess conv1_Pipeline_VITIS_LOOP_125_4_VITIS_LOOP_126_5_VITIS_LOOP_127_6 
INFO-FLOW: Preprocessing Module: conv1_Pipeline_VITIS_LOOP_32_2_VITIS_LOOP_33_3 ...
Execute       set_default_model conv1_Pipeline_VITIS_LOOP_32_2_VITIS_LOOP_33_3 
Execute       cdfg_preprocess -model conv1_Pipeline_VITIS_LOOP_32_2_VITIS_LOOP_33_3 
Execute       rtl_gen_preprocess conv1_Pipeline_VITIS_LOOP_32_2_VITIS_LOOP_33_3 
INFO-FLOW: Preprocessing Module: conv1_Pipeline_VITIS_LOOP_50_1_VITIS_LOOP_53_3_VITIS_LOOP_54_4 ...
Execute       set_default_model conv1_Pipeline_VITIS_LOOP_50_1_VITIS_LOOP_53_3_VITIS_LOOP_54_4 
Execute       cdfg_preprocess -model conv1_Pipeline_VITIS_LOOP_50_1_VITIS_LOOP_53_3_VITIS_LOOP_54_4 
Execute       rtl_gen_preprocess conv1_Pipeline_VITIS_LOOP_50_1_VITIS_LOOP_53_3_VITIS_LOOP_54_4 
INFO-FLOW: Preprocessing Module: compute_tile_c1_Pipeline_VITIS_LOOP_71_3 ...
Execute       set_default_model compute_tile_c1_Pipeline_VITIS_LOOP_71_3 
Execute       cdfg_preprocess -model compute_tile_c1_Pipeline_VITIS_LOOP_71_3 
Execute       rtl_gen_preprocess compute_tile_c1_Pipeline_VITIS_LOOP_71_3 
INFO-FLOW: Preprocessing Module: compute_tile_c1 ...
Execute       set_default_model compute_tile_c1 
Execute       cdfg_preprocess -model compute_tile_c1 
Execute       rtl_gen_preprocess compute_tile_c1 
INFO-FLOW: Preprocessing Module: conv1_Pipeline_VITIS_LOOP_94_1_VITIS_LOOP_95_2_VITIS_LOOP_96_3 ...
Execute       set_default_model conv1_Pipeline_VITIS_LOOP_94_1_VITIS_LOOP_95_2_VITIS_LOOP_96_3 
Execute       cdfg_preprocess -model conv1_Pipeline_VITIS_LOOP_94_1_VITIS_LOOP_95_2_VITIS_LOOP_96_3 
Execute       rtl_gen_preprocess conv1_Pipeline_VITIS_LOOP_94_1_VITIS_LOOP_95_2_VITIS_LOOP_96_3 
INFO-FLOW: Preprocessing Module: conv1 ...
Execute       set_default_model conv1 
Execute       cdfg_preprocess -model conv1 
Execute       rtl_gen_preprocess conv1 
INFO-FLOW: Preprocessing Module: srcnn_Pipeline_VITIS_LOOP_18_1_VITIS_LOOP_19_2_VITIS_LOOP_20_3 ...
Execute       set_default_model srcnn_Pipeline_VITIS_LOOP_18_1_VITIS_LOOP_19_2_VITIS_LOOP_20_3 
Execute       cdfg_preprocess -model srcnn_Pipeline_VITIS_LOOP_18_1_VITIS_LOOP_19_2_VITIS_LOOP_20_3 
Execute       rtl_gen_preprocess srcnn_Pipeline_VITIS_LOOP_18_1_VITIS_LOOP_19_2_VITIS_LOOP_20_3 
INFO-FLOW: Preprocessing Module: conv2_Pipeline_VITIS_LOOP_99_4_VITIS_LOOP_100_5_VITIS_LOOP_101_6 ...
Execute       set_default_model conv2_Pipeline_VITIS_LOOP_99_4_VITIS_LOOP_100_5_VITIS_LOOP_101_6 
Execute       cdfg_preprocess -model conv2_Pipeline_VITIS_LOOP_99_4_VITIS_LOOP_100_5_VITIS_LOOP_101_6 
Execute       rtl_gen_preprocess conv2_Pipeline_VITIS_LOOP_99_4_VITIS_LOOP_100_5_VITIS_LOOP_101_6 
INFO-FLOW: Preprocessing Module: conv2_Pipeline_VITIS_LOOP_23_2_VITIS_LOOP_24_3 ...
Execute       set_default_model conv2_Pipeline_VITIS_LOOP_23_2_VITIS_LOOP_24_3 
Execute       cdfg_preprocess -model conv2_Pipeline_VITIS_LOOP_23_2_VITIS_LOOP_24_3 
Execute       rtl_gen_preprocess conv2_Pipeline_VITIS_LOOP_23_2_VITIS_LOOP_24_3 
INFO-FLOW: Preprocessing Module: conv2_Pipeline_VITIS_LOOP_53_3 ...
Execute       set_default_model conv2_Pipeline_VITIS_LOOP_53_3 
Execute       cdfg_preprocess -model conv2_Pipeline_VITIS_LOOP_53_3 
Execute       rtl_gen_preprocess conv2_Pipeline_VITIS_LOOP_53_3 
INFO-FLOW: Preprocessing Module: conv2_Pipeline_VITIS_LOOP_70_1_VITIS_LOOP_71_2_VITIS_LOOP_72_3 ...
Execute       set_default_model conv2_Pipeline_VITIS_LOOP_70_1_VITIS_LOOP_71_2_VITIS_LOOP_72_3 
Execute       cdfg_preprocess -model conv2_Pipeline_VITIS_LOOP_70_1_VITIS_LOOP_71_2_VITIS_LOOP_72_3 
Execute       rtl_gen_preprocess conv2_Pipeline_VITIS_LOOP_70_1_VITIS_LOOP_71_2_VITIS_LOOP_72_3 
INFO-FLOW: Preprocessing Module: conv2 ...
Execute       set_default_model conv2 
Execute       cdfg_preprocess -model conv2 
Execute       rtl_gen_preprocess conv2 
INFO-FLOW: Preprocessing Module: srcnn_Pipeline_VITIS_LOOP_27_4_VITIS_LOOP_28_5_VITIS_LOOP_29_6 ...
Execute       set_default_model srcnn_Pipeline_VITIS_LOOP_27_4_VITIS_LOOP_28_5_VITIS_LOOP_29_6 
Execute       cdfg_preprocess -model srcnn_Pipeline_VITIS_LOOP_27_4_VITIS_LOOP_28_5_VITIS_LOOP_29_6 
Execute       rtl_gen_preprocess srcnn_Pipeline_VITIS_LOOP_27_4_VITIS_LOOP_28_5_VITIS_LOOP_29_6 
INFO-FLOW: Preprocessing Module: conv3_Pipeline_VITIS_LOOP_143_4_VITIS_LOOP_144_5_VITIS_LOOP_145_6 ...
Execute       set_default_model conv3_Pipeline_VITIS_LOOP_143_4_VITIS_LOOP_144_5_VITIS_LOOP_145_6 
Execute       cdfg_preprocess -model conv3_Pipeline_VITIS_LOOP_143_4_VITIS_LOOP_144_5_VITIS_LOOP_145_6 
Execute       rtl_gen_preprocess conv3_Pipeline_VITIS_LOOP_143_4_VITIS_LOOP_144_5_VITIS_LOOP_145_6 
INFO-FLOW: Preprocessing Module: conv3_Pipeline_VITIS_LOOP_32_2_VITIS_LOOP_33_3 ...
Execute       set_default_model conv3_Pipeline_VITIS_LOOP_32_2_VITIS_LOOP_33_3 
Execute       cdfg_preprocess -model conv3_Pipeline_VITIS_LOOP_32_2_VITIS_LOOP_33_3 
Execute       rtl_gen_preprocess conv3_Pipeline_VITIS_LOOP_32_2_VITIS_LOOP_33_3 
INFO-FLOW: Preprocessing Module: conv3_Pipeline_VITIS_LOOP_55_3_VITIS_LOOP_56_4 ...
Execute       set_default_model conv3_Pipeline_VITIS_LOOP_55_3_VITIS_LOOP_56_4 
Execute       cdfg_preprocess -model conv3_Pipeline_VITIS_LOOP_55_3_VITIS_LOOP_56_4 
Execute       rtl_gen_preprocess conv3_Pipeline_VITIS_LOOP_55_3_VITIS_LOOP_56_4 
INFO-FLOW: Preprocessing Module: compute_tile_c3_Pipeline_VITIS_LOOP_77_3 ...
Execute       set_default_model compute_tile_c3_Pipeline_VITIS_LOOP_77_3 
Execute       cdfg_preprocess -model compute_tile_c3_Pipeline_VITIS_LOOP_77_3 
Execute       rtl_gen_preprocess compute_tile_c3_Pipeline_VITIS_LOOP_77_3 
INFO-FLOW: Preprocessing Module: compute_tile_c3 ...
Execute       set_default_model compute_tile_c3 
Execute       cdfg_preprocess -model compute_tile_c3 
Execute       rtl_gen_preprocess compute_tile_c3 
INFO-FLOW: Preprocessing Module: conv3_Pipeline_VITIS_LOOP_108_1_VITIS_LOOP_109_2_VITIS_LOOP_110_3 ...
Execute       set_default_model conv3_Pipeline_VITIS_LOOP_108_1_VITIS_LOOP_109_2_VITIS_LOOP_110_3 
Execute       cdfg_preprocess -model conv3_Pipeline_VITIS_LOOP_108_1_VITIS_LOOP_109_2_VITIS_LOOP_110_3 
Execute       rtl_gen_preprocess conv3_Pipeline_VITIS_LOOP_108_1_VITIS_LOOP_109_2_VITIS_LOOP_110_3 
INFO-FLOW: Preprocessing Module: conv3 ...
Execute       set_default_model conv3 
Execute       cdfg_preprocess -model conv3 
Execute       rtl_gen_preprocess conv3 
INFO-FLOW: Preprocessing Module: srcnn ...
Execute       set_default_model srcnn 
Execute       cdfg_preprocess -model srcnn 
Execute       rtl_gen_preprocess srcnn 
INFO-FLOW: Model list for synthesis: conv1_Pipeline_VITIS_LOOP_125_4_VITIS_LOOP_126_5_VITIS_LOOP_127_6 conv1_Pipeline_VITIS_LOOP_32_2_VITIS_LOOP_33_3 conv1_Pipeline_VITIS_LOOP_50_1_VITIS_LOOP_53_3_VITIS_LOOP_54_4 compute_tile_c1_Pipeline_VITIS_LOOP_71_3 compute_tile_c1 conv1_Pipeline_VITIS_LOOP_94_1_VITIS_LOOP_95_2_VITIS_LOOP_96_3 conv1 srcnn_Pipeline_VITIS_LOOP_18_1_VITIS_LOOP_19_2_VITIS_LOOP_20_3 conv2_Pipeline_VITIS_LOOP_99_4_VITIS_LOOP_100_5_VITIS_LOOP_101_6 conv2_Pipeline_VITIS_LOOP_23_2_VITIS_LOOP_24_3 conv2_Pipeline_VITIS_LOOP_53_3 conv2_Pipeline_VITIS_LOOP_70_1_VITIS_LOOP_71_2_VITIS_LOOP_72_3 conv2 srcnn_Pipeline_VITIS_LOOP_27_4_VITIS_LOOP_28_5_VITIS_LOOP_29_6 conv3_Pipeline_VITIS_LOOP_143_4_VITIS_LOOP_144_5_VITIS_LOOP_145_6 conv3_Pipeline_VITIS_LOOP_32_2_VITIS_LOOP_33_3 conv3_Pipeline_VITIS_LOOP_55_3_VITIS_LOOP_56_4 compute_tile_c3_Pipeline_VITIS_LOOP_77_3 compute_tile_c3 conv3_Pipeline_VITIS_LOOP_108_1_VITIS_LOOP_109_2_VITIS_LOOP_110_3 conv3 srcnn
INFO: [HLS 200-10] ----------------------------------------------------------------
INFO: [HLS 200-42] -- Implementing module 'conv1_Pipeline_VITIS_LOOP_125_4_VITIS_LOOP_126_5_VITIS_LOOP_127_6' 
INFO: [HLS 200-10] ----------------------------------------------------------------
Execute       set_default_model conv1_Pipeline_VITIS_LOOP_125_4_VITIS_LOOP_126_5_VITIS_LOOP_127_6 
Execute       schedule -model conv1_Pipeline_VITIS_LOOP_125_4_VITIS_LOOP_126_5_VITIS_LOOP_127_6 
INFO: [SCHED 204-11] Starting scheduling ...
INFO: [SCHED 204-61] Pipelining loop 'VITIS_LOOP_125_4_VITIS_LOOP_126_5_VITIS_LOOP_127_6'.
INFO: [HLS 200-1470] Pipelining result : Target II = 1, Final II = 1, Depth = 2, loop 'VITIS_LOOP_125_4_VITIS_LOOP_126_5_VITIS_LOOP_127_6'
INFO: [SCHED 204-11] Finished scheduling.
Command       schedule done; 0.391 sec.
INFO: [HLS 200-111] Finished Scheduling: CPU user time: 1 seconds. CPU system time: 0 seconds. Elapsed time: 0.951 seconds; current allocated memory: 348.719 MB.
Execute       syn_report -verbosereport -o C:/Xilinx/golden/srcnn_hls/solution1/.autopilot/db/conv1_Pipeline_VITIS_LOOP_125_4_VITIS_LOOP_126_5_VITIS_LOOP_127_6.verbose.sched.rpt 
Execute         list_part -family xck26-sfvc784-2LV-c 
Execute           ap_family_info -name xck26-sfvc784-2LV-c -data names 
Execute           ap_part_info -quiet -name xck26-sfvc784-2LV-c -data family 
Execute       db_write -o C:/Xilinx/golden/srcnn_hls/solution1/.autopilot/db/conv1_Pipeline_VITIS_LOOP_125_4_VITIS_LOOP_126_5_VITIS_LOOP_127_6.sched.adb -f 
INFO-FLOW: Finish scheduling conv1_Pipeline_VITIS_LOOP_125_4_VITIS_LOOP_126_5_VITIS_LOOP_127_6.
Execute       set_default_model conv1_Pipeline_VITIS_LOOP_125_4_VITIS_LOOP_126_5_VITIS_LOOP_127_6 
Execute       bind -model conv1_Pipeline_VITIS_LOOP_125_4_VITIS_LOOP_126_5_VITIS_LOOP_127_6 
INFO: [BIND 205-100] Starting micro-architecture generation ...
INFO: [BIND 205-101] Performing variable lifetime analysis.
INFO: [BIND 205-101] Exploring resource sharing.
INFO: [BIND 205-101] Binding ...
INFO: [BIND 205-100] Finished micro-architecture generation.
Command       bind done; 0.153 sec.
INFO: [HLS 200-111] Finished Binding: CPU user time: 0 seconds. CPU system time: 0 seconds. Elapsed time: 0.216 seconds; current allocated memory: 349.891 MB.
Execute       syn_report -verbosereport -o C:/Xilinx/golden/srcnn_hls/solution1/.autopilot/db/conv1_Pipeline_VITIS_LOOP_125_4_VITIS_LOOP_126_5_VITIS_LOOP_127_6.verbose.bind.rpt 
Execute         list_part -family xck26-sfvc784-2LV-c 
Execute           ap_family_info -name xck26-sfvc784-2LV-c -data names 
Execute           ap_part_info -quiet -name xck26-sfvc784-2LV-c -data family 
Execute       db_write -o C:/Xilinx/golden/srcnn_hls/solution1/.autopilot/db/conv1_Pipeline_VITIS_LOOP_125_4_VITIS_LOOP_126_5_VITIS_LOOP_127_6.bind.adb -f 
INFO-FLOW: Finish binding conv1_Pipeline_VITIS_LOOP_125_4_VITIS_LOOP_126_5_VITIS_LOOP_127_6.
INFO: [HLS 200-10] ----------------------------------------------------------------
INFO: [HLS 200-42] -- Implementing module 'conv1_Pipeline_VITIS_LOOP_32_2_VITIS_LOOP_33_3' 
INFO: [HLS 200-10] ----------------------------------------------------------------
Execute       set_default_model conv1_Pipeline_VITIS_LOOP_32_2_VITIS_LOOP_33_3 
Execute       schedule -model conv1_Pipeline_VITIS_LOOP_32_2_VITIS_LOOP_33_3 
INFO: [SCHED 204-11] Starting scheduling ...
INFO: [SCHED 204-61] Pipelining loop 'VITIS_LOOP_32_2_VITIS_LOOP_33_3'.
INFO: [HLS 200-1470] Pipelining result : Target II = 1, Final II = 1, Depth = 3, loop 'VITIS_LOOP_32_2_VITIS_LOOP_33_3'
INFO: [SCHED 204-11] Finished scheduling.
Command       schedule done; 0.254 sec.
INFO: [HLS 200-111] Finished Scheduling: CPU user time: 0 seconds. CPU system time: 0 seconds. Elapsed time: 0.334 seconds; current allocated memory: 350.441 MB.
Execute       syn_report -verbosereport -o C:/Xilinx/golden/srcnn_hls/solution1/.autopilot/db/conv1_Pipeline_VITIS_LOOP_32_2_VITIS_LOOP_33_3.verbose.sched.rpt 
Execute         list_part -family xck26-sfvc784-2LV-c 
Execute           ap_family_info -name xck26-sfvc784-2LV-c -data names 
Execute           ap_part_info -quiet -name xck26-sfvc784-2LV-c -data family 
Execute       db_write -o C:/Xilinx/golden/srcnn_hls/solution1/.autopilot/db/conv1_Pipeline_VITIS_LOOP_32_2_VITIS_LOOP_33_3.sched.adb -f 
INFO-FLOW: Finish scheduling conv1_Pipeline_VITIS_LOOP_32_2_VITIS_LOOP_33_3.
Execute       set_default_model conv1_Pipeline_VITIS_LOOP_32_2_VITIS_LOOP_33_3 
Execute       bind -model conv1_Pipeline_VITIS_LOOP_32_2_VITIS_LOOP_33_3 
INFO: [BIND 205-100] Starting micro-architecture generation ...
INFO: [BIND 205-101] Performing variable lifetime analysis.
INFO: [BIND 205-101] Exploring resource sharing.
INFO: [BIND 205-101] Binding ...
INFO: [BIND 205-100] Finished micro-architecture generation.
Command       bind done; 0.156 sec.
INFO: [HLS 200-111] Finished Binding: CPU user time: 0 seconds. CPU system time: 0 seconds. Elapsed time: 0.219 seconds; current allocated memory: 350.559 MB.
Execute       syn_report -verbosereport -o C:/Xilinx/golden/srcnn_hls/solution1/.autopilot/db/conv1_Pipeline_VITIS_LOOP_32_2_VITIS_LOOP_33_3.verbose.bind.rpt 
Execute         list_part -family xck26-sfvc784-2LV-c 
Execute           ap_family_info -name xck26-sfvc784-2LV-c -data names 
Execute           ap_part_info -quiet -name xck26-sfvc784-2LV-c -data family 
Execute       db_write -o C:/Xilinx/golden/srcnn_hls/solution1/.autopilot/db/conv1_Pipeline_VITIS_LOOP_32_2_VITIS_LOOP_33_3.bind.adb -f 
INFO-FLOW: Finish binding conv1_Pipeline_VITIS_LOOP_32_2_VITIS_LOOP_33_3.
INFO: [HLS 200-10] ----------------------------------------------------------------
INFO: [HLS 200-42] -- Implementing module 'conv1_Pipeline_VITIS_LOOP_50_1_VITIS_LOOP_53_3_VITIS_LOOP_54_4' 
INFO: [HLS 200-10] ----------------------------------------------------------------
Execute       set_default_model conv1_Pipeline_VITIS_LOOP_50_1_VITIS_LOOP_53_3_VITIS_LOOP_54_4 
Execute       schedule -model conv1_Pipeline_VITIS_LOOP_50_1_VITIS_LOOP_53_3_VITIS_LOOP_54_4 
INFO: [SCHED 204-11] Starting scheduling ...
INFO: [SCHED 204-61] Pipelining loop 'VITIS_LOOP_50_1_VITIS_LOOP_53_3_VITIS_LOOP_54_4'.
INFO: [HLS 200-1470] Pipelining result : Target II = 1, Final II = 1, Depth = 2, loop 'VITIS_LOOP_50_1_VITIS_LOOP_53_3_VITIS_LOOP_54_4'
INFO: [SCHED 204-11] Finished scheduling.
Command       schedule done; 0.374 sec.
INFO: [HLS 200-111] Finished Scheduling: CPU user time: 1 seconds. CPU system time: 0 seconds. Elapsed time: 0.505 seconds; current allocated memory: 353.789 MB.
Execute       syn_report -verbosereport -o C:/Xilinx/golden/srcnn_hls/solution1/.autopilot/db/conv1_Pipeline_VITIS_LOOP_50_1_VITIS_LOOP_53_3_VITIS_LOOP_54_4.verbose.sched.rpt 
Execute         list_part -family xck26-sfvc784-2LV-c 
Execute           ap_family_info -name xck26-sfvc784-2LV-c -data names 
Execute           ap_part_info -quiet -name xck26-sfvc784-2LV-c -data family 
Execute       db_write -o C:/Xilinx/golden/srcnn_hls/solution1/.autopilot/db/conv1_Pipeline_VITIS_LOOP_50_1_VITIS_LOOP_53_3_VITIS_LOOP_54_4.sched.adb -f 
INFO-FLOW: Finish scheduling conv1_Pipeline_VITIS_LOOP_50_1_VITIS_LOOP_53_3_VITIS_LOOP_54_4.
Execute       set_default_model conv1_Pipeline_VITIS_LOOP_50_1_VITIS_LOOP_53_3_VITIS_LOOP_54_4 
Execute       bind -model conv1_Pipeline_VITIS_LOOP_50_1_VITIS_LOOP_53_3_VITIS_LOOP_54_4 
INFO: [BIND 205-100] Starting micro-architecture generation ...
INFO: [BIND 205-101] Performing variable lifetime analysis.
INFO: [BIND 205-101] Exploring resource sharing.
INFO: [BIND 205-101] Binding ...
INFO: [BIND 205-100] Finished micro-architecture generation.
Command       bind done; 0.12 sec.
INFO: [HLS 200-111] Finished Binding: CPU user time: 0 seconds. CPU system time: 0 seconds. Elapsed time: 0.262 seconds; current allocated memory: 353.801 MB.
Execute       syn_report -verbosereport -o C:/Xilinx/golden/srcnn_hls/solution1/.autopilot/db/conv1_Pipeline_VITIS_LOOP_50_1_VITIS_LOOP_53_3_VITIS_LOOP_54_4.verbose.bind.rpt 
Execute         list_part -family xck26-sfvc784-2LV-c 
Execute           ap_family_info -name xck26-sfvc784-2LV-c -data names 
Execute           ap_part_info -quiet -name xck26-sfvc784-2LV-c -data family 
Execute       db_write -o C:/Xilinx/golden/srcnn_hls/solution1/.autopilot/db/conv1_Pipeline_VITIS_LOOP_50_1_VITIS_LOOP_53_3_VITIS_LOOP_54_4.bind.adb -f 
INFO-FLOW: Finish binding conv1_Pipeline_VITIS_LOOP_50_1_VITIS_LOOP_53_3_VITIS_LOOP_54_4.
INFO: [HLS 200-10] ----------------------------------------------------------------
INFO: [HLS 200-42] -- Implementing module 'compute_tile_c1_Pipeline_VITIS_LOOP_71_3' 
INFO: [HLS 200-10] ----------------------------------------------------------------
Execute       set_default_model compute_tile_c1_Pipeline_VITIS_LOOP_71_3 
Execute       schedule -model compute_tile_c1_Pipeline_VITIS_LOOP_71_3 
INFO: [SCHED 204-11] Starting scheduling ...
INFO: [SCHED 204-61] Pipelining loop 'VITIS_LOOP_71_3'.
INFO: [HLS 200-1470] Pipelining result : Target II = 1, Final II = 1, Depth = 330, loop 'VITIS_LOOP_71_3'
INFO: [SCHED 204-11] Finished scheduling.
Command       schedule done; 4.871 sec.
INFO: [HLS 200-111] Finished Scheduling: CPU user time: 5 seconds. CPU system time: 1 seconds. Elapsed time: 5.088 seconds; current allocated memory: 357.992 MB.
Execute       syn_report -verbosereport -o C:/Xilinx/golden/srcnn_hls/solution1/.autopilot/db/compute_tile_c1_Pipeline_VITIS_LOOP_71_3.verbose.sched.rpt 
Execute         list_part -family xck26-sfvc784-2LV-c 
Execute           ap_family_info -name xck26-sfvc784-2LV-c -data names 
Execute           ap_part_info -quiet -name xck26-sfvc784-2LV-c -data family 
Command       syn_report done; 2.085 sec.
Execute       db_write -o C:/Xilinx/golden/srcnn_hls/solution1/.autopilot/db/compute_tile_c1_Pipeline_VITIS_LOOP_71_3.sched.adb -f 
INFO-FLOW: Finish scheduling compute_tile_c1_Pipeline_VITIS_LOOP_71_3.
Execute       set_default_model compute_tile_c1_Pipeline_VITIS_LOOP_71_3 
Execute       bind -model compute_tile_c1_Pipeline_VITIS_LOOP_71_3 
INFO: [BIND 205-100] Starting micro-architecture generation ...
INFO: [BIND 205-101] Performing variable lifetime analysis.
INFO: [BIND 205-101] Exploring resource sharing.
INFO: [BIND 205-101] Binding ...
INFO: [BIND 205-100] Finished micro-architecture generation.
Command       bind done; 1.42 sec.
INFO: [HLS 200-111] Finished Binding: CPU user time: 3 seconds. CPU system time: 0 seconds. Elapsed time: 3.577 seconds; current allocated memory: 360.223 MB.
Execute       syn_report -verbosereport -o C:/Xilinx/golden/srcnn_hls/solution1/.autopilot/db/compute_tile_c1_Pipeline_VITIS_LOOP_71_3.verbose.bind.rpt 
Execute         list_part -family xck26-sfvc784-2LV-c 
Execute           ap_family_info -name xck26-sfvc784-2LV-c -data names 
Execute           ap_part_info -quiet -name xck26-sfvc784-2LV-c -data family 
Command       syn_report done; 0.536 sec.
Execute       db_write -o C:/Xilinx/golden/srcnn_hls/solution1/.autopilot/db/compute_tile_c1_Pipeline_VITIS_LOOP_71_3.bind.adb -f 
Command       db_write done; 0.126 sec.
INFO-FLOW: Finish binding compute_tile_c1_Pipeline_VITIS_LOOP_71_3.
INFO: [HLS 200-10] ----------------------------------------------------------------
INFO: [HLS 200-42] -- Implementing module 'compute_tile_c1' 
INFO: [HLS 200-10] ----------------------------------------------------------------
Execute       set_default_model compute_tile_c1 
Execute       schedule -model compute_tile_c1 
INFO: [SCHED 204-11] Starting scheduling ...
INFO: [SCHED 204-11] Finished scheduling.
Command       schedule done; 1.124 sec.
INFO: [HLS 200-111] Finished Scheduling: CPU user time: 2 seconds. CPU system time: 0 seconds. Elapsed time: 1.847 seconds; current allocated memory: 363.961 MB.
Execute       syn_report -verbosereport -o C:/Xilinx/golden/srcnn_hls/solution1/.autopilot/db/compute_tile_c1.verbose.sched.rpt 
Execute         list_part -family xck26-sfvc784-2LV-c 
Execute           ap_family_info -name xck26-sfvc784-2LV-c -data names 
Execute           ap_part_info -quiet -name xck26-sfvc784-2LV-c -data family 
Command       syn_report done; 0.303 sec.
Execute       db_write -o C:/Xilinx/golden/srcnn_hls/solution1/.autopilot/db/compute_tile_c1.sched.adb -f 
INFO-FLOW: Finish scheduling compute_tile_c1.
Execute       set_default_model compute_tile_c1 
Execute       bind -model compute_tile_c1 
INFO: [BIND 205-100] Starting micro-architecture generation ...
INFO: [BIND 205-101] Performing variable lifetime analysis.
INFO: [BIND 205-101] Exploring resource sharing.
INFO: [BIND 205-101] Binding ...
INFO: [BIND 205-100] Finished micro-architecture generation.
Command       bind done; 0.317 sec.
INFO: [HLS 200-111] Finished Binding: CPU user time: 0 seconds. CPU system time: 0 seconds. Elapsed time: 0.671 seconds; current allocated memory: 364.156 MB.
Execute       syn_report -verbosereport -o C:/Xilinx/golden/srcnn_hls/solution1/.autopilot/db/compute_tile_c1.verbose.bind.rpt 
Execute         list_part -family xck26-sfvc784-2LV-c 
Execute           ap_family_info -name xck26-sfvc784-2LV-c -data names 
Execute           ap_part_info -quiet -name xck26-sfvc784-2LV-c -data family 
Command       syn_report done; 0.117 sec.
Execute       db_write -o C:/Xilinx/golden/srcnn_hls/solution1/.autopilot/db/compute_tile_c1.bind.adb -f 
INFO-FLOW: Finish binding compute_tile_c1.
INFO: [HLS 200-10] ----------------------------------------------------------------
INFO: [HLS 200-42] -- Implementing module 'conv1_Pipeline_VITIS_LOOP_94_1_VITIS_LOOP_95_2_VITIS_LOOP_96_3' 
INFO: [HLS 200-10] ----------------------------------------------------------------
Execute       set_default_model conv1_Pipeline_VITIS_LOOP_94_1_VITIS_LOOP_95_2_VITIS_LOOP_96_3 
Execute       schedule -model conv1_Pipeline_VITIS_LOOP_94_1_VITIS_LOOP_95_2_VITIS_LOOP_96_3 
INFO: [SCHED 204-11] Starting scheduling ...
INFO: [SCHED 204-61] Pipelining loop 'VITIS_LOOP_94_1_VITIS_LOOP_95_2_VITIS_LOOP_96_3'.
INFO: [HLS 200-1470] Pipelining result : Target II = 1, Final II = 1, Depth = 8, loop 'VITIS_LOOP_94_1_VITIS_LOOP_95_2_VITIS_LOOP_96_3'
INFO: [SCHED 204-11] Finished scheduling.
Command       schedule done; 1.489 sec.
INFO: [HLS 200-111] Finished Scheduling: CPU user time: 2 seconds. CPU system time: 0 seconds. Elapsed time: 1.763 seconds; current allocated memory: 365.012 MB.
Execute       syn_report -verbosereport -o C:/Xilinx/golden/srcnn_hls/solution1/.autopilot/db/conv1_Pipeline_VITIS_LOOP_94_1_VITIS_LOOP_95_2_VITIS_LOOP_96_3.verbose.sched.rpt 
Execute         list_part -family xck26-sfvc784-2LV-c 
Execute           ap_family_info -name xck26-sfvc784-2LV-c -data names 
Execute           ap_part_info -quiet -name xck26-sfvc784-2LV-c -data family 
Execute       db_write -o C:/Xilinx/golden/srcnn_hls/solution1/.autopilot/db/conv1_Pipeline_VITIS_LOOP_94_1_VITIS_LOOP_95_2_VITIS_LOOP_96_3.sched.adb -f 
INFO-FLOW: Finish scheduling conv1_Pipeline_VITIS_LOOP_94_1_VITIS_LOOP_95_2_VITIS_LOOP_96_3.
Execute       set_default_model conv1_Pipeline_VITIS_LOOP_94_1_VITIS_LOOP_95_2_VITIS_LOOP_96_3 
Execute       bind -model conv1_Pipeline_VITIS_LOOP_94_1_VITIS_LOOP_95_2_VITIS_LOOP_96_3 
INFO: [BIND 205-100] Starting micro-architecture generation ...
INFO: [BIND 205-101] Performing variable lifetime analysis.
INFO: [BIND 205-101] Exploring resource sharing.
INFO: [BIND 205-101] Binding ...
INFO: [BIND 205-100] Finished micro-architecture generation.
Command       bind done; 0.134 sec.
INFO: [HLS 200-111] Finished Binding: CPU user time: 0 seconds. CPU system time: 0 seconds. Elapsed time: 0.226 seconds; current allocated memory: 365.211 MB.
Execute       syn_report -verbosereport -o C:/Xilinx/golden/srcnn_hls/solution1/.autopilot/db/conv1_Pipeline_VITIS_LOOP_94_1_VITIS_LOOP_95_2_VITIS_LOOP_96_3.verbose.bind.rpt 
Execute         list_part -family xck26-sfvc784-2LV-c 
Execute           ap_family_info -name xck26-sfvc784-2LV-c -data names 
Execute           ap_part_info -quiet -name xck26-sfvc784-2LV-c -data family 
Execute       db_write -o C:/Xilinx/golden/srcnn_hls/solution1/.autopilot/db/conv1_Pipeline_VITIS_LOOP_94_1_VITIS_LOOP_95_2_VITIS_LOOP_96_3.bind.adb -f 
INFO-FLOW: Finish binding conv1_Pipeline_VITIS_LOOP_94_1_VITIS_LOOP_95_2_VITIS_LOOP_96_3.
INFO: [HLS 200-10] ----------------------------------------------------------------
INFO: [HLS 200-42] -- Implementing module 'conv1' 
INFO: [HLS 200-10] ----------------------------------------------------------------
Execute       set_default_model conv1 
Execute       schedule -model conv1 
INFO: [SCHED 204-11] Starting scheduling ...
INFO: [SCHED 204-11] Finished scheduling.
Command       schedule done; 0.266 sec.
INFO: [HLS 200-111] Finished Scheduling: CPU user time: 0 seconds. CPU system time: 0 seconds. Elapsed time: 0.397 seconds; current allocated memory: 365.672 MB.
Execute       syn_report -verbosereport -o C:/Xilinx/golden/srcnn_hls/solution1/.autopilot/db/conv1.verbose.sched.rpt 
Execute         list_part -family xck26-sfvc784-2LV-c 
Execute           ap_family_info -name xck26-sfvc784-2LV-c -data names 
Execute           ap_part_info -quiet -name xck26-sfvc784-2LV-c -data family 
Execute       db_write -o C:/Xilinx/golden/srcnn_hls/solution1/.autopilot/db/conv1.sched.adb -f 
INFO-FLOW: Finish scheduling conv1.
Execute       set_default_model conv1 
Execute       bind -model conv1 
INFO: [BIND 205-100] Starting micro-architecture generation ...
INFO: [BIND 205-101] Performing variable lifetime analysis.
INFO: [BIND 205-101] Exploring resource sharing.
INFO: [BIND 205-101] Binding ...
INFO: [BIND 205-100] Finished micro-architecture generation.
Command       bind done; 0.171 sec.
INFO: [HLS 200-111] Finished Binding: CPU user time: 1 seconds. CPU system time: 0 seconds. Elapsed time: 0.25 seconds; current allocated memory: 366.230 MB.
Execute       syn_report -verbosereport -o C:/Xilinx/golden/srcnn_hls/solution1/.autopilot/db/conv1.verbose.bind.rpt 
Execute         list_part -family xck26-sfvc784-2LV-c 
Execute           ap_family_info -name xck26-sfvc784-2LV-c -data names 
Execute           ap_part_info -quiet -name xck26-sfvc784-2LV-c -data family 
Command       syn_report done; 0.125 sec.
Execute       db_write -o C:/Xilinx/golden/srcnn_hls/solution1/.autopilot/db/conv1.bind.adb -f 
INFO-FLOW: Finish binding conv1.
INFO: [HLS 200-10] ----------------------------------------------------------------
INFO: [HLS 200-42] -- Implementing module 'srcnn_Pipeline_VITIS_LOOP_18_1_VITIS_LOOP_19_2_VITIS_LOOP_20_3' 
INFO: [HLS 200-10] ----------------------------------------------------------------
Execute       set_default_model srcnn_Pipeline_VITIS_LOOP_18_1_VITIS_LOOP_19_2_VITIS_LOOP_20_3 
Execute       schedule -model srcnn_Pipeline_VITIS_LOOP_18_1_VITIS_LOOP_19_2_VITIS_LOOP_20_3 
INFO: [SCHED 204-11] Starting scheduling ...
INFO: [SCHED 204-61] Pipelining loop 'VITIS_LOOP_18_1_VITIS_LOOP_19_2_VITIS_LOOP_20_3'.
INFO: [HLS 200-1470] Pipelining result : Target II = 1, Final II = 1, Depth = 4, loop 'VITIS_LOOP_18_1_VITIS_LOOP_19_2_VITIS_LOOP_20_3'
INFO: [SCHED 204-11] Finished scheduling.
Command       schedule done; 0.23 sec.
INFO: [HLS 200-111] Finished Scheduling: CPU user time: 0 seconds. CPU system time: 0 seconds. Elapsed time: 0.443 seconds; current allocated memory: 366.863 MB.
Execute       syn_report -verbosereport -o C:/Xilinx/golden/srcnn_hls/solution1/.autopilot/db/srcnn_Pipeline_VITIS_LOOP_18_1_VITIS_LOOP_19_2_VITIS_LOOP_20_3.verbose.sched.rpt 
Execute         list_part -family xck26-sfvc784-2LV-c 
Execute           ap_family_info -name xck26-sfvc784-2LV-c -data names 
Execute           ap_part_info -quiet -name xck26-sfvc784-2LV-c -data family 
Execute       db_write -o C:/Xilinx/golden/srcnn_hls/solution1/.autopilot/db/srcnn_Pipeline_VITIS_LOOP_18_1_VITIS_LOOP_19_2_VITIS_LOOP_20_3.sched.adb -f 
INFO-FLOW: Finish scheduling srcnn_Pipeline_VITIS_LOOP_18_1_VITIS_LOOP_19_2_VITIS_LOOP_20_3.
Execute       set_default_model srcnn_Pipeline_VITIS_LOOP_18_1_VITIS_LOOP_19_2_VITIS_LOOP_20_3 
Execute       bind -model srcnn_Pipeline_VITIS_LOOP_18_1_VITIS_LOOP_19_2_VITIS_LOOP_20_3 
INFO: [BIND 205-100] Starting micro-architecture generation ...
INFO: [BIND 205-101] Performing variable lifetime analysis.
INFO: [BIND 205-101] Exploring resource sharing.
INFO: [BIND 205-101] Binding ...
INFO: [BIND 205-100] Finished micro-architecture generation.
Command       bind done; 0.118 sec.
INFO: [HLS 200-111] Finished Binding: CPU user time: 0 seconds. CPU system time: 0 seconds. Elapsed time: 0.184 seconds; current allocated memory: 366.941 MB.
Execute       syn_report -verbosereport -o C:/Xilinx/golden/srcnn_hls/solution1/.autopilot/db/srcnn_Pipeline_VITIS_LOOP_18_1_VITIS_LOOP_19_2_VITIS_LOOP_20_3.verbose.bind.rpt 
Execute         list_part -family xck26-sfvc784-2LV-c 
Execute           ap_family_info -name xck26-sfvc784-2LV-c -data names 
Execute           ap_part_info -quiet -name xck26-sfvc784-2LV-c -data family 
Execute       db_write -o C:/Xilinx/golden/srcnn_hls/solution1/.autopilot/db/srcnn_Pipeline_VITIS_LOOP_18_1_VITIS_LOOP_19_2_VITIS_LOOP_20_3.bind.adb -f 
INFO-FLOW: Finish binding srcnn_Pipeline_VITIS_LOOP_18_1_VITIS_LOOP_19_2_VITIS_LOOP_20_3.
INFO: [HLS 200-10] ----------------------------------------------------------------
INFO: [HLS 200-42] -- Implementing module 'conv2_Pipeline_VITIS_LOOP_99_4_VITIS_LOOP_100_5_VITIS_LOOP_101_6' 
INFO: [HLS 200-10] ----------------------------------------------------------------
Execute       set_default_model conv2_Pipeline_VITIS_LOOP_99_4_VITIS_LOOP_100_5_VITIS_LOOP_101_6 
Execute       schedule -model conv2_Pipeline_VITIS_LOOP_99_4_VITIS_LOOP_100_5_VITIS_LOOP_101_6 
INFO: [SCHED 204-11] Starting scheduling ...
INFO: [SCHED 204-61] Pipelining loop 'VITIS_LOOP_99_4_VITIS_LOOP_100_5_VITIS_LOOP_101_6'.
INFO: [HLS 200-1470] Pipelining result : Target II = 1, Final II = 1, Depth = 2, loop 'VITIS_LOOP_99_4_VITIS_LOOP_100_5_VITIS_LOOP_101_6'
INFO: [SCHED 204-11] Finished scheduling.
Command       schedule done; 0.265 sec.
INFO: [HLS 200-111] Finished Scheduling: CPU user time: 0 seconds. CPU system time: 0 seconds. Elapsed time: 0.355 seconds; current allocated memory: 367.391 MB.
Execute       syn_report -verbosereport -o C:/Xilinx/golden/srcnn_hls/solution1/.autopilot/db/conv2_Pipeline_VITIS_LOOP_99_4_VITIS_LOOP_100_5_VITIS_LOOP_101_6.verbose.sched.rpt 
Execute         list_part -family xck26-sfvc784-2LV-c 
Execute           ap_family_info -name xck26-sfvc784-2LV-c -data names 
Execute           ap_part_info -quiet -name xck26-sfvc784-2LV-c -data family 
Execute       db_write -o C:/Xilinx/golden/srcnn_hls/solution1/.autopilot/db/conv2_Pipeline_VITIS_LOOP_99_4_VITIS_LOOP_100_5_VITIS_LOOP_101_6.sched.adb -f 
INFO-FLOW: Finish scheduling conv2_Pipeline_VITIS_LOOP_99_4_VITIS_LOOP_100_5_VITIS_LOOP_101_6.
Execute       set_default_model conv2_Pipeline_VITIS_LOOP_99_4_VITIS_LOOP_100_5_VITIS_LOOP_101_6 
Execute       bind -model conv2_Pipeline_VITIS_LOOP_99_4_VITIS_LOOP_100_5_VITIS_LOOP_101_6 
INFO: [BIND 205-100] Starting micro-architecture generation ...
INFO: [BIND 205-101] Performing variable lifetime analysis.
INFO: [BIND 205-101] Exploring resource sharing.
INFO: [BIND 205-101] Binding ...
INFO: [BIND 205-100] Finished micro-architecture generation.
INFO: [HLS 200-111] Finished Binding: CPU user time: 0 seconds. CPU system time: 0 seconds. Elapsed time: 0.138 seconds; current allocated memory: 367.449 MB.
Execute       syn_report -verbosereport -o C:/Xilinx/golden/srcnn_hls/solution1/.autopilot/db/conv2_Pipeline_VITIS_LOOP_99_4_VITIS_LOOP_100_5_VITIS_LOOP_101_6.verbose.bind.rpt 
Execute         list_part -family xck26-sfvc784-2LV-c 
Execute           ap_family_info -name xck26-sfvc784-2LV-c -data names 
Execute           ap_part_info -quiet -name xck26-sfvc784-2LV-c -data family 
Execute       db_write -o C:/Xilinx/golden/srcnn_hls/solution1/.autopilot/db/conv2_Pipeline_VITIS_LOOP_99_4_VITIS_LOOP_100_5_VITIS_LOOP_101_6.bind.adb -f 
INFO-FLOW: Finish binding conv2_Pipeline_VITIS_LOOP_99_4_VITIS_LOOP_100_5_VITIS_LOOP_101_6.
INFO: [HLS 200-10] ----------------------------------------------------------------
INFO: [HLS 200-42] -- Implementing module 'conv2_Pipeline_VITIS_LOOP_23_2_VITIS_LOOP_24_3' 
INFO: [HLS 200-10] ----------------------------------------------------------------
Execute       set_default_model conv2_Pipeline_VITIS_LOOP_23_2_VITIS_LOOP_24_3 
Execute       schedule -model conv2_Pipeline_VITIS_LOOP_23_2_VITIS_LOOP_24_3 
INFO: [SCHED 204-11] Starting scheduling ...
INFO: [SCHED 204-61] Pipelining loop 'VITIS_LOOP_23_2_VITIS_LOOP_24_3'.
INFO: [HLS 200-1470] Pipelining result : Target II = 1, Final II = 1, Depth = 2, loop 'VITIS_LOOP_23_2_VITIS_LOOP_24_3'
INFO: [SCHED 204-11] Finished scheduling.
Command       schedule done; 0.214 sec.
INFO: [HLS 200-111] Finished Scheduling: CPU user time: 1 seconds. CPU system time: 0 seconds. Elapsed time: 0.315 seconds; current allocated memory: 367.812 MB.
Execute       syn_report -verbosereport -o C:/Xilinx/golden/srcnn_hls/solution1/.autopilot/db/conv2_Pipeline_VITIS_LOOP_23_2_VITIS_LOOP_24_3.verbose.sched.rpt 
Execute         list_part -family xck26-sfvc784-2LV-c 
Execute           ap_family_info -name xck26-sfvc784-2LV-c -data names 
Execute           ap_part_info -quiet -name xck26-sfvc784-2LV-c -data family 
Execute       db_write -o C:/Xilinx/golden/srcnn_hls/solution1/.autopilot/db/conv2_Pipeline_VITIS_LOOP_23_2_VITIS_LOOP_24_3.sched.adb -f 
INFO-FLOW: Finish scheduling conv2_Pipeline_VITIS_LOOP_23_2_VITIS_LOOP_24_3.
Execute       set_default_model conv2_Pipeline_VITIS_LOOP_23_2_VITIS_LOOP_24_3 
Execute       bind -model conv2_Pipeline_VITIS_LOOP_23_2_VITIS_LOOP_24_3 
INFO: [BIND 205-100] Starting micro-architecture generation ...
INFO: [BIND 205-101] Performing variable lifetime analysis.
INFO: [BIND 205-101] Exploring resource sharing.
INFO: [BIND 205-101] Binding ...
INFO: [BIND 205-100] Finished micro-architecture generation.
Command       bind done; 0.148 sec.
INFO: [HLS 200-111] Finished Binding: CPU user time: 0 seconds. CPU system time: 0 seconds. Elapsed time: 0.214 seconds; current allocated memory: 367.965 MB.
Execute       syn_report -verbosereport -o C:/Xilinx/golden/srcnn_hls/solution1/.autopilot/db/conv2_Pipeline_VITIS_LOOP_23_2_VITIS_LOOP_24_3.verbose.bind.rpt 
Execute         list_part -family xck26-sfvc784-2LV-c 
Execute           ap_family_info -name xck26-sfvc784-2LV-c -data names 
Execute           ap_part_info -quiet -name xck26-sfvc784-2LV-c -data family 
Execute       db_write -o C:/Xilinx/golden/srcnn_hls/solution1/.autopilot/db/conv2_Pipeline_VITIS_LOOP_23_2_VITIS_LOOP_24_3.bind.adb -f 
INFO-FLOW: Finish binding conv2_Pipeline_VITIS_LOOP_23_2_VITIS_LOOP_24_3.
INFO: [HLS 200-10] ----------------------------------------------------------------
INFO: [HLS 200-42] -- Implementing module 'conv2_Pipeline_VITIS_LOOP_53_3' 
INFO: [HLS 200-10] ----------------------------------------------------------------
Execute       set_default_model conv2_Pipeline_VITIS_LOOP_53_3 
Execute       schedule -model conv2_Pipeline_VITIS_LOOP_53_3 
INFO: [SCHED 204-11] Starting scheduling ...
INFO: [SCHED 204-61] Pipelining loop 'VITIS_LOOP_53_3'.
INFO: [HLS 200-1470] Pipelining result : Target II = 1, Final II = 1, Depth = 10, loop 'VITIS_LOOP_53_3'
INFO: [SCHED 204-11] Finished scheduling.
Command       schedule done; 3.744 sec.
INFO: [HLS 200-111] Finished Scheduling: CPU user time: 3 seconds. CPU system time: 0 seconds. Elapsed time: 3.848 seconds; current allocated memory: 368.242 MB.
Execute       syn_report -verbosereport -o C:/Xilinx/golden/srcnn_hls/solution1/.autopilot/db/conv2_Pipeline_VITIS_LOOP_53_3.verbose.sched.rpt 
Execute         list_part -family xck26-sfvc784-2LV-c 
Execute           ap_family_info -name xck26-sfvc784-2LV-c -data names 
Execute           ap_part_info -quiet -name xck26-sfvc784-2LV-c -data family 
Execute       db_write -o C:/Xilinx/golden/srcnn_hls/solution1/.autopilot/db/conv2_Pipeline_VITIS_LOOP_53_3.sched.adb -f 
INFO-FLOW: Finish scheduling conv2_Pipeline_VITIS_LOOP_53_3.
Execute       set_default_model conv2_Pipeline_VITIS_LOOP_53_3 
Execute       bind -model conv2_Pipeline_VITIS_LOOP_53_3 
INFO: [BIND 205-100] Starting micro-architecture generation ...
INFO: [BIND 205-101] Performing variable lifetime analysis.
INFO: [BIND 205-101] Exploring resource sharing.
INFO: [BIND 205-101] Binding ...
INFO: [BIND 205-100] Finished micro-architecture generation.
Command       bind done; 0.131 sec.
INFO: [HLS 200-111] Finished Binding: CPU user time: 1 seconds. CPU system time: 0 seconds. Elapsed time: 0.225 seconds; current allocated memory: 368.305 MB.
Execute       syn_report -verbosereport -o C:/Xilinx/golden/srcnn_hls/solution1/.autopilot/db/conv2_Pipeline_VITIS_LOOP_53_3.verbose.bind.rpt 
Execute         list_part -family xck26-sfvc784-2LV-c 
Execute           ap_family_info -name xck26-sfvc784-2LV-c -data names 
Execute           ap_part_info -quiet -name xck26-sfvc784-2LV-c -data family 
Execute       db_write -o C:/Xilinx/golden/srcnn_hls/solution1/.autopilot/db/conv2_Pipeline_VITIS_LOOP_53_3.bind.adb -f 
INFO-FLOW: Finish binding conv2_Pipeline_VITIS_LOOP_53_3.
INFO: [HLS 200-10] ----------------------------------------------------------------
INFO: [HLS 200-42] -- Implementing module 'conv2_Pipeline_VITIS_LOOP_70_1_VITIS_LOOP_71_2_VITIS_LOOP_72_3' 
INFO: [HLS 200-10] ----------------------------------------------------------------
Execute       set_default_model conv2_Pipeline_VITIS_LOOP_70_1_VITIS_LOOP_71_2_VITIS_LOOP_72_3 
Execute       schedule -model conv2_Pipeline_VITIS_LOOP_70_1_VITIS_LOOP_71_2_VITIS_LOOP_72_3 
INFO: [SCHED 204-11] Starting scheduling ...
INFO: [SCHED 204-61] Pipelining loop 'VITIS_LOOP_70_1_VITIS_LOOP_71_2_VITIS_LOOP_72_3'.
INFO: [HLS 200-1470] Pipelining result : Target II = 1, Final II = 1, Depth = 8, loop 'VITIS_LOOP_70_1_VITIS_LOOP_71_2_VITIS_LOOP_72_3'
INFO: [SCHED 204-11] Finished scheduling.
Command       schedule done; 1.405 sec.
INFO: [HLS 200-111] Finished Scheduling: CPU user time: 1 seconds. CPU system time: 0 seconds. Elapsed time: 1.496 seconds; current allocated memory: 369.051 MB.
Execute       syn_report -verbosereport -o C:/Xilinx/golden/srcnn_hls/solution1/.autopilot/db/conv2_Pipeline_VITIS_LOOP_70_1_VITIS_LOOP_71_2_VITIS_LOOP_72_3.verbose.sched.rpt 
Execute         list_part -family xck26-sfvc784-2LV-c 
Execute           ap_family_info -name xck26-sfvc784-2LV-c -data names 
Execute           ap_part_info -quiet -name xck26-sfvc784-2LV-c -data family 
Execute       db_write -o C:/Xilinx/golden/srcnn_hls/solution1/.autopilot/db/conv2_Pipeline_VITIS_LOOP_70_1_VITIS_LOOP_71_2_VITIS_LOOP_72_3.sched.adb -f 
INFO-FLOW: Finish scheduling conv2_Pipeline_VITIS_LOOP_70_1_VITIS_LOOP_71_2_VITIS_LOOP_72_3.
Execute       set_default_model conv2_Pipeline_VITIS_LOOP_70_1_VITIS_LOOP_71_2_VITIS_LOOP_72_3 
Execute       bind -model conv2_Pipeline_VITIS_LOOP_70_1_VITIS_LOOP_71_2_VITIS_LOOP_72_3 
INFO: [BIND 205-100] Starting micro-architecture generation ...
INFO: [BIND 205-101] Performing variable lifetime analysis.
INFO: [BIND 205-101] Exploring resource sharing.
INFO: [BIND 205-101] Binding ...
INFO: [BIND 205-100] Finished micro-architecture generation.
Command       bind done; 0.114 sec.
INFO: [HLS 200-111] Finished Binding: CPU user time: 0 seconds. CPU system time: 0 seconds. Elapsed time: 0.199 seconds; current allocated memory: 369.195 MB.
Execute       syn_report -verbosereport -o C:/Xilinx/golden/srcnn_hls/solution1/.autopilot/db/conv2_Pipeline_VITIS_LOOP_70_1_VITIS_LOOP_71_2_VITIS_LOOP_72_3.verbose.bind.rpt 
Execute         list_part -family xck26-sfvc784-2LV-c 
Execute           ap_family_info -name xck26-sfvc784-2LV-c -data names 
Execute           ap_part_info -quiet -name xck26-sfvc784-2LV-c -data family 
Execute       db_write -o C:/Xilinx/golden/srcnn_hls/solution1/.autopilot/db/conv2_Pipeline_VITIS_LOOP_70_1_VITIS_LOOP_71_2_VITIS_LOOP_72_3.bind.adb -f 
INFO-FLOW: Finish binding conv2_Pipeline_VITIS_LOOP_70_1_VITIS_LOOP_71_2_VITIS_LOOP_72_3.
INFO: [HLS 200-10] ----------------------------------------------------------------
INFO: [HLS 200-42] -- Implementing module 'conv2' 
INFO: [HLS 200-10] ----------------------------------------------------------------
Execute       set_default_model conv2 
Execute       schedule -model conv2 
INFO: [SCHED 204-11] Starting scheduling ...
INFO: [SCHED 204-11] Finished scheduling.
Command       schedule done; 0.376 sec.
INFO: [HLS 200-111] Finished Scheduling: CPU user time: 1 seconds. CPU system time: 0 seconds. Elapsed time: 0.471 seconds; current allocated memory: 370.094 MB.
Execute       syn_report -verbosereport -o C:/Xilinx/golden/srcnn_hls/solution1/.autopilot/db/conv2.verbose.sched.rpt 
Execute         list_part -family xck26-sfvc784-2LV-c 
Execute           ap_family_info -name xck26-sfvc784-2LV-c -data names 
Execute           ap_part_info -quiet -name xck26-sfvc784-2LV-c -data family 
Execute       db_write -o C:/Xilinx/golden/srcnn_hls/solution1/.autopilot/db/conv2.sched.adb -f 
INFO-FLOW: Finish scheduling conv2.
Execute       set_default_model conv2 
Execute       bind -model conv2 
INFO: [BIND 205-100] Starting micro-architecture generation ...
INFO: [BIND 205-101] Performing variable lifetime analysis.
INFO: [BIND 205-101] Exploring resource sharing.
INFO: [BIND 205-101] Binding ...
INFO: [BIND 205-100] Finished micro-architecture generation.
Command       bind done; 0.132 sec.
INFO: [HLS 200-111] Finished Binding: CPU user time: 0 seconds. CPU system time: 0 seconds. Elapsed time: 0.247 seconds; current allocated memory: 370.188 MB.
Execute       syn_report -verbosereport -o C:/Xilinx/golden/srcnn_hls/solution1/.autopilot/db/conv2.verbose.bind.rpt 
Execute         list_part -family xck26-sfvc784-2LV-c 
Execute           ap_family_info -name xck26-sfvc784-2LV-c -data names 
Execute           ap_part_info -quiet -name xck26-sfvc784-2LV-c -data family 
Execute       db_write -o C:/Xilinx/golden/srcnn_hls/solution1/.autopilot/db/conv2.bind.adb -f 
INFO-FLOW: Finish binding conv2.
INFO: [HLS 200-10] ----------------------------------------------------------------
INFO: [HLS 200-42] -- Implementing module 'srcnn_Pipeline_VITIS_LOOP_27_4_VITIS_LOOP_28_5_VITIS_LOOP_29_6' 
INFO: [HLS 200-10] ----------------------------------------------------------------
Execute       set_default_model srcnn_Pipeline_VITIS_LOOP_27_4_VITIS_LOOP_28_5_VITIS_LOOP_29_6 
Execute       schedule -model srcnn_Pipeline_VITIS_LOOP_27_4_VITIS_LOOP_28_5_VITIS_LOOP_29_6 
INFO: [SCHED 204-11] Starting scheduling ...
INFO: [SCHED 204-61] Pipelining loop 'VITIS_LOOP_27_4_VITIS_LOOP_28_5_VITIS_LOOP_29_6'.
INFO: [HLS 200-1470] Pipelining result : Target II = 1, Final II = 1, Depth = 4, loop 'VITIS_LOOP_27_4_VITIS_LOOP_28_5_VITIS_LOOP_29_6'
INFO: [SCHED 204-11] Finished scheduling.
Command       schedule done; 0.209 sec.
INFO: [HLS 200-111] Finished Scheduling: CPU user time: 0 seconds. CPU system time: 0 seconds. Elapsed time: 0.324 seconds; current allocated memory: 370.668 MB.
Execute       syn_report -verbosereport -o C:/Xilinx/golden/srcnn_hls/solution1/.autopilot/db/srcnn_Pipeline_VITIS_LOOP_27_4_VITIS_LOOP_28_5_VITIS_LOOP_29_6.verbose.sched.rpt 
Execute         list_part -family xck26-sfvc784-2LV-c 
Execute           ap_family_info -name xck26-sfvc784-2LV-c -data names 
Execute           ap_part_info -quiet -name xck26-sfvc784-2LV-c -data family 
Execute       db_write -o C:/Xilinx/golden/srcnn_hls/solution1/.autopilot/db/srcnn_Pipeline_VITIS_LOOP_27_4_VITIS_LOOP_28_5_VITIS_LOOP_29_6.sched.adb -f 
INFO-FLOW: Finish scheduling srcnn_Pipeline_VITIS_LOOP_27_4_VITIS_LOOP_28_5_VITIS_LOOP_29_6.
Execute       set_default_model srcnn_Pipeline_VITIS_LOOP_27_4_VITIS_LOOP_28_5_VITIS_LOOP_29_6 
Execute       bind -model srcnn_Pipeline_VITIS_LOOP_27_4_VITIS_LOOP_28_5_VITIS_LOOP_29_6 
INFO: [BIND 205-100] Starting micro-architecture generation ...
INFO: [BIND 205-101] Performing variable lifetime analysis.
INFO: [BIND 205-101] Exploring resource sharing.
INFO: [BIND 205-101] Binding ...
INFO: [BIND 205-100] Finished micro-architecture generation.
INFO: [HLS 200-111] Finished Binding: CPU user time: 0 seconds. CPU system time: 0 seconds. Elapsed time: 0.151 seconds; current allocated memory: 371.285 MB.
Execute       syn_report -verbosereport -o C:/Xilinx/golden/srcnn_hls/solution1/.autopilot/db/srcnn_Pipeline_VITIS_LOOP_27_4_VITIS_LOOP_28_5_VITIS_LOOP_29_6.verbose.bind.rpt 
Execute         list_part -family xck26-sfvc784-2LV-c 
Execute           ap_family_info -name xck26-sfvc784-2LV-c -data names 
Execute           ap_part_info -quiet -name xck26-sfvc784-2LV-c -data family 
Execute       db_write -o C:/Xilinx/golden/srcnn_hls/solution1/.autopilot/db/srcnn_Pipeline_VITIS_LOOP_27_4_VITIS_LOOP_28_5_VITIS_LOOP_29_6.bind.adb -f 
INFO-FLOW: Finish binding srcnn_Pipeline_VITIS_LOOP_27_4_VITIS_LOOP_28_5_VITIS_LOOP_29_6.
INFO: [HLS 200-10] ----------------------------------------------------------------
INFO: [HLS 200-42] -- Implementing module 'conv3_Pipeline_VITIS_LOOP_143_4_VITIS_LOOP_144_5_VITIS_LOOP_145_6' 
INFO: [HLS 200-10] ----------------------------------------------------------------
Execute       set_default_model conv3_Pipeline_VITIS_LOOP_143_4_VITIS_LOOP_144_5_VITIS_LOOP_145_6 
Execute       schedule -model conv3_Pipeline_VITIS_LOOP_143_4_VITIS_LOOP_144_5_VITIS_LOOP_145_6 
INFO: [SCHED 204-11] Starting scheduling ...
INFO: [SCHED 204-61] Pipelining loop 'VITIS_LOOP_143_4_VITIS_LOOP_144_5_VITIS_LOOP_145_6'.
INFO: [HLS 200-1470] Pipelining result : Target II = 1, Final II = 1, Depth = 2, loop 'VITIS_LOOP_143_4_VITIS_LOOP_144_5_VITIS_LOOP_145_6'
INFO: [SCHED 204-11] Finished scheduling.
Command       schedule done; 0.222 sec.
INFO: [HLS 200-111] Finished Scheduling: CPU user time: 0 seconds. CPU system time: 0 seconds. Elapsed time: 0.306 seconds; current allocated memory: 371.766 MB.
Execute       syn_report -verbosereport -o C:/Xilinx/golden/srcnn_hls/solution1/.autopilot/db/conv3_Pipeline_VITIS_LOOP_143_4_VITIS_LOOP_144_5_VITIS_LOOP_145_6.verbose.sched.rpt 
Execute         list_part -family xck26-sfvc784-2LV-c 
Execute           ap_family_info -name xck26-sfvc784-2LV-c -data names 
Execute           ap_part_info -quiet -name xck26-sfvc784-2LV-c -data family 
Execute       db_write -o C:/Xilinx/golden/srcnn_hls/solution1/.autopilot/db/conv3_Pipeline_VITIS_LOOP_143_4_VITIS_LOOP_144_5_VITIS_LOOP_145_6.sched.adb -f 
INFO-FLOW: Finish scheduling conv3_Pipeline_VITIS_LOOP_143_4_VITIS_LOOP_144_5_VITIS_LOOP_145_6.
Execute       set_default_model conv3_Pipeline_VITIS_LOOP_143_4_VITIS_LOOP_144_5_VITIS_LOOP_145_6 
Execute       bind -model conv3_Pipeline_VITIS_LOOP_143_4_VITIS_LOOP_144_5_VITIS_LOOP_145_6 
INFO: [BIND 205-100] Starting micro-architecture generation ...
INFO: [BIND 205-101] Performing variable lifetime analysis.
INFO: [BIND 205-101] Exploring resource sharing.
INFO: [BIND 205-101] Binding ...
INFO: [BIND 205-100] Finished micro-architecture generation.
Command       bind done; 0.105 sec.
INFO: [HLS 200-111] Finished Binding: CPU user time: 0 seconds. CPU system time: 0 seconds. Elapsed time: 0.144 seconds; current allocated memory: 371.766 MB.
Execute       syn_report -verbosereport -o C:/Xilinx/golden/srcnn_hls/solution1/.autopilot/db/conv3_Pipeline_VITIS_LOOP_143_4_VITIS_LOOP_144_5_VITIS_LOOP_145_6.verbose.bind.rpt 
Execute         list_part -family xck26-sfvc784-2LV-c 
Execute           ap_family_info -name xck26-sfvc784-2LV-c -data names 
Execute           ap_part_info -quiet -name xck26-sfvc784-2LV-c -data family 
Execute       db_write -o C:/Xilinx/golden/srcnn_hls/solution1/.autopilot/db/conv3_Pipeline_VITIS_LOOP_143_4_VITIS_LOOP_144_5_VITIS_LOOP_145_6.bind.adb -f 
INFO-FLOW: Finish binding conv3_Pipeline_VITIS_LOOP_143_4_VITIS_LOOP_144_5_VITIS_LOOP_145_6.
INFO: [HLS 200-10] ----------------------------------------------------------------
INFO: [HLS 200-42] -- Implementing module 'conv3_Pipeline_VITIS_LOOP_32_2_VITIS_LOOP_33_3' 
INFO: [HLS 200-10] ----------------------------------------------------------------
Execute       set_default_model conv3_Pipeline_VITIS_LOOP_32_2_VITIS_LOOP_33_3 
Execute       schedule -model conv3_Pipeline_VITIS_LOOP_32_2_VITIS_LOOP_33_3 
INFO: [SCHED 204-11] Starting scheduling ...
INFO: [SCHED 204-61] Pipelining loop 'VITIS_LOOP_32_2_VITIS_LOOP_33_3'.
INFO: [HLS 200-1470] Pipelining result : Target II = 1, Final II = 1, Depth = 14, loop 'VITIS_LOOP_32_2_VITIS_LOOP_33_3'
INFO: [SCHED 204-11] Finished scheduling.
Command       schedule done; 0.459 sec.
INFO: [HLS 200-111] Finished Scheduling: CPU user time: 1 seconds. CPU system time: 0 seconds. Elapsed time: 0.55 seconds; current allocated memory: 373.559 MB.
Execute       syn_report -verbosereport -o C:/Xilinx/golden/srcnn_hls/solution1/.autopilot/db/conv3_Pipeline_VITIS_LOOP_32_2_VITIS_LOOP_33_3.verbose.sched.rpt 
Execute         list_part -family xck26-sfvc784-2LV-c 
Execute           ap_family_info -name xck26-sfvc784-2LV-c -data names 
Execute           ap_part_info -quiet -name xck26-sfvc784-2LV-c -data family 
Command       syn_report done; 0.116 sec.
Execute       db_write -o C:/Xilinx/golden/srcnn_hls/solution1/.autopilot/db/conv3_Pipeline_VITIS_LOOP_32_2_VITIS_LOOP_33_3.sched.adb -f 
INFO-FLOW: Finish scheduling conv3_Pipeline_VITIS_LOOP_32_2_VITIS_LOOP_33_3.
Execute       set_default_model conv3_Pipeline_VITIS_LOOP_32_2_VITIS_LOOP_33_3 
Execute       bind -model conv3_Pipeline_VITIS_LOOP_32_2_VITIS_LOOP_33_3 
INFO: [BIND 205-100] Starting micro-architecture generation ...
INFO: [BIND 205-101] Performing variable lifetime analysis.
INFO: [BIND 205-101] Exploring resource sharing.
INFO: [BIND 205-101] Binding ...
INFO: [BIND 205-100] Finished micro-architecture generation.
Command       bind done; 0.16 sec.
INFO: [HLS 200-111] Finished Binding: CPU user time: 0 seconds. CPU system time: 0 seconds. Elapsed time: 0.321 seconds; current allocated memory: 373.754 MB.
Execute       syn_report -verbosereport -o C:/Xilinx/golden/srcnn_hls/solution1/.autopilot/db/conv3_Pipeline_VITIS_LOOP_32_2_VITIS_LOOP_33_3.verbose.bind.rpt 
Execute         list_part -family xck26-sfvc784-2LV-c 
Execute           ap_family_info -name xck26-sfvc784-2LV-c -data names 
Execute           ap_part_info -quiet -name xck26-sfvc784-2LV-c -data family 
Execute       db_write -o C:/Xilinx/golden/srcnn_hls/solution1/.autopilot/db/conv3_Pipeline_VITIS_LOOP_32_2_VITIS_LOOP_33_3.bind.adb -f 
INFO-FLOW: Finish binding conv3_Pipeline_VITIS_LOOP_32_2_VITIS_LOOP_33_3.
INFO: [HLS 200-10] ----------------------------------------------------------------
INFO: [HLS 200-42] -- Implementing module 'conv3_Pipeline_VITIS_LOOP_55_3_VITIS_LOOP_56_4' 
INFO: [HLS 200-10] ----------------------------------------------------------------
Execute       set_default_model conv3_Pipeline_VITIS_LOOP_55_3_VITIS_LOOP_56_4 
Execute       schedule -model conv3_Pipeline_VITIS_LOOP_55_3_VITIS_LOOP_56_4 
INFO: [SCHED 204-11] Starting scheduling ...
INFO: [SCHED 204-61] Pipelining loop 'VITIS_LOOP_55_3_VITIS_LOOP_56_4'.
INFO: [HLS 200-1470] Pipelining result : Target II = 1, Final II = 1, Depth = 2, loop 'VITIS_LOOP_55_3_VITIS_LOOP_56_4'
INFO: [SCHED 204-11] Finished scheduling.
Command       schedule done; 0.236 sec.
INFO: [HLS 200-111] Finished Scheduling: CPU user time: 0 seconds. CPU system time: 0 seconds. Elapsed time: 0.365 seconds; current allocated memory: 374.535 MB.
Execute       syn_report -verbosereport -o C:/Xilinx/golden/srcnn_hls/solution1/.autopilot/db/conv3_Pipeline_VITIS_LOOP_55_3_VITIS_LOOP_56_4.verbose.sched.rpt 
Execute         list_part -family xck26-sfvc784-2LV-c 
Execute           ap_family_info -name xck26-sfvc784-2LV-c -data names 
Execute           ap_part_info -quiet -name xck26-sfvc784-2LV-c -data family 
Execute       db_write -o C:/Xilinx/golden/srcnn_hls/solution1/.autopilot/db/conv3_Pipeline_VITIS_LOOP_55_3_VITIS_LOOP_56_4.sched.adb -f 
INFO-FLOW: Finish scheduling conv3_Pipeline_VITIS_LOOP_55_3_VITIS_LOOP_56_4.
Execute       set_default_model conv3_Pipeline_VITIS_LOOP_55_3_VITIS_LOOP_56_4 
Execute       bind -model conv3_Pipeline_VITIS_LOOP_55_3_VITIS_LOOP_56_4 
INFO: [BIND 205-100] Starting micro-architecture generation ...
INFO: [BIND 205-101] Performing variable lifetime analysis.
INFO: [BIND 205-101] Exploring resource sharing.
INFO: [BIND 205-101] Binding ...
INFO: [BIND 205-100] Finished micro-architecture generation.
INFO: [HLS 200-111] Finished Binding: CPU user time: 0 seconds. CPU system time: 0 seconds. Elapsed time: 0.161 seconds; current allocated memory: 374.840 MB.
Execute       syn_report -verbosereport -o C:/Xilinx/golden/srcnn_hls/solution1/.autopilot/db/conv3_Pipeline_VITIS_LOOP_55_3_VITIS_LOOP_56_4.verbose.bind.rpt 
Execute         list_part -family xck26-sfvc784-2LV-c 
Execute           ap_family_info -name xck26-sfvc784-2LV-c -data names 
Execute           ap_part_info -quiet -name xck26-sfvc784-2LV-c -data family 
Execute       db_write -o C:/Xilinx/golden/srcnn_hls/solution1/.autopilot/db/conv3_Pipeline_VITIS_LOOP_55_3_VITIS_LOOP_56_4.bind.adb -f 
INFO-FLOW: Finish binding conv3_Pipeline_VITIS_LOOP_55_3_VITIS_LOOP_56_4.
INFO: [HLS 200-10] ----------------------------------------------------------------
INFO: [HLS 200-42] -- Implementing module 'compute_tile_c3_Pipeline_VITIS_LOOP_77_3' 
INFO: [HLS 200-10] ----------------------------------------------------------------
Execute       set_default_model compute_tile_c3_Pipeline_VITIS_LOOP_77_3 
Execute       schedule -model compute_tile_c3_Pipeline_VITIS_LOOP_77_3 
INFO: [SCHED 204-11] Starting scheduling ...
INFO: [SCHED 204-61] Pipelining loop 'VITIS_LOOP_77_3'.
INFO: [HLS 200-1470] Pipelining result : Target II = 1, Final II = 1, Depth = 106, loop 'VITIS_LOOP_77_3'
INFO: [SCHED 204-11] Finished scheduling.
Command       schedule done; 5.661 sec.
INFO: [HLS 200-111] Finished Scheduling: CPU user time: 6 seconds. CPU system time: 0 seconds. Elapsed time: 5.767 seconds; current allocated memory: 383.320 MB.
Execute       syn_report -verbosereport -o C:/Xilinx/golden/srcnn_hls/solution1/.autopilot/db/compute_tile_c3_Pipeline_VITIS_LOOP_77_3.verbose.sched.rpt 
Execute         list_part -family xck26-sfvc784-2LV-c 
Execute           ap_family_info -name xck26-sfvc784-2LV-c -data names 
Execute           ap_part_info -quiet -name xck26-sfvc784-2LV-c -data family 
Command       syn_report done; 0.671 sec.
Execute       db_write -o C:/Xilinx/golden/srcnn_hls/solution1/.autopilot/db/compute_tile_c3_Pipeline_VITIS_LOOP_77_3.sched.adb -f 
Command       db_write done; 0.117 sec.
INFO-FLOW: Finish scheduling compute_tile_c3_Pipeline_VITIS_LOOP_77_3.
Execute       set_default_model compute_tile_c3_Pipeline_VITIS_LOOP_77_3 
Execute       bind -model compute_tile_c3_Pipeline_VITIS_LOOP_77_3 
INFO: [BIND 205-100] Starting micro-architecture generation ...
INFO: [BIND 205-101] Performing variable lifetime analysis.
INFO: [BIND 205-101] Exploring resource sharing.
INFO: [BIND 205-101] Binding ...
INFO: [BIND 205-100] Finished micro-architecture generation.
Command       bind done; 0.597 sec.
INFO: [HLS 200-111] Finished Binding: CPU user time: 1 seconds. CPU system time: 0 seconds. Elapsed time: 1.385 seconds; current allocated memory: 384.090 MB.
Execute       syn_report -verbosereport -o C:/Xilinx/golden/srcnn_hls/solution1/.autopilot/db/compute_tile_c3_Pipeline_VITIS_LOOP_77_3.verbose.bind.rpt 
Execute         list_part -family xck26-sfvc784-2LV-c 
Execute           ap_family_info -name xck26-sfvc784-2LV-c -data names 
Execute           ap_part_info -quiet -name xck26-sfvc784-2LV-c -data family 
Command       syn_report done; 0.203 sec.
Execute       db_write -o C:/Xilinx/golden/srcnn_hls/solution1/.autopilot/db/compute_tile_c3_Pipeline_VITIS_LOOP_77_3.bind.adb -f 
Command       db_write done; 0.182 sec.
INFO-FLOW: Finish binding compute_tile_c3_Pipeline_VITIS_LOOP_77_3.
INFO: [HLS 200-10] ----------------------------------------------------------------
INFO: [HLS 200-42] -- Implementing module 'compute_tile_c3' 
INFO: [HLS 200-10] ----------------------------------------------------------------
Execute       set_default_model compute_tile_c3 
Execute       schedule -model compute_tile_c3 
INFO: [SCHED 204-11] Starting scheduling ...
INFO: [SCHED 204-11] Finished scheduling.
Command       schedule done; 1.57 sec.
INFO: [HLS 200-111] Finished Scheduling: CPU user time: 2 seconds. CPU system time: 0 seconds. Elapsed time: 2.015 seconds; current allocated memory: 396.422 MB.
Execute       syn_report -verbosereport -o C:/Xilinx/golden/srcnn_hls/solution1/.autopilot/db/compute_tile_c3.verbose.sched.rpt 
Execute         list_part -family xck26-sfvc784-2LV-c 
Execute           ap_family_info -name xck26-sfvc784-2LV-c -data names 
Execute           ap_part_info -quiet -name xck26-sfvc784-2LV-c -data family 
Command       syn_report done; 0.231 sec.
Execute       db_write -o C:/Xilinx/golden/srcnn_hls/solution1/.autopilot/db/compute_tile_c3.sched.adb -f 
Command       db_write done; 0.202 sec.
INFO-FLOW: Finish scheduling compute_tile_c3.
Execute       set_default_model compute_tile_c3 
Execute       bind -model compute_tile_c3 
INFO: [BIND 205-100] Starting micro-architecture generation ...
INFO: [BIND 205-101] Performing variable lifetime analysis.
INFO: [BIND 205-101] Exploring resource sharing.
INFO: [BIND 205-101] Binding ...
INFO: [BIND 205-100] Finished micro-architecture generation.
Command       bind done; 0.416 sec.
INFO: [HLS 200-111] Finished Binding: CPU user time: 1 seconds. CPU system time: 0 seconds. Elapsed time: 0.851 seconds; current allocated memory: 396.547 MB.
Execute       syn_report -verbosereport -o C:/Xilinx/golden/srcnn_hls/solution1/.autopilot/db/compute_tile_c3.verbose.bind.rpt 
Execute         list_part -family xck26-sfvc784-2LV-c 
Execute           ap_family_info -name xck26-sfvc784-2LV-c -data names 
Execute           ap_part_info -quiet -name xck26-sfvc784-2LV-c -data family 
Command       syn_report done; 0.249 sec.
Execute       db_write -o C:/Xilinx/golden/srcnn_hls/solution1/.autopilot/db/compute_tile_c3.bind.adb -f 
Command       db_write done; 0.278 sec.
INFO-FLOW: Finish binding compute_tile_c3.
INFO: [HLS 200-10] ----------------------------------------------------------------
INFO: [HLS 200-42] -- Implementing module 'conv3_Pipeline_VITIS_LOOP_108_1_VITIS_LOOP_109_2_VITIS_LOOP_110_3' 
INFO: [HLS 200-10] ----------------------------------------------------------------
Execute       set_default_model conv3_Pipeline_VITIS_LOOP_108_1_VITIS_LOOP_109_2_VITIS_LOOP_110_3 
Execute       schedule -model conv3_Pipeline_VITIS_LOOP_108_1_VITIS_LOOP_109_2_VITIS_LOOP_110_3 
INFO: [SCHED 204-11] Starting scheduling ...
INFO: [SCHED 204-61] Pipelining loop 'VITIS_LOOP_108_1_VITIS_LOOP_109_2_VITIS_LOOP_110_3'.
INFO: [HLS 200-1470] Pipelining result : Target II = 1, Final II = 1, Depth = 8, loop 'VITIS_LOOP_108_1_VITIS_LOOP_109_2_VITIS_LOOP_110_3'
INFO: [SCHED 204-11] Finished scheduling.
Command       schedule done; 1.414 sec.
INFO: [HLS 200-111] Finished Scheduling: CPU user time: 2 seconds. CPU system time: 0 seconds. Elapsed time: 2.004 seconds; current allocated memory: 396.930 MB.
Execute       syn_report -verbosereport -o C:/Xilinx/golden/srcnn_hls/solution1/.autopilot/db/conv3_Pipeline_VITIS_LOOP_108_1_VITIS_LOOP_109_2_VITIS_LOOP_110_3.verbose.sched.rpt 
Execute         list_part -family xck26-sfvc784-2LV-c 
Execute           ap_family_info -name xck26-sfvc784-2LV-c -data names 
Execute           ap_part_info -quiet -name xck26-sfvc784-2LV-c -data family 
Execute       db_write -o C:/Xilinx/golden/srcnn_hls/solution1/.autopilot/db/conv3_Pipeline_VITIS_LOOP_108_1_VITIS_LOOP_109_2_VITIS_LOOP_110_3.sched.adb -f 
INFO-FLOW: Finish scheduling conv3_Pipeline_VITIS_LOOP_108_1_VITIS_LOOP_109_2_VITIS_LOOP_110_3.
Execute       set_default_model conv3_Pipeline_VITIS_LOOP_108_1_VITIS_LOOP_109_2_VITIS_LOOP_110_3 
Execute       bind -model conv3_Pipeline_VITIS_LOOP_108_1_VITIS_LOOP_109_2_VITIS_LOOP_110_3 
INFO: [BIND 205-100] Starting micro-architecture generation ...
INFO: [BIND 205-101] Performing variable lifetime analysis.
INFO: [BIND 205-101] Exploring resource sharing.
INFO: [BIND 205-101] Binding ...
INFO: [BIND 205-100] Finished micro-architecture generation.
Command       bind done; 0.155 sec.
INFO: [HLS 200-111] Finished Binding: CPU user time: 0 seconds. CPU system time: 0 seconds. Elapsed time: 0.245 seconds; current allocated memory: 396.930 MB.
Execute       syn_report -verbosereport -o C:/Xilinx/golden/srcnn_hls/solution1/.autopilot/db/conv3_Pipeline_VITIS_LOOP_108_1_VITIS_LOOP_109_2_VITIS_LOOP_110_3.verbose.bind.rpt 
Execute         list_part -family xck26-sfvc784-2LV-c 
Execute           ap_family_info -name xck26-sfvc784-2LV-c -data names 
Execute           ap_part_info -quiet -name xck26-sfvc784-2LV-c -data family 
Execute       db_write -o C:/Xilinx/golden/srcnn_hls/solution1/.autopilot/db/conv3_Pipeline_VITIS_LOOP_108_1_VITIS_LOOP_109_2_VITIS_LOOP_110_3.bind.adb -f 
INFO-FLOW: Finish binding conv3_Pipeline_VITIS_LOOP_108_1_VITIS_LOOP_109_2_VITIS_LOOP_110_3.
INFO: [HLS 200-10] ----------------------------------------------------------------
INFO: [HLS 200-42] -- Implementing module 'conv3' 
INFO: [HLS 200-10] ----------------------------------------------------------------
Execute       set_default_model conv3 
Execute       schedule -model conv3 
INFO: [SCHED 204-11] Starting scheduling ...
INFO: [HLS 200-486] Changing DSP latency (root=add_ln103) to 3 in order to utilize available DSP registers.
INFO: [SCHED 204-11] Finished scheduling.
Command       schedule done; 0.281 sec.
INFO: [HLS 200-111] Finished Scheduling: CPU user time: 0 seconds. CPU system time: 0 seconds. Elapsed time: 0.415 seconds; current allocated memory: 396.992 MB.
Execute       syn_report -verbosereport -o C:/Xilinx/golden/srcnn_hls/solution1/.autopilot/db/conv3.verbose.sched.rpt 
Execute         list_part -family xck26-sfvc784-2LV-c 
Execute           ap_family_info -name xck26-sfvc784-2LV-c -data names 
Execute           ap_part_info -quiet -name xck26-sfvc784-2LV-c -data family 
Execute       db_write -o C:/Xilinx/golden/srcnn_hls/solution1/.autopilot/db/conv3.sched.adb -f 
INFO-FLOW: Finish scheduling conv3.
Execute       set_default_model conv3 
Execute       bind -model conv3 
INFO: [BIND 205-100] Starting micro-architecture generation ...
INFO: [BIND 205-101] Performing variable lifetime analysis.
INFO: [BIND 205-101] Exploring resource sharing.
INFO: [BIND 205-101] Binding ...
INFO: [BIND 205-100] Finished micro-architecture generation.
Command       bind done; 0.203 sec.
INFO: [HLS 200-111] Finished Binding: CPU user time: 1 seconds. CPU system time: 0 seconds. Elapsed time: 0.299 seconds; current allocated memory: 397.406 MB.
Execute       syn_report -verbosereport -o C:/Xilinx/golden/srcnn_hls/solution1/.autopilot/db/conv3.verbose.bind.rpt 
Execute         list_part -family xck26-sfvc784-2LV-c 
Execute           ap_family_info -name xck26-sfvc784-2LV-c -data names 
Execute           ap_part_info -quiet -name xck26-sfvc784-2LV-c -data family 
Command       syn_report done; 0.282 sec.
Execute       db_write -o C:/Xilinx/golden/srcnn_hls/solution1/.autopilot/db/conv3.bind.adb -f 
INFO-FLOW: Finish binding conv3.
INFO: [HLS 200-10] ----------------------------------------------------------------
INFO: [HLS 200-42] -- Implementing module 'srcnn' 
INFO: [HLS 200-10] ----------------------------------------------------------------
Execute       set_default_model srcnn 
Execute       schedule -model srcnn 
INFO: [SCHED 204-11] Starting scheduling ...
INFO: [SCHED 204-11] Finished scheduling.
INFO: [HLS 200-111] Finished Scheduling: CPU user time: 0 seconds. CPU system time: 0 seconds. Elapsed time: 0.455 seconds; current allocated memory: 397.445 MB.
Execute       syn_report -verbosereport -o C:/Xilinx/golden/srcnn_hls/solution1/.autopilot/db/srcnn.verbose.sched.rpt 
Execute         list_part -family xck26-sfvc784-2LV-c 
Execute           ap_family_info -name xck26-sfvc784-2LV-c -data names 
Execute           ap_part_info -quiet -name xck26-sfvc784-2LV-c -data family 
Execute       db_write -o C:/Xilinx/golden/srcnn_hls/solution1/.autopilot/db/srcnn.sched.adb -f 
INFO-FLOW: Finish scheduling srcnn.
Execute       set_default_model srcnn 
Execute       bind -model srcnn 
INFO: [BIND 205-100] Starting micro-architecture generation ...
INFO: [BIND 205-101] Performing variable lifetime analysis.
INFO: [BIND 205-101] Exploring resource sharing.
INFO: [BIND 205-101] Binding ...
INFO: [BIND 205-100] Finished micro-architecture generation.
Command       bind done; 0.304 sec.
INFO: [HLS 200-111] Finished Binding: CPU user time: 0 seconds. CPU system time: 0 seconds. Elapsed time: 0.401 seconds; current allocated memory: 398.168 MB.
Execute       syn_report -verbosereport -o C:/Xilinx/golden/srcnn_hls/solution1/.autopilot/db/srcnn.verbose.bind.rpt 
Execute         list_part -family xck26-sfvc784-2LV-c 
Execute           ap_family_info -name xck26-sfvc784-2LV-c -data names 
Execute           ap_part_info -quiet -name xck26-sfvc784-2LV-c -data family 
Command       syn_report done; 0.3 sec.
Execute       db_write -o C:/Xilinx/golden/srcnn_hls/solution1/.autopilot/db/srcnn.bind.adb -f 
INFO-FLOW: Finish binding srcnn.
Execute       get_model_list srcnn -filter all-wo-channel 
INFO-FLOW: Preprocessing for RTLGen ...
Execute       rtl_gen_preprocess conv1_Pipeline_VITIS_LOOP_125_4_VITIS_LOOP_126_5_VITIS_LOOP_127_6 
Execute       rtl_gen_preprocess conv1_Pipeline_VITIS_LOOP_32_2_VITIS_LOOP_33_3 
Execute       rtl_gen_preprocess conv1_Pipeline_VITIS_LOOP_50_1_VITIS_LOOP_53_3_VITIS_LOOP_54_4 
Execute       rtl_gen_preprocess compute_tile_c1_Pipeline_VITIS_LOOP_71_3 
Execute       rtl_gen_preprocess compute_tile_c1 
Execute       rtl_gen_preprocess conv1_Pipeline_VITIS_LOOP_94_1_VITIS_LOOP_95_2_VITIS_LOOP_96_3 
Execute       rtl_gen_preprocess conv1 
Execute       rtl_gen_preprocess srcnn_Pipeline_VITIS_LOOP_18_1_VITIS_LOOP_19_2_VITIS_LOOP_20_3 
Execute       rtl_gen_preprocess conv2_Pipeline_VITIS_LOOP_99_4_VITIS_LOOP_100_5_VITIS_LOOP_101_6 
Execute       rtl_gen_preprocess conv2_Pipeline_VITIS_LOOP_23_2_VITIS_LOOP_24_3 
Execute       rtl_gen_preprocess conv2_Pipeline_VITIS_LOOP_53_3 
Execute       rtl_gen_preprocess conv2_Pipeline_VITIS_LOOP_70_1_VITIS_LOOP_71_2_VITIS_LOOP_72_3 
Execute       rtl_gen_preprocess conv2 
Execute       rtl_gen_preprocess srcnn_Pipeline_VITIS_LOOP_27_4_VITIS_LOOP_28_5_VITIS_LOOP_29_6 
Execute       rtl_gen_preprocess conv3_Pipeline_VITIS_LOOP_143_4_VITIS_LOOP_144_5_VITIS_LOOP_145_6 
Execute       rtl_gen_preprocess conv3_Pipeline_VITIS_LOOP_32_2_VITIS_LOOP_33_3 
Execute       rtl_gen_preprocess conv3_Pipeline_VITIS_LOOP_55_3_VITIS_LOOP_56_4 
Execute       rtl_gen_preprocess compute_tile_c3_Pipeline_VITIS_LOOP_77_3 
Execute       rtl_gen_preprocess compute_tile_c3 
Execute       rtl_gen_preprocess conv3_Pipeline_VITIS_LOOP_108_1_VITIS_LOOP_109_2_VITIS_LOOP_110_3 
Execute       rtl_gen_preprocess conv3 
Execute       rtl_gen_preprocess srcnn 
INFO-FLOW: Model list for RTL generation: conv1_Pipeline_VITIS_LOOP_125_4_VITIS_LOOP_126_5_VITIS_LOOP_127_6 conv1_Pipeline_VITIS_LOOP_32_2_VITIS_LOOP_33_3 conv1_Pipeline_VITIS_LOOP_50_1_VITIS_LOOP_53_3_VITIS_LOOP_54_4 compute_tile_c1_Pipeline_VITIS_LOOP_71_3 compute_tile_c1 conv1_Pipeline_VITIS_LOOP_94_1_VITIS_LOOP_95_2_VITIS_LOOP_96_3 conv1 srcnn_Pipeline_VITIS_LOOP_18_1_VITIS_LOOP_19_2_VITIS_LOOP_20_3 conv2_Pipeline_VITIS_LOOP_99_4_VITIS_LOOP_100_5_VITIS_LOOP_101_6 conv2_Pipeline_VITIS_LOOP_23_2_VITIS_LOOP_24_3 conv2_Pipeline_VITIS_LOOP_53_3 conv2_Pipeline_VITIS_LOOP_70_1_VITIS_LOOP_71_2_VITIS_LOOP_72_3 conv2 srcnn_Pipeline_VITIS_LOOP_27_4_VITIS_LOOP_28_5_VITIS_LOOP_29_6 conv3_Pipeline_VITIS_LOOP_143_4_VITIS_LOOP_144_5_VITIS_LOOP_145_6 conv3_Pipeline_VITIS_LOOP_32_2_VITIS_LOOP_33_3 conv3_Pipeline_VITIS_LOOP_55_3_VITIS_LOOP_56_4 compute_tile_c3_Pipeline_VITIS_LOOP_77_3 compute_tile_c3 conv3_Pipeline_VITIS_LOOP_108_1_VITIS_LOOP_109_2_VITIS_LOOP_110_3 conv3 srcnn
INFO: [HLS 200-10] ----------------------------------------------------------------
INFO: [HLS 200-10] -- Generating RTL for module 'conv1_Pipeline_VITIS_LOOP_125_4_VITIS_LOOP_126_5_VITIS_LOOP_127_6' 
INFO: [HLS 200-10] ----------------------------------------------------------------
Execute       create_rtl_model conv1_Pipeline_VITIS_LOOP_125_4_VITIS_LOOP_126_5_VITIS_LOOP_127_6 -top_prefix srcnn_ -sub_prefix srcnn_ -mg_file C:/Xilinx/golden/srcnn_hls/solution1/.autopilot/db/conv1_Pipeline_VITIS_LOOP_125_4_VITIS_LOOP_126_5_VITIS_LOOP_127_6.compgen.tcl 
INFO: [HLS 200-1030] Apply Unified Pipeline Control on module 'conv1_Pipeline_VITIS_LOOP_125_4_VITIS_LOOP_126_5_VITIS_LOOP_127_6' pipeline 'VITIS_LOOP_125_4_VITIS_LOOP_126_5_VITIS_LOOP_127_6' pipeline type 'loop pipeline'
INFO: [RTGEN 206-100] Finished creating RTL model for 'conv1_Pipeline_VITIS_LOOP_125_4_VITIS_LOOP_126_5_VITIS_LOOP_127_6'.
INFO: [HLS 200-111] Finished Creating RTL model: CPU user time: 1 seconds. CPU system time: 0 seconds. Elapsed time: 0.478 seconds; current allocated memory: 400.129 MB.
Execute       source C:/Xilinx/golden/srcnn_hls/solution1/.autopilot/db/srcnn.rtl_wrap.cfg.tcl 
Execute       gen_rtl conv1_Pipeline_VITIS_LOOP_125_4_VITIS_LOOP_126_5_VITIS_LOOP_127_6 -style xilinx -f -lang vhdl -o C:/Xilinx/golden/srcnn_hls/solution1/syn/vhdl/srcnn_conv1_Pipeline_VITIS_LOOP_125_4_VITIS_LOOP_126_5_VITIS_LOOP_127_6 
Execute       gen_rtl conv1_Pipeline_VITIS_LOOP_125_4_VITIS_LOOP_126_5_VITIS_LOOP_127_6 -style xilinx -f -lang vlog -o C:/Xilinx/golden/srcnn_hls/solution1/syn/verilog/srcnn_conv1_Pipeline_VITIS_LOOP_125_4_VITIS_LOOP_126_5_VITIS_LOOP_127_6 
Execute       syn_report -csynth -model conv1_Pipeline_VITIS_LOOP_125_4_VITIS_LOOP_126_5_VITIS_LOOP_127_6 -o C:/Xilinx/golden/srcnn_hls/solution1/syn/report/conv1_Pipeline_VITIS_LOOP_125_4_VITIS_LOOP_126_5_VITIS_LOOP_127_6_csynth.rpt 
Execute         list_part -family xck26-sfvc784-2LV-c 
Execute           ap_family_info -name xck26-sfvc784-2LV-c -data names 
Execute           ap_part_info -quiet -name xck26-sfvc784-2LV-c -data family 
Execute       syn_report -rtlxml -model conv1_Pipeline_VITIS_LOOP_125_4_VITIS_LOOP_126_5_VITIS_LOOP_127_6 -o C:/Xilinx/golden/srcnn_hls/solution1/syn/report/conv1_Pipeline_VITIS_LOOP_125_4_VITIS_LOOP_126_5_VITIS_LOOP_127_6_csynth.xml 
Execute         list_part -family xck26-sfvc784-2LV-c 
Execute           ap_family_info -name xck26-sfvc784-2LV-c -data names 
Execute           ap_part_info -quiet -name xck26-sfvc784-2LV-c -data family 
Execute       syn_report -verbosereport -model conv1_Pipeline_VITIS_LOOP_125_4_VITIS_LOOP_126_5_VITIS_LOOP_127_6 -o C:/Xilinx/golden/srcnn_hls/solution1/.autopilot/db/conv1_Pipeline_VITIS_LOOP_125_4_VITIS_LOOP_126_5_VITIS_LOOP_127_6.verbose.rpt 
Execute         list_part -family xck26-sfvc784-2LV-c 
Execute           ap_family_info -name xck26-sfvc784-2LV-c -data names 
Execute           ap_part_info -quiet -name xck26-sfvc784-2LV-c -data family 
Execute       db_write -model conv1_Pipeline_VITIS_LOOP_125_4_VITIS_LOOP_126_5_VITIS_LOOP_127_6 -f -o C:/Xilinx/golden/srcnn_hls/solution1/.autopilot/db/conv1_Pipeline_VITIS_LOOP_125_4_VITIS_LOOP_126_5_VITIS_LOOP_127_6.adb 
Execute       db_write -model conv1_Pipeline_VITIS_LOOP_125_4_VITIS_LOOP_126_5_VITIS_LOOP_127_6 -bindview -o C:/Xilinx/golden/srcnn_hls/solution1/.autopilot/db/design.bindinfo.xml 
Execute       gen_tb_info conv1_Pipeline_VITIS_LOOP_125_4_VITIS_LOOP_126_5_VITIS_LOOP_127_6 -p C:/Xilinx/golden/srcnn_hls/solution1/.autopilot/db -o C:/Xilinx/golden/srcnn_hls/solution1/.autopilot/db/conv1_Pipeline_VITIS_LOOP_125_4_VITIS_LOOP_126_5_VITIS_LOOP_127_6 
INFO: [HLS 200-10] ----------------------------------------------------------------
INFO: [HLS 200-10] -- Generating RTL for module 'conv1_Pipeline_VITIS_LOOP_32_2_VITIS_LOOP_33_3' 
INFO: [HLS 200-10] ----------------------------------------------------------------
Execute       create_rtl_model conv1_Pipeline_VITIS_LOOP_32_2_VITIS_LOOP_33_3 -top_prefix srcnn_ -sub_prefix srcnn_ -mg_file C:/Xilinx/golden/srcnn_hls/solution1/.autopilot/db/conv1_Pipeline_VITIS_LOOP_32_2_VITIS_LOOP_33_3.compgen.tcl 
INFO: [HLS 200-1030] Apply Unified Pipeline Control on module 'conv1_Pipeline_VITIS_LOOP_32_2_VITIS_LOOP_33_3' pipeline 'VITIS_LOOP_32_2_VITIS_LOOP_33_3' pipeline type 'loop pipeline'
INFO: [RTGEN 206-100] Finished creating RTL model for 'conv1_Pipeline_VITIS_LOOP_32_2_VITIS_LOOP_33_3'.
INFO: [HLS 200-111] Finished Creating RTL model: CPU user time: 0 seconds. CPU system time: 0 seconds. Elapsed time: 0.397 seconds; current allocated memory: 402.367 MB.
Execute       source C:/Xilinx/golden/srcnn_hls/solution1/.autopilot/db/srcnn.rtl_wrap.cfg.tcl 
Execute       gen_rtl conv1_Pipeline_VITIS_LOOP_32_2_VITIS_LOOP_33_3 -style xilinx -f -lang vhdl -o C:/Xilinx/golden/srcnn_hls/solution1/syn/vhdl/srcnn_conv1_Pipeline_VITIS_LOOP_32_2_VITIS_LOOP_33_3 
Execute       gen_rtl conv1_Pipeline_VITIS_LOOP_32_2_VITIS_LOOP_33_3 -style xilinx -f -lang vlog -o C:/Xilinx/golden/srcnn_hls/solution1/syn/verilog/srcnn_conv1_Pipeline_VITIS_LOOP_32_2_VITIS_LOOP_33_3 
Execute       syn_report -csynth -model conv1_Pipeline_VITIS_LOOP_32_2_VITIS_LOOP_33_3 -o C:/Xilinx/golden/srcnn_hls/solution1/syn/report/conv1_Pipeline_VITIS_LOOP_32_2_VITIS_LOOP_33_3_csynth.rpt 
Execute         list_part -family xck26-sfvc784-2LV-c 
Execute           ap_family_info -name xck26-sfvc784-2LV-c -data names 
Execute           ap_part_info -quiet -name xck26-sfvc784-2LV-c -data family 
Execute       syn_report -rtlxml -model conv1_Pipeline_VITIS_LOOP_32_2_VITIS_LOOP_33_3 -o C:/Xilinx/golden/srcnn_hls/solution1/syn/report/conv1_Pipeline_VITIS_LOOP_32_2_VITIS_LOOP_33_3_csynth.xml 
Execute         list_part -family xck26-sfvc784-2LV-c 
Execute           ap_family_info -name xck26-sfvc784-2LV-c -data names 
Execute           ap_part_info -quiet -name xck26-sfvc784-2LV-c -data family 
Execute       syn_report -verbosereport -model conv1_Pipeline_VITIS_LOOP_32_2_VITIS_LOOP_33_3 -o C:/Xilinx/golden/srcnn_hls/solution1/.autopilot/db/conv1_Pipeline_VITIS_LOOP_32_2_VITIS_LOOP_33_3.verbose.rpt 
Execute         list_part -family xck26-sfvc784-2LV-c 
Execute           ap_family_info -name xck26-sfvc784-2LV-c -data names 
Execute           ap_part_info -quiet -name xck26-sfvc784-2LV-c -data family 
Execute       db_write -model conv1_Pipeline_VITIS_LOOP_32_2_VITIS_LOOP_33_3 -f -o C:/Xilinx/golden/srcnn_hls/solution1/.autopilot/db/conv1_Pipeline_VITIS_LOOP_32_2_VITIS_LOOP_33_3.adb 
Execute       db_write -model conv1_Pipeline_VITIS_LOOP_32_2_VITIS_LOOP_33_3 -bindview -o C:/Xilinx/golden/srcnn_hls/solution1/.autopilot/db/design.bindinfo.xml 
Execute       gen_tb_info conv1_Pipeline_VITIS_LOOP_32_2_VITIS_LOOP_33_3 -p C:/Xilinx/golden/srcnn_hls/solution1/.autopilot/db -o C:/Xilinx/golden/srcnn_hls/solution1/.autopilot/db/conv1_Pipeline_VITIS_LOOP_32_2_VITIS_LOOP_33_3 
INFO: [HLS 200-10] ----------------------------------------------------------------
INFO: [HLS 200-10] -- Generating RTL for module 'conv1_Pipeline_VITIS_LOOP_50_1_VITIS_LOOP_53_3_VITIS_LOOP_54_4' 
INFO: [HLS 200-10] ----------------------------------------------------------------
Execute       create_rtl_model conv1_Pipeline_VITIS_LOOP_50_1_VITIS_LOOP_53_3_VITIS_LOOP_54_4 -top_prefix srcnn_ -sub_prefix srcnn_ -mg_file C:/Xilinx/golden/srcnn_hls/solution1/.autopilot/db/conv1_Pipeline_VITIS_LOOP_50_1_VITIS_LOOP_53_3_VITIS_LOOP_54_4.compgen.tcl 
INFO: [HLS 200-1030] Apply Unified Pipeline Control on module 'conv1_Pipeline_VITIS_LOOP_50_1_VITIS_LOOP_53_3_VITIS_LOOP_54_4' pipeline 'VITIS_LOOP_50_1_VITIS_LOOP_53_3_VITIS_LOOP_54_4' pipeline type 'loop pipeline'
INFO: [RTGEN 206-100] Finished creating RTL model for 'conv1_Pipeline_VITIS_LOOP_50_1_VITIS_LOOP_53_3_VITIS_LOOP_54_4'.
Command       create_rtl_model done; 0.103 sec.
INFO: [HLS 200-111] Finished Creating RTL model: CPU user time: 0 seconds. CPU system time: 0 seconds. Elapsed time: 0.442 seconds; current allocated memory: 406.715 MB.
Execute       source C:/Xilinx/golden/srcnn_hls/solution1/.autopilot/db/srcnn.rtl_wrap.cfg.tcl 
Execute       gen_rtl conv1_Pipeline_VITIS_LOOP_50_1_VITIS_LOOP_53_3_VITIS_LOOP_54_4 -style xilinx -f -lang vhdl -o C:/Xilinx/golden/srcnn_hls/solution1/syn/vhdl/srcnn_conv1_Pipeline_VITIS_LOOP_50_1_VITIS_LOOP_53_3_VITIS_LOOP_54_4 
Execute       gen_rtl conv1_Pipeline_VITIS_LOOP_50_1_VITIS_LOOP_53_3_VITIS_LOOP_54_4 -style xilinx -f -lang vlog -o C:/Xilinx/golden/srcnn_hls/solution1/syn/verilog/srcnn_conv1_Pipeline_VITIS_LOOP_50_1_VITIS_LOOP_53_3_VITIS_LOOP_54_4 
Execute       syn_report -csynth -model conv1_Pipeline_VITIS_LOOP_50_1_VITIS_LOOP_53_3_VITIS_LOOP_54_4 -o C:/Xilinx/golden/srcnn_hls/solution1/syn/report/conv1_Pipeline_VITIS_LOOP_50_1_VITIS_LOOP_53_3_VITIS_LOOP_54_4_csynth.rpt 
Execute         list_part -family xck26-sfvc784-2LV-c 
Execute           ap_family_info -name xck26-sfvc784-2LV-c -data names 
Execute           ap_part_info -quiet -name xck26-sfvc784-2LV-c -data family 
Execute       syn_report -rtlxml -model conv1_Pipeline_VITIS_LOOP_50_1_VITIS_LOOP_53_3_VITIS_LOOP_54_4 -o C:/Xilinx/golden/srcnn_hls/solution1/syn/report/conv1_Pipeline_VITIS_LOOP_50_1_VITIS_LOOP_53_3_VITIS_LOOP_54_4_csynth.xml 
Execute         list_part -family xck26-sfvc784-2LV-c 
Execute           ap_family_info -name xck26-sfvc784-2LV-c -data names 
Execute           ap_part_info -quiet -name xck26-sfvc784-2LV-c -data family 
Execute       syn_report -verbosereport -model conv1_Pipeline_VITIS_LOOP_50_1_VITIS_LOOP_53_3_VITIS_LOOP_54_4 -o C:/Xilinx/golden/srcnn_hls/solution1/.autopilot/db/conv1_Pipeline_VITIS_LOOP_50_1_VITIS_LOOP_53_3_VITIS_LOOP_54_4.verbose.rpt 
Execute         list_part -family xck26-sfvc784-2LV-c 
Execute           ap_family_info -name xck26-sfvc784-2LV-c -data names 
Execute           ap_part_info -quiet -name xck26-sfvc784-2LV-c -data family 
Execute       db_write -model conv1_Pipeline_VITIS_LOOP_50_1_VITIS_LOOP_53_3_VITIS_LOOP_54_4 -f -o C:/Xilinx/golden/srcnn_hls/solution1/.autopilot/db/conv1_Pipeline_VITIS_LOOP_50_1_VITIS_LOOP_53_3_VITIS_LOOP_54_4.adb 
Execute       db_write -model conv1_Pipeline_VITIS_LOOP_50_1_VITIS_LOOP_53_3_VITIS_LOOP_54_4 -bindview -o C:/Xilinx/golden/srcnn_hls/solution1/.autopilot/db/design.bindinfo.xml 
Execute       gen_tb_info conv1_Pipeline_VITIS_LOOP_50_1_VITIS_LOOP_53_3_VITIS_LOOP_54_4 -p C:/Xilinx/golden/srcnn_hls/solution1/.autopilot/db -o C:/Xilinx/golden/srcnn_hls/solution1/.autopilot/db/conv1_Pipeline_VITIS_LOOP_50_1_VITIS_LOOP_53_3_VITIS_LOOP_54_4 
INFO: [HLS 200-10] ----------------------------------------------------------------
INFO: [HLS 200-10] -- Generating RTL for module 'compute_tile_c1_Pipeline_VITIS_LOOP_71_3' 
INFO: [HLS 200-10] ----------------------------------------------------------------
Execute       create_rtl_model compute_tile_c1_Pipeline_VITIS_LOOP_71_3 -top_prefix srcnn_ -sub_prefix srcnn_ -mg_file C:/Xilinx/golden/srcnn_hls/solution1/.autopilot/db/compute_tile_c1_Pipeline_VITIS_LOOP_71_3.compgen.tcl 
WARNING: [HLS 200-2049] Adding the rewind optimization to the pipelined process 'VITIS_LOOP_71_3' with inout ports inside a dataflow region can result in the creation of loop-carried dependencies and errors. Use caution when adding the rewind optimization to such loops.
INFO: [HLS 200-1030] Apply Unified Pipeline Control on module 'compute_tile_c1_Pipeline_VITIS_LOOP_71_3' pipeline 'VITIS_LOOP_71_3' pipeline type 'loop pipeline'
INFO: [RTGEN 206-104] Estimated max fanout for 'compute_tile_c1_Pipeline_VITIS_LOOP_71_3' is 32664 from HDL expression: (1'b0 == ap_block_pp0_stage0_11001)
INFO: [RTGEN 206-100] Generating core module 'fadd_32ns_32ns_32_4_full_dsp_1': 81 instance(s).
INFO: [RTGEN 206-100] Generating core module 'fmul_32ns_32ns_32_3_max_dsp_1': 81 instance(s).
INFO: [RTGEN 206-100] Finished creating RTL model for 'compute_tile_c1_Pipeline_VITIS_LOOP_71_3'.
Command       create_rtl_model done; 1.43 sec.
INFO: [HLS 200-111] Finished Creating RTL model: CPU user time: 2 seconds. CPU system time: 1 seconds. Elapsed time: 1.99 seconds; current allocated memory: 456.672 MB.
Execute       source C:/Xilinx/golden/srcnn_hls/solution1/.autopilot/db/srcnn.rtl_wrap.cfg.tcl 
Execute       gen_rtl compute_tile_c1_Pipeline_VITIS_LOOP_71_3 -style xilinx -f -lang vhdl -o C:/Xilinx/golden/srcnn_hls/solution1/syn/vhdl/srcnn_compute_tile_c1_Pipeline_VITIS_LOOP_71_3 
Execute       gen_rtl compute_tile_c1_Pipeline_VITIS_LOOP_71_3 -style xilinx -f -lang vlog -o C:/Xilinx/golden/srcnn_hls/solution1/syn/verilog/srcnn_compute_tile_c1_Pipeline_VITIS_LOOP_71_3 
Execute       syn_report -csynth -model compute_tile_c1_Pipeline_VITIS_LOOP_71_3 -o C:/Xilinx/golden/srcnn_hls/solution1/syn/report/compute_tile_c1_Pipeline_VITIS_LOOP_71_3_csynth.rpt 
Execute         list_part -family xck26-sfvc784-2LV-c 
Execute           ap_family_info -name xck26-sfvc784-2LV-c -data names 
Execute           ap_part_info -quiet -name xck26-sfvc784-2LV-c -data family 
Command       syn_report done; 0.154 sec.
Execute       syn_report -rtlxml -model compute_tile_c1_Pipeline_VITIS_LOOP_71_3 -o C:/Xilinx/golden/srcnn_hls/solution1/syn/report/compute_tile_c1_Pipeline_VITIS_LOOP_71_3_csynth.xml 
Execute         list_part -family xck26-sfvc784-2LV-c 
Execute           ap_family_info -name xck26-sfvc784-2LV-c -data names 
Execute           ap_part_info -quiet -name xck26-sfvc784-2LV-c -data family 
Execute       syn_report -verbosereport -model compute_tile_c1_Pipeline_VITIS_LOOP_71_3 -o C:/Xilinx/golden/srcnn_hls/solution1/.autopilot/db/compute_tile_c1_Pipeline_VITIS_LOOP_71_3.verbose.rpt 
Execute         list_part -family xck26-sfvc784-2LV-c 
Execute           ap_family_info -name xck26-sfvc784-2LV-c -data names 
Execute           ap_part_info -quiet -name xck26-sfvc784-2LV-c -data family 
Command       syn_report done; 0.577 sec.
Execute       db_write -model compute_tile_c1_Pipeline_VITIS_LOOP_71_3 -f -o C:/Xilinx/golden/srcnn_hls/solution1/.autopilot/db/compute_tile_c1_Pipeline_VITIS_LOOP_71_3.adb 
Command       db_write done; 0.206 sec.
Execute       db_write -model compute_tile_c1_Pipeline_VITIS_LOOP_71_3 -bindview -o C:/Xilinx/golden/srcnn_hls/solution1/.autopilot/db/design.bindinfo.xml 
Execute       gen_tb_info compute_tile_c1_Pipeline_VITIS_LOOP_71_3 -p C:/Xilinx/golden/srcnn_hls/solution1/.autopilot/db -o C:/Xilinx/golden/srcnn_hls/solution1/.autopilot/db/compute_tile_c1_Pipeline_VITIS_LOOP_71_3 
INFO: [HLS 200-10] ----------------------------------------------------------------
INFO: [HLS 200-10] -- Generating RTL for module 'compute_tile_c1' 
INFO: [HLS 200-10] ----------------------------------------------------------------
Execute       create_rtl_model compute_tile_c1 -top_prefix srcnn_ -sub_prefix srcnn_ -mg_file C:/Xilinx/golden/srcnn_hls/solution1/.autopilot/db/compute_tile_c1.compgen.tcl 
WARNING: [RTGEN 206-101] Setting dangling out port 'compute_tile_c1/grp_fu_1094_p_opcode' to 0.
WARNING: [RTGEN 206-101] Setting dangling out port 'compute_tile_c1/grp_fu_1098_p_opcode' to 0.
WARNING: [RTGEN 206-101] Setting dangling out port 'compute_tile_c1/grp_fu_1102_p_opcode' to 0.
WARNING: [RTGEN 206-101] Setting dangling out port 'compute_tile_c1/grp_fu_1106_p_opcode' to 0.
WARNING: [RTGEN 206-101] Setting dangling out port 'compute_tile_c1/grp_fu_1110_p_opcode' to 0.
WARNING: [RTGEN 206-101] Setting dangling out port 'compute_tile_c1/grp_fu_1114_p_opcode' to 0.
WARNING: [RTGEN 206-101] Setting dangling out port 'compute_tile_c1/grp_fu_1118_p_opcode' to 0.
WARNING: [RTGEN 206-101] Setting dangling out port 'compute_tile_c1/grp_fu_1122_p_opcode' to 0.
WARNING: [RTGEN 206-101] Setting dangling out port 'compute_tile_c1/grp_fu_1126_p_opcode' to 0.
WARNING: [RTGEN 206-101] Setting dangling out port 'compute_tile_c1/grp_fu_1130_p_opcode' to 0.
WARNING: [RTGEN 206-101] Setting dangling out port 'compute_tile_c1/grp_fu_1134_p_opcode' to 0.
WARNING: [RTGEN 206-101] Setting dangling out port 'compute_tile_c1/grp_fu_1138_p_opcode' to 0.
WARNING: [RTGEN 206-101] Setting dangling out port 'compute_tile_c1/grp_fu_1142_p_opcode' to 0.
WARNING: [RTGEN 206-101] Setting dangling out port 'compute_tile_c1/grp_fu_1146_p_opcode' to 0.
WARNING: [RTGEN 206-101] Setting dangling out port 'compute_tile_c1/grp_fu_1150_p_opcode' to 0.
WARNING: [RTGEN 206-101] Setting dangling out port 'compute_tile_c1/grp_fu_1154_p_opcode' to 0.
WARNING: [RTGEN 206-101] Setting dangling out port 'compute_tile_c1/grp_fu_1158_p_opcode' to 0.
WARNING: [RTGEN 206-101] Setting dangling out port 'compute_tile_c1/grp_fu_1162_p_opcode' to 0.
WARNING: [RTGEN 206-101] Setting dangling out port 'compute_tile_c1/grp_fu_1166_p_opcode' to 0.
WARNING: [RTGEN 206-101] Setting dangling out port 'compute_tile_c1/grp_fu_1170_p_opcode' to 0.
WARNING: [RTGEN 206-101] Setting dangling out port 'compute_tile_c1/grp_fu_1174_p_opcode' to 0.
WARNING: [RTGEN 206-101] Setting dangling out port 'compute_tile_c1/grp_fu_1178_p_opcode' to 0.
WARNING: [RTGEN 206-101] Setting dangling out port 'compute_tile_c1/grp_fu_1182_p_opcode' to 0.
WARNING: [RTGEN 206-101] Setting dangling out port 'compute_tile_c1/grp_fu_1186_p_opcode' to 0.
WARNING: [RTGEN 206-101] Setting dangling out port 'compute_tile_c1/grp_fu_1190_p_opcode' to 0.
INFO: [RTGEN 206-100] Generating core module 'fadd_32ns_32ns_32_4_full_dsp_1': 25 instance(s).
INFO: [RTGEN 206-100] Generating core module 'fmul_32ns_32ns_32_3_max_dsp_1': 25 instance(s).
INFO: [RTGEN 206-100] Finished creating RTL model for 'compute_tile_c1'.
Command       create_rtl_model done; 0.918 sec.
INFO: [HLS 200-111] Finished Creating RTL model: CPU user time: 2 seconds. CPU system time: 0 seconds. Elapsed time: 2.376 seconds; current allocated memory: 470.895 MB.
Execute       source C:/Xilinx/golden/srcnn_hls/solution1/.autopilot/db/srcnn.rtl_wrap.cfg.tcl 
Execute       gen_rtl compute_tile_c1 -style xilinx -f -lang vhdl -o C:/Xilinx/golden/srcnn_hls/solution1/syn/vhdl/srcnn_compute_tile_c1 
Execute       gen_rtl compute_tile_c1 -style xilinx -f -lang vlog -o C:/Xilinx/golden/srcnn_hls/solution1/syn/verilog/srcnn_compute_tile_c1 
Execute       syn_report -csynth -model compute_tile_c1 -o C:/Xilinx/golden/srcnn_hls/solution1/syn/report/compute_tile_c1_csynth.rpt 
Execute         list_part -family xck26-sfvc784-2LV-c 
Execute           ap_family_info -name xck26-sfvc784-2LV-c -data names 
Execute           ap_part_info -quiet -name xck26-sfvc784-2LV-c -data family 
Command       syn_report done; 0.203 sec.
Execute       syn_report -rtlxml -model compute_tile_c1 -o C:/Xilinx/golden/srcnn_hls/solution1/syn/report/compute_tile_c1_csynth.xml 
Execute         list_part -family xck26-sfvc784-2LV-c 
Execute           ap_family_info -name xck26-sfvc784-2LV-c -data names 
Execute           ap_part_info -quiet -name xck26-sfvc784-2LV-c -data family 
Execute       syn_report -verbosereport -model compute_tile_c1 -o C:/Xilinx/golden/srcnn_hls/solution1/.autopilot/db/compute_tile_c1.verbose.rpt 
Execute         list_part -family xck26-sfvc784-2LV-c 
Execute           ap_family_info -name xck26-sfvc784-2LV-c -data names 
Execute           ap_part_info -quiet -name xck26-sfvc784-2LV-c -data family 
Command       syn_report done; 0.315 sec.
Execute       db_write -model compute_tile_c1 -f -o C:/Xilinx/golden/srcnn_hls/solution1/.autopilot/db/compute_tile_c1.adb 
Command       db_write done; 0.248 sec.
Execute       db_write -model compute_tile_c1 -bindview -o C:/Xilinx/golden/srcnn_hls/solution1/.autopilot/db/design.bindinfo.xml 
Execute       gen_tb_info compute_tile_c1 -p C:/Xilinx/golden/srcnn_hls/solution1/.autopilot/db -o C:/Xilinx/golden/srcnn_hls/solution1/.autopilot/db/compute_tile_c1 
INFO: [HLS 200-10] ----------------------------------------------------------------
INFO: [HLS 200-10] -- Generating RTL for module 'conv1_Pipeline_VITIS_LOOP_94_1_VITIS_LOOP_95_2_VITIS_LOOP_96_3' 
INFO: [HLS 200-10] ----------------------------------------------------------------
Execute       create_rtl_model conv1_Pipeline_VITIS_LOOP_94_1_VITIS_LOOP_95_2_VITIS_LOOP_96_3 -top_prefix srcnn_ -sub_prefix srcnn_ -mg_file C:/Xilinx/golden/srcnn_hls/solution1/.autopilot/db/conv1_Pipeline_VITIS_LOOP_94_1_VITIS_LOOP_95_2_VITIS_LOOP_96_3.compgen.tcl 
INFO: [HLS 200-1030] Apply Unified Pipeline Control on module 'conv1_Pipeline_VITIS_LOOP_94_1_VITIS_LOOP_95_2_VITIS_LOOP_96_3' pipeline 'VITIS_LOOP_94_1_VITIS_LOOP_95_2_VITIS_LOOP_96_3' pipeline type 'loop pipeline'
INFO: [RTGEN 206-100] Generating core module 'fadd_32ns_32ns_32_4_full_dsp_1': 1 instance(s).
INFO: [RTGEN 206-100] Finished creating RTL model for 'conv1_Pipeline_VITIS_LOOP_94_1_VITIS_LOOP_95_2_VITIS_LOOP_96_3'.
Command       create_rtl_model done; 0.12 sec.
INFO: [HLS 200-111] Finished Creating RTL model: CPU user time: 1 seconds. CPU system time: 0 seconds. Elapsed time: 1.365 seconds; current allocated memory: 479.742 MB.
Execute       source C:/Xilinx/golden/srcnn_hls/solution1/.autopilot/db/srcnn.rtl_wrap.cfg.tcl 
Execute       gen_rtl conv1_Pipeline_VITIS_LOOP_94_1_VITIS_LOOP_95_2_VITIS_LOOP_96_3 -style xilinx -f -lang vhdl -o C:/Xilinx/golden/srcnn_hls/solution1/syn/vhdl/srcnn_conv1_Pipeline_VITIS_LOOP_94_1_VITIS_LOOP_95_2_VITIS_LOOP_96_3 
Execute       gen_rtl conv1_Pipeline_VITIS_LOOP_94_1_VITIS_LOOP_95_2_VITIS_LOOP_96_3 -style xilinx -f -lang vlog -o C:/Xilinx/golden/srcnn_hls/solution1/syn/verilog/srcnn_conv1_Pipeline_VITIS_LOOP_94_1_VITIS_LOOP_95_2_VITIS_LOOP_96_3 
Execute       syn_report -csynth -model conv1_Pipeline_VITIS_LOOP_94_1_VITIS_LOOP_95_2_VITIS_LOOP_96_3 -o C:/Xilinx/golden/srcnn_hls/solution1/syn/report/conv1_Pipeline_VITIS_LOOP_94_1_VITIS_LOOP_95_2_VITIS_LOOP_96_3_csynth.rpt 
Execute         list_part -family xck26-sfvc784-2LV-c 
Execute           ap_family_info -name xck26-sfvc784-2LV-c -data names 
Execute           ap_part_info -quiet -name xck26-sfvc784-2LV-c -data family 
Execute       syn_report -rtlxml -model conv1_Pipeline_VITIS_LOOP_94_1_VITIS_LOOP_95_2_VITIS_LOOP_96_3 -o C:/Xilinx/golden/srcnn_hls/solution1/syn/report/conv1_Pipeline_VITIS_LOOP_94_1_VITIS_LOOP_95_2_VITIS_LOOP_96_3_csynth.xml 
Execute         list_part -family xck26-sfvc784-2LV-c 
Execute           ap_family_info -name xck26-sfvc784-2LV-c -data names 
Execute           ap_part_info -quiet -name xck26-sfvc784-2LV-c -data family 
Execute       syn_report -verbosereport -model conv1_Pipeline_VITIS_LOOP_94_1_VITIS_LOOP_95_2_VITIS_LOOP_96_3 -o C:/Xilinx/golden/srcnn_hls/solution1/.autopilot/db/conv1_Pipeline_VITIS_LOOP_94_1_VITIS_LOOP_95_2_VITIS_LOOP_96_3.verbose.rpt 
Execute         list_part -family xck26-sfvc784-2LV-c 
Execute           ap_family_info -name xck26-sfvc784-2LV-c -data names 
Execute           ap_part_info -quiet -name xck26-sfvc784-2LV-c -data family 
Execute       db_write -model conv1_Pipeline_VITIS_LOOP_94_1_VITIS_LOOP_95_2_VITIS_LOOP_96_3 -f -o C:/Xilinx/golden/srcnn_hls/solution1/.autopilot/db/conv1_Pipeline_VITIS_LOOP_94_1_VITIS_LOOP_95_2_VITIS_LOOP_96_3.adb 
Execute       db_write -model conv1_Pipeline_VITIS_LOOP_94_1_VITIS_LOOP_95_2_VITIS_LOOP_96_3 -bindview -o C:/Xilinx/golden/srcnn_hls/solution1/.autopilot/db/design.bindinfo.xml 
Execute       gen_tb_info conv1_Pipeline_VITIS_LOOP_94_1_VITIS_LOOP_95_2_VITIS_LOOP_96_3 -p C:/Xilinx/golden/srcnn_hls/solution1/.autopilot/db -o C:/Xilinx/golden/srcnn_hls/solution1/.autopilot/db/conv1_Pipeline_VITIS_LOOP_94_1_VITIS_LOOP_95_2_VITIS_LOOP_96_3 
INFO: [HLS 200-10] ----------------------------------------------------------------
INFO: [HLS 200-10] -- Generating RTL for module 'conv1' 
INFO: [HLS 200-10] ----------------------------------------------------------------
Execute       create_rtl_model conv1 -top_prefix srcnn_ -sub_prefix srcnn_ -mg_file C:/Xilinx/golden/srcnn_hls/solution1/.autopilot/db/conv1.compgen.tcl 
WARNING: [RTGEN 206-101] Setting dangling out port 'conv1/grp_fu_657_p_opcode' to 0.
WARNING: [RTGEN 206-101] Setting dangling out port 'conv1/grp_fu_661_p_opcode' to 0.
WARNING: [RTGEN 206-101] Setting dangling out port 'conv1/grp_fu_665_p_opcode' to 0.
WARNING: [RTGEN 206-101] Setting dangling out port 'conv1/grp_fu_669_p_opcode' to 0.
WARNING: [RTGEN 206-101] Setting dangling out port 'conv1/grp_fu_673_p_opcode' to 0.
WARNING: [RTGEN 206-101] Setting dangling out port 'conv1/grp_fu_677_p_opcode' to 0.
WARNING: [RTGEN 206-101] Setting dangling out port 'conv1/grp_fu_681_p_opcode' to 0.
WARNING: [RTGEN 206-101] Setting dangling out port 'conv1/grp_fu_685_p_opcode' to 0.
WARNING: [RTGEN 206-101] Setting dangling out port 'conv1/grp_fu_689_p_opcode' to 0.
WARNING: [RTGEN 206-101] Setting dangling out port 'conv1/grp_fu_693_p_opcode' to 0.
WARNING: [RTGEN 206-101] Setting dangling out port 'conv1/grp_fu_697_p_opcode' to 0.
WARNING: [RTGEN 206-101] Setting dangling out port 'conv1/grp_fu_701_p_opcode' to 0.
WARNING: [RTGEN 206-101] Setting dangling out port 'conv1/grp_fu_705_p_opcode' to 0.
WARNING: [RTGEN 206-101] Setting dangling out port 'conv1/grp_fu_709_p_opcode' to 0.
WARNING: [RTGEN 206-101] Setting dangling out port 'conv1/grp_fu_713_p_opcode' to 0.
WARNING: [RTGEN 206-101] Setting dangling out port 'conv1/grp_fu_717_p_opcode' to 0.
WARNING: [RTGEN 206-101] Setting dangling out port 'conv1/grp_fu_721_p_opcode' to 0.
WARNING: [RTGEN 206-101] Setting dangling out port 'conv1/grp_fu_725_p_opcode' to 0.
WARNING: [RTGEN 206-101] Setting dangling out port 'conv1/grp_fu_729_p_opcode' to 0.
WARNING: [RTGEN 206-101] Setting dangling out port 'conv1/grp_fu_733_p_opcode' to 0.
WARNING: [RTGEN 206-101] Setting dangling out port 'conv1/grp_fu_737_p_opcode' to 0.
WARNING: [RTGEN 206-101] Setting dangling out port 'conv1/grp_fu_741_p_opcode' to 0.
WARNING: [RTGEN 206-101] Setting dangling out port 'conv1/grp_fu_745_p_opcode' to 0.
WARNING: [RTGEN 206-101] Setting dangling out port 'conv1/grp_fu_749_p_opcode' to 0.
WARNING: [RTGEN 206-101] Setting dangling out port 'conv1/grp_fu_753_p_opcode' to 0.
INFO: [RTGEN 206-100] Generating core module 'fadd_32ns_32ns_32_4_full_dsp_1': 25 instance(s).
INFO: [RTGEN 206-100] Generating core module 'fmul_32ns_32ns_32_3_max_dsp_1': 25 instance(s).
INFO: [RTGEN 206-100] Generating core module 'mul_9ns_9ns_17_1_1': 1 instance(s).
INFO: [RTGEN 206-100] Finished creating RTL model for 'conv1'.
INFO: [RTMG 210-278] Implementing memory 'srcnn_conv1_out_tile_2_RAM_AUTO_1R1W' using auto RAMs.
INFO: [RTMG 210-278] Implementing memory 'srcnn_conv1_in_tile_1_0_RAM_AUTO_1R1W' using auto RAMs.
INFO: [RTMG 210-278] Implementing memory 'srcnn_conv1_p_ZZ5conv1PA255_A255_fPA1_A9_A9_fPfS1_E6w_tile_0_0_0_RAM_AUTO_1R1W' using auto RAMs.
Command       create_rtl_model done; 0.945 sec.
INFO: [HLS 200-111] Finished Creating RTL model: CPU user time: 0 seconds. CPU system time: 0 seconds. Elapsed time: 1.327 seconds; current allocated memory: 486.734 MB.
Execute       source C:/Xilinx/golden/srcnn_hls/solution1/.autopilot/db/srcnn.rtl_wrap.cfg.tcl 
Execute       gen_rtl conv1 -style xilinx -f -lang vhdl -o C:/Xilinx/golden/srcnn_hls/solution1/syn/vhdl/srcnn_conv1 
Execute       gen_rtl conv1 -style xilinx -f -lang vlog -o C:/Xilinx/golden/srcnn_hls/solution1/syn/verilog/srcnn_conv1 
Execute       syn_report -csynth -model conv1 -o C:/Xilinx/golden/srcnn_hls/solution1/syn/report/conv1_csynth.rpt 
Execute         list_part -family xck26-sfvc784-2LV-c 
Execute           ap_family_info -name xck26-sfvc784-2LV-c -data names 
Execute           ap_part_info -quiet -name xck26-sfvc784-2LV-c -data family 
Command       syn_report done; 0.161 sec.
Execute       syn_report -rtlxml -model conv1 -o C:/Xilinx/golden/srcnn_hls/solution1/syn/report/conv1_csynth.xml 
Execute         list_part -family xck26-sfvc784-2LV-c 
Execute           ap_family_info -name xck26-sfvc784-2LV-c -data names 
Execute           ap_part_info -quiet -name xck26-sfvc784-2LV-c -data family 
Execute       syn_report -verbosereport -model conv1 -o C:/Xilinx/golden/srcnn_hls/solution1/.autopilot/db/conv1.verbose.rpt 
Execute         list_part -family xck26-sfvc784-2LV-c 
Execute           ap_family_info -name xck26-sfvc784-2LV-c -data names 
Execute           ap_part_info -quiet -name xck26-sfvc784-2LV-c -data family 
Command       syn_report done; 0.405 sec.
Execute       db_write -model conv1 -f -o C:/Xilinx/golden/srcnn_hls/solution1/.autopilot/db/conv1.adb 
Command       db_write done; 0.102 sec.
Execute       db_write -model conv1 -bindview -o C:/Xilinx/golden/srcnn_hls/solution1/.autopilot/db/design.bindinfo.xml 
Execute       gen_tb_info conv1 -p C:/Xilinx/golden/srcnn_hls/solution1/.autopilot/db -o C:/Xilinx/golden/srcnn_hls/solution1/.autopilot/db/conv1 
INFO: [HLS 200-10] ----------------------------------------------------------------
INFO: [HLS 200-10] -- Generating RTL for module 'srcnn_Pipeline_VITIS_LOOP_18_1_VITIS_LOOP_19_2_VITIS_LOOP_20_3' 
INFO: [HLS 200-10] ----------------------------------------------------------------
Execute       create_rtl_model srcnn_Pipeline_VITIS_LOOP_18_1_VITIS_LOOP_19_2_VITIS_LOOP_20_3 -top_prefix srcnn_ -sub_prefix srcnn_ -mg_file C:/Xilinx/golden/srcnn_hls/solution1/.autopilot/db/srcnn_Pipeline_VITIS_LOOP_18_1_VITIS_LOOP_19_2_VITIS_LOOP_20_3.compgen.tcl 
WARNING: [HLS 200-2049] Adding the rewind optimization to the pipelined process 'VITIS_LOOP_18_1_VITIS_LOOP_19_2_VITIS_LOOP_20_3' with inout ports inside a dataflow region can result in the creation of loop-carried dependencies and errors. Use caution when adding the rewind optimization to such loops.
INFO: [HLS 200-1030] Apply Unified Pipeline Control on module 'srcnn_Pipeline_VITIS_LOOP_18_1_VITIS_LOOP_19_2_VITIS_LOOP_20_3' pipeline 'VITIS_LOOP_18_1_VITIS_LOOP_19_2_VITIS_LOOP_20_3' pipeline type 'loop pipeline'
INFO: [RTGEN 206-100] Generating core module 'fcmp_32ns_32ns_1_2_no_dsp_1': 1 instance(s).
INFO: [RTGEN 206-100] Finished creating RTL model for 'srcnn_Pipeline_VITIS_LOOP_18_1_VITIS_LOOP_19_2_VITIS_LOOP_20_3'.
Command       create_rtl_model done; 0.133 sec.
INFO: [HLS 200-111] Finished Creating RTL model: CPU user time: 1 seconds. CPU system time: 0 seconds. Elapsed time: 1.071 seconds; current allocated memory: 491.812 MB.
Execute       source C:/Xilinx/golden/srcnn_hls/solution1/.autopilot/db/srcnn.rtl_wrap.cfg.tcl 
Execute       gen_rtl srcnn_Pipeline_VITIS_LOOP_18_1_VITIS_LOOP_19_2_VITIS_LOOP_20_3 -style xilinx -f -lang vhdl -o C:/Xilinx/golden/srcnn_hls/solution1/syn/vhdl/srcnn_srcnn_Pipeline_VITIS_LOOP_18_1_VITIS_LOOP_19_2_VITIS_LOOP_20_3 
Execute       gen_rtl srcnn_Pipeline_VITIS_LOOP_18_1_VITIS_LOOP_19_2_VITIS_LOOP_20_3 -style xilinx -f -lang vlog -o C:/Xilinx/golden/srcnn_hls/solution1/syn/verilog/srcnn_srcnn_Pipeline_VITIS_LOOP_18_1_VITIS_LOOP_19_2_VITIS_LOOP_20_3 
Execute       syn_report -csynth -model srcnn_Pipeline_VITIS_LOOP_18_1_VITIS_LOOP_19_2_VITIS_LOOP_20_3 -o C:/Xilinx/golden/srcnn_hls/solution1/syn/report/srcnn_Pipeline_VITIS_LOOP_18_1_VITIS_LOOP_19_2_VITIS_LOOP_20_3_csynth.rpt 
Execute         list_part -family xck26-sfvc784-2LV-c 
Execute           ap_family_info -name xck26-sfvc784-2LV-c -data names 
Execute           ap_part_info -quiet -name xck26-sfvc784-2LV-c -data family 
Execute       syn_report -rtlxml -model srcnn_Pipeline_VITIS_LOOP_18_1_VITIS_LOOP_19_2_VITIS_LOOP_20_3 -o C:/Xilinx/golden/srcnn_hls/solution1/syn/report/srcnn_Pipeline_VITIS_LOOP_18_1_VITIS_LOOP_19_2_VITIS_LOOP_20_3_csynth.xml 
Execute         list_part -family xck26-sfvc784-2LV-c 
Execute           ap_family_info -name xck26-sfvc784-2LV-c -data names 
Execute           ap_part_info -quiet -name xck26-sfvc784-2LV-c -data family 
Execute       syn_report -verbosereport -model srcnn_Pipeline_VITIS_LOOP_18_1_VITIS_LOOP_19_2_VITIS_LOOP_20_3 -o C:/Xilinx/golden/srcnn_hls/solution1/.autopilot/db/srcnn_Pipeline_VITIS_LOOP_18_1_VITIS_LOOP_19_2_VITIS_LOOP_20_3.verbose.rpt 
Execute         list_part -family xck26-sfvc784-2LV-c 
Execute           ap_family_info -name xck26-sfvc784-2LV-c -data names 
Execute           ap_part_info -quiet -name xck26-sfvc784-2LV-c -data family 
Execute       db_write -model srcnn_Pipeline_VITIS_LOOP_18_1_VITIS_LOOP_19_2_VITIS_LOOP_20_3 -f -o C:/Xilinx/golden/srcnn_hls/solution1/.autopilot/db/srcnn_Pipeline_VITIS_LOOP_18_1_VITIS_LOOP_19_2_VITIS_LOOP_20_3.adb 
Execute       db_write -model srcnn_Pipeline_VITIS_LOOP_18_1_VITIS_LOOP_19_2_VITIS_LOOP_20_3 -bindview -o C:/Xilinx/golden/srcnn_hls/solution1/.autopilot/db/design.bindinfo.xml 
Execute       gen_tb_info srcnn_Pipeline_VITIS_LOOP_18_1_VITIS_LOOP_19_2_VITIS_LOOP_20_3 -p C:/Xilinx/golden/srcnn_hls/solution1/.autopilot/db -o C:/Xilinx/golden/srcnn_hls/solution1/.autopilot/db/srcnn_Pipeline_VITIS_LOOP_18_1_VITIS_LOOP_19_2_VITIS_LOOP_20_3 
INFO: [HLS 200-10] ----------------------------------------------------------------
INFO: [HLS 200-10] -- Generating RTL for module 'conv2_Pipeline_VITIS_LOOP_99_4_VITIS_LOOP_100_5_VITIS_LOOP_101_6' 
INFO: [HLS 200-10] ----------------------------------------------------------------
Execute       create_rtl_model conv2_Pipeline_VITIS_LOOP_99_4_VITIS_LOOP_100_5_VITIS_LOOP_101_6 -top_prefix srcnn_ -sub_prefix srcnn_ -mg_file C:/Xilinx/golden/srcnn_hls/solution1/.autopilot/db/conv2_Pipeline_VITIS_LOOP_99_4_VITIS_LOOP_100_5_VITIS_LOOP_101_6.compgen.tcl 
INFO: [HLS 200-1030] Apply Unified Pipeline Control on module 'conv2_Pipeline_VITIS_LOOP_99_4_VITIS_LOOP_100_5_VITIS_LOOP_101_6' pipeline 'VITIS_LOOP_99_4_VITIS_LOOP_100_5_VITIS_LOOP_101_6' pipeline type 'loop pipeline'
INFO: [RTGEN 206-100] Finished creating RTL model for 'conv2_Pipeline_VITIS_LOOP_99_4_VITIS_LOOP_100_5_VITIS_LOOP_101_6'.
INFO: [HLS 200-111] Finished Creating RTL model: CPU user time: 0 seconds. CPU system time: 0 seconds. Elapsed time: 0.389 seconds; current allocated memory: 493.207 MB.
Execute       source C:/Xilinx/golden/srcnn_hls/solution1/.autopilot/db/srcnn.rtl_wrap.cfg.tcl 
Execute       gen_rtl conv2_Pipeline_VITIS_LOOP_99_4_VITIS_LOOP_100_5_VITIS_LOOP_101_6 -style xilinx -f -lang vhdl -o C:/Xilinx/golden/srcnn_hls/solution1/syn/vhdl/srcnn_conv2_Pipeline_VITIS_LOOP_99_4_VITIS_LOOP_100_5_VITIS_LOOP_101_6 
Execute       gen_rtl conv2_Pipeline_VITIS_LOOP_99_4_VITIS_LOOP_100_5_VITIS_LOOP_101_6 -style xilinx -f -lang vlog -o C:/Xilinx/golden/srcnn_hls/solution1/syn/verilog/srcnn_conv2_Pipeline_VITIS_LOOP_99_4_VITIS_LOOP_100_5_VITIS_LOOP_101_6 
Execute       syn_report -csynth -model conv2_Pipeline_VITIS_LOOP_99_4_VITIS_LOOP_100_5_VITIS_LOOP_101_6 -o C:/Xilinx/golden/srcnn_hls/solution1/syn/report/conv2_Pipeline_VITIS_LOOP_99_4_VITIS_LOOP_100_5_VITIS_LOOP_101_6_csynth.rpt 
Execute         list_part -family xck26-sfvc784-2LV-c 
Execute           ap_family_info -name xck26-sfvc784-2LV-c -data names 
Execute           ap_part_info -quiet -name xck26-sfvc784-2LV-c -data family 
Execute       syn_report -rtlxml -model conv2_Pipeline_VITIS_LOOP_99_4_VITIS_LOOP_100_5_VITIS_LOOP_101_6 -o C:/Xilinx/golden/srcnn_hls/solution1/syn/report/conv2_Pipeline_VITIS_LOOP_99_4_VITIS_LOOP_100_5_VITIS_LOOP_101_6_csynth.xml 
Execute         list_part -family xck26-sfvc784-2LV-c 
Execute           ap_family_info -name xck26-sfvc784-2LV-c -data names 
Execute           ap_part_info -quiet -name xck26-sfvc784-2LV-c -data family 
Execute       syn_report -verbosereport -model conv2_Pipeline_VITIS_LOOP_99_4_VITIS_LOOP_100_5_VITIS_LOOP_101_6 -o C:/Xilinx/golden/srcnn_hls/solution1/.autopilot/db/conv2_Pipeline_VITIS_LOOP_99_4_VITIS_LOOP_100_5_VITIS_LOOP_101_6.verbose.rpt 
Execute         list_part -family xck26-sfvc784-2LV-c 
Execute           ap_family_info -name xck26-sfvc784-2LV-c -data names 
Execute           ap_part_info -quiet -name xck26-sfvc784-2LV-c -data family 
Execute       db_write -model conv2_Pipeline_VITIS_LOOP_99_4_VITIS_LOOP_100_5_VITIS_LOOP_101_6 -f -o C:/Xilinx/golden/srcnn_hls/solution1/.autopilot/db/conv2_Pipeline_VITIS_LOOP_99_4_VITIS_LOOP_100_5_VITIS_LOOP_101_6.adb 
Execute       db_write -model conv2_Pipeline_VITIS_LOOP_99_4_VITIS_LOOP_100_5_VITIS_LOOP_101_6 -bindview -o C:/Xilinx/golden/srcnn_hls/solution1/.autopilot/db/design.bindinfo.xml 
Execute       gen_tb_info conv2_Pipeline_VITIS_LOOP_99_4_VITIS_LOOP_100_5_VITIS_LOOP_101_6 -p C:/Xilinx/golden/srcnn_hls/solution1/.autopilot/db -o C:/Xilinx/golden/srcnn_hls/solution1/.autopilot/db/conv2_Pipeline_VITIS_LOOP_99_4_VITIS_LOOP_100_5_VITIS_LOOP_101_6 
INFO: [HLS 200-10] ----------------------------------------------------------------
INFO: [HLS 200-10] -- Generating RTL for module 'conv2_Pipeline_VITIS_LOOP_23_2_VITIS_LOOP_24_3' 
INFO: [HLS 200-10] ----------------------------------------------------------------
Execute       create_rtl_model conv2_Pipeline_VITIS_LOOP_23_2_VITIS_LOOP_24_3 -top_prefix srcnn_ -sub_prefix srcnn_ -mg_file C:/Xilinx/golden/srcnn_hls/solution1/.autopilot/db/conv2_Pipeline_VITIS_LOOP_23_2_VITIS_LOOP_24_3.compgen.tcl 
INFO: [HLS 200-1030] Apply Unified Pipeline Control on module 'conv2_Pipeline_VITIS_LOOP_23_2_VITIS_LOOP_24_3' pipeline 'VITIS_LOOP_23_2_VITIS_LOOP_24_3' pipeline type 'loop pipeline'
INFO: [RTGEN 206-100] Finished creating RTL model for 'conv2_Pipeline_VITIS_LOOP_23_2_VITIS_LOOP_24_3'.
INFO: [HLS 200-111] Finished Creating RTL model: CPU user time: 0 seconds. CPU system time: 0 seconds. Elapsed time: 0.299 seconds; current allocated memory: 494.520 MB.
Execute       source C:/Xilinx/golden/srcnn_hls/solution1/.autopilot/db/srcnn.rtl_wrap.cfg.tcl 
Execute       gen_rtl conv2_Pipeline_VITIS_LOOP_23_2_VITIS_LOOP_24_3 -style xilinx -f -lang vhdl -o C:/Xilinx/golden/srcnn_hls/solution1/syn/vhdl/srcnn_conv2_Pipeline_VITIS_LOOP_23_2_VITIS_LOOP_24_3 
Execute       gen_rtl conv2_Pipeline_VITIS_LOOP_23_2_VITIS_LOOP_24_3 -style xilinx -f -lang vlog -o C:/Xilinx/golden/srcnn_hls/solution1/syn/verilog/srcnn_conv2_Pipeline_VITIS_LOOP_23_2_VITIS_LOOP_24_3 
Execute       syn_report -csynth -model conv2_Pipeline_VITIS_LOOP_23_2_VITIS_LOOP_24_3 -o C:/Xilinx/golden/srcnn_hls/solution1/syn/report/conv2_Pipeline_VITIS_LOOP_23_2_VITIS_LOOP_24_3_csynth.rpt 
Execute         list_part -family xck26-sfvc784-2LV-c 
Execute           ap_family_info -name xck26-sfvc784-2LV-c -data names 
Execute           ap_part_info -quiet -name xck26-sfvc784-2LV-c -data family 
Execute       syn_report -rtlxml -model conv2_Pipeline_VITIS_LOOP_23_2_VITIS_LOOP_24_3 -o C:/Xilinx/golden/srcnn_hls/solution1/syn/report/conv2_Pipeline_VITIS_LOOP_23_2_VITIS_LOOP_24_3_csynth.xml 
Execute         list_part -family xck26-sfvc784-2LV-c 
Execute           ap_family_info -name xck26-sfvc784-2LV-c -data names 
Execute           ap_part_info -quiet -name xck26-sfvc784-2LV-c -data family 
Execute       syn_report -verbosereport -model conv2_Pipeline_VITIS_LOOP_23_2_VITIS_LOOP_24_3 -o C:/Xilinx/golden/srcnn_hls/solution1/.autopilot/db/conv2_Pipeline_VITIS_LOOP_23_2_VITIS_LOOP_24_3.verbose.rpt 
Execute         list_part -family xck26-sfvc784-2LV-c 
Execute           ap_family_info -name xck26-sfvc784-2LV-c -data names 
Execute           ap_part_info -quiet -name xck26-sfvc784-2LV-c -data family 
Execute       db_write -model conv2_Pipeline_VITIS_LOOP_23_2_VITIS_LOOP_24_3 -f -o C:/Xilinx/golden/srcnn_hls/solution1/.autopilot/db/conv2_Pipeline_VITIS_LOOP_23_2_VITIS_LOOP_24_3.adb 
Execute       db_write -model conv2_Pipeline_VITIS_LOOP_23_2_VITIS_LOOP_24_3 -bindview -o C:/Xilinx/golden/srcnn_hls/solution1/.autopilot/db/design.bindinfo.xml 
Execute       gen_tb_info conv2_Pipeline_VITIS_LOOP_23_2_VITIS_LOOP_24_3 -p C:/Xilinx/golden/srcnn_hls/solution1/.autopilot/db -o C:/Xilinx/golden/srcnn_hls/solution1/.autopilot/db/conv2_Pipeline_VITIS_LOOP_23_2_VITIS_LOOP_24_3 
INFO: [HLS 200-10] ----------------------------------------------------------------
INFO: [HLS 200-10] -- Generating RTL for module 'conv2_Pipeline_VITIS_LOOP_53_3' 
INFO: [HLS 200-10] ----------------------------------------------------------------
Execute       create_rtl_model conv2_Pipeline_VITIS_LOOP_53_3 -top_prefix srcnn_ -sub_prefix srcnn_ -mg_file C:/Xilinx/golden/srcnn_hls/solution1/.autopilot/db/conv2_Pipeline_VITIS_LOOP_53_3.compgen.tcl 
WARNING: [HLS 200-2049] Adding the rewind optimization to the pipelined process 'VITIS_LOOP_53_3' with inout ports inside a dataflow region can result in the creation of loop-carried dependencies and errors. Use caution when adding the rewind optimization to such loops.
INFO: [HLS 200-1030] Apply Unified Pipeline Control on module 'conv2_Pipeline_VITIS_LOOP_53_3' pipeline 'VITIS_LOOP_53_3' pipeline type 'loop pipeline'
INFO: [RTGEN 206-100] Generating core module 'fadd_32ns_32ns_32_4_full_dsp_1': 1 instance(s).
INFO: [RTGEN 206-100] Generating core module 'fmul_32ns_32ns_32_3_max_dsp_1': 1 instance(s).
INFO: [RTGEN 206-100] Finished creating RTL model for 'conv2_Pipeline_VITIS_LOOP_53_3'.
Command       create_rtl_model done; 0.161 sec.
INFO: [HLS 200-111] Finished Creating RTL model: CPU user time: 0 seconds. CPU system time: 1 seconds. Elapsed time: 0.413 seconds; current allocated memory: 496.289 MB.
Execute       source C:/Xilinx/golden/srcnn_hls/solution1/.autopilot/db/srcnn.rtl_wrap.cfg.tcl 
Execute       gen_rtl conv2_Pipeline_VITIS_LOOP_53_3 -style xilinx -f -lang vhdl -o C:/Xilinx/golden/srcnn_hls/solution1/syn/vhdl/srcnn_conv2_Pipeline_VITIS_LOOP_53_3 
Execute       gen_rtl conv2_Pipeline_VITIS_LOOP_53_3 -style xilinx -f -lang vlog -o C:/Xilinx/golden/srcnn_hls/solution1/syn/verilog/srcnn_conv2_Pipeline_VITIS_LOOP_53_3 
Execute       syn_report -csynth -model conv2_Pipeline_VITIS_LOOP_53_3 -o C:/Xilinx/golden/srcnn_hls/solution1/syn/report/conv2_Pipeline_VITIS_LOOP_53_3_csynth.rpt 
Execute         list_part -family xck26-sfvc784-2LV-c 
Execute           ap_family_info -name xck26-sfvc784-2LV-c -data names 
Execute           ap_part_info -quiet -name xck26-sfvc784-2LV-c -data family 
Execute       syn_report -rtlxml -model conv2_Pipeline_VITIS_LOOP_53_3 -o C:/Xilinx/golden/srcnn_hls/solution1/syn/report/conv2_Pipeline_VITIS_LOOP_53_3_csynth.xml 
Execute         list_part -family xck26-sfvc784-2LV-c 
Execute           ap_family_info -name xck26-sfvc784-2LV-c -data names 
Execute           ap_part_info -quiet -name xck26-sfvc784-2LV-c -data family 
Execute       syn_report -verbosereport -model conv2_Pipeline_VITIS_LOOP_53_3 -o C:/Xilinx/golden/srcnn_hls/solution1/.autopilot/db/conv2_Pipeline_VITIS_LOOP_53_3.verbose.rpt 
Execute         list_part -family xck26-sfvc784-2LV-c 
Execute           ap_family_info -name xck26-sfvc784-2LV-c -data names 
Execute           ap_part_info -quiet -name xck26-sfvc784-2LV-c -data family 
Execute       db_write -model conv2_Pipeline_VITIS_LOOP_53_3 -f -o C:/Xilinx/golden/srcnn_hls/solution1/.autopilot/db/conv2_Pipeline_VITIS_LOOP_53_3.adb 
Execute       db_write -model conv2_Pipeline_VITIS_LOOP_53_3 -bindview -o C:/Xilinx/golden/srcnn_hls/solution1/.autopilot/db/design.bindinfo.xml 
Execute       gen_tb_info conv2_Pipeline_VITIS_LOOP_53_3 -p C:/Xilinx/golden/srcnn_hls/solution1/.autopilot/db -o C:/Xilinx/golden/srcnn_hls/solution1/.autopilot/db/conv2_Pipeline_VITIS_LOOP_53_3 
INFO: [HLS 200-10] ----------------------------------------------------------------
INFO: [HLS 200-10] -- Generating RTL for module 'conv2_Pipeline_VITIS_LOOP_70_1_VITIS_LOOP_71_2_VITIS_LOOP_72_3' 
INFO: [HLS 200-10] ----------------------------------------------------------------
Execute       create_rtl_model conv2_Pipeline_VITIS_LOOP_70_1_VITIS_LOOP_71_2_VITIS_LOOP_72_3 -top_prefix srcnn_ -sub_prefix srcnn_ -mg_file C:/Xilinx/golden/srcnn_hls/solution1/.autopilot/db/conv2_Pipeline_VITIS_LOOP_70_1_VITIS_LOOP_71_2_VITIS_LOOP_72_3.compgen.tcl 
INFO: [HLS 200-1030] Apply Unified Pipeline Control on module 'conv2_Pipeline_VITIS_LOOP_70_1_VITIS_LOOP_71_2_VITIS_LOOP_72_3' pipeline 'VITIS_LOOP_70_1_VITIS_LOOP_71_2_VITIS_LOOP_72_3' pipeline type 'loop pipeline'
INFO: [RTGEN 206-100] Generating core module 'fadd_32ns_32ns_32_4_full_dsp_1': 1 instance(s).
INFO: [RTGEN 206-100] Finished creating RTL model for 'conv2_Pipeline_VITIS_LOOP_70_1_VITIS_LOOP_71_2_VITIS_LOOP_72_3'.
Command       create_rtl_model done; 0.124 sec.
INFO: [HLS 200-111] Finished Creating RTL model: CPU user time: 0 seconds. CPU system time: 0 seconds. Elapsed time: 0.377 seconds; current allocated memory: 497.680 MB.
Execute       source C:/Xilinx/golden/srcnn_hls/solution1/.autopilot/db/srcnn.rtl_wrap.cfg.tcl 
Execute       gen_rtl conv2_Pipeline_VITIS_LOOP_70_1_VITIS_LOOP_71_2_VITIS_LOOP_72_3 -style xilinx -f -lang vhdl -o C:/Xilinx/golden/srcnn_hls/solution1/syn/vhdl/srcnn_conv2_Pipeline_VITIS_LOOP_70_1_VITIS_LOOP_71_2_VITIS_LOOP_72_3 
Execute       gen_rtl conv2_Pipeline_VITIS_LOOP_70_1_VITIS_LOOP_71_2_VITIS_LOOP_72_3 -style xilinx -f -lang vlog -o C:/Xilinx/golden/srcnn_hls/solution1/syn/verilog/srcnn_conv2_Pipeline_VITIS_LOOP_70_1_VITIS_LOOP_71_2_VITIS_LOOP_72_3 
Execute       syn_report -csynth -model conv2_Pipeline_VITIS_LOOP_70_1_VITIS_LOOP_71_2_VITIS_LOOP_72_3 -o C:/Xilinx/golden/srcnn_hls/solution1/syn/report/conv2_Pipeline_VITIS_LOOP_70_1_VITIS_LOOP_71_2_VITIS_LOOP_72_3_csynth.rpt 
Execute         list_part -family xck26-sfvc784-2LV-c 
Execute           ap_family_info -name xck26-sfvc784-2LV-c -data names 
Execute           ap_part_info -quiet -name xck26-sfvc784-2LV-c -data family 
Execute       syn_report -rtlxml -model conv2_Pipeline_VITIS_LOOP_70_1_VITIS_LOOP_71_2_VITIS_LOOP_72_3 -o C:/Xilinx/golden/srcnn_hls/solution1/syn/report/conv2_Pipeline_VITIS_LOOP_70_1_VITIS_LOOP_71_2_VITIS_LOOP_72_3_csynth.xml 
Execute         list_part -family xck26-sfvc784-2LV-c 
Execute           ap_family_info -name xck26-sfvc784-2LV-c -data names 
Execute           ap_part_info -quiet -name xck26-sfvc784-2LV-c -data family 
Execute       syn_report -verbosereport -model conv2_Pipeline_VITIS_LOOP_70_1_VITIS_LOOP_71_2_VITIS_LOOP_72_3 -o C:/Xilinx/golden/srcnn_hls/solution1/.autopilot/db/conv2_Pipeline_VITIS_LOOP_70_1_VITIS_LOOP_71_2_VITIS_LOOP_72_3.verbose.rpt 
Execute         list_part -family xck26-sfvc784-2LV-c 
Execute           ap_family_info -name xck26-sfvc784-2LV-c -data names 
Execute           ap_part_info -quiet -name xck26-sfvc784-2LV-c -data family 
Execute       db_write -model conv2_Pipeline_VITIS_LOOP_70_1_VITIS_LOOP_71_2_VITIS_LOOP_72_3 -f -o C:/Xilinx/golden/srcnn_hls/solution1/.autopilot/db/conv2_Pipeline_VITIS_LOOP_70_1_VITIS_LOOP_71_2_VITIS_LOOP_72_3.adb 
Execute       db_write -model conv2_Pipeline_VITIS_LOOP_70_1_VITIS_LOOP_71_2_VITIS_LOOP_72_3 -bindview -o C:/Xilinx/golden/srcnn_hls/solution1/.autopilot/db/design.bindinfo.xml 
Execute       gen_tb_info conv2_Pipeline_VITIS_LOOP_70_1_VITIS_LOOP_71_2_VITIS_LOOP_72_3 -p C:/Xilinx/golden/srcnn_hls/solution1/.autopilot/db -o C:/Xilinx/golden/srcnn_hls/solution1/.autopilot/db/conv2_Pipeline_VITIS_LOOP_70_1_VITIS_LOOP_71_2_VITIS_LOOP_72_3 
INFO: [HLS 200-10] ----------------------------------------------------------------
INFO: [HLS 200-10] -- Generating RTL for module 'conv2' 
INFO: [HLS 200-10] ----------------------------------------------------------------
Execute       create_rtl_model conv2 -top_prefix srcnn_ -sub_prefix srcnn_ -mg_file C:/Xilinx/golden/srcnn_hls/solution1/.autopilot/db/conv2.compgen.tcl 
WARNING: [RTGEN 206-101] Setting dangling out port 'conv2/grp_fu_657_p_opcode' to 0.
INFO: [RTGEN 206-100] Generating core module 'fadd_32ns_32ns_32_4_full_dsp_1': 1 instance(s).
INFO: [RTGEN 206-100] Generating core module 'fmul_32ns_32ns_32_3_max_dsp_1': 1 instance(s).
INFO: [RTGEN 206-100] Finished creating RTL model for 'conv2'.
INFO: [RTMG 210-278] Implementing memory 'srcnn_conv2_out_tile_1_RAM_AUTO_1R1W' using auto RAMs.
INFO: [RTMG 210-278] Implementing memory 'srcnn_conv2_in_tile_0_RAM_AUTO_1R1W' using auto RAMs.
INFO: [RTMG 210-278] Implementing memory 'srcnn_conv2_w_tile_0_RAM_AUTO_1R1W' using auto RAMs.
Command       create_rtl_model done; 0.22 sec.
INFO: [HLS 200-111] Finished Creating RTL model: CPU user time: 0 seconds. CPU system time: 0 seconds. Elapsed time: 0.64 seconds; current allocated memory: 500.406 MB.
Execute       source C:/Xilinx/golden/srcnn_hls/solution1/.autopilot/db/srcnn.rtl_wrap.cfg.tcl 
Execute       gen_rtl conv2 -style xilinx -f -lang vhdl -o C:/Xilinx/golden/srcnn_hls/solution1/syn/vhdl/srcnn_conv2 
Execute       gen_rtl conv2 -style xilinx -f -lang vlog -o C:/Xilinx/golden/srcnn_hls/solution1/syn/verilog/srcnn_conv2 
Execute       syn_report -csynth -model conv2 -o C:/Xilinx/golden/srcnn_hls/solution1/syn/report/conv2_csynth.rpt 
Execute         list_part -family xck26-sfvc784-2LV-c 
Execute           ap_family_info -name xck26-sfvc784-2LV-c -data names 
Execute           ap_part_info -quiet -name xck26-sfvc784-2LV-c -data family 
Execute       syn_report -rtlxml -model conv2 -o C:/Xilinx/golden/srcnn_hls/solution1/syn/report/conv2_csynth.xml 
Execute         list_part -family xck26-sfvc784-2LV-c 
Execute           ap_family_info -name xck26-sfvc784-2LV-c -data names 
Execute           ap_part_info -quiet -name xck26-sfvc784-2LV-c -data family 
Execute       syn_report -verbosereport -model conv2 -o C:/Xilinx/golden/srcnn_hls/solution1/.autopilot/db/conv2.verbose.rpt 
Execute         list_part -family xck26-sfvc784-2LV-c 
Execute           ap_family_info -name xck26-sfvc784-2LV-c -data names 
Execute           ap_part_info -quiet -name xck26-sfvc784-2LV-c -data family 
Command       syn_report done; 0.152 sec.
Execute       db_write -model conv2 -f -o C:/Xilinx/golden/srcnn_hls/solution1/.autopilot/db/conv2.adb 
Execute       db_write -model conv2 -bindview -o C:/Xilinx/golden/srcnn_hls/solution1/.autopilot/db/design.bindinfo.xml 
Execute       gen_tb_info conv2 -p C:/Xilinx/golden/srcnn_hls/solution1/.autopilot/db -o C:/Xilinx/golden/srcnn_hls/solution1/.autopilot/db/conv2 
INFO: [HLS 200-10] ----------------------------------------------------------------
INFO: [HLS 200-10] -- Generating RTL for module 'srcnn_Pipeline_VITIS_LOOP_27_4_VITIS_LOOP_28_5_VITIS_LOOP_29_6' 
INFO: [HLS 200-10] ----------------------------------------------------------------
Execute       create_rtl_model srcnn_Pipeline_VITIS_LOOP_27_4_VITIS_LOOP_28_5_VITIS_LOOP_29_6 -top_prefix srcnn_ -sub_prefix srcnn_ -mg_file C:/Xilinx/golden/srcnn_hls/solution1/.autopilot/db/srcnn_Pipeline_VITIS_LOOP_27_4_VITIS_LOOP_28_5_VITIS_LOOP_29_6.compgen.tcl 
WARNING: [HLS 200-2049] Adding the rewind optimization to the pipelined process 'VITIS_LOOP_27_4_VITIS_LOOP_28_5_VITIS_LOOP_29_6' with inout ports inside a dataflow region can result in the creation of loop-carried dependencies and errors. Use caution when adding the rewind optimization to such loops.
INFO: [HLS 200-1030] Apply Unified Pipeline Control on module 'srcnn_Pipeline_VITIS_LOOP_27_4_VITIS_LOOP_28_5_VITIS_LOOP_29_6' pipeline 'VITIS_LOOP_27_4_VITIS_LOOP_28_5_VITIS_LOOP_29_6' pipeline type 'loop pipeline'
INFO: [RTGEN 206-100] Generating core module 'fcmp_32ns_32ns_1_2_no_dsp_1': 1 instance(s).
INFO: [RTGEN 206-100] Finished creating RTL model for 'srcnn_Pipeline_VITIS_LOOP_27_4_VITIS_LOOP_28_5_VITIS_LOOP_29_6'.
Command       create_rtl_model done; 0.162 sec.
INFO: [HLS 200-111] Finished Creating RTL model: CPU user time: 1 seconds. CPU system time: 0 seconds. Elapsed time: 0.673 seconds; current allocated memory: 503.484 MB.
Execute       source C:/Xilinx/golden/srcnn_hls/solution1/.autopilot/db/srcnn.rtl_wrap.cfg.tcl 
Execute       gen_rtl srcnn_Pipeline_VITIS_LOOP_27_4_VITIS_LOOP_28_5_VITIS_LOOP_29_6 -style xilinx -f -lang vhdl -o C:/Xilinx/golden/srcnn_hls/solution1/syn/vhdl/srcnn_srcnn_Pipeline_VITIS_LOOP_27_4_VITIS_LOOP_28_5_VITIS_LOOP_29_6 
Execute       gen_rtl srcnn_Pipeline_VITIS_LOOP_27_4_VITIS_LOOP_28_5_VITIS_LOOP_29_6 -style xilinx -f -lang vlog -o C:/Xilinx/golden/srcnn_hls/solution1/syn/verilog/srcnn_srcnn_Pipeline_VITIS_LOOP_27_4_VITIS_LOOP_28_5_VITIS_LOOP_29_6 
Execute       syn_report -csynth -model srcnn_Pipeline_VITIS_LOOP_27_4_VITIS_LOOP_28_5_VITIS_LOOP_29_6 -o C:/Xilinx/golden/srcnn_hls/solution1/syn/report/srcnn_Pipeline_VITIS_LOOP_27_4_VITIS_LOOP_28_5_VITIS_LOOP_29_6_csynth.rpt 
Execute         list_part -family xck26-sfvc784-2LV-c 
Execute           ap_family_info -name xck26-sfvc784-2LV-c -data names 
Execute           ap_part_info -quiet -name xck26-sfvc784-2LV-c -data family 
Execute       syn_report -rtlxml -model srcnn_Pipeline_VITIS_LOOP_27_4_VITIS_LOOP_28_5_VITIS_LOOP_29_6 -o C:/Xilinx/golden/srcnn_hls/solution1/syn/report/srcnn_Pipeline_VITIS_LOOP_27_4_VITIS_LOOP_28_5_VITIS_LOOP_29_6_csynth.xml 
Execute         list_part -family xck26-sfvc784-2LV-c 
Execute           ap_family_info -name xck26-sfvc784-2LV-c -data names 
Execute           ap_part_info -quiet -name xck26-sfvc784-2LV-c -data family 
Execute       syn_report -verbosereport -model srcnn_Pipeline_VITIS_LOOP_27_4_VITIS_LOOP_28_5_VITIS_LOOP_29_6 -o C:/Xilinx/golden/srcnn_hls/solution1/.autopilot/db/srcnn_Pipeline_VITIS_LOOP_27_4_VITIS_LOOP_28_5_VITIS_LOOP_29_6.verbose.rpt 
Execute         list_part -family xck26-sfvc784-2LV-c 
Execute           ap_family_info -name xck26-sfvc784-2LV-c -data names 
Execute           ap_part_info -quiet -name xck26-sfvc784-2LV-c -data family 
Execute       db_write -model srcnn_Pipeline_VITIS_LOOP_27_4_VITIS_LOOP_28_5_VITIS_LOOP_29_6 -f -o C:/Xilinx/golden/srcnn_hls/solution1/.autopilot/db/srcnn_Pipeline_VITIS_LOOP_27_4_VITIS_LOOP_28_5_VITIS_LOOP_29_6.adb 
Execute       db_write -model srcnn_Pipeline_VITIS_LOOP_27_4_VITIS_LOOP_28_5_VITIS_LOOP_29_6 -bindview -o C:/Xilinx/golden/srcnn_hls/solution1/.autopilot/db/design.bindinfo.xml 
Execute       gen_tb_info srcnn_Pipeline_VITIS_LOOP_27_4_VITIS_LOOP_28_5_VITIS_LOOP_29_6 -p C:/Xilinx/golden/srcnn_hls/solution1/.autopilot/db -o C:/Xilinx/golden/srcnn_hls/solution1/.autopilot/db/srcnn_Pipeline_VITIS_LOOP_27_4_VITIS_LOOP_28_5_VITIS_LOOP_29_6 
INFO: [HLS 200-10] ----------------------------------------------------------------
INFO: [HLS 200-10] -- Generating RTL for module 'conv3_Pipeline_VITIS_LOOP_143_4_VITIS_LOOP_144_5_VITIS_LOOP_145_6' 
INFO: [HLS 200-10] ----------------------------------------------------------------
Execute       create_rtl_model conv3_Pipeline_VITIS_LOOP_143_4_VITIS_LOOP_144_5_VITIS_LOOP_145_6 -top_prefix srcnn_ -sub_prefix srcnn_ -mg_file C:/Xilinx/golden/srcnn_hls/solution1/.autopilot/db/conv3_Pipeline_VITIS_LOOP_143_4_VITIS_LOOP_144_5_VITIS_LOOP_145_6.compgen.tcl 
INFO: [HLS 200-1030] Apply Unified Pipeline Control on module 'conv3_Pipeline_VITIS_LOOP_143_4_VITIS_LOOP_144_5_VITIS_LOOP_145_6' pipeline 'VITIS_LOOP_143_4_VITIS_LOOP_144_5_VITIS_LOOP_145_6' pipeline type 'loop pipeline'
INFO: [RTGEN 206-100] Finished creating RTL model for 'conv3_Pipeline_VITIS_LOOP_143_4_VITIS_LOOP_144_5_VITIS_LOOP_145_6'.
INFO: [HLS 200-111] Finished Creating RTL model: CPU user time: 0 seconds. CPU system time: 0 seconds. Elapsed time: 0.373 seconds; current allocated memory: 505.047 MB.
Execute       source C:/Xilinx/golden/srcnn_hls/solution1/.autopilot/db/srcnn.rtl_wrap.cfg.tcl 
Execute       gen_rtl conv3_Pipeline_VITIS_LOOP_143_4_VITIS_LOOP_144_5_VITIS_LOOP_145_6 -style xilinx -f -lang vhdl -o C:/Xilinx/golden/srcnn_hls/solution1/syn/vhdl/srcnn_conv3_Pipeline_VITIS_LOOP_143_4_VITIS_LOOP_144_5_VITIS_LOOP_145_6 
Execute       gen_rtl conv3_Pipeline_VITIS_LOOP_143_4_VITIS_LOOP_144_5_VITIS_LOOP_145_6 -style xilinx -f -lang vlog -o C:/Xilinx/golden/srcnn_hls/solution1/syn/verilog/srcnn_conv3_Pipeline_VITIS_LOOP_143_4_VITIS_LOOP_144_5_VITIS_LOOP_145_6 
Execute       syn_report -csynth -model conv3_Pipeline_VITIS_LOOP_143_4_VITIS_LOOP_144_5_VITIS_LOOP_145_6 -o C:/Xilinx/golden/srcnn_hls/solution1/syn/report/conv3_Pipeline_VITIS_LOOP_143_4_VITIS_LOOP_144_5_VITIS_LOOP_145_6_csynth.rpt 
Execute         list_part -family xck26-sfvc784-2LV-c 
Execute           ap_family_info -name xck26-sfvc784-2LV-c -data names 
Execute           ap_part_info -quiet -name xck26-sfvc784-2LV-c -data family 
Execute       syn_report -rtlxml -model conv3_Pipeline_VITIS_LOOP_143_4_VITIS_LOOP_144_5_VITIS_LOOP_145_6 -o C:/Xilinx/golden/srcnn_hls/solution1/syn/report/conv3_Pipeline_VITIS_LOOP_143_4_VITIS_LOOP_144_5_VITIS_LOOP_145_6_csynth.xml 
Execute         list_part -family xck26-sfvc784-2LV-c 
Execute           ap_family_info -name xck26-sfvc784-2LV-c -data names 
Execute           ap_part_info -quiet -name xck26-sfvc784-2LV-c -data family 
Execute       syn_report -verbosereport -model conv3_Pipeline_VITIS_LOOP_143_4_VITIS_LOOP_144_5_VITIS_LOOP_145_6 -o C:/Xilinx/golden/srcnn_hls/solution1/.autopilot/db/conv3_Pipeline_VITIS_LOOP_143_4_VITIS_LOOP_144_5_VITIS_LOOP_145_6.verbose.rpt 
Execute         list_part -family xck26-sfvc784-2LV-c 
Execute           ap_family_info -name xck26-sfvc784-2LV-c -data names 
Execute           ap_part_info -quiet -name xck26-sfvc784-2LV-c -data family 
Execute       db_write -model conv3_Pipeline_VITIS_LOOP_143_4_VITIS_LOOP_144_5_VITIS_LOOP_145_6 -f -o C:/Xilinx/golden/srcnn_hls/solution1/.autopilot/db/conv3_Pipeline_VITIS_LOOP_143_4_VITIS_LOOP_144_5_VITIS_LOOP_145_6.adb 
Execute       db_write -model conv3_Pipeline_VITIS_LOOP_143_4_VITIS_LOOP_144_5_VITIS_LOOP_145_6 -bindview -o C:/Xilinx/golden/srcnn_hls/solution1/.autopilot/db/design.bindinfo.xml 
Execute       gen_tb_info conv3_Pipeline_VITIS_LOOP_143_4_VITIS_LOOP_144_5_VITIS_LOOP_145_6 -p C:/Xilinx/golden/srcnn_hls/solution1/.autopilot/db -o C:/Xilinx/golden/srcnn_hls/solution1/.autopilot/db/conv3_Pipeline_VITIS_LOOP_143_4_VITIS_LOOP_144_5_VITIS_LOOP_145_6 
INFO: [HLS 200-10] ----------------------------------------------------------------
INFO: [HLS 200-10] -- Generating RTL for module 'conv3_Pipeline_VITIS_LOOP_32_2_VITIS_LOOP_33_3' 
INFO: [HLS 200-10] ----------------------------------------------------------------
Execute       create_rtl_model conv3_Pipeline_VITIS_LOOP_32_2_VITIS_LOOP_33_3 -top_prefix srcnn_ -sub_prefix srcnn_ -mg_file C:/Xilinx/golden/srcnn_hls/solution1/.autopilot/db/conv3_Pipeline_VITIS_LOOP_32_2_VITIS_LOOP_33_3.compgen.tcl 
INFO: [HLS 200-1030] Apply Unified Pipeline Control on module 'conv3_Pipeline_VITIS_LOOP_32_2_VITIS_LOOP_33_3' pipeline 'VITIS_LOOP_32_2_VITIS_LOOP_33_3' pipeline type 'loop pipeline'
INFO: [RTGEN 206-100] Generating core module 'mul_9ns_11ns_19_1_1': 2 instance(s).
INFO: [RTGEN 206-100] Generating core module 'urem_9ns_4ns_3_13_1': 2 instance(s).
INFO: [RTGEN 206-100] Finished creating RTL model for 'conv3_Pipeline_VITIS_LOOP_32_2_VITIS_LOOP_33_3'.
Command       create_rtl_model done; 0.213 sec.
INFO: [HLS 200-111] Finished Creating RTL model: CPU user time: 0 seconds. CPU system time: 0 seconds. Elapsed time: 0.491 seconds; current allocated memory: 507.461 MB.
Execute       source C:/Xilinx/golden/srcnn_hls/solution1/.autopilot/db/srcnn.rtl_wrap.cfg.tcl 
Execute       gen_rtl conv3_Pipeline_VITIS_LOOP_32_2_VITIS_LOOP_33_3 -style xilinx -f -lang vhdl -o C:/Xilinx/golden/srcnn_hls/solution1/syn/vhdl/srcnn_conv3_Pipeline_VITIS_LOOP_32_2_VITIS_LOOP_33_3 
Execute       gen_rtl conv3_Pipeline_VITIS_LOOP_32_2_VITIS_LOOP_33_3 -style xilinx -f -lang vlog -o C:/Xilinx/golden/srcnn_hls/solution1/syn/verilog/srcnn_conv3_Pipeline_VITIS_LOOP_32_2_VITIS_LOOP_33_3 
Execute       syn_report -csynth -model conv3_Pipeline_VITIS_LOOP_32_2_VITIS_LOOP_33_3 -o C:/Xilinx/golden/srcnn_hls/solution1/syn/report/conv3_Pipeline_VITIS_LOOP_32_2_VITIS_LOOP_33_3_csynth.rpt 
Execute         list_part -family xck26-sfvc784-2LV-c 
Execute           ap_family_info -name xck26-sfvc784-2LV-c -data names 
Execute           ap_part_info -quiet -name xck26-sfvc784-2LV-c -data family 
Execute       syn_report -rtlxml -model conv3_Pipeline_VITIS_LOOP_32_2_VITIS_LOOP_33_3 -o C:/Xilinx/golden/srcnn_hls/solution1/syn/report/conv3_Pipeline_VITIS_LOOP_32_2_VITIS_LOOP_33_3_csynth.xml 
Execute         list_part -family xck26-sfvc784-2LV-c 
Execute           ap_family_info -name xck26-sfvc784-2LV-c -data names 
Execute           ap_part_info -quiet -name xck26-sfvc784-2LV-c -data family 
Execute       syn_report -verbosereport -model conv3_Pipeline_VITIS_LOOP_32_2_VITIS_LOOP_33_3 -o C:/Xilinx/golden/srcnn_hls/solution1/.autopilot/db/conv3_Pipeline_VITIS_LOOP_32_2_VITIS_LOOP_33_3.verbose.rpt 
Execute         list_part -family xck26-sfvc784-2LV-c 
Execute           ap_family_info -name xck26-sfvc784-2LV-c -data names 
Execute           ap_part_info -quiet -name xck26-sfvc784-2LV-c -data family 
Execute       db_write -model conv3_Pipeline_VITIS_LOOP_32_2_VITIS_LOOP_33_3 -f -o C:/Xilinx/golden/srcnn_hls/solution1/.autopilot/db/conv3_Pipeline_VITIS_LOOP_32_2_VITIS_LOOP_33_3.adb 
Execute       db_write -model conv3_Pipeline_VITIS_LOOP_32_2_VITIS_LOOP_33_3 -bindview -o C:/Xilinx/golden/srcnn_hls/solution1/.autopilot/db/design.bindinfo.xml 
Execute       gen_tb_info conv3_Pipeline_VITIS_LOOP_32_2_VITIS_LOOP_33_3 -p C:/Xilinx/golden/srcnn_hls/solution1/.autopilot/db -o C:/Xilinx/golden/srcnn_hls/solution1/.autopilot/db/conv3_Pipeline_VITIS_LOOP_32_2_VITIS_LOOP_33_3 
INFO: [HLS 200-10] ----------------------------------------------------------------
INFO: [HLS 200-10] -- Generating RTL for module 'conv3_Pipeline_VITIS_LOOP_55_3_VITIS_LOOP_56_4' 
INFO: [HLS 200-10] ----------------------------------------------------------------
Execute       create_rtl_model conv3_Pipeline_VITIS_LOOP_55_3_VITIS_LOOP_56_4 -top_prefix srcnn_ -sub_prefix srcnn_ -mg_file C:/Xilinx/golden/srcnn_hls/solution1/.autopilot/db/conv3_Pipeline_VITIS_LOOP_55_3_VITIS_LOOP_56_4.compgen.tcl 
INFO: [HLS 200-1030] Apply Unified Pipeline Control on module 'conv3_Pipeline_VITIS_LOOP_55_3_VITIS_LOOP_56_4' pipeline 'VITIS_LOOP_55_3_VITIS_LOOP_56_4' pipeline type 'loop pipeline'
INFO: [RTGEN 206-100] Finished creating RTL model for 'conv3_Pipeline_VITIS_LOOP_55_3_VITIS_LOOP_56_4'.
INFO: [HLS 200-111] Finished Creating RTL model: CPU user time: 0 seconds. CPU system time: 0 seconds. Elapsed time: 0.568 seconds; current allocated memory: 511.520 MB.
Execute       source C:/Xilinx/golden/srcnn_hls/solution1/.autopilot/db/srcnn.rtl_wrap.cfg.tcl 
Execute       gen_rtl conv3_Pipeline_VITIS_LOOP_55_3_VITIS_LOOP_56_4 -style xilinx -f -lang vhdl -o C:/Xilinx/golden/srcnn_hls/solution1/syn/vhdl/srcnn_conv3_Pipeline_VITIS_LOOP_55_3_VITIS_LOOP_56_4 
Execute       gen_rtl conv3_Pipeline_VITIS_LOOP_55_3_VITIS_LOOP_56_4 -style xilinx -f -lang vlog -o C:/Xilinx/golden/srcnn_hls/solution1/syn/verilog/srcnn_conv3_Pipeline_VITIS_LOOP_55_3_VITIS_LOOP_56_4 
Execute       syn_report -csynth -model conv3_Pipeline_VITIS_LOOP_55_3_VITIS_LOOP_56_4 -o C:/Xilinx/golden/srcnn_hls/solution1/syn/report/conv3_Pipeline_VITIS_LOOP_55_3_VITIS_LOOP_56_4_csynth.rpt 
Execute         list_part -family xck26-sfvc784-2LV-c 
Execute           ap_family_info -name xck26-sfvc784-2LV-c -data names 
Execute           ap_part_info -quiet -name xck26-sfvc784-2LV-c -data family 
Execute       syn_report -rtlxml -model conv3_Pipeline_VITIS_LOOP_55_3_VITIS_LOOP_56_4 -o C:/Xilinx/golden/srcnn_hls/solution1/syn/report/conv3_Pipeline_VITIS_LOOP_55_3_VITIS_LOOP_56_4_csynth.xml 
Execute         list_part -family xck26-sfvc784-2LV-c 
Execute           ap_family_info -name xck26-sfvc784-2LV-c -data names 
Execute           ap_part_info -quiet -name xck26-sfvc784-2LV-c -data family 
Execute       syn_report -verbosereport -model conv3_Pipeline_VITIS_LOOP_55_3_VITIS_LOOP_56_4 -o C:/Xilinx/golden/srcnn_hls/solution1/.autopilot/db/conv3_Pipeline_VITIS_LOOP_55_3_VITIS_LOOP_56_4.verbose.rpt 
Execute         list_part -family xck26-sfvc784-2LV-c 
Execute           ap_family_info -name xck26-sfvc784-2LV-c -data names 
Execute           ap_part_info -quiet -name xck26-sfvc784-2LV-c -data family 
Execute       db_write -model conv3_Pipeline_VITIS_LOOP_55_3_VITIS_LOOP_56_4 -f -o C:/Xilinx/golden/srcnn_hls/solution1/.autopilot/db/conv3_Pipeline_VITIS_LOOP_55_3_VITIS_LOOP_56_4.adb 
Execute       db_write -model conv3_Pipeline_VITIS_LOOP_55_3_VITIS_LOOP_56_4 -bindview -o C:/Xilinx/golden/srcnn_hls/solution1/.autopilot/db/design.bindinfo.xml 
Execute       gen_tb_info conv3_Pipeline_VITIS_LOOP_55_3_VITIS_LOOP_56_4 -p C:/Xilinx/golden/srcnn_hls/solution1/.autopilot/db -o C:/Xilinx/golden/srcnn_hls/solution1/.autopilot/db/conv3_Pipeline_VITIS_LOOP_55_3_VITIS_LOOP_56_4 
INFO: [HLS 200-10] ----------------------------------------------------------------
INFO: [HLS 200-10] -- Generating RTL for module 'compute_tile_c3_Pipeline_VITIS_LOOP_77_3' 
INFO: [HLS 200-10] ----------------------------------------------------------------
Execute       create_rtl_model compute_tile_c3_Pipeline_VITIS_LOOP_77_3 -top_prefix srcnn_ -sub_prefix srcnn_ -mg_file C:/Xilinx/golden/srcnn_hls/solution1/.autopilot/db/compute_tile_c3_Pipeline_VITIS_LOOP_77_3.compgen.tcl 
WARNING: [HLS 200-2049] Adding the rewind optimization to the pipelined process 'VITIS_LOOP_77_3' with inout ports inside a dataflow region can result in the creation of loop-carried dependencies and errors. Use caution when adding the rewind optimization to such loops.
INFO: [HLS 200-1030] Apply Unified Pipeline Control on module 'compute_tile_c3_Pipeline_VITIS_LOOP_77_3' pipeline 'VITIS_LOOP_77_3' pipeline type 'loop pipeline'
INFO: [RTGEN 206-104] Estimated max fanout for 'compute_tile_c3_Pipeline_VITIS_LOOP_77_3' is 7550 from HDL expression: (1'b0 == ap_block_pp0_stage0_11001)
INFO: [RTGEN 206-100] Generating core module 'fadd_32ns_32ns_32_4_full_dsp_1': 25 instance(s).
INFO: [RTGEN 206-100] Generating core module 'fmul_32ns_32ns_32_3_max_dsp_1': 25 instance(s).
INFO: [RTGEN 206-100] Generating core module 'mux_5_3_32_1_1': 150 instance(s).
INFO: [RTGEN 206-100] Finished creating RTL model for 'compute_tile_c3_Pipeline_VITIS_LOOP_77_3'.
Command       create_rtl_model done; 3.78 sec.
INFO: [HLS 200-111] Finished Creating RTL model: CPU user time: 4 seconds. CPU system time: 0 seconds. Elapsed time: 4.152 seconds; current allocated memory: 590.145 MB.
Execute       source C:/Xilinx/golden/srcnn_hls/solution1/.autopilot/db/srcnn.rtl_wrap.cfg.tcl 
Execute       gen_rtl compute_tile_c3_Pipeline_VITIS_LOOP_77_3 -style xilinx -f -lang vhdl -o C:/Xilinx/golden/srcnn_hls/solution1/syn/vhdl/srcnn_compute_tile_c3_Pipeline_VITIS_LOOP_77_3 
Execute       gen_rtl compute_tile_c3_Pipeline_VITIS_LOOP_77_3 -style xilinx -f -lang vlog -o C:/Xilinx/golden/srcnn_hls/solution1/syn/verilog/srcnn_compute_tile_c3_Pipeline_VITIS_LOOP_77_3 
Execute       syn_report -csynth -model compute_tile_c3_Pipeline_VITIS_LOOP_77_3 -o C:/Xilinx/golden/srcnn_hls/solution1/syn/report/compute_tile_c3_Pipeline_VITIS_LOOP_77_3_csynth.rpt 
Execute         list_part -family xck26-sfvc784-2LV-c 
Execute           ap_family_info -name xck26-sfvc784-2LV-c -data names 
Execute           ap_part_info -quiet -name xck26-sfvc784-2LV-c -data family 
Command       syn_report done; 0.135 sec.
Execute       syn_report -rtlxml -model compute_tile_c3_Pipeline_VITIS_LOOP_77_3 -o C:/Xilinx/golden/srcnn_hls/solution1/syn/report/compute_tile_c3_Pipeline_VITIS_LOOP_77_3_csynth.xml 
Execute         list_part -family xck26-sfvc784-2LV-c 
Execute           ap_family_info -name xck26-sfvc784-2LV-c -data names 
Execute           ap_part_info -quiet -name xck26-sfvc784-2LV-c -data family 
Execute       syn_report -verbosereport -model compute_tile_c3_Pipeline_VITIS_LOOP_77_3 -o C:/Xilinx/golden/srcnn_hls/solution1/.autopilot/db/compute_tile_c3_Pipeline_VITIS_LOOP_77_3.verbose.rpt 
Execute         list_part -family xck26-sfvc784-2LV-c 
Execute           ap_family_info -name xck26-sfvc784-2LV-c -data names 
Execute           ap_part_info -quiet -name xck26-sfvc784-2LV-c -data family 
Command       syn_report done; 0.368 sec.
Execute       db_write -model compute_tile_c3_Pipeline_VITIS_LOOP_77_3 -f -o C:/Xilinx/golden/srcnn_hls/solution1/.autopilot/db/compute_tile_c3_Pipeline_VITIS_LOOP_77_3.adb 
Command       db_write done; 0.245 sec.
Execute       db_write -model compute_tile_c3_Pipeline_VITIS_LOOP_77_3 -bindview -o C:/Xilinx/golden/srcnn_hls/solution1/.autopilot/db/design.bindinfo.xml 
Execute       gen_tb_info compute_tile_c3_Pipeline_VITIS_LOOP_77_3 -p C:/Xilinx/golden/srcnn_hls/solution1/.autopilot/db -o C:/Xilinx/golden/srcnn_hls/solution1/.autopilot/db/compute_tile_c3_Pipeline_VITIS_LOOP_77_3 
INFO: [HLS 200-10] ----------------------------------------------------------------
INFO: [HLS 200-10] -- Generating RTL for module 'compute_tile_c3' 
INFO: [HLS 200-10] ----------------------------------------------------------------
Execute       create_rtl_model compute_tile_c3 -top_prefix srcnn_ -sub_prefix srcnn_ -mg_file C:/Xilinx/golden/srcnn_hls/solution1/.autopilot/db/compute_tile_c3.compgen.tcl 
WARNING: [RTGEN 206-101] Setting dangling out port 'compute_tile_c3/grp_fu_912_p_opcode' to 0.
WARNING: [RTGEN 206-101] Setting dangling out port 'compute_tile_c3/grp_fu_916_p_opcode' to 0.
WARNING: [RTGEN 206-101] Setting dangling out port 'compute_tile_c3/grp_fu_920_p_opcode' to 0.
WARNING: [RTGEN 206-101] Setting dangling out port 'compute_tile_c3/grp_fu_924_p_opcode' to 0.
WARNING: [RTGEN 206-101] Setting dangling out port 'compute_tile_c3/grp_fu_928_p_opcode' to 0.
WARNING: [RTGEN 206-101] Setting dangling out port 'compute_tile_c3/grp_fu_932_p_opcode' to 0.
WARNING: [RTGEN 206-101] Setting dangling out port 'compute_tile_c3/grp_fu_936_p_opcode' to 0.
WARNING: [RTGEN 206-101] Setting dangling out port 'compute_tile_c3/grp_fu_940_p_opcode' to 0.
WARNING: [RTGEN 206-101] Setting dangling out port 'compute_tile_c3/grp_fu_944_p_opcode' to 0.
WARNING: [RTGEN 206-101] Setting dangling out port 'compute_tile_c3/grp_fu_948_p_opcode' to 0.
WARNING: [RTGEN 206-101] Setting dangling out port 'compute_tile_c3/grp_fu_952_p_opcode' to 0.
WARNING: [RTGEN 206-101] Setting dangling out port 'compute_tile_c3/grp_fu_956_p_opcode' to 0.
WARNING: [RTGEN 206-101] Setting dangling out port 'compute_tile_c3/grp_fu_960_p_opcode' to 0.
WARNING: [RTGEN 206-101] Setting dangling out port 'compute_tile_c3/grp_fu_964_p_opcode' to 0.
WARNING: [RTGEN 206-101] Setting dangling out port 'compute_tile_c3/grp_fu_968_p_opcode' to 0.
WARNING: [RTGEN 206-101] Setting dangling out port 'compute_tile_c3/grp_fu_972_p_opcode' to 0.
WARNING: [RTGEN 206-101] Setting dangling out port 'compute_tile_c3/grp_fu_976_p_opcode' to 0.
WARNING: [RTGEN 206-101] Setting dangling out port 'compute_tile_c3/grp_fu_980_p_opcode' to 0.
WARNING: [RTGEN 206-101] Setting dangling out port 'compute_tile_c3/grp_fu_984_p_opcode' to 0.
WARNING: [RTGEN 206-101] Setting dangling out port 'compute_tile_c3/grp_fu_988_p_opcode' to 0.
WARNING: [RTGEN 206-101] Setting dangling out port 'compute_tile_c3/grp_fu_992_p_opcode' to 0.
WARNING: [RTGEN 206-101] Setting dangling out port 'compute_tile_c3/grp_fu_996_p_opcode' to 0.
WARNING: [RTGEN 206-101] Setting dangling out port 'compute_tile_c3/grp_fu_1000_p_opcode' to 0.
WARNING: [RTGEN 206-101] Setting dangling out port 'compute_tile_c3/grp_fu_1004_p_opcode' to 0.
WARNING: [RTGEN 206-101] Setting dangling out port 'compute_tile_c3/grp_fu_1008_p_opcode' to 0.
INFO: [RTGEN 206-100] Generating core module 'fadd_32ns_32ns_32_4_full_dsp_1': 25 instance(s).
INFO: [RTGEN 206-100] Generating core module 'fmul_32ns_32ns_32_3_max_dsp_1': 25 instance(s).
INFO: [RTGEN 206-100] Generating core module 'mul_6ns_8ns_13_1_1': 11 instance(s).
INFO: [RTGEN 206-100] Generating core module 'urem_6ns_4ns_3_10_seq_1': 2 instance(s).
INFO: [RTGEN 206-100] Finished creating RTL model for 'compute_tile_c3'.
Command       create_rtl_model done; 1.314 sec.
INFO: [HLS 200-111] Finished Creating RTL model: CPU user time: 1 seconds. CPU system time: 0 seconds. Elapsed time: 2.625 seconds; current allocated memory: 609.766 MB.
Execute       source C:/Xilinx/golden/srcnn_hls/solution1/.autopilot/db/srcnn.rtl_wrap.cfg.tcl 
Execute       gen_rtl compute_tile_c3 -style xilinx -f -lang vhdl -o C:/Xilinx/golden/srcnn_hls/solution1/syn/vhdl/srcnn_compute_tile_c3 
Execute       gen_rtl compute_tile_c3 -style xilinx -f -lang vlog -o C:/Xilinx/golden/srcnn_hls/solution1/syn/verilog/srcnn_compute_tile_c3 
Execute       syn_report -csynth -model compute_tile_c3 -o C:/Xilinx/golden/srcnn_hls/solution1/syn/report/compute_tile_c3_csynth.rpt 
Execute         list_part -family xck26-sfvc784-2LV-c 
Execute           ap_family_info -name xck26-sfvc784-2LV-c -data names 
Execute           ap_part_info -quiet -name xck26-sfvc784-2LV-c -data family 
Command       syn_report done; 0.185 sec.
Execute       syn_report -rtlxml -model compute_tile_c3 -o C:/Xilinx/golden/srcnn_hls/solution1/syn/report/compute_tile_c3_csynth.xml 
Execute         list_part -family xck26-sfvc784-2LV-c 
Execute           ap_family_info -name xck26-sfvc784-2LV-c -data names 
Execute           ap_part_info -quiet -name xck26-sfvc784-2LV-c -data family 
Execute       syn_report -verbosereport -model compute_tile_c3 -o C:/Xilinx/golden/srcnn_hls/solution1/.autopilot/db/compute_tile_c3.verbose.rpt 
Execute         list_part -family xck26-sfvc784-2LV-c 
Execute           ap_family_info -name xck26-sfvc784-2LV-c -data names 
Execute           ap_part_info -quiet -name xck26-sfvc784-2LV-c -data family 
Command       syn_report done; 0.331 sec.
Execute       db_write -model compute_tile_c3 -f -o C:/Xilinx/golden/srcnn_hls/solution1/.autopilot/db/compute_tile_c3.adb 
Command       db_write done; 0.352 sec.
Execute       db_write -model compute_tile_c3 -bindview -o C:/Xilinx/golden/srcnn_hls/solution1/.autopilot/db/design.bindinfo.xml 
Execute       gen_tb_info compute_tile_c3 -p C:/Xilinx/golden/srcnn_hls/solution1/.autopilot/db -o C:/Xilinx/golden/srcnn_hls/solution1/.autopilot/db/compute_tile_c3 
INFO: [HLS 200-10] ----------------------------------------------------------------
INFO: [HLS 200-10] -- Generating RTL for module 'conv3_Pipeline_VITIS_LOOP_108_1_VITIS_LOOP_109_2_VITIS_LOOP_110_3' 
INFO: [HLS 200-10] ----------------------------------------------------------------
Execute       create_rtl_model conv3_Pipeline_VITIS_LOOP_108_1_VITIS_LOOP_109_2_VITIS_LOOP_110_3 -top_prefix srcnn_ -sub_prefix srcnn_ -mg_file C:/Xilinx/golden/srcnn_hls/solution1/.autopilot/db/conv3_Pipeline_VITIS_LOOP_108_1_VITIS_LOOP_109_2_VITIS_LOOP_110_3.compgen.tcl 
INFO: [HLS 200-1030] Apply Unified Pipeline Control on module 'conv3_Pipeline_VITIS_LOOP_108_1_VITIS_LOOP_109_2_VITIS_LOOP_110_3' pipeline 'VITIS_LOOP_108_1_VITIS_LOOP_109_2_VITIS_LOOP_110_3' pipeline type 'loop pipeline'
INFO: [RTGEN 206-100] Generating core module 'fadd_32ns_32ns_32_4_full_dsp_1': 1 instance(s).
INFO: [RTGEN 206-100] Finished creating RTL model for 'conv3_Pipeline_VITIS_LOOP_108_1_VITIS_LOOP_109_2_VITIS_LOOP_110_3'.
INFO: [HLS 200-111] Finished Creating RTL model: CPU user time: 2 seconds. CPU system time: 1 seconds. Elapsed time: 2.133 seconds; current allocated memory: 638.102 MB.
Execute       source C:/Xilinx/golden/srcnn_hls/solution1/.autopilot/db/srcnn.rtl_wrap.cfg.tcl 
Execute       gen_rtl conv3_Pipeline_VITIS_LOOP_108_1_VITIS_LOOP_109_2_VITIS_LOOP_110_3 -style xilinx -f -lang vhdl -o C:/Xilinx/golden/srcnn_hls/solution1/syn/vhdl/srcnn_conv3_Pipeline_VITIS_LOOP_108_1_VITIS_LOOP_109_2_VITIS_LOOP_110_3 
Execute       gen_rtl conv3_Pipeline_VITIS_LOOP_108_1_VITIS_LOOP_109_2_VITIS_LOOP_110_3 -style xilinx -f -lang vlog -o C:/Xilinx/golden/srcnn_hls/solution1/syn/verilog/srcnn_conv3_Pipeline_VITIS_LOOP_108_1_VITIS_LOOP_109_2_VITIS_LOOP_110_3 
Execute       syn_report -csynth -model conv3_Pipeline_VITIS_LOOP_108_1_VITIS_LOOP_109_2_VITIS_LOOP_110_3 -o C:/Xilinx/golden/srcnn_hls/solution1/syn/report/conv3_Pipeline_VITIS_LOOP_108_1_VITIS_LOOP_109_2_VITIS_LOOP_110_3_csynth.rpt 
Execute         list_part -family xck26-sfvc784-2LV-c 
Execute           ap_family_info -name xck26-sfvc784-2LV-c -data names 
Execute           ap_part_info -quiet -name xck26-sfvc784-2LV-c -data family 
Execute       syn_report -rtlxml -model conv3_Pipeline_VITIS_LOOP_108_1_VITIS_LOOP_109_2_VITIS_LOOP_110_3 -o C:/Xilinx/golden/srcnn_hls/solution1/syn/report/conv3_Pipeline_VITIS_LOOP_108_1_VITIS_LOOP_109_2_VITIS_LOOP_110_3_csynth.xml 
Execute         list_part -family xck26-sfvc784-2LV-c 
Execute           ap_family_info -name xck26-sfvc784-2LV-c -data names 
Execute           ap_part_info -quiet -name xck26-sfvc784-2LV-c -data family 
Execute       syn_report -verbosereport -model conv3_Pipeline_VITIS_LOOP_108_1_VITIS_LOOP_109_2_VITIS_LOOP_110_3 -o C:/Xilinx/golden/srcnn_hls/solution1/.autopilot/db/conv3_Pipeline_VITIS_LOOP_108_1_VITIS_LOOP_109_2_VITIS_LOOP_110_3.verbose.rpt 
Execute         list_part -family xck26-sfvc784-2LV-c 
Execute           ap_family_info -name xck26-sfvc784-2LV-c -data names 
Execute           ap_part_info -quiet -name xck26-sfvc784-2LV-c -data family 
Command       syn_report done; 0.112 sec.
Execute       db_write -model conv3_Pipeline_VITIS_LOOP_108_1_VITIS_LOOP_109_2_VITIS_LOOP_110_3 -f -o C:/Xilinx/golden/srcnn_hls/solution1/.autopilot/db/conv3_Pipeline_VITIS_LOOP_108_1_VITIS_LOOP_109_2_VITIS_LOOP_110_3.adb 
Execute       db_write -model conv3_Pipeline_VITIS_LOOP_108_1_VITIS_LOOP_109_2_VITIS_LOOP_110_3 -bindview -o C:/Xilinx/golden/srcnn_hls/solution1/.autopilot/db/design.bindinfo.xml 
Execute       gen_tb_info conv3_Pipeline_VITIS_LOOP_108_1_VITIS_LOOP_109_2_VITIS_LOOP_110_3 -p C:/Xilinx/golden/srcnn_hls/solution1/.autopilot/db -o C:/Xilinx/golden/srcnn_hls/solution1/.autopilot/db/conv3_Pipeline_VITIS_LOOP_108_1_VITIS_LOOP_109_2_VITIS_LOOP_110_3 
INFO: [HLS 200-10] ----------------------------------------------------------------
INFO: [HLS 200-10] -- Generating RTL for module 'conv3' 
INFO: [HLS 200-10] ----------------------------------------------------------------
Execute       create_rtl_model conv3 -top_prefix srcnn_ -sub_prefix srcnn_ -mg_file C:/Xilinx/golden/srcnn_hls/solution1/.autopilot/db/conv3.compgen.tcl 
WARNING: [RTGEN 206-101] Setting dangling out port 'conv3/grp_fu_745_p_opcode' to 0.
WARNING: [RTGEN 206-101] Setting dangling out port 'conv3/grp_fu_749_p_opcode' to 0.
WARNING: [RTGEN 206-101] Setting dangling out port 'conv3/grp_fu_753_p_opcode' to 0.
WARNING: [RTGEN 206-101] Setting dangling out port 'conv3/grp_fu_657_p_opcode' to 0.
WARNING: [RTGEN 206-101] Setting dangling out port 'conv3/grp_fu_661_p_opcode' to 0.
WARNING: [RTGEN 206-101] Setting dangling out port 'conv3/grp_fu_665_p_opcode' to 0.
WARNING: [RTGEN 206-101] Setting dangling out port 'conv3/grp_fu_669_p_opcode' to 0.
WARNING: [RTGEN 206-101] Setting dangling out port 'conv3/grp_fu_673_p_opcode' to 0.
WARNING: [RTGEN 206-101] Setting dangling out port 'conv3/grp_fu_677_p_opcode' to 0.
WARNING: [RTGEN 206-101] Setting dangling out port 'conv3/grp_fu_681_p_opcode' to 0.
WARNING: [RTGEN 206-101] Setting dangling out port 'conv3/grp_fu_685_p_opcode' to 0.
WARNING: [RTGEN 206-101] Setting dangling out port 'conv3/grp_fu_689_p_opcode' to 0.
WARNING: [RTGEN 206-101] Setting dangling out port 'conv3/grp_fu_693_p_opcode' to 0.
WARNING: [RTGEN 206-101] Setting dangling out port 'conv3/grp_fu_697_p_opcode' to 0.
WARNING: [RTGEN 206-101] Setting dangling out port 'conv3/grp_fu_701_p_opcode' to 0.
WARNING: [RTGEN 206-101] Setting dangling out port 'conv3/grp_fu_705_p_opcode' to 0.
WARNING: [RTGEN 206-101] Setting dangling out port 'conv3/grp_fu_709_p_opcode' to 0.
WARNING: [RTGEN 206-101] Setting dangling out port 'conv3/grp_fu_713_p_opcode' to 0.
WARNING: [RTGEN 206-101] Setting dangling out port 'conv3/grp_fu_717_p_opcode' to 0.
WARNING: [RTGEN 206-101] Setting dangling out port 'conv3/grp_fu_721_p_opcode' to 0.
WARNING: [RTGEN 206-101] Setting dangling out port 'conv3/grp_fu_725_p_opcode' to 0.
WARNING: [RTGEN 206-101] Setting dangling out port 'conv3/grp_fu_729_p_opcode' to 0.
WARNING: [RTGEN 206-101] Setting dangling out port 'conv3/grp_fu_733_p_opcode' to 0.
WARNING: [RTGEN 206-101] Setting dangling out port 'conv3/grp_fu_737_p_opcode' to 0.
WARNING: [RTGEN 206-101] Setting dangling out port 'conv3/grp_fu_741_p_opcode' to 0.
INFO: [RTGEN 206-100] Generating core module 'am_addmul_8ns_3ns_9ns_17_4_1': 1 instance(s).
INFO: [RTGEN 206-100] Generating core module 'fadd_32ns_32ns_32_4_full_dsp_1': 25 instance(s).
INFO: [RTGEN 206-100] Generating core module 'fmul_32ns_32ns_32_3_max_dsp_1': 25 instance(s).
INFO: [RTGEN 206-100] Finished creating RTL model for 'conv3'.
INFO: [RTMG 210-278] Implementing memory 'srcnn_conv3_out_tile_RAM_AUTO_1R1W' using auto RAMs.
INFO: [RTMG 210-278] Implementing memory 'srcnn_conv3_p_ZZ5conv3PA255_A255_fPA32_A5_A5_fPfS1_E7in_tile_0_0_0_RAM_AUTO_1R1W' using auto RAMs.
Command       create_rtl_model done; 1.053 sec.
INFO: [HLS 200-111] Finished Creating RTL model: CPU user time: 1 seconds. CPU system time: 0 seconds. Elapsed time: 1.582 seconds; current allocated memory: 639.062 MB.
Execute       source C:/Xilinx/golden/srcnn_hls/solution1/.autopilot/db/srcnn.rtl_wrap.cfg.tcl 
Execute       gen_rtl conv3 -style xilinx -f -lang vhdl -o C:/Xilinx/golden/srcnn_hls/solution1/syn/vhdl/srcnn_conv3 
Execute       gen_rtl conv3 -style xilinx -f -lang vlog -o C:/Xilinx/golden/srcnn_hls/solution1/syn/verilog/srcnn_conv3 
Execute       syn_report -csynth -model conv3 -o C:/Xilinx/golden/srcnn_hls/solution1/syn/report/conv3_csynth.rpt 
Execute         list_part -family xck26-sfvc784-2LV-c 
Execute           ap_family_info -name xck26-sfvc784-2LV-c -data names 
Execute           ap_part_info -quiet -name xck26-sfvc784-2LV-c -data family 
Execute       syn_report -rtlxml -model conv3 -o C:/Xilinx/golden/srcnn_hls/solution1/syn/report/conv3_csynth.xml 
Execute         list_part -family xck26-sfvc784-2LV-c 
Execute           ap_family_info -name xck26-sfvc784-2LV-c -data names 
Execute           ap_part_info -quiet -name xck26-sfvc784-2LV-c -data family 
Execute       syn_report -verbosereport -model conv3 -o C:/Xilinx/golden/srcnn_hls/solution1/.autopilot/db/conv3.verbose.rpt 
Execute         list_part -family xck26-sfvc784-2LV-c 
Execute           ap_family_info -name xck26-sfvc784-2LV-c -data names 
Execute           ap_part_info -quiet -name xck26-sfvc784-2LV-c -data family 
Command       syn_report done; 0.402 sec.
Execute       db_write -model conv3 -f -o C:/Xilinx/golden/srcnn_hls/solution1/.autopilot/db/conv3.adb 
Execute       db_write -model conv3 -bindview -o C:/Xilinx/golden/srcnn_hls/solution1/.autopilot/db/design.bindinfo.xml 
Execute       gen_tb_info conv3 -p C:/Xilinx/golden/srcnn_hls/solution1/.autopilot/db -o C:/Xilinx/golden/srcnn_hls/solution1/.autopilot/db/conv3 
INFO: [HLS 200-10] ----------------------------------------------------------------
INFO: [HLS 200-10] -- Generating RTL for module 'srcnn' 
INFO: [HLS 200-10] ----------------------------------------------------------------
Execute       create_rtl_model srcnn -top_prefix  -sub_prefix srcnn_ -mg_file C:/Xilinx/golden/srcnn_hls/solution1/.autopilot/db/srcnn.compgen.tcl 
INFO: [RTGEN 206-500] Setting interface mode on port 'srcnn/input_ftmap' to 'ap_memory'.
INFO: [RTGEN 206-500] Setting interface mode on port 'srcnn/conv1_weights' to 'ap_memory'.
INFO: [RTGEN 206-500] Setting interface mode on port 'srcnn/conv1_biases' to 'ap_memory'.
INFO: [RTGEN 206-500] Setting interface mode on port 'srcnn/conv2_weights' to 'ap_memory'.
INFO: [RTGEN 206-500] Setting interface mode on port 'srcnn/conv2_biases' to 'ap_memory'.
INFO: [RTGEN 206-500] Setting interface mode on port 'srcnn/conv3_weights' to 'ap_memory'.
INFO: [RTGEN 206-500] Setting interface mode on port 'srcnn/conv3_biases' to 'ap_none'.
INFO: [RTGEN 206-500] Setting interface mode on port 'srcnn/output_ftmap' to 'ap_memory'.
INFO: [RTGEN 206-500] Setting interface mode on function 'srcnn' to 'ap_ctrl_hs'.
INFO: [RTGEN 206-100] Generating core module 'fadd_32ns_32ns_32_4_full_dsp_1': 25 instance(s).
INFO: [RTGEN 206-100] Generating core module 'fcmp_32ns_32ns_1_2_no_dsp_1': 1 instance(s).
INFO: [RTGEN 206-100] Generating core module 'fmul_32ns_32ns_32_3_max_dsp_1': 25 instance(s).
INFO: [RTGEN 206-100] Finished creating RTL model for 'srcnn'.
INFO: [RTMG 210-278] Implementing memory 'srcnn_feat1_RAM_AUTO_1R1W' using auto RAMs.
INFO: [RTMG 210-278] Implementing memory 'srcnn_feat2_RAM_AUTO_1R1W' using auto RAMs.
Command       create_rtl_model done; 2.28 sec.
INFO: [HLS 200-111] Finished Creating RTL model: CPU user time: 2 seconds. CPU system time: 0 seconds. Elapsed time: 3.11 seconds; current allocated memory: 663.965 MB.
Execute       source C:/Xilinx/golden/srcnn_hls/solution1/.autopilot/db/srcnn.rtl_wrap.cfg.tcl 
Execute       gen_rtl srcnn -istop -style xilinx -f -lang vhdl -o C:/Xilinx/golden/srcnn_hls/solution1/syn/vhdl/srcnn 
Execute       gen_rtl srcnn -istop -style xilinx -f -lang vlog -o C:/Xilinx/golden/srcnn_hls/solution1/syn/verilog/srcnn 
Execute       syn_report -csynth -model srcnn -o C:/Xilinx/golden/srcnn_hls/solution1/syn/report/srcnn_csynth.rpt 
Execute         list_part -family xck26-sfvc784-2LV-c 
Execute           ap_family_info -name xck26-sfvc784-2LV-c -data names 
Execute           ap_part_info -quiet -name xck26-sfvc784-2LV-c -data family 
Execute       syn_report -rtlxml -model srcnn -o C:/Xilinx/golden/srcnn_hls/solution1/syn/report/srcnn_csynth.xml 
Execute         list_part -family xck26-sfvc784-2LV-c 
Execute           ap_family_info -name xck26-sfvc784-2LV-c -data names 
Execute           ap_part_info -quiet -name xck26-sfvc784-2LV-c -data family 
Execute       syn_report -verbosereport -model srcnn -o C:/Xilinx/golden/srcnn_hls/solution1/.autopilot/db/srcnn.verbose.rpt 
Execute         list_part -family xck26-sfvc784-2LV-c 
Execute           ap_family_info -name xck26-sfvc784-2LV-c -data names 
Execute           ap_part_info -quiet -name xck26-sfvc784-2LV-c -data family 
Command       syn_report done; 0.49 sec.
Execute       db_write -model srcnn -f -o C:/Xilinx/golden/srcnn_hls/solution1/.autopilot/db/srcnn.adb 
Execute       db_write -model srcnn -bindview -o C:/Xilinx/golden/srcnn_hls/solution1/.autopilot/db/design.bindinfo.xml 
Execute       gen_tb_info srcnn -p C:/Xilinx/golden/srcnn_hls/solution1/.autopilot/db -o C:/Xilinx/golden/srcnn_hls/solution1/.autopilot/db/srcnn 
Execute       export_constraint_db -f -tool general -o C:/Xilinx/golden/srcnn_hls/solution1/.autopilot/db/srcnn.constraint.tcl 
Execute       syn_report -designview -model srcnn -o C:/Xilinx/golden/srcnn_hls/solution1/.autopilot/db/srcnn.design.xml 
Command       syn_report done; 1.299 sec.
Execute       syn_report -csynthDesign -model srcnn -o C:/Xilinx/golden/srcnn_hls/solution1/syn/report/csynth.rpt -MHOut C:/Xilinx/golden/srcnn_hls/solution1/.autopilot/db/kernel_module_hierarchy.tcl 
Execute         list_part -family xck26-sfvc784-2LV-c 
Execute           ap_family_info -name xck26-sfvc784-2LV-c -data names 
Execute           ap_part_info -quiet -name xck26-sfvc784-2LV-c -data family 
Execute       syn_report -wcfg -model srcnn -o C:/Xilinx/golden/srcnn_hls/solution1/.autopilot/db/srcnn_dataflow_ana.wcfg 
Execute       syn_report -protoinst -model srcnn -o C:/Xilinx/golden/srcnn_hls/solution1/.autopilot/db/srcnn.protoinst 
Execute       sc_get_clocks srcnn 
Execute       sc_get_portdomain srcnn 
INFO-FLOW: Model list for RTL component generation: conv1_Pipeline_VITIS_LOOP_125_4_VITIS_LOOP_126_5_VITIS_LOOP_127_6 conv1_Pipeline_VITIS_LOOP_32_2_VITIS_LOOP_33_3 conv1_Pipeline_VITIS_LOOP_50_1_VITIS_LOOP_53_3_VITIS_LOOP_54_4 compute_tile_c1_Pipeline_VITIS_LOOP_71_3 compute_tile_c1 conv1_Pipeline_VITIS_LOOP_94_1_VITIS_LOOP_95_2_VITIS_LOOP_96_3 conv1 srcnn_Pipeline_VITIS_LOOP_18_1_VITIS_LOOP_19_2_VITIS_LOOP_20_3 conv2_Pipeline_VITIS_LOOP_99_4_VITIS_LOOP_100_5_VITIS_LOOP_101_6 conv2_Pipeline_VITIS_LOOP_23_2_VITIS_LOOP_24_3 conv2_Pipeline_VITIS_LOOP_53_3 conv2_Pipeline_VITIS_LOOP_70_1_VITIS_LOOP_71_2_VITIS_LOOP_72_3 conv2 srcnn_Pipeline_VITIS_LOOP_27_4_VITIS_LOOP_28_5_VITIS_LOOP_29_6 conv3_Pipeline_VITIS_LOOP_143_4_VITIS_LOOP_144_5_VITIS_LOOP_145_6 conv3_Pipeline_VITIS_LOOP_32_2_VITIS_LOOP_33_3 conv3_Pipeline_VITIS_LOOP_55_3_VITIS_LOOP_56_4 compute_tile_c3_Pipeline_VITIS_LOOP_77_3 compute_tile_c3 conv3_Pipeline_VITIS_LOOP_108_1_VITIS_LOOP_109_2_VITIS_LOOP_110_3 conv3 srcnn
INFO-FLOW: Handling components in module [conv1_Pipeline_VITIS_LOOP_125_4_VITIS_LOOP_126_5_VITIS_LOOP_127_6] ... 
Execute       source C:/Xilinx/golden/srcnn_hls/solution1/.autopilot/db/conv1_Pipeline_VITIS_LOOP_125_4_VITIS_LOOP_126_5_VITIS_LOOP_127_6.compgen.tcl 
INFO-FLOW: Found component srcnn_flow_control_loop_pipe_sequential_init.
INFO-FLOW: Append model srcnn_flow_control_loop_pipe_sequential_init
INFO-FLOW: Handling components in module [conv1_Pipeline_VITIS_LOOP_32_2_VITIS_LOOP_33_3] ... 
Execute       source C:/Xilinx/golden/srcnn_hls/solution1/.autopilot/db/conv1_Pipeline_VITIS_LOOP_32_2_VITIS_LOOP_33_3.compgen.tcl 
INFO-FLOW: Found component srcnn_flow_control_loop_pipe_sequential_init.
INFO-FLOW: Append model srcnn_flow_control_loop_pipe_sequential_init
INFO-FLOW: Handling components in module [conv1_Pipeline_VITIS_LOOP_50_1_VITIS_LOOP_53_3_VITIS_LOOP_54_4] ... 
Execute       source C:/Xilinx/golden/srcnn_hls/solution1/.autopilot/db/conv1_Pipeline_VITIS_LOOP_50_1_VITIS_LOOP_53_3_VITIS_LOOP_54_4.compgen.tcl 
INFO-FLOW: Found component srcnn_flow_control_loop_pipe_sequential_init.
INFO-FLOW: Append model srcnn_flow_control_loop_pipe_sequential_init
INFO-FLOW: Handling components in module [compute_tile_c1_Pipeline_VITIS_LOOP_71_3] ... 
Execute       source C:/Xilinx/golden/srcnn_hls/solution1/.autopilot/db/compute_tile_c1_Pipeline_VITIS_LOOP_71_3.compgen.tcl 
INFO-FLOW: Found component srcnn_fadd_32ns_32ns_32_4_full_dsp_1.
INFO-FLOW: Append model srcnn_fadd_32ns_32ns_32_4_full_dsp_1
INFO-FLOW: Found component srcnn_fmul_32ns_32ns_32_3_max_dsp_1.
INFO-FLOW: Append model srcnn_fmul_32ns_32ns_32_3_max_dsp_1
INFO-FLOW: Found component srcnn_flow_control_loop_pipe_sequential_init.
INFO-FLOW: Append model srcnn_flow_control_loop_pipe_sequential_init
INFO-FLOW: Handling components in module [compute_tile_c1] ... 
Execute       source C:/Xilinx/golden/srcnn_hls/solution1/.autopilot/db/compute_tile_c1.compgen.tcl 
INFO-FLOW: Handling components in module [conv1_Pipeline_VITIS_LOOP_94_1_VITIS_LOOP_95_2_VITIS_LOOP_96_3] ... 
Execute       source C:/Xilinx/golden/srcnn_hls/solution1/.autopilot/db/conv1_Pipeline_VITIS_LOOP_94_1_VITIS_LOOP_95_2_VITIS_LOOP_96_3.compgen.tcl 
INFO-FLOW: Found component srcnn_flow_control_loop_pipe_sequential_init.
INFO-FLOW: Append model srcnn_flow_control_loop_pipe_sequential_init
INFO-FLOW: Handling components in module [conv1] ... 
Execute       source C:/Xilinx/golden/srcnn_hls/solution1/.autopilot/db/conv1.compgen.tcl 
INFO-FLOW: Found component srcnn_mul_9ns_9ns_17_1_1.
INFO-FLOW: Append model srcnn_mul_9ns_9ns_17_1_1
INFO-FLOW: Found component srcnn_conv1_out_tile_2_RAM_AUTO_1R1W.
INFO-FLOW: Append model srcnn_conv1_out_tile_2_RAM_AUTO_1R1W
INFO-FLOW: Found component srcnn_conv1_in_tile_1_0_RAM_AUTO_1R1W.
INFO-FLOW: Append model srcnn_conv1_in_tile_1_0_RAM_AUTO_1R1W
INFO-FLOW: Found component srcnn_conv1_p_ZZ5conv1PA255_A255_fPA1_A9_A9_fPfS1_E6w_tile_0_0_0_RAM_AUTO_1R1W.
INFO-FLOW: Append model srcnn_conv1_p_ZZ5conv1PA255_A255_fPA1_A9_A9_fPfS1_E6w_tile_0_0_0_RAM_AUTO_1R1W
INFO-FLOW: Handling components in module [srcnn_Pipeline_VITIS_LOOP_18_1_VITIS_LOOP_19_2_VITIS_LOOP_20_3] ... 
Execute       source C:/Xilinx/golden/srcnn_hls/solution1/.autopilot/db/srcnn_Pipeline_VITIS_LOOP_18_1_VITIS_LOOP_19_2_VITIS_LOOP_20_3.compgen.tcl 
INFO-FLOW: Found component srcnn_flow_control_loop_pipe_sequential_init.
INFO-FLOW: Append model srcnn_flow_control_loop_pipe_sequential_init
INFO-FLOW: Handling components in module [conv2_Pipeline_VITIS_LOOP_99_4_VITIS_LOOP_100_5_VITIS_LOOP_101_6] ... 
Execute       source C:/Xilinx/golden/srcnn_hls/solution1/.autopilot/db/conv2_Pipeline_VITIS_LOOP_99_4_VITIS_LOOP_100_5_VITIS_LOOP_101_6.compgen.tcl 
INFO-FLOW: Found component srcnn_flow_control_loop_pipe_sequential_init.
INFO-FLOW: Append model srcnn_flow_control_loop_pipe_sequential_init
INFO-FLOW: Handling components in module [conv2_Pipeline_VITIS_LOOP_23_2_VITIS_LOOP_24_3] ... 
Execute       source C:/Xilinx/golden/srcnn_hls/solution1/.autopilot/db/conv2_Pipeline_VITIS_LOOP_23_2_VITIS_LOOP_24_3.compgen.tcl 
INFO-FLOW: Found component srcnn_flow_control_loop_pipe_sequential_init.
INFO-FLOW: Append model srcnn_flow_control_loop_pipe_sequential_init
INFO-FLOW: Handling components in module [conv2_Pipeline_VITIS_LOOP_53_3] ... 
Execute       source C:/Xilinx/golden/srcnn_hls/solution1/.autopilot/db/conv2_Pipeline_VITIS_LOOP_53_3.compgen.tcl 
INFO-FLOW: Found component srcnn_flow_control_loop_pipe_sequential_init.
INFO-FLOW: Append model srcnn_flow_control_loop_pipe_sequential_init
INFO-FLOW: Handling components in module [conv2_Pipeline_VITIS_LOOP_70_1_VITIS_LOOP_71_2_VITIS_LOOP_72_3] ... 
Execute       source C:/Xilinx/golden/srcnn_hls/solution1/.autopilot/db/conv2_Pipeline_VITIS_LOOP_70_1_VITIS_LOOP_71_2_VITIS_LOOP_72_3.compgen.tcl 
INFO-FLOW: Found component srcnn_flow_control_loop_pipe_sequential_init.
INFO-FLOW: Append model srcnn_flow_control_loop_pipe_sequential_init
INFO-FLOW: Handling components in module [conv2] ... 
Execute       source C:/Xilinx/golden/srcnn_hls/solution1/.autopilot/db/conv2.compgen.tcl 
INFO-FLOW: Found component srcnn_conv2_out_tile_1_RAM_AUTO_1R1W.
INFO-FLOW: Append model srcnn_conv2_out_tile_1_RAM_AUTO_1R1W
INFO-FLOW: Found component srcnn_conv2_in_tile_0_RAM_AUTO_1R1W.
INFO-FLOW: Append model srcnn_conv2_in_tile_0_RAM_AUTO_1R1W
INFO-FLOW: Found component srcnn_conv2_w_tile_0_RAM_AUTO_1R1W.
INFO-FLOW: Append model srcnn_conv2_w_tile_0_RAM_AUTO_1R1W
INFO-FLOW: Handling components in module [srcnn_Pipeline_VITIS_LOOP_27_4_VITIS_LOOP_28_5_VITIS_LOOP_29_6] ... 
Execute       source C:/Xilinx/golden/srcnn_hls/solution1/.autopilot/db/srcnn_Pipeline_VITIS_LOOP_27_4_VITIS_LOOP_28_5_VITIS_LOOP_29_6.compgen.tcl 
INFO-FLOW: Found component srcnn_flow_control_loop_pipe_sequential_init.
INFO-FLOW: Append model srcnn_flow_control_loop_pipe_sequential_init
INFO-FLOW: Handling components in module [conv3_Pipeline_VITIS_LOOP_143_4_VITIS_LOOP_144_5_VITIS_LOOP_145_6] ... 
Execute       source C:/Xilinx/golden/srcnn_hls/solution1/.autopilot/db/conv3_Pipeline_VITIS_LOOP_143_4_VITIS_LOOP_144_5_VITIS_LOOP_145_6.compgen.tcl 
INFO-FLOW: Found component srcnn_flow_control_loop_pipe_sequential_init.
INFO-FLOW: Append model srcnn_flow_control_loop_pipe_sequential_init
INFO-FLOW: Handling components in module [conv3_Pipeline_VITIS_LOOP_32_2_VITIS_LOOP_33_3] ... 
Execute       source C:/Xilinx/golden/srcnn_hls/solution1/.autopilot/db/conv3_Pipeline_VITIS_LOOP_32_2_VITIS_LOOP_33_3.compgen.tcl 
INFO-FLOW: Found component srcnn_mul_9ns_11ns_19_1_1.
INFO-FLOW: Append model srcnn_mul_9ns_11ns_19_1_1
INFO-FLOW: Found component srcnn_urem_9ns_4ns_3_13_1.
INFO-FLOW: Append model srcnn_urem_9ns_4ns_3_13_1
INFO-FLOW: Found component srcnn_flow_control_loop_pipe_sequential_init.
INFO-FLOW: Append model srcnn_flow_control_loop_pipe_sequential_init
INFO-FLOW: Handling components in module [conv3_Pipeline_VITIS_LOOP_55_3_VITIS_LOOP_56_4] ... 
Execute       source C:/Xilinx/golden/srcnn_hls/solution1/.autopilot/db/conv3_Pipeline_VITIS_LOOP_55_3_VITIS_LOOP_56_4.compgen.tcl 
INFO-FLOW: Found component srcnn_flow_control_loop_pipe_sequential_init.
INFO-FLOW: Append model srcnn_flow_control_loop_pipe_sequential_init
INFO-FLOW: Handling components in module [compute_tile_c3_Pipeline_VITIS_LOOP_77_3] ... 
Execute       source C:/Xilinx/golden/srcnn_hls/solution1/.autopilot/db/compute_tile_c3_Pipeline_VITIS_LOOP_77_3.compgen.tcl 
INFO-FLOW: Found component srcnn_mux_5_3_32_1_1.
INFO-FLOW: Append model srcnn_mux_5_3_32_1_1
INFO-FLOW: Found component srcnn_flow_control_loop_pipe_sequential_init.
INFO-FLOW: Append model srcnn_flow_control_loop_pipe_sequential_init
INFO-FLOW: Handling components in module [compute_tile_c3] ... 
Execute       source C:/Xilinx/golden/srcnn_hls/solution1/.autopilot/db/compute_tile_c3.compgen.tcl 
INFO-FLOW: Found component srcnn_mul_6ns_8ns_13_1_1.
INFO-FLOW: Append model srcnn_mul_6ns_8ns_13_1_1
INFO-FLOW: Found component srcnn_urem_6ns_4ns_3_10_seq_1.
INFO-FLOW: Append model srcnn_urem_6ns_4ns_3_10_seq_1
INFO-FLOW: Handling components in module [conv3_Pipeline_VITIS_LOOP_108_1_VITIS_LOOP_109_2_VITIS_LOOP_110_3] ... 
Execute       source C:/Xilinx/golden/srcnn_hls/solution1/.autopilot/db/conv3_Pipeline_VITIS_LOOP_108_1_VITIS_LOOP_109_2_VITIS_LOOP_110_3.compgen.tcl 
INFO-FLOW: Found component srcnn_flow_control_loop_pipe_sequential_init.
INFO-FLOW: Append model srcnn_flow_control_loop_pipe_sequential_init
INFO-FLOW: Handling components in module [conv3] ... 
Execute       source C:/Xilinx/golden/srcnn_hls/solution1/.autopilot/db/conv3.compgen.tcl 
INFO-FLOW: Found component srcnn_am_addmul_8ns_3ns_9ns_17_4_1.
INFO-FLOW: Append model srcnn_am_addmul_8ns_3ns_9ns_17_4_1
INFO-FLOW: Found component srcnn_conv3_out_tile_RAM_AUTO_1R1W.
INFO-FLOW: Append model srcnn_conv3_out_tile_RAM_AUTO_1R1W
INFO-FLOW: Found component srcnn_conv3_p_ZZ5conv3PA255_A255_fPA32_A5_A5_fPfS1_E7in_tile_0_0_0_RAM_AUTO_1R1W.
INFO-FLOW: Append model srcnn_conv3_p_ZZ5conv3PA255_A255_fPA32_A5_A5_fPfS1_E7in_tile_0_0_0_RAM_AUTO_1R1W
INFO-FLOW: Handling components in module [srcnn] ... 
Execute       source C:/Xilinx/golden/srcnn_hls/solution1/.autopilot/db/srcnn.compgen.tcl 
INFO-FLOW: Found component srcnn_fadd_32ns_32ns_32_4_full_dsp_1.
INFO-FLOW: Append model srcnn_fadd_32ns_32ns_32_4_full_dsp_1
INFO-FLOW: Found component srcnn_fadd_32ns_32ns_32_4_full_dsp_1.
INFO-FLOW: Append model srcnn_fadd_32ns_32ns_32_4_full_dsp_1
INFO-FLOW: Found component srcnn_fadd_32ns_32ns_32_4_full_dsp_1.
INFO-FLOW: Append model srcnn_fadd_32ns_32ns_32_4_full_dsp_1
INFO-FLOW: Found component srcnn_fadd_32ns_32ns_32_4_full_dsp_1.
INFO-FLOW: Append model srcnn_fadd_32ns_32ns_32_4_full_dsp_1
INFO-FLOW: Found component srcnn_fadd_32ns_32ns_32_4_full_dsp_1.
INFO-FLOW: Append model srcnn_fadd_32ns_32ns_32_4_full_dsp_1
INFO-FLOW: Found component srcnn_fadd_32ns_32ns_32_4_full_dsp_1.
INFO-FLOW: Append model srcnn_fadd_32ns_32ns_32_4_full_dsp_1
INFO-FLOW: Found component srcnn_fadd_32ns_32ns_32_4_full_dsp_1.
INFO-FLOW: Append model srcnn_fadd_32ns_32ns_32_4_full_dsp_1
INFO-FLOW: Found component srcnn_fadd_32ns_32ns_32_4_full_dsp_1.
INFO-FLOW: Append model srcnn_fadd_32ns_32ns_32_4_full_dsp_1
INFO-FLOW: Found component srcnn_fadd_32ns_32ns_32_4_full_dsp_1.
INFO-FLOW: Append model srcnn_fadd_32ns_32ns_32_4_full_dsp_1
INFO-FLOW: Found component srcnn_fadd_32ns_32ns_32_4_full_dsp_1.
INFO-FLOW: Append model srcnn_fadd_32ns_32ns_32_4_full_dsp_1
INFO-FLOW: Found component srcnn_fadd_32ns_32ns_32_4_full_dsp_1.
INFO-FLOW: Append model srcnn_fadd_32ns_32ns_32_4_full_dsp_1
INFO-FLOW: Found component srcnn_fadd_32ns_32ns_32_4_full_dsp_1.
INFO-FLOW: Append model srcnn_fadd_32ns_32ns_32_4_full_dsp_1
INFO-FLOW: Found component srcnn_fadd_32ns_32ns_32_4_full_dsp_1.
INFO-FLOW: Append model srcnn_fadd_32ns_32ns_32_4_full_dsp_1
INFO-FLOW: Found component srcnn_fadd_32ns_32ns_32_4_full_dsp_1.
INFO-FLOW: Append model srcnn_fadd_32ns_32ns_32_4_full_dsp_1
INFO-FLOW: Found component srcnn_fadd_32ns_32ns_32_4_full_dsp_1.
INFO-FLOW: Append model srcnn_fadd_32ns_32ns_32_4_full_dsp_1
INFO-FLOW: Found component srcnn_fadd_32ns_32ns_32_4_full_dsp_1.
INFO-FLOW: Append model srcnn_fadd_32ns_32ns_32_4_full_dsp_1
INFO-FLOW: Found component srcnn_fadd_32ns_32ns_32_4_full_dsp_1.
INFO-FLOW: Append model srcnn_fadd_32ns_32ns_32_4_full_dsp_1
INFO-FLOW: Found component srcnn_fadd_32ns_32ns_32_4_full_dsp_1.
INFO-FLOW: Append model srcnn_fadd_32ns_32ns_32_4_full_dsp_1
INFO-FLOW: Found component srcnn_fadd_32ns_32ns_32_4_full_dsp_1.
INFO-FLOW: Append model srcnn_fadd_32ns_32ns_32_4_full_dsp_1
INFO-FLOW: Found component srcnn_fadd_32ns_32ns_32_4_full_dsp_1.
INFO-FLOW: Append model srcnn_fadd_32ns_32ns_32_4_full_dsp_1
INFO-FLOW: Found component srcnn_fadd_32ns_32ns_32_4_full_dsp_1.
INFO-FLOW: Append model srcnn_fadd_32ns_32ns_32_4_full_dsp_1
INFO-FLOW: Found component srcnn_fadd_32ns_32ns_32_4_full_dsp_1.
INFO-FLOW: Append model srcnn_fadd_32ns_32ns_32_4_full_dsp_1
INFO-FLOW: Found component srcnn_fadd_32ns_32ns_32_4_full_dsp_1.
INFO-FLOW: Append model srcnn_fadd_32ns_32ns_32_4_full_dsp_1
INFO-FLOW: Found component srcnn_fadd_32ns_32ns_32_4_full_dsp_1.
INFO-FLOW: Append model srcnn_fadd_32ns_32ns_32_4_full_dsp_1
INFO-FLOW: Found component srcnn_fadd_32ns_32ns_32_4_full_dsp_1.
INFO-FLOW: Append model srcnn_fadd_32ns_32ns_32_4_full_dsp_1
INFO-FLOW: Found component srcnn_fmul_32ns_32ns_32_3_max_dsp_1.
INFO-FLOW: Append model srcnn_fmul_32ns_32ns_32_3_max_dsp_1
INFO-FLOW: Found component srcnn_fmul_32ns_32ns_32_3_max_dsp_1.
INFO-FLOW: Append model srcnn_fmul_32ns_32ns_32_3_max_dsp_1
INFO-FLOW: Found component srcnn_fmul_32ns_32ns_32_3_max_dsp_1.
INFO-FLOW: Append model srcnn_fmul_32ns_32ns_32_3_max_dsp_1
INFO-FLOW: Found component srcnn_fmul_32ns_32ns_32_3_max_dsp_1.
INFO-FLOW: Append model srcnn_fmul_32ns_32ns_32_3_max_dsp_1
INFO-FLOW: Found component srcnn_fmul_32ns_32ns_32_3_max_dsp_1.
INFO-FLOW: Append model srcnn_fmul_32ns_32ns_32_3_max_dsp_1
INFO-FLOW: Found component srcnn_fmul_32ns_32ns_32_3_max_dsp_1.
INFO-FLOW: Append model srcnn_fmul_32ns_32ns_32_3_max_dsp_1
INFO-FLOW: Found component srcnn_fmul_32ns_32ns_32_3_max_dsp_1.
INFO-FLOW: Append model srcnn_fmul_32ns_32ns_32_3_max_dsp_1
INFO-FLOW: Found component srcnn_fmul_32ns_32ns_32_3_max_dsp_1.
INFO-FLOW: Append model srcnn_fmul_32ns_32ns_32_3_max_dsp_1
INFO-FLOW: Found component srcnn_fmul_32ns_32ns_32_3_max_dsp_1.
INFO-FLOW: Append model srcnn_fmul_32ns_32ns_32_3_max_dsp_1
INFO-FLOW: Found component srcnn_fmul_32ns_32ns_32_3_max_dsp_1.
INFO-FLOW: Append model srcnn_fmul_32ns_32ns_32_3_max_dsp_1
INFO-FLOW: Found component srcnn_fmul_32ns_32ns_32_3_max_dsp_1.
INFO-FLOW: Append model srcnn_fmul_32ns_32ns_32_3_max_dsp_1
INFO-FLOW: Found component srcnn_fmul_32ns_32ns_32_3_max_dsp_1.
INFO-FLOW: Append model srcnn_fmul_32ns_32ns_32_3_max_dsp_1
INFO-FLOW: Found component srcnn_fmul_32ns_32ns_32_3_max_dsp_1.
INFO-FLOW: Append model srcnn_fmul_32ns_32ns_32_3_max_dsp_1
INFO-FLOW: Found component srcnn_fmul_32ns_32ns_32_3_max_dsp_1.
INFO-FLOW: Append model srcnn_fmul_32ns_32ns_32_3_max_dsp_1
INFO-FLOW: Found component srcnn_fmul_32ns_32ns_32_3_max_dsp_1.
INFO-FLOW: Append model srcnn_fmul_32ns_32ns_32_3_max_dsp_1
INFO-FLOW: Found component srcnn_fmul_32ns_32ns_32_3_max_dsp_1.
INFO-FLOW: Append model srcnn_fmul_32ns_32ns_32_3_max_dsp_1
INFO-FLOW: Found component srcnn_fmul_32ns_32ns_32_3_max_dsp_1.
INFO-FLOW: Append model srcnn_fmul_32ns_32ns_32_3_max_dsp_1
INFO-FLOW: Found component srcnn_fmul_32ns_32ns_32_3_max_dsp_1.
INFO-FLOW: Append model srcnn_fmul_32ns_32ns_32_3_max_dsp_1
INFO-FLOW: Found component srcnn_fmul_32ns_32ns_32_3_max_dsp_1.
INFO-FLOW: Append model srcnn_fmul_32ns_32ns_32_3_max_dsp_1
INFO-FLOW: Found component srcnn_fmul_32ns_32ns_32_3_max_dsp_1.
INFO-FLOW: Append model srcnn_fmul_32ns_32ns_32_3_max_dsp_1
INFO-FLOW: Found component srcnn_fmul_32ns_32ns_32_3_max_dsp_1.
INFO-FLOW: Append model srcnn_fmul_32ns_32ns_32_3_max_dsp_1
INFO-FLOW: Found component srcnn_fmul_32ns_32ns_32_3_max_dsp_1.
INFO-FLOW: Append model srcnn_fmul_32ns_32ns_32_3_max_dsp_1
INFO-FLOW: Found component srcnn_fmul_32ns_32ns_32_3_max_dsp_1.
INFO-FLOW: Append model srcnn_fmul_32ns_32ns_32_3_max_dsp_1
INFO-FLOW: Found component srcnn_fmul_32ns_32ns_32_3_max_dsp_1.
INFO-FLOW: Append model srcnn_fmul_32ns_32ns_32_3_max_dsp_1
INFO-FLOW: Found component srcnn_fmul_32ns_32ns_32_3_max_dsp_1.
INFO-FLOW: Append model srcnn_fmul_32ns_32ns_32_3_max_dsp_1
INFO-FLOW: Found component srcnn_fcmp_32ns_32ns_1_2_no_dsp_1.
INFO-FLOW: Append model srcnn_fcmp_32ns_32ns_1_2_no_dsp_1
INFO-FLOW: Found component srcnn_feat1_RAM_AUTO_1R1W.
INFO-FLOW: Append model srcnn_feat1_RAM_AUTO_1R1W
INFO-FLOW: Found component srcnn_feat2_RAM_AUTO_1R1W.
INFO-FLOW: Append model srcnn_feat2_RAM_AUTO_1R1W
INFO-FLOW: Append model conv1_Pipeline_VITIS_LOOP_125_4_VITIS_LOOP_126_5_VITIS_LOOP_127_6
INFO-FLOW: Append model conv1_Pipeline_VITIS_LOOP_32_2_VITIS_LOOP_33_3
INFO-FLOW: Append model conv1_Pipeline_VITIS_LOOP_50_1_VITIS_LOOP_53_3_VITIS_LOOP_54_4
INFO-FLOW: Append model compute_tile_c1_Pipeline_VITIS_LOOP_71_3
INFO-FLOW: Append model compute_tile_c1
INFO-FLOW: Append model conv1_Pipeline_VITIS_LOOP_94_1_VITIS_LOOP_95_2_VITIS_LOOP_96_3
INFO-FLOW: Append model conv1
INFO-FLOW: Append model srcnn_Pipeline_VITIS_LOOP_18_1_VITIS_LOOP_19_2_VITIS_LOOP_20_3
INFO-FLOW: Append model conv2_Pipeline_VITIS_LOOP_99_4_VITIS_LOOP_100_5_VITIS_LOOP_101_6
INFO-FLOW: Append model conv2_Pipeline_VITIS_LOOP_23_2_VITIS_LOOP_24_3
INFO-FLOW: Append model conv2_Pipeline_VITIS_LOOP_53_3
INFO-FLOW: Append model conv2_Pipeline_VITIS_LOOP_70_1_VITIS_LOOP_71_2_VITIS_LOOP_72_3
INFO-FLOW: Append model conv2
INFO-FLOW: Append model srcnn_Pipeline_VITIS_LOOP_27_4_VITIS_LOOP_28_5_VITIS_LOOP_29_6
INFO-FLOW: Append model conv3_Pipeline_VITIS_LOOP_143_4_VITIS_LOOP_144_5_VITIS_LOOP_145_6
INFO-FLOW: Append model conv3_Pipeline_VITIS_LOOP_32_2_VITIS_LOOP_33_3
INFO-FLOW: Append model conv3_Pipeline_VITIS_LOOP_55_3_VITIS_LOOP_56_4
INFO-FLOW: Append model compute_tile_c3_Pipeline_VITIS_LOOP_77_3
INFO-FLOW: Append model compute_tile_c3
INFO-FLOW: Append model conv3_Pipeline_VITIS_LOOP_108_1_VITIS_LOOP_109_2_VITIS_LOOP_110_3
INFO-FLOW: Append model conv3
INFO-FLOW: Append model srcnn
INFO-FLOW: Generating RTL model list ...
INFO-FLOW: All models in this session: srcnn_flow_control_loop_pipe_sequential_init srcnn_flow_control_loop_pipe_sequential_init srcnn_flow_control_loop_pipe_sequential_init srcnn_fadd_32ns_32ns_32_4_full_dsp_1 srcnn_fmul_32ns_32ns_32_3_max_dsp_1 srcnn_flow_control_loop_pipe_sequential_init srcnn_flow_control_loop_pipe_sequential_init srcnn_mul_9ns_9ns_17_1_1 srcnn_conv1_out_tile_2_RAM_AUTO_1R1W srcnn_conv1_in_tile_1_0_RAM_AUTO_1R1W srcnn_conv1_p_ZZ5conv1PA255_A255_fPA1_A9_A9_fPfS1_E6w_tile_0_0_0_RAM_AUTO_1R1W srcnn_flow_control_loop_pipe_sequential_init srcnn_flow_control_loop_pipe_sequential_init srcnn_flow_control_loop_pipe_sequential_init srcnn_flow_control_loop_pipe_sequential_init srcnn_flow_control_loop_pipe_sequential_init srcnn_conv2_out_tile_1_RAM_AUTO_1R1W srcnn_conv2_in_tile_0_RAM_AUTO_1R1W srcnn_conv2_w_tile_0_RAM_AUTO_1R1W srcnn_flow_control_loop_pipe_sequential_init srcnn_flow_control_loop_pipe_sequential_init srcnn_mul_9ns_11ns_19_1_1 srcnn_urem_9ns_4ns_3_13_1 srcnn_flow_control_loop_pipe_sequential_init srcnn_flow_control_loop_pipe_sequential_init srcnn_mux_5_3_32_1_1 srcnn_flow_control_loop_pipe_sequential_init srcnn_mul_6ns_8ns_13_1_1 srcnn_urem_6ns_4ns_3_10_seq_1 srcnn_flow_control_loop_pipe_sequential_init srcnn_am_addmul_8ns_3ns_9ns_17_4_1 srcnn_conv3_out_tile_RAM_AUTO_1R1W srcnn_conv3_p_ZZ5conv3PA255_A255_fPA32_A5_A5_fPfS1_E7in_tile_0_0_0_RAM_AUTO_1R1W srcnn_fadd_32ns_32ns_32_4_full_dsp_1 srcnn_fadd_32ns_32ns_32_4_full_dsp_1 srcnn_fadd_32ns_32ns_32_4_full_dsp_1 srcnn_fadd_32ns_32ns_32_4_full_dsp_1 srcnn_fadd_32ns_32ns_32_4_full_dsp_1 srcnn_fadd_32ns_32ns_32_4_full_dsp_1 srcnn_fadd_32ns_32ns_32_4_full_dsp_1 srcnn_fadd_32ns_32ns_32_4_full_dsp_1 srcnn_fadd_32ns_32ns_32_4_full_dsp_1 srcnn_fadd_32ns_32ns_32_4_full_dsp_1 srcnn_fadd_32ns_32ns_32_4_full_dsp_1 srcnn_fadd_32ns_32ns_32_4_full_dsp_1 srcnn_fadd_32ns_32ns_32_4_full_dsp_1 srcnn_fadd_32ns_32ns_32_4_full_dsp_1 srcnn_fadd_32ns_32ns_32_4_full_dsp_1 srcnn_fadd_32ns_32ns_32_4_full_dsp_1 srcnn_fadd_32ns_32ns_32_4_full_dsp_1 srcnn_fadd_32ns_32ns_32_4_full_dsp_1 srcnn_fadd_32ns_32ns_32_4_full_dsp_1 srcnn_fadd_32ns_32ns_32_4_full_dsp_1 srcnn_fadd_32ns_32ns_32_4_full_dsp_1 srcnn_fadd_32ns_32ns_32_4_full_dsp_1 srcnn_fadd_32ns_32ns_32_4_full_dsp_1 srcnn_fadd_32ns_32ns_32_4_full_dsp_1 srcnn_fadd_32ns_32ns_32_4_full_dsp_1 srcnn_fmul_32ns_32ns_32_3_max_dsp_1 srcnn_fmul_32ns_32ns_32_3_max_dsp_1 srcnn_fmul_32ns_32ns_32_3_max_dsp_1 srcnn_fmul_32ns_32ns_32_3_max_dsp_1 srcnn_fmul_32ns_32ns_32_3_max_dsp_1 srcnn_fmul_32ns_32ns_32_3_max_dsp_1 srcnn_fmul_32ns_32ns_32_3_max_dsp_1 srcnn_fmul_32ns_32ns_32_3_max_dsp_1 srcnn_fmul_32ns_32ns_32_3_max_dsp_1 srcnn_fmul_32ns_32ns_32_3_max_dsp_1 srcnn_fmul_32ns_32ns_32_3_max_dsp_1 srcnn_fmul_32ns_32ns_32_3_max_dsp_1 srcnn_fmul_32ns_32ns_32_3_max_dsp_1 srcnn_fmul_32ns_32ns_32_3_max_dsp_1 srcnn_fmul_32ns_32ns_32_3_max_dsp_1 srcnn_fmul_32ns_32ns_32_3_max_dsp_1 srcnn_fmul_32ns_32ns_32_3_max_dsp_1 srcnn_fmul_32ns_32ns_32_3_max_dsp_1 srcnn_fmul_32ns_32ns_32_3_max_dsp_1 srcnn_fmul_32ns_32ns_32_3_max_dsp_1 srcnn_fmul_32ns_32ns_32_3_max_dsp_1 srcnn_fmul_32ns_32ns_32_3_max_dsp_1 srcnn_fmul_32ns_32ns_32_3_max_dsp_1 srcnn_fmul_32ns_32ns_32_3_max_dsp_1 srcnn_fmul_32ns_32ns_32_3_max_dsp_1 srcnn_fcmp_32ns_32ns_1_2_no_dsp_1 srcnn_feat1_RAM_AUTO_1R1W srcnn_feat2_RAM_AUTO_1R1W conv1_Pipeline_VITIS_LOOP_125_4_VITIS_LOOP_126_5_VITIS_LOOP_127_6 conv1_Pipeline_VITIS_LOOP_32_2_VITIS_LOOP_33_3 conv1_Pipeline_VITIS_LOOP_50_1_VITIS_LOOP_53_3_VITIS_LOOP_54_4 compute_tile_c1_Pipeline_VITIS_LOOP_71_3 compute_tile_c1 conv1_Pipeline_VITIS_LOOP_94_1_VITIS_LOOP_95_2_VITIS_LOOP_96_3 conv1 srcnn_Pipeline_VITIS_LOOP_18_1_VITIS_LOOP_19_2_VITIS_LOOP_20_3 conv2_Pipeline_VITIS_LOOP_99_4_VITIS_LOOP_100_5_VITIS_LOOP_101_6 conv2_Pipeline_VITIS_LOOP_23_2_VITIS_LOOP_24_3 conv2_Pipeline_VITIS_LOOP_53_3 conv2_Pipeline_VITIS_LOOP_70_1_VITIS_LOOP_71_2_VITIS_LOOP_72_3 conv2 srcnn_Pipeline_VITIS_LOOP_27_4_VITIS_LOOP_28_5_VITIS_LOOP_29_6 conv3_Pipeline_VITIS_LOOP_143_4_VITIS_LOOP_144_5_VITIS_LOOP_145_6 conv3_Pipeline_VITIS_LOOP_32_2_VITIS_LOOP_33_3 conv3_Pipeline_VITIS_LOOP_55_3_VITIS_LOOP_56_4 compute_tile_c3_Pipeline_VITIS_LOOP_77_3 compute_tile_c3 conv3_Pipeline_VITIS_LOOP_108_1_VITIS_LOOP_109_2_VITIS_LOOP_110_3 conv3 srcnn
INFO-FLOW: Generating C:/Xilinx/golden/srcnn_hls/solution1/.autopilot/db/autopilot.rtl.models.txt file...
INFO-FLOW: To file: write model srcnn_flow_control_loop_pipe_sequential_init
INFO-FLOW: To file: write model srcnn_flow_control_loop_pipe_sequential_init
INFO-FLOW: To file: write model srcnn_flow_control_loop_pipe_sequential_init
INFO-FLOW: To file: write model srcnn_fadd_32ns_32ns_32_4_full_dsp_1
INFO-FLOW: To file: write model srcnn_fmul_32ns_32ns_32_3_max_dsp_1
INFO-FLOW: To file: write model srcnn_flow_control_loop_pipe_sequential_init
INFO-FLOW: To file: write model srcnn_flow_control_loop_pipe_sequential_init
INFO-FLOW: To file: write model srcnn_mul_9ns_9ns_17_1_1
INFO-FLOW: To file: write model srcnn_conv1_out_tile_2_RAM_AUTO_1R1W
INFO-FLOW: To file: write model srcnn_conv1_in_tile_1_0_RAM_AUTO_1R1W
INFO-FLOW: To file: write model srcnn_conv1_p_ZZ5conv1PA255_A255_fPA1_A9_A9_fPfS1_E6w_tile_0_0_0_RAM_AUTO_1R1W
INFO-FLOW: To file: write model srcnn_flow_control_loop_pipe_sequential_init
INFO-FLOW: To file: write model srcnn_flow_control_loop_pipe_sequential_init
INFO-FLOW: To file: write model srcnn_flow_control_loop_pipe_sequential_init
INFO-FLOW: To file: write model srcnn_flow_control_loop_pipe_sequential_init
INFO-FLOW: To file: write model srcnn_flow_control_loop_pipe_sequential_init
INFO-FLOW: To file: write model srcnn_conv2_out_tile_1_RAM_AUTO_1R1W
INFO-FLOW: To file: write model srcnn_conv2_in_tile_0_RAM_AUTO_1R1W
INFO-FLOW: To file: write model srcnn_conv2_w_tile_0_RAM_AUTO_1R1W
INFO-FLOW: To file: write model srcnn_flow_control_loop_pipe_sequential_init
INFO-FLOW: To file: write model srcnn_flow_control_loop_pipe_sequential_init
INFO-FLOW: To file: write model srcnn_mul_9ns_11ns_19_1_1
INFO-FLOW: To file: write model srcnn_urem_9ns_4ns_3_13_1
INFO-FLOW: To file: write model srcnn_flow_control_loop_pipe_sequential_init
INFO-FLOW: To file: write model srcnn_flow_control_loop_pipe_sequential_init
INFO-FLOW: To file: write model srcnn_mux_5_3_32_1_1
INFO-FLOW: To file: write model srcnn_flow_control_loop_pipe_sequential_init
INFO-FLOW: To file: write model srcnn_mul_6ns_8ns_13_1_1
INFO-FLOW: To file: write model srcnn_urem_6ns_4ns_3_10_seq_1
INFO-FLOW: To file: write model srcnn_flow_control_loop_pipe_sequential_init
INFO-FLOW: To file: write model srcnn_am_addmul_8ns_3ns_9ns_17_4_1
INFO-FLOW: To file: write model srcnn_conv3_out_tile_RAM_AUTO_1R1W
INFO-FLOW: To file: write model srcnn_conv3_p_ZZ5conv3PA255_A255_fPA32_A5_A5_fPfS1_E7in_tile_0_0_0_RAM_AUTO_1R1W
INFO-FLOW: To file: write model srcnn_fadd_32ns_32ns_32_4_full_dsp_1
INFO-FLOW: To file: write model srcnn_fadd_32ns_32ns_32_4_full_dsp_1
INFO-FLOW: To file: write model srcnn_fadd_32ns_32ns_32_4_full_dsp_1
INFO-FLOW: To file: write model srcnn_fadd_32ns_32ns_32_4_full_dsp_1
INFO-FLOW: To file: write model srcnn_fadd_32ns_32ns_32_4_full_dsp_1
INFO-FLOW: To file: write model srcnn_fadd_32ns_32ns_32_4_full_dsp_1
INFO-FLOW: To file: write model srcnn_fadd_32ns_32ns_32_4_full_dsp_1
INFO-FLOW: To file: write model srcnn_fadd_32ns_32ns_32_4_full_dsp_1
INFO-FLOW: To file: write model srcnn_fadd_32ns_32ns_32_4_full_dsp_1
INFO-FLOW: To file: write model srcnn_fadd_32ns_32ns_32_4_full_dsp_1
INFO-FLOW: To file: write model srcnn_fadd_32ns_32ns_32_4_full_dsp_1
INFO-FLOW: To file: write model srcnn_fadd_32ns_32ns_32_4_full_dsp_1
INFO-FLOW: To file: write model srcnn_fadd_32ns_32ns_32_4_full_dsp_1
INFO-FLOW: To file: write model srcnn_fadd_32ns_32ns_32_4_full_dsp_1
INFO-FLOW: To file: write model srcnn_fadd_32ns_32ns_32_4_full_dsp_1
INFO-FLOW: To file: write model srcnn_fadd_32ns_32ns_32_4_full_dsp_1
INFO-FLOW: To file: write model srcnn_fadd_32ns_32ns_32_4_full_dsp_1
INFO-FLOW: To file: write model srcnn_fadd_32ns_32ns_32_4_full_dsp_1
INFO-FLOW: To file: write model srcnn_fadd_32ns_32ns_32_4_full_dsp_1
INFO-FLOW: To file: write model srcnn_fadd_32ns_32ns_32_4_full_dsp_1
INFO-FLOW: To file: write model srcnn_fadd_32ns_32ns_32_4_full_dsp_1
INFO-FLOW: To file: write model srcnn_fadd_32ns_32ns_32_4_full_dsp_1
INFO-FLOW: To file: write model srcnn_fadd_32ns_32ns_32_4_full_dsp_1
INFO-FLOW: To file: write model srcnn_fadd_32ns_32ns_32_4_full_dsp_1
INFO-FLOW: To file: write model srcnn_fadd_32ns_32ns_32_4_full_dsp_1
INFO-FLOW: To file: write model srcnn_fmul_32ns_32ns_32_3_max_dsp_1
INFO-FLOW: To file: write model srcnn_fmul_32ns_32ns_32_3_max_dsp_1
INFO-FLOW: To file: write model srcnn_fmul_32ns_32ns_32_3_max_dsp_1
INFO-FLOW: To file: write model srcnn_fmul_32ns_32ns_32_3_max_dsp_1
INFO-FLOW: To file: write model srcnn_fmul_32ns_32ns_32_3_max_dsp_1
INFO-FLOW: To file: write model srcnn_fmul_32ns_32ns_32_3_max_dsp_1
INFO-FLOW: To file: write model srcnn_fmul_32ns_32ns_32_3_max_dsp_1
INFO-FLOW: To file: write model srcnn_fmul_32ns_32ns_32_3_max_dsp_1
INFO-FLOW: To file: write model srcnn_fmul_32ns_32ns_32_3_max_dsp_1
INFO-FLOW: To file: write model srcnn_fmul_32ns_32ns_32_3_max_dsp_1
INFO-FLOW: To file: write model srcnn_fmul_32ns_32ns_32_3_max_dsp_1
INFO-FLOW: To file: write model srcnn_fmul_32ns_32ns_32_3_max_dsp_1
INFO-FLOW: To file: write model srcnn_fmul_32ns_32ns_32_3_max_dsp_1
INFO-FLOW: To file: write model srcnn_fmul_32ns_32ns_32_3_max_dsp_1
INFO-FLOW: To file: write model srcnn_fmul_32ns_32ns_32_3_max_dsp_1
INFO-FLOW: To file: write model srcnn_fmul_32ns_32ns_32_3_max_dsp_1
INFO-FLOW: To file: write model srcnn_fmul_32ns_32ns_32_3_max_dsp_1
INFO-FLOW: To file: write model srcnn_fmul_32ns_32ns_32_3_max_dsp_1
INFO-FLOW: To file: write model srcnn_fmul_32ns_32ns_32_3_max_dsp_1
INFO-FLOW: To file: write model srcnn_fmul_32ns_32ns_32_3_max_dsp_1
INFO-FLOW: To file: write model srcnn_fmul_32ns_32ns_32_3_max_dsp_1
INFO-FLOW: To file: write model srcnn_fmul_32ns_32ns_32_3_max_dsp_1
INFO-FLOW: To file: write model srcnn_fmul_32ns_32ns_32_3_max_dsp_1
INFO-FLOW: To file: write model srcnn_fmul_32ns_32ns_32_3_max_dsp_1
INFO-FLOW: To file: write model srcnn_fmul_32ns_32ns_32_3_max_dsp_1
INFO-FLOW: To file: write model srcnn_fcmp_32ns_32ns_1_2_no_dsp_1
INFO-FLOW: To file: write model srcnn_feat1_RAM_AUTO_1R1W
INFO-FLOW: To file: write model srcnn_feat2_RAM_AUTO_1R1W
INFO-FLOW: To file: write model conv1_Pipeline_VITIS_LOOP_125_4_VITIS_LOOP_126_5_VITIS_LOOP_127_6
INFO-FLOW: To file: write model conv1_Pipeline_VITIS_LOOP_32_2_VITIS_LOOP_33_3
INFO-FLOW: To file: write model conv1_Pipeline_VITIS_LOOP_50_1_VITIS_LOOP_53_3_VITIS_LOOP_54_4
INFO-FLOW: To file: write model compute_tile_c1_Pipeline_VITIS_LOOP_71_3
INFO-FLOW: To file: write model compute_tile_c1
INFO-FLOW: To file: write model conv1_Pipeline_VITIS_LOOP_94_1_VITIS_LOOP_95_2_VITIS_LOOP_96_3
INFO-FLOW: To file: write model conv1
INFO-FLOW: To file: write model srcnn_Pipeline_VITIS_LOOP_18_1_VITIS_LOOP_19_2_VITIS_LOOP_20_3
INFO-FLOW: To file: write model conv2_Pipeline_VITIS_LOOP_99_4_VITIS_LOOP_100_5_VITIS_LOOP_101_6
INFO-FLOW: To file: write model conv2_Pipeline_VITIS_LOOP_23_2_VITIS_LOOP_24_3
INFO-FLOW: To file: write model conv2_Pipeline_VITIS_LOOP_53_3
INFO-FLOW: To file: write model conv2_Pipeline_VITIS_LOOP_70_1_VITIS_LOOP_71_2_VITIS_LOOP_72_3
INFO-FLOW: To file: write model conv2
INFO-FLOW: To file: write model srcnn_Pipeline_VITIS_LOOP_27_4_VITIS_LOOP_28_5_VITIS_LOOP_29_6
INFO-FLOW: To file: write model conv3_Pipeline_VITIS_LOOP_143_4_VITIS_LOOP_144_5_VITIS_LOOP_145_6
INFO-FLOW: To file: write model conv3_Pipeline_VITIS_LOOP_32_2_VITIS_LOOP_33_3
INFO-FLOW: To file: write model conv3_Pipeline_VITIS_LOOP_55_3_VITIS_LOOP_56_4
INFO-FLOW: To file: write model compute_tile_c3_Pipeline_VITIS_LOOP_77_3
INFO-FLOW: To file: write model compute_tile_c3
INFO-FLOW: To file: write model conv3_Pipeline_VITIS_LOOP_108_1_VITIS_LOOP_109_2_VITIS_LOOP_110_3
INFO-FLOW: To file: write model conv3
INFO-FLOW: To file: write model srcnn
INFO-FLOW: Generating C:/Xilinx/golden/srcnn_hls/solution1/.autopilot/db/autopilot.rtl.models.tcl file...
INFO-FLOW: Finished generating RTL model list.


INFO-FLOW: RTL Generation done.
INFO-FLOW: CAS Generation done.
INFO-FLOW: CBC Generation done.
INFO-FLOW: DBG:PROC: ::AESL_AUTOMG::auto_generate_csynth_design
INFO-FLOW: DBG:PUTS: read_platform_lib C:/Xilinx/golden/srcnn_hls/solution1/.autopilot/db/global.setting.tcl
Execute       source C:/Xilinx/Vitis_HLS/2023.1/common/technology/generic/autopilot/common.gen 
Execute         source C:/Xilinx/Vitis_HLS/2023.1/common/technology/generic/autopilot/APCoreGen.gen 
Execute       source C:/Xilinx/Vitis_HLS/2023.1/common/technology/generic/autopilot/op.gen 
Execute       source C:/Xilinx/Vitis_HLS/2023.1/common/technology/generic/autopilot/op_simcore.gen 
Execute       source C:/Xilinx/Vitis_HLS/2023.1/common/technology/generic/autopilot/interface.gen 
Execute       source C:/Xilinx/golden/srcnn_hls/solution1/.autopilot/db/global.setting.tcl 
Execute       source C:/Xilinx/Vitis_HLS/2023.1/common/technology/xilinx/common/xilinx.gen 
Execute         source C:/Xilinx/Vitis_HLS/2023.1/common/technology/xilinx/interface/plb46.gen 
Execute         source C:/Xilinx/Vitis_HLS/2023.1/common/technology/xilinx/interface/axi4.gen 
Execute         source C:/Xilinx/Vitis_HLS/2023.1/common/technology/xilinx/interface/nativeAXI4.gen 
Execute           source C:/Xilinx/Vitis_HLS/2023.1/common/technology/xilinx/interface/saxilite.gen 
Execute         source C:/Xilinx/Vitis_HLS/2023.1/common/technology/xilinx/scripts/xilinxcoregen.gen 
Execute         source C:/Xilinx/Vitis_HLS/2023.1/common/technology/xilinx/interface/XilEDKCoreGen.gen 
Execute         source C:/Xilinx/Vitis_HLS/2023.1/common/technology/xilinx/ip/dds_compiler.gen 
Execute         source C:/Xilinx/Vitis_HLS/2023.1/common/technology/xilinx/ip/util.gen 
Execute         source C:/Xilinx/Vitis_HLS/2023.1/common/technology/xilinx/ip/xfft.gen 
Execute         source C:/Xilinx/Vitis_HLS/2023.1/common/technology/xilinx/ip/xfir.gen 
Execute         source C:/Xilinx/Vitis_HLS/2023.1/common/technology/xilinx/DSP48/dsp48.gen 
Command       ap_source done; 0.134 sec.
INFO-FLOW: DBG:PUTS:   using AESL_AUTOCG::g_clock_period=10.000 (was NA)
INFO-FLOW: DBG:PROC: ::AESL_AUTOMG::generate_ip_cores gen_sim_model='1' gen_fp_models='0' gen_for_export='0' dstSCDir='' dstVhdlDir='C:/Xilinx/golden/srcnn_hls/solution1/.autopilot/db/vhdl' dstVlogDir='C:/Xilinx/golden/srcnn_hls/solution1/.autopilot/db/vlog' tclDir='C:/Xilinx/golden/srcnn_hls/solution1/.autopilot/db' modelList='srcnn_flow_control_loop_pipe_sequential_init
srcnn_flow_control_loop_pipe_sequential_init
srcnn_flow_control_loop_pipe_sequential_init
srcnn_fadd_32ns_32ns_32_4_full_dsp_1
srcnn_fmul_32ns_32ns_32_3_max_dsp_1
srcnn_flow_control_loop_pipe_sequential_init
srcnn_flow_control_loop_pipe_sequential_init
srcnn_mul_9ns_9ns_17_1_1
srcnn_conv1_out_tile_2_RAM_AUTO_1R1W
srcnn_conv1_in_tile_1_0_RAM_AUTO_1R1W
srcnn_conv1_p_ZZ5conv1PA255_A255_fPA1_A9_A9_fPfS1_E6w_tile_0_0_0_RAM_AUTO_1R1W
srcnn_flow_control_loop_pipe_sequential_init
srcnn_flow_control_loop_pipe_sequential_init
srcnn_flow_control_loop_pipe_sequential_init
srcnn_flow_control_loop_pipe_sequential_init
srcnn_flow_control_loop_pipe_sequential_init
srcnn_conv2_out_tile_1_RAM_AUTO_1R1W
srcnn_conv2_in_tile_0_RAM_AUTO_1R1W
srcnn_conv2_w_tile_0_RAM_AUTO_1R1W
srcnn_flow_control_loop_pipe_sequential_init
srcnn_flow_control_loop_pipe_sequential_init
srcnn_mul_9ns_11ns_19_1_1
srcnn_urem_9ns_4ns_3_13_1
srcnn_flow_control_loop_pipe_sequential_init
srcnn_flow_control_loop_pipe_sequential_init
srcnn_mux_5_3_32_1_1
srcnn_flow_control_loop_pipe_sequential_init
srcnn_mul_6ns_8ns_13_1_1
srcnn_urem_6ns_4ns_3_10_seq_1
srcnn_flow_control_loop_pipe_sequential_init
srcnn_am_addmul_8ns_3ns_9ns_17_4_1
srcnn_conv3_out_tile_RAM_AUTO_1R1W
srcnn_conv3_p_ZZ5conv3PA255_A255_fPA32_A5_A5_fPfS1_E7in_tile_0_0_0_RAM_AUTO_1R1W
srcnn_fadd_32ns_32ns_32_4_full_dsp_1
srcnn_fadd_32ns_32ns_32_4_full_dsp_1
srcnn_fadd_32ns_32ns_32_4_full_dsp_1
srcnn_fadd_32ns_32ns_32_4_full_dsp_1
srcnn_fadd_32ns_32ns_32_4_full_dsp_1
srcnn_fadd_32ns_32ns_32_4_full_dsp_1
srcnn_fadd_32ns_32ns_32_4_full_dsp_1
srcnn_fadd_32ns_32ns_32_4_full_dsp_1
srcnn_fadd_32ns_32ns_32_4_full_dsp_1
srcnn_fadd_32ns_32ns_32_4_full_dsp_1
srcnn_fadd_32ns_32ns_32_4_full_dsp_1
srcnn_fadd_32ns_32ns_32_4_full_dsp_1
srcnn_fadd_32ns_32ns_32_4_full_dsp_1
srcnn_fadd_32ns_32ns_32_4_full_dsp_1
srcnn_fadd_32ns_32ns_32_4_full_dsp_1
srcnn_fadd_32ns_32ns_32_4_full_dsp_1
srcnn_fadd_32ns_32ns_32_4_full_dsp_1
srcnn_fadd_32ns_32ns_32_4_full_dsp_1
srcnn_fadd_32ns_32ns_32_4_full_dsp_1
srcnn_fadd_32ns_32ns_32_4_full_dsp_1
srcnn_fadd_32ns_32ns_32_4_full_dsp_1
srcnn_fadd_32ns_32ns_32_4_full_dsp_1
srcnn_fadd_32ns_32ns_32_4_full_dsp_1
srcnn_fadd_32ns_32ns_32_4_full_dsp_1
srcnn_fadd_32ns_32ns_32_4_full_dsp_1
srcnn_fmul_32ns_32ns_32_3_max_dsp_1
srcnn_fmul_32ns_32ns_32_3_max_dsp_1
srcnn_fmul_32ns_32ns_32_3_max_dsp_1
srcnn_fmul_32ns_32ns_32_3_max_dsp_1
srcnn_fmul_32ns_32ns_32_3_max_dsp_1
srcnn_fmul_32ns_32ns_32_3_max_dsp_1
srcnn_fmul_32ns_32ns_32_3_max_dsp_1
srcnn_fmul_32ns_32ns_32_3_max_dsp_1
srcnn_fmul_32ns_32ns_32_3_max_dsp_1
srcnn_fmul_32ns_32ns_32_3_max_dsp_1
srcnn_fmul_32ns_32ns_32_3_max_dsp_1
srcnn_fmul_32ns_32ns_32_3_max_dsp_1
srcnn_fmul_32ns_32ns_32_3_max_dsp_1
srcnn_fmul_32ns_32ns_32_3_max_dsp_1
srcnn_fmul_32ns_32ns_32_3_max_dsp_1
srcnn_fmul_32ns_32ns_32_3_max_dsp_1
srcnn_fmul_32ns_32ns_32_3_max_dsp_1
srcnn_fmul_32ns_32ns_32_3_max_dsp_1
srcnn_fmul_32ns_32ns_32_3_max_dsp_1
srcnn_fmul_32ns_32ns_32_3_max_dsp_1
srcnn_fmul_32ns_32ns_32_3_max_dsp_1
srcnn_fmul_32ns_32ns_32_3_max_dsp_1
srcnn_fmul_32ns_32ns_32_3_max_dsp_1
srcnn_fmul_32ns_32ns_32_3_max_dsp_1
srcnn_fmul_32ns_32ns_32_3_max_dsp_1
srcnn_fcmp_32ns_32ns_1_2_no_dsp_1
srcnn_feat1_RAM_AUTO_1R1W
srcnn_feat2_RAM_AUTO_1R1W
conv1_Pipeline_VITIS_LOOP_125_4_VITIS_LOOP_126_5_VITIS_LOOP_127_6
conv1_Pipeline_VITIS_LOOP_32_2_VITIS_LOOP_33_3
conv1_Pipeline_VITIS_LOOP_50_1_VITIS_LOOP_53_3_VITIS_LOOP_54_4
compute_tile_c1_Pipeline_VITIS_LOOP_71_3
compute_tile_c1
conv1_Pipeline_VITIS_LOOP_94_1_VITIS_LOOP_95_2_VITIS_LOOP_96_3
conv1
srcnn_Pipeline_VITIS_LOOP_18_1_VITIS_LOOP_19_2_VITIS_LOOP_20_3
conv2_Pipeline_VITIS_LOOP_99_4_VITIS_LOOP_100_5_VITIS_LOOP_101_6
conv2_Pipeline_VITIS_LOOP_23_2_VITIS_LOOP_24_3
conv2_Pipeline_VITIS_LOOP_53_3
conv2_Pipeline_VITIS_LOOP_70_1_VITIS_LOOP_71_2_VITIS_LOOP_72_3
conv2
srcnn_Pipeline_VITIS_LOOP_27_4_VITIS_LOOP_28_5_VITIS_LOOP_29_6
conv3_Pipeline_VITIS_LOOP_143_4_VITIS_LOOP_144_5_VITIS_LOOP_145_6
conv3_Pipeline_VITIS_LOOP_32_2_VITIS_LOOP_33_3
conv3_Pipeline_VITIS_LOOP_55_3_VITIS_LOOP_56_4
compute_tile_c3_Pipeline_VITIS_LOOP_77_3
compute_tile_c3
conv3_Pipeline_VITIS_LOOP_108_1_VITIS_LOOP_109_2_VITIS_LOOP_110_3
conv3
srcnn
' expOnly='0'
Execute       source C:/Xilinx/golden/srcnn_hls/solution1/.autopilot/db/global.setting.tcl 
Execute       ap_part_info -name xck26-sfvc784-2LV-c -data names -quiet 
Execute       ap_part_info -name xck26-sfvc784-2LV-c -data info -quiet 
Execute       source C:/Xilinx/golden/srcnn_hls/solution1/.autopilot/db/global.setting.tcl 
Execute       source C:/Xilinx/golden/srcnn_hls/solution1/.autopilot/db/global.setting.tcl 
Execute       source C:/Xilinx/golden/srcnn_hls/solution1/.autopilot/db/conv1_Pipeline_VITIS_LOOP_125_4_VITIS_LOOP_126_5_VITIS_LOOP_127_6.compgen.tcl 
Execute       source C:/Xilinx/golden/srcnn_hls/solution1/.autopilot/db/conv1_Pipeline_VITIS_LOOP_32_2_VITIS_LOOP_33_3.compgen.tcl 
Execute       source C:/Xilinx/golden/srcnn_hls/solution1/.autopilot/db/conv1_Pipeline_VITIS_LOOP_50_1_VITIS_LOOP_53_3_VITIS_LOOP_54_4.compgen.tcl 
Execute       source C:/Xilinx/golden/srcnn_hls/solution1/.autopilot/db/compute_tile_c1_Pipeline_VITIS_LOOP_71_3.compgen.tcl 
Execute       source C:/Xilinx/golden/srcnn_hls/solution1/.autopilot/db/compute_tile_c1.compgen.tcl 
Execute       source C:/Xilinx/golden/srcnn_hls/solution1/.autopilot/db/conv1_Pipeline_VITIS_LOOP_94_1_VITIS_LOOP_95_2_VITIS_LOOP_96_3.compgen.tcl 
Execute       source C:/Xilinx/golden/srcnn_hls/solution1/.autopilot/db/conv1.compgen.tcl 
Execute       source C:/Xilinx/golden/srcnn_hls/solution1/.autopilot/db/srcnn_Pipeline_VITIS_LOOP_18_1_VITIS_LOOP_19_2_VITIS_LOOP_20_3.compgen.tcl 
Execute       source C:/Xilinx/golden/srcnn_hls/solution1/.autopilot/db/conv2_Pipeline_VITIS_LOOP_99_4_VITIS_LOOP_100_5_VITIS_LOOP_101_6.compgen.tcl 
Execute       source C:/Xilinx/golden/srcnn_hls/solution1/.autopilot/db/conv2_Pipeline_VITIS_LOOP_23_2_VITIS_LOOP_24_3.compgen.tcl 
Execute       source C:/Xilinx/golden/srcnn_hls/solution1/.autopilot/db/conv2_Pipeline_VITIS_LOOP_53_3.compgen.tcl 
Execute       source C:/Xilinx/golden/srcnn_hls/solution1/.autopilot/db/conv2_Pipeline_VITIS_LOOP_70_1_VITIS_LOOP_71_2_VITIS_LOOP_72_3.compgen.tcl 
Execute       source C:/Xilinx/golden/srcnn_hls/solution1/.autopilot/db/conv2.compgen.tcl 
Execute       source C:/Xilinx/golden/srcnn_hls/solution1/.autopilot/db/srcnn_Pipeline_VITIS_LOOP_27_4_VITIS_LOOP_28_5_VITIS_LOOP_29_6.compgen.tcl 
Execute       source C:/Xilinx/golden/srcnn_hls/solution1/.autopilot/db/conv3_Pipeline_VITIS_LOOP_143_4_VITIS_LOOP_144_5_VITIS_LOOP_145_6.compgen.tcl 
Execute       source C:/Xilinx/golden/srcnn_hls/solution1/.autopilot/db/conv3_Pipeline_VITIS_LOOP_32_2_VITIS_LOOP_33_3.compgen.tcl 
Execute       source C:/Xilinx/golden/srcnn_hls/solution1/.autopilot/db/conv3_Pipeline_VITIS_LOOP_55_3_VITIS_LOOP_56_4.compgen.tcl 
Execute       source C:/Xilinx/golden/srcnn_hls/solution1/.autopilot/db/compute_tile_c3_Pipeline_VITIS_LOOP_77_3.compgen.tcl 
Execute         ap_part_info -name xck26-sfvc784-2LV-c -data names -quiet 
Execute         ap_part_info -name xck26-sfvc784-2LV-c -data info -quiet 
Execute       source C:/Xilinx/golden/srcnn_hls/solution1/.autopilot/db/compute_tile_c3.compgen.tcl 
Execute       source C:/Xilinx/golden/srcnn_hls/solution1/.autopilot/db/conv3_Pipeline_VITIS_LOOP_108_1_VITIS_LOOP_109_2_VITIS_LOOP_110_3.compgen.tcl 
Execute       source C:/Xilinx/golden/srcnn_hls/solution1/.autopilot/db/conv3.compgen.tcl 
Execute         ap_part_info -name xck26-sfvc784-2LV-c -data names -quiet 
Execute         ap_part_info -name xck26-sfvc784-2LV-c -data info -quiet 
Execute         ap_part_info -name xck26-sfvc784-2LV-c -data info 
Execute       source C:/Xilinx/golden/srcnn_hls/solution1/.autopilot/db/srcnn.compgen.tcl 
INFO: [HLS 200-111] Finished Generating all RTL models: CPU user time: 3 seconds. CPU system time: 1 seconds. Elapsed time: 3.415 seconds; current allocated memory: 663.965 MB.
INFO-FLOW: DBG:PROC: ::HLSREPORTS::create_csynth_xml bind_info_var='bind_info' RtlSubPrefix='srcnn_' outfile=''
INFO-FLOW: Running: create_csynth_xml read xml data
INFO-FLOW: Done: create_csynth_xml read xml data time: 0 seconds per iteration
INFO-FLOW: Running: create_csynth_xml bind info
INFO-FLOW: Done: create_csynth_xml bind info time: 0.1 seconds per iteration
INFO-FLOW: Running: create_csynth_xml config info
INFO-FLOW: Done: create_csynth_xml config info time: 0.2 seconds per iteration
INFO-FLOW: Running: create_csynth_xml write xml
INFO-FLOW: Done: create_csynth_xml write xml time: 0 seconds per iteration
INFO-FLOW: DBG:PUTS:      create_csynth_xml wrote csynth_xml=C:/Xilinx/golden/srcnn_hls/solution1/syn/report/csynth.xml
INFO-FLOW: DBG:PROC: ::AP::DESIGN_DATA::generate_json generate_bd_files='0' generate_xo_files='0' modelList='srcnn_flow_control_loop_pipe_sequential_init
srcnn_flow_control_loop_pipe_sequential_init
srcnn_flow_control_loop_pipe_sequential_init
srcnn_fadd_32ns_32ns_32_4_full_dsp_1
srcnn_fmul_32ns_32ns_32_3_max_dsp_1
srcnn_flow_control_loop_pipe_sequential_init
srcnn_flow_control_loop_pipe_sequential_init
srcnn_mul_9ns_9ns_17_1_1
srcnn_conv1_out_tile_2_RAM_AUTO_1R1W
srcnn_conv1_in_tile_1_0_RAM_AUTO_1R1W
srcnn_conv1_p_ZZ5conv1PA255_A255_fPA1_A9_A9_fPfS1_E6w_tile_0_0_0_RAM_AUTO_1R1W
srcnn_flow_control_loop_pipe_sequential_init
srcnn_flow_control_loop_pipe_sequential_init
srcnn_flow_control_loop_pipe_sequential_init
srcnn_flow_control_loop_pipe_sequential_init
srcnn_flow_control_loop_pipe_sequential_init
srcnn_conv2_out_tile_1_RAM_AUTO_1R1W
srcnn_conv2_in_tile_0_RAM_AUTO_1R1W
srcnn_conv2_w_tile_0_RAM_AUTO_1R1W
srcnn_flow_control_loop_pipe_sequential_init
srcnn_flow_control_loop_pipe_sequential_init
srcnn_mul_9ns_11ns_19_1_1
srcnn_urem_9ns_4ns_3_13_1
srcnn_flow_control_loop_pipe_sequential_init
srcnn_flow_control_loop_pipe_sequential_init
srcnn_mux_5_3_32_1_1
srcnn_flow_control_loop_pipe_sequential_init
srcnn_mul_6ns_8ns_13_1_1
srcnn_urem_6ns_4ns_3_10_seq_1
srcnn_flow_control_loop_pipe_sequential_init
srcnn_am_addmul_8ns_3ns_9ns_17_4_1
srcnn_conv3_out_tile_RAM_AUTO_1R1W
srcnn_conv3_p_ZZ5conv3PA255_A255_fPA32_A5_A5_fPfS1_E7in_tile_0_0_0_RAM_AUTO_1R1W
srcnn_fadd_32ns_32ns_32_4_full_dsp_1
srcnn_fadd_32ns_32ns_32_4_full_dsp_1
srcnn_fadd_32ns_32ns_32_4_full_dsp_1
srcnn_fadd_32ns_32ns_32_4_full_dsp_1
srcnn_fadd_32ns_32ns_32_4_full_dsp_1
srcnn_fadd_32ns_32ns_32_4_full_dsp_1
srcnn_fadd_32ns_32ns_32_4_full_dsp_1
srcnn_fadd_32ns_32ns_32_4_full_dsp_1
srcnn_fadd_32ns_32ns_32_4_full_dsp_1
srcnn_fadd_32ns_32ns_32_4_full_dsp_1
srcnn_fadd_32ns_32ns_32_4_full_dsp_1
srcnn_fadd_32ns_32ns_32_4_full_dsp_1
srcnn_fadd_32ns_32ns_32_4_full_dsp_1
srcnn_fadd_32ns_32ns_32_4_full_dsp_1
srcnn_fadd_32ns_32ns_32_4_full_dsp_1
srcnn_fadd_32ns_32ns_32_4_full_dsp_1
srcnn_fadd_32ns_32ns_32_4_full_dsp_1
srcnn_fadd_32ns_32ns_32_4_full_dsp_1
srcnn_fadd_32ns_32ns_32_4_full_dsp_1
srcnn_fadd_32ns_32ns_32_4_full_dsp_1
srcnn_fadd_32ns_32ns_32_4_full_dsp_1
srcnn_fadd_32ns_32ns_32_4_full_dsp_1
srcnn_fadd_32ns_32ns_32_4_full_dsp_1
srcnn_fadd_32ns_32ns_32_4_full_dsp_1
srcnn_fadd_32ns_32ns_32_4_full_dsp_1
srcnn_fmul_32ns_32ns_32_3_max_dsp_1
srcnn_fmul_32ns_32ns_32_3_max_dsp_1
srcnn_fmul_32ns_32ns_32_3_max_dsp_1
srcnn_fmul_32ns_32ns_32_3_max_dsp_1
srcnn_fmul_32ns_32ns_32_3_max_dsp_1
srcnn_fmul_32ns_32ns_32_3_max_dsp_1
srcnn_fmul_32ns_32ns_32_3_max_dsp_1
srcnn_fmul_32ns_32ns_32_3_max_dsp_1
srcnn_fmul_32ns_32ns_32_3_max_dsp_1
srcnn_fmul_32ns_32ns_32_3_max_dsp_1
srcnn_fmul_32ns_32ns_32_3_max_dsp_1
srcnn_fmul_32ns_32ns_32_3_max_dsp_1
srcnn_fmul_32ns_32ns_32_3_max_dsp_1
srcnn_fmul_32ns_32ns_32_3_max_dsp_1
srcnn_fmul_32ns_32ns_32_3_max_dsp_1
srcnn_fmul_32ns_32ns_32_3_max_dsp_1
srcnn_fmul_32ns_32ns_32_3_max_dsp_1
srcnn_fmul_32ns_32ns_32_3_max_dsp_1
srcnn_fmul_32ns_32ns_32_3_max_dsp_1
srcnn_fmul_32ns_32ns_32_3_max_dsp_1
srcnn_fmul_32ns_32ns_32_3_max_dsp_1
srcnn_fmul_32ns_32ns_32_3_max_dsp_1
srcnn_fmul_32ns_32ns_32_3_max_dsp_1
srcnn_fmul_32ns_32ns_32_3_max_dsp_1
srcnn_fmul_32ns_32ns_32_3_max_dsp_1
srcnn_fcmp_32ns_32ns_1_2_no_dsp_1
srcnn_feat1_RAM_AUTO_1R1W
srcnn_feat2_RAM_AUTO_1R1W
conv1_Pipeline_VITIS_LOOP_125_4_VITIS_LOOP_126_5_VITIS_LOOP_127_6
conv1_Pipeline_VITIS_LOOP_32_2_VITIS_LOOP_33_3
conv1_Pipeline_VITIS_LOOP_50_1_VITIS_LOOP_53_3_VITIS_LOOP_54_4
compute_tile_c1_Pipeline_VITIS_LOOP_71_3
compute_tile_c1
conv1_Pipeline_VITIS_LOOP_94_1_VITIS_LOOP_95_2_VITIS_LOOP_96_3
conv1
srcnn_Pipeline_VITIS_LOOP_18_1_VITIS_LOOP_19_2_VITIS_LOOP_20_3
conv2_Pipeline_VITIS_LOOP_99_4_VITIS_LOOP_100_5_VITIS_LOOP_101_6
conv2_Pipeline_VITIS_LOOP_23_2_VITIS_LOOP_24_3
conv2_Pipeline_VITIS_LOOP_53_3
conv2_Pipeline_VITIS_LOOP_70_1_VITIS_LOOP_71_2_VITIS_LOOP_72_3
conv2
srcnn_Pipeline_VITIS_LOOP_27_4_VITIS_LOOP_28_5_VITIS_LOOP_29_6
conv3_Pipeline_VITIS_LOOP_143_4_VITIS_LOOP_144_5_VITIS_LOOP_145_6
conv3_Pipeline_VITIS_LOOP_32_2_VITIS_LOOP_33_3
conv3_Pipeline_VITIS_LOOP_55_3_VITIS_LOOP_56_4
compute_tile_c3_Pipeline_VITIS_LOOP_77_3
compute_tile_c3
conv3_Pipeline_VITIS_LOOP_108_1_VITIS_LOOP_109_2_VITIS_LOOP_110_3
conv3
srcnn
' rtl_lang='both' bootstrap_tcl='false' outdir='' outfilename=''
Execute       source C:/Xilinx/golden/srcnn_hls/solution1/.autopilot/db/global.setting.tcl 
Execute       source C:/Xilinx/golden/srcnn_hls/solution1/.autopilot/db/global.setting.tcl 
Execute       source C:/Xilinx/golden/srcnn_hls/solution1/.autopilot/db/top-io-be.tcl 
Execute       source C:/Xilinx/golden/srcnn_hls/solution1/.autopilot/db/srcnn.tbgen.tcl 
Execute       source C:/Xilinx/golden/srcnn_hls/solution1/.autopilot/db/srcnn.rtl_wrap.cfg.tcl 
Execute       source C:/Xilinx/golden/srcnn_hls/solution1/.autopilot/db/srcnn.compgen.dataonly.tcl 
Execute       source C:/Xilinx/golden/srcnn_hls/solution1/.autopilot/db/conv1_Pipeline_VITIS_LOOP_125_4_VITIS_LOOP_126_5_VITIS_LOOP_127_6.tbgen.tcl 
Execute       source C:/Xilinx/golden/srcnn_hls/solution1/.autopilot/db/conv1_Pipeline_VITIS_LOOP_32_2_VITIS_LOOP_33_3.tbgen.tcl 
Execute       source C:/Xilinx/golden/srcnn_hls/solution1/.autopilot/db/conv1_Pipeline_VITIS_LOOP_50_1_VITIS_LOOP_53_3_VITIS_LOOP_54_4.tbgen.tcl 
Execute       source C:/Xilinx/golden/srcnn_hls/solution1/.autopilot/db/compute_tile_c1_Pipeline_VITIS_LOOP_71_3.tbgen.tcl 
Execute       source C:/Xilinx/golden/srcnn_hls/solution1/.autopilot/db/compute_tile_c1.tbgen.tcl 
Execute       source C:/Xilinx/golden/srcnn_hls/solution1/.autopilot/db/conv1_Pipeline_VITIS_LOOP_94_1_VITIS_LOOP_95_2_VITIS_LOOP_96_3.tbgen.tcl 
Execute       source C:/Xilinx/golden/srcnn_hls/solution1/.autopilot/db/conv1.tbgen.tcl 
Execute       source C:/Xilinx/golden/srcnn_hls/solution1/.autopilot/db/srcnn_Pipeline_VITIS_LOOP_18_1_VITIS_LOOP_19_2_VITIS_LOOP_20_3.tbgen.tcl 
Execute       source C:/Xilinx/golden/srcnn_hls/solution1/.autopilot/db/conv2_Pipeline_VITIS_LOOP_99_4_VITIS_LOOP_100_5_VITIS_LOOP_101_6.tbgen.tcl 
Execute       source C:/Xilinx/golden/srcnn_hls/solution1/.autopilot/db/conv2_Pipeline_VITIS_LOOP_23_2_VITIS_LOOP_24_3.tbgen.tcl 
Execute       source C:/Xilinx/golden/srcnn_hls/solution1/.autopilot/db/conv2_Pipeline_VITIS_LOOP_53_3.tbgen.tcl 
Execute       source C:/Xilinx/golden/srcnn_hls/solution1/.autopilot/db/conv2_Pipeline_VITIS_LOOP_70_1_VITIS_LOOP_71_2_VITIS_LOOP_72_3.tbgen.tcl 
Execute       source C:/Xilinx/golden/srcnn_hls/solution1/.autopilot/db/conv2.tbgen.tcl 
Execute       source C:/Xilinx/golden/srcnn_hls/solution1/.autopilot/db/srcnn_Pipeline_VITIS_LOOP_27_4_VITIS_LOOP_28_5_VITIS_LOOP_29_6.tbgen.tcl 
Execute       source C:/Xilinx/golden/srcnn_hls/solution1/.autopilot/db/conv3_Pipeline_VITIS_LOOP_143_4_VITIS_LOOP_144_5_VITIS_LOOP_145_6.tbgen.tcl 
Execute       source C:/Xilinx/golden/srcnn_hls/solution1/.autopilot/db/conv3_Pipeline_VITIS_LOOP_32_2_VITIS_LOOP_33_3.tbgen.tcl 
Execute       source C:/Xilinx/golden/srcnn_hls/solution1/.autopilot/db/conv3_Pipeline_VITIS_LOOP_55_3_VITIS_LOOP_56_4.tbgen.tcl 
Execute       source C:/Xilinx/golden/srcnn_hls/solution1/.autopilot/db/compute_tile_c3_Pipeline_VITIS_LOOP_77_3.tbgen.tcl 
Execute       source C:/Xilinx/golden/srcnn_hls/solution1/.autopilot/db/compute_tile_c3.tbgen.tcl 
Execute       source C:/Xilinx/golden/srcnn_hls/solution1/.autopilot/db/conv3_Pipeline_VITIS_LOOP_108_1_VITIS_LOOP_109_2_VITIS_LOOP_110_3.tbgen.tcl 
Execute       source C:/Xilinx/golden/srcnn_hls/solution1/.autopilot/db/conv3.tbgen.tcl 
Execute       source C:/Xilinx/golden/srcnn_hls/solution1/.autopilot/db/srcnn.tbgen.tcl 
Execute       source C:/Xilinx/golden/srcnn_hls/solution1/.autopilot/db/global.setting.tcl 
Execute       ap_part_info -name xck26-sfvc784-2LV-c -data names -quiet 
Execute       ap_part_info -name xck26-sfvc784-2LV-c -data info -quiet 
Execute       source C:/Xilinx/golden/srcnn_hls/solution1/.autopilot/db/srcnn.constraint.tcl 
Execute       sc_get_clocks srcnn 
Execute       source C:/Xilinx/golden/srcnn_hls/solution1/.autopilot/db/global.setting.tcl 
Execute       source C:/Xilinx/golden/srcnn_hls/solution1/impl/misc/srcnn_fadd_32ns_32ns_32_4_full_dsp_1_ip.tcl 
Execute       source C:/Xilinx/golden/srcnn_hls/solution1/impl/misc/srcnn_fcmp_32ns_32ns_1_2_no_dsp_1_ip.tcl 
Execute       source C:/Xilinx/golden/srcnn_hls/solution1/impl/misc/srcnn_fmul_32ns_32ns_32_3_max_dsp_1_ip.tcl 
INFO-FLOW: DBG:PROC: ::HLSREPORTS::add_csynth_report_sections bind_info_dict='adapter_nodes {} report_dict {TOPINST srcnn MODULE2INSTS {srcnn srcnn conv1 grp_conv1_fu_330 conv1_Pipeline_VITIS_LOOP_125_4_VITIS_LOOP_126_5_VITIS_LOOP_127_6 grp_conv1_Pipeline_VITIS_LOOP_125_4_VITIS_LOOP_126_5_VITIS_LOOP_127_6_fu_264 conv1_Pipeline_VITIS_LOOP_32_2_VITIS_LOOP_33_3 grp_conv1_Pipeline_VITIS_LOOP_32_2_VITIS_LOOP_33_3_fu_272 conv1_Pipeline_VITIS_LOOP_50_1_VITIS_LOOP_53_3_VITIS_LOOP_54_4 grp_conv1_Pipeline_VITIS_LOOP_50_1_VITIS_LOOP_53_3_VITIS_LOOP_54_4_fu_286 compute_tile_c1 grp_compute_tile_c1_fu_455 compute_tile_c1_Pipeline_VITIS_LOOP_71_3 grp_compute_tile_c1_Pipeline_VITIS_LOOP_71_3_fu_884 conv1_Pipeline_VITIS_LOOP_94_1_VITIS_LOOP_95_2_VITIS_LOOP_96_3 grp_conv1_Pipeline_VITIS_LOOP_94_1_VITIS_LOOP_95_2_VITIS_LOOP_96_3_fu_627 srcnn_Pipeline_VITIS_LOOP_18_1_VITIS_LOOP_19_2_VITIS_LOOP_20_3 grp_srcnn_Pipeline_VITIS_LOOP_18_1_VITIS_LOOP_19_2_VITIS_LOOP_20_3_fu_508 conv2 grp_conv2_fu_514 conv2_Pipeline_VITIS_LOOP_99_4_VITIS_LOOP_100_5_VITIS_LOOP_101_6 grp_conv2_Pipeline_VITIS_LOOP_99_4_VITIS_LOOP_100_5_VITIS_LOOP_101_6_fu_239 conv2_Pipeline_VITIS_LOOP_23_2_VITIS_LOOP_24_3 grp_conv2_Pipeline_VITIS_LOOP_23_2_VITIS_LOOP_24_3_fu_247 conv2_Pipeline_VITIS_LOOP_70_1_VITIS_LOOP_71_2_VITIS_LOOP_72_3 grp_conv2_Pipeline_VITIS_LOOP_70_1_VITIS_LOOP_71_2_VITIS_LOOP_72_3_fu_260 conv2_Pipeline_VITIS_LOOP_53_3 grp_conv2_Pipeline_VITIS_LOOP_53_3_fu_275 srcnn_Pipeline_VITIS_LOOP_27_4_VITIS_LOOP_28_5_VITIS_LOOP_29_6 grp_srcnn_Pipeline_VITIS_LOOP_27_4_VITIS_LOOP_28_5_VITIS_LOOP_29_6_fu_532 conv3 grp_conv3_fu_538 conv3_Pipeline_VITIS_LOOP_143_4_VITIS_LOOP_144_5_VITIS_LOOP_145_6 grp_conv3_Pipeline_VITIS_LOOP_143_4_VITIS_LOOP_144_5_VITIS_LOOP_145_6_fu_237 conv3_Pipeline_VITIS_LOOP_32_2_VITIS_LOOP_33_3 grp_conv3_Pipeline_VITIS_LOOP_32_2_VITIS_LOOP_33_3_fu_246 conv3_Pipeline_VITIS_LOOP_108_1_VITIS_LOOP_109_2_VITIS_LOOP_110_3 grp_conv3_Pipeline_VITIS_LOOP_108_1_VITIS_LOOP_109_2_VITIS_LOOP_110_3_fu_309 conv3_Pipeline_VITIS_LOOP_55_3_VITIS_LOOP_56_4 grp_conv3_Pipeline_VITIS_LOOP_55_3_VITIS_LOOP_56_4_fu_323 compute_tile_c3 grp_compute_tile_c3_fu_381 compute_tile_c3_Pipeline_VITIS_LOOP_77_3 grp_compute_tile_c3_Pipeline_VITIS_LOOP_77_3_fu_5184} INST2MODULE {srcnn srcnn grp_conv1_fu_330 conv1 grp_conv1_Pipeline_VITIS_LOOP_125_4_VITIS_LOOP_126_5_VITIS_LOOP_127_6_fu_264 conv1_Pipeline_VITIS_LOOP_125_4_VITIS_LOOP_126_5_VITIS_LOOP_127_6 grp_conv1_Pipeline_VITIS_LOOP_32_2_VITIS_LOOP_33_3_fu_272 conv1_Pipeline_VITIS_LOOP_32_2_VITIS_LOOP_33_3 grp_conv1_Pipeline_VITIS_LOOP_50_1_VITIS_LOOP_53_3_VITIS_LOOP_54_4_fu_286 conv1_Pipeline_VITIS_LOOP_50_1_VITIS_LOOP_53_3_VITIS_LOOP_54_4 grp_compute_tile_c1_fu_455 compute_tile_c1 grp_compute_tile_c1_Pipeline_VITIS_LOOP_71_3_fu_884 compute_tile_c1_Pipeline_VITIS_LOOP_71_3 grp_conv1_Pipeline_VITIS_LOOP_94_1_VITIS_LOOP_95_2_VITIS_LOOP_96_3_fu_627 conv1_Pipeline_VITIS_LOOP_94_1_VITIS_LOOP_95_2_VITIS_LOOP_96_3 grp_srcnn_Pipeline_VITIS_LOOP_18_1_VITIS_LOOP_19_2_VITIS_LOOP_20_3_fu_508 srcnn_Pipeline_VITIS_LOOP_18_1_VITIS_LOOP_19_2_VITIS_LOOP_20_3 grp_conv2_fu_514 conv2 grp_conv2_Pipeline_VITIS_LOOP_99_4_VITIS_LOOP_100_5_VITIS_LOOP_101_6_fu_239 conv2_Pipeline_VITIS_LOOP_99_4_VITIS_LOOP_100_5_VITIS_LOOP_101_6 grp_conv2_Pipeline_VITIS_LOOP_23_2_VITIS_LOOP_24_3_fu_247 conv2_Pipeline_VITIS_LOOP_23_2_VITIS_LOOP_24_3 grp_conv2_Pipeline_VITIS_LOOP_70_1_VITIS_LOOP_71_2_VITIS_LOOP_72_3_fu_260 conv2_Pipeline_VITIS_LOOP_70_1_VITIS_LOOP_71_2_VITIS_LOOP_72_3 grp_conv2_Pipeline_VITIS_LOOP_53_3_fu_275 conv2_Pipeline_VITIS_LOOP_53_3 grp_srcnn_Pipeline_VITIS_LOOP_27_4_VITIS_LOOP_28_5_VITIS_LOOP_29_6_fu_532 srcnn_Pipeline_VITIS_LOOP_27_4_VITIS_LOOP_28_5_VITIS_LOOP_29_6 grp_conv3_fu_538 conv3 grp_conv3_Pipeline_VITIS_LOOP_143_4_VITIS_LOOP_144_5_VITIS_LOOP_145_6_fu_237 conv3_Pipeline_VITIS_LOOP_143_4_VITIS_LOOP_144_5_VITIS_LOOP_145_6 grp_conv3_Pipeline_VITIS_LOOP_32_2_VITIS_LOOP_33_3_fu_246 conv3_Pipeline_VITIS_LOOP_32_2_VITIS_LOOP_33_3 grp_conv3_Pipeline_VITIS_LOOP_108_1_VITIS_LOOP_109_2_VITIS_LOOP_110_3_fu_309 conv3_Pipeline_VITIS_LOOP_108_1_VITIS_LOOP_109_2_VITIS_LOOP_110_3 grp_conv3_Pipeline_VITIS_LOOP_55_3_VITIS_LOOP_56_4_fu_323 conv3_Pipeline_VITIS_LOOP_55_3_VITIS_LOOP_56_4 grp_compute_tile_c3_fu_381 compute_tile_c3 grp_compute_tile_c3_Pipeline_VITIS_LOOP_77_3_fu_5184 compute_tile_c3_Pipeline_VITIS_LOOP_77_3} INSTDATA {srcnn {DEPTH 1 CHILDREN {grp_conv1_fu_330 grp_srcnn_Pipeline_VITIS_LOOP_18_1_VITIS_LOOP_19_2_VITIS_LOOP_20_3_fu_508 grp_conv2_fu_514 grp_srcnn_Pipeline_VITIS_LOOP_27_4_VITIS_LOOP_28_5_VITIS_LOOP_29_6_fu_532 grp_conv3_fu_538}} grp_conv1_fu_330 {DEPTH 2 CHILDREN {grp_conv1_Pipeline_VITIS_LOOP_125_4_VITIS_LOOP_126_5_VITIS_LOOP_127_6_fu_264 grp_conv1_Pipeline_VITIS_LOOP_32_2_VITIS_LOOP_33_3_fu_272 grp_conv1_Pipeline_VITIS_LOOP_50_1_VITIS_LOOP_53_3_VITIS_LOOP_54_4_fu_286 grp_compute_tile_c1_fu_455 grp_conv1_Pipeline_VITIS_LOOP_94_1_VITIS_LOOP_95_2_VITIS_LOOP_96_3_fu_627}} grp_conv1_Pipeline_VITIS_LOOP_125_4_VITIS_LOOP_126_5_VITIS_LOOP_127_6_fu_264 {DEPTH 3 CHILDREN {}} grp_conv1_Pipeline_VITIS_LOOP_32_2_VITIS_LOOP_33_3_fu_272 {DEPTH 3 CHILDREN {}} grp_conv1_Pipeline_VITIS_LOOP_50_1_VITIS_LOOP_53_3_VITIS_LOOP_54_4_fu_286 {DEPTH 3 CHILDREN {}} grp_compute_tile_c1_fu_455 {DEPTH 3 CHILDREN grp_compute_tile_c1_Pipeline_VITIS_LOOP_71_3_fu_884} grp_compute_tile_c1_Pipeline_VITIS_LOOP_71_3_fu_884 {DEPTH 4 CHILDREN {}} grp_conv1_Pipeline_VITIS_LOOP_94_1_VITIS_LOOP_95_2_VITIS_LOOP_96_3_fu_627 {DEPTH 3 CHILDREN {}} grp_srcnn_Pipeline_VITIS_LOOP_18_1_VITIS_LOOP_19_2_VITIS_LOOP_20_3_fu_508 {DEPTH 2 CHILDREN {}} grp_conv2_fu_514 {DEPTH 2 CHILDREN {grp_conv2_Pipeline_VITIS_LOOP_99_4_VITIS_LOOP_100_5_VITIS_LOOP_101_6_fu_239 grp_conv2_Pipeline_VITIS_LOOP_23_2_VITIS_LOOP_24_3_fu_247 grp_conv2_Pipeline_VITIS_LOOP_70_1_VITIS_LOOP_71_2_VITIS_LOOP_72_3_fu_260 grp_conv2_Pipeline_VITIS_LOOP_53_3_fu_275}} grp_conv2_Pipeline_VITIS_LOOP_99_4_VITIS_LOOP_100_5_VITIS_LOOP_101_6_fu_239 {DEPTH 3 CHILDREN {}} grp_conv2_Pipeline_VITIS_LOOP_23_2_VITIS_LOOP_24_3_fu_247 {DEPTH 3 CHILDREN {}} grp_conv2_Pipeline_VITIS_LOOP_70_1_VITIS_LOOP_71_2_VITIS_LOOP_72_3_fu_260 {DEPTH 3 CHILDREN {}} grp_conv2_Pipeline_VITIS_LOOP_53_3_fu_275 {DEPTH 3 CHILDREN {}} grp_srcnn_Pipeline_VITIS_LOOP_27_4_VITIS_LOOP_28_5_VITIS_LOOP_29_6_fu_532 {DEPTH 2 CHILDREN {}} grp_conv3_fu_538 {DEPTH 2 CHILDREN {grp_conv3_Pipeline_VITIS_LOOP_143_4_VITIS_LOOP_144_5_VITIS_LOOP_145_6_fu_237 grp_conv3_Pipeline_VITIS_LOOP_32_2_VITIS_LOOP_33_3_fu_246 grp_conv3_Pipeline_VITIS_LOOP_108_1_VITIS_LOOP_109_2_VITIS_LOOP_110_3_fu_309 grp_conv3_Pipeline_VITIS_LOOP_55_3_VITIS_LOOP_56_4_fu_323 grp_compute_tile_c3_fu_381}} grp_conv3_Pipeline_VITIS_LOOP_143_4_VITIS_LOOP_144_5_VITIS_LOOP_145_6_fu_237 {DEPTH 3 CHILDREN {}} grp_conv3_Pipeline_VITIS_LOOP_32_2_VITIS_LOOP_33_3_fu_246 {DEPTH 3 CHILDREN {}} grp_conv3_Pipeline_VITIS_LOOP_108_1_VITIS_LOOP_109_2_VITIS_LOOP_110_3_fu_309 {DEPTH 3 CHILDREN {}} grp_conv3_Pipeline_VITIS_LOOP_55_3_VITIS_LOOP_56_4_fu_323 {DEPTH 3 CHILDREN {}} grp_compute_tile_c3_fu_381 {DEPTH 3 CHILDREN grp_compute_tile_c3_Pipeline_VITIS_LOOP_77_3_fu_5184} grp_compute_tile_c3_Pipeline_VITIS_LOOP_77_3_fu_5184 {DEPTH 4 CHILDREN {}}} MODULEDATA {conv1_Pipeline_VITIS_LOOP_125_4_VITIS_LOOP_126_5_VITIS_LOOP_127_6 {BINDINFO {{BINDTYPE op ID {} IMPL fabric LATENCY 0 OPTYPE add PRAGMA {} RTLNAME add_ln125_1_fu_159_p2 SOURCE src/conv1.cpp:125 VARIABLE add_ln125_1 LOOP VITIS_LOOP_125_4_VITIS_LOOP_126_5_VITIS_LOOP_127_6 BUNDLEDNAME {} DSP 0 BRAM 0 URAM 0 DISPNAME {bind_op add}} {BINDTYPE op ID {} IMPL fabric LATENCY 0 OPTYPE add PRAGMA {} RTLNAME add_ln125_fu_171_p2 SOURCE src/conv1.cpp:125 VARIABLE add_ln125 LOOP VITIS_LOOP_125_4_VITIS_LOOP_126_5_VITIS_LOOP_127_6 BUNDLEDNAME {} DSP 0 BRAM 0 URAM 0 DISPNAME {bind_op add}} {BINDTYPE op ID {} IMPL fabric LATENCY 0 OPTYPE add PRAGMA {} RTLNAME add_ln126_fu_242_p2 SOURCE src/conv1.cpp:126 VARIABLE add_ln126 LOOP VITIS_LOOP_125_4_VITIS_LOOP_126_5_VITIS_LOOP_127_6 BUNDLEDNAME {} DSP 0 BRAM 0 URAM 0 DISPNAME {bind_op add}} {BINDTYPE op ID {} IMPL fabric LATENCY 0 OPTYPE add PRAGMA {} RTLNAME add_ln129_fu_274_p2 SOURCE src/conv1.cpp:129 VARIABLE add_ln129 LOOP VITIS_LOOP_125_4_VITIS_LOOP_126_5_VITIS_LOOP_127_6 BUNDLEDNAME {} DSP 0 BRAM 0 URAM 0 DISPNAME {bind_op add}} {BINDTYPE op ID {} IMPL fabric LATENCY 0 OPTYPE add PRAGMA {} RTLNAME add_ln129_1_fu_309_p2 SOURCE src/conv1.cpp:129 VARIABLE add_ln129_1 LOOP VITIS_LOOP_125_4_VITIS_LOOP_126_5_VITIS_LOOP_127_6 BUNDLEDNAME {} DSP 0 BRAM 0 URAM 0 DISPNAME {bind_op add}} {BINDTYPE op ID {} IMPL fabric LATENCY 0 OPTYPE add PRAGMA {} RTLNAME add_ln127_fu_335_p2 SOURCE src/conv1.cpp:127 VARIABLE add_ln127 LOOP VITIS_LOOP_125_4_VITIS_LOOP_126_5_VITIS_LOOP_127_6 BUNDLEDNAME {} DSP 0 BRAM 0 URAM 0 DISPNAME {bind_op add}} {BINDTYPE op ID {} IMPL fabric LATENCY 0 OPTYPE add PRAGMA {} RTLNAME add_ln126_1_fu_341_p2 SOURCE src/conv1.cpp:126 VARIABLE add_ln126_1 LOOP VITIS_LOOP_125_4_VITIS_LOOP_126_5_VITIS_LOOP_127_6 BUNDLEDNAME {} DSP 0 BRAM 0 URAM 0 DISPNAME {bind_op add}}} AREA {DSP 0 BRAM 0 URAM 0}} conv1_Pipeline_VITIS_LOOP_32_2_VITIS_LOOP_33_3 {BINDINFO {{BINDTYPE op ID {} IMPL fabric LATENCY 0 OPTYPE add PRAGMA {} RTLNAME tmp_fu_199_p2 SOURCE src/conv1.cpp:32 VARIABLE tmp LOOP VITIS_LOOP_32_2_VITIS_LOOP_33_3 BUNDLEDNAME {} DSP 0 BRAM 0 URAM 0 DISPNAME {bind_op add}} {BINDTYPE op ID {} IMPL fabric LATENCY 0 OPTYPE add PRAGMA {} RTLNAME empty_42_fu_209_p2 SOURCE src/conv1.cpp:32 VARIABLE empty_42 LOOP VITIS_LOOP_32_2_VITIS_LOOP_33_3 BUNDLEDNAME {} DSP 0 BRAM 0 URAM 0 DISPNAME {bind_op add}} {BINDTYPE op ID {} IMPL fabric LATENCY 0 OPTYPE add PRAGMA {} RTLNAME add_ln32_2_fu_266_p2 SOURCE src/conv1.cpp:32 VARIABLE add_ln32_2 LOOP VITIS_LOOP_32_2_VITIS_LOOP_33_3 BUNDLEDNAME {} DSP 0 BRAM 0 URAM 0 DISPNAME {bind_op add}} {BINDTYPE op ID {} IMPL fabric LATENCY 0 OPTYPE add PRAGMA {} RTLNAME add_ln32_fu_275_p2 SOURCE src/conv1.cpp:32 VARIABLE add_ln32 LOOP VITIS_LOOP_32_2_VITIS_LOOP_33_3 BUNDLEDNAME {} DSP 0 BRAM 0 URAM 0 DISPNAME {bind_op add}} {BINDTYPE op ID {} IMPL fabric LATENCY 0 OPTYPE add PRAGMA {} RTLNAME tmp_mid1_fu_340_p2 SOURCE src/conv1.cpp:32 VARIABLE tmp_mid1 LOOP VITIS_LOOP_32_2_VITIS_LOOP_33_3 BUNDLEDNAME {} DSP 0 BRAM 0 URAM 0 DISPNAME {bind_op add}} {BINDTYPE op ID {} IMPL fabric LATENCY 0 OPTYPE add PRAGMA {} RTLNAME p_mid1_fu_350_p2 SOURCE src/conv1.cpp:32 VARIABLE p_mid1 LOOP VITIS_LOOP_32_2_VITIS_LOOP_33_3 BUNDLEDNAME {} DSP 0 BRAM 0 URAM 0 DISPNAME {bind_op add}} {BINDTYPE op ID {} IMPL fabric LATENCY 0 OPTYPE add PRAGMA {} RTLNAME add_ln37_fu_442_p2 SOURCE src/conv1.cpp:37 VARIABLE add_ln37 LOOP VITIS_LOOP_32_2_VITIS_LOOP_33_3 BUNDLEDNAME {} DSP 0 BRAM 0 URAM 0 DISPNAME {bind_op add}} {BINDTYPE op ID {} IMPL fabric LATENCY 0 OPTYPE add PRAGMA {} RTLNAME add_ln37_2_fu_452_p2 SOURCE src/conv1.cpp:37 VARIABLE add_ln37_2 LOOP VITIS_LOOP_32_2_VITIS_LOOP_33_3 BUNDLEDNAME {} DSP 0 BRAM 0 URAM 0 DISPNAME {bind_op add}} {BINDTYPE op ID {} IMPL fabric LATENCY 0 OPTYPE add PRAGMA {} RTLNAME add_ln19_fu_471_p2 SOURCE src/conv1.cpp:19 VARIABLE add_ln19 LOOP VITIS_LOOP_32_2_VITIS_LOOP_33_3 BUNDLEDNAME {} DSP 0 BRAM 0 URAM 0 DISPNAME {bind_op add}} {BINDTYPE op ID {} IMPL fabric LATENCY 0 OPTYPE add PRAGMA {} RTLNAME add_ln33_fu_521_p2 SOURCE src/conv1.cpp:33 VARIABLE add_ln33 LOOP VITIS_LOOP_32_2_VITIS_LOOP_33_3 BUNDLEDNAME {} DSP 0 BRAM 0 URAM 0 DISPNAME {bind_op add}}} AREA {DSP 0 BRAM 0 URAM 0}} conv1_Pipeline_VITIS_LOOP_50_1_VITIS_LOOP_53_3_VITIS_LOOP_54_4 {BINDINFO {{BINDTYPE op ID {} IMPL fabric LATENCY 0 OPTYPE add PRAGMA {} RTLNAME add_ln50_3_fu_1363_p2 SOURCE src/conv1.cpp:50 VARIABLE add_ln50_3 LOOP VITIS_LOOP_50_1_VITIS_LOOP_53_3_VITIS_LOOP_54_4 BUNDLEDNAME {} DSP 0 BRAM 0 URAM 0 DISPNAME {bind_op add}} {BINDTYPE op ID {} IMPL fabric LATENCY 0 OPTYPE add PRAGMA {} RTLNAME add_ln50_fu_1378_p2 SOURCE src/conv1.cpp:50 VARIABLE add_ln50 LOOP VITIS_LOOP_50_1_VITIS_LOOP_53_3_VITIS_LOOP_54_4 BUNDLEDNAME {} DSP 0 BRAM 0 URAM 0 DISPNAME {bind_op add}} {BINDTYPE op ID {} IMPL fabric LATENCY 0 OPTYPE add PRAGMA {} RTLNAME add_ln50_2_fu_1410_p2 SOURCE src/conv1.cpp:50 VARIABLE add_ln50_2 LOOP VITIS_LOOP_50_1_VITIS_LOOP_53_3_VITIS_LOOP_54_4 BUNDLEDNAME {} DSP 0 BRAM 0 URAM 0 DISPNAME {bind_op add}} {BINDTYPE op ID {} IMPL fabric LATENCY 0 OPTYPE add PRAGMA {} RTLNAME add_ln53_fu_1456_p2 SOURCE src/conv1.cpp:53 VARIABLE add_ln53 LOOP VITIS_LOOP_50_1_VITIS_LOOP_53_3_VITIS_LOOP_54_4 BUNDLEDNAME {} DSP 0 BRAM 0 URAM 0 DISPNAME {bind_op add}} {BINDTYPE op ID {} IMPL fabric LATENCY 0 OPTYPE add PRAGMA {} RTLNAME add_ln54_fu_1527_p2 SOURCE src/conv1.cpp:54 VARIABLE add_ln54 LOOP VITIS_LOOP_50_1_VITIS_LOOP_53_3_VITIS_LOOP_54_4 BUNDLEDNAME {} DSP 0 BRAM 0 URAM 0 DISPNAME {bind_op add}} {BINDTYPE op ID {} IMPL fabric LATENCY 0 OPTYPE add PRAGMA {} RTLNAME add_ln53_1_fu_1533_p2 SOURCE src/conv1.cpp:53 VARIABLE add_ln53_1 LOOP VITIS_LOOP_50_1_VITIS_LOOP_53_3_VITIS_LOOP_54_4 BUNDLEDNAME {} DSP 0 BRAM 0 URAM 0 DISPNAME {bind_op add}}} AREA {DSP 0 BRAM 0 URAM 0}} compute_tile_c1_Pipeline_VITIS_LOOP_71_3 {BINDINFO {{BINDTYPE op ID {} IMPL fabric LATENCY 0 OPTYPE add PRAGMA {} RTLNAME add_ln74_fu_2631_p2 SOURCE src/conv1.cpp:74 VARIABLE add_ln74 LOOP VITIS_LOOP_71_3 BUNDLEDNAME {} DSP 0 BRAM 0 URAM 0 DISPNAME {bind_op add}} {BINDTYPE op ID {} IMPL fabric LATENCY 0 OPTYPE add PRAGMA {} RTLNAME add_ln71_fu_2613_p2 SOURCE src/conv1.cpp:71 VARIABLE add_ln71 LOOP VITIS_LOOP_71_3 BUNDLEDNAME {} DSP 0 BRAM 0 URAM 0 DISPNAME {bind_op add}} {BINDTYPE op ID {} IMPL maxdsp LATENCY 2 OPTYPE fmul PRAGMA {} RTLNAME fmul_32ns_32ns_32_3_max_dsp_1_U201 SOURCE src/conv1.cpp:79 VARIABLE mul_2_7 LOOP VITIS_LOOP_71_3 BUNDLEDNAME {} DSP 3 BRAM 0 URAM 0 DISPNAME {bind_op fmul}} {BINDTYPE op ID {} IMPL fulldsp LATENCY 3 OPTYPE fadd PRAGMA {} RTLNAME fadd_32ns_32ns_32_4_full_dsp_1_U120 SOURCE src/conv1.cpp:79 VARIABLE acc_52 LOOP VITIS_LOOP_71_3 BUNDLEDNAME {} DSP 2 BRAM 0 URAM 0 DISPNAME {bind_op fadd}} {BINDTYPE op ID {} IMPL maxdsp LATENCY 2 OPTYPE fmul PRAGMA {} RTLNAME fmul_32ns_32ns_32_3_max_dsp_1_U202 SOURCE src/conv1.cpp:79 VARIABLE mul_2_8 LOOP VITIS_LOOP_71_3 BUNDLEDNAME {} DSP 3 BRAM 0 URAM 0 DISPNAME {bind_op fmul}} {BINDTYPE op ID {} IMPL fulldsp LATENCY 3 OPTYPE fadd PRAGMA {} RTLNAME fadd_32ns_32ns_32_4_full_dsp_1_U121 SOURCE src/conv1.cpp:79 VARIABLE acc_53 LOOP VITIS_LOOP_71_3 BUNDLEDNAME {} DSP 2 BRAM 0 URAM 0 DISPNAME {bind_op fadd}} {BINDTYPE op ID {} IMPL maxdsp LATENCY 2 OPTYPE fmul PRAGMA {} RTLNAME fmul_32ns_32ns_32_3_max_dsp_1_U203 SOURCE src/conv1.cpp:79 VARIABLE mul_3 LOOP VITIS_LOOP_71_3 BUNDLEDNAME {} DSP 3 BRAM 0 URAM 0 DISPNAME {bind_op fmul}} {BINDTYPE op ID {} IMPL fulldsp LATENCY 3 OPTYPE fadd PRAGMA {} RTLNAME fadd_32ns_32ns_32_4_full_dsp_1_U122 SOURCE src/conv1.cpp:79 VARIABLE acc_54 LOOP VITIS_LOOP_71_3 BUNDLEDNAME {} DSP 2 BRAM 0 URAM 0 DISPNAME {bind_op fadd}} {BINDTYPE op ID {} IMPL maxdsp LATENCY 2 OPTYPE fmul PRAGMA {} RTLNAME fmul_32ns_32ns_32_3_max_dsp_1_U204 SOURCE src/conv1.cpp:79 VARIABLE mul_3_1 LOOP VITIS_LOOP_71_3 BUNDLEDNAME {} DSP 3 BRAM 0 URAM 0 DISPNAME {bind_op fmul}} {BINDTYPE op ID {} IMPL fulldsp LATENCY 3 OPTYPE fadd PRAGMA {} RTLNAME fadd_32ns_32ns_32_4_full_dsp_1_U123 SOURCE src/conv1.cpp:79 VARIABLE acc_55 LOOP VITIS_LOOP_71_3 BUNDLEDNAME {} DSP 2 BRAM 0 URAM 0 DISPNAME {bind_op fadd}} {BINDTYPE op ID {} IMPL maxdsp LATENCY 2 OPTYPE fmul PRAGMA {} RTLNAME fmul_32ns_32ns_32_3_max_dsp_1_U205 SOURCE src/conv1.cpp:79 VARIABLE mul_3_2 LOOP VITIS_LOOP_71_3 BUNDLEDNAME {} DSP 3 BRAM 0 URAM 0 DISPNAME {bind_op fmul}} {BINDTYPE op ID {} IMPL fulldsp LATENCY 3 OPTYPE fadd PRAGMA {} RTLNAME fadd_32ns_32ns_32_4_full_dsp_1_U124 SOURCE src/conv1.cpp:79 VARIABLE acc_56 LOOP VITIS_LOOP_71_3 BUNDLEDNAME {} DSP 2 BRAM 0 URAM 0 DISPNAME {bind_op fadd}} {BINDTYPE op ID {} IMPL maxdsp LATENCY 2 OPTYPE fmul PRAGMA {} RTLNAME fmul_32ns_32ns_32_3_max_dsp_1_U206 SOURCE src/conv1.cpp:79 VARIABLE mul_3_3 LOOP VITIS_LOOP_71_3 BUNDLEDNAME {} DSP 3 BRAM 0 URAM 0 DISPNAME {bind_op fmul}} {BINDTYPE op ID {} IMPL fulldsp LATENCY 3 OPTYPE fadd PRAGMA {} RTLNAME fadd_32ns_32ns_32_4_full_dsp_1_U125 SOURCE src/conv1.cpp:79 VARIABLE acc_57 LOOP VITIS_LOOP_71_3 BUNDLEDNAME {} DSP 2 BRAM 0 URAM 0 DISPNAME {bind_op fadd}} {BINDTYPE op ID {} IMPL maxdsp LATENCY 2 OPTYPE fmul PRAGMA {} RTLNAME fmul_32ns_32ns_32_3_max_dsp_1_U207 SOURCE src/conv1.cpp:79 VARIABLE mul_3_4 LOOP VITIS_LOOP_71_3 BUNDLEDNAME {} DSP 3 BRAM 0 URAM 0 DISPNAME {bind_op fmul}} {BINDTYPE op ID {} IMPL fulldsp LATENCY 3 OPTYPE fadd PRAGMA {} RTLNAME fadd_32ns_32ns_32_4_full_dsp_1_U126 SOURCE src/conv1.cpp:79 VARIABLE acc_58 LOOP VITIS_LOOP_71_3 BUNDLEDNAME {} DSP 2 BRAM 0 URAM 0 DISPNAME {bind_op fadd}} {BINDTYPE op ID {} IMPL maxdsp LATENCY 2 OPTYPE fmul PRAGMA {} RTLNAME fmul_32ns_32ns_32_3_max_dsp_1_U208 SOURCE src/conv1.cpp:79 VARIABLE mul_3_5 LOOP VITIS_LOOP_71_3 BUNDLEDNAME {} DSP 3 BRAM 0 URAM 0 DISPNAME {bind_op fmul}} {BINDTYPE op ID {} IMPL fulldsp LATENCY 3 OPTYPE fadd PRAGMA {} RTLNAME fadd_32ns_32ns_32_4_full_dsp_1_U127 SOURCE src/conv1.cpp:79 VARIABLE acc_59 LOOP VITIS_LOOP_71_3 BUNDLEDNAME {} DSP 2 BRAM 0 URAM 0 DISPNAME {bind_op fadd}} {BINDTYPE op ID {} IMPL maxdsp LATENCY 2 OPTYPE fmul PRAGMA {} RTLNAME fmul_32ns_32ns_32_3_max_dsp_1_U209 SOURCE src/conv1.cpp:79 VARIABLE mul_3_6 LOOP VITIS_LOOP_71_3 BUNDLEDNAME {} DSP 3 BRAM 0 URAM 0 DISPNAME {bind_op fmul}} {BINDTYPE op ID {} IMPL fulldsp LATENCY 3 OPTYPE fadd PRAGMA {} RTLNAME fadd_32ns_32ns_32_4_full_dsp_1_U128 SOURCE src/conv1.cpp:79 VARIABLE acc_60 LOOP VITIS_LOOP_71_3 BUNDLEDNAME {} DSP 2 BRAM 0 URAM 0 DISPNAME {bind_op fadd}} {BINDTYPE op ID {} IMPL maxdsp LATENCY 2 OPTYPE fmul PRAGMA {} RTLNAME fmul_32ns_32ns_32_3_max_dsp_1_U210 SOURCE src/conv1.cpp:79 VARIABLE mul_3_7 LOOP VITIS_LOOP_71_3 BUNDLEDNAME {} DSP 3 BRAM 0 URAM 0 DISPNAME {bind_op fmul}} {BINDTYPE op ID {} IMPL fulldsp LATENCY 3 OPTYPE fadd PRAGMA {} RTLNAME fadd_32ns_32ns_32_4_full_dsp_1_U129 SOURCE src/conv1.cpp:79 VARIABLE acc_61 LOOP VITIS_LOOP_71_3 BUNDLEDNAME {} DSP 2 BRAM 0 URAM 0 DISPNAME {bind_op fadd}} {BINDTYPE op ID {} IMPL maxdsp LATENCY 2 OPTYPE fmul PRAGMA {} RTLNAME fmul_32ns_32ns_32_3_max_dsp_1_U211 SOURCE src/conv1.cpp:79 VARIABLE mul_3_8 LOOP VITIS_LOOP_71_3 BUNDLEDNAME {} DSP 3 BRAM 0 URAM 0 DISPNAME {bind_op fmul}} {BINDTYPE op ID {} IMPL fulldsp LATENCY 3 OPTYPE fadd PRAGMA {} RTLNAME fadd_32ns_32ns_32_4_full_dsp_1_U130 SOURCE src/conv1.cpp:79 VARIABLE acc_62 LOOP VITIS_LOOP_71_3 BUNDLEDNAME {} DSP 2 BRAM 0 URAM 0 DISPNAME {bind_op fadd}} {BINDTYPE op ID {} IMPL maxdsp LATENCY 2 OPTYPE fmul PRAGMA {} RTLNAME fmul_32ns_32ns_32_3_max_dsp_1_U212 SOURCE src/conv1.cpp:79 VARIABLE mul_4 LOOP VITIS_LOOP_71_3 BUNDLEDNAME {} DSP 3 BRAM 0 URAM 0 DISPNAME {bind_op fmul}} {BINDTYPE op ID {} IMPL fulldsp LATENCY 3 OPTYPE fadd PRAGMA {} RTLNAME fadd_32ns_32ns_32_4_full_dsp_1_U131 SOURCE src/conv1.cpp:79 VARIABLE acc_63 LOOP VITIS_LOOP_71_3 BUNDLEDNAME {} DSP 2 BRAM 0 URAM 0 DISPNAME {bind_op fadd}} {BINDTYPE op ID {} IMPL maxdsp LATENCY 2 OPTYPE fmul PRAGMA {} RTLNAME fmul_32ns_32ns_32_3_max_dsp_1_U213 SOURCE src/conv1.cpp:79 VARIABLE mul_4_1 LOOP VITIS_LOOP_71_3 BUNDLEDNAME {} DSP 3 BRAM 0 URAM 0 DISPNAME {bind_op fmul}} {BINDTYPE op ID {} IMPL fulldsp LATENCY 3 OPTYPE fadd PRAGMA {} RTLNAME fadd_32ns_32ns_32_4_full_dsp_1_U132 SOURCE src/conv1.cpp:79 VARIABLE acc_64 LOOP VITIS_LOOP_71_3 BUNDLEDNAME {} DSP 2 BRAM 0 URAM 0 DISPNAME {bind_op fadd}} {BINDTYPE op ID {} IMPL maxdsp LATENCY 2 OPTYPE fmul PRAGMA {} RTLNAME fmul_32ns_32ns_32_3_max_dsp_1_U214 SOURCE src/conv1.cpp:79 VARIABLE mul_4_2 LOOP VITIS_LOOP_71_3 BUNDLEDNAME {} DSP 3 BRAM 0 URAM 0 DISPNAME {bind_op fmul}} {BINDTYPE op ID {} IMPL fulldsp LATENCY 3 OPTYPE fadd PRAGMA {} RTLNAME fadd_32ns_32ns_32_4_full_dsp_1_U133 SOURCE src/conv1.cpp:79 VARIABLE acc_65 LOOP VITIS_LOOP_71_3 BUNDLEDNAME {} DSP 2 BRAM 0 URAM 0 DISPNAME {bind_op fadd}} {BINDTYPE op ID {} IMPL maxdsp LATENCY 2 OPTYPE fmul PRAGMA {} RTLNAME fmul_32ns_32ns_32_3_max_dsp_1_U215 SOURCE src/conv1.cpp:79 VARIABLE mul_4_3 LOOP VITIS_LOOP_71_3 BUNDLEDNAME {} DSP 3 BRAM 0 URAM 0 DISPNAME {bind_op fmul}} {BINDTYPE op ID {} IMPL fulldsp LATENCY 3 OPTYPE fadd PRAGMA {} RTLNAME fadd_32ns_32ns_32_4_full_dsp_1_U134 SOURCE src/conv1.cpp:79 VARIABLE acc_66 LOOP VITIS_LOOP_71_3 BUNDLEDNAME {} DSP 2 BRAM 0 URAM 0 DISPNAME {bind_op fadd}} {BINDTYPE op ID {} IMPL maxdsp LATENCY 2 OPTYPE fmul PRAGMA {} RTLNAME fmul_32ns_32ns_32_3_max_dsp_1_U216 SOURCE src/conv1.cpp:79 VARIABLE mul_4_4 LOOP VITIS_LOOP_71_3 BUNDLEDNAME {} DSP 3 BRAM 0 URAM 0 DISPNAME {bind_op fmul}} {BINDTYPE op ID {} IMPL fulldsp LATENCY 3 OPTYPE fadd PRAGMA {} RTLNAME fadd_32ns_32ns_32_4_full_dsp_1_U135 SOURCE src/conv1.cpp:79 VARIABLE acc_67 LOOP VITIS_LOOP_71_3 BUNDLEDNAME {} DSP 2 BRAM 0 URAM 0 DISPNAME {bind_op fadd}} {BINDTYPE op ID {} IMPL maxdsp LATENCY 2 OPTYPE fmul PRAGMA {} RTLNAME fmul_32ns_32ns_32_3_max_dsp_1_U217 SOURCE src/conv1.cpp:79 VARIABLE mul_4_5 LOOP VITIS_LOOP_71_3 BUNDLEDNAME {} DSP 3 BRAM 0 URAM 0 DISPNAME {bind_op fmul}} {BINDTYPE op ID {} IMPL fulldsp LATENCY 3 OPTYPE fadd PRAGMA {} RTLNAME fadd_32ns_32ns_32_4_full_dsp_1_U136 SOURCE src/conv1.cpp:79 VARIABLE acc_68 LOOP VITIS_LOOP_71_3 BUNDLEDNAME {} DSP 2 BRAM 0 URAM 0 DISPNAME {bind_op fadd}} {BINDTYPE op ID {} IMPL maxdsp LATENCY 2 OPTYPE fmul PRAGMA {} RTLNAME fmul_32ns_32ns_32_3_max_dsp_1_U218 SOURCE src/conv1.cpp:79 VARIABLE mul_4_6 LOOP VITIS_LOOP_71_3 BUNDLEDNAME {} DSP 3 BRAM 0 URAM 0 DISPNAME {bind_op fmul}} {BINDTYPE op ID {} IMPL fulldsp LATENCY 3 OPTYPE fadd PRAGMA {} RTLNAME fadd_32ns_32ns_32_4_full_dsp_1_U137 SOURCE src/conv1.cpp:79 VARIABLE acc_69 LOOP VITIS_LOOP_71_3 BUNDLEDNAME {} DSP 2 BRAM 0 URAM 0 DISPNAME {bind_op fadd}} {BINDTYPE op ID {} IMPL maxdsp LATENCY 2 OPTYPE fmul PRAGMA {} RTLNAME fmul_32ns_32ns_32_3_max_dsp_1_U219 SOURCE src/conv1.cpp:79 VARIABLE mul_4_7 LOOP VITIS_LOOP_71_3 BUNDLEDNAME {} DSP 3 BRAM 0 URAM 0 DISPNAME {bind_op fmul}} {BINDTYPE op ID {} IMPL fulldsp LATENCY 3 OPTYPE fadd PRAGMA {} RTLNAME fadd_32ns_32ns_32_4_full_dsp_1_U138 SOURCE src/conv1.cpp:79 VARIABLE acc_70 LOOP VITIS_LOOP_71_3 BUNDLEDNAME {} DSP 2 BRAM 0 URAM 0 DISPNAME {bind_op fadd}} {BINDTYPE op ID {} IMPL maxdsp LATENCY 2 OPTYPE fmul PRAGMA {} RTLNAME fmul_32ns_32ns_32_3_max_dsp_1_U220 SOURCE src/conv1.cpp:79 VARIABLE mul_4_8 LOOP VITIS_LOOP_71_3 BUNDLEDNAME {} DSP 3 BRAM 0 URAM 0 DISPNAME {bind_op fmul}} {BINDTYPE op ID {} IMPL fulldsp LATENCY 3 OPTYPE fadd PRAGMA {} RTLNAME fadd_32ns_32ns_32_4_full_dsp_1_U139 SOURCE src/conv1.cpp:79 VARIABLE acc_71 LOOP VITIS_LOOP_71_3 BUNDLEDNAME {} DSP 2 BRAM 0 URAM 0 DISPNAME {bind_op fadd}} {BINDTYPE op ID {} IMPL maxdsp LATENCY 2 OPTYPE fmul PRAGMA {} RTLNAME fmul_32ns_32ns_32_3_max_dsp_1_U221 SOURCE src/conv1.cpp:79 VARIABLE mul_5 LOOP VITIS_LOOP_71_3 BUNDLEDNAME {} DSP 3 BRAM 0 URAM 0 DISPNAME {bind_op fmul}} {BINDTYPE op ID {} IMPL fulldsp LATENCY 3 OPTYPE fadd PRAGMA {} RTLNAME fadd_32ns_32ns_32_4_full_dsp_1_U140 SOURCE src/conv1.cpp:79 VARIABLE acc_72 LOOP VITIS_LOOP_71_3 BUNDLEDNAME {} DSP 2 BRAM 0 URAM 0 DISPNAME {bind_op fadd}} {BINDTYPE op ID {} IMPL maxdsp LATENCY 2 OPTYPE fmul PRAGMA {} RTLNAME fmul_32ns_32ns_32_3_max_dsp_1_U222 SOURCE src/conv1.cpp:79 VARIABLE mul_5_1 LOOP VITIS_LOOP_71_3 BUNDLEDNAME {} DSP 3 BRAM 0 URAM 0 DISPNAME {bind_op fmul}} {BINDTYPE op ID {} IMPL fulldsp LATENCY 3 OPTYPE fadd PRAGMA {} RTLNAME fadd_32ns_32ns_32_4_full_dsp_1_U141 SOURCE src/conv1.cpp:79 VARIABLE acc_73 LOOP VITIS_LOOP_71_3 BUNDLEDNAME {} DSP 2 BRAM 0 URAM 0 DISPNAME {bind_op fadd}} {BINDTYPE op ID {} IMPL maxdsp LATENCY 2 OPTYPE fmul PRAGMA {} RTLNAME fmul_32ns_32ns_32_3_max_dsp_1_U223 SOURCE src/conv1.cpp:79 VARIABLE mul_5_2 LOOP VITIS_LOOP_71_3 BUNDLEDNAME {} DSP 3 BRAM 0 URAM 0 DISPNAME {bind_op fmul}} {BINDTYPE op ID {} IMPL fulldsp LATENCY 3 OPTYPE fadd PRAGMA {} RTLNAME fadd_32ns_32ns_32_4_full_dsp_1_U142 SOURCE src/conv1.cpp:79 VARIABLE acc_74 LOOP VITIS_LOOP_71_3 BUNDLEDNAME {} DSP 2 BRAM 0 URAM 0 DISPNAME {bind_op fadd}} {BINDTYPE op ID {} IMPL maxdsp LATENCY 2 OPTYPE fmul PRAGMA {} RTLNAME fmul_32ns_32ns_32_3_max_dsp_1_U224 SOURCE src/conv1.cpp:79 VARIABLE mul_5_3 LOOP VITIS_LOOP_71_3 BUNDLEDNAME {} DSP 3 BRAM 0 URAM 0 DISPNAME {bind_op fmul}} {BINDTYPE op ID {} IMPL fulldsp LATENCY 3 OPTYPE fadd PRAGMA {} RTLNAME fadd_32ns_32ns_32_4_full_dsp_1_U143 SOURCE src/conv1.cpp:79 VARIABLE acc_75 LOOP VITIS_LOOP_71_3 BUNDLEDNAME {} DSP 2 BRAM 0 URAM 0 DISPNAME {bind_op fadd}} {BINDTYPE op ID {} IMPL maxdsp LATENCY 2 OPTYPE fmul PRAGMA {} RTLNAME fmul_32ns_32ns_32_3_max_dsp_1_U225 SOURCE src/conv1.cpp:79 VARIABLE mul_5_4 LOOP VITIS_LOOP_71_3 BUNDLEDNAME {} DSP 3 BRAM 0 URAM 0 DISPNAME {bind_op fmul}} {BINDTYPE op ID {} IMPL fulldsp LATENCY 3 OPTYPE fadd PRAGMA {} RTLNAME fadd_32ns_32ns_32_4_full_dsp_1_U144 SOURCE src/conv1.cpp:79 VARIABLE acc_76 LOOP VITIS_LOOP_71_3 BUNDLEDNAME {} DSP 2 BRAM 0 URAM 0 DISPNAME {bind_op fadd}} {BINDTYPE op ID {} IMPL maxdsp LATENCY 2 OPTYPE fmul PRAGMA {} RTLNAME fmul_32ns_32ns_32_3_max_dsp_1_U226 SOURCE src/conv1.cpp:79 VARIABLE mul_5_5 LOOP VITIS_LOOP_71_3 BUNDLEDNAME {} DSP 3 BRAM 0 URAM 0 DISPNAME {bind_op fmul}} {BINDTYPE op ID {} IMPL fulldsp LATENCY 3 OPTYPE fadd PRAGMA {} RTLNAME fadd_32ns_32ns_32_4_full_dsp_1_U145 SOURCE src/conv1.cpp:79 VARIABLE acc_77 LOOP VITIS_LOOP_71_3 BUNDLEDNAME {} DSP 2 BRAM 0 URAM 0 DISPNAME {bind_op fadd}} {BINDTYPE op ID {} IMPL maxdsp LATENCY 2 OPTYPE fmul PRAGMA {} RTLNAME fmul_32ns_32ns_32_3_max_dsp_1_U227 SOURCE src/conv1.cpp:79 VARIABLE mul_5_6 LOOP VITIS_LOOP_71_3 BUNDLEDNAME {} DSP 3 BRAM 0 URAM 0 DISPNAME {bind_op fmul}} {BINDTYPE op ID {} IMPL fulldsp LATENCY 3 OPTYPE fadd PRAGMA {} RTLNAME fadd_32ns_32ns_32_4_full_dsp_1_U146 SOURCE src/conv1.cpp:79 VARIABLE acc_78 LOOP VITIS_LOOP_71_3 BUNDLEDNAME {} DSP 2 BRAM 0 URAM 0 DISPNAME {bind_op fadd}} {BINDTYPE op ID {} IMPL maxdsp LATENCY 2 OPTYPE fmul PRAGMA {} RTLNAME fmul_32ns_32ns_32_3_max_dsp_1_U228 SOURCE src/conv1.cpp:79 VARIABLE mul_5_7 LOOP VITIS_LOOP_71_3 BUNDLEDNAME {} DSP 3 BRAM 0 URAM 0 DISPNAME {bind_op fmul}} {BINDTYPE op ID {} IMPL fulldsp LATENCY 3 OPTYPE fadd PRAGMA {} RTLNAME fadd_32ns_32ns_32_4_full_dsp_1_U147 SOURCE src/conv1.cpp:79 VARIABLE acc_79 LOOP VITIS_LOOP_71_3 BUNDLEDNAME {} DSP 2 BRAM 0 URAM 0 DISPNAME {bind_op fadd}} {BINDTYPE op ID {} IMPL maxdsp LATENCY 2 OPTYPE fmul PRAGMA {} RTLNAME fmul_32ns_32ns_32_3_max_dsp_1_U229 SOURCE src/conv1.cpp:79 VARIABLE mul_5_8 LOOP VITIS_LOOP_71_3 BUNDLEDNAME {} DSP 3 BRAM 0 URAM 0 DISPNAME {bind_op fmul}} {BINDTYPE op ID {} IMPL fulldsp LATENCY 3 OPTYPE fadd PRAGMA {} RTLNAME fadd_32ns_32ns_32_4_full_dsp_1_U148 SOURCE src/conv1.cpp:79 VARIABLE acc_80 LOOP VITIS_LOOP_71_3 BUNDLEDNAME {} DSP 2 BRAM 0 URAM 0 DISPNAME {bind_op fadd}} {BINDTYPE op ID {} IMPL maxdsp LATENCY 2 OPTYPE fmul PRAGMA {} RTLNAME fmul_32ns_32ns_32_3_max_dsp_1_U230 SOURCE src/conv1.cpp:79 VARIABLE mul_6 LOOP VITIS_LOOP_71_3 BUNDLEDNAME {} DSP 3 BRAM 0 URAM 0 DISPNAME {bind_op fmul}} {BINDTYPE op ID {} IMPL fulldsp LATENCY 3 OPTYPE fadd PRAGMA {} RTLNAME fadd_32ns_32ns_32_4_full_dsp_1_U149 SOURCE src/conv1.cpp:79 VARIABLE acc_81 LOOP VITIS_LOOP_71_3 BUNDLEDNAME {} DSP 2 BRAM 0 URAM 0 DISPNAME {bind_op fadd}} {BINDTYPE op ID {} IMPL maxdsp LATENCY 2 OPTYPE fmul PRAGMA {} RTLNAME fmul_32ns_32ns_32_3_max_dsp_1_U231 SOURCE src/conv1.cpp:79 VARIABLE mul_6_1 LOOP VITIS_LOOP_71_3 BUNDLEDNAME {} DSP 3 BRAM 0 URAM 0 DISPNAME {bind_op fmul}} {BINDTYPE op ID {} IMPL fulldsp LATENCY 3 OPTYPE fadd PRAGMA {} RTLNAME fadd_32ns_32ns_32_4_full_dsp_1_U150 SOURCE src/conv1.cpp:79 VARIABLE acc_82 LOOP VITIS_LOOP_71_3 BUNDLEDNAME {} DSP 2 BRAM 0 URAM 0 DISPNAME {bind_op fadd}} {BINDTYPE op ID {} IMPL maxdsp LATENCY 2 OPTYPE fmul PRAGMA {} RTLNAME fmul_32ns_32ns_32_3_max_dsp_1_U232 SOURCE src/conv1.cpp:79 VARIABLE mul_6_2 LOOP VITIS_LOOP_71_3 BUNDLEDNAME {} DSP 3 BRAM 0 URAM 0 DISPNAME {bind_op fmul}} {BINDTYPE op ID {} IMPL fulldsp LATENCY 3 OPTYPE fadd PRAGMA {} RTLNAME fadd_32ns_32ns_32_4_full_dsp_1_U151 SOURCE src/conv1.cpp:79 VARIABLE acc_83 LOOP VITIS_LOOP_71_3 BUNDLEDNAME {} DSP 2 BRAM 0 URAM 0 DISPNAME {bind_op fadd}} {BINDTYPE op ID {} IMPL maxdsp LATENCY 2 OPTYPE fmul PRAGMA {} RTLNAME fmul_32ns_32ns_32_3_max_dsp_1_U233 SOURCE src/conv1.cpp:79 VARIABLE mul_6_3 LOOP VITIS_LOOP_71_3 BUNDLEDNAME {} DSP 3 BRAM 0 URAM 0 DISPNAME {bind_op fmul}} {BINDTYPE op ID {} IMPL fulldsp LATENCY 3 OPTYPE fadd PRAGMA {} RTLNAME fadd_32ns_32ns_32_4_full_dsp_1_U152 SOURCE src/conv1.cpp:79 VARIABLE acc_84 LOOP VITIS_LOOP_71_3 BUNDLEDNAME {} DSP 2 BRAM 0 URAM 0 DISPNAME {bind_op fadd}} {BINDTYPE op ID {} IMPL maxdsp LATENCY 2 OPTYPE fmul PRAGMA {} RTLNAME fmul_32ns_32ns_32_3_max_dsp_1_U234 SOURCE src/conv1.cpp:79 VARIABLE mul_6_4 LOOP VITIS_LOOP_71_3 BUNDLEDNAME {} DSP 3 BRAM 0 URAM 0 DISPNAME {bind_op fmul}} {BINDTYPE op ID {} IMPL fulldsp LATENCY 3 OPTYPE fadd PRAGMA {} RTLNAME fadd_32ns_32ns_32_4_full_dsp_1_U153 SOURCE src/conv1.cpp:79 VARIABLE acc_85 LOOP VITIS_LOOP_71_3 BUNDLEDNAME {} DSP 2 BRAM 0 URAM 0 DISPNAME {bind_op fadd}} {BINDTYPE op ID {} IMPL maxdsp LATENCY 2 OPTYPE fmul PRAGMA {} RTLNAME fmul_32ns_32ns_32_3_max_dsp_1_U235 SOURCE src/conv1.cpp:79 VARIABLE mul_6_5 LOOP VITIS_LOOP_71_3 BUNDLEDNAME {} DSP 3 BRAM 0 URAM 0 DISPNAME {bind_op fmul}} {BINDTYPE op ID {} IMPL fulldsp LATENCY 3 OPTYPE fadd PRAGMA {} RTLNAME fadd_32ns_32ns_32_4_full_dsp_1_U154 SOURCE src/conv1.cpp:79 VARIABLE acc_86 LOOP VITIS_LOOP_71_3 BUNDLEDNAME {} DSP 2 BRAM 0 URAM 0 DISPNAME {bind_op fadd}} {BINDTYPE op ID {} IMPL maxdsp LATENCY 2 OPTYPE fmul PRAGMA {} RTLNAME fmul_32ns_32ns_32_3_max_dsp_1_U236 SOURCE src/conv1.cpp:79 VARIABLE mul_6_6 LOOP VITIS_LOOP_71_3 BUNDLEDNAME {} DSP 3 BRAM 0 URAM 0 DISPNAME {bind_op fmul}} {BINDTYPE op ID {} IMPL fulldsp LATENCY 3 OPTYPE fadd PRAGMA {} RTLNAME fadd_32ns_32ns_32_4_full_dsp_1_U155 SOURCE src/conv1.cpp:79 VARIABLE acc_87 LOOP VITIS_LOOP_71_3 BUNDLEDNAME {} DSP 2 BRAM 0 URAM 0 DISPNAME {bind_op fadd}} {BINDTYPE op ID {} IMPL maxdsp LATENCY 2 OPTYPE fmul PRAGMA {} RTLNAME fmul_32ns_32ns_32_3_max_dsp_1_U237 SOURCE src/conv1.cpp:79 VARIABLE mul_6_7 LOOP VITIS_LOOP_71_3 BUNDLEDNAME {} DSP 3 BRAM 0 URAM 0 DISPNAME {bind_op fmul}} {BINDTYPE op ID {} IMPL fulldsp LATENCY 3 OPTYPE fadd PRAGMA {} RTLNAME fadd_32ns_32ns_32_4_full_dsp_1_U156 SOURCE src/conv1.cpp:79 VARIABLE acc_88 LOOP VITIS_LOOP_71_3 BUNDLEDNAME {} DSP 2 BRAM 0 URAM 0 DISPNAME {bind_op fadd}} {BINDTYPE op ID {} IMPL maxdsp LATENCY 2 OPTYPE fmul PRAGMA {} RTLNAME fmul_32ns_32ns_32_3_max_dsp_1_U238 SOURCE src/conv1.cpp:79 VARIABLE mul_6_8 LOOP VITIS_LOOP_71_3 BUNDLEDNAME {} DSP 3 BRAM 0 URAM 0 DISPNAME {bind_op fmul}} {BINDTYPE op ID {} IMPL fulldsp LATENCY 3 OPTYPE fadd PRAGMA {} RTLNAME fadd_32ns_32ns_32_4_full_dsp_1_U157 SOURCE src/conv1.cpp:79 VARIABLE acc_89 LOOP VITIS_LOOP_71_3 BUNDLEDNAME {} DSP 2 BRAM 0 URAM 0 DISPNAME {bind_op fadd}} {BINDTYPE op ID {} IMPL maxdsp LATENCY 2 OPTYPE fmul PRAGMA {} RTLNAME fmul_32ns_32ns_32_3_max_dsp_1_U239 SOURCE src/conv1.cpp:79 VARIABLE mul_7 LOOP VITIS_LOOP_71_3 BUNDLEDNAME {} DSP 3 BRAM 0 URAM 0 DISPNAME {bind_op fmul}} {BINDTYPE op ID {} IMPL fulldsp LATENCY 3 OPTYPE fadd PRAGMA {} RTLNAME fadd_32ns_32ns_32_4_full_dsp_1_U158 SOURCE src/conv1.cpp:79 VARIABLE acc_90 LOOP VITIS_LOOP_71_3 BUNDLEDNAME {} DSP 2 BRAM 0 URAM 0 DISPNAME {bind_op fadd}} {BINDTYPE op ID {} IMPL maxdsp LATENCY 2 OPTYPE fmul PRAGMA {} RTLNAME fmul_32ns_32ns_32_3_max_dsp_1_U240 SOURCE src/conv1.cpp:79 VARIABLE mul_7_1 LOOP VITIS_LOOP_71_3 BUNDLEDNAME {} DSP 3 BRAM 0 URAM 0 DISPNAME {bind_op fmul}} {BINDTYPE op ID {} IMPL fulldsp LATENCY 3 OPTYPE fadd PRAGMA {} RTLNAME fadd_32ns_32ns_32_4_full_dsp_1_U159 SOURCE src/conv1.cpp:79 VARIABLE acc_91 LOOP VITIS_LOOP_71_3 BUNDLEDNAME {} DSP 2 BRAM 0 URAM 0 DISPNAME {bind_op fadd}} {BINDTYPE op ID {} IMPL maxdsp LATENCY 2 OPTYPE fmul PRAGMA {} RTLNAME fmul_32ns_32ns_32_3_max_dsp_1_U241 SOURCE src/conv1.cpp:79 VARIABLE mul_7_2 LOOP VITIS_LOOP_71_3 BUNDLEDNAME {} DSP 3 BRAM 0 URAM 0 DISPNAME {bind_op fmul}} {BINDTYPE op ID {} IMPL fulldsp LATENCY 3 OPTYPE fadd PRAGMA {} RTLNAME fadd_32ns_32ns_32_4_full_dsp_1_U160 SOURCE src/conv1.cpp:79 VARIABLE acc_92 LOOP VITIS_LOOP_71_3 BUNDLEDNAME {} DSP 2 BRAM 0 URAM 0 DISPNAME {bind_op fadd}} {BINDTYPE op ID {} IMPL maxdsp LATENCY 2 OPTYPE fmul PRAGMA {} RTLNAME fmul_32ns_32ns_32_3_max_dsp_1_U242 SOURCE src/conv1.cpp:79 VARIABLE mul_7_3 LOOP VITIS_LOOP_71_3 BUNDLEDNAME {} DSP 3 BRAM 0 URAM 0 DISPNAME {bind_op fmul}} {BINDTYPE op ID {} IMPL fulldsp LATENCY 3 OPTYPE fadd PRAGMA {} RTLNAME fadd_32ns_32ns_32_4_full_dsp_1_U161 SOURCE src/conv1.cpp:79 VARIABLE acc_93 LOOP VITIS_LOOP_71_3 BUNDLEDNAME {} DSP 2 BRAM 0 URAM 0 DISPNAME {bind_op fadd}} {BINDTYPE op ID {} IMPL maxdsp LATENCY 2 OPTYPE fmul PRAGMA {} RTLNAME fmul_32ns_32ns_32_3_max_dsp_1_U243 SOURCE src/conv1.cpp:79 VARIABLE mul_7_4 LOOP VITIS_LOOP_71_3 BUNDLEDNAME {} DSP 3 BRAM 0 URAM 0 DISPNAME {bind_op fmul}} {BINDTYPE op ID {} IMPL fulldsp LATENCY 3 OPTYPE fadd PRAGMA {} RTLNAME fadd_32ns_32ns_32_4_full_dsp_1_U162 SOURCE src/conv1.cpp:79 VARIABLE acc_94 LOOP VITIS_LOOP_71_3 BUNDLEDNAME {} DSP 2 BRAM 0 URAM 0 DISPNAME {bind_op fadd}} {BINDTYPE op ID {} IMPL maxdsp LATENCY 2 OPTYPE fmul PRAGMA {} RTLNAME fmul_32ns_32ns_32_3_max_dsp_1_U244 SOURCE src/conv1.cpp:79 VARIABLE mul_7_5 LOOP VITIS_LOOP_71_3 BUNDLEDNAME {} DSP 3 BRAM 0 URAM 0 DISPNAME {bind_op fmul}} {BINDTYPE op ID {} IMPL fulldsp LATENCY 3 OPTYPE fadd PRAGMA {} RTLNAME fadd_32ns_32ns_32_4_full_dsp_1_U163 SOURCE src/conv1.cpp:79 VARIABLE acc_95 LOOP VITIS_LOOP_71_3 BUNDLEDNAME {} DSP 2 BRAM 0 URAM 0 DISPNAME {bind_op fadd}} {BINDTYPE op ID {} IMPL maxdsp LATENCY 2 OPTYPE fmul PRAGMA {} RTLNAME fmul_32ns_32ns_32_3_max_dsp_1_U245 SOURCE src/conv1.cpp:79 VARIABLE mul_7_6 LOOP VITIS_LOOP_71_3 BUNDLEDNAME {} DSP 3 BRAM 0 URAM 0 DISPNAME {bind_op fmul}} {BINDTYPE op ID {} IMPL fulldsp LATENCY 3 OPTYPE fadd PRAGMA {} RTLNAME fadd_32ns_32ns_32_4_full_dsp_1_U164 SOURCE src/conv1.cpp:79 VARIABLE acc_96 LOOP VITIS_LOOP_71_3 BUNDLEDNAME {} DSP 2 BRAM 0 URAM 0 DISPNAME {bind_op fadd}} {BINDTYPE op ID {} IMPL maxdsp LATENCY 2 OPTYPE fmul PRAGMA {} RTLNAME fmul_32ns_32ns_32_3_max_dsp_1_U246 SOURCE src/conv1.cpp:79 VARIABLE mul_7_7 LOOP VITIS_LOOP_71_3 BUNDLEDNAME {} DSP 3 BRAM 0 URAM 0 DISPNAME {bind_op fmul}} {BINDTYPE op ID {} IMPL fulldsp LATENCY 3 OPTYPE fadd PRAGMA {} RTLNAME fadd_32ns_32ns_32_4_full_dsp_1_U165 SOURCE src/conv1.cpp:79 VARIABLE acc_97 LOOP VITIS_LOOP_71_3 BUNDLEDNAME {} DSP 2 BRAM 0 URAM 0 DISPNAME {bind_op fadd}} {BINDTYPE op ID {} IMPL maxdsp LATENCY 2 OPTYPE fmul PRAGMA {} RTLNAME fmul_32ns_32ns_32_3_max_dsp_1_U247 SOURCE src/conv1.cpp:79 VARIABLE mul_7_8 LOOP VITIS_LOOP_71_3 BUNDLEDNAME {} DSP 3 BRAM 0 URAM 0 DISPNAME {bind_op fmul}} {BINDTYPE op ID {} IMPL fulldsp LATENCY 3 OPTYPE fadd PRAGMA {} RTLNAME fadd_32ns_32ns_32_4_full_dsp_1_U166 SOURCE src/conv1.cpp:79 VARIABLE acc_98 LOOP VITIS_LOOP_71_3 BUNDLEDNAME {} DSP 2 BRAM 0 URAM 0 DISPNAME {bind_op fadd}} {BINDTYPE op ID {} IMPL maxdsp LATENCY 2 OPTYPE fmul PRAGMA {} RTLNAME fmul_32ns_32ns_32_3_max_dsp_1_U248 SOURCE src/conv1.cpp:79 VARIABLE mul_8 LOOP VITIS_LOOP_71_3 BUNDLEDNAME {} DSP 3 BRAM 0 URAM 0 DISPNAME {bind_op fmul}} {BINDTYPE op ID {} IMPL fulldsp LATENCY 3 OPTYPE fadd PRAGMA {} RTLNAME fadd_32ns_32ns_32_4_full_dsp_1_U167 SOURCE src/conv1.cpp:79 VARIABLE acc_99 LOOP VITIS_LOOP_71_3 BUNDLEDNAME {} DSP 2 BRAM 0 URAM 0 DISPNAME {bind_op fadd}} {BINDTYPE op ID {} IMPL maxdsp LATENCY 2 OPTYPE fmul PRAGMA {} RTLNAME fmul_32ns_32ns_32_3_max_dsp_1_U249 SOURCE src/conv1.cpp:79 VARIABLE mul_8_1 LOOP VITIS_LOOP_71_3 BUNDLEDNAME {} DSP 3 BRAM 0 URAM 0 DISPNAME {bind_op fmul}} {BINDTYPE op ID {} IMPL fulldsp LATENCY 3 OPTYPE fadd PRAGMA {} RTLNAME fadd_32ns_32ns_32_4_full_dsp_1_U168 SOURCE src/conv1.cpp:79 VARIABLE acc_100 LOOP VITIS_LOOP_71_3 BUNDLEDNAME {} DSP 2 BRAM 0 URAM 0 DISPNAME {bind_op fadd}} {BINDTYPE op ID {} IMPL maxdsp LATENCY 2 OPTYPE fmul PRAGMA {} RTLNAME fmul_32ns_32ns_32_3_max_dsp_1_U250 SOURCE src/conv1.cpp:79 VARIABLE mul_8_2 LOOP VITIS_LOOP_71_3 BUNDLEDNAME {} DSP 3 BRAM 0 URAM 0 DISPNAME {bind_op fmul}} {BINDTYPE op ID {} IMPL fulldsp LATENCY 3 OPTYPE fadd PRAGMA {} RTLNAME fadd_32ns_32ns_32_4_full_dsp_1_U169 SOURCE src/conv1.cpp:79 VARIABLE acc_101 LOOP VITIS_LOOP_71_3 BUNDLEDNAME {} DSP 2 BRAM 0 URAM 0 DISPNAME {bind_op fadd}} {BINDTYPE op ID {} IMPL maxdsp LATENCY 2 OPTYPE fmul PRAGMA {} RTLNAME fmul_32ns_32ns_32_3_max_dsp_1_U251 SOURCE src/conv1.cpp:79 VARIABLE mul_8_3 LOOP VITIS_LOOP_71_3 BUNDLEDNAME {} DSP 3 BRAM 0 URAM 0 DISPNAME {bind_op fmul}} {BINDTYPE op ID {} IMPL fulldsp LATENCY 3 OPTYPE fadd PRAGMA {} RTLNAME fadd_32ns_32ns_32_4_full_dsp_1_U170 SOURCE src/conv1.cpp:79 VARIABLE acc_102 LOOP VITIS_LOOP_71_3 BUNDLEDNAME {} DSP 2 BRAM 0 URAM 0 DISPNAME {bind_op fadd}} {BINDTYPE op ID {} IMPL maxdsp LATENCY 2 OPTYPE fmul PRAGMA {} RTLNAME fmul_32ns_32ns_32_3_max_dsp_1_U252 SOURCE src/conv1.cpp:79 VARIABLE mul_8_4 LOOP VITIS_LOOP_71_3 BUNDLEDNAME {} DSP 3 BRAM 0 URAM 0 DISPNAME {bind_op fmul}} {BINDTYPE op ID {} IMPL fulldsp LATENCY 3 OPTYPE fadd PRAGMA {} RTLNAME fadd_32ns_32ns_32_4_full_dsp_1_U171 SOURCE src/conv1.cpp:79 VARIABLE acc_103 LOOP VITIS_LOOP_71_3 BUNDLEDNAME {} DSP 2 BRAM 0 URAM 0 DISPNAME {bind_op fadd}} {BINDTYPE op ID {} IMPL maxdsp LATENCY 2 OPTYPE fmul PRAGMA {} RTLNAME fmul_32ns_32ns_32_3_max_dsp_1_U253 SOURCE src/conv1.cpp:79 VARIABLE mul_8_5 LOOP VITIS_LOOP_71_3 BUNDLEDNAME {} DSP 3 BRAM 0 URAM 0 DISPNAME {bind_op fmul}} {BINDTYPE op ID {} IMPL fulldsp LATENCY 3 OPTYPE fadd PRAGMA {} RTLNAME fadd_32ns_32ns_32_4_full_dsp_1_U172 SOURCE src/conv1.cpp:79 VARIABLE acc_104 LOOP VITIS_LOOP_71_3 BUNDLEDNAME {} DSP 2 BRAM 0 URAM 0 DISPNAME {bind_op fadd}} {BINDTYPE op ID {} IMPL maxdsp LATENCY 2 OPTYPE fmul PRAGMA {} RTLNAME fmul_32ns_32ns_32_3_max_dsp_1_U254 SOURCE src/conv1.cpp:79 VARIABLE mul_8_6 LOOP VITIS_LOOP_71_3 BUNDLEDNAME {} DSP 3 BRAM 0 URAM 0 DISPNAME {bind_op fmul}} {BINDTYPE op ID {} IMPL fulldsp LATENCY 3 OPTYPE fadd PRAGMA {} RTLNAME fadd_32ns_32ns_32_4_full_dsp_1_U173 SOURCE src/conv1.cpp:79 VARIABLE acc_105 LOOP VITIS_LOOP_71_3 BUNDLEDNAME {} DSP 2 BRAM 0 URAM 0 DISPNAME {bind_op fadd}} {BINDTYPE op ID {} IMPL maxdsp LATENCY 2 OPTYPE fmul PRAGMA {} RTLNAME fmul_32ns_32ns_32_3_max_dsp_1_U255 SOURCE src/conv1.cpp:79 VARIABLE mul_8_7 LOOP VITIS_LOOP_71_3 BUNDLEDNAME {} DSP 3 BRAM 0 URAM 0 DISPNAME {bind_op fmul}} {BINDTYPE op ID {} IMPL fulldsp LATENCY 3 OPTYPE fadd PRAGMA {} RTLNAME fadd_32ns_32ns_32_4_full_dsp_1_U174 SOURCE src/conv1.cpp:79 VARIABLE acc_106 LOOP VITIS_LOOP_71_3 BUNDLEDNAME {} DSP 2 BRAM 0 URAM 0 DISPNAME {bind_op fadd}} {BINDTYPE op ID {} IMPL maxdsp LATENCY 2 OPTYPE fmul PRAGMA {} RTLNAME fmul_32ns_32ns_32_3_max_dsp_1_U256 SOURCE src/conv1.cpp:79 VARIABLE mul_8_8 LOOP VITIS_LOOP_71_3 BUNDLEDNAME {} DSP 3 BRAM 0 URAM 0 DISPNAME {bind_op fmul}} {BINDTYPE op ID {} IMPL fulldsp LATENCY 3 OPTYPE fadd PRAGMA {} RTLNAME fadd_32ns_32ns_32_4_full_dsp_1_U175 SOURCE src/conv1.cpp:79 VARIABLE acc_107 LOOP VITIS_LOOP_71_3 BUNDLEDNAME {} DSP 2 BRAM 0 URAM 0 DISPNAME {bind_op fadd}}} AREA {DSP 280 BRAM 0 URAM 0}} compute_tile_c1 {BINDINFO {{BINDTYPE op ID {} IMPL fabric LATENCY 0 OPTYPE add PRAGMA {} RTLNAME empty_fu_1165_p2 SOURCE {} VARIABLE empty LOOP VITIS_LOOP_68_1 BUNDLEDNAME {} DSP 0 BRAM 0 URAM 0 DISPNAME {bind_op add}} {BINDTYPE op ID {} IMPL fabric LATENCY 0 OPTYPE add PRAGMA {} RTLNAME indvars_iv_next82_fu_1181_p2 SOURCE {} VARIABLE indvars_iv_next82 LOOP VITIS_LOOP_68_1 BUNDLEDNAME {} DSP 0 BRAM 0 URAM 0 DISPNAME {bind_op add}} {BINDTYPE op ID {} IMPL fabric LATENCY 0 OPTYPE add PRAGMA {} RTLNAME empty_73_fu_1212_p2 SOURCE {} VARIABLE empty_73 LOOP VITIS_LOOP_68_1 BUNDLEDNAME {} DSP 0 BRAM 0 URAM 0 DISPNAME {bind_op add}} {BINDTYPE op ID {} IMPL fabric LATENCY 0 OPTYPE add PRAGMA {} RTLNAME empty_74_fu_1218_p2 SOURCE {} VARIABLE empty_74 LOOP VITIS_LOOP_68_1 BUNDLEDNAME {} DSP 0 BRAM 0 URAM 0 DISPNAME {bind_op add}} {BINDTYPE op ID {} IMPL fabric LATENCY 0 OPTYPE add PRAGMA {} RTLNAME empty_75_fu_1244_p2 SOURCE {} VARIABLE empty_75 LOOP VITIS_LOOP_68_1 BUNDLEDNAME {} DSP 0 BRAM 0 URAM 0 DISPNAME {bind_op add}} {BINDTYPE op ID {} IMPL fabric LATENCY 0 OPTYPE add PRAGMA {} RTLNAME empty_76_fu_1250_p2 SOURCE {} VARIABLE empty_76 LOOP VITIS_LOOP_68_1 BUNDLEDNAME {} DSP 0 BRAM 0 URAM 0 DISPNAME {bind_op add}} {BINDTYPE op ID {} IMPL fabric LATENCY 0 OPTYPE add PRAGMA {} RTLNAME empty_77_fu_1276_p2 SOURCE {} VARIABLE empty_77 LOOP VITIS_LOOP_68_1 BUNDLEDNAME {} DSP 0 BRAM 0 URAM 0 DISPNAME {bind_op add}} {BINDTYPE op ID {} IMPL fabric LATENCY 0 OPTYPE add PRAGMA {} RTLNAME empty_78_fu_1282_p2 SOURCE {} VARIABLE empty_78 LOOP VITIS_LOOP_68_1 BUNDLEDNAME {} DSP 0 BRAM 0 URAM 0 DISPNAME {bind_op add}} {BINDTYPE op ID {} IMPL fabric LATENCY 0 OPTYPE add PRAGMA {} RTLNAME empty_79_fu_1308_p2 SOURCE {} VARIABLE empty_79 LOOP VITIS_LOOP_68_1 BUNDLEDNAME {} DSP 0 BRAM 0 URAM 0 DISPNAME {bind_op add}} {BINDTYPE op ID {} IMPL fabric LATENCY 0 OPTYPE add PRAGMA {} RTLNAME empty_80_fu_1314_p2 SOURCE {} VARIABLE empty_80 LOOP VITIS_LOOP_68_1 BUNDLEDNAME {} DSP 0 BRAM 0 URAM 0 DISPNAME {bind_op add}} {BINDTYPE op ID {} IMPL fabric LATENCY 0 OPTYPE add PRAGMA {} RTLNAME empty_81_fu_1340_p2 SOURCE {} VARIABLE empty_81 LOOP VITIS_LOOP_68_1 BUNDLEDNAME {} DSP 0 BRAM 0 URAM 0 DISPNAME {bind_op add}} {BINDTYPE op ID {} IMPL fabric LATENCY 0 OPTYPE add PRAGMA {} RTLNAME empty_82_fu_1346_p2 SOURCE {} VARIABLE empty_82 LOOP VITIS_LOOP_68_1 BUNDLEDNAME {} DSP 0 BRAM 0 URAM 0 DISPNAME {bind_op add}} {BINDTYPE op ID {} IMPL fabric LATENCY 0 OPTYPE add PRAGMA {} RTLNAME empty_83_fu_1372_p2 SOURCE {} VARIABLE empty_83 LOOP VITIS_LOOP_68_1 BUNDLEDNAME {} DSP 0 BRAM 0 URAM 0 DISPNAME {bind_op add}} {BINDTYPE op ID {} IMPL fabric LATENCY 0 OPTYPE add PRAGMA {} RTLNAME empty_84_fu_1378_p2 SOURCE {} VARIABLE empty_84 LOOP VITIS_LOOP_68_1 BUNDLEDNAME {} DSP 0 BRAM 0 URAM 0 DISPNAME {bind_op add}} {BINDTYPE op ID {} IMPL fabric LATENCY 0 OPTYPE add PRAGMA {} RTLNAME empty_85_fu_1404_p2 SOURCE {} VARIABLE empty_85 LOOP VITIS_LOOP_68_1 BUNDLEDNAME {} DSP 0 BRAM 0 URAM 0 DISPNAME {bind_op add}} {BINDTYPE op ID {} IMPL fabric LATENCY 0 OPTYPE add PRAGMA {} RTLNAME empty_86_fu_1410_p2 SOURCE {} VARIABLE empty_86 LOOP VITIS_LOOP_68_1 BUNDLEDNAME {} DSP 0 BRAM 0 URAM 0 DISPNAME {bind_op add}} {BINDTYPE op ID {} IMPL fabric LATENCY 0 OPTYPE add PRAGMA {} RTLNAME empty_87_fu_1436_p2 SOURCE {} VARIABLE empty_87 LOOP VITIS_LOOP_68_1 BUNDLEDNAME {} DSP 0 BRAM 0 URAM 0 DISPNAME {bind_op add}} {BINDTYPE op ID {} IMPL fabric LATENCY 0 OPTYPE add PRAGMA {} RTLNAME empty_89_fu_1450_p2 SOURCE src/conv1.cpp:69 VARIABLE empty_89 LOOP VITIS_LOOP_69_2 BUNDLEDNAME {} DSP 0 BRAM 0 URAM 0 DISPNAME {bind_op add}} {BINDTYPE op ID {} IMPL fabric LATENCY 0 OPTYPE add PRAGMA {} RTLNAME empty_90_fu_1460_p2 SOURCE src/conv1.cpp:69 VARIABLE empty_90 LOOP VITIS_LOOP_69_2 BUNDLEDNAME {} DSP 0 BRAM 0 URAM 0 DISPNAME {bind_op add}} {BINDTYPE op ID {} IMPL fabric LATENCY 0 OPTYPE add PRAGMA {} RTLNAME empty_91_fu_1470_p2 SOURCE src/conv1.cpp:69 VARIABLE empty_91 LOOP VITIS_LOOP_69_2 BUNDLEDNAME {} DSP 0 BRAM 0 URAM 0 DISPNAME {bind_op add}} {BINDTYPE op ID {} IMPL fabric LATENCY 0 OPTYPE add PRAGMA {} RTLNAME empty_92_fu_1480_p2 SOURCE src/conv1.cpp:69 VARIABLE empty_92 LOOP VITIS_LOOP_69_2 BUNDLEDNAME {} DSP 0 BRAM 0 URAM 0 DISPNAME {bind_op add}} {BINDTYPE op ID {} IMPL fabric LATENCY 0 OPTYPE add PRAGMA {} RTLNAME empty_93_fu_1490_p2 SOURCE src/conv1.cpp:69 VARIABLE empty_93 LOOP VITIS_LOOP_69_2 BUNDLEDNAME {} DSP 0 BRAM 0 URAM 0 DISPNAME {bind_op add}} {BINDTYPE op ID {} IMPL fabric LATENCY 0 OPTYPE add PRAGMA {} RTLNAME empty_94_fu_1500_p2 SOURCE src/conv1.cpp:69 VARIABLE empty_94 LOOP VITIS_LOOP_69_2 BUNDLEDNAME {} DSP 0 BRAM 0 URAM 0 DISPNAME {bind_op add}} {BINDTYPE op ID {} IMPL fabric LATENCY 0 OPTYPE add PRAGMA {} RTLNAME empty_95_fu_1510_p2 SOURCE src/conv1.cpp:69 VARIABLE empty_95 LOOP VITIS_LOOP_69_2 BUNDLEDNAME {} DSP 0 BRAM 0 URAM 0 DISPNAME {bind_op add}} {BINDTYPE op ID {} IMPL fabric LATENCY 0 OPTYPE add PRAGMA {} RTLNAME empty_96_fu_1520_p2 SOURCE src/conv1.cpp:69 VARIABLE empty_96 LOOP VITIS_LOOP_69_2 BUNDLEDNAME {} DSP 0 BRAM 0 URAM 0 DISPNAME {bind_op add}} {BINDTYPE op ID {} IMPL fabric LATENCY 0 OPTYPE add PRAGMA {} RTLNAME empty_97_fu_1530_p2 SOURCE src/conv1.cpp:69 VARIABLE empty_97 LOOP VITIS_LOOP_69_2 BUNDLEDNAME {} DSP 0 BRAM 0 URAM 0 DISPNAME {bind_op add}} {BINDTYPE op ID {} IMPL fabric LATENCY 0 OPTYPE add PRAGMA {} RTLNAME add_ln69_fu_1550_p2 SOURCE src/conv1.cpp:69 VARIABLE add_ln69 LOOP VITIS_LOOP_69_2 BUNDLEDNAME {} DSP 0 BRAM 0 URAM 0 DISPNAME {bind_op add}} {BINDTYPE op ID {} IMPL fabric LATENCY 0 OPTYPE add PRAGMA {} RTLNAME empty_98_fu_1570_p2 SOURCE src/conv1.cpp:69 VARIABLE empty_98 LOOP VITIS_LOOP_69_2 BUNDLEDNAME {} DSP 0 BRAM 0 URAM 0 DISPNAME {bind_op add}} {BINDTYPE op ID {} IMPL fabric LATENCY 0 OPTYPE add PRAGMA {} RTLNAME empty_99_fu_1580_p2 SOURCE src/conv1.cpp:69 VARIABLE empty_99 LOOP VITIS_LOOP_69_2 BUNDLEDNAME {} DSP 0 BRAM 0 URAM 0 DISPNAME {bind_op add}} {BINDTYPE op ID {} IMPL fabric LATENCY 0 OPTYPE add PRAGMA {} RTLNAME empty_100_fu_1590_p2 SOURCE src/conv1.cpp:69 VARIABLE empty_100 LOOP VITIS_LOOP_69_2 BUNDLEDNAME {} DSP 0 BRAM 0 URAM 0 DISPNAME {bind_op add}} {BINDTYPE op ID {} IMPL fabric LATENCY 0 OPTYPE add PRAGMA {} RTLNAME empty_101_fu_1600_p2 SOURCE src/conv1.cpp:69 VARIABLE empty_101 LOOP VITIS_LOOP_69_2 BUNDLEDNAME {} DSP 0 BRAM 0 URAM 0 DISPNAME {bind_op add}} {BINDTYPE op ID {} IMPL fabric LATENCY 0 OPTYPE add PRAGMA {} RTLNAME empty_102_fu_1610_p2 SOURCE src/conv1.cpp:69 VARIABLE empty_102 LOOP VITIS_LOOP_69_2 BUNDLEDNAME {} DSP 0 BRAM 0 URAM 0 DISPNAME {bind_op add}} {BINDTYPE op ID {} IMPL fabric LATENCY 0 OPTYPE add PRAGMA {} RTLNAME empty_103_fu_1620_p2 SOURCE src/conv1.cpp:69 VARIABLE empty_103 LOOP VITIS_LOOP_69_2 BUNDLEDNAME {} DSP 0 BRAM 0 URAM 0 DISPNAME {bind_op add}} {BINDTYPE op ID {} IMPL fabric LATENCY 0 OPTYPE add PRAGMA {} RTLNAME empty_104_fu_1630_p2 SOURCE src/conv1.cpp:69 VARIABLE empty_104 LOOP VITIS_LOOP_69_2 BUNDLEDNAME {} DSP 0 BRAM 0 URAM 0 DISPNAME {bind_op add}} {BINDTYPE op ID {} IMPL fabric LATENCY 0 OPTYPE add PRAGMA {} RTLNAME empty_105_fu_1640_p2 SOURCE src/conv1.cpp:69 VARIABLE empty_105 LOOP VITIS_LOOP_69_2 BUNDLEDNAME {} DSP 0 BRAM 0 URAM 0 DISPNAME {bind_op add}} {BINDTYPE op ID {} IMPL fabric LATENCY 0 OPTYPE add PRAGMA {} RTLNAME empty_106_fu_1650_p2 SOURCE src/conv1.cpp:69 VARIABLE empty_106 LOOP VITIS_LOOP_69_2 BUNDLEDNAME {} DSP 0 BRAM 0 URAM 0 DISPNAME {bind_op add}} {BINDTYPE op ID {} IMPL fabric LATENCY 0 OPTYPE add PRAGMA {} RTLNAME empty_107_fu_1664_p2 SOURCE src/conv1.cpp:69 VARIABLE empty_107 LOOP VITIS_LOOP_69_2 BUNDLEDNAME {} DSP 0 BRAM 0 URAM 0 DISPNAME {bind_op add}} {BINDTYPE op ID {} IMPL fabric LATENCY 0 OPTYPE add PRAGMA {} RTLNAME empty_108_fu_1674_p2 SOURCE src/conv1.cpp:69 VARIABLE empty_108 LOOP VITIS_LOOP_69_2 BUNDLEDNAME {} DSP 0 BRAM 0 URAM 0 DISPNAME {bind_op add}} {BINDTYPE op ID {} IMPL fabric LATENCY 0 OPTYPE add PRAGMA {} RTLNAME empty_109_fu_1804_p2 SOURCE src/conv1.cpp:69 VARIABLE empty_109 LOOP VITIS_LOOP_69_2 BUNDLEDNAME {} DSP 0 BRAM 0 URAM 0 DISPNAME {bind_op add}} {BINDTYPE op ID {} IMPL fabric LATENCY 0 OPTYPE add PRAGMA {} RTLNAME empty_110_fu_1867_p2 SOURCE src/conv1.cpp:69 VARIABLE empty_110 LOOP VITIS_LOOP_69_2 BUNDLEDNAME {} DSP 0 BRAM 0 URAM 0 DISPNAME {bind_op add}} {BINDTYPE op ID {} IMPL fabric LATENCY 0 OPTYPE add PRAGMA {} RTLNAME empty_111_fu_1930_p2 SOURCE src/conv1.cpp:69 VARIABLE empty_111 LOOP VITIS_LOOP_69_2 BUNDLEDNAME {} DSP 0 BRAM 0 URAM 0 DISPNAME {bind_op add}} {BINDTYPE op ID {} IMPL fabric LATENCY 0 OPTYPE add PRAGMA {} RTLNAME empty_112_fu_1993_p2 SOURCE src/conv1.cpp:69 VARIABLE empty_112 LOOP VITIS_LOOP_69_2 BUNDLEDNAME {} DSP 0 BRAM 0 URAM 0 DISPNAME {bind_op add}} {BINDTYPE op ID {} IMPL fabric LATENCY 0 OPTYPE add PRAGMA {} RTLNAME empty_113_fu_2056_p2 SOURCE src/conv1.cpp:69 VARIABLE empty_113 LOOP VITIS_LOOP_69_2 BUNDLEDNAME {} DSP 0 BRAM 0 URAM 0 DISPNAME {bind_op add}} {BINDTYPE op ID {} IMPL fabric LATENCY 0 OPTYPE add PRAGMA {} RTLNAME empty_114_fu_2119_p2 SOURCE src/conv1.cpp:69 VARIABLE empty_114 LOOP VITIS_LOOP_69_2 BUNDLEDNAME {} DSP 0 BRAM 0 URAM 0 DISPNAME {bind_op add}} {BINDTYPE op ID {} IMPL fabric LATENCY 0 OPTYPE add PRAGMA {} RTLNAME empty_115_fu_2182_p2 SOURCE src/conv1.cpp:69 VARIABLE empty_115 LOOP VITIS_LOOP_69_2 BUNDLEDNAME {} DSP 0 BRAM 0 URAM 0 DISPNAME {bind_op add}} {BINDTYPE op ID {} IMPL fabric LATENCY 0 OPTYPE add PRAGMA {} RTLNAME empty_116_fu_2218_p2 SOURCE src/conv1.cpp:69 VARIABLE empty_116 LOOP VITIS_LOOP_69_2 BUNDLEDNAME {} DSP 0 BRAM 0 URAM 0 DISPNAME {bind_op add}} {BINDTYPE op ID {} IMPL fabric LATENCY 0 OPTYPE add PRAGMA {} RTLNAME empty_117_fu_1684_p2 SOURCE src/conv1.cpp:69 VARIABLE empty_117 LOOP VITIS_LOOP_69_2 BUNDLEDNAME {} DSP 0 BRAM 0 URAM 0 DISPNAME {bind_op add}} {BINDTYPE op ID {} IMPL fabric LATENCY 0 OPTYPE add PRAGMA {} RTLNAME empty_118_fu_1694_p2 SOURCE src/conv1.cpp:69 VARIABLE empty_118 LOOP VITIS_LOOP_69_2 BUNDLEDNAME {} DSP 0 BRAM 0 URAM 0 DISPNAME {bind_op add}} {BINDTYPE op ID {} IMPL fabric LATENCY 0 OPTYPE add PRAGMA {} RTLNAME empty_119_fu_1813_p2 SOURCE src/conv1.cpp:69 VARIABLE empty_119 LOOP VITIS_LOOP_69_2 BUNDLEDNAME {} DSP 0 BRAM 0 URAM 0 DISPNAME {bind_op add}} {BINDTYPE op ID {} IMPL fabric LATENCY 0 OPTYPE add PRAGMA {} RTLNAME empty_120_fu_1876_p2 SOURCE src/conv1.cpp:69 VARIABLE empty_120 LOOP VITIS_LOOP_69_2 BUNDLEDNAME {} DSP 0 BRAM 0 URAM 0 DISPNAME {bind_op add}} {BINDTYPE op ID {} IMPL fabric LATENCY 0 OPTYPE add PRAGMA {} RTLNAME empty_121_fu_1939_p2 SOURCE src/conv1.cpp:69 VARIABLE empty_121 LOOP VITIS_LOOP_69_2 BUNDLEDNAME {} DSP 0 BRAM 0 URAM 0 DISPNAME {bind_op add}} {BINDTYPE op ID {} IMPL fabric LATENCY 0 OPTYPE add PRAGMA {} RTLNAME empty_122_fu_2002_p2 SOURCE src/conv1.cpp:69 VARIABLE empty_122 LOOP VITIS_LOOP_69_2 BUNDLEDNAME {} DSP 0 BRAM 0 URAM 0 DISPNAME {bind_op add}} {BINDTYPE op ID {} IMPL fabric LATENCY 0 OPTYPE add PRAGMA {} RTLNAME empty_123_fu_2065_p2 SOURCE src/conv1.cpp:69 VARIABLE empty_123 LOOP VITIS_LOOP_69_2 BUNDLEDNAME {} DSP 0 BRAM 0 URAM 0 DISPNAME {bind_op add}} {BINDTYPE op ID {} IMPL fabric LATENCY 0 OPTYPE add PRAGMA {} RTLNAME empty_124_fu_2128_p2 SOURCE src/conv1.cpp:69 VARIABLE empty_124 LOOP VITIS_LOOP_69_2 BUNDLEDNAME {} DSP 0 BRAM 0 URAM 0 DISPNAME {bind_op add}} {BINDTYPE op ID {} IMPL fabric LATENCY 0 OPTYPE add PRAGMA {} RTLNAME empty_125_fu_2191_p2 SOURCE src/conv1.cpp:69 VARIABLE empty_125 LOOP VITIS_LOOP_69_2 BUNDLEDNAME {} DSP 0 BRAM 0 URAM 0 DISPNAME {bind_op add}} {BINDTYPE op ID {} IMPL fabric LATENCY 0 OPTYPE add PRAGMA {} RTLNAME empty_126_fu_2222_p2 SOURCE src/conv1.cpp:69 VARIABLE empty_126 LOOP VITIS_LOOP_69_2 BUNDLEDNAME {} DSP 0 BRAM 0 URAM 0 DISPNAME {bind_op add}} {BINDTYPE op ID {} IMPL fabric LATENCY 0 OPTYPE add PRAGMA {} RTLNAME empty_127_fu_1704_p2 SOURCE src/conv1.cpp:69 VARIABLE empty_127 LOOP VITIS_LOOP_69_2 BUNDLEDNAME {} DSP 0 BRAM 0 URAM 0 DISPNAME {bind_op add}} {BINDTYPE op ID {} IMPL fabric LATENCY 0 OPTYPE add PRAGMA {} RTLNAME empty_128_fu_1714_p2 SOURCE src/conv1.cpp:69 VARIABLE empty_128 LOOP VITIS_LOOP_69_2 BUNDLEDNAME {} DSP 0 BRAM 0 URAM 0 DISPNAME {bind_op add}} {BINDTYPE op ID {} IMPL fabric LATENCY 0 OPTYPE add PRAGMA {} RTLNAME empty_129_fu_1822_p2 SOURCE src/conv1.cpp:69 VARIABLE empty_129 LOOP VITIS_LOOP_69_2 BUNDLEDNAME {} DSP 0 BRAM 0 URAM 0 DISPNAME {bind_op add}} {BINDTYPE op ID {} IMPL fabric LATENCY 0 OPTYPE add PRAGMA {} RTLNAME empty_130_fu_1885_p2 SOURCE src/conv1.cpp:69 VARIABLE empty_130 LOOP VITIS_LOOP_69_2 BUNDLEDNAME {} DSP 0 BRAM 0 URAM 0 DISPNAME {bind_op add}} {BINDTYPE op ID {} IMPL fabric LATENCY 0 OPTYPE add PRAGMA {} RTLNAME empty_131_fu_1948_p2 SOURCE src/conv1.cpp:69 VARIABLE empty_131 LOOP VITIS_LOOP_69_2 BUNDLEDNAME {} DSP 0 BRAM 0 URAM 0 DISPNAME {bind_op add}} {BINDTYPE op ID {} IMPL fabric LATENCY 0 OPTYPE add PRAGMA {} RTLNAME empty_132_fu_2011_p2 SOURCE src/conv1.cpp:69 VARIABLE empty_132 LOOP VITIS_LOOP_69_2 BUNDLEDNAME {} DSP 0 BRAM 0 URAM 0 DISPNAME {bind_op add}} {BINDTYPE op ID {} IMPL fabric LATENCY 0 OPTYPE add PRAGMA {} RTLNAME empty_133_fu_2074_p2 SOURCE src/conv1.cpp:69 VARIABLE empty_133 LOOP VITIS_LOOP_69_2 BUNDLEDNAME {} DSP 0 BRAM 0 URAM 0 DISPNAME {bind_op add}} {BINDTYPE op ID {} IMPL fabric LATENCY 0 OPTYPE add PRAGMA {} RTLNAME empty_134_fu_2137_p2 SOURCE src/conv1.cpp:69 VARIABLE empty_134 LOOP VITIS_LOOP_69_2 BUNDLEDNAME {} DSP 0 BRAM 0 URAM 0 DISPNAME {bind_op add}} {BINDTYPE op ID {} IMPL fabric LATENCY 0 OPTYPE add PRAGMA {} RTLNAME empty_135_fu_2200_p2 SOURCE src/conv1.cpp:69 VARIABLE empty_135 LOOP VITIS_LOOP_69_2 BUNDLEDNAME {} DSP 0 BRAM 0 URAM 0 DISPNAME {bind_op add}} {BINDTYPE op ID {} IMPL fabric LATENCY 0 OPTYPE add PRAGMA {} RTLNAME empty_136_fu_2226_p2 SOURCE src/conv1.cpp:69 VARIABLE empty_136 LOOP VITIS_LOOP_69_2 BUNDLEDNAME {} DSP 0 BRAM 0 URAM 0 DISPNAME {bind_op add}} {BINDTYPE op ID {} IMPL fabric LATENCY 0 OPTYPE add PRAGMA {} RTLNAME empty_137_fu_1724_p2 SOURCE src/conv1.cpp:69 VARIABLE empty_137 LOOP VITIS_LOOP_69_2 BUNDLEDNAME {} DSP 0 BRAM 0 URAM 0 DISPNAME {bind_op add}} {BINDTYPE op ID {} IMPL fabric LATENCY 0 OPTYPE add PRAGMA {} RTLNAME empty_138_fu_1734_p2 SOURCE src/conv1.cpp:69 VARIABLE empty_138 LOOP VITIS_LOOP_69_2 BUNDLEDNAME {} DSP 0 BRAM 0 URAM 0 DISPNAME {bind_op add}} {BINDTYPE op ID {} IMPL fabric LATENCY 0 OPTYPE add PRAGMA {} RTLNAME empty_139_fu_1831_p2 SOURCE src/conv1.cpp:69 VARIABLE empty_139 LOOP VITIS_LOOP_69_2 BUNDLEDNAME {} DSP 0 BRAM 0 URAM 0 DISPNAME {bind_op add}} {BINDTYPE op ID {} IMPL fabric LATENCY 0 OPTYPE add PRAGMA {} RTLNAME empty_140_fu_1894_p2 SOURCE src/conv1.cpp:69 VARIABLE empty_140 LOOP VITIS_LOOP_69_2 BUNDLEDNAME {} DSP 0 BRAM 0 URAM 0 DISPNAME {bind_op add}} {BINDTYPE op ID {} IMPL fabric LATENCY 0 OPTYPE add PRAGMA {} RTLNAME empty_141_fu_1957_p2 SOURCE src/conv1.cpp:69 VARIABLE empty_141 LOOP VITIS_LOOP_69_2 BUNDLEDNAME {} DSP 0 BRAM 0 URAM 0 DISPNAME {bind_op add}} {BINDTYPE op ID {} IMPL fabric LATENCY 0 OPTYPE add PRAGMA {} RTLNAME empty_142_fu_2020_p2 SOURCE src/conv1.cpp:69 VARIABLE empty_142 LOOP VITIS_LOOP_69_2 BUNDLEDNAME {} DSP 0 BRAM 0 URAM 0 DISPNAME {bind_op add}} {BINDTYPE op ID {} IMPL fabric LATENCY 0 OPTYPE add PRAGMA {} RTLNAME empty_143_fu_2083_p2 SOURCE src/conv1.cpp:69 VARIABLE empty_143 LOOP VITIS_LOOP_69_2 BUNDLEDNAME {} DSP 0 BRAM 0 URAM 0 DISPNAME {bind_op add}} {BINDTYPE op ID {} IMPL fabric LATENCY 0 OPTYPE add PRAGMA {} RTLNAME empty_144_fu_2146_p2 SOURCE src/conv1.cpp:69 VARIABLE empty_144 LOOP VITIS_LOOP_69_2 BUNDLEDNAME {} DSP 0 BRAM 0 URAM 0 DISPNAME {bind_op add}} {BINDTYPE op ID {} IMPL fabric LATENCY 0 OPTYPE add PRAGMA {} RTLNAME empty_145_fu_2209_p2 SOURCE src/conv1.cpp:69 VARIABLE empty_145 LOOP VITIS_LOOP_69_2 BUNDLEDNAME {} DSP 0 BRAM 0 URAM 0 DISPNAME {bind_op add}} {BINDTYPE op ID {} IMPL fabric LATENCY 0 OPTYPE add PRAGMA {} RTLNAME empty_146_fu_2230_p2 SOURCE src/conv1.cpp:69 VARIABLE empty_146 LOOP VITIS_LOOP_69_2 BUNDLEDNAME {} DSP 0 BRAM 0 URAM 0 DISPNAME {bind_op add}} {BINDTYPE op ID {} IMPL fabric LATENCY 0 OPTYPE add PRAGMA {} RTLNAME empty_147_fu_1744_p2 SOURCE src/conv1.cpp:69 VARIABLE empty_147 LOOP VITIS_LOOP_69_2 BUNDLEDNAME {} DSP 0 BRAM 0 URAM 0 DISPNAME {bind_op add}} {BINDTYPE op ID {} IMPL fabric LATENCY 0 OPTYPE add PRAGMA {} RTLNAME empty_148_fu_1754_p2 SOURCE src/conv1.cpp:69 VARIABLE empty_148 LOOP VITIS_LOOP_69_2 BUNDLEDNAME {} DSP 0 BRAM 0 URAM 0 DISPNAME {bind_op add}} {BINDTYPE op ID {} IMPL fabric LATENCY 0 OPTYPE add PRAGMA {} RTLNAME empty_149_fu_1840_p2 SOURCE src/conv1.cpp:69 VARIABLE empty_149 LOOP VITIS_LOOP_69_2 BUNDLEDNAME {} DSP 0 BRAM 0 URAM 0 DISPNAME {bind_op add}} {BINDTYPE op ID {} IMPL fabric LATENCY 0 OPTYPE add PRAGMA {} RTLNAME empty_150_fu_1903_p2 SOURCE src/conv1.cpp:69 VARIABLE empty_150 LOOP VITIS_LOOP_69_2 BUNDLEDNAME {} DSP 0 BRAM 0 URAM 0 DISPNAME {bind_op add}} {BINDTYPE op ID {} IMPL fabric LATENCY 0 OPTYPE add PRAGMA {} RTLNAME empty_151_fu_1966_p2 SOURCE src/conv1.cpp:69 VARIABLE empty_151 LOOP VITIS_LOOP_69_2 BUNDLEDNAME {} DSP 0 BRAM 0 URAM 0 DISPNAME {bind_op add}} {BINDTYPE op ID {} IMPL fabric LATENCY 0 OPTYPE add PRAGMA {} RTLNAME empty_152_fu_2029_p2 SOURCE src/conv1.cpp:69 VARIABLE empty_152 LOOP VITIS_LOOP_69_2 BUNDLEDNAME {} DSP 0 BRAM 0 URAM 0 DISPNAME {bind_op add}} {BINDTYPE op ID {} IMPL fabric LATENCY 0 OPTYPE add PRAGMA {} RTLNAME empty_153_fu_2092_p2 SOURCE src/conv1.cpp:69 VARIABLE empty_153 LOOP VITIS_LOOP_69_2 BUNDLEDNAME {} DSP 0 BRAM 0 URAM 0 DISPNAME {bind_op add}} {BINDTYPE op ID {} IMPL fabric LATENCY 0 OPTYPE add PRAGMA {} RTLNAME empty_154_fu_2155_p2 SOURCE src/conv1.cpp:69 VARIABLE empty_154 LOOP VITIS_LOOP_69_2 BUNDLEDNAME {} DSP 0 BRAM 0 URAM 0 DISPNAME {bind_op add}} {BINDTYPE op ID {} IMPL fabric LATENCY 0 OPTYPE add PRAGMA {} RTLNAME empty_155_fu_2234_p2 SOURCE src/conv1.cpp:69 VARIABLE empty_155 LOOP VITIS_LOOP_69_2 BUNDLEDNAME {} DSP 0 BRAM 0 URAM 0 DISPNAME {bind_op add}} {BINDTYPE op ID {} IMPL fabric LATENCY 0 OPTYPE add PRAGMA {} RTLNAME empty_156_fu_2243_p2 SOURCE src/conv1.cpp:69 VARIABLE empty_156 LOOP VITIS_LOOP_69_2 BUNDLEDNAME {} DSP 0 BRAM 0 URAM 0 DISPNAME {bind_op add}} {BINDTYPE op ID {} IMPL fabric LATENCY 0 OPTYPE add PRAGMA {} RTLNAME empty_157_fu_1764_p2 SOURCE src/conv1.cpp:69 VARIABLE empty_157 LOOP VITIS_LOOP_69_2 BUNDLEDNAME {} DSP 0 BRAM 0 URAM 0 DISPNAME {bind_op add}} {BINDTYPE op ID {} IMPL fabric LATENCY 0 OPTYPE add PRAGMA {} RTLNAME empty_158_fu_1774_p2 SOURCE src/conv1.cpp:69 VARIABLE empty_158 LOOP VITIS_LOOP_69_2 BUNDLEDNAME {} DSP 0 BRAM 0 URAM 0 DISPNAME {bind_op add}} {BINDTYPE op ID {} IMPL fabric LATENCY 0 OPTYPE add PRAGMA {} RTLNAME empty_159_fu_1849_p2 SOURCE src/conv1.cpp:69 VARIABLE empty_159 LOOP VITIS_LOOP_69_2 BUNDLEDNAME {} DSP 0 BRAM 0 URAM 0 DISPNAME {bind_op add}} {BINDTYPE op ID {} IMPL fabric LATENCY 0 OPTYPE add PRAGMA {} RTLNAME empty_160_fu_1912_p2 SOURCE src/conv1.cpp:69 VARIABLE empty_160 LOOP VITIS_LOOP_69_2 BUNDLEDNAME {} DSP 0 BRAM 0 URAM 0 DISPNAME {bind_op add}} {BINDTYPE op ID {} IMPL fabric LATENCY 0 OPTYPE add PRAGMA {} RTLNAME empty_161_fu_1975_p2 SOURCE src/conv1.cpp:69 VARIABLE empty_161 LOOP VITIS_LOOP_69_2 BUNDLEDNAME {} DSP 0 BRAM 0 URAM 0 DISPNAME {bind_op add}} {BINDTYPE op ID {} IMPL fabric LATENCY 0 OPTYPE add PRAGMA {} RTLNAME empty_162_fu_2038_p2 SOURCE src/conv1.cpp:69 VARIABLE empty_162 LOOP VITIS_LOOP_69_2 BUNDLEDNAME {} DSP 0 BRAM 0 URAM 0 DISPNAME {bind_op add}} {BINDTYPE op ID {} IMPL fabric LATENCY 0 OPTYPE add PRAGMA {} RTLNAME empty_163_fu_2101_p2 SOURCE src/conv1.cpp:69 VARIABLE empty_163 LOOP VITIS_LOOP_69_2 BUNDLEDNAME {} DSP 0 BRAM 0 URAM 0 DISPNAME {bind_op add}} {BINDTYPE op ID {} IMPL fabric LATENCY 0 OPTYPE add PRAGMA {} RTLNAME empty_164_fu_2164_p2 SOURCE src/conv1.cpp:69 VARIABLE empty_164 LOOP VITIS_LOOP_69_2 BUNDLEDNAME {} DSP 0 BRAM 0 URAM 0 DISPNAME {bind_op add}} {BINDTYPE op ID {} IMPL fabric LATENCY 0 OPTYPE add PRAGMA {} RTLNAME empty_165_fu_2247_p2 SOURCE src/conv1.cpp:69 VARIABLE empty_165 LOOP VITIS_LOOP_69_2 BUNDLEDNAME {} DSP 0 BRAM 0 URAM 0 DISPNAME {bind_op add}} {BINDTYPE op ID {} IMPL fabric LATENCY 0 OPTYPE add PRAGMA {} RTLNAME empty_166_fu_2256_p2 SOURCE src/conv1.cpp:69 VARIABLE empty_166 LOOP VITIS_LOOP_69_2 BUNDLEDNAME {} DSP 0 BRAM 0 URAM 0 DISPNAME {bind_op add}} {BINDTYPE op ID {} IMPL fabric LATENCY 0 OPTYPE add PRAGMA {} RTLNAME empty_167_fu_1784_p2 SOURCE src/conv1.cpp:69 VARIABLE empty_167 LOOP VITIS_LOOP_69_2 BUNDLEDNAME {} DSP 0 BRAM 0 URAM 0 DISPNAME {bind_op add}} {BINDTYPE op ID {} IMPL fabric LATENCY 0 OPTYPE add PRAGMA {} RTLNAME empty_168_fu_1794_p2 SOURCE src/conv1.cpp:69 VARIABLE empty_168 LOOP VITIS_LOOP_69_2 BUNDLEDNAME {} DSP 0 BRAM 0 URAM 0 DISPNAME {bind_op add}} {BINDTYPE op ID {} IMPL fabric LATENCY 0 OPTYPE add PRAGMA {} RTLNAME empty_169_fu_1858_p2 SOURCE src/conv1.cpp:69 VARIABLE empty_169 LOOP VITIS_LOOP_69_2 BUNDLEDNAME {} DSP 0 BRAM 0 URAM 0 DISPNAME {bind_op add}} {BINDTYPE op ID {} IMPL fabric LATENCY 0 OPTYPE add PRAGMA {} RTLNAME empty_170_fu_1921_p2 SOURCE src/conv1.cpp:69 VARIABLE empty_170 LOOP VITIS_LOOP_69_2 BUNDLEDNAME {} DSP 0 BRAM 0 URAM 0 DISPNAME {bind_op add}} {BINDTYPE op ID {} IMPL fabric LATENCY 0 OPTYPE add PRAGMA {} RTLNAME empty_171_fu_1984_p2 SOURCE src/conv1.cpp:69 VARIABLE empty_171 LOOP VITIS_LOOP_69_2 BUNDLEDNAME {} DSP 0 BRAM 0 URAM 0 DISPNAME {bind_op add}} {BINDTYPE op ID {} IMPL fabric LATENCY 0 OPTYPE add PRAGMA {} RTLNAME empty_172_fu_2047_p2 SOURCE src/conv1.cpp:69 VARIABLE empty_172 LOOP VITIS_LOOP_69_2 BUNDLEDNAME {} DSP 0 BRAM 0 URAM 0 DISPNAME {bind_op add}} {BINDTYPE op ID {} IMPL fabric LATENCY 0 OPTYPE add PRAGMA {} RTLNAME empty_173_fu_2110_p2 SOURCE src/conv1.cpp:69 VARIABLE empty_173 LOOP VITIS_LOOP_69_2 BUNDLEDNAME {} DSP 0 BRAM 0 URAM 0 DISPNAME {bind_op add}} {BINDTYPE op ID {} IMPL fabric LATENCY 0 OPTYPE add PRAGMA {} RTLNAME empty_174_fu_2173_p2 SOURCE src/conv1.cpp:69 VARIABLE empty_174 LOOP VITIS_LOOP_69_2 BUNDLEDNAME {} DSP 0 BRAM 0 URAM 0 DISPNAME {bind_op add}} {BINDTYPE op ID {} IMPL fabric LATENCY 0 OPTYPE add PRAGMA {} RTLNAME empty_175_fu_2260_p2 SOURCE src/conv1.cpp:69 VARIABLE empty_175 LOOP VITIS_LOOP_69_2 BUNDLEDNAME {} DSP 0 BRAM 0 URAM 0 DISPNAME {bind_op add}} {BINDTYPE op ID {} IMPL fabric LATENCY 0 OPTYPE add PRAGMA {} RTLNAME empty_176_fu_2264_p2 SOURCE src/conv1.cpp:69 VARIABLE empty_176 LOOP VITIS_LOOP_69_2 BUNDLEDNAME {} DSP 0 BRAM 0 URAM 0 DISPNAME {bind_op add}}} AREA {DSP 280 BRAM 0 URAM 0}} conv1_Pipeline_VITIS_LOOP_94_1_VITIS_LOOP_95_2_VITIS_LOOP_96_3 {BINDINFO {{BINDTYPE op ID {} IMPL fabric LATENCY 0 OPTYPE add PRAGMA {} RTLNAME empty_fu_226_p2 SOURCE src/conv1.cpp:95 VARIABLE empty LOOP VITIS_LOOP_94_1_VITIS_LOOP_95_2_VITIS_LOOP_96_3 BUNDLEDNAME {} DSP 0 BRAM 0 URAM 0 DISPNAME {bind_op add}} {BINDTYPE op ID {} IMPL fabric LATENCY 0 OPTYPE add PRAGMA {} RTLNAME add_ln94_3_fu_237_p2 SOURCE src/conv1.cpp:94 VARIABLE add_ln94_3 LOOP VITIS_LOOP_94_1_VITIS_LOOP_95_2_VITIS_LOOP_96_3 BUNDLEDNAME {} DSP 0 BRAM 0 URAM 0 DISPNAME {bind_op add}} {BINDTYPE op ID {} IMPL fabric LATENCY 0 OPTYPE add PRAGMA {} RTLNAME add_ln94_fu_249_p2 SOURCE src/conv1.cpp:94 VARIABLE add_ln94 LOOP VITIS_LOOP_94_1_VITIS_LOOP_95_2_VITIS_LOOP_96_3 BUNDLEDNAME {} DSP 0 BRAM 0 URAM 0 DISPNAME {bind_op add}} {BINDTYPE op ID {} IMPL fabric LATENCY 0 OPTYPE add PRAGMA {} RTLNAME add_ln94_4_fu_293_p2 SOURCE src/conv1.cpp:94 VARIABLE add_ln94_4 LOOP VITIS_LOOP_94_1_VITIS_LOOP_95_2_VITIS_LOOP_96_3 BUNDLEDNAME {} DSP 0 BRAM 0 URAM 0 DISPNAME {bind_op add}} {BINDTYPE op ID {} IMPL fabric LATENCY 0 OPTYPE sub PRAGMA {} RTLNAME sub_ln99_fu_319_p2 SOURCE src/conv1.cpp:99 VARIABLE sub_ln99 LOOP VITIS_LOOP_94_1_VITIS_LOOP_95_2_VITIS_LOOP_96_3 BUNDLEDNAME {} DSP 0 BRAM 0 URAM 0 DISPNAME {bind_op sub}} {BINDTYPE op ID {} IMPL fabric LATENCY 0 OPTYPE add PRAGMA {} RTLNAME add_ln95_fu_367_p2 SOURCE src/conv1.cpp:95 VARIABLE add_ln95 LOOP VITIS_LOOP_94_1_VITIS_LOOP_95_2_VITIS_LOOP_96_3 BUNDLEDNAME {} DSP 0 BRAM 0 URAM 0 DISPNAME {bind_op add}} {BINDTYPE op ID {} IMPL fabric LATENCY 0 OPTYPE add PRAGMA {} RTLNAME add_ln99_2_fu_399_p2 SOURCE src/conv1.cpp:99 VARIABLE add_ln99_2 LOOP VITIS_LOOP_94_1_VITIS_LOOP_95_2_VITIS_LOOP_96_3 BUNDLEDNAME {} DSP 0 BRAM 0 URAM 0 DISPNAME {bind_op add}} {BINDTYPE op ID {} IMPL fabric LATENCY 0 OPTYPE add PRAGMA {} RTLNAME p_mid1141_fu_434_p2 SOURCE src/conv1.cpp:95 VARIABLE p_mid1141 LOOP VITIS_LOOP_94_1_VITIS_LOOP_95_2_VITIS_LOOP_96_3 BUNDLEDNAME {} DSP 0 BRAM 0 URAM 0 DISPNAME {bind_op add}} {BINDTYPE op ID {} IMPL fabric LATENCY 0 OPTYPE add PRAGMA {} RTLNAME add_ln99_3_fu_451_p2 SOURCE src/conv1.cpp:99 VARIABLE add_ln99_3 LOOP VITIS_LOOP_94_1_VITIS_LOOP_95_2_VITIS_LOOP_96_3 BUNDLEDNAME {} DSP 0 BRAM 0 URAM 0 DISPNAME {bind_op add}} {BINDTYPE op ID {} IMPL fabric LATENCY 0 OPTYPE sub PRAGMA {} RTLNAME sub_ln99_1_fu_473_p2 SOURCE src/conv1.cpp:99 VARIABLE sub_ln99_1 LOOP VITIS_LOOP_94_1_VITIS_LOOP_95_2_VITIS_LOOP_96_3 BUNDLEDNAME {} DSP 0 BRAM 0 URAM 0 DISPNAME {bind_op sub}} {BINDTYPE op ID {} IMPL fabric LATENCY 0 OPTYPE add PRAGMA {} RTLNAME add_ln99_4_fu_483_p2 SOURCE src/conv1.cpp:99 VARIABLE add_ln99_4 LOOP VITIS_LOOP_94_1_VITIS_LOOP_95_2_VITIS_LOOP_96_3 BUNDLEDNAME {} DSP 0 BRAM 0 URAM 0 DISPNAME {bind_op add}} {BINDTYPE op ID {} IMPL fabric LATENCY 0 OPTYPE add PRAGMA {} RTLNAME add_ln99_fu_513_p2 SOURCE src/conv1.cpp:99 VARIABLE add_ln99 LOOP VITIS_LOOP_94_1_VITIS_LOOP_95_2_VITIS_LOOP_96_3 BUNDLEDNAME {} DSP 0 BRAM 0 URAM 0 DISPNAME {bind_op add}} {BINDTYPE op ID {} IMPL fabric LATENCY 0 OPTYPE add PRAGMA {} RTLNAME add_ln99_5_fu_522_p2 SOURCE src/conv1.cpp:99 VARIABLE add_ln99_5 LOOP VITIS_LOOP_94_1_VITIS_LOOP_95_2_VITIS_LOOP_96_3 BUNDLEDNAME {} DSP 0 BRAM 0 URAM 0 DISPNAME {bind_op add}} {BINDTYPE op ID {} IMPL fabric LATENCY 0 OPTYPE add PRAGMA {} RTLNAME add_ln96_fu_528_p2 SOURCE src/conv1.cpp:96 VARIABLE add_ln96 LOOP VITIS_LOOP_94_1_VITIS_LOOP_95_2_VITIS_LOOP_96_3 BUNDLEDNAME {} DSP 0 BRAM 0 URAM 0 DISPNAME {bind_op add}} {BINDTYPE op ID {} IMPL fabric LATENCY 0 OPTYPE add PRAGMA {} RTLNAME add_ln95_1_fu_534_p2 SOURCE src/conv1.cpp:95 VARIABLE add_ln95_1 LOOP VITIS_LOOP_94_1_VITIS_LOOP_95_2_VITIS_LOOP_96_3 BUNDLEDNAME {} DSP 0 BRAM 0 URAM 0 DISPNAME {bind_op add}}} AREA {DSP 0 BRAM 0 URAM 0}} conv1 {BINDINFO {{BINDTYPE op ID {} IMPL fabric LATENCY 0 OPTYPE add PRAGMA {} RTLNAME add_ln120_fu_673_p2 SOURCE src/conv1.cpp:120 VARIABLE add_ln120 LOOP VITIS_LOOP_115_1_VITIS_LOOP_119_2_VITIS_LOOP_121_3 BUNDLEDNAME {} DSP 0 BRAM 0 URAM 0 DISPNAME {bind_op add}} {BINDTYPE op ID {} IMPL fabric LATENCY 0 OPTYPE add PRAGMA {} RTLNAME add_i_fu_709_p2 SOURCE src/conv1.cpp:120 VARIABLE add_i LOOP VITIS_LOOP_115_1_VITIS_LOOP_119_2_VITIS_LOOP_121_3 BUNDLEDNAME {} DSP 0 BRAM 0 URAM 0 DISPNAME {bind_op add}} {BINDTYPE op ID {} IMPL fabric LATENCY 0 OPTYPE add PRAGMA {} RTLNAME add_ln115_fu_721_p2 SOURCE src/conv1.cpp:115 VARIABLE add_ln115 LOOP VITIS_LOOP_115_1_VITIS_LOOP_119_2_VITIS_LOOP_121_3 BUNDLEDNAME {} DSP 0 BRAM 0 URAM 0 DISPNAME {bind_op add}} {BINDTYPE op ID {} IMPL fabric LATENCY 0 OPTYPE add PRAGMA {} RTLNAME add_ln116_fu_736_p2 SOURCE src/conv1.cpp:116 VARIABLE add_ln116 LOOP VITIS_LOOP_115_1_VITIS_LOOP_119_2_VITIS_LOOP_121_3 BUNDLEDNAME {} DSP 0 BRAM 0 URAM 0 DISPNAME {bind_op add}} {BINDTYPE op ID {} IMPL fabric LATENCY 0 OPTYPE add PRAGMA {} RTLNAME add_ln120_1_fu_813_p2 SOURCE src/conv1.cpp:120 VARIABLE add_ln120_1 LOOP VITIS_LOOP_115_1_VITIS_LOOP_119_2_VITIS_LOOP_121_3 BUNDLEDNAME {} DSP 0 BRAM 0 URAM 0 DISPNAME {bind_op add}} {BINDTYPE op ID {} IMPL fabric LATENCY 0 OPTYPE add PRAGMA {} RTLNAME add_ln120_2_fu_837_p2 SOURCE src/conv1.cpp:120 VARIABLE add_ln120_2 LOOP VITIS_LOOP_115_1_VITIS_LOOP_119_2_VITIS_LOOP_121_3 BUNDLEDNAME {} DSP 0 BRAM 0 URAM 0 DISPNAME {bind_op add}} {BINDTYPE op ID {} IMPL fabric LATENCY 0 OPTYPE add PRAGMA {} RTLNAME add_i_mid1_fu_891_p2 SOURCE src/conv1.cpp:120 VARIABLE add_i_mid1 LOOP VITIS_LOOP_115_1_VITIS_LOOP_119_2_VITIS_LOOP_121_3 BUNDLEDNAME {} DSP 0 BRAM 0 URAM 0 DISPNAME {bind_op add}} {BINDTYPE op ID {} IMPL fabric LATENCY 0 OPTYPE add PRAGMA {} RTLNAME add_ln122_fu_905_p2 SOURCE src/conv1.cpp:122 VARIABLE add_ln122 LOOP VITIS_LOOP_115_1_VITIS_LOOP_119_2_VITIS_LOOP_121_3 BUNDLEDNAME {} DSP 0 BRAM 0 URAM 0 DISPNAME {bind_op add}} {BINDTYPE op ID {} IMPL fabric LATENCY 0 OPTYPE add PRAGMA {} RTLNAME add6_i_fu_943_p2 SOURCE src/conv1.cpp:122 VARIABLE add6_i LOOP VITIS_LOOP_115_1_VITIS_LOOP_119_2_VITIS_LOOP_121_3 BUNDLEDNAME {} DSP 0 BRAM 0 URAM 0 DISPNAME {bind_op add}} {BINDTYPE op ID {} IMPL auto LATENCY 0 OPTYPE mul PRAGMA {} RTLNAME mul_9ns_9ns_17_1_1_U568 SOURCE src/conv1.cpp:32 VARIABLE mul_ln32 LOOP VITIS_LOOP_115_1_VITIS_LOOP_119_2_VITIS_LOOP_121_3 BUNDLEDNAME {} DSP 0 BRAM 0 URAM 0 DISPNAME {bind_op mul}} {BINDTYPE op ID {} IMPL fabric LATENCY 0 OPTYPE add PRAGMA {} RTLNAME add_ln119_fu_965_p2 SOURCE src/conv1.cpp:119 VARIABLE add_ln119 LOOP VITIS_LOOP_115_1_VITIS_LOOP_119_2_VITIS_LOOP_121_3 BUNDLEDNAME {} DSP 0 BRAM 0 URAM 0 DISPNAME {bind_op add}} {BINDTYPE storage ID {} IMPL auto LATENCY 1 OPTYPE ram_s2p PRAGMA {} RTLNAME out_tile_2_U SOURCE {} VARIABLE out_tile_2 LOOP {} BUNDLEDNAME {} DSP 0 BRAM 16 URAM 0 DISPNAME {bind_storage ram_s2p}} {BINDTYPE storage ID {} IMPL auto LATENCY 1 OPTYPE ram_s2p PRAGMA {} RTLNAME in_tile_1_0_U SOURCE {} VARIABLE in_tile_1_0 LOOP {} BUNDLEDNAME {} DSP 0 BRAM 4 URAM 0 DISPNAME {bind_storage ram_s2p}} {BINDTYPE storage ID {} IMPL auto LATENCY 1 OPTYPE ram_1p PRAGMA {} RTLNAME p_ZZ5conv1PA255_A255_fPA1_A9_A9_fPfS1_E6w_tile_0_0_0_U SOURCE {} VARIABLE p_ZZ5conv1PA255_A255_fPA1_A9_A9_fPfS1_E6w_tile_0_0_0 LOOP {} BUNDLEDNAME {} DSP 0 BRAM 0 URAM 0 DISPNAME {bind_storage ram_1p}} {BINDTYPE storage ID {} IMPL auto LATENCY 1 OPTYPE ram_1p PRAGMA {} RTLNAME p_ZZ5conv1PA255_A255_fPA1_A9_A9_fPfS1_E6w_tile_0_1_0_U SOURCE {} VARIABLE p_ZZ5conv1PA255_A255_fPA1_A9_A9_fPfS1_E6w_tile_0_1_0 LOOP {} BUNDLEDNAME {} DSP 0 BRAM 0 URAM 0 DISPNAME {bind_storage ram_1p}} {BINDTYPE storage ID {} IMPL auto LATENCY 1 OPTYPE ram_1p PRAGMA {} RTLNAME p_ZZ5conv1PA255_A255_fPA1_A9_A9_fPfS1_E6w_tile_0_2_0_U SOURCE {} VARIABLE p_ZZ5conv1PA255_A255_fPA1_A9_A9_fPfS1_E6w_tile_0_2_0 LOOP {} BUNDLEDNAME {} DSP 0 BRAM 0 URAM 0 DISPNAME {bind_storage ram_1p}} {BINDTYPE storage ID {} IMPL auto LATENCY 1 OPTYPE ram_1p PRAGMA {} RTLNAME p_ZZ5conv1PA255_A255_fPA1_A9_A9_fPfS1_E6w_tile_0_3_0_U SOURCE {} VARIABLE p_ZZ5conv1PA255_A255_fPA1_A9_A9_fPfS1_E6w_tile_0_3_0 LOOP {} BUNDLEDNAME {} DSP 0 BRAM 0 URAM 0 DISPNAME {bind_storage ram_1p}} {BINDTYPE storage ID {} IMPL auto LATENCY 1 OPTYPE ram_1p PRAGMA {} RTLNAME p_ZZ5conv1PA255_A255_fPA1_A9_A9_fPfS1_E6w_tile_0_4_0_U SOURCE {} VARIABLE p_ZZ5conv1PA255_A255_fPA1_A9_A9_fPfS1_E6w_tile_0_4_0 LOOP {} BUNDLEDNAME {} DSP 0 BRAM 0 URAM 0 DISPNAME {bind_storage ram_1p}} {BINDTYPE storage ID {} IMPL auto LATENCY 1 OPTYPE ram_1p PRAGMA {} RTLNAME p_ZZ5conv1PA255_A255_fPA1_A9_A9_fPfS1_E6w_tile_0_5_0_U SOURCE {} VARIABLE p_ZZ5conv1PA255_A255_fPA1_A9_A9_fPfS1_E6w_tile_0_5_0 LOOP {} BUNDLEDNAME {} DSP 0 BRAM 0 URAM 0 DISPNAME {bind_storage ram_1p}} {BINDTYPE storage ID {} IMPL auto LATENCY 1 OPTYPE ram_1p PRAGMA {} RTLNAME p_ZZ5conv1PA255_A255_fPA1_A9_A9_fPfS1_E6w_tile_0_6_0_U SOURCE {} VARIABLE p_ZZ5conv1PA255_A255_fPA1_A9_A9_fPfS1_E6w_tile_0_6_0 LOOP {} BUNDLEDNAME {} DSP 0 BRAM 0 URAM 0 DISPNAME {bind_storage ram_1p}} {BINDTYPE storage ID {} IMPL auto LATENCY 1 OPTYPE ram_1p PRAGMA {} RTLNAME p_ZZ5conv1PA255_A255_fPA1_A9_A9_fPfS1_E6w_tile_0_7_0_U SOURCE {} VARIABLE p_ZZ5conv1PA255_A255_fPA1_A9_A9_fPfS1_E6w_tile_0_7_0 LOOP {} BUNDLEDNAME {} DSP 0 BRAM 0 URAM 0 DISPNAME {bind_storage ram_1p}} {BINDTYPE storage ID {} IMPL auto LATENCY 1 OPTYPE ram_1p PRAGMA {} RTLNAME p_ZZ5conv1PA255_A255_fPA1_A9_A9_fPfS1_E6w_tile_0_8_0_U SOURCE {} VARIABLE p_ZZ5conv1PA255_A255_fPA1_A9_A9_fPfS1_E6w_tile_0_8_0 LOOP {} BUNDLEDNAME {} DSP 0 BRAM 0 URAM 0 DISPNAME {bind_storage ram_1p}} {BINDTYPE storage ID {} IMPL auto LATENCY 1 OPTYPE ram_1p PRAGMA {} RTLNAME p_ZZ5conv1PA255_A255_fPA1_A9_A9_fPfS1_E6w_tile_1_0_0_U SOURCE {} VARIABLE p_ZZ5conv1PA255_A255_fPA1_A9_A9_fPfS1_E6w_tile_1_0_0 LOOP {} BUNDLEDNAME {} DSP 0 BRAM 0 URAM 0 DISPNAME {bind_storage ram_1p}} {BINDTYPE storage ID {} IMPL auto LATENCY 1 OPTYPE ram_1p PRAGMA {} RTLNAME p_ZZ5conv1PA255_A255_fPA1_A9_A9_fPfS1_E6w_tile_1_1_0_U SOURCE {} VARIABLE p_ZZ5conv1PA255_A255_fPA1_A9_A9_fPfS1_E6w_tile_1_1_0 LOOP {} BUNDLEDNAME {} DSP 0 BRAM 0 URAM 0 DISPNAME {bind_storage ram_1p}} {BINDTYPE storage ID {} IMPL auto LATENCY 1 OPTYPE ram_1p PRAGMA {} RTLNAME p_ZZ5conv1PA255_A255_fPA1_A9_A9_fPfS1_E6w_tile_1_2_0_U SOURCE {} VARIABLE p_ZZ5conv1PA255_A255_fPA1_A9_A9_fPfS1_E6w_tile_1_2_0 LOOP {} BUNDLEDNAME {} DSP 0 BRAM 0 URAM 0 DISPNAME {bind_storage ram_1p}} {BINDTYPE storage ID {} IMPL auto LATENCY 1 OPTYPE ram_1p PRAGMA {} RTLNAME p_ZZ5conv1PA255_A255_fPA1_A9_A9_fPfS1_E6w_tile_1_3_0_U SOURCE {} VARIABLE p_ZZ5conv1PA255_A255_fPA1_A9_A9_fPfS1_E6w_tile_1_3_0 LOOP {} BUNDLEDNAME {} DSP 0 BRAM 0 URAM 0 DISPNAME {bind_storage ram_1p}} {BINDTYPE storage ID {} IMPL auto LATENCY 1 OPTYPE ram_1p PRAGMA {} RTLNAME p_ZZ5conv1PA255_A255_fPA1_A9_A9_fPfS1_E6w_tile_1_4_0_U SOURCE {} VARIABLE p_ZZ5conv1PA255_A255_fPA1_A9_A9_fPfS1_E6w_tile_1_4_0 LOOP {} BUNDLEDNAME {} DSP 0 BRAM 0 URAM 0 DISPNAME {bind_storage ram_1p}} {BINDTYPE storage ID {} IMPL auto LATENCY 1 OPTYPE ram_1p PRAGMA {} RTLNAME p_ZZ5conv1PA255_A255_fPA1_A9_A9_fPfS1_E6w_tile_1_5_0_U SOURCE {} VARIABLE p_ZZ5conv1PA255_A255_fPA1_A9_A9_fPfS1_E6w_tile_1_5_0 LOOP {} BUNDLEDNAME {} DSP 0 BRAM 0 URAM 0 DISPNAME {bind_storage ram_1p}} {BINDTYPE storage ID {} IMPL auto LATENCY 1 OPTYPE ram_1p PRAGMA {} RTLNAME p_ZZ5conv1PA255_A255_fPA1_A9_A9_fPfS1_E6w_tile_1_6_0_U SOURCE {} VARIABLE p_ZZ5conv1PA255_A255_fPA1_A9_A9_fPfS1_E6w_tile_1_6_0 LOOP {} BUNDLEDNAME {} DSP 0 BRAM 0 URAM 0 DISPNAME {bind_storage ram_1p}} {BINDTYPE storage ID {} IMPL auto LATENCY 1 OPTYPE ram_1p PRAGMA {} RTLNAME p_ZZ5conv1PA255_A255_fPA1_A9_A9_fPfS1_E6w_tile_1_7_0_U SOURCE {} VARIABLE p_ZZ5conv1PA255_A255_fPA1_A9_A9_fPfS1_E6w_tile_1_7_0 LOOP {} BUNDLEDNAME {} DSP 0 BRAM 0 URAM 0 DISPNAME {bind_storage ram_1p}} {BINDTYPE storage ID {} IMPL auto LATENCY 1 OPTYPE ram_1p PRAGMA {} RTLNAME p_ZZ5conv1PA255_A255_fPA1_A9_A9_fPfS1_E6w_tile_1_8_0_U SOURCE {} VARIABLE p_ZZ5conv1PA255_A255_fPA1_A9_A9_fPfS1_E6w_tile_1_8_0 LOOP {} BUNDLEDNAME {} DSP 0 BRAM 0 URAM 0 DISPNAME {bind_storage ram_1p}} {BINDTYPE storage ID {} IMPL auto LATENCY 1 OPTYPE ram_1p PRAGMA {} RTLNAME p_ZZ5conv1PA255_A255_fPA1_A9_A9_fPfS1_E6w_tile_2_0_0_U SOURCE {} VARIABLE p_ZZ5conv1PA255_A255_fPA1_A9_A9_fPfS1_E6w_tile_2_0_0 LOOP {} BUNDLEDNAME {} DSP 0 BRAM 0 URAM 0 DISPNAME {bind_storage ram_1p}} {BINDTYPE storage ID {} IMPL auto LATENCY 1 OPTYPE ram_1p PRAGMA {} RTLNAME p_ZZ5conv1PA255_A255_fPA1_A9_A9_fPfS1_E6w_tile_2_1_0_U SOURCE {} VARIABLE p_ZZ5conv1PA255_A255_fPA1_A9_A9_fPfS1_E6w_tile_2_1_0 LOOP {} BUNDLEDNAME {} DSP 0 BRAM 0 URAM 0 DISPNAME {bind_storage ram_1p}} {BINDTYPE storage ID {} IMPL auto LATENCY 1 OPTYPE ram_1p PRAGMA {} RTLNAME p_ZZ5conv1PA255_A255_fPA1_A9_A9_fPfS1_E6w_tile_2_2_0_U SOURCE {} VARIABLE p_ZZ5conv1PA255_A255_fPA1_A9_A9_fPfS1_E6w_tile_2_2_0 LOOP {} BUNDLEDNAME {} DSP 0 BRAM 0 URAM 0 DISPNAME {bind_storage ram_1p}} {BINDTYPE storage ID {} IMPL auto LATENCY 1 OPTYPE ram_1p PRAGMA {} RTLNAME p_ZZ5conv1PA255_A255_fPA1_A9_A9_fPfS1_E6w_tile_2_3_0_U SOURCE {} VARIABLE p_ZZ5conv1PA255_A255_fPA1_A9_A9_fPfS1_E6w_tile_2_3_0 LOOP {} BUNDLEDNAME {} DSP 0 BRAM 0 URAM 0 DISPNAME {bind_storage ram_1p}} {BINDTYPE storage ID {} IMPL auto LATENCY 1 OPTYPE ram_1p PRAGMA {} RTLNAME p_ZZ5conv1PA255_A255_fPA1_A9_A9_fPfS1_E6w_tile_2_4_0_U SOURCE {} VARIABLE p_ZZ5conv1PA255_A255_fPA1_A9_A9_fPfS1_E6w_tile_2_4_0 LOOP {} BUNDLEDNAME {} DSP 0 BRAM 0 URAM 0 DISPNAME {bind_storage ram_1p}} {BINDTYPE storage ID {} IMPL auto LATENCY 1 OPTYPE ram_1p PRAGMA {} RTLNAME p_ZZ5conv1PA255_A255_fPA1_A9_A9_fPfS1_E6w_tile_2_5_0_U SOURCE {} VARIABLE p_ZZ5conv1PA255_A255_fPA1_A9_A9_fPfS1_E6w_tile_2_5_0 LOOP {} BUNDLEDNAME {} DSP 0 BRAM 0 URAM 0 DISPNAME {bind_storage ram_1p}} {BINDTYPE storage ID {} IMPL auto LATENCY 1 OPTYPE ram_1p PRAGMA {} RTLNAME p_ZZ5conv1PA255_A255_fPA1_A9_A9_fPfS1_E6w_tile_2_6_0_U SOURCE {} VARIABLE p_ZZ5conv1PA255_A255_fPA1_A9_A9_fPfS1_E6w_tile_2_6_0 LOOP {} BUNDLEDNAME {} DSP 0 BRAM 0 URAM 0 DISPNAME {bind_storage ram_1p}} {BINDTYPE storage ID {} IMPL auto LATENCY 1 OPTYPE ram_1p PRAGMA {} RTLNAME p_ZZ5conv1PA255_A255_fPA1_A9_A9_fPfS1_E6w_tile_2_7_0_U SOURCE {} VARIABLE p_ZZ5conv1PA255_A255_fPA1_A9_A9_fPfS1_E6w_tile_2_7_0 LOOP {} BUNDLEDNAME {} DSP 0 BRAM 0 URAM 0 DISPNAME {bind_storage ram_1p}} {BINDTYPE storage ID {} IMPL auto LATENCY 1 OPTYPE ram_1p PRAGMA {} RTLNAME p_ZZ5conv1PA255_A255_fPA1_A9_A9_fPfS1_E6w_tile_2_8_0_U SOURCE {} VARIABLE p_ZZ5conv1PA255_A255_fPA1_A9_A9_fPfS1_E6w_tile_2_8_0 LOOP {} BUNDLEDNAME {} DSP 0 BRAM 0 URAM 0 DISPNAME {bind_storage ram_1p}} {BINDTYPE storage ID {} IMPL auto LATENCY 1 OPTYPE ram_1p PRAGMA {} RTLNAME p_ZZ5conv1PA255_A255_fPA1_A9_A9_fPfS1_E6w_tile_3_0_0_U SOURCE {} VARIABLE p_ZZ5conv1PA255_A255_fPA1_A9_A9_fPfS1_E6w_tile_3_0_0 LOOP {} BUNDLEDNAME {} DSP 0 BRAM 0 URAM 0 DISPNAME {bind_storage ram_1p}} {BINDTYPE storage ID {} IMPL auto LATENCY 1 OPTYPE ram_1p PRAGMA {} RTLNAME p_ZZ5conv1PA255_A255_fPA1_A9_A9_fPfS1_E6w_tile_3_1_0_U SOURCE {} VARIABLE p_ZZ5conv1PA255_A255_fPA1_A9_A9_fPfS1_E6w_tile_3_1_0 LOOP {} BUNDLEDNAME {} DSP 0 BRAM 0 URAM 0 DISPNAME {bind_storage ram_1p}} {BINDTYPE storage ID {} IMPL auto LATENCY 1 OPTYPE ram_1p PRAGMA {} RTLNAME p_ZZ5conv1PA255_A255_fPA1_A9_A9_fPfS1_E6w_tile_3_2_0_U SOURCE {} VARIABLE p_ZZ5conv1PA255_A255_fPA1_A9_A9_fPfS1_E6w_tile_3_2_0 LOOP {} BUNDLEDNAME {} DSP 0 BRAM 0 URAM 0 DISPNAME {bind_storage ram_1p}} {BINDTYPE storage ID {} IMPL auto LATENCY 1 OPTYPE ram_1p PRAGMA {} RTLNAME p_ZZ5conv1PA255_A255_fPA1_A9_A9_fPfS1_E6w_tile_3_3_0_U SOURCE {} VARIABLE p_ZZ5conv1PA255_A255_fPA1_A9_A9_fPfS1_E6w_tile_3_3_0 LOOP {} BUNDLEDNAME {} DSP 0 BRAM 0 URAM 0 DISPNAME {bind_storage ram_1p}} {BINDTYPE storage ID {} IMPL auto LATENCY 1 OPTYPE ram_1p PRAGMA {} RTLNAME p_ZZ5conv1PA255_A255_fPA1_A9_A9_fPfS1_E6w_tile_3_4_0_U SOURCE {} VARIABLE p_ZZ5conv1PA255_A255_fPA1_A9_A9_fPfS1_E6w_tile_3_4_0 LOOP {} BUNDLEDNAME {} DSP 0 BRAM 0 URAM 0 DISPNAME {bind_storage ram_1p}} {BINDTYPE storage ID {} IMPL auto LATENCY 1 OPTYPE ram_1p PRAGMA {} RTLNAME p_ZZ5conv1PA255_A255_fPA1_A9_A9_fPfS1_E6w_tile_3_5_0_U SOURCE {} VARIABLE p_ZZ5conv1PA255_A255_fPA1_A9_A9_fPfS1_E6w_tile_3_5_0 LOOP {} BUNDLEDNAME {} DSP 0 BRAM 0 URAM 0 DISPNAME {bind_storage ram_1p}} {BINDTYPE storage ID {} IMPL auto LATENCY 1 OPTYPE ram_1p PRAGMA {} RTLNAME p_ZZ5conv1PA255_A255_fPA1_A9_A9_fPfS1_E6w_tile_3_6_0_U SOURCE {} VARIABLE p_ZZ5conv1PA255_A255_fPA1_A9_A9_fPfS1_E6w_tile_3_6_0 LOOP {} BUNDLEDNAME {} DSP 0 BRAM 0 URAM 0 DISPNAME {bind_storage ram_1p}} {BINDTYPE storage ID {} IMPL auto LATENCY 1 OPTYPE ram_1p PRAGMA {} RTLNAME p_ZZ5conv1PA255_A255_fPA1_A9_A9_fPfS1_E6w_tile_3_7_0_U SOURCE {} VARIABLE p_ZZ5conv1PA255_A255_fPA1_A9_A9_fPfS1_E6w_tile_3_7_0 LOOP {} BUNDLEDNAME {} DSP 0 BRAM 0 URAM 0 DISPNAME {bind_storage ram_1p}} {BINDTYPE storage ID {} IMPL auto LATENCY 1 OPTYPE ram_1p PRAGMA {} RTLNAME p_ZZ5conv1PA255_A255_fPA1_A9_A9_fPfS1_E6w_tile_3_8_0_U SOURCE {} VARIABLE p_ZZ5conv1PA255_A255_fPA1_A9_A9_fPfS1_E6w_tile_3_8_0 LOOP {} BUNDLEDNAME {} DSP 0 BRAM 0 URAM 0 DISPNAME {bind_storage ram_1p}} {BINDTYPE storage ID {} IMPL auto LATENCY 1 OPTYPE ram_1p PRAGMA {} RTLNAME p_ZZ5conv1PA255_A255_fPA1_A9_A9_fPfS1_E6w_tile_4_0_0_U SOURCE {} VARIABLE p_ZZ5conv1PA255_A255_fPA1_A9_A9_fPfS1_E6w_tile_4_0_0 LOOP {} BUNDLEDNAME {} DSP 0 BRAM 0 URAM 0 DISPNAME {bind_storage ram_1p}} {BINDTYPE storage ID {} IMPL auto LATENCY 1 OPTYPE ram_1p PRAGMA {} RTLNAME p_ZZ5conv1PA255_A255_fPA1_A9_A9_fPfS1_E6w_tile_4_1_0_U SOURCE {} VARIABLE p_ZZ5conv1PA255_A255_fPA1_A9_A9_fPfS1_E6w_tile_4_1_0 LOOP {} BUNDLEDNAME {} DSP 0 BRAM 0 URAM 0 DISPNAME {bind_storage ram_1p}} {BINDTYPE storage ID {} IMPL auto LATENCY 1 OPTYPE ram_1p PRAGMA {} RTLNAME p_ZZ5conv1PA255_A255_fPA1_A9_A9_fPfS1_E6w_tile_4_2_0_U SOURCE {} VARIABLE p_ZZ5conv1PA255_A255_fPA1_A9_A9_fPfS1_E6w_tile_4_2_0 LOOP {} BUNDLEDNAME {} DSP 0 BRAM 0 URAM 0 DISPNAME {bind_storage ram_1p}} {BINDTYPE storage ID {} IMPL auto LATENCY 1 OPTYPE ram_1p PRAGMA {} RTLNAME p_ZZ5conv1PA255_A255_fPA1_A9_A9_fPfS1_E6w_tile_4_3_0_U SOURCE {} VARIABLE p_ZZ5conv1PA255_A255_fPA1_A9_A9_fPfS1_E6w_tile_4_3_0 LOOP {} BUNDLEDNAME {} DSP 0 BRAM 0 URAM 0 DISPNAME {bind_storage ram_1p}} {BINDTYPE storage ID {} IMPL auto LATENCY 1 OPTYPE ram_1p PRAGMA {} RTLNAME p_ZZ5conv1PA255_A255_fPA1_A9_A9_fPfS1_E6w_tile_4_4_0_U SOURCE {} VARIABLE p_ZZ5conv1PA255_A255_fPA1_A9_A9_fPfS1_E6w_tile_4_4_0 LOOP {} BUNDLEDNAME {} DSP 0 BRAM 0 URAM 0 DISPNAME {bind_storage ram_1p}} {BINDTYPE storage ID {} IMPL auto LATENCY 1 OPTYPE ram_1p PRAGMA {} RTLNAME p_ZZ5conv1PA255_A255_fPA1_A9_A9_fPfS1_E6w_tile_4_5_0_U SOURCE {} VARIABLE p_ZZ5conv1PA255_A255_fPA1_A9_A9_fPfS1_E6w_tile_4_5_0 LOOP {} BUNDLEDNAME {} DSP 0 BRAM 0 URAM 0 DISPNAME {bind_storage ram_1p}} {BINDTYPE storage ID {} IMPL auto LATENCY 1 OPTYPE ram_1p PRAGMA {} RTLNAME p_ZZ5conv1PA255_A255_fPA1_A9_A9_fPfS1_E6w_tile_4_6_0_U SOURCE {} VARIABLE p_ZZ5conv1PA255_A255_fPA1_A9_A9_fPfS1_E6w_tile_4_6_0 LOOP {} BUNDLEDNAME {} DSP 0 BRAM 0 URAM 0 DISPNAME {bind_storage ram_1p}} {BINDTYPE storage ID {} IMPL auto LATENCY 1 OPTYPE ram_1p PRAGMA {} RTLNAME p_ZZ5conv1PA255_A255_fPA1_A9_A9_fPfS1_E6w_tile_4_7_0_U SOURCE {} VARIABLE p_ZZ5conv1PA255_A255_fPA1_A9_A9_fPfS1_E6w_tile_4_7_0 LOOP {} BUNDLEDNAME {} DSP 0 BRAM 0 URAM 0 DISPNAME {bind_storage ram_1p}} {BINDTYPE storage ID {} IMPL auto LATENCY 1 OPTYPE ram_1p PRAGMA {} RTLNAME p_ZZ5conv1PA255_A255_fPA1_A9_A9_fPfS1_E6w_tile_4_8_0_U SOURCE {} VARIABLE p_ZZ5conv1PA255_A255_fPA1_A9_A9_fPfS1_E6w_tile_4_8_0 LOOP {} BUNDLEDNAME {} DSP 0 BRAM 0 URAM 0 DISPNAME {bind_storage ram_1p}} {BINDTYPE storage ID {} IMPL auto LATENCY 1 OPTYPE ram_1p PRAGMA {} RTLNAME p_ZZ5conv1PA255_A255_fPA1_A9_A9_fPfS1_E6w_tile_5_0_0_U SOURCE {} VARIABLE p_ZZ5conv1PA255_A255_fPA1_A9_A9_fPfS1_E6w_tile_5_0_0 LOOP {} BUNDLEDNAME {} DSP 0 BRAM 0 URAM 0 DISPNAME {bind_storage ram_1p}} {BINDTYPE storage ID {} IMPL auto LATENCY 1 OPTYPE ram_1p PRAGMA {} RTLNAME p_ZZ5conv1PA255_A255_fPA1_A9_A9_fPfS1_E6w_tile_5_1_0_U SOURCE {} VARIABLE p_ZZ5conv1PA255_A255_fPA1_A9_A9_fPfS1_E6w_tile_5_1_0 LOOP {} BUNDLEDNAME {} DSP 0 BRAM 0 URAM 0 DISPNAME {bind_storage ram_1p}} {BINDTYPE storage ID {} IMPL auto LATENCY 1 OPTYPE ram_1p PRAGMA {} RTLNAME p_ZZ5conv1PA255_A255_fPA1_A9_A9_fPfS1_E6w_tile_5_2_0_U SOURCE {} VARIABLE p_ZZ5conv1PA255_A255_fPA1_A9_A9_fPfS1_E6w_tile_5_2_0 LOOP {} BUNDLEDNAME {} DSP 0 BRAM 0 URAM 0 DISPNAME {bind_storage ram_1p}} {BINDTYPE storage ID {} IMPL auto LATENCY 1 OPTYPE ram_1p PRAGMA {} RTLNAME p_ZZ5conv1PA255_A255_fPA1_A9_A9_fPfS1_E6w_tile_5_3_0_U SOURCE {} VARIABLE p_ZZ5conv1PA255_A255_fPA1_A9_A9_fPfS1_E6w_tile_5_3_0 LOOP {} BUNDLEDNAME {} DSP 0 BRAM 0 URAM 0 DISPNAME {bind_storage ram_1p}} {BINDTYPE storage ID {} IMPL auto LATENCY 1 OPTYPE ram_1p PRAGMA {} RTLNAME p_ZZ5conv1PA255_A255_fPA1_A9_A9_fPfS1_E6w_tile_5_4_0_U SOURCE {} VARIABLE p_ZZ5conv1PA255_A255_fPA1_A9_A9_fPfS1_E6w_tile_5_4_0 LOOP {} BUNDLEDNAME {} DSP 0 BRAM 0 URAM 0 DISPNAME {bind_storage ram_1p}} {BINDTYPE storage ID {} IMPL auto LATENCY 1 OPTYPE ram_1p PRAGMA {} RTLNAME p_ZZ5conv1PA255_A255_fPA1_A9_A9_fPfS1_E6w_tile_5_5_0_U SOURCE {} VARIABLE p_ZZ5conv1PA255_A255_fPA1_A9_A9_fPfS1_E6w_tile_5_5_0 LOOP {} BUNDLEDNAME {} DSP 0 BRAM 0 URAM 0 DISPNAME {bind_storage ram_1p}} {BINDTYPE storage ID {} IMPL auto LATENCY 1 OPTYPE ram_1p PRAGMA {} RTLNAME p_ZZ5conv1PA255_A255_fPA1_A9_A9_fPfS1_E6w_tile_5_6_0_U SOURCE {} VARIABLE p_ZZ5conv1PA255_A255_fPA1_A9_A9_fPfS1_E6w_tile_5_6_0 LOOP {} BUNDLEDNAME {} DSP 0 BRAM 0 URAM 0 DISPNAME {bind_storage ram_1p}} {BINDTYPE storage ID {} IMPL auto LATENCY 1 OPTYPE ram_1p PRAGMA {} RTLNAME p_ZZ5conv1PA255_A255_fPA1_A9_A9_fPfS1_E6w_tile_5_7_0_U SOURCE {} VARIABLE p_ZZ5conv1PA255_A255_fPA1_A9_A9_fPfS1_E6w_tile_5_7_0 LOOP {} BUNDLEDNAME {} DSP 0 BRAM 0 URAM 0 DISPNAME {bind_storage ram_1p}} {BINDTYPE storage ID {} IMPL auto LATENCY 1 OPTYPE ram_1p PRAGMA {} RTLNAME p_ZZ5conv1PA255_A255_fPA1_A9_A9_fPfS1_E6w_tile_5_8_0_U SOURCE {} VARIABLE p_ZZ5conv1PA255_A255_fPA1_A9_A9_fPfS1_E6w_tile_5_8_0 LOOP {} BUNDLEDNAME {} DSP 0 BRAM 0 URAM 0 DISPNAME {bind_storage ram_1p}} {BINDTYPE storage ID {} IMPL auto LATENCY 1 OPTYPE ram_1p PRAGMA {} RTLNAME p_ZZ5conv1PA255_A255_fPA1_A9_A9_fPfS1_E6w_tile_6_0_0_U SOURCE {} VARIABLE p_ZZ5conv1PA255_A255_fPA1_A9_A9_fPfS1_E6w_tile_6_0_0 LOOP {} BUNDLEDNAME {} DSP 0 BRAM 0 URAM 0 DISPNAME {bind_storage ram_1p}} {BINDTYPE storage ID {} IMPL auto LATENCY 1 OPTYPE ram_1p PRAGMA {} RTLNAME p_ZZ5conv1PA255_A255_fPA1_A9_A9_fPfS1_E6w_tile_6_1_0_U SOURCE {} VARIABLE p_ZZ5conv1PA255_A255_fPA1_A9_A9_fPfS1_E6w_tile_6_1_0 LOOP {} BUNDLEDNAME {} DSP 0 BRAM 0 URAM 0 DISPNAME {bind_storage ram_1p}} {BINDTYPE storage ID {} IMPL auto LATENCY 1 OPTYPE ram_1p PRAGMA {} RTLNAME p_ZZ5conv1PA255_A255_fPA1_A9_A9_fPfS1_E6w_tile_6_2_0_U SOURCE {} VARIABLE p_ZZ5conv1PA255_A255_fPA1_A9_A9_fPfS1_E6w_tile_6_2_0 LOOP {} BUNDLEDNAME {} DSP 0 BRAM 0 URAM 0 DISPNAME {bind_storage ram_1p}} {BINDTYPE storage ID {} IMPL auto LATENCY 1 OPTYPE ram_1p PRAGMA {} RTLNAME p_ZZ5conv1PA255_A255_fPA1_A9_A9_fPfS1_E6w_tile_6_3_0_U SOURCE {} VARIABLE p_ZZ5conv1PA255_A255_fPA1_A9_A9_fPfS1_E6w_tile_6_3_0 LOOP {} BUNDLEDNAME {} DSP 0 BRAM 0 URAM 0 DISPNAME {bind_storage ram_1p}} {BINDTYPE storage ID {} IMPL auto LATENCY 1 OPTYPE ram_1p PRAGMA {} RTLNAME p_ZZ5conv1PA255_A255_fPA1_A9_A9_fPfS1_E6w_tile_6_4_0_U SOURCE {} VARIABLE p_ZZ5conv1PA255_A255_fPA1_A9_A9_fPfS1_E6w_tile_6_4_0 LOOP {} BUNDLEDNAME {} DSP 0 BRAM 0 URAM 0 DISPNAME {bind_storage ram_1p}} {BINDTYPE storage ID {} IMPL auto LATENCY 1 OPTYPE ram_1p PRAGMA {} RTLNAME p_ZZ5conv1PA255_A255_fPA1_A9_A9_fPfS1_E6w_tile_6_5_0_U SOURCE {} VARIABLE p_ZZ5conv1PA255_A255_fPA1_A9_A9_fPfS1_E6w_tile_6_5_0 LOOP {} BUNDLEDNAME {} DSP 0 BRAM 0 URAM 0 DISPNAME {bind_storage ram_1p}} {BINDTYPE storage ID {} IMPL auto LATENCY 1 OPTYPE ram_1p PRAGMA {} RTLNAME p_ZZ5conv1PA255_A255_fPA1_A9_A9_fPfS1_E6w_tile_6_6_0_U SOURCE {} VARIABLE p_ZZ5conv1PA255_A255_fPA1_A9_A9_fPfS1_E6w_tile_6_6_0 LOOP {} BUNDLEDNAME {} DSP 0 BRAM 0 URAM 0 DISPNAME {bind_storage ram_1p}} {BINDTYPE storage ID {} IMPL auto LATENCY 1 OPTYPE ram_1p PRAGMA {} RTLNAME p_ZZ5conv1PA255_A255_fPA1_A9_A9_fPfS1_E6w_tile_6_7_0_U SOURCE {} VARIABLE p_ZZ5conv1PA255_A255_fPA1_A9_A9_fPfS1_E6w_tile_6_7_0 LOOP {} BUNDLEDNAME {} DSP 0 BRAM 0 URAM 0 DISPNAME {bind_storage ram_1p}} {BINDTYPE storage ID {} IMPL auto LATENCY 1 OPTYPE ram_1p PRAGMA {} RTLNAME p_ZZ5conv1PA255_A255_fPA1_A9_A9_fPfS1_E6w_tile_6_8_0_U SOURCE {} VARIABLE p_ZZ5conv1PA255_A255_fPA1_A9_A9_fPfS1_E6w_tile_6_8_0 LOOP {} BUNDLEDNAME {} DSP 0 BRAM 0 URAM 0 DISPNAME {bind_storage ram_1p}} {BINDTYPE storage ID {} IMPL auto LATENCY 1 OPTYPE ram_1p PRAGMA {} RTLNAME p_ZZ5conv1PA255_A255_fPA1_A9_A9_fPfS1_E6w_tile_7_0_0_U SOURCE {} VARIABLE p_ZZ5conv1PA255_A255_fPA1_A9_A9_fPfS1_E6w_tile_7_0_0 LOOP {} BUNDLEDNAME {} DSP 0 BRAM 0 URAM 0 DISPNAME {bind_storage ram_1p}} {BINDTYPE storage ID {} IMPL auto LATENCY 1 OPTYPE ram_1p PRAGMA {} RTLNAME p_ZZ5conv1PA255_A255_fPA1_A9_A9_fPfS1_E6w_tile_7_1_0_U SOURCE {} VARIABLE p_ZZ5conv1PA255_A255_fPA1_A9_A9_fPfS1_E6w_tile_7_1_0 LOOP {} BUNDLEDNAME {} DSP 0 BRAM 0 URAM 0 DISPNAME {bind_storage ram_1p}} {BINDTYPE storage ID {} IMPL auto LATENCY 1 OPTYPE ram_1p PRAGMA {} RTLNAME p_ZZ5conv1PA255_A255_fPA1_A9_A9_fPfS1_E6w_tile_7_2_0_U SOURCE {} VARIABLE p_ZZ5conv1PA255_A255_fPA1_A9_A9_fPfS1_E6w_tile_7_2_0 LOOP {} BUNDLEDNAME {} DSP 0 BRAM 0 URAM 0 DISPNAME {bind_storage ram_1p}} {BINDTYPE storage ID {} IMPL auto LATENCY 1 OPTYPE ram_1p PRAGMA {} RTLNAME p_ZZ5conv1PA255_A255_fPA1_A9_A9_fPfS1_E6w_tile_7_3_0_U SOURCE {} VARIABLE p_ZZ5conv1PA255_A255_fPA1_A9_A9_fPfS1_E6w_tile_7_3_0 LOOP {} BUNDLEDNAME {} DSP 0 BRAM 0 URAM 0 DISPNAME {bind_storage ram_1p}} {BINDTYPE storage ID {} IMPL auto LATENCY 1 OPTYPE ram_1p PRAGMA {} RTLNAME p_ZZ5conv1PA255_A255_fPA1_A9_A9_fPfS1_E6w_tile_7_4_0_U SOURCE {} VARIABLE p_ZZ5conv1PA255_A255_fPA1_A9_A9_fPfS1_E6w_tile_7_4_0 LOOP {} BUNDLEDNAME {} DSP 0 BRAM 0 URAM 0 DISPNAME {bind_storage ram_1p}} {BINDTYPE storage ID {} IMPL auto LATENCY 1 OPTYPE ram_1p PRAGMA {} RTLNAME p_ZZ5conv1PA255_A255_fPA1_A9_A9_fPfS1_E6w_tile_7_5_0_U SOURCE {} VARIABLE p_ZZ5conv1PA255_A255_fPA1_A9_A9_fPfS1_E6w_tile_7_5_0 LOOP {} BUNDLEDNAME {} DSP 0 BRAM 0 URAM 0 DISPNAME {bind_storage ram_1p}} {BINDTYPE storage ID {} IMPL auto LATENCY 1 OPTYPE ram_1p PRAGMA {} RTLNAME p_ZZ5conv1PA255_A255_fPA1_A9_A9_fPfS1_E6w_tile_7_6_0_U SOURCE {} VARIABLE p_ZZ5conv1PA255_A255_fPA1_A9_A9_fPfS1_E6w_tile_7_6_0 LOOP {} BUNDLEDNAME {} DSP 0 BRAM 0 URAM 0 DISPNAME {bind_storage ram_1p}} {BINDTYPE storage ID {} IMPL auto LATENCY 1 OPTYPE ram_1p PRAGMA {} RTLNAME p_ZZ5conv1PA255_A255_fPA1_A9_A9_fPfS1_E6w_tile_7_7_0_U SOURCE {} VARIABLE p_ZZ5conv1PA255_A255_fPA1_A9_A9_fPfS1_E6w_tile_7_7_0 LOOP {} BUNDLEDNAME {} DSP 0 BRAM 0 URAM 0 DISPNAME {bind_storage ram_1p}} {BINDTYPE storage ID {} IMPL auto LATENCY 1 OPTYPE ram_1p PRAGMA {} RTLNAME p_ZZ5conv1PA255_A255_fPA1_A9_A9_fPfS1_E6w_tile_7_8_0_U SOURCE {} VARIABLE p_ZZ5conv1PA255_A255_fPA1_A9_A9_fPfS1_E6w_tile_7_8_0 LOOP {} BUNDLEDNAME {} DSP 0 BRAM 0 URAM 0 DISPNAME {bind_storage ram_1p}} {BINDTYPE storage ID {} IMPL auto LATENCY 1 OPTYPE ram_1p PRAGMA {} RTLNAME p_ZZ5conv1PA255_A255_fPA1_A9_A9_fPfS1_E6w_tile_8_0_0_U SOURCE {} VARIABLE p_ZZ5conv1PA255_A255_fPA1_A9_A9_fPfS1_E6w_tile_8_0_0 LOOP {} BUNDLEDNAME {} DSP 0 BRAM 0 URAM 0 DISPNAME {bind_storage ram_1p}} {BINDTYPE storage ID {} IMPL auto LATENCY 1 OPTYPE ram_1p PRAGMA {} RTLNAME p_ZZ5conv1PA255_A255_fPA1_A9_A9_fPfS1_E6w_tile_8_1_0_U SOURCE {} VARIABLE p_ZZ5conv1PA255_A255_fPA1_A9_A9_fPfS1_E6w_tile_8_1_0 LOOP {} BUNDLEDNAME {} DSP 0 BRAM 0 URAM 0 DISPNAME {bind_storage ram_1p}} {BINDTYPE storage ID {} IMPL auto LATENCY 1 OPTYPE ram_1p PRAGMA {} RTLNAME p_ZZ5conv1PA255_A255_fPA1_A9_A9_fPfS1_E6w_tile_8_2_0_U SOURCE {} VARIABLE p_ZZ5conv1PA255_A255_fPA1_A9_A9_fPfS1_E6w_tile_8_2_0 LOOP {} BUNDLEDNAME {} DSP 0 BRAM 0 URAM 0 DISPNAME {bind_storage ram_1p}} {BINDTYPE storage ID {} IMPL auto LATENCY 1 OPTYPE ram_1p PRAGMA {} RTLNAME p_ZZ5conv1PA255_A255_fPA1_A9_A9_fPfS1_E6w_tile_8_3_0_U SOURCE {} VARIABLE p_ZZ5conv1PA255_A255_fPA1_A9_A9_fPfS1_E6w_tile_8_3_0 LOOP {} BUNDLEDNAME {} DSP 0 BRAM 0 URAM 0 DISPNAME {bind_storage ram_1p}} {BINDTYPE storage ID {} IMPL auto LATENCY 1 OPTYPE ram_1p PRAGMA {} RTLNAME p_ZZ5conv1PA255_A255_fPA1_A9_A9_fPfS1_E6w_tile_8_4_0_U SOURCE {} VARIABLE p_ZZ5conv1PA255_A255_fPA1_A9_A9_fPfS1_E6w_tile_8_4_0 LOOP {} BUNDLEDNAME {} DSP 0 BRAM 0 URAM 0 DISPNAME {bind_storage ram_1p}} {BINDTYPE storage ID {} IMPL auto LATENCY 1 OPTYPE ram_1p PRAGMA {} RTLNAME p_ZZ5conv1PA255_A255_fPA1_A9_A9_fPfS1_E6w_tile_8_5_0_U SOURCE {} VARIABLE p_ZZ5conv1PA255_A255_fPA1_A9_A9_fPfS1_E6w_tile_8_5_0 LOOP {} BUNDLEDNAME {} DSP 0 BRAM 0 URAM 0 DISPNAME {bind_storage ram_1p}} {BINDTYPE storage ID {} IMPL auto LATENCY 1 OPTYPE ram_1p PRAGMA {} RTLNAME p_ZZ5conv1PA255_A255_fPA1_A9_A9_fPfS1_E6w_tile_8_6_0_U SOURCE {} VARIABLE p_ZZ5conv1PA255_A255_fPA1_A9_A9_fPfS1_E6w_tile_8_6_0 LOOP {} BUNDLEDNAME {} DSP 0 BRAM 0 URAM 0 DISPNAME {bind_storage ram_1p}} {BINDTYPE storage ID {} IMPL auto LATENCY 1 OPTYPE ram_1p PRAGMA {} RTLNAME p_ZZ5conv1PA255_A255_fPA1_A9_A9_fPfS1_E6w_tile_8_7_0_U SOURCE {} VARIABLE p_ZZ5conv1PA255_A255_fPA1_A9_A9_fPfS1_E6w_tile_8_7_0 LOOP {} BUNDLEDNAME {} DSP 0 BRAM 0 URAM 0 DISPNAME {bind_storage ram_1p}} {BINDTYPE storage ID {} IMPL auto LATENCY 1 OPTYPE ram_1p PRAGMA {} RTLNAME p_ZZ5conv1PA255_A255_fPA1_A9_A9_fPfS1_E6w_tile_8_8_0_U SOURCE {} VARIABLE p_ZZ5conv1PA255_A255_fPA1_A9_A9_fPfS1_E6w_tile_8_8_0 LOOP {} BUNDLEDNAME {} DSP 0 BRAM 0 URAM 0 DISPNAME {bind_storage ram_1p}}} AREA {DSP 280 BRAM 20 URAM 0}} srcnn_Pipeline_VITIS_LOOP_18_1_VITIS_LOOP_19_2_VITIS_LOOP_20_3 {BINDINFO {{BINDTYPE op ID {} IMPL fabric LATENCY 0 OPTYPE add PRAGMA {} RTLNAME add_ln18_1_fu_143_p2 SOURCE src/srcnn.cpp:18 VARIABLE add_ln18_1 LOOP VITIS_LOOP_18_1_VITIS_LOOP_19_2_VITIS_LOOP_20_3 BUNDLEDNAME {} DSP 0 BRAM 0 URAM 0 DISPNAME {bind_op add}} {BINDTYPE op ID {} IMPL fabric LATENCY 0 OPTYPE add PRAGMA {} RTLNAME add_ln18_fu_158_p2 SOURCE src/srcnn.cpp:18 VARIABLE add_ln18 LOOP VITIS_LOOP_18_1_VITIS_LOOP_19_2_VITIS_LOOP_20_3 BUNDLEDNAME {} DSP 0 BRAM 0 URAM 0 DISPNAME {bind_op add}} {BINDTYPE op ID {} IMPL fabric LATENCY 0 OPTYPE sub PRAGMA {} RTLNAME sub_ln22_fu_202_p2 SOURCE src/srcnn.cpp:22 VARIABLE sub_ln22 LOOP VITIS_LOOP_18_1_VITIS_LOOP_19_2_VITIS_LOOP_20_3 BUNDLEDNAME {} DSP 0 BRAM 0 URAM 0 DISPNAME {bind_op sub}} {BINDTYPE op ID {} IMPL fabric LATENCY 0 OPTYPE add PRAGMA {} RTLNAME add_ln19_fu_230_p2 SOURCE src/srcnn.cpp:19 VARIABLE add_ln19 LOOP VITIS_LOOP_18_1_VITIS_LOOP_19_2_VITIS_LOOP_20_3 BUNDLEDNAME {} DSP 0 BRAM 0 URAM 0 DISPNAME {bind_op add}} {BINDTYPE op ID {} IMPL fabric LATENCY 0 OPTYPE add PRAGMA {} RTLNAME add_ln22_fu_262_p2 SOURCE src/srcnn.cpp:22 VARIABLE add_ln22 LOOP VITIS_LOOP_18_1_VITIS_LOOP_19_2_VITIS_LOOP_20_3 BUNDLEDNAME {} DSP 0 BRAM 0 URAM 0 DISPNAME {bind_op add}} {BINDTYPE op ID {} IMPL fabric LATENCY 0 OPTYPE add PRAGMA {} RTLNAME add_ln20_fu_305_p2 SOURCE src/srcnn.cpp:20 VARIABLE add_ln20 LOOP VITIS_LOOP_18_1_VITIS_LOOP_19_2_VITIS_LOOP_20_3 BUNDLEDNAME {} DSP 0 BRAM 0 URAM 0 DISPNAME {bind_op add}} {BINDTYPE op ID {} IMPL fabric LATENCY 0 OPTYPE add PRAGMA {} RTLNAME add_ln19_1_fu_311_p2 SOURCE src/srcnn.cpp:19 VARIABLE add_ln19_1 LOOP VITIS_LOOP_18_1_VITIS_LOOP_19_2_VITIS_LOOP_20_3 BUNDLEDNAME {} DSP 0 BRAM 0 URAM 0 DISPNAME {bind_op add}}} AREA {DSP 0 BRAM 0 URAM 0}} conv2_Pipeline_VITIS_LOOP_99_4_VITIS_LOOP_100_5_VITIS_LOOP_101_6 {BINDINFO {{BINDTYPE op ID {} IMPL fabric LATENCY 0 OPTYPE add PRAGMA {} RTLNAME add_ln99_1_fu_159_p2 SOURCE src/conv2.cpp:99 VARIABLE add_ln99_1 LOOP VITIS_LOOP_99_4_VITIS_LOOP_100_5_VITIS_LOOP_101_6 BUNDLEDNAME {} DSP 0 BRAM 0 URAM 0 DISPNAME {bind_op add}} {BINDTYPE op ID {} IMPL fabric LATENCY 0 OPTYPE add PRAGMA {} RTLNAME add_ln99_fu_171_p2 SOURCE src/conv2.cpp:99 VARIABLE add_ln99 LOOP VITIS_LOOP_99_4_VITIS_LOOP_100_5_VITIS_LOOP_101_6 BUNDLEDNAME {} DSP 0 BRAM 0 URAM 0 DISPNAME {bind_op add}} {BINDTYPE op ID {} IMPL fabric LATENCY 0 OPTYPE add PRAGMA {} RTLNAME add_ln100_fu_242_p2 SOURCE src/conv2.cpp:100 VARIABLE add_ln100 LOOP VITIS_LOOP_99_4_VITIS_LOOP_100_5_VITIS_LOOP_101_6 BUNDLEDNAME {} DSP 0 BRAM 0 URAM 0 DISPNAME {bind_op add}} {BINDTYPE op ID {} IMPL fabric LATENCY 0 OPTYPE add PRAGMA {} RTLNAME add_ln103_fu_274_p2 SOURCE src/conv2.cpp:103 VARIABLE add_ln103 LOOP VITIS_LOOP_99_4_VITIS_LOOP_100_5_VITIS_LOOP_101_6 BUNDLEDNAME {} DSP 0 BRAM 0 URAM 0 DISPNAME {bind_op add}} {BINDTYPE op ID {} IMPL fabric LATENCY 0 OPTYPE add PRAGMA {} RTLNAME add_ln103_1_fu_309_p2 SOURCE src/conv2.cpp:103 VARIABLE add_ln103_1 LOOP VITIS_LOOP_99_4_VITIS_LOOP_100_5_VITIS_LOOP_101_6 BUNDLEDNAME {} DSP 0 BRAM 0 URAM 0 DISPNAME {bind_op add}} {BINDTYPE op ID {} IMPL fabric LATENCY 0 OPTYPE add PRAGMA {} RTLNAME add_ln101_fu_335_p2 SOURCE src/conv2.cpp:101 VARIABLE add_ln101 LOOP VITIS_LOOP_99_4_VITIS_LOOP_100_5_VITIS_LOOP_101_6 BUNDLEDNAME {} DSP 0 BRAM 0 URAM 0 DISPNAME {bind_op add}} {BINDTYPE op ID {} IMPL fabric LATENCY 0 OPTYPE add PRAGMA {} RTLNAME add_ln100_1_fu_341_p2 SOURCE src/conv2.cpp:100 VARIABLE add_ln100_1 LOOP VITIS_LOOP_99_4_VITIS_LOOP_100_5_VITIS_LOOP_101_6 BUNDLEDNAME {} DSP 0 BRAM 0 URAM 0 DISPNAME {bind_op add}}} AREA {DSP 0 BRAM 0 URAM 0}} conv2_Pipeline_VITIS_LOOP_23_2_VITIS_LOOP_24_3 {BINDINFO {{BINDTYPE op ID {} IMPL fabric LATENCY 0 OPTYPE add PRAGMA {} RTLNAME add_ln23_2_fu_169_p2 SOURCE src/conv2.cpp:23 VARIABLE add_ln23_2 LOOP VITIS_LOOP_23_2_VITIS_LOOP_24_3 BUNDLEDNAME {} DSP 0 BRAM 0 URAM 0 DISPNAME {bind_op add}} {BINDTYPE op ID {} IMPL fabric LATENCY 0 OPTYPE add PRAGMA {} RTLNAME add_ln23_fu_178_p2 SOURCE src/conv2.cpp:23 VARIABLE add_ln23 LOOP VITIS_LOOP_23_2_VITIS_LOOP_24_3 BUNDLEDNAME {} DSP 0 BRAM 0 URAM 0 DISPNAME {bind_op add}} {BINDTYPE op ID {} IMPL fabric LATENCY 0 OPTYPE add PRAGMA {} RTLNAME add_ln23_1_fu_240_p2 SOURCE src/conv2.cpp:23 VARIABLE add_ln23_1 LOOP VITIS_LOOP_23_2_VITIS_LOOP_24_3 BUNDLEDNAME {} DSP 0 BRAM 0 URAM 0 DISPNAME {bind_op add}} {BINDTYPE op ID {} IMPL fabric LATENCY 0 OPTYPE add PRAGMA {} RTLNAME add_ln27_2_fu_250_p2 SOURCE src/conv2.cpp:27 VARIABLE add_ln27_2 LOOP VITIS_LOOP_23_2_VITIS_LOOP_24_3 BUNDLEDNAME {} DSP 0 BRAM 0 URAM 0 DISPNAME {bind_op add}} {BINDTYPE op ID {} IMPL fabric LATENCY 0 OPTYPE sub PRAGMA {} RTLNAME sub_ln27_1_fu_272_p2 SOURCE src/conv2.cpp:27 VARIABLE sub_ln27_1 LOOP VITIS_LOOP_23_2_VITIS_LOOP_24_3 BUNDLEDNAME {} DSP 0 BRAM 0 URAM 0 DISPNAME {bind_op sub}} {BINDTYPE op ID {} IMPL fabric LATENCY 0 OPTYPE add PRAGMA {} RTLNAME add_ln27_3_fu_282_p2 SOURCE src/conv2.cpp:27 VARIABLE add_ln27_3 LOOP VITIS_LOOP_23_2_VITIS_LOOP_24_3 BUNDLEDNAME {} DSP 0 BRAM 0 URAM 0 DISPNAME {bind_op add}} {BINDTYPE op ID {} IMPL fabric LATENCY 0 OPTYPE add PRAGMA {} RTLNAME add_ln27_fu_313_p2 SOURCE src/conv2.cpp:27 VARIABLE add_ln27 LOOP VITIS_LOOP_23_2_VITIS_LOOP_24_3 BUNDLEDNAME {} DSP 0 BRAM 0 URAM 0 DISPNAME {bind_op add}} {BINDTYPE op ID {} IMPL fabric LATENCY 0 OPTYPE add PRAGMA {} RTLNAME add_ln27_4_fu_323_p2 SOURCE src/conv2.cpp:27 VARIABLE add_ln27_4 LOOP VITIS_LOOP_23_2_VITIS_LOOP_24_3 BUNDLEDNAME {} DSP 0 BRAM 0 URAM 0 DISPNAME {bind_op add}} {BINDTYPE op ID {} IMPL fabric LATENCY 0 OPTYPE add PRAGMA {} RTLNAME add_ln24_fu_334_p2 SOURCE src/conv2.cpp:24 VARIABLE add_ln24 LOOP VITIS_LOOP_23_2_VITIS_LOOP_24_3 BUNDLEDNAME {} DSP 0 BRAM 0 URAM 0 DISPNAME {bind_op add}}} AREA {DSP 0 BRAM 0 URAM 0}} conv2_Pipeline_VITIS_LOOP_53_3 {BINDINFO {{BINDTYPE op ID {} IMPL fabric LATENCY 0 OPTYPE add PRAGMA {} RTLNAME add_ln53_fu_126_p2 SOURCE src/conv2.cpp:53 VARIABLE add_ln53 LOOP VITIS_LOOP_53_3 BUNDLEDNAME {} DSP 0 BRAM 0 URAM 0 DISPNAME {bind_op add}} {BINDTYPE op ID {} IMPL fabric LATENCY 0 OPTYPE add PRAGMA {} RTLNAME add_ln56_fu_153_p2 SOURCE src/conv2.cpp:56 VARIABLE add_ln56 LOOP VITIS_LOOP_53_3 BUNDLEDNAME {} DSP 0 BRAM 0 URAM 0 DISPNAME {bind_op add}} {BINDTYPE op ID {} IMPL fabric LATENCY 0 OPTYPE add PRAGMA {} RTLNAME add_ln56_1_fu_166_p2 SOURCE src/conv2.cpp:56 VARIABLE add_ln56_1 LOOP VITIS_LOOP_53_3 BUNDLEDNAME {} DSP 0 BRAM 0 URAM 0 DISPNAME {bind_op add}}} AREA {DSP 0 BRAM 0 URAM 0}} conv2_Pipeline_VITIS_LOOP_70_1_VITIS_LOOP_71_2_VITIS_LOOP_72_3 {BINDINFO {{BINDTYPE op ID {} IMPL fabric LATENCY 0 OPTYPE add PRAGMA {} RTLNAME empty_fu_226_p2 SOURCE src/conv2.cpp:71 VARIABLE empty LOOP VITIS_LOOP_70_1_VITIS_LOOP_71_2_VITIS_LOOP_72_3 BUNDLEDNAME {} DSP 0 BRAM 0 URAM 0 DISPNAME {bind_op add}} {BINDTYPE op ID {} IMPL fabric LATENCY 0 OPTYPE add PRAGMA {} RTLNAME add_ln70_1_fu_237_p2 SOURCE src/conv2.cpp:70 VARIABLE add_ln70_1 LOOP VITIS_LOOP_70_1_VITIS_LOOP_71_2_VITIS_LOOP_72_3 BUNDLEDNAME {} DSP 0 BRAM 0 URAM 0 DISPNAME {bind_op add}} {BINDTYPE op ID {} IMPL fabric LATENCY 0 OPTYPE add PRAGMA {} RTLNAME add_ln70_fu_249_p2 SOURCE src/conv2.cpp:70 VARIABLE add_ln70 LOOP VITIS_LOOP_70_1_VITIS_LOOP_71_2_VITIS_LOOP_72_3 BUNDLEDNAME {} DSP 0 BRAM 0 URAM 0 DISPNAME {bind_op add}} {BINDTYPE op ID {} IMPL fabric LATENCY 0 OPTYPE add PRAGMA {} RTLNAME add_ln70_2_fu_293_p2 SOURCE src/conv2.cpp:70 VARIABLE add_ln70_2 LOOP VITIS_LOOP_70_1_VITIS_LOOP_71_2_VITIS_LOOP_72_3 BUNDLEDNAME {} DSP 0 BRAM 0 URAM 0 DISPNAME {bind_op add}} {BINDTYPE op ID {} IMPL fabric LATENCY 0 OPTYPE sub PRAGMA {} RTLNAME sub_ln75_fu_319_p2 SOURCE src/conv2.cpp:75 VARIABLE sub_ln75 LOOP VITIS_LOOP_70_1_VITIS_LOOP_71_2_VITIS_LOOP_72_3 BUNDLEDNAME {} DSP 0 BRAM 0 URAM 0 DISPNAME {bind_op sub}} {BINDTYPE op ID {} IMPL fabric LATENCY 0 OPTYPE add PRAGMA {} RTLNAME add_ln71_fu_367_p2 SOURCE src/conv2.cpp:71 VARIABLE add_ln71 LOOP VITIS_LOOP_70_1_VITIS_LOOP_71_2_VITIS_LOOP_72_3 BUNDLEDNAME {} DSP 0 BRAM 0 URAM 0 DISPNAME {bind_op add}} {BINDTYPE op ID {} IMPL fabric LATENCY 0 OPTYPE add PRAGMA {} RTLNAME add_ln75_1_fu_399_p2 SOURCE src/conv2.cpp:75 VARIABLE add_ln75_1 LOOP VITIS_LOOP_70_1_VITIS_LOOP_71_2_VITIS_LOOP_72_3 BUNDLEDNAME {} DSP 0 BRAM 0 URAM 0 DISPNAME {bind_op add}} {BINDTYPE op ID {} IMPL fabric LATENCY 0 OPTYPE add PRAGMA {} RTLNAME p_mid138_fu_434_p2 SOURCE src/conv2.cpp:71 VARIABLE p_mid138 LOOP VITIS_LOOP_70_1_VITIS_LOOP_71_2_VITIS_LOOP_72_3 BUNDLEDNAME {} DSP 0 BRAM 0 URAM 0 DISPNAME {bind_op add}} {BINDTYPE op ID {} IMPL fabric LATENCY 0 OPTYPE add PRAGMA {} RTLNAME add_ln75_2_fu_451_p2 SOURCE src/conv2.cpp:75 VARIABLE add_ln75_2 LOOP VITIS_LOOP_70_1_VITIS_LOOP_71_2_VITIS_LOOP_72_3 BUNDLEDNAME {} DSP 0 BRAM 0 URAM 0 DISPNAME {bind_op add}} {BINDTYPE op ID {} IMPL fabric LATENCY 0 OPTYPE sub PRAGMA {} RTLNAME sub_ln75_1_fu_473_p2 SOURCE src/conv2.cpp:75 VARIABLE sub_ln75_1 LOOP VITIS_LOOP_70_1_VITIS_LOOP_71_2_VITIS_LOOP_72_3 BUNDLEDNAME {} DSP 0 BRAM 0 URAM 0 DISPNAME {bind_op sub}} {BINDTYPE op ID {} IMPL fabric LATENCY 0 OPTYPE add PRAGMA {} RTLNAME add_ln75_3_fu_483_p2 SOURCE src/conv2.cpp:75 VARIABLE add_ln75_3 LOOP VITIS_LOOP_70_1_VITIS_LOOP_71_2_VITIS_LOOP_72_3 BUNDLEDNAME {} DSP 0 BRAM 0 URAM 0 DISPNAME {bind_op add}} {BINDTYPE op ID {} IMPL fabric LATENCY 0 OPTYPE add PRAGMA {} RTLNAME add_ln75_fu_513_p2 SOURCE src/conv2.cpp:75 VARIABLE add_ln75 LOOP VITIS_LOOP_70_1_VITIS_LOOP_71_2_VITIS_LOOP_72_3 BUNDLEDNAME {} DSP 0 BRAM 0 URAM 0 DISPNAME {bind_op add}} {BINDTYPE op ID {} IMPL fabric LATENCY 0 OPTYPE add PRAGMA {} RTLNAME add_ln75_4_fu_522_p2 SOURCE src/conv2.cpp:75 VARIABLE add_ln75_4 LOOP VITIS_LOOP_70_1_VITIS_LOOP_71_2_VITIS_LOOP_72_3 BUNDLEDNAME {} DSP 0 BRAM 0 URAM 0 DISPNAME {bind_op add}} {BINDTYPE op ID {} IMPL fabric LATENCY 0 OPTYPE add PRAGMA {} RTLNAME add_ln72_fu_528_p2 SOURCE src/conv2.cpp:72 VARIABLE add_ln72 LOOP VITIS_LOOP_70_1_VITIS_LOOP_71_2_VITIS_LOOP_72_3 BUNDLEDNAME {} DSP 0 BRAM 0 URAM 0 DISPNAME {bind_op add}} {BINDTYPE op ID {} IMPL fabric LATENCY 0 OPTYPE add PRAGMA {} RTLNAME add_ln71_1_fu_534_p2 SOURCE src/conv2.cpp:71 VARIABLE add_ln71_1 LOOP VITIS_LOOP_70_1_VITIS_LOOP_71_2_VITIS_LOOP_72_3 BUNDLEDNAME {} DSP 0 BRAM 0 URAM 0 DISPNAME {bind_op add}}} AREA {DSP 0 BRAM 0 URAM 0}} conv2 {BINDINFO {{BINDTYPE op ID {} IMPL fabric LATENCY 0 OPTYPE add PRAGMA {} RTLNAME add_ln94_fu_321_p2 SOURCE src/conv2.cpp:94 VARIABLE add_ln94 LOOP VITIS_LOOP_90_1_VITIS_LOOP_93_2_VITIS_LOOP_95_3 BUNDLEDNAME {} DSP 0 BRAM 0 URAM 0 DISPNAME {bind_op add}} {BINDTYPE op ID {} IMPL fabric LATENCY 0 OPTYPE add PRAGMA {} RTLNAME add_ln90_fu_357_p2 SOURCE src/conv2.cpp:90 VARIABLE add_ln90 LOOP VITIS_LOOP_90_1_VITIS_LOOP_93_2_VITIS_LOOP_95_3 BUNDLEDNAME {} DSP 0 BRAM 0 URAM 0 DISPNAME {bind_op add}} {BINDTYPE op ID {} IMPL fabric LATENCY 0 OPTYPE add PRAGMA {} RTLNAME add_ln91_fu_513_p2 SOURCE src/conv2.cpp:91 VARIABLE add_ln91 LOOP VITIS_LOOP_90_1_VITIS_LOOP_93_2_VITIS_LOOP_95_3 BUNDLEDNAME {} DSP 0 BRAM 0 URAM 0 DISPNAME {bind_op add}} {BINDTYPE op ID {} IMPL fabric LATENCY 0 OPTYPE add PRAGMA {} RTLNAME add_ln94_1_fu_414_p2 SOURCE src/conv2.cpp:94 VARIABLE add_ln94_1 LOOP VITIS_LOOP_90_1_VITIS_LOOP_93_2_VITIS_LOOP_95_3 BUNDLEDNAME {} DSP 0 BRAM 0 URAM 0 DISPNAME {bind_op add}} {BINDTYPE op ID {} IMPL fabric LATENCY 0 OPTYPE add PRAGMA {} RTLNAME add_ln94_2_fu_428_p2 SOURCE src/conv2.cpp:94 VARIABLE add_ln94_2 LOOP VITIS_LOOP_90_1_VITIS_LOOP_93_2_VITIS_LOOP_95_3 BUNDLEDNAME {} DSP 0 BRAM 0 URAM 0 DISPNAME {bind_op add}} {BINDTYPE op ID {} IMPL fabric LATENCY 0 OPTYPE add PRAGMA {} RTLNAME add_ln96_fu_477_p2 SOURCE src/conv2.cpp:96 VARIABLE add_ln96 LOOP VITIS_LOOP_90_1_VITIS_LOOP_93_2_VITIS_LOOP_95_3 BUNDLEDNAME {} DSP 0 BRAM 0 URAM 0 DISPNAME {bind_op add}} {BINDTYPE op ID {} IMPL fabric LATENCY 0 OPTYPE add PRAGMA {} RTLNAME add_ln107_fu_536_p2 SOURCE src/conv2.cpp:107 VARIABLE add_ln107 LOOP VITIS_LOOP_106_7 BUNDLEDNAME {} DSP 0 BRAM 0 URAM 0 DISPNAME {bind_op add}} {BINDTYPE op ID {} IMPL fabric LATENCY 0 OPTYPE sub PRAGMA {} RTLNAME sub_ln27_fu_558_p2 SOURCE src/conv2.cpp:27 VARIABLE sub_ln27 LOOP VITIS_LOOP_106_7 BUNDLEDNAME {} DSP 0 BRAM 0 URAM 0 DISPNAME {bind_op sub}} {BINDTYPE op ID {} IMPL fabric LATENCY 0 OPTYPE add PRAGMA {} RTLNAME add_ln36_fu_617_p2 SOURCE src/conv2.cpp:36 VARIABLE add_ln36 LOOP VITIS_LOOP_36_1 BUNDLEDNAME {} DSP 0 BRAM 0 URAM 0 DISPNAME {bind_op add}} {BINDTYPE op ID {} IMPL fabric LATENCY 0 OPTYPE add PRAGMA {} RTLNAME empty_fu_623_p2 SOURCE src/conv2.cpp:36 VARIABLE empty LOOP VITIS_LOOP_36_1 BUNDLEDNAME {} DSP 0 BRAM 0 URAM 0 DISPNAME {bind_op add}} {BINDTYPE op ID {} IMPL fabric LATENCY 0 OPTYPE add PRAGMA {} RTLNAME add_ln39_fu_636_p2 SOURCE src/conv2.cpp:39 VARIABLE add_ln39 LOOP VITIS_LOOP_36_1 BUNDLEDNAME {} DSP 0 BRAM 0 URAM 0 DISPNAME {bind_op add}} {BINDTYPE op ID {} IMPL fabric LATENCY 0 OPTYPE add PRAGMA {} RTLNAME add_ln50_1_fu_666_p2 SOURCE src/conv2.cpp:50 VARIABLE add_ln50_1 LOOP VITIS_LOOP_50_1_VITIS_LOOP_51_2 BUNDLEDNAME {} DSP 0 BRAM 0 URAM 0 DISPNAME {bind_op add}} {BINDTYPE op ID {} IMPL fabric LATENCY 0 OPTYPE add PRAGMA {} RTLNAME add_ln50_fu_672_p2 SOURCE src/conv2.cpp:50 VARIABLE add_ln50 LOOP VITIS_LOOP_50_1_VITIS_LOOP_51_2 BUNDLEDNAME {} DSP 0 BRAM 0 URAM 0 DISPNAME {bind_op add}} {BINDTYPE op ID {} IMPL fabric LATENCY 0 OPTYPE add PRAGMA {} RTLNAME empty_41_fu_733_p2 SOURCE src/conv2.cpp:50 VARIABLE empty_41 LOOP VITIS_LOOP_50_1_VITIS_LOOP_51_2 BUNDLEDNAME {} DSP 0 BRAM 0 URAM 0 DISPNAME {bind_op add}} {BINDTYPE op ID {} IMPL fabric LATENCY 0 OPTYPE add PRAGMA {} RTLNAME add_ln51_fu_759_p2 SOURCE src/conv2.cpp:51 VARIABLE add_ln51 LOOP VITIS_LOOP_50_1_VITIS_LOOP_51_2 BUNDLEDNAME {} DSP 0 BRAM 0 URAM 0 DISPNAME {bind_op add}} {BINDTYPE op ID {} IMPL fabric LATENCY 0 OPTYPE add PRAGMA {} RTLNAME add_ln93_fu_565_p2 SOURCE src/conv2.cpp:93 VARIABLE add_ln93 LOOP VITIS_LOOP_90_1_VITIS_LOOP_93_2_VITIS_LOOP_95_3 BUNDLEDNAME {} DSP 0 BRAM 0 URAM 0 DISPNAME {bind_op add}} {BINDTYPE storage ID {} IMPL auto LATENCY 1 OPTYPE ram_s2p PRAGMA {} RTLNAME out_tile_1_U SOURCE {} VARIABLE out_tile_1 LOOP {} BUNDLEDNAME {} DSP 0 BRAM 16 URAM 0 DISPNAME {bind_storage ram_s2p}} {BINDTYPE storage ID {} IMPL auto LATENCY 1 OPTYPE ram_1p PRAGMA {} RTLNAME in_tile_0_U SOURCE {} VARIABLE in_tile_0 LOOP {} BUNDLEDNAME {} DSP 0 BRAM 2 URAM 0 DISPNAME {bind_storage ram_1p}} {BINDTYPE storage ID {} IMPL auto LATENCY 1 OPTYPE ram_1p PRAGMA {} RTLNAME w_tile_0_U SOURCE {} VARIABLE w_tile_0 LOOP {} BUNDLEDNAME {} DSP 0 BRAM 0 URAM 0 DISPNAME {bind_storage ram_1p}}} AREA {DSP 0 BRAM 18 URAM 0}} srcnn_Pipeline_VITIS_LOOP_27_4_VITIS_LOOP_28_5_VITIS_LOOP_29_6 {BINDINFO {{BINDTYPE op ID {} IMPL fabric LATENCY 0 OPTYPE add PRAGMA {} RTLNAME add_ln27_1_fu_143_p2 SOURCE src/srcnn.cpp:27 VARIABLE add_ln27_1 LOOP VITIS_LOOP_27_4_VITIS_LOOP_28_5_VITIS_LOOP_29_6 BUNDLEDNAME {} DSP 0 BRAM 0 URAM 0 DISPNAME {bind_op add}} {BINDTYPE op ID {} IMPL fabric LATENCY 0 OPTYPE add PRAGMA {} RTLNAME add_ln27_fu_158_p2 SOURCE src/srcnn.cpp:27 VARIABLE add_ln27 LOOP VITIS_LOOP_27_4_VITIS_LOOP_28_5_VITIS_LOOP_29_6 BUNDLEDNAME {} DSP 0 BRAM 0 URAM 0 DISPNAME {bind_op add}} {BINDTYPE op ID {} IMPL fabric LATENCY 0 OPTYPE sub PRAGMA {} RTLNAME sub_ln31_fu_202_p2 SOURCE src/srcnn.cpp:31 VARIABLE sub_ln31 LOOP VITIS_LOOP_27_4_VITIS_LOOP_28_5_VITIS_LOOP_29_6 BUNDLEDNAME {} DSP 0 BRAM 0 URAM 0 DISPNAME {bind_op sub}} {BINDTYPE op ID {} IMPL fabric LATENCY 0 OPTYPE add PRAGMA {} RTLNAME add_ln28_fu_230_p2 SOURCE src/srcnn.cpp:28 VARIABLE add_ln28 LOOP VITIS_LOOP_27_4_VITIS_LOOP_28_5_VITIS_LOOP_29_6 BUNDLEDNAME {} DSP 0 BRAM 0 URAM 0 DISPNAME {bind_op add}} {BINDTYPE op ID {} IMPL fabric LATENCY 0 OPTYPE add PRAGMA {} RTLNAME add_ln31_fu_262_p2 SOURCE src/srcnn.cpp:31 VARIABLE add_ln31 LOOP VITIS_LOOP_27_4_VITIS_LOOP_28_5_VITIS_LOOP_29_6 BUNDLEDNAME {} DSP 0 BRAM 0 URAM 0 DISPNAME {bind_op add}} {BINDTYPE op ID {} IMPL fabric LATENCY 0 OPTYPE add PRAGMA {} RTLNAME add_ln29_fu_305_p2 SOURCE src/srcnn.cpp:29 VARIABLE add_ln29 LOOP VITIS_LOOP_27_4_VITIS_LOOP_28_5_VITIS_LOOP_29_6 BUNDLEDNAME {} DSP 0 BRAM 0 URAM 0 DISPNAME {bind_op add}} {BINDTYPE op ID {} IMPL fabric LATENCY 0 OPTYPE add PRAGMA {} RTLNAME add_ln28_1_fu_311_p2 SOURCE src/srcnn.cpp:28 VARIABLE add_ln28_1 LOOP VITIS_LOOP_27_4_VITIS_LOOP_28_5_VITIS_LOOP_29_6 BUNDLEDNAME {} DSP 0 BRAM 0 URAM 0 DISPNAME {bind_op add}}} AREA {DSP 0 BRAM 0 URAM 0}} conv3_Pipeline_VITIS_LOOP_143_4_VITIS_LOOP_144_5_VITIS_LOOP_145_6 {BINDINFO {{BINDTYPE op ID {} IMPL fabric LATENCY 0 OPTYPE add PRAGMA {} RTLNAME add_ln143_1_fu_167_p2 SOURCE src/conv3.cpp:143 VARIABLE add_ln143_1 LOOP VITIS_LOOP_143_4_VITIS_LOOP_144_5_VITIS_LOOP_145_6 BUNDLEDNAME {} DSP 0 BRAM 0 URAM 0 DISPNAME {bind_op add}} {BINDTYPE op ID {} IMPL fabric LATENCY 0 OPTYPE add PRAGMA {} RTLNAME add_ln143_fu_179_p2 SOURCE src/conv3.cpp:143 VARIABLE add_ln143 LOOP VITIS_LOOP_143_4_VITIS_LOOP_144_5_VITIS_LOOP_145_6 BUNDLEDNAME {} DSP 0 BRAM 0 URAM 0 DISPNAME {bind_op add}} {BINDTYPE op ID {} IMPL fabric LATENCY 0 OPTYPE add PRAGMA {} RTLNAME add_ln144_fu_270_p2 SOURCE src/conv3.cpp:144 VARIABLE add_ln144 LOOP VITIS_LOOP_143_4_VITIS_LOOP_144_5_VITIS_LOOP_145_6 BUNDLEDNAME {} DSP 0 BRAM 0 URAM 0 DISPNAME {bind_op add}} {BINDTYPE op ID {} IMPL fabric LATENCY 0 OPTYPE add PRAGMA {} RTLNAME add_ln148_fu_302_p2 SOURCE src/conv3.cpp:148 VARIABLE add_ln148 LOOP VITIS_LOOP_143_4_VITIS_LOOP_144_5_VITIS_LOOP_145_6 BUNDLEDNAME {} DSP 0 BRAM 0 URAM 0 DISPNAME {bind_op add}} {BINDTYPE op ID {} IMPL fabric LATENCY 0 OPTYPE add PRAGMA {} RTLNAME add_ln148_1_fu_337_p2 SOURCE src/conv3.cpp:148 VARIABLE add_ln148_1 LOOP VITIS_LOOP_143_4_VITIS_LOOP_144_5_VITIS_LOOP_145_6 BUNDLEDNAME {} DSP 0 BRAM 0 URAM 0 DISPNAME {bind_op add}} {BINDTYPE op ID {} IMPL fabric LATENCY 0 OPTYPE add PRAGMA {} RTLNAME add_ln145_fu_369_p2 SOURCE src/conv3.cpp:145 VARIABLE add_ln145 LOOP VITIS_LOOP_143_4_VITIS_LOOP_144_5_VITIS_LOOP_145_6 BUNDLEDNAME {} DSP 0 BRAM 0 URAM 0 DISPNAME {bind_op add}} {BINDTYPE op ID {} IMPL fabric LATENCY 0 OPTYPE add PRAGMA {} RTLNAME add_ln144_1_fu_375_p2 SOURCE src/conv3.cpp:144 VARIABLE add_ln144_1 LOOP VITIS_LOOP_143_4_VITIS_LOOP_144_5_VITIS_LOOP_145_6 BUNDLEDNAME {} DSP 0 BRAM 0 URAM 0 DISPNAME {bind_op add}}} AREA {DSP 0 BRAM 0 URAM 0}} conv3_Pipeline_VITIS_LOOP_32_2_VITIS_LOOP_33_3 {BINDINFO {{BINDTYPE op ID {} IMPL fabric LATENCY 0 OPTYPE add PRAGMA {} RTLNAME tmp1_fu_604_p2 SOURCE src/conv3.cpp:32 VARIABLE tmp1 LOOP VITIS_LOOP_32_2_VITIS_LOOP_33_3 BUNDLEDNAME {} DSP 0 BRAM 0 URAM 0 DISPNAME {bind_op add}} {BINDTYPE op ID {} IMPL fabric LATENCY 0 OPTYPE add PRAGMA {} RTLNAME empty_fu_610_p2 SOURCE src/conv3.cpp:32 VARIABLE empty LOOP VITIS_LOOP_32_2_VITIS_LOOP_33_3 BUNDLEDNAME {} DSP 0 BRAM 0 URAM 0 DISPNAME {bind_op add}} {BINDTYPE op ID {} IMPL fabric LATENCY 0 OPTYPE add PRAGMA {} RTLNAME empty_38_fu_629_p2 SOURCE src/conv3.cpp:32 VARIABLE empty_38 LOOP VITIS_LOOP_32_2_VITIS_LOOP_33_3 BUNDLEDNAME {} DSP 0 BRAM 0 URAM 0 DISPNAME {bind_op add}} {BINDTYPE op ID {} IMPL fabric LATENCY 0 OPTYPE add PRAGMA {} RTLNAME add_ln32_1_fu_669_p2 SOURCE src/conv3.cpp:32 VARIABLE add_ln32_1 LOOP VITIS_LOOP_32_2_VITIS_LOOP_33_3 BUNDLEDNAME {} DSP 0 BRAM 0 URAM 0 DISPNAME {bind_op add}} {BINDTYPE op ID {} IMPL fabric LATENCY 0 OPTYPE add PRAGMA {} RTLNAME add_ln32_fu_678_p2 SOURCE src/conv3.cpp:32 VARIABLE add_ln32 LOOP VITIS_LOOP_32_2_VITIS_LOOP_33_3 BUNDLEDNAME {} DSP 0 BRAM 0 URAM 0 DISPNAME {bind_op add}} {BINDTYPE op ID {} IMPL auto LATENCY 0 OPTYPE mul PRAGMA {} RTLNAME mul_9ns_11ns_19_1_1_U670 SOURCE src/conv3.cpp:33 VARIABLE mul4 LOOP VITIS_LOOP_32_2_VITIS_LOOP_33_3 BUNDLEDNAME {} DSP 1 BRAM 0 URAM 0 DISPNAME {bind_op mul}} {BINDTYPE op ID {} IMPL fabric LATENCY 0 OPTYPE add PRAGMA {} RTLNAME tmp1_mid1_fu_735_p2 SOURCE src/conv3.cpp:32 VARIABLE tmp1_mid1 LOOP VITIS_LOOP_32_2_VITIS_LOOP_33_3 BUNDLEDNAME {} DSP 0 BRAM 0 URAM 0 DISPNAME {bind_op add}} {BINDTYPE op ID {} IMPL fabric LATENCY 0 OPTYPE add PRAGMA {} RTLNAME p_mid1_fu_741_p2 SOURCE src/conv3.cpp:32 VARIABLE p_mid1 LOOP VITIS_LOOP_32_2_VITIS_LOOP_33_3 BUNDLEDNAME {} DSP 0 BRAM 0 URAM 0 DISPNAME {bind_op add}} {BINDTYPE op ID {} IMPL fabric LATENCY 0 OPTYPE add PRAGMA {} RTLNAME p_mid128_fu_760_p2 SOURCE src/conv3.cpp:32 VARIABLE p_mid128 LOOP VITIS_LOOP_32_2_VITIS_LOOP_33_3 BUNDLEDNAME {} DSP 0 BRAM 0 URAM 0 DISPNAME {bind_op add}} {BINDTYPE op ID {} IMPL fabric LATENCY 0 OPTYPE add PRAGMA {} RTLNAME add_ln38_fu_840_p2 SOURCE src/conv3.cpp:38 VARIABLE add_ln38 LOOP VITIS_LOOP_32_2_VITIS_LOOP_33_3 BUNDLEDNAME {} DSP 0 BRAM 0 URAM 0 DISPNAME {bind_op add}} {BINDTYPE op ID {} IMPL auto LATENCY 0 OPTYPE mul PRAGMA {} RTLNAME mul_9ns_11ns_19_1_1_U673 SOURCE src/conv3.cpp:33 VARIABLE mul_ln33 LOOP VITIS_LOOP_32_2_VITIS_LOOP_33_3 BUNDLEDNAME {} DSP 1 BRAM 0 URAM 0 DISPNAME {bind_op mul}} {BINDTYPE op ID {} IMPL fabric LATENCY 0 OPTYPE add PRAGMA {} RTLNAME add_ln38_1_fu_889_p2 SOURCE src/conv3.cpp:38 VARIABLE add_ln38_1 LOOP VITIS_LOOP_32_2_VITIS_LOOP_33_3 BUNDLEDNAME {} DSP 0 BRAM 0 URAM 0 DISPNAME {bind_op add}} {BINDTYPE op ID {} IMPL fabric LATENCY 0 OPTYPE add PRAGMA {} RTLNAME add_ln37_fu_895_p2 SOURCE src/conv3.cpp:37 VARIABLE add_ln37 LOOP VITIS_LOOP_32_2_VITIS_LOOP_33_3 BUNDLEDNAME {} DSP 0 BRAM 0 URAM 0 DISPNAME {bind_op add}} {BINDTYPE op ID {} IMPL fabric LATENCY 0 OPTYPE add PRAGMA {} RTLNAME add_ln37_1_fu_901_p2 SOURCE src/conv3.cpp:37 VARIABLE add_ln37_1 LOOP VITIS_LOOP_32_2_VITIS_LOOP_33_3 BUNDLEDNAME {} DSP 0 BRAM 0 URAM 0 DISPNAME {bind_op add}} {BINDTYPE op ID {} IMPL fabric LATENCY 0 OPTYPE add PRAGMA {} RTLNAME add_ln19_fu_920_p2 SOURCE src/conv3.cpp:19 VARIABLE add_ln19 LOOP VITIS_LOOP_32_2_VITIS_LOOP_33_3 BUNDLEDNAME {} DSP 0 BRAM 0 URAM 0 DISPNAME {bind_op add}} {BINDTYPE op ID {} IMPL fabric LATENCY 0 OPTYPE add PRAGMA {} RTLNAME add_ln33_fu_809_p2 SOURCE src/conv3.cpp:33 VARIABLE add_ln33 LOOP VITIS_LOOP_32_2_VITIS_LOOP_33_3 BUNDLEDNAME {} DSP 0 BRAM 0 URAM 0 DISPNAME {bind_op add}}} AREA {DSP 2 BRAM 0 URAM 0}} conv3_Pipeline_VITIS_LOOP_55_3_VITIS_LOOP_56_4 {BINDINFO {{BINDTYPE op ID {} IMPL fabric LATENCY 0 OPTYPE add PRAGMA {} RTLNAME add_ln55_1_fu_496_p2 SOURCE src/conv3.cpp:55 VARIABLE add_ln55_1 LOOP VITIS_LOOP_55_3_VITIS_LOOP_56_4 BUNDLEDNAME {} DSP 0 BRAM 0 URAM 0 DISPNAME {bind_op add}} {BINDTYPE op ID {} IMPL fabric LATENCY 0 OPTYPE add PRAGMA {} RTLNAME add_ln55_fu_508_p2 SOURCE src/conv3.cpp:55 VARIABLE add_ln55 LOOP VITIS_LOOP_55_3_VITIS_LOOP_56_4 BUNDLEDNAME {} DSP 0 BRAM 0 URAM 0 DISPNAME {bind_op add}} {BINDTYPE op ID {} IMPL fabric LATENCY 0 OPTYPE add PRAGMA {} RTLNAME add_ln58_1_fu_540_p2 SOURCE src/conv3.cpp:58 VARIABLE add_ln58_1 LOOP VITIS_LOOP_55_3_VITIS_LOOP_56_4 BUNDLEDNAME {} DSP 0 BRAM 0 URAM 0 DISPNAME {bind_op add}} {BINDTYPE op ID {} IMPL fabric LATENCY 0 OPTYPE add PRAGMA {} RTLNAME add_ln56_fu_583_p2 SOURCE src/conv3.cpp:56 VARIABLE add_ln56 LOOP VITIS_LOOP_55_3_VITIS_LOOP_56_4 BUNDLEDNAME {} DSP 0 BRAM 0 URAM 0 DISPNAME {bind_op add}}} AREA {DSP 0 BRAM 0 URAM 0}} compute_tile_c3_Pipeline_VITIS_LOOP_77_3 {BINDINFO {{BINDTYPE op ID {} IMPL fabric LATENCY 0 OPTYPE add PRAGMA {} RTLNAME add_ln77_fu_5690_p2 SOURCE src/conv3.cpp:77 VARIABLE add_ln77 LOOP VITIS_LOOP_77_3 BUNDLEDNAME {} DSP 0 BRAM 0 URAM 0 DISPNAME {bind_op add}} {BINDTYPE op ID {} IMPL fabric LATENCY 0 OPTYPE add PRAGMA {} RTLNAME add_ln80_fu_5788_p2 SOURCE src/conv3.cpp:80 VARIABLE add_ln80 LOOP VITIS_LOOP_77_3 BUNDLEDNAME {} DSP 0 BRAM 0 URAM 0 DISPNAME {bind_op add}} {BINDTYPE op ID {} IMPL fabric LATENCY 0 OPTYPE add PRAGMA {} RTLNAME add_ln80_1_fu_5801_p2 SOURCE src/conv3.cpp:80 VARIABLE add_ln80_1 LOOP VITIS_LOOP_77_3 BUNDLEDNAME {} DSP 0 BRAM 0 URAM 0 DISPNAME {bind_op add}}} AREA {DSP 0 BRAM 0 URAM 0}} compute_tile_c3 {BINDINFO {{BINDTYPE op ID {} IMPL auto LATENCY 0 OPTYPE mul PRAGMA {} RTLNAME mul_6ns_8ns_13_1_1_U1593 SOURCE src/conv3.cpp:74 VARIABLE mul_ln74 LOOP VITIS_LOOP_74_1_VITIS_LOOP_75_2 BUNDLEDNAME {} DSP 0 BRAM 0 URAM 0 DISPNAME {bind_op mul}} {BINDTYPE op ID {} IMPL fabric LATENCY 0 OPTYPE add PRAGMA {} RTLNAME indvars_iv_next54_fu_5959_p2 SOURCE {} VARIABLE indvars_iv_next54 LOOP VITIS_LOOP_74_1_VITIS_LOOP_75_2 BUNDLEDNAME {} DSP 0 BRAM 0 URAM 0 DISPNAME {bind_op add}} {BINDTYPE op ID {} IMPL auto LATENCY 0 OPTYPE mul PRAGMA {} RTLNAME mul_6ns_8ns_13_1_1_U1594 SOURCE {} VARIABLE mul17 LOOP VITIS_LOOP_74_1_VITIS_LOOP_75_2 BUNDLEDNAME {} DSP 0 BRAM 0 URAM 0 DISPNAME {bind_op mul}} {BINDTYPE op ID {} IMPL fabric LATENCY 0 OPTYPE add PRAGMA {} RTLNAME add_ln74_3_fu_5981_p2 SOURCE src/conv3.cpp:74 VARIABLE add_ln74_3 LOOP VITIS_LOOP_74_1_VITIS_LOOP_75_2 BUNDLEDNAME {} DSP 0 BRAM 0 URAM 0 DISPNAME {bind_op add}} {BINDTYPE op ID {} IMPL fabric LATENCY 0 OPTYPE add PRAGMA {} RTLNAME indvars_iv_next54_mid1_fu_6095_p2 SOURCE {} VARIABLE indvars_iv_next54_mid1 LOOP VITIS_LOOP_74_1_VITIS_LOOP_75_2 BUNDLEDNAME {} DSP 0 BRAM 0 URAM 0 DISPNAME {bind_op add}} {BINDTYPE op ID {} IMPL auto LATENCY 0 OPTYPE mul PRAGMA {} RTLNAME mul_6ns_8ns_13_1_1_U1597 SOURCE {} VARIABLE mul36 LOOP VITIS_LOOP_74_1_VITIS_LOOP_75_2 BUNDLEDNAME {} DSP 0 BRAM 0 URAM 0 DISPNAME {bind_op mul}} {BINDTYPE op ID {} IMPL fabric LATENCY 0 OPTYPE add PRAGMA {} RTLNAME add_ln74_fu_6141_p2 SOURCE src/conv3.cpp:74 VARIABLE add_ln74 LOOP VITIS_LOOP_74_1_VITIS_LOOP_75_2 BUNDLEDNAME {} DSP 0 BRAM 0 URAM 0 DISPNAME {bind_op add}} {BINDTYPE op ID {} IMPL auto LATENCY 0 OPTYPE mul PRAGMA {} RTLNAME mul_6ns_8ns_13_1_1_U1598 SOURCE src/conv3.cpp:74 VARIABLE mul_ln74_1 LOOP VITIS_LOOP_74_1_VITIS_LOOP_75_2 BUNDLEDNAME {} DSP 0 BRAM 0 URAM 0 DISPNAME {bind_op mul}} {BINDTYPE op ID {} IMPL fabric LATENCY 0 OPTYPE add PRAGMA {} RTLNAME add_ln74_1_fu_6181_p2 SOURCE src/conv3.cpp:74 VARIABLE add_ln74_1 LOOP VITIS_LOOP_74_1_VITIS_LOOP_75_2 BUNDLEDNAME {} DSP 0 BRAM 0 URAM 0 DISPNAME {bind_op add}} {BINDTYPE op ID {} IMPL auto LATENCY 0 OPTYPE mul PRAGMA {} RTLNAME mul_6ns_8ns_13_1_1_U1599 SOURCE src/conv3.cpp:74 VARIABLE mul_ln74_2 LOOP VITIS_LOOP_74_1_VITIS_LOOP_75_2 BUNDLEDNAME {} DSP 0 BRAM 0 URAM 0 DISPNAME {bind_op mul}} {BINDTYPE op ID {} IMPL fabric LATENCY 0 OPTYPE add PRAGMA {} RTLNAME add_ln74_2_fu_6221_p2 SOURCE src/conv3.cpp:74 VARIABLE add_ln74_2 LOOP VITIS_LOOP_74_1_VITIS_LOOP_75_2 BUNDLEDNAME {} DSP 0 BRAM 0 URAM 0 DISPNAME {bind_op add}} {BINDTYPE op ID {} IMPL auto LATENCY 0 OPTYPE mul PRAGMA {} RTLNAME mul_6ns_8ns_13_1_1_U1600 SOURCE src/conv3.cpp:74 VARIABLE mul_ln74_3 LOOP VITIS_LOOP_74_1_VITIS_LOOP_75_2 BUNDLEDNAME {} DSP 0 BRAM 0 URAM 0 DISPNAME {bind_op mul}} {BINDTYPE op ID {} IMPL auto LATENCY 0 OPTYPE mul PRAGMA {} RTLNAME mul_6ns_8ns_13_1_1_U1601 SOURCE src/conv3.cpp:75 VARIABLE mul_ln75 LOOP VITIS_LOOP_74_1_VITIS_LOOP_75_2 BUNDLEDNAME {} DSP 0 BRAM 0 URAM 0 DISPNAME {bind_op mul}} {BINDTYPE op ID {} IMPL fabric LATENCY 0 OPTYPE add PRAGMA {} RTLNAME empty_63_fu_6277_p2 SOURCE src/conv3.cpp:74 VARIABLE empty_63 LOOP VITIS_LOOP_74_1_VITIS_LOOP_75_2 BUNDLEDNAME {} DSP 0 BRAM 0 URAM 0 DISPNAME {bind_op add}} {BINDTYPE op ID {} IMPL fabric LATENCY 0 OPTYPE add PRAGMA {} RTLNAME empty_64_fu_6312_p2 SOURCE src/conv3.cpp:74 VARIABLE empty_64 LOOP VITIS_LOOP_74_1_VITIS_LOOP_75_2 BUNDLEDNAME {} DSP 0 BRAM 0 URAM 0 DISPNAME {bind_op add}} {BINDTYPE op ID {} IMPL fabric LATENCY 0 OPTYPE add PRAGMA {} RTLNAME empty_65_fu_6347_p2 SOURCE src/conv3.cpp:74 VARIABLE empty_65 LOOP VITIS_LOOP_74_1_VITIS_LOOP_75_2 BUNDLEDNAME {} DSP 0 BRAM 0 URAM 0 DISPNAME {bind_op add}} {BINDTYPE op ID {} IMPL fabric LATENCY 0 OPTYPE add PRAGMA {} RTLNAME empty_66_fu_6382_p2 SOURCE src/conv3.cpp:74 VARIABLE empty_66 LOOP VITIS_LOOP_74_1_VITIS_LOOP_75_2 BUNDLEDNAME {} DSP 0 BRAM 0 URAM 0 DISPNAME {bind_op add}} {BINDTYPE op ID {} IMPL fabric LATENCY 0 OPTYPE add PRAGMA {} RTLNAME empty_67_fu_6417_p2 SOURCE src/conv3.cpp:74 VARIABLE empty_67 LOOP VITIS_LOOP_74_1_VITIS_LOOP_75_2 BUNDLEDNAME {} DSP 0 BRAM 0 URAM 0 DISPNAME {bind_op add}} {BINDTYPE op ID {} IMPL fabric LATENCY 0 OPTYPE add PRAGMA {} RTLNAME add_ln75_fu_6456_p2 SOURCE src/conv3.cpp:75 VARIABLE add_ln75 LOOP VITIS_LOOP_74_1_VITIS_LOOP_75_2 BUNDLEDNAME {} DSP 0 BRAM 0 URAM 0 DISPNAME {bind_op add}} {BINDTYPE op ID {} IMPL auto LATENCY 0 OPTYPE mul PRAGMA {} RTLNAME mul_6ns_8ns_13_1_1_U1602 SOURCE src/conv3.cpp:76 VARIABLE mul_ln76 LOOP VITIS_LOOP_74_1_VITIS_LOOP_75_2 BUNDLEDNAME {} DSP 0 BRAM 0 URAM 0 DISPNAME {bind_op mul}} {BINDTYPE op ID {} IMPL fabric LATENCY 0 OPTYPE add PRAGMA {} RTLNAME empty_68_fu_6485_p2 SOURCE src/conv3.cpp:74 VARIABLE empty_68 LOOP VITIS_LOOP_74_1_VITIS_LOOP_75_2 BUNDLEDNAME {} DSP 0 BRAM 0 URAM 0 DISPNAME {bind_op add}} {BINDTYPE op ID {} IMPL fabric LATENCY 0 OPTYPE add PRAGMA {} RTLNAME empty_69_fu_6520_p2 SOURCE src/conv3.cpp:74 VARIABLE empty_69 LOOP VITIS_LOOP_74_1_VITIS_LOOP_75_2 BUNDLEDNAME {} DSP 0 BRAM 0 URAM 0 DISPNAME {bind_op add}} {BINDTYPE op ID {} IMPL fabric LATENCY 0 OPTYPE add PRAGMA {} RTLNAME empty_70_fu_6555_p2 SOURCE src/conv3.cpp:74 VARIABLE empty_70 LOOP VITIS_LOOP_74_1_VITIS_LOOP_75_2 BUNDLEDNAME {} DSP 0 BRAM 0 URAM 0 DISPNAME {bind_op add}} {BINDTYPE op ID {} IMPL fabric LATENCY 0 OPTYPE add PRAGMA {} RTLNAME empty_71_fu_6590_p2 SOURCE src/conv3.cpp:74 VARIABLE empty_71 LOOP VITIS_LOOP_74_1_VITIS_LOOP_75_2 BUNDLEDNAME {} DSP 0 BRAM 0 URAM 0 DISPNAME {bind_op add}} {BINDTYPE op ID {} IMPL fabric LATENCY 0 OPTYPE add PRAGMA {} RTLNAME empty_72_fu_6625_p2 SOURCE src/conv3.cpp:74 VARIABLE empty_72 LOOP VITIS_LOOP_74_1_VITIS_LOOP_75_2 BUNDLEDNAME {} DSP 0 BRAM 0 URAM 0 DISPNAME {bind_op add}} {BINDTYPE op ID {} IMPL fabric LATENCY 0 OPTYPE add PRAGMA {} RTLNAME empty_fu_6660_p2 SOURCE src/conv3.cpp:74 VARIABLE empty LOOP VITIS_LOOP_74_1_VITIS_LOOP_75_2 BUNDLEDNAME {} DSP 0 BRAM 0 URAM 0 DISPNAME {bind_op add}} {BINDTYPE op ID {} IMPL auto LATENCY 0 OPTYPE mul PRAGMA {} RTLNAME mul_6ns_8ns_13_1_1_U1603 SOURCE src/conv3.cpp:74 VARIABLE mul44 LOOP VITIS_LOOP_74_1_VITIS_LOOP_75_2 BUNDLEDNAME {} DSP 0 BRAM 0 URAM 0 DISPNAME {bind_op mul}} {BINDTYPE op ID {} IMPL fabric LATENCY 0 OPTYPE add PRAGMA {} RTLNAME empty_46_fu_6689_p2 SOURCE src/conv3.cpp:74 VARIABLE empty_46 LOOP VITIS_LOOP_74_1_VITIS_LOOP_75_2 BUNDLEDNAME {} DSP 0 BRAM 0 URAM 0 DISPNAME {bind_op add}} {BINDTYPE op ID {} IMPL fabric LATENCY 0 OPTYPE add PRAGMA {} RTLNAME empty_47_fu_6849_p2 SOURCE src/conv3.cpp:74 VARIABLE empty_47 LOOP VITIS_LOOP_74_1_VITIS_LOOP_75_2 BUNDLEDNAME {} DSP 0 BRAM 0 URAM 0 DISPNAME {bind_op add}} {BINDTYPE op ID {} IMPL fabric LATENCY 0 OPTYPE add PRAGMA {} RTLNAME empty_48_fu_6948_p2 SOURCE src/conv3.cpp:74 VARIABLE empty_48 LOOP VITIS_LOOP_74_1_VITIS_LOOP_75_2 BUNDLEDNAME {} DSP 0 BRAM 0 URAM 0 DISPNAME {bind_op add}} {BINDTYPE op ID {} IMPL fabric LATENCY 0 OPTYPE add PRAGMA {} RTLNAME empty_49_fu_7047_p2 SOURCE src/conv3.cpp:74 VARIABLE empty_49 LOOP VITIS_LOOP_74_1_VITIS_LOOP_75_2 BUNDLEDNAME {} DSP 0 BRAM 0 URAM 0 DISPNAME {bind_op add}} {BINDTYPE op ID {} IMPL fabric LATENCY 0 OPTYPE add PRAGMA {} RTLNAME empty_50_fu_7080_p2 SOURCE src/conv3.cpp:74 VARIABLE empty_50 LOOP VITIS_LOOP_74_1_VITIS_LOOP_75_2 BUNDLEDNAME {} DSP 0 BRAM 0 URAM 0 DISPNAME {bind_op add}} {BINDTYPE op ID {} IMPL fabric LATENCY 0 OPTYPE add PRAGMA {} RTLNAME empty_51_fu_6723_p2 SOURCE src/conv3.cpp:74 VARIABLE empty_51 LOOP VITIS_LOOP_74_1_VITIS_LOOP_75_2 BUNDLEDNAME {} DSP 0 BRAM 0 URAM 0 DISPNAME {bind_op add}} {BINDTYPE op ID {} IMPL auto LATENCY 0 OPTYPE mul PRAGMA {} RTLNAME mul_6ns_8ns_13_1_1_U1604 SOURCE src/conv3.cpp:74 VARIABLE mul41 LOOP VITIS_LOOP_74_1_VITIS_LOOP_75_2 BUNDLEDNAME {} DSP 0 BRAM 0 URAM 0 DISPNAME {bind_op mul}} {BINDTYPE op ID {} IMPL fabric LATENCY 0 OPTYPE add PRAGMA {} RTLNAME empty_52_fu_6752_p2 SOURCE src/conv3.cpp:74 VARIABLE empty_52 LOOP VITIS_LOOP_74_1_VITIS_LOOP_75_2 BUNDLEDNAME {} DSP 0 BRAM 0 URAM 0 DISPNAME {bind_op add}} {BINDTYPE op ID {} IMPL fabric LATENCY 0 OPTYPE add PRAGMA {} RTLNAME empty_53_fu_6882_p2 SOURCE src/conv3.cpp:74 VARIABLE empty_53 LOOP VITIS_LOOP_74_1_VITIS_LOOP_75_2 BUNDLEDNAME {} DSP 0 BRAM 0 URAM 0 DISPNAME {bind_op add}} {BINDTYPE op ID {} IMPL fabric LATENCY 0 OPTYPE add PRAGMA {} RTLNAME empty_54_fu_6981_p2 SOURCE src/conv3.cpp:74 VARIABLE empty_54 LOOP VITIS_LOOP_74_1_VITIS_LOOP_75_2 BUNDLEDNAME {} DSP 0 BRAM 0 URAM 0 DISPNAME {bind_op add}} {BINDTYPE op ID {} IMPL fabric LATENCY 0 OPTYPE add PRAGMA {} RTLNAME empty_55_fu_7084_p2 SOURCE src/conv3.cpp:74 VARIABLE empty_55 LOOP VITIS_LOOP_74_1_VITIS_LOOP_75_2 BUNDLEDNAME {} DSP 0 BRAM 0 URAM 0 DISPNAME {bind_op add}} {BINDTYPE op ID {} IMPL fabric LATENCY 0 OPTYPE add PRAGMA {} RTLNAME empty_56_fu_7117_p2 SOURCE src/conv3.cpp:74 VARIABLE empty_56 LOOP VITIS_LOOP_74_1_VITIS_LOOP_75_2 BUNDLEDNAME {} DSP 0 BRAM 0 URAM 0 DISPNAME {bind_op add}} {BINDTYPE op ID {} IMPL fabric LATENCY 0 OPTYPE add PRAGMA {} RTLNAME empty_57_fu_6786_p2 SOURCE src/conv3.cpp:74 VARIABLE empty_57 LOOP VITIS_LOOP_74_1_VITIS_LOOP_75_2 BUNDLEDNAME {} DSP 0 BRAM 0 URAM 0 DISPNAME {bind_op add}} {BINDTYPE op ID {} IMPL auto LATENCY 0 OPTYPE mul PRAGMA {} RTLNAME mul_6ns_8ns_13_1_1_U1605 SOURCE src/conv3.cpp:74 VARIABLE mul39 LOOP VITIS_LOOP_74_1_VITIS_LOOP_75_2 BUNDLEDNAME {} DSP 0 BRAM 0 URAM 0 DISPNAME {bind_op mul}} {BINDTYPE op ID {} IMPL fabric LATENCY 0 OPTYPE add PRAGMA {} RTLNAME empty_58_fu_6815_p2 SOURCE src/conv3.cpp:74 VARIABLE empty_58 LOOP VITIS_LOOP_74_1_VITIS_LOOP_75_2 BUNDLEDNAME {} DSP 0 BRAM 0 URAM 0 DISPNAME {bind_op add}} {BINDTYPE op ID {} IMPL fabric LATENCY 0 OPTYPE add PRAGMA {} RTLNAME empty_59_fu_6915_p2 SOURCE src/conv3.cpp:74 VARIABLE empty_59 LOOP VITIS_LOOP_74_1_VITIS_LOOP_75_2 BUNDLEDNAME {} DSP 0 BRAM 0 URAM 0 DISPNAME {bind_op add}} {BINDTYPE op ID {} IMPL fabric LATENCY 0 OPTYPE add PRAGMA {} RTLNAME empty_60_fu_7014_p2 SOURCE src/conv3.cpp:74 VARIABLE empty_60 LOOP VITIS_LOOP_74_1_VITIS_LOOP_75_2 BUNDLEDNAME {} DSP 0 BRAM 0 URAM 0 DISPNAME {bind_op add}} {BINDTYPE op ID {} IMPL fabric LATENCY 0 OPTYPE add PRAGMA {} RTLNAME empty_61_fu_7121_p2 SOURCE src/conv3.cpp:74 VARIABLE empty_61 LOOP VITIS_LOOP_74_1_VITIS_LOOP_75_2 BUNDLEDNAME {} DSP 0 BRAM 0 URAM 0 DISPNAME {bind_op add}} {BINDTYPE op ID {} IMPL fabric LATENCY 0 OPTYPE add PRAGMA {} RTLNAME empty_62_fu_7125_p2 SOURCE src/conv3.cpp:74 VARIABLE empty_62 LOOP VITIS_LOOP_74_1_VITIS_LOOP_75_2 BUNDLEDNAME {} DSP 0 BRAM 0 URAM 0 DISPNAME {bind_op add}}} AREA {DSP 0 BRAM 0 URAM 0}} conv3_Pipeline_VITIS_LOOP_108_1_VITIS_LOOP_109_2_VITIS_LOOP_110_3 {BINDINFO {{BINDTYPE op ID {} IMPL fabric LATENCY 0 OPTYPE add PRAGMA {} RTLNAME empty_fu_208_p2 SOURCE src/conv3.cpp:109 VARIABLE empty LOOP VITIS_LOOP_108_1_VITIS_LOOP_109_2_VITIS_LOOP_110_3 BUNDLEDNAME {} DSP 0 BRAM 0 URAM 0 DISPNAME {bind_op add}} {BINDTYPE op ID {} IMPL fabric LATENCY 0 OPTYPE add PRAGMA {} RTLNAME add_ln108_1_fu_224_p2 SOURCE src/conv3.cpp:108 VARIABLE add_ln108_1 LOOP VITIS_LOOP_108_1_VITIS_LOOP_109_2_VITIS_LOOP_110_3 BUNDLEDNAME {} DSP 0 BRAM 0 URAM 0 DISPNAME {bind_op add}} {BINDTYPE op ID {} IMPL fabric LATENCY 0 OPTYPE add PRAGMA {} RTLNAME add_ln108_fu_236_p2 SOURCE src/conv3.cpp:108 VARIABLE add_ln108 LOOP VITIS_LOOP_108_1_VITIS_LOOP_109_2_VITIS_LOOP_110_3 BUNDLEDNAME {} DSP 0 BRAM 0 URAM 0 DISPNAME {bind_op add}} {BINDTYPE op ID {} IMPL fabric LATENCY 0 OPTYPE add PRAGMA {} RTLNAME add_ln109_fu_334_p2 SOURCE src/conv3.cpp:109 VARIABLE add_ln109 LOOP VITIS_LOOP_108_1_VITIS_LOOP_109_2_VITIS_LOOP_110_3 BUNDLEDNAME {} DSP 0 BRAM 0 URAM 0 DISPNAME {bind_op add}} {BINDTYPE op ID {} IMPL fabric LATENCY 0 OPTYPE add PRAGMA {} RTLNAME add_ln113_1_fu_366_p2 SOURCE src/conv3.cpp:113 VARIABLE add_ln113_1 LOOP VITIS_LOOP_108_1_VITIS_LOOP_109_2_VITIS_LOOP_110_3 BUNDLEDNAME {} DSP 0 BRAM 0 URAM 0 DISPNAME {bind_op add}} {BINDTYPE op ID {} IMPL fabric LATENCY 0 OPTYPE add PRAGMA {} RTLNAME p_mid153_fu_384_p2 SOURCE src/conv3.cpp:109 VARIABLE p_mid153 LOOP VITIS_LOOP_108_1_VITIS_LOOP_109_2_VITIS_LOOP_110_3 BUNDLEDNAME {} DSP 0 BRAM 0 URAM 0 DISPNAME {bind_op add}} {BINDTYPE op ID {} IMPL fabric LATENCY 0 OPTYPE sub PRAGMA {} RTLNAME sub_ln113_fu_501_p2 SOURCE src/conv3.cpp:113 VARIABLE sub_ln113 LOOP VITIS_LOOP_108_1_VITIS_LOOP_109_2_VITIS_LOOP_110_3 BUNDLEDNAME {} DSP 0 BRAM 0 URAM 0 DISPNAME {bind_op sub}} {BINDTYPE op ID {} IMPL fabric LATENCY 0 OPTYPE add PRAGMA {} RTLNAME add_ln113_2_fu_414_p2 SOURCE src/conv3.cpp:113 VARIABLE add_ln113_2 LOOP VITIS_LOOP_108_1_VITIS_LOOP_109_2_VITIS_LOOP_110_3 BUNDLEDNAME {} DSP 0 BRAM 0 URAM 0 DISPNAME {bind_op add}} {BINDTYPE op ID {} IMPL fabric LATENCY 0 OPTYPE add PRAGMA {} RTLNAME add_ln113_fu_510_p2 SOURCE src/conv3.cpp:113 VARIABLE add_ln113 LOOP VITIS_LOOP_108_1_VITIS_LOOP_109_2_VITIS_LOOP_110_3 BUNDLEDNAME {} DSP 0 BRAM 0 URAM 0 DISPNAME {bind_op add}} {BINDTYPE op ID {} IMPL fabric LATENCY 0 OPTYPE add PRAGMA {} RTLNAME add_ln113_3_fu_519_p2 SOURCE src/conv3.cpp:113 VARIABLE add_ln113_3 LOOP VITIS_LOOP_108_1_VITIS_LOOP_109_2_VITIS_LOOP_110_3 BUNDLEDNAME {} DSP 0 BRAM 0 URAM 0 DISPNAME {bind_op add}} {BINDTYPE op ID {} IMPL fabric LATENCY 0 OPTYPE add PRAGMA {} RTLNAME add_ln110_fu_446_p2 SOURCE src/conv3.cpp:110 VARIABLE add_ln110 LOOP VITIS_LOOP_108_1_VITIS_LOOP_109_2_VITIS_LOOP_110_3 BUNDLEDNAME {} DSP 0 BRAM 0 URAM 0 DISPNAME {bind_op add}} {BINDTYPE op ID {} IMPL fabric LATENCY 0 OPTYPE add PRAGMA {} RTLNAME add_ln109_1_fu_452_p2 SOURCE src/conv3.cpp:109 VARIABLE add_ln109_1 LOOP VITIS_LOOP_108_1_VITIS_LOOP_109_2_VITIS_LOOP_110_3 BUNDLEDNAME {} DSP 0 BRAM 0 URAM 0 DISPNAME {bind_op add}}} AREA {DSP 0 BRAM 0 URAM 0}} conv3 {BINDINFO {{BINDTYPE op ID {} IMPL fabric LATENCY 0 OPTYPE add PRAGMA {} RTLNAME add_ln138_fu_518_p2 SOURCE src/conv3.cpp:138 VARIABLE add_ln138 LOOP VITIS_LOOP_137_2_VITIS_LOOP_139_3 BUNDLEDNAME {} DSP 0 BRAM 0 URAM 0 DISPNAME {bind_op add}} {BINDTYPE op ID {} IMPL fabric LATENCY 0 OPTYPE add PRAGMA {} RTLNAME add_ln137_fu_552_p2 SOURCE src/conv3.cpp:137 VARIABLE add_ln137 LOOP VITIS_LOOP_137_2_VITIS_LOOP_139_3 BUNDLEDNAME {} DSP 0 BRAM 0 URAM 0 DISPNAME {bind_op add}} {BINDTYPE op ID {} IMPL fabric LATENCY 0 OPTYPE add PRAGMA {} RTLNAME add_ln138_1_fu_595_p2 SOURCE src/conv3.cpp:138 VARIABLE add_ln138_1 LOOP VITIS_LOOP_137_2_VITIS_LOOP_139_3 BUNDLEDNAME {} DSP 0 BRAM 0 URAM 0 DISPNAME {bind_op add}} {BINDTYPE op ID {} IMPL dsp48 LATENCY 3 OPTYPE add PRAGMA {} RTLNAME am_addmul_8ns_3ns_9ns_17_4_1_U1720 SOURCE src/conv3.cpp:103 VARIABLE add_ln103 LOOP VITIS_LOOP_137_2_VITIS_LOOP_139_3 BUNDLEDNAME {} DSP 1 BRAM 0 URAM 0 DISPNAME {bind_op add}} {BINDTYPE op ID {} IMPL fabric LATENCY 0 OPTYPE add PRAGMA {} RTLNAME add_ln140_fu_637_p2 SOURCE src/conv3.cpp:140 VARIABLE add_ln140 LOOP VITIS_LOOP_137_2_VITIS_LOOP_139_3 BUNDLEDNAME {} DSP 0 BRAM 0 URAM 0 DISPNAME {bind_op add}} {BINDTYPE op ID {} IMPL fabric LATENCY 0 OPTYPE add PRAGMA {} RTLNAME add6_i_fu_674_p2 SOURCE src/conv3.cpp:105 VARIABLE add6_i LOOP VITIS_LOOP_137_2_VITIS_LOOP_139_3 BUNDLEDNAME {} DSP 0 BRAM 0 URAM 0 DISPNAME {bind_op add}} {BINDTYPE op ID {} IMPL dsp48 LATENCY 3 OPTYPE mul PRAGMA {} RTLNAME am_addmul_8ns_3ns_9ns_17_4_1_U1720 SOURCE src/conv3.cpp:155 VARIABLE mul_ln155 LOOP VITIS_LOOP_137_2_VITIS_LOOP_139_3 BUNDLEDNAME {} DSP 1 BRAM 0 URAM 0 DISPNAME {bind_op mul}} {BINDTYPE op ID {} IMPL fabric LATENCY 0 OPTYPE add PRAGMA {} RTLNAME add_ln156_fu_690_p2 SOURCE src/conv3.cpp:156 VARIABLE add_ln156 LOOP VITIS_LOOP_155_7 BUNDLEDNAME {} DSP 0 BRAM 0 URAM 0 DISPNAME {bind_op add}} {BINDTYPE op ID {} IMPL fabric LATENCY 0 OPTYPE sub PRAGMA {} RTLNAME sub_ln38_fu_712_p2 SOURCE src/conv3.cpp:38 VARIABLE sub_ln38 LOOP VITIS_LOOP_155_7 BUNDLEDNAME {} DSP 0 BRAM 0 URAM 0 DISPNAME {bind_op sub}} {BINDTYPE op ID {} IMPL fabric LATENCY 0 OPTYPE add PRAGMA {} RTLNAME add_ln58_fu_747_p2 SOURCE src/conv3.cpp:58 VARIABLE add_ln58 LOOP VITIS_LOOP_155_7 BUNDLEDNAME {} DSP 0 BRAM 0 URAM 0 DISPNAME {bind_op add}} {BINDTYPE op ID {} IMPL fabric LATENCY 0 OPTYPE add PRAGMA {} RTLNAME add_ln52_fu_759_p2 SOURCE src/conv3.cpp:52 VARIABLE add_ln52 LOOP VITIS_LOOP_52_1 BUNDLEDNAME {} DSP 0 BRAM 0 URAM 0 DISPNAME {bind_op add}} {BINDTYPE storage ID {} IMPL auto LATENCY 1 OPTYPE ram_s2p PRAGMA {} RTLNAME out_tile_U SOURCE {} VARIABLE out_tile LOOP {} BUNDLEDNAME {} DSP 0 BRAM 16 URAM 0 DISPNAME {bind_storage ram_s2p}} {BINDTYPE storage ID {} IMPL auto LATENCY 1 OPTYPE ram_s2p PRAGMA {} RTLNAME p_ZZ5conv3PA255_A255_fPA32_A5_A5_fPfS1_E7in_tile_0_0_0_U SOURCE {} VARIABLE p_ZZ5conv3PA255_A255_fPA32_A5_A5_fPfS1_E7in_tile_0_0_0 LOOP {} BUNDLEDNAME {} DSP 0 BRAM 2 URAM 0 DISPNAME {bind_storage ram_s2p}} {BINDTYPE storage ID {} IMPL auto LATENCY 1 OPTYPE ram_s2p PRAGMA {} RTLNAME p_ZZ5conv3PA255_A255_fPA32_A5_A5_fPfS1_E7in_tile_0_1_0_U SOURCE {} VARIABLE p_ZZ5conv3PA255_A255_fPA32_A5_A5_fPfS1_E7in_tile_0_1_0 LOOP {} BUNDLEDNAME {} DSP 0 BRAM 2 URAM 0 DISPNAME {bind_storage ram_s2p}} {BINDTYPE storage ID {} IMPL auto LATENCY 1 OPTYPE ram_s2p PRAGMA {} RTLNAME p_ZZ5conv3PA255_A255_fPA32_A5_A5_fPfS1_E7in_tile_0_2_0_U SOURCE {} VARIABLE p_ZZ5conv3PA255_A255_fPA32_A5_A5_fPfS1_E7in_tile_0_2_0 LOOP {} BUNDLEDNAME {} DSP 0 BRAM 2 URAM 0 DISPNAME {bind_storage ram_s2p}} {BINDTYPE storage ID {} IMPL auto LATENCY 1 OPTYPE ram_s2p PRAGMA {} RTLNAME p_ZZ5conv3PA255_A255_fPA32_A5_A5_fPfS1_E7in_tile_0_3_0_U SOURCE {} VARIABLE p_ZZ5conv3PA255_A255_fPA32_A5_A5_fPfS1_E7in_tile_0_3_0 LOOP {} BUNDLEDNAME {} DSP 0 BRAM 2 URAM 0 DISPNAME {bind_storage ram_s2p}} {BINDTYPE storage ID {} IMPL auto LATENCY 1 OPTYPE ram_s2p PRAGMA {} RTLNAME p_ZZ5conv3PA255_A255_fPA32_A5_A5_fPfS1_E7in_tile_0_4_0_U SOURCE {} VARIABLE p_ZZ5conv3PA255_A255_fPA32_A5_A5_fPfS1_E7in_tile_0_4_0 LOOP {} BUNDLEDNAME {} DSP 0 BRAM 2 URAM 0 DISPNAME {bind_storage ram_s2p}} {BINDTYPE storage ID {} IMPL auto LATENCY 1 OPTYPE ram_s2p PRAGMA {} RTLNAME p_ZZ5conv3PA255_A255_fPA32_A5_A5_fPfS1_E7in_tile_1_0_0_U SOURCE {} VARIABLE p_ZZ5conv3PA255_A255_fPA32_A5_A5_fPfS1_E7in_tile_1_0_0 LOOP {} BUNDLEDNAME {} DSP 0 BRAM 2 URAM 0 DISPNAME {bind_storage ram_s2p}} {BINDTYPE storage ID {} IMPL auto LATENCY 1 OPTYPE ram_s2p PRAGMA {} RTLNAME p_ZZ5conv3PA255_A255_fPA32_A5_A5_fPfS1_E7in_tile_1_1_0_U SOURCE {} VARIABLE p_ZZ5conv3PA255_A255_fPA32_A5_A5_fPfS1_E7in_tile_1_1_0 LOOP {} BUNDLEDNAME {} DSP 0 BRAM 2 URAM 0 DISPNAME {bind_storage ram_s2p}} {BINDTYPE storage ID {} IMPL auto LATENCY 1 OPTYPE ram_s2p PRAGMA {} RTLNAME p_ZZ5conv3PA255_A255_fPA32_A5_A5_fPfS1_E7in_tile_1_2_0_U SOURCE {} VARIABLE p_ZZ5conv3PA255_A255_fPA32_A5_A5_fPfS1_E7in_tile_1_2_0 LOOP {} BUNDLEDNAME {} DSP 0 BRAM 2 URAM 0 DISPNAME {bind_storage ram_s2p}} {BINDTYPE storage ID {} IMPL auto LATENCY 1 OPTYPE ram_s2p PRAGMA {} RTLNAME p_ZZ5conv3PA255_A255_fPA32_A5_A5_fPfS1_E7in_tile_1_3_0_U SOURCE {} VARIABLE p_ZZ5conv3PA255_A255_fPA32_A5_A5_fPfS1_E7in_tile_1_3_0 LOOP {} BUNDLEDNAME {} DSP 0 BRAM 2 URAM 0 DISPNAME {bind_storage ram_s2p}} {BINDTYPE storage ID {} IMPL auto LATENCY 1 OPTYPE ram_s2p PRAGMA {} RTLNAME p_ZZ5conv3PA255_A255_fPA32_A5_A5_fPfS1_E7in_tile_1_4_0_U SOURCE {} VARIABLE p_ZZ5conv3PA255_A255_fPA32_A5_A5_fPfS1_E7in_tile_1_4_0 LOOP {} BUNDLEDNAME {} DSP 0 BRAM 2 URAM 0 DISPNAME {bind_storage ram_s2p}} {BINDTYPE storage ID {} IMPL auto LATENCY 1 OPTYPE ram_s2p PRAGMA {} RTLNAME p_ZZ5conv3PA255_A255_fPA32_A5_A5_fPfS1_E7in_tile_2_0_0_U SOURCE {} VARIABLE p_ZZ5conv3PA255_A255_fPA32_A5_A5_fPfS1_E7in_tile_2_0_0 LOOP {} BUNDLEDNAME {} DSP 0 BRAM 2 URAM 0 DISPNAME {bind_storage ram_s2p}} {BINDTYPE storage ID {} IMPL auto LATENCY 1 OPTYPE ram_s2p PRAGMA {} RTLNAME p_ZZ5conv3PA255_A255_fPA32_A5_A5_fPfS1_E7in_tile_2_1_0_U SOURCE {} VARIABLE p_ZZ5conv3PA255_A255_fPA32_A5_A5_fPfS1_E7in_tile_2_1_0 LOOP {} BUNDLEDNAME {} DSP 0 BRAM 2 URAM 0 DISPNAME {bind_storage ram_s2p}} {BINDTYPE storage ID {} IMPL auto LATENCY 1 OPTYPE ram_s2p PRAGMA {} RTLNAME p_ZZ5conv3PA255_A255_fPA32_A5_A5_fPfS1_E7in_tile_2_2_0_U SOURCE {} VARIABLE p_ZZ5conv3PA255_A255_fPA32_A5_A5_fPfS1_E7in_tile_2_2_0 LOOP {} BUNDLEDNAME {} DSP 0 BRAM 2 URAM 0 DISPNAME {bind_storage ram_s2p}} {BINDTYPE storage ID {} IMPL auto LATENCY 1 OPTYPE ram_s2p PRAGMA {} RTLNAME p_ZZ5conv3PA255_A255_fPA32_A5_A5_fPfS1_E7in_tile_2_3_0_U SOURCE {} VARIABLE p_ZZ5conv3PA255_A255_fPA32_A5_A5_fPfS1_E7in_tile_2_3_0 LOOP {} BUNDLEDNAME {} DSP 0 BRAM 2 URAM 0 DISPNAME {bind_storage ram_s2p}} {BINDTYPE storage ID {} IMPL auto LATENCY 1 OPTYPE ram_s2p PRAGMA {} RTLNAME p_ZZ5conv3PA255_A255_fPA32_A5_A5_fPfS1_E7in_tile_2_4_0_U SOURCE {} VARIABLE p_ZZ5conv3PA255_A255_fPA32_A5_A5_fPfS1_E7in_tile_2_4_0 LOOP {} BUNDLEDNAME {} DSP 0 BRAM 2 URAM 0 DISPNAME {bind_storage ram_s2p}} {BINDTYPE storage ID {} IMPL auto LATENCY 1 OPTYPE ram_s2p PRAGMA {} RTLNAME p_ZZ5conv3PA255_A255_fPA32_A5_A5_fPfS1_E7in_tile_3_0_0_U SOURCE {} VARIABLE p_ZZ5conv3PA255_A255_fPA32_A5_A5_fPfS1_E7in_tile_3_0_0 LOOP {} BUNDLEDNAME {} DSP 0 BRAM 2 URAM 0 DISPNAME {bind_storage ram_s2p}} {BINDTYPE storage ID {} IMPL auto LATENCY 1 OPTYPE ram_s2p PRAGMA {} RTLNAME p_ZZ5conv3PA255_A255_fPA32_A5_A5_fPfS1_E7in_tile_3_1_0_U SOURCE {} VARIABLE p_ZZ5conv3PA255_A255_fPA32_A5_A5_fPfS1_E7in_tile_3_1_0 LOOP {} BUNDLEDNAME {} DSP 0 BRAM 2 URAM 0 DISPNAME {bind_storage ram_s2p}} {BINDTYPE storage ID {} IMPL auto LATENCY 1 OPTYPE ram_s2p PRAGMA {} RTLNAME p_ZZ5conv3PA255_A255_fPA32_A5_A5_fPfS1_E7in_tile_3_2_0_U SOURCE {} VARIABLE p_ZZ5conv3PA255_A255_fPA32_A5_A5_fPfS1_E7in_tile_3_2_0 LOOP {} BUNDLEDNAME {} DSP 0 BRAM 2 URAM 0 DISPNAME {bind_storage ram_s2p}} {BINDTYPE storage ID {} IMPL auto LATENCY 1 OPTYPE ram_s2p PRAGMA {} RTLNAME p_ZZ5conv3PA255_A255_fPA32_A5_A5_fPfS1_E7in_tile_3_3_0_U SOURCE {} VARIABLE p_ZZ5conv3PA255_A255_fPA32_A5_A5_fPfS1_E7in_tile_3_3_0 LOOP {} BUNDLEDNAME {} DSP 0 BRAM 2 URAM 0 DISPNAME {bind_storage ram_s2p}} {BINDTYPE storage ID {} IMPL auto LATENCY 1 OPTYPE ram_s2p PRAGMA {} RTLNAME p_ZZ5conv3PA255_A255_fPA32_A5_A5_fPfS1_E7in_tile_3_4_0_U SOURCE {} VARIABLE p_ZZ5conv3PA255_A255_fPA32_A5_A5_fPfS1_E7in_tile_3_4_0 LOOP {} BUNDLEDNAME {} DSP 0 BRAM 2 URAM 0 DISPNAME {bind_storage ram_s2p}} {BINDTYPE storage ID {} IMPL auto LATENCY 1 OPTYPE ram_s2p PRAGMA {} RTLNAME p_ZZ5conv3PA255_A255_fPA32_A5_A5_fPfS1_E7in_tile_4_0_0_U SOURCE {} VARIABLE p_ZZ5conv3PA255_A255_fPA32_A5_A5_fPfS1_E7in_tile_4_0_0 LOOP {} BUNDLEDNAME {} DSP 0 BRAM 2 URAM 0 DISPNAME {bind_storage ram_s2p}} {BINDTYPE storage ID {} IMPL auto LATENCY 1 OPTYPE ram_s2p PRAGMA {} RTLNAME p_ZZ5conv3PA255_A255_fPA32_A5_A5_fPfS1_E7in_tile_4_1_0_U SOURCE {} VARIABLE p_ZZ5conv3PA255_A255_fPA32_A5_A5_fPfS1_E7in_tile_4_1_0 LOOP {} BUNDLEDNAME {} DSP 0 BRAM 2 URAM 0 DISPNAME {bind_storage ram_s2p}} {BINDTYPE storage ID {} IMPL auto LATENCY 1 OPTYPE ram_s2p PRAGMA {} RTLNAME p_ZZ5conv3PA255_A255_fPA32_A5_A5_fPfS1_E7in_tile_4_2_0_U SOURCE {} VARIABLE p_ZZ5conv3PA255_A255_fPA32_A5_A5_fPfS1_E7in_tile_4_2_0 LOOP {} BUNDLEDNAME {} DSP 0 BRAM 2 URAM 0 DISPNAME {bind_storage ram_s2p}} {BINDTYPE storage ID {} IMPL auto LATENCY 1 OPTYPE ram_s2p PRAGMA {} RTLNAME p_ZZ5conv3PA255_A255_fPA32_A5_A5_fPfS1_E7in_tile_4_3_0_U SOURCE {} VARIABLE p_ZZ5conv3PA255_A255_fPA32_A5_A5_fPfS1_E7in_tile_4_3_0 LOOP {} BUNDLEDNAME {} DSP 0 BRAM 2 URAM 0 DISPNAME {bind_storage ram_s2p}} {BINDTYPE storage ID {} IMPL auto LATENCY 1 OPTYPE ram_s2p PRAGMA {} RTLNAME p_ZZ5conv3PA255_A255_fPA32_A5_A5_fPfS1_E7in_tile_4_4_0_U SOURCE {} VARIABLE p_ZZ5conv3PA255_A255_fPA32_A5_A5_fPfS1_E7in_tile_4_4_0 LOOP {} BUNDLEDNAME {} DSP 0 BRAM 2 URAM 0 DISPNAME {bind_storage ram_s2p}} {BINDTYPE storage ID {} IMPL auto LATENCY 1 OPTYPE ram_1p PRAGMA {} RTLNAME p_ZZ5conv3PA255_A255_fPA32_A5_A5_fPfS1_E6w_tile_0_0_0_U SOURCE {} VARIABLE p_ZZ5conv3PA255_A255_fPA32_A5_A5_fPfS1_E6w_tile_0_0_0 LOOP {} BUNDLEDNAME {} DSP 0 BRAM 0 URAM 0 DISPNAME {bind_storage ram_1p}} {BINDTYPE storage ID {} IMPL auto LATENCY 1 OPTYPE ram_1p PRAGMA {} RTLNAME p_ZZ5conv3PA255_A255_fPA32_A5_A5_fPfS1_E6w_tile_0_1_0_U SOURCE {} VARIABLE p_ZZ5conv3PA255_A255_fPA32_A5_A5_fPfS1_E6w_tile_0_1_0 LOOP {} BUNDLEDNAME {} DSP 0 BRAM 0 URAM 0 DISPNAME {bind_storage ram_1p}} {BINDTYPE storage ID {} IMPL auto LATENCY 1 OPTYPE ram_1p PRAGMA {} RTLNAME p_ZZ5conv3PA255_A255_fPA32_A5_A5_fPfS1_E6w_tile_0_2_0_U SOURCE {} VARIABLE p_ZZ5conv3PA255_A255_fPA32_A5_A5_fPfS1_E6w_tile_0_2_0 LOOP {} BUNDLEDNAME {} DSP 0 BRAM 0 URAM 0 DISPNAME {bind_storage ram_1p}} {BINDTYPE storage ID {} IMPL auto LATENCY 1 OPTYPE ram_1p PRAGMA {} RTLNAME p_ZZ5conv3PA255_A255_fPA32_A5_A5_fPfS1_E6w_tile_0_3_0_U SOURCE {} VARIABLE p_ZZ5conv3PA255_A255_fPA32_A5_A5_fPfS1_E6w_tile_0_3_0 LOOP {} BUNDLEDNAME {} DSP 0 BRAM 0 URAM 0 DISPNAME {bind_storage ram_1p}} {BINDTYPE storage ID {} IMPL auto LATENCY 1 OPTYPE ram_1p PRAGMA {} RTLNAME p_ZZ5conv3PA255_A255_fPA32_A5_A5_fPfS1_E6w_tile_0_4_0_U SOURCE {} VARIABLE p_ZZ5conv3PA255_A255_fPA32_A5_A5_fPfS1_E6w_tile_0_4_0 LOOP {} BUNDLEDNAME {} DSP 0 BRAM 0 URAM 0 DISPNAME {bind_storage ram_1p}} {BINDTYPE storage ID {} IMPL auto LATENCY 1 OPTYPE ram_1p PRAGMA {} RTLNAME p_ZZ5conv3PA255_A255_fPA32_A5_A5_fPfS1_E6w_tile_1_0_0_U SOURCE {} VARIABLE p_ZZ5conv3PA255_A255_fPA32_A5_A5_fPfS1_E6w_tile_1_0_0 LOOP {} BUNDLEDNAME {} DSP 0 BRAM 0 URAM 0 DISPNAME {bind_storage ram_1p}} {BINDTYPE storage ID {} IMPL auto LATENCY 1 OPTYPE ram_1p PRAGMA {} RTLNAME p_ZZ5conv3PA255_A255_fPA32_A5_A5_fPfS1_E6w_tile_1_1_0_U SOURCE {} VARIABLE p_ZZ5conv3PA255_A255_fPA32_A5_A5_fPfS1_E6w_tile_1_1_0 LOOP {} BUNDLEDNAME {} DSP 0 BRAM 0 URAM 0 DISPNAME {bind_storage ram_1p}} {BINDTYPE storage ID {} IMPL auto LATENCY 1 OPTYPE ram_1p PRAGMA {} RTLNAME p_ZZ5conv3PA255_A255_fPA32_A5_A5_fPfS1_E6w_tile_1_2_0_U SOURCE {} VARIABLE p_ZZ5conv3PA255_A255_fPA32_A5_A5_fPfS1_E6w_tile_1_2_0 LOOP {} BUNDLEDNAME {} DSP 0 BRAM 0 URAM 0 DISPNAME {bind_storage ram_1p}} {BINDTYPE storage ID {} IMPL auto LATENCY 1 OPTYPE ram_1p PRAGMA {} RTLNAME p_ZZ5conv3PA255_A255_fPA32_A5_A5_fPfS1_E6w_tile_1_3_0_U SOURCE {} VARIABLE p_ZZ5conv3PA255_A255_fPA32_A5_A5_fPfS1_E6w_tile_1_3_0 LOOP {} BUNDLEDNAME {} DSP 0 BRAM 0 URAM 0 DISPNAME {bind_storage ram_1p}} {BINDTYPE storage ID {} IMPL auto LATENCY 1 OPTYPE ram_1p PRAGMA {} RTLNAME p_ZZ5conv3PA255_A255_fPA32_A5_A5_fPfS1_E6w_tile_1_4_0_U SOURCE {} VARIABLE p_ZZ5conv3PA255_A255_fPA32_A5_A5_fPfS1_E6w_tile_1_4_0 LOOP {} BUNDLEDNAME {} DSP 0 BRAM 0 URAM 0 DISPNAME {bind_storage ram_1p}} {BINDTYPE storage ID {} IMPL auto LATENCY 1 OPTYPE ram_1p PRAGMA {} RTLNAME p_ZZ5conv3PA255_A255_fPA32_A5_A5_fPfS1_E6w_tile_2_0_0_U SOURCE {} VARIABLE p_ZZ5conv3PA255_A255_fPA32_A5_A5_fPfS1_E6w_tile_2_0_0 LOOP {} BUNDLEDNAME {} DSP 0 BRAM 0 URAM 0 DISPNAME {bind_storage ram_1p}} {BINDTYPE storage ID {} IMPL auto LATENCY 1 OPTYPE ram_1p PRAGMA {} RTLNAME p_ZZ5conv3PA255_A255_fPA32_A5_A5_fPfS1_E6w_tile_2_1_0_U SOURCE {} VARIABLE p_ZZ5conv3PA255_A255_fPA32_A5_A5_fPfS1_E6w_tile_2_1_0 LOOP {} BUNDLEDNAME {} DSP 0 BRAM 0 URAM 0 DISPNAME {bind_storage ram_1p}} {BINDTYPE storage ID {} IMPL auto LATENCY 1 OPTYPE ram_1p PRAGMA {} RTLNAME p_ZZ5conv3PA255_A255_fPA32_A5_A5_fPfS1_E6w_tile_2_2_0_U SOURCE {} VARIABLE p_ZZ5conv3PA255_A255_fPA32_A5_A5_fPfS1_E6w_tile_2_2_0 LOOP {} BUNDLEDNAME {} DSP 0 BRAM 0 URAM 0 DISPNAME {bind_storage ram_1p}} {BINDTYPE storage ID {} IMPL auto LATENCY 1 OPTYPE ram_1p PRAGMA {} RTLNAME p_ZZ5conv3PA255_A255_fPA32_A5_A5_fPfS1_E6w_tile_2_3_0_U SOURCE {} VARIABLE p_ZZ5conv3PA255_A255_fPA32_A5_A5_fPfS1_E6w_tile_2_3_0 LOOP {} BUNDLEDNAME {} DSP 0 BRAM 0 URAM 0 DISPNAME {bind_storage ram_1p}} {BINDTYPE storage ID {} IMPL auto LATENCY 1 OPTYPE ram_1p PRAGMA {} RTLNAME p_ZZ5conv3PA255_A255_fPA32_A5_A5_fPfS1_E6w_tile_2_4_0_U SOURCE {} VARIABLE p_ZZ5conv3PA255_A255_fPA32_A5_A5_fPfS1_E6w_tile_2_4_0 LOOP {} BUNDLEDNAME {} DSP 0 BRAM 0 URAM 0 DISPNAME {bind_storage ram_1p}} {BINDTYPE storage ID {} IMPL auto LATENCY 1 OPTYPE ram_1p PRAGMA {} RTLNAME p_ZZ5conv3PA255_A255_fPA32_A5_A5_fPfS1_E6w_tile_3_0_0_U SOURCE {} VARIABLE p_ZZ5conv3PA255_A255_fPA32_A5_A5_fPfS1_E6w_tile_3_0_0 LOOP {} BUNDLEDNAME {} DSP 0 BRAM 0 URAM 0 DISPNAME {bind_storage ram_1p}} {BINDTYPE storage ID {} IMPL auto LATENCY 1 OPTYPE ram_1p PRAGMA {} RTLNAME p_ZZ5conv3PA255_A255_fPA32_A5_A5_fPfS1_E6w_tile_3_1_0_U SOURCE {} VARIABLE p_ZZ5conv3PA255_A255_fPA32_A5_A5_fPfS1_E6w_tile_3_1_0 LOOP {} BUNDLEDNAME {} DSP 0 BRAM 0 URAM 0 DISPNAME {bind_storage ram_1p}} {BINDTYPE storage ID {} IMPL auto LATENCY 1 OPTYPE ram_1p PRAGMA {} RTLNAME p_ZZ5conv3PA255_A255_fPA32_A5_A5_fPfS1_E6w_tile_3_2_0_U SOURCE {} VARIABLE p_ZZ5conv3PA255_A255_fPA32_A5_A5_fPfS1_E6w_tile_3_2_0 LOOP {} BUNDLEDNAME {} DSP 0 BRAM 0 URAM 0 DISPNAME {bind_storage ram_1p}} {BINDTYPE storage ID {} IMPL auto LATENCY 1 OPTYPE ram_1p PRAGMA {} RTLNAME p_ZZ5conv3PA255_A255_fPA32_A5_A5_fPfS1_E6w_tile_3_3_0_U SOURCE {} VARIABLE p_ZZ5conv3PA255_A255_fPA32_A5_A5_fPfS1_E6w_tile_3_3_0 LOOP {} BUNDLEDNAME {} DSP 0 BRAM 0 URAM 0 DISPNAME {bind_storage ram_1p}} {BINDTYPE storage ID {} IMPL auto LATENCY 1 OPTYPE ram_1p PRAGMA {} RTLNAME p_ZZ5conv3PA255_A255_fPA32_A5_A5_fPfS1_E6w_tile_3_4_0_U SOURCE {} VARIABLE p_ZZ5conv3PA255_A255_fPA32_A5_A5_fPfS1_E6w_tile_3_4_0 LOOP {} BUNDLEDNAME {} DSP 0 BRAM 0 URAM 0 DISPNAME {bind_storage ram_1p}} {BINDTYPE storage ID {} IMPL auto LATENCY 1 OPTYPE ram_1p PRAGMA {} RTLNAME p_ZZ5conv3PA255_A255_fPA32_A5_A5_fPfS1_E6w_tile_4_0_0_U SOURCE {} VARIABLE p_ZZ5conv3PA255_A255_fPA32_A5_A5_fPfS1_E6w_tile_4_0_0 LOOP {} BUNDLEDNAME {} DSP 0 BRAM 0 URAM 0 DISPNAME {bind_storage ram_1p}} {BINDTYPE storage ID {} IMPL auto LATENCY 1 OPTYPE ram_1p PRAGMA {} RTLNAME p_ZZ5conv3PA255_A255_fPA32_A5_A5_fPfS1_E6w_tile_4_1_0_U SOURCE {} VARIABLE p_ZZ5conv3PA255_A255_fPA32_A5_A5_fPfS1_E6w_tile_4_1_0 LOOP {} BUNDLEDNAME {} DSP 0 BRAM 0 URAM 0 DISPNAME {bind_storage ram_1p}} {BINDTYPE storage ID {} IMPL auto LATENCY 1 OPTYPE ram_1p PRAGMA {} RTLNAME p_ZZ5conv3PA255_A255_fPA32_A5_A5_fPfS1_E6w_tile_4_2_0_U SOURCE {} VARIABLE p_ZZ5conv3PA255_A255_fPA32_A5_A5_fPfS1_E6w_tile_4_2_0 LOOP {} BUNDLEDNAME {} DSP 0 BRAM 0 URAM 0 DISPNAME {bind_storage ram_1p}} {BINDTYPE storage ID {} IMPL auto LATENCY 1 OPTYPE ram_1p PRAGMA {} RTLNAME p_ZZ5conv3PA255_A255_fPA32_A5_A5_fPfS1_E6w_tile_4_3_0_U SOURCE {} VARIABLE p_ZZ5conv3PA255_A255_fPA32_A5_A5_fPfS1_E6w_tile_4_3_0 LOOP {} BUNDLEDNAME {} DSP 0 BRAM 0 URAM 0 DISPNAME {bind_storage ram_1p}} {BINDTYPE storage ID {} IMPL auto LATENCY 1 OPTYPE ram_1p PRAGMA {} RTLNAME p_ZZ5conv3PA255_A255_fPA32_A5_A5_fPfS1_E6w_tile_4_4_0_U SOURCE {} VARIABLE p_ZZ5conv3PA255_A255_fPA32_A5_A5_fPfS1_E6w_tile_4_4_0 LOOP {} BUNDLEDNAME {} DSP 0 BRAM 0 URAM 0 DISPNAME {bind_storage ram_1p}}} AREA {DSP 3 BRAM 66 URAM 0}} srcnn {BINDINFO {{BINDTYPE storage ID {} IMPL auto LATENCY 1 OPTYPE ram_s2p PRAGMA {} RTLNAME feat1_U SOURCE {} VARIABLE feat1 LOOP {} BUNDLEDNAME {} DSP 0 BRAM 7374 URAM 0 DISPNAME {bind_storage ram_s2p}} {BINDTYPE storage ID {} IMPL auto LATENCY 1 OPTYPE ram_s2p PRAGMA {} RTLNAME feat2_U SOURCE {} VARIABLE feat2 LOOP {} BUNDLEDNAME {} DSP 0 BRAM 3690 URAM 0 DISPNAME {bind_storage ram_s2p}}} AREA {DSP 408 BRAM 11168 URAM 0}}}}'
INFO-FLOW: DBG:PUTS:      update_csynth_reports json2rpt_hw_sw_interfaces
INFO-FLOW: Running: gen_csynth_sec_pragma
INFO-FLOW: Done: gen_csynth_sec_pragma time: 0 seconds per iteration
INFO-FLOW: DBG:PUTS:      update_csynth_reports wrote xml
INFO-FLOW: DBG:PUTS:      update_csynth_reports appended to csynth rpt file
INFO: [HLS 200-111] Finished Updating report files: CPU user time: 1 seconds. CPU system time: 0 seconds. Elapsed time: 3.239 seconds; current allocated memory: 674.961 MB.
INFO: [VHDL 208-304] Generating VHDL RTL for srcnn.
INFO: [VLOG 209-307] Generating Verilog RTL for srcnn.
Execute       syn_report -model srcnn -printsummary 
INFO: [HLS 200-790] **** Loop Constraint Status: All loop constraints were satisfied.
INFO: [HLS 200-789] **** Estimated Fmax: 142.53 MHz
Command     autosyn done; 75.929 sec.
Command   csynth_design done; 97.616 sec.
INFO: [HLS 200-111] Finished Command csynth_design CPU user time: 66 seconds. CPU system time: 5 seconds. Elapsed time: 97.616 seconds; current allocated memory: 579.723 MB.
Command ap_source done; 99.115 sec.
Execute cleanup_all 
Command cleanup_all done; 0.193 sec.
