

================================================================
== Vitis HLS Report for 'compute_tile_c3'
================================================================
* Date:           Thu Oct 30 21:22:29 2025

* Version:        2023.1 (Build 3854077 on May  4 2023)
* Project:        srcnn_hls
* Solution:       solution1 (Vivado IP Flow Target)
* Product family: zynquplus
* Target device:  xck26-sfvc784-2LV-c


================================================================
== Performance Estimates
================================================================
+ Timing: 
    * Summary: 
    +--------+----------+----------+------------+
    |  Clock |  Target  | Estimated| Uncertainty|
    +--------+----------+----------+------------+
    |ap_clk  |  10.00 ns|  7.016 ns|     2.70 ns|
    +--------+----------+----------+------------+

+ Latency: 
    * Summary: 
    +---------+---------+----------+----------+-------+--------+---------+
    |  Latency (cycles) |  Latency (absolute) |    Interval    | Pipeline|
    |   min   |   max   |    min   |    max   |  min  |   max  |   Type  |
    +---------+---------+----------+----------+-------+--------+---------+
    |    11265|   141313|  0.113 ms|  1.413 ms|  11265|  141313|       no|
    +---------+---------+----------+----------+-------+--------+---------+

    + Detail: 
        * Instance: 
        N/A

        * Loop: 
        +-----------------------------------+---------+---------+----------+-----------+-----------+------+----------+
        |                                   |  Latency (cycles) | Iteration|  Initiation Interval  | Trip |          |
        |             Loop Name             |   min   |   max   |  Latency |  achieved |   target  | Count| Pipelined|
        +-----------------------------------+---------+---------+----------+-----------+-----------+------+----------+
        |- VITIS_LOOP_74_1_VITIS_LOOP_75_2  |    11264|   141312|  11 ~ 138|          -|          -|  1024|        no|
        +-----------------------------------+---------+---------+----------+-----------+-----------+------+----------+

============================================================
+ Verbose Summary: Synthesis Manager
============================================================
InlineROM: 1
ExposeGlobal: 0
============================================================
+ Verbose Summary: CDFG Model
============================================================
IsTopModel: 0
ResetActiveHigh: 1
IsCombinational: 0
IsDatapathOnly: 0
HasWiredReturn: 1
HasMFsm: 0
HasVarLatency: 1
IsPipeline: 0
IsRtlPipelined: 0
IsInstanceOverlapped: 0
IsDontTouch: 0
HasImplIP: 0
IsGatedGlobalClock: 0


============================================================
+ Verbose Summary: Schedule
============================================================
* Number of FSM states : 25
* Pipeline : 0
* Dataflow Pipeline: 0

* FSM state transitions: 
1 --> 2 
2 --> 3 
3 --> 4 
4 --> 5 
5 --> 6 
6 --> 7 
7 --> 8 
8 --> 9 
9 --> 10 
10 --> 11 
11 --> 12 25 
12 --> 13 
13 --> 14 
14 --> 15 
15 --> 16 
16 --> 17 
17 --> 18 
18 --> 19 
19 --> 20 
20 --> 21 
21 --> 22 
22 --> 23 
23 --> 24 
24 --> 25 
25 --> 2 

* FSM state operations: 

State 1 <SV = 0> <Delay = 0.42>
ST_1 : Operation 26 [1/1] (0.00ns)   --->   "%tw = alloca i32 1"   --->   Operation 26 'alloca' 'tw' <Predicate = true> <Delay = 0.00>
ST_1 : Operation 27 [1/1] (0.00ns)   --->   "%th = alloca i32 1"   --->   Operation 27 'alloca' 'th' <Predicate = true> <Delay = 0.00>
ST_1 : Operation 28 [1/1] (0.00ns)   --->   "%indvar_flatten = alloca i32 1"   --->   Operation 28 'alloca' 'indvar_flatten' <Predicate = true> <Delay = 0.00>
ST_1 : Operation 29 [1/1] (0.00ns)   --->   "%tH_read = read i8 @_ssdm_op_Read.ap_auto.i8, i8 %tH"   --->   Operation 29 'read' 'tH_read' <Predicate = true> <Delay = 0.00>
ST_1 : Operation 30 [1/1] (0.00ns)   --->   "%tW_read = read i8 @_ssdm_op_Read.ap_auto.i8, i8 %tW"   --->   Operation 30 'read' 'tW_read' <Predicate = true> <Delay = 0.00>
ST_1 : Operation 31 [1/1] (0.42ns)   --->   "%store_ln74 = store i11 0, i11 %indvar_flatten" [src/conv3.cpp:74]   --->   Operation 31 'store' 'store_ln74' <Predicate = true> <Delay = 0.42>
ST_1 : Operation 32 [1/1] (0.42ns)   --->   "%store_ln74 = store i6 0, i6 %th" [src/conv3.cpp:74]   --->   Operation 32 'store' 'store_ln74' <Predicate = true> <Delay = 0.42>
ST_1 : Operation 33 [1/1] (0.42ns)   --->   "%store_ln74 = store i6 0, i6 %tw" [src/conv3.cpp:74]   --->   Operation 33 'store' 'store_ln74' <Predicate = true> <Delay = 0.42>
ST_1 : Operation 34 [1/1] (0.00ns)   --->   "%br_ln74 = br void %for.body4" [src/conv3.cpp:74]   --->   Operation 34 'br' 'br_ln74' <Predicate = true> <Delay = 0.00>

State 2 <SV = 1> <Delay = 2.68>
ST_2 : Operation 35 [1/1] (0.00ns)   --->   "%th_6 = load i6 %th"   --->   Operation 35 'load' 'th_6' <Predicate = true> <Delay = 0.00>
ST_2 : Operation 36 [1/1] (0.00ns)   --->   "%indvar_flatten_load = load i11 %indvar_flatten" [src/conv3.cpp:74]   --->   Operation 36 'load' 'indvar_flatten_load' <Predicate = true> <Delay = 0.00>
ST_2 : Operation 37 [1/1] (0.00ns)   --->   "%zext_ln74 = zext i6 %th_6" [src/conv3.cpp:74]   --->   Operation 37 'zext' 'zext_ln74' <Predicate = true> <Delay = 0.00>
ST_2 : Operation 38 [1/1] (0.00ns)   --->   "%zext_ln74_1 = zext i6 %th_6" [src/conv3.cpp:74]   --->   Operation 38 'zext' 'zext_ln74_1' <Predicate = true> <Delay = 0.00>
ST_2 : Operation 39 [1/1] (1.65ns)   --->   "%mul_ln74 = mul i13 %zext_ln74_1, i13 103" [src/conv3.cpp:74]   --->   Operation 39 'mul' 'mul_ln74' <Predicate = true> <Delay = 1.65> <CoreInst = "Multiplier">   --->   Core 3 'Multiplier' <Latency = 0> <II = 1> <Delay = 1.65> <FuncUnit> <Opcode : 'mul'> <InPorts = 2> <OutPorts = 1>
ST_2 : Operation 40 [1/1] (0.76ns)   --->   "%cmp5 = icmp_ult  i8 %zext_ln74, i8 %tH_read" [src/conv3.cpp:74]   --->   Operation 40 'icmp' 'cmp5' <Predicate = true> <Delay = 0.76> <CoreInst = "Cmp">   --->   Core 9 'Cmp' <Latency = 0> <II = 1> <Delay = 0.76> <FuncUnit> <Opcode : 'icmp'> <InPorts = 2> <OutPorts = 1>
ST_2 : Operation 41 [1/1] (0.78ns)   --->   "%indvars_iv_next54 = add i6 %th_6, i6 1"   --->   Operation 41 'add' 'indvars_iv_next54' <Predicate = true> <Delay = 0.78> <CoreInst = "Adder">   --->   Core 1 'Adder' <Latency = 0> <II = 1> <Delay = 0.78> <FuncUnit> <Opcode : 'add' 'sub'> <InPorts = 2> <OutPorts = 1>
ST_2 : Operation 42 [1/1] (0.00ns)   --->   "%indvars_iv_next54_cast = zext i6 %indvars_iv_next54"   --->   Operation 42 'zext' 'indvars_iv_next54_cast' <Predicate = true> <Delay = 0.00>
ST_2 : Operation 43 [1/1] (1.65ns)   --->   "%mul17 = mul i13 %indvars_iv_next54_cast, i13 103"   --->   Operation 43 'mul' 'mul17' <Predicate = true> <Delay = 1.65> <CoreInst = "Multiplier">   --->   Core 3 'Multiplier' <Latency = 0> <II = 1> <Delay = 1.65> <FuncUnit> <Opcode : 'mul'> <InPorts = 2> <OutPorts = 1>
ST_2 : Operation 44 [1/1] (0.79ns)   --->   "%icmp_ln74 = icmp_eq  i11 %indvar_flatten_load, i11 1024" [src/conv3.cpp:74]   --->   Operation 44 'icmp' 'icmp_ln74' <Predicate = true> <Delay = 0.79> <CoreInst = "Cmp">   --->   Core 9 'Cmp' <Latency = 0> <II = 1> <Delay = 0.79> <FuncUnit> <Opcode : 'icmp'> <InPorts = 2> <OutPorts = 1>
ST_2 : Operation 45 [1/1] (0.79ns)   --->   "%add_ln74_3 = add i11 %indvar_flatten_load, i11 1" [src/conv3.cpp:74]   --->   Operation 45 'add' 'add_ln74_3' <Predicate = true> <Delay = 0.79> <CoreInst = "Adder">   --->   Core 1 'Adder' <Latency = 0> <II = 1> <Delay = 0.79> <FuncUnit> <Opcode : 'add' 'sub'> <InPorts = 2> <OutPorts = 1>
ST_2 : Operation 46 [1/1] (0.00ns)   --->   "%br_ln74 = br i1 %icmp_ln74, void %for.inc67, void %for.end69" [src/conv3.cpp:74]   --->   Operation 46 'br' 'br_ln74' <Predicate = true> <Delay = 0.00>
ST_2 : Operation 47 [1/1] (0.00ns)   --->   "%tw_load = load i6 %tw" [src/conv3.cpp:75]   --->   Operation 47 'load' 'tw_load' <Predicate = (!icmp_ln74)> <Delay = 0.00>
ST_2 : Operation 48 [1/1] (0.78ns)   --->   "%icmp_ln75 = icmp_eq  i6 %tw_load, i6 32" [src/conv3.cpp:75]   --->   Operation 48 'icmp' 'icmp_ln75' <Predicate = (!icmp_ln74)> <Delay = 0.78> <CoreInst = "Cmp">   --->   Core 9 'Cmp' <Latency = 0> <II = 1> <Delay = 0.78> <FuncUnit> <Opcode : 'icmp'> <InPorts = 2> <OutPorts = 1>
ST_2 : Operation 49 [1/1] (0.38ns)   --->   "%select_ln74 = select i1 %icmp_ln75, i6 0, i6 %tw_load" [src/conv3.cpp:74]   --->   Operation 49 'select' 'select_ln74' <Predicate = (!icmp_ln74)> <Delay = 0.38> <CoreInst = "Sel">   --->   Core 73 'Sel' <Latency = 0> <II = 1> <Delay = 0.38> <FuncUnit> <Opcode : 'select'> <InPorts = 3> <OutPorts = 1>
ST_2 : Operation 50 [1/1] (0.38ns)   --->   "%select_ln74_1 = select i1 %icmp_ln75, i6 %indvars_iv_next54, i6 %th_6" [src/conv3.cpp:74]   --->   Operation 50 'select' 'select_ln74_1' <Predicate = (!icmp_ln74)> <Delay = 0.38> <CoreInst = "Sel">   --->   Core 73 'Sel' <Latency = 0> <II = 1> <Delay = 0.38> <FuncUnit> <Opcode : 'select'> <InPorts = 3> <OutPorts = 1>
ST_2 : Operation 51 [1/1] (0.00ns)   --->   "%indvars_iv_next54_cast55 = zext i6 %indvars_iv_next54"   --->   Operation 51 'zext' 'indvars_iv_next54_cast55' <Predicate = (!icmp_ln74)> <Delay = 0.00>
ST_2 : Operation 52 [1/1] (0.00ns)   --->   "%tmp_149_cast = partselect i3 @_ssdm_op_PartSelect.i3.i13.i32.i32, i13 %mul17, i32 9, i32 11"   --->   Operation 52 'partselect' 'tmp_149_cast' <Predicate = (!icmp_ln74)> <Delay = 0.00>
ST_2 : Operation 53 [1/1] (0.00ns)   --->   "%tmp_150_cast = partselect i3 @_ssdm_op_PartSelect.i3.i13.i32.i32, i13 %mul_ln74, i32 9, i32 11" [src/conv3.cpp:74]   --->   Operation 53 'partselect' 'tmp_150_cast' <Predicate = (!icmp_ln74)> <Delay = 0.00>
ST_2 : Operation 54 [1/1] (0.20ns)   --->   "%select_ln74_2 = select i1 %icmp_ln75, i3 %tmp_149_cast, i3 %tmp_150_cast" [src/conv3.cpp:74]   --->   Operation 54 'select' 'select_ln74_2' <Predicate = (!icmp_ln74)> <Delay = 0.20> <CoreInst = "Sel">   --->   Core 73 'Sel' <Latency = 0> <II = 1> <Delay = 0.20> <FuncUnit> <Opcode : 'select'> <InPorts = 3> <OutPorts = 1>
ST_2 : Operation 55 [10/10] (1.51ns)   --->   "%urem_ln74 = urem i6 %select_ln74_1, i6 5" [src/conv3.cpp:74]   --->   Operation 55 'urem' 'urem_ln74' <Predicate = (!icmp_ln74)> <Delay = 1.51> <CoreInst = "DivnS_SEQ">   --->   Core 7 'DivnS_SEQ' <Latency = 9> <II = 3> <Delay = 1.51> <FuncUnit> <Opcode : 'sdiv' 'srem' 'udiv' 'urem'> <InPorts = 2> <OutPorts = 1>
ST_2 : Operation 56 [1/1] (0.76ns)   --->   "%cmp5_mid1 = icmp_ult  i8 %indvars_iv_next54_cast55, i8 %tH_read"   --->   Operation 56 'icmp' 'cmp5_mid1' <Predicate = (!icmp_ln74)> <Delay = 0.76> <CoreInst = "Cmp">   --->   Core 9 'Cmp' <Latency = 0> <II = 1> <Delay = 0.76> <FuncUnit> <Opcode : 'icmp'> <InPorts = 2> <OutPorts = 1>
ST_2 : Operation 57 [1/1] (0.00ns) (grouped into LUT with out node and_ln76)   --->   "%select_ln74_3 = select i1 %icmp_ln75, i1 %cmp5_mid1, i1 %cmp5" [src/conv3.cpp:74]   --->   Operation 57 'select' 'select_ln74_3' <Predicate = (!icmp_ln74)> <Delay = 0.00> <CoreInst = "Sel">   --->   Core 73 'Sel' <Latency = 0> <II = 1> <Delay = 0.17> <FuncUnit> <Opcode : 'select'> <InPorts = 3> <OutPorts = 1>
ST_2 : Operation 58 [1/1] (0.00ns)   --->   "%zext_ln75 = zext i6 %select_ln74" [src/conv3.cpp:75]   --->   Operation 58 'zext' 'zext_ln75' <Predicate = (!icmp_ln74)> <Delay = 0.00>
ST_2 : Operation 59 [10/10] (1.51ns)   --->   "%urem_ln75 = urem i6 %select_ln74, i6 5" [src/conv3.cpp:75]   --->   Operation 59 'urem' 'urem_ln75' <Predicate = (!icmp_ln74)> <Delay = 1.51> <CoreInst = "DivnS_SEQ">   --->   Core 7 'DivnS_SEQ' <Latency = 9> <II = 3> <Delay = 1.51> <FuncUnit> <Opcode : 'sdiv' 'srem' 'udiv' 'urem'> <InPorts = 2> <OutPorts = 1>
ST_2 : Operation 60 [1/1] (0.76ns)   --->   "%icmp_ln76 = icmp_ult  i8 %zext_ln75, i8 %tW_read" [src/conv3.cpp:76]   --->   Operation 60 'icmp' 'icmp_ln76' <Predicate = (!icmp_ln74)> <Delay = 0.76> <CoreInst = "Cmp">   --->   Core 9 'Cmp' <Latency = 0> <II = 1> <Delay = 0.76> <FuncUnit> <Opcode : 'icmp'> <InPorts = 2> <OutPorts = 1>
ST_2 : Operation 61 [1/1] (0.28ns) (out node of the LUT)   --->   "%and_ln76 = and i1 %select_ln74_3, i1 %icmp_ln76" [src/conv3.cpp:76]   --->   Operation 61 'and' 'and_ln76' <Predicate = (!icmp_ln74)> <Delay = 0.28> <CoreInst = "LogicGate">   --->   Core 74 'LogicGate' <Latency = 0> <II = 1> <Delay = 0.28> <FuncUnit> <Opcode : 'and' 'or' 'xor'> <InPorts = 2> <OutPorts = 1>
ST_2 : Operation 62 [1/1] (0.00ns)   --->   "%ret_ln97 = ret" [src/conv3.cpp:97]   --->   Operation 62 'ret' 'ret_ln97' <Predicate = (icmp_ln74)> <Delay = 0.00>

State 3 <SV = 2> <Delay = 1.51>
ST_3 : Operation 63 [9/10] (1.51ns)   --->   "%urem_ln74 = urem i6 %select_ln74_1, i6 5" [src/conv3.cpp:74]   --->   Operation 63 'urem' 'urem_ln74' <Predicate = true> <Delay = 1.51> <CoreInst = "DivnS_SEQ">   --->   Core 7 'DivnS_SEQ' <Latency = 9> <II = 3> <Delay = 1.51> <FuncUnit> <Opcode : 'sdiv' 'srem' 'udiv' 'urem'> <InPorts = 2> <OutPorts = 1>
ST_3 : Operation 64 [9/10] (1.51ns)   --->   "%urem_ln75 = urem i6 %select_ln74, i6 5" [src/conv3.cpp:75]   --->   Operation 64 'urem' 'urem_ln75' <Predicate = true> <Delay = 1.51> <CoreInst = "DivnS_SEQ">   --->   Core 7 'DivnS_SEQ' <Latency = 9> <II = 3> <Delay = 1.51> <FuncUnit> <Opcode : 'sdiv' 'srem' 'udiv' 'urem'> <InPorts = 2> <OutPorts = 1>

State 4 <SV = 3> <Delay = 1.51>
ST_4 : Operation 65 [8/10] (1.51ns)   --->   "%urem_ln74 = urem i6 %select_ln74_1, i6 5" [src/conv3.cpp:74]   --->   Operation 65 'urem' 'urem_ln74' <Predicate = true> <Delay = 1.51> <CoreInst = "DivnS_SEQ">   --->   Core 7 'DivnS_SEQ' <Latency = 9> <II = 3> <Delay = 1.51> <FuncUnit> <Opcode : 'sdiv' 'srem' 'udiv' 'urem'> <InPorts = 2> <OutPorts = 1>
ST_4 : Operation 66 [8/10] (1.51ns)   --->   "%urem_ln75 = urem i6 %select_ln74, i6 5" [src/conv3.cpp:75]   --->   Operation 66 'urem' 'urem_ln75' <Predicate = true> <Delay = 1.51> <CoreInst = "DivnS_SEQ">   --->   Core 7 'DivnS_SEQ' <Latency = 9> <II = 3> <Delay = 1.51> <FuncUnit> <Opcode : 'sdiv' 'srem' 'udiv' 'urem'> <InPorts = 2> <OutPorts = 1>

State 5 <SV = 4> <Delay = 1.51>
ST_5 : Operation 67 [7/10] (1.51ns)   --->   "%urem_ln74 = urem i6 %select_ln74_1, i6 5" [src/conv3.cpp:74]   --->   Operation 67 'urem' 'urem_ln74' <Predicate = true> <Delay = 1.51> <CoreInst = "DivnS_SEQ">   --->   Core 7 'DivnS_SEQ' <Latency = 9> <II = 3> <Delay = 1.51> <FuncUnit> <Opcode : 'sdiv' 'srem' 'udiv' 'urem'> <InPorts = 2> <OutPorts = 1>
ST_5 : Operation 68 [7/10] (1.51ns)   --->   "%urem_ln75 = urem i6 %select_ln74, i6 5" [src/conv3.cpp:75]   --->   Operation 68 'urem' 'urem_ln75' <Predicate = true> <Delay = 1.51> <CoreInst = "DivnS_SEQ">   --->   Core 7 'DivnS_SEQ' <Latency = 9> <II = 3> <Delay = 1.51> <FuncUnit> <Opcode : 'sdiv' 'srem' 'udiv' 'urem'> <InPorts = 2> <OutPorts = 1>

State 6 <SV = 5> <Delay = 1.51>
ST_6 : Operation 69 [6/10] (1.51ns)   --->   "%urem_ln74 = urem i6 %select_ln74_1, i6 5" [src/conv3.cpp:74]   --->   Operation 69 'urem' 'urem_ln74' <Predicate = true> <Delay = 1.51> <CoreInst = "DivnS_SEQ">   --->   Core 7 'DivnS_SEQ' <Latency = 9> <II = 3> <Delay = 1.51> <FuncUnit> <Opcode : 'sdiv' 'srem' 'udiv' 'urem'> <InPorts = 2> <OutPorts = 1>
ST_6 : Operation 70 [6/10] (1.51ns)   --->   "%urem_ln75 = urem i6 %select_ln74, i6 5" [src/conv3.cpp:75]   --->   Operation 70 'urem' 'urem_ln75' <Predicate = true> <Delay = 1.51> <CoreInst = "DivnS_SEQ">   --->   Core 7 'DivnS_SEQ' <Latency = 9> <II = 3> <Delay = 1.51> <FuncUnit> <Opcode : 'sdiv' 'srem' 'udiv' 'urem'> <InPorts = 2> <OutPorts = 1>

State 7 <SV = 6> <Delay = 1.51>
ST_7 : Operation 71 [5/10] (1.51ns)   --->   "%urem_ln74 = urem i6 %select_ln74_1, i6 5" [src/conv3.cpp:74]   --->   Operation 71 'urem' 'urem_ln74' <Predicate = true> <Delay = 1.51> <CoreInst = "DivnS_SEQ">   --->   Core 7 'DivnS_SEQ' <Latency = 9> <II = 3> <Delay = 1.51> <FuncUnit> <Opcode : 'sdiv' 'srem' 'udiv' 'urem'> <InPorts = 2> <OutPorts = 1>
ST_7 : Operation 72 [5/10] (1.51ns)   --->   "%urem_ln75 = urem i6 %select_ln74, i6 5" [src/conv3.cpp:75]   --->   Operation 72 'urem' 'urem_ln75' <Predicate = true> <Delay = 1.51> <CoreInst = "DivnS_SEQ">   --->   Core 7 'DivnS_SEQ' <Latency = 9> <II = 3> <Delay = 1.51> <FuncUnit> <Opcode : 'sdiv' 'srem' 'udiv' 'urem'> <InPorts = 2> <OutPorts = 1>

State 8 <SV = 7> <Delay = 1.51>
ST_8 : Operation 73 [4/10] (1.51ns)   --->   "%urem_ln74 = urem i6 %select_ln74_1, i6 5" [src/conv3.cpp:74]   --->   Operation 73 'urem' 'urem_ln74' <Predicate = true> <Delay = 1.51> <CoreInst = "DivnS_SEQ">   --->   Core 7 'DivnS_SEQ' <Latency = 9> <II = 3> <Delay = 1.51> <FuncUnit> <Opcode : 'sdiv' 'srem' 'udiv' 'urem'> <InPorts = 2> <OutPorts = 1>
ST_8 : Operation 74 [4/10] (1.51ns)   --->   "%urem_ln75 = urem i6 %select_ln74, i6 5" [src/conv3.cpp:75]   --->   Operation 74 'urem' 'urem_ln75' <Predicate = true> <Delay = 1.51> <CoreInst = "DivnS_SEQ">   --->   Core 7 'DivnS_SEQ' <Latency = 9> <II = 3> <Delay = 1.51> <FuncUnit> <Opcode : 'sdiv' 'srem' 'udiv' 'urem'> <InPorts = 2> <OutPorts = 1>

State 9 <SV = 8> <Delay = 1.51>
ST_9 : Operation 75 [3/10] (1.51ns)   --->   "%urem_ln74 = urem i6 %select_ln74_1, i6 5" [src/conv3.cpp:74]   --->   Operation 75 'urem' 'urem_ln74' <Predicate = true> <Delay = 1.51> <CoreInst = "DivnS_SEQ">   --->   Core 7 'DivnS_SEQ' <Latency = 9> <II = 3> <Delay = 1.51> <FuncUnit> <Opcode : 'sdiv' 'srem' 'udiv' 'urem'> <InPorts = 2> <OutPorts = 1>
ST_9 : Operation 76 [3/10] (1.51ns)   --->   "%urem_ln75 = urem i6 %select_ln74, i6 5" [src/conv3.cpp:75]   --->   Operation 76 'urem' 'urem_ln75' <Predicate = true> <Delay = 1.51> <CoreInst = "DivnS_SEQ">   --->   Core 7 'DivnS_SEQ' <Latency = 9> <II = 3> <Delay = 1.51> <FuncUnit> <Opcode : 'sdiv' 'srem' 'udiv' 'urem'> <InPorts = 2> <OutPorts = 1>

State 10 <SV = 9> <Delay = 1.51>
ST_10 : Operation 77 [2/10] (1.51ns)   --->   "%urem_ln74 = urem i6 %select_ln74_1, i6 5" [src/conv3.cpp:74]   --->   Operation 77 'urem' 'urem_ln74' <Predicate = true> <Delay = 1.51> <CoreInst = "DivnS_SEQ">   --->   Core 7 'DivnS_SEQ' <Latency = 9> <II = 3> <Delay = 1.51> <FuncUnit> <Opcode : 'sdiv' 'srem' 'udiv' 'urem'> <InPorts = 2> <OutPorts = 1>
ST_10 : Operation 78 [2/10] (1.51ns)   --->   "%urem_ln75 = urem i6 %select_ln74, i6 5" [src/conv3.cpp:75]   --->   Operation 78 'urem' 'urem_ln75' <Predicate = true> <Delay = 1.51> <CoreInst = "DivnS_SEQ">   --->   Core 7 'DivnS_SEQ' <Latency = 9> <II = 3> <Delay = 1.51> <FuncUnit> <Opcode : 'sdiv' 'srem' 'udiv' 'urem'> <InPorts = 2> <OutPorts = 1>

State 11 <SV = 10> <Delay = 3.66>
ST_11 : Operation 79 [1/1] (0.00ns)   --->   "%specloopname_ln0 = specloopname void @_ssdm_op_SpecLoopName, void @VITIS_LOOP_74_1_VITIS_LOOP_75_2_str"   --->   Operation 79 'specloopname' 'specloopname_ln0' <Predicate = true> <Delay = 0.00>
ST_11 : Operation 80 [1/1] (0.00ns)   --->   "%speclooptripcount_ln0 = speclooptripcount void @_ssdm_op_SpecLoopTripCount, i64 1024, i64 1024, i64 1024"   --->   Operation 80 'speclooptripcount' 'speclooptripcount_ln0' <Predicate = true> <Delay = 0.00>
ST_11 : Operation 81 [1/1] (0.00ns)   --->   "%tmp_s = bitconcatenate i6 @_ssdm_op_BitConcatenate.i6.i3.i3, i3 %select_ln74_2, i3 0" [src/conv3.cpp:74]   --->   Operation 81 'bitconcatenate' 'tmp_s' <Predicate = true> <Delay = 0.00>
ST_11 : Operation 82 [1/10] (1.51ns)   --->   "%urem_ln74 = urem i6 %select_ln74_1, i6 5" [src/conv3.cpp:74]   --->   Operation 82 'urem' 'urem_ln74' <Predicate = true> <Delay = 1.51> <CoreInst = "DivnS_SEQ">   --->   Core 7 'DivnS_SEQ' <Latency = 9> <II = 3> <Delay = 1.51> <FuncUnit> <Opcode : 'sdiv' 'srem' 'udiv' 'urem'> <InPorts = 2> <OutPorts = 1>
ST_11 : Operation 83 [1/1] (0.00ns)   --->   "%trunc_ln74 = trunc i3 %urem_ln74" [src/conv3.cpp:74]   --->   Operation 83 'trunc' 'trunc_ln74' <Predicate = true> <Delay = 0.00>
ST_11 : Operation 84 [1/1] (0.78ns)   --->   "%indvars_iv_next54_mid1 = add i6 %th_6, i6 2"   --->   Operation 84 'add' 'indvars_iv_next54_mid1' <Predicate = (icmp_ln75)> <Delay = 0.78> <CoreInst = "Adder">   --->   Core 1 'Adder' <Latency = 0> <II = 1> <Delay = 0.78> <FuncUnit> <Opcode : 'add' 'sub'> <InPorts = 2> <OutPorts = 1>
ST_11 : Operation 85 [1/1] (0.00ns)   --->   "%indvars_iv_next54_mid1_cast = zext i6 %indvars_iv_next54_mid1"   --->   Operation 85 'zext' 'indvars_iv_next54_mid1_cast' <Predicate = (icmp_ln75)> <Delay = 0.00>
ST_11 : Operation 86 [1/1] (1.65ns)   --->   "%mul36 = mul i13 %indvars_iv_next54_mid1_cast, i13 103"   --->   Operation 86 'mul' 'mul36' <Predicate = (icmp_ln75)> <Delay = 1.65> <CoreInst = "Multiplier">   --->   Core 3 'Multiplier' <Latency = 0> <II = 1> <Delay = 1.65> <FuncUnit> <Opcode : 'mul'> <InPorts = 2> <OutPorts = 1>
ST_11 : Operation 87 [1/1] (0.00ns)   --->   "%tmp_152_cast = partselect i3 @_ssdm_op_PartSelect.i3.i13.i32.i32, i13 %mul36, i32 9, i32 11" [src/conv3.cpp:74]   --->   Operation 87 'partselect' 'tmp_152_cast' <Predicate = (icmp_ln75)> <Delay = 0.00>
ST_11 : Operation 88 [1/1] (0.20ns)   --->   "%select_ln74_4 = select i1 %icmp_ln75, i3 %tmp_152_cast, i3 %tmp_149_cast" [src/conv3.cpp:74]   --->   Operation 88 'select' 'select_ln74_4' <Predicate = true> <Delay = 0.20> <CoreInst = "Sel">   --->   Core 73 'Sel' <Latency = 0> <II = 1> <Delay = 0.20> <FuncUnit> <Opcode : 'select'> <InPorts = 3> <OutPorts = 1>
ST_11 : Operation 89 [1/1] (0.00ns)   --->   "%tmp_150 = bitconcatenate i6 @_ssdm_op_BitConcatenate.i6.i3.i3, i3 %select_ln74_4, i3 0" [src/conv3.cpp:74]   --->   Operation 89 'bitconcatenate' 'tmp_150' <Predicate = true> <Delay = 0.00>
ST_11 : Operation 90 [1/1] (0.00ns) (grouped into LUT with out node add_ln74)   --->   "%select_ln74_5 = select i1 %icmp_ln75, i6 3, i6 2" [src/conv3.cpp:74]   --->   Operation 90 'select' 'select_ln74_5' <Predicate = true> <Delay = 0.00> <CoreInst = "Sel">   --->   Core 73 'Sel' <Latency = 0> <II = 1> <Delay = 0.20> <FuncUnit> <Opcode : 'select'> <InPorts = 3> <OutPorts = 1>
ST_11 : Operation 91 [1/1] (0.78ns) (out node of the LUT)   --->   "%add_ln74 = add i6 %th_6, i6 %select_ln74_5" [src/conv3.cpp:74]   --->   Operation 91 'add' 'add_ln74' <Predicate = true> <Delay = 0.78> <CoreInst = "Adder">   --->   Core 1 'Adder' <Latency = 0> <II = 1> <Delay = 0.78> <FuncUnit> <Opcode : 'add' 'sub'> <InPorts = 2> <OutPorts = 1>
ST_11 : Operation 92 [1/1] (0.00ns)   --->   "%zext_ln74_2 = zext i6 %add_ln74" [src/conv3.cpp:74]   --->   Operation 92 'zext' 'zext_ln74_2' <Predicate = true> <Delay = 0.00>
ST_11 : Operation 93 [1/1] (1.65ns)   --->   "%mul_ln74_1 = mul i13 %zext_ln74_2, i13 103" [src/conv3.cpp:74]   --->   Operation 93 'mul' 'mul_ln74_1' <Predicate = true> <Delay = 1.65> <CoreInst = "Multiplier">   --->   Core 3 'Multiplier' <Latency = 0> <II = 1> <Delay = 1.65> <FuncUnit> <Opcode : 'mul'> <InPorts = 2> <OutPorts = 1>
ST_11 : Operation 94 [1/1] (0.00ns)   --->   "%tmp_155_cast = partselect i3 @_ssdm_op_PartSelect.i3.i13.i32.i32, i13 %mul_ln74_1, i32 9, i32 11" [src/conv3.cpp:74]   --->   Operation 94 'partselect' 'tmp_155_cast' <Predicate = true> <Delay = 0.00>
ST_11 : Operation 95 [1/1] (0.00ns)   --->   "%tmp_151 = bitconcatenate i6 @_ssdm_op_BitConcatenate.i6.i3.i3, i3 %tmp_155_cast, i3 0" [src/conv3.cpp:74]   --->   Operation 95 'bitconcatenate' 'tmp_151' <Predicate = true> <Delay = 0.00>
ST_11 : Operation 96 [1/1] (0.00ns) (grouped into LUT with out node add_ln74_1)   --->   "%select_ln74_6 = select i1 %icmp_ln75, i6 4, i6 3" [src/conv3.cpp:74]   --->   Operation 96 'select' 'select_ln74_6' <Predicate = true> <Delay = 0.00> <CoreInst = "Sel">   --->   Core 73 'Sel' <Latency = 0> <II = 1> <Delay = 0.39> <FuncUnit> <Opcode : 'select'> <InPorts = 3> <OutPorts = 1>
ST_11 : Operation 97 [1/1] (0.78ns) (out node of the LUT)   --->   "%add_ln74_1 = add i6 %th_6, i6 %select_ln74_6" [src/conv3.cpp:74]   --->   Operation 97 'add' 'add_ln74_1' <Predicate = true> <Delay = 0.78> <CoreInst = "Adder">   --->   Core 1 'Adder' <Latency = 0> <II = 1> <Delay = 0.78> <FuncUnit> <Opcode : 'add' 'sub'> <InPorts = 2> <OutPorts = 1>
ST_11 : Operation 98 [1/1] (0.00ns)   --->   "%zext_ln74_3 = zext i6 %add_ln74_1" [src/conv3.cpp:74]   --->   Operation 98 'zext' 'zext_ln74_3' <Predicate = true> <Delay = 0.00>
ST_11 : Operation 99 [1/1] (1.65ns)   --->   "%mul_ln74_2 = mul i13 %zext_ln74_3, i13 103" [src/conv3.cpp:74]   --->   Operation 99 'mul' 'mul_ln74_2' <Predicate = true> <Delay = 1.65> <CoreInst = "Multiplier">   --->   Core 3 'Multiplier' <Latency = 0> <II = 1> <Delay = 1.65> <FuncUnit> <Opcode : 'mul'> <InPorts = 2> <OutPorts = 1>
ST_11 : Operation 100 [1/1] (0.00ns)   --->   "%tmp_157_cast = partselect i3 @_ssdm_op_PartSelect.i3.i13.i32.i32, i13 %mul_ln74_2, i32 9, i32 11" [src/conv3.cpp:74]   --->   Operation 100 'partselect' 'tmp_157_cast' <Predicate = true> <Delay = 0.00>
ST_11 : Operation 101 [1/1] (0.00ns)   --->   "%tmp_152 = bitconcatenate i6 @_ssdm_op_BitConcatenate.i6.i3.i3, i3 %tmp_157_cast, i3 0" [src/conv3.cpp:74]   --->   Operation 101 'bitconcatenate' 'tmp_152' <Predicate = true> <Delay = 0.00>
ST_11 : Operation 102 [1/1] (0.00ns) (grouped into LUT with out node add_ln74_2)   --->   "%select_ln74_7 = select i1 %icmp_ln75, i6 5, i6 4" [src/conv3.cpp:74]   --->   Operation 102 'select' 'select_ln74_7' <Predicate = true> <Delay = 0.00> <CoreInst = "Sel">   --->   Core 73 'Sel' <Latency = 0> <II = 1> <Delay = 0.39> <FuncUnit> <Opcode : 'select'> <InPorts = 3> <OutPorts = 1>
ST_11 : Operation 103 [1/1] (0.78ns) (out node of the LUT)   --->   "%add_ln74_2 = add i6 %th_6, i6 %select_ln74_7" [src/conv3.cpp:74]   --->   Operation 103 'add' 'add_ln74_2' <Predicate = true> <Delay = 0.78> <CoreInst = "Adder">   --->   Core 1 'Adder' <Latency = 0> <II = 1> <Delay = 0.78> <FuncUnit> <Opcode : 'add' 'sub'> <InPorts = 2> <OutPorts = 1>
ST_11 : Operation 104 [1/1] (0.00ns)   --->   "%zext_ln74_4 = zext i6 %add_ln74_2" [src/conv3.cpp:74]   --->   Operation 104 'zext' 'zext_ln74_4' <Predicate = true> <Delay = 0.00>
ST_11 : Operation 105 [1/1] (1.65ns)   --->   "%mul_ln74_3 = mul i13 %zext_ln74_4, i13 103" [src/conv3.cpp:74]   --->   Operation 105 'mul' 'mul_ln74_3' <Predicate = true> <Delay = 1.65> <CoreInst = "Multiplier">   --->   Core 3 'Multiplier' <Latency = 0> <II = 1> <Delay = 1.65> <FuncUnit> <Opcode : 'mul'> <InPorts = 2> <OutPorts = 1>
ST_11 : Operation 106 [1/1] (0.00ns)   --->   "%tmp_159_cast = partselect i3 @_ssdm_op_PartSelect.i3.i13.i32.i32, i13 %mul_ln74_3, i32 9, i32 11" [src/conv3.cpp:74]   --->   Operation 106 'partselect' 'tmp_159_cast' <Predicate = true> <Delay = 0.00>
ST_11 : Operation 107 [1/1] (0.00ns)   --->   "%tmp_153 = bitconcatenate i6 @_ssdm_op_BitConcatenate.i6.i3.i3, i3 %tmp_159_cast, i3 0" [src/conv3.cpp:74]   --->   Operation 107 'bitconcatenate' 'tmp_153' <Predicate = true> <Delay = 0.00>
ST_11 : Operation 108 [1/1] (0.00ns)   --->   "%specloopname_ln75 = specloopname void @_ssdm_op_SpecLoopName, void @empty_25" [src/conv3.cpp:75]   --->   Operation 108 'specloopname' 'specloopname_ln75' <Predicate = true> <Delay = 0.00>
ST_11 : Operation 109 [1/1] (0.00ns)   --->   "%zext_ln75_8 = zext i6 %select_ln74" [src/conv3.cpp:75]   --->   Operation 109 'zext' 'zext_ln75_8' <Predicate = true> <Delay = 0.00>
ST_11 : Operation 110 [1/1] (1.65ns)   --->   "%mul_ln75 = mul i13 %zext_ln75_8, i13 103" [src/conv3.cpp:75]   --->   Operation 110 'mul' 'mul_ln75' <Predicate = true> <Delay = 1.65> <CoreInst = "Multiplier">   --->   Core 3 'Multiplier' <Latency = 0> <II = 1> <Delay = 1.65> <FuncUnit> <Opcode : 'mul'> <InPorts = 2> <OutPorts = 1>
ST_11 : Operation 111 [1/1] (0.00ns)   --->   "%tmp = partselect i4 @_ssdm_op_PartSelect.i4.i13.i32.i32, i13 %mul_ln75, i32 9, i32 12" [src/conv3.cpp:75]   --->   Operation 111 'partselect' 'tmp' <Predicate = true> <Delay = 0.00>
ST_11 : Operation 112 [1/1] (0.00ns)   --->   "%zext_ln75_9 = zext i4 %tmp" [src/conv3.cpp:75]   --->   Operation 112 'zext' 'zext_ln75_9' <Predicate = true> <Delay = 0.00>
ST_11 : Operation 113 [1/1] (0.78ns)   --->   "%empty_63 = add i6 %tmp_s, i6 %zext_ln75_9" [src/conv3.cpp:74]   --->   Operation 113 'add' 'empty_63' <Predicate = true> <Delay = 0.78> <CoreInst = "Adder">   --->   Core 1 'Adder' <Latency = 0> <II = 1> <Delay = 0.78> <FuncUnit> <Opcode : 'add' 'sub'> <InPorts = 2> <OutPorts = 1>
ST_11 : Operation 114 [1/1] (0.00ns)   --->   "%p_cast59 = zext i6 %empty_63" [src/conv3.cpp:74]   --->   Operation 114 'zext' 'p_cast59' <Predicate = true> <Delay = 0.00>
ST_11 : Operation 115 [1/1] (0.00ns)   --->   "%p_ZZ5conv3PA255_A255_fPA32_A5_A5_fPfS1_E7in_tile_0_0_0_addr = getelementptr i32 %p_ZZ5conv3PA255_A255_fPA32_A5_A5_fPfS1_E7in_tile_0_0_0, i64 0, i64 %p_cast59" [src/conv3.cpp:74]   --->   Operation 115 'getelementptr' 'p_ZZ5conv3PA255_A255_fPA32_A5_A5_fPfS1_E7in_tile_0_0_0_addr' <Predicate = true> <Delay = 0.00>
ST_11 : Operation 116 [1/1] (0.78ns)   --->   "%empty_64 = add i6 %tmp_150, i6 %zext_ln75_9" [src/conv3.cpp:74]   --->   Operation 116 'add' 'empty_64' <Predicate = true> <Delay = 0.78> <CoreInst = "Adder">   --->   Core 1 'Adder' <Latency = 0> <II = 1> <Delay = 0.78> <FuncUnit> <Opcode : 'add' 'sub'> <InPorts = 2> <OutPorts = 1>
ST_11 : Operation 117 [1/1] (0.00ns)   --->   "%p_cast60 = zext i6 %empty_64" [src/conv3.cpp:74]   --->   Operation 117 'zext' 'p_cast60' <Predicate = true> <Delay = 0.00>
ST_11 : Operation 118 [1/1] (0.00ns)   --->   "%p_ZZ5conv3PA255_A255_fPA32_A5_A5_fPfS1_E7in_tile_0_0_0_addr_5 = getelementptr i32 %p_ZZ5conv3PA255_A255_fPA32_A5_A5_fPfS1_E7in_tile_0_0_0, i64 0, i64 %p_cast60" [src/conv3.cpp:74]   --->   Operation 118 'getelementptr' 'p_ZZ5conv3PA255_A255_fPA32_A5_A5_fPfS1_E7in_tile_0_0_0_addr_5' <Predicate = true> <Delay = 0.00>
ST_11 : Operation 119 [1/1] (0.78ns)   --->   "%empty_65 = add i6 %tmp_151, i6 %zext_ln75_9" [src/conv3.cpp:74]   --->   Operation 119 'add' 'empty_65' <Predicate = true> <Delay = 0.78> <CoreInst = "Adder">   --->   Core 1 'Adder' <Latency = 0> <II = 1> <Delay = 0.78> <FuncUnit> <Opcode : 'add' 'sub'> <InPorts = 2> <OutPorts = 1>
ST_11 : Operation 120 [1/1] (0.00ns)   --->   "%p_cast61 = zext i6 %empty_65" [src/conv3.cpp:74]   --->   Operation 120 'zext' 'p_cast61' <Predicate = true> <Delay = 0.00>
ST_11 : Operation 121 [1/1] (0.00ns)   --->   "%p_ZZ5conv3PA255_A255_fPA32_A5_A5_fPfS1_E7in_tile_0_0_0_addr_10 = getelementptr i32 %p_ZZ5conv3PA255_A255_fPA32_A5_A5_fPfS1_E7in_tile_0_0_0, i64 0, i64 %p_cast61" [src/conv3.cpp:74]   --->   Operation 121 'getelementptr' 'p_ZZ5conv3PA255_A255_fPA32_A5_A5_fPfS1_E7in_tile_0_0_0_addr_10' <Predicate = true> <Delay = 0.00>
ST_11 : Operation 122 [1/1] (0.78ns)   --->   "%empty_66 = add i6 %tmp_152, i6 %zext_ln75_9" [src/conv3.cpp:74]   --->   Operation 122 'add' 'empty_66' <Predicate = true> <Delay = 0.78> <CoreInst = "Adder">   --->   Core 1 'Adder' <Latency = 0> <II = 1> <Delay = 0.78> <FuncUnit> <Opcode : 'add' 'sub'> <InPorts = 2> <OutPorts = 1>
ST_11 : Operation 123 [1/1] (0.00ns)   --->   "%p_cast62 = zext i6 %empty_66" [src/conv3.cpp:74]   --->   Operation 123 'zext' 'p_cast62' <Predicate = true> <Delay = 0.00>
ST_11 : Operation 124 [1/1] (0.00ns)   --->   "%p_ZZ5conv3PA255_A255_fPA32_A5_A5_fPfS1_E7in_tile_0_0_0_addr_15 = getelementptr i32 %p_ZZ5conv3PA255_A255_fPA32_A5_A5_fPfS1_E7in_tile_0_0_0, i64 0, i64 %p_cast62" [src/conv3.cpp:74]   --->   Operation 124 'getelementptr' 'p_ZZ5conv3PA255_A255_fPA32_A5_A5_fPfS1_E7in_tile_0_0_0_addr_15' <Predicate = true> <Delay = 0.00>
ST_11 : Operation 125 [1/1] (0.78ns)   --->   "%empty_67 = add i6 %tmp_153, i6 %zext_ln75_9" [src/conv3.cpp:74]   --->   Operation 125 'add' 'empty_67' <Predicate = true> <Delay = 0.78> <CoreInst = "Adder">   --->   Core 1 'Adder' <Latency = 0> <II = 1> <Delay = 0.78> <FuncUnit> <Opcode : 'add' 'sub'> <InPorts = 2> <OutPorts = 1>
ST_11 : Operation 126 [1/1] (0.00ns)   --->   "%p_cast63 = zext i6 %empty_67" [src/conv3.cpp:74]   --->   Operation 126 'zext' 'p_cast63' <Predicate = true> <Delay = 0.00>
ST_11 : Operation 127 [1/1] (0.00ns)   --->   "%p_ZZ5conv3PA255_A255_fPA32_A5_A5_fPfS1_E7in_tile_0_0_0_addr_20 = getelementptr i32 %p_ZZ5conv3PA255_A255_fPA32_A5_A5_fPfS1_E7in_tile_0_0_0, i64 0, i64 %p_cast63" [src/conv3.cpp:74]   --->   Operation 127 'getelementptr' 'p_ZZ5conv3PA255_A255_fPA32_A5_A5_fPfS1_E7in_tile_0_0_0_addr_20' <Predicate = true> <Delay = 0.00>
ST_11 : Operation 128 [1/1] (0.00ns)   --->   "%p_ZZ5conv3PA255_A255_fPA32_A5_A5_fPfS1_E7in_tile_0_1_0_addr = getelementptr i32 %p_ZZ5conv3PA255_A255_fPA32_A5_A5_fPfS1_E7in_tile_0_1_0, i64 0, i64 %p_cast59" [src/conv3.cpp:74]   --->   Operation 128 'getelementptr' 'p_ZZ5conv3PA255_A255_fPA32_A5_A5_fPfS1_E7in_tile_0_1_0_addr' <Predicate = true> <Delay = 0.00>
ST_11 : Operation 129 [1/1] (0.00ns)   --->   "%p_ZZ5conv3PA255_A255_fPA32_A5_A5_fPfS1_E7in_tile_0_1_0_addr_5 = getelementptr i32 %p_ZZ5conv3PA255_A255_fPA32_A5_A5_fPfS1_E7in_tile_0_1_0, i64 0, i64 %p_cast60" [src/conv3.cpp:74]   --->   Operation 129 'getelementptr' 'p_ZZ5conv3PA255_A255_fPA32_A5_A5_fPfS1_E7in_tile_0_1_0_addr_5' <Predicate = true> <Delay = 0.00>
ST_11 : Operation 130 [1/1] (0.00ns)   --->   "%p_ZZ5conv3PA255_A255_fPA32_A5_A5_fPfS1_E7in_tile_0_1_0_addr_10 = getelementptr i32 %p_ZZ5conv3PA255_A255_fPA32_A5_A5_fPfS1_E7in_tile_0_1_0, i64 0, i64 %p_cast61" [src/conv3.cpp:74]   --->   Operation 130 'getelementptr' 'p_ZZ5conv3PA255_A255_fPA32_A5_A5_fPfS1_E7in_tile_0_1_0_addr_10' <Predicate = true> <Delay = 0.00>
ST_11 : Operation 131 [1/1] (0.00ns)   --->   "%p_ZZ5conv3PA255_A255_fPA32_A5_A5_fPfS1_E7in_tile_0_1_0_addr_15 = getelementptr i32 %p_ZZ5conv3PA255_A255_fPA32_A5_A5_fPfS1_E7in_tile_0_1_0, i64 0, i64 %p_cast62" [src/conv3.cpp:74]   --->   Operation 131 'getelementptr' 'p_ZZ5conv3PA255_A255_fPA32_A5_A5_fPfS1_E7in_tile_0_1_0_addr_15' <Predicate = true> <Delay = 0.00>
ST_11 : Operation 132 [1/1] (0.00ns)   --->   "%p_ZZ5conv3PA255_A255_fPA32_A5_A5_fPfS1_E7in_tile_0_1_0_addr_20 = getelementptr i32 %p_ZZ5conv3PA255_A255_fPA32_A5_A5_fPfS1_E7in_tile_0_1_0, i64 0, i64 %p_cast63" [src/conv3.cpp:74]   --->   Operation 132 'getelementptr' 'p_ZZ5conv3PA255_A255_fPA32_A5_A5_fPfS1_E7in_tile_0_1_0_addr_20' <Predicate = true> <Delay = 0.00>
ST_11 : Operation 133 [1/1] (0.00ns)   --->   "%p_ZZ5conv3PA255_A255_fPA32_A5_A5_fPfS1_E7in_tile_0_2_0_addr = getelementptr i32 %p_ZZ5conv3PA255_A255_fPA32_A5_A5_fPfS1_E7in_tile_0_2_0, i64 0, i64 %p_cast59" [src/conv3.cpp:74]   --->   Operation 133 'getelementptr' 'p_ZZ5conv3PA255_A255_fPA32_A5_A5_fPfS1_E7in_tile_0_2_0_addr' <Predicate = true> <Delay = 0.00>
ST_11 : Operation 134 [1/1] (0.00ns)   --->   "%p_ZZ5conv3PA255_A255_fPA32_A5_A5_fPfS1_E7in_tile_0_2_0_addr_5 = getelementptr i32 %p_ZZ5conv3PA255_A255_fPA32_A5_A5_fPfS1_E7in_tile_0_2_0, i64 0, i64 %p_cast60" [src/conv3.cpp:74]   --->   Operation 134 'getelementptr' 'p_ZZ5conv3PA255_A255_fPA32_A5_A5_fPfS1_E7in_tile_0_2_0_addr_5' <Predicate = true> <Delay = 0.00>
ST_11 : Operation 135 [1/1] (0.00ns)   --->   "%p_ZZ5conv3PA255_A255_fPA32_A5_A5_fPfS1_E7in_tile_0_2_0_addr_10 = getelementptr i32 %p_ZZ5conv3PA255_A255_fPA32_A5_A5_fPfS1_E7in_tile_0_2_0, i64 0, i64 %p_cast61" [src/conv3.cpp:74]   --->   Operation 135 'getelementptr' 'p_ZZ5conv3PA255_A255_fPA32_A5_A5_fPfS1_E7in_tile_0_2_0_addr_10' <Predicate = true> <Delay = 0.00>
ST_11 : Operation 136 [1/1] (0.00ns)   --->   "%p_ZZ5conv3PA255_A255_fPA32_A5_A5_fPfS1_E7in_tile_0_2_0_addr_15 = getelementptr i32 %p_ZZ5conv3PA255_A255_fPA32_A5_A5_fPfS1_E7in_tile_0_2_0, i64 0, i64 %p_cast62" [src/conv3.cpp:74]   --->   Operation 136 'getelementptr' 'p_ZZ5conv3PA255_A255_fPA32_A5_A5_fPfS1_E7in_tile_0_2_0_addr_15' <Predicate = true> <Delay = 0.00>
ST_11 : Operation 137 [1/1] (0.00ns)   --->   "%p_ZZ5conv3PA255_A255_fPA32_A5_A5_fPfS1_E7in_tile_0_2_0_addr_20 = getelementptr i32 %p_ZZ5conv3PA255_A255_fPA32_A5_A5_fPfS1_E7in_tile_0_2_0, i64 0, i64 %p_cast63" [src/conv3.cpp:74]   --->   Operation 137 'getelementptr' 'p_ZZ5conv3PA255_A255_fPA32_A5_A5_fPfS1_E7in_tile_0_2_0_addr_20' <Predicate = true> <Delay = 0.00>
ST_11 : Operation 138 [1/1] (0.00ns)   --->   "%p_ZZ5conv3PA255_A255_fPA32_A5_A5_fPfS1_E7in_tile_0_3_0_addr = getelementptr i32 %p_ZZ5conv3PA255_A255_fPA32_A5_A5_fPfS1_E7in_tile_0_3_0, i64 0, i64 %p_cast59" [src/conv3.cpp:74]   --->   Operation 138 'getelementptr' 'p_ZZ5conv3PA255_A255_fPA32_A5_A5_fPfS1_E7in_tile_0_3_0_addr' <Predicate = true> <Delay = 0.00>
ST_11 : Operation 139 [1/1] (0.00ns)   --->   "%p_ZZ5conv3PA255_A255_fPA32_A5_A5_fPfS1_E7in_tile_0_3_0_addr_5 = getelementptr i32 %p_ZZ5conv3PA255_A255_fPA32_A5_A5_fPfS1_E7in_tile_0_3_0, i64 0, i64 %p_cast60" [src/conv3.cpp:74]   --->   Operation 139 'getelementptr' 'p_ZZ5conv3PA255_A255_fPA32_A5_A5_fPfS1_E7in_tile_0_3_0_addr_5' <Predicate = true> <Delay = 0.00>
ST_11 : Operation 140 [1/1] (0.00ns)   --->   "%p_ZZ5conv3PA255_A255_fPA32_A5_A5_fPfS1_E7in_tile_0_3_0_addr_10 = getelementptr i32 %p_ZZ5conv3PA255_A255_fPA32_A5_A5_fPfS1_E7in_tile_0_3_0, i64 0, i64 %p_cast61" [src/conv3.cpp:74]   --->   Operation 140 'getelementptr' 'p_ZZ5conv3PA255_A255_fPA32_A5_A5_fPfS1_E7in_tile_0_3_0_addr_10' <Predicate = true> <Delay = 0.00>
ST_11 : Operation 141 [1/1] (0.00ns)   --->   "%p_ZZ5conv3PA255_A255_fPA32_A5_A5_fPfS1_E7in_tile_0_3_0_addr_15 = getelementptr i32 %p_ZZ5conv3PA255_A255_fPA32_A5_A5_fPfS1_E7in_tile_0_3_0, i64 0, i64 %p_cast62" [src/conv3.cpp:74]   --->   Operation 141 'getelementptr' 'p_ZZ5conv3PA255_A255_fPA32_A5_A5_fPfS1_E7in_tile_0_3_0_addr_15' <Predicate = true> <Delay = 0.00>
ST_11 : Operation 142 [1/1] (0.00ns)   --->   "%p_ZZ5conv3PA255_A255_fPA32_A5_A5_fPfS1_E7in_tile_0_3_0_addr_20 = getelementptr i32 %p_ZZ5conv3PA255_A255_fPA32_A5_A5_fPfS1_E7in_tile_0_3_0, i64 0, i64 %p_cast63" [src/conv3.cpp:74]   --->   Operation 142 'getelementptr' 'p_ZZ5conv3PA255_A255_fPA32_A5_A5_fPfS1_E7in_tile_0_3_0_addr_20' <Predicate = true> <Delay = 0.00>
ST_11 : Operation 143 [1/1] (0.00ns)   --->   "%p_ZZ5conv3PA255_A255_fPA32_A5_A5_fPfS1_E7in_tile_0_4_0_addr = getelementptr i32 %p_ZZ5conv3PA255_A255_fPA32_A5_A5_fPfS1_E7in_tile_0_4_0, i64 0, i64 %p_cast59" [src/conv3.cpp:74]   --->   Operation 143 'getelementptr' 'p_ZZ5conv3PA255_A255_fPA32_A5_A5_fPfS1_E7in_tile_0_4_0_addr' <Predicate = true> <Delay = 0.00>
ST_11 : Operation 144 [1/1] (0.00ns)   --->   "%p_ZZ5conv3PA255_A255_fPA32_A5_A5_fPfS1_E7in_tile_0_4_0_addr_5 = getelementptr i32 %p_ZZ5conv3PA255_A255_fPA32_A5_A5_fPfS1_E7in_tile_0_4_0, i64 0, i64 %p_cast60" [src/conv3.cpp:74]   --->   Operation 144 'getelementptr' 'p_ZZ5conv3PA255_A255_fPA32_A5_A5_fPfS1_E7in_tile_0_4_0_addr_5' <Predicate = true> <Delay = 0.00>
ST_11 : Operation 145 [1/1] (0.00ns)   --->   "%p_ZZ5conv3PA255_A255_fPA32_A5_A5_fPfS1_E7in_tile_0_4_0_addr_10 = getelementptr i32 %p_ZZ5conv3PA255_A255_fPA32_A5_A5_fPfS1_E7in_tile_0_4_0, i64 0, i64 %p_cast61" [src/conv3.cpp:74]   --->   Operation 145 'getelementptr' 'p_ZZ5conv3PA255_A255_fPA32_A5_A5_fPfS1_E7in_tile_0_4_0_addr_10' <Predicate = true> <Delay = 0.00>
ST_11 : Operation 146 [1/1] (0.00ns)   --->   "%p_ZZ5conv3PA255_A255_fPA32_A5_A5_fPfS1_E7in_tile_0_4_0_addr_15 = getelementptr i32 %p_ZZ5conv3PA255_A255_fPA32_A5_A5_fPfS1_E7in_tile_0_4_0, i64 0, i64 %p_cast62" [src/conv3.cpp:74]   --->   Operation 146 'getelementptr' 'p_ZZ5conv3PA255_A255_fPA32_A5_A5_fPfS1_E7in_tile_0_4_0_addr_15' <Predicate = true> <Delay = 0.00>
ST_11 : Operation 147 [1/1] (0.00ns)   --->   "%p_ZZ5conv3PA255_A255_fPA32_A5_A5_fPfS1_E7in_tile_0_4_0_addr_20 = getelementptr i32 %p_ZZ5conv3PA255_A255_fPA32_A5_A5_fPfS1_E7in_tile_0_4_0, i64 0, i64 %p_cast63" [src/conv3.cpp:74]   --->   Operation 147 'getelementptr' 'p_ZZ5conv3PA255_A255_fPA32_A5_A5_fPfS1_E7in_tile_0_4_0_addr_20' <Predicate = true> <Delay = 0.00>
ST_11 : Operation 148 [1/1] (0.00ns)   --->   "%p_ZZ5conv3PA255_A255_fPA32_A5_A5_fPfS1_E7in_tile_1_0_0_addr = getelementptr i32 %p_ZZ5conv3PA255_A255_fPA32_A5_A5_fPfS1_E7in_tile_1_0_0, i64 0, i64 %p_cast59" [src/conv3.cpp:74]   --->   Operation 148 'getelementptr' 'p_ZZ5conv3PA255_A255_fPA32_A5_A5_fPfS1_E7in_tile_1_0_0_addr' <Predicate = true> <Delay = 0.00>
ST_11 : Operation 149 [1/1] (0.00ns)   --->   "%p_ZZ5conv3PA255_A255_fPA32_A5_A5_fPfS1_E7in_tile_1_0_0_addr_5 = getelementptr i32 %p_ZZ5conv3PA255_A255_fPA32_A5_A5_fPfS1_E7in_tile_1_0_0, i64 0, i64 %p_cast60" [src/conv3.cpp:74]   --->   Operation 149 'getelementptr' 'p_ZZ5conv3PA255_A255_fPA32_A5_A5_fPfS1_E7in_tile_1_0_0_addr_5' <Predicate = true> <Delay = 0.00>
ST_11 : Operation 150 [1/1] (0.00ns)   --->   "%p_ZZ5conv3PA255_A255_fPA32_A5_A5_fPfS1_E7in_tile_1_0_0_addr_10 = getelementptr i32 %p_ZZ5conv3PA255_A255_fPA32_A5_A5_fPfS1_E7in_tile_1_0_0, i64 0, i64 %p_cast61" [src/conv3.cpp:74]   --->   Operation 150 'getelementptr' 'p_ZZ5conv3PA255_A255_fPA32_A5_A5_fPfS1_E7in_tile_1_0_0_addr_10' <Predicate = true> <Delay = 0.00>
ST_11 : Operation 151 [1/1] (0.00ns)   --->   "%p_ZZ5conv3PA255_A255_fPA32_A5_A5_fPfS1_E7in_tile_1_0_0_addr_15 = getelementptr i32 %p_ZZ5conv3PA255_A255_fPA32_A5_A5_fPfS1_E7in_tile_1_0_0, i64 0, i64 %p_cast62" [src/conv3.cpp:74]   --->   Operation 151 'getelementptr' 'p_ZZ5conv3PA255_A255_fPA32_A5_A5_fPfS1_E7in_tile_1_0_0_addr_15' <Predicate = true> <Delay = 0.00>
ST_11 : Operation 152 [1/1] (0.00ns)   --->   "%p_ZZ5conv3PA255_A255_fPA32_A5_A5_fPfS1_E7in_tile_1_0_0_addr_20 = getelementptr i32 %p_ZZ5conv3PA255_A255_fPA32_A5_A5_fPfS1_E7in_tile_1_0_0, i64 0, i64 %p_cast63" [src/conv3.cpp:74]   --->   Operation 152 'getelementptr' 'p_ZZ5conv3PA255_A255_fPA32_A5_A5_fPfS1_E7in_tile_1_0_0_addr_20' <Predicate = true> <Delay = 0.00>
ST_11 : Operation 153 [1/1] (0.00ns)   --->   "%p_ZZ5conv3PA255_A255_fPA32_A5_A5_fPfS1_E7in_tile_1_1_0_addr = getelementptr i32 %p_ZZ5conv3PA255_A255_fPA32_A5_A5_fPfS1_E7in_tile_1_1_0, i64 0, i64 %p_cast59" [src/conv3.cpp:74]   --->   Operation 153 'getelementptr' 'p_ZZ5conv3PA255_A255_fPA32_A5_A5_fPfS1_E7in_tile_1_1_0_addr' <Predicate = true> <Delay = 0.00>
ST_11 : Operation 154 [1/1] (0.00ns)   --->   "%p_ZZ5conv3PA255_A255_fPA32_A5_A5_fPfS1_E7in_tile_1_1_0_addr_5 = getelementptr i32 %p_ZZ5conv3PA255_A255_fPA32_A5_A5_fPfS1_E7in_tile_1_1_0, i64 0, i64 %p_cast60" [src/conv3.cpp:74]   --->   Operation 154 'getelementptr' 'p_ZZ5conv3PA255_A255_fPA32_A5_A5_fPfS1_E7in_tile_1_1_0_addr_5' <Predicate = true> <Delay = 0.00>
ST_11 : Operation 155 [1/1] (0.00ns)   --->   "%p_ZZ5conv3PA255_A255_fPA32_A5_A5_fPfS1_E7in_tile_1_1_0_addr_10 = getelementptr i32 %p_ZZ5conv3PA255_A255_fPA32_A5_A5_fPfS1_E7in_tile_1_1_0, i64 0, i64 %p_cast61" [src/conv3.cpp:74]   --->   Operation 155 'getelementptr' 'p_ZZ5conv3PA255_A255_fPA32_A5_A5_fPfS1_E7in_tile_1_1_0_addr_10' <Predicate = true> <Delay = 0.00>
ST_11 : Operation 156 [1/1] (0.00ns)   --->   "%p_ZZ5conv3PA255_A255_fPA32_A5_A5_fPfS1_E7in_tile_1_1_0_addr_15 = getelementptr i32 %p_ZZ5conv3PA255_A255_fPA32_A5_A5_fPfS1_E7in_tile_1_1_0, i64 0, i64 %p_cast62" [src/conv3.cpp:74]   --->   Operation 156 'getelementptr' 'p_ZZ5conv3PA255_A255_fPA32_A5_A5_fPfS1_E7in_tile_1_1_0_addr_15' <Predicate = true> <Delay = 0.00>
ST_11 : Operation 157 [1/1] (0.00ns)   --->   "%p_ZZ5conv3PA255_A255_fPA32_A5_A5_fPfS1_E7in_tile_1_1_0_addr_20 = getelementptr i32 %p_ZZ5conv3PA255_A255_fPA32_A5_A5_fPfS1_E7in_tile_1_1_0, i64 0, i64 %p_cast63" [src/conv3.cpp:74]   --->   Operation 157 'getelementptr' 'p_ZZ5conv3PA255_A255_fPA32_A5_A5_fPfS1_E7in_tile_1_1_0_addr_20' <Predicate = true> <Delay = 0.00>
ST_11 : Operation 158 [1/1] (0.00ns)   --->   "%p_ZZ5conv3PA255_A255_fPA32_A5_A5_fPfS1_E7in_tile_1_2_0_addr = getelementptr i32 %p_ZZ5conv3PA255_A255_fPA32_A5_A5_fPfS1_E7in_tile_1_2_0, i64 0, i64 %p_cast59" [src/conv3.cpp:74]   --->   Operation 158 'getelementptr' 'p_ZZ5conv3PA255_A255_fPA32_A5_A5_fPfS1_E7in_tile_1_2_0_addr' <Predicate = true> <Delay = 0.00>
ST_11 : Operation 159 [1/1] (0.00ns)   --->   "%p_ZZ5conv3PA255_A255_fPA32_A5_A5_fPfS1_E7in_tile_1_2_0_addr_5 = getelementptr i32 %p_ZZ5conv3PA255_A255_fPA32_A5_A5_fPfS1_E7in_tile_1_2_0, i64 0, i64 %p_cast60" [src/conv3.cpp:74]   --->   Operation 159 'getelementptr' 'p_ZZ5conv3PA255_A255_fPA32_A5_A5_fPfS1_E7in_tile_1_2_0_addr_5' <Predicate = true> <Delay = 0.00>
ST_11 : Operation 160 [1/1] (0.00ns)   --->   "%p_ZZ5conv3PA255_A255_fPA32_A5_A5_fPfS1_E7in_tile_1_2_0_addr_10 = getelementptr i32 %p_ZZ5conv3PA255_A255_fPA32_A5_A5_fPfS1_E7in_tile_1_2_0, i64 0, i64 %p_cast61" [src/conv3.cpp:74]   --->   Operation 160 'getelementptr' 'p_ZZ5conv3PA255_A255_fPA32_A5_A5_fPfS1_E7in_tile_1_2_0_addr_10' <Predicate = true> <Delay = 0.00>
ST_11 : Operation 161 [1/1] (0.00ns)   --->   "%p_ZZ5conv3PA255_A255_fPA32_A5_A5_fPfS1_E7in_tile_1_2_0_addr_15 = getelementptr i32 %p_ZZ5conv3PA255_A255_fPA32_A5_A5_fPfS1_E7in_tile_1_2_0, i64 0, i64 %p_cast62" [src/conv3.cpp:74]   --->   Operation 161 'getelementptr' 'p_ZZ5conv3PA255_A255_fPA32_A5_A5_fPfS1_E7in_tile_1_2_0_addr_15' <Predicate = true> <Delay = 0.00>
ST_11 : Operation 162 [1/1] (0.00ns)   --->   "%p_ZZ5conv3PA255_A255_fPA32_A5_A5_fPfS1_E7in_tile_1_2_0_addr_20 = getelementptr i32 %p_ZZ5conv3PA255_A255_fPA32_A5_A5_fPfS1_E7in_tile_1_2_0, i64 0, i64 %p_cast63" [src/conv3.cpp:74]   --->   Operation 162 'getelementptr' 'p_ZZ5conv3PA255_A255_fPA32_A5_A5_fPfS1_E7in_tile_1_2_0_addr_20' <Predicate = true> <Delay = 0.00>
ST_11 : Operation 163 [1/1] (0.00ns)   --->   "%p_ZZ5conv3PA255_A255_fPA32_A5_A5_fPfS1_E7in_tile_1_3_0_addr = getelementptr i32 %p_ZZ5conv3PA255_A255_fPA32_A5_A5_fPfS1_E7in_tile_1_3_0, i64 0, i64 %p_cast59" [src/conv3.cpp:74]   --->   Operation 163 'getelementptr' 'p_ZZ5conv3PA255_A255_fPA32_A5_A5_fPfS1_E7in_tile_1_3_0_addr' <Predicate = true> <Delay = 0.00>
ST_11 : Operation 164 [1/1] (0.00ns)   --->   "%p_ZZ5conv3PA255_A255_fPA32_A5_A5_fPfS1_E7in_tile_1_3_0_addr_5 = getelementptr i32 %p_ZZ5conv3PA255_A255_fPA32_A5_A5_fPfS1_E7in_tile_1_3_0, i64 0, i64 %p_cast60" [src/conv3.cpp:74]   --->   Operation 164 'getelementptr' 'p_ZZ5conv3PA255_A255_fPA32_A5_A5_fPfS1_E7in_tile_1_3_0_addr_5' <Predicate = true> <Delay = 0.00>
ST_11 : Operation 165 [1/1] (0.00ns)   --->   "%p_ZZ5conv3PA255_A255_fPA32_A5_A5_fPfS1_E7in_tile_1_3_0_addr_10 = getelementptr i32 %p_ZZ5conv3PA255_A255_fPA32_A5_A5_fPfS1_E7in_tile_1_3_0, i64 0, i64 %p_cast61" [src/conv3.cpp:74]   --->   Operation 165 'getelementptr' 'p_ZZ5conv3PA255_A255_fPA32_A5_A5_fPfS1_E7in_tile_1_3_0_addr_10' <Predicate = true> <Delay = 0.00>
ST_11 : Operation 166 [1/1] (0.00ns)   --->   "%p_ZZ5conv3PA255_A255_fPA32_A5_A5_fPfS1_E7in_tile_1_3_0_addr_15 = getelementptr i32 %p_ZZ5conv3PA255_A255_fPA32_A5_A5_fPfS1_E7in_tile_1_3_0, i64 0, i64 %p_cast62" [src/conv3.cpp:74]   --->   Operation 166 'getelementptr' 'p_ZZ5conv3PA255_A255_fPA32_A5_A5_fPfS1_E7in_tile_1_3_0_addr_15' <Predicate = true> <Delay = 0.00>
ST_11 : Operation 167 [1/1] (0.00ns)   --->   "%p_ZZ5conv3PA255_A255_fPA32_A5_A5_fPfS1_E7in_tile_1_3_0_addr_20 = getelementptr i32 %p_ZZ5conv3PA255_A255_fPA32_A5_A5_fPfS1_E7in_tile_1_3_0, i64 0, i64 %p_cast63" [src/conv3.cpp:74]   --->   Operation 167 'getelementptr' 'p_ZZ5conv3PA255_A255_fPA32_A5_A5_fPfS1_E7in_tile_1_3_0_addr_20' <Predicate = true> <Delay = 0.00>
ST_11 : Operation 168 [1/1] (0.00ns)   --->   "%p_ZZ5conv3PA255_A255_fPA32_A5_A5_fPfS1_E7in_tile_1_4_0_addr = getelementptr i32 %p_ZZ5conv3PA255_A255_fPA32_A5_A5_fPfS1_E7in_tile_1_4_0, i64 0, i64 %p_cast59" [src/conv3.cpp:74]   --->   Operation 168 'getelementptr' 'p_ZZ5conv3PA255_A255_fPA32_A5_A5_fPfS1_E7in_tile_1_4_0_addr' <Predicate = true> <Delay = 0.00>
ST_11 : Operation 169 [1/1] (0.00ns)   --->   "%p_ZZ5conv3PA255_A255_fPA32_A5_A5_fPfS1_E7in_tile_1_4_0_addr_5 = getelementptr i32 %p_ZZ5conv3PA255_A255_fPA32_A5_A5_fPfS1_E7in_tile_1_4_0, i64 0, i64 %p_cast60" [src/conv3.cpp:74]   --->   Operation 169 'getelementptr' 'p_ZZ5conv3PA255_A255_fPA32_A5_A5_fPfS1_E7in_tile_1_4_0_addr_5' <Predicate = true> <Delay = 0.00>
ST_11 : Operation 170 [1/1] (0.00ns)   --->   "%p_ZZ5conv3PA255_A255_fPA32_A5_A5_fPfS1_E7in_tile_1_4_0_addr_10 = getelementptr i32 %p_ZZ5conv3PA255_A255_fPA32_A5_A5_fPfS1_E7in_tile_1_4_0, i64 0, i64 %p_cast61" [src/conv3.cpp:74]   --->   Operation 170 'getelementptr' 'p_ZZ5conv3PA255_A255_fPA32_A5_A5_fPfS1_E7in_tile_1_4_0_addr_10' <Predicate = true> <Delay = 0.00>
ST_11 : Operation 171 [1/1] (0.00ns)   --->   "%p_ZZ5conv3PA255_A255_fPA32_A5_A5_fPfS1_E7in_tile_1_4_0_addr_15 = getelementptr i32 %p_ZZ5conv3PA255_A255_fPA32_A5_A5_fPfS1_E7in_tile_1_4_0, i64 0, i64 %p_cast62" [src/conv3.cpp:74]   --->   Operation 171 'getelementptr' 'p_ZZ5conv3PA255_A255_fPA32_A5_A5_fPfS1_E7in_tile_1_4_0_addr_15' <Predicate = true> <Delay = 0.00>
ST_11 : Operation 172 [1/1] (0.00ns)   --->   "%p_ZZ5conv3PA255_A255_fPA32_A5_A5_fPfS1_E7in_tile_1_4_0_addr_20 = getelementptr i32 %p_ZZ5conv3PA255_A255_fPA32_A5_A5_fPfS1_E7in_tile_1_4_0, i64 0, i64 %p_cast63" [src/conv3.cpp:74]   --->   Operation 172 'getelementptr' 'p_ZZ5conv3PA255_A255_fPA32_A5_A5_fPfS1_E7in_tile_1_4_0_addr_20' <Predicate = true> <Delay = 0.00>
ST_11 : Operation 173 [1/1] (0.00ns)   --->   "%p_ZZ5conv3PA255_A255_fPA32_A5_A5_fPfS1_E7in_tile_2_0_0_addr = getelementptr i32 %p_ZZ5conv3PA255_A255_fPA32_A5_A5_fPfS1_E7in_tile_2_0_0, i64 0, i64 %p_cast59" [src/conv3.cpp:74]   --->   Operation 173 'getelementptr' 'p_ZZ5conv3PA255_A255_fPA32_A5_A5_fPfS1_E7in_tile_2_0_0_addr' <Predicate = true> <Delay = 0.00>
ST_11 : Operation 174 [1/1] (0.00ns)   --->   "%p_ZZ5conv3PA255_A255_fPA32_A5_A5_fPfS1_E7in_tile_2_0_0_addr_5 = getelementptr i32 %p_ZZ5conv3PA255_A255_fPA32_A5_A5_fPfS1_E7in_tile_2_0_0, i64 0, i64 %p_cast60" [src/conv3.cpp:74]   --->   Operation 174 'getelementptr' 'p_ZZ5conv3PA255_A255_fPA32_A5_A5_fPfS1_E7in_tile_2_0_0_addr_5' <Predicate = true> <Delay = 0.00>
ST_11 : Operation 175 [1/1] (0.00ns)   --->   "%p_ZZ5conv3PA255_A255_fPA32_A5_A5_fPfS1_E7in_tile_2_0_0_addr_10 = getelementptr i32 %p_ZZ5conv3PA255_A255_fPA32_A5_A5_fPfS1_E7in_tile_2_0_0, i64 0, i64 %p_cast61" [src/conv3.cpp:74]   --->   Operation 175 'getelementptr' 'p_ZZ5conv3PA255_A255_fPA32_A5_A5_fPfS1_E7in_tile_2_0_0_addr_10' <Predicate = true> <Delay = 0.00>
ST_11 : Operation 176 [1/1] (0.00ns)   --->   "%p_ZZ5conv3PA255_A255_fPA32_A5_A5_fPfS1_E7in_tile_2_0_0_addr_15 = getelementptr i32 %p_ZZ5conv3PA255_A255_fPA32_A5_A5_fPfS1_E7in_tile_2_0_0, i64 0, i64 %p_cast62" [src/conv3.cpp:74]   --->   Operation 176 'getelementptr' 'p_ZZ5conv3PA255_A255_fPA32_A5_A5_fPfS1_E7in_tile_2_0_0_addr_15' <Predicate = true> <Delay = 0.00>
ST_11 : Operation 177 [1/1] (0.00ns)   --->   "%p_ZZ5conv3PA255_A255_fPA32_A5_A5_fPfS1_E7in_tile_2_0_0_addr_20 = getelementptr i32 %p_ZZ5conv3PA255_A255_fPA32_A5_A5_fPfS1_E7in_tile_2_0_0, i64 0, i64 %p_cast63" [src/conv3.cpp:74]   --->   Operation 177 'getelementptr' 'p_ZZ5conv3PA255_A255_fPA32_A5_A5_fPfS1_E7in_tile_2_0_0_addr_20' <Predicate = true> <Delay = 0.00>
ST_11 : Operation 178 [1/1] (0.00ns)   --->   "%p_ZZ5conv3PA255_A255_fPA32_A5_A5_fPfS1_E7in_tile_2_1_0_addr = getelementptr i32 %p_ZZ5conv3PA255_A255_fPA32_A5_A5_fPfS1_E7in_tile_2_1_0, i64 0, i64 %p_cast59" [src/conv3.cpp:74]   --->   Operation 178 'getelementptr' 'p_ZZ5conv3PA255_A255_fPA32_A5_A5_fPfS1_E7in_tile_2_1_0_addr' <Predicate = true> <Delay = 0.00>
ST_11 : Operation 179 [1/1] (0.00ns)   --->   "%p_ZZ5conv3PA255_A255_fPA32_A5_A5_fPfS1_E7in_tile_2_1_0_addr_5 = getelementptr i32 %p_ZZ5conv3PA255_A255_fPA32_A5_A5_fPfS1_E7in_tile_2_1_0, i64 0, i64 %p_cast60" [src/conv3.cpp:74]   --->   Operation 179 'getelementptr' 'p_ZZ5conv3PA255_A255_fPA32_A5_A5_fPfS1_E7in_tile_2_1_0_addr_5' <Predicate = true> <Delay = 0.00>
ST_11 : Operation 180 [1/1] (0.00ns)   --->   "%p_ZZ5conv3PA255_A255_fPA32_A5_A5_fPfS1_E7in_tile_2_1_0_addr_10 = getelementptr i32 %p_ZZ5conv3PA255_A255_fPA32_A5_A5_fPfS1_E7in_tile_2_1_0, i64 0, i64 %p_cast61" [src/conv3.cpp:74]   --->   Operation 180 'getelementptr' 'p_ZZ5conv3PA255_A255_fPA32_A5_A5_fPfS1_E7in_tile_2_1_0_addr_10' <Predicate = true> <Delay = 0.00>
ST_11 : Operation 181 [1/1] (0.00ns)   --->   "%p_ZZ5conv3PA255_A255_fPA32_A5_A5_fPfS1_E7in_tile_2_1_0_addr_15 = getelementptr i32 %p_ZZ5conv3PA255_A255_fPA32_A5_A5_fPfS1_E7in_tile_2_1_0, i64 0, i64 %p_cast62" [src/conv3.cpp:74]   --->   Operation 181 'getelementptr' 'p_ZZ5conv3PA255_A255_fPA32_A5_A5_fPfS1_E7in_tile_2_1_0_addr_15' <Predicate = true> <Delay = 0.00>
ST_11 : Operation 182 [1/1] (0.00ns)   --->   "%p_ZZ5conv3PA255_A255_fPA32_A5_A5_fPfS1_E7in_tile_2_1_0_addr_20 = getelementptr i32 %p_ZZ5conv3PA255_A255_fPA32_A5_A5_fPfS1_E7in_tile_2_1_0, i64 0, i64 %p_cast63" [src/conv3.cpp:74]   --->   Operation 182 'getelementptr' 'p_ZZ5conv3PA255_A255_fPA32_A5_A5_fPfS1_E7in_tile_2_1_0_addr_20' <Predicate = true> <Delay = 0.00>
ST_11 : Operation 183 [1/1] (0.00ns)   --->   "%p_ZZ5conv3PA255_A255_fPA32_A5_A5_fPfS1_E7in_tile_2_2_0_addr = getelementptr i32 %p_ZZ5conv3PA255_A255_fPA32_A5_A5_fPfS1_E7in_tile_2_2_0, i64 0, i64 %p_cast59" [src/conv3.cpp:74]   --->   Operation 183 'getelementptr' 'p_ZZ5conv3PA255_A255_fPA32_A5_A5_fPfS1_E7in_tile_2_2_0_addr' <Predicate = true> <Delay = 0.00>
ST_11 : Operation 184 [1/1] (0.00ns)   --->   "%p_ZZ5conv3PA255_A255_fPA32_A5_A5_fPfS1_E7in_tile_2_2_0_addr_5 = getelementptr i32 %p_ZZ5conv3PA255_A255_fPA32_A5_A5_fPfS1_E7in_tile_2_2_0, i64 0, i64 %p_cast60" [src/conv3.cpp:74]   --->   Operation 184 'getelementptr' 'p_ZZ5conv3PA255_A255_fPA32_A5_A5_fPfS1_E7in_tile_2_2_0_addr_5' <Predicate = true> <Delay = 0.00>
ST_11 : Operation 185 [1/1] (0.00ns)   --->   "%p_ZZ5conv3PA255_A255_fPA32_A5_A5_fPfS1_E7in_tile_2_2_0_addr_10 = getelementptr i32 %p_ZZ5conv3PA255_A255_fPA32_A5_A5_fPfS1_E7in_tile_2_2_0, i64 0, i64 %p_cast61" [src/conv3.cpp:74]   --->   Operation 185 'getelementptr' 'p_ZZ5conv3PA255_A255_fPA32_A5_A5_fPfS1_E7in_tile_2_2_0_addr_10' <Predicate = true> <Delay = 0.00>
ST_11 : Operation 186 [1/1] (0.00ns)   --->   "%p_ZZ5conv3PA255_A255_fPA32_A5_A5_fPfS1_E7in_tile_2_2_0_addr_15 = getelementptr i32 %p_ZZ5conv3PA255_A255_fPA32_A5_A5_fPfS1_E7in_tile_2_2_0, i64 0, i64 %p_cast62" [src/conv3.cpp:74]   --->   Operation 186 'getelementptr' 'p_ZZ5conv3PA255_A255_fPA32_A5_A5_fPfS1_E7in_tile_2_2_0_addr_15' <Predicate = true> <Delay = 0.00>
ST_11 : Operation 187 [1/1] (0.00ns)   --->   "%p_ZZ5conv3PA255_A255_fPA32_A5_A5_fPfS1_E7in_tile_2_2_0_addr_20 = getelementptr i32 %p_ZZ5conv3PA255_A255_fPA32_A5_A5_fPfS1_E7in_tile_2_2_0, i64 0, i64 %p_cast63" [src/conv3.cpp:74]   --->   Operation 187 'getelementptr' 'p_ZZ5conv3PA255_A255_fPA32_A5_A5_fPfS1_E7in_tile_2_2_0_addr_20' <Predicate = true> <Delay = 0.00>
ST_11 : Operation 188 [1/1] (0.00ns)   --->   "%p_ZZ5conv3PA255_A255_fPA32_A5_A5_fPfS1_E7in_tile_2_3_0_addr = getelementptr i32 %p_ZZ5conv3PA255_A255_fPA32_A5_A5_fPfS1_E7in_tile_2_3_0, i64 0, i64 %p_cast59" [src/conv3.cpp:74]   --->   Operation 188 'getelementptr' 'p_ZZ5conv3PA255_A255_fPA32_A5_A5_fPfS1_E7in_tile_2_3_0_addr' <Predicate = true> <Delay = 0.00>
ST_11 : Operation 189 [1/1] (0.00ns)   --->   "%p_ZZ5conv3PA255_A255_fPA32_A5_A5_fPfS1_E7in_tile_2_3_0_addr_5 = getelementptr i32 %p_ZZ5conv3PA255_A255_fPA32_A5_A5_fPfS1_E7in_tile_2_3_0, i64 0, i64 %p_cast60" [src/conv3.cpp:74]   --->   Operation 189 'getelementptr' 'p_ZZ5conv3PA255_A255_fPA32_A5_A5_fPfS1_E7in_tile_2_3_0_addr_5' <Predicate = true> <Delay = 0.00>
ST_11 : Operation 190 [1/1] (0.00ns)   --->   "%p_ZZ5conv3PA255_A255_fPA32_A5_A5_fPfS1_E7in_tile_2_3_0_addr_10 = getelementptr i32 %p_ZZ5conv3PA255_A255_fPA32_A5_A5_fPfS1_E7in_tile_2_3_0, i64 0, i64 %p_cast61" [src/conv3.cpp:74]   --->   Operation 190 'getelementptr' 'p_ZZ5conv3PA255_A255_fPA32_A5_A5_fPfS1_E7in_tile_2_3_0_addr_10' <Predicate = true> <Delay = 0.00>
ST_11 : Operation 191 [1/1] (0.00ns)   --->   "%p_ZZ5conv3PA255_A255_fPA32_A5_A5_fPfS1_E7in_tile_2_3_0_addr_15 = getelementptr i32 %p_ZZ5conv3PA255_A255_fPA32_A5_A5_fPfS1_E7in_tile_2_3_0, i64 0, i64 %p_cast62" [src/conv3.cpp:74]   --->   Operation 191 'getelementptr' 'p_ZZ5conv3PA255_A255_fPA32_A5_A5_fPfS1_E7in_tile_2_3_0_addr_15' <Predicate = true> <Delay = 0.00>
ST_11 : Operation 192 [1/1] (0.00ns)   --->   "%p_ZZ5conv3PA255_A255_fPA32_A5_A5_fPfS1_E7in_tile_2_3_0_addr_20 = getelementptr i32 %p_ZZ5conv3PA255_A255_fPA32_A5_A5_fPfS1_E7in_tile_2_3_0, i64 0, i64 %p_cast63" [src/conv3.cpp:74]   --->   Operation 192 'getelementptr' 'p_ZZ5conv3PA255_A255_fPA32_A5_A5_fPfS1_E7in_tile_2_3_0_addr_20' <Predicate = true> <Delay = 0.00>
ST_11 : Operation 193 [1/1] (0.00ns)   --->   "%p_ZZ5conv3PA255_A255_fPA32_A5_A5_fPfS1_E7in_tile_2_4_0_addr = getelementptr i32 %p_ZZ5conv3PA255_A255_fPA32_A5_A5_fPfS1_E7in_tile_2_4_0, i64 0, i64 %p_cast59" [src/conv3.cpp:74]   --->   Operation 193 'getelementptr' 'p_ZZ5conv3PA255_A255_fPA32_A5_A5_fPfS1_E7in_tile_2_4_0_addr' <Predicate = true> <Delay = 0.00>
ST_11 : Operation 194 [1/1] (0.00ns)   --->   "%p_ZZ5conv3PA255_A255_fPA32_A5_A5_fPfS1_E7in_tile_2_4_0_addr_5 = getelementptr i32 %p_ZZ5conv3PA255_A255_fPA32_A5_A5_fPfS1_E7in_tile_2_4_0, i64 0, i64 %p_cast60" [src/conv3.cpp:74]   --->   Operation 194 'getelementptr' 'p_ZZ5conv3PA255_A255_fPA32_A5_A5_fPfS1_E7in_tile_2_4_0_addr_5' <Predicate = true> <Delay = 0.00>
ST_11 : Operation 195 [1/1] (0.00ns)   --->   "%p_ZZ5conv3PA255_A255_fPA32_A5_A5_fPfS1_E7in_tile_2_4_0_addr_10 = getelementptr i32 %p_ZZ5conv3PA255_A255_fPA32_A5_A5_fPfS1_E7in_tile_2_4_0, i64 0, i64 %p_cast61" [src/conv3.cpp:74]   --->   Operation 195 'getelementptr' 'p_ZZ5conv3PA255_A255_fPA32_A5_A5_fPfS1_E7in_tile_2_4_0_addr_10' <Predicate = true> <Delay = 0.00>
ST_11 : Operation 196 [1/1] (0.00ns)   --->   "%p_ZZ5conv3PA255_A255_fPA32_A5_A5_fPfS1_E7in_tile_2_4_0_addr_15 = getelementptr i32 %p_ZZ5conv3PA255_A255_fPA32_A5_A5_fPfS1_E7in_tile_2_4_0, i64 0, i64 %p_cast62" [src/conv3.cpp:74]   --->   Operation 196 'getelementptr' 'p_ZZ5conv3PA255_A255_fPA32_A5_A5_fPfS1_E7in_tile_2_4_0_addr_15' <Predicate = true> <Delay = 0.00>
ST_11 : Operation 197 [1/1] (0.00ns)   --->   "%p_ZZ5conv3PA255_A255_fPA32_A5_A5_fPfS1_E7in_tile_2_4_0_addr_20 = getelementptr i32 %p_ZZ5conv3PA255_A255_fPA32_A5_A5_fPfS1_E7in_tile_2_4_0, i64 0, i64 %p_cast63" [src/conv3.cpp:74]   --->   Operation 197 'getelementptr' 'p_ZZ5conv3PA255_A255_fPA32_A5_A5_fPfS1_E7in_tile_2_4_0_addr_20' <Predicate = true> <Delay = 0.00>
ST_11 : Operation 198 [1/1] (0.00ns)   --->   "%p_ZZ5conv3PA255_A255_fPA32_A5_A5_fPfS1_E7in_tile_3_0_0_addr = getelementptr i32 %p_ZZ5conv3PA255_A255_fPA32_A5_A5_fPfS1_E7in_tile_3_0_0, i64 0, i64 %p_cast59" [src/conv3.cpp:74]   --->   Operation 198 'getelementptr' 'p_ZZ5conv3PA255_A255_fPA32_A5_A5_fPfS1_E7in_tile_3_0_0_addr' <Predicate = true> <Delay = 0.00>
ST_11 : Operation 199 [1/1] (0.00ns)   --->   "%p_ZZ5conv3PA255_A255_fPA32_A5_A5_fPfS1_E7in_tile_3_0_0_addr_5 = getelementptr i32 %p_ZZ5conv3PA255_A255_fPA32_A5_A5_fPfS1_E7in_tile_3_0_0, i64 0, i64 %p_cast60" [src/conv3.cpp:74]   --->   Operation 199 'getelementptr' 'p_ZZ5conv3PA255_A255_fPA32_A5_A5_fPfS1_E7in_tile_3_0_0_addr_5' <Predicate = true> <Delay = 0.00>
ST_11 : Operation 200 [1/1] (0.00ns)   --->   "%p_ZZ5conv3PA255_A255_fPA32_A5_A5_fPfS1_E7in_tile_3_0_0_addr_10 = getelementptr i32 %p_ZZ5conv3PA255_A255_fPA32_A5_A5_fPfS1_E7in_tile_3_0_0, i64 0, i64 %p_cast61" [src/conv3.cpp:74]   --->   Operation 200 'getelementptr' 'p_ZZ5conv3PA255_A255_fPA32_A5_A5_fPfS1_E7in_tile_3_0_0_addr_10' <Predicate = true> <Delay = 0.00>
ST_11 : Operation 201 [1/1] (0.00ns)   --->   "%p_ZZ5conv3PA255_A255_fPA32_A5_A5_fPfS1_E7in_tile_3_0_0_addr_15 = getelementptr i32 %p_ZZ5conv3PA255_A255_fPA32_A5_A5_fPfS1_E7in_tile_3_0_0, i64 0, i64 %p_cast62" [src/conv3.cpp:74]   --->   Operation 201 'getelementptr' 'p_ZZ5conv3PA255_A255_fPA32_A5_A5_fPfS1_E7in_tile_3_0_0_addr_15' <Predicate = true> <Delay = 0.00>
ST_11 : Operation 202 [1/1] (0.00ns)   --->   "%p_ZZ5conv3PA255_A255_fPA32_A5_A5_fPfS1_E7in_tile_3_0_0_addr_20 = getelementptr i32 %p_ZZ5conv3PA255_A255_fPA32_A5_A5_fPfS1_E7in_tile_3_0_0, i64 0, i64 %p_cast63" [src/conv3.cpp:74]   --->   Operation 202 'getelementptr' 'p_ZZ5conv3PA255_A255_fPA32_A5_A5_fPfS1_E7in_tile_3_0_0_addr_20' <Predicate = true> <Delay = 0.00>
ST_11 : Operation 203 [1/1] (0.00ns)   --->   "%p_ZZ5conv3PA255_A255_fPA32_A5_A5_fPfS1_E7in_tile_3_1_0_addr = getelementptr i32 %p_ZZ5conv3PA255_A255_fPA32_A5_A5_fPfS1_E7in_tile_3_1_0, i64 0, i64 %p_cast59" [src/conv3.cpp:74]   --->   Operation 203 'getelementptr' 'p_ZZ5conv3PA255_A255_fPA32_A5_A5_fPfS1_E7in_tile_3_1_0_addr' <Predicate = true> <Delay = 0.00>
ST_11 : Operation 204 [1/1] (0.00ns)   --->   "%p_ZZ5conv3PA255_A255_fPA32_A5_A5_fPfS1_E7in_tile_3_1_0_addr_5 = getelementptr i32 %p_ZZ5conv3PA255_A255_fPA32_A5_A5_fPfS1_E7in_tile_3_1_0, i64 0, i64 %p_cast60" [src/conv3.cpp:74]   --->   Operation 204 'getelementptr' 'p_ZZ5conv3PA255_A255_fPA32_A5_A5_fPfS1_E7in_tile_3_1_0_addr_5' <Predicate = true> <Delay = 0.00>
ST_11 : Operation 205 [1/1] (0.00ns)   --->   "%p_ZZ5conv3PA255_A255_fPA32_A5_A5_fPfS1_E7in_tile_3_1_0_addr_10 = getelementptr i32 %p_ZZ5conv3PA255_A255_fPA32_A5_A5_fPfS1_E7in_tile_3_1_0, i64 0, i64 %p_cast61" [src/conv3.cpp:74]   --->   Operation 205 'getelementptr' 'p_ZZ5conv3PA255_A255_fPA32_A5_A5_fPfS1_E7in_tile_3_1_0_addr_10' <Predicate = true> <Delay = 0.00>
ST_11 : Operation 206 [1/1] (0.00ns)   --->   "%p_ZZ5conv3PA255_A255_fPA32_A5_A5_fPfS1_E7in_tile_3_1_0_addr_15 = getelementptr i32 %p_ZZ5conv3PA255_A255_fPA32_A5_A5_fPfS1_E7in_tile_3_1_0, i64 0, i64 %p_cast62" [src/conv3.cpp:74]   --->   Operation 206 'getelementptr' 'p_ZZ5conv3PA255_A255_fPA32_A5_A5_fPfS1_E7in_tile_3_1_0_addr_15' <Predicate = true> <Delay = 0.00>
ST_11 : Operation 207 [1/1] (0.00ns)   --->   "%p_ZZ5conv3PA255_A255_fPA32_A5_A5_fPfS1_E7in_tile_3_1_0_addr_20 = getelementptr i32 %p_ZZ5conv3PA255_A255_fPA32_A5_A5_fPfS1_E7in_tile_3_1_0, i64 0, i64 %p_cast63" [src/conv3.cpp:74]   --->   Operation 207 'getelementptr' 'p_ZZ5conv3PA255_A255_fPA32_A5_A5_fPfS1_E7in_tile_3_1_0_addr_20' <Predicate = true> <Delay = 0.00>
ST_11 : Operation 208 [1/1] (0.00ns)   --->   "%p_ZZ5conv3PA255_A255_fPA32_A5_A5_fPfS1_E7in_tile_3_2_0_addr = getelementptr i32 %p_ZZ5conv3PA255_A255_fPA32_A5_A5_fPfS1_E7in_tile_3_2_0, i64 0, i64 %p_cast59" [src/conv3.cpp:74]   --->   Operation 208 'getelementptr' 'p_ZZ5conv3PA255_A255_fPA32_A5_A5_fPfS1_E7in_tile_3_2_0_addr' <Predicate = true> <Delay = 0.00>
ST_11 : Operation 209 [1/1] (0.00ns)   --->   "%p_ZZ5conv3PA255_A255_fPA32_A5_A5_fPfS1_E7in_tile_3_2_0_addr_5 = getelementptr i32 %p_ZZ5conv3PA255_A255_fPA32_A5_A5_fPfS1_E7in_tile_3_2_0, i64 0, i64 %p_cast60" [src/conv3.cpp:74]   --->   Operation 209 'getelementptr' 'p_ZZ5conv3PA255_A255_fPA32_A5_A5_fPfS1_E7in_tile_3_2_0_addr_5' <Predicate = true> <Delay = 0.00>
ST_11 : Operation 210 [1/1] (0.00ns)   --->   "%p_ZZ5conv3PA255_A255_fPA32_A5_A5_fPfS1_E7in_tile_3_2_0_addr_10 = getelementptr i32 %p_ZZ5conv3PA255_A255_fPA32_A5_A5_fPfS1_E7in_tile_3_2_0, i64 0, i64 %p_cast61" [src/conv3.cpp:74]   --->   Operation 210 'getelementptr' 'p_ZZ5conv3PA255_A255_fPA32_A5_A5_fPfS1_E7in_tile_3_2_0_addr_10' <Predicate = true> <Delay = 0.00>
ST_11 : Operation 211 [1/1] (0.00ns)   --->   "%p_ZZ5conv3PA255_A255_fPA32_A5_A5_fPfS1_E7in_tile_3_2_0_addr_15 = getelementptr i32 %p_ZZ5conv3PA255_A255_fPA32_A5_A5_fPfS1_E7in_tile_3_2_0, i64 0, i64 %p_cast62" [src/conv3.cpp:74]   --->   Operation 211 'getelementptr' 'p_ZZ5conv3PA255_A255_fPA32_A5_A5_fPfS1_E7in_tile_3_2_0_addr_15' <Predicate = true> <Delay = 0.00>
ST_11 : Operation 212 [1/1] (0.00ns)   --->   "%p_ZZ5conv3PA255_A255_fPA32_A5_A5_fPfS1_E7in_tile_3_2_0_addr_20 = getelementptr i32 %p_ZZ5conv3PA255_A255_fPA32_A5_A5_fPfS1_E7in_tile_3_2_0, i64 0, i64 %p_cast63" [src/conv3.cpp:74]   --->   Operation 212 'getelementptr' 'p_ZZ5conv3PA255_A255_fPA32_A5_A5_fPfS1_E7in_tile_3_2_0_addr_20' <Predicate = true> <Delay = 0.00>
ST_11 : Operation 213 [1/1] (0.00ns)   --->   "%p_ZZ5conv3PA255_A255_fPA32_A5_A5_fPfS1_E7in_tile_3_3_0_addr = getelementptr i32 %p_ZZ5conv3PA255_A255_fPA32_A5_A5_fPfS1_E7in_tile_3_3_0, i64 0, i64 %p_cast59" [src/conv3.cpp:74]   --->   Operation 213 'getelementptr' 'p_ZZ5conv3PA255_A255_fPA32_A5_A5_fPfS1_E7in_tile_3_3_0_addr' <Predicate = true> <Delay = 0.00>
ST_11 : Operation 214 [1/1] (0.00ns)   --->   "%p_ZZ5conv3PA255_A255_fPA32_A5_A5_fPfS1_E7in_tile_3_3_0_addr_5 = getelementptr i32 %p_ZZ5conv3PA255_A255_fPA32_A5_A5_fPfS1_E7in_tile_3_3_0, i64 0, i64 %p_cast60" [src/conv3.cpp:74]   --->   Operation 214 'getelementptr' 'p_ZZ5conv3PA255_A255_fPA32_A5_A5_fPfS1_E7in_tile_3_3_0_addr_5' <Predicate = true> <Delay = 0.00>
ST_11 : Operation 215 [1/1] (0.00ns)   --->   "%p_ZZ5conv3PA255_A255_fPA32_A5_A5_fPfS1_E7in_tile_3_3_0_addr_10 = getelementptr i32 %p_ZZ5conv3PA255_A255_fPA32_A5_A5_fPfS1_E7in_tile_3_3_0, i64 0, i64 %p_cast61" [src/conv3.cpp:74]   --->   Operation 215 'getelementptr' 'p_ZZ5conv3PA255_A255_fPA32_A5_A5_fPfS1_E7in_tile_3_3_0_addr_10' <Predicate = true> <Delay = 0.00>
ST_11 : Operation 216 [1/1] (0.00ns)   --->   "%p_ZZ5conv3PA255_A255_fPA32_A5_A5_fPfS1_E7in_tile_3_3_0_addr_15 = getelementptr i32 %p_ZZ5conv3PA255_A255_fPA32_A5_A5_fPfS1_E7in_tile_3_3_0, i64 0, i64 %p_cast62" [src/conv3.cpp:74]   --->   Operation 216 'getelementptr' 'p_ZZ5conv3PA255_A255_fPA32_A5_A5_fPfS1_E7in_tile_3_3_0_addr_15' <Predicate = true> <Delay = 0.00>
ST_11 : Operation 217 [1/1] (0.00ns)   --->   "%p_ZZ5conv3PA255_A255_fPA32_A5_A5_fPfS1_E7in_tile_3_3_0_addr_20 = getelementptr i32 %p_ZZ5conv3PA255_A255_fPA32_A5_A5_fPfS1_E7in_tile_3_3_0, i64 0, i64 %p_cast63" [src/conv3.cpp:74]   --->   Operation 217 'getelementptr' 'p_ZZ5conv3PA255_A255_fPA32_A5_A5_fPfS1_E7in_tile_3_3_0_addr_20' <Predicate = true> <Delay = 0.00>
ST_11 : Operation 218 [1/1] (0.00ns)   --->   "%p_ZZ5conv3PA255_A255_fPA32_A5_A5_fPfS1_E7in_tile_3_4_0_addr = getelementptr i32 %p_ZZ5conv3PA255_A255_fPA32_A5_A5_fPfS1_E7in_tile_3_4_0, i64 0, i64 %p_cast59" [src/conv3.cpp:74]   --->   Operation 218 'getelementptr' 'p_ZZ5conv3PA255_A255_fPA32_A5_A5_fPfS1_E7in_tile_3_4_0_addr' <Predicate = true> <Delay = 0.00>
ST_11 : Operation 219 [1/1] (0.00ns)   --->   "%p_ZZ5conv3PA255_A255_fPA32_A5_A5_fPfS1_E7in_tile_3_4_0_addr_5 = getelementptr i32 %p_ZZ5conv3PA255_A255_fPA32_A5_A5_fPfS1_E7in_tile_3_4_0, i64 0, i64 %p_cast60" [src/conv3.cpp:74]   --->   Operation 219 'getelementptr' 'p_ZZ5conv3PA255_A255_fPA32_A5_A5_fPfS1_E7in_tile_3_4_0_addr_5' <Predicate = true> <Delay = 0.00>
ST_11 : Operation 220 [1/1] (0.00ns)   --->   "%p_ZZ5conv3PA255_A255_fPA32_A5_A5_fPfS1_E7in_tile_3_4_0_addr_10 = getelementptr i32 %p_ZZ5conv3PA255_A255_fPA32_A5_A5_fPfS1_E7in_tile_3_4_0, i64 0, i64 %p_cast61" [src/conv3.cpp:74]   --->   Operation 220 'getelementptr' 'p_ZZ5conv3PA255_A255_fPA32_A5_A5_fPfS1_E7in_tile_3_4_0_addr_10' <Predicate = true> <Delay = 0.00>
ST_11 : Operation 221 [1/1] (0.00ns)   --->   "%p_ZZ5conv3PA255_A255_fPA32_A5_A5_fPfS1_E7in_tile_3_4_0_addr_15 = getelementptr i32 %p_ZZ5conv3PA255_A255_fPA32_A5_A5_fPfS1_E7in_tile_3_4_0, i64 0, i64 %p_cast62" [src/conv3.cpp:74]   --->   Operation 221 'getelementptr' 'p_ZZ5conv3PA255_A255_fPA32_A5_A5_fPfS1_E7in_tile_3_4_0_addr_15' <Predicate = true> <Delay = 0.00>
ST_11 : Operation 222 [1/1] (0.00ns)   --->   "%p_ZZ5conv3PA255_A255_fPA32_A5_A5_fPfS1_E7in_tile_3_4_0_addr_20 = getelementptr i32 %p_ZZ5conv3PA255_A255_fPA32_A5_A5_fPfS1_E7in_tile_3_4_0, i64 0, i64 %p_cast63" [src/conv3.cpp:74]   --->   Operation 222 'getelementptr' 'p_ZZ5conv3PA255_A255_fPA32_A5_A5_fPfS1_E7in_tile_3_4_0_addr_20' <Predicate = true> <Delay = 0.00>
ST_11 : Operation 223 [1/1] (0.00ns)   --->   "%p_ZZ5conv3PA255_A255_fPA32_A5_A5_fPfS1_E7in_tile_4_0_0_addr = getelementptr i32 %p_ZZ5conv3PA255_A255_fPA32_A5_A5_fPfS1_E7in_tile_4_0_0, i64 0, i64 %p_cast59" [src/conv3.cpp:74]   --->   Operation 223 'getelementptr' 'p_ZZ5conv3PA255_A255_fPA32_A5_A5_fPfS1_E7in_tile_4_0_0_addr' <Predicate = true> <Delay = 0.00>
ST_11 : Operation 224 [1/1] (0.00ns)   --->   "%p_ZZ5conv3PA255_A255_fPA32_A5_A5_fPfS1_E7in_tile_4_0_0_addr_5 = getelementptr i32 %p_ZZ5conv3PA255_A255_fPA32_A5_A5_fPfS1_E7in_tile_4_0_0, i64 0, i64 %p_cast60" [src/conv3.cpp:74]   --->   Operation 224 'getelementptr' 'p_ZZ5conv3PA255_A255_fPA32_A5_A5_fPfS1_E7in_tile_4_0_0_addr_5' <Predicate = true> <Delay = 0.00>
ST_11 : Operation 225 [1/1] (0.00ns)   --->   "%p_ZZ5conv3PA255_A255_fPA32_A5_A5_fPfS1_E7in_tile_4_0_0_addr_10 = getelementptr i32 %p_ZZ5conv3PA255_A255_fPA32_A5_A5_fPfS1_E7in_tile_4_0_0, i64 0, i64 %p_cast61" [src/conv3.cpp:74]   --->   Operation 225 'getelementptr' 'p_ZZ5conv3PA255_A255_fPA32_A5_A5_fPfS1_E7in_tile_4_0_0_addr_10' <Predicate = true> <Delay = 0.00>
ST_11 : Operation 226 [1/1] (0.00ns)   --->   "%p_ZZ5conv3PA255_A255_fPA32_A5_A5_fPfS1_E7in_tile_4_0_0_addr_15 = getelementptr i32 %p_ZZ5conv3PA255_A255_fPA32_A5_A5_fPfS1_E7in_tile_4_0_0, i64 0, i64 %p_cast62" [src/conv3.cpp:74]   --->   Operation 226 'getelementptr' 'p_ZZ5conv3PA255_A255_fPA32_A5_A5_fPfS1_E7in_tile_4_0_0_addr_15' <Predicate = true> <Delay = 0.00>
ST_11 : Operation 227 [1/1] (0.00ns)   --->   "%p_ZZ5conv3PA255_A255_fPA32_A5_A5_fPfS1_E7in_tile_4_0_0_addr_20 = getelementptr i32 %p_ZZ5conv3PA255_A255_fPA32_A5_A5_fPfS1_E7in_tile_4_0_0, i64 0, i64 %p_cast63" [src/conv3.cpp:74]   --->   Operation 227 'getelementptr' 'p_ZZ5conv3PA255_A255_fPA32_A5_A5_fPfS1_E7in_tile_4_0_0_addr_20' <Predicate = true> <Delay = 0.00>
ST_11 : Operation 228 [1/1] (0.00ns)   --->   "%p_ZZ5conv3PA255_A255_fPA32_A5_A5_fPfS1_E7in_tile_4_1_0_addr = getelementptr i32 %p_ZZ5conv3PA255_A255_fPA32_A5_A5_fPfS1_E7in_tile_4_1_0, i64 0, i64 %p_cast59" [src/conv3.cpp:74]   --->   Operation 228 'getelementptr' 'p_ZZ5conv3PA255_A255_fPA32_A5_A5_fPfS1_E7in_tile_4_1_0_addr' <Predicate = true> <Delay = 0.00>
ST_11 : Operation 229 [1/1] (0.00ns)   --->   "%p_ZZ5conv3PA255_A255_fPA32_A5_A5_fPfS1_E7in_tile_4_1_0_addr_5 = getelementptr i32 %p_ZZ5conv3PA255_A255_fPA32_A5_A5_fPfS1_E7in_tile_4_1_0, i64 0, i64 %p_cast60" [src/conv3.cpp:74]   --->   Operation 229 'getelementptr' 'p_ZZ5conv3PA255_A255_fPA32_A5_A5_fPfS1_E7in_tile_4_1_0_addr_5' <Predicate = true> <Delay = 0.00>
ST_11 : Operation 230 [1/1] (0.00ns)   --->   "%p_ZZ5conv3PA255_A255_fPA32_A5_A5_fPfS1_E7in_tile_4_1_0_addr_10 = getelementptr i32 %p_ZZ5conv3PA255_A255_fPA32_A5_A5_fPfS1_E7in_tile_4_1_0, i64 0, i64 %p_cast61" [src/conv3.cpp:74]   --->   Operation 230 'getelementptr' 'p_ZZ5conv3PA255_A255_fPA32_A5_A5_fPfS1_E7in_tile_4_1_0_addr_10' <Predicate = true> <Delay = 0.00>
ST_11 : Operation 231 [1/1] (0.00ns)   --->   "%p_ZZ5conv3PA255_A255_fPA32_A5_A5_fPfS1_E7in_tile_4_1_0_addr_15 = getelementptr i32 %p_ZZ5conv3PA255_A255_fPA32_A5_A5_fPfS1_E7in_tile_4_1_0, i64 0, i64 %p_cast62" [src/conv3.cpp:74]   --->   Operation 231 'getelementptr' 'p_ZZ5conv3PA255_A255_fPA32_A5_A5_fPfS1_E7in_tile_4_1_0_addr_15' <Predicate = true> <Delay = 0.00>
ST_11 : Operation 232 [1/1] (0.00ns)   --->   "%p_ZZ5conv3PA255_A255_fPA32_A5_A5_fPfS1_E7in_tile_4_1_0_addr_20 = getelementptr i32 %p_ZZ5conv3PA255_A255_fPA32_A5_A5_fPfS1_E7in_tile_4_1_0, i64 0, i64 %p_cast63" [src/conv3.cpp:74]   --->   Operation 232 'getelementptr' 'p_ZZ5conv3PA255_A255_fPA32_A5_A5_fPfS1_E7in_tile_4_1_0_addr_20' <Predicate = true> <Delay = 0.00>
ST_11 : Operation 233 [1/1] (0.00ns)   --->   "%p_ZZ5conv3PA255_A255_fPA32_A5_A5_fPfS1_E7in_tile_4_2_0_addr = getelementptr i32 %p_ZZ5conv3PA255_A255_fPA32_A5_A5_fPfS1_E7in_tile_4_2_0, i64 0, i64 %p_cast59" [src/conv3.cpp:74]   --->   Operation 233 'getelementptr' 'p_ZZ5conv3PA255_A255_fPA32_A5_A5_fPfS1_E7in_tile_4_2_0_addr' <Predicate = true> <Delay = 0.00>
ST_11 : Operation 234 [1/1] (0.00ns)   --->   "%p_ZZ5conv3PA255_A255_fPA32_A5_A5_fPfS1_E7in_tile_4_2_0_addr_5 = getelementptr i32 %p_ZZ5conv3PA255_A255_fPA32_A5_A5_fPfS1_E7in_tile_4_2_0, i64 0, i64 %p_cast60" [src/conv3.cpp:74]   --->   Operation 234 'getelementptr' 'p_ZZ5conv3PA255_A255_fPA32_A5_A5_fPfS1_E7in_tile_4_2_0_addr_5' <Predicate = true> <Delay = 0.00>
ST_11 : Operation 235 [1/1] (0.00ns)   --->   "%p_ZZ5conv3PA255_A255_fPA32_A5_A5_fPfS1_E7in_tile_4_2_0_addr_10 = getelementptr i32 %p_ZZ5conv3PA255_A255_fPA32_A5_A5_fPfS1_E7in_tile_4_2_0, i64 0, i64 %p_cast61" [src/conv3.cpp:74]   --->   Operation 235 'getelementptr' 'p_ZZ5conv3PA255_A255_fPA32_A5_A5_fPfS1_E7in_tile_4_2_0_addr_10' <Predicate = true> <Delay = 0.00>
ST_11 : Operation 236 [1/1] (0.00ns)   --->   "%p_ZZ5conv3PA255_A255_fPA32_A5_A5_fPfS1_E7in_tile_4_2_0_addr_15 = getelementptr i32 %p_ZZ5conv3PA255_A255_fPA32_A5_A5_fPfS1_E7in_tile_4_2_0, i64 0, i64 %p_cast62" [src/conv3.cpp:74]   --->   Operation 236 'getelementptr' 'p_ZZ5conv3PA255_A255_fPA32_A5_A5_fPfS1_E7in_tile_4_2_0_addr_15' <Predicate = true> <Delay = 0.00>
ST_11 : Operation 237 [1/1] (0.00ns)   --->   "%p_ZZ5conv3PA255_A255_fPA32_A5_A5_fPfS1_E7in_tile_4_2_0_addr_20 = getelementptr i32 %p_ZZ5conv3PA255_A255_fPA32_A5_A5_fPfS1_E7in_tile_4_2_0, i64 0, i64 %p_cast63" [src/conv3.cpp:74]   --->   Operation 237 'getelementptr' 'p_ZZ5conv3PA255_A255_fPA32_A5_A5_fPfS1_E7in_tile_4_2_0_addr_20' <Predicate = true> <Delay = 0.00>
ST_11 : Operation 238 [1/1] (0.00ns)   --->   "%p_ZZ5conv3PA255_A255_fPA32_A5_A5_fPfS1_E7in_tile_4_3_0_addr = getelementptr i32 %p_ZZ5conv3PA255_A255_fPA32_A5_A5_fPfS1_E7in_tile_4_3_0, i64 0, i64 %p_cast59" [src/conv3.cpp:74]   --->   Operation 238 'getelementptr' 'p_ZZ5conv3PA255_A255_fPA32_A5_A5_fPfS1_E7in_tile_4_3_0_addr' <Predicate = true> <Delay = 0.00>
ST_11 : Operation 239 [1/1] (0.00ns)   --->   "%p_ZZ5conv3PA255_A255_fPA32_A5_A5_fPfS1_E7in_tile_4_3_0_addr_5 = getelementptr i32 %p_ZZ5conv3PA255_A255_fPA32_A5_A5_fPfS1_E7in_tile_4_3_0, i64 0, i64 %p_cast60" [src/conv3.cpp:74]   --->   Operation 239 'getelementptr' 'p_ZZ5conv3PA255_A255_fPA32_A5_A5_fPfS1_E7in_tile_4_3_0_addr_5' <Predicate = true> <Delay = 0.00>
ST_11 : Operation 240 [1/1] (0.00ns)   --->   "%p_ZZ5conv3PA255_A255_fPA32_A5_A5_fPfS1_E7in_tile_4_3_0_addr_10 = getelementptr i32 %p_ZZ5conv3PA255_A255_fPA32_A5_A5_fPfS1_E7in_tile_4_3_0, i64 0, i64 %p_cast61" [src/conv3.cpp:74]   --->   Operation 240 'getelementptr' 'p_ZZ5conv3PA255_A255_fPA32_A5_A5_fPfS1_E7in_tile_4_3_0_addr_10' <Predicate = true> <Delay = 0.00>
ST_11 : Operation 241 [1/1] (0.00ns)   --->   "%p_ZZ5conv3PA255_A255_fPA32_A5_A5_fPfS1_E7in_tile_4_3_0_addr_15 = getelementptr i32 %p_ZZ5conv3PA255_A255_fPA32_A5_A5_fPfS1_E7in_tile_4_3_0, i64 0, i64 %p_cast62" [src/conv3.cpp:74]   --->   Operation 241 'getelementptr' 'p_ZZ5conv3PA255_A255_fPA32_A5_A5_fPfS1_E7in_tile_4_3_0_addr_15' <Predicate = true> <Delay = 0.00>
ST_11 : Operation 242 [1/1] (0.00ns)   --->   "%p_ZZ5conv3PA255_A255_fPA32_A5_A5_fPfS1_E7in_tile_4_3_0_addr_20 = getelementptr i32 %p_ZZ5conv3PA255_A255_fPA32_A5_A5_fPfS1_E7in_tile_4_3_0, i64 0, i64 %p_cast63" [src/conv3.cpp:74]   --->   Operation 242 'getelementptr' 'p_ZZ5conv3PA255_A255_fPA32_A5_A5_fPfS1_E7in_tile_4_3_0_addr_20' <Predicate = true> <Delay = 0.00>
ST_11 : Operation 243 [1/1] (0.00ns)   --->   "%p_ZZ5conv3PA255_A255_fPA32_A5_A5_fPfS1_E7in_tile_4_4_0_addr = getelementptr i32 %p_ZZ5conv3PA255_A255_fPA32_A5_A5_fPfS1_E7in_tile_4_4_0, i64 0, i64 %p_cast59" [src/conv3.cpp:74]   --->   Operation 243 'getelementptr' 'p_ZZ5conv3PA255_A255_fPA32_A5_A5_fPfS1_E7in_tile_4_4_0_addr' <Predicate = true> <Delay = 0.00>
ST_11 : Operation 244 [1/1] (0.00ns)   --->   "%p_ZZ5conv3PA255_A255_fPA32_A5_A5_fPfS1_E7in_tile_4_4_0_addr_5 = getelementptr i32 %p_ZZ5conv3PA255_A255_fPA32_A5_A5_fPfS1_E7in_tile_4_4_0, i64 0, i64 %p_cast60" [src/conv3.cpp:74]   --->   Operation 244 'getelementptr' 'p_ZZ5conv3PA255_A255_fPA32_A5_A5_fPfS1_E7in_tile_4_4_0_addr_5' <Predicate = true> <Delay = 0.00>
ST_11 : Operation 245 [1/1] (0.00ns)   --->   "%p_ZZ5conv3PA255_A255_fPA32_A5_A5_fPfS1_E7in_tile_4_4_0_addr_10 = getelementptr i32 %p_ZZ5conv3PA255_A255_fPA32_A5_A5_fPfS1_E7in_tile_4_4_0, i64 0, i64 %p_cast61" [src/conv3.cpp:74]   --->   Operation 245 'getelementptr' 'p_ZZ5conv3PA255_A255_fPA32_A5_A5_fPfS1_E7in_tile_4_4_0_addr_10' <Predicate = true> <Delay = 0.00>
ST_11 : Operation 246 [1/1] (0.00ns)   --->   "%p_ZZ5conv3PA255_A255_fPA32_A5_A5_fPfS1_E7in_tile_4_4_0_addr_15 = getelementptr i32 %p_ZZ5conv3PA255_A255_fPA32_A5_A5_fPfS1_E7in_tile_4_4_0, i64 0, i64 %p_cast62" [src/conv3.cpp:74]   --->   Operation 246 'getelementptr' 'p_ZZ5conv3PA255_A255_fPA32_A5_A5_fPfS1_E7in_tile_4_4_0_addr_15' <Predicate = true> <Delay = 0.00>
ST_11 : Operation 247 [1/1] (0.00ns)   --->   "%p_ZZ5conv3PA255_A255_fPA32_A5_A5_fPfS1_E7in_tile_4_4_0_addr_20 = getelementptr i32 %p_ZZ5conv3PA255_A255_fPA32_A5_A5_fPfS1_E7in_tile_4_4_0, i64 0, i64 %p_cast63" [src/conv3.cpp:74]   --->   Operation 247 'getelementptr' 'p_ZZ5conv3PA255_A255_fPA32_A5_A5_fPfS1_E7in_tile_4_4_0_addr_20' <Predicate = true> <Delay = 0.00>
ST_11 : Operation 248 [1/10] (1.51ns)   --->   "%urem_ln75 = urem i6 %select_ln74, i6 5" [src/conv3.cpp:75]   --->   Operation 248 'urem' 'urem_ln75' <Predicate = true> <Delay = 1.51> <CoreInst = "DivnS_SEQ">   --->   Core 7 'DivnS_SEQ' <Latency = 9> <II = 3> <Delay = 1.51> <FuncUnit> <Opcode : 'sdiv' 'srem' 'udiv' 'urem'> <InPorts = 2> <OutPorts = 1>
ST_11 : Operation 249 [1/1] (0.00ns)   --->   "%trunc_ln75 = trunc i3 %urem_ln75" [src/conv3.cpp:75]   --->   Operation 249 'trunc' 'trunc_ln75' <Predicate = true> <Delay = 0.00>
ST_11 : Operation 250 [1/1] (0.78ns)   --->   "%add_ln75 = add i6 %select_ln74, i6 1" [src/conv3.cpp:75]   --->   Operation 250 'add' 'add_ln75' <Predicate = true> <Delay = 0.78> <CoreInst = "Adder">   --->   Core 1 'Adder' <Latency = 0> <II = 1> <Delay = 0.78> <FuncUnit> <Opcode : 'add' 'sub'> <InPorts = 2> <OutPorts = 1>
ST_11 : Operation 251 [1/1] (0.00ns)   --->   "%zext_ln76 = zext i6 %add_ln75" [src/conv3.cpp:76]   --->   Operation 251 'zext' 'zext_ln76' <Predicate = true> <Delay = 0.00>
ST_11 : Operation 252 [1/1] (1.65ns)   --->   "%mul_ln76 = mul i13 %zext_ln76, i13 103" [src/conv3.cpp:76]   --->   Operation 252 'mul' 'mul_ln76' <Predicate = true> <Delay = 1.65> <CoreInst = "Multiplier">   --->   Core 3 'Multiplier' <Latency = 0> <II = 1> <Delay = 1.65> <FuncUnit> <Opcode : 'mul'> <InPorts = 2> <OutPorts = 1>
ST_11 : Operation 253 [1/1] (0.00ns)   --->   "%tmp_16 = partselect i4 @_ssdm_op_PartSelect.i4.i13.i32.i32, i13 %mul_ln76, i32 9, i32 12" [src/conv3.cpp:76]   --->   Operation 253 'partselect' 'tmp_16' <Predicate = true> <Delay = 0.00>
ST_11 : Operation 254 [1/1] (0.00ns)   --->   "%zext_ln76_1 = zext i4 %tmp_16" [src/conv3.cpp:76]   --->   Operation 254 'zext' 'zext_ln76_1' <Predicate = true> <Delay = 0.00>
ST_11 : Operation 255 [1/1] (0.78ns)   --->   "%empty_68 = add i6 %tmp_s, i6 %zext_ln76_1" [src/conv3.cpp:74]   --->   Operation 255 'add' 'empty_68' <Predicate = true> <Delay = 0.78> <CoreInst = "Adder">   --->   Core 1 'Adder' <Latency = 0> <II = 1> <Delay = 0.78> <FuncUnit> <Opcode : 'add' 'sub'> <InPorts = 2> <OutPorts = 1>
ST_11 : Operation 256 [1/1] (0.00ns)   --->   "%p_cast64 = zext i6 %empty_68" [src/conv3.cpp:74]   --->   Operation 256 'zext' 'p_cast64' <Predicate = true> <Delay = 0.00>
ST_11 : Operation 257 [1/1] (0.00ns)   --->   "%p_ZZ5conv3PA255_A255_fPA32_A5_A5_fPfS1_E7in_tile_0_0_0_addr_1 = getelementptr i32 %p_ZZ5conv3PA255_A255_fPA32_A5_A5_fPfS1_E7in_tile_0_0_0, i64 0, i64 %p_cast64" [src/conv3.cpp:74]   --->   Operation 257 'getelementptr' 'p_ZZ5conv3PA255_A255_fPA32_A5_A5_fPfS1_E7in_tile_0_0_0_addr_1' <Predicate = true> <Delay = 0.00>
ST_11 : Operation 258 [1/1] (0.78ns)   --->   "%empty_69 = add i6 %tmp_150, i6 %zext_ln76_1" [src/conv3.cpp:74]   --->   Operation 258 'add' 'empty_69' <Predicate = true> <Delay = 0.78> <CoreInst = "Adder">   --->   Core 1 'Adder' <Latency = 0> <II = 1> <Delay = 0.78> <FuncUnit> <Opcode : 'add' 'sub'> <InPorts = 2> <OutPorts = 1>
ST_11 : Operation 259 [1/1] (0.00ns)   --->   "%p_cast65 = zext i6 %empty_69" [src/conv3.cpp:74]   --->   Operation 259 'zext' 'p_cast65' <Predicate = true> <Delay = 0.00>
ST_11 : Operation 260 [1/1] (0.00ns)   --->   "%p_ZZ5conv3PA255_A255_fPA32_A5_A5_fPfS1_E7in_tile_0_0_0_addr_6 = getelementptr i32 %p_ZZ5conv3PA255_A255_fPA32_A5_A5_fPfS1_E7in_tile_0_0_0, i64 0, i64 %p_cast65" [src/conv3.cpp:74]   --->   Operation 260 'getelementptr' 'p_ZZ5conv3PA255_A255_fPA32_A5_A5_fPfS1_E7in_tile_0_0_0_addr_6' <Predicate = true> <Delay = 0.00>
ST_11 : Operation 261 [1/1] (0.78ns)   --->   "%empty_70 = add i6 %tmp_151, i6 %zext_ln76_1" [src/conv3.cpp:74]   --->   Operation 261 'add' 'empty_70' <Predicate = true> <Delay = 0.78> <CoreInst = "Adder">   --->   Core 1 'Adder' <Latency = 0> <II = 1> <Delay = 0.78> <FuncUnit> <Opcode : 'add' 'sub'> <InPorts = 2> <OutPorts = 1>
ST_11 : Operation 262 [1/1] (0.00ns)   --->   "%p_cast66 = zext i6 %empty_70" [src/conv3.cpp:74]   --->   Operation 262 'zext' 'p_cast66' <Predicate = true> <Delay = 0.00>
ST_11 : Operation 263 [1/1] (0.00ns)   --->   "%p_ZZ5conv3PA255_A255_fPA32_A5_A5_fPfS1_E7in_tile_0_0_0_addr_11 = getelementptr i32 %p_ZZ5conv3PA255_A255_fPA32_A5_A5_fPfS1_E7in_tile_0_0_0, i64 0, i64 %p_cast66" [src/conv3.cpp:74]   --->   Operation 263 'getelementptr' 'p_ZZ5conv3PA255_A255_fPA32_A5_A5_fPfS1_E7in_tile_0_0_0_addr_11' <Predicate = true> <Delay = 0.00>
ST_11 : Operation 264 [1/1] (0.78ns)   --->   "%empty_71 = add i6 %tmp_152, i6 %zext_ln76_1" [src/conv3.cpp:74]   --->   Operation 264 'add' 'empty_71' <Predicate = true> <Delay = 0.78> <CoreInst = "Adder">   --->   Core 1 'Adder' <Latency = 0> <II = 1> <Delay = 0.78> <FuncUnit> <Opcode : 'add' 'sub'> <InPorts = 2> <OutPorts = 1>
ST_11 : Operation 265 [1/1] (0.00ns)   --->   "%p_cast67 = zext i6 %empty_71" [src/conv3.cpp:74]   --->   Operation 265 'zext' 'p_cast67' <Predicate = true> <Delay = 0.00>
ST_11 : Operation 266 [1/1] (0.00ns)   --->   "%p_ZZ5conv3PA255_A255_fPA32_A5_A5_fPfS1_E7in_tile_0_0_0_addr_16 = getelementptr i32 %p_ZZ5conv3PA255_A255_fPA32_A5_A5_fPfS1_E7in_tile_0_0_0, i64 0, i64 %p_cast67" [src/conv3.cpp:74]   --->   Operation 266 'getelementptr' 'p_ZZ5conv3PA255_A255_fPA32_A5_A5_fPfS1_E7in_tile_0_0_0_addr_16' <Predicate = true> <Delay = 0.00>
ST_11 : Operation 267 [1/1] (0.78ns)   --->   "%empty_72 = add i6 %tmp_153, i6 %zext_ln76_1" [src/conv3.cpp:74]   --->   Operation 267 'add' 'empty_72' <Predicate = true> <Delay = 0.78> <CoreInst = "Adder">   --->   Core 1 'Adder' <Latency = 0> <II = 1> <Delay = 0.78> <FuncUnit> <Opcode : 'add' 'sub'> <InPorts = 2> <OutPorts = 1>
ST_11 : Operation 268 [1/1] (0.00ns)   --->   "%p_cast68 = zext i6 %empty_72" [src/conv3.cpp:74]   --->   Operation 268 'zext' 'p_cast68' <Predicate = true> <Delay = 0.00>
ST_11 : Operation 269 [1/1] (0.00ns)   --->   "%p_ZZ5conv3PA255_A255_fPA32_A5_A5_fPfS1_E7in_tile_0_0_0_addr_21 = getelementptr i32 %p_ZZ5conv3PA255_A255_fPA32_A5_A5_fPfS1_E7in_tile_0_0_0, i64 0, i64 %p_cast68" [src/conv3.cpp:74]   --->   Operation 269 'getelementptr' 'p_ZZ5conv3PA255_A255_fPA32_A5_A5_fPfS1_E7in_tile_0_0_0_addr_21' <Predicate = true> <Delay = 0.00>
ST_11 : Operation 270 [1/1] (0.00ns)   --->   "%p_ZZ5conv3PA255_A255_fPA32_A5_A5_fPfS1_E7in_tile_0_1_0_addr_1 = getelementptr i32 %p_ZZ5conv3PA255_A255_fPA32_A5_A5_fPfS1_E7in_tile_0_1_0, i64 0, i64 %p_cast64" [src/conv3.cpp:74]   --->   Operation 270 'getelementptr' 'p_ZZ5conv3PA255_A255_fPA32_A5_A5_fPfS1_E7in_tile_0_1_0_addr_1' <Predicate = true> <Delay = 0.00>
ST_11 : Operation 271 [1/1] (0.00ns)   --->   "%p_ZZ5conv3PA255_A255_fPA32_A5_A5_fPfS1_E7in_tile_0_1_0_addr_6 = getelementptr i32 %p_ZZ5conv3PA255_A255_fPA32_A5_A5_fPfS1_E7in_tile_0_1_0, i64 0, i64 %p_cast65" [src/conv3.cpp:74]   --->   Operation 271 'getelementptr' 'p_ZZ5conv3PA255_A255_fPA32_A5_A5_fPfS1_E7in_tile_0_1_0_addr_6' <Predicate = true> <Delay = 0.00>
ST_11 : Operation 272 [1/1] (0.00ns)   --->   "%p_ZZ5conv3PA255_A255_fPA32_A5_A5_fPfS1_E7in_tile_0_1_0_addr_11 = getelementptr i32 %p_ZZ5conv3PA255_A255_fPA32_A5_A5_fPfS1_E7in_tile_0_1_0, i64 0, i64 %p_cast66" [src/conv3.cpp:74]   --->   Operation 272 'getelementptr' 'p_ZZ5conv3PA255_A255_fPA32_A5_A5_fPfS1_E7in_tile_0_1_0_addr_11' <Predicate = true> <Delay = 0.00>
ST_11 : Operation 273 [1/1] (0.00ns)   --->   "%p_ZZ5conv3PA255_A255_fPA32_A5_A5_fPfS1_E7in_tile_0_1_0_addr_16 = getelementptr i32 %p_ZZ5conv3PA255_A255_fPA32_A5_A5_fPfS1_E7in_tile_0_1_0, i64 0, i64 %p_cast67" [src/conv3.cpp:74]   --->   Operation 273 'getelementptr' 'p_ZZ5conv3PA255_A255_fPA32_A5_A5_fPfS1_E7in_tile_0_1_0_addr_16' <Predicate = true> <Delay = 0.00>
ST_11 : Operation 274 [1/1] (0.00ns)   --->   "%p_ZZ5conv3PA255_A255_fPA32_A5_A5_fPfS1_E7in_tile_0_1_0_addr_21 = getelementptr i32 %p_ZZ5conv3PA255_A255_fPA32_A5_A5_fPfS1_E7in_tile_0_1_0, i64 0, i64 %p_cast68" [src/conv3.cpp:74]   --->   Operation 274 'getelementptr' 'p_ZZ5conv3PA255_A255_fPA32_A5_A5_fPfS1_E7in_tile_0_1_0_addr_21' <Predicate = true> <Delay = 0.00>
ST_11 : Operation 275 [1/1] (0.00ns)   --->   "%p_ZZ5conv3PA255_A255_fPA32_A5_A5_fPfS1_E7in_tile_0_2_0_addr_1 = getelementptr i32 %p_ZZ5conv3PA255_A255_fPA32_A5_A5_fPfS1_E7in_tile_0_2_0, i64 0, i64 %p_cast64" [src/conv3.cpp:74]   --->   Operation 275 'getelementptr' 'p_ZZ5conv3PA255_A255_fPA32_A5_A5_fPfS1_E7in_tile_0_2_0_addr_1' <Predicate = true> <Delay = 0.00>
ST_11 : Operation 276 [1/1] (0.00ns)   --->   "%p_ZZ5conv3PA255_A255_fPA32_A5_A5_fPfS1_E7in_tile_0_2_0_addr_6 = getelementptr i32 %p_ZZ5conv3PA255_A255_fPA32_A5_A5_fPfS1_E7in_tile_0_2_0, i64 0, i64 %p_cast65" [src/conv3.cpp:74]   --->   Operation 276 'getelementptr' 'p_ZZ5conv3PA255_A255_fPA32_A5_A5_fPfS1_E7in_tile_0_2_0_addr_6' <Predicate = true> <Delay = 0.00>
ST_11 : Operation 277 [1/1] (0.00ns)   --->   "%p_ZZ5conv3PA255_A255_fPA32_A5_A5_fPfS1_E7in_tile_0_2_0_addr_11 = getelementptr i32 %p_ZZ5conv3PA255_A255_fPA32_A5_A5_fPfS1_E7in_tile_0_2_0, i64 0, i64 %p_cast66" [src/conv3.cpp:74]   --->   Operation 277 'getelementptr' 'p_ZZ5conv3PA255_A255_fPA32_A5_A5_fPfS1_E7in_tile_0_2_0_addr_11' <Predicate = true> <Delay = 0.00>
ST_11 : Operation 278 [1/1] (0.00ns)   --->   "%p_ZZ5conv3PA255_A255_fPA32_A5_A5_fPfS1_E7in_tile_0_2_0_addr_16 = getelementptr i32 %p_ZZ5conv3PA255_A255_fPA32_A5_A5_fPfS1_E7in_tile_0_2_0, i64 0, i64 %p_cast67" [src/conv3.cpp:74]   --->   Operation 278 'getelementptr' 'p_ZZ5conv3PA255_A255_fPA32_A5_A5_fPfS1_E7in_tile_0_2_0_addr_16' <Predicate = true> <Delay = 0.00>
ST_11 : Operation 279 [1/1] (0.00ns)   --->   "%p_ZZ5conv3PA255_A255_fPA32_A5_A5_fPfS1_E7in_tile_0_2_0_addr_21 = getelementptr i32 %p_ZZ5conv3PA255_A255_fPA32_A5_A5_fPfS1_E7in_tile_0_2_0, i64 0, i64 %p_cast68" [src/conv3.cpp:74]   --->   Operation 279 'getelementptr' 'p_ZZ5conv3PA255_A255_fPA32_A5_A5_fPfS1_E7in_tile_0_2_0_addr_21' <Predicate = true> <Delay = 0.00>
ST_11 : Operation 280 [1/1] (0.00ns)   --->   "%p_ZZ5conv3PA255_A255_fPA32_A5_A5_fPfS1_E7in_tile_0_3_0_addr_1 = getelementptr i32 %p_ZZ5conv3PA255_A255_fPA32_A5_A5_fPfS1_E7in_tile_0_3_0, i64 0, i64 %p_cast64" [src/conv3.cpp:74]   --->   Operation 280 'getelementptr' 'p_ZZ5conv3PA255_A255_fPA32_A5_A5_fPfS1_E7in_tile_0_3_0_addr_1' <Predicate = true> <Delay = 0.00>
ST_11 : Operation 281 [1/1] (0.00ns)   --->   "%p_ZZ5conv3PA255_A255_fPA32_A5_A5_fPfS1_E7in_tile_0_3_0_addr_6 = getelementptr i32 %p_ZZ5conv3PA255_A255_fPA32_A5_A5_fPfS1_E7in_tile_0_3_0, i64 0, i64 %p_cast65" [src/conv3.cpp:74]   --->   Operation 281 'getelementptr' 'p_ZZ5conv3PA255_A255_fPA32_A5_A5_fPfS1_E7in_tile_0_3_0_addr_6' <Predicate = true> <Delay = 0.00>
ST_11 : Operation 282 [1/1] (0.00ns)   --->   "%p_ZZ5conv3PA255_A255_fPA32_A5_A5_fPfS1_E7in_tile_0_3_0_addr_11 = getelementptr i32 %p_ZZ5conv3PA255_A255_fPA32_A5_A5_fPfS1_E7in_tile_0_3_0, i64 0, i64 %p_cast66" [src/conv3.cpp:74]   --->   Operation 282 'getelementptr' 'p_ZZ5conv3PA255_A255_fPA32_A5_A5_fPfS1_E7in_tile_0_3_0_addr_11' <Predicate = true> <Delay = 0.00>
ST_11 : Operation 283 [1/1] (0.00ns)   --->   "%p_ZZ5conv3PA255_A255_fPA32_A5_A5_fPfS1_E7in_tile_0_3_0_addr_16 = getelementptr i32 %p_ZZ5conv3PA255_A255_fPA32_A5_A5_fPfS1_E7in_tile_0_3_0, i64 0, i64 %p_cast67" [src/conv3.cpp:74]   --->   Operation 283 'getelementptr' 'p_ZZ5conv3PA255_A255_fPA32_A5_A5_fPfS1_E7in_tile_0_3_0_addr_16' <Predicate = true> <Delay = 0.00>
ST_11 : Operation 284 [1/1] (0.00ns)   --->   "%p_ZZ5conv3PA255_A255_fPA32_A5_A5_fPfS1_E7in_tile_0_3_0_addr_21 = getelementptr i32 %p_ZZ5conv3PA255_A255_fPA32_A5_A5_fPfS1_E7in_tile_0_3_0, i64 0, i64 %p_cast68" [src/conv3.cpp:74]   --->   Operation 284 'getelementptr' 'p_ZZ5conv3PA255_A255_fPA32_A5_A5_fPfS1_E7in_tile_0_3_0_addr_21' <Predicate = true> <Delay = 0.00>
ST_11 : Operation 285 [1/1] (0.00ns)   --->   "%p_ZZ5conv3PA255_A255_fPA32_A5_A5_fPfS1_E7in_tile_0_4_0_addr_1 = getelementptr i32 %p_ZZ5conv3PA255_A255_fPA32_A5_A5_fPfS1_E7in_tile_0_4_0, i64 0, i64 %p_cast64" [src/conv3.cpp:74]   --->   Operation 285 'getelementptr' 'p_ZZ5conv3PA255_A255_fPA32_A5_A5_fPfS1_E7in_tile_0_4_0_addr_1' <Predicate = true> <Delay = 0.00>
ST_11 : Operation 286 [1/1] (0.00ns)   --->   "%p_ZZ5conv3PA255_A255_fPA32_A5_A5_fPfS1_E7in_tile_0_4_0_addr_6 = getelementptr i32 %p_ZZ5conv3PA255_A255_fPA32_A5_A5_fPfS1_E7in_tile_0_4_0, i64 0, i64 %p_cast65" [src/conv3.cpp:74]   --->   Operation 286 'getelementptr' 'p_ZZ5conv3PA255_A255_fPA32_A5_A5_fPfS1_E7in_tile_0_4_0_addr_6' <Predicate = true> <Delay = 0.00>
ST_11 : Operation 287 [1/1] (0.00ns)   --->   "%p_ZZ5conv3PA255_A255_fPA32_A5_A5_fPfS1_E7in_tile_0_4_0_addr_11 = getelementptr i32 %p_ZZ5conv3PA255_A255_fPA32_A5_A5_fPfS1_E7in_tile_0_4_0, i64 0, i64 %p_cast66" [src/conv3.cpp:74]   --->   Operation 287 'getelementptr' 'p_ZZ5conv3PA255_A255_fPA32_A5_A5_fPfS1_E7in_tile_0_4_0_addr_11' <Predicate = true> <Delay = 0.00>
ST_11 : Operation 288 [1/1] (0.00ns)   --->   "%p_ZZ5conv3PA255_A255_fPA32_A5_A5_fPfS1_E7in_tile_0_4_0_addr_16 = getelementptr i32 %p_ZZ5conv3PA255_A255_fPA32_A5_A5_fPfS1_E7in_tile_0_4_0, i64 0, i64 %p_cast67" [src/conv3.cpp:74]   --->   Operation 288 'getelementptr' 'p_ZZ5conv3PA255_A255_fPA32_A5_A5_fPfS1_E7in_tile_0_4_0_addr_16' <Predicate = true> <Delay = 0.00>
ST_11 : Operation 289 [1/1] (0.00ns)   --->   "%p_ZZ5conv3PA255_A255_fPA32_A5_A5_fPfS1_E7in_tile_0_4_0_addr_21 = getelementptr i32 %p_ZZ5conv3PA255_A255_fPA32_A5_A5_fPfS1_E7in_tile_0_4_0, i64 0, i64 %p_cast68" [src/conv3.cpp:74]   --->   Operation 289 'getelementptr' 'p_ZZ5conv3PA255_A255_fPA32_A5_A5_fPfS1_E7in_tile_0_4_0_addr_21' <Predicate = true> <Delay = 0.00>
ST_11 : Operation 290 [1/1] (0.00ns)   --->   "%p_ZZ5conv3PA255_A255_fPA32_A5_A5_fPfS1_E7in_tile_1_0_0_addr_1 = getelementptr i32 %p_ZZ5conv3PA255_A255_fPA32_A5_A5_fPfS1_E7in_tile_1_0_0, i64 0, i64 %p_cast64" [src/conv3.cpp:74]   --->   Operation 290 'getelementptr' 'p_ZZ5conv3PA255_A255_fPA32_A5_A5_fPfS1_E7in_tile_1_0_0_addr_1' <Predicate = true> <Delay = 0.00>
ST_11 : Operation 291 [1/1] (0.00ns)   --->   "%p_ZZ5conv3PA255_A255_fPA32_A5_A5_fPfS1_E7in_tile_1_0_0_addr_6 = getelementptr i32 %p_ZZ5conv3PA255_A255_fPA32_A5_A5_fPfS1_E7in_tile_1_0_0, i64 0, i64 %p_cast65" [src/conv3.cpp:74]   --->   Operation 291 'getelementptr' 'p_ZZ5conv3PA255_A255_fPA32_A5_A5_fPfS1_E7in_tile_1_0_0_addr_6' <Predicate = true> <Delay = 0.00>
ST_11 : Operation 292 [1/1] (0.00ns)   --->   "%p_ZZ5conv3PA255_A255_fPA32_A5_A5_fPfS1_E7in_tile_1_0_0_addr_11 = getelementptr i32 %p_ZZ5conv3PA255_A255_fPA32_A5_A5_fPfS1_E7in_tile_1_0_0, i64 0, i64 %p_cast66" [src/conv3.cpp:74]   --->   Operation 292 'getelementptr' 'p_ZZ5conv3PA255_A255_fPA32_A5_A5_fPfS1_E7in_tile_1_0_0_addr_11' <Predicate = true> <Delay = 0.00>
ST_11 : Operation 293 [1/1] (0.00ns)   --->   "%p_ZZ5conv3PA255_A255_fPA32_A5_A5_fPfS1_E7in_tile_1_0_0_addr_16 = getelementptr i32 %p_ZZ5conv3PA255_A255_fPA32_A5_A5_fPfS1_E7in_tile_1_0_0, i64 0, i64 %p_cast67" [src/conv3.cpp:74]   --->   Operation 293 'getelementptr' 'p_ZZ5conv3PA255_A255_fPA32_A5_A5_fPfS1_E7in_tile_1_0_0_addr_16' <Predicate = true> <Delay = 0.00>
ST_11 : Operation 294 [1/1] (0.00ns)   --->   "%p_ZZ5conv3PA255_A255_fPA32_A5_A5_fPfS1_E7in_tile_1_0_0_addr_21 = getelementptr i32 %p_ZZ5conv3PA255_A255_fPA32_A5_A5_fPfS1_E7in_tile_1_0_0, i64 0, i64 %p_cast68" [src/conv3.cpp:74]   --->   Operation 294 'getelementptr' 'p_ZZ5conv3PA255_A255_fPA32_A5_A5_fPfS1_E7in_tile_1_0_0_addr_21' <Predicate = true> <Delay = 0.00>
ST_11 : Operation 295 [1/1] (0.00ns)   --->   "%p_ZZ5conv3PA255_A255_fPA32_A5_A5_fPfS1_E7in_tile_1_1_0_addr_1 = getelementptr i32 %p_ZZ5conv3PA255_A255_fPA32_A5_A5_fPfS1_E7in_tile_1_1_0, i64 0, i64 %p_cast64" [src/conv3.cpp:74]   --->   Operation 295 'getelementptr' 'p_ZZ5conv3PA255_A255_fPA32_A5_A5_fPfS1_E7in_tile_1_1_0_addr_1' <Predicate = true> <Delay = 0.00>
ST_11 : Operation 296 [1/1] (0.00ns)   --->   "%p_ZZ5conv3PA255_A255_fPA32_A5_A5_fPfS1_E7in_tile_1_1_0_addr_6 = getelementptr i32 %p_ZZ5conv3PA255_A255_fPA32_A5_A5_fPfS1_E7in_tile_1_1_0, i64 0, i64 %p_cast65" [src/conv3.cpp:74]   --->   Operation 296 'getelementptr' 'p_ZZ5conv3PA255_A255_fPA32_A5_A5_fPfS1_E7in_tile_1_1_0_addr_6' <Predicate = true> <Delay = 0.00>
ST_11 : Operation 297 [1/1] (0.00ns)   --->   "%p_ZZ5conv3PA255_A255_fPA32_A5_A5_fPfS1_E7in_tile_1_1_0_addr_11 = getelementptr i32 %p_ZZ5conv3PA255_A255_fPA32_A5_A5_fPfS1_E7in_tile_1_1_0, i64 0, i64 %p_cast66" [src/conv3.cpp:74]   --->   Operation 297 'getelementptr' 'p_ZZ5conv3PA255_A255_fPA32_A5_A5_fPfS1_E7in_tile_1_1_0_addr_11' <Predicate = true> <Delay = 0.00>
ST_11 : Operation 298 [1/1] (0.00ns)   --->   "%p_ZZ5conv3PA255_A255_fPA32_A5_A5_fPfS1_E7in_tile_1_1_0_addr_16 = getelementptr i32 %p_ZZ5conv3PA255_A255_fPA32_A5_A5_fPfS1_E7in_tile_1_1_0, i64 0, i64 %p_cast67" [src/conv3.cpp:74]   --->   Operation 298 'getelementptr' 'p_ZZ5conv3PA255_A255_fPA32_A5_A5_fPfS1_E7in_tile_1_1_0_addr_16' <Predicate = true> <Delay = 0.00>
ST_11 : Operation 299 [1/1] (0.00ns)   --->   "%p_ZZ5conv3PA255_A255_fPA32_A5_A5_fPfS1_E7in_tile_1_1_0_addr_21 = getelementptr i32 %p_ZZ5conv3PA255_A255_fPA32_A5_A5_fPfS1_E7in_tile_1_1_0, i64 0, i64 %p_cast68" [src/conv3.cpp:74]   --->   Operation 299 'getelementptr' 'p_ZZ5conv3PA255_A255_fPA32_A5_A5_fPfS1_E7in_tile_1_1_0_addr_21' <Predicate = true> <Delay = 0.00>
ST_11 : Operation 300 [1/1] (0.00ns)   --->   "%p_ZZ5conv3PA255_A255_fPA32_A5_A5_fPfS1_E7in_tile_1_2_0_addr_1 = getelementptr i32 %p_ZZ5conv3PA255_A255_fPA32_A5_A5_fPfS1_E7in_tile_1_2_0, i64 0, i64 %p_cast64" [src/conv3.cpp:74]   --->   Operation 300 'getelementptr' 'p_ZZ5conv3PA255_A255_fPA32_A5_A5_fPfS1_E7in_tile_1_2_0_addr_1' <Predicate = true> <Delay = 0.00>
ST_11 : Operation 301 [1/1] (0.00ns)   --->   "%p_ZZ5conv3PA255_A255_fPA32_A5_A5_fPfS1_E7in_tile_1_2_0_addr_6 = getelementptr i32 %p_ZZ5conv3PA255_A255_fPA32_A5_A5_fPfS1_E7in_tile_1_2_0, i64 0, i64 %p_cast65" [src/conv3.cpp:74]   --->   Operation 301 'getelementptr' 'p_ZZ5conv3PA255_A255_fPA32_A5_A5_fPfS1_E7in_tile_1_2_0_addr_6' <Predicate = true> <Delay = 0.00>
ST_11 : Operation 302 [1/1] (0.00ns)   --->   "%p_ZZ5conv3PA255_A255_fPA32_A5_A5_fPfS1_E7in_tile_1_2_0_addr_11 = getelementptr i32 %p_ZZ5conv3PA255_A255_fPA32_A5_A5_fPfS1_E7in_tile_1_2_0, i64 0, i64 %p_cast66" [src/conv3.cpp:74]   --->   Operation 302 'getelementptr' 'p_ZZ5conv3PA255_A255_fPA32_A5_A5_fPfS1_E7in_tile_1_2_0_addr_11' <Predicate = true> <Delay = 0.00>
ST_11 : Operation 303 [1/1] (0.00ns)   --->   "%p_ZZ5conv3PA255_A255_fPA32_A5_A5_fPfS1_E7in_tile_1_2_0_addr_16 = getelementptr i32 %p_ZZ5conv3PA255_A255_fPA32_A5_A5_fPfS1_E7in_tile_1_2_0, i64 0, i64 %p_cast67" [src/conv3.cpp:74]   --->   Operation 303 'getelementptr' 'p_ZZ5conv3PA255_A255_fPA32_A5_A5_fPfS1_E7in_tile_1_2_0_addr_16' <Predicate = true> <Delay = 0.00>
ST_11 : Operation 304 [1/1] (0.00ns)   --->   "%p_ZZ5conv3PA255_A255_fPA32_A5_A5_fPfS1_E7in_tile_1_2_0_addr_21 = getelementptr i32 %p_ZZ5conv3PA255_A255_fPA32_A5_A5_fPfS1_E7in_tile_1_2_0, i64 0, i64 %p_cast68" [src/conv3.cpp:74]   --->   Operation 304 'getelementptr' 'p_ZZ5conv3PA255_A255_fPA32_A5_A5_fPfS1_E7in_tile_1_2_0_addr_21' <Predicate = true> <Delay = 0.00>
ST_11 : Operation 305 [1/1] (0.00ns)   --->   "%p_ZZ5conv3PA255_A255_fPA32_A5_A5_fPfS1_E7in_tile_1_3_0_addr_1 = getelementptr i32 %p_ZZ5conv3PA255_A255_fPA32_A5_A5_fPfS1_E7in_tile_1_3_0, i64 0, i64 %p_cast64" [src/conv3.cpp:74]   --->   Operation 305 'getelementptr' 'p_ZZ5conv3PA255_A255_fPA32_A5_A5_fPfS1_E7in_tile_1_3_0_addr_1' <Predicate = true> <Delay = 0.00>
ST_11 : Operation 306 [1/1] (0.00ns)   --->   "%p_ZZ5conv3PA255_A255_fPA32_A5_A5_fPfS1_E7in_tile_1_3_0_addr_6 = getelementptr i32 %p_ZZ5conv3PA255_A255_fPA32_A5_A5_fPfS1_E7in_tile_1_3_0, i64 0, i64 %p_cast65" [src/conv3.cpp:74]   --->   Operation 306 'getelementptr' 'p_ZZ5conv3PA255_A255_fPA32_A5_A5_fPfS1_E7in_tile_1_3_0_addr_6' <Predicate = true> <Delay = 0.00>
ST_11 : Operation 307 [1/1] (0.00ns)   --->   "%p_ZZ5conv3PA255_A255_fPA32_A5_A5_fPfS1_E7in_tile_1_3_0_addr_11 = getelementptr i32 %p_ZZ5conv3PA255_A255_fPA32_A5_A5_fPfS1_E7in_tile_1_3_0, i64 0, i64 %p_cast66" [src/conv3.cpp:74]   --->   Operation 307 'getelementptr' 'p_ZZ5conv3PA255_A255_fPA32_A5_A5_fPfS1_E7in_tile_1_3_0_addr_11' <Predicate = true> <Delay = 0.00>
ST_11 : Operation 308 [1/1] (0.00ns)   --->   "%p_ZZ5conv3PA255_A255_fPA32_A5_A5_fPfS1_E7in_tile_1_3_0_addr_16 = getelementptr i32 %p_ZZ5conv3PA255_A255_fPA32_A5_A5_fPfS1_E7in_tile_1_3_0, i64 0, i64 %p_cast67" [src/conv3.cpp:74]   --->   Operation 308 'getelementptr' 'p_ZZ5conv3PA255_A255_fPA32_A5_A5_fPfS1_E7in_tile_1_3_0_addr_16' <Predicate = true> <Delay = 0.00>
ST_11 : Operation 309 [1/1] (0.00ns)   --->   "%p_ZZ5conv3PA255_A255_fPA32_A5_A5_fPfS1_E7in_tile_1_3_0_addr_21 = getelementptr i32 %p_ZZ5conv3PA255_A255_fPA32_A5_A5_fPfS1_E7in_tile_1_3_0, i64 0, i64 %p_cast68" [src/conv3.cpp:74]   --->   Operation 309 'getelementptr' 'p_ZZ5conv3PA255_A255_fPA32_A5_A5_fPfS1_E7in_tile_1_3_0_addr_21' <Predicate = true> <Delay = 0.00>
ST_11 : Operation 310 [1/1] (0.00ns)   --->   "%p_ZZ5conv3PA255_A255_fPA32_A5_A5_fPfS1_E7in_tile_1_4_0_addr_1 = getelementptr i32 %p_ZZ5conv3PA255_A255_fPA32_A5_A5_fPfS1_E7in_tile_1_4_0, i64 0, i64 %p_cast64" [src/conv3.cpp:74]   --->   Operation 310 'getelementptr' 'p_ZZ5conv3PA255_A255_fPA32_A5_A5_fPfS1_E7in_tile_1_4_0_addr_1' <Predicate = true> <Delay = 0.00>
ST_11 : Operation 311 [1/1] (0.00ns)   --->   "%p_ZZ5conv3PA255_A255_fPA32_A5_A5_fPfS1_E7in_tile_1_4_0_addr_6 = getelementptr i32 %p_ZZ5conv3PA255_A255_fPA32_A5_A5_fPfS1_E7in_tile_1_4_0, i64 0, i64 %p_cast65" [src/conv3.cpp:74]   --->   Operation 311 'getelementptr' 'p_ZZ5conv3PA255_A255_fPA32_A5_A5_fPfS1_E7in_tile_1_4_0_addr_6' <Predicate = true> <Delay = 0.00>
ST_11 : Operation 312 [1/1] (0.00ns)   --->   "%p_ZZ5conv3PA255_A255_fPA32_A5_A5_fPfS1_E7in_tile_1_4_0_addr_11 = getelementptr i32 %p_ZZ5conv3PA255_A255_fPA32_A5_A5_fPfS1_E7in_tile_1_4_0, i64 0, i64 %p_cast66" [src/conv3.cpp:74]   --->   Operation 312 'getelementptr' 'p_ZZ5conv3PA255_A255_fPA32_A5_A5_fPfS1_E7in_tile_1_4_0_addr_11' <Predicate = true> <Delay = 0.00>
ST_11 : Operation 313 [1/1] (0.00ns)   --->   "%p_ZZ5conv3PA255_A255_fPA32_A5_A5_fPfS1_E7in_tile_1_4_0_addr_16 = getelementptr i32 %p_ZZ5conv3PA255_A255_fPA32_A5_A5_fPfS1_E7in_tile_1_4_0, i64 0, i64 %p_cast67" [src/conv3.cpp:74]   --->   Operation 313 'getelementptr' 'p_ZZ5conv3PA255_A255_fPA32_A5_A5_fPfS1_E7in_tile_1_4_0_addr_16' <Predicate = true> <Delay = 0.00>
ST_11 : Operation 314 [1/1] (0.00ns)   --->   "%p_ZZ5conv3PA255_A255_fPA32_A5_A5_fPfS1_E7in_tile_1_4_0_addr_21 = getelementptr i32 %p_ZZ5conv3PA255_A255_fPA32_A5_A5_fPfS1_E7in_tile_1_4_0, i64 0, i64 %p_cast68" [src/conv3.cpp:74]   --->   Operation 314 'getelementptr' 'p_ZZ5conv3PA255_A255_fPA32_A5_A5_fPfS1_E7in_tile_1_4_0_addr_21' <Predicate = true> <Delay = 0.00>
ST_11 : Operation 315 [1/1] (0.00ns)   --->   "%p_ZZ5conv3PA255_A255_fPA32_A5_A5_fPfS1_E7in_tile_2_0_0_addr_1 = getelementptr i32 %p_ZZ5conv3PA255_A255_fPA32_A5_A5_fPfS1_E7in_tile_2_0_0, i64 0, i64 %p_cast64" [src/conv3.cpp:74]   --->   Operation 315 'getelementptr' 'p_ZZ5conv3PA255_A255_fPA32_A5_A5_fPfS1_E7in_tile_2_0_0_addr_1' <Predicate = true> <Delay = 0.00>
ST_11 : Operation 316 [1/1] (0.00ns)   --->   "%p_ZZ5conv3PA255_A255_fPA32_A5_A5_fPfS1_E7in_tile_2_0_0_addr_6 = getelementptr i32 %p_ZZ5conv3PA255_A255_fPA32_A5_A5_fPfS1_E7in_tile_2_0_0, i64 0, i64 %p_cast65" [src/conv3.cpp:74]   --->   Operation 316 'getelementptr' 'p_ZZ5conv3PA255_A255_fPA32_A5_A5_fPfS1_E7in_tile_2_0_0_addr_6' <Predicate = true> <Delay = 0.00>
ST_11 : Operation 317 [1/1] (0.00ns)   --->   "%p_ZZ5conv3PA255_A255_fPA32_A5_A5_fPfS1_E7in_tile_2_0_0_addr_11 = getelementptr i32 %p_ZZ5conv3PA255_A255_fPA32_A5_A5_fPfS1_E7in_tile_2_0_0, i64 0, i64 %p_cast66" [src/conv3.cpp:74]   --->   Operation 317 'getelementptr' 'p_ZZ5conv3PA255_A255_fPA32_A5_A5_fPfS1_E7in_tile_2_0_0_addr_11' <Predicate = true> <Delay = 0.00>
ST_11 : Operation 318 [1/1] (0.00ns)   --->   "%p_ZZ5conv3PA255_A255_fPA32_A5_A5_fPfS1_E7in_tile_2_0_0_addr_16 = getelementptr i32 %p_ZZ5conv3PA255_A255_fPA32_A5_A5_fPfS1_E7in_tile_2_0_0, i64 0, i64 %p_cast67" [src/conv3.cpp:74]   --->   Operation 318 'getelementptr' 'p_ZZ5conv3PA255_A255_fPA32_A5_A5_fPfS1_E7in_tile_2_0_0_addr_16' <Predicate = true> <Delay = 0.00>
ST_11 : Operation 319 [1/1] (0.00ns)   --->   "%p_ZZ5conv3PA255_A255_fPA32_A5_A5_fPfS1_E7in_tile_2_0_0_addr_21 = getelementptr i32 %p_ZZ5conv3PA255_A255_fPA32_A5_A5_fPfS1_E7in_tile_2_0_0, i64 0, i64 %p_cast68" [src/conv3.cpp:74]   --->   Operation 319 'getelementptr' 'p_ZZ5conv3PA255_A255_fPA32_A5_A5_fPfS1_E7in_tile_2_0_0_addr_21' <Predicate = true> <Delay = 0.00>
ST_11 : Operation 320 [1/1] (0.00ns)   --->   "%p_ZZ5conv3PA255_A255_fPA32_A5_A5_fPfS1_E7in_tile_2_1_0_addr_1 = getelementptr i32 %p_ZZ5conv3PA255_A255_fPA32_A5_A5_fPfS1_E7in_tile_2_1_0, i64 0, i64 %p_cast64" [src/conv3.cpp:74]   --->   Operation 320 'getelementptr' 'p_ZZ5conv3PA255_A255_fPA32_A5_A5_fPfS1_E7in_tile_2_1_0_addr_1' <Predicate = true> <Delay = 0.00>
ST_11 : Operation 321 [1/1] (0.00ns)   --->   "%p_ZZ5conv3PA255_A255_fPA32_A5_A5_fPfS1_E7in_tile_2_1_0_addr_6 = getelementptr i32 %p_ZZ5conv3PA255_A255_fPA32_A5_A5_fPfS1_E7in_tile_2_1_0, i64 0, i64 %p_cast65" [src/conv3.cpp:74]   --->   Operation 321 'getelementptr' 'p_ZZ5conv3PA255_A255_fPA32_A5_A5_fPfS1_E7in_tile_2_1_0_addr_6' <Predicate = true> <Delay = 0.00>
ST_11 : Operation 322 [1/1] (0.00ns)   --->   "%p_ZZ5conv3PA255_A255_fPA32_A5_A5_fPfS1_E7in_tile_2_1_0_addr_11 = getelementptr i32 %p_ZZ5conv3PA255_A255_fPA32_A5_A5_fPfS1_E7in_tile_2_1_0, i64 0, i64 %p_cast66" [src/conv3.cpp:74]   --->   Operation 322 'getelementptr' 'p_ZZ5conv3PA255_A255_fPA32_A5_A5_fPfS1_E7in_tile_2_1_0_addr_11' <Predicate = true> <Delay = 0.00>
ST_11 : Operation 323 [1/1] (0.00ns)   --->   "%p_ZZ5conv3PA255_A255_fPA32_A5_A5_fPfS1_E7in_tile_2_1_0_addr_16 = getelementptr i32 %p_ZZ5conv3PA255_A255_fPA32_A5_A5_fPfS1_E7in_tile_2_1_0, i64 0, i64 %p_cast67" [src/conv3.cpp:74]   --->   Operation 323 'getelementptr' 'p_ZZ5conv3PA255_A255_fPA32_A5_A5_fPfS1_E7in_tile_2_1_0_addr_16' <Predicate = true> <Delay = 0.00>
ST_11 : Operation 324 [1/1] (0.00ns)   --->   "%p_ZZ5conv3PA255_A255_fPA32_A5_A5_fPfS1_E7in_tile_2_1_0_addr_21 = getelementptr i32 %p_ZZ5conv3PA255_A255_fPA32_A5_A5_fPfS1_E7in_tile_2_1_0, i64 0, i64 %p_cast68" [src/conv3.cpp:74]   --->   Operation 324 'getelementptr' 'p_ZZ5conv3PA255_A255_fPA32_A5_A5_fPfS1_E7in_tile_2_1_0_addr_21' <Predicate = true> <Delay = 0.00>
ST_11 : Operation 325 [1/1] (0.00ns)   --->   "%p_ZZ5conv3PA255_A255_fPA32_A5_A5_fPfS1_E7in_tile_2_2_0_addr_1 = getelementptr i32 %p_ZZ5conv3PA255_A255_fPA32_A5_A5_fPfS1_E7in_tile_2_2_0, i64 0, i64 %p_cast64" [src/conv3.cpp:74]   --->   Operation 325 'getelementptr' 'p_ZZ5conv3PA255_A255_fPA32_A5_A5_fPfS1_E7in_tile_2_2_0_addr_1' <Predicate = true> <Delay = 0.00>
ST_11 : Operation 326 [1/1] (0.00ns)   --->   "%p_ZZ5conv3PA255_A255_fPA32_A5_A5_fPfS1_E7in_tile_2_2_0_addr_6 = getelementptr i32 %p_ZZ5conv3PA255_A255_fPA32_A5_A5_fPfS1_E7in_tile_2_2_0, i64 0, i64 %p_cast65" [src/conv3.cpp:74]   --->   Operation 326 'getelementptr' 'p_ZZ5conv3PA255_A255_fPA32_A5_A5_fPfS1_E7in_tile_2_2_0_addr_6' <Predicate = true> <Delay = 0.00>
ST_11 : Operation 327 [1/1] (0.00ns)   --->   "%p_ZZ5conv3PA255_A255_fPA32_A5_A5_fPfS1_E7in_tile_2_2_0_addr_11 = getelementptr i32 %p_ZZ5conv3PA255_A255_fPA32_A5_A5_fPfS1_E7in_tile_2_2_0, i64 0, i64 %p_cast66" [src/conv3.cpp:74]   --->   Operation 327 'getelementptr' 'p_ZZ5conv3PA255_A255_fPA32_A5_A5_fPfS1_E7in_tile_2_2_0_addr_11' <Predicate = true> <Delay = 0.00>
ST_11 : Operation 328 [1/1] (0.00ns)   --->   "%p_ZZ5conv3PA255_A255_fPA32_A5_A5_fPfS1_E7in_tile_2_2_0_addr_16 = getelementptr i32 %p_ZZ5conv3PA255_A255_fPA32_A5_A5_fPfS1_E7in_tile_2_2_0, i64 0, i64 %p_cast67" [src/conv3.cpp:74]   --->   Operation 328 'getelementptr' 'p_ZZ5conv3PA255_A255_fPA32_A5_A5_fPfS1_E7in_tile_2_2_0_addr_16' <Predicate = true> <Delay = 0.00>
ST_11 : Operation 329 [1/1] (0.00ns)   --->   "%p_ZZ5conv3PA255_A255_fPA32_A5_A5_fPfS1_E7in_tile_2_2_0_addr_21 = getelementptr i32 %p_ZZ5conv3PA255_A255_fPA32_A5_A5_fPfS1_E7in_tile_2_2_0, i64 0, i64 %p_cast68" [src/conv3.cpp:74]   --->   Operation 329 'getelementptr' 'p_ZZ5conv3PA255_A255_fPA32_A5_A5_fPfS1_E7in_tile_2_2_0_addr_21' <Predicate = true> <Delay = 0.00>
ST_11 : Operation 330 [1/1] (0.00ns)   --->   "%p_ZZ5conv3PA255_A255_fPA32_A5_A5_fPfS1_E7in_tile_2_3_0_addr_1 = getelementptr i32 %p_ZZ5conv3PA255_A255_fPA32_A5_A5_fPfS1_E7in_tile_2_3_0, i64 0, i64 %p_cast64" [src/conv3.cpp:74]   --->   Operation 330 'getelementptr' 'p_ZZ5conv3PA255_A255_fPA32_A5_A5_fPfS1_E7in_tile_2_3_0_addr_1' <Predicate = true> <Delay = 0.00>
ST_11 : Operation 331 [1/1] (0.00ns)   --->   "%p_ZZ5conv3PA255_A255_fPA32_A5_A5_fPfS1_E7in_tile_2_3_0_addr_6 = getelementptr i32 %p_ZZ5conv3PA255_A255_fPA32_A5_A5_fPfS1_E7in_tile_2_3_0, i64 0, i64 %p_cast65" [src/conv3.cpp:74]   --->   Operation 331 'getelementptr' 'p_ZZ5conv3PA255_A255_fPA32_A5_A5_fPfS1_E7in_tile_2_3_0_addr_6' <Predicate = true> <Delay = 0.00>
ST_11 : Operation 332 [1/1] (0.00ns)   --->   "%p_ZZ5conv3PA255_A255_fPA32_A5_A5_fPfS1_E7in_tile_2_3_0_addr_11 = getelementptr i32 %p_ZZ5conv3PA255_A255_fPA32_A5_A5_fPfS1_E7in_tile_2_3_0, i64 0, i64 %p_cast66" [src/conv3.cpp:74]   --->   Operation 332 'getelementptr' 'p_ZZ5conv3PA255_A255_fPA32_A5_A5_fPfS1_E7in_tile_2_3_0_addr_11' <Predicate = true> <Delay = 0.00>
ST_11 : Operation 333 [1/1] (0.00ns)   --->   "%p_ZZ5conv3PA255_A255_fPA32_A5_A5_fPfS1_E7in_tile_2_3_0_addr_16 = getelementptr i32 %p_ZZ5conv3PA255_A255_fPA32_A5_A5_fPfS1_E7in_tile_2_3_0, i64 0, i64 %p_cast67" [src/conv3.cpp:74]   --->   Operation 333 'getelementptr' 'p_ZZ5conv3PA255_A255_fPA32_A5_A5_fPfS1_E7in_tile_2_3_0_addr_16' <Predicate = true> <Delay = 0.00>
ST_11 : Operation 334 [1/1] (0.00ns)   --->   "%p_ZZ5conv3PA255_A255_fPA32_A5_A5_fPfS1_E7in_tile_2_3_0_addr_21 = getelementptr i32 %p_ZZ5conv3PA255_A255_fPA32_A5_A5_fPfS1_E7in_tile_2_3_0, i64 0, i64 %p_cast68" [src/conv3.cpp:74]   --->   Operation 334 'getelementptr' 'p_ZZ5conv3PA255_A255_fPA32_A5_A5_fPfS1_E7in_tile_2_3_0_addr_21' <Predicate = true> <Delay = 0.00>
ST_11 : Operation 335 [1/1] (0.00ns)   --->   "%p_ZZ5conv3PA255_A255_fPA32_A5_A5_fPfS1_E7in_tile_2_4_0_addr_1 = getelementptr i32 %p_ZZ5conv3PA255_A255_fPA32_A5_A5_fPfS1_E7in_tile_2_4_0, i64 0, i64 %p_cast64" [src/conv3.cpp:74]   --->   Operation 335 'getelementptr' 'p_ZZ5conv3PA255_A255_fPA32_A5_A5_fPfS1_E7in_tile_2_4_0_addr_1' <Predicate = true> <Delay = 0.00>
ST_11 : Operation 336 [1/1] (0.00ns)   --->   "%p_ZZ5conv3PA255_A255_fPA32_A5_A5_fPfS1_E7in_tile_2_4_0_addr_6 = getelementptr i32 %p_ZZ5conv3PA255_A255_fPA32_A5_A5_fPfS1_E7in_tile_2_4_0, i64 0, i64 %p_cast65" [src/conv3.cpp:74]   --->   Operation 336 'getelementptr' 'p_ZZ5conv3PA255_A255_fPA32_A5_A5_fPfS1_E7in_tile_2_4_0_addr_6' <Predicate = true> <Delay = 0.00>
ST_11 : Operation 337 [1/1] (0.00ns)   --->   "%p_ZZ5conv3PA255_A255_fPA32_A5_A5_fPfS1_E7in_tile_2_4_0_addr_11 = getelementptr i32 %p_ZZ5conv3PA255_A255_fPA32_A5_A5_fPfS1_E7in_tile_2_4_0, i64 0, i64 %p_cast66" [src/conv3.cpp:74]   --->   Operation 337 'getelementptr' 'p_ZZ5conv3PA255_A255_fPA32_A5_A5_fPfS1_E7in_tile_2_4_0_addr_11' <Predicate = true> <Delay = 0.00>
ST_11 : Operation 338 [1/1] (0.00ns)   --->   "%p_ZZ5conv3PA255_A255_fPA32_A5_A5_fPfS1_E7in_tile_2_4_0_addr_16 = getelementptr i32 %p_ZZ5conv3PA255_A255_fPA32_A5_A5_fPfS1_E7in_tile_2_4_0, i64 0, i64 %p_cast67" [src/conv3.cpp:74]   --->   Operation 338 'getelementptr' 'p_ZZ5conv3PA255_A255_fPA32_A5_A5_fPfS1_E7in_tile_2_4_0_addr_16' <Predicate = true> <Delay = 0.00>
ST_11 : Operation 339 [1/1] (0.00ns)   --->   "%p_ZZ5conv3PA255_A255_fPA32_A5_A5_fPfS1_E7in_tile_2_4_0_addr_21 = getelementptr i32 %p_ZZ5conv3PA255_A255_fPA32_A5_A5_fPfS1_E7in_tile_2_4_0, i64 0, i64 %p_cast68" [src/conv3.cpp:74]   --->   Operation 339 'getelementptr' 'p_ZZ5conv3PA255_A255_fPA32_A5_A5_fPfS1_E7in_tile_2_4_0_addr_21' <Predicate = true> <Delay = 0.00>
ST_11 : Operation 340 [1/1] (0.00ns)   --->   "%p_ZZ5conv3PA255_A255_fPA32_A5_A5_fPfS1_E7in_tile_3_0_0_addr_1 = getelementptr i32 %p_ZZ5conv3PA255_A255_fPA32_A5_A5_fPfS1_E7in_tile_3_0_0, i64 0, i64 %p_cast64" [src/conv3.cpp:74]   --->   Operation 340 'getelementptr' 'p_ZZ5conv3PA255_A255_fPA32_A5_A5_fPfS1_E7in_tile_3_0_0_addr_1' <Predicate = true> <Delay = 0.00>
ST_11 : Operation 341 [1/1] (0.00ns)   --->   "%p_ZZ5conv3PA255_A255_fPA32_A5_A5_fPfS1_E7in_tile_3_0_0_addr_6 = getelementptr i32 %p_ZZ5conv3PA255_A255_fPA32_A5_A5_fPfS1_E7in_tile_3_0_0, i64 0, i64 %p_cast65" [src/conv3.cpp:74]   --->   Operation 341 'getelementptr' 'p_ZZ5conv3PA255_A255_fPA32_A5_A5_fPfS1_E7in_tile_3_0_0_addr_6' <Predicate = true> <Delay = 0.00>
ST_11 : Operation 342 [1/1] (0.00ns)   --->   "%p_ZZ5conv3PA255_A255_fPA32_A5_A5_fPfS1_E7in_tile_3_0_0_addr_11 = getelementptr i32 %p_ZZ5conv3PA255_A255_fPA32_A5_A5_fPfS1_E7in_tile_3_0_0, i64 0, i64 %p_cast66" [src/conv3.cpp:74]   --->   Operation 342 'getelementptr' 'p_ZZ5conv3PA255_A255_fPA32_A5_A5_fPfS1_E7in_tile_3_0_0_addr_11' <Predicate = true> <Delay = 0.00>
ST_11 : Operation 343 [1/1] (0.00ns)   --->   "%p_ZZ5conv3PA255_A255_fPA32_A5_A5_fPfS1_E7in_tile_3_0_0_addr_16 = getelementptr i32 %p_ZZ5conv3PA255_A255_fPA32_A5_A5_fPfS1_E7in_tile_3_0_0, i64 0, i64 %p_cast67" [src/conv3.cpp:74]   --->   Operation 343 'getelementptr' 'p_ZZ5conv3PA255_A255_fPA32_A5_A5_fPfS1_E7in_tile_3_0_0_addr_16' <Predicate = true> <Delay = 0.00>
ST_11 : Operation 344 [1/1] (0.00ns)   --->   "%p_ZZ5conv3PA255_A255_fPA32_A5_A5_fPfS1_E7in_tile_3_0_0_addr_21 = getelementptr i32 %p_ZZ5conv3PA255_A255_fPA32_A5_A5_fPfS1_E7in_tile_3_0_0, i64 0, i64 %p_cast68" [src/conv3.cpp:74]   --->   Operation 344 'getelementptr' 'p_ZZ5conv3PA255_A255_fPA32_A5_A5_fPfS1_E7in_tile_3_0_0_addr_21' <Predicate = true> <Delay = 0.00>
ST_11 : Operation 345 [1/1] (0.00ns)   --->   "%p_ZZ5conv3PA255_A255_fPA32_A5_A5_fPfS1_E7in_tile_3_1_0_addr_1 = getelementptr i32 %p_ZZ5conv3PA255_A255_fPA32_A5_A5_fPfS1_E7in_tile_3_1_0, i64 0, i64 %p_cast64" [src/conv3.cpp:74]   --->   Operation 345 'getelementptr' 'p_ZZ5conv3PA255_A255_fPA32_A5_A5_fPfS1_E7in_tile_3_1_0_addr_1' <Predicate = true> <Delay = 0.00>
ST_11 : Operation 346 [1/1] (0.00ns)   --->   "%p_ZZ5conv3PA255_A255_fPA32_A5_A5_fPfS1_E7in_tile_3_1_0_addr_6 = getelementptr i32 %p_ZZ5conv3PA255_A255_fPA32_A5_A5_fPfS1_E7in_tile_3_1_0, i64 0, i64 %p_cast65" [src/conv3.cpp:74]   --->   Operation 346 'getelementptr' 'p_ZZ5conv3PA255_A255_fPA32_A5_A5_fPfS1_E7in_tile_3_1_0_addr_6' <Predicate = true> <Delay = 0.00>
ST_11 : Operation 347 [1/1] (0.00ns)   --->   "%p_ZZ5conv3PA255_A255_fPA32_A5_A5_fPfS1_E7in_tile_3_1_0_addr_11 = getelementptr i32 %p_ZZ5conv3PA255_A255_fPA32_A5_A5_fPfS1_E7in_tile_3_1_0, i64 0, i64 %p_cast66" [src/conv3.cpp:74]   --->   Operation 347 'getelementptr' 'p_ZZ5conv3PA255_A255_fPA32_A5_A5_fPfS1_E7in_tile_3_1_0_addr_11' <Predicate = true> <Delay = 0.00>
ST_11 : Operation 348 [1/1] (0.00ns)   --->   "%p_ZZ5conv3PA255_A255_fPA32_A5_A5_fPfS1_E7in_tile_3_1_0_addr_16 = getelementptr i32 %p_ZZ5conv3PA255_A255_fPA32_A5_A5_fPfS1_E7in_tile_3_1_0, i64 0, i64 %p_cast67" [src/conv3.cpp:74]   --->   Operation 348 'getelementptr' 'p_ZZ5conv3PA255_A255_fPA32_A5_A5_fPfS1_E7in_tile_3_1_0_addr_16' <Predicate = true> <Delay = 0.00>
ST_11 : Operation 349 [1/1] (0.00ns)   --->   "%p_ZZ5conv3PA255_A255_fPA32_A5_A5_fPfS1_E7in_tile_3_1_0_addr_21 = getelementptr i32 %p_ZZ5conv3PA255_A255_fPA32_A5_A5_fPfS1_E7in_tile_3_1_0, i64 0, i64 %p_cast68" [src/conv3.cpp:74]   --->   Operation 349 'getelementptr' 'p_ZZ5conv3PA255_A255_fPA32_A5_A5_fPfS1_E7in_tile_3_1_0_addr_21' <Predicate = true> <Delay = 0.00>
ST_11 : Operation 350 [1/1] (0.00ns)   --->   "%p_ZZ5conv3PA255_A255_fPA32_A5_A5_fPfS1_E7in_tile_3_2_0_addr_1 = getelementptr i32 %p_ZZ5conv3PA255_A255_fPA32_A5_A5_fPfS1_E7in_tile_3_2_0, i64 0, i64 %p_cast64" [src/conv3.cpp:74]   --->   Operation 350 'getelementptr' 'p_ZZ5conv3PA255_A255_fPA32_A5_A5_fPfS1_E7in_tile_3_2_0_addr_1' <Predicate = true> <Delay = 0.00>
ST_11 : Operation 351 [1/1] (0.00ns)   --->   "%p_ZZ5conv3PA255_A255_fPA32_A5_A5_fPfS1_E7in_tile_3_2_0_addr_6 = getelementptr i32 %p_ZZ5conv3PA255_A255_fPA32_A5_A5_fPfS1_E7in_tile_3_2_0, i64 0, i64 %p_cast65" [src/conv3.cpp:74]   --->   Operation 351 'getelementptr' 'p_ZZ5conv3PA255_A255_fPA32_A5_A5_fPfS1_E7in_tile_3_2_0_addr_6' <Predicate = true> <Delay = 0.00>
ST_11 : Operation 352 [1/1] (0.00ns)   --->   "%p_ZZ5conv3PA255_A255_fPA32_A5_A5_fPfS1_E7in_tile_3_2_0_addr_11 = getelementptr i32 %p_ZZ5conv3PA255_A255_fPA32_A5_A5_fPfS1_E7in_tile_3_2_0, i64 0, i64 %p_cast66" [src/conv3.cpp:74]   --->   Operation 352 'getelementptr' 'p_ZZ5conv3PA255_A255_fPA32_A5_A5_fPfS1_E7in_tile_3_2_0_addr_11' <Predicate = true> <Delay = 0.00>
ST_11 : Operation 353 [1/1] (0.00ns)   --->   "%p_ZZ5conv3PA255_A255_fPA32_A5_A5_fPfS1_E7in_tile_3_2_0_addr_16 = getelementptr i32 %p_ZZ5conv3PA255_A255_fPA32_A5_A5_fPfS1_E7in_tile_3_2_0, i64 0, i64 %p_cast67" [src/conv3.cpp:74]   --->   Operation 353 'getelementptr' 'p_ZZ5conv3PA255_A255_fPA32_A5_A5_fPfS1_E7in_tile_3_2_0_addr_16' <Predicate = true> <Delay = 0.00>
ST_11 : Operation 354 [1/1] (0.00ns)   --->   "%p_ZZ5conv3PA255_A255_fPA32_A5_A5_fPfS1_E7in_tile_3_2_0_addr_21 = getelementptr i32 %p_ZZ5conv3PA255_A255_fPA32_A5_A5_fPfS1_E7in_tile_3_2_0, i64 0, i64 %p_cast68" [src/conv3.cpp:74]   --->   Operation 354 'getelementptr' 'p_ZZ5conv3PA255_A255_fPA32_A5_A5_fPfS1_E7in_tile_3_2_0_addr_21' <Predicate = true> <Delay = 0.00>
ST_11 : Operation 355 [1/1] (0.00ns)   --->   "%p_ZZ5conv3PA255_A255_fPA32_A5_A5_fPfS1_E7in_tile_3_3_0_addr_1 = getelementptr i32 %p_ZZ5conv3PA255_A255_fPA32_A5_A5_fPfS1_E7in_tile_3_3_0, i64 0, i64 %p_cast64" [src/conv3.cpp:74]   --->   Operation 355 'getelementptr' 'p_ZZ5conv3PA255_A255_fPA32_A5_A5_fPfS1_E7in_tile_3_3_0_addr_1' <Predicate = true> <Delay = 0.00>
ST_11 : Operation 356 [1/1] (0.00ns)   --->   "%p_ZZ5conv3PA255_A255_fPA32_A5_A5_fPfS1_E7in_tile_3_3_0_addr_6 = getelementptr i32 %p_ZZ5conv3PA255_A255_fPA32_A5_A5_fPfS1_E7in_tile_3_3_0, i64 0, i64 %p_cast65" [src/conv3.cpp:74]   --->   Operation 356 'getelementptr' 'p_ZZ5conv3PA255_A255_fPA32_A5_A5_fPfS1_E7in_tile_3_3_0_addr_6' <Predicate = true> <Delay = 0.00>
ST_11 : Operation 357 [1/1] (0.00ns)   --->   "%p_ZZ5conv3PA255_A255_fPA32_A5_A5_fPfS1_E7in_tile_3_3_0_addr_11 = getelementptr i32 %p_ZZ5conv3PA255_A255_fPA32_A5_A5_fPfS1_E7in_tile_3_3_0, i64 0, i64 %p_cast66" [src/conv3.cpp:74]   --->   Operation 357 'getelementptr' 'p_ZZ5conv3PA255_A255_fPA32_A5_A5_fPfS1_E7in_tile_3_3_0_addr_11' <Predicate = true> <Delay = 0.00>
ST_11 : Operation 358 [1/1] (0.00ns)   --->   "%p_ZZ5conv3PA255_A255_fPA32_A5_A5_fPfS1_E7in_tile_3_3_0_addr_16 = getelementptr i32 %p_ZZ5conv3PA255_A255_fPA32_A5_A5_fPfS1_E7in_tile_3_3_0, i64 0, i64 %p_cast67" [src/conv3.cpp:74]   --->   Operation 358 'getelementptr' 'p_ZZ5conv3PA255_A255_fPA32_A5_A5_fPfS1_E7in_tile_3_3_0_addr_16' <Predicate = true> <Delay = 0.00>
ST_11 : Operation 359 [1/1] (0.00ns)   --->   "%p_ZZ5conv3PA255_A255_fPA32_A5_A5_fPfS1_E7in_tile_3_3_0_addr_21 = getelementptr i32 %p_ZZ5conv3PA255_A255_fPA32_A5_A5_fPfS1_E7in_tile_3_3_0, i64 0, i64 %p_cast68" [src/conv3.cpp:74]   --->   Operation 359 'getelementptr' 'p_ZZ5conv3PA255_A255_fPA32_A5_A5_fPfS1_E7in_tile_3_3_0_addr_21' <Predicate = true> <Delay = 0.00>
ST_11 : Operation 360 [1/1] (0.00ns)   --->   "%p_ZZ5conv3PA255_A255_fPA32_A5_A5_fPfS1_E7in_tile_3_4_0_addr_1 = getelementptr i32 %p_ZZ5conv3PA255_A255_fPA32_A5_A5_fPfS1_E7in_tile_3_4_0, i64 0, i64 %p_cast64" [src/conv3.cpp:74]   --->   Operation 360 'getelementptr' 'p_ZZ5conv3PA255_A255_fPA32_A5_A5_fPfS1_E7in_tile_3_4_0_addr_1' <Predicate = true> <Delay = 0.00>
ST_11 : Operation 361 [1/1] (0.00ns)   --->   "%p_ZZ5conv3PA255_A255_fPA32_A5_A5_fPfS1_E7in_tile_3_4_0_addr_6 = getelementptr i32 %p_ZZ5conv3PA255_A255_fPA32_A5_A5_fPfS1_E7in_tile_3_4_0, i64 0, i64 %p_cast65" [src/conv3.cpp:74]   --->   Operation 361 'getelementptr' 'p_ZZ5conv3PA255_A255_fPA32_A5_A5_fPfS1_E7in_tile_3_4_0_addr_6' <Predicate = true> <Delay = 0.00>
ST_11 : Operation 362 [1/1] (0.00ns)   --->   "%p_ZZ5conv3PA255_A255_fPA32_A5_A5_fPfS1_E7in_tile_3_4_0_addr_11 = getelementptr i32 %p_ZZ5conv3PA255_A255_fPA32_A5_A5_fPfS1_E7in_tile_3_4_0, i64 0, i64 %p_cast66" [src/conv3.cpp:74]   --->   Operation 362 'getelementptr' 'p_ZZ5conv3PA255_A255_fPA32_A5_A5_fPfS1_E7in_tile_3_4_0_addr_11' <Predicate = true> <Delay = 0.00>
ST_11 : Operation 363 [1/1] (0.00ns)   --->   "%p_ZZ5conv3PA255_A255_fPA32_A5_A5_fPfS1_E7in_tile_3_4_0_addr_16 = getelementptr i32 %p_ZZ5conv3PA255_A255_fPA32_A5_A5_fPfS1_E7in_tile_3_4_0, i64 0, i64 %p_cast67" [src/conv3.cpp:74]   --->   Operation 363 'getelementptr' 'p_ZZ5conv3PA255_A255_fPA32_A5_A5_fPfS1_E7in_tile_3_4_0_addr_16' <Predicate = true> <Delay = 0.00>
ST_11 : Operation 364 [1/1] (0.00ns)   --->   "%p_ZZ5conv3PA255_A255_fPA32_A5_A5_fPfS1_E7in_tile_3_4_0_addr_21 = getelementptr i32 %p_ZZ5conv3PA255_A255_fPA32_A5_A5_fPfS1_E7in_tile_3_4_0, i64 0, i64 %p_cast68" [src/conv3.cpp:74]   --->   Operation 364 'getelementptr' 'p_ZZ5conv3PA255_A255_fPA32_A5_A5_fPfS1_E7in_tile_3_4_0_addr_21' <Predicate = true> <Delay = 0.00>
ST_11 : Operation 365 [1/1] (0.00ns)   --->   "%p_ZZ5conv3PA255_A255_fPA32_A5_A5_fPfS1_E7in_tile_4_0_0_addr_1 = getelementptr i32 %p_ZZ5conv3PA255_A255_fPA32_A5_A5_fPfS1_E7in_tile_4_0_0, i64 0, i64 %p_cast64" [src/conv3.cpp:74]   --->   Operation 365 'getelementptr' 'p_ZZ5conv3PA255_A255_fPA32_A5_A5_fPfS1_E7in_tile_4_0_0_addr_1' <Predicate = true> <Delay = 0.00>
ST_11 : Operation 366 [1/1] (0.00ns)   --->   "%p_ZZ5conv3PA255_A255_fPA32_A5_A5_fPfS1_E7in_tile_4_0_0_addr_6 = getelementptr i32 %p_ZZ5conv3PA255_A255_fPA32_A5_A5_fPfS1_E7in_tile_4_0_0, i64 0, i64 %p_cast65" [src/conv3.cpp:74]   --->   Operation 366 'getelementptr' 'p_ZZ5conv3PA255_A255_fPA32_A5_A5_fPfS1_E7in_tile_4_0_0_addr_6' <Predicate = true> <Delay = 0.00>
ST_11 : Operation 367 [1/1] (0.00ns)   --->   "%p_ZZ5conv3PA255_A255_fPA32_A5_A5_fPfS1_E7in_tile_4_0_0_addr_11 = getelementptr i32 %p_ZZ5conv3PA255_A255_fPA32_A5_A5_fPfS1_E7in_tile_4_0_0, i64 0, i64 %p_cast66" [src/conv3.cpp:74]   --->   Operation 367 'getelementptr' 'p_ZZ5conv3PA255_A255_fPA32_A5_A5_fPfS1_E7in_tile_4_0_0_addr_11' <Predicate = true> <Delay = 0.00>
ST_11 : Operation 368 [1/1] (0.00ns)   --->   "%p_ZZ5conv3PA255_A255_fPA32_A5_A5_fPfS1_E7in_tile_4_0_0_addr_16 = getelementptr i32 %p_ZZ5conv3PA255_A255_fPA32_A5_A5_fPfS1_E7in_tile_4_0_0, i64 0, i64 %p_cast67" [src/conv3.cpp:74]   --->   Operation 368 'getelementptr' 'p_ZZ5conv3PA255_A255_fPA32_A5_A5_fPfS1_E7in_tile_4_0_0_addr_16' <Predicate = true> <Delay = 0.00>
ST_11 : Operation 369 [1/1] (0.00ns)   --->   "%p_ZZ5conv3PA255_A255_fPA32_A5_A5_fPfS1_E7in_tile_4_0_0_addr_21 = getelementptr i32 %p_ZZ5conv3PA255_A255_fPA32_A5_A5_fPfS1_E7in_tile_4_0_0, i64 0, i64 %p_cast68" [src/conv3.cpp:74]   --->   Operation 369 'getelementptr' 'p_ZZ5conv3PA255_A255_fPA32_A5_A5_fPfS1_E7in_tile_4_0_0_addr_21' <Predicate = true> <Delay = 0.00>
ST_11 : Operation 370 [1/1] (0.00ns)   --->   "%p_ZZ5conv3PA255_A255_fPA32_A5_A5_fPfS1_E7in_tile_4_1_0_addr_1 = getelementptr i32 %p_ZZ5conv3PA255_A255_fPA32_A5_A5_fPfS1_E7in_tile_4_1_0, i64 0, i64 %p_cast64" [src/conv3.cpp:74]   --->   Operation 370 'getelementptr' 'p_ZZ5conv3PA255_A255_fPA32_A5_A5_fPfS1_E7in_tile_4_1_0_addr_1' <Predicate = true> <Delay = 0.00>
ST_11 : Operation 371 [1/1] (0.00ns)   --->   "%p_ZZ5conv3PA255_A255_fPA32_A5_A5_fPfS1_E7in_tile_4_1_0_addr_6 = getelementptr i32 %p_ZZ5conv3PA255_A255_fPA32_A5_A5_fPfS1_E7in_tile_4_1_0, i64 0, i64 %p_cast65" [src/conv3.cpp:74]   --->   Operation 371 'getelementptr' 'p_ZZ5conv3PA255_A255_fPA32_A5_A5_fPfS1_E7in_tile_4_1_0_addr_6' <Predicate = true> <Delay = 0.00>
ST_11 : Operation 372 [1/1] (0.00ns)   --->   "%p_ZZ5conv3PA255_A255_fPA32_A5_A5_fPfS1_E7in_tile_4_1_0_addr_11 = getelementptr i32 %p_ZZ5conv3PA255_A255_fPA32_A5_A5_fPfS1_E7in_tile_4_1_0, i64 0, i64 %p_cast66" [src/conv3.cpp:74]   --->   Operation 372 'getelementptr' 'p_ZZ5conv3PA255_A255_fPA32_A5_A5_fPfS1_E7in_tile_4_1_0_addr_11' <Predicate = true> <Delay = 0.00>
ST_11 : Operation 373 [1/1] (0.00ns)   --->   "%p_ZZ5conv3PA255_A255_fPA32_A5_A5_fPfS1_E7in_tile_4_1_0_addr_16 = getelementptr i32 %p_ZZ5conv3PA255_A255_fPA32_A5_A5_fPfS1_E7in_tile_4_1_0, i64 0, i64 %p_cast67" [src/conv3.cpp:74]   --->   Operation 373 'getelementptr' 'p_ZZ5conv3PA255_A255_fPA32_A5_A5_fPfS1_E7in_tile_4_1_0_addr_16' <Predicate = true> <Delay = 0.00>
ST_11 : Operation 374 [1/1] (0.00ns)   --->   "%p_ZZ5conv3PA255_A255_fPA32_A5_A5_fPfS1_E7in_tile_4_1_0_addr_21 = getelementptr i32 %p_ZZ5conv3PA255_A255_fPA32_A5_A5_fPfS1_E7in_tile_4_1_0, i64 0, i64 %p_cast68" [src/conv3.cpp:74]   --->   Operation 374 'getelementptr' 'p_ZZ5conv3PA255_A255_fPA32_A5_A5_fPfS1_E7in_tile_4_1_0_addr_21' <Predicate = true> <Delay = 0.00>
ST_11 : Operation 375 [1/1] (0.00ns)   --->   "%p_ZZ5conv3PA255_A255_fPA32_A5_A5_fPfS1_E7in_tile_4_2_0_addr_1 = getelementptr i32 %p_ZZ5conv3PA255_A255_fPA32_A5_A5_fPfS1_E7in_tile_4_2_0, i64 0, i64 %p_cast64" [src/conv3.cpp:74]   --->   Operation 375 'getelementptr' 'p_ZZ5conv3PA255_A255_fPA32_A5_A5_fPfS1_E7in_tile_4_2_0_addr_1' <Predicate = true> <Delay = 0.00>
ST_11 : Operation 376 [1/1] (0.00ns)   --->   "%p_ZZ5conv3PA255_A255_fPA32_A5_A5_fPfS1_E7in_tile_4_2_0_addr_6 = getelementptr i32 %p_ZZ5conv3PA255_A255_fPA32_A5_A5_fPfS1_E7in_tile_4_2_0, i64 0, i64 %p_cast65" [src/conv3.cpp:74]   --->   Operation 376 'getelementptr' 'p_ZZ5conv3PA255_A255_fPA32_A5_A5_fPfS1_E7in_tile_4_2_0_addr_6' <Predicate = true> <Delay = 0.00>
ST_11 : Operation 377 [1/1] (0.00ns)   --->   "%p_ZZ5conv3PA255_A255_fPA32_A5_A5_fPfS1_E7in_tile_4_2_0_addr_11 = getelementptr i32 %p_ZZ5conv3PA255_A255_fPA32_A5_A5_fPfS1_E7in_tile_4_2_0, i64 0, i64 %p_cast66" [src/conv3.cpp:74]   --->   Operation 377 'getelementptr' 'p_ZZ5conv3PA255_A255_fPA32_A5_A5_fPfS1_E7in_tile_4_2_0_addr_11' <Predicate = true> <Delay = 0.00>
ST_11 : Operation 378 [1/1] (0.00ns)   --->   "%p_ZZ5conv3PA255_A255_fPA32_A5_A5_fPfS1_E7in_tile_4_2_0_addr_16 = getelementptr i32 %p_ZZ5conv3PA255_A255_fPA32_A5_A5_fPfS1_E7in_tile_4_2_0, i64 0, i64 %p_cast67" [src/conv3.cpp:74]   --->   Operation 378 'getelementptr' 'p_ZZ5conv3PA255_A255_fPA32_A5_A5_fPfS1_E7in_tile_4_2_0_addr_16' <Predicate = true> <Delay = 0.00>
ST_11 : Operation 379 [1/1] (0.00ns)   --->   "%p_ZZ5conv3PA255_A255_fPA32_A5_A5_fPfS1_E7in_tile_4_2_0_addr_21 = getelementptr i32 %p_ZZ5conv3PA255_A255_fPA32_A5_A5_fPfS1_E7in_tile_4_2_0, i64 0, i64 %p_cast68" [src/conv3.cpp:74]   --->   Operation 379 'getelementptr' 'p_ZZ5conv3PA255_A255_fPA32_A5_A5_fPfS1_E7in_tile_4_2_0_addr_21' <Predicate = true> <Delay = 0.00>
ST_11 : Operation 380 [1/1] (0.00ns)   --->   "%p_ZZ5conv3PA255_A255_fPA32_A5_A5_fPfS1_E7in_tile_4_3_0_addr_1 = getelementptr i32 %p_ZZ5conv3PA255_A255_fPA32_A5_A5_fPfS1_E7in_tile_4_3_0, i64 0, i64 %p_cast64" [src/conv3.cpp:74]   --->   Operation 380 'getelementptr' 'p_ZZ5conv3PA255_A255_fPA32_A5_A5_fPfS1_E7in_tile_4_3_0_addr_1' <Predicate = true> <Delay = 0.00>
ST_11 : Operation 381 [1/1] (0.00ns)   --->   "%p_ZZ5conv3PA255_A255_fPA32_A5_A5_fPfS1_E7in_tile_4_3_0_addr_6 = getelementptr i32 %p_ZZ5conv3PA255_A255_fPA32_A5_A5_fPfS1_E7in_tile_4_3_0, i64 0, i64 %p_cast65" [src/conv3.cpp:74]   --->   Operation 381 'getelementptr' 'p_ZZ5conv3PA255_A255_fPA32_A5_A5_fPfS1_E7in_tile_4_3_0_addr_6' <Predicate = true> <Delay = 0.00>
ST_11 : Operation 382 [1/1] (0.00ns)   --->   "%p_ZZ5conv3PA255_A255_fPA32_A5_A5_fPfS1_E7in_tile_4_3_0_addr_11 = getelementptr i32 %p_ZZ5conv3PA255_A255_fPA32_A5_A5_fPfS1_E7in_tile_4_3_0, i64 0, i64 %p_cast66" [src/conv3.cpp:74]   --->   Operation 382 'getelementptr' 'p_ZZ5conv3PA255_A255_fPA32_A5_A5_fPfS1_E7in_tile_4_3_0_addr_11' <Predicate = true> <Delay = 0.00>
ST_11 : Operation 383 [1/1] (0.00ns)   --->   "%p_ZZ5conv3PA255_A255_fPA32_A5_A5_fPfS1_E7in_tile_4_3_0_addr_16 = getelementptr i32 %p_ZZ5conv3PA255_A255_fPA32_A5_A5_fPfS1_E7in_tile_4_3_0, i64 0, i64 %p_cast67" [src/conv3.cpp:74]   --->   Operation 383 'getelementptr' 'p_ZZ5conv3PA255_A255_fPA32_A5_A5_fPfS1_E7in_tile_4_3_0_addr_16' <Predicate = true> <Delay = 0.00>
ST_11 : Operation 384 [1/1] (0.00ns)   --->   "%p_ZZ5conv3PA255_A255_fPA32_A5_A5_fPfS1_E7in_tile_4_3_0_addr_21 = getelementptr i32 %p_ZZ5conv3PA255_A255_fPA32_A5_A5_fPfS1_E7in_tile_4_3_0, i64 0, i64 %p_cast68" [src/conv3.cpp:74]   --->   Operation 384 'getelementptr' 'p_ZZ5conv3PA255_A255_fPA32_A5_A5_fPfS1_E7in_tile_4_3_0_addr_21' <Predicate = true> <Delay = 0.00>
ST_11 : Operation 385 [1/1] (0.00ns)   --->   "%p_ZZ5conv3PA255_A255_fPA32_A5_A5_fPfS1_E7in_tile_4_4_0_addr_1 = getelementptr i32 %p_ZZ5conv3PA255_A255_fPA32_A5_A5_fPfS1_E7in_tile_4_4_0, i64 0, i64 %p_cast64" [src/conv3.cpp:74]   --->   Operation 385 'getelementptr' 'p_ZZ5conv3PA255_A255_fPA32_A5_A5_fPfS1_E7in_tile_4_4_0_addr_1' <Predicate = true> <Delay = 0.00>
ST_11 : Operation 386 [1/1] (0.00ns)   --->   "%p_ZZ5conv3PA255_A255_fPA32_A5_A5_fPfS1_E7in_tile_4_4_0_addr_6 = getelementptr i32 %p_ZZ5conv3PA255_A255_fPA32_A5_A5_fPfS1_E7in_tile_4_4_0, i64 0, i64 %p_cast65" [src/conv3.cpp:74]   --->   Operation 386 'getelementptr' 'p_ZZ5conv3PA255_A255_fPA32_A5_A5_fPfS1_E7in_tile_4_4_0_addr_6' <Predicate = true> <Delay = 0.00>
ST_11 : Operation 387 [1/1] (0.00ns)   --->   "%p_ZZ5conv3PA255_A255_fPA32_A5_A5_fPfS1_E7in_tile_4_4_0_addr_11 = getelementptr i32 %p_ZZ5conv3PA255_A255_fPA32_A5_A5_fPfS1_E7in_tile_4_4_0, i64 0, i64 %p_cast66" [src/conv3.cpp:74]   --->   Operation 387 'getelementptr' 'p_ZZ5conv3PA255_A255_fPA32_A5_A5_fPfS1_E7in_tile_4_4_0_addr_11' <Predicate = true> <Delay = 0.00>
ST_11 : Operation 388 [1/1] (0.00ns)   --->   "%p_ZZ5conv3PA255_A255_fPA32_A5_A5_fPfS1_E7in_tile_4_4_0_addr_16 = getelementptr i32 %p_ZZ5conv3PA255_A255_fPA32_A5_A5_fPfS1_E7in_tile_4_4_0, i64 0, i64 %p_cast67" [src/conv3.cpp:74]   --->   Operation 388 'getelementptr' 'p_ZZ5conv3PA255_A255_fPA32_A5_A5_fPfS1_E7in_tile_4_4_0_addr_16' <Predicate = true> <Delay = 0.00>
ST_11 : Operation 389 [1/1] (0.00ns)   --->   "%p_ZZ5conv3PA255_A255_fPA32_A5_A5_fPfS1_E7in_tile_4_4_0_addr_21 = getelementptr i32 %p_ZZ5conv3PA255_A255_fPA32_A5_A5_fPfS1_E7in_tile_4_4_0, i64 0, i64 %p_cast68" [src/conv3.cpp:74]   --->   Operation 389 'getelementptr' 'p_ZZ5conv3PA255_A255_fPA32_A5_A5_fPfS1_E7in_tile_4_4_0_addr_21' <Predicate = true> <Delay = 0.00>
ST_11 : Operation 390 [1/1] (0.00ns)   --->   "%br_ln76 = br i1 %and_ln76, void %for.inc64, void %VITIS_LOOP_77_3" [src/conv3.cpp:76]   --->   Operation 390 'br' 'br_ln76' <Predicate = true> <Delay = 0.00>
ST_11 : Operation 391 [2/2] (1.23ns)   --->   "%p_ZZ5conv3PA255_A255_fPA32_A5_A5_fPfS1_E7in_tile_0_0_0_load = load i6 %p_ZZ5conv3PA255_A255_fPA32_A5_A5_fPfS1_E7in_tile_0_0_0_addr" [src/conv3.cpp:86]   --->   Operation 391 'load' 'p_ZZ5conv3PA255_A255_fPA32_A5_A5_fPfS1_E7in_tile_0_0_0_load' <Predicate = (and_ln76)> <Delay = 1.23> <CoreInst = "RAM">   --->   Core 83 'RAM' <Latency = 1> <II = 1> <Delay = 1.23> <Storage> <Opcode : 'load' 'store'> <Ports = 2> <Width = 32> <Depth = 64> <RAM>
ST_11 : Operation 392 [2/2] (1.23ns)   --->   "%p_ZZ5conv3PA255_A255_fPA32_A5_A5_fPfS1_E7in_tile_0_1_0_load = load i6 %p_ZZ5conv3PA255_A255_fPA32_A5_A5_fPfS1_E7in_tile_0_1_0_addr" [src/conv3.cpp:86]   --->   Operation 392 'load' 'p_ZZ5conv3PA255_A255_fPA32_A5_A5_fPfS1_E7in_tile_0_1_0_load' <Predicate = (and_ln76)> <Delay = 1.23> <CoreInst = "RAM">   --->   Core 83 'RAM' <Latency = 1> <II = 1> <Delay = 1.23> <Storage> <Opcode : 'load' 'store'> <Ports = 2> <Width = 32> <Depth = 64> <RAM>
ST_11 : Operation 393 [2/2] (1.23ns)   --->   "%p_ZZ5conv3PA255_A255_fPA32_A5_A5_fPfS1_E7in_tile_0_2_0_load = load i6 %p_ZZ5conv3PA255_A255_fPA32_A5_A5_fPfS1_E7in_tile_0_2_0_addr" [src/conv3.cpp:86]   --->   Operation 393 'load' 'p_ZZ5conv3PA255_A255_fPA32_A5_A5_fPfS1_E7in_tile_0_2_0_load' <Predicate = (and_ln76)> <Delay = 1.23> <CoreInst = "RAM">   --->   Core 83 'RAM' <Latency = 1> <II = 1> <Delay = 1.23> <Storage> <Opcode : 'load' 'store'> <Ports = 2> <Width = 32> <Depth = 64> <RAM>
ST_11 : Operation 394 [2/2] (1.23ns)   --->   "%p_ZZ5conv3PA255_A255_fPA32_A5_A5_fPfS1_E7in_tile_0_3_0_load = load i6 %p_ZZ5conv3PA255_A255_fPA32_A5_A5_fPfS1_E7in_tile_0_3_0_addr" [src/conv3.cpp:86]   --->   Operation 394 'load' 'p_ZZ5conv3PA255_A255_fPA32_A5_A5_fPfS1_E7in_tile_0_3_0_load' <Predicate = (and_ln76)> <Delay = 1.23> <CoreInst = "RAM">   --->   Core 83 'RAM' <Latency = 1> <II = 1> <Delay = 1.23> <Storage> <Opcode : 'load' 'store'> <Ports = 2> <Width = 32> <Depth = 64> <RAM>
ST_11 : Operation 395 [2/2] (1.23ns)   --->   "%p_ZZ5conv3PA255_A255_fPA32_A5_A5_fPfS1_E7in_tile_0_4_0_load = load i6 %p_ZZ5conv3PA255_A255_fPA32_A5_A5_fPfS1_E7in_tile_0_4_0_addr" [src/conv3.cpp:86]   --->   Operation 395 'load' 'p_ZZ5conv3PA255_A255_fPA32_A5_A5_fPfS1_E7in_tile_0_4_0_load' <Predicate = (and_ln76)> <Delay = 1.23> <CoreInst = "RAM">   --->   Core 83 'RAM' <Latency = 1> <II = 1> <Delay = 1.23> <Storage> <Opcode : 'load' 'store'> <Ports = 2> <Width = 32> <Depth = 64> <RAM>
ST_11 : Operation 396 [2/2] (1.23ns)   --->   "%p_ZZ5conv3PA255_A255_fPA32_A5_A5_fPfS1_E7in_tile_1_0_0_load = load i6 %p_ZZ5conv3PA255_A255_fPA32_A5_A5_fPfS1_E7in_tile_1_0_0_addr" [src/conv3.cpp:86]   --->   Operation 396 'load' 'p_ZZ5conv3PA255_A255_fPA32_A5_A5_fPfS1_E7in_tile_1_0_0_load' <Predicate = (and_ln76)> <Delay = 1.23> <CoreInst = "RAM">   --->   Core 83 'RAM' <Latency = 1> <II = 1> <Delay = 1.23> <Storage> <Opcode : 'load' 'store'> <Ports = 2> <Width = 32> <Depth = 64> <RAM>
ST_11 : Operation 397 [2/2] (1.23ns)   --->   "%p_ZZ5conv3PA255_A255_fPA32_A5_A5_fPfS1_E7in_tile_1_1_0_load = load i6 %p_ZZ5conv3PA255_A255_fPA32_A5_A5_fPfS1_E7in_tile_1_1_0_addr" [src/conv3.cpp:86]   --->   Operation 397 'load' 'p_ZZ5conv3PA255_A255_fPA32_A5_A5_fPfS1_E7in_tile_1_1_0_load' <Predicate = (and_ln76)> <Delay = 1.23> <CoreInst = "RAM">   --->   Core 83 'RAM' <Latency = 1> <II = 1> <Delay = 1.23> <Storage> <Opcode : 'load' 'store'> <Ports = 2> <Width = 32> <Depth = 64> <RAM>
ST_11 : Operation 398 [2/2] (1.23ns)   --->   "%p_ZZ5conv3PA255_A255_fPA32_A5_A5_fPfS1_E7in_tile_1_2_0_load = load i6 %p_ZZ5conv3PA255_A255_fPA32_A5_A5_fPfS1_E7in_tile_1_2_0_addr" [src/conv3.cpp:86]   --->   Operation 398 'load' 'p_ZZ5conv3PA255_A255_fPA32_A5_A5_fPfS1_E7in_tile_1_2_0_load' <Predicate = (and_ln76)> <Delay = 1.23> <CoreInst = "RAM">   --->   Core 83 'RAM' <Latency = 1> <II = 1> <Delay = 1.23> <Storage> <Opcode : 'load' 'store'> <Ports = 2> <Width = 32> <Depth = 64> <RAM>
ST_11 : Operation 399 [2/2] (1.23ns)   --->   "%p_ZZ5conv3PA255_A255_fPA32_A5_A5_fPfS1_E7in_tile_1_3_0_load = load i6 %p_ZZ5conv3PA255_A255_fPA32_A5_A5_fPfS1_E7in_tile_1_3_0_addr" [src/conv3.cpp:86]   --->   Operation 399 'load' 'p_ZZ5conv3PA255_A255_fPA32_A5_A5_fPfS1_E7in_tile_1_3_0_load' <Predicate = (and_ln76)> <Delay = 1.23> <CoreInst = "RAM">   --->   Core 83 'RAM' <Latency = 1> <II = 1> <Delay = 1.23> <Storage> <Opcode : 'load' 'store'> <Ports = 2> <Width = 32> <Depth = 64> <RAM>
ST_11 : Operation 400 [2/2] (1.23ns)   --->   "%p_ZZ5conv3PA255_A255_fPA32_A5_A5_fPfS1_E7in_tile_1_4_0_load = load i6 %p_ZZ5conv3PA255_A255_fPA32_A5_A5_fPfS1_E7in_tile_1_4_0_addr" [src/conv3.cpp:86]   --->   Operation 400 'load' 'p_ZZ5conv3PA255_A255_fPA32_A5_A5_fPfS1_E7in_tile_1_4_0_load' <Predicate = (and_ln76)> <Delay = 1.23> <CoreInst = "RAM">   --->   Core 83 'RAM' <Latency = 1> <II = 1> <Delay = 1.23> <Storage> <Opcode : 'load' 'store'> <Ports = 2> <Width = 32> <Depth = 64> <RAM>
ST_11 : Operation 401 [2/2] (1.23ns)   --->   "%p_ZZ5conv3PA255_A255_fPA32_A5_A5_fPfS1_E7in_tile_2_0_0_load = load i6 %p_ZZ5conv3PA255_A255_fPA32_A5_A5_fPfS1_E7in_tile_2_0_0_addr" [src/conv3.cpp:86]   --->   Operation 401 'load' 'p_ZZ5conv3PA255_A255_fPA32_A5_A5_fPfS1_E7in_tile_2_0_0_load' <Predicate = (and_ln76)> <Delay = 1.23> <CoreInst = "RAM">   --->   Core 83 'RAM' <Latency = 1> <II = 1> <Delay = 1.23> <Storage> <Opcode : 'load' 'store'> <Ports = 2> <Width = 32> <Depth = 64> <RAM>
ST_11 : Operation 402 [2/2] (1.23ns)   --->   "%p_ZZ5conv3PA255_A255_fPA32_A5_A5_fPfS1_E7in_tile_2_1_0_load = load i6 %p_ZZ5conv3PA255_A255_fPA32_A5_A5_fPfS1_E7in_tile_2_1_0_addr" [src/conv3.cpp:86]   --->   Operation 402 'load' 'p_ZZ5conv3PA255_A255_fPA32_A5_A5_fPfS1_E7in_tile_2_1_0_load' <Predicate = (and_ln76)> <Delay = 1.23> <CoreInst = "RAM">   --->   Core 83 'RAM' <Latency = 1> <II = 1> <Delay = 1.23> <Storage> <Opcode : 'load' 'store'> <Ports = 2> <Width = 32> <Depth = 64> <RAM>
ST_11 : Operation 403 [2/2] (1.23ns)   --->   "%p_ZZ5conv3PA255_A255_fPA32_A5_A5_fPfS1_E7in_tile_2_2_0_load = load i6 %p_ZZ5conv3PA255_A255_fPA32_A5_A5_fPfS1_E7in_tile_2_2_0_addr" [src/conv3.cpp:86]   --->   Operation 403 'load' 'p_ZZ5conv3PA255_A255_fPA32_A5_A5_fPfS1_E7in_tile_2_2_0_load' <Predicate = (and_ln76)> <Delay = 1.23> <CoreInst = "RAM">   --->   Core 83 'RAM' <Latency = 1> <II = 1> <Delay = 1.23> <Storage> <Opcode : 'load' 'store'> <Ports = 2> <Width = 32> <Depth = 64> <RAM>
ST_11 : Operation 404 [2/2] (1.23ns)   --->   "%p_ZZ5conv3PA255_A255_fPA32_A5_A5_fPfS1_E7in_tile_2_3_0_load = load i6 %p_ZZ5conv3PA255_A255_fPA32_A5_A5_fPfS1_E7in_tile_2_3_0_addr" [src/conv3.cpp:86]   --->   Operation 404 'load' 'p_ZZ5conv3PA255_A255_fPA32_A5_A5_fPfS1_E7in_tile_2_3_0_load' <Predicate = (and_ln76)> <Delay = 1.23> <CoreInst = "RAM">   --->   Core 83 'RAM' <Latency = 1> <II = 1> <Delay = 1.23> <Storage> <Opcode : 'load' 'store'> <Ports = 2> <Width = 32> <Depth = 64> <RAM>
ST_11 : Operation 405 [2/2] (1.23ns)   --->   "%p_ZZ5conv3PA255_A255_fPA32_A5_A5_fPfS1_E7in_tile_2_4_0_load = load i6 %p_ZZ5conv3PA255_A255_fPA32_A5_A5_fPfS1_E7in_tile_2_4_0_addr" [src/conv3.cpp:86]   --->   Operation 405 'load' 'p_ZZ5conv3PA255_A255_fPA32_A5_A5_fPfS1_E7in_tile_2_4_0_load' <Predicate = (and_ln76)> <Delay = 1.23> <CoreInst = "RAM">   --->   Core 83 'RAM' <Latency = 1> <II = 1> <Delay = 1.23> <Storage> <Opcode : 'load' 'store'> <Ports = 2> <Width = 32> <Depth = 64> <RAM>
ST_11 : Operation 406 [2/2] (1.23ns)   --->   "%p_ZZ5conv3PA255_A255_fPA32_A5_A5_fPfS1_E7in_tile_3_0_0_load = load i6 %p_ZZ5conv3PA255_A255_fPA32_A5_A5_fPfS1_E7in_tile_3_0_0_addr" [src/conv3.cpp:86]   --->   Operation 406 'load' 'p_ZZ5conv3PA255_A255_fPA32_A5_A5_fPfS1_E7in_tile_3_0_0_load' <Predicate = (and_ln76)> <Delay = 1.23> <CoreInst = "RAM">   --->   Core 83 'RAM' <Latency = 1> <II = 1> <Delay = 1.23> <Storage> <Opcode : 'load' 'store'> <Ports = 2> <Width = 32> <Depth = 64> <RAM>
ST_11 : Operation 407 [2/2] (1.23ns)   --->   "%p_ZZ5conv3PA255_A255_fPA32_A5_A5_fPfS1_E7in_tile_3_1_0_load = load i6 %p_ZZ5conv3PA255_A255_fPA32_A5_A5_fPfS1_E7in_tile_3_1_0_addr" [src/conv3.cpp:86]   --->   Operation 407 'load' 'p_ZZ5conv3PA255_A255_fPA32_A5_A5_fPfS1_E7in_tile_3_1_0_load' <Predicate = (and_ln76)> <Delay = 1.23> <CoreInst = "RAM">   --->   Core 83 'RAM' <Latency = 1> <II = 1> <Delay = 1.23> <Storage> <Opcode : 'load' 'store'> <Ports = 2> <Width = 32> <Depth = 64> <RAM>
ST_11 : Operation 408 [2/2] (1.23ns)   --->   "%p_ZZ5conv3PA255_A255_fPA32_A5_A5_fPfS1_E7in_tile_3_2_0_load = load i6 %p_ZZ5conv3PA255_A255_fPA32_A5_A5_fPfS1_E7in_tile_3_2_0_addr" [src/conv3.cpp:86]   --->   Operation 408 'load' 'p_ZZ5conv3PA255_A255_fPA32_A5_A5_fPfS1_E7in_tile_3_2_0_load' <Predicate = (and_ln76)> <Delay = 1.23> <CoreInst = "RAM">   --->   Core 83 'RAM' <Latency = 1> <II = 1> <Delay = 1.23> <Storage> <Opcode : 'load' 'store'> <Ports = 2> <Width = 32> <Depth = 64> <RAM>
ST_11 : Operation 409 [2/2] (1.23ns)   --->   "%p_ZZ5conv3PA255_A255_fPA32_A5_A5_fPfS1_E7in_tile_3_3_0_load = load i6 %p_ZZ5conv3PA255_A255_fPA32_A5_A5_fPfS1_E7in_tile_3_3_0_addr" [src/conv3.cpp:86]   --->   Operation 409 'load' 'p_ZZ5conv3PA255_A255_fPA32_A5_A5_fPfS1_E7in_tile_3_3_0_load' <Predicate = (and_ln76)> <Delay = 1.23> <CoreInst = "RAM">   --->   Core 83 'RAM' <Latency = 1> <II = 1> <Delay = 1.23> <Storage> <Opcode : 'load' 'store'> <Ports = 2> <Width = 32> <Depth = 64> <RAM>
ST_11 : Operation 410 [2/2] (1.23ns)   --->   "%p_ZZ5conv3PA255_A255_fPA32_A5_A5_fPfS1_E7in_tile_3_4_0_load = load i6 %p_ZZ5conv3PA255_A255_fPA32_A5_A5_fPfS1_E7in_tile_3_4_0_addr" [src/conv3.cpp:86]   --->   Operation 410 'load' 'p_ZZ5conv3PA255_A255_fPA32_A5_A5_fPfS1_E7in_tile_3_4_0_load' <Predicate = (and_ln76)> <Delay = 1.23> <CoreInst = "RAM">   --->   Core 83 'RAM' <Latency = 1> <II = 1> <Delay = 1.23> <Storage> <Opcode : 'load' 'store'> <Ports = 2> <Width = 32> <Depth = 64> <RAM>
ST_11 : Operation 411 [2/2] (1.23ns)   --->   "%p_ZZ5conv3PA255_A255_fPA32_A5_A5_fPfS1_E7in_tile_4_0_0_load = load i6 %p_ZZ5conv3PA255_A255_fPA32_A5_A5_fPfS1_E7in_tile_4_0_0_addr" [src/conv3.cpp:86]   --->   Operation 411 'load' 'p_ZZ5conv3PA255_A255_fPA32_A5_A5_fPfS1_E7in_tile_4_0_0_load' <Predicate = (and_ln76)> <Delay = 1.23> <CoreInst = "RAM">   --->   Core 83 'RAM' <Latency = 1> <II = 1> <Delay = 1.23> <Storage> <Opcode : 'load' 'store'> <Ports = 2> <Width = 32> <Depth = 64> <RAM>
ST_11 : Operation 412 [2/2] (1.23ns)   --->   "%p_ZZ5conv3PA255_A255_fPA32_A5_A5_fPfS1_E7in_tile_4_1_0_load = load i6 %p_ZZ5conv3PA255_A255_fPA32_A5_A5_fPfS1_E7in_tile_4_1_0_addr" [src/conv3.cpp:86]   --->   Operation 412 'load' 'p_ZZ5conv3PA255_A255_fPA32_A5_A5_fPfS1_E7in_tile_4_1_0_load' <Predicate = (and_ln76)> <Delay = 1.23> <CoreInst = "RAM">   --->   Core 83 'RAM' <Latency = 1> <II = 1> <Delay = 1.23> <Storage> <Opcode : 'load' 'store'> <Ports = 2> <Width = 32> <Depth = 64> <RAM>
ST_11 : Operation 413 [2/2] (1.23ns)   --->   "%p_ZZ5conv3PA255_A255_fPA32_A5_A5_fPfS1_E7in_tile_4_2_0_load = load i6 %p_ZZ5conv3PA255_A255_fPA32_A5_A5_fPfS1_E7in_tile_4_2_0_addr" [src/conv3.cpp:86]   --->   Operation 413 'load' 'p_ZZ5conv3PA255_A255_fPA32_A5_A5_fPfS1_E7in_tile_4_2_0_load' <Predicate = (and_ln76)> <Delay = 1.23> <CoreInst = "RAM">   --->   Core 83 'RAM' <Latency = 1> <II = 1> <Delay = 1.23> <Storage> <Opcode : 'load' 'store'> <Ports = 2> <Width = 32> <Depth = 64> <RAM>
ST_11 : Operation 414 [2/2] (1.23ns)   --->   "%p_ZZ5conv3PA255_A255_fPA32_A5_A5_fPfS1_E7in_tile_4_3_0_load = load i6 %p_ZZ5conv3PA255_A255_fPA32_A5_A5_fPfS1_E7in_tile_4_3_0_addr" [src/conv3.cpp:86]   --->   Operation 414 'load' 'p_ZZ5conv3PA255_A255_fPA32_A5_A5_fPfS1_E7in_tile_4_3_0_load' <Predicate = (and_ln76)> <Delay = 1.23> <CoreInst = "RAM">   --->   Core 83 'RAM' <Latency = 1> <II = 1> <Delay = 1.23> <Storage> <Opcode : 'load' 'store'> <Ports = 2> <Width = 32> <Depth = 64> <RAM>
ST_11 : Operation 415 [2/2] (1.23ns)   --->   "%p_ZZ5conv3PA255_A255_fPA32_A5_A5_fPfS1_E7in_tile_4_4_0_load = load i6 %p_ZZ5conv3PA255_A255_fPA32_A5_A5_fPfS1_E7in_tile_4_4_0_addr" [src/conv3.cpp:86]   --->   Operation 415 'load' 'p_ZZ5conv3PA255_A255_fPA32_A5_A5_fPfS1_E7in_tile_4_4_0_load' <Predicate = (and_ln76)> <Delay = 1.23> <CoreInst = "RAM">   --->   Core 83 'RAM' <Latency = 1> <II = 1> <Delay = 1.23> <Storage> <Opcode : 'load' 'store'> <Ports = 2> <Width = 32> <Depth = 64> <RAM>

State 12 <SV = 11> <Delay = 4.44>
ST_12 : Operation 416 [1/1] (0.78ns)   --->   "%empty = add i6 %select_ln74, i6 2" [src/conv3.cpp:74]   --->   Operation 416 'add' 'empty' <Predicate = true> <Delay = 0.78> <CoreInst = "Adder">   --->   Core 1 'Adder' <Latency = 0> <II = 1> <Delay = 0.78> <FuncUnit> <Opcode : 'add' 'sub'> <InPorts = 2> <OutPorts = 1>
ST_12 : Operation 417 [1/1] (0.00ns)   --->   "%p_cast = zext i6 %empty" [src/conv3.cpp:74]   --->   Operation 417 'zext' 'p_cast' <Predicate = true> <Delay = 0.00>
ST_12 : Operation 418 [1/1] (1.65ns)   --->   "%mul44 = mul i13 %p_cast, i13 103" [src/conv3.cpp:74]   --->   Operation 418 'mul' 'mul44' <Predicate = true> <Delay = 1.65> <CoreInst = "Multiplier">   --->   Core 3 'Multiplier' <Latency = 0> <II = 1> <Delay = 1.65> <FuncUnit> <Opcode : 'mul'> <InPorts = 2> <OutPorts = 1>
ST_12 : Operation 419 [1/1] (0.00ns)   --->   "%tmp_17 = partselect i4 @_ssdm_op_PartSelect.i4.i13.i32.i32, i13 %mul44, i32 9, i32 12" [src/conv3.cpp:74]   --->   Operation 419 'partselect' 'tmp_17' <Predicate = true> <Delay = 0.00>
ST_12 : Operation 420 [1/1] (0.00ns)   --->   "%tmp_161 = zext i4 %tmp_17" [src/conv3.cpp:74]   --->   Operation 420 'zext' 'tmp_161' <Predicate = true> <Delay = 0.00>
ST_12 : Operation 421 [1/1] (0.78ns)   --->   "%empty_46 = add i6 %tmp_s, i6 %tmp_161" [src/conv3.cpp:74]   --->   Operation 421 'add' 'empty_46' <Predicate = true> <Delay = 0.78> <CoreInst = "Adder">   --->   Core 1 'Adder' <Latency = 0> <II = 1> <Delay = 0.78> <FuncUnit> <Opcode : 'add' 'sub'> <InPorts = 2> <OutPorts = 1>
ST_12 : Operation 422 [1/1] (0.00ns)   --->   "%p_cast69 = zext i6 %empty_46" [src/conv3.cpp:74]   --->   Operation 422 'zext' 'p_cast69' <Predicate = true> <Delay = 0.00>
ST_12 : Operation 423 [1/1] (0.00ns)   --->   "%p_ZZ5conv3PA255_A255_fPA32_A5_A5_fPfS1_E7in_tile_0_0_0_addr_2 = getelementptr i32 %p_ZZ5conv3PA255_A255_fPA32_A5_A5_fPfS1_E7in_tile_0_0_0, i64 0, i64 %p_cast69" [src/conv3.cpp:74]   --->   Operation 423 'getelementptr' 'p_ZZ5conv3PA255_A255_fPA32_A5_A5_fPfS1_E7in_tile_0_0_0_addr_2' <Predicate = true> <Delay = 0.00>
ST_12 : Operation 424 [1/1] (0.00ns)   --->   "%p_ZZ5conv3PA255_A255_fPA32_A5_A5_fPfS1_E7in_tile_0_1_0_addr_2 = getelementptr i32 %p_ZZ5conv3PA255_A255_fPA32_A5_A5_fPfS1_E7in_tile_0_1_0, i64 0, i64 %p_cast69" [src/conv3.cpp:74]   --->   Operation 424 'getelementptr' 'p_ZZ5conv3PA255_A255_fPA32_A5_A5_fPfS1_E7in_tile_0_1_0_addr_2' <Predicate = true> <Delay = 0.00>
ST_12 : Operation 425 [1/1] (0.00ns)   --->   "%p_ZZ5conv3PA255_A255_fPA32_A5_A5_fPfS1_E7in_tile_0_2_0_addr_2 = getelementptr i32 %p_ZZ5conv3PA255_A255_fPA32_A5_A5_fPfS1_E7in_tile_0_2_0, i64 0, i64 %p_cast69" [src/conv3.cpp:74]   --->   Operation 425 'getelementptr' 'p_ZZ5conv3PA255_A255_fPA32_A5_A5_fPfS1_E7in_tile_0_2_0_addr_2' <Predicate = true> <Delay = 0.00>
ST_12 : Operation 426 [1/1] (0.00ns)   --->   "%p_ZZ5conv3PA255_A255_fPA32_A5_A5_fPfS1_E7in_tile_0_3_0_addr_2 = getelementptr i32 %p_ZZ5conv3PA255_A255_fPA32_A5_A5_fPfS1_E7in_tile_0_3_0, i64 0, i64 %p_cast69" [src/conv3.cpp:74]   --->   Operation 426 'getelementptr' 'p_ZZ5conv3PA255_A255_fPA32_A5_A5_fPfS1_E7in_tile_0_3_0_addr_2' <Predicate = true> <Delay = 0.00>
ST_12 : Operation 427 [1/1] (0.00ns)   --->   "%p_ZZ5conv3PA255_A255_fPA32_A5_A5_fPfS1_E7in_tile_0_4_0_addr_2 = getelementptr i32 %p_ZZ5conv3PA255_A255_fPA32_A5_A5_fPfS1_E7in_tile_0_4_0, i64 0, i64 %p_cast69" [src/conv3.cpp:74]   --->   Operation 427 'getelementptr' 'p_ZZ5conv3PA255_A255_fPA32_A5_A5_fPfS1_E7in_tile_0_4_0_addr_2' <Predicate = true> <Delay = 0.00>
ST_12 : Operation 428 [1/1] (0.00ns)   --->   "%p_ZZ5conv3PA255_A255_fPA32_A5_A5_fPfS1_E7in_tile_1_0_0_addr_2 = getelementptr i32 %p_ZZ5conv3PA255_A255_fPA32_A5_A5_fPfS1_E7in_tile_1_0_0, i64 0, i64 %p_cast69" [src/conv3.cpp:74]   --->   Operation 428 'getelementptr' 'p_ZZ5conv3PA255_A255_fPA32_A5_A5_fPfS1_E7in_tile_1_0_0_addr_2' <Predicate = true> <Delay = 0.00>
ST_12 : Operation 429 [1/1] (0.00ns)   --->   "%p_ZZ5conv3PA255_A255_fPA32_A5_A5_fPfS1_E7in_tile_1_1_0_addr_2 = getelementptr i32 %p_ZZ5conv3PA255_A255_fPA32_A5_A5_fPfS1_E7in_tile_1_1_0, i64 0, i64 %p_cast69" [src/conv3.cpp:74]   --->   Operation 429 'getelementptr' 'p_ZZ5conv3PA255_A255_fPA32_A5_A5_fPfS1_E7in_tile_1_1_0_addr_2' <Predicate = true> <Delay = 0.00>
ST_12 : Operation 430 [1/1] (0.00ns)   --->   "%p_ZZ5conv3PA255_A255_fPA32_A5_A5_fPfS1_E7in_tile_1_2_0_addr_2 = getelementptr i32 %p_ZZ5conv3PA255_A255_fPA32_A5_A5_fPfS1_E7in_tile_1_2_0, i64 0, i64 %p_cast69" [src/conv3.cpp:74]   --->   Operation 430 'getelementptr' 'p_ZZ5conv3PA255_A255_fPA32_A5_A5_fPfS1_E7in_tile_1_2_0_addr_2' <Predicate = true> <Delay = 0.00>
ST_12 : Operation 431 [1/1] (0.00ns)   --->   "%p_ZZ5conv3PA255_A255_fPA32_A5_A5_fPfS1_E7in_tile_1_3_0_addr_2 = getelementptr i32 %p_ZZ5conv3PA255_A255_fPA32_A5_A5_fPfS1_E7in_tile_1_3_0, i64 0, i64 %p_cast69" [src/conv3.cpp:74]   --->   Operation 431 'getelementptr' 'p_ZZ5conv3PA255_A255_fPA32_A5_A5_fPfS1_E7in_tile_1_3_0_addr_2' <Predicate = true> <Delay = 0.00>
ST_12 : Operation 432 [1/1] (0.00ns)   --->   "%p_ZZ5conv3PA255_A255_fPA32_A5_A5_fPfS1_E7in_tile_1_4_0_addr_2 = getelementptr i32 %p_ZZ5conv3PA255_A255_fPA32_A5_A5_fPfS1_E7in_tile_1_4_0, i64 0, i64 %p_cast69" [src/conv3.cpp:74]   --->   Operation 432 'getelementptr' 'p_ZZ5conv3PA255_A255_fPA32_A5_A5_fPfS1_E7in_tile_1_4_0_addr_2' <Predicate = true> <Delay = 0.00>
ST_12 : Operation 433 [1/1] (0.00ns)   --->   "%p_ZZ5conv3PA255_A255_fPA32_A5_A5_fPfS1_E7in_tile_2_0_0_addr_2 = getelementptr i32 %p_ZZ5conv3PA255_A255_fPA32_A5_A5_fPfS1_E7in_tile_2_0_0, i64 0, i64 %p_cast69" [src/conv3.cpp:74]   --->   Operation 433 'getelementptr' 'p_ZZ5conv3PA255_A255_fPA32_A5_A5_fPfS1_E7in_tile_2_0_0_addr_2' <Predicate = true> <Delay = 0.00>
ST_12 : Operation 434 [1/1] (0.00ns)   --->   "%p_ZZ5conv3PA255_A255_fPA32_A5_A5_fPfS1_E7in_tile_2_1_0_addr_2 = getelementptr i32 %p_ZZ5conv3PA255_A255_fPA32_A5_A5_fPfS1_E7in_tile_2_1_0, i64 0, i64 %p_cast69" [src/conv3.cpp:74]   --->   Operation 434 'getelementptr' 'p_ZZ5conv3PA255_A255_fPA32_A5_A5_fPfS1_E7in_tile_2_1_0_addr_2' <Predicate = true> <Delay = 0.00>
ST_12 : Operation 435 [1/1] (0.00ns)   --->   "%p_ZZ5conv3PA255_A255_fPA32_A5_A5_fPfS1_E7in_tile_2_2_0_addr_2 = getelementptr i32 %p_ZZ5conv3PA255_A255_fPA32_A5_A5_fPfS1_E7in_tile_2_2_0, i64 0, i64 %p_cast69" [src/conv3.cpp:74]   --->   Operation 435 'getelementptr' 'p_ZZ5conv3PA255_A255_fPA32_A5_A5_fPfS1_E7in_tile_2_2_0_addr_2' <Predicate = true> <Delay = 0.00>
ST_12 : Operation 436 [1/1] (0.00ns)   --->   "%p_ZZ5conv3PA255_A255_fPA32_A5_A5_fPfS1_E7in_tile_2_3_0_addr_2 = getelementptr i32 %p_ZZ5conv3PA255_A255_fPA32_A5_A5_fPfS1_E7in_tile_2_3_0, i64 0, i64 %p_cast69" [src/conv3.cpp:74]   --->   Operation 436 'getelementptr' 'p_ZZ5conv3PA255_A255_fPA32_A5_A5_fPfS1_E7in_tile_2_3_0_addr_2' <Predicate = true> <Delay = 0.00>
ST_12 : Operation 437 [1/1] (0.00ns)   --->   "%p_ZZ5conv3PA255_A255_fPA32_A5_A5_fPfS1_E7in_tile_2_4_0_addr_2 = getelementptr i32 %p_ZZ5conv3PA255_A255_fPA32_A5_A5_fPfS1_E7in_tile_2_4_0, i64 0, i64 %p_cast69" [src/conv3.cpp:74]   --->   Operation 437 'getelementptr' 'p_ZZ5conv3PA255_A255_fPA32_A5_A5_fPfS1_E7in_tile_2_4_0_addr_2' <Predicate = true> <Delay = 0.00>
ST_12 : Operation 438 [1/1] (0.00ns)   --->   "%p_ZZ5conv3PA255_A255_fPA32_A5_A5_fPfS1_E7in_tile_3_0_0_addr_2 = getelementptr i32 %p_ZZ5conv3PA255_A255_fPA32_A5_A5_fPfS1_E7in_tile_3_0_0, i64 0, i64 %p_cast69" [src/conv3.cpp:74]   --->   Operation 438 'getelementptr' 'p_ZZ5conv3PA255_A255_fPA32_A5_A5_fPfS1_E7in_tile_3_0_0_addr_2' <Predicate = true> <Delay = 0.00>
ST_12 : Operation 439 [1/1] (0.00ns)   --->   "%p_ZZ5conv3PA255_A255_fPA32_A5_A5_fPfS1_E7in_tile_3_1_0_addr_2 = getelementptr i32 %p_ZZ5conv3PA255_A255_fPA32_A5_A5_fPfS1_E7in_tile_3_1_0, i64 0, i64 %p_cast69" [src/conv3.cpp:74]   --->   Operation 439 'getelementptr' 'p_ZZ5conv3PA255_A255_fPA32_A5_A5_fPfS1_E7in_tile_3_1_0_addr_2' <Predicate = true> <Delay = 0.00>
ST_12 : Operation 440 [1/1] (0.00ns)   --->   "%p_ZZ5conv3PA255_A255_fPA32_A5_A5_fPfS1_E7in_tile_3_2_0_addr_2 = getelementptr i32 %p_ZZ5conv3PA255_A255_fPA32_A5_A5_fPfS1_E7in_tile_3_2_0, i64 0, i64 %p_cast69" [src/conv3.cpp:74]   --->   Operation 440 'getelementptr' 'p_ZZ5conv3PA255_A255_fPA32_A5_A5_fPfS1_E7in_tile_3_2_0_addr_2' <Predicate = true> <Delay = 0.00>
ST_12 : Operation 441 [1/1] (0.00ns)   --->   "%p_ZZ5conv3PA255_A255_fPA32_A5_A5_fPfS1_E7in_tile_3_3_0_addr_2 = getelementptr i32 %p_ZZ5conv3PA255_A255_fPA32_A5_A5_fPfS1_E7in_tile_3_3_0, i64 0, i64 %p_cast69" [src/conv3.cpp:74]   --->   Operation 441 'getelementptr' 'p_ZZ5conv3PA255_A255_fPA32_A5_A5_fPfS1_E7in_tile_3_3_0_addr_2' <Predicate = true> <Delay = 0.00>
ST_12 : Operation 442 [1/1] (0.00ns)   --->   "%p_ZZ5conv3PA255_A255_fPA32_A5_A5_fPfS1_E7in_tile_3_4_0_addr_2 = getelementptr i32 %p_ZZ5conv3PA255_A255_fPA32_A5_A5_fPfS1_E7in_tile_3_4_0, i64 0, i64 %p_cast69" [src/conv3.cpp:74]   --->   Operation 442 'getelementptr' 'p_ZZ5conv3PA255_A255_fPA32_A5_A5_fPfS1_E7in_tile_3_4_0_addr_2' <Predicate = true> <Delay = 0.00>
ST_12 : Operation 443 [1/1] (0.00ns)   --->   "%p_ZZ5conv3PA255_A255_fPA32_A5_A5_fPfS1_E7in_tile_4_0_0_addr_2 = getelementptr i32 %p_ZZ5conv3PA255_A255_fPA32_A5_A5_fPfS1_E7in_tile_4_0_0, i64 0, i64 %p_cast69" [src/conv3.cpp:74]   --->   Operation 443 'getelementptr' 'p_ZZ5conv3PA255_A255_fPA32_A5_A5_fPfS1_E7in_tile_4_0_0_addr_2' <Predicate = true> <Delay = 0.00>
ST_12 : Operation 444 [1/1] (0.00ns)   --->   "%p_ZZ5conv3PA255_A255_fPA32_A5_A5_fPfS1_E7in_tile_4_1_0_addr_2 = getelementptr i32 %p_ZZ5conv3PA255_A255_fPA32_A5_A5_fPfS1_E7in_tile_4_1_0, i64 0, i64 %p_cast69" [src/conv3.cpp:74]   --->   Operation 444 'getelementptr' 'p_ZZ5conv3PA255_A255_fPA32_A5_A5_fPfS1_E7in_tile_4_1_0_addr_2' <Predicate = true> <Delay = 0.00>
ST_12 : Operation 445 [1/1] (0.00ns)   --->   "%p_ZZ5conv3PA255_A255_fPA32_A5_A5_fPfS1_E7in_tile_4_2_0_addr_2 = getelementptr i32 %p_ZZ5conv3PA255_A255_fPA32_A5_A5_fPfS1_E7in_tile_4_2_0, i64 0, i64 %p_cast69" [src/conv3.cpp:74]   --->   Operation 445 'getelementptr' 'p_ZZ5conv3PA255_A255_fPA32_A5_A5_fPfS1_E7in_tile_4_2_0_addr_2' <Predicate = true> <Delay = 0.00>
ST_12 : Operation 446 [1/1] (0.00ns)   --->   "%p_ZZ5conv3PA255_A255_fPA32_A5_A5_fPfS1_E7in_tile_4_3_0_addr_2 = getelementptr i32 %p_ZZ5conv3PA255_A255_fPA32_A5_A5_fPfS1_E7in_tile_4_3_0, i64 0, i64 %p_cast69" [src/conv3.cpp:74]   --->   Operation 446 'getelementptr' 'p_ZZ5conv3PA255_A255_fPA32_A5_A5_fPfS1_E7in_tile_4_3_0_addr_2' <Predicate = true> <Delay = 0.00>
ST_12 : Operation 447 [1/1] (0.00ns)   --->   "%p_ZZ5conv3PA255_A255_fPA32_A5_A5_fPfS1_E7in_tile_4_4_0_addr_2 = getelementptr i32 %p_ZZ5conv3PA255_A255_fPA32_A5_A5_fPfS1_E7in_tile_4_4_0, i64 0, i64 %p_cast69" [src/conv3.cpp:74]   --->   Operation 447 'getelementptr' 'p_ZZ5conv3PA255_A255_fPA32_A5_A5_fPfS1_E7in_tile_4_4_0_addr_2' <Predicate = true> <Delay = 0.00>
ST_12 : Operation 448 [1/2] (1.23ns)   --->   "%p_ZZ5conv3PA255_A255_fPA32_A5_A5_fPfS1_E7in_tile_0_0_0_load = load i6 %p_ZZ5conv3PA255_A255_fPA32_A5_A5_fPfS1_E7in_tile_0_0_0_addr" [src/conv3.cpp:86]   --->   Operation 448 'load' 'p_ZZ5conv3PA255_A255_fPA32_A5_A5_fPfS1_E7in_tile_0_0_0_load' <Predicate = true> <Delay = 1.23> <CoreInst = "RAM">   --->   Core 83 'RAM' <Latency = 1> <II = 1> <Delay = 1.23> <Storage> <Opcode : 'load' 'store'> <Ports = 2> <Width = 32> <Depth = 64> <RAM>
ST_12 : Operation 449 [1/2] (1.23ns)   --->   "%p_ZZ5conv3PA255_A255_fPA32_A5_A5_fPfS1_E7in_tile_0_1_0_load = load i6 %p_ZZ5conv3PA255_A255_fPA32_A5_A5_fPfS1_E7in_tile_0_1_0_addr" [src/conv3.cpp:86]   --->   Operation 449 'load' 'p_ZZ5conv3PA255_A255_fPA32_A5_A5_fPfS1_E7in_tile_0_1_0_load' <Predicate = true> <Delay = 1.23> <CoreInst = "RAM">   --->   Core 83 'RAM' <Latency = 1> <II = 1> <Delay = 1.23> <Storage> <Opcode : 'load' 'store'> <Ports = 2> <Width = 32> <Depth = 64> <RAM>
ST_12 : Operation 450 [1/2] (1.23ns)   --->   "%p_ZZ5conv3PA255_A255_fPA32_A5_A5_fPfS1_E7in_tile_0_2_0_load = load i6 %p_ZZ5conv3PA255_A255_fPA32_A5_A5_fPfS1_E7in_tile_0_2_0_addr" [src/conv3.cpp:86]   --->   Operation 450 'load' 'p_ZZ5conv3PA255_A255_fPA32_A5_A5_fPfS1_E7in_tile_0_2_0_load' <Predicate = true> <Delay = 1.23> <CoreInst = "RAM">   --->   Core 83 'RAM' <Latency = 1> <II = 1> <Delay = 1.23> <Storage> <Opcode : 'load' 'store'> <Ports = 2> <Width = 32> <Depth = 64> <RAM>
ST_12 : Operation 451 [1/2] (1.23ns)   --->   "%p_ZZ5conv3PA255_A255_fPA32_A5_A5_fPfS1_E7in_tile_0_3_0_load = load i6 %p_ZZ5conv3PA255_A255_fPA32_A5_A5_fPfS1_E7in_tile_0_3_0_addr" [src/conv3.cpp:86]   --->   Operation 451 'load' 'p_ZZ5conv3PA255_A255_fPA32_A5_A5_fPfS1_E7in_tile_0_3_0_load' <Predicate = true> <Delay = 1.23> <CoreInst = "RAM">   --->   Core 83 'RAM' <Latency = 1> <II = 1> <Delay = 1.23> <Storage> <Opcode : 'load' 'store'> <Ports = 2> <Width = 32> <Depth = 64> <RAM>
ST_12 : Operation 452 [1/2] (1.23ns)   --->   "%p_ZZ5conv3PA255_A255_fPA32_A5_A5_fPfS1_E7in_tile_0_4_0_load = load i6 %p_ZZ5conv3PA255_A255_fPA32_A5_A5_fPfS1_E7in_tile_0_4_0_addr" [src/conv3.cpp:86]   --->   Operation 452 'load' 'p_ZZ5conv3PA255_A255_fPA32_A5_A5_fPfS1_E7in_tile_0_4_0_load' <Predicate = true> <Delay = 1.23> <CoreInst = "RAM">   --->   Core 83 'RAM' <Latency = 1> <II = 1> <Delay = 1.23> <Storage> <Opcode : 'load' 'store'> <Ports = 2> <Width = 32> <Depth = 64> <RAM>
ST_12 : Operation 453 [1/2] (1.23ns)   --->   "%p_ZZ5conv3PA255_A255_fPA32_A5_A5_fPfS1_E7in_tile_1_0_0_load = load i6 %p_ZZ5conv3PA255_A255_fPA32_A5_A5_fPfS1_E7in_tile_1_0_0_addr" [src/conv3.cpp:86]   --->   Operation 453 'load' 'p_ZZ5conv3PA255_A255_fPA32_A5_A5_fPfS1_E7in_tile_1_0_0_load' <Predicate = true> <Delay = 1.23> <CoreInst = "RAM">   --->   Core 83 'RAM' <Latency = 1> <II = 1> <Delay = 1.23> <Storage> <Opcode : 'load' 'store'> <Ports = 2> <Width = 32> <Depth = 64> <RAM>
ST_12 : Operation 454 [1/2] (1.23ns)   --->   "%p_ZZ5conv3PA255_A255_fPA32_A5_A5_fPfS1_E7in_tile_1_1_0_load = load i6 %p_ZZ5conv3PA255_A255_fPA32_A5_A5_fPfS1_E7in_tile_1_1_0_addr" [src/conv3.cpp:86]   --->   Operation 454 'load' 'p_ZZ5conv3PA255_A255_fPA32_A5_A5_fPfS1_E7in_tile_1_1_0_load' <Predicate = true> <Delay = 1.23> <CoreInst = "RAM">   --->   Core 83 'RAM' <Latency = 1> <II = 1> <Delay = 1.23> <Storage> <Opcode : 'load' 'store'> <Ports = 2> <Width = 32> <Depth = 64> <RAM>
ST_12 : Operation 455 [1/2] (1.23ns)   --->   "%p_ZZ5conv3PA255_A255_fPA32_A5_A5_fPfS1_E7in_tile_1_2_0_load = load i6 %p_ZZ5conv3PA255_A255_fPA32_A5_A5_fPfS1_E7in_tile_1_2_0_addr" [src/conv3.cpp:86]   --->   Operation 455 'load' 'p_ZZ5conv3PA255_A255_fPA32_A5_A5_fPfS1_E7in_tile_1_2_0_load' <Predicate = true> <Delay = 1.23> <CoreInst = "RAM">   --->   Core 83 'RAM' <Latency = 1> <II = 1> <Delay = 1.23> <Storage> <Opcode : 'load' 'store'> <Ports = 2> <Width = 32> <Depth = 64> <RAM>
ST_12 : Operation 456 [1/2] (1.23ns)   --->   "%p_ZZ5conv3PA255_A255_fPA32_A5_A5_fPfS1_E7in_tile_1_3_0_load = load i6 %p_ZZ5conv3PA255_A255_fPA32_A5_A5_fPfS1_E7in_tile_1_3_0_addr" [src/conv3.cpp:86]   --->   Operation 456 'load' 'p_ZZ5conv3PA255_A255_fPA32_A5_A5_fPfS1_E7in_tile_1_3_0_load' <Predicate = true> <Delay = 1.23> <CoreInst = "RAM">   --->   Core 83 'RAM' <Latency = 1> <II = 1> <Delay = 1.23> <Storage> <Opcode : 'load' 'store'> <Ports = 2> <Width = 32> <Depth = 64> <RAM>
ST_12 : Operation 457 [1/2] (1.23ns)   --->   "%p_ZZ5conv3PA255_A255_fPA32_A5_A5_fPfS1_E7in_tile_1_4_0_load = load i6 %p_ZZ5conv3PA255_A255_fPA32_A5_A5_fPfS1_E7in_tile_1_4_0_addr" [src/conv3.cpp:86]   --->   Operation 457 'load' 'p_ZZ5conv3PA255_A255_fPA32_A5_A5_fPfS1_E7in_tile_1_4_0_load' <Predicate = true> <Delay = 1.23> <CoreInst = "RAM">   --->   Core 83 'RAM' <Latency = 1> <II = 1> <Delay = 1.23> <Storage> <Opcode : 'load' 'store'> <Ports = 2> <Width = 32> <Depth = 64> <RAM>
ST_12 : Operation 458 [1/2] (1.23ns)   --->   "%p_ZZ5conv3PA255_A255_fPA32_A5_A5_fPfS1_E7in_tile_2_0_0_load = load i6 %p_ZZ5conv3PA255_A255_fPA32_A5_A5_fPfS1_E7in_tile_2_0_0_addr" [src/conv3.cpp:86]   --->   Operation 458 'load' 'p_ZZ5conv3PA255_A255_fPA32_A5_A5_fPfS1_E7in_tile_2_0_0_load' <Predicate = true> <Delay = 1.23> <CoreInst = "RAM">   --->   Core 83 'RAM' <Latency = 1> <II = 1> <Delay = 1.23> <Storage> <Opcode : 'load' 'store'> <Ports = 2> <Width = 32> <Depth = 64> <RAM>
ST_12 : Operation 459 [1/2] (1.23ns)   --->   "%p_ZZ5conv3PA255_A255_fPA32_A5_A5_fPfS1_E7in_tile_2_1_0_load = load i6 %p_ZZ5conv3PA255_A255_fPA32_A5_A5_fPfS1_E7in_tile_2_1_0_addr" [src/conv3.cpp:86]   --->   Operation 459 'load' 'p_ZZ5conv3PA255_A255_fPA32_A5_A5_fPfS1_E7in_tile_2_1_0_load' <Predicate = true> <Delay = 1.23> <CoreInst = "RAM">   --->   Core 83 'RAM' <Latency = 1> <II = 1> <Delay = 1.23> <Storage> <Opcode : 'load' 'store'> <Ports = 2> <Width = 32> <Depth = 64> <RAM>
ST_12 : Operation 460 [1/2] (1.23ns)   --->   "%p_ZZ5conv3PA255_A255_fPA32_A5_A5_fPfS1_E7in_tile_2_2_0_load = load i6 %p_ZZ5conv3PA255_A255_fPA32_A5_A5_fPfS1_E7in_tile_2_2_0_addr" [src/conv3.cpp:86]   --->   Operation 460 'load' 'p_ZZ5conv3PA255_A255_fPA32_A5_A5_fPfS1_E7in_tile_2_2_0_load' <Predicate = true> <Delay = 1.23> <CoreInst = "RAM">   --->   Core 83 'RAM' <Latency = 1> <II = 1> <Delay = 1.23> <Storage> <Opcode : 'load' 'store'> <Ports = 2> <Width = 32> <Depth = 64> <RAM>
ST_12 : Operation 461 [1/2] (1.23ns)   --->   "%p_ZZ5conv3PA255_A255_fPA32_A5_A5_fPfS1_E7in_tile_2_3_0_load = load i6 %p_ZZ5conv3PA255_A255_fPA32_A5_A5_fPfS1_E7in_tile_2_3_0_addr" [src/conv3.cpp:86]   --->   Operation 461 'load' 'p_ZZ5conv3PA255_A255_fPA32_A5_A5_fPfS1_E7in_tile_2_3_0_load' <Predicate = true> <Delay = 1.23> <CoreInst = "RAM">   --->   Core 83 'RAM' <Latency = 1> <II = 1> <Delay = 1.23> <Storage> <Opcode : 'load' 'store'> <Ports = 2> <Width = 32> <Depth = 64> <RAM>
ST_12 : Operation 462 [1/2] (1.23ns)   --->   "%p_ZZ5conv3PA255_A255_fPA32_A5_A5_fPfS1_E7in_tile_2_4_0_load = load i6 %p_ZZ5conv3PA255_A255_fPA32_A5_A5_fPfS1_E7in_tile_2_4_0_addr" [src/conv3.cpp:86]   --->   Operation 462 'load' 'p_ZZ5conv3PA255_A255_fPA32_A5_A5_fPfS1_E7in_tile_2_4_0_load' <Predicate = true> <Delay = 1.23> <CoreInst = "RAM">   --->   Core 83 'RAM' <Latency = 1> <II = 1> <Delay = 1.23> <Storage> <Opcode : 'load' 'store'> <Ports = 2> <Width = 32> <Depth = 64> <RAM>
ST_12 : Operation 463 [1/2] (1.23ns)   --->   "%p_ZZ5conv3PA255_A255_fPA32_A5_A5_fPfS1_E7in_tile_3_0_0_load = load i6 %p_ZZ5conv3PA255_A255_fPA32_A5_A5_fPfS1_E7in_tile_3_0_0_addr" [src/conv3.cpp:86]   --->   Operation 463 'load' 'p_ZZ5conv3PA255_A255_fPA32_A5_A5_fPfS1_E7in_tile_3_0_0_load' <Predicate = true> <Delay = 1.23> <CoreInst = "RAM">   --->   Core 83 'RAM' <Latency = 1> <II = 1> <Delay = 1.23> <Storage> <Opcode : 'load' 'store'> <Ports = 2> <Width = 32> <Depth = 64> <RAM>
ST_12 : Operation 464 [1/2] (1.23ns)   --->   "%p_ZZ5conv3PA255_A255_fPA32_A5_A5_fPfS1_E7in_tile_3_1_0_load = load i6 %p_ZZ5conv3PA255_A255_fPA32_A5_A5_fPfS1_E7in_tile_3_1_0_addr" [src/conv3.cpp:86]   --->   Operation 464 'load' 'p_ZZ5conv3PA255_A255_fPA32_A5_A5_fPfS1_E7in_tile_3_1_0_load' <Predicate = true> <Delay = 1.23> <CoreInst = "RAM">   --->   Core 83 'RAM' <Latency = 1> <II = 1> <Delay = 1.23> <Storage> <Opcode : 'load' 'store'> <Ports = 2> <Width = 32> <Depth = 64> <RAM>
ST_12 : Operation 465 [1/2] (1.23ns)   --->   "%p_ZZ5conv3PA255_A255_fPA32_A5_A5_fPfS1_E7in_tile_3_2_0_load = load i6 %p_ZZ5conv3PA255_A255_fPA32_A5_A5_fPfS1_E7in_tile_3_2_0_addr" [src/conv3.cpp:86]   --->   Operation 465 'load' 'p_ZZ5conv3PA255_A255_fPA32_A5_A5_fPfS1_E7in_tile_3_2_0_load' <Predicate = true> <Delay = 1.23> <CoreInst = "RAM">   --->   Core 83 'RAM' <Latency = 1> <II = 1> <Delay = 1.23> <Storage> <Opcode : 'load' 'store'> <Ports = 2> <Width = 32> <Depth = 64> <RAM>
ST_12 : Operation 466 [1/2] (1.23ns)   --->   "%p_ZZ5conv3PA255_A255_fPA32_A5_A5_fPfS1_E7in_tile_3_3_0_load = load i6 %p_ZZ5conv3PA255_A255_fPA32_A5_A5_fPfS1_E7in_tile_3_3_0_addr" [src/conv3.cpp:86]   --->   Operation 466 'load' 'p_ZZ5conv3PA255_A255_fPA32_A5_A5_fPfS1_E7in_tile_3_3_0_load' <Predicate = true> <Delay = 1.23> <CoreInst = "RAM">   --->   Core 83 'RAM' <Latency = 1> <II = 1> <Delay = 1.23> <Storage> <Opcode : 'load' 'store'> <Ports = 2> <Width = 32> <Depth = 64> <RAM>
ST_12 : Operation 467 [1/2] (1.23ns)   --->   "%p_ZZ5conv3PA255_A255_fPA32_A5_A5_fPfS1_E7in_tile_3_4_0_load = load i6 %p_ZZ5conv3PA255_A255_fPA32_A5_A5_fPfS1_E7in_tile_3_4_0_addr" [src/conv3.cpp:86]   --->   Operation 467 'load' 'p_ZZ5conv3PA255_A255_fPA32_A5_A5_fPfS1_E7in_tile_3_4_0_load' <Predicate = true> <Delay = 1.23> <CoreInst = "RAM">   --->   Core 83 'RAM' <Latency = 1> <II = 1> <Delay = 1.23> <Storage> <Opcode : 'load' 'store'> <Ports = 2> <Width = 32> <Depth = 64> <RAM>
ST_12 : Operation 468 [1/2] (1.23ns)   --->   "%p_ZZ5conv3PA255_A255_fPA32_A5_A5_fPfS1_E7in_tile_4_0_0_load = load i6 %p_ZZ5conv3PA255_A255_fPA32_A5_A5_fPfS1_E7in_tile_4_0_0_addr" [src/conv3.cpp:86]   --->   Operation 468 'load' 'p_ZZ5conv3PA255_A255_fPA32_A5_A5_fPfS1_E7in_tile_4_0_0_load' <Predicate = true> <Delay = 1.23> <CoreInst = "RAM">   --->   Core 83 'RAM' <Latency = 1> <II = 1> <Delay = 1.23> <Storage> <Opcode : 'load' 'store'> <Ports = 2> <Width = 32> <Depth = 64> <RAM>
ST_12 : Operation 469 [1/2] (1.23ns)   --->   "%p_ZZ5conv3PA255_A255_fPA32_A5_A5_fPfS1_E7in_tile_4_1_0_load = load i6 %p_ZZ5conv3PA255_A255_fPA32_A5_A5_fPfS1_E7in_tile_4_1_0_addr" [src/conv3.cpp:86]   --->   Operation 469 'load' 'p_ZZ5conv3PA255_A255_fPA32_A5_A5_fPfS1_E7in_tile_4_1_0_load' <Predicate = true> <Delay = 1.23> <CoreInst = "RAM">   --->   Core 83 'RAM' <Latency = 1> <II = 1> <Delay = 1.23> <Storage> <Opcode : 'load' 'store'> <Ports = 2> <Width = 32> <Depth = 64> <RAM>
ST_12 : Operation 470 [1/2] (1.23ns)   --->   "%p_ZZ5conv3PA255_A255_fPA32_A5_A5_fPfS1_E7in_tile_4_2_0_load = load i6 %p_ZZ5conv3PA255_A255_fPA32_A5_A5_fPfS1_E7in_tile_4_2_0_addr" [src/conv3.cpp:86]   --->   Operation 470 'load' 'p_ZZ5conv3PA255_A255_fPA32_A5_A5_fPfS1_E7in_tile_4_2_0_load' <Predicate = true> <Delay = 1.23> <CoreInst = "RAM">   --->   Core 83 'RAM' <Latency = 1> <II = 1> <Delay = 1.23> <Storage> <Opcode : 'load' 'store'> <Ports = 2> <Width = 32> <Depth = 64> <RAM>
ST_12 : Operation 471 [1/2] (1.23ns)   --->   "%p_ZZ5conv3PA255_A255_fPA32_A5_A5_fPfS1_E7in_tile_4_3_0_load = load i6 %p_ZZ5conv3PA255_A255_fPA32_A5_A5_fPfS1_E7in_tile_4_3_0_addr" [src/conv3.cpp:86]   --->   Operation 471 'load' 'p_ZZ5conv3PA255_A255_fPA32_A5_A5_fPfS1_E7in_tile_4_3_0_load' <Predicate = true> <Delay = 1.23> <CoreInst = "RAM">   --->   Core 83 'RAM' <Latency = 1> <II = 1> <Delay = 1.23> <Storage> <Opcode : 'load' 'store'> <Ports = 2> <Width = 32> <Depth = 64> <RAM>
ST_12 : Operation 472 [1/2] (1.23ns)   --->   "%p_ZZ5conv3PA255_A255_fPA32_A5_A5_fPfS1_E7in_tile_4_4_0_load = load i6 %p_ZZ5conv3PA255_A255_fPA32_A5_A5_fPfS1_E7in_tile_4_4_0_addr" [src/conv3.cpp:86]   --->   Operation 472 'load' 'p_ZZ5conv3PA255_A255_fPA32_A5_A5_fPfS1_E7in_tile_4_4_0_load' <Predicate = true> <Delay = 1.23> <CoreInst = "RAM">   --->   Core 83 'RAM' <Latency = 1> <II = 1> <Delay = 1.23> <Storage> <Opcode : 'load' 'store'> <Ports = 2> <Width = 32> <Depth = 64> <RAM>
ST_12 : Operation 473 [2/2] (1.23ns)   --->   "%p_ZZ5conv3PA255_A255_fPA32_A5_A5_fPfS1_E7in_tile_0_0_0_load_1 = load i6 %p_ZZ5conv3PA255_A255_fPA32_A5_A5_fPfS1_E7in_tile_0_0_0_addr_1" [src/conv3.cpp:86]   --->   Operation 473 'load' 'p_ZZ5conv3PA255_A255_fPA32_A5_A5_fPfS1_E7in_tile_0_0_0_load_1' <Predicate = true> <Delay = 1.23> <CoreInst = "RAM">   --->   Core 83 'RAM' <Latency = 1> <II = 1> <Delay = 1.23> <Storage> <Opcode : 'load' 'store'> <Ports = 2> <Width = 32> <Depth = 64> <RAM>
ST_12 : Operation 474 [2/2] (1.23ns)   --->   "%p_ZZ5conv3PA255_A255_fPA32_A5_A5_fPfS1_E7in_tile_0_1_0_load_1 = load i6 %p_ZZ5conv3PA255_A255_fPA32_A5_A5_fPfS1_E7in_tile_0_1_0_addr_1" [src/conv3.cpp:86]   --->   Operation 474 'load' 'p_ZZ5conv3PA255_A255_fPA32_A5_A5_fPfS1_E7in_tile_0_1_0_load_1' <Predicate = true> <Delay = 1.23> <CoreInst = "RAM">   --->   Core 83 'RAM' <Latency = 1> <II = 1> <Delay = 1.23> <Storage> <Opcode : 'load' 'store'> <Ports = 2> <Width = 32> <Depth = 64> <RAM>
ST_12 : Operation 475 [2/2] (1.23ns)   --->   "%p_ZZ5conv3PA255_A255_fPA32_A5_A5_fPfS1_E7in_tile_0_2_0_load_1 = load i6 %p_ZZ5conv3PA255_A255_fPA32_A5_A5_fPfS1_E7in_tile_0_2_0_addr_1" [src/conv3.cpp:86]   --->   Operation 475 'load' 'p_ZZ5conv3PA255_A255_fPA32_A5_A5_fPfS1_E7in_tile_0_2_0_load_1' <Predicate = true> <Delay = 1.23> <CoreInst = "RAM">   --->   Core 83 'RAM' <Latency = 1> <II = 1> <Delay = 1.23> <Storage> <Opcode : 'load' 'store'> <Ports = 2> <Width = 32> <Depth = 64> <RAM>
ST_12 : Operation 476 [2/2] (1.23ns)   --->   "%p_ZZ5conv3PA255_A255_fPA32_A5_A5_fPfS1_E7in_tile_0_3_0_load_1 = load i6 %p_ZZ5conv3PA255_A255_fPA32_A5_A5_fPfS1_E7in_tile_0_3_0_addr_1" [src/conv3.cpp:86]   --->   Operation 476 'load' 'p_ZZ5conv3PA255_A255_fPA32_A5_A5_fPfS1_E7in_tile_0_3_0_load_1' <Predicate = true> <Delay = 1.23> <CoreInst = "RAM">   --->   Core 83 'RAM' <Latency = 1> <II = 1> <Delay = 1.23> <Storage> <Opcode : 'load' 'store'> <Ports = 2> <Width = 32> <Depth = 64> <RAM>
ST_12 : Operation 477 [2/2] (1.23ns)   --->   "%p_ZZ5conv3PA255_A255_fPA32_A5_A5_fPfS1_E7in_tile_0_4_0_load_1 = load i6 %p_ZZ5conv3PA255_A255_fPA32_A5_A5_fPfS1_E7in_tile_0_4_0_addr_1" [src/conv3.cpp:86]   --->   Operation 477 'load' 'p_ZZ5conv3PA255_A255_fPA32_A5_A5_fPfS1_E7in_tile_0_4_0_load_1' <Predicate = true> <Delay = 1.23> <CoreInst = "RAM">   --->   Core 83 'RAM' <Latency = 1> <II = 1> <Delay = 1.23> <Storage> <Opcode : 'load' 'store'> <Ports = 2> <Width = 32> <Depth = 64> <RAM>
ST_12 : Operation 478 [2/2] (1.23ns)   --->   "%p_ZZ5conv3PA255_A255_fPA32_A5_A5_fPfS1_E7in_tile_1_0_0_load_1 = load i6 %p_ZZ5conv3PA255_A255_fPA32_A5_A5_fPfS1_E7in_tile_1_0_0_addr_1" [src/conv3.cpp:86]   --->   Operation 478 'load' 'p_ZZ5conv3PA255_A255_fPA32_A5_A5_fPfS1_E7in_tile_1_0_0_load_1' <Predicate = true> <Delay = 1.23> <CoreInst = "RAM">   --->   Core 83 'RAM' <Latency = 1> <II = 1> <Delay = 1.23> <Storage> <Opcode : 'load' 'store'> <Ports = 2> <Width = 32> <Depth = 64> <RAM>
ST_12 : Operation 479 [2/2] (1.23ns)   --->   "%p_ZZ5conv3PA255_A255_fPA32_A5_A5_fPfS1_E7in_tile_1_1_0_load_1 = load i6 %p_ZZ5conv3PA255_A255_fPA32_A5_A5_fPfS1_E7in_tile_1_1_0_addr_1" [src/conv3.cpp:86]   --->   Operation 479 'load' 'p_ZZ5conv3PA255_A255_fPA32_A5_A5_fPfS1_E7in_tile_1_1_0_load_1' <Predicate = true> <Delay = 1.23> <CoreInst = "RAM">   --->   Core 83 'RAM' <Latency = 1> <II = 1> <Delay = 1.23> <Storage> <Opcode : 'load' 'store'> <Ports = 2> <Width = 32> <Depth = 64> <RAM>
ST_12 : Operation 480 [2/2] (1.23ns)   --->   "%p_ZZ5conv3PA255_A255_fPA32_A5_A5_fPfS1_E7in_tile_1_2_0_load_1 = load i6 %p_ZZ5conv3PA255_A255_fPA32_A5_A5_fPfS1_E7in_tile_1_2_0_addr_1" [src/conv3.cpp:86]   --->   Operation 480 'load' 'p_ZZ5conv3PA255_A255_fPA32_A5_A5_fPfS1_E7in_tile_1_2_0_load_1' <Predicate = true> <Delay = 1.23> <CoreInst = "RAM">   --->   Core 83 'RAM' <Latency = 1> <II = 1> <Delay = 1.23> <Storage> <Opcode : 'load' 'store'> <Ports = 2> <Width = 32> <Depth = 64> <RAM>
ST_12 : Operation 481 [2/2] (1.23ns)   --->   "%p_ZZ5conv3PA255_A255_fPA32_A5_A5_fPfS1_E7in_tile_1_3_0_load_1 = load i6 %p_ZZ5conv3PA255_A255_fPA32_A5_A5_fPfS1_E7in_tile_1_3_0_addr_1" [src/conv3.cpp:86]   --->   Operation 481 'load' 'p_ZZ5conv3PA255_A255_fPA32_A5_A5_fPfS1_E7in_tile_1_3_0_load_1' <Predicate = true> <Delay = 1.23> <CoreInst = "RAM">   --->   Core 83 'RAM' <Latency = 1> <II = 1> <Delay = 1.23> <Storage> <Opcode : 'load' 'store'> <Ports = 2> <Width = 32> <Depth = 64> <RAM>
ST_12 : Operation 482 [2/2] (1.23ns)   --->   "%p_ZZ5conv3PA255_A255_fPA32_A5_A5_fPfS1_E7in_tile_1_4_0_load_1 = load i6 %p_ZZ5conv3PA255_A255_fPA32_A5_A5_fPfS1_E7in_tile_1_4_0_addr_1" [src/conv3.cpp:86]   --->   Operation 482 'load' 'p_ZZ5conv3PA255_A255_fPA32_A5_A5_fPfS1_E7in_tile_1_4_0_load_1' <Predicate = true> <Delay = 1.23> <CoreInst = "RAM">   --->   Core 83 'RAM' <Latency = 1> <II = 1> <Delay = 1.23> <Storage> <Opcode : 'load' 'store'> <Ports = 2> <Width = 32> <Depth = 64> <RAM>
ST_12 : Operation 483 [2/2] (1.23ns)   --->   "%p_ZZ5conv3PA255_A255_fPA32_A5_A5_fPfS1_E7in_tile_2_0_0_load_1 = load i6 %p_ZZ5conv3PA255_A255_fPA32_A5_A5_fPfS1_E7in_tile_2_0_0_addr_1" [src/conv3.cpp:86]   --->   Operation 483 'load' 'p_ZZ5conv3PA255_A255_fPA32_A5_A5_fPfS1_E7in_tile_2_0_0_load_1' <Predicate = true> <Delay = 1.23> <CoreInst = "RAM">   --->   Core 83 'RAM' <Latency = 1> <II = 1> <Delay = 1.23> <Storage> <Opcode : 'load' 'store'> <Ports = 2> <Width = 32> <Depth = 64> <RAM>
ST_12 : Operation 484 [2/2] (1.23ns)   --->   "%p_ZZ5conv3PA255_A255_fPA32_A5_A5_fPfS1_E7in_tile_2_1_0_load_1 = load i6 %p_ZZ5conv3PA255_A255_fPA32_A5_A5_fPfS1_E7in_tile_2_1_0_addr_1" [src/conv3.cpp:86]   --->   Operation 484 'load' 'p_ZZ5conv3PA255_A255_fPA32_A5_A5_fPfS1_E7in_tile_2_1_0_load_1' <Predicate = true> <Delay = 1.23> <CoreInst = "RAM">   --->   Core 83 'RAM' <Latency = 1> <II = 1> <Delay = 1.23> <Storage> <Opcode : 'load' 'store'> <Ports = 2> <Width = 32> <Depth = 64> <RAM>
ST_12 : Operation 485 [2/2] (1.23ns)   --->   "%p_ZZ5conv3PA255_A255_fPA32_A5_A5_fPfS1_E7in_tile_2_2_0_load_1 = load i6 %p_ZZ5conv3PA255_A255_fPA32_A5_A5_fPfS1_E7in_tile_2_2_0_addr_1" [src/conv3.cpp:86]   --->   Operation 485 'load' 'p_ZZ5conv3PA255_A255_fPA32_A5_A5_fPfS1_E7in_tile_2_2_0_load_1' <Predicate = true> <Delay = 1.23> <CoreInst = "RAM">   --->   Core 83 'RAM' <Latency = 1> <II = 1> <Delay = 1.23> <Storage> <Opcode : 'load' 'store'> <Ports = 2> <Width = 32> <Depth = 64> <RAM>
ST_12 : Operation 486 [2/2] (1.23ns)   --->   "%p_ZZ5conv3PA255_A255_fPA32_A5_A5_fPfS1_E7in_tile_2_3_0_load_1 = load i6 %p_ZZ5conv3PA255_A255_fPA32_A5_A5_fPfS1_E7in_tile_2_3_0_addr_1" [src/conv3.cpp:86]   --->   Operation 486 'load' 'p_ZZ5conv3PA255_A255_fPA32_A5_A5_fPfS1_E7in_tile_2_3_0_load_1' <Predicate = true> <Delay = 1.23> <CoreInst = "RAM">   --->   Core 83 'RAM' <Latency = 1> <II = 1> <Delay = 1.23> <Storage> <Opcode : 'load' 'store'> <Ports = 2> <Width = 32> <Depth = 64> <RAM>
ST_12 : Operation 487 [2/2] (1.23ns)   --->   "%p_ZZ5conv3PA255_A255_fPA32_A5_A5_fPfS1_E7in_tile_2_4_0_load_1 = load i6 %p_ZZ5conv3PA255_A255_fPA32_A5_A5_fPfS1_E7in_tile_2_4_0_addr_1" [src/conv3.cpp:86]   --->   Operation 487 'load' 'p_ZZ5conv3PA255_A255_fPA32_A5_A5_fPfS1_E7in_tile_2_4_0_load_1' <Predicate = true> <Delay = 1.23> <CoreInst = "RAM">   --->   Core 83 'RAM' <Latency = 1> <II = 1> <Delay = 1.23> <Storage> <Opcode : 'load' 'store'> <Ports = 2> <Width = 32> <Depth = 64> <RAM>
ST_12 : Operation 488 [2/2] (1.23ns)   --->   "%p_ZZ5conv3PA255_A255_fPA32_A5_A5_fPfS1_E7in_tile_3_0_0_load_1 = load i6 %p_ZZ5conv3PA255_A255_fPA32_A5_A5_fPfS1_E7in_tile_3_0_0_addr_1" [src/conv3.cpp:86]   --->   Operation 488 'load' 'p_ZZ5conv3PA255_A255_fPA32_A5_A5_fPfS1_E7in_tile_3_0_0_load_1' <Predicate = true> <Delay = 1.23> <CoreInst = "RAM">   --->   Core 83 'RAM' <Latency = 1> <II = 1> <Delay = 1.23> <Storage> <Opcode : 'load' 'store'> <Ports = 2> <Width = 32> <Depth = 64> <RAM>
ST_12 : Operation 489 [2/2] (1.23ns)   --->   "%p_ZZ5conv3PA255_A255_fPA32_A5_A5_fPfS1_E7in_tile_3_1_0_load_1 = load i6 %p_ZZ5conv3PA255_A255_fPA32_A5_A5_fPfS1_E7in_tile_3_1_0_addr_1" [src/conv3.cpp:86]   --->   Operation 489 'load' 'p_ZZ5conv3PA255_A255_fPA32_A5_A5_fPfS1_E7in_tile_3_1_0_load_1' <Predicate = true> <Delay = 1.23> <CoreInst = "RAM">   --->   Core 83 'RAM' <Latency = 1> <II = 1> <Delay = 1.23> <Storage> <Opcode : 'load' 'store'> <Ports = 2> <Width = 32> <Depth = 64> <RAM>
ST_12 : Operation 490 [2/2] (1.23ns)   --->   "%p_ZZ5conv3PA255_A255_fPA32_A5_A5_fPfS1_E7in_tile_3_2_0_load_1 = load i6 %p_ZZ5conv3PA255_A255_fPA32_A5_A5_fPfS1_E7in_tile_3_2_0_addr_1" [src/conv3.cpp:86]   --->   Operation 490 'load' 'p_ZZ5conv3PA255_A255_fPA32_A5_A5_fPfS1_E7in_tile_3_2_0_load_1' <Predicate = true> <Delay = 1.23> <CoreInst = "RAM">   --->   Core 83 'RAM' <Latency = 1> <II = 1> <Delay = 1.23> <Storage> <Opcode : 'load' 'store'> <Ports = 2> <Width = 32> <Depth = 64> <RAM>
ST_12 : Operation 491 [2/2] (1.23ns)   --->   "%p_ZZ5conv3PA255_A255_fPA32_A5_A5_fPfS1_E7in_tile_3_3_0_load_1 = load i6 %p_ZZ5conv3PA255_A255_fPA32_A5_A5_fPfS1_E7in_tile_3_3_0_addr_1" [src/conv3.cpp:86]   --->   Operation 491 'load' 'p_ZZ5conv3PA255_A255_fPA32_A5_A5_fPfS1_E7in_tile_3_3_0_load_1' <Predicate = true> <Delay = 1.23> <CoreInst = "RAM">   --->   Core 83 'RAM' <Latency = 1> <II = 1> <Delay = 1.23> <Storage> <Opcode : 'load' 'store'> <Ports = 2> <Width = 32> <Depth = 64> <RAM>
ST_12 : Operation 492 [2/2] (1.23ns)   --->   "%p_ZZ5conv3PA255_A255_fPA32_A5_A5_fPfS1_E7in_tile_3_4_0_load_1 = load i6 %p_ZZ5conv3PA255_A255_fPA32_A5_A5_fPfS1_E7in_tile_3_4_0_addr_1" [src/conv3.cpp:86]   --->   Operation 492 'load' 'p_ZZ5conv3PA255_A255_fPA32_A5_A5_fPfS1_E7in_tile_3_4_0_load_1' <Predicate = true> <Delay = 1.23> <CoreInst = "RAM">   --->   Core 83 'RAM' <Latency = 1> <II = 1> <Delay = 1.23> <Storage> <Opcode : 'load' 'store'> <Ports = 2> <Width = 32> <Depth = 64> <RAM>
ST_12 : Operation 493 [2/2] (1.23ns)   --->   "%p_ZZ5conv3PA255_A255_fPA32_A5_A5_fPfS1_E7in_tile_4_0_0_load_1 = load i6 %p_ZZ5conv3PA255_A255_fPA32_A5_A5_fPfS1_E7in_tile_4_0_0_addr_1" [src/conv3.cpp:86]   --->   Operation 493 'load' 'p_ZZ5conv3PA255_A255_fPA32_A5_A5_fPfS1_E7in_tile_4_0_0_load_1' <Predicate = true> <Delay = 1.23> <CoreInst = "RAM">   --->   Core 83 'RAM' <Latency = 1> <II = 1> <Delay = 1.23> <Storage> <Opcode : 'load' 'store'> <Ports = 2> <Width = 32> <Depth = 64> <RAM>
ST_12 : Operation 494 [2/2] (1.23ns)   --->   "%p_ZZ5conv3PA255_A255_fPA32_A5_A5_fPfS1_E7in_tile_4_1_0_load_1 = load i6 %p_ZZ5conv3PA255_A255_fPA32_A5_A5_fPfS1_E7in_tile_4_1_0_addr_1" [src/conv3.cpp:86]   --->   Operation 494 'load' 'p_ZZ5conv3PA255_A255_fPA32_A5_A5_fPfS1_E7in_tile_4_1_0_load_1' <Predicate = true> <Delay = 1.23> <CoreInst = "RAM">   --->   Core 83 'RAM' <Latency = 1> <II = 1> <Delay = 1.23> <Storage> <Opcode : 'load' 'store'> <Ports = 2> <Width = 32> <Depth = 64> <RAM>
ST_12 : Operation 495 [2/2] (1.23ns)   --->   "%p_ZZ5conv3PA255_A255_fPA32_A5_A5_fPfS1_E7in_tile_4_2_0_load_1 = load i6 %p_ZZ5conv3PA255_A255_fPA32_A5_A5_fPfS1_E7in_tile_4_2_0_addr_1" [src/conv3.cpp:86]   --->   Operation 495 'load' 'p_ZZ5conv3PA255_A255_fPA32_A5_A5_fPfS1_E7in_tile_4_2_0_load_1' <Predicate = true> <Delay = 1.23> <CoreInst = "RAM">   --->   Core 83 'RAM' <Latency = 1> <II = 1> <Delay = 1.23> <Storage> <Opcode : 'load' 'store'> <Ports = 2> <Width = 32> <Depth = 64> <RAM>
ST_12 : Operation 496 [2/2] (1.23ns)   --->   "%p_ZZ5conv3PA255_A255_fPA32_A5_A5_fPfS1_E7in_tile_4_3_0_load_1 = load i6 %p_ZZ5conv3PA255_A255_fPA32_A5_A5_fPfS1_E7in_tile_4_3_0_addr_1" [src/conv3.cpp:86]   --->   Operation 496 'load' 'p_ZZ5conv3PA255_A255_fPA32_A5_A5_fPfS1_E7in_tile_4_3_0_load_1' <Predicate = true> <Delay = 1.23> <CoreInst = "RAM">   --->   Core 83 'RAM' <Latency = 1> <II = 1> <Delay = 1.23> <Storage> <Opcode : 'load' 'store'> <Ports = 2> <Width = 32> <Depth = 64> <RAM>
ST_12 : Operation 497 [2/2] (1.23ns)   --->   "%p_ZZ5conv3PA255_A255_fPA32_A5_A5_fPfS1_E7in_tile_4_4_0_load_1 = load i6 %p_ZZ5conv3PA255_A255_fPA32_A5_A5_fPfS1_E7in_tile_4_4_0_addr_1" [src/conv3.cpp:86]   --->   Operation 497 'load' 'p_ZZ5conv3PA255_A255_fPA32_A5_A5_fPfS1_E7in_tile_4_4_0_load_1' <Predicate = true> <Delay = 1.23> <CoreInst = "RAM">   --->   Core 83 'RAM' <Latency = 1> <II = 1> <Delay = 1.23> <Storage> <Opcode : 'load' 'store'> <Ports = 2> <Width = 32> <Depth = 64> <RAM>
ST_12 : Operation 498 [2/2] (1.23ns)   --->   "%p_ZZ5conv3PA255_A255_fPA32_A5_A5_fPfS1_E7in_tile_0_0_0_load_2 = load i6 %p_ZZ5conv3PA255_A255_fPA32_A5_A5_fPfS1_E7in_tile_0_0_0_addr_2" [src/conv3.cpp:86]   --->   Operation 498 'load' 'p_ZZ5conv3PA255_A255_fPA32_A5_A5_fPfS1_E7in_tile_0_0_0_load_2' <Predicate = true> <Delay = 1.23> <CoreInst = "RAM">   --->   Core 83 'RAM' <Latency = 1> <II = 1> <Delay = 1.23> <Storage> <Opcode : 'load' 'store'> <Ports = 2> <Width = 32> <Depth = 64> <RAM>
ST_12 : Operation 499 [2/2] (1.23ns)   --->   "%p_ZZ5conv3PA255_A255_fPA32_A5_A5_fPfS1_E7in_tile_0_1_0_load_2 = load i6 %p_ZZ5conv3PA255_A255_fPA32_A5_A5_fPfS1_E7in_tile_0_1_0_addr_2" [src/conv3.cpp:86]   --->   Operation 499 'load' 'p_ZZ5conv3PA255_A255_fPA32_A5_A5_fPfS1_E7in_tile_0_1_0_load_2' <Predicate = true> <Delay = 1.23> <CoreInst = "RAM">   --->   Core 83 'RAM' <Latency = 1> <II = 1> <Delay = 1.23> <Storage> <Opcode : 'load' 'store'> <Ports = 2> <Width = 32> <Depth = 64> <RAM>
ST_12 : Operation 500 [2/2] (1.23ns)   --->   "%p_ZZ5conv3PA255_A255_fPA32_A5_A5_fPfS1_E7in_tile_0_2_0_load_2 = load i6 %p_ZZ5conv3PA255_A255_fPA32_A5_A5_fPfS1_E7in_tile_0_2_0_addr_2" [src/conv3.cpp:86]   --->   Operation 500 'load' 'p_ZZ5conv3PA255_A255_fPA32_A5_A5_fPfS1_E7in_tile_0_2_0_load_2' <Predicate = true> <Delay = 1.23> <CoreInst = "RAM">   --->   Core 83 'RAM' <Latency = 1> <II = 1> <Delay = 1.23> <Storage> <Opcode : 'load' 'store'> <Ports = 2> <Width = 32> <Depth = 64> <RAM>
ST_12 : Operation 501 [2/2] (1.23ns)   --->   "%p_ZZ5conv3PA255_A255_fPA32_A5_A5_fPfS1_E7in_tile_0_3_0_load_2 = load i6 %p_ZZ5conv3PA255_A255_fPA32_A5_A5_fPfS1_E7in_tile_0_3_0_addr_2" [src/conv3.cpp:86]   --->   Operation 501 'load' 'p_ZZ5conv3PA255_A255_fPA32_A5_A5_fPfS1_E7in_tile_0_3_0_load_2' <Predicate = true> <Delay = 1.23> <CoreInst = "RAM">   --->   Core 83 'RAM' <Latency = 1> <II = 1> <Delay = 1.23> <Storage> <Opcode : 'load' 'store'> <Ports = 2> <Width = 32> <Depth = 64> <RAM>
ST_12 : Operation 502 [2/2] (1.23ns)   --->   "%p_ZZ5conv3PA255_A255_fPA32_A5_A5_fPfS1_E7in_tile_0_4_0_load_2 = load i6 %p_ZZ5conv3PA255_A255_fPA32_A5_A5_fPfS1_E7in_tile_0_4_0_addr_2" [src/conv3.cpp:86]   --->   Operation 502 'load' 'p_ZZ5conv3PA255_A255_fPA32_A5_A5_fPfS1_E7in_tile_0_4_0_load_2' <Predicate = true> <Delay = 1.23> <CoreInst = "RAM">   --->   Core 83 'RAM' <Latency = 1> <II = 1> <Delay = 1.23> <Storage> <Opcode : 'load' 'store'> <Ports = 2> <Width = 32> <Depth = 64> <RAM>
ST_12 : Operation 503 [2/2] (1.23ns)   --->   "%p_ZZ5conv3PA255_A255_fPA32_A5_A5_fPfS1_E7in_tile_1_0_0_load_2 = load i6 %p_ZZ5conv3PA255_A255_fPA32_A5_A5_fPfS1_E7in_tile_1_0_0_addr_2" [src/conv3.cpp:86]   --->   Operation 503 'load' 'p_ZZ5conv3PA255_A255_fPA32_A5_A5_fPfS1_E7in_tile_1_0_0_load_2' <Predicate = true> <Delay = 1.23> <CoreInst = "RAM">   --->   Core 83 'RAM' <Latency = 1> <II = 1> <Delay = 1.23> <Storage> <Opcode : 'load' 'store'> <Ports = 2> <Width = 32> <Depth = 64> <RAM>
ST_12 : Operation 504 [2/2] (1.23ns)   --->   "%p_ZZ5conv3PA255_A255_fPA32_A5_A5_fPfS1_E7in_tile_1_1_0_load_2 = load i6 %p_ZZ5conv3PA255_A255_fPA32_A5_A5_fPfS1_E7in_tile_1_1_0_addr_2" [src/conv3.cpp:86]   --->   Operation 504 'load' 'p_ZZ5conv3PA255_A255_fPA32_A5_A5_fPfS1_E7in_tile_1_1_0_load_2' <Predicate = true> <Delay = 1.23> <CoreInst = "RAM">   --->   Core 83 'RAM' <Latency = 1> <II = 1> <Delay = 1.23> <Storage> <Opcode : 'load' 'store'> <Ports = 2> <Width = 32> <Depth = 64> <RAM>
ST_12 : Operation 505 [2/2] (1.23ns)   --->   "%p_ZZ5conv3PA255_A255_fPA32_A5_A5_fPfS1_E7in_tile_1_2_0_load_2 = load i6 %p_ZZ5conv3PA255_A255_fPA32_A5_A5_fPfS1_E7in_tile_1_2_0_addr_2" [src/conv3.cpp:86]   --->   Operation 505 'load' 'p_ZZ5conv3PA255_A255_fPA32_A5_A5_fPfS1_E7in_tile_1_2_0_load_2' <Predicate = true> <Delay = 1.23> <CoreInst = "RAM">   --->   Core 83 'RAM' <Latency = 1> <II = 1> <Delay = 1.23> <Storage> <Opcode : 'load' 'store'> <Ports = 2> <Width = 32> <Depth = 64> <RAM>
ST_12 : Operation 506 [2/2] (1.23ns)   --->   "%p_ZZ5conv3PA255_A255_fPA32_A5_A5_fPfS1_E7in_tile_1_3_0_load_2 = load i6 %p_ZZ5conv3PA255_A255_fPA32_A5_A5_fPfS1_E7in_tile_1_3_0_addr_2" [src/conv3.cpp:86]   --->   Operation 506 'load' 'p_ZZ5conv3PA255_A255_fPA32_A5_A5_fPfS1_E7in_tile_1_3_0_load_2' <Predicate = true> <Delay = 1.23> <CoreInst = "RAM">   --->   Core 83 'RAM' <Latency = 1> <II = 1> <Delay = 1.23> <Storage> <Opcode : 'load' 'store'> <Ports = 2> <Width = 32> <Depth = 64> <RAM>
ST_12 : Operation 507 [2/2] (1.23ns)   --->   "%p_ZZ5conv3PA255_A255_fPA32_A5_A5_fPfS1_E7in_tile_1_4_0_load_2 = load i6 %p_ZZ5conv3PA255_A255_fPA32_A5_A5_fPfS1_E7in_tile_1_4_0_addr_2" [src/conv3.cpp:86]   --->   Operation 507 'load' 'p_ZZ5conv3PA255_A255_fPA32_A5_A5_fPfS1_E7in_tile_1_4_0_load_2' <Predicate = true> <Delay = 1.23> <CoreInst = "RAM">   --->   Core 83 'RAM' <Latency = 1> <II = 1> <Delay = 1.23> <Storage> <Opcode : 'load' 'store'> <Ports = 2> <Width = 32> <Depth = 64> <RAM>
ST_12 : Operation 508 [2/2] (1.23ns)   --->   "%p_ZZ5conv3PA255_A255_fPA32_A5_A5_fPfS1_E7in_tile_2_0_0_load_2 = load i6 %p_ZZ5conv3PA255_A255_fPA32_A5_A5_fPfS1_E7in_tile_2_0_0_addr_2" [src/conv3.cpp:86]   --->   Operation 508 'load' 'p_ZZ5conv3PA255_A255_fPA32_A5_A5_fPfS1_E7in_tile_2_0_0_load_2' <Predicate = true> <Delay = 1.23> <CoreInst = "RAM">   --->   Core 83 'RAM' <Latency = 1> <II = 1> <Delay = 1.23> <Storage> <Opcode : 'load' 'store'> <Ports = 2> <Width = 32> <Depth = 64> <RAM>
ST_12 : Operation 509 [2/2] (1.23ns)   --->   "%p_ZZ5conv3PA255_A255_fPA32_A5_A5_fPfS1_E7in_tile_2_1_0_load_2 = load i6 %p_ZZ5conv3PA255_A255_fPA32_A5_A5_fPfS1_E7in_tile_2_1_0_addr_2" [src/conv3.cpp:86]   --->   Operation 509 'load' 'p_ZZ5conv3PA255_A255_fPA32_A5_A5_fPfS1_E7in_tile_2_1_0_load_2' <Predicate = true> <Delay = 1.23> <CoreInst = "RAM">   --->   Core 83 'RAM' <Latency = 1> <II = 1> <Delay = 1.23> <Storage> <Opcode : 'load' 'store'> <Ports = 2> <Width = 32> <Depth = 64> <RAM>
ST_12 : Operation 510 [2/2] (1.23ns)   --->   "%p_ZZ5conv3PA255_A255_fPA32_A5_A5_fPfS1_E7in_tile_2_2_0_load_2 = load i6 %p_ZZ5conv3PA255_A255_fPA32_A5_A5_fPfS1_E7in_tile_2_2_0_addr_2" [src/conv3.cpp:86]   --->   Operation 510 'load' 'p_ZZ5conv3PA255_A255_fPA32_A5_A5_fPfS1_E7in_tile_2_2_0_load_2' <Predicate = true> <Delay = 1.23> <CoreInst = "RAM">   --->   Core 83 'RAM' <Latency = 1> <II = 1> <Delay = 1.23> <Storage> <Opcode : 'load' 'store'> <Ports = 2> <Width = 32> <Depth = 64> <RAM>
ST_12 : Operation 511 [2/2] (1.23ns)   --->   "%p_ZZ5conv3PA255_A255_fPA32_A5_A5_fPfS1_E7in_tile_2_3_0_load_2 = load i6 %p_ZZ5conv3PA255_A255_fPA32_A5_A5_fPfS1_E7in_tile_2_3_0_addr_2" [src/conv3.cpp:86]   --->   Operation 511 'load' 'p_ZZ5conv3PA255_A255_fPA32_A5_A5_fPfS1_E7in_tile_2_3_0_load_2' <Predicate = true> <Delay = 1.23> <CoreInst = "RAM">   --->   Core 83 'RAM' <Latency = 1> <II = 1> <Delay = 1.23> <Storage> <Opcode : 'load' 'store'> <Ports = 2> <Width = 32> <Depth = 64> <RAM>
ST_12 : Operation 512 [2/2] (1.23ns)   --->   "%p_ZZ5conv3PA255_A255_fPA32_A5_A5_fPfS1_E7in_tile_2_4_0_load_2 = load i6 %p_ZZ5conv3PA255_A255_fPA32_A5_A5_fPfS1_E7in_tile_2_4_0_addr_2" [src/conv3.cpp:86]   --->   Operation 512 'load' 'p_ZZ5conv3PA255_A255_fPA32_A5_A5_fPfS1_E7in_tile_2_4_0_load_2' <Predicate = true> <Delay = 1.23> <CoreInst = "RAM">   --->   Core 83 'RAM' <Latency = 1> <II = 1> <Delay = 1.23> <Storage> <Opcode : 'load' 'store'> <Ports = 2> <Width = 32> <Depth = 64> <RAM>
ST_12 : Operation 513 [2/2] (1.23ns)   --->   "%p_ZZ5conv3PA255_A255_fPA32_A5_A5_fPfS1_E7in_tile_3_0_0_load_2 = load i6 %p_ZZ5conv3PA255_A255_fPA32_A5_A5_fPfS1_E7in_tile_3_0_0_addr_2" [src/conv3.cpp:86]   --->   Operation 513 'load' 'p_ZZ5conv3PA255_A255_fPA32_A5_A5_fPfS1_E7in_tile_3_0_0_load_2' <Predicate = true> <Delay = 1.23> <CoreInst = "RAM">   --->   Core 83 'RAM' <Latency = 1> <II = 1> <Delay = 1.23> <Storage> <Opcode : 'load' 'store'> <Ports = 2> <Width = 32> <Depth = 64> <RAM>
ST_12 : Operation 514 [2/2] (1.23ns)   --->   "%p_ZZ5conv3PA255_A255_fPA32_A5_A5_fPfS1_E7in_tile_3_1_0_load_2 = load i6 %p_ZZ5conv3PA255_A255_fPA32_A5_A5_fPfS1_E7in_tile_3_1_0_addr_2" [src/conv3.cpp:86]   --->   Operation 514 'load' 'p_ZZ5conv3PA255_A255_fPA32_A5_A5_fPfS1_E7in_tile_3_1_0_load_2' <Predicate = true> <Delay = 1.23> <CoreInst = "RAM">   --->   Core 83 'RAM' <Latency = 1> <II = 1> <Delay = 1.23> <Storage> <Opcode : 'load' 'store'> <Ports = 2> <Width = 32> <Depth = 64> <RAM>
ST_12 : Operation 515 [2/2] (1.23ns)   --->   "%p_ZZ5conv3PA255_A255_fPA32_A5_A5_fPfS1_E7in_tile_3_2_0_load_2 = load i6 %p_ZZ5conv3PA255_A255_fPA32_A5_A5_fPfS1_E7in_tile_3_2_0_addr_2" [src/conv3.cpp:86]   --->   Operation 515 'load' 'p_ZZ5conv3PA255_A255_fPA32_A5_A5_fPfS1_E7in_tile_3_2_0_load_2' <Predicate = true> <Delay = 1.23> <CoreInst = "RAM">   --->   Core 83 'RAM' <Latency = 1> <II = 1> <Delay = 1.23> <Storage> <Opcode : 'load' 'store'> <Ports = 2> <Width = 32> <Depth = 64> <RAM>
ST_12 : Operation 516 [2/2] (1.23ns)   --->   "%p_ZZ5conv3PA255_A255_fPA32_A5_A5_fPfS1_E7in_tile_3_3_0_load_2 = load i6 %p_ZZ5conv3PA255_A255_fPA32_A5_A5_fPfS1_E7in_tile_3_3_0_addr_2" [src/conv3.cpp:86]   --->   Operation 516 'load' 'p_ZZ5conv3PA255_A255_fPA32_A5_A5_fPfS1_E7in_tile_3_3_0_load_2' <Predicate = true> <Delay = 1.23> <CoreInst = "RAM">   --->   Core 83 'RAM' <Latency = 1> <II = 1> <Delay = 1.23> <Storage> <Opcode : 'load' 'store'> <Ports = 2> <Width = 32> <Depth = 64> <RAM>
ST_12 : Operation 517 [2/2] (1.23ns)   --->   "%p_ZZ5conv3PA255_A255_fPA32_A5_A5_fPfS1_E7in_tile_3_4_0_load_2 = load i6 %p_ZZ5conv3PA255_A255_fPA32_A5_A5_fPfS1_E7in_tile_3_4_0_addr_2" [src/conv3.cpp:86]   --->   Operation 517 'load' 'p_ZZ5conv3PA255_A255_fPA32_A5_A5_fPfS1_E7in_tile_3_4_0_load_2' <Predicate = true> <Delay = 1.23> <CoreInst = "RAM">   --->   Core 83 'RAM' <Latency = 1> <II = 1> <Delay = 1.23> <Storage> <Opcode : 'load' 'store'> <Ports = 2> <Width = 32> <Depth = 64> <RAM>
ST_12 : Operation 518 [2/2] (1.23ns)   --->   "%p_ZZ5conv3PA255_A255_fPA32_A5_A5_fPfS1_E7in_tile_4_0_0_load_2 = load i6 %p_ZZ5conv3PA255_A255_fPA32_A5_A5_fPfS1_E7in_tile_4_0_0_addr_2" [src/conv3.cpp:86]   --->   Operation 518 'load' 'p_ZZ5conv3PA255_A255_fPA32_A5_A5_fPfS1_E7in_tile_4_0_0_load_2' <Predicate = true> <Delay = 1.23> <CoreInst = "RAM">   --->   Core 83 'RAM' <Latency = 1> <II = 1> <Delay = 1.23> <Storage> <Opcode : 'load' 'store'> <Ports = 2> <Width = 32> <Depth = 64> <RAM>
ST_12 : Operation 519 [2/2] (1.23ns)   --->   "%p_ZZ5conv3PA255_A255_fPA32_A5_A5_fPfS1_E7in_tile_4_1_0_load_2 = load i6 %p_ZZ5conv3PA255_A255_fPA32_A5_A5_fPfS1_E7in_tile_4_1_0_addr_2" [src/conv3.cpp:86]   --->   Operation 519 'load' 'p_ZZ5conv3PA255_A255_fPA32_A5_A5_fPfS1_E7in_tile_4_1_0_load_2' <Predicate = true> <Delay = 1.23> <CoreInst = "RAM">   --->   Core 83 'RAM' <Latency = 1> <II = 1> <Delay = 1.23> <Storage> <Opcode : 'load' 'store'> <Ports = 2> <Width = 32> <Depth = 64> <RAM>
ST_12 : Operation 520 [2/2] (1.23ns)   --->   "%p_ZZ5conv3PA255_A255_fPA32_A5_A5_fPfS1_E7in_tile_4_2_0_load_2 = load i6 %p_ZZ5conv3PA255_A255_fPA32_A5_A5_fPfS1_E7in_tile_4_2_0_addr_2" [src/conv3.cpp:86]   --->   Operation 520 'load' 'p_ZZ5conv3PA255_A255_fPA32_A5_A5_fPfS1_E7in_tile_4_2_0_load_2' <Predicate = true> <Delay = 1.23> <CoreInst = "RAM">   --->   Core 83 'RAM' <Latency = 1> <II = 1> <Delay = 1.23> <Storage> <Opcode : 'load' 'store'> <Ports = 2> <Width = 32> <Depth = 64> <RAM>
ST_12 : Operation 521 [2/2] (1.23ns)   --->   "%p_ZZ5conv3PA255_A255_fPA32_A5_A5_fPfS1_E7in_tile_4_3_0_load_2 = load i6 %p_ZZ5conv3PA255_A255_fPA32_A5_A5_fPfS1_E7in_tile_4_3_0_addr_2" [src/conv3.cpp:86]   --->   Operation 521 'load' 'p_ZZ5conv3PA255_A255_fPA32_A5_A5_fPfS1_E7in_tile_4_3_0_load_2' <Predicate = true> <Delay = 1.23> <CoreInst = "RAM">   --->   Core 83 'RAM' <Latency = 1> <II = 1> <Delay = 1.23> <Storage> <Opcode : 'load' 'store'> <Ports = 2> <Width = 32> <Depth = 64> <RAM>
ST_12 : Operation 522 [2/2] (1.23ns)   --->   "%p_ZZ5conv3PA255_A255_fPA32_A5_A5_fPfS1_E7in_tile_4_4_0_load_2 = load i6 %p_ZZ5conv3PA255_A255_fPA32_A5_A5_fPfS1_E7in_tile_4_4_0_addr_2" [src/conv3.cpp:86]   --->   Operation 522 'load' 'p_ZZ5conv3PA255_A255_fPA32_A5_A5_fPfS1_E7in_tile_4_4_0_load_2' <Predicate = true> <Delay = 1.23> <CoreInst = "RAM">   --->   Core 83 'RAM' <Latency = 1> <II = 1> <Delay = 1.23> <Storage> <Opcode : 'load' 'store'> <Ports = 2> <Width = 32> <Depth = 64> <RAM>

State 13 <SV = 12> <Delay = 4.44>
ST_13 : Operation 523 [1/1] (0.78ns)   --->   "%empty_51 = add i6 %select_ln74, i6 3" [src/conv3.cpp:74]   --->   Operation 523 'add' 'empty_51' <Predicate = true> <Delay = 0.78> <CoreInst = "Adder">   --->   Core 1 'Adder' <Latency = 0> <II = 1> <Delay = 0.78> <FuncUnit> <Opcode : 'add' 'sub'> <InPorts = 2> <OutPorts = 1>
ST_13 : Operation 524 [1/1] (0.00ns)   --->   "%p_cast57 = zext i6 %empty_51" [src/conv3.cpp:74]   --->   Operation 524 'zext' 'p_cast57' <Predicate = true> <Delay = 0.00>
ST_13 : Operation 525 [1/1] (1.65ns)   --->   "%mul41 = mul i13 %p_cast57, i13 103" [src/conv3.cpp:74]   --->   Operation 525 'mul' 'mul41' <Predicate = true> <Delay = 1.65> <CoreInst = "Multiplier">   --->   Core 3 'Multiplier' <Latency = 0> <II = 1> <Delay = 1.65> <FuncUnit> <Opcode : 'mul'> <InPorts = 2> <OutPorts = 1>
ST_13 : Operation 526 [1/1] (0.00ns)   --->   "%tmp_18 = partselect i4 @_ssdm_op_PartSelect.i4.i13.i32.i32, i13 %mul41, i32 9, i32 12" [src/conv3.cpp:74]   --->   Operation 526 'partselect' 'tmp_18' <Predicate = true> <Delay = 0.00>
ST_13 : Operation 527 [1/1] (0.00ns)   --->   "%tmp_162 = zext i4 %tmp_18" [src/conv3.cpp:74]   --->   Operation 527 'zext' 'tmp_162' <Predicate = true> <Delay = 0.00>
ST_13 : Operation 528 [1/1] (0.78ns)   --->   "%empty_52 = add i6 %tmp_s, i6 %tmp_162" [src/conv3.cpp:74]   --->   Operation 528 'add' 'empty_52' <Predicate = true> <Delay = 0.78> <CoreInst = "Adder">   --->   Core 1 'Adder' <Latency = 0> <II = 1> <Delay = 0.78> <FuncUnit> <Opcode : 'add' 'sub'> <InPorts = 2> <OutPorts = 1>
ST_13 : Operation 529 [1/1] (0.00ns)   --->   "%p_cast74 = zext i6 %empty_52" [src/conv3.cpp:74]   --->   Operation 529 'zext' 'p_cast74' <Predicate = true> <Delay = 0.00>
ST_13 : Operation 530 [1/1] (0.00ns)   --->   "%p_ZZ5conv3PA255_A255_fPA32_A5_A5_fPfS1_E7in_tile_0_0_0_addr_3 = getelementptr i32 %p_ZZ5conv3PA255_A255_fPA32_A5_A5_fPfS1_E7in_tile_0_0_0, i64 0, i64 %p_cast74" [src/conv3.cpp:74]   --->   Operation 530 'getelementptr' 'p_ZZ5conv3PA255_A255_fPA32_A5_A5_fPfS1_E7in_tile_0_0_0_addr_3' <Predicate = true> <Delay = 0.00>
ST_13 : Operation 531 [1/1] (0.00ns)   --->   "%p_ZZ5conv3PA255_A255_fPA32_A5_A5_fPfS1_E7in_tile_0_1_0_addr_3 = getelementptr i32 %p_ZZ5conv3PA255_A255_fPA32_A5_A5_fPfS1_E7in_tile_0_1_0, i64 0, i64 %p_cast74" [src/conv3.cpp:74]   --->   Operation 531 'getelementptr' 'p_ZZ5conv3PA255_A255_fPA32_A5_A5_fPfS1_E7in_tile_0_1_0_addr_3' <Predicate = true> <Delay = 0.00>
ST_13 : Operation 532 [1/1] (0.00ns)   --->   "%p_ZZ5conv3PA255_A255_fPA32_A5_A5_fPfS1_E7in_tile_0_2_0_addr_3 = getelementptr i32 %p_ZZ5conv3PA255_A255_fPA32_A5_A5_fPfS1_E7in_tile_0_2_0, i64 0, i64 %p_cast74" [src/conv3.cpp:74]   --->   Operation 532 'getelementptr' 'p_ZZ5conv3PA255_A255_fPA32_A5_A5_fPfS1_E7in_tile_0_2_0_addr_3' <Predicate = true> <Delay = 0.00>
ST_13 : Operation 533 [1/1] (0.00ns)   --->   "%p_ZZ5conv3PA255_A255_fPA32_A5_A5_fPfS1_E7in_tile_0_3_0_addr_3 = getelementptr i32 %p_ZZ5conv3PA255_A255_fPA32_A5_A5_fPfS1_E7in_tile_0_3_0, i64 0, i64 %p_cast74" [src/conv3.cpp:74]   --->   Operation 533 'getelementptr' 'p_ZZ5conv3PA255_A255_fPA32_A5_A5_fPfS1_E7in_tile_0_3_0_addr_3' <Predicate = true> <Delay = 0.00>
ST_13 : Operation 534 [1/1] (0.00ns)   --->   "%p_ZZ5conv3PA255_A255_fPA32_A5_A5_fPfS1_E7in_tile_0_4_0_addr_3 = getelementptr i32 %p_ZZ5conv3PA255_A255_fPA32_A5_A5_fPfS1_E7in_tile_0_4_0, i64 0, i64 %p_cast74" [src/conv3.cpp:74]   --->   Operation 534 'getelementptr' 'p_ZZ5conv3PA255_A255_fPA32_A5_A5_fPfS1_E7in_tile_0_4_0_addr_3' <Predicate = true> <Delay = 0.00>
ST_13 : Operation 535 [1/1] (0.00ns)   --->   "%p_ZZ5conv3PA255_A255_fPA32_A5_A5_fPfS1_E7in_tile_1_0_0_addr_3 = getelementptr i32 %p_ZZ5conv3PA255_A255_fPA32_A5_A5_fPfS1_E7in_tile_1_0_0, i64 0, i64 %p_cast74" [src/conv3.cpp:74]   --->   Operation 535 'getelementptr' 'p_ZZ5conv3PA255_A255_fPA32_A5_A5_fPfS1_E7in_tile_1_0_0_addr_3' <Predicate = true> <Delay = 0.00>
ST_13 : Operation 536 [1/1] (0.00ns)   --->   "%p_ZZ5conv3PA255_A255_fPA32_A5_A5_fPfS1_E7in_tile_1_1_0_addr_3 = getelementptr i32 %p_ZZ5conv3PA255_A255_fPA32_A5_A5_fPfS1_E7in_tile_1_1_0, i64 0, i64 %p_cast74" [src/conv3.cpp:74]   --->   Operation 536 'getelementptr' 'p_ZZ5conv3PA255_A255_fPA32_A5_A5_fPfS1_E7in_tile_1_1_0_addr_3' <Predicate = true> <Delay = 0.00>
ST_13 : Operation 537 [1/1] (0.00ns)   --->   "%p_ZZ5conv3PA255_A255_fPA32_A5_A5_fPfS1_E7in_tile_1_2_0_addr_3 = getelementptr i32 %p_ZZ5conv3PA255_A255_fPA32_A5_A5_fPfS1_E7in_tile_1_2_0, i64 0, i64 %p_cast74" [src/conv3.cpp:74]   --->   Operation 537 'getelementptr' 'p_ZZ5conv3PA255_A255_fPA32_A5_A5_fPfS1_E7in_tile_1_2_0_addr_3' <Predicate = true> <Delay = 0.00>
ST_13 : Operation 538 [1/1] (0.00ns)   --->   "%p_ZZ5conv3PA255_A255_fPA32_A5_A5_fPfS1_E7in_tile_1_3_0_addr_3 = getelementptr i32 %p_ZZ5conv3PA255_A255_fPA32_A5_A5_fPfS1_E7in_tile_1_3_0, i64 0, i64 %p_cast74" [src/conv3.cpp:74]   --->   Operation 538 'getelementptr' 'p_ZZ5conv3PA255_A255_fPA32_A5_A5_fPfS1_E7in_tile_1_3_0_addr_3' <Predicate = true> <Delay = 0.00>
ST_13 : Operation 539 [1/1] (0.00ns)   --->   "%p_ZZ5conv3PA255_A255_fPA32_A5_A5_fPfS1_E7in_tile_1_4_0_addr_3 = getelementptr i32 %p_ZZ5conv3PA255_A255_fPA32_A5_A5_fPfS1_E7in_tile_1_4_0, i64 0, i64 %p_cast74" [src/conv3.cpp:74]   --->   Operation 539 'getelementptr' 'p_ZZ5conv3PA255_A255_fPA32_A5_A5_fPfS1_E7in_tile_1_4_0_addr_3' <Predicate = true> <Delay = 0.00>
ST_13 : Operation 540 [1/1] (0.00ns)   --->   "%p_ZZ5conv3PA255_A255_fPA32_A5_A5_fPfS1_E7in_tile_2_0_0_addr_3 = getelementptr i32 %p_ZZ5conv3PA255_A255_fPA32_A5_A5_fPfS1_E7in_tile_2_0_0, i64 0, i64 %p_cast74" [src/conv3.cpp:74]   --->   Operation 540 'getelementptr' 'p_ZZ5conv3PA255_A255_fPA32_A5_A5_fPfS1_E7in_tile_2_0_0_addr_3' <Predicate = true> <Delay = 0.00>
ST_13 : Operation 541 [1/1] (0.00ns)   --->   "%p_ZZ5conv3PA255_A255_fPA32_A5_A5_fPfS1_E7in_tile_2_1_0_addr_3 = getelementptr i32 %p_ZZ5conv3PA255_A255_fPA32_A5_A5_fPfS1_E7in_tile_2_1_0, i64 0, i64 %p_cast74" [src/conv3.cpp:74]   --->   Operation 541 'getelementptr' 'p_ZZ5conv3PA255_A255_fPA32_A5_A5_fPfS1_E7in_tile_2_1_0_addr_3' <Predicate = true> <Delay = 0.00>
ST_13 : Operation 542 [1/1] (0.00ns)   --->   "%p_ZZ5conv3PA255_A255_fPA32_A5_A5_fPfS1_E7in_tile_2_2_0_addr_3 = getelementptr i32 %p_ZZ5conv3PA255_A255_fPA32_A5_A5_fPfS1_E7in_tile_2_2_0, i64 0, i64 %p_cast74" [src/conv3.cpp:74]   --->   Operation 542 'getelementptr' 'p_ZZ5conv3PA255_A255_fPA32_A5_A5_fPfS1_E7in_tile_2_2_0_addr_3' <Predicate = true> <Delay = 0.00>
ST_13 : Operation 543 [1/1] (0.00ns)   --->   "%p_ZZ5conv3PA255_A255_fPA32_A5_A5_fPfS1_E7in_tile_2_3_0_addr_3 = getelementptr i32 %p_ZZ5conv3PA255_A255_fPA32_A5_A5_fPfS1_E7in_tile_2_3_0, i64 0, i64 %p_cast74" [src/conv3.cpp:74]   --->   Operation 543 'getelementptr' 'p_ZZ5conv3PA255_A255_fPA32_A5_A5_fPfS1_E7in_tile_2_3_0_addr_3' <Predicate = true> <Delay = 0.00>
ST_13 : Operation 544 [1/1] (0.00ns)   --->   "%p_ZZ5conv3PA255_A255_fPA32_A5_A5_fPfS1_E7in_tile_2_4_0_addr_3 = getelementptr i32 %p_ZZ5conv3PA255_A255_fPA32_A5_A5_fPfS1_E7in_tile_2_4_0, i64 0, i64 %p_cast74" [src/conv3.cpp:74]   --->   Operation 544 'getelementptr' 'p_ZZ5conv3PA255_A255_fPA32_A5_A5_fPfS1_E7in_tile_2_4_0_addr_3' <Predicate = true> <Delay = 0.00>
ST_13 : Operation 545 [1/1] (0.00ns)   --->   "%p_ZZ5conv3PA255_A255_fPA32_A5_A5_fPfS1_E7in_tile_3_0_0_addr_3 = getelementptr i32 %p_ZZ5conv3PA255_A255_fPA32_A5_A5_fPfS1_E7in_tile_3_0_0, i64 0, i64 %p_cast74" [src/conv3.cpp:74]   --->   Operation 545 'getelementptr' 'p_ZZ5conv3PA255_A255_fPA32_A5_A5_fPfS1_E7in_tile_3_0_0_addr_3' <Predicate = true> <Delay = 0.00>
ST_13 : Operation 546 [1/1] (0.00ns)   --->   "%p_ZZ5conv3PA255_A255_fPA32_A5_A5_fPfS1_E7in_tile_3_1_0_addr_3 = getelementptr i32 %p_ZZ5conv3PA255_A255_fPA32_A5_A5_fPfS1_E7in_tile_3_1_0, i64 0, i64 %p_cast74" [src/conv3.cpp:74]   --->   Operation 546 'getelementptr' 'p_ZZ5conv3PA255_A255_fPA32_A5_A5_fPfS1_E7in_tile_3_1_0_addr_3' <Predicate = true> <Delay = 0.00>
ST_13 : Operation 547 [1/1] (0.00ns)   --->   "%p_ZZ5conv3PA255_A255_fPA32_A5_A5_fPfS1_E7in_tile_3_2_0_addr_3 = getelementptr i32 %p_ZZ5conv3PA255_A255_fPA32_A5_A5_fPfS1_E7in_tile_3_2_0, i64 0, i64 %p_cast74" [src/conv3.cpp:74]   --->   Operation 547 'getelementptr' 'p_ZZ5conv3PA255_A255_fPA32_A5_A5_fPfS1_E7in_tile_3_2_0_addr_3' <Predicate = true> <Delay = 0.00>
ST_13 : Operation 548 [1/1] (0.00ns)   --->   "%p_ZZ5conv3PA255_A255_fPA32_A5_A5_fPfS1_E7in_tile_3_3_0_addr_3 = getelementptr i32 %p_ZZ5conv3PA255_A255_fPA32_A5_A5_fPfS1_E7in_tile_3_3_0, i64 0, i64 %p_cast74" [src/conv3.cpp:74]   --->   Operation 548 'getelementptr' 'p_ZZ5conv3PA255_A255_fPA32_A5_A5_fPfS1_E7in_tile_3_3_0_addr_3' <Predicate = true> <Delay = 0.00>
ST_13 : Operation 549 [1/1] (0.00ns)   --->   "%p_ZZ5conv3PA255_A255_fPA32_A5_A5_fPfS1_E7in_tile_3_4_0_addr_3 = getelementptr i32 %p_ZZ5conv3PA255_A255_fPA32_A5_A5_fPfS1_E7in_tile_3_4_0, i64 0, i64 %p_cast74" [src/conv3.cpp:74]   --->   Operation 549 'getelementptr' 'p_ZZ5conv3PA255_A255_fPA32_A5_A5_fPfS1_E7in_tile_3_4_0_addr_3' <Predicate = true> <Delay = 0.00>
ST_13 : Operation 550 [1/1] (0.00ns)   --->   "%p_ZZ5conv3PA255_A255_fPA32_A5_A5_fPfS1_E7in_tile_4_0_0_addr_3 = getelementptr i32 %p_ZZ5conv3PA255_A255_fPA32_A5_A5_fPfS1_E7in_tile_4_0_0, i64 0, i64 %p_cast74" [src/conv3.cpp:74]   --->   Operation 550 'getelementptr' 'p_ZZ5conv3PA255_A255_fPA32_A5_A5_fPfS1_E7in_tile_4_0_0_addr_3' <Predicate = true> <Delay = 0.00>
ST_13 : Operation 551 [1/1] (0.00ns)   --->   "%p_ZZ5conv3PA255_A255_fPA32_A5_A5_fPfS1_E7in_tile_4_1_0_addr_3 = getelementptr i32 %p_ZZ5conv3PA255_A255_fPA32_A5_A5_fPfS1_E7in_tile_4_1_0, i64 0, i64 %p_cast74" [src/conv3.cpp:74]   --->   Operation 551 'getelementptr' 'p_ZZ5conv3PA255_A255_fPA32_A5_A5_fPfS1_E7in_tile_4_1_0_addr_3' <Predicate = true> <Delay = 0.00>
ST_13 : Operation 552 [1/1] (0.00ns)   --->   "%p_ZZ5conv3PA255_A255_fPA32_A5_A5_fPfS1_E7in_tile_4_2_0_addr_3 = getelementptr i32 %p_ZZ5conv3PA255_A255_fPA32_A5_A5_fPfS1_E7in_tile_4_2_0, i64 0, i64 %p_cast74" [src/conv3.cpp:74]   --->   Operation 552 'getelementptr' 'p_ZZ5conv3PA255_A255_fPA32_A5_A5_fPfS1_E7in_tile_4_2_0_addr_3' <Predicate = true> <Delay = 0.00>
ST_13 : Operation 553 [1/1] (0.00ns)   --->   "%p_ZZ5conv3PA255_A255_fPA32_A5_A5_fPfS1_E7in_tile_4_3_0_addr_3 = getelementptr i32 %p_ZZ5conv3PA255_A255_fPA32_A5_A5_fPfS1_E7in_tile_4_3_0, i64 0, i64 %p_cast74" [src/conv3.cpp:74]   --->   Operation 553 'getelementptr' 'p_ZZ5conv3PA255_A255_fPA32_A5_A5_fPfS1_E7in_tile_4_3_0_addr_3' <Predicate = true> <Delay = 0.00>
ST_13 : Operation 554 [1/1] (0.00ns)   --->   "%p_ZZ5conv3PA255_A255_fPA32_A5_A5_fPfS1_E7in_tile_4_4_0_addr_3 = getelementptr i32 %p_ZZ5conv3PA255_A255_fPA32_A5_A5_fPfS1_E7in_tile_4_4_0, i64 0, i64 %p_cast74" [src/conv3.cpp:74]   --->   Operation 554 'getelementptr' 'p_ZZ5conv3PA255_A255_fPA32_A5_A5_fPfS1_E7in_tile_4_4_0_addr_3' <Predicate = true> <Delay = 0.00>
ST_13 : Operation 555 [1/1] (0.78ns)   --->   "%empty_57 = add i6 %select_ln74, i6 4" [src/conv3.cpp:74]   --->   Operation 555 'add' 'empty_57' <Predicate = true> <Delay = 0.78> <CoreInst = "Adder">   --->   Core 1 'Adder' <Latency = 0> <II = 1> <Delay = 0.78> <FuncUnit> <Opcode : 'add' 'sub'> <InPorts = 2> <OutPorts = 1>
ST_13 : Operation 556 [1/1] (0.00ns)   --->   "%p_cast58 = zext i6 %empty_57" [src/conv3.cpp:74]   --->   Operation 556 'zext' 'p_cast58' <Predicate = true> <Delay = 0.00>
ST_13 : Operation 557 [1/1] (1.65ns)   --->   "%mul39 = mul i13 %p_cast58, i13 103" [src/conv3.cpp:74]   --->   Operation 557 'mul' 'mul39' <Predicate = true> <Delay = 1.65> <CoreInst = "Multiplier">   --->   Core 3 'Multiplier' <Latency = 0> <II = 1> <Delay = 1.65> <FuncUnit> <Opcode : 'mul'> <InPorts = 2> <OutPorts = 1>
ST_13 : Operation 558 [1/1] (0.00ns)   --->   "%tmp_19 = partselect i4 @_ssdm_op_PartSelect.i4.i13.i32.i32, i13 %mul39, i32 9, i32 12" [src/conv3.cpp:74]   --->   Operation 558 'partselect' 'tmp_19' <Predicate = true> <Delay = 0.00>
ST_13 : Operation 559 [1/1] (0.00ns)   --->   "%tmp_163 = zext i4 %tmp_19" [src/conv3.cpp:74]   --->   Operation 559 'zext' 'tmp_163' <Predicate = true> <Delay = 0.00>
ST_13 : Operation 560 [1/1] (0.78ns)   --->   "%empty_58 = add i6 %tmp_s, i6 %tmp_163" [src/conv3.cpp:74]   --->   Operation 560 'add' 'empty_58' <Predicate = true> <Delay = 0.78> <CoreInst = "Adder">   --->   Core 1 'Adder' <Latency = 0> <II = 1> <Delay = 0.78> <FuncUnit> <Opcode : 'add' 'sub'> <InPorts = 2> <OutPorts = 1>
ST_13 : Operation 561 [1/1] (0.00ns)   --->   "%p_cast79 = zext i6 %empty_58" [src/conv3.cpp:74]   --->   Operation 561 'zext' 'p_cast79' <Predicate = true> <Delay = 0.00>
ST_13 : Operation 562 [1/1] (0.00ns)   --->   "%p_ZZ5conv3PA255_A255_fPA32_A5_A5_fPfS1_E7in_tile_0_0_0_addr_4 = getelementptr i32 %p_ZZ5conv3PA255_A255_fPA32_A5_A5_fPfS1_E7in_tile_0_0_0, i64 0, i64 %p_cast79" [src/conv3.cpp:74]   --->   Operation 562 'getelementptr' 'p_ZZ5conv3PA255_A255_fPA32_A5_A5_fPfS1_E7in_tile_0_0_0_addr_4' <Predicate = true> <Delay = 0.00>
ST_13 : Operation 563 [1/1] (0.00ns)   --->   "%p_ZZ5conv3PA255_A255_fPA32_A5_A5_fPfS1_E7in_tile_0_1_0_addr_4 = getelementptr i32 %p_ZZ5conv3PA255_A255_fPA32_A5_A5_fPfS1_E7in_tile_0_1_0, i64 0, i64 %p_cast79" [src/conv3.cpp:74]   --->   Operation 563 'getelementptr' 'p_ZZ5conv3PA255_A255_fPA32_A5_A5_fPfS1_E7in_tile_0_1_0_addr_4' <Predicate = true> <Delay = 0.00>
ST_13 : Operation 564 [1/1] (0.00ns)   --->   "%p_ZZ5conv3PA255_A255_fPA32_A5_A5_fPfS1_E7in_tile_0_2_0_addr_4 = getelementptr i32 %p_ZZ5conv3PA255_A255_fPA32_A5_A5_fPfS1_E7in_tile_0_2_0, i64 0, i64 %p_cast79" [src/conv3.cpp:74]   --->   Operation 564 'getelementptr' 'p_ZZ5conv3PA255_A255_fPA32_A5_A5_fPfS1_E7in_tile_0_2_0_addr_4' <Predicate = true> <Delay = 0.00>
ST_13 : Operation 565 [1/1] (0.00ns)   --->   "%p_ZZ5conv3PA255_A255_fPA32_A5_A5_fPfS1_E7in_tile_0_3_0_addr_4 = getelementptr i32 %p_ZZ5conv3PA255_A255_fPA32_A5_A5_fPfS1_E7in_tile_0_3_0, i64 0, i64 %p_cast79" [src/conv3.cpp:74]   --->   Operation 565 'getelementptr' 'p_ZZ5conv3PA255_A255_fPA32_A5_A5_fPfS1_E7in_tile_0_3_0_addr_4' <Predicate = true> <Delay = 0.00>
ST_13 : Operation 566 [1/1] (0.00ns)   --->   "%p_ZZ5conv3PA255_A255_fPA32_A5_A5_fPfS1_E7in_tile_0_4_0_addr_4 = getelementptr i32 %p_ZZ5conv3PA255_A255_fPA32_A5_A5_fPfS1_E7in_tile_0_4_0, i64 0, i64 %p_cast79" [src/conv3.cpp:74]   --->   Operation 566 'getelementptr' 'p_ZZ5conv3PA255_A255_fPA32_A5_A5_fPfS1_E7in_tile_0_4_0_addr_4' <Predicate = true> <Delay = 0.00>
ST_13 : Operation 567 [1/1] (0.00ns)   --->   "%p_ZZ5conv3PA255_A255_fPA32_A5_A5_fPfS1_E7in_tile_1_0_0_addr_4 = getelementptr i32 %p_ZZ5conv3PA255_A255_fPA32_A5_A5_fPfS1_E7in_tile_1_0_0, i64 0, i64 %p_cast79" [src/conv3.cpp:74]   --->   Operation 567 'getelementptr' 'p_ZZ5conv3PA255_A255_fPA32_A5_A5_fPfS1_E7in_tile_1_0_0_addr_4' <Predicate = true> <Delay = 0.00>
ST_13 : Operation 568 [1/1] (0.00ns)   --->   "%p_ZZ5conv3PA255_A255_fPA32_A5_A5_fPfS1_E7in_tile_1_1_0_addr_4 = getelementptr i32 %p_ZZ5conv3PA255_A255_fPA32_A5_A5_fPfS1_E7in_tile_1_1_0, i64 0, i64 %p_cast79" [src/conv3.cpp:74]   --->   Operation 568 'getelementptr' 'p_ZZ5conv3PA255_A255_fPA32_A5_A5_fPfS1_E7in_tile_1_1_0_addr_4' <Predicate = true> <Delay = 0.00>
ST_13 : Operation 569 [1/1] (0.00ns)   --->   "%p_ZZ5conv3PA255_A255_fPA32_A5_A5_fPfS1_E7in_tile_1_2_0_addr_4 = getelementptr i32 %p_ZZ5conv3PA255_A255_fPA32_A5_A5_fPfS1_E7in_tile_1_2_0, i64 0, i64 %p_cast79" [src/conv3.cpp:74]   --->   Operation 569 'getelementptr' 'p_ZZ5conv3PA255_A255_fPA32_A5_A5_fPfS1_E7in_tile_1_2_0_addr_4' <Predicate = true> <Delay = 0.00>
ST_13 : Operation 570 [1/1] (0.00ns)   --->   "%p_ZZ5conv3PA255_A255_fPA32_A5_A5_fPfS1_E7in_tile_1_3_0_addr_4 = getelementptr i32 %p_ZZ5conv3PA255_A255_fPA32_A5_A5_fPfS1_E7in_tile_1_3_0, i64 0, i64 %p_cast79" [src/conv3.cpp:74]   --->   Operation 570 'getelementptr' 'p_ZZ5conv3PA255_A255_fPA32_A5_A5_fPfS1_E7in_tile_1_3_0_addr_4' <Predicate = true> <Delay = 0.00>
ST_13 : Operation 571 [1/1] (0.00ns)   --->   "%p_ZZ5conv3PA255_A255_fPA32_A5_A5_fPfS1_E7in_tile_1_4_0_addr_4 = getelementptr i32 %p_ZZ5conv3PA255_A255_fPA32_A5_A5_fPfS1_E7in_tile_1_4_0, i64 0, i64 %p_cast79" [src/conv3.cpp:74]   --->   Operation 571 'getelementptr' 'p_ZZ5conv3PA255_A255_fPA32_A5_A5_fPfS1_E7in_tile_1_4_0_addr_4' <Predicate = true> <Delay = 0.00>
ST_13 : Operation 572 [1/1] (0.00ns)   --->   "%p_ZZ5conv3PA255_A255_fPA32_A5_A5_fPfS1_E7in_tile_2_0_0_addr_4 = getelementptr i32 %p_ZZ5conv3PA255_A255_fPA32_A5_A5_fPfS1_E7in_tile_2_0_0, i64 0, i64 %p_cast79" [src/conv3.cpp:74]   --->   Operation 572 'getelementptr' 'p_ZZ5conv3PA255_A255_fPA32_A5_A5_fPfS1_E7in_tile_2_0_0_addr_4' <Predicate = true> <Delay = 0.00>
ST_13 : Operation 573 [1/1] (0.00ns)   --->   "%p_ZZ5conv3PA255_A255_fPA32_A5_A5_fPfS1_E7in_tile_2_1_0_addr_4 = getelementptr i32 %p_ZZ5conv3PA255_A255_fPA32_A5_A5_fPfS1_E7in_tile_2_1_0, i64 0, i64 %p_cast79" [src/conv3.cpp:74]   --->   Operation 573 'getelementptr' 'p_ZZ5conv3PA255_A255_fPA32_A5_A5_fPfS1_E7in_tile_2_1_0_addr_4' <Predicate = true> <Delay = 0.00>
ST_13 : Operation 574 [1/1] (0.00ns)   --->   "%p_ZZ5conv3PA255_A255_fPA32_A5_A5_fPfS1_E7in_tile_2_2_0_addr_4 = getelementptr i32 %p_ZZ5conv3PA255_A255_fPA32_A5_A5_fPfS1_E7in_tile_2_2_0, i64 0, i64 %p_cast79" [src/conv3.cpp:74]   --->   Operation 574 'getelementptr' 'p_ZZ5conv3PA255_A255_fPA32_A5_A5_fPfS1_E7in_tile_2_2_0_addr_4' <Predicate = true> <Delay = 0.00>
ST_13 : Operation 575 [1/1] (0.00ns)   --->   "%p_ZZ5conv3PA255_A255_fPA32_A5_A5_fPfS1_E7in_tile_2_3_0_addr_4 = getelementptr i32 %p_ZZ5conv3PA255_A255_fPA32_A5_A5_fPfS1_E7in_tile_2_3_0, i64 0, i64 %p_cast79" [src/conv3.cpp:74]   --->   Operation 575 'getelementptr' 'p_ZZ5conv3PA255_A255_fPA32_A5_A5_fPfS1_E7in_tile_2_3_0_addr_4' <Predicate = true> <Delay = 0.00>
ST_13 : Operation 576 [1/1] (0.00ns)   --->   "%p_ZZ5conv3PA255_A255_fPA32_A5_A5_fPfS1_E7in_tile_2_4_0_addr_4 = getelementptr i32 %p_ZZ5conv3PA255_A255_fPA32_A5_A5_fPfS1_E7in_tile_2_4_0, i64 0, i64 %p_cast79" [src/conv3.cpp:74]   --->   Operation 576 'getelementptr' 'p_ZZ5conv3PA255_A255_fPA32_A5_A5_fPfS1_E7in_tile_2_4_0_addr_4' <Predicate = true> <Delay = 0.00>
ST_13 : Operation 577 [1/1] (0.00ns)   --->   "%p_ZZ5conv3PA255_A255_fPA32_A5_A5_fPfS1_E7in_tile_3_0_0_addr_4 = getelementptr i32 %p_ZZ5conv3PA255_A255_fPA32_A5_A5_fPfS1_E7in_tile_3_0_0, i64 0, i64 %p_cast79" [src/conv3.cpp:74]   --->   Operation 577 'getelementptr' 'p_ZZ5conv3PA255_A255_fPA32_A5_A5_fPfS1_E7in_tile_3_0_0_addr_4' <Predicate = true> <Delay = 0.00>
ST_13 : Operation 578 [1/1] (0.00ns)   --->   "%p_ZZ5conv3PA255_A255_fPA32_A5_A5_fPfS1_E7in_tile_3_1_0_addr_4 = getelementptr i32 %p_ZZ5conv3PA255_A255_fPA32_A5_A5_fPfS1_E7in_tile_3_1_0, i64 0, i64 %p_cast79" [src/conv3.cpp:74]   --->   Operation 578 'getelementptr' 'p_ZZ5conv3PA255_A255_fPA32_A5_A5_fPfS1_E7in_tile_3_1_0_addr_4' <Predicate = true> <Delay = 0.00>
ST_13 : Operation 579 [1/1] (0.00ns)   --->   "%p_ZZ5conv3PA255_A255_fPA32_A5_A5_fPfS1_E7in_tile_3_2_0_addr_4 = getelementptr i32 %p_ZZ5conv3PA255_A255_fPA32_A5_A5_fPfS1_E7in_tile_3_2_0, i64 0, i64 %p_cast79" [src/conv3.cpp:74]   --->   Operation 579 'getelementptr' 'p_ZZ5conv3PA255_A255_fPA32_A5_A5_fPfS1_E7in_tile_3_2_0_addr_4' <Predicate = true> <Delay = 0.00>
ST_13 : Operation 580 [1/1] (0.00ns)   --->   "%p_ZZ5conv3PA255_A255_fPA32_A5_A5_fPfS1_E7in_tile_3_3_0_addr_4 = getelementptr i32 %p_ZZ5conv3PA255_A255_fPA32_A5_A5_fPfS1_E7in_tile_3_3_0, i64 0, i64 %p_cast79" [src/conv3.cpp:74]   --->   Operation 580 'getelementptr' 'p_ZZ5conv3PA255_A255_fPA32_A5_A5_fPfS1_E7in_tile_3_3_0_addr_4' <Predicate = true> <Delay = 0.00>
ST_13 : Operation 581 [1/1] (0.00ns)   --->   "%p_ZZ5conv3PA255_A255_fPA32_A5_A5_fPfS1_E7in_tile_3_4_0_addr_4 = getelementptr i32 %p_ZZ5conv3PA255_A255_fPA32_A5_A5_fPfS1_E7in_tile_3_4_0, i64 0, i64 %p_cast79" [src/conv3.cpp:74]   --->   Operation 581 'getelementptr' 'p_ZZ5conv3PA255_A255_fPA32_A5_A5_fPfS1_E7in_tile_3_4_0_addr_4' <Predicate = true> <Delay = 0.00>
ST_13 : Operation 582 [1/1] (0.00ns)   --->   "%p_ZZ5conv3PA255_A255_fPA32_A5_A5_fPfS1_E7in_tile_4_0_0_addr_4 = getelementptr i32 %p_ZZ5conv3PA255_A255_fPA32_A5_A5_fPfS1_E7in_tile_4_0_0, i64 0, i64 %p_cast79" [src/conv3.cpp:74]   --->   Operation 582 'getelementptr' 'p_ZZ5conv3PA255_A255_fPA32_A5_A5_fPfS1_E7in_tile_4_0_0_addr_4' <Predicate = true> <Delay = 0.00>
ST_13 : Operation 583 [1/1] (0.00ns)   --->   "%p_ZZ5conv3PA255_A255_fPA32_A5_A5_fPfS1_E7in_tile_4_1_0_addr_4 = getelementptr i32 %p_ZZ5conv3PA255_A255_fPA32_A5_A5_fPfS1_E7in_tile_4_1_0, i64 0, i64 %p_cast79" [src/conv3.cpp:74]   --->   Operation 583 'getelementptr' 'p_ZZ5conv3PA255_A255_fPA32_A5_A5_fPfS1_E7in_tile_4_1_0_addr_4' <Predicate = true> <Delay = 0.00>
ST_13 : Operation 584 [1/1] (0.00ns)   --->   "%p_ZZ5conv3PA255_A255_fPA32_A5_A5_fPfS1_E7in_tile_4_2_0_addr_4 = getelementptr i32 %p_ZZ5conv3PA255_A255_fPA32_A5_A5_fPfS1_E7in_tile_4_2_0, i64 0, i64 %p_cast79" [src/conv3.cpp:74]   --->   Operation 584 'getelementptr' 'p_ZZ5conv3PA255_A255_fPA32_A5_A5_fPfS1_E7in_tile_4_2_0_addr_4' <Predicate = true> <Delay = 0.00>
ST_13 : Operation 585 [1/1] (0.00ns)   --->   "%p_ZZ5conv3PA255_A255_fPA32_A5_A5_fPfS1_E7in_tile_4_3_0_addr_4 = getelementptr i32 %p_ZZ5conv3PA255_A255_fPA32_A5_A5_fPfS1_E7in_tile_4_3_0, i64 0, i64 %p_cast79" [src/conv3.cpp:74]   --->   Operation 585 'getelementptr' 'p_ZZ5conv3PA255_A255_fPA32_A5_A5_fPfS1_E7in_tile_4_3_0_addr_4' <Predicate = true> <Delay = 0.00>
ST_13 : Operation 586 [1/1] (0.00ns)   --->   "%p_ZZ5conv3PA255_A255_fPA32_A5_A5_fPfS1_E7in_tile_4_4_0_addr_4 = getelementptr i32 %p_ZZ5conv3PA255_A255_fPA32_A5_A5_fPfS1_E7in_tile_4_4_0, i64 0, i64 %p_cast79" [src/conv3.cpp:74]   --->   Operation 586 'getelementptr' 'p_ZZ5conv3PA255_A255_fPA32_A5_A5_fPfS1_E7in_tile_4_4_0_addr_4' <Predicate = true> <Delay = 0.00>
ST_13 : Operation 587 [1/2] (1.23ns)   --->   "%p_ZZ5conv3PA255_A255_fPA32_A5_A5_fPfS1_E7in_tile_0_0_0_load_1 = load i6 %p_ZZ5conv3PA255_A255_fPA32_A5_A5_fPfS1_E7in_tile_0_0_0_addr_1" [src/conv3.cpp:86]   --->   Operation 587 'load' 'p_ZZ5conv3PA255_A255_fPA32_A5_A5_fPfS1_E7in_tile_0_0_0_load_1' <Predicate = true> <Delay = 1.23> <CoreInst = "RAM">   --->   Core 83 'RAM' <Latency = 1> <II = 1> <Delay = 1.23> <Storage> <Opcode : 'load' 'store'> <Ports = 2> <Width = 32> <Depth = 64> <RAM>
ST_13 : Operation 588 [1/2] (1.23ns)   --->   "%p_ZZ5conv3PA255_A255_fPA32_A5_A5_fPfS1_E7in_tile_0_1_0_load_1 = load i6 %p_ZZ5conv3PA255_A255_fPA32_A5_A5_fPfS1_E7in_tile_0_1_0_addr_1" [src/conv3.cpp:86]   --->   Operation 588 'load' 'p_ZZ5conv3PA255_A255_fPA32_A5_A5_fPfS1_E7in_tile_0_1_0_load_1' <Predicate = true> <Delay = 1.23> <CoreInst = "RAM">   --->   Core 83 'RAM' <Latency = 1> <II = 1> <Delay = 1.23> <Storage> <Opcode : 'load' 'store'> <Ports = 2> <Width = 32> <Depth = 64> <RAM>
ST_13 : Operation 589 [1/2] (1.23ns)   --->   "%p_ZZ5conv3PA255_A255_fPA32_A5_A5_fPfS1_E7in_tile_0_2_0_load_1 = load i6 %p_ZZ5conv3PA255_A255_fPA32_A5_A5_fPfS1_E7in_tile_0_2_0_addr_1" [src/conv3.cpp:86]   --->   Operation 589 'load' 'p_ZZ5conv3PA255_A255_fPA32_A5_A5_fPfS1_E7in_tile_0_2_0_load_1' <Predicate = true> <Delay = 1.23> <CoreInst = "RAM">   --->   Core 83 'RAM' <Latency = 1> <II = 1> <Delay = 1.23> <Storage> <Opcode : 'load' 'store'> <Ports = 2> <Width = 32> <Depth = 64> <RAM>
ST_13 : Operation 590 [1/2] (1.23ns)   --->   "%p_ZZ5conv3PA255_A255_fPA32_A5_A5_fPfS1_E7in_tile_0_3_0_load_1 = load i6 %p_ZZ5conv3PA255_A255_fPA32_A5_A5_fPfS1_E7in_tile_0_3_0_addr_1" [src/conv3.cpp:86]   --->   Operation 590 'load' 'p_ZZ5conv3PA255_A255_fPA32_A5_A5_fPfS1_E7in_tile_0_3_0_load_1' <Predicate = true> <Delay = 1.23> <CoreInst = "RAM">   --->   Core 83 'RAM' <Latency = 1> <II = 1> <Delay = 1.23> <Storage> <Opcode : 'load' 'store'> <Ports = 2> <Width = 32> <Depth = 64> <RAM>
ST_13 : Operation 591 [1/2] (1.23ns)   --->   "%p_ZZ5conv3PA255_A255_fPA32_A5_A5_fPfS1_E7in_tile_0_4_0_load_1 = load i6 %p_ZZ5conv3PA255_A255_fPA32_A5_A5_fPfS1_E7in_tile_0_4_0_addr_1" [src/conv3.cpp:86]   --->   Operation 591 'load' 'p_ZZ5conv3PA255_A255_fPA32_A5_A5_fPfS1_E7in_tile_0_4_0_load_1' <Predicate = true> <Delay = 1.23> <CoreInst = "RAM">   --->   Core 83 'RAM' <Latency = 1> <II = 1> <Delay = 1.23> <Storage> <Opcode : 'load' 'store'> <Ports = 2> <Width = 32> <Depth = 64> <RAM>
ST_13 : Operation 592 [1/2] (1.23ns)   --->   "%p_ZZ5conv3PA255_A255_fPA32_A5_A5_fPfS1_E7in_tile_1_0_0_load_1 = load i6 %p_ZZ5conv3PA255_A255_fPA32_A5_A5_fPfS1_E7in_tile_1_0_0_addr_1" [src/conv3.cpp:86]   --->   Operation 592 'load' 'p_ZZ5conv3PA255_A255_fPA32_A5_A5_fPfS1_E7in_tile_1_0_0_load_1' <Predicate = true> <Delay = 1.23> <CoreInst = "RAM">   --->   Core 83 'RAM' <Latency = 1> <II = 1> <Delay = 1.23> <Storage> <Opcode : 'load' 'store'> <Ports = 2> <Width = 32> <Depth = 64> <RAM>
ST_13 : Operation 593 [1/2] (1.23ns)   --->   "%p_ZZ5conv3PA255_A255_fPA32_A5_A5_fPfS1_E7in_tile_1_1_0_load_1 = load i6 %p_ZZ5conv3PA255_A255_fPA32_A5_A5_fPfS1_E7in_tile_1_1_0_addr_1" [src/conv3.cpp:86]   --->   Operation 593 'load' 'p_ZZ5conv3PA255_A255_fPA32_A5_A5_fPfS1_E7in_tile_1_1_0_load_1' <Predicate = true> <Delay = 1.23> <CoreInst = "RAM">   --->   Core 83 'RAM' <Latency = 1> <II = 1> <Delay = 1.23> <Storage> <Opcode : 'load' 'store'> <Ports = 2> <Width = 32> <Depth = 64> <RAM>
ST_13 : Operation 594 [1/2] (1.23ns)   --->   "%p_ZZ5conv3PA255_A255_fPA32_A5_A5_fPfS1_E7in_tile_1_2_0_load_1 = load i6 %p_ZZ5conv3PA255_A255_fPA32_A5_A5_fPfS1_E7in_tile_1_2_0_addr_1" [src/conv3.cpp:86]   --->   Operation 594 'load' 'p_ZZ5conv3PA255_A255_fPA32_A5_A5_fPfS1_E7in_tile_1_2_0_load_1' <Predicate = true> <Delay = 1.23> <CoreInst = "RAM">   --->   Core 83 'RAM' <Latency = 1> <II = 1> <Delay = 1.23> <Storage> <Opcode : 'load' 'store'> <Ports = 2> <Width = 32> <Depth = 64> <RAM>
ST_13 : Operation 595 [1/2] (1.23ns)   --->   "%p_ZZ5conv3PA255_A255_fPA32_A5_A5_fPfS1_E7in_tile_1_3_0_load_1 = load i6 %p_ZZ5conv3PA255_A255_fPA32_A5_A5_fPfS1_E7in_tile_1_3_0_addr_1" [src/conv3.cpp:86]   --->   Operation 595 'load' 'p_ZZ5conv3PA255_A255_fPA32_A5_A5_fPfS1_E7in_tile_1_3_0_load_1' <Predicate = true> <Delay = 1.23> <CoreInst = "RAM">   --->   Core 83 'RAM' <Latency = 1> <II = 1> <Delay = 1.23> <Storage> <Opcode : 'load' 'store'> <Ports = 2> <Width = 32> <Depth = 64> <RAM>
ST_13 : Operation 596 [1/2] (1.23ns)   --->   "%p_ZZ5conv3PA255_A255_fPA32_A5_A5_fPfS1_E7in_tile_1_4_0_load_1 = load i6 %p_ZZ5conv3PA255_A255_fPA32_A5_A5_fPfS1_E7in_tile_1_4_0_addr_1" [src/conv3.cpp:86]   --->   Operation 596 'load' 'p_ZZ5conv3PA255_A255_fPA32_A5_A5_fPfS1_E7in_tile_1_4_0_load_1' <Predicate = true> <Delay = 1.23> <CoreInst = "RAM">   --->   Core 83 'RAM' <Latency = 1> <II = 1> <Delay = 1.23> <Storage> <Opcode : 'load' 'store'> <Ports = 2> <Width = 32> <Depth = 64> <RAM>
ST_13 : Operation 597 [1/2] (1.23ns)   --->   "%p_ZZ5conv3PA255_A255_fPA32_A5_A5_fPfS1_E7in_tile_2_0_0_load_1 = load i6 %p_ZZ5conv3PA255_A255_fPA32_A5_A5_fPfS1_E7in_tile_2_0_0_addr_1" [src/conv3.cpp:86]   --->   Operation 597 'load' 'p_ZZ5conv3PA255_A255_fPA32_A5_A5_fPfS1_E7in_tile_2_0_0_load_1' <Predicate = true> <Delay = 1.23> <CoreInst = "RAM">   --->   Core 83 'RAM' <Latency = 1> <II = 1> <Delay = 1.23> <Storage> <Opcode : 'load' 'store'> <Ports = 2> <Width = 32> <Depth = 64> <RAM>
ST_13 : Operation 598 [1/2] (1.23ns)   --->   "%p_ZZ5conv3PA255_A255_fPA32_A5_A5_fPfS1_E7in_tile_2_1_0_load_1 = load i6 %p_ZZ5conv3PA255_A255_fPA32_A5_A5_fPfS1_E7in_tile_2_1_0_addr_1" [src/conv3.cpp:86]   --->   Operation 598 'load' 'p_ZZ5conv3PA255_A255_fPA32_A5_A5_fPfS1_E7in_tile_2_1_0_load_1' <Predicate = true> <Delay = 1.23> <CoreInst = "RAM">   --->   Core 83 'RAM' <Latency = 1> <II = 1> <Delay = 1.23> <Storage> <Opcode : 'load' 'store'> <Ports = 2> <Width = 32> <Depth = 64> <RAM>
ST_13 : Operation 599 [1/2] (1.23ns)   --->   "%p_ZZ5conv3PA255_A255_fPA32_A5_A5_fPfS1_E7in_tile_2_2_0_load_1 = load i6 %p_ZZ5conv3PA255_A255_fPA32_A5_A5_fPfS1_E7in_tile_2_2_0_addr_1" [src/conv3.cpp:86]   --->   Operation 599 'load' 'p_ZZ5conv3PA255_A255_fPA32_A5_A5_fPfS1_E7in_tile_2_2_0_load_1' <Predicate = true> <Delay = 1.23> <CoreInst = "RAM">   --->   Core 83 'RAM' <Latency = 1> <II = 1> <Delay = 1.23> <Storage> <Opcode : 'load' 'store'> <Ports = 2> <Width = 32> <Depth = 64> <RAM>
ST_13 : Operation 600 [1/2] (1.23ns)   --->   "%p_ZZ5conv3PA255_A255_fPA32_A5_A5_fPfS1_E7in_tile_2_3_0_load_1 = load i6 %p_ZZ5conv3PA255_A255_fPA32_A5_A5_fPfS1_E7in_tile_2_3_0_addr_1" [src/conv3.cpp:86]   --->   Operation 600 'load' 'p_ZZ5conv3PA255_A255_fPA32_A5_A5_fPfS1_E7in_tile_2_3_0_load_1' <Predicate = true> <Delay = 1.23> <CoreInst = "RAM">   --->   Core 83 'RAM' <Latency = 1> <II = 1> <Delay = 1.23> <Storage> <Opcode : 'load' 'store'> <Ports = 2> <Width = 32> <Depth = 64> <RAM>
ST_13 : Operation 601 [1/2] (1.23ns)   --->   "%p_ZZ5conv3PA255_A255_fPA32_A5_A5_fPfS1_E7in_tile_2_4_0_load_1 = load i6 %p_ZZ5conv3PA255_A255_fPA32_A5_A5_fPfS1_E7in_tile_2_4_0_addr_1" [src/conv3.cpp:86]   --->   Operation 601 'load' 'p_ZZ5conv3PA255_A255_fPA32_A5_A5_fPfS1_E7in_tile_2_4_0_load_1' <Predicate = true> <Delay = 1.23> <CoreInst = "RAM">   --->   Core 83 'RAM' <Latency = 1> <II = 1> <Delay = 1.23> <Storage> <Opcode : 'load' 'store'> <Ports = 2> <Width = 32> <Depth = 64> <RAM>
ST_13 : Operation 602 [1/2] (1.23ns)   --->   "%p_ZZ5conv3PA255_A255_fPA32_A5_A5_fPfS1_E7in_tile_3_0_0_load_1 = load i6 %p_ZZ5conv3PA255_A255_fPA32_A5_A5_fPfS1_E7in_tile_3_0_0_addr_1" [src/conv3.cpp:86]   --->   Operation 602 'load' 'p_ZZ5conv3PA255_A255_fPA32_A5_A5_fPfS1_E7in_tile_3_0_0_load_1' <Predicate = true> <Delay = 1.23> <CoreInst = "RAM">   --->   Core 83 'RAM' <Latency = 1> <II = 1> <Delay = 1.23> <Storage> <Opcode : 'load' 'store'> <Ports = 2> <Width = 32> <Depth = 64> <RAM>
ST_13 : Operation 603 [1/2] (1.23ns)   --->   "%p_ZZ5conv3PA255_A255_fPA32_A5_A5_fPfS1_E7in_tile_3_1_0_load_1 = load i6 %p_ZZ5conv3PA255_A255_fPA32_A5_A5_fPfS1_E7in_tile_3_1_0_addr_1" [src/conv3.cpp:86]   --->   Operation 603 'load' 'p_ZZ5conv3PA255_A255_fPA32_A5_A5_fPfS1_E7in_tile_3_1_0_load_1' <Predicate = true> <Delay = 1.23> <CoreInst = "RAM">   --->   Core 83 'RAM' <Latency = 1> <II = 1> <Delay = 1.23> <Storage> <Opcode : 'load' 'store'> <Ports = 2> <Width = 32> <Depth = 64> <RAM>
ST_13 : Operation 604 [1/2] (1.23ns)   --->   "%p_ZZ5conv3PA255_A255_fPA32_A5_A5_fPfS1_E7in_tile_3_2_0_load_1 = load i6 %p_ZZ5conv3PA255_A255_fPA32_A5_A5_fPfS1_E7in_tile_3_2_0_addr_1" [src/conv3.cpp:86]   --->   Operation 604 'load' 'p_ZZ5conv3PA255_A255_fPA32_A5_A5_fPfS1_E7in_tile_3_2_0_load_1' <Predicate = true> <Delay = 1.23> <CoreInst = "RAM">   --->   Core 83 'RAM' <Latency = 1> <II = 1> <Delay = 1.23> <Storage> <Opcode : 'load' 'store'> <Ports = 2> <Width = 32> <Depth = 64> <RAM>
ST_13 : Operation 605 [1/2] (1.23ns)   --->   "%p_ZZ5conv3PA255_A255_fPA32_A5_A5_fPfS1_E7in_tile_3_3_0_load_1 = load i6 %p_ZZ5conv3PA255_A255_fPA32_A5_A5_fPfS1_E7in_tile_3_3_0_addr_1" [src/conv3.cpp:86]   --->   Operation 605 'load' 'p_ZZ5conv3PA255_A255_fPA32_A5_A5_fPfS1_E7in_tile_3_3_0_load_1' <Predicate = true> <Delay = 1.23> <CoreInst = "RAM">   --->   Core 83 'RAM' <Latency = 1> <II = 1> <Delay = 1.23> <Storage> <Opcode : 'load' 'store'> <Ports = 2> <Width = 32> <Depth = 64> <RAM>
ST_13 : Operation 606 [1/2] (1.23ns)   --->   "%p_ZZ5conv3PA255_A255_fPA32_A5_A5_fPfS1_E7in_tile_3_4_0_load_1 = load i6 %p_ZZ5conv3PA255_A255_fPA32_A5_A5_fPfS1_E7in_tile_3_4_0_addr_1" [src/conv3.cpp:86]   --->   Operation 606 'load' 'p_ZZ5conv3PA255_A255_fPA32_A5_A5_fPfS1_E7in_tile_3_4_0_load_1' <Predicate = true> <Delay = 1.23> <CoreInst = "RAM">   --->   Core 83 'RAM' <Latency = 1> <II = 1> <Delay = 1.23> <Storage> <Opcode : 'load' 'store'> <Ports = 2> <Width = 32> <Depth = 64> <RAM>
ST_13 : Operation 607 [1/2] (1.23ns)   --->   "%p_ZZ5conv3PA255_A255_fPA32_A5_A5_fPfS1_E7in_tile_4_0_0_load_1 = load i6 %p_ZZ5conv3PA255_A255_fPA32_A5_A5_fPfS1_E7in_tile_4_0_0_addr_1" [src/conv3.cpp:86]   --->   Operation 607 'load' 'p_ZZ5conv3PA255_A255_fPA32_A5_A5_fPfS1_E7in_tile_4_0_0_load_1' <Predicate = true> <Delay = 1.23> <CoreInst = "RAM">   --->   Core 83 'RAM' <Latency = 1> <II = 1> <Delay = 1.23> <Storage> <Opcode : 'load' 'store'> <Ports = 2> <Width = 32> <Depth = 64> <RAM>
ST_13 : Operation 608 [1/2] (1.23ns)   --->   "%p_ZZ5conv3PA255_A255_fPA32_A5_A5_fPfS1_E7in_tile_4_1_0_load_1 = load i6 %p_ZZ5conv3PA255_A255_fPA32_A5_A5_fPfS1_E7in_tile_4_1_0_addr_1" [src/conv3.cpp:86]   --->   Operation 608 'load' 'p_ZZ5conv3PA255_A255_fPA32_A5_A5_fPfS1_E7in_tile_4_1_0_load_1' <Predicate = true> <Delay = 1.23> <CoreInst = "RAM">   --->   Core 83 'RAM' <Latency = 1> <II = 1> <Delay = 1.23> <Storage> <Opcode : 'load' 'store'> <Ports = 2> <Width = 32> <Depth = 64> <RAM>
ST_13 : Operation 609 [1/2] (1.23ns)   --->   "%p_ZZ5conv3PA255_A255_fPA32_A5_A5_fPfS1_E7in_tile_4_2_0_load_1 = load i6 %p_ZZ5conv3PA255_A255_fPA32_A5_A5_fPfS1_E7in_tile_4_2_0_addr_1" [src/conv3.cpp:86]   --->   Operation 609 'load' 'p_ZZ5conv3PA255_A255_fPA32_A5_A5_fPfS1_E7in_tile_4_2_0_load_1' <Predicate = true> <Delay = 1.23> <CoreInst = "RAM">   --->   Core 83 'RAM' <Latency = 1> <II = 1> <Delay = 1.23> <Storage> <Opcode : 'load' 'store'> <Ports = 2> <Width = 32> <Depth = 64> <RAM>
ST_13 : Operation 610 [1/2] (1.23ns)   --->   "%p_ZZ5conv3PA255_A255_fPA32_A5_A5_fPfS1_E7in_tile_4_3_0_load_1 = load i6 %p_ZZ5conv3PA255_A255_fPA32_A5_A5_fPfS1_E7in_tile_4_3_0_addr_1" [src/conv3.cpp:86]   --->   Operation 610 'load' 'p_ZZ5conv3PA255_A255_fPA32_A5_A5_fPfS1_E7in_tile_4_3_0_load_1' <Predicate = true> <Delay = 1.23> <CoreInst = "RAM">   --->   Core 83 'RAM' <Latency = 1> <II = 1> <Delay = 1.23> <Storage> <Opcode : 'load' 'store'> <Ports = 2> <Width = 32> <Depth = 64> <RAM>
ST_13 : Operation 611 [1/2] (1.23ns)   --->   "%p_ZZ5conv3PA255_A255_fPA32_A5_A5_fPfS1_E7in_tile_4_4_0_load_1 = load i6 %p_ZZ5conv3PA255_A255_fPA32_A5_A5_fPfS1_E7in_tile_4_4_0_addr_1" [src/conv3.cpp:86]   --->   Operation 611 'load' 'p_ZZ5conv3PA255_A255_fPA32_A5_A5_fPfS1_E7in_tile_4_4_0_load_1' <Predicate = true> <Delay = 1.23> <CoreInst = "RAM">   --->   Core 83 'RAM' <Latency = 1> <II = 1> <Delay = 1.23> <Storage> <Opcode : 'load' 'store'> <Ports = 2> <Width = 32> <Depth = 64> <RAM>
ST_13 : Operation 612 [1/2] (1.23ns)   --->   "%p_ZZ5conv3PA255_A255_fPA32_A5_A5_fPfS1_E7in_tile_0_0_0_load_2 = load i6 %p_ZZ5conv3PA255_A255_fPA32_A5_A5_fPfS1_E7in_tile_0_0_0_addr_2" [src/conv3.cpp:86]   --->   Operation 612 'load' 'p_ZZ5conv3PA255_A255_fPA32_A5_A5_fPfS1_E7in_tile_0_0_0_load_2' <Predicate = true> <Delay = 1.23> <CoreInst = "RAM">   --->   Core 83 'RAM' <Latency = 1> <II = 1> <Delay = 1.23> <Storage> <Opcode : 'load' 'store'> <Ports = 2> <Width = 32> <Depth = 64> <RAM>
ST_13 : Operation 613 [1/2] (1.23ns)   --->   "%p_ZZ5conv3PA255_A255_fPA32_A5_A5_fPfS1_E7in_tile_0_1_0_load_2 = load i6 %p_ZZ5conv3PA255_A255_fPA32_A5_A5_fPfS1_E7in_tile_0_1_0_addr_2" [src/conv3.cpp:86]   --->   Operation 613 'load' 'p_ZZ5conv3PA255_A255_fPA32_A5_A5_fPfS1_E7in_tile_0_1_0_load_2' <Predicate = true> <Delay = 1.23> <CoreInst = "RAM">   --->   Core 83 'RAM' <Latency = 1> <II = 1> <Delay = 1.23> <Storage> <Opcode : 'load' 'store'> <Ports = 2> <Width = 32> <Depth = 64> <RAM>
ST_13 : Operation 614 [1/2] (1.23ns)   --->   "%p_ZZ5conv3PA255_A255_fPA32_A5_A5_fPfS1_E7in_tile_0_2_0_load_2 = load i6 %p_ZZ5conv3PA255_A255_fPA32_A5_A5_fPfS1_E7in_tile_0_2_0_addr_2" [src/conv3.cpp:86]   --->   Operation 614 'load' 'p_ZZ5conv3PA255_A255_fPA32_A5_A5_fPfS1_E7in_tile_0_2_0_load_2' <Predicate = true> <Delay = 1.23> <CoreInst = "RAM">   --->   Core 83 'RAM' <Latency = 1> <II = 1> <Delay = 1.23> <Storage> <Opcode : 'load' 'store'> <Ports = 2> <Width = 32> <Depth = 64> <RAM>
ST_13 : Operation 615 [1/2] (1.23ns)   --->   "%p_ZZ5conv3PA255_A255_fPA32_A5_A5_fPfS1_E7in_tile_0_3_0_load_2 = load i6 %p_ZZ5conv3PA255_A255_fPA32_A5_A5_fPfS1_E7in_tile_0_3_0_addr_2" [src/conv3.cpp:86]   --->   Operation 615 'load' 'p_ZZ5conv3PA255_A255_fPA32_A5_A5_fPfS1_E7in_tile_0_3_0_load_2' <Predicate = true> <Delay = 1.23> <CoreInst = "RAM">   --->   Core 83 'RAM' <Latency = 1> <II = 1> <Delay = 1.23> <Storage> <Opcode : 'load' 'store'> <Ports = 2> <Width = 32> <Depth = 64> <RAM>
ST_13 : Operation 616 [1/2] (1.23ns)   --->   "%p_ZZ5conv3PA255_A255_fPA32_A5_A5_fPfS1_E7in_tile_0_4_0_load_2 = load i6 %p_ZZ5conv3PA255_A255_fPA32_A5_A5_fPfS1_E7in_tile_0_4_0_addr_2" [src/conv3.cpp:86]   --->   Operation 616 'load' 'p_ZZ5conv3PA255_A255_fPA32_A5_A5_fPfS1_E7in_tile_0_4_0_load_2' <Predicate = true> <Delay = 1.23> <CoreInst = "RAM">   --->   Core 83 'RAM' <Latency = 1> <II = 1> <Delay = 1.23> <Storage> <Opcode : 'load' 'store'> <Ports = 2> <Width = 32> <Depth = 64> <RAM>
ST_13 : Operation 617 [1/2] (1.23ns)   --->   "%p_ZZ5conv3PA255_A255_fPA32_A5_A5_fPfS1_E7in_tile_1_0_0_load_2 = load i6 %p_ZZ5conv3PA255_A255_fPA32_A5_A5_fPfS1_E7in_tile_1_0_0_addr_2" [src/conv3.cpp:86]   --->   Operation 617 'load' 'p_ZZ5conv3PA255_A255_fPA32_A5_A5_fPfS1_E7in_tile_1_0_0_load_2' <Predicate = true> <Delay = 1.23> <CoreInst = "RAM">   --->   Core 83 'RAM' <Latency = 1> <II = 1> <Delay = 1.23> <Storage> <Opcode : 'load' 'store'> <Ports = 2> <Width = 32> <Depth = 64> <RAM>
ST_13 : Operation 618 [1/2] (1.23ns)   --->   "%p_ZZ5conv3PA255_A255_fPA32_A5_A5_fPfS1_E7in_tile_1_1_0_load_2 = load i6 %p_ZZ5conv3PA255_A255_fPA32_A5_A5_fPfS1_E7in_tile_1_1_0_addr_2" [src/conv3.cpp:86]   --->   Operation 618 'load' 'p_ZZ5conv3PA255_A255_fPA32_A5_A5_fPfS1_E7in_tile_1_1_0_load_2' <Predicate = true> <Delay = 1.23> <CoreInst = "RAM">   --->   Core 83 'RAM' <Latency = 1> <II = 1> <Delay = 1.23> <Storage> <Opcode : 'load' 'store'> <Ports = 2> <Width = 32> <Depth = 64> <RAM>
ST_13 : Operation 619 [1/2] (1.23ns)   --->   "%p_ZZ5conv3PA255_A255_fPA32_A5_A5_fPfS1_E7in_tile_1_2_0_load_2 = load i6 %p_ZZ5conv3PA255_A255_fPA32_A5_A5_fPfS1_E7in_tile_1_2_0_addr_2" [src/conv3.cpp:86]   --->   Operation 619 'load' 'p_ZZ5conv3PA255_A255_fPA32_A5_A5_fPfS1_E7in_tile_1_2_0_load_2' <Predicate = true> <Delay = 1.23> <CoreInst = "RAM">   --->   Core 83 'RAM' <Latency = 1> <II = 1> <Delay = 1.23> <Storage> <Opcode : 'load' 'store'> <Ports = 2> <Width = 32> <Depth = 64> <RAM>
ST_13 : Operation 620 [1/2] (1.23ns)   --->   "%p_ZZ5conv3PA255_A255_fPA32_A5_A5_fPfS1_E7in_tile_1_3_0_load_2 = load i6 %p_ZZ5conv3PA255_A255_fPA32_A5_A5_fPfS1_E7in_tile_1_3_0_addr_2" [src/conv3.cpp:86]   --->   Operation 620 'load' 'p_ZZ5conv3PA255_A255_fPA32_A5_A5_fPfS1_E7in_tile_1_3_0_load_2' <Predicate = true> <Delay = 1.23> <CoreInst = "RAM">   --->   Core 83 'RAM' <Latency = 1> <II = 1> <Delay = 1.23> <Storage> <Opcode : 'load' 'store'> <Ports = 2> <Width = 32> <Depth = 64> <RAM>
ST_13 : Operation 621 [1/2] (1.23ns)   --->   "%p_ZZ5conv3PA255_A255_fPA32_A5_A5_fPfS1_E7in_tile_1_4_0_load_2 = load i6 %p_ZZ5conv3PA255_A255_fPA32_A5_A5_fPfS1_E7in_tile_1_4_0_addr_2" [src/conv3.cpp:86]   --->   Operation 621 'load' 'p_ZZ5conv3PA255_A255_fPA32_A5_A5_fPfS1_E7in_tile_1_4_0_load_2' <Predicate = true> <Delay = 1.23> <CoreInst = "RAM">   --->   Core 83 'RAM' <Latency = 1> <II = 1> <Delay = 1.23> <Storage> <Opcode : 'load' 'store'> <Ports = 2> <Width = 32> <Depth = 64> <RAM>
ST_13 : Operation 622 [1/2] (1.23ns)   --->   "%p_ZZ5conv3PA255_A255_fPA32_A5_A5_fPfS1_E7in_tile_2_0_0_load_2 = load i6 %p_ZZ5conv3PA255_A255_fPA32_A5_A5_fPfS1_E7in_tile_2_0_0_addr_2" [src/conv3.cpp:86]   --->   Operation 622 'load' 'p_ZZ5conv3PA255_A255_fPA32_A5_A5_fPfS1_E7in_tile_2_0_0_load_2' <Predicate = true> <Delay = 1.23> <CoreInst = "RAM">   --->   Core 83 'RAM' <Latency = 1> <II = 1> <Delay = 1.23> <Storage> <Opcode : 'load' 'store'> <Ports = 2> <Width = 32> <Depth = 64> <RAM>
ST_13 : Operation 623 [1/2] (1.23ns)   --->   "%p_ZZ5conv3PA255_A255_fPA32_A5_A5_fPfS1_E7in_tile_2_1_0_load_2 = load i6 %p_ZZ5conv3PA255_A255_fPA32_A5_A5_fPfS1_E7in_tile_2_1_0_addr_2" [src/conv3.cpp:86]   --->   Operation 623 'load' 'p_ZZ5conv3PA255_A255_fPA32_A5_A5_fPfS1_E7in_tile_2_1_0_load_2' <Predicate = true> <Delay = 1.23> <CoreInst = "RAM">   --->   Core 83 'RAM' <Latency = 1> <II = 1> <Delay = 1.23> <Storage> <Opcode : 'load' 'store'> <Ports = 2> <Width = 32> <Depth = 64> <RAM>
ST_13 : Operation 624 [1/2] (1.23ns)   --->   "%p_ZZ5conv3PA255_A255_fPA32_A5_A5_fPfS1_E7in_tile_2_2_0_load_2 = load i6 %p_ZZ5conv3PA255_A255_fPA32_A5_A5_fPfS1_E7in_tile_2_2_0_addr_2" [src/conv3.cpp:86]   --->   Operation 624 'load' 'p_ZZ5conv3PA255_A255_fPA32_A5_A5_fPfS1_E7in_tile_2_2_0_load_2' <Predicate = true> <Delay = 1.23> <CoreInst = "RAM">   --->   Core 83 'RAM' <Latency = 1> <II = 1> <Delay = 1.23> <Storage> <Opcode : 'load' 'store'> <Ports = 2> <Width = 32> <Depth = 64> <RAM>
ST_13 : Operation 625 [1/2] (1.23ns)   --->   "%p_ZZ5conv3PA255_A255_fPA32_A5_A5_fPfS1_E7in_tile_2_3_0_load_2 = load i6 %p_ZZ5conv3PA255_A255_fPA32_A5_A5_fPfS1_E7in_tile_2_3_0_addr_2" [src/conv3.cpp:86]   --->   Operation 625 'load' 'p_ZZ5conv3PA255_A255_fPA32_A5_A5_fPfS1_E7in_tile_2_3_0_load_2' <Predicate = true> <Delay = 1.23> <CoreInst = "RAM">   --->   Core 83 'RAM' <Latency = 1> <II = 1> <Delay = 1.23> <Storage> <Opcode : 'load' 'store'> <Ports = 2> <Width = 32> <Depth = 64> <RAM>
ST_13 : Operation 626 [1/2] (1.23ns)   --->   "%p_ZZ5conv3PA255_A255_fPA32_A5_A5_fPfS1_E7in_tile_2_4_0_load_2 = load i6 %p_ZZ5conv3PA255_A255_fPA32_A5_A5_fPfS1_E7in_tile_2_4_0_addr_2" [src/conv3.cpp:86]   --->   Operation 626 'load' 'p_ZZ5conv3PA255_A255_fPA32_A5_A5_fPfS1_E7in_tile_2_4_0_load_2' <Predicate = true> <Delay = 1.23> <CoreInst = "RAM">   --->   Core 83 'RAM' <Latency = 1> <II = 1> <Delay = 1.23> <Storage> <Opcode : 'load' 'store'> <Ports = 2> <Width = 32> <Depth = 64> <RAM>
ST_13 : Operation 627 [1/2] (1.23ns)   --->   "%p_ZZ5conv3PA255_A255_fPA32_A5_A5_fPfS1_E7in_tile_3_0_0_load_2 = load i6 %p_ZZ5conv3PA255_A255_fPA32_A5_A5_fPfS1_E7in_tile_3_0_0_addr_2" [src/conv3.cpp:86]   --->   Operation 627 'load' 'p_ZZ5conv3PA255_A255_fPA32_A5_A5_fPfS1_E7in_tile_3_0_0_load_2' <Predicate = true> <Delay = 1.23> <CoreInst = "RAM">   --->   Core 83 'RAM' <Latency = 1> <II = 1> <Delay = 1.23> <Storage> <Opcode : 'load' 'store'> <Ports = 2> <Width = 32> <Depth = 64> <RAM>
ST_13 : Operation 628 [1/2] (1.23ns)   --->   "%p_ZZ5conv3PA255_A255_fPA32_A5_A5_fPfS1_E7in_tile_3_1_0_load_2 = load i6 %p_ZZ5conv3PA255_A255_fPA32_A5_A5_fPfS1_E7in_tile_3_1_0_addr_2" [src/conv3.cpp:86]   --->   Operation 628 'load' 'p_ZZ5conv3PA255_A255_fPA32_A5_A5_fPfS1_E7in_tile_3_1_0_load_2' <Predicate = true> <Delay = 1.23> <CoreInst = "RAM">   --->   Core 83 'RAM' <Latency = 1> <II = 1> <Delay = 1.23> <Storage> <Opcode : 'load' 'store'> <Ports = 2> <Width = 32> <Depth = 64> <RAM>
ST_13 : Operation 629 [1/2] (1.23ns)   --->   "%p_ZZ5conv3PA255_A255_fPA32_A5_A5_fPfS1_E7in_tile_3_2_0_load_2 = load i6 %p_ZZ5conv3PA255_A255_fPA32_A5_A5_fPfS1_E7in_tile_3_2_0_addr_2" [src/conv3.cpp:86]   --->   Operation 629 'load' 'p_ZZ5conv3PA255_A255_fPA32_A5_A5_fPfS1_E7in_tile_3_2_0_load_2' <Predicate = true> <Delay = 1.23> <CoreInst = "RAM">   --->   Core 83 'RAM' <Latency = 1> <II = 1> <Delay = 1.23> <Storage> <Opcode : 'load' 'store'> <Ports = 2> <Width = 32> <Depth = 64> <RAM>
ST_13 : Operation 630 [1/2] (1.23ns)   --->   "%p_ZZ5conv3PA255_A255_fPA32_A5_A5_fPfS1_E7in_tile_3_3_0_load_2 = load i6 %p_ZZ5conv3PA255_A255_fPA32_A5_A5_fPfS1_E7in_tile_3_3_0_addr_2" [src/conv3.cpp:86]   --->   Operation 630 'load' 'p_ZZ5conv3PA255_A255_fPA32_A5_A5_fPfS1_E7in_tile_3_3_0_load_2' <Predicate = true> <Delay = 1.23> <CoreInst = "RAM">   --->   Core 83 'RAM' <Latency = 1> <II = 1> <Delay = 1.23> <Storage> <Opcode : 'load' 'store'> <Ports = 2> <Width = 32> <Depth = 64> <RAM>
ST_13 : Operation 631 [1/2] (1.23ns)   --->   "%p_ZZ5conv3PA255_A255_fPA32_A5_A5_fPfS1_E7in_tile_3_4_0_load_2 = load i6 %p_ZZ5conv3PA255_A255_fPA32_A5_A5_fPfS1_E7in_tile_3_4_0_addr_2" [src/conv3.cpp:86]   --->   Operation 631 'load' 'p_ZZ5conv3PA255_A255_fPA32_A5_A5_fPfS1_E7in_tile_3_4_0_load_2' <Predicate = true> <Delay = 1.23> <CoreInst = "RAM">   --->   Core 83 'RAM' <Latency = 1> <II = 1> <Delay = 1.23> <Storage> <Opcode : 'load' 'store'> <Ports = 2> <Width = 32> <Depth = 64> <RAM>
ST_13 : Operation 632 [1/2] (1.23ns)   --->   "%p_ZZ5conv3PA255_A255_fPA32_A5_A5_fPfS1_E7in_tile_4_0_0_load_2 = load i6 %p_ZZ5conv3PA255_A255_fPA32_A5_A5_fPfS1_E7in_tile_4_0_0_addr_2" [src/conv3.cpp:86]   --->   Operation 632 'load' 'p_ZZ5conv3PA255_A255_fPA32_A5_A5_fPfS1_E7in_tile_4_0_0_load_2' <Predicate = true> <Delay = 1.23> <CoreInst = "RAM">   --->   Core 83 'RAM' <Latency = 1> <II = 1> <Delay = 1.23> <Storage> <Opcode : 'load' 'store'> <Ports = 2> <Width = 32> <Depth = 64> <RAM>
ST_13 : Operation 633 [1/2] (1.23ns)   --->   "%p_ZZ5conv3PA255_A255_fPA32_A5_A5_fPfS1_E7in_tile_4_1_0_load_2 = load i6 %p_ZZ5conv3PA255_A255_fPA32_A5_A5_fPfS1_E7in_tile_4_1_0_addr_2" [src/conv3.cpp:86]   --->   Operation 633 'load' 'p_ZZ5conv3PA255_A255_fPA32_A5_A5_fPfS1_E7in_tile_4_1_0_load_2' <Predicate = true> <Delay = 1.23> <CoreInst = "RAM">   --->   Core 83 'RAM' <Latency = 1> <II = 1> <Delay = 1.23> <Storage> <Opcode : 'load' 'store'> <Ports = 2> <Width = 32> <Depth = 64> <RAM>
ST_13 : Operation 634 [1/2] (1.23ns)   --->   "%p_ZZ5conv3PA255_A255_fPA32_A5_A5_fPfS1_E7in_tile_4_2_0_load_2 = load i6 %p_ZZ5conv3PA255_A255_fPA32_A5_A5_fPfS1_E7in_tile_4_2_0_addr_2" [src/conv3.cpp:86]   --->   Operation 634 'load' 'p_ZZ5conv3PA255_A255_fPA32_A5_A5_fPfS1_E7in_tile_4_2_0_load_2' <Predicate = true> <Delay = 1.23> <CoreInst = "RAM">   --->   Core 83 'RAM' <Latency = 1> <II = 1> <Delay = 1.23> <Storage> <Opcode : 'load' 'store'> <Ports = 2> <Width = 32> <Depth = 64> <RAM>
ST_13 : Operation 635 [1/2] (1.23ns)   --->   "%p_ZZ5conv3PA255_A255_fPA32_A5_A5_fPfS1_E7in_tile_4_3_0_load_2 = load i6 %p_ZZ5conv3PA255_A255_fPA32_A5_A5_fPfS1_E7in_tile_4_3_0_addr_2" [src/conv3.cpp:86]   --->   Operation 635 'load' 'p_ZZ5conv3PA255_A255_fPA32_A5_A5_fPfS1_E7in_tile_4_3_0_load_2' <Predicate = true> <Delay = 1.23> <CoreInst = "RAM">   --->   Core 83 'RAM' <Latency = 1> <II = 1> <Delay = 1.23> <Storage> <Opcode : 'load' 'store'> <Ports = 2> <Width = 32> <Depth = 64> <RAM>
ST_13 : Operation 636 [1/2] (1.23ns)   --->   "%p_ZZ5conv3PA255_A255_fPA32_A5_A5_fPfS1_E7in_tile_4_4_0_load_2 = load i6 %p_ZZ5conv3PA255_A255_fPA32_A5_A5_fPfS1_E7in_tile_4_4_0_addr_2" [src/conv3.cpp:86]   --->   Operation 636 'load' 'p_ZZ5conv3PA255_A255_fPA32_A5_A5_fPfS1_E7in_tile_4_4_0_load_2' <Predicate = true> <Delay = 1.23> <CoreInst = "RAM">   --->   Core 83 'RAM' <Latency = 1> <II = 1> <Delay = 1.23> <Storage> <Opcode : 'load' 'store'> <Ports = 2> <Width = 32> <Depth = 64> <RAM>
ST_13 : Operation 637 [2/2] (1.23ns)   --->   "%p_ZZ5conv3PA255_A255_fPA32_A5_A5_fPfS1_E7in_tile_0_0_0_load_3 = load i6 %p_ZZ5conv3PA255_A255_fPA32_A5_A5_fPfS1_E7in_tile_0_0_0_addr_3" [src/conv3.cpp:86]   --->   Operation 637 'load' 'p_ZZ5conv3PA255_A255_fPA32_A5_A5_fPfS1_E7in_tile_0_0_0_load_3' <Predicate = true> <Delay = 1.23> <CoreInst = "RAM">   --->   Core 83 'RAM' <Latency = 1> <II = 1> <Delay = 1.23> <Storage> <Opcode : 'load' 'store'> <Ports = 2> <Width = 32> <Depth = 64> <RAM>
ST_13 : Operation 638 [2/2] (1.23ns)   --->   "%p_ZZ5conv3PA255_A255_fPA32_A5_A5_fPfS1_E7in_tile_0_1_0_load_3 = load i6 %p_ZZ5conv3PA255_A255_fPA32_A5_A5_fPfS1_E7in_tile_0_1_0_addr_3" [src/conv3.cpp:86]   --->   Operation 638 'load' 'p_ZZ5conv3PA255_A255_fPA32_A5_A5_fPfS1_E7in_tile_0_1_0_load_3' <Predicate = true> <Delay = 1.23> <CoreInst = "RAM">   --->   Core 83 'RAM' <Latency = 1> <II = 1> <Delay = 1.23> <Storage> <Opcode : 'load' 'store'> <Ports = 2> <Width = 32> <Depth = 64> <RAM>
ST_13 : Operation 639 [2/2] (1.23ns)   --->   "%p_ZZ5conv3PA255_A255_fPA32_A5_A5_fPfS1_E7in_tile_0_2_0_load_3 = load i6 %p_ZZ5conv3PA255_A255_fPA32_A5_A5_fPfS1_E7in_tile_0_2_0_addr_3" [src/conv3.cpp:86]   --->   Operation 639 'load' 'p_ZZ5conv3PA255_A255_fPA32_A5_A5_fPfS1_E7in_tile_0_2_0_load_3' <Predicate = true> <Delay = 1.23> <CoreInst = "RAM">   --->   Core 83 'RAM' <Latency = 1> <II = 1> <Delay = 1.23> <Storage> <Opcode : 'load' 'store'> <Ports = 2> <Width = 32> <Depth = 64> <RAM>
ST_13 : Operation 640 [2/2] (1.23ns)   --->   "%p_ZZ5conv3PA255_A255_fPA32_A5_A5_fPfS1_E7in_tile_0_3_0_load_3 = load i6 %p_ZZ5conv3PA255_A255_fPA32_A5_A5_fPfS1_E7in_tile_0_3_0_addr_3" [src/conv3.cpp:86]   --->   Operation 640 'load' 'p_ZZ5conv3PA255_A255_fPA32_A5_A5_fPfS1_E7in_tile_0_3_0_load_3' <Predicate = true> <Delay = 1.23> <CoreInst = "RAM">   --->   Core 83 'RAM' <Latency = 1> <II = 1> <Delay = 1.23> <Storage> <Opcode : 'load' 'store'> <Ports = 2> <Width = 32> <Depth = 64> <RAM>
ST_13 : Operation 641 [2/2] (1.23ns)   --->   "%p_ZZ5conv3PA255_A255_fPA32_A5_A5_fPfS1_E7in_tile_0_4_0_load_3 = load i6 %p_ZZ5conv3PA255_A255_fPA32_A5_A5_fPfS1_E7in_tile_0_4_0_addr_3" [src/conv3.cpp:86]   --->   Operation 641 'load' 'p_ZZ5conv3PA255_A255_fPA32_A5_A5_fPfS1_E7in_tile_0_4_0_load_3' <Predicate = true> <Delay = 1.23> <CoreInst = "RAM">   --->   Core 83 'RAM' <Latency = 1> <II = 1> <Delay = 1.23> <Storage> <Opcode : 'load' 'store'> <Ports = 2> <Width = 32> <Depth = 64> <RAM>
ST_13 : Operation 642 [2/2] (1.23ns)   --->   "%p_ZZ5conv3PA255_A255_fPA32_A5_A5_fPfS1_E7in_tile_1_0_0_load_3 = load i6 %p_ZZ5conv3PA255_A255_fPA32_A5_A5_fPfS1_E7in_tile_1_0_0_addr_3" [src/conv3.cpp:86]   --->   Operation 642 'load' 'p_ZZ5conv3PA255_A255_fPA32_A5_A5_fPfS1_E7in_tile_1_0_0_load_3' <Predicate = true> <Delay = 1.23> <CoreInst = "RAM">   --->   Core 83 'RAM' <Latency = 1> <II = 1> <Delay = 1.23> <Storage> <Opcode : 'load' 'store'> <Ports = 2> <Width = 32> <Depth = 64> <RAM>
ST_13 : Operation 643 [2/2] (1.23ns)   --->   "%p_ZZ5conv3PA255_A255_fPA32_A5_A5_fPfS1_E7in_tile_1_1_0_load_3 = load i6 %p_ZZ5conv3PA255_A255_fPA32_A5_A5_fPfS1_E7in_tile_1_1_0_addr_3" [src/conv3.cpp:86]   --->   Operation 643 'load' 'p_ZZ5conv3PA255_A255_fPA32_A5_A5_fPfS1_E7in_tile_1_1_0_load_3' <Predicate = true> <Delay = 1.23> <CoreInst = "RAM">   --->   Core 83 'RAM' <Latency = 1> <II = 1> <Delay = 1.23> <Storage> <Opcode : 'load' 'store'> <Ports = 2> <Width = 32> <Depth = 64> <RAM>
ST_13 : Operation 644 [2/2] (1.23ns)   --->   "%p_ZZ5conv3PA255_A255_fPA32_A5_A5_fPfS1_E7in_tile_1_2_0_load_3 = load i6 %p_ZZ5conv3PA255_A255_fPA32_A5_A5_fPfS1_E7in_tile_1_2_0_addr_3" [src/conv3.cpp:86]   --->   Operation 644 'load' 'p_ZZ5conv3PA255_A255_fPA32_A5_A5_fPfS1_E7in_tile_1_2_0_load_3' <Predicate = true> <Delay = 1.23> <CoreInst = "RAM">   --->   Core 83 'RAM' <Latency = 1> <II = 1> <Delay = 1.23> <Storage> <Opcode : 'load' 'store'> <Ports = 2> <Width = 32> <Depth = 64> <RAM>
ST_13 : Operation 645 [2/2] (1.23ns)   --->   "%p_ZZ5conv3PA255_A255_fPA32_A5_A5_fPfS1_E7in_tile_1_3_0_load_3 = load i6 %p_ZZ5conv3PA255_A255_fPA32_A5_A5_fPfS1_E7in_tile_1_3_0_addr_3" [src/conv3.cpp:86]   --->   Operation 645 'load' 'p_ZZ5conv3PA255_A255_fPA32_A5_A5_fPfS1_E7in_tile_1_3_0_load_3' <Predicate = true> <Delay = 1.23> <CoreInst = "RAM">   --->   Core 83 'RAM' <Latency = 1> <II = 1> <Delay = 1.23> <Storage> <Opcode : 'load' 'store'> <Ports = 2> <Width = 32> <Depth = 64> <RAM>
ST_13 : Operation 646 [2/2] (1.23ns)   --->   "%p_ZZ5conv3PA255_A255_fPA32_A5_A5_fPfS1_E7in_tile_1_4_0_load_3 = load i6 %p_ZZ5conv3PA255_A255_fPA32_A5_A5_fPfS1_E7in_tile_1_4_0_addr_3" [src/conv3.cpp:86]   --->   Operation 646 'load' 'p_ZZ5conv3PA255_A255_fPA32_A5_A5_fPfS1_E7in_tile_1_4_0_load_3' <Predicate = true> <Delay = 1.23> <CoreInst = "RAM">   --->   Core 83 'RAM' <Latency = 1> <II = 1> <Delay = 1.23> <Storage> <Opcode : 'load' 'store'> <Ports = 2> <Width = 32> <Depth = 64> <RAM>
ST_13 : Operation 647 [2/2] (1.23ns)   --->   "%p_ZZ5conv3PA255_A255_fPA32_A5_A5_fPfS1_E7in_tile_2_0_0_load_3 = load i6 %p_ZZ5conv3PA255_A255_fPA32_A5_A5_fPfS1_E7in_tile_2_0_0_addr_3" [src/conv3.cpp:86]   --->   Operation 647 'load' 'p_ZZ5conv3PA255_A255_fPA32_A5_A5_fPfS1_E7in_tile_2_0_0_load_3' <Predicate = true> <Delay = 1.23> <CoreInst = "RAM">   --->   Core 83 'RAM' <Latency = 1> <II = 1> <Delay = 1.23> <Storage> <Opcode : 'load' 'store'> <Ports = 2> <Width = 32> <Depth = 64> <RAM>
ST_13 : Operation 648 [2/2] (1.23ns)   --->   "%p_ZZ5conv3PA255_A255_fPA32_A5_A5_fPfS1_E7in_tile_2_1_0_load_3 = load i6 %p_ZZ5conv3PA255_A255_fPA32_A5_A5_fPfS1_E7in_tile_2_1_0_addr_3" [src/conv3.cpp:86]   --->   Operation 648 'load' 'p_ZZ5conv3PA255_A255_fPA32_A5_A5_fPfS1_E7in_tile_2_1_0_load_3' <Predicate = true> <Delay = 1.23> <CoreInst = "RAM">   --->   Core 83 'RAM' <Latency = 1> <II = 1> <Delay = 1.23> <Storage> <Opcode : 'load' 'store'> <Ports = 2> <Width = 32> <Depth = 64> <RAM>
ST_13 : Operation 649 [2/2] (1.23ns)   --->   "%p_ZZ5conv3PA255_A255_fPA32_A5_A5_fPfS1_E7in_tile_2_2_0_load_3 = load i6 %p_ZZ5conv3PA255_A255_fPA32_A5_A5_fPfS1_E7in_tile_2_2_0_addr_3" [src/conv3.cpp:86]   --->   Operation 649 'load' 'p_ZZ5conv3PA255_A255_fPA32_A5_A5_fPfS1_E7in_tile_2_2_0_load_3' <Predicate = true> <Delay = 1.23> <CoreInst = "RAM">   --->   Core 83 'RAM' <Latency = 1> <II = 1> <Delay = 1.23> <Storage> <Opcode : 'load' 'store'> <Ports = 2> <Width = 32> <Depth = 64> <RAM>
ST_13 : Operation 650 [2/2] (1.23ns)   --->   "%p_ZZ5conv3PA255_A255_fPA32_A5_A5_fPfS1_E7in_tile_2_3_0_load_3 = load i6 %p_ZZ5conv3PA255_A255_fPA32_A5_A5_fPfS1_E7in_tile_2_3_0_addr_3" [src/conv3.cpp:86]   --->   Operation 650 'load' 'p_ZZ5conv3PA255_A255_fPA32_A5_A5_fPfS1_E7in_tile_2_3_0_load_3' <Predicate = true> <Delay = 1.23> <CoreInst = "RAM">   --->   Core 83 'RAM' <Latency = 1> <II = 1> <Delay = 1.23> <Storage> <Opcode : 'load' 'store'> <Ports = 2> <Width = 32> <Depth = 64> <RAM>
ST_13 : Operation 651 [2/2] (1.23ns)   --->   "%p_ZZ5conv3PA255_A255_fPA32_A5_A5_fPfS1_E7in_tile_2_4_0_load_3 = load i6 %p_ZZ5conv3PA255_A255_fPA32_A5_A5_fPfS1_E7in_tile_2_4_0_addr_3" [src/conv3.cpp:86]   --->   Operation 651 'load' 'p_ZZ5conv3PA255_A255_fPA32_A5_A5_fPfS1_E7in_tile_2_4_0_load_3' <Predicate = true> <Delay = 1.23> <CoreInst = "RAM">   --->   Core 83 'RAM' <Latency = 1> <II = 1> <Delay = 1.23> <Storage> <Opcode : 'load' 'store'> <Ports = 2> <Width = 32> <Depth = 64> <RAM>
ST_13 : Operation 652 [2/2] (1.23ns)   --->   "%p_ZZ5conv3PA255_A255_fPA32_A5_A5_fPfS1_E7in_tile_3_0_0_load_3 = load i6 %p_ZZ5conv3PA255_A255_fPA32_A5_A5_fPfS1_E7in_tile_3_0_0_addr_3" [src/conv3.cpp:86]   --->   Operation 652 'load' 'p_ZZ5conv3PA255_A255_fPA32_A5_A5_fPfS1_E7in_tile_3_0_0_load_3' <Predicate = true> <Delay = 1.23> <CoreInst = "RAM">   --->   Core 83 'RAM' <Latency = 1> <II = 1> <Delay = 1.23> <Storage> <Opcode : 'load' 'store'> <Ports = 2> <Width = 32> <Depth = 64> <RAM>
ST_13 : Operation 653 [2/2] (1.23ns)   --->   "%p_ZZ5conv3PA255_A255_fPA32_A5_A5_fPfS1_E7in_tile_3_1_0_load_3 = load i6 %p_ZZ5conv3PA255_A255_fPA32_A5_A5_fPfS1_E7in_tile_3_1_0_addr_3" [src/conv3.cpp:86]   --->   Operation 653 'load' 'p_ZZ5conv3PA255_A255_fPA32_A5_A5_fPfS1_E7in_tile_3_1_0_load_3' <Predicate = true> <Delay = 1.23> <CoreInst = "RAM">   --->   Core 83 'RAM' <Latency = 1> <II = 1> <Delay = 1.23> <Storage> <Opcode : 'load' 'store'> <Ports = 2> <Width = 32> <Depth = 64> <RAM>
ST_13 : Operation 654 [2/2] (1.23ns)   --->   "%p_ZZ5conv3PA255_A255_fPA32_A5_A5_fPfS1_E7in_tile_3_2_0_load_3 = load i6 %p_ZZ5conv3PA255_A255_fPA32_A5_A5_fPfS1_E7in_tile_3_2_0_addr_3" [src/conv3.cpp:86]   --->   Operation 654 'load' 'p_ZZ5conv3PA255_A255_fPA32_A5_A5_fPfS1_E7in_tile_3_2_0_load_3' <Predicate = true> <Delay = 1.23> <CoreInst = "RAM">   --->   Core 83 'RAM' <Latency = 1> <II = 1> <Delay = 1.23> <Storage> <Opcode : 'load' 'store'> <Ports = 2> <Width = 32> <Depth = 64> <RAM>
ST_13 : Operation 655 [2/2] (1.23ns)   --->   "%p_ZZ5conv3PA255_A255_fPA32_A5_A5_fPfS1_E7in_tile_3_3_0_load_3 = load i6 %p_ZZ5conv3PA255_A255_fPA32_A5_A5_fPfS1_E7in_tile_3_3_0_addr_3" [src/conv3.cpp:86]   --->   Operation 655 'load' 'p_ZZ5conv3PA255_A255_fPA32_A5_A5_fPfS1_E7in_tile_3_3_0_load_3' <Predicate = true> <Delay = 1.23> <CoreInst = "RAM">   --->   Core 83 'RAM' <Latency = 1> <II = 1> <Delay = 1.23> <Storage> <Opcode : 'load' 'store'> <Ports = 2> <Width = 32> <Depth = 64> <RAM>
ST_13 : Operation 656 [2/2] (1.23ns)   --->   "%p_ZZ5conv3PA255_A255_fPA32_A5_A5_fPfS1_E7in_tile_3_4_0_load_3 = load i6 %p_ZZ5conv3PA255_A255_fPA32_A5_A5_fPfS1_E7in_tile_3_4_0_addr_3" [src/conv3.cpp:86]   --->   Operation 656 'load' 'p_ZZ5conv3PA255_A255_fPA32_A5_A5_fPfS1_E7in_tile_3_4_0_load_3' <Predicate = true> <Delay = 1.23> <CoreInst = "RAM">   --->   Core 83 'RAM' <Latency = 1> <II = 1> <Delay = 1.23> <Storage> <Opcode : 'load' 'store'> <Ports = 2> <Width = 32> <Depth = 64> <RAM>
ST_13 : Operation 657 [2/2] (1.23ns)   --->   "%p_ZZ5conv3PA255_A255_fPA32_A5_A5_fPfS1_E7in_tile_4_0_0_load_3 = load i6 %p_ZZ5conv3PA255_A255_fPA32_A5_A5_fPfS1_E7in_tile_4_0_0_addr_3" [src/conv3.cpp:86]   --->   Operation 657 'load' 'p_ZZ5conv3PA255_A255_fPA32_A5_A5_fPfS1_E7in_tile_4_0_0_load_3' <Predicate = true> <Delay = 1.23> <CoreInst = "RAM">   --->   Core 83 'RAM' <Latency = 1> <II = 1> <Delay = 1.23> <Storage> <Opcode : 'load' 'store'> <Ports = 2> <Width = 32> <Depth = 64> <RAM>
ST_13 : Operation 658 [2/2] (1.23ns)   --->   "%p_ZZ5conv3PA255_A255_fPA32_A5_A5_fPfS1_E7in_tile_4_1_0_load_3 = load i6 %p_ZZ5conv3PA255_A255_fPA32_A5_A5_fPfS1_E7in_tile_4_1_0_addr_3" [src/conv3.cpp:86]   --->   Operation 658 'load' 'p_ZZ5conv3PA255_A255_fPA32_A5_A5_fPfS1_E7in_tile_4_1_0_load_3' <Predicate = true> <Delay = 1.23> <CoreInst = "RAM">   --->   Core 83 'RAM' <Latency = 1> <II = 1> <Delay = 1.23> <Storage> <Opcode : 'load' 'store'> <Ports = 2> <Width = 32> <Depth = 64> <RAM>
ST_13 : Operation 659 [2/2] (1.23ns)   --->   "%p_ZZ5conv3PA255_A255_fPA32_A5_A5_fPfS1_E7in_tile_4_2_0_load_3 = load i6 %p_ZZ5conv3PA255_A255_fPA32_A5_A5_fPfS1_E7in_tile_4_2_0_addr_3" [src/conv3.cpp:86]   --->   Operation 659 'load' 'p_ZZ5conv3PA255_A255_fPA32_A5_A5_fPfS1_E7in_tile_4_2_0_load_3' <Predicate = true> <Delay = 1.23> <CoreInst = "RAM">   --->   Core 83 'RAM' <Latency = 1> <II = 1> <Delay = 1.23> <Storage> <Opcode : 'load' 'store'> <Ports = 2> <Width = 32> <Depth = 64> <RAM>
ST_13 : Operation 660 [2/2] (1.23ns)   --->   "%p_ZZ5conv3PA255_A255_fPA32_A5_A5_fPfS1_E7in_tile_4_3_0_load_3 = load i6 %p_ZZ5conv3PA255_A255_fPA32_A5_A5_fPfS1_E7in_tile_4_3_0_addr_3" [src/conv3.cpp:86]   --->   Operation 660 'load' 'p_ZZ5conv3PA255_A255_fPA32_A5_A5_fPfS1_E7in_tile_4_3_0_load_3' <Predicate = true> <Delay = 1.23> <CoreInst = "RAM">   --->   Core 83 'RAM' <Latency = 1> <II = 1> <Delay = 1.23> <Storage> <Opcode : 'load' 'store'> <Ports = 2> <Width = 32> <Depth = 64> <RAM>
ST_13 : Operation 661 [2/2] (1.23ns)   --->   "%p_ZZ5conv3PA255_A255_fPA32_A5_A5_fPfS1_E7in_tile_4_4_0_load_3 = load i6 %p_ZZ5conv3PA255_A255_fPA32_A5_A5_fPfS1_E7in_tile_4_4_0_addr_3" [src/conv3.cpp:86]   --->   Operation 661 'load' 'p_ZZ5conv3PA255_A255_fPA32_A5_A5_fPfS1_E7in_tile_4_4_0_load_3' <Predicate = true> <Delay = 1.23> <CoreInst = "RAM">   --->   Core 83 'RAM' <Latency = 1> <II = 1> <Delay = 1.23> <Storage> <Opcode : 'load' 'store'> <Ports = 2> <Width = 32> <Depth = 64> <RAM>
ST_13 : Operation 662 [2/2] (1.23ns)   --->   "%p_ZZ5conv3PA255_A255_fPA32_A5_A5_fPfS1_E7in_tile_0_0_0_load_4 = load i6 %p_ZZ5conv3PA255_A255_fPA32_A5_A5_fPfS1_E7in_tile_0_0_0_addr_4" [src/conv3.cpp:86]   --->   Operation 662 'load' 'p_ZZ5conv3PA255_A255_fPA32_A5_A5_fPfS1_E7in_tile_0_0_0_load_4' <Predicate = true> <Delay = 1.23> <CoreInst = "RAM">   --->   Core 83 'RAM' <Latency = 1> <II = 1> <Delay = 1.23> <Storage> <Opcode : 'load' 'store'> <Ports = 2> <Width = 32> <Depth = 64> <RAM>
ST_13 : Operation 663 [2/2] (1.23ns)   --->   "%p_ZZ5conv3PA255_A255_fPA32_A5_A5_fPfS1_E7in_tile_0_1_0_load_4 = load i6 %p_ZZ5conv3PA255_A255_fPA32_A5_A5_fPfS1_E7in_tile_0_1_0_addr_4" [src/conv3.cpp:86]   --->   Operation 663 'load' 'p_ZZ5conv3PA255_A255_fPA32_A5_A5_fPfS1_E7in_tile_0_1_0_load_4' <Predicate = true> <Delay = 1.23> <CoreInst = "RAM">   --->   Core 83 'RAM' <Latency = 1> <II = 1> <Delay = 1.23> <Storage> <Opcode : 'load' 'store'> <Ports = 2> <Width = 32> <Depth = 64> <RAM>
ST_13 : Operation 664 [2/2] (1.23ns)   --->   "%p_ZZ5conv3PA255_A255_fPA32_A5_A5_fPfS1_E7in_tile_0_2_0_load_4 = load i6 %p_ZZ5conv3PA255_A255_fPA32_A5_A5_fPfS1_E7in_tile_0_2_0_addr_4" [src/conv3.cpp:86]   --->   Operation 664 'load' 'p_ZZ5conv3PA255_A255_fPA32_A5_A5_fPfS1_E7in_tile_0_2_0_load_4' <Predicate = true> <Delay = 1.23> <CoreInst = "RAM">   --->   Core 83 'RAM' <Latency = 1> <II = 1> <Delay = 1.23> <Storage> <Opcode : 'load' 'store'> <Ports = 2> <Width = 32> <Depth = 64> <RAM>
ST_13 : Operation 665 [2/2] (1.23ns)   --->   "%p_ZZ5conv3PA255_A255_fPA32_A5_A5_fPfS1_E7in_tile_0_3_0_load_4 = load i6 %p_ZZ5conv3PA255_A255_fPA32_A5_A5_fPfS1_E7in_tile_0_3_0_addr_4" [src/conv3.cpp:86]   --->   Operation 665 'load' 'p_ZZ5conv3PA255_A255_fPA32_A5_A5_fPfS1_E7in_tile_0_3_0_load_4' <Predicate = true> <Delay = 1.23> <CoreInst = "RAM">   --->   Core 83 'RAM' <Latency = 1> <II = 1> <Delay = 1.23> <Storage> <Opcode : 'load' 'store'> <Ports = 2> <Width = 32> <Depth = 64> <RAM>
ST_13 : Operation 666 [2/2] (1.23ns)   --->   "%p_ZZ5conv3PA255_A255_fPA32_A5_A5_fPfS1_E7in_tile_0_4_0_load_4 = load i6 %p_ZZ5conv3PA255_A255_fPA32_A5_A5_fPfS1_E7in_tile_0_4_0_addr_4" [src/conv3.cpp:86]   --->   Operation 666 'load' 'p_ZZ5conv3PA255_A255_fPA32_A5_A5_fPfS1_E7in_tile_0_4_0_load_4' <Predicate = true> <Delay = 1.23> <CoreInst = "RAM">   --->   Core 83 'RAM' <Latency = 1> <II = 1> <Delay = 1.23> <Storage> <Opcode : 'load' 'store'> <Ports = 2> <Width = 32> <Depth = 64> <RAM>
ST_13 : Operation 667 [2/2] (1.23ns)   --->   "%p_ZZ5conv3PA255_A255_fPA32_A5_A5_fPfS1_E7in_tile_1_0_0_load_4 = load i6 %p_ZZ5conv3PA255_A255_fPA32_A5_A5_fPfS1_E7in_tile_1_0_0_addr_4" [src/conv3.cpp:86]   --->   Operation 667 'load' 'p_ZZ5conv3PA255_A255_fPA32_A5_A5_fPfS1_E7in_tile_1_0_0_load_4' <Predicate = true> <Delay = 1.23> <CoreInst = "RAM">   --->   Core 83 'RAM' <Latency = 1> <II = 1> <Delay = 1.23> <Storage> <Opcode : 'load' 'store'> <Ports = 2> <Width = 32> <Depth = 64> <RAM>
ST_13 : Operation 668 [2/2] (1.23ns)   --->   "%p_ZZ5conv3PA255_A255_fPA32_A5_A5_fPfS1_E7in_tile_1_1_0_load_4 = load i6 %p_ZZ5conv3PA255_A255_fPA32_A5_A5_fPfS1_E7in_tile_1_1_0_addr_4" [src/conv3.cpp:86]   --->   Operation 668 'load' 'p_ZZ5conv3PA255_A255_fPA32_A5_A5_fPfS1_E7in_tile_1_1_0_load_4' <Predicate = true> <Delay = 1.23> <CoreInst = "RAM">   --->   Core 83 'RAM' <Latency = 1> <II = 1> <Delay = 1.23> <Storage> <Opcode : 'load' 'store'> <Ports = 2> <Width = 32> <Depth = 64> <RAM>
ST_13 : Operation 669 [2/2] (1.23ns)   --->   "%p_ZZ5conv3PA255_A255_fPA32_A5_A5_fPfS1_E7in_tile_1_2_0_load_4 = load i6 %p_ZZ5conv3PA255_A255_fPA32_A5_A5_fPfS1_E7in_tile_1_2_0_addr_4" [src/conv3.cpp:86]   --->   Operation 669 'load' 'p_ZZ5conv3PA255_A255_fPA32_A5_A5_fPfS1_E7in_tile_1_2_0_load_4' <Predicate = true> <Delay = 1.23> <CoreInst = "RAM">   --->   Core 83 'RAM' <Latency = 1> <II = 1> <Delay = 1.23> <Storage> <Opcode : 'load' 'store'> <Ports = 2> <Width = 32> <Depth = 64> <RAM>
ST_13 : Operation 670 [2/2] (1.23ns)   --->   "%p_ZZ5conv3PA255_A255_fPA32_A5_A5_fPfS1_E7in_tile_1_3_0_load_4 = load i6 %p_ZZ5conv3PA255_A255_fPA32_A5_A5_fPfS1_E7in_tile_1_3_0_addr_4" [src/conv3.cpp:86]   --->   Operation 670 'load' 'p_ZZ5conv3PA255_A255_fPA32_A5_A5_fPfS1_E7in_tile_1_3_0_load_4' <Predicate = true> <Delay = 1.23> <CoreInst = "RAM">   --->   Core 83 'RAM' <Latency = 1> <II = 1> <Delay = 1.23> <Storage> <Opcode : 'load' 'store'> <Ports = 2> <Width = 32> <Depth = 64> <RAM>
ST_13 : Operation 671 [2/2] (1.23ns)   --->   "%p_ZZ5conv3PA255_A255_fPA32_A5_A5_fPfS1_E7in_tile_1_4_0_load_4 = load i6 %p_ZZ5conv3PA255_A255_fPA32_A5_A5_fPfS1_E7in_tile_1_4_0_addr_4" [src/conv3.cpp:86]   --->   Operation 671 'load' 'p_ZZ5conv3PA255_A255_fPA32_A5_A5_fPfS1_E7in_tile_1_4_0_load_4' <Predicate = true> <Delay = 1.23> <CoreInst = "RAM">   --->   Core 83 'RAM' <Latency = 1> <II = 1> <Delay = 1.23> <Storage> <Opcode : 'load' 'store'> <Ports = 2> <Width = 32> <Depth = 64> <RAM>
ST_13 : Operation 672 [2/2] (1.23ns)   --->   "%p_ZZ5conv3PA255_A255_fPA32_A5_A5_fPfS1_E7in_tile_2_0_0_load_4 = load i6 %p_ZZ5conv3PA255_A255_fPA32_A5_A5_fPfS1_E7in_tile_2_0_0_addr_4" [src/conv3.cpp:86]   --->   Operation 672 'load' 'p_ZZ5conv3PA255_A255_fPA32_A5_A5_fPfS1_E7in_tile_2_0_0_load_4' <Predicate = true> <Delay = 1.23> <CoreInst = "RAM">   --->   Core 83 'RAM' <Latency = 1> <II = 1> <Delay = 1.23> <Storage> <Opcode : 'load' 'store'> <Ports = 2> <Width = 32> <Depth = 64> <RAM>
ST_13 : Operation 673 [2/2] (1.23ns)   --->   "%p_ZZ5conv3PA255_A255_fPA32_A5_A5_fPfS1_E7in_tile_2_1_0_load_4 = load i6 %p_ZZ5conv3PA255_A255_fPA32_A5_A5_fPfS1_E7in_tile_2_1_0_addr_4" [src/conv3.cpp:86]   --->   Operation 673 'load' 'p_ZZ5conv3PA255_A255_fPA32_A5_A5_fPfS1_E7in_tile_2_1_0_load_4' <Predicate = true> <Delay = 1.23> <CoreInst = "RAM">   --->   Core 83 'RAM' <Latency = 1> <II = 1> <Delay = 1.23> <Storage> <Opcode : 'load' 'store'> <Ports = 2> <Width = 32> <Depth = 64> <RAM>
ST_13 : Operation 674 [2/2] (1.23ns)   --->   "%p_ZZ5conv3PA255_A255_fPA32_A5_A5_fPfS1_E7in_tile_2_2_0_load_4 = load i6 %p_ZZ5conv3PA255_A255_fPA32_A5_A5_fPfS1_E7in_tile_2_2_0_addr_4" [src/conv3.cpp:86]   --->   Operation 674 'load' 'p_ZZ5conv3PA255_A255_fPA32_A5_A5_fPfS1_E7in_tile_2_2_0_load_4' <Predicate = true> <Delay = 1.23> <CoreInst = "RAM">   --->   Core 83 'RAM' <Latency = 1> <II = 1> <Delay = 1.23> <Storage> <Opcode : 'load' 'store'> <Ports = 2> <Width = 32> <Depth = 64> <RAM>
ST_13 : Operation 675 [2/2] (1.23ns)   --->   "%p_ZZ5conv3PA255_A255_fPA32_A5_A5_fPfS1_E7in_tile_2_3_0_load_4 = load i6 %p_ZZ5conv3PA255_A255_fPA32_A5_A5_fPfS1_E7in_tile_2_3_0_addr_4" [src/conv3.cpp:86]   --->   Operation 675 'load' 'p_ZZ5conv3PA255_A255_fPA32_A5_A5_fPfS1_E7in_tile_2_3_0_load_4' <Predicate = true> <Delay = 1.23> <CoreInst = "RAM">   --->   Core 83 'RAM' <Latency = 1> <II = 1> <Delay = 1.23> <Storage> <Opcode : 'load' 'store'> <Ports = 2> <Width = 32> <Depth = 64> <RAM>
ST_13 : Operation 676 [2/2] (1.23ns)   --->   "%p_ZZ5conv3PA255_A255_fPA32_A5_A5_fPfS1_E7in_tile_2_4_0_load_4 = load i6 %p_ZZ5conv3PA255_A255_fPA32_A5_A5_fPfS1_E7in_tile_2_4_0_addr_4" [src/conv3.cpp:86]   --->   Operation 676 'load' 'p_ZZ5conv3PA255_A255_fPA32_A5_A5_fPfS1_E7in_tile_2_4_0_load_4' <Predicate = true> <Delay = 1.23> <CoreInst = "RAM">   --->   Core 83 'RAM' <Latency = 1> <II = 1> <Delay = 1.23> <Storage> <Opcode : 'load' 'store'> <Ports = 2> <Width = 32> <Depth = 64> <RAM>
ST_13 : Operation 677 [2/2] (1.23ns)   --->   "%p_ZZ5conv3PA255_A255_fPA32_A5_A5_fPfS1_E7in_tile_3_0_0_load_4 = load i6 %p_ZZ5conv3PA255_A255_fPA32_A5_A5_fPfS1_E7in_tile_3_0_0_addr_4" [src/conv3.cpp:86]   --->   Operation 677 'load' 'p_ZZ5conv3PA255_A255_fPA32_A5_A5_fPfS1_E7in_tile_3_0_0_load_4' <Predicate = true> <Delay = 1.23> <CoreInst = "RAM">   --->   Core 83 'RAM' <Latency = 1> <II = 1> <Delay = 1.23> <Storage> <Opcode : 'load' 'store'> <Ports = 2> <Width = 32> <Depth = 64> <RAM>
ST_13 : Operation 678 [2/2] (1.23ns)   --->   "%p_ZZ5conv3PA255_A255_fPA32_A5_A5_fPfS1_E7in_tile_3_1_0_load_4 = load i6 %p_ZZ5conv3PA255_A255_fPA32_A5_A5_fPfS1_E7in_tile_3_1_0_addr_4" [src/conv3.cpp:86]   --->   Operation 678 'load' 'p_ZZ5conv3PA255_A255_fPA32_A5_A5_fPfS1_E7in_tile_3_1_0_load_4' <Predicate = true> <Delay = 1.23> <CoreInst = "RAM">   --->   Core 83 'RAM' <Latency = 1> <II = 1> <Delay = 1.23> <Storage> <Opcode : 'load' 'store'> <Ports = 2> <Width = 32> <Depth = 64> <RAM>
ST_13 : Operation 679 [2/2] (1.23ns)   --->   "%p_ZZ5conv3PA255_A255_fPA32_A5_A5_fPfS1_E7in_tile_3_2_0_load_4 = load i6 %p_ZZ5conv3PA255_A255_fPA32_A5_A5_fPfS1_E7in_tile_3_2_0_addr_4" [src/conv3.cpp:86]   --->   Operation 679 'load' 'p_ZZ5conv3PA255_A255_fPA32_A5_A5_fPfS1_E7in_tile_3_2_0_load_4' <Predicate = true> <Delay = 1.23> <CoreInst = "RAM">   --->   Core 83 'RAM' <Latency = 1> <II = 1> <Delay = 1.23> <Storage> <Opcode : 'load' 'store'> <Ports = 2> <Width = 32> <Depth = 64> <RAM>
ST_13 : Operation 680 [2/2] (1.23ns)   --->   "%p_ZZ5conv3PA255_A255_fPA32_A5_A5_fPfS1_E7in_tile_3_3_0_load_4 = load i6 %p_ZZ5conv3PA255_A255_fPA32_A5_A5_fPfS1_E7in_tile_3_3_0_addr_4" [src/conv3.cpp:86]   --->   Operation 680 'load' 'p_ZZ5conv3PA255_A255_fPA32_A5_A5_fPfS1_E7in_tile_3_3_0_load_4' <Predicate = true> <Delay = 1.23> <CoreInst = "RAM">   --->   Core 83 'RAM' <Latency = 1> <II = 1> <Delay = 1.23> <Storage> <Opcode : 'load' 'store'> <Ports = 2> <Width = 32> <Depth = 64> <RAM>
ST_13 : Operation 681 [2/2] (1.23ns)   --->   "%p_ZZ5conv3PA255_A255_fPA32_A5_A5_fPfS1_E7in_tile_3_4_0_load_4 = load i6 %p_ZZ5conv3PA255_A255_fPA32_A5_A5_fPfS1_E7in_tile_3_4_0_addr_4" [src/conv3.cpp:86]   --->   Operation 681 'load' 'p_ZZ5conv3PA255_A255_fPA32_A5_A5_fPfS1_E7in_tile_3_4_0_load_4' <Predicate = true> <Delay = 1.23> <CoreInst = "RAM">   --->   Core 83 'RAM' <Latency = 1> <II = 1> <Delay = 1.23> <Storage> <Opcode : 'load' 'store'> <Ports = 2> <Width = 32> <Depth = 64> <RAM>
ST_13 : Operation 682 [2/2] (1.23ns)   --->   "%p_ZZ5conv3PA255_A255_fPA32_A5_A5_fPfS1_E7in_tile_4_0_0_load_4 = load i6 %p_ZZ5conv3PA255_A255_fPA32_A5_A5_fPfS1_E7in_tile_4_0_0_addr_4" [src/conv3.cpp:86]   --->   Operation 682 'load' 'p_ZZ5conv3PA255_A255_fPA32_A5_A5_fPfS1_E7in_tile_4_0_0_load_4' <Predicate = true> <Delay = 1.23> <CoreInst = "RAM">   --->   Core 83 'RAM' <Latency = 1> <II = 1> <Delay = 1.23> <Storage> <Opcode : 'load' 'store'> <Ports = 2> <Width = 32> <Depth = 64> <RAM>
ST_13 : Operation 683 [2/2] (1.23ns)   --->   "%p_ZZ5conv3PA255_A255_fPA32_A5_A5_fPfS1_E7in_tile_4_1_0_load_4 = load i6 %p_ZZ5conv3PA255_A255_fPA32_A5_A5_fPfS1_E7in_tile_4_1_0_addr_4" [src/conv3.cpp:86]   --->   Operation 683 'load' 'p_ZZ5conv3PA255_A255_fPA32_A5_A5_fPfS1_E7in_tile_4_1_0_load_4' <Predicate = true> <Delay = 1.23> <CoreInst = "RAM">   --->   Core 83 'RAM' <Latency = 1> <II = 1> <Delay = 1.23> <Storage> <Opcode : 'load' 'store'> <Ports = 2> <Width = 32> <Depth = 64> <RAM>
ST_13 : Operation 684 [2/2] (1.23ns)   --->   "%p_ZZ5conv3PA255_A255_fPA32_A5_A5_fPfS1_E7in_tile_4_2_0_load_4 = load i6 %p_ZZ5conv3PA255_A255_fPA32_A5_A5_fPfS1_E7in_tile_4_2_0_addr_4" [src/conv3.cpp:86]   --->   Operation 684 'load' 'p_ZZ5conv3PA255_A255_fPA32_A5_A5_fPfS1_E7in_tile_4_2_0_load_4' <Predicate = true> <Delay = 1.23> <CoreInst = "RAM">   --->   Core 83 'RAM' <Latency = 1> <II = 1> <Delay = 1.23> <Storage> <Opcode : 'load' 'store'> <Ports = 2> <Width = 32> <Depth = 64> <RAM>
ST_13 : Operation 685 [2/2] (1.23ns)   --->   "%p_ZZ5conv3PA255_A255_fPA32_A5_A5_fPfS1_E7in_tile_4_3_0_load_4 = load i6 %p_ZZ5conv3PA255_A255_fPA32_A5_A5_fPfS1_E7in_tile_4_3_0_addr_4" [src/conv3.cpp:86]   --->   Operation 685 'load' 'p_ZZ5conv3PA255_A255_fPA32_A5_A5_fPfS1_E7in_tile_4_3_0_load_4' <Predicate = true> <Delay = 1.23> <CoreInst = "RAM">   --->   Core 83 'RAM' <Latency = 1> <II = 1> <Delay = 1.23> <Storage> <Opcode : 'load' 'store'> <Ports = 2> <Width = 32> <Depth = 64> <RAM>
ST_13 : Operation 686 [2/2] (1.23ns)   --->   "%p_ZZ5conv3PA255_A255_fPA32_A5_A5_fPfS1_E7in_tile_4_4_0_load_4 = load i6 %p_ZZ5conv3PA255_A255_fPA32_A5_A5_fPfS1_E7in_tile_4_4_0_addr_4" [src/conv3.cpp:86]   --->   Operation 686 'load' 'p_ZZ5conv3PA255_A255_fPA32_A5_A5_fPfS1_E7in_tile_4_4_0_load_4' <Predicate = true> <Delay = 1.23> <CoreInst = "RAM">   --->   Core 83 'RAM' <Latency = 1> <II = 1> <Delay = 1.23> <Storage> <Opcode : 'load' 'store'> <Ports = 2> <Width = 32> <Depth = 64> <RAM>

State 14 <SV = 13> <Delay = 1.23>
ST_14 : Operation 687 [1/2] (1.23ns)   --->   "%p_ZZ5conv3PA255_A255_fPA32_A5_A5_fPfS1_E7in_tile_0_0_0_load_3 = load i6 %p_ZZ5conv3PA255_A255_fPA32_A5_A5_fPfS1_E7in_tile_0_0_0_addr_3" [src/conv3.cpp:86]   --->   Operation 687 'load' 'p_ZZ5conv3PA255_A255_fPA32_A5_A5_fPfS1_E7in_tile_0_0_0_load_3' <Predicate = true> <Delay = 1.23> <CoreInst = "RAM">   --->   Core 83 'RAM' <Latency = 1> <II = 1> <Delay = 1.23> <Storage> <Opcode : 'load' 'store'> <Ports = 2> <Width = 32> <Depth = 64> <RAM>
ST_14 : Operation 688 [1/2] (1.23ns)   --->   "%p_ZZ5conv3PA255_A255_fPA32_A5_A5_fPfS1_E7in_tile_0_1_0_load_3 = load i6 %p_ZZ5conv3PA255_A255_fPA32_A5_A5_fPfS1_E7in_tile_0_1_0_addr_3" [src/conv3.cpp:86]   --->   Operation 688 'load' 'p_ZZ5conv3PA255_A255_fPA32_A5_A5_fPfS1_E7in_tile_0_1_0_load_3' <Predicate = true> <Delay = 1.23> <CoreInst = "RAM">   --->   Core 83 'RAM' <Latency = 1> <II = 1> <Delay = 1.23> <Storage> <Opcode : 'load' 'store'> <Ports = 2> <Width = 32> <Depth = 64> <RAM>
ST_14 : Operation 689 [1/2] (1.23ns)   --->   "%p_ZZ5conv3PA255_A255_fPA32_A5_A5_fPfS1_E7in_tile_0_2_0_load_3 = load i6 %p_ZZ5conv3PA255_A255_fPA32_A5_A5_fPfS1_E7in_tile_0_2_0_addr_3" [src/conv3.cpp:86]   --->   Operation 689 'load' 'p_ZZ5conv3PA255_A255_fPA32_A5_A5_fPfS1_E7in_tile_0_2_0_load_3' <Predicate = true> <Delay = 1.23> <CoreInst = "RAM">   --->   Core 83 'RAM' <Latency = 1> <II = 1> <Delay = 1.23> <Storage> <Opcode : 'load' 'store'> <Ports = 2> <Width = 32> <Depth = 64> <RAM>
ST_14 : Operation 690 [1/2] (1.23ns)   --->   "%p_ZZ5conv3PA255_A255_fPA32_A5_A5_fPfS1_E7in_tile_0_3_0_load_3 = load i6 %p_ZZ5conv3PA255_A255_fPA32_A5_A5_fPfS1_E7in_tile_0_3_0_addr_3" [src/conv3.cpp:86]   --->   Operation 690 'load' 'p_ZZ5conv3PA255_A255_fPA32_A5_A5_fPfS1_E7in_tile_0_3_0_load_3' <Predicate = true> <Delay = 1.23> <CoreInst = "RAM">   --->   Core 83 'RAM' <Latency = 1> <II = 1> <Delay = 1.23> <Storage> <Opcode : 'load' 'store'> <Ports = 2> <Width = 32> <Depth = 64> <RAM>
ST_14 : Operation 691 [1/2] (1.23ns)   --->   "%p_ZZ5conv3PA255_A255_fPA32_A5_A5_fPfS1_E7in_tile_0_4_0_load_3 = load i6 %p_ZZ5conv3PA255_A255_fPA32_A5_A5_fPfS1_E7in_tile_0_4_0_addr_3" [src/conv3.cpp:86]   --->   Operation 691 'load' 'p_ZZ5conv3PA255_A255_fPA32_A5_A5_fPfS1_E7in_tile_0_4_0_load_3' <Predicate = true> <Delay = 1.23> <CoreInst = "RAM">   --->   Core 83 'RAM' <Latency = 1> <II = 1> <Delay = 1.23> <Storage> <Opcode : 'load' 'store'> <Ports = 2> <Width = 32> <Depth = 64> <RAM>
ST_14 : Operation 692 [1/2] (1.23ns)   --->   "%p_ZZ5conv3PA255_A255_fPA32_A5_A5_fPfS1_E7in_tile_1_0_0_load_3 = load i6 %p_ZZ5conv3PA255_A255_fPA32_A5_A5_fPfS1_E7in_tile_1_0_0_addr_3" [src/conv3.cpp:86]   --->   Operation 692 'load' 'p_ZZ5conv3PA255_A255_fPA32_A5_A5_fPfS1_E7in_tile_1_0_0_load_3' <Predicate = true> <Delay = 1.23> <CoreInst = "RAM">   --->   Core 83 'RAM' <Latency = 1> <II = 1> <Delay = 1.23> <Storage> <Opcode : 'load' 'store'> <Ports = 2> <Width = 32> <Depth = 64> <RAM>
ST_14 : Operation 693 [1/2] (1.23ns)   --->   "%p_ZZ5conv3PA255_A255_fPA32_A5_A5_fPfS1_E7in_tile_1_1_0_load_3 = load i6 %p_ZZ5conv3PA255_A255_fPA32_A5_A5_fPfS1_E7in_tile_1_1_0_addr_3" [src/conv3.cpp:86]   --->   Operation 693 'load' 'p_ZZ5conv3PA255_A255_fPA32_A5_A5_fPfS1_E7in_tile_1_1_0_load_3' <Predicate = true> <Delay = 1.23> <CoreInst = "RAM">   --->   Core 83 'RAM' <Latency = 1> <II = 1> <Delay = 1.23> <Storage> <Opcode : 'load' 'store'> <Ports = 2> <Width = 32> <Depth = 64> <RAM>
ST_14 : Operation 694 [1/2] (1.23ns)   --->   "%p_ZZ5conv3PA255_A255_fPA32_A5_A5_fPfS1_E7in_tile_1_2_0_load_3 = load i6 %p_ZZ5conv3PA255_A255_fPA32_A5_A5_fPfS1_E7in_tile_1_2_0_addr_3" [src/conv3.cpp:86]   --->   Operation 694 'load' 'p_ZZ5conv3PA255_A255_fPA32_A5_A5_fPfS1_E7in_tile_1_2_0_load_3' <Predicate = true> <Delay = 1.23> <CoreInst = "RAM">   --->   Core 83 'RAM' <Latency = 1> <II = 1> <Delay = 1.23> <Storage> <Opcode : 'load' 'store'> <Ports = 2> <Width = 32> <Depth = 64> <RAM>
ST_14 : Operation 695 [1/2] (1.23ns)   --->   "%p_ZZ5conv3PA255_A255_fPA32_A5_A5_fPfS1_E7in_tile_1_3_0_load_3 = load i6 %p_ZZ5conv3PA255_A255_fPA32_A5_A5_fPfS1_E7in_tile_1_3_0_addr_3" [src/conv3.cpp:86]   --->   Operation 695 'load' 'p_ZZ5conv3PA255_A255_fPA32_A5_A5_fPfS1_E7in_tile_1_3_0_load_3' <Predicate = true> <Delay = 1.23> <CoreInst = "RAM">   --->   Core 83 'RAM' <Latency = 1> <II = 1> <Delay = 1.23> <Storage> <Opcode : 'load' 'store'> <Ports = 2> <Width = 32> <Depth = 64> <RAM>
ST_14 : Operation 696 [1/2] (1.23ns)   --->   "%p_ZZ5conv3PA255_A255_fPA32_A5_A5_fPfS1_E7in_tile_1_4_0_load_3 = load i6 %p_ZZ5conv3PA255_A255_fPA32_A5_A5_fPfS1_E7in_tile_1_4_0_addr_3" [src/conv3.cpp:86]   --->   Operation 696 'load' 'p_ZZ5conv3PA255_A255_fPA32_A5_A5_fPfS1_E7in_tile_1_4_0_load_3' <Predicate = true> <Delay = 1.23> <CoreInst = "RAM">   --->   Core 83 'RAM' <Latency = 1> <II = 1> <Delay = 1.23> <Storage> <Opcode : 'load' 'store'> <Ports = 2> <Width = 32> <Depth = 64> <RAM>
ST_14 : Operation 697 [1/2] (1.23ns)   --->   "%p_ZZ5conv3PA255_A255_fPA32_A5_A5_fPfS1_E7in_tile_2_0_0_load_3 = load i6 %p_ZZ5conv3PA255_A255_fPA32_A5_A5_fPfS1_E7in_tile_2_0_0_addr_3" [src/conv3.cpp:86]   --->   Operation 697 'load' 'p_ZZ5conv3PA255_A255_fPA32_A5_A5_fPfS1_E7in_tile_2_0_0_load_3' <Predicate = true> <Delay = 1.23> <CoreInst = "RAM">   --->   Core 83 'RAM' <Latency = 1> <II = 1> <Delay = 1.23> <Storage> <Opcode : 'load' 'store'> <Ports = 2> <Width = 32> <Depth = 64> <RAM>
ST_14 : Operation 698 [1/2] (1.23ns)   --->   "%p_ZZ5conv3PA255_A255_fPA32_A5_A5_fPfS1_E7in_tile_2_1_0_load_3 = load i6 %p_ZZ5conv3PA255_A255_fPA32_A5_A5_fPfS1_E7in_tile_2_1_0_addr_3" [src/conv3.cpp:86]   --->   Operation 698 'load' 'p_ZZ5conv3PA255_A255_fPA32_A5_A5_fPfS1_E7in_tile_2_1_0_load_3' <Predicate = true> <Delay = 1.23> <CoreInst = "RAM">   --->   Core 83 'RAM' <Latency = 1> <II = 1> <Delay = 1.23> <Storage> <Opcode : 'load' 'store'> <Ports = 2> <Width = 32> <Depth = 64> <RAM>
ST_14 : Operation 699 [1/2] (1.23ns)   --->   "%p_ZZ5conv3PA255_A255_fPA32_A5_A5_fPfS1_E7in_tile_2_2_0_load_3 = load i6 %p_ZZ5conv3PA255_A255_fPA32_A5_A5_fPfS1_E7in_tile_2_2_0_addr_3" [src/conv3.cpp:86]   --->   Operation 699 'load' 'p_ZZ5conv3PA255_A255_fPA32_A5_A5_fPfS1_E7in_tile_2_2_0_load_3' <Predicate = true> <Delay = 1.23> <CoreInst = "RAM">   --->   Core 83 'RAM' <Latency = 1> <II = 1> <Delay = 1.23> <Storage> <Opcode : 'load' 'store'> <Ports = 2> <Width = 32> <Depth = 64> <RAM>
ST_14 : Operation 700 [1/2] (1.23ns)   --->   "%p_ZZ5conv3PA255_A255_fPA32_A5_A5_fPfS1_E7in_tile_2_3_0_load_3 = load i6 %p_ZZ5conv3PA255_A255_fPA32_A5_A5_fPfS1_E7in_tile_2_3_0_addr_3" [src/conv3.cpp:86]   --->   Operation 700 'load' 'p_ZZ5conv3PA255_A255_fPA32_A5_A5_fPfS1_E7in_tile_2_3_0_load_3' <Predicate = true> <Delay = 1.23> <CoreInst = "RAM">   --->   Core 83 'RAM' <Latency = 1> <II = 1> <Delay = 1.23> <Storage> <Opcode : 'load' 'store'> <Ports = 2> <Width = 32> <Depth = 64> <RAM>
ST_14 : Operation 701 [1/2] (1.23ns)   --->   "%p_ZZ5conv3PA255_A255_fPA32_A5_A5_fPfS1_E7in_tile_2_4_0_load_3 = load i6 %p_ZZ5conv3PA255_A255_fPA32_A5_A5_fPfS1_E7in_tile_2_4_0_addr_3" [src/conv3.cpp:86]   --->   Operation 701 'load' 'p_ZZ5conv3PA255_A255_fPA32_A5_A5_fPfS1_E7in_tile_2_4_0_load_3' <Predicate = true> <Delay = 1.23> <CoreInst = "RAM">   --->   Core 83 'RAM' <Latency = 1> <II = 1> <Delay = 1.23> <Storage> <Opcode : 'load' 'store'> <Ports = 2> <Width = 32> <Depth = 64> <RAM>
ST_14 : Operation 702 [1/2] (1.23ns)   --->   "%p_ZZ5conv3PA255_A255_fPA32_A5_A5_fPfS1_E7in_tile_3_0_0_load_3 = load i6 %p_ZZ5conv3PA255_A255_fPA32_A5_A5_fPfS1_E7in_tile_3_0_0_addr_3" [src/conv3.cpp:86]   --->   Operation 702 'load' 'p_ZZ5conv3PA255_A255_fPA32_A5_A5_fPfS1_E7in_tile_3_0_0_load_3' <Predicate = true> <Delay = 1.23> <CoreInst = "RAM">   --->   Core 83 'RAM' <Latency = 1> <II = 1> <Delay = 1.23> <Storage> <Opcode : 'load' 'store'> <Ports = 2> <Width = 32> <Depth = 64> <RAM>
ST_14 : Operation 703 [1/2] (1.23ns)   --->   "%p_ZZ5conv3PA255_A255_fPA32_A5_A5_fPfS1_E7in_tile_3_1_0_load_3 = load i6 %p_ZZ5conv3PA255_A255_fPA32_A5_A5_fPfS1_E7in_tile_3_1_0_addr_3" [src/conv3.cpp:86]   --->   Operation 703 'load' 'p_ZZ5conv3PA255_A255_fPA32_A5_A5_fPfS1_E7in_tile_3_1_0_load_3' <Predicate = true> <Delay = 1.23> <CoreInst = "RAM">   --->   Core 83 'RAM' <Latency = 1> <II = 1> <Delay = 1.23> <Storage> <Opcode : 'load' 'store'> <Ports = 2> <Width = 32> <Depth = 64> <RAM>
ST_14 : Operation 704 [1/2] (1.23ns)   --->   "%p_ZZ5conv3PA255_A255_fPA32_A5_A5_fPfS1_E7in_tile_3_2_0_load_3 = load i6 %p_ZZ5conv3PA255_A255_fPA32_A5_A5_fPfS1_E7in_tile_3_2_0_addr_3" [src/conv3.cpp:86]   --->   Operation 704 'load' 'p_ZZ5conv3PA255_A255_fPA32_A5_A5_fPfS1_E7in_tile_3_2_0_load_3' <Predicate = true> <Delay = 1.23> <CoreInst = "RAM">   --->   Core 83 'RAM' <Latency = 1> <II = 1> <Delay = 1.23> <Storage> <Opcode : 'load' 'store'> <Ports = 2> <Width = 32> <Depth = 64> <RAM>
ST_14 : Operation 705 [1/2] (1.23ns)   --->   "%p_ZZ5conv3PA255_A255_fPA32_A5_A5_fPfS1_E7in_tile_3_3_0_load_3 = load i6 %p_ZZ5conv3PA255_A255_fPA32_A5_A5_fPfS1_E7in_tile_3_3_0_addr_3" [src/conv3.cpp:86]   --->   Operation 705 'load' 'p_ZZ5conv3PA255_A255_fPA32_A5_A5_fPfS1_E7in_tile_3_3_0_load_3' <Predicate = true> <Delay = 1.23> <CoreInst = "RAM">   --->   Core 83 'RAM' <Latency = 1> <II = 1> <Delay = 1.23> <Storage> <Opcode : 'load' 'store'> <Ports = 2> <Width = 32> <Depth = 64> <RAM>
ST_14 : Operation 706 [1/2] (1.23ns)   --->   "%p_ZZ5conv3PA255_A255_fPA32_A5_A5_fPfS1_E7in_tile_3_4_0_load_3 = load i6 %p_ZZ5conv3PA255_A255_fPA32_A5_A5_fPfS1_E7in_tile_3_4_0_addr_3" [src/conv3.cpp:86]   --->   Operation 706 'load' 'p_ZZ5conv3PA255_A255_fPA32_A5_A5_fPfS1_E7in_tile_3_4_0_load_3' <Predicate = true> <Delay = 1.23> <CoreInst = "RAM">   --->   Core 83 'RAM' <Latency = 1> <II = 1> <Delay = 1.23> <Storage> <Opcode : 'load' 'store'> <Ports = 2> <Width = 32> <Depth = 64> <RAM>
ST_14 : Operation 707 [1/2] (1.23ns)   --->   "%p_ZZ5conv3PA255_A255_fPA32_A5_A5_fPfS1_E7in_tile_4_0_0_load_3 = load i6 %p_ZZ5conv3PA255_A255_fPA32_A5_A5_fPfS1_E7in_tile_4_0_0_addr_3" [src/conv3.cpp:86]   --->   Operation 707 'load' 'p_ZZ5conv3PA255_A255_fPA32_A5_A5_fPfS1_E7in_tile_4_0_0_load_3' <Predicate = true> <Delay = 1.23> <CoreInst = "RAM">   --->   Core 83 'RAM' <Latency = 1> <II = 1> <Delay = 1.23> <Storage> <Opcode : 'load' 'store'> <Ports = 2> <Width = 32> <Depth = 64> <RAM>
ST_14 : Operation 708 [1/2] (1.23ns)   --->   "%p_ZZ5conv3PA255_A255_fPA32_A5_A5_fPfS1_E7in_tile_4_1_0_load_3 = load i6 %p_ZZ5conv3PA255_A255_fPA32_A5_A5_fPfS1_E7in_tile_4_1_0_addr_3" [src/conv3.cpp:86]   --->   Operation 708 'load' 'p_ZZ5conv3PA255_A255_fPA32_A5_A5_fPfS1_E7in_tile_4_1_0_load_3' <Predicate = true> <Delay = 1.23> <CoreInst = "RAM">   --->   Core 83 'RAM' <Latency = 1> <II = 1> <Delay = 1.23> <Storage> <Opcode : 'load' 'store'> <Ports = 2> <Width = 32> <Depth = 64> <RAM>
ST_14 : Operation 709 [1/2] (1.23ns)   --->   "%p_ZZ5conv3PA255_A255_fPA32_A5_A5_fPfS1_E7in_tile_4_2_0_load_3 = load i6 %p_ZZ5conv3PA255_A255_fPA32_A5_A5_fPfS1_E7in_tile_4_2_0_addr_3" [src/conv3.cpp:86]   --->   Operation 709 'load' 'p_ZZ5conv3PA255_A255_fPA32_A5_A5_fPfS1_E7in_tile_4_2_0_load_3' <Predicate = true> <Delay = 1.23> <CoreInst = "RAM">   --->   Core 83 'RAM' <Latency = 1> <II = 1> <Delay = 1.23> <Storage> <Opcode : 'load' 'store'> <Ports = 2> <Width = 32> <Depth = 64> <RAM>
ST_14 : Operation 710 [1/2] (1.23ns)   --->   "%p_ZZ5conv3PA255_A255_fPA32_A5_A5_fPfS1_E7in_tile_4_3_0_load_3 = load i6 %p_ZZ5conv3PA255_A255_fPA32_A5_A5_fPfS1_E7in_tile_4_3_0_addr_3" [src/conv3.cpp:86]   --->   Operation 710 'load' 'p_ZZ5conv3PA255_A255_fPA32_A5_A5_fPfS1_E7in_tile_4_3_0_load_3' <Predicate = true> <Delay = 1.23> <CoreInst = "RAM">   --->   Core 83 'RAM' <Latency = 1> <II = 1> <Delay = 1.23> <Storage> <Opcode : 'load' 'store'> <Ports = 2> <Width = 32> <Depth = 64> <RAM>
ST_14 : Operation 711 [1/2] (1.23ns)   --->   "%p_ZZ5conv3PA255_A255_fPA32_A5_A5_fPfS1_E7in_tile_4_4_0_load_3 = load i6 %p_ZZ5conv3PA255_A255_fPA32_A5_A5_fPfS1_E7in_tile_4_4_0_addr_3" [src/conv3.cpp:86]   --->   Operation 711 'load' 'p_ZZ5conv3PA255_A255_fPA32_A5_A5_fPfS1_E7in_tile_4_4_0_load_3' <Predicate = true> <Delay = 1.23> <CoreInst = "RAM">   --->   Core 83 'RAM' <Latency = 1> <II = 1> <Delay = 1.23> <Storage> <Opcode : 'load' 'store'> <Ports = 2> <Width = 32> <Depth = 64> <RAM>
ST_14 : Operation 712 [1/2] (1.23ns)   --->   "%p_ZZ5conv3PA255_A255_fPA32_A5_A5_fPfS1_E7in_tile_0_0_0_load_4 = load i6 %p_ZZ5conv3PA255_A255_fPA32_A5_A5_fPfS1_E7in_tile_0_0_0_addr_4" [src/conv3.cpp:86]   --->   Operation 712 'load' 'p_ZZ5conv3PA255_A255_fPA32_A5_A5_fPfS1_E7in_tile_0_0_0_load_4' <Predicate = true> <Delay = 1.23> <CoreInst = "RAM">   --->   Core 83 'RAM' <Latency = 1> <II = 1> <Delay = 1.23> <Storage> <Opcode : 'load' 'store'> <Ports = 2> <Width = 32> <Depth = 64> <RAM>
ST_14 : Operation 713 [1/2] (1.23ns)   --->   "%p_ZZ5conv3PA255_A255_fPA32_A5_A5_fPfS1_E7in_tile_0_1_0_load_4 = load i6 %p_ZZ5conv3PA255_A255_fPA32_A5_A5_fPfS1_E7in_tile_0_1_0_addr_4" [src/conv3.cpp:86]   --->   Operation 713 'load' 'p_ZZ5conv3PA255_A255_fPA32_A5_A5_fPfS1_E7in_tile_0_1_0_load_4' <Predicate = true> <Delay = 1.23> <CoreInst = "RAM">   --->   Core 83 'RAM' <Latency = 1> <II = 1> <Delay = 1.23> <Storage> <Opcode : 'load' 'store'> <Ports = 2> <Width = 32> <Depth = 64> <RAM>
ST_14 : Operation 714 [1/2] (1.23ns)   --->   "%p_ZZ5conv3PA255_A255_fPA32_A5_A5_fPfS1_E7in_tile_0_2_0_load_4 = load i6 %p_ZZ5conv3PA255_A255_fPA32_A5_A5_fPfS1_E7in_tile_0_2_0_addr_4" [src/conv3.cpp:86]   --->   Operation 714 'load' 'p_ZZ5conv3PA255_A255_fPA32_A5_A5_fPfS1_E7in_tile_0_2_0_load_4' <Predicate = true> <Delay = 1.23> <CoreInst = "RAM">   --->   Core 83 'RAM' <Latency = 1> <II = 1> <Delay = 1.23> <Storage> <Opcode : 'load' 'store'> <Ports = 2> <Width = 32> <Depth = 64> <RAM>
ST_14 : Operation 715 [1/2] (1.23ns)   --->   "%p_ZZ5conv3PA255_A255_fPA32_A5_A5_fPfS1_E7in_tile_0_3_0_load_4 = load i6 %p_ZZ5conv3PA255_A255_fPA32_A5_A5_fPfS1_E7in_tile_0_3_0_addr_4" [src/conv3.cpp:86]   --->   Operation 715 'load' 'p_ZZ5conv3PA255_A255_fPA32_A5_A5_fPfS1_E7in_tile_0_3_0_load_4' <Predicate = true> <Delay = 1.23> <CoreInst = "RAM">   --->   Core 83 'RAM' <Latency = 1> <II = 1> <Delay = 1.23> <Storage> <Opcode : 'load' 'store'> <Ports = 2> <Width = 32> <Depth = 64> <RAM>
ST_14 : Operation 716 [1/2] (1.23ns)   --->   "%p_ZZ5conv3PA255_A255_fPA32_A5_A5_fPfS1_E7in_tile_0_4_0_load_4 = load i6 %p_ZZ5conv3PA255_A255_fPA32_A5_A5_fPfS1_E7in_tile_0_4_0_addr_4" [src/conv3.cpp:86]   --->   Operation 716 'load' 'p_ZZ5conv3PA255_A255_fPA32_A5_A5_fPfS1_E7in_tile_0_4_0_load_4' <Predicate = true> <Delay = 1.23> <CoreInst = "RAM">   --->   Core 83 'RAM' <Latency = 1> <II = 1> <Delay = 1.23> <Storage> <Opcode : 'load' 'store'> <Ports = 2> <Width = 32> <Depth = 64> <RAM>
ST_14 : Operation 717 [1/2] (1.23ns)   --->   "%p_ZZ5conv3PA255_A255_fPA32_A5_A5_fPfS1_E7in_tile_1_0_0_load_4 = load i6 %p_ZZ5conv3PA255_A255_fPA32_A5_A5_fPfS1_E7in_tile_1_0_0_addr_4" [src/conv3.cpp:86]   --->   Operation 717 'load' 'p_ZZ5conv3PA255_A255_fPA32_A5_A5_fPfS1_E7in_tile_1_0_0_load_4' <Predicate = true> <Delay = 1.23> <CoreInst = "RAM">   --->   Core 83 'RAM' <Latency = 1> <II = 1> <Delay = 1.23> <Storage> <Opcode : 'load' 'store'> <Ports = 2> <Width = 32> <Depth = 64> <RAM>
ST_14 : Operation 718 [1/2] (1.23ns)   --->   "%p_ZZ5conv3PA255_A255_fPA32_A5_A5_fPfS1_E7in_tile_1_1_0_load_4 = load i6 %p_ZZ5conv3PA255_A255_fPA32_A5_A5_fPfS1_E7in_tile_1_1_0_addr_4" [src/conv3.cpp:86]   --->   Operation 718 'load' 'p_ZZ5conv3PA255_A255_fPA32_A5_A5_fPfS1_E7in_tile_1_1_0_load_4' <Predicate = true> <Delay = 1.23> <CoreInst = "RAM">   --->   Core 83 'RAM' <Latency = 1> <II = 1> <Delay = 1.23> <Storage> <Opcode : 'load' 'store'> <Ports = 2> <Width = 32> <Depth = 64> <RAM>
ST_14 : Operation 719 [1/2] (1.23ns)   --->   "%p_ZZ5conv3PA255_A255_fPA32_A5_A5_fPfS1_E7in_tile_1_2_0_load_4 = load i6 %p_ZZ5conv3PA255_A255_fPA32_A5_A5_fPfS1_E7in_tile_1_2_0_addr_4" [src/conv3.cpp:86]   --->   Operation 719 'load' 'p_ZZ5conv3PA255_A255_fPA32_A5_A5_fPfS1_E7in_tile_1_2_0_load_4' <Predicate = true> <Delay = 1.23> <CoreInst = "RAM">   --->   Core 83 'RAM' <Latency = 1> <II = 1> <Delay = 1.23> <Storage> <Opcode : 'load' 'store'> <Ports = 2> <Width = 32> <Depth = 64> <RAM>
ST_14 : Operation 720 [1/2] (1.23ns)   --->   "%p_ZZ5conv3PA255_A255_fPA32_A5_A5_fPfS1_E7in_tile_1_3_0_load_4 = load i6 %p_ZZ5conv3PA255_A255_fPA32_A5_A5_fPfS1_E7in_tile_1_3_0_addr_4" [src/conv3.cpp:86]   --->   Operation 720 'load' 'p_ZZ5conv3PA255_A255_fPA32_A5_A5_fPfS1_E7in_tile_1_3_0_load_4' <Predicate = true> <Delay = 1.23> <CoreInst = "RAM">   --->   Core 83 'RAM' <Latency = 1> <II = 1> <Delay = 1.23> <Storage> <Opcode : 'load' 'store'> <Ports = 2> <Width = 32> <Depth = 64> <RAM>
ST_14 : Operation 721 [1/2] (1.23ns)   --->   "%p_ZZ5conv3PA255_A255_fPA32_A5_A5_fPfS1_E7in_tile_1_4_0_load_4 = load i6 %p_ZZ5conv3PA255_A255_fPA32_A5_A5_fPfS1_E7in_tile_1_4_0_addr_4" [src/conv3.cpp:86]   --->   Operation 721 'load' 'p_ZZ5conv3PA255_A255_fPA32_A5_A5_fPfS1_E7in_tile_1_4_0_load_4' <Predicate = true> <Delay = 1.23> <CoreInst = "RAM">   --->   Core 83 'RAM' <Latency = 1> <II = 1> <Delay = 1.23> <Storage> <Opcode : 'load' 'store'> <Ports = 2> <Width = 32> <Depth = 64> <RAM>
ST_14 : Operation 722 [1/2] (1.23ns)   --->   "%p_ZZ5conv3PA255_A255_fPA32_A5_A5_fPfS1_E7in_tile_2_0_0_load_4 = load i6 %p_ZZ5conv3PA255_A255_fPA32_A5_A5_fPfS1_E7in_tile_2_0_0_addr_4" [src/conv3.cpp:86]   --->   Operation 722 'load' 'p_ZZ5conv3PA255_A255_fPA32_A5_A5_fPfS1_E7in_tile_2_0_0_load_4' <Predicate = true> <Delay = 1.23> <CoreInst = "RAM">   --->   Core 83 'RAM' <Latency = 1> <II = 1> <Delay = 1.23> <Storage> <Opcode : 'load' 'store'> <Ports = 2> <Width = 32> <Depth = 64> <RAM>
ST_14 : Operation 723 [1/2] (1.23ns)   --->   "%p_ZZ5conv3PA255_A255_fPA32_A5_A5_fPfS1_E7in_tile_2_1_0_load_4 = load i6 %p_ZZ5conv3PA255_A255_fPA32_A5_A5_fPfS1_E7in_tile_2_1_0_addr_4" [src/conv3.cpp:86]   --->   Operation 723 'load' 'p_ZZ5conv3PA255_A255_fPA32_A5_A5_fPfS1_E7in_tile_2_1_0_load_4' <Predicate = true> <Delay = 1.23> <CoreInst = "RAM">   --->   Core 83 'RAM' <Latency = 1> <II = 1> <Delay = 1.23> <Storage> <Opcode : 'load' 'store'> <Ports = 2> <Width = 32> <Depth = 64> <RAM>
ST_14 : Operation 724 [1/2] (1.23ns)   --->   "%p_ZZ5conv3PA255_A255_fPA32_A5_A5_fPfS1_E7in_tile_2_2_0_load_4 = load i6 %p_ZZ5conv3PA255_A255_fPA32_A5_A5_fPfS1_E7in_tile_2_2_0_addr_4" [src/conv3.cpp:86]   --->   Operation 724 'load' 'p_ZZ5conv3PA255_A255_fPA32_A5_A5_fPfS1_E7in_tile_2_2_0_load_4' <Predicate = true> <Delay = 1.23> <CoreInst = "RAM">   --->   Core 83 'RAM' <Latency = 1> <II = 1> <Delay = 1.23> <Storage> <Opcode : 'load' 'store'> <Ports = 2> <Width = 32> <Depth = 64> <RAM>
ST_14 : Operation 725 [1/2] (1.23ns)   --->   "%p_ZZ5conv3PA255_A255_fPA32_A5_A5_fPfS1_E7in_tile_2_3_0_load_4 = load i6 %p_ZZ5conv3PA255_A255_fPA32_A5_A5_fPfS1_E7in_tile_2_3_0_addr_4" [src/conv3.cpp:86]   --->   Operation 725 'load' 'p_ZZ5conv3PA255_A255_fPA32_A5_A5_fPfS1_E7in_tile_2_3_0_load_4' <Predicate = true> <Delay = 1.23> <CoreInst = "RAM">   --->   Core 83 'RAM' <Latency = 1> <II = 1> <Delay = 1.23> <Storage> <Opcode : 'load' 'store'> <Ports = 2> <Width = 32> <Depth = 64> <RAM>
ST_14 : Operation 726 [1/2] (1.23ns)   --->   "%p_ZZ5conv3PA255_A255_fPA32_A5_A5_fPfS1_E7in_tile_2_4_0_load_4 = load i6 %p_ZZ5conv3PA255_A255_fPA32_A5_A5_fPfS1_E7in_tile_2_4_0_addr_4" [src/conv3.cpp:86]   --->   Operation 726 'load' 'p_ZZ5conv3PA255_A255_fPA32_A5_A5_fPfS1_E7in_tile_2_4_0_load_4' <Predicate = true> <Delay = 1.23> <CoreInst = "RAM">   --->   Core 83 'RAM' <Latency = 1> <II = 1> <Delay = 1.23> <Storage> <Opcode : 'load' 'store'> <Ports = 2> <Width = 32> <Depth = 64> <RAM>
ST_14 : Operation 727 [1/2] (1.23ns)   --->   "%p_ZZ5conv3PA255_A255_fPA32_A5_A5_fPfS1_E7in_tile_3_0_0_load_4 = load i6 %p_ZZ5conv3PA255_A255_fPA32_A5_A5_fPfS1_E7in_tile_3_0_0_addr_4" [src/conv3.cpp:86]   --->   Operation 727 'load' 'p_ZZ5conv3PA255_A255_fPA32_A5_A5_fPfS1_E7in_tile_3_0_0_load_4' <Predicate = true> <Delay = 1.23> <CoreInst = "RAM">   --->   Core 83 'RAM' <Latency = 1> <II = 1> <Delay = 1.23> <Storage> <Opcode : 'load' 'store'> <Ports = 2> <Width = 32> <Depth = 64> <RAM>
ST_14 : Operation 728 [1/2] (1.23ns)   --->   "%p_ZZ5conv3PA255_A255_fPA32_A5_A5_fPfS1_E7in_tile_3_1_0_load_4 = load i6 %p_ZZ5conv3PA255_A255_fPA32_A5_A5_fPfS1_E7in_tile_3_1_0_addr_4" [src/conv3.cpp:86]   --->   Operation 728 'load' 'p_ZZ5conv3PA255_A255_fPA32_A5_A5_fPfS1_E7in_tile_3_1_0_load_4' <Predicate = true> <Delay = 1.23> <CoreInst = "RAM">   --->   Core 83 'RAM' <Latency = 1> <II = 1> <Delay = 1.23> <Storage> <Opcode : 'load' 'store'> <Ports = 2> <Width = 32> <Depth = 64> <RAM>
ST_14 : Operation 729 [1/2] (1.23ns)   --->   "%p_ZZ5conv3PA255_A255_fPA32_A5_A5_fPfS1_E7in_tile_3_2_0_load_4 = load i6 %p_ZZ5conv3PA255_A255_fPA32_A5_A5_fPfS1_E7in_tile_3_2_0_addr_4" [src/conv3.cpp:86]   --->   Operation 729 'load' 'p_ZZ5conv3PA255_A255_fPA32_A5_A5_fPfS1_E7in_tile_3_2_0_load_4' <Predicate = true> <Delay = 1.23> <CoreInst = "RAM">   --->   Core 83 'RAM' <Latency = 1> <II = 1> <Delay = 1.23> <Storage> <Opcode : 'load' 'store'> <Ports = 2> <Width = 32> <Depth = 64> <RAM>
ST_14 : Operation 730 [1/2] (1.23ns)   --->   "%p_ZZ5conv3PA255_A255_fPA32_A5_A5_fPfS1_E7in_tile_3_3_0_load_4 = load i6 %p_ZZ5conv3PA255_A255_fPA32_A5_A5_fPfS1_E7in_tile_3_3_0_addr_4" [src/conv3.cpp:86]   --->   Operation 730 'load' 'p_ZZ5conv3PA255_A255_fPA32_A5_A5_fPfS1_E7in_tile_3_3_0_load_4' <Predicate = true> <Delay = 1.23> <CoreInst = "RAM">   --->   Core 83 'RAM' <Latency = 1> <II = 1> <Delay = 1.23> <Storage> <Opcode : 'load' 'store'> <Ports = 2> <Width = 32> <Depth = 64> <RAM>
ST_14 : Operation 731 [1/2] (1.23ns)   --->   "%p_ZZ5conv3PA255_A255_fPA32_A5_A5_fPfS1_E7in_tile_3_4_0_load_4 = load i6 %p_ZZ5conv3PA255_A255_fPA32_A5_A5_fPfS1_E7in_tile_3_4_0_addr_4" [src/conv3.cpp:86]   --->   Operation 731 'load' 'p_ZZ5conv3PA255_A255_fPA32_A5_A5_fPfS1_E7in_tile_3_4_0_load_4' <Predicate = true> <Delay = 1.23> <CoreInst = "RAM">   --->   Core 83 'RAM' <Latency = 1> <II = 1> <Delay = 1.23> <Storage> <Opcode : 'load' 'store'> <Ports = 2> <Width = 32> <Depth = 64> <RAM>
ST_14 : Operation 732 [1/2] (1.23ns)   --->   "%p_ZZ5conv3PA255_A255_fPA32_A5_A5_fPfS1_E7in_tile_4_0_0_load_4 = load i6 %p_ZZ5conv3PA255_A255_fPA32_A5_A5_fPfS1_E7in_tile_4_0_0_addr_4" [src/conv3.cpp:86]   --->   Operation 732 'load' 'p_ZZ5conv3PA255_A255_fPA32_A5_A5_fPfS1_E7in_tile_4_0_0_load_4' <Predicate = true> <Delay = 1.23> <CoreInst = "RAM">   --->   Core 83 'RAM' <Latency = 1> <II = 1> <Delay = 1.23> <Storage> <Opcode : 'load' 'store'> <Ports = 2> <Width = 32> <Depth = 64> <RAM>
ST_14 : Operation 733 [1/2] (1.23ns)   --->   "%p_ZZ5conv3PA255_A255_fPA32_A5_A5_fPfS1_E7in_tile_4_1_0_load_4 = load i6 %p_ZZ5conv3PA255_A255_fPA32_A5_A5_fPfS1_E7in_tile_4_1_0_addr_4" [src/conv3.cpp:86]   --->   Operation 733 'load' 'p_ZZ5conv3PA255_A255_fPA32_A5_A5_fPfS1_E7in_tile_4_1_0_load_4' <Predicate = true> <Delay = 1.23> <CoreInst = "RAM">   --->   Core 83 'RAM' <Latency = 1> <II = 1> <Delay = 1.23> <Storage> <Opcode : 'load' 'store'> <Ports = 2> <Width = 32> <Depth = 64> <RAM>
ST_14 : Operation 734 [1/2] (1.23ns)   --->   "%p_ZZ5conv3PA255_A255_fPA32_A5_A5_fPfS1_E7in_tile_4_2_0_load_4 = load i6 %p_ZZ5conv3PA255_A255_fPA32_A5_A5_fPfS1_E7in_tile_4_2_0_addr_4" [src/conv3.cpp:86]   --->   Operation 734 'load' 'p_ZZ5conv3PA255_A255_fPA32_A5_A5_fPfS1_E7in_tile_4_2_0_load_4' <Predicate = true> <Delay = 1.23> <CoreInst = "RAM">   --->   Core 83 'RAM' <Latency = 1> <II = 1> <Delay = 1.23> <Storage> <Opcode : 'load' 'store'> <Ports = 2> <Width = 32> <Depth = 64> <RAM>
ST_14 : Operation 735 [1/2] (1.23ns)   --->   "%p_ZZ5conv3PA255_A255_fPA32_A5_A5_fPfS1_E7in_tile_4_3_0_load_4 = load i6 %p_ZZ5conv3PA255_A255_fPA32_A5_A5_fPfS1_E7in_tile_4_3_0_addr_4" [src/conv3.cpp:86]   --->   Operation 735 'load' 'p_ZZ5conv3PA255_A255_fPA32_A5_A5_fPfS1_E7in_tile_4_3_0_load_4' <Predicate = true> <Delay = 1.23> <CoreInst = "RAM">   --->   Core 83 'RAM' <Latency = 1> <II = 1> <Delay = 1.23> <Storage> <Opcode : 'load' 'store'> <Ports = 2> <Width = 32> <Depth = 64> <RAM>
ST_14 : Operation 736 [1/2] (1.23ns)   --->   "%p_ZZ5conv3PA255_A255_fPA32_A5_A5_fPfS1_E7in_tile_4_4_0_load_4 = load i6 %p_ZZ5conv3PA255_A255_fPA32_A5_A5_fPfS1_E7in_tile_4_4_0_addr_4" [src/conv3.cpp:86]   --->   Operation 736 'load' 'p_ZZ5conv3PA255_A255_fPA32_A5_A5_fPfS1_E7in_tile_4_4_0_load_4' <Predicate = true> <Delay = 1.23> <CoreInst = "RAM">   --->   Core 83 'RAM' <Latency = 1> <II = 1> <Delay = 1.23> <Storage> <Opcode : 'load' 'store'> <Ports = 2> <Width = 32> <Depth = 64> <RAM>
ST_14 : Operation 737 [2/2] (1.23ns)   --->   "%p_ZZ5conv3PA255_A255_fPA32_A5_A5_fPfS1_E7in_tile_0_0_0_load_5 = load i6 %p_ZZ5conv3PA255_A255_fPA32_A5_A5_fPfS1_E7in_tile_0_0_0_addr_5" [src/conv3.cpp:86]   --->   Operation 737 'load' 'p_ZZ5conv3PA255_A255_fPA32_A5_A5_fPfS1_E7in_tile_0_0_0_load_5' <Predicate = true> <Delay = 1.23> <CoreInst = "RAM">   --->   Core 83 'RAM' <Latency = 1> <II = 1> <Delay = 1.23> <Storage> <Opcode : 'load' 'store'> <Ports = 2> <Width = 32> <Depth = 64> <RAM>
ST_14 : Operation 738 [2/2] (1.23ns)   --->   "%p_ZZ5conv3PA255_A255_fPA32_A5_A5_fPfS1_E7in_tile_0_1_0_load_5 = load i6 %p_ZZ5conv3PA255_A255_fPA32_A5_A5_fPfS1_E7in_tile_0_1_0_addr_5" [src/conv3.cpp:86]   --->   Operation 738 'load' 'p_ZZ5conv3PA255_A255_fPA32_A5_A5_fPfS1_E7in_tile_0_1_0_load_5' <Predicate = true> <Delay = 1.23> <CoreInst = "RAM">   --->   Core 83 'RAM' <Latency = 1> <II = 1> <Delay = 1.23> <Storage> <Opcode : 'load' 'store'> <Ports = 2> <Width = 32> <Depth = 64> <RAM>
ST_14 : Operation 739 [2/2] (1.23ns)   --->   "%p_ZZ5conv3PA255_A255_fPA32_A5_A5_fPfS1_E7in_tile_0_2_0_load_5 = load i6 %p_ZZ5conv3PA255_A255_fPA32_A5_A5_fPfS1_E7in_tile_0_2_0_addr_5" [src/conv3.cpp:86]   --->   Operation 739 'load' 'p_ZZ5conv3PA255_A255_fPA32_A5_A5_fPfS1_E7in_tile_0_2_0_load_5' <Predicate = true> <Delay = 1.23> <CoreInst = "RAM">   --->   Core 83 'RAM' <Latency = 1> <II = 1> <Delay = 1.23> <Storage> <Opcode : 'load' 'store'> <Ports = 2> <Width = 32> <Depth = 64> <RAM>
ST_14 : Operation 740 [2/2] (1.23ns)   --->   "%p_ZZ5conv3PA255_A255_fPA32_A5_A5_fPfS1_E7in_tile_0_3_0_load_5 = load i6 %p_ZZ5conv3PA255_A255_fPA32_A5_A5_fPfS1_E7in_tile_0_3_0_addr_5" [src/conv3.cpp:86]   --->   Operation 740 'load' 'p_ZZ5conv3PA255_A255_fPA32_A5_A5_fPfS1_E7in_tile_0_3_0_load_5' <Predicate = true> <Delay = 1.23> <CoreInst = "RAM">   --->   Core 83 'RAM' <Latency = 1> <II = 1> <Delay = 1.23> <Storage> <Opcode : 'load' 'store'> <Ports = 2> <Width = 32> <Depth = 64> <RAM>
ST_14 : Operation 741 [2/2] (1.23ns)   --->   "%p_ZZ5conv3PA255_A255_fPA32_A5_A5_fPfS1_E7in_tile_0_4_0_load_5 = load i6 %p_ZZ5conv3PA255_A255_fPA32_A5_A5_fPfS1_E7in_tile_0_4_0_addr_5" [src/conv3.cpp:86]   --->   Operation 741 'load' 'p_ZZ5conv3PA255_A255_fPA32_A5_A5_fPfS1_E7in_tile_0_4_0_load_5' <Predicate = true> <Delay = 1.23> <CoreInst = "RAM">   --->   Core 83 'RAM' <Latency = 1> <II = 1> <Delay = 1.23> <Storage> <Opcode : 'load' 'store'> <Ports = 2> <Width = 32> <Depth = 64> <RAM>
ST_14 : Operation 742 [2/2] (1.23ns)   --->   "%p_ZZ5conv3PA255_A255_fPA32_A5_A5_fPfS1_E7in_tile_1_0_0_load_5 = load i6 %p_ZZ5conv3PA255_A255_fPA32_A5_A5_fPfS1_E7in_tile_1_0_0_addr_5" [src/conv3.cpp:86]   --->   Operation 742 'load' 'p_ZZ5conv3PA255_A255_fPA32_A5_A5_fPfS1_E7in_tile_1_0_0_load_5' <Predicate = true> <Delay = 1.23> <CoreInst = "RAM">   --->   Core 83 'RAM' <Latency = 1> <II = 1> <Delay = 1.23> <Storage> <Opcode : 'load' 'store'> <Ports = 2> <Width = 32> <Depth = 64> <RAM>
ST_14 : Operation 743 [2/2] (1.23ns)   --->   "%p_ZZ5conv3PA255_A255_fPA32_A5_A5_fPfS1_E7in_tile_1_1_0_load_5 = load i6 %p_ZZ5conv3PA255_A255_fPA32_A5_A5_fPfS1_E7in_tile_1_1_0_addr_5" [src/conv3.cpp:86]   --->   Operation 743 'load' 'p_ZZ5conv3PA255_A255_fPA32_A5_A5_fPfS1_E7in_tile_1_1_0_load_5' <Predicate = true> <Delay = 1.23> <CoreInst = "RAM">   --->   Core 83 'RAM' <Latency = 1> <II = 1> <Delay = 1.23> <Storage> <Opcode : 'load' 'store'> <Ports = 2> <Width = 32> <Depth = 64> <RAM>
ST_14 : Operation 744 [2/2] (1.23ns)   --->   "%p_ZZ5conv3PA255_A255_fPA32_A5_A5_fPfS1_E7in_tile_1_2_0_load_5 = load i6 %p_ZZ5conv3PA255_A255_fPA32_A5_A5_fPfS1_E7in_tile_1_2_0_addr_5" [src/conv3.cpp:86]   --->   Operation 744 'load' 'p_ZZ5conv3PA255_A255_fPA32_A5_A5_fPfS1_E7in_tile_1_2_0_load_5' <Predicate = true> <Delay = 1.23> <CoreInst = "RAM">   --->   Core 83 'RAM' <Latency = 1> <II = 1> <Delay = 1.23> <Storage> <Opcode : 'load' 'store'> <Ports = 2> <Width = 32> <Depth = 64> <RAM>
ST_14 : Operation 745 [2/2] (1.23ns)   --->   "%p_ZZ5conv3PA255_A255_fPA32_A5_A5_fPfS1_E7in_tile_1_3_0_load_5 = load i6 %p_ZZ5conv3PA255_A255_fPA32_A5_A5_fPfS1_E7in_tile_1_3_0_addr_5" [src/conv3.cpp:86]   --->   Operation 745 'load' 'p_ZZ5conv3PA255_A255_fPA32_A5_A5_fPfS1_E7in_tile_1_3_0_load_5' <Predicate = true> <Delay = 1.23> <CoreInst = "RAM">   --->   Core 83 'RAM' <Latency = 1> <II = 1> <Delay = 1.23> <Storage> <Opcode : 'load' 'store'> <Ports = 2> <Width = 32> <Depth = 64> <RAM>
ST_14 : Operation 746 [2/2] (1.23ns)   --->   "%p_ZZ5conv3PA255_A255_fPA32_A5_A5_fPfS1_E7in_tile_1_4_0_load_5 = load i6 %p_ZZ5conv3PA255_A255_fPA32_A5_A5_fPfS1_E7in_tile_1_4_0_addr_5" [src/conv3.cpp:86]   --->   Operation 746 'load' 'p_ZZ5conv3PA255_A255_fPA32_A5_A5_fPfS1_E7in_tile_1_4_0_load_5' <Predicate = true> <Delay = 1.23> <CoreInst = "RAM">   --->   Core 83 'RAM' <Latency = 1> <II = 1> <Delay = 1.23> <Storage> <Opcode : 'load' 'store'> <Ports = 2> <Width = 32> <Depth = 64> <RAM>
ST_14 : Operation 747 [2/2] (1.23ns)   --->   "%p_ZZ5conv3PA255_A255_fPA32_A5_A5_fPfS1_E7in_tile_2_0_0_load_5 = load i6 %p_ZZ5conv3PA255_A255_fPA32_A5_A5_fPfS1_E7in_tile_2_0_0_addr_5" [src/conv3.cpp:86]   --->   Operation 747 'load' 'p_ZZ5conv3PA255_A255_fPA32_A5_A5_fPfS1_E7in_tile_2_0_0_load_5' <Predicate = true> <Delay = 1.23> <CoreInst = "RAM">   --->   Core 83 'RAM' <Latency = 1> <II = 1> <Delay = 1.23> <Storage> <Opcode : 'load' 'store'> <Ports = 2> <Width = 32> <Depth = 64> <RAM>
ST_14 : Operation 748 [2/2] (1.23ns)   --->   "%p_ZZ5conv3PA255_A255_fPA32_A5_A5_fPfS1_E7in_tile_2_1_0_load_5 = load i6 %p_ZZ5conv3PA255_A255_fPA32_A5_A5_fPfS1_E7in_tile_2_1_0_addr_5" [src/conv3.cpp:86]   --->   Operation 748 'load' 'p_ZZ5conv3PA255_A255_fPA32_A5_A5_fPfS1_E7in_tile_2_1_0_load_5' <Predicate = true> <Delay = 1.23> <CoreInst = "RAM">   --->   Core 83 'RAM' <Latency = 1> <II = 1> <Delay = 1.23> <Storage> <Opcode : 'load' 'store'> <Ports = 2> <Width = 32> <Depth = 64> <RAM>
ST_14 : Operation 749 [2/2] (1.23ns)   --->   "%p_ZZ5conv3PA255_A255_fPA32_A5_A5_fPfS1_E7in_tile_2_2_0_load_5 = load i6 %p_ZZ5conv3PA255_A255_fPA32_A5_A5_fPfS1_E7in_tile_2_2_0_addr_5" [src/conv3.cpp:86]   --->   Operation 749 'load' 'p_ZZ5conv3PA255_A255_fPA32_A5_A5_fPfS1_E7in_tile_2_2_0_load_5' <Predicate = true> <Delay = 1.23> <CoreInst = "RAM">   --->   Core 83 'RAM' <Latency = 1> <II = 1> <Delay = 1.23> <Storage> <Opcode : 'load' 'store'> <Ports = 2> <Width = 32> <Depth = 64> <RAM>
ST_14 : Operation 750 [2/2] (1.23ns)   --->   "%p_ZZ5conv3PA255_A255_fPA32_A5_A5_fPfS1_E7in_tile_2_3_0_load_5 = load i6 %p_ZZ5conv3PA255_A255_fPA32_A5_A5_fPfS1_E7in_tile_2_3_0_addr_5" [src/conv3.cpp:86]   --->   Operation 750 'load' 'p_ZZ5conv3PA255_A255_fPA32_A5_A5_fPfS1_E7in_tile_2_3_0_load_5' <Predicate = true> <Delay = 1.23> <CoreInst = "RAM">   --->   Core 83 'RAM' <Latency = 1> <II = 1> <Delay = 1.23> <Storage> <Opcode : 'load' 'store'> <Ports = 2> <Width = 32> <Depth = 64> <RAM>
ST_14 : Operation 751 [2/2] (1.23ns)   --->   "%p_ZZ5conv3PA255_A255_fPA32_A5_A5_fPfS1_E7in_tile_2_4_0_load_5 = load i6 %p_ZZ5conv3PA255_A255_fPA32_A5_A5_fPfS1_E7in_tile_2_4_0_addr_5" [src/conv3.cpp:86]   --->   Operation 751 'load' 'p_ZZ5conv3PA255_A255_fPA32_A5_A5_fPfS1_E7in_tile_2_4_0_load_5' <Predicate = true> <Delay = 1.23> <CoreInst = "RAM">   --->   Core 83 'RAM' <Latency = 1> <II = 1> <Delay = 1.23> <Storage> <Opcode : 'load' 'store'> <Ports = 2> <Width = 32> <Depth = 64> <RAM>
ST_14 : Operation 752 [2/2] (1.23ns)   --->   "%p_ZZ5conv3PA255_A255_fPA32_A5_A5_fPfS1_E7in_tile_3_0_0_load_5 = load i6 %p_ZZ5conv3PA255_A255_fPA32_A5_A5_fPfS1_E7in_tile_3_0_0_addr_5" [src/conv3.cpp:86]   --->   Operation 752 'load' 'p_ZZ5conv3PA255_A255_fPA32_A5_A5_fPfS1_E7in_tile_3_0_0_load_5' <Predicate = true> <Delay = 1.23> <CoreInst = "RAM">   --->   Core 83 'RAM' <Latency = 1> <II = 1> <Delay = 1.23> <Storage> <Opcode : 'load' 'store'> <Ports = 2> <Width = 32> <Depth = 64> <RAM>
ST_14 : Operation 753 [2/2] (1.23ns)   --->   "%p_ZZ5conv3PA255_A255_fPA32_A5_A5_fPfS1_E7in_tile_3_1_0_load_5 = load i6 %p_ZZ5conv3PA255_A255_fPA32_A5_A5_fPfS1_E7in_tile_3_1_0_addr_5" [src/conv3.cpp:86]   --->   Operation 753 'load' 'p_ZZ5conv3PA255_A255_fPA32_A5_A5_fPfS1_E7in_tile_3_1_0_load_5' <Predicate = true> <Delay = 1.23> <CoreInst = "RAM">   --->   Core 83 'RAM' <Latency = 1> <II = 1> <Delay = 1.23> <Storage> <Opcode : 'load' 'store'> <Ports = 2> <Width = 32> <Depth = 64> <RAM>
ST_14 : Operation 754 [2/2] (1.23ns)   --->   "%p_ZZ5conv3PA255_A255_fPA32_A5_A5_fPfS1_E7in_tile_3_2_0_load_5 = load i6 %p_ZZ5conv3PA255_A255_fPA32_A5_A5_fPfS1_E7in_tile_3_2_0_addr_5" [src/conv3.cpp:86]   --->   Operation 754 'load' 'p_ZZ5conv3PA255_A255_fPA32_A5_A5_fPfS1_E7in_tile_3_2_0_load_5' <Predicate = true> <Delay = 1.23> <CoreInst = "RAM">   --->   Core 83 'RAM' <Latency = 1> <II = 1> <Delay = 1.23> <Storage> <Opcode : 'load' 'store'> <Ports = 2> <Width = 32> <Depth = 64> <RAM>
ST_14 : Operation 755 [2/2] (1.23ns)   --->   "%p_ZZ5conv3PA255_A255_fPA32_A5_A5_fPfS1_E7in_tile_3_3_0_load_5 = load i6 %p_ZZ5conv3PA255_A255_fPA32_A5_A5_fPfS1_E7in_tile_3_3_0_addr_5" [src/conv3.cpp:86]   --->   Operation 755 'load' 'p_ZZ5conv3PA255_A255_fPA32_A5_A5_fPfS1_E7in_tile_3_3_0_load_5' <Predicate = true> <Delay = 1.23> <CoreInst = "RAM">   --->   Core 83 'RAM' <Latency = 1> <II = 1> <Delay = 1.23> <Storage> <Opcode : 'load' 'store'> <Ports = 2> <Width = 32> <Depth = 64> <RAM>
ST_14 : Operation 756 [2/2] (1.23ns)   --->   "%p_ZZ5conv3PA255_A255_fPA32_A5_A5_fPfS1_E7in_tile_3_4_0_load_5 = load i6 %p_ZZ5conv3PA255_A255_fPA32_A5_A5_fPfS1_E7in_tile_3_4_0_addr_5" [src/conv3.cpp:86]   --->   Operation 756 'load' 'p_ZZ5conv3PA255_A255_fPA32_A5_A5_fPfS1_E7in_tile_3_4_0_load_5' <Predicate = true> <Delay = 1.23> <CoreInst = "RAM">   --->   Core 83 'RAM' <Latency = 1> <II = 1> <Delay = 1.23> <Storage> <Opcode : 'load' 'store'> <Ports = 2> <Width = 32> <Depth = 64> <RAM>
ST_14 : Operation 757 [2/2] (1.23ns)   --->   "%p_ZZ5conv3PA255_A255_fPA32_A5_A5_fPfS1_E7in_tile_4_0_0_load_5 = load i6 %p_ZZ5conv3PA255_A255_fPA32_A5_A5_fPfS1_E7in_tile_4_0_0_addr_5" [src/conv3.cpp:86]   --->   Operation 757 'load' 'p_ZZ5conv3PA255_A255_fPA32_A5_A5_fPfS1_E7in_tile_4_0_0_load_5' <Predicate = true> <Delay = 1.23> <CoreInst = "RAM">   --->   Core 83 'RAM' <Latency = 1> <II = 1> <Delay = 1.23> <Storage> <Opcode : 'load' 'store'> <Ports = 2> <Width = 32> <Depth = 64> <RAM>
ST_14 : Operation 758 [2/2] (1.23ns)   --->   "%p_ZZ5conv3PA255_A255_fPA32_A5_A5_fPfS1_E7in_tile_4_1_0_load_5 = load i6 %p_ZZ5conv3PA255_A255_fPA32_A5_A5_fPfS1_E7in_tile_4_1_0_addr_5" [src/conv3.cpp:86]   --->   Operation 758 'load' 'p_ZZ5conv3PA255_A255_fPA32_A5_A5_fPfS1_E7in_tile_4_1_0_load_5' <Predicate = true> <Delay = 1.23> <CoreInst = "RAM">   --->   Core 83 'RAM' <Latency = 1> <II = 1> <Delay = 1.23> <Storage> <Opcode : 'load' 'store'> <Ports = 2> <Width = 32> <Depth = 64> <RAM>
ST_14 : Operation 759 [2/2] (1.23ns)   --->   "%p_ZZ5conv3PA255_A255_fPA32_A5_A5_fPfS1_E7in_tile_4_2_0_load_5 = load i6 %p_ZZ5conv3PA255_A255_fPA32_A5_A5_fPfS1_E7in_tile_4_2_0_addr_5" [src/conv3.cpp:86]   --->   Operation 759 'load' 'p_ZZ5conv3PA255_A255_fPA32_A5_A5_fPfS1_E7in_tile_4_2_0_load_5' <Predicate = true> <Delay = 1.23> <CoreInst = "RAM">   --->   Core 83 'RAM' <Latency = 1> <II = 1> <Delay = 1.23> <Storage> <Opcode : 'load' 'store'> <Ports = 2> <Width = 32> <Depth = 64> <RAM>
ST_14 : Operation 760 [2/2] (1.23ns)   --->   "%p_ZZ5conv3PA255_A255_fPA32_A5_A5_fPfS1_E7in_tile_4_3_0_load_5 = load i6 %p_ZZ5conv3PA255_A255_fPA32_A5_A5_fPfS1_E7in_tile_4_3_0_addr_5" [src/conv3.cpp:86]   --->   Operation 760 'load' 'p_ZZ5conv3PA255_A255_fPA32_A5_A5_fPfS1_E7in_tile_4_3_0_load_5' <Predicate = true> <Delay = 1.23> <CoreInst = "RAM">   --->   Core 83 'RAM' <Latency = 1> <II = 1> <Delay = 1.23> <Storage> <Opcode : 'load' 'store'> <Ports = 2> <Width = 32> <Depth = 64> <RAM>
ST_14 : Operation 761 [2/2] (1.23ns)   --->   "%p_ZZ5conv3PA255_A255_fPA32_A5_A5_fPfS1_E7in_tile_4_4_0_load_5 = load i6 %p_ZZ5conv3PA255_A255_fPA32_A5_A5_fPfS1_E7in_tile_4_4_0_addr_5" [src/conv3.cpp:86]   --->   Operation 761 'load' 'p_ZZ5conv3PA255_A255_fPA32_A5_A5_fPfS1_E7in_tile_4_4_0_load_5' <Predicate = true> <Delay = 1.23> <CoreInst = "RAM">   --->   Core 83 'RAM' <Latency = 1> <II = 1> <Delay = 1.23> <Storage> <Opcode : 'load' 'store'> <Ports = 2> <Width = 32> <Depth = 64> <RAM>
ST_14 : Operation 762 [2/2] (1.23ns)   --->   "%p_ZZ5conv3PA255_A255_fPA32_A5_A5_fPfS1_E7in_tile_0_0_0_load_6 = load i6 %p_ZZ5conv3PA255_A255_fPA32_A5_A5_fPfS1_E7in_tile_0_0_0_addr_6" [src/conv3.cpp:86]   --->   Operation 762 'load' 'p_ZZ5conv3PA255_A255_fPA32_A5_A5_fPfS1_E7in_tile_0_0_0_load_6' <Predicate = true> <Delay = 1.23> <CoreInst = "RAM">   --->   Core 83 'RAM' <Latency = 1> <II = 1> <Delay = 1.23> <Storage> <Opcode : 'load' 'store'> <Ports = 2> <Width = 32> <Depth = 64> <RAM>
ST_14 : Operation 763 [2/2] (1.23ns)   --->   "%p_ZZ5conv3PA255_A255_fPA32_A5_A5_fPfS1_E7in_tile_0_1_0_load_6 = load i6 %p_ZZ5conv3PA255_A255_fPA32_A5_A5_fPfS1_E7in_tile_0_1_0_addr_6" [src/conv3.cpp:86]   --->   Operation 763 'load' 'p_ZZ5conv3PA255_A255_fPA32_A5_A5_fPfS1_E7in_tile_0_1_0_load_6' <Predicate = true> <Delay = 1.23> <CoreInst = "RAM">   --->   Core 83 'RAM' <Latency = 1> <II = 1> <Delay = 1.23> <Storage> <Opcode : 'load' 'store'> <Ports = 2> <Width = 32> <Depth = 64> <RAM>
ST_14 : Operation 764 [2/2] (1.23ns)   --->   "%p_ZZ5conv3PA255_A255_fPA32_A5_A5_fPfS1_E7in_tile_0_2_0_load_6 = load i6 %p_ZZ5conv3PA255_A255_fPA32_A5_A5_fPfS1_E7in_tile_0_2_0_addr_6" [src/conv3.cpp:86]   --->   Operation 764 'load' 'p_ZZ5conv3PA255_A255_fPA32_A5_A5_fPfS1_E7in_tile_0_2_0_load_6' <Predicate = true> <Delay = 1.23> <CoreInst = "RAM">   --->   Core 83 'RAM' <Latency = 1> <II = 1> <Delay = 1.23> <Storage> <Opcode : 'load' 'store'> <Ports = 2> <Width = 32> <Depth = 64> <RAM>
ST_14 : Operation 765 [2/2] (1.23ns)   --->   "%p_ZZ5conv3PA255_A255_fPA32_A5_A5_fPfS1_E7in_tile_0_3_0_load_6 = load i6 %p_ZZ5conv3PA255_A255_fPA32_A5_A5_fPfS1_E7in_tile_0_3_0_addr_6" [src/conv3.cpp:86]   --->   Operation 765 'load' 'p_ZZ5conv3PA255_A255_fPA32_A5_A5_fPfS1_E7in_tile_0_3_0_load_6' <Predicate = true> <Delay = 1.23> <CoreInst = "RAM">   --->   Core 83 'RAM' <Latency = 1> <II = 1> <Delay = 1.23> <Storage> <Opcode : 'load' 'store'> <Ports = 2> <Width = 32> <Depth = 64> <RAM>
ST_14 : Operation 766 [2/2] (1.23ns)   --->   "%p_ZZ5conv3PA255_A255_fPA32_A5_A5_fPfS1_E7in_tile_0_4_0_load_6 = load i6 %p_ZZ5conv3PA255_A255_fPA32_A5_A5_fPfS1_E7in_tile_0_4_0_addr_6" [src/conv3.cpp:86]   --->   Operation 766 'load' 'p_ZZ5conv3PA255_A255_fPA32_A5_A5_fPfS1_E7in_tile_0_4_0_load_6' <Predicate = true> <Delay = 1.23> <CoreInst = "RAM">   --->   Core 83 'RAM' <Latency = 1> <II = 1> <Delay = 1.23> <Storage> <Opcode : 'load' 'store'> <Ports = 2> <Width = 32> <Depth = 64> <RAM>
ST_14 : Operation 767 [2/2] (1.23ns)   --->   "%p_ZZ5conv3PA255_A255_fPA32_A5_A5_fPfS1_E7in_tile_1_0_0_load_6 = load i6 %p_ZZ5conv3PA255_A255_fPA32_A5_A5_fPfS1_E7in_tile_1_0_0_addr_6" [src/conv3.cpp:86]   --->   Operation 767 'load' 'p_ZZ5conv3PA255_A255_fPA32_A5_A5_fPfS1_E7in_tile_1_0_0_load_6' <Predicate = true> <Delay = 1.23> <CoreInst = "RAM">   --->   Core 83 'RAM' <Latency = 1> <II = 1> <Delay = 1.23> <Storage> <Opcode : 'load' 'store'> <Ports = 2> <Width = 32> <Depth = 64> <RAM>
ST_14 : Operation 768 [2/2] (1.23ns)   --->   "%p_ZZ5conv3PA255_A255_fPA32_A5_A5_fPfS1_E7in_tile_1_1_0_load_6 = load i6 %p_ZZ5conv3PA255_A255_fPA32_A5_A5_fPfS1_E7in_tile_1_1_0_addr_6" [src/conv3.cpp:86]   --->   Operation 768 'load' 'p_ZZ5conv3PA255_A255_fPA32_A5_A5_fPfS1_E7in_tile_1_1_0_load_6' <Predicate = true> <Delay = 1.23> <CoreInst = "RAM">   --->   Core 83 'RAM' <Latency = 1> <II = 1> <Delay = 1.23> <Storage> <Opcode : 'load' 'store'> <Ports = 2> <Width = 32> <Depth = 64> <RAM>
ST_14 : Operation 769 [2/2] (1.23ns)   --->   "%p_ZZ5conv3PA255_A255_fPA32_A5_A5_fPfS1_E7in_tile_1_2_0_load_6 = load i6 %p_ZZ5conv3PA255_A255_fPA32_A5_A5_fPfS1_E7in_tile_1_2_0_addr_6" [src/conv3.cpp:86]   --->   Operation 769 'load' 'p_ZZ5conv3PA255_A255_fPA32_A5_A5_fPfS1_E7in_tile_1_2_0_load_6' <Predicate = true> <Delay = 1.23> <CoreInst = "RAM">   --->   Core 83 'RAM' <Latency = 1> <II = 1> <Delay = 1.23> <Storage> <Opcode : 'load' 'store'> <Ports = 2> <Width = 32> <Depth = 64> <RAM>
ST_14 : Operation 770 [2/2] (1.23ns)   --->   "%p_ZZ5conv3PA255_A255_fPA32_A5_A5_fPfS1_E7in_tile_1_3_0_load_6 = load i6 %p_ZZ5conv3PA255_A255_fPA32_A5_A5_fPfS1_E7in_tile_1_3_0_addr_6" [src/conv3.cpp:86]   --->   Operation 770 'load' 'p_ZZ5conv3PA255_A255_fPA32_A5_A5_fPfS1_E7in_tile_1_3_0_load_6' <Predicate = true> <Delay = 1.23> <CoreInst = "RAM">   --->   Core 83 'RAM' <Latency = 1> <II = 1> <Delay = 1.23> <Storage> <Opcode : 'load' 'store'> <Ports = 2> <Width = 32> <Depth = 64> <RAM>
ST_14 : Operation 771 [2/2] (1.23ns)   --->   "%p_ZZ5conv3PA255_A255_fPA32_A5_A5_fPfS1_E7in_tile_1_4_0_load_6 = load i6 %p_ZZ5conv3PA255_A255_fPA32_A5_A5_fPfS1_E7in_tile_1_4_0_addr_6" [src/conv3.cpp:86]   --->   Operation 771 'load' 'p_ZZ5conv3PA255_A255_fPA32_A5_A5_fPfS1_E7in_tile_1_4_0_load_6' <Predicate = true> <Delay = 1.23> <CoreInst = "RAM">   --->   Core 83 'RAM' <Latency = 1> <II = 1> <Delay = 1.23> <Storage> <Opcode : 'load' 'store'> <Ports = 2> <Width = 32> <Depth = 64> <RAM>
ST_14 : Operation 772 [2/2] (1.23ns)   --->   "%p_ZZ5conv3PA255_A255_fPA32_A5_A5_fPfS1_E7in_tile_2_0_0_load_6 = load i6 %p_ZZ5conv3PA255_A255_fPA32_A5_A5_fPfS1_E7in_tile_2_0_0_addr_6" [src/conv3.cpp:86]   --->   Operation 772 'load' 'p_ZZ5conv3PA255_A255_fPA32_A5_A5_fPfS1_E7in_tile_2_0_0_load_6' <Predicate = true> <Delay = 1.23> <CoreInst = "RAM">   --->   Core 83 'RAM' <Latency = 1> <II = 1> <Delay = 1.23> <Storage> <Opcode : 'load' 'store'> <Ports = 2> <Width = 32> <Depth = 64> <RAM>
ST_14 : Operation 773 [2/2] (1.23ns)   --->   "%p_ZZ5conv3PA255_A255_fPA32_A5_A5_fPfS1_E7in_tile_2_1_0_load_6 = load i6 %p_ZZ5conv3PA255_A255_fPA32_A5_A5_fPfS1_E7in_tile_2_1_0_addr_6" [src/conv3.cpp:86]   --->   Operation 773 'load' 'p_ZZ5conv3PA255_A255_fPA32_A5_A5_fPfS1_E7in_tile_2_1_0_load_6' <Predicate = true> <Delay = 1.23> <CoreInst = "RAM">   --->   Core 83 'RAM' <Latency = 1> <II = 1> <Delay = 1.23> <Storage> <Opcode : 'load' 'store'> <Ports = 2> <Width = 32> <Depth = 64> <RAM>
ST_14 : Operation 774 [2/2] (1.23ns)   --->   "%p_ZZ5conv3PA255_A255_fPA32_A5_A5_fPfS1_E7in_tile_2_2_0_load_6 = load i6 %p_ZZ5conv3PA255_A255_fPA32_A5_A5_fPfS1_E7in_tile_2_2_0_addr_6" [src/conv3.cpp:86]   --->   Operation 774 'load' 'p_ZZ5conv3PA255_A255_fPA32_A5_A5_fPfS1_E7in_tile_2_2_0_load_6' <Predicate = true> <Delay = 1.23> <CoreInst = "RAM">   --->   Core 83 'RAM' <Latency = 1> <II = 1> <Delay = 1.23> <Storage> <Opcode : 'load' 'store'> <Ports = 2> <Width = 32> <Depth = 64> <RAM>
ST_14 : Operation 775 [2/2] (1.23ns)   --->   "%p_ZZ5conv3PA255_A255_fPA32_A5_A5_fPfS1_E7in_tile_2_3_0_load_6 = load i6 %p_ZZ5conv3PA255_A255_fPA32_A5_A5_fPfS1_E7in_tile_2_3_0_addr_6" [src/conv3.cpp:86]   --->   Operation 775 'load' 'p_ZZ5conv3PA255_A255_fPA32_A5_A5_fPfS1_E7in_tile_2_3_0_load_6' <Predicate = true> <Delay = 1.23> <CoreInst = "RAM">   --->   Core 83 'RAM' <Latency = 1> <II = 1> <Delay = 1.23> <Storage> <Opcode : 'load' 'store'> <Ports = 2> <Width = 32> <Depth = 64> <RAM>
ST_14 : Operation 776 [2/2] (1.23ns)   --->   "%p_ZZ5conv3PA255_A255_fPA32_A5_A5_fPfS1_E7in_tile_2_4_0_load_6 = load i6 %p_ZZ5conv3PA255_A255_fPA32_A5_A5_fPfS1_E7in_tile_2_4_0_addr_6" [src/conv3.cpp:86]   --->   Operation 776 'load' 'p_ZZ5conv3PA255_A255_fPA32_A5_A5_fPfS1_E7in_tile_2_4_0_load_6' <Predicate = true> <Delay = 1.23> <CoreInst = "RAM">   --->   Core 83 'RAM' <Latency = 1> <II = 1> <Delay = 1.23> <Storage> <Opcode : 'load' 'store'> <Ports = 2> <Width = 32> <Depth = 64> <RAM>
ST_14 : Operation 777 [2/2] (1.23ns)   --->   "%p_ZZ5conv3PA255_A255_fPA32_A5_A5_fPfS1_E7in_tile_3_0_0_load_6 = load i6 %p_ZZ5conv3PA255_A255_fPA32_A5_A5_fPfS1_E7in_tile_3_0_0_addr_6" [src/conv3.cpp:86]   --->   Operation 777 'load' 'p_ZZ5conv3PA255_A255_fPA32_A5_A5_fPfS1_E7in_tile_3_0_0_load_6' <Predicate = true> <Delay = 1.23> <CoreInst = "RAM">   --->   Core 83 'RAM' <Latency = 1> <II = 1> <Delay = 1.23> <Storage> <Opcode : 'load' 'store'> <Ports = 2> <Width = 32> <Depth = 64> <RAM>
ST_14 : Operation 778 [2/2] (1.23ns)   --->   "%p_ZZ5conv3PA255_A255_fPA32_A5_A5_fPfS1_E7in_tile_3_1_0_load_6 = load i6 %p_ZZ5conv3PA255_A255_fPA32_A5_A5_fPfS1_E7in_tile_3_1_0_addr_6" [src/conv3.cpp:86]   --->   Operation 778 'load' 'p_ZZ5conv3PA255_A255_fPA32_A5_A5_fPfS1_E7in_tile_3_1_0_load_6' <Predicate = true> <Delay = 1.23> <CoreInst = "RAM">   --->   Core 83 'RAM' <Latency = 1> <II = 1> <Delay = 1.23> <Storage> <Opcode : 'load' 'store'> <Ports = 2> <Width = 32> <Depth = 64> <RAM>
ST_14 : Operation 779 [2/2] (1.23ns)   --->   "%p_ZZ5conv3PA255_A255_fPA32_A5_A5_fPfS1_E7in_tile_3_2_0_load_6 = load i6 %p_ZZ5conv3PA255_A255_fPA32_A5_A5_fPfS1_E7in_tile_3_2_0_addr_6" [src/conv3.cpp:86]   --->   Operation 779 'load' 'p_ZZ5conv3PA255_A255_fPA32_A5_A5_fPfS1_E7in_tile_3_2_0_load_6' <Predicate = true> <Delay = 1.23> <CoreInst = "RAM">   --->   Core 83 'RAM' <Latency = 1> <II = 1> <Delay = 1.23> <Storage> <Opcode : 'load' 'store'> <Ports = 2> <Width = 32> <Depth = 64> <RAM>
ST_14 : Operation 780 [2/2] (1.23ns)   --->   "%p_ZZ5conv3PA255_A255_fPA32_A5_A5_fPfS1_E7in_tile_3_3_0_load_6 = load i6 %p_ZZ5conv3PA255_A255_fPA32_A5_A5_fPfS1_E7in_tile_3_3_0_addr_6" [src/conv3.cpp:86]   --->   Operation 780 'load' 'p_ZZ5conv3PA255_A255_fPA32_A5_A5_fPfS1_E7in_tile_3_3_0_load_6' <Predicate = true> <Delay = 1.23> <CoreInst = "RAM">   --->   Core 83 'RAM' <Latency = 1> <II = 1> <Delay = 1.23> <Storage> <Opcode : 'load' 'store'> <Ports = 2> <Width = 32> <Depth = 64> <RAM>
ST_14 : Operation 781 [2/2] (1.23ns)   --->   "%p_ZZ5conv3PA255_A255_fPA32_A5_A5_fPfS1_E7in_tile_3_4_0_load_6 = load i6 %p_ZZ5conv3PA255_A255_fPA32_A5_A5_fPfS1_E7in_tile_3_4_0_addr_6" [src/conv3.cpp:86]   --->   Operation 781 'load' 'p_ZZ5conv3PA255_A255_fPA32_A5_A5_fPfS1_E7in_tile_3_4_0_load_6' <Predicate = true> <Delay = 1.23> <CoreInst = "RAM">   --->   Core 83 'RAM' <Latency = 1> <II = 1> <Delay = 1.23> <Storage> <Opcode : 'load' 'store'> <Ports = 2> <Width = 32> <Depth = 64> <RAM>
ST_14 : Operation 782 [2/2] (1.23ns)   --->   "%p_ZZ5conv3PA255_A255_fPA32_A5_A5_fPfS1_E7in_tile_4_0_0_load_6 = load i6 %p_ZZ5conv3PA255_A255_fPA32_A5_A5_fPfS1_E7in_tile_4_0_0_addr_6" [src/conv3.cpp:86]   --->   Operation 782 'load' 'p_ZZ5conv3PA255_A255_fPA32_A5_A5_fPfS1_E7in_tile_4_0_0_load_6' <Predicate = true> <Delay = 1.23> <CoreInst = "RAM">   --->   Core 83 'RAM' <Latency = 1> <II = 1> <Delay = 1.23> <Storage> <Opcode : 'load' 'store'> <Ports = 2> <Width = 32> <Depth = 64> <RAM>
ST_14 : Operation 783 [2/2] (1.23ns)   --->   "%p_ZZ5conv3PA255_A255_fPA32_A5_A5_fPfS1_E7in_tile_4_1_0_load_6 = load i6 %p_ZZ5conv3PA255_A255_fPA32_A5_A5_fPfS1_E7in_tile_4_1_0_addr_6" [src/conv3.cpp:86]   --->   Operation 783 'load' 'p_ZZ5conv3PA255_A255_fPA32_A5_A5_fPfS1_E7in_tile_4_1_0_load_6' <Predicate = true> <Delay = 1.23> <CoreInst = "RAM">   --->   Core 83 'RAM' <Latency = 1> <II = 1> <Delay = 1.23> <Storage> <Opcode : 'load' 'store'> <Ports = 2> <Width = 32> <Depth = 64> <RAM>
ST_14 : Operation 784 [2/2] (1.23ns)   --->   "%p_ZZ5conv3PA255_A255_fPA32_A5_A5_fPfS1_E7in_tile_4_2_0_load_6 = load i6 %p_ZZ5conv3PA255_A255_fPA32_A5_A5_fPfS1_E7in_tile_4_2_0_addr_6" [src/conv3.cpp:86]   --->   Operation 784 'load' 'p_ZZ5conv3PA255_A255_fPA32_A5_A5_fPfS1_E7in_tile_4_2_0_load_6' <Predicate = true> <Delay = 1.23> <CoreInst = "RAM">   --->   Core 83 'RAM' <Latency = 1> <II = 1> <Delay = 1.23> <Storage> <Opcode : 'load' 'store'> <Ports = 2> <Width = 32> <Depth = 64> <RAM>
ST_14 : Operation 785 [2/2] (1.23ns)   --->   "%p_ZZ5conv3PA255_A255_fPA32_A5_A5_fPfS1_E7in_tile_4_3_0_load_6 = load i6 %p_ZZ5conv3PA255_A255_fPA32_A5_A5_fPfS1_E7in_tile_4_3_0_addr_6" [src/conv3.cpp:86]   --->   Operation 785 'load' 'p_ZZ5conv3PA255_A255_fPA32_A5_A5_fPfS1_E7in_tile_4_3_0_load_6' <Predicate = true> <Delay = 1.23> <CoreInst = "RAM">   --->   Core 83 'RAM' <Latency = 1> <II = 1> <Delay = 1.23> <Storage> <Opcode : 'load' 'store'> <Ports = 2> <Width = 32> <Depth = 64> <RAM>
ST_14 : Operation 786 [2/2] (1.23ns)   --->   "%p_ZZ5conv3PA255_A255_fPA32_A5_A5_fPfS1_E7in_tile_4_4_0_load_6 = load i6 %p_ZZ5conv3PA255_A255_fPA32_A5_A5_fPfS1_E7in_tile_4_4_0_addr_6" [src/conv3.cpp:86]   --->   Operation 786 'load' 'p_ZZ5conv3PA255_A255_fPA32_A5_A5_fPfS1_E7in_tile_4_4_0_load_6' <Predicate = true> <Delay = 1.23> <CoreInst = "RAM">   --->   Core 83 'RAM' <Latency = 1> <II = 1> <Delay = 1.23> <Storage> <Opcode : 'load' 'store'> <Ports = 2> <Width = 32> <Depth = 64> <RAM>

State 15 <SV = 14> <Delay = 2.01>
ST_15 : Operation 787 [1/1] (0.78ns)   --->   "%empty_47 = add i6 %tmp_150, i6 %tmp_161" [src/conv3.cpp:74]   --->   Operation 787 'add' 'empty_47' <Predicate = true> <Delay = 0.78> <CoreInst = "Adder">   --->   Core 1 'Adder' <Latency = 0> <II = 1> <Delay = 0.78> <FuncUnit> <Opcode : 'add' 'sub'> <InPorts = 2> <OutPorts = 1>
ST_15 : Operation 788 [1/1] (0.00ns)   --->   "%p_cast70 = zext i6 %empty_47" [src/conv3.cpp:74]   --->   Operation 788 'zext' 'p_cast70' <Predicate = true> <Delay = 0.00>
ST_15 : Operation 789 [1/1] (0.00ns)   --->   "%p_ZZ5conv3PA255_A255_fPA32_A5_A5_fPfS1_E7in_tile_0_0_0_addr_7 = getelementptr i32 %p_ZZ5conv3PA255_A255_fPA32_A5_A5_fPfS1_E7in_tile_0_0_0, i64 0, i64 %p_cast70" [src/conv3.cpp:74]   --->   Operation 789 'getelementptr' 'p_ZZ5conv3PA255_A255_fPA32_A5_A5_fPfS1_E7in_tile_0_0_0_addr_7' <Predicate = true> <Delay = 0.00>
ST_15 : Operation 790 [1/1] (0.00ns)   --->   "%p_ZZ5conv3PA255_A255_fPA32_A5_A5_fPfS1_E7in_tile_0_1_0_addr_7 = getelementptr i32 %p_ZZ5conv3PA255_A255_fPA32_A5_A5_fPfS1_E7in_tile_0_1_0, i64 0, i64 %p_cast70" [src/conv3.cpp:74]   --->   Operation 790 'getelementptr' 'p_ZZ5conv3PA255_A255_fPA32_A5_A5_fPfS1_E7in_tile_0_1_0_addr_7' <Predicate = true> <Delay = 0.00>
ST_15 : Operation 791 [1/1] (0.00ns)   --->   "%p_ZZ5conv3PA255_A255_fPA32_A5_A5_fPfS1_E7in_tile_0_2_0_addr_7 = getelementptr i32 %p_ZZ5conv3PA255_A255_fPA32_A5_A5_fPfS1_E7in_tile_0_2_0, i64 0, i64 %p_cast70" [src/conv3.cpp:74]   --->   Operation 791 'getelementptr' 'p_ZZ5conv3PA255_A255_fPA32_A5_A5_fPfS1_E7in_tile_0_2_0_addr_7' <Predicate = true> <Delay = 0.00>
ST_15 : Operation 792 [1/1] (0.00ns)   --->   "%p_ZZ5conv3PA255_A255_fPA32_A5_A5_fPfS1_E7in_tile_0_3_0_addr_7 = getelementptr i32 %p_ZZ5conv3PA255_A255_fPA32_A5_A5_fPfS1_E7in_tile_0_3_0, i64 0, i64 %p_cast70" [src/conv3.cpp:74]   --->   Operation 792 'getelementptr' 'p_ZZ5conv3PA255_A255_fPA32_A5_A5_fPfS1_E7in_tile_0_3_0_addr_7' <Predicate = true> <Delay = 0.00>
ST_15 : Operation 793 [1/1] (0.00ns)   --->   "%p_ZZ5conv3PA255_A255_fPA32_A5_A5_fPfS1_E7in_tile_0_4_0_addr_7 = getelementptr i32 %p_ZZ5conv3PA255_A255_fPA32_A5_A5_fPfS1_E7in_tile_0_4_0, i64 0, i64 %p_cast70" [src/conv3.cpp:74]   --->   Operation 793 'getelementptr' 'p_ZZ5conv3PA255_A255_fPA32_A5_A5_fPfS1_E7in_tile_0_4_0_addr_7' <Predicate = true> <Delay = 0.00>
ST_15 : Operation 794 [1/1] (0.00ns)   --->   "%p_ZZ5conv3PA255_A255_fPA32_A5_A5_fPfS1_E7in_tile_1_0_0_addr_7 = getelementptr i32 %p_ZZ5conv3PA255_A255_fPA32_A5_A5_fPfS1_E7in_tile_1_0_0, i64 0, i64 %p_cast70" [src/conv3.cpp:74]   --->   Operation 794 'getelementptr' 'p_ZZ5conv3PA255_A255_fPA32_A5_A5_fPfS1_E7in_tile_1_0_0_addr_7' <Predicate = true> <Delay = 0.00>
ST_15 : Operation 795 [1/1] (0.00ns)   --->   "%p_ZZ5conv3PA255_A255_fPA32_A5_A5_fPfS1_E7in_tile_1_1_0_addr_7 = getelementptr i32 %p_ZZ5conv3PA255_A255_fPA32_A5_A5_fPfS1_E7in_tile_1_1_0, i64 0, i64 %p_cast70" [src/conv3.cpp:74]   --->   Operation 795 'getelementptr' 'p_ZZ5conv3PA255_A255_fPA32_A5_A5_fPfS1_E7in_tile_1_1_0_addr_7' <Predicate = true> <Delay = 0.00>
ST_15 : Operation 796 [1/1] (0.00ns)   --->   "%p_ZZ5conv3PA255_A255_fPA32_A5_A5_fPfS1_E7in_tile_1_2_0_addr_7 = getelementptr i32 %p_ZZ5conv3PA255_A255_fPA32_A5_A5_fPfS1_E7in_tile_1_2_0, i64 0, i64 %p_cast70" [src/conv3.cpp:74]   --->   Operation 796 'getelementptr' 'p_ZZ5conv3PA255_A255_fPA32_A5_A5_fPfS1_E7in_tile_1_2_0_addr_7' <Predicate = true> <Delay = 0.00>
ST_15 : Operation 797 [1/1] (0.00ns)   --->   "%p_ZZ5conv3PA255_A255_fPA32_A5_A5_fPfS1_E7in_tile_1_3_0_addr_7 = getelementptr i32 %p_ZZ5conv3PA255_A255_fPA32_A5_A5_fPfS1_E7in_tile_1_3_0, i64 0, i64 %p_cast70" [src/conv3.cpp:74]   --->   Operation 797 'getelementptr' 'p_ZZ5conv3PA255_A255_fPA32_A5_A5_fPfS1_E7in_tile_1_3_0_addr_7' <Predicate = true> <Delay = 0.00>
ST_15 : Operation 798 [1/1] (0.00ns)   --->   "%p_ZZ5conv3PA255_A255_fPA32_A5_A5_fPfS1_E7in_tile_1_4_0_addr_7 = getelementptr i32 %p_ZZ5conv3PA255_A255_fPA32_A5_A5_fPfS1_E7in_tile_1_4_0, i64 0, i64 %p_cast70" [src/conv3.cpp:74]   --->   Operation 798 'getelementptr' 'p_ZZ5conv3PA255_A255_fPA32_A5_A5_fPfS1_E7in_tile_1_4_0_addr_7' <Predicate = true> <Delay = 0.00>
ST_15 : Operation 799 [1/1] (0.00ns)   --->   "%p_ZZ5conv3PA255_A255_fPA32_A5_A5_fPfS1_E7in_tile_2_0_0_addr_7 = getelementptr i32 %p_ZZ5conv3PA255_A255_fPA32_A5_A5_fPfS1_E7in_tile_2_0_0, i64 0, i64 %p_cast70" [src/conv3.cpp:74]   --->   Operation 799 'getelementptr' 'p_ZZ5conv3PA255_A255_fPA32_A5_A5_fPfS1_E7in_tile_2_0_0_addr_7' <Predicate = true> <Delay = 0.00>
ST_15 : Operation 800 [1/1] (0.00ns)   --->   "%p_ZZ5conv3PA255_A255_fPA32_A5_A5_fPfS1_E7in_tile_2_1_0_addr_7 = getelementptr i32 %p_ZZ5conv3PA255_A255_fPA32_A5_A5_fPfS1_E7in_tile_2_1_0, i64 0, i64 %p_cast70" [src/conv3.cpp:74]   --->   Operation 800 'getelementptr' 'p_ZZ5conv3PA255_A255_fPA32_A5_A5_fPfS1_E7in_tile_2_1_0_addr_7' <Predicate = true> <Delay = 0.00>
ST_15 : Operation 801 [1/1] (0.00ns)   --->   "%p_ZZ5conv3PA255_A255_fPA32_A5_A5_fPfS1_E7in_tile_2_2_0_addr_7 = getelementptr i32 %p_ZZ5conv3PA255_A255_fPA32_A5_A5_fPfS1_E7in_tile_2_2_0, i64 0, i64 %p_cast70" [src/conv3.cpp:74]   --->   Operation 801 'getelementptr' 'p_ZZ5conv3PA255_A255_fPA32_A5_A5_fPfS1_E7in_tile_2_2_0_addr_7' <Predicate = true> <Delay = 0.00>
ST_15 : Operation 802 [1/1] (0.00ns)   --->   "%p_ZZ5conv3PA255_A255_fPA32_A5_A5_fPfS1_E7in_tile_2_3_0_addr_7 = getelementptr i32 %p_ZZ5conv3PA255_A255_fPA32_A5_A5_fPfS1_E7in_tile_2_3_0, i64 0, i64 %p_cast70" [src/conv3.cpp:74]   --->   Operation 802 'getelementptr' 'p_ZZ5conv3PA255_A255_fPA32_A5_A5_fPfS1_E7in_tile_2_3_0_addr_7' <Predicate = true> <Delay = 0.00>
ST_15 : Operation 803 [1/1] (0.00ns)   --->   "%p_ZZ5conv3PA255_A255_fPA32_A5_A5_fPfS1_E7in_tile_2_4_0_addr_7 = getelementptr i32 %p_ZZ5conv3PA255_A255_fPA32_A5_A5_fPfS1_E7in_tile_2_4_0, i64 0, i64 %p_cast70" [src/conv3.cpp:74]   --->   Operation 803 'getelementptr' 'p_ZZ5conv3PA255_A255_fPA32_A5_A5_fPfS1_E7in_tile_2_4_0_addr_7' <Predicate = true> <Delay = 0.00>
ST_15 : Operation 804 [1/1] (0.00ns)   --->   "%p_ZZ5conv3PA255_A255_fPA32_A5_A5_fPfS1_E7in_tile_3_0_0_addr_7 = getelementptr i32 %p_ZZ5conv3PA255_A255_fPA32_A5_A5_fPfS1_E7in_tile_3_0_0, i64 0, i64 %p_cast70" [src/conv3.cpp:74]   --->   Operation 804 'getelementptr' 'p_ZZ5conv3PA255_A255_fPA32_A5_A5_fPfS1_E7in_tile_3_0_0_addr_7' <Predicate = true> <Delay = 0.00>
ST_15 : Operation 805 [1/1] (0.00ns)   --->   "%p_ZZ5conv3PA255_A255_fPA32_A5_A5_fPfS1_E7in_tile_3_1_0_addr_7 = getelementptr i32 %p_ZZ5conv3PA255_A255_fPA32_A5_A5_fPfS1_E7in_tile_3_1_0, i64 0, i64 %p_cast70" [src/conv3.cpp:74]   --->   Operation 805 'getelementptr' 'p_ZZ5conv3PA255_A255_fPA32_A5_A5_fPfS1_E7in_tile_3_1_0_addr_7' <Predicate = true> <Delay = 0.00>
ST_15 : Operation 806 [1/1] (0.00ns)   --->   "%p_ZZ5conv3PA255_A255_fPA32_A5_A5_fPfS1_E7in_tile_3_2_0_addr_7 = getelementptr i32 %p_ZZ5conv3PA255_A255_fPA32_A5_A5_fPfS1_E7in_tile_3_2_0, i64 0, i64 %p_cast70" [src/conv3.cpp:74]   --->   Operation 806 'getelementptr' 'p_ZZ5conv3PA255_A255_fPA32_A5_A5_fPfS1_E7in_tile_3_2_0_addr_7' <Predicate = true> <Delay = 0.00>
ST_15 : Operation 807 [1/1] (0.00ns)   --->   "%p_ZZ5conv3PA255_A255_fPA32_A5_A5_fPfS1_E7in_tile_3_3_0_addr_7 = getelementptr i32 %p_ZZ5conv3PA255_A255_fPA32_A5_A5_fPfS1_E7in_tile_3_3_0, i64 0, i64 %p_cast70" [src/conv3.cpp:74]   --->   Operation 807 'getelementptr' 'p_ZZ5conv3PA255_A255_fPA32_A5_A5_fPfS1_E7in_tile_3_3_0_addr_7' <Predicate = true> <Delay = 0.00>
ST_15 : Operation 808 [1/1] (0.00ns)   --->   "%p_ZZ5conv3PA255_A255_fPA32_A5_A5_fPfS1_E7in_tile_3_4_0_addr_7 = getelementptr i32 %p_ZZ5conv3PA255_A255_fPA32_A5_A5_fPfS1_E7in_tile_3_4_0, i64 0, i64 %p_cast70" [src/conv3.cpp:74]   --->   Operation 808 'getelementptr' 'p_ZZ5conv3PA255_A255_fPA32_A5_A5_fPfS1_E7in_tile_3_4_0_addr_7' <Predicate = true> <Delay = 0.00>
ST_15 : Operation 809 [1/1] (0.00ns)   --->   "%p_ZZ5conv3PA255_A255_fPA32_A5_A5_fPfS1_E7in_tile_4_0_0_addr_7 = getelementptr i32 %p_ZZ5conv3PA255_A255_fPA32_A5_A5_fPfS1_E7in_tile_4_0_0, i64 0, i64 %p_cast70" [src/conv3.cpp:74]   --->   Operation 809 'getelementptr' 'p_ZZ5conv3PA255_A255_fPA32_A5_A5_fPfS1_E7in_tile_4_0_0_addr_7' <Predicate = true> <Delay = 0.00>
ST_15 : Operation 810 [1/1] (0.00ns)   --->   "%p_ZZ5conv3PA255_A255_fPA32_A5_A5_fPfS1_E7in_tile_4_1_0_addr_7 = getelementptr i32 %p_ZZ5conv3PA255_A255_fPA32_A5_A5_fPfS1_E7in_tile_4_1_0, i64 0, i64 %p_cast70" [src/conv3.cpp:74]   --->   Operation 810 'getelementptr' 'p_ZZ5conv3PA255_A255_fPA32_A5_A5_fPfS1_E7in_tile_4_1_0_addr_7' <Predicate = true> <Delay = 0.00>
ST_15 : Operation 811 [1/1] (0.00ns)   --->   "%p_ZZ5conv3PA255_A255_fPA32_A5_A5_fPfS1_E7in_tile_4_2_0_addr_7 = getelementptr i32 %p_ZZ5conv3PA255_A255_fPA32_A5_A5_fPfS1_E7in_tile_4_2_0, i64 0, i64 %p_cast70" [src/conv3.cpp:74]   --->   Operation 811 'getelementptr' 'p_ZZ5conv3PA255_A255_fPA32_A5_A5_fPfS1_E7in_tile_4_2_0_addr_7' <Predicate = true> <Delay = 0.00>
ST_15 : Operation 812 [1/1] (0.00ns)   --->   "%p_ZZ5conv3PA255_A255_fPA32_A5_A5_fPfS1_E7in_tile_4_3_0_addr_7 = getelementptr i32 %p_ZZ5conv3PA255_A255_fPA32_A5_A5_fPfS1_E7in_tile_4_3_0, i64 0, i64 %p_cast70" [src/conv3.cpp:74]   --->   Operation 812 'getelementptr' 'p_ZZ5conv3PA255_A255_fPA32_A5_A5_fPfS1_E7in_tile_4_3_0_addr_7' <Predicate = true> <Delay = 0.00>
ST_15 : Operation 813 [1/1] (0.00ns)   --->   "%p_ZZ5conv3PA255_A255_fPA32_A5_A5_fPfS1_E7in_tile_4_4_0_addr_7 = getelementptr i32 %p_ZZ5conv3PA255_A255_fPA32_A5_A5_fPfS1_E7in_tile_4_4_0, i64 0, i64 %p_cast70" [src/conv3.cpp:74]   --->   Operation 813 'getelementptr' 'p_ZZ5conv3PA255_A255_fPA32_A5_A5_fPfS1_E7in_tile_4_4_0_addr_7' <Predicate = true> <Delay = 0.00>
ST_15 : Operation 814 [1/1] (0.78ns)   --->   "%empty_53 = add i6 %tmp_150, i6 %tmp_162" [src/conv3.cpp:74]   --->   Operation 814 'add' 'empty_53' <Predicate = true> <Delay = 0.78> <CoreInst = "Adder">   --->   Core 1 'Adder' <Latency = 0> <II = 1> <Delay = 0.78> <FuncUnit> <Opcode : 'add' 'sub'> <InPorts = 2> <OutPorts = 1>
ST_15 : Operation 815 [1/1] (0.00ns)   --->   "%p_cast75 = zext i6 %empty_53" [src/conv3.cpp:74]   --->   Operation 815 'zext' 'p_cast75' <Predicate = true> <Delay = 0.00>
ST_15 : Operation 816 [1/1] (0.00ns)   --->   "%p_ZZ5conv3PA255_A255_fPA32_A5_A5_fPfS1_E7in_tile_0_0_0_addr_8 = getelementptr i32 %p_ZZ5conv3PA255_A255_fPA32_A5_A5_fPfS1_E7in_tile_0_0_0, i64 0, i64 %p_cast75" [src/conv3.cpp:74]   --->   Operation 816 'getelementptr' 'p_ZZ5conv3PA255_A255_fPA32_A5_A5_fPfS1_E7in_tile_0_0_0_addr_8' <Predicate = true> <Delay = 0.00>
ST_15 : Operation 817 [1/1] (0.00ns)   --->   "%p_ZZ5conv3PA255_A255_fPA32_A5_A5_fPfS1_E7in_tile_0_1_0_addr_8 = getelementptr i32 %p_ZZ5conv3PA255_A255_fPA32_A5_A5_fPfS1_E7in_tile_0_1_0, i64 0, i64 %p_cast75" [src/conv3.cpp:74]   --->   Operation 817 'getelementptr' 'p_ZZ5conv3PA255_A255_fPA32_A5_A5_fPfS1_E7in_tile_0_1_0_addr_8' <Predicate = true> <Delay = 0.00>
ST_15 : Operation 818 [1/1] (0.00ns)   --->   "%p_ZZ5conv3PA255_A255_fPA32_A5_A5_fPfS1_E7in_tile_0_2_0_addr_8 = getelementptr i32 %p_ZZ5conv3PA255_A255_fPA32_A5_A5_fPfS1_E7in_tile_0_2_0, i64 0, i64 %p_cast75" [src/conv3.cpp:74]   --->   Operation 818 'getelementptr' 'p_ZZ5conv3PA255_A255_fPA32_A5_A5_fPfS1_E7in_tile_0_2_0_addr_8' <Predicate = true> <Delay = 0.00>
ST_15 : Operation 819 [1/1] (0.00ns)   --->   "%p_ZZ5conv3PA255_A255_fPA32_A5_A5_fPfS1_E7in_tile_0_3_0_addr_8 = getelementptr i32 %p_ZZ5conv3PA255_A255_fPA32_A5_A5_fPfS1_E7in_tile_0_3_0, i64 0, i64 %p_cast75" [src/conv3.cpp:74]   --->   Operation 819 'getelementptr' 'p_ZZ5conv3PA255_A255_fPA32_A5_A5_fPfS1_E7in_tile_0_3_0_addr_8' <Predicate = true> <Delay = 0.00>
ST_15 : Operation 820 [1/1] (0.00ns)   --->   "%p_ZZ5conv3PA255_A255_fPA32_A5_A5_fPfS1_E7in_tile_0_4_0_addr_8 = getelementptr i32 %p_ZZ5conv3PA255_A255_fPA32_A5_A5_fPfS1_E7in_tile_0_4_0, i64 0, i64 %p_cast75" [src/conv3.cpp:74]   --->   Operation 820 'getelementptr' 'p_ZZ5conv3PA255_A255_fPA32_A5_A5_fPfS1_E7in_tile_0_4_0_addr_8' <Predicate = true> <Delay = 0.00>
ST_15 : Operation 821 [1/1] (0.00ns)   --->   "%p_ZZ5conv3PA255_A255_fPA32_A5_A5_fPfS1_E7in_tile_1_0_0_addr_8 = getelementptr i32 %p_ZZ5conv3PA255_A255_fPA32_A5_A5_fPfS1_E7in_tile_1_0_0, i64 0, i64 %p_cast75" [src/conv3.cpp:74]   --->   Operation 821 'getelementptr' 'p_ZZ5conv3PA255_A255_fPA32_A5_A5_fPfS1_E7in_tile_1_0_0_addr_8' <Predicate = true> <Delay = 0.00>
ST_15 : Operation 822 [1/1] (0.00ns)   --->   "%p_ZZ5conv3PA255_A255_fPA32_A5_A5_fPfS1_E7in_tile_1_1_0_addr_8 = getelementptr i32 %p_ZZ5conv3PA255_A255_fPA32_A5_A5_fPfS1_E7in_tile_1_1_0, i64 0, i64 %p_cast75" [src/conv3.cpp:74]   --->   Operation 822 'getelementptr' 'p_ZZ5conv3PA255_A255_fPA32_A5_A5_fPfS1_E7in_tile_1_1_0_addr_8' <Predicate = true> <Delay = 0.00>
ST_15 : Operation 823 [1/1] (0.00ns)   --->   "%p_ZZ5conv3PA255_A255_fPA32_A5_A5_fPfS1_E7in_tile_1_2_0_addr_8 = getelementptr i32 %p_ZZ5conv3PA255_A255_fPA32_A5_A5_fPfS1_E7in_tile_1_2_0, i64 0, i64 %p_cast75" [src/conv3.cpp:74]   --->   Operation 823 'getelementptr' 'p_ZZ5conv3PA255_A255_fPA32_A5_A5_fPfS1_E7in_tile_1_2_0_addr_8' <Predicate = true> <Delay = 0.00>
ST_15 : Operation 824 [1/1] (0.00ns)   --->   "%p_ZZ5conv3PA255_A255_fPA32_A5_A5_fPfS1_E7in_tile_1_3_0_addr_8 = getelementptr i32 %p_ZZ5conv3PA255_A255_fPA32_A5_A5_fPfS1_E7in_tile_1_3_0, i64 0, i64 %p_cast75" [src/conv3.cpp:74]   --->   Operation 824 'getelementptr' 'p_ZZ5conv3PA255_A255_fPA32_A5_A5_fPfS1_E7in_tile_1_3_0_addr_8' <Predicate = true> <Delay = 0.00>
ST_15 : Operation 825 [1/1] (0.00ns)   --->   "%p_ZZ5conv3PA255_A255_fPA32_A5_A5_fPfS1_E7in_tile_1_4_0_addr_8 = getelementptr i32 %p_ZZ5conv3PA255_A255_fPA32_A5_A5_fPfS1_E7in_tile_1_4_0, i64 0, i64 %p_cast75" [src/conv3.cpp:74]   --->   Operation 825 'getelementptr' 'p_ZZ5conv3PA255_A255_fPA32_A5_A5_fPfS1_E7in_tile_1_4_0_addr_8' <Predicate = true> <Delay = 0.00>
ST_15 : Operation 826 [1/1] (0.00ns)   --->   "%p_ZZ5conv3PA255_A255_fPA32_A5_A5_fPfS1_E7in_tile_2_0_0_addr_8 = getelementptr i32 %p_ZZ5conv3PA255_A255_fPA32_A5_A5_fPfS1_E7in_tile_2_0_0, i64 0, i64 %p_cast75" [src/conv3.cpp:74]   --->   Operation 826 'getelementptr' 'p_ZZ5conv3PA255_A255_fPA32_A5_A5_fPfS1_E7in_tile_2_0_0_addr_8' <Predicate = true> <Delay = 0.00>
ST_15 : Operation 827 [1/1] (0.00ns)   --->   "%p_ZZ5conv3PA255_A255_fPA32_A5_A5_fPfS1_E7in_tile_2_1_0_addr_8 = getelementptr i32 %p_ZZ5conv3PA255_A255_fPA32_A5_A5_fPfS1_E7in_tile_2_1_0, i64 0, i64 %p_cast75" [src/conv3.cpp:74]   --->   Operation 827 'getelementptr' 'p_ZZ5conv3PA255_A255_fPA32_A5_A5_fPfS1_E7in_tile_2_1_0_addr_8' <Predicate = true> <Delay = 0.00>
ST_15 : Operation 828 [1/1] (0.00ns)   --->   "%p_ZZ5conv3PA255_A255_fPA32_A5_A5_fPfS1_E7in_tile_2_2_0_addr_8 = getelementptr i32 %p_ZZ5conv3PA255_A255_fPA32_A5_A5_fPfS1_E7in_tile_2_2_0, i64 0, i64 %p_cast75" [src/conv3.cpp:74]   --->   Operation 828 'getelementptr' 'p_ZZ5conv3PA255_A255_fPA32_A5_A5_fPfS1_E7in_tile_2_2_0_addr_8' <Predicate = true> <Delay = 0.00>
ST_15 : Operation 829 [1/1] (0.00ns)   --->   "%p_ZZ5conv3PA255_A255_fPA32_A5_A5_fPfS1_E7in_tile_2_3_0_addr_8 = getelementptr i32 %p_ZZ5conv3PA255_A255_fPA32_A5_A5_fPfS1_E7in_tile_2_3_0, i64 0, i64 %p_cast75" [src/conv3.cpp:74]   --->   Operation 829 'getelementptr' 'p_ZZ5conv3PA255_A255_fPA32_A5_A5_fPfS1_E7in_tile_2_3_0_addr_8' <Predicate = true> <Delay = 0.00>
ST_15 : Operation 830 [1/1] (0.00ns)   --->   "%p_ZZ5conv3PA255_A255_fPA32_A5_A5_fPfS1_E7in_tile_2_4_0_addr_8 = getelementptr i32 %p_ZZ5conv3PA255_A255_fPA32_A5_A5_fPfS1_E7in_tile_2_4_0, i64 0, i64 %p_cast75" [src/conv3.cpp:74]   --->   Operation 830 'getelementptr' 'p_ZZ5conv3PA255_A255_fPA32_A5_A5_fPfS1_E7in_tile_2_4_0_addr_8' <Predicate = true> <Delay = 0.00>
ST_15 : Operation 831 [1/1] (0.00ns)   --->   "%p_ZZ5conv3PA255_A255_fPA32_A5_A5_fPfS1_E7in_tile_3_0_0_addr_8 = getelementptr i32 %p_ZZ5conv3PA255_A255_fPA32_A5_A5_fPfS1_E7in_tile_3_0_0, i64 0, i64 %p_cast75" [src/conv3.cpp:74]   --->   Operation 831 'getelementptr' 'p_ZZ5conv3PA255_A255_fPA32_A5_A5_fPfS1_E7in_tile_3_0_0_addr_8' <Predicate = true> <Delay = 0.00>
ST_15 : Operation 832 [1/1] (0.00ns)   --->   "%p_ZZ5conv3PA255_A255_fPA32_A5_A5_fPfS1_E7in_tile_3_1_0_addr_8 = getelementptr i32 %p_ZZ5conv3PA255_A255_fPA32_A5_A5_fPfS1_E7in_tile_3_1_0, i64 0, i64 %p_cast75" [src/conv3.cpp:74]   --->   Operation 832 'getelementptr' 'p_ZZ5conv3PA255_A255_fPA32_A5_A5_fPfS1_E7in_tile_3_1_0_addr_8' <Predicate = true> <Delay = 0.00>
ST_15 : Operation 833 [1/1] (0.00ns)   --->   "%p_ZZ5conv3PA255_A255_fPA32_A5_A5_fPfS1_E7in_tile_3_2_0_addr_8 = getelementptr i32 %p_ZZ5conv3PA255_A255_fPA32_A5_A5_fPfS1_E7in_tile_3_2_0, i64 0, i64 %p_cast75" [src/conv3.cpp:74]   --->   Operation 833 'getelementptr' 'p_ZZ5conv3PA255_A255_fPA32_A5_A5_fPfS1_E7in_tile_3_2_0_addr_8' <Predicate = true> <Delay = 0.00>
ST_15 : Operation 834 [1/1] (0.00ns)   --->   "%p_ZZ5conv3PA255_A255_fPA32_A5_A5_fPfS1_E7in_tile_3_3_0_addr_8 = getelementptr i32 %p_ZZ5conv3PA255_A255_fPA32_A5_A5_fPfS1_E7in_tile_3_3_0, i64 0, i64 %p_cast75" [src/conv3.cpp:74]   --->   Operation 834 'getelementptr' 'p_ZZ5conv3PA255_A255_fPA32_A5_A5_fPfS1_E7in_tile_3_3_0_addr_8' <Predicate = true> <Delay = 0.00>
ST_15 : Operation 835 [1/1] (0.00ns)   --->   "%p_ZZ5conv3PA255_A255_fPA32_A5_A5_fPfS1_E7in_tile_3_4_0_addr_8 = getelementptr i32 %p_ZZ5conv3PA255_A255_fPA32_A5_A5_fPfS1_E7in_tile_3_4_0, i64 0, i64 %p_cast75" [src/conv3.cpp:74]   --->   Operation 835 'getelementptr' 'p_ZZ5conv3PA255_A255_fPA32_A5_A5_fPfS1_E7in_tile_3_4_0_addr_8' <Predicate = true> <Delay = 0.00>
ST_15 : Operation 836 [1/1] (0.00ns)   --->   "%p_ZZ5conv3PA255_A255_fPA32_A5_A5_fPfS1_E7in_tile_4_0_0_addr_8 = getelementptr i32 %p_ZZ5conv3PA255_A255_fPA32_A5_A5_fPfS1_E7in_tile_4_0_0, i64 0, i64 %p_cast75" [src/conv3.cpp:74]   --->   Operation 836 'getelementptr' 'p_ZZ5conv3PA255_A255_fPA32_A5_A5_fPfS1_E7in_tile_4_0_0_addr_8' <Predicate = true> <Delay = 0.00>
ST_15 : Operation 837 [1/1] (0.00ns)   --->   "%p_ZZ5conv3PA255_A255_fPA32_A5_A5_fPfS1_E7in_tile_4_1_0_addr_8 = getelementptr i32 %p_ZZ5conv3PA255_A255_fPA32_A5_A5_fPfS1_E7in_tile_4_1_0, i64 0, i64 %p_cast75" [src/conv3.cpp:74]   --->   Operation 837 'getelementptr' 'p_ZZ5conv3PA255_A255_fPA32_A5_A5_fPfS1_E7in_tile_4_1_0_addr_8' <Predicate = true> <Delay = 0.00>
ST_15 : Operation 838 [1/1] (0.00ns)   --->   "%p_ZZ5conv3PA255_A255_fPA32_A5_A5_fPfS1_E7in_tile_4_2_0_addr_8 = getelementptr i32 %p_ZZ5conv3PA255_A255_fPA32_A5_A5_fPfS1_E7in_tile_4_2_0, i64 0, i64 %p_cast75" [src/conv3.cpp:74]   --->   Operation 838 'getelementptr' 'p_ZZ5conv3PA255_A255_fPA32_A5_A5_fPfS1_E7in_tile_4_2_0_addr_8' <Predicate = true> <Delay = 0.00>
ST_15 : Operation 839 [1/1] (0.00ns)   --->   "%p_ZZ5conv3PA255_A255_fPA32_A5_A5_fPfS1_E7in_tile_4_3_0_addr_8 = getelementptr i32 %p_ZZ5conv3PA255_A255_fPA32_A5_A5_fPfS1_E7in_tile_4_3_0, i64 0, i64 %p_cast75" [src/conv3.cpp:74]   --->   Operation 839 'getelementptr' 'p_ZZ5conv3PA255_A255_fPA32_A5_A5_fPfS1_E7in_tile_4_3_0_addr_8' <Predicate = true> <Delay = 0.00>
ST_15 : Operation 840 [1/1] (0.00ns)   --->   "%p_ZZ5conv3PA255_A255_fPA32_A5_A5_fPfS1_E7in_tile_4_4_0_addr_8 = getelementptr i32 %p_ZZ5conv3PA255_A255_fPA32_A5_A5_fPfS1_E7in_tile_4_4_0, i64 0, i64 %p_cast75" [src/conv3.cpp:74]   --->   Operation 840 'getelementptr' 'p_ZZ5conv3PA255_A255_fPA32_A5_A5_fPfS1_E7in_tile_4_4_0_addr_8' <Predicate = true> <Delay = 0.00>
ST_15 : Operation 841 [1/2] (1.23ns)   --->   "%p_ZZ5conv3PA255_A255_fPA32_A5_A5_fPfS1_E7in_tile_0_0_0_load_5 = load i6 %p_ZZ5conv3PA255_A255_fPA32_A5_A5_fPfS1_E7in_tile_0_0_0_addr_5" [src/conv3.cpp:86]   --->   Operation 841 'load' 'p_ZZ5conv3PA255_A255_fPA32_A5_A5_fPfS1_E7in_tile_0_0_0_load_5' <Predicate = true> <Delay = 1.23> <CoreInst = "RAM">   --->   Core 83 'RAM' <Latency = 1> <II = 1> <Delay = 1.23> <Storage> <Opcode : 'load' 'store'> <Ports = 2> <Width = 32> <Depth = 64> <RAM>
ST_15 : Operation 842 [1/2] (1.23ns)   --->   "%p_ZZ5conv3PA255_A255_fPA32_A5_A5_fPfS1_E7in_tile_0_1_0_load_5 = load i6 %p_ZZ5conv3PA255_A255_fPA32_A5_A5_fPfS1_E7in_tile_0_1_0_addr_5" [src/conv3.cpp:86]   --->   Operation 842 'load' 'p_ZZ5conv3PA255_A255_fPA32_A5_A5_fPfS1_E7in_tile_0_1_0_load_5' <Predicate = true> <Delay = 1.23> <CoreInst = "RAM">   --->   Core 83 'RAM' <Latency = 1> <II = 1> <Delay = 1.23> <Storage> <Opcode : 'load' 'store'> <Ports = 2> <Width = 32> <Depth = 64> <RAM>
ST_15 : Operation 843 [1/2] (1.23ns)   --->   "%p_ZZ5conv3PA255_A255_fPA32_A5_A5_fPfS1_E7in_tile_0_2_0_load_5 = load i6 %p_ZZ5conv3PA255_A255_fPA32_A5_A5_fPfS1_E7in_tile_0_2_0_addr_5" [src/conv3.cpp:86]   --->   Operation 843 'load' 'p_ZZ5conv3PA255_A255_fPA32_A5_A5_fPfS1_E7in_tile_0_2_0_load_5' <Predicate = true> <Delay = 1.23> <CoreInst = "RAM">   --->   Core 83 'RAM' <Latency = 1> <II = 1> <Delay = 1.23> <Storage> <Opcode : 'load' 'store'> <Ports = 2> <Width = 32> <Depth = 64> <RAM>
ST_15 : Operation 844 [1/2] (1.23ns)   --->   "%p_ZZ5conv3PA255_A255_fPA32_A5_A5_fPfS1_E7in_tile_0_3_0_load_5 = load i6 %p_ZZ5conv3PA255_A255_fPA32_A5_A5_fPfS1_E7in_tile_0_3_0_addr_5" [src/conv3.cpp:86]   --->   Operation 844 'load' 'p_ZZ5conv3PA255_A255_fPA32_A5_A5_fPfS1_E7in_tile_0_3_0_load_5' <Predicate = true> <Delay = 1.23> <CoreInst = "RAM">   --->   Core 83 'RAM' <Latency = 1> <II = 1> <Delay = 1.23> <Storage> <Opcode : 'load' 'store'> <Ports = 2> <Width = 32> <Depth = 64> <RAM>
ST_15 : Operation 845 [1/2] (1.23ns)   --->   "%p_ZZ5conv3PA255_A255_fPA32_A5_A5_fPfS1_E7in_tile_0_4_0_load_5 = load i6 %p_ZZ5conv3PA255_A255_fPA32_A5_A5_fPfS1_E7in_tile_0_4_0_addr_5" [src/conv3.cpp:86]   --->   Operation 845 'load' 'p_ZZ5conv3PA255_A255_fPA32_A5_A5_fPfS1_E7in_tile_0_4_0_load_5' <Predicate = true> <Delay = 1.23> <CoreInst = "RAM">   --->   Core 83 'RAM' <Latency = 1> <II = 1> <Delay = 1.23> <Storage> <Opcode : 'load' 'store'> <Ports = 2> <Width = 32> <Depth = 64> <RAM>
ST_15 : Operation 846 [1/2] (1.23ns)   --->   "%p_ZZ5conv3PA255_A255_fPA32_A5_A5_fPfS1_E7in_tile_1_0_0_load_5 = load i6 %p_ZZ5conv3PA255_A255_fPA32_A5_A5_fPfS1_E7in_tile_1_0_0_addr_5" [src/conv3.cpp:86]   --->   Operation 846 'load' 'p_ZZ5conv3PA255_A255_fPA32_A5_A5_fPfS1_E7in_tile_1_0_0_load_5' <Predicate = true> <Delay = 1.23> <CoreInst = "RAM">   --->   Core 83 'RAM' <Latency = 1> <II = 1> <Delay = 1.23> <Storage> <Opcode : 'load' 'store'> <Ports = 2> <Width = 32> <Depth = 64> <RAM>
ST_15 : Operation 847 [1/2] (1.23ns)   --->   "%p_ZZ5conv3PA255_A255_fPA32_A5_A5_fPfS1_E7in_tile_1_1_0_load_5 = load i6 %p_ZZ5conv3PA255_A255_fPA32_A5_A5_fPfS1_E7in_tile_1_1_0_addr_5" [src/conv3.cpp:86]   --->   Operation 847 'load' 'p_ZZ5conv3PA255_A255_fPA32_A5_A5_fPfS1_E7in_tile_1_1_0_load_5' <Predicate = true> <Delay = 1.23> <CoreInst = "RAM">   --->   Core 83 'RAM' <Latency = 1> <II = 1> <Delay = 1.23> <Storage> <Opcode : 'load' 'store'> <Ports = 2> <Width = 32> <Depth = 64> <RAM>
ST_15 : Operation 848 [1/2] (1.23ns)   --->   "%p_ZZ5conv3PA255_A255_fPA32_A5_A5_fPfS1_E7in_tile_1_2_0_load_5 = load i6 %p_ZZ5conv3PA255_A255_fPA32_A5_A5_fPfS1_E7in_tile_1_2_0_addr_5" [src/conv3.cpp:86]   --->   Operation 848 'load' 'p_ZZ5conv3PA255_A255_fPA32_A5_A5_fPfS1_E7in_tile_1_2_0_load_5' <Predicate = true> <Delay = 1.23> <CoreInst = "RAM">   --->   Core 83 'RAM' <Latency = 1> <II = 1> <Delay = 1.23> <Storage> <Opcode : 'load' 'store'> <Ports = 2> <Width = 32> <Depth = 64> <RAM>
ST_15 : Operation 849 [1/2] (1.23ns)   --->   "%p_ZZ5conv3PA255_A255_fPA32_A5_A5_fPfS1_E7in_tile_1_3_0_load_5 = load i6 %p_ZZ5conv3PA255_A255_fPA32_A5_A5_fPfS1_E7in_tile_1_3_0_addr_5" [src/conv3.cpp:86]   --->   Operation 849 'load' 'p_ZZ5conv3PA255_A255_fPA32_A5_A5_fPfS1_E7in_tile_1_3_0_load_5' <Predicate = true> <Delay = 1.23> <CoreInst = "RAM">   --->   Core 83 'RAM' <Latency = 1> <II = 1> <Delay = 1.23> <Storage> <Opcode : 'load' 'store'> <Ports = 2> <Width = 32> <Depth = 64> <RAM>
ST_15 : Operation 850 [1/2] (1.23ns)   --->   "%p_ZZ5conv3PA255_A255_fPA32_A5_A5_fPfS1_E7in_tile_1_4_0_load_5 = load i6 %p_ZZ5conv3PA255_A255_fPA32_A5_A5_fPfS1_E7in_tile_1_4_0_addr_5" [src/conv3.cpp:86]   --->   Operation 850 'load' 'p_ZZ5conv3PA255_A255_fPA32_A5_A5_fPfS1_E7in_tile_1_4_0_load_5' <Predicate = true> <Delay = 1.23> <CoreInst = "RAM">   --->   Core 83 'RAM' <Latency = 1> <II = 1> <Delay = 1.23> <Storage> <Opcode : 'load' 'store'> <Ports = 2> <Width = 32> <Depth = 64> <RAM>
ST_15 : Operation 851 [1/2] (1.23ns)   --->   "%p_ZZ5conv3PA255_A255_fPA32_A5_A5_fPfS1_E7in_tile_2_0_0_load_5 = load i6 %p_ZZ5conv3PA255_A255_fPA32_A5_A5_fPfS1_E7in_tile_2_0_0_addr_5" [src/conv3.cpp:86]   --->   Operation 851 'load' 'p_ZZ5conv3PA255_A255_fPA32_A5_A5_fPfS1_E7in_tile_2_0_0_load_5' <Predicate = true> <Delay = 1.23> <CoreInst = "RAM">   --->   Core 83 'RAM' <Latency = 1> <II = 1> <Delay = 1.23> <Storage> <Opcode : 'load' 'store'> <Ports = 2> <Width = 32> <Depth = 64> <RAM>
ST_15 : Operation 852 [1/2] (1.23ns)   --->   "%p_ZZ5conv3PA255_A255_fPA32_A5_A5_fPfS1_E7in_tile_2_1_0_load_5 = load i6 %p_ZZ5conv3PA255_A255_fPA32_A5_A5_fPfS1_E7in_tile_2_1_0_addr_5" [src/conv3.cpp:86]   --->   Operation 852 'load' 'p_ZZ5conv3PA255_A255_fPA32_A5_A5_fPfS1_E7in_tile_2_1_0_load_5' <Predicate = true> <Delay = 1.23> <CoreInst = "RAM">   --->   Core 83 'RAM' <Latency = 1> <II = 1> <Delay = 1.23> <Storage> <Opcode : 'load' 'store'> <Ports = 2> <Width = 32> <Depth = 64> <RAM>
ST_15 : Operation 853 [1/2] (1.23ns)   --->   "%p_ZZ5conv3PA255_A255_fPA32_A5_A5_fPfS1_E7in_tile_2_2_0_load_5 = load i6 %p_ZZ5conv3PA255_A255_fPA32_A5_A5_fPfS1_E7in_tile_2_2_0_addr_5" [src/conv3.cpp:86]   --->   Operation 853 'load' 'p_ZZ5conv3PA255_A255_fPA32_A5_A5_fPfS1_E7in_tile_2_2_0_load_5' <Predicate = true> <Delay = 1.23> <CoreInst = "RAM">   --->   Core 83 'RAM' <Latency = 1> <II = 1> <Delay = 1.23> <Storage> <Opcode : 'load' 'store'> <Ports = 2> <Width = 32> <Depth = 64> <RAM>
ST_15 : Operation 854 [1/2] (1.23ns)   --->   "%p_ZZ5conv3PA255_A255_fPA32_A5_A5_fPfS1_E7in_tile_2_3_0_load_5 = load i6 %p_ZZ5conv3PA255_A255_fPA32_A5_A5_fPfS1_E7in_tile_2_3_0_addr_5" [src/conv3.cpp:86]   --->   Operation 854 'load' 'p_ZZ5conv3PA255_A255_fPA32_A5_A5_fPfS1_E7in_tile_2_3_0_load_5' <Predicate = true> <Delay = 1.23> <CoreInst = "RAM">   --->   Core 83 'RAM' <Latency = 1> <II = 1> <Delay = 1.23> <Storage> <Opcode : 'load' 'store'> <Ports = 2> <Width = 32> <Depth = 64> <RAM>
ST_15 : Operation 855 [1/2] (1.23ns)   --->   "%p_ZZ5conv3PA255_A255_fPA32_A5_A5_fPfS1_E7in_tile_2_4_0_load_5 = load i6 %p_ZZ5conv3PA255_A255_fPA32_A5_A5_fPfS1_E7in_tile_2_4_0_addr_5" [src/conv3.cpp:86]   --->   Operation 855 'load' 'p_ZZ5conv3PA255_A255_fPA32_A5_A5_fPfS1_E7in_tile_2_4_0_load_5' <Predicate = true> <Delay = 1.23> <CoreInst = "RAM">   --->   Core 83 'RAM' <Latency = 1> <II = 1> <Delay = 1.23> <Storage> <Opcode : 'load' 'store'> <Ports = 2> <Width = 32> <Depth = 64> <RAM>
ST_15 : Operation 856 [1/2] (1.23ns)   --->   "%p_ZZ5conv3PA255_A255_fPA32_A5_A5_fPfS1_E7in_tile_3_0_0_load_5 = load i6 %p_ZZ5conv3PA255_A255_fPA32_A5_A5_fPfS1_E7in_tile_3_0_0_addr_5" [src/conv3.cpp:86]   --->   Operation 856 'load' 'p_ZZ5conv3PA255_A255_fPA32_A5_A5_fPfS1_E7in_tile_3_0_0_load_5' <Predicate = true> <Delay = 1.23> <CoreInst = "RAM">   --->   Core 83 'RAM' <Latency = 1> <II = 1> <Delay = 1.23> <Storage> <Opcode : 'load' 'store'> <Ports = 2> <Width = 32> <Depth = 64> <RAM>
ST_15 : Operation 857 [1/2] (1.23ns)   --->   "%p_ZZ5conv3PA255_A255_fPA32_A5_A5_fPfS1_E7in_tile_3_1_0_load_5 = load i6 %p_ZZ5conv3PA255_A255_fPA32_A5_A5_fPfS1_E7in_tile_3_1_0_addr_5" [src/conv3.cpp:86]   --->   Operation 857 'load' 'p_ZZ5conv3PA255_A255_fPA32_A5_A5_fPfS1_E7in_tile_3_1_0_load_5' <Predicate = true> <Delay = 1.23> <CoreInst = "RAM">   --->   Core 83 'RAM' <Latency = 1> <II = 1> <Delay = 1.23> <Storage> <Opcode : 'load' 'store'> <Ports = 2> <Width = 32> <Depth = 64> <RAM>
ST_15 : Operation 858 [1/2] (1.23ns)   --->   "%p_ZZ5conv3PA255_A255_fPA32_A5_A5_fPfS1_E7in_tile_3_2_0_load_5 = load i6 %p_ZZ5conv3PA255_A255_fPA32_A5_A5_fPfS1_E7in_tile_3_2_0_addr_5" [src/conv3.cpp:86]   --->   Operation 858 'load' 'p_ZZ5conv3PA255_A255_fPA32_A5_A5_fPfS1_E7in_tile_3_2_0_load_5' <Predicate = true> <Delay = 1.23> <CoreInst = "RAM">   --->   Core 83 'RAM' <Latency = 1> <II = 1> <Delay = 1.23> <Storage> <Opcode : 'load' 'store'> <Ports = 2> <Width = 32> <Depth = 64> <RAM>
ST_15 : Operation 859 [1/2] (1.23ns)   --->   "%p_ZZ5conv3PA255_A255_fPA32_A5_A5_fPfS1_E7in_tile_3_3_0_load_5 = load i6 %p_ZZ5conv3PA255_A255_fPA32_A5_A5_fPfS1_E7in_tile_3_3_0_addr_5" [src/conv3.cpp:86]   --->   Operation 859 'load' 'p_ZZ5conv3PA255_A255_fPA32_A5_A5_fPfS1_E7in_tile_3_3_0_load_5' <Predicate = true> <Delay = 1.23> <CoreInst = "RAM">   --->   Core 83 'RAM' <Latency = 1> <II = 1> <Delay = 1.23> <Storage> <Opcode : 'load' 'store'> <Ports = 2> <Width = 32> <Depth = 64> <RAM>
ST_15 : Operation 860 [1/2] (1.23ns)   --->   "%p_ZZ5conv3PA255_A255_fPA32_A5_A5_fPfS1_E7in_tile_3_4_0_load_5 = load i6 %p_ZZ5conv3PA255_A255_fPA32_A5_A5_fPfS1_E7in_tile_3_4_0_addr_5" [src/conv3.cpp:86]   --->   Operation 860 'load' 'p_ZZ5conv3PA255_A255_fPA32_A5_A5_fPfS1_E7in_tile_3_4_0_load_5' <Predicate = true> <Delay = 1.23> <CoreInst = "RAM">   --->   Core 83 'RAM' <Latency = 1> <II = 1> <Delay = 1.23> <Storage> <Opcode : 'load' 'store'> <Ports = 2> <Width = 32> <Depth = 64> <RAM>
ST_15 : Operation 861 [1/2] (1.23ns)   --->   "%p_ZZ5conv3PA255_A255_fPA32_A5_A5_fPfS1_E7in_tile_4_0_0_load_5 = load i6 %p_ZZ5conv3PA255_A255_fPA32_A5_A5_fPfS1_E7in_tile_4_0_0_addr_5" [src/conv3.cpp:86]   --->   Operation 861 'load' 'p_ZZ5conv3PA255_A255_fPA32_A5_A5_fPfS1_E7in_tile_4_0_0_load_5' <Predicate = true> <Delay = 1.23> <CoreInst = "RAM">   --->   Core 83 'RAM' <Latency = 1> <II = 1> <Delay = 1.23> <Storage> <Opcode : 'load' 'store'> <Ports = 2> <Width = 32> <Depth = 64> <RAM>
ST_15 : Operation 862 [1/2] (1.23ns)   --->   "%p_ZZ5conv3PA255_A255_fPA32_A5_A5_fPfS1_E7in_tile_4_1_0_load_5 = load i6 %p_ZZ5conv3PA255_A255_fPA32_A5_A5_fPfS1_E7in_tile_4_1_0_addr_5" [src/conv3.cpp:86]   --->   Operation 862 'load' 'p_ZZ5conv3PA255_A255_fPA32_A5_A5_fPfS1_E7in_tile_4_1_0_load_5' <Predicate = true> <Delay = 1.23> <CoreInst = "RAM">   --->   Core 83 'RAM' <Latency = 1> <II = 1> <Delay = 1.23> <Storage> <Opcode : 'load' 'store'> <Ports = 2> <Width = 32> <Depth = 64> <RAM>
ST_15 : Operation 863 [1/2] (1.23ns)   --->   "%p_ZZ5conv3PA255_A255_fPA32_A5_A5_fPfS1_E7in_tile_4_2_0_load_5 = load i6 %p_ZZ5conv3PA255_A255_fPA32_A5_A5_fPfS1_E7in_tile_4_2_0_addr_5" [src/conv3.cpp:86]   --->   Operation 863 'load' 'p_ZZ5conv3PA255_A255_fPA32_A5_A5_fPfS1_E7in_tile_4_2_0_load_5' <Predicate = true> <Delay = 1.23> <CoreInst = "RAM">   --->   Core 83 'RAM' <Latency = 1> <II = 1> <Delay = 1.23> <Storage> <Opcode : 'load' 'store'> <Ports = 2> <Width = 32> <Depth = 64> <RAM>
ST_15 : Operation 864 [1/2] (1.23ns)   --->   "%p_ZZ5conv3PA255_A255_fPA32_A5_A5_fPfS1_E7in_tile_4_3_0_load_5 = load i6 %p_ZZ5conv3PA255_A255_fPA32_A5_A5_fPfS1_E7in_tile_4_3_0_addr_5" [src/conv3.cpp:86]   --->   Operation 864 'load' 'p_ZZ5conv3PA255_A255_fPA32_A5_A5_fPfS1_E7in_tile_4_3_0_load_5' <Predicate = true> <Delay = 1.23> <CoreInst = "RAM">   --->   Core 83 'RAM' <Latency = 1> <II = 1> <Delay = 1.23> <Storage> <Opcode : 'load' 'store'> <Ports = 2> <Width = 32> <Depth = 64> <RAM>
ST_15 : Operation 865 [1/2] (1.23ns)   --->   "%p_ZZ5conv3PA255_A255_fPA32_A5_A5_fPfS1_E7in_tile_4_4_0_load_5 = load i6 %p_ZZ5conv3PA255_A255_fPA32_A5_A5_fPfS1_E7in_tile_4_4_0_addr_5" [src/conv3.cpp:86]   --->   Operation 865 'load' 'p_ZZ5conv3PA255_A255_fPA32_A5_A5_fPfS1_E7in_tile_4_4_0_load_5' <Predicate = true> <Delay = 1.23> <CoreInst = "RAM">   --->   Core 83 'RAM' <Latency = 1> <II = 1> <Delay = 1.23> <Storage> <Opcode : 'load' 'store'> <Ports = 2> <Width = 32> <Depth = 64> <RAM>
ST_15 : Operation 866 [1/2] (1.23ns)   --->   "%p_ZZ5conv3PA255_A255_fPA32_A5_A5_fPfS1_E7in_tile_0_0_0_load_6 = load i6 %p_ZZ5conv3PA255_A255_fPA32_A5_A5_fPfS1_E7in_tile_0_0_0_addr_6" [src/conv3.cpp:86]   --->   Operation 866 'load' 'p_ZZ5conv3PA255_A255_fPA32_A5_A5_fPfS1_E7in_tile_0_0_0_load_6' <Predicate = true> <Delay = 1.23> <CoreInst = "RAM">   --->   Core 83 'RAM' <Latency = 1> <II = 1> <Delay = 1.23> <Storage> <Opcode : 'load' 'store'> <Ports = 2> <Width = 32> <Depth = 64> <RAM>
ST_15 : Operation 867 [1/2] (1.23ns)   --->   "%p_ZZ5conv3PA255_A255_fPA32_A5_A5_fPfS1_E7in_tile_0_1_0_load_6 = load i6 %p_ZZ5conv3PA255_A255_fPA32_A5_A5_fPfS1_E7in_tile_0_1_0_addr_6" [src/conv3.cpp:86]   --->   Operation 867 'load' 'p_ZZ5conv3PA255_A255_fPA32_A5_A5_fPfS1_E7in_tile_0_1_0_load_6' <Predicate = true> <Delay = 1.23> <CoreInst = "RAM">   --->   Core 83 'RAM' <Latency = 1> <II = 1> <Delay = 1.23> <Storage> <Opcode : 'load' 'store'> <Ports = 2> <Width = 32> <Depth = 64> <RAM>
ST_15 : Operation 868 [1/2] (1.23ns)   --->   "%p_ZZ5conv3PA255_A255_fPA32_A5_A5_fPfS1_E7in_tile_0_2_0_load_6 = load i6 %p_ZZ5conv3PA255_A255_fPA32_A5_A5_fPfS1_E7in_tile_0_2_0_addr_6" [src/conv3.cpp:86]   --->   Operation 868 'load' 'p_ZZ5conv3PA255_A255_fPA32_A5_A5_fPfS1_E7in_tile_0_2_0_load_6' <Predicate = true> <Delay = 1.23> <CoreInst = "RAM">   --->   Core 83 'RAM' <Latency = 1> <II = 1> <Delay = 1.23> <Storage> <Opcode : 'load' 'store'> <Ports = 2> <Width = 32> <Depth = 64> <RAM>
ST_15 : Operation 869 [1/2] (1.23ns)   --->   "%p_ZZ5conv3PA255_A255_fPA32_A5_A5_fPfS1_E7in_tile_0_3_0_load_6 = load i6 %p_ZZ5conv3PA255_A255_fPA32_A5_A5_fPfS1_E7in_tile_0_3_0_addr_6" [src/conv3.cpp:86]   --->   Operation 869 'load' 'p_ZZ5conv3PA255_A255_fPA32_A5_A5_fPfS1_E7in_tile_0_3_0_load_6' <Predicate = true> <Delay = 1.23> <CoreInst = "RAM">   --->   Core 83 'RAM' <Latency = 1> <II = 1> <Delay = 1.23> <Storage> <Opcode : 'load' 'store'> <Ports = 2> <Width = 32> <Depth = 64> <RAM>
ST_15 : Operation 870 [1/2] (1.23ns)   --->   "%p_ZZ5conv3PA255_A255_fPA32_A5_A5_fPfS1_E7in_tile_0_4_0_load_6 = load i6 %p_ZZ5conv3PA255_A255_fPA32_A5_A5_fPfS1_E7in_tile_0_4_0_addr_6" [src/conv3.cpp:86]   --->   Operation 870 'load' 'p_ZZ5conv3PA255_A255_fPA32_A5_A5_fPfS1_E7in_tile_0_4_0_load_6' <Predicate = true> <Delay = 1.23> <CoreInst = "RAM">   --->   Core 83 'RAM' <Latency = 1> <II = 1> <Delay = 1.23> <Storage> <Opcode : 'load' 'store'> <Ports = 2> <Width = 32> <Depth = 64> <RAM>
ST_15 : Operation 871 [1/2] (1.23ns)   --->   "%p_ZZ5conv3PA255_A255_fPA32_A5_A5_fPfS1_E7in_tile_1_0_0_load_6 = load i6 %p_ZZ5conv3PA255_A255_fPA32_A5_A5_fPfS1_E7in_tile_1_0_0_addr_6" [src/conv3.cpp:86]   --->   Operation 871 'load' 'p_ZZ5conv3PA255_A255_fPA32_A5_A5_fPfS1_E7in_tile_1_0_0_load_6' <Predicate = true> <Delay = 1.23> <CoreInst = "RAM">   --->   Core 83 'RAM' <Latency = 1> <II = 1> <Delay = 1.23> <Storage> <Opcode : 'load' 'store'> <Ports = 2> <Width = 32> <Depth = 64> <RAM>
ST_15 : Operation 872 [1/2] (1.23ns)   --->   "%p_ZZ5conv3PA255_A255_fPA32_A5_A5_fPfS1_E7in_tile_1_1_0_load_6 = load i6 %p_ZZ5conv3PA255_A255_fPA32_A5_A5_fPfS1_E7in_tile_1_1_0_addr_6" [src/conv3.cpp:86]   --->   Operation 872 'load' 'p_ZZ5conv3PA255_A255_fPA32_A5_A5_fPfS1_E7in_tile_1_1_0_load_6' <Predicate = true> <Delay = 1.23> <CoreInst = "RAM">   --->   Core 83 'RAM' <Latency = 1> <II = 1> <Delay = 1.23> <Storage> <Opcode : 'load' 'store'> <Ports = 2> <Width = 32> <Depth = 64> <RAM>
ST_15 : Operation 873 [1/2] (1.23ns)   --->   "%p_ZZ5conv3PA255_A255_fPA32_A5_A5_fPfS1_E7in_tile_1_2_0_load_6 = load i6 %p_ZZ5conv3PA255_A255_fPA32_A5_A5_fPfS1_E7in_tile_1_2_0_addr_6" [src/conv3.cpp:86]   --->   Operation 873 'load' 'p_ZZ5conv3PA255_A255_fPA32_A5_A5_fPfS1_E7in_tile_1_2_0_load_6' <Predicate = true> <Delay = 1.23> <CoreInst = "RAM">   --->   Core 83 'RAM' <Latency = 1> <II = 1> <Delay = 1.23> <Storage> <Opcode : 'load' 'store'> <Ports = 2> <Width = 32> <Depth = 64> <RAM>
ST_15 : Operation 874 [1/2] (1.23ns)   --->   "%p_ZZ5conv3PA255_A255_fPA32_A5_A5_fPfS1_E7in_tile_1_3_0_load_6 = load i6 %p_ZZ5conv3PA255_A255_fPA32_A5_A5_fPfS1_E7in_tile_1_3_0_addr_6" [src/conv3.cpp:86]   --->   Operation 874 'load' 'p_ZZ5conv3PA255_A255_fPA32_A5_A5_fPfS1_E7in_tile_1_3_0_load_6' <Predicate = true> <Delay = 1.23> <CoreInst = "RAM">   --->   Core 83 'RAM' <Latency = 1> <II = 1> <Delay = 1.23> <Storage> <Opcode : 'load' 'store'> <Ports = 2> <Width = 32> <Depth = 64> <RAM>
ST_15 : Operation 875 [1/2] (1.23ns)   --->   "%p_ZZ5conv3PA255_A255_fPA32_A5_A5_fPfS1_E7in_tile_1_4_0_load_6 = load i6 %p_ZZ5conv3PA255_A255_fPA32_A5_A5_fPfS1_E7in_tile_1_4_0_addr_6" [src/conv3.cpp:86]   --->   Operation 875 'load' 'p_ZZ5conv3PA255_A255_fPA32_A5_A5_fPfS1_E7in_tile_1_4_0_load_6' <Predicate = true> <Delay = 1.23> <CoreInst = "RAM">   --->   Core 83 'RAM' <Latency = 1> <II = 1> <Delay = 1.23> <Storage> <Opcode : 'load' 'store'> <Ports = 2> <Width = 32> <Depth = 64> <RAM>
ST_15 : Operation 876 [1/2] (1.23ns)   --->   "%p_ZZ5conv3PA255_A255_fPA32_A5_A5_fPfS1_E7in_tile_2_0_0_load_6 = load i6 %p_ZZ5conv3PA255_A255_fPA32_A5_A5_fPfS1_E7in_tile_2_0_0_addr_6" [src/conv3.cpp:86]   --->   Operation 876 'load' 'p_ZZ5conv3PA255_A255_fPA32_A5_A5_fPfS1_E7in_tile_2_0_0_load_6' <Predicate = true> <Delay = 1.23> <CoreInst = "RAM">   --->   Core 83 'RAM' <Latency = 1> <II = 1> <Delay = 1.23> <Storage> <Opcode : 'load' 'store'> <Ports = 2> <Width = 32> <Depth = 64> <RAM>
ST_15 : Operation 877 [1/2] (1.23ns)   --->   "%p_ZZ5conv3PA255_A255_fPA32_A5_A5_fPfS1_E7in_tile_2_1_0_load_6 = load i6 %p_ZZ5conv3PA255_A255_fPA32_A5_A5_fPfS1_E7in_tile_2_1_0_addr_6" [src/conv3.cpp:86]   --->   Operation 877 'load' 'p_ZZ5conv3PA255_A255_fPA32_A5_A5_fPfS1_E7in_tile_2_1_0_load_6' <Predicate = true> <Delay = 1.23> <CoreInst = "RAM">   --->   Core 83 'RAM' <Latency = 1> <II = 1> <Delay = 1.23> <Storage> <Opcode : 'load' 'store'> <Ports = 2> <Width = 32> <Depth = 64> <RAM>
ST_15 : Operation 878 [1/2] (1.23ns)   --->   "%p_ZZ5conv3PA255_A255_fPA32_A5_A5_fPfS1_E7in_tile_2_2_0_load_6 = load i6 %p_ZZ5conv3PA255_A255_fPA32_A5_A5_fPfS1_E7in_tile_2_2_0_addr_6" [src/conv3.cpp:86]   --->   Operation 878 'load' 'p_ZZ5conv3PA255_A255_fPA32_A5_A5_fPfS1_E7in_tile_2_2_0_load_6' <Predicate = true> <Delay = 1.23> <CoreInst = "RAM">   --->   Core 83 'RAM' <Latency = 1> <II = 1> <Delay = 1.23> <Storage> <Opcode : 'load' 'store'> <Ports = 2> <Width = 32> <Depth = 64> <RAM>
ST_15 : Operation 879 [1/2] (1.23ns)   --->   "%p_ZZ5conv3PA255_A255_fPA32_A5_A5_fPfS1_E7in_tile_2_3_0_load_6 = load i6 %p_ZZ5conv3PA255_A255_fPA32_A5_A5_fPfS1_E7in_tile_2_3_0_addr_6" [src/conv3.cpp:86]   --->   Operation 879 'load' 'p_ZZ5conv3PA255_A255_fPA32_A5_A5_fPfS1_E7in_tile_2_3_0_load_6' <Predicate = true> <Delay = 1.23> <CoreInst = "RAM">   --->   Core 83 'RAM' <Latency = 1> <II = 1> <Delay = 1.23> <Storage> <Opcode : 'load' 'store'> <Ports = 2> <Width = 32> <Depth = 64> <RAM>
ST_15 : Operation 880 [1/2] (1.23ns)   --->   "%p_ZZ5conv3PA255_A255_fPA32_A5_A5_fPfS1_E7in_tile_2_4_0_load_6 = load i6 %p_ZZ5conv3PA255_A255_fPA32_A5_A5_fPfS1_E7in_tile_2_4_0_addr_6" [src/conv3.cpp:86]   --->   Operation 880 'load' 'p_ZZ5conv3PA255_A255_fPA32_A5_A5_fPfS1_E7in_tile_2_4_0_load_6' <Predicate = true> <Delay = 1.23> <CoreInst = "RAM">   --->   Core 83 'RAM' <Latency = 1> <II = 1> <Delay = 1.23> <Storage> <Opcode : 'load' 'store'> <Ports = 2> <Width = 32> <Depth = 64> <RAM>
ST_15 : Operation 881 [1/2] (1.23ns)   --->   "%p_ZZ5conv3PA255_A255_fPA32_A5_A5_fPfS1_E7in_tile_3_0_0_load_6 = load i6 %p_ZZ5conv3PA255_A255_fPA32_A5_A5_fPfS1_E7in_tile_3_0_0_addr_6" [src/conv3.cpp:86]   --->   Operation 881 'load' 'p_ZZ5conv3PA255_A255_fPA32_A5_A5_fPfS1_E7in_tile_3_0_0_load_6' <Predicate = true> <Delay = 1.23> <CoreInst = "RAM">   --->   Core 83 'RAM' <Latency = 1> <II = 1> <Delay = 1.23> <Storage> <Opcode : 'load' 'store'> <Ports = 2> <Width = 32> <Depth = 64> <RAM>
ST_15 : Operation 882 [1/2] (1.23ns)   --->   "%p_ZZ5conv3PA255_A255_fPA32_A5_A5_fPfS1_E7in_tile_3_1_0_load_6 = load i6 %p_ZZ5conv3PA255_A255_fPA32_A5_A5_fPfS1_E7in_tile_3_1_0_addr_6" [src/conv3.cpp:86]   --->   Operation 882 'load' 'p_ZZ5conv3PA255_A255_fPA32_A5_A5_fPfS1_E7in_tile_3_1_0_load_6' <Predicate = true> <Delay = 1.23> <CoreInst = "RAM">   --->   Core 83 'RAM' <Latency = 1> <II = 1> <Delay = 1.23> <Storage> <Opcode : 'load' 'store'> <Ports = 2> <Width = 32> <Depth = 64> <RAM>
ST_15 : Operation 883 [1/2] (1.23ns)   --->   "%p_ZZ5conv3PA255_A255_fPA32_A5_A5_fPfS1_E7in_tile_3_2_0_load_6 = load i6 %p_ZZ5conv3PA255_A255_fPA32_A5_A5_fPfS1_E7in_tile_3_2_0_addr_6" [src/conv3.cpp:86]   --->   Operation 883 'load' 'p_ZZ5conv3PA255_A255_fPA32_A5_A5_fPfS1_E7in_tile_3_2_0_load_6' <Predicate = true> <Delay = 1.23> <CoreInst = "RAM">   --->   Core 83 'RAM' <Latency = 1> <II = 1> <Delay = 1.23> <Storage> <Opcode : 'load' 'store'> <Ports = 2> <Width = 32> <Depth = 64> <RAM>
ST_15 : Operation 884 [1/2] (1.23ns)   --->   "%p_ZZ5conv3PA255_A255_fPA32_A5_A5_fPfS1_E7in_tile_3_3_0_load_6 = load i6 %p_ZZ5conv3PA255_A255_fPA32_A5_A5_fPfS1_E7in_tile_3_3_0_addr_6" [src/conv3.cpp:86]   --->   Operation 884 'load' 'p_ZZ5conv3PA255_A255_fPA32_A5_A5_fPfS1_E7in_tile_3_3_0_load_6' <Predicate = true> <Delay = 1.23> <CoreInst = "RAM">   --->   Core 83 'RAM' <Latency = 1> <II = 1> <Delay = 1.23> <Storage> <Opcode : 'load' 'store'> <Ports = 2> <Width = 32> <Depth = 64> <RAM>
ST_15 : Operation 885 [1/2] (1.23ns)   --->   "%p_ZZ5conv3PA255_A255_fPA32_A5_A5_fPfS1_E7in_tile_3_4_0_load_6 = load i6 %p_ZZ5conv3PA255_A255_fPA32_A5_A5_fPfS1_E7in_tile_3_4_0_addr_6" [src/conv3.cpp:86]   --->   Operation 885 'load' 'p_ZZ5conv3PA255_A255_fPA32_A5_A5_fPfS1_E7in_tile_3_4_0_load_6' <Predicate = true> <Delay = 1.23> <CoreInst = "RAM">   --->   Core 83 'RAM' <Latency = 1> <II = 1> <Delay = 1.23> <Storage> <Opcode : 'load' 'store'> <Ports = 2> <Width = 32> <Depth = 64> <RAM>
ST_15 : Operation 886 [1/2] (1.23ns)   --->   "%p_ZZ5conv3PA255_A255_fPA32_A5_A5_fPfS1_E7in_tile_4_0_0_load_6 = load i6 %p_ZZ5conv3PA255_A255_fPA32_A5_A5_fPfS1_E7in_tile_4_0_0_addr_6" [src/conv3.cpp:86]   --->   Operation 886 'load' 'p_ZZ5conv3PA255_A255_fPA32_A5_A5_fPfS1_E7in_tile_4_0_0_load_6' <Predicate = true> <Delay = 1.23> <CoreInst = "RAM">   --->   Core 83 'RAM' <Latency = 1> <II = 1> <Delay = 1.23> <Storage> <Opcode : 'load' 'store'> <Ports = 2> <Width = 32> <Depth = 64> <RAM>
ST_15 : Operation 887 [1/2] (1.23ns)   --->   "%p_ZZ5conv3PA255_A255_fPA32_A5_A5_fPfS1_E7in_tile_4_1_0_load_6 = load i6 %p_ZZ5conv3PA255_A255_fPA32_A5_A5_fPfS1_E7in_tile_4_1_0_addr_6" [src/conv3.cpp:86]   --->   Operation 887 'load' 'p_ZZ5conv3PA255_A255_fPA32_A5_A5_fPfS1_E7in_tile_4_1_0_load_6' <Predicate = true> <Delay = 1.23> <CoreInst = "RAM">   --->   Core 83 'RAM' <Latency = 1> <II = 1> <Delay = 1.23> <Storage> <Opcode : 'load' 'store'> <Ports = 2> <Width = 32> <Depth = 64> <RAM>
ST_15 : Operation 888 [1/2] (1.23ns)   --->   "%p_ZZ5conv3PA255_A255_fPA32_A5_A5_fPfS1_E7in_tile_4_2_0_load_6 = load i6 %p_ZZ5conv3PA255_A255_fPA32_A5_A5_fPfS1_E7in_tile_4_2_0_addr_6" [src/conv3.cpp:86]   --->   Operation 888 'load' 'p_ZZ5conv3PA255_A255_fPA32_A5_A5_fPfS1_E7in_tile_4_2_0_load_6' <Predicate = true> <Delay = 1.23> <CoreInst = "RAM">   --->   Core 83 'RAM' <Latency = 1> <II = 1> <Delay = 1.23> <Storage> <Opcode : 'load' 'store'> <Ports = 2> <Width = 32> <Depth = 64> <RAM>
ST_15 : Operation 889 [1/2] (1.23ns)   --->   "%p_ZZ5conv3PA255_A255_fPA32_A5_A5_fPfS1_E7in_tile_4_3_0_load_6 = load i6 %p_ZZ5conv3PA255_A255_fPA32_A5_A5_fPfS1_E7in_tile_4_3_0_addr_6" [src/conv3.cpp:86]   --->   Operation 889 'load' 'p_ZZ5conv3PA255_A255_fPA32_A5_A5_fPfS1_E7in_tile_4_3_0_load_6' <Predicate = true> <Delay = 1.23> <CoreInst = "RAM">   --->   Core 83 'RAM' <Latency = 1> <II = 1> <Delay = 1.23> <Storage> <Opcode : 'load' 'store'> <Ports = 2> <Width = 32> <Depth = 64> <RAM>
ST_15 : Operation 890 [1/2] (1.23ns)   --->   "%p_ZZ5conv3PA255_A255_fPA32_A5_A5_fPfS1_E7in_tile_4_4_0_load_6 = load i6 %p_ZZ5conv3PA255_A255_fPA32_A5_A5_fPfS1_E7in_tile_4_4_0_addr_6" [src/conv3.cpp:86]   --->   Operation 890 'load' 'p_ZZ5conv3PA255_A255_fPA32_A5_A5_fPfS1_E7in_tile_4_4_0_load_6' <Predicate = true> <Delay = 1.23> <CoreInst = "RAM">   --->   Core 83 'RAM' <Latency = 1> <II = 1> <Delay = 1.23> <Storage> <Opcode : 'load' 'store'> <Ports = 2> <Width = 32> <Depth = 64> <RAM>
ST_15 : Operation 891 [2/2] (1.23ns)   --->   "%p_ZZ5conv3PA255_A255_fPA32_A5_A5_fPfS1_E7in_tile_0_0_0_load_7 = load i6 %p_ZZ5conv3PA255_A255_fPA32_A5_A5_fPfS1_E7in_tile_0_0_0_addr_7" [src/conv3.cpp:86]   --->   Operation 891 'load' 'p_ZZ5conv3PA255_A255_fPA32_A5_A5_fPfS1_E7in_tile_0_0_0_load_7' <Predicate = true> <Delay = 1.23> <CoreInst = "RAM">   --->   Core 83 'RAM' <Latency = 1> <II = 1> <Delay = 1.23> <Storage> <Opcode : 'load' 'store'> <Ports = 2> <Width = 32> <Depth = 64> <RAM>
ST_15 : Operation 892 [2/2] (1.23ns)   --->   "%p_ZZ5conv3PA255_A255_fPA32_A5_A5_fPfS1_E7in_tile_0_1_0_load_7 = load i6 %p_ZZ5conv3PA255_A255_fPA32_A5_A5_fPfS1_E7in_tile_0_1_0_addr_7" [src/conv3.cpp:86]   --->   Operation 892 'load' 'p_ZZ5conv3PA255_A255_fPA32_A5_A5_fPfS1_E7in_tile_0_1_0_load_7' <Predicate = true> <Delay = 1.23> <CoreInst = "RAM">   --->   Core 83 'RAM' <Latency = 1> <II = 1> <Delay = 1.23> <Storage> <Opcode : 'load' 'store'> <Ports = 2> <Width = 32> <Depth = 64> <RAM>
ST_15 : Operation 893 [2/2] (1.23ns)   --->   "%p_ZZ5conv3PA255_A255_fPA32_A5_A5_fPfS1_E7in_tile_0_2_0_load_7 = load i6 %p_ZZ5conv3PA255_A255_fPA32_A5_A5_fPfS1_E7in_tile_0_2_0_addr_7" [src/conv3.cpp:86]   --->   Operation 893 'load' 'p_ZZ5conv3PA255_A255_fPA32_A5_A5_fPfS1_E7in_tile_0_2_0_load_7' <Predicate = true> <Delay = 1.23> <CoreInst = "RAM">   --->   Core 83 'RAM' <Latency = 1> <II = 1> <Delay = 1.23> <Storage> <Opcode : 'load' 'store'> <Ports = 2> <Width = 32> <Depth = 64> <RAM>
ST_15 : Operation 894 [2/2] (1.23ns)   --->   "%p_ZZ5conv3PA255_A255_fPA32_A5_A5_fPfS1_E7in_tile_0_3_0_load_7 = load i6 %p_ZZ5conv3PA255_A255_fPA32_A5_A5_fPfS1_E7in_tile_0_3_0_addr_7" [src/conv3.cpp:86]   --->   Operation 894 'load' 'p_ZZ5conv3PA255_A255_fPA32_A5_A5_fPfS1_E7in_tile_0_3_0_load_7' <Predicate = true> <Delay = 1.23> <CoreInst = "RAM">   --->   Core 83 'RAM' <Latency = 1> <II = 1> <Delay = 1.23> <Storage> <Opcode : 'load' 'store'> <Ports = 2> <Width = 32> <Depth = 64> <RAM>
ST_15 : Operation 895 [2/2] (1.23ns)   --->   "%p_ZZ5conv3PA255_A255_fPA32_A5_A5_fPfS1_E7in_tile_0_4_0_load_7 = load i6 %p_ZZ5conv3PA255_A255_fPA32_A5_A5_fPfS1_E7in_tile_0_4_0_addr_7" [src/conv3.cpp:86]   --->   Operation 895 'load' 'p_ZZ5conv3PA255_A255_fPA32_A5_A5_fPfS1_E7in_tile_0_4_0_load_7' <Predicate = true> <Delay = 1.23> <CoreInst = "RAM">   --->   Core 83 'RAM' <Latency = 1> <II = 1> <Delay = 1.23> <Storage> <Opcode : 'load' 'store'> <Ports = 2> <Width = 32> <Depth = 64> <RAM>
ST_15 : Operation 896 [2/2] (1.23ns)   --->   "%p_ZZ5conv3PA255_A255_fPA32_A5_A5_fPfS1_E7in_tile_1_0_0_load_7 = load i6 %p_ZZ5conv3PA255_A255_fPA32_A5_A5_fPfS1_E7in_tile_1_0_0_addr_7" [src/conv3.cpp:86]   --->   Operation 896 'load' 'p_ZZ5conv3PA255_A255_fPA32_A5_A5_fPfS1_E7in_tile_1_0_0_load_7' <Predicate = true> <Delay = 1.23> <CoreInst = "RAM">   --->   Core 83 'RAM' <Latency = 1> <II = 1> <Delay = 1.23> <Storage> <Opcode : 'load' 'store'> <Ports = 2> <Width = 32> <Depth = 64> <RAM>
ST_15 : Operation 897 [2/2] (1.23ns)   --->   "%p_ZZ5conv3PA255_A255_fPA32_A5_A5_fPfS1_E7in_tile_1_1_0_load_7 = load i6 %p_ZZ5conv3PA255_A255_fPA32_A5_A5_fPfS1_E7in_tile_1_1_0_addr_7" [src/conv3.cpp:86]   --->   Operation 897 'load' 'p_ZZ5conv3PA255_A255_fPA32_A5_A5_fPfS1_E7in_tile_1_1_0_load_7' <Predicate = true> <Delay = 1.23> <CoreInst = "RAM">   --->   Core 83 'RAM' <Latency = 1> <II = 1> <Delay = 1.23> <Storage> <Opcode : 'load' 'store'> <Ports = 2> <Width = 32> <Depth = 64> <RAM>
ST_15 : Operation 898 [2/2] (1.23ns)   --->   "%p_ZZ5conv3PA255_A255_fPA32_A5_A5_fPfS1_E7in_tile_1_2_0_load_7 = load i6 %p_ZZ5conv3PA255_A255_fPA32_A5_A5_fPfS1_E7in_tile_1_2_0_addr_7" [src/conv3.cpp:86]   --->   Operation 898 'load' 'p_ZZ5conv3PA255_A255_fPA32_A5_A5_fPfS1_E7in_tile_1_2_0_load_7' <Predicate = true> <Delay = 1.23> <CoreInst = "RAM">   --->   Core 83 'RAM' <Latency = 1> <II = 1> <Delay = 1.23> <Storage> <Opcode : 'load' 'store'> <Ports = 2> <Width = 32> <Depth = 64> <RAM>
ST_15 : Operation 899 [2/2] (1.23ns)   --->   "%p_ZZ5conv3PA255_A255_fPA32_A5_A5_fPfS1_E7in_tile_1_3_0_load_7 = load i6 %p_ZZ5conv3PA255_A255_fPA32_A5_A5_fPfS1_E7in_tile_1_3_0_addr_7" [src/conv3.cpp:86]   --->   Operation 899 'load' 'p_ZZ5conv3PA255_A255_fPA32_A5_A5_fPfS1_E7in_tile_1_3_0_load_7' <Predicate = true> <Delay = 1.23> <CoreInst = "RAM">   --->   Core 83 'RAM' <Latency = 1> <II = 1> <Delay = 1.23> <Storage> <Opcode : 'load' 'store'> <Ports = 2> <Width = 32> <Depth = 64> <RAM>
ST_15 : Operation 900 [2/2] (1.23ns)   --->   "%p_ZZ5conv3PA255_A255_fPA32_A5_A5_fPfS1_E7in_tile_1_4_0_load_7 = load i6 %p_ZZ5conv3PA255_A255_fPA32_A5_A5_fPfS1_E7in_tile_1_4_0_addr_7" [src/conv3.cpp:86]   --->   Operation 900 'load' 'p_ZZ5conv3PA255_A255_fPA32_A5_A5_fPfS1_E7in_tile_1_4_0_load_7' <Predicate = true> <Delay = 1.23> <CoreInst = "RAM">   --->   Core 83 'RAM' <Latency = 1> <II = 1> <Delay = 1.23> <Storage> <Opcode : 'load' 'store'> <Ports = 2> <Width = 32> <Depth = 64> <RAM>
ST_15 : Operation 901 [2/2] (1.23ns)   --->   "%p_ZZ5conv3PA255_A255_fPA32_A5_A5_fPfS1_E7in_tile_2_0_0_load_7 = load i6 %p_ZZ5conv3PA255_A255_fPA32_A5_A5_fPfS1_E7in_tile_2_0_0_addr_7" [src/conv3.cpp:86]   --->   Operation 901 'load' 'p_ZZ5conv3PA255_A255_fPA32_A5_A5_fPfS1_E7in_tile_2_0_0_load_7' <Predicate = true> <Delay = 1.23> <CoreInst = "RAM">   --->   Core 83 'RAM' <Latency = 1> <II = 1> <Delay = 1.23> <Storage> <Opcode : 'load' 'store'> <Ports = 2> <Width = 32> <Depth = 64> <RAM>
ST_15 : Operation 902 [2/2] (1.23ns)   --->   "%p_ZZ5conv3PA255_A255_fPA32_A5_A5_fPfS1_E7in_tile_2_1_0_load_7 = load i6 %p_ZZ5conv3PA255_A255_fPA32_A5_A5_fPfS1_E7in_tile_2_1_0_addr_7" [src/conv3.cpp:86]   --->   Operation 902 'load' 'p_ZZ5conv3PA255_A255_fPA32_A5_A5_fPfS1_E7in_tile_2_1_0_load_7' <Predicate = true> <Delay = 1.23> <CoreInst = "RAM">   --->   Core 83 'RAM' <Latency = 1> <II = 1> <Delay = 1.23> <Storage> <Opcode : 'load' 'store'> <Ports = 2> <Width = 32> <Depth = 64> <RAM>
ST_15 : Operation 903 [2/2] (1.23ns)   --->   "%p_ZZ5conv3PA255_A255_fPA32_A5_A5_fPfS1_E7in_tile_2_2_0_load_7 = load i6 %p_ZZ5conv3PA255_A255_fPA32_A5_A5_fPfS1_E7in_tile_2_2_0_addr_7" [src/conv3.cpp:86]   --->   Operation 903 'load' 'p_ZZ5conv3PA255_A255_fPA32_A5_A5_fPfS1_E7in_tile_2_2_0_load_7' <Predicate = true> <Delay = 1.23> <CoreInst = "RAM">   --->   Core 83 'RAM' <Latency = 1> <II = 1> <Delay = 1.23> <Storage> <Opcode : 'load' 'store'> <Ports = 2> <Width = 32> <Depth = 64> <RAM>
ST_15 : Operation 904 [2/2] (1.23ns)   --->   "%p_ZZ5conv3PA255_A255_fPA32_A5_A5_fPfS1_E7in_tile_2_3_0_load_7 = load i6 %p_ZZ5conv3PA255_A255_fPA32_A5_A5_fPfS1_E7in_tile_2_3_0_addr_7" [src/conv3.cpp:86]   --->   Operation 904 'load' 'p_ZZ5conv3PA255_A255_fPA32_A5_A5_fPfS1_E7in_tile_2_3_0_load_7' <Predicate = true> <Delay = 1.23> <CoreInst = "RAM">   --->   Core 83 'RAM' <Latency = 1> <II = 1> <Delay = 1.23> <Storage> <Opcode : 'load' 'store'> <Ports = 2> <Width = 32> <Depth = 64> <RAM>
ST_15 : Operation 905 [2/2] (1.23ns)   --->   "%p_ZZ5conv3PA255_A255_fPA32_A5_A5_fPfS1_E7in_tile_2_4_0_load_7 = load i6 %p_ZZ5conv3PA255_A255_fPA32_A5_A5_fPfS1_E7in_tile_2_4_0_addr_7" [src/conv3.cpp:86]   --->   Operation 905 'load' 'p_ZZ5conv3PA255_A255_fPA32_A5_A5_fPfS1_E7in_tile_2_4_0_load_7' <Predicate = true> <Delay = 1.23> <CoreInst = "RAM">   --->   Core 83 'RAM' <Latency = 1> <II = 1> <Delay = 1.23> <Storage> <Opcode : 'load' 'store'> <Ports = 2> <Width = 32> <Depth = 64> <RAM>
ST_15 : Operation 906 [2/2] (1.23ns)   --->   "%p_ZZ5conv3PA255_A255_fPA32_A5_A5_fPfS1_E7in_tile_3_0_0_load_7 = load i6 %p_ZZ5conv3PA255_A255_fPA32_A5_A5_fPfS1_E7in_tile_3_0_0_addr_7" [src/conv3.cpp:86]   --->   Operation 906 'load' 'p_ZZ5conv3PA255_A255_fPA32_A5_A5_fPfS1_E7in_tile_3_0_0_load_7' <Predicate = true> <Delay = 1.23> <CoreInst = "RAM">   --->   Core 83 'RAM' <Latency = 1> <II = 1> <Delay = 1.23> <Storage> <Opcode : 'load' 'store'> <Ports = 2> <Width = 32> <Depth = 64> <RAM>
ST_15 : Operation 907 [2/2] (1.23ns)   --->   "%p_ZZ5conv3PA255_A255_fPA32_A5_A5_fPfS1_E7in_tile_3_1_0_load_7 = load i6 %p_ZZ5conv3PA255_A255_fPA32_A5_A5_fPfS1_E7in_tile_3_1_0_addr_7" [src/conv3.cpp:86]   --->   Operation 907 'load' 'p_ZZ5conv3PA255_A255_fPA32_A5_A5_fPfS1_E7in_tile_3_1_0_load_7' <Predicate = true> <Delay = 1.23> <CoreInst = "RAM">   --->   Core 83 'RAM' <Latency = 1> <II = 1> <Delay = 1.23> <Storage> <Opcode : 'load' 'store'> <Ports = 2> <Width = 32> <Depth = 64> <RAM>
ST_15 : Operation 908 [2/2] (1.23ns)   --->   "%p_ZZ5conv3PA255_A255_fPA32_A5_A5_fPfS1_E7in_tile_3_2_0_load_7 = load i6 %p_ZZ5conv3PA255_A255_fPA32_A5_A5_fPfS1_E7in_tile_3_2_0_addr_7" [src/conv3.cpp:86]   --->   Operation 908 'load' 'p_ZZ5conv3PA255_A255_fPA32_A5_A5_fPfS1_E7in_tile_3_2_0_load_7' <Predicate = true> <Delay = 1.23> <CoreInst = "RAM">   --->   Core 83 'RAM' <Latency = 1> <II = 1> <Delay = 1.23> <Storage> <Opcode : 'load' 'store'> <Ports = 2> <Width = 32> <Depth = 64> <RAM>
ST_15 : Operation 909 [2/2] (1.23ns)   --->   "%p_ZZ5conv3PA255_A255_fPA32_A5_A5_fPfS1_E7in_tile_3_3_0_load_7 = load i6 %p_ZZ5conv3PA255_A255_fPA32_A5_A5_fPfS1_E7in_tile_3_3_0_addr_7" [src/conv3.cpp:86]   --->   Operation 909 'load' 'p_ZZ5conv3PA255_A255_fPA32_A5_A5_fPfS1_E7in_tile_3_3_0_load_7' <Predicate = true> <Delay = 1.23> <CoreInst = "RAM">   --->   Core 83 'RAM' <Latency = 1> <II = 1> <Delay = 1.23> <Storage> <Opcode : 'load' 'store'> <Ports = 2> <Width = 32> <Depth = 64> <RAM>
ST_15 : Operation 910 [2/2] (1.23ns)   --->   "%p_ZZ5conv3PA255_A255_fPA32_A5_A5_fPfS1_E7in_tile_3_4_0_load_7 = load i6 %p_ZZ5conv3PA255_A255_fPA32_A5_A5_fPfS1_E7in_tile_3_4_0_addr_7" [src/conv3.cpp:86]   --->   Operation 910 'load' 'p_ZZ5conv3PA255_A255_fPA32_A5_A5_fPfS1_E7in_tile_3_4_0_load_7' <Predicate = true> <Delay = 1.23> <CoreInst = "RAM">   --->   Core 83 'RAM' <Latency = 1> <II = 1> <Delay = 1.23> <Storage> <Opcode : 'load' 'store'> <Ports = 2> <Width = 32> <Depth = 64> <RAM>
ST_15 : Operation 911 [2/2] (1.23ns)   --->   "%p_ZZ5conv3PA255_A255_fPA32_A5_A5_fPfS1_E7in_tile_4_0_0_load_7 = load i6 %p_ZZ5conv3PA255_A255_fPA32_A5_A5_fPfS1_E7in_tile_4_0_0_addr_7" [src/conv3.cpp:86]   --->   Operation 911 'load' 'p_ZZ5conv3PA255_A255_fPA32_A5_A5_fPfS1_E7in_tile_4_0_0_load_7' <Predicate = true> <Delay = 1.23> <CoreInst = "RAM">   --->   Core 83 'RAM' <Latency = 1> <II = 1> <Delay = 1.23> <Storage> <Opcode : 'load' 'store'> <Ports = 2> <Width = 32> <Depth = 64> <RAM>
ST_15 : Operation 912 [2/2] (1.23ns)   --->   "%p_ZZ5conv3PA255_A255_fPA32_A5_A5_fPfS1_E7in_tile_4_1_0_load_7 = load i6 %p_ZZ5conv3PA255_A255_fPA32_A5_A5_fPfS1_E7in_tile_4_1_0_addr_7" [src/conv3.cpp:86]   --->   Operation 912 'load' 'p_ZZ5conv3PA255_A255_fPA32_A5_A5_fPfS1_E7in_tile_4_1_0_load_7' <Predicate = true> <Delay = 1.23> <CoreInst = "RAM">   --->   Core 83 'RAM' <Latency = 1> <II = 1> <Delay = 1.23> <Storage> <Opcode : 'load' 'store'> <Ports = 2> <Width = 32> <Depth = 64> <RAM>
ST_15 : Operation 913 [2/2] (1.23ns)   --->   "%p_ZZ5conv3PA255_A255_fPA32_A5_A5_fPfS1_E7in_tile_4_2_0_load_7 = load i6 %p_ZZ5conv3PA255_A255_fPA32_A5_A5_fPfS1_E7in_tile_4_2_0_addr_7" [src/conv3.cpp:86]   --->   Operation 913 'load' 'p_ZZ5conv3PA255_A255_fPA32_A5_A5_fPfS1_E7in_tile_4_2_0_load_7' <Predicate = true> <Delay = 1.23> <CoreInst = "RAM">   --->   Core 83 'RAM' <Latency = 1> <II = 1> <Delay = 1.23> <Storage> <Opcode : 'load' 'store'> <Ports = 2> <Width = 32> <Depth = 64> <RAM>
ST_15 : Operation 914 [2/2] (1.23ns)   --->   "%p_ZZ5conv3PA255_A255_fPA32_A5_A5_fPfS1_E7in_tile_4_3_0_load_7 = load i6 %p_ZZ5conv3PA255_A255_fPA32_A5_A5_fPfS1_E7in_tile_4_3_0_addr_7" [src/conv3.cpp:86]   --->   Operation 914 'load' 'p_ZZ5conv3PA255_A255_fPA32_A5_A5_fPfS1_E7in_tile_4_3_0_load_7' <Predicate = true> <Delay = 1.23> <CoreInst = "RAM">   --->   Core 83 'RAM' <Latency = 1> <II = 1> <Delay = 1.23> <Storage> <Opcode : 'load' 'store'> <Ports = 2> <Width = 32> <Depth = 64> <RAM>
ST_15 : Operation 915 [2/2] (1.23ns)   --->   "%p_ZZ5conv3PA255_A255_fPA32_A5_A5_fPfS1_E7in_tile_4_4_0_load_7 = load i6 %p_ZZ5conv3PA255_A255_fPA32_A5_A5_fPfS1_E7in_tile_4_4_0_addr_7" [src/conv3.cpp:86]   --->   Operation 915 'load' 'p_ZZ5conv3PA255_A255_fPA32_A5_A5_fPfS1_E7in_tile_4_4_0_load_7' <Predicate = true> <Delay = 1.23> <CoreInst = "RAM">   --->   Core 83 'RAM' <Latency = 1> <II = 1> <Delay = 1.23> <Storage> <Opcode : 'load' 'store'> <Ports = 2> <Width = 32> <Depth = 64> <RAM>
ST_15 : Operation 916 [2/2] (1.23ns)   --->   "%p_ZZ5conv3PA255_A255_fPA32_A5_A5_fPfS1_E7in_tile_0_0_0_load_8 = load i6 %p_ZZ5conv3PA255_A255_fPA32_A5_A5_fPfS1_E7in_tile_0_0_0_addr_8" [src/conv3.cpp:86]   --->   Operation 916 'load' 'p_ZZ5conv3PA255_A255_fPA32_A5_A5_fPfS1_E7in_tile_0_0_0_load_8' <Predicate = true> <Delay = 1.23> <CoreInst = "RAM">   --->   Core 83 'RAM' <Latency = 1> <II = 1> <Delay = 1.23> <Storage> <Opcode : 'load' 'store'> <Ports = 2> <Width = 32> <Depth = 64> <RAM>
ST_15 : Operation 917 [2/2] (1.23ns)   --->   "%p_ZZ5conv3PA255_A255_fPA32_A5_A5_fPfS1_E7in_tile_0_1_0_load_8 = load i6 %p_ZZ5conv3PA255_A255_fPA32_A5_A5_fPfS1_E7in_tile_0_1_0_addr_8" [src/conv3.cpp:86]   --->   Operation 917 'load' 'p_ZZ5conv3PA255_A255_fPA32_A5_A5_fPfS1_E7in_tile_0_1_0_load_8' <Predicate = true> <Delay = 1.23> <CoreInst = "RAM">   --->   Core 83 'RAM' <Latency = 1> <II = 1> <Delay = 1.23> <Storage> <Opcode : 'load' 'store'> <Ports = 2> <Width = 32> <Depth = 64> <RAM>
ST_15 : Operation 918 [2/2] (1.23ns)   --->   "%p_ZZ5conv3PA255_A255_fPA32_A5_A5_fPfS1_E7in_tile_0_2_0_load_8 = load i6 %p_ZZ5conv3PA255_A255_fPA32_A5_A5_fPfS1_E7in_tile_0_2_0_addr_8" [src/conv3.cpp:86]   --->   Operation 918 'load' 'p_ZZ5conv3PA255_A255_fPA32_A5_A5_fPfS1_E7in_tile_0_2_0_load_8' <Predicate = true> <Delay = 1.23> <CoreInst = "RAM">   --->   Core 83 'RAM' <Latency = 1> <II = 1> <Delay = 1.23> <Storage> <Opcode : 'load' 'store'> <Ports = 2> <Width = 32> <Depth = 64> <RAM>
ST_15 : Operation 919 [2/2] (1.23ns)   --->   "%p_ZZ5conv3PA255_A255_fPA32_A5_A5_fPfS1_E7in_tile_0_3_0_load_8 = load i6 %p_ZZ5conv3PA255_A255_fPA32_A5_A5_fPfS1_E7in_tile_0_3_0_addr_8" [src/conv3.cpp:86]   --->   Operation 919 'load' 'p_ZZ5conv3PA255_A255_fPA32_A5_A5_fPfS1_E7in_tile_0_3_0_load_8' <Predicate = true> <Delay = 1.23> <CoreInst = "RAM">   --->   Core 83 'RAM' <Latency = 1> <II = 1> <Delay = 1.23> <Storage> <Opcode : 'load' 'store'> <Ports = 2> <Width = 32> <Depth = 64> <RAM>
ST_15 : Operation 920 [2/2] (1.23ns)   --->   "%p_ZZ5conv3PA255_A255_fPA32_A5_A5_fPfS1_E7in_tile_0_4_0_load_8 = load i6 %p_ZZ5conv3PA255_A255_fPA32_A5_A5_fPfS1_E7in_tile_0_4_0_addr_8" [src/conv3.cpp:86]   --->   Operation 920 'load' 'p_ZZ5conv3PA255_A255_fPA32_A5_A5_fPfS1_E7in_tile_0_4_0_load_8' <Predicate = true> <Delay = 1.23> <CoreInst = "RAM">   --->   Core 83 'RAM' <Latency = 1> <II = 1> <Delay = 1.23> <Storage> <Opcode : 'load' 'store'> <Ports = 2> <Width = 32> <Depth = 64> <RAM>
ST_15 : Operation 921 [2/2] (1.23ns)   --->   "%p_ZZ5conv3PA255_A255_fPA32_A5_A5_fPfS1_E7in_tile_1_0_0_load_8 = load i6 %p_ZZ5conv3PA255_A255_fPA32_A5_A5_fPfS1_E7in_tile_1_0_0_addr_8" [src/conv3.cpp:86]   --->   Operation 921 'load' 'p_ZZ5conv3PA255_A255_fPA32_A5_A5_fPfS1_E7in_tile_1_0_0_load_8' <Predicate = true> <Delay = 1.23> <CoreInst = "RAM">   --->   Core 83 'RAM' <Latency = 1> <II = 1> <Delay = 1.23> <Storage> <Opcode : 'load' 'store'> <Ports = 2> <Width = 32> <Depth = 64> <RAM>
ST_15 : Operation 922 [2/2] (1.23ns)   --->   "%p_ZZ5conv3PA255_A255_fPA32_A5_A5_fPfS1_E7in_tile_1_1_0_load_8 = load i6 %p_ZZ5conv3PA255_A255_fPA32_A5_A5_fPfS1_E7in_tile_1_1_0_addr_8" [src/conv3.cpp:86]   --->   Operation 922 'load' 'p_ZZ5conv3PA255_A255_fPA32_A5_A5_fPfS1_E7in_tile_1_1_0_load_8' <Predicate = true> <Delay = 1.23> <CoreInst = "RAM">   --->   Core 83 'RAM' <Latency = 1> <II = 1> <Delay = 1.23> <Storage> <Opcode : 'load' 'store'> <Ports = 2> <Width = 32> <Depth = 64> <RAM>
ST_15 : Operation 923 [2/2] (1.23ns)   --->   "%p_ZZ5conv3PA255_A255_fPA32_A5_A5_fPfS1_E7in_tile_1_2_0_load_8 = load i6 %p_ZZ5conv3PA255_A255_fPA32_A5_A5_fPfS1_E7in_tile_1_2_0_addr_8" [src/conv3.cpp:86]   --->   Operation 923 'load' 'p_ZZ5conv3PA255_A255_fPA32_A5_A5_fPfS1_E7in_tile_1_2_0_load_8' <Predicate = true> <Delay = 1.23> <CoreInst = "RAM">   --->   Core 83 'RAM' <Latency = 1> <II = 1> <Delay = 1.23> <Storage> <Opcode : 'load' 'store'> <Ports = 2> <Width = 32> <Depth = 64> <RAM>
ST_15 : Operation 924 [2/2] (1.23ns)   --->   "%p_ZZ5conv3PA255_A255_fPA32_A5_A5_fPfS1_E7in_tile_1_3_0_load_8 = load i6 %p_ZZ5conv3PA255_A255_fPA32_A5_A5_fPfS1_E7in_tile_1_3_0_addr_8" [src/conv3.cpp:86]   --->   Operation 924 'load' 'p_ZZ5conv3PA255_A255_fPA32_A5_A5_fPfS1_E7in_tile_1_3_0_load_8' <Predicate = true> <Delay = 1.23> <CoreInst = "RAM">   --->   Core 83 'RAM' <Latency = 1> <II = 1> <Delay = 1.23> <Storage> <Opcode : 'load' 'store'> <Ports = 2> <Width = 32> <Depth = 64> <RAM>
ST_15 : Operation 925 [2/2] (1.23ns)   --->   "%p_ZZ5conv3PA255_A255_fPA32_A5_A5_fPfS1_E7in_tile_1_4_0_load_8 = load i6 %p_ZZ5conv3PA255_A255_fPA32_A5_A5_fPfS1_E7in_tile_1_4_0_addr_8" [src/conv3.cpp:86]   --->   Operation 925 'load' 'p_ZZ5conv3PA255_A255_fPA32_A5_A5_fPfS1_E7in_tile_1_4_0_load_8' <Predicate = true> <Delay = 1.23> <CoreInst = "RAM">   --->   Core 83 'RAM' <Latency = 1> <II = 1> <Delay = 1.23> <Storage> <Opcode : 'load' 'store'> <Ports = 2> <Width = 32> <Depth = 64> <RAM>
ST_15 : Operation 926 [2/2] (1.23ns)   --->   "%p_ZZ5conv3PA255_A255_fPA32_A5_A5_fPfS1_E7in_tile_2_0_0_load_8 = load i6 %p_ZZ5conv3PA255_A255_fPA32_A5_A5_fPfS1_E7in_tile_2_0_0_addr_8" [src/conv3.cpp:86]   --->   Operation 926 'load' 'p_ZZ5conv3PA255_A255_fPA32_A5_A5_fPfS1_E7in_tile_2_0_0_load_8' <Predicate = true> <Delay = 1.23> <CoreInst = "RAM">   --->   Core 83 'RAM' <Latency = 1> <II = 1> <Delay = 1.23> <Storage> <Opcode : 'load' 'store'> <Ports = 2> <Width = 32> <Depth = 64> <RAM>
ST_15 : Operation 927 [2/2] (1.23ns)   --->   "%p_ZZ5conv3PA255_A255_fPA32_A5_A5_fPfS1_E7in_tile_2_1_0_load_8 = load i6 %p_ZZ5conv3PA255_A255_fPA32_A5_A5_fPfS1_E7in_tile_2_1_0_addr_8" [src/conv3.cpp:86]   --->   Operation 927 'load' 'p_ZZ5conv3PA255_A255_fPA32_A5_A5_fPfS1_E7in_tile_2_1_0_load_8' <Predicate = true> <Delay = 1.23> <CoreInst = "RAM">   --->   Core 83 'RAM' <Latency = 1> <II = 1> <Delay = 1.23> <Storage> <Opcode : 'load' 'store'> <Ports = 2> <Width = 32> <Depth = 64> <RAM>
ST_15 : Operation 928 [2/2] (1.23ns)   --->   "%p_ZZ5conv3PA255_A255_fPA32_A5_A5_fPfS1_E7in_tile_2_2_0_load_8 = load i6 %p_ZZ5conv3PA255_A255_fPA32_A5_A5_fPfS1_E7in_tile_2_2_0_addr_8" [src/conv3.cpp:86]   --->   Operation 928 'load' 'p_ZZ5conv3PA255_A255_fPA32_A5_A5_fPfS1_E7in_tile_2_2_0_load_8' <Predicate = true> <Delay = 1.23> <CoreInst = "RAM">   --->   Core 83 'RAM' <Latency = 1> <II = 1> <Delay = 1.23> <Storage> <Opcode : 'load' 'store'> <Ports = 2> <Width = 32> <Depth = 64> <RAM>
ST_15 : Operation 929 [2/2] (1.23ns)   --->   "%p_ZZ5conv3PA255_A255_fPA32_A5_A5_fPfS1_E7in_tile_2_3_0_load_8 = load i6 %p_ZZ5conv3PA255_A255_fPA32_A5_A5_fPfS1_E7in_tile_2_3_0_addr_8" [src/conv3.cpp:86]   --->   Operation 929 'load' 'p_ZZ5conv3PA255_A255_fPA32_A5_A5_fPfS1_E7in_tile_2_3_0_load_8' <Predicate = true> <Delay = 1.23> <CoreInst = "RAM">   --->   Core 83 'RAM' <Latency = 1> <II = 1> <Delay = 1.23> <Storage> <Opcode : 'load' 'store'> <Ports = 2> <Width = 32> <Depth = 64> <RAM>
ST_15 : Operation 930 [2/2] (1.23ns)   --->   "%p_ZZ5conv3PA255_A255_fPA32_A5_A5_fPfS1_E7in_tile_2_4_0_load_8 = load i6 %p_ZZ5conv3PA255_A255_fPA32_A5_A5_fPfS1_E7in_tile_2_4_0_addr_8" [src/conv3.cpp:86]   --->   Operation 930 'load' 'p_ZZ5conv3PA255_A255_fPA32_A5_A5_fPfS1_E7in_tile_2_4_0_load_8' <Predicate = true> <Delay = 1.23> <CoreInst = "RAM">   --->   Core 83 'RAM' <Latency = 1> <II = 1> <Delay = 1.23> <Storage> <Opcode : 'load' 'store'> <Ports = 2> <Width = 32> <Depth = 64> <RAM>
ST_15 : Operation 931 [2/2] (1.23ns)   --->   "%p_ZZ5conv3PA255_A255_fPA32_A5_A5_fPfS1_E7in_tile_3_0_0_load_8 = load i6 %p_ZZ5conv3PA255_A255_fPA32_A5_A5_fPfS1_E7in_tile_3_0_0_addr_8" [src/conv3.cpp:86]   --->   Operation 931 'load' 'p_ZZ5conv3PA255_A255_fPA32_A5_A5_fPfS1_E7in_tile_3_0_0_load_8' <Predicate = true> <Delay = 1.23> <CoreInst = "RAM">   --->   Core 83 'RAM' <Latency = 1> <II = 1> <Delay = 1.23> <Storage> <Opcode : 'load' 'store'> <Ports = 2> <Width = 32> <Depth = 64> <RAM>
ST_15 : Operation 932 [2/2] (1.23ns)   --->   "%p_ZZ5conv3PA255_A255_fPA32_A5_A5_fPfS1_E7in_tile_3_1_0_load_8 = load i6 %p_ZZ5conv3PA255_A255_fPA32_A5_A5_fPfS1_E7in_tile_3_1_0_addr_8" [src/conv3.cpp:86]   --->   Operation 932 'load' 'p_ZZ5conv3PA255_A255_fPA32_A5_A5_fPfS1_E7in_tile_3_1_0_load_8' <Predicate = true> <Delay = 1.23> <CoreInst = "RAM">   --->   Core 83 'RAM' <Latency = 1> <II = 1> <Delay = 1.23> <Storage> <Opcode : 'load' 'store'> <Ports = 2> <Width = 32> <Depth = 64> <RAM>
ST_15 : Operation 933 [2/2] (1.23ns)   --->   "%p_ZZ5conv3PA255_A255_fPA32_A5_A5_fPfS1_E7in_tile_3_2_0_load_8 = load i6 %p_ZZ5conv3PA255_A255_fPA32_A5_A5_fPfS1_E7in_tile_3_2_0_addr_8" [src/conv3.cpp:86]   --->   Operation 933 'load' 'p_ZZ5conv3PA255_A255_fPA32_A5_A5_fPfS1_E7in_tile_3_2_0_load_8' <Predicate = true> <Delay = 1.23> <CoreInst = "RAM">   --->   Core 83 'RAM' <Latency = 1> <II = 1> <Delay = 1.23> <Storage> <Opcode : 'load' 'store'> <Ports = 2> <Width = 32> <Depth = 64> <RAM>
ST_15 : Operation 934 [2/2] (1.23ns)   --->   "%p_ZZ5conv3PA255_A255_fPA32_A5_A5_fPfS1_E7in_tile_3_3_0_load_8 = load i6 %p_ZZ5conv3PA255_A255_fPA32_A5_A5_fPfS1_E7in_tile_3_3_0_addr_8" [src/conv3.cpp:86]   --->   Operation 934 'load' 'p_ZZ5conv3PA255_A255_fPA32_A5_A5_fPfS1_E7in_tile_3_3_0_load_8' <Predicate = true> <Delay = 1.23> <CoreInst = "RAM">   --->   Core 83 'RAM' <Latency = 1> <II = 1> <Delay = 1.23> <Storage> <Opcode : 'load' 'store'> <Ports = 2> <Width = 32> <Depth = 64> <RAM>
ST_15 : Operation 935 [2/2] (1.23ns)   --->   "%p_ZZ5conv3PA255_A255_fPA32_A5_A5_fPfS1_E7in_tile_3_4_0_load_8 = load i6 %p_ZZ5conv3PA255_A255_fPA32_A5_A5_fPfS1_E7in_tile_3_4_0_addr_8" [src/conv3.cpp:86]   --->   Operation 935 'load' 'p_ZZ5conv3PA255_A255_fPA32_A5_A5_fPfS1_E7in_tile_3_4_0_load_8' <Predicate = true> <Delay = 1.23> <CoreInst = "RAM">   --->   Core 83 'RAM' <Latency = 1> <II = 1> <Delay = 1.23> <Storage> <Opcode : 'load' 'store'> <Ports = 2> <Width = 32> <Depth = 64> <RAM>
ST_15 : Operation 936 [2/2] (1.23ns)   --->   "%p_ZZ5conv3PA255_A255_fPA32_A5_A5_fPfS1_E7in_tile_4_0_0_load_8 = load i6 %p_ZZ5conv3PA255_A255_fPA32_A5_A5_fPfS1_E7in_tile_4_0_0_addr_8" [src/conv3.cpp:86]   --->   Operation 936 'load' 'p_ZZ5conv3PA255_A255_fPA32_A5_A5_fPfS1_E7in_tile_4_0_0_load_8' <Predicate = true> <Delay = 1.23> <CoreInst = "RAM">   --->   Core 83 'RAM' <Latency = 1> <II = 1> <Delay = 1.23> <Storage> <Opcode : 'load' 'store'> <Ports = 2> <Width = 32> <Depth = 64> <RAM>
ST_15 : Operation 937 [2/2] (1.23ns)   --->   "%p_ZZ5conv3PA255_A255_fPA32_A5_A5_fPfS1_E7in_tile_4_1_0_load_8 = load i6 %p_ZZ5conv3PA255_A255_fPA32_A5_A5_fPfS1_E7in_tile_4_1_0_addr_8" [src/conv3.cpp:86]   --->   Operation 937 'load' 'p_ZZ5conv3PA255_A255_fPA32_A5_A5_fPfS1_E7in_tile_4_1_0_load_8' <Predicate = true> <Delay = 1.23> <CoreInst = "RAM">   --->   Core 83 'RAM' <Latency = 1> <II = 1> <Delay = 1.23> <Storage> <Opcode : 'load' 'store'> <Ports = 2> <Width = 32> <Depth = 64> <RAM>
ST_15 : Operation 938 [2/2] (1.23ns)   --->   "%p_ZZ5conv3PA255_A255_fPA32_A5_A5_fPfS1_E7in_tile_4_2_0_load_8 = load i6 %p_ZZ5conv3PA255_A255_fPA32_A5_A5_fPfS1_E7in_tile_4_2_0_addr_8" [src/conv3.cpp:86]   --->   Operation 938 'load' 'p_ZZ5conv3PA255_A255_fPA32_A5_A5_fPfS1_E7in_tile_4_2_0_load_8' <Predicate = true> <Delay = 1.23> <CoreInst = "RAM">   --->   Core 83 'RAM' <Latency = 1> <II = 1> <Delay = 1.23> <Storage> <Opcode : 'load' 'store'> <Ports = 2> <Width = 32> <Depth = 64> <RAM>
ST_15 : Operation 939 [2/2] (1.23ns)   --->   "%p_ZZ5conv3PA255_A255_fPA32_A5_A5_fPfS1_E7in_tile_4_3_0_load_8 = load i6 %p_ZZ5conv3PA255_A255_fPA32_A5_A5_fPfS1_E7in_tile_4_3_0_addr_8" [src/conv3.cpp:86]   --->   Operation 939 'load' 'p_ZZ5conv3PA255_A255_fPA32_A5_A5_fPfS1_E7in_tile_4_3_0_load_8' <Predicate = true> <Delay = 1.23> <CoreInst = "RAM">   --->   Core 83 'RAM' <Latency = 1> <II = 1> <Delay = 1.23> <Storage> <Opcode : 'load' 'store'> <Ports = 2> <Width = 32> <Depth = 64> <RAM>
ST_15 : Operation 940 [2/2] (1.23ns)   --->   "%p_ZZ5conv3PA255_A255_fPA32_A5_A5_fPfS1_E7in_tile_4_4_0_load_8 = load i6 %p_ZZ5conv3PA255_A255_fPA32_A5_A5_fPfS1_E7in_tile_4_4_0_addr_8" [src/conv3.cpp:86]   --->   Operation 940 'load' 'p_ZZ5conv3PA255_A255_fPA32_A5_A5_fPfS1_E7in_tile_4_4_0_load_8' <Predicate = true> <Delay = 1.23> <CoreInst = "RAM">   --->   Core 83 'RAM' <Latency = 1> <II = 1> <Delay = 1.23> <Storage> <Opcode : 'load' 'store'> <Ports = 2> <Width = 32> <Depth = 64> <RAM>

State 16 <SV = 15> <Delay = 2.01>
ST_16 : Operation 941 [1/1] (0.78ns)   --->   "%empty_59 = add i6 %tmp_150, i6 %tmp_163" [src/conv3.cpp:74]   --->   Operation 941 'add' 'empty_59' <Predicate = true> <Delay = 0.78> <CoreInst = "Adder">   --->   Core 1 'Adder' <Latency = 0> <II = 1> <Delay = 0.78> <FuncUnit> <Opcode : 'add' 'sub'> <InPorts = 2> <OutPorts = 1>
ST_16 : Operation 942 [1/1] (0.00ns)   --->   "%p_cast80 = zext i6 %empty_59" [src/conv3.cpp:74]   --->   Operation 942 'zext' 'p_cast80' <Predicate = true> <Delay = 0.00>
ST_16 : Operation 943 [1/1] (0.00ns)   --->   "%p_ZZ5conv3PA255_A255_fPA32_A5_A5_fPfS1_E7in_tile_0_0_0_addr_9 = getelementptr i32 %p_ZZ5conv3PA255_A255_fPA32_A5_A5_fPfS1_E7in_tile_0_0_0, i64 0, i64 %p_cast80" [src/conv3.cpp:74]   --->   Operation 943 'getelementptr' 'p_ZZ5conv3PA255_A255_fPA32_A5_A5_fPfS1_E7in_tile_0_0_0_addr_9' <Predicate = true> <Delay = 0.00>
ST_16 : Operation 944 [1/1] (0.00ns)   --->   "%p_ZZ5conv3PA255_A255_fPA32_A5_A5_fPfS1_E7in_tile_0_1_0_addr_9 = getelementptr i32 %p_ZZ5conv3PA255_A255_fPA32_A5_A5_fPfS1_E7in_tile_0_1_0, i64 0, i64 %p_cast80" [src/conv3.cpp:74]   --->   Operation 944 'getelementptr' 'p_ZZ5conv3PA255_A255_fPA32_A5_A5_fPfS1_E7in_tile_0_1_0_addr_9' <Predicate = true> <Delay = 0.00>
ST_16 : Operation 945 [1/1] (0.00ns)   --->   "%p_ZZ5conv3PA255_A255_fPA32_A5_A5_fPfS1_E7in_tile_0_2_0_addr_9 = getelementptr i32 %p_ZZ5conv3PA255_A255_fPA32_A5_A5_fPfS1_E7in_tile_0_2_0, i64 0, i64 %p_cast80" [src/conv3.cpp:74]   --->   Operation 945 'getelementptr' 'p_ZZ5conv3PA255_A255_fPA32_A5_A5_fPfS1_E7in_tile_0_2_0_addr_9' <Predicate = true> <Delay = 0.00>
ST_16 : Operation 946 [1/1] (0.00ns)   --->   "%p_ZZ5conv3PA255_A255_fPA32_A5_A5_fPfS1_E7in_tile_0_3_0_addr_9 = getelementptr i32 %p_ZZ5conv3PA255_A255_fPA32_A5_A5_fPfS1_E7in_tile_0_3_0, i64 0, i64 %p_cast80" [src/conv3.cpp:74]   --->   Operation 946 'getelementptr' 'p_ZZ5conv3PA255_A255_fPA32_A5_A5_fPfS1_E7in_tile_0_3_0_addr_9' <Predicate = true> <Delay = 0.00>
ST_16 : Operation 947 [1/1] (0.00ns)   --->   "%p_ZZ5conv3PA255_A255_fPA32_A5_A5_fPfS1_E7in_tile_0_4_0_addr_9 = getelementptr i32 %p_ZZ5conv3PA255_A255_fPA32_A5_A5_fPfS1_E7in_tile_0_4_0, i64 0, i64 %p_cast80" [src/conv3.cpp:74]   --->   Operation 947 'getelementptr' 'p_ZZ5conv3PA255_A255_fPA32_A5_A5_fPfS1_E7in_tile_0_4_0_addr_9' <Predicate = true> <Delay = 0.00>
ST_16 : Operation 948 [1/1] (0.00ns)   --->   "%p_ZZ5conv3PA255_A255_fPA32_A5_A5_fPfS1_E7in_tile_1_0_0_addr_9 = getelementptr i32 %p_ZZ5conv3PA255_A255_fPA32_A5_A5_fPfS1_E7in_tile_1_0_0, i64 0, i64 %p_cast80" [src/conv3.cpp:74]   --->   Operation 948 'getelementptr' 'p_ZZ5conv3PA255_A255_fPA32_A5_A5_fPfS1_E7in_tile_1_0_0_addr_9' <Predicate = true> <Delay = 0.00>
ST_16 : Operation 949 [1/1] (0.00ns)   --->   "%p_ZZ5conv3PA255_A255_fPA32_A5_A5_fPfS1_E7in_tile_1_1_0_addr_9 = getelementptr i32 %p_ZZ5conv3PA255_A255_fPA32_A5_A5_fPfS1_E7in_tile_1_1_0, i64 0, i64 %p_cast80" [src/conv3.cpp:74]   --->   Operation 949 'getelementptr' 'p_ZZ5conv3PA255_A255_fPA32_A5_A5_fPfS1_E7in_tile_1_1_0_addr_9' <Predicate = true> <Delay = 0.00>
ST_16 : Operation 950 [1/1] (0.00ns)   --->   "%p_ZZ5conv3PA255_A255_fPA32_A5_A5_fPfS1_E7in_tile_1_2_0_addr_9 = getelementptr i32 %p_ZZ5conv3PA255_A255_fPA32_A5_A5_fPfS1_E7in_tile_1_2_0, i64 0, i64 %p_cast80" [src/conv3.cpp:74]   --->   Operation 950 'getelementptr' 'p_ZZ5conv3PA255_A255_fPA32_A5_A5_fPfS1_E7in_tile_1_2_0_addr_9' <Predicate = true> <Delay = 0.00>
ST_16 : Operation 951 [1/1] (0.00ns)   --->   "%p_ZZ5conv3PA255_A255_fPA32_A5_A5_fPfS1_E7in_tile_1_3_0_addr_9 = getelementptr i32 %p_ZZ5conv3PA255_A255_fPA32_A5_A5_fPfS1_E7in_tile_1_3_0, i64 0, i64 %p_cast80" [src/conv3.cpp:74]   --->   Operation 951 'getelementptr' 'p_ZZ5conv3PA255_A255_fPA32_A5_A5_fPfS1_E7in_tile_1_3_0_addr_9' <Predicate = true> <Delay = 0.00>
ST_16 : Operation 952 [1/1] (0.00ns)   --->   "%p_ZZ5conv3PA255_A255_fPA32_A5_A5_fPfS1_E7in_tile_1_4_0_addr_9 = getelementptr i32 %p_ZZ5conv3PA255_A255_fPA32_A5_A5_fPfS1_E7in_tile_1_4_0, i64 0, i64 %p_cast80" [src/conv3.cpp:74]   --->   Operation 952 'getelementptr' 'p_ZZ5conv3PA255_A255_fPA32_A5_A5_fPfS1_E7in_tile_1_4_0_addr_9' <Predicate = true> <Delay = 0.00>
ST_16 : Operation 953 [1/1] (0.00ns)   --->   "%p_ZZ5conv3PA255_A255_fPA32_A5_A5_fPfS1_E7in_tile_2_0_0_addr_9 = getelementptr i32 %p_ZZ5conv3PA255_A255_fPA32_A5_A5_fPfS1_E7in_tile_2_0_0, i64 0, i64 %p_cast80" [src/conv3.cpp:74]   --->   Operation 953 'getelementptr' 'p_ZZ5conv3PA255_A255_fPA32_A5_A5_fPfS1_E7in_tile_2_0_0_addr_9' <Predicate = true> <Delay = 0.00>
ST_16 : Operation 954 [1/1] (0.00ns)   --->   "%p_ZZ5conv3PA255_A255_fPA32_A5_A5_fPfS1_E7in_tile_2_1_0_addr_9 = getelementptr i32 %p_ZZ5conv3PA255_A255_fPA32_A5_A5_fPfS1_E7in_tile_2_1_0, i64 0, i64 %p_cast80" [src/conv3.cpp:74]   --->   Operation 954 'getelementptr' 'p_ZZ5conv3PA255_A255_fPA32_A5_A5_fPfS1_E7in_tile_2_1_0_addr_9' <Predicate = true> <Delay = 0.00>
ST_16 : Operation 955 [1/1] (0.00ns)   --->   "%p_ZZ5conv3PA255_A255_fPA32_A5_A5_fPfS1_E7in_tile_2_2_0_addr_9 = getelementptr i32 %p_ZZ5conv3PA255_A255_fPA32_A5_A5_fPfS1_E7in_tile_2_2_0, i64 0, i64 %p_cast80" [src/conv3.cpp:74]   --->   Operation 955 'getelementptr' 'p_ZZ5conv3PA255_A255_fPA32_A5_A5_fPfS1_E7in_tile_2_2_0_addr_9' <Predicate = true> <Delay = 0.00>
ST_16 : Operation 956 [1/1] (0.00ns)   --->   "%p_ZZ5conv3PA255_A255_fPA32_A5_A5_fPfS1_E7in_tile_2_3_0_addr_9 = getelementptr i32 %p_ZZ5conv3PA255_A255_fPA32_A5_A5_fPfS1_E7in_tile_2_3_0, i64 0, i64 %p_cast80" [src/conv3.cpp:74]   --->   Operation 956 'getelementptr' 'p_ZZ5conv3PA255_A255_fPA32_A5_A5_fPfS1_E7in_tile_2_3_0_addr_9' <Predicate = true> <Delay = 0.00>
ST_16 : Operation 957 [1/1] (0.00ns)   --->   "%p_ZZ5conv3PA255_A255_fPA32_A5_A5_fPfS1_E7in_tile_2_4_0_addr_9 = getelementptr i32 %p_ZZ5conv3PA255_A255_fPA32_A5_A5_fPfS1_E7in_tile_2_4_0, i64 0, i64 %p_cast80" [src/conv3.cpp:74]   --->   Operation 957 'getelementptr' 'p_ZZ5conv3PA255_A255_fPA32_A5_A5_fPfS1_E7in_tile_2_4_0_addr_9' <Predicate = true> <Delay = 0.00>
ST_16 : Operation 958 [1/1] (0.00ns)   --->   "%p_ZZ5conv3PA255_A255_fPA32_A5_A5_fPfS1_E7in_tile_3_0_0_addr_9 = getelementptr i32 %p_ZZ5conv3PA255_A255_fPA32_A5_A5_fPfS1_E7in_tile_3_0_0, i64 0, i64 %p_cast80" [src/conv3.cpp:74]   --->   Operation 958 'getelementptr' 'p_ZZ5conv3PA255_A255_fPA32_A5_A5_fPfS1_E7in_tile_3_0_0_addr_9' <Predicate = true> <Delay = 0.00>
ST_16 : Operation 959 [1/1] (0.00ns)   --->   "%p_ZZ5conv3PA255_A255_fPA32_A5_A5_fPfS1_E7in_tile_3_1_0_addr_9 = getelementptr i32 %p_ZZ5conv3PA255_A255_fPA32_A5_A5_fPfS1_E7in_tile_3_1_0, i64 0, i64 %p_cast80" [src/conv3.cpp:74]   --->   Operation 959 'getelementptr' 'p_ZZ5conv3PA255_A255_fPA32_A5_A5_fPfS1_E7in_tile_3_1_0_addr_9' <Predicate = true> <Delay = 0.00>
ST_16 : Operation 960 [1/1] (0.00ns)   --->   "%p_ZZ5conv3PA255_A255_fPA32_A5_A5_fPfS1_E7in_tile_3_2_0_addr_9 = getelementptr i32 %p_ZZ5conv3PA255_A255_fPA32_A5_A5_fPfS1_E7in_tile_3_2_0, i64 0, i64 %p_cast80" [src/conv3.cpp:74]   --->   Operation 960 'getelementptr' 'p_ZZ5conv3PA255_A255_fPA32_A5_A5_fPfS1_E7in_tile_3_2_0_addr_9' <Predicate = true> <Delay = 0.00>
ST_16 : Operation 961 [1/1] (0.00ns)   --->   "%p_ZZ5conv3PA255_A255_fPA32_A5_A5_fPfS1_E7in_tile_3_3_0_addr_9 = getelementptr i32 %p_ZZ5conv3PA255_A255_fPA32_A5_A5_fPfS1_E7in_tile_3_3_0, i64 0, i64 %p_cast80" [src/conv3.cpp:74]   --->   Operation 961 'getelementptr' 'p_ZZ5conv3PA255_A255_fPA32_A5_A5_fPfS1_E7in_tile_3_3_0_addr_9' <Predicate = true> <Delay = 0.00>
ST_16 : Operation 962 [1/1] (0.00ns)   --->   "%p_ZZ5conv3PA255_A255_fPA32_A5_A5_fPfS1_E7in_tile_3_4_0_addr_9 = getelementptr i32 %p_ZZ5conv3PA255_A255_fPA32_A5_A5_fPfS1_E7in_tile_3_4_0, i64 0, i64 %p_cast80" [src/conv3.cpp:74]   --->   Operation 962 'getelementptr' 'p_ZZ5conv3PA255_A255_fPA32_A5_A5_fPfS1_E7in_tile_3_4_0_addr_9' <Predicate = true> <Delay = 0.00>
ST_16 : Operation 963 [1/1] (0.00ns)   --->   "%p_ZZ5conv3PA255_A255_fPA32_A5_A5_fPfS1_E7in_tile_4_0_0_addr_9 = getelementptr i32 %p_ZZ5conv3PA255_A255_fPA32_A5_A5_fPfS1_E7in_tile_4_0_0, i64 0, i64 %p_cast80" [src/conv3.cpp:74]   --->   Operation 963 'getelementptr' 'p_ZZ5conv3PA255_A255_fPA32_A5_A5_fPfS1_E7in_tile_4_0_0_addr_9' <Predicate = true> <Delay = 0.00>
ST_16 : Operation 964 [1/1] (0.00ns)   --->   "%p_ZZ5conv3PA255_A255_fPA32_A5_A5_fPfS1_E7in_tile_4_1_0_addr_9 = getelementptr i32 %p_ZZ5conv3PA255_A255_fPA32_A5_A5_fPfS1_E7in_tile_4_1_0, i64 0, i64 %p_cast80" [src/conv3.cpp:74]   --->   Operation 964 'getelementptr' 'p_ZZ5conv3PA255_A255_fPA32_A5_A5_fPfS1_E7in_tile_4_1_0_addr_9' <Predicate = true> <Delay = 0.00>
ST_16 : Operation 965 [1/1] (0.00ns)   --->   "%p_ZZ5conv3PA255_A255_fPA32_A5_A5_fPfS1_E7in_tile_4_2_0_addr_9 = getelementptr i32 %p_ZZ5conv3PA255_A255_fPA32_A5_A5_fPfS1_E7in_tile_4_2_0, i64 0, i64 %p_cast80" [src/conv3.cpp:74]   --->   Operation 965 'getelementptr' 'p_ZZ5conv3PA255_A255_fPA32_A5_A5_fPfS1_E7in_tile_4_2_0_addr_9' <Predicate = true> <Delay = 0.00>
ST_16 : Operation 966 [1/1] (0.00ns)   --->   "%p_ZZ5conv3PA255_A255_fPA32_A5_A5_fPfS1_E7in_tile_4_3_0_addr_9 = getelementptr i32 %p_ZZ5conv3PA255_A255_fPA32_A5_A5_fPfS1_E7in_tile_4_3_0, i64 0, i64 %p_cast80" [src/conv3.cpp:74]   --->   Operation 966 'getelementptr' 'p_ZZ5conv3PA255_A255_fPA32_A5_A5_fPfS1_E7in_tile_4_3_0_addr_9' <Predicate = true> <Delay = 0.00>
ST_16 : Operation 967 [1/1] (0.00ns)   --->   "%p_ZZ5conv3PA255_A255_fPA32_A5_A5_fPfS1_E7in_tile_4_4_0_addr_9 = getelementptr i32 %p_ZZ5conv3PA255_A255_fPA32_A5_A5_fPfS1_E7in_tile_4_4_0, i64 0, i64 %p_cast80" [src/conv3.cpp:74]   --->   Operation 967 'getelementptr' 'p_ZZ5conv3PA255_A255_fPA32_A5_A5_fPfS1_E7in_tile_4_4_0_addr_9' <Predicate = true> <Delay = 0.00>
ST_16 : Operation 968 [1/2] (1.23ns)   --->   "%p_ZZ5conv3PA255_A255_fPA32_A5_A5_fPfS1_E7in_tile_0_0_0_load_7 = load i6 %p_ZZ5conv3PA255_A255_fPA32_A5_A5_fPfS1_E7in_tile_0_0_0_addr_7" [src/conv3.cpp:86]   --->   Operation 968 'load' 'p_ZZ5conv3PA255_A255_fPA32_A5_A5_fPfS1_E7in_tile_0_0_0_load_7' <Predicate = true> <Delay = 1.23> <CoreInst = "RAM">   --->   Core 83 'RAM' <Latency = 1> <II = 1> <Delay = 1.23> <Storage> <Opcode : 'load' 'store'> <Ports = 2> <Width = 32> <Depth = 64> <RAM>
ST_16 : Operation 969 [1/2] (1.23ns)   --->   "%p_ZZ5conv3PA255_A255_fPA32_A5_A5_fPfS1_E7in_tile_0_1_0_load_7 = load i6 %p_ZZ5conv3PA255_A255_fPA32_A5_A5_fPfS1_E7in_tile_0_1_0_addr_7" [src/conv3.cpp:86]   --->   Operation 969 'load' 'p_ZZ5conv3PA255_A255_fPA32_A5_A5_fPfS1_E7in_tile_0_1_0_load_7' <Predicate = true> <Delay = 1.23> <CoreInst = "RAM">   --->   Core 83 'RAM' <Latency = 1> <II = 1> <Delay = 1.23> <Storage> <Opcode : 'load' 'store'> <Ports = 2> <Width = 32> <Depth = 64> <RAM>
ST_16 : Operation 970 [1/2] (1.23ns)   --->   "%p_ZZ5conv3PA255_A255_fPA32_A5_A5_fPfS1_E7in_tile_0_2_0_load_7 = load i6 %p_ZZ5conv3PA255_A255_fPA32_A5_A5_fPfS1_E7in_tile_0_2_0_addr_7" [src/conv3.cpp:86]   --->   Operation 970 'load' 'p_ZZ5conv3PA255_A255_fPA32_A5_A5_fPfS1_E7in_tile_0_2_0_load_7' <Predicate = true> <Delay = 1.23> <CoreInst = "RAM">   --->   Core 83 'RAM' <Latency = 1> <II = 1> <Delay = 1.23> <Storage> <Opcode : 'load' 'store'> <Ports = 2> <Width = 32> <Depth = 64> <RAM>
ST_16 : Operation 971 [1/2] (1.23ns)   --->   "%p_ZZ5conv3PA255_A255_fPA32_A5_A5_fPfS1_E7in_tile_0_3_0_load_7 = load i6 %p_ZZ5conv3PA255_A255_fPA32_A5_A5_fPfS1_E7in_tile_0_3_0_addr_7" [src/conv3.cpp:86]   --->   Operation 971 'load' 'p_ZZ5conv3PA255_A255_fPA32_A5_A5_fPfS1_E7in_tile_0_3_0_load_7' <Predicate = true> <Delay = 1.23> <CoreInst = "RAM">   --->   Core 83 'RAM' <Latency = 1> <II = 1> <Delay = 1.23> <Storage> <Opcode : 'load' 'store'> <Ports = 2> <Width = 32> <Depth = 64> <RAM>
ST_16 : Operation 972 [1/2] (1.23ns)   --->   "%p_ZZ5conv3PA255_A255_fPA32_A5_A5_fPfS1_E7in_tile_0_4_0_load_7 = load i6 %p_ZZ5conv3PA255_A255_fPA32_A5_A5_fPfS1_E7in_tile_0_4_0_addr_7" [src/conv3.cpp:86]   --->   Operation 972 'load' 'p_ZZ5conv3PA255_A255_fPA32_A5_A5_fPfS1_E7in_tile_0_4_0_load_7' <Predicate = true> <Delay = 1.23> <CoreInst = "RAM">   --->   Core 83 'RAM' <Latency = 1> <II = 1> <Delay = 1.23> <Storage> <Opcode : 'load' 'store'> <Ports = 2> <Width = 32> <Depth = 64> <RAM>
ST_16 : Operation 973 [1/2] (1.23ns)   --->   "%p_ZZ5conv3PA255_A255_fPA32_A5_A5_fPfS1_E7in_tile_1_0_0_load_7 = load i6 %p_ZZ5conv3PA255_A255_fPA32_A5_A5_fPfS1_E7in_tile_1_0_0_addr_7" [src/conv3.cpp:86]   --->   Operation 973 'load' 'p_ZZ5conv3PA255_A255_fPA32_A5_A5_fPfS1_E7in_tile_1_0_0_load_7' <Predicate = true> <Delay = 1.23> <CoreInst = "RAM">   --->   Core 83 'RAM' <Latency = 1> <II = 1> <Delay = 1.23> <Storage> <Opcode : 'load' 'store'> <Ports = 2> <Width = 32> <Depth = 64> <RAM>
ST_16 : Operation 974 [1/2] (1.23ns)   --->   "%p_ZZ5conv3PA255_A255_fPA32_A5_A5_fPfS1_E7in_tile_1_1_0_load_7 = load i6 %p_ZZ5conv3PA255_A255_fPA32_A5_A5_fPfS1_E7in_tile_1_1_0_addr_7" [src/conv3.cpp:86]   --->   Operation 974 'load' 'p_ZZ5conv3PA255_A255_fPA32_A5_A5_fPfS1_E7in_tile_1_1_0_load_7' <Predicate = true> <Delay = 1.23> <CoreInst = "RAM">   --->   Core 83 'RAM' <Latency = 1> <II = 1> <Delay = 1.23> <Storage> <Opcode : 'load' 'store'> <Ports = 2> <Width = 32> <Depth = 64> <RAM>
ST_16 : Operation 975 [1/2] (1.23ns)   --->   "%p_ZZ5conv3PA255_A255_fPA32_A5_A5_fPfS1_E7in_tile_1_2_0_load_7 = load i6 %p_ZZ5conv3PA255_A255_fPA32_A5_A5_fPfS1_E7in_tile_1_2_0_addr_7" [src/conv3.cpp:86]   --->   Operation 975 'load' 'p_ZZ5conv3PA255_A255_fPA32_A5_A5_fPfS1_E7in_tile_1_2_0_load_7' <Predicate = true> <Delay = 1.23> <CoreInst = "RAM">   --->   Core 83 'RAM' <Latency = 1> <II = 1> <Delay = 1.23> <Storage> <Opcode : 'load' 'store'> <Ports = 2> <Width = 32> <Depth = 64> <RAM>
ST_16 : Operation 976 [1/2] (1.23ns)   --->   "%p_ZZ5conv3PA255_A255_fPA32_A5_A5_fPfS1_E7in_tile_1_3_0_load_7 = load i6 %p_ZZ5conv3PA255_A255_fPA32_A5_A5_fPfS1_E7in_tile_1_3_0_addr_7" [src/conv3.cpp:86]   --->   Operation 976 'load' 'p_ZZ5conv3PA255_A255_fPA32_A5_A5_fPfS1_E7in_tile_1_3_0_load_7' <Predicate = true> <Delay = 1.23> <CoreInst = "RAM">   --->   Core 83 'RAM' <Latency = 1> <II = 1> <Delay = 1.23> <Storage> <Opcode : 'load' 'store'> <Ports = 2> <Width = 32> <Depth = 64> <RAM>
ST_16 : Operation 977 [1/2] (1.23ns)   --->   "%p_ZZ5conv3PA255_A255_fPA32_A5_A5_fPfS1_E7in_tile_1_4_0_load_7 = load i6 %p_ZZ5conv3PA255_A255_fPA32_A5_A5_fPfS1_E7in_tile_1_4_0_addr_7" [src/conv3.cpp:86]   --->   Operation 977 'load' 'p_ZZ5conv3PA255_A255_fPA32_A5_A5_fPfS1_E7in_tile_1_4_0_load_7' <Predicate = true> <Delay = 1.23> <CoreInst = "RAM">   --->   Core 83 'RAM' <Latency = 1> <II = 1> <Delay = 1.23> <Storage> <Opcode : 'load' 'store'> <Ports = 2> <Width = 32> <Depth = 64> <RAM>
ST_16 : Operation 978 [1/2] (1.23ns)   --->   "%p_ZZ5conv3PA255_A255_fPA32_A5_A5_fPfS1_E7in_tile_2_0_0_load_7 = load i6 %p_ZZ5conv3PA255_A255_fPA32_A5_A5_fPfS1_E7in_tile_2_0_0_addr_7" [src/conv3.cpp:86]   --->   Operation 978 'load' 'p_ZZ5conv3PA255_A255_fPA32_A5_A5_fPfS1_E7in_tile_2_0_0_load_7' <Predicate = true> <Delay = 1.23> <CoreInst = "RAM">   --->   Core 83 'RAM' <Latency = 1> <II = 1> <Delay = 1.23> <Storage> <Opcode : 'load' 'store'> <Ports = 2> <Width = 32> <Depth = 64> <RAM>
ST_16 : Operation 979 [1/2] (1.23ns)   --->   "%p_ZZ5conv3PA255_A255_fPA32_A5_A5_fPfS1_E7in_tile_2_1_0_load_7 = load i6 %p_ZZ5conv3PA255_A255_fPA32_A5_A5_fPfS1_E7in_tile_2_1_0_addr_7" [src/conv3.cpp:86]   --->   Operation 979 'load' 'p_ZZ5conv3PA255_A255_fPA32_A5_A5_fPfS1_E7in_tile_2_1_0_load_7' <Predicate = true> <Delay = 1.23> <CoreInst = "RAM">   --->   Core 83 'RAM' <Latency = 1> <II = 1> <Delay = 1.23> <Storage> <Opcode : 'load' 'store'> <Ports = 2> <Width = 32> <Depth = 64> <RAM>
ST_16 : Operation 980 [1/2] (1.23ns)   --->   "%p_ZZ5conv3PA255_A255_fPA32_A5_A5_fPfS1_E7in_tile_2_2_0_load_7 = load i6 %p_ZZ5conv3PA255_A255_fPA32_A5_A5_fPfS1_E7in_tile_2_2_0_addr_7" [src/conv3.cpp:86]   --->   Operation 980 'load' 'p_ZZ5conv3PA255_A255_fPA32_A5_A5_fPfS1_E7in_tile_2_2_0_load_7' <Predicate = true> <Delay = 1.23> <CoreInst = "RAM">   --->   Core 83 'RAM' <Latency = 1> <II = 1> <Delay = 1.23> <Storage> <Opcode : 'load' 'store'> <Ports = 2> <Width = 32> <Depth = 64> <RAM>
ST_16 : Operation 981 [1/2] (1.23ns)   --->   "%p_ZZ5conv3PA255_A255_fPA32_A5_A5_fPfS1_E7in_tile_2_3_0_load_7 = load i6 %p_ZZ5conv3PA255_A255_fPA32_A5_A5_fPfS1_E7in_tile_2_3_0_addr_7" [src/conv3.cpp:86]   --->   Operation 981 'load' 'p_ZZ5conv3PA255_A255_fPA32_A5_A5_fPfS1_E7in_tile_2_3_0_load_7' <Predicate = true> <Delay = 1.23> <CoreInst = "RAM">   --->   Core 83 'RAM' <Latency = 1> <II = 1> <Delay = 1.23> <Storage> <Opcode : 'load' 'store'> <Ports = 2> <Width = 32> <Depth = 64> <RAM>
ST_16 : Operation 982 [1/2] (1.23ns)   --->   "%p_ZZ5conv3PA255_A255_fPA32_A5_A5_fPfS1_E7in_tile_2_4_0_load_7 = load i6 %p_ZZ5conv3PA255_A255_fPA32_A5_A5_fPfS1_E7in_tile_2_4_0_addr_7" [src/conv3.cpp:86]   --->   Operation 982 'load' 'p_ZZ5conv3PA255_A255_fPA32_A5_A5_fPfS1_E7in_tile_2_4_0_load_7' <Predicate = true> <Delay = 1.23> <CoreInst = "RAM">   --->   Core 83 'RAM' <Latency = 1> <II = 1> <Delay = 1.23> <Storage> <Opcode : 'load' 'store'> <Ports = 2> <Width = 32> <Depth = 64> <RAM>
ST_16 : Operation 983 [1/2] (1.23ns)   --->   "%p_ZZ5conv3PA255_A255_fPA32_A5_A5_fPfS1_E7in_tile_3_0_0_load_7 = load i6 %p_ZZ5conv3PA255_A255_fPA32_A5_A5_fPfS1_E7in_tile_3_0_0_addr_7" [src/conv3.cpp:86]   --->   Operation 983 'load' 'p_ZZ5conv3PA255_A255_fPA32_A5_A5_fPfS1_E7in_tile_3_0_0_load_7' <Predicate = true> <Delay = 1.23> <CoreInst = "RAM">   --->   Core 83 'RAM' <Latency = 1> <II = 1> <Delay = 1.23> <Storage> <Opcode : 'load' 'store'> <Ports = 2> <Width = 32> <Depth = 64> <RAM>
ST_16 : Operation 984 [1/2] (1.23ns)   --->   "%p_ZZ5conv3PA255_A255_fPA32_A5_A5_fPfS1_E7in_tile_3_1_0_load_7 = load i6 %p_ZZ5conv3PA255_A255_fPA32_A5_A5_fPfS1_E7in_tile_3_1_0_addr_7" [src/conv3.cpp:86]   --->   Operation 984 'load' 'p_ZZ5conv3PA255_A255_fPA32_A5_A5_fPfS1_E7in_tile_3_1_0_load_7' <Predicate = true> <Delay = 1.23> <CoreInst = "RAM">   --->   Core 83 'RAM' <Latency = 1> <II = 1> <Delay = 1.23> <Storage> <Opcode : 'load' 'store'> <Ports = 2> <Width = 32> <Depth = 64> <RAM>
ST_16 : Operation 985 [1/2] (1.23ns)   --->   "%p_ZZ5conv3PA255_A255_fPA32_A5_A5_fPfS1_E7in_tile_3_2_0_load_7 = load i6 %p_ZZ5conv3PA255_A255_fPA32_A5_A5_fPfS1_E7in_tile_3_2_0_addr_7" [src/conv3.cpp:86]   --->   Operation 985 'load' 'p_ZZ5conv3PA255_A255_fPA32_A5_A5_fPfS1_E7in_tile_3_2_0_load_7' <Predicate = true> <Delay = 1.23> <CoreInst = "RAM">   --->   Core 83 'RAM' <Latency = 1> <II = 1> <Delay = 1.23> <Storage> <Opcode : 'load' 'store'> <Ports = 2> <Width = 32> <Depth = 64> <RAM>
ST_16 : Operation 986 [1/2] (1.23ns)   --->   "%p_ZZ5conv3PA255_A255_fPA32_A5_A5_fPfS1_E7in_tile_3_3_0_load_7 = load i6 %p_ZZ5conv3PA255_A255_fPA32_A5_A5_fPfS1_E7in_tile_3_3_0_addr_7" [src/conv3.cpp:86]   --->   Operation 986 'load' 'p_ZZ5conv3PA255_A255_fPA32_A5_A5_fPfS1_E7in_tile_3_3_0_load_7' <Predicate = true> <Delay = 1.23> <CoreInst = "RAM">   --->   Core 83 'RAM' <Latency = 1> <II = 1> <Delay = 1.23> <Storage> <Opcode : 'load' 'store'> <Ports = 2> <Width = 32> <Depth = 64> <RAM>
ST_16 : Operation 987 [1/2] (1.23ns)   --->   "%p_ZZ5conv3PA255_A255_fPA32_A5_A5_fPfS1_E7in_tile_3_4_0_load_7 = load i6 %p_ZZ5conv3PA255_A255_fPA32_A5_A5_fPfS1_E7in_tile_3_4_0_addr_7" [src/conv3.cpp:86]   --->   Operation 987 'load' 'p_ZZ5conv3PA255_A255_fPA32_A5_A5_fPfS1_E7in_tile_3_4_0_load_7' <Predicate = true> <Delay = 1.23> <CoreInst = "RAM">   --->   Core 83 'RAM' <Latency = 1> <II = 1> <Delay = 1.23> <Storage> <Opcode : 'load' 'store'> <Ports = 2> <Width = 32> <Depth = 64> <RAM>
ST_16 : Operation 988 [1/2] (1.23ns)   --->   "%p_ZZ5conv3PA255_A255_fPA32_A5_A5_fPfS1_E7in_tile_4_0_0_load_7 = load i6 %p_ZZ5conv3PA255_A255_fPA32_A5_A5_fPfS1_E7in_tile_4_0_0_addr_7" [src/conv3.cpp:86]   --->   Operation 988 'load' 'p_ZZ5conv3PA255_A255_fPA32_A5_A5_fPfS1_E7in_tile_4_0_0_load_7' <Predicate = true> <Delay = 1.23> <CoreInst = "RAM">   --->   Core 83 'RAM' <Latency = 1> <II = 1> <Delay = 1.23> <Storage> <Opcode : 'load' 'store'> <Ports = 2> <Width = 32> <Depth = 64> <RAM>
ST_16 : Operation 989 [1/2] (1.23ns)   --->   "%p_ZZ5conv3PA255_A255_fPA32_A5_A5_fPfS1_E7in_tile_4_1_0_load_7 = load i6 %p_ZZ5conv3PA255_A255_fPA32_A5_A5_fPfS1_E7in_tile_4_1_0_addr_7" [src/conv3.cpp:86]   --->   Operation 989 'load' 'p_ZZ5conv3PA255_A255_fPA32_A5_A5_fPfS1_E7in_tile_4_1_0_load_7' <Predicate = true> <Delay = 1.23> <CoreInst = "RAM">   --->   Core 83 'RAM' <Latency = 1> <II = 1> <Delay = 1.23> <Storage> <Opcode : 'load' 'store'> <Ports = 2> <Width = 32> <Depth = 64> <RAM>
ST_16 : Operation 990 [1/2] (1.23ns)   --->   "%p_ZZ5conv3PA255_A255_fPA32_A5_A5_fPfS1_E7in_tile_4_2_0_load_7 = load i6 %p_ZZ5conv3PA255_A255_fPA32_A5_A5_fPfS1_E7in_tile_4_2_0_addr_7" [src/conv3.cpp:86]   --->   Operation 990 'load' 'p_ZZ5conv3PA255_A255_fPA32_A5_A5_fPfS1_E7in_tile_4_2_0_load_7' <Predicate = true> <Delay = 1.23> <CoreInst = "RAM">   --->   Core 83 'RAM' <Latency = 1> <II = 1> <Delay = 1.23> <Storage> <Opcode : 'load' 'store'> <Ports = 2> <Width = 32> <Depth = 64> <RAM>
ST_16 : Operation 991 [1/2] (1.23ns)   --->   "%p_ZZ5conv3PA255_A255_fPA32_A5_A5_fPfS1_E7in_tile_4_3_0_load_7 = load i6 %p_ZZ5conv3PA255_A255_fPA32_A5_A5_fPfS1_E7in_tile_4_3_0_addr_7" [src/conv3.cpp:86]   --->   Operation 991 'load' 'p_ZZ5conv3PA255_A255_fPA32_A5_A5_fPfS1_E7in_tile_4_3_0_load_7' <Predicate = true> <Delay = 1.23> <CoreInst = "RAM">   --->   Core 83 'RAM' <Latency = 1> <II = 1> <Delay = 1.23> <Storage> <Opcode : 'load' 'store'> <Ports = 2> <Width = 32> <Depth = 64> <RAM>
ST_16 : Operation 992 [1/2] (1.23ns)   --->   "%p_ZZ5conv3PA255_A255_fPA32_A5_A5_fPfS1_E7in_tile_4_4_0_load_7 = load i6 %p_ZZ5conv3PA255_A255_fPA32_A5_A5_fPfS1_E7in_tile_4_4_0_addr_7" [src/conv3.cpp:86]   --->   Operation 992 'load' 'p_ZZ5conv3PA255_A255_fPA32_A5_A5_fPfS1_E7in_tile_4_4_0_load_7' <Predicate = true> <Delay = 1.23> <CoreInst = "RAM">   --->   Core 83 'RAM' <Latency = 1> <II = 1> <Delay = 1.23> <Storage> <Opcode : 'load' 'store'> <Ports = 2> <Width = 32> <Depth = 64> <RAM>
ST_16 : Operation 993 [1/2] (1.23ns)   --->   "%p_ZZ5conv3PA255_A255_fPA32_A5_A5_fPfS1_E7in_tile_0_0_0_load_8 = load i6 %p_ZZ5conv3PA255_A255_fPA32_A5_A5_fPfS1_E7in_tile_0_0_0_addr_8" [src/conv3.cpp:86]   --->   Operation 993 'load' 'p_ZZ5conv3PA255_A255_fPA32_A5_A5_fPfS1_E7in_tile_0_0_0_load_8' <Predicate = true> <Delay = 1.23> <CoreInst = "RAM">   --->   Core 83 'RAM' <Latency = 1> <II = 1> <Delay = 1.23> <Storage> <Opcode : 'load' 'store'> <Ports = 2> <Width = 32> <Depth = 64> <RAM>
ST_16 : Operation 994 [1/2] (1.23ns)   --->   "%p_ZZ5conv3PA255_A255_fPA32_A5_A5_fPfS1_E7in_tile_0_1_0_load_8 = load i6 %p_ZZ5conv3PA255_A255_fPA32_A5_A5_fPfS1_E7in_tile_0_1_0_addr_8" [src/conv3.cpp:86]   --->   Operation 994 'load' 'p_ZZ5conv3PA255_A255_fPA32_A5_A5_fPfS1_E7in_tile_0_1_0_load_8' <Predicate = true> <Delay = 1.23> <CoreInst = "RAM">   --->   Core 83 'RAM' <Latency = 1> <II = 1> <Delay = 1.23> <Storage> <Opcode : 'load' 'store'> <Ports = 2> <Width = 32> <Depth = 64> <RAM>
ST_16 : Operation 995 [1/2] (1.23ns)   --->   "%p_ZZ5conv3PA255_A255_fPA32_A5_A5_fPfS1_E7in_tile_0_2_0_load_8 = load i6 %p_ZZ5conv3PA255_A255_fPA32_A5_A5_fPfS1_E7in_tile_0_2_0_addr_8" [src/conv3.cpp:86]   --->   Operation 995 'load' 'p_ZZ5conv3PA255_A255_fPA32_A5_A5_fPfS1_E7in_tile_0_2_0_load_8' <Predicate = true> <Delay = 1.23> <CoreInst = "RAM">   --->   Core 83 'RAM' <Latency = 1> <II = 1> <Delay = 1.23> <Storage> <Opcode : 'load' 'store'> <Ports = 2> <Width = 32> <Depth = 64> <RAM>
ST_16 : Operation 996 [1/2] (1.23ns)   --->   "%p_ZZ5conv3PA255_A255_fPA32_A5_A5_fPfS1_E7in_tile_0_3_0_load_8 = load i6 %p_ZZ5conv3PA255_A255_fPA32_A5_A5_fPfS1_E7in_tile_0_3_0_addr_8" [src/conv3.cpp:86]   --->   Operation 996 'load' 'p_ZZ5conv3PA255_A255_fPA32_A5_A5_fPfS1_E7in_tile_0_3_0_load_8' <Predicate = true> <Delay = 1.23> <CoreInst = "RAM">   --->   Core 83 'RAM' <Latency = 1> <II = 1> <Delay = 1.23> <Storage> <Opcode : 'load' 'store'> <Ports = 2> <Width = 32> <Depth = 64> <RAM>
ST_16 : Operation 997 [1/2] (1.23ns)   --->   "%p_ZZ5conv3PA255_A255_fPA32_A5_A5_fPfS1_E7in_tile_0_4_0_load_8 = load i6 %p_ZZ5conv3PA255_A255_fPA32_A5_A5_fPfS1_E7in_tile_0_4_0_addr_8" [src/conv3.cpp:86]   --->   Operation 997 'load' 'p_ZZ5conv3PA255_A255_fPA32_A5_A5_fPfS1_E7in_tile_0_4_0_load_8' <Predicate = true> <Delay = 1.23> <CoreInst = "RAM">   --->   Core 83 'RAM' <Latency = 1> <II = 1> <Delay = 1.23> <Storage> <Opcode : 'load' 'store'> <Ports = 2> <Width = 32> <Depth = 64> <RAM>
ST_16 : Operation 998 [1/2] (1.23ns)   --->   "%p_ZZ5conv3PA255_A255_fPA32_A5_A5_fPfS1_E7in_tile_1_0_0_load_8 = load i6 %p_ZZ5conv3PA255_A255_fPA32_A5_A5_fPfS1_E7in_tile_1_0_0_addr_8" [src/conv3.cpp:86]   --->   Operation 998 'load' 'p_ZZ5conv3PA255_A255_fPA32_A5_A5_fPfS1_E7in_tile_1_0_0_load_8' <Predicate = true> <Delay = 1.23> <CoreInst = "RAM">   --->   Core 83 'RAM' <Latency = 1> <II = 1> <Delay = 1.23> <Storage> <Opcode : 'load' 'store'> <Ports = 2> <Width = 32> <Depth = 64> <RAM>
ST_16 : Operation 999 [1/2] (1.23ns)   --->   "%p_ZZ5conv3PA255_A255_fPA32_A5_A5_fPfS1_E7in_tile_1_1_0_load_8 = load i6 %p_ZZ5conv3PA255_A255_fPA32_A5_A5_fPfS1_E7in_tile_1_1_0_addr_8" [src/conv3.cpp:86]   --->   Operation 999 'load' 'p_ZZ5conv3PA255_A255_fPA32_A5_A5_fPfS1_E7in_tile_1_1_0_load_8' <Predicate = true> <Delay = 1.23> <CoreInst = "RAM">   --->   Core 83 'RAM' <Latency = 1> <II = 1> <Delay = 1.23> <Storage> <Opcode : 'load' 'store'> <Ports = 2> <Width = 32> <Depth = 64> <RAM>
ST_16 : Operation 1000 [1/2] (1.23ns)   --->   "%p_ZZ5conv3PA255_A255_fPA32_A5_A5_fPfS1_E7in_tile_1_2_0_load_8 = load i6 %p_ZZ5conv3PA255_A255_fPA32_A5_A5_fPfS1_E7in_tile_1_2_0_addr_8" [src/conv3.cpp:86]   --->   Operation 1000 'load' 'p_ZZ5conv3PA255_A255_fPA32_A5_A5_fPfS1_E7in_tile_1_2_0_load_8' <Predicate = true> <Delay = 1.23> <CoreInst = "RAM">   --->   Core 83 'RAM' <Latency = 1> <II = 1> <Delay = 1.23> <Storage> <Opcode : 'load' 'store'> <Ports = 2> <Width = 32> <Depth = 64> <RAM>
ST_16 : Operation 1001 [1/2] (1.23ns)   --->   "%p_ZZ5conv3PA255_A255_fPA32_A5_A5_fPfS1_E7in_tile_1_3_0_load_8 = load i6 %p_ZZ5conv3PA255_A255_fPA32_A5_A5_fPfS1_E7in_tile_1_3_0_addr_8" [src/conv3.cpp:86]   --->   Operation 1001 'load' 'p_ZZ5conv3PA255_A255_fPA32_A5_A5_fPfS1_E7in_tile_1_3_0_load_8' <Predicate = true> <Delay = 1.23> <CoreInst = "RAM">   --->   Core 83 'RAM' <Latency = 1> <II = 1> <Delay = 1.23> <Storage> <Opcode : 'load' 'store'> <Ports = 2> <Width = 32> <Depth = 64> <RAM>
ST_16 : Operation 1002 [1/2] (1.23ns)   --->   "%p_ZZ5conv3PA255_A255_fPA32_A5_A5_fPfS1_E7in_tile_1_4_0_load_8 = load i6 %p_ZZ5conv3PA255_A255_fPA32_A5_A5_fPfS1_E7in_tile_1_4_0_addr_8" [src/conv3.cpp:86]   --->   Operation 1002 'load' 'p_ZZ5conv3PA255_A255_fPA32_A5_A5_fPfS1_E7in_tile_1_4_0_load_8' <Predicate = true> <Delay = 1.23> <CoreInst = "RAM">   --->   Core 83 'RAM' <Latency = 1> <II = 1> <Delay = 1.23> <Storage> <Opcode : 'load' 'store'> <Ports = 2> <Width = 32> <Depth = 64> <RAM>
ST_16 : Operation 1003 [1/2] (1.23ns)   --->   "%p_ZZ5conv3PA255_A255_fPA32_A5_A5_fPfS1_E7in_tile_2_0_0_load_8 = load i6 %p_ZZ5conv3PA255_A255_fPA32_A5_A5_fPfS1_E7in_tile_2_0_0_addr_8" [src/conv3.cpp:86]   --->   Operation 1003 'load' 'p_ZZ5conv3PA255_A255_fPA32_A5_A5_fPfS1_E7in_tile_2_0_0_load_8' <Predicate = true> <Delay = 1.23> <CoreInst = "RAM">   --->   Core 83 'RAM' <Latency = 1> <II = 1> <Delay = 1.23> <Storage> <Opcode : 'load' 'store'> <Ports = 2> <Width = 32> <Depth = 64> <RAM>
ST_16 : Operation 1004 [1/2] (1.23ns)   --->   "%p_ZZ5conv3PA255_A255_fPA32_A5_A5_fPfS1_E7in_tile_2_1_0_load_8 = load i6 %p_ZZ5conv3PA255_A255_fPA32_A5_A5_fPfS1_E7in_tile_2_1_0_addr_8" [src/conv3.cpp:86]   --->   Operation 1004 'load' 'p_ZZ5conv3PA255_A255_fPA32_A5_A5_fPfS1_E7in_tile_2_1_0_load_8' <Predicate = true> <Delay = 1.23> <CoreInst = "RAM">   --->   Core 83 'RAM' <Latency = 1> <II = 1> <Delay = 1.23> <Storage> <Opcode : 'load' 'store'> <Ports = 2> <Width = 32> <Depth = 64> <RAM>
ST_16 : Operation 1005 [1/2] (1.23ns)   --->   "%p_ZZ5conv3PA255_A255_fPA32_A5_A5_fPfS1_E7in_tile_2_2_0_load_8 = load i6 %p_ZZ5conv3PA255_A255_fPA32_A5_A5_fPfS1_E7in_tile_2_2_0_addr_8" [src/conv3.cpp:86]   --->   Operation 1005 'load' 'p_ZZ5conv3PA255_A255_fPA32_A5_A5_fPfS1_E7in_tile_2_2_0_load_8' <Predicate = true> <Delay = 1.23> <CoreInst = "RAM">   --->   Core 83 'RAM' <Latency = 1> <II = 1> <Delay = 1.23> <Storage> <Opcode : 'load' 'store'> <Ports = 2> <Width = 32> <Depth = 64> <RAM>
ST_16 : Operation 1006 [1/2] (1.23ns)   --->   "%p_ZZ5conv3PA255_A255_fPA32_A5_A5_fPfS1_E7in_tile_2_3_0_load_8 = load i6 %p_ZZ5conv3PA255_A255_fPA32_A5_A5_fPfS1_E7in_tile_2_3_0_addr_8" [src/conv3.cpp:86]   --->   Operation 1006 'load' 'p_ZZ5conv3PA255_A255_fPA32_A5_A5_fPfS1_E7in_tile_2_3_0_load_8' <Predicate = true> <Delay = 1.23> <CoreInst = "RAM">   --->   Core 83 'RAM' <Latency = 1> <II = 1> <Delay = 1.23> <Storage> <Opcode : 'load' 'store'> <Ports = 2> <Width = 32> <Depth = 64> <RAM>
ST_16 : Operation 1007 [1/2] (1.23ns)   --->   "%p_ZZ5conv3PA255_A255_fPA32_A5_A5_fPfS1_E7in_tile_2_4_0_load_8 = load i6 %p_ZZ5conv3PA255_A255_fPA32_A5_A5_fPfS1_E7in_tile_2_4_0_addr_8" [src/conv3.cpp:86]   --->   Operation 1007 'load' 'p_ZZ5conv3PA255_A255_fPA32_A5_A5_fPfS1_E7in_tile_2_4_0_load_8' <Predicate = true> <Delay = 1.23> <CoreInst = "RAM">   --->   Core 83 'RAM' <Latency = 1> <II = 1> <Delay = 1.23> <Storage> <Opcode : 'load' 'store'> <Ports = 2> <Width = 32> <Depth = 64> <RAM>
ST_16 : Operation 1008 [1/2] (1.23ns)   --->   "%p_ZZ5conv3PA255_A255_fPA32_A5_A5_fPfS1_E7in_tile_3_0_0_load_8 = load i6 %p_ZZ5conv3PA255_A255_fPA32_A5_A5_fPfS1_E7in_tile_3_0_0_addr_8" [src/conv3.cpp:86]   --->   Operation 1008 'load' 'p_ZZ5conv3PA255_A255_fPA32_A5_A5_fPfS1_E7in_tile_3_0_0_load_8' <Predicate = true> <Delay = 1.23> <CoreInst = "RAM">   --->   Core 83 'RAM' <Latency = 1> <II = 1> <Delay = 1.23> <Storage> <Opcode : 'load' 'store'> <Ports = 2> <Width = 32> <Depth = 64> <RAM>
ST_16 : Operation 1009 [1/2] (1.23ns)   --->   "%p_ZZ5conv3PA255_A255_fPA32_A5_A5_fPfS1_E7in_tile_3_1_0_load_8 = load i6 %p_ZZ5conv3PA255_A255_fPA32_A5_A5_fPfS1_E7in_tile_3_1_0_addr_8" [src/conv3.cpp:86]   --->   Operation 1009 'load' 'p_ZZ5conv3PA255_A255_fPA32_A5_A5_fPfS1_E7in_tile_3_1_0_load_8' <Predicate = true> <Delay = 1.23> <CoreInst = "RAM">   --->   Core 83 'RAM' <Latency = 1> <II = 1> <Delay = 1.23> <Storage> <Opcode : 'load' 'store'> <Ports = 2> <Width = 32> <Depth = 64> <RAM>
ST_16 : Operation 1010 [1/2] (1.23ns)   --->   "%p_ZZ5conv3PA255_A255_fPA32_A5_A5_fPfS1_E7in_tile_3_2_0_load_8 = load i6 %p_ZZ5conv3PA255_A255_fPA32_A5_A5_fPfS1_E7in_tile_3_2_0_addr_8" [src/conv3.cpp:86]   --->   Operation 1010 'load' 'p_ZZ5conv3PA255_A255_fPA32_A5_A5_fPfS1_E7in_tile_3_2_0_load_8' <Predicate = true> <Delay = 1.23> <CoreInst = "RAM">   --->   Core 83 'RAM' <Latency = 1> <II = 1> <Delay = 1.23> <Storage> <Opcode : 'load' 'store'> <Ports = 2> <Width = 32> <Depth = 64> <RAM>
ST_16 : Operation 1011 [1/2] (1.23ns)   --->   "%p_ZZ5conv3PA255_A255_fPA32_A5_A5_fPfS1_E7in_tile_3_3_0_load_8 = load i6 %p_ZZ5conv3PA255_A255_fPA32_A5_A5_fPfS1_E7in_tile_3_3_0_addr_8" [src/conv3.cpp:86]   --->   Operation 1011 'load' 'p_ZZ5conv3PA255_A255_fPA32_A5_A5_fPfS1_E7in_tile_3_3_0_load_8' <Predicate = true> <Delay = 1.23> <CoreInst = "RAM">   --->   Core 83 'RAM' <Latency = 1> <II = 1> <Delay = 1.23> <Storage> <Opcode : 'load' 'store'> <Ports = 2> <Width = 32> <Depth = 64> <RAM>
ST_16 : Operation 1012 [1/2] (1.23ns)   --->   "%p_ZZ5conv3PA255_A255_fPA32_A5_A5_fPfS1_E7in_tile_3_4_0_load_8 = load i6 %p_ZZ5conv3PA255_A255_fPA32_A5_A5_fPfS1_E7in_tile_3_4_0_addr_8" [src/conv3.cpp:86]   --->   Operation 1012 'load' 'p_ZZ5conv3PA255_A255_fPA32_A5_A5_fPfS1_E7in_tile_3_4_0_load_8' <Predicate = true> <Delay = 1.23> <CoreInst = "RAM">   --->   Core 83 'RAM' <Latency = 1> <II = 1> <Delay = 1.23> <Storage> <Opcode : 'load' 'store'> <Ports = 2> <Width = 32> <Depth = 64> <RAM>
ST_16 : Operation 1013 [1/2] (1.23ns)   --->   "%p_ZZ5conv3PA255_A255_fPA32_A5_A5_fPfS1_E7in_tile_4_0_0_load_8 = load i6 %p_ZZ5conv3PA255_A255_fPA32_A5_A5_fPfS1_E7in_tile_4_0_0_addr_8" [src/conv3.cpp:86]   --->   Operation 1013 'load' 'p_ZZ5conv3PA255_A255_fPA32_A5_A5_fPfS1_E7in_tile_4_0_0_load_8' <Predicate = true> <Delay = 1.23> <CoreInst = "RAM">   --->   Core 83 'RAM' <Latency = 1> <II = 1> <Delay = 1.23> <Storage> <Opcode : 'load' 'store'> <Ports = 2> <Width = 32> <Depth = 64> <RAM>
ST_16 : Operation 1014 [1/2] (1.23ns)   --->   "%p_ZZ5conv3PA255_A255_fPA32_A5_A5_fPfS1_E7in_tile_4_1_0_load_8 = load i6 %p_ZZ5conv3PA255_A255_fPA32_A5_A5_fPfS1_E7in_tile_4_1_0_addr_8" [src/conv3.cpp:86]   --->   Operation 1014 'load' 'p_ZZ5conv3PA255_A255_fPA32_A5_A5_fPfS1_E7in_tile_4_1_0_load_8' <Predicate = true> <Delay = 1.23> <CoreInst = "RAM">   --->   Core 83 'RAM' <Latency = 1> <II = 1> <Delay = 1.23> <Storage> <Opcode : 'load' 'store'> <Ports = 2> <Width = 32> <Depth = 64> <RAM>
ST_16 : Operation 1015 [1/2] (1.23ns)   --->   "%p_ZZ5conv3PA255_A255_fPA32_A5_A5_fPfS1_E7in_tile_4_2_0_load_8 = load i6 %p_ZZ5conv3PA255_A255_fPA32_A5_A5_fPfS1_E7in_tile_4_2_0_addr_8" [src/conv3.cpp:86]   --->   Operation 1015 'load' 'p_ZZ5conv3PA255_A255_fPA32_A5_A5_fPfS1_E7in_tile_4_2_0_load_8' <Predicate = true> <Delay = 1.23> <CoreInst = "RAM">   --->   Core 83 'RAM' <Latency = 1> <II = 1> <Delay = 1.23> <Storage> <Opcode : 'load' 'store'> <Ports = 2> <Width = 32> <Depth = 64> <RAM>
ST_16 : Operation 1016 [1/2] (1.23ns)   --->   "%p_ZZ5conv3PA255_A255_fPA32_A5_A5_fPfS1_E7in_tile_4_3_0_load_8 = load i6 %p_ZZ5conv3PA255_A255_fPA32_A5_A5_fPfS1_E7in_tile_4_3_0_addr_8" [src/conv3.cpp:86]   --->   Operation 1016 'load' 'p_ZZ5conv3PA255_A255_fPA32_A5_A5_fPfS1_E7in_tile_4_3_0_load_8' <Predicate = true> <Delay = 1.23> <CoreInst = "RAM">   --->   Core 83 'RAM' <Latency = 1> <II = 1> <Delay = 1.23> <Storage> <Opcode : 'load' 'store'> <Ports = 2> <Width = 32> <Depth = 64> <RAM>
ST_16 : Operation 1017 [1/2] (1.23ns)   --->   "%p_ZZ5conv3PA255_A255_fPA32_A5_A5_fPfS1_E7in_tile_4_4_0_load_8 = load i6 %p_ZZ5conv3PA255_A255_fPA32_A5_A5_fPfS1_E7in_tile_4_4_0_addr_8" [src/conv3.cpp:86]   --->   Operation 1017 'load' 'p_ZZ5conv3PA255_A255_fPA32_A5_A5_fPfS1_E7in_tile_4_4_0_load_8' <Predicate = true> <Delay = 1.23> <CoreInst = "RAM">   --->   Core 83 'RAM' <Latency = 1> <II = 1> <Delay = 1.23> <Storage> <Opcode : 'load' 'store'> <Ports = 2> <Width = 32> <Depth = 64> <RAM>
ST_16 : Operation 1018 [2/2] (1.23ns)   --->   "%p_ZZ5conv3PA255_A255_fPA32_A5_A5_fPfS1_E7in_tile_0_0_0_load_9 = load i6 %p_ZZ5conv3PA255_A255_fPA32_A5_A5_fPfS1_E7in_tile_0_0_0_addr_9" [src/conv3.cpp:86]   --->   Operation 1018 'load' 'p_ZZ5conv3PA255_A255_fPA32_A5_A5_fPfS1_E7in_tile_0_0_0_load_9' <Predicate = true> <Delay = 1.23> <CoreInst = "RAM">   --->   Core 83 'RAM' <Latency = 1> <II = 1> <Delay = 1.23> <Storage> <Opcode : 'load' 'store'> <Ports = 2> <Width = 32> <Depth = 64> <RAM>
ST_16 : Operation 1019 [2/2] (1.23ns)   --->   "%p_ZZ5conv3PA255_A255_fPA32_A5_A5_fPfS1_E7in_tile_0_1_0_load_9 = load i6 %p_ZZ5conv3PA255_A255_fPA32_A5_A5_fPfS1_E7in_tile_0_1_0_addr_9" [src/conv3.cpp:86]   --->   Operation 1019 'load' 'p_ZZ5conv3PA255_A255_fPA32_A5_A5_fPfS1_E7in_tile_0_1_0_load_9' <Predicate = true> <Delay = 1.23> <CoreInst = "RAM">   --->   Core 83 'RAM' <Latency = 1> <II = 1> <Delay = 1.23> <Storage> <Opcode : 'load' 'store'> <Ports = 2> <Width = 32> <Depth = 64> <RAM>
ST_16 : Operation 1020 [2/2] (1.23ns)   --->   "%p_ZZ5conv3PA255_A255_fPA32_A5_A5_fPfS1_E7in_tile_0_2_0_load_9 = load i6 %p_ZZ5conv3PA255_A255_fPA32_A5_A5_fPfS1_E7in_tile_0_2_0_addr_9" [src/conv3.cpp:86]   --->   Operation 1020 'load' 'p_ZZ5conv3PA255_A255_fPA32_A5_A5_fPfS1_E7in_tile_0_2_0_load_9' <Predicate = true> <Delay = 1.23> <CoreInst = "RAM">   --->   Core 83 'RAM' <Latency = 1> <II = 1> <Delay = 1.23> <Storage> <Opcode : 'load' 'store'> <Ports = 2> <Width = 32> <Depth = 64> <RAM>
ST_16 : Operation 1021 [2/2] (1.23ns)   --->   "%p_ZZ5conv3PA255_A255_fPA32_A5_A5_fPfS1_E7in_tile_0_3_0_load_9 = load i6 %p_ZZ5conv3PA255_A255_fPA32_A5_A5_fPfS1_E7in_tile_0_3_0_addr_9" [src/conv3.cpp:86]   --->   Operation 1021 'load' 'p_ZZ5conv3PA255_A255_fPA32_A5_A5_fPfS1_E7in_tile_0_3_0_load_9' <Predicate = true> <Delay = 1.23> <CoreInst = "RAM">   --->   Core 83 'RAM' <Latency = 1> <II = 1> <Delay = 1.23> <Storage> <Opcode : 'load' 'store'> <Ports = 2> <Width = 32> <Depth = 64> <RAM>
ST_16 : Operation 1022 [2/2] (1.23ns)   --->   "%p_ZZ5conv3PA255_A255_fPA32_A5_A5_fPfS1_E7in_tile_0_4_0_load_9 = load i6 %p_ZZ5conv3PA255_A255_fPA32_A5_A5_fPfS1_E7in_tile_0_4_0_addr_9" [src/conv3.cpp:86]   --->   Operation 1022 'load' 'p_ZZ5conv3PA255_A255_fPA32_A5_A5_fPfS1_E7in_tile_0_4_0_load_9' <Predicate = true> <Delay = 1.23> <CoreInst = "RAM">   --->   Core 83 'RAM' <Latency = 1> <II = 1> <Delay = 1.23> <Storage> <Opcode : 'load' 'store'> <Ports = 2> <Width = 32> <Depth = 64> <RAM>
ST_16 : Operation 1023 [2/2] (1.23ns)   --->   "%p_ZZ5conv3PA255_A255_fPA32_A5_A5_fPfS1_E7in_tile_1_0_0_load_9 = load i6 %p_ZZ5conv3PA255_A255_fPA32_A5_A5_fPfS1_E7in_tile_1_0_0_addr_9" [src/conv3.cpp:86]   --->   Operation 1023 'load' 'p_ZZ5conv3PA255_A255_fPA32_A5_A5_fPfS1_E7in_tile_1_0_0_load_9' <Predicate = true> <Delay = 1.23> <CoreInst = "RAM">   --->   Core 83 'RAM' <Latency = 1> <II = 1> <Delay = 1.23> <Storage> <Opcode : 'load' 'store'> <Ports = 2> <Width = 32> <Depth = 64> <RAM>
ST_16 : Operation 1024 [2/2] (1.23ns)   --->   "%p_ZZ5conv3PA255_A255_fPA32_A5_A5_fPfS1_E7in_tile_1_1_0_load_9 = load i6 %p_ZZ5conv3PA255_A255_fPA32_A5_A5_fPfS1_E7in_tile_1_1_0_addr_9" [src/conv3.cpp:86]   --->   Operation 1024 'load' 'p_ZZ5conv3PA255_A255_fPA32_A5_A5_fPfS1_E7in_tile_1_1_0_load_9' <Predicate = true> <Delay = 1.23> <CoreInst = "RAM">   --->   Core 83 'RAM' <Latency = 1> <II = 1> <Delay = 1.23> <Storage> <Opcode : 'load' 'store'> <Ports = 2> <Width = 32> <Depth = 64> <RAM>
ST_16 : Operation 1025 [2/2] (1.23ns)   --->   "%p_ZZ5conv3PA255_A255_fPA32_A5_A5_fPfS1_E7in_tile_1_2_0_load_9 = load i6 %p_ZZ5conv3PA255_A255_fPA32_A5_A5_fPfS1_E7in_tile_1_2_0_addr_9" [src/conv3.cpp:86]   --->   Operation 1025 'load' 'p_ZZ5conv3PA255_A255_fPA32_A5_A5_fPfS1_E7in_tile_1_2_0_load_9' <Predicate = true> <Delay = 1.23> <CoreInst = "RAM">   --->   Core 83 'RAM' <Latency = 1> <II = 1> <Delay = 1.23> <Storage> <Opcode : 'load' 'store'> <Ports = 2> <Width = 32> <Depth = 64> <RAM>
ST_16 : Operation 1026 [2/2] (1.23ns)   --->   "%p_ZZ5conv3PA255_A255_fPA32_A5_A5_fPfS1_E7in_tile_1_3_0_load_9 = load i6 %p_ZZ5conv3PA255_A255_fPA32_A5_A5_fPfS1_E7in_tile_1_3_0_addr_9" [src/conv3.cpp:86]   --->   Operation 1026 'load' 'p_ZZ5conv3PA255_A255_fPA32_A5_A5_fPfS1_E7in_tile_1_3_0_load_9' <Predicate = true> <Delay = 1.23> <CoreInst = "RAM">   --->   Core 83 'RAM' <Latency = 1> <II = 1> <Delay = 1.23> <Storage> <Opcode : 'load' 'store'> <Ports = 2> <Width = 32> <Depth = 64> <RAM>
ST_16 : Operation 1027 [2/2] (1.23ns)   --->   "%p_ZZ5conv3PA255_A255_fPA32_A5_A5_fPfS1_E7in_tile_1_4_0_load_9 = load i6 %p_ZZ5conv3PA255_A255_fPA32_A5_A5_fPfS1_E7in_tile_1_4_0_addr_9" [src/conv3.cpp:86]   --->   Operation 1027 'load' 'p_ZZ5conv3PA255_A255_fPA32_A5_A5_fPfS1_E7in_tile_1_4_0_load_9' <Predicate = true> <Delay = 1.23> <CoreInst = "RAM">   --->   Core 83 'RAM' <Latency = 1> <II = 1> <Delay = 1.23> <Storage> <Opcode : 'load' 'store'> <Ports = 2> <Width = 32> <Depth = 64> <RAM>
ST_16 : Operation 1028 [2/2] (1.23ns)   --->   "%p_ZZ5conv3PA255_A255_fPA32_A5_A5_fPfS1_E7in_tile_2_0_0_load_9 = load i6 %p_ZZ5conv3PA255_A255_fPA32_A5_A5_fPfS1_E7in_tile_2_0_0_addr_9" [src/conv3.cpp:86]   --->   Operation 1028 'load' 'p_ZZ5conv3PA255_A255_fPA32_A5_A5_fPfS1_E7in_tile_2_0_0_load_9' <Predicate = true> <Delay = 1.23> <CoreInst = "RAM">   --->   Core 83 'RAM' <Latency = 1> <II = 1> <Delay = 1.23> <Storage> <Opcode : 'load' 'store'> <Ports = 2> <Width = 32> <Depth = 64> <RAM>
ST_16 : Operation 1029 [2/2] (1.23ns)   --->   "%p_ZZ5conv3PA255_A255_fPA32_A5_A5_fPfS1_E7in_tile_2_1_0_load_9 = load i6 %p_ZZ5conv3PA255_A255_fPA32_A5_A5_fPfS1_E7in_tile_2_1_0_addr_9" [src/conv3.cpp:86]   --->   Operation 1029 'load' 'p_ZZ5conv3PA255_A255_fPA32_A5_A5_fPfS1_E7in_tile_2_1_0_load_9' <Predicate = true> <Delay = 1.23> <CoreInst = "RAM">   --->   Core 83 'RAM' <Latency = 1> <II = 1> <Delay = 1.23> <Storage> <Opcode : 'load' 'store'> <Ports = 2> <Width = 32> <Depth = 64> <RAM>
ST_16 : Operation 1030 [2/2] (1.23ns)   --->   "%p_ZZ5conv3PA255_A255_fPA32_A5_A5_fPfS1_E7in_tile_2_2_0_load_9 = load i6 %p_ZZ5conv3PA255_A255_fPA32_A5_A5_fPfS1_E7in_tile_2_2_0_addr_9" [src/conv3.cpp:86]   --->   Operation 1030 'load' 'p_ZZ5conv3PA255_A255_fPA32_A5_A5_fPfS1_E7in_tile_2_2_0_load_9' <Predicate = true> <Delay = 1.23> <CoreInst = "RAM">   --->   Core 83 'RAM' <Latency = 1> <II = 1> <Delay = 1.23> <Storage> <Opcode : 'load' 'store'> <Ports = 2> <Width = 32> <Depth = 64> <RAM>
ST_16 : Operation 1031 [2/2] (1.23ns)   --->   "%p_ZZ5conv3PA255_A255_fPA32_A5_A5_fPfS1_E7in_tile_2_3_0_load_9 = load i6 %p_ZZ5conv3PA255_A255_fPA32_A5_A5_fPfS1_E7in_tile_2_3_0_addr_9" [src/conv3.cpp:86]   --->   Operation 1031 'load' 'p_ZZ5conv3PA255_A255_fPA32_A5_A5_fPfS1_E7in_tile_2_3_0_load_9' <Predicate = true> <Delay = 1.23> <CoreInst = "RAM">   --->   Core 83 'RAM' <Latency = 1> <II = 1> <Delay = 1.23> <Storage> <Opcode : 'load' 'store'> <Ports = 2> <Width = 32> <Depth = 64> <RAM>
ST_16 : Operation 1032 [2/2] (1.23ns)   --->   "%p_ZZ5conv3PA255_A255_fPA32_A5_A5_fPfS1_E7in_tile_2_4_0_load_9 = load i6 %p_ZZ5conv3PA255_A255_fPA32_A5_A5_fPfS1_E7in_tile_2_4_0_addr_9" [src/conv3.cpp:86]   --->   Operation 1032 'load' 'p_ZZ5conv3PA255_A255_fPA32_A5_A5_fPfS1_E7in_tile_2_4_0_load_9' <Predicate = true> <Delay = 1.23> <CoreInst = "RAM">   --->   Core 83 'RAM' <Latency = 1> <II = 1> <Delay = 1.23> <Storage> <Opcode : 'load' 'store'> <Ports = 2> <Width = 32> <Depth = 64> <RAM>
ST_16 : Operation 1033 [2/2] (1.23ns)   --->   "%p_ZZ5conv3PA255_A255_fPA32_A5_A5_fPfS1_E7in_tile_3_0_0_load_9 = load i6 %p_ZZ5conv3PA255_A255_fPA32_A5_A5_fPfS1_E7in_tile_3_0_0_addr_9" [src/conv3.cpp:86]   --->   Operation 1033 'load' 'p_ZZ5conv3PA255_A255_fPA32_A5_A5_fPfS1_E7in_tile_3_0_0_load_9' <Predicate = true> <Delay = 1.23> <CoreInst = "RAM">   --->   Core 83 'RAM' <Latency = 1> <II = 1> <Delay = 1.23> <Storage> <Opcode : 'load' 'store'> <Ports = 2> <Width = 32> <Depth = 64> <RAM>
ST_16 : Operation 1034 [2/2] (1.23ns)   --->   "%p_ZZ5conv3PA255_A255_fPA32_A5_A5_fPfS1_E7in_tile_3_1_0_load_9 = load i6 %p_ZZ5conv3PA255_A255_fPA32_A5_A5_fPfS1_E7in_tile_3_1_0_addr_9" [src/conv3.cpp:86]   --->   Operation 1034 'load' 'p_ZZ5conv3PA255_A255_fPA32_A5_A5_fPfS1_E7in_tile_3_1_0_load_9' <Predicate = true> <Delay = 1.23> <CoreInst = "RAM">   --->   Core 83 'RAM' <Latency = 1> <II = 1> <Delay = 1.23> <Storage> <Opcode : 'load' 'store'> <Ports = 2> <Width = 32> <Depth = 64> <RAM>
ST_16 : Operation 1035 [2/2] (1.23ns)   --->   "%p_ZZ5conv3PA255_A255_fPA32_A5_A5_fPfS1_E7in_tile_3_2_0_load_9 = load i6 %p_ZZ5conv3PA255_A255_fPA32_A5_A5_fPfS1_E7in_tile_3_2_0_addr_9" [src/conv3.cpp:86]   --->   Operation 1035 'load' 'p_ZZ5conv3PA255_A255_fPA32_A5_A5_fPfS1_E7in_tile_3_2_0_load_9' <Predicate = true> <Delay = 1.23> <CoreInst = "RAM">   --->   Core 83 'RAM' <Latency = 1> <II = 1> <Delay = 1.23> <Storage> <Opcode : 'load' 'store'> <Ports = 2> <Width = 32> <Depth = 64> <RAM>
ST_16 : Operation 1036 [2/2] (1.23ns)   --->   "%p_ZZ5conv3PA255_A255_fPA32_A5_A5_fPfS1_E7in_tile_3_3_0_load_9 = load i6 %p_ZZ5conv3PA255_A255_fPA32_A5_A5_fPfS1_E7in_tile_3_3_0_addr_9" [src/conv3.cpp:86]   --->   Operation 1036 'load' 'p_ZZ5conv3PA255_A255_fPA32_A5_A5_fPfS1_E7in_tile_3_3_0_load_9' <Predicate = true> <Delay = 1.23> <CoreInst = "RAM">   --->   Core 83 'RAM' <Latency = 1> <II = 1> <Delay = 1.23> <Storage> <Opcode : 'load' 'store'> <Ports = 2> <Width = 32> <Depth = 64> <RAM>
ST_16 : Operation 1037 [2/2] (1.23ns)   --->   "%p_ZZ5conv3PA255_A255_fPA32_A5_A5_fPfS1_E7in_tile_3_4_0_load_9 = load i6 %p_ZZ5conv3PA255_A255_fPA32_A5_A5_fPfS1_E7in_tile_3_4_0_addr_9" [src/conv3.cpp:86]   --->   Operation 1037 'load' 'p_ZZ5conv3PA255_A255_fPA32_A5_A5_fPfS1_E7in_tile_3_4_0_load_9' <Predicate = true> <Delay = 1.23> <CoreInst = "RAM">   --->   Core 83 'RAM' <Latency = 1> <II = 1> <Delay = 1.23> <Storage> <Opcode : 'load' 'store'> <Ports = 2> <Width = 32> <Depth = 64> <RAM>
ST_16 : Operation 1038 [2/2] (1.23ns)   --->   "%p_ZZ5conv3PA255_A255_fPA32_A5_A5_fPfS1_E7in_tile_4_0_0_load_9 = load i6 %p_ZZ5conv3PA255_A255_fPA32_A5_A5_fPfS1_E7in_tile_4_0_0_addr_9" [src/conv3.cpp:86]   --->   Operation 1038 'load' 'p_ZZ5conv3PA255_A255_fPA32_A5_A5_fPfS1_E7in_tile_4_0_0_load_9' <Predicate = true> <Delay = 1.23> <CoreInst = "RAM">   --->   Core 83 'RAM' <Latency = 1> <II = 1> <Delay = 1.23> <Storage> <Opcode : 'load' 'store'> <Ports = 2> <Width = 32> <Depth = 64> <RAM>
ST_16 : Operation 1039 [2/2] (1.23ns)   --->   "%p_ZZ5conv3PA255_A255_fPA32_A5_A5_fPfS1_E7in_tile_4_1_0_load_9 = load i6 %p_ZZ5conv3PA255_A255_fPA32_A5_A5_fPfS1_E7in_tile_4_1_0_addr_9" [src/conv3.cpp:86]   --->   Operation 1039 'load' 'p_ZZ5conv3PA255_A255_fPA32_A5_A5_fPfS1_E7in_tile_4_1_0_load_9' <Predicate = true> <Delay = 1.23> <CoreInst = "RAM">   --->   Core 83 'RAM' <Latency = 1> <II = 1> <Delay = 1.23> <Storage> <Opcode : 'load' 'store'> <Ports = 2> <Width = 32> <Depth = 64> <RAM>
ST_16 : Operation 1040 [2/2] (1.23ns)   --->   "%p_ZZ5conv3PA255_A255_fPA32_A5_A5_fPfS1_E7in_tile_4_2_0_load_9 = load i6 %p_ZZ5conv3PA255_A255_fPA32_A5_A5_fPfS1_E7in_tile_4_2_0_addr_9" [src/conv3.cpp:86]   --->   Operation 1040 'load' 'p_ZZ5conv3PA255_A255_fPA32_A5_A5_fPfS1_E7in_tile_4_2_0_load_9' <Predicate = true> <Delay = 1.23> <CoreInst = "RAM">   --->   Core 83 'RAM' <Latency = 1> <II = 1> <Delay = 1.23> <Storage> <Opcode : 'load' 'store'> <Ports = 2> <Width = 32> <Depth = 64> <RAM>
ST_16 : Operation 1041 [2/2] (1.23ns)   --->   "%p_ZZ5conv3PA255_A255_fPA32_A5_A5_fPfS1_E7in_tile_4_3_0_load_9 = load i6 %p_ZZ5conv3PA255_A255_fPA32_A5_A5_fPfS1_E7in_tile_4_3_0_addr_9" [src/conv3.cpp:86]   --->   Operation 1041 'load' 'p_ZZ5conv3PA255_A255_fPA32_A5_A5_fPfS1_E7in_tile_4_3_0_load_9' <Predicate = true> <Delay = 1.23> <CoreInst = "RAM">   --->   Core 83 'RAM' <Latency = 1> <II = 1> <Delay = 1.23> <Storage> <Opcode : 'load' 'store'> <Ports = 2> <Width = 32> <Depth = 64> <RAM>
ST_16 : Operation 1042 [2/2] (1.23ns)   --->   "%p_ZZ5conv3PA255_A255_fPA32_A5_A5_fPfS1_E7in_tile_4_4_0_load_9 = load i6 %p_ZZ5conv3PA255_A255_fPA32_A5_A5_fPfS1_E7in_tile_4_4_0_addr_9" [src/conv3.cpp:86]   --->   Operation 1042 'load' 'p_ZZ5conv3PA255_A255_fPA32_A5_A5_fPfS1_E7in_tile_4_4_0_load_9' <Predicate = true> <Delay = 1.23> <CoreInst = "RAM">   --->   Core 83 'RAM' <Latency = 1> <II = 1> <Delay = 1.23> <Storage> <Opcode : 'load' 'store'> <Ports = 2> <Width = 32> <Depth = 64> <RAM>
ST_16 : Operation 1043 [2/2] (1.23ns)   --->   "%p_ZZ5conv3PA255_A255_fPA32_A5_A5_fPfS1_E7in_tile_0_0_0_load_10 = load i6 %p_ZZ5conv3PA255_A255_fPA32_A5_A5_fPfS1_E7in_tile_0_0_0_addr_10" [src/conv3.cpp:86]   --->   Operation 1043 'load' 'p_ZZ5conv3PA255_A255_fPA32_A5_A5_fPfS1_E7in_tile_0_0_0_load_10' <Predicate = true> <Delay = 1.23> <CoreInst = "RAM">   --->   Core 83 'RAM' <Latency = 1> <II = 1> <Delay = 1.23> <Storage> <Opcode : 'load' 'store'> <Ports = 2> <Width = 32> <Depth = 64> <RAM>
ST_16 : Operation 1044 [2/2] (1.23ns)   --->   "%p_ZZ5conv3PA255_A255_fPA32_A5_A5_fPfS1_E7in_tile_0_1_0_load_10 = load i6 %p_ZZ5conv3PA255_A255_fPA32_A5_A5_fPfS1_E7in_tile_0_1_0_addr_10" [src/conv3.cpp:86]   --->   Operation 1044 'load' 'p_ZZ5conv3PA255_A255_fPA32_A5_A5_fPfS1_E7in_tile_0_1_0_load_10' <Predicate = true> <Delay = 1.23> <CoreInst = "RAM">   --->   Core 83 'RAM' <Latency = 1> <II = 1> <Delay = 1.23> <Storage> <Opcode : 'load' 'store'> <Ports = 2> <Width = 32> <Depth = 64> <RAM>
ST_16 : Operation 1045 [2/2] (1.23ns)   --->   "%p_ZZ5conv3PA255_A255_fPA32_A5_A5_fPfS1_E7in_tile_0_2_0_load_10 = load i6 %p_ZZ5conv3PA255_A255_fPA32_A5_A5_fPfS1_E7in_tile_0_2_0_addr_10" [src/conv3.cpp:86]   --->   Operation 1045 'load' 'p_ZZ5conv3PA255_A255_fPA32_A5_A5_fPfS1_E7in_tile_0_2_0_load_10' <Predicate = true> <Delay = 1.23> <CoreInst = "RAM">   --->   Core 83 'RAM' <Latency = 1> <II = 1> <Delay = 1.23> <Storage> <Opcode : 'load' 'store'> <Ports = 2> <Width = 32> <Depth = 64> <RAM>
ST_16 : Operation 1046 [2/2] (1.23ns)   --->   "%p_ZZ5conv3PA255_A255_fPA32_A5_A5_fPfS1_E7in_tile_0_3_0_load_10 = load i6 %p_ZZ5conv3PA255_A255_fPA32_A5_A5_fPfS1_E7in_tile_0_3_0_addr_10" [src/conv3.cpp:86]   --->   Operation 1046 'load' 'p_ZZ5conv3PA255_A255_fPA32_A5_A5_fPfS1_E7in_tile_0_3_0_load_10' <Predicate = true> <Delay = 1.23> <CoreInst = "RAM">   --->   Core 83 'RAM' <Latency = 1> <II = 1> <Delay = 1.23> <Storage> <Opcode : 'load' 'store'> <Ports = 2> <Width = 32> <Depth = 64> <RAM>
ST_16 : Operation 1047 [2/2] (1.23ns)   --->   "%p_ZZ5conv3PA255_A255_fPA32_A5_A5_fPfS1_E7in_tile_0_4_0_load_10 = load i6 %p_ZZ5conv3PA255_A255_fPA32_A5_A5_fPfS1_E7in_tile_0_4_0_addr_10" [src/conv3.cpp:86]   --->   Operation 1047 'load' 'p_ZZ5conv3PA255_A255_fPA32_A5_A5_fPfS1_E7in_tile_0_4_0_load_10' <Predicate = true> <Delay = 1.23> <CoreInst = "RAM">   --->   Core 83 'RAM' <Latency = 1> <II = 1> <Delay = 1.23> <Storage> <Opcode : 'load' 'store'> <Ports = 2> <Width = 32> <Depth = 64> <RAM>
ST_16 : Operation 1048 [2/2] (1.23ns)   --->   "%p_ZZ5conv3PA255_A255_fPA32_A5_A5_fPfS1_E7in_tile_1_0_0_load_10 = load i6 %p_ZZ5conv3PA255_A255_fPA32_A5_A5_fPfS1_E7in_tile_1_0_0_addr_10" [src/conv3.cpp:86]   --->   Operation 1048 'load' 'p_ZZ5conv3PA255_A255_fPA32_A5_A5_fPfS1_E7in_tile_1_0_0_load_10' <Predicate = true> <Delay = 1.23> <CoreInst = "RAM">   --->   Core 83 'RAM' <Latency = 1> <II = 1> <Delay = 1.23> <Storage> <Opcode : 'load' 'store'> <Ports = 2> <Width = 32> <Depth = 64> <RAM>
ST_16 : Operation 1049 [2/2] (1.23ns)   --->   "%p_ZZ5conv3PA255_A255_fPA32_A5_A5_fPfS1_E7in_tile_1_1_0_load_10 = load i6 %p_ZZ5conv3PA255_A255_fPA32_A5_A5_fPfS1_E7in_tile_1_1_0_addr_10" [src/conv3.cpp:86]   --->   Operation 1049 'load' 'p_ZZ5conv3PA255_A255_fPA32_A5_A5_fPfS1_E7in_tile_1_1_0_load_10' <Predicate = true> <Delay = 1.23> <CoreInst = "RAM">   --->   Core 83 'RAM' <Latency = 1> <II = 1> <Delay = 1.23> <Storage> <Opcode : 'load' 'store'> <Ports = 2> <Width = 32> <Depth = 64> <RAM>
ST_16 : Operation 1050 [2/2] (1.23ns)   --->   "%p_ZZ5conv3PA255_A255_fPA32_A5_A5_fPfS1_E7in_tile_1_2_0_load_10 = load i6 %p_ZZ5conv3PA255_A255_fPA32_A5_A5_fPfS1_E7in_tile_1_2_0_addr_10" [src/conv3.cpp:86]   --->   Operation 1050 'load' 'p_ZZ5conv3PA255_A255_fPA32_A5_A5_fPfS1_E7in_tile_1_2_0_load_10' <Predicate = true> <Delay = 1.23> <CoreInst = "RAM">   --->   Core 83 'RAM' <Latency = 1> <II = 1> <Delay = 1.23> <Storage> <Opcode : 'load' 'store'> <Ports = 2> <Width = 32> <Depth = 64> <RAM>
ST_16 : Operation 1051 [2/2] (1.23ns)   --->   "%p_ZZ5conv3PA255_A255_fPA32_A5_A5_fPfS1_E7in_tile_1_3_0_load_10 = load i6 %p_ZZ5conv3PA255_A255_fPA32_A5_A5_fPfS1_E7in_tile_1_3_0_addr_10" [src/conv3.cpp:86]   --->   Operation 1051 'load' 'p_ZZ5conv3PA255_A255_fPA32_A5_A5_fPfS1_E7in_tile_1_3_0_load_10' <Predicate = true> <Delay = 1.23> <CoreInst = "RAM">   --->   Core 83 'RAM' <Latency = 1> <II = 1> <Delay = 1.23> <Storage> <Opcode : 'load' 'store'> <Ports = 2> <Width = 32> <Depth = 64> <RAM>
ST_16 : Operation 1052 [2/2] (1.23ns)   --->   "%p_ZZ5conv3PA255_A255_fPA32_A5_A5_fPfS1_E7in_tile_1_4_0_load_10 = load i6 %p_ZZ5conv3PA255_A255_fPA32_A5_A5_fPfS1_E7in_tile_1_4_0_addr_10" [src/conv3.cpp:86]   --->   Operation 1052 'load' 'p_ZZ5conv3PA255_A255_fPA32_A5_A5_fPfS1_E7in_tile_1_4_0_load_10' <Predicate = true> <Delay = 1.23> <CoreInst = "RAM">   --->   Core 83 'RAM' <Latency = 1> <II = 1> <Delay = 1.23> <Storage> <Opcode : 'load' 'store'> <Ports = 2> <Width = 32> <Depth = 64> <RAM>
ST_16 : Operation 1053 [2/2] (1.23ns)   --->   "%p_ZZ5conv3PA255_A255_fPA32_A5_A5_fPfS1_E7in_tile_2_0_0_load_10 = load i6 %p_ZZ5conv3PA255_A255_fPA32_A5_A5_fPfS1_E7in_tile_2_0_0_addr_10" [src/conv3.cpp:86]   --->   Operation 1053 'load' 'p_ZZ5conv3PA255_A255_fPA32_A5_A5_fPfS1_E7in_tile_2_0_0_load_10' <Predicate = true> <Delay = 1.23> <CoreInst = "RAM">   --->   Core 83 'RAM' <Latency = 1> <II = 1> <Delay = 1.23> <Storage> <Opcode : 'load' 'store'> <Ports = 2> <Width = 32> <Depth = 64> <RAM>
ST_16 : Operation 1054 [2/2] (1.23ns)   --->   "%p_ZZ5conv3PA255_A255_fPA32_A5_A5_fPfS1_E7in_tile_2_1_0_load_10 = load i6 %p_ZZ5conv3PA255_A255_fPA32_A5_A5_fPfS1_E7in_tile_2_1_0_addr_10" [src/conv3.cpp:86]   --->   Operation 1054 'load' 'p_ZZ5conv3PA255_A255_fPA32_A5_A5_fPfS1_E7in_tile_2_1_0_load_10' <Predicate = true> <Delay = 1.23> <CoreInst = "RAM">   --->   Core 83 'RAM' <Latency = 1> <II = 1> <Delay = 1.23> <Storage> <Opcode : 'load' 'store'> <Ports = 2> <Width = 32> <Depth = 64> <RAM>
ST_16 : Operation 1055 [2/2] (1.23ns)   --->   "%p_ZZ5conv3PA255_A255_fPA32_A5_A5_fPfS1_E7in_tile_2_2_0_load_10 = load i6 %p_ZZ5conv3PA255_A255_fPA32_A5_A5_fPfS1_E7in_tile_2_2_0_addr_10" [src/conv3.cpp:86]   --->   Operation 1055 'load' 'p_ZZ5conv3PA255_A255_fPA32_A5_A5_fPfS1_E7in_tile_2_2_0_load_10' <Predicate = true> <Delay = 1.23> <CoreInst = "RAM">   --->   Core 83 'RAM' <Latency = 1> <II = 1> <Delay = 1.23> <Storage> <Opcode : 'load' 'store'> <Ports = 2> <Width = 32> <Depth = 64> <RAM>
ST_16 : Operation 1056 [2/2] (1.23ns)   --->   "%p_ZZ5conv3PA255_A255_fPA32_A5_A5_fPfS1_E7in_tile_2_3_0_load_10 = load i6 %p_ZZ5conv3PA255_A255_fPA32_A5_A5_fPfS1_E7in_tile_2_3_0_addr_10" [src/conv3.cpp:86]   --->   Operation 1056 'load' 'p_ZZ5conv3PA255_A255_fPA32_A5_A5_fPfS1_E7in_tile_2_3_0_load_10' <Predicate = true> <Delay = 1.23> <CoreInst = "RAM">   --->   Core 83 'RAM' <Latency = 1> <II = 1> <Delay = 1.23> <Storage> <Opcode : 'load' 'store'> <Ports = 2> <Width = 32> <Depth = 64> <RAM>
ST_16 : Operation 1057 [2/2] (1.23ns)   --->   "%p_ZZ5conv3PA255_A255_fPA32_A5_A5_fPfS1_E7in_tile_2_4_0_load_10 = load i6 %p_ZZ5conv3PA255_A255_fPA32_A5_A5_fPfS1_E7in_tile_2_4_0_addr_10" [src/conv3.cpp:86]   --->   Operation 1057 'load' 'p_ZZ5conv3PA255_A255_fPA32_A5_A5_fPfS1_E7in_tile_2_4_0_load_10' <Predicate = true> <Delay = 1.23> <CoreInst = "RAM">   --->   Core 83 'RAM' <Latency = 1> <II = 1> <Delay = 1.23> <Storage> <Opcode : 'load' 'store'> <Ports = 2> <Width = 32> <Depth = 64> <RAM>
ST_16 : Operation 1058 [2/2] (1.23ns)   --->   "%p_ZZ5conv3PA255_A255_fPA32_A5_A5_fPfS1_E7in_tile_3_0_0_load_10 = load i6 %p_ZZ5conv3PA255_A255_fPA32_A5_A5_fPfS1_E7in_tile_3_0_0_addr_10" [src/conv3.cpp:86]   --->   Operation 1058 'load' 'p_ZZ5conv3PA255_A255_fPA32_A5_A5_fPfS1_E7in_tile_3_0_0_load_10' <Predicate = true> <Delay = 1.23> <CoreInst = "RAM">   --->   Core 83 'RAM' <Latency = 1> <II = 1> <Delay = 1.23> <Storage> <Opcode : 'load' 'store'> <Ports = 2> <Width = 32> <Depth = 64> <RAM>
ST_16 : Operation 1059 [2/2] (1.23ns)   --->   "%p_ZZ5conv3PA255_A255_fPA32_A5_A5_fPfS1_E7in_tile_3_1_0_load_10 = load i6 %p_ZZ5conv3PA255_A255_fPA32_A5_A5_fPfS1_E7in_tile_3_1_0_addr_10" [src/conv3.cpp:86]   --->   Operation 1059 'load' 'p_ZZ5conv3PA255_A255_fPA32_A5_A5_fPfS1_E7in_tile_3_1_0_load_10' <Predicate = true> <Delay = 1.23> <CoreInst = "RAM">   --->   Core 83 'RAM' <Latency = 1> <II = 1> <Delay = 1.23> <Storage> <Opcode : 'load' 'store'> <Ports = 2> <Width = 32> <Depth = 64> <RAM>
ST_16 : Operation 1060 [2/2] (1.23ns)   --->   "%p_ZZ5conv3PA255_A255_fPA32_A5_A5_fPfS1_E7in_tile_3_2_0_load_10 = load i6 %p_ZZ5conv3PA255_A255_fPA32_A5_A5_fPfS1_E7in_tile_3_2_0_addr_10" [src/conv3.cpp:86]   --->   Operation 1060 'load' 'p_ZZ5conv3PA255_A255_fPA32_A5_A5_fPfS1_E7in_tile_3_2_0_load_10' <Predicate = true> <Delay = 1.23> <CoreInst = "RAM">   --->   Core 83 'RAM' <Latency = 1> <II = 1> <Delay = 1.23> <Storage> <Opcode : 'load' 'store'> <Ports = 2> <Width = 32> <Depth = 64> <RAM>
ST_16 : Operation 1061 [2/2] (1.23ns)   --->   "%p_ZZ5conv3PA255_A255_fPA32_A5_A5_fPfS1_E7in_tile_3_3_0_load_10 = load i6 %p_ZZ5conv3PA255_A255_fPA32_A5_A5_fPfS1_E7in_tile_3_3_0_addr_10" [src/conv3.cpp:86]   --->   Operation 1061 'load' 'p_ZZ5conv3PA255_A255_fPA32_A5_A5_fPfS1_E7in_tile_3_3_0_load_10' <Predicate = true> <Delay = 1.23> <CoreInst = "RAM">   --->   Core 83 'RAM' <Latency = 1> <II = 1> <Delay = 1.23> <Storage> <Opcode : 'load' 'store'> <Ports = 2> <Width = 32> <Depth = 64> <RAM>
ST_16 : Operation 1062 [2/2] (1.23ns)   --->   "%p_ZZ5conv3PA255_A255_fPA32_A5_A5_fPfS1_E7in_tile_3_4_0_load_10 = load i6 %p_ZZ5conv3PA255_A255_fPA32_A5_A5_fPfS1_E7in_tile_3_4_0_addr_10" [src/conv3.cpp:86]   --->   Operation 1062 'load' 'p_ZZ5conv3PA255_A255_fPA32_A5_A5_fPfS1_E7in_tile_3_4_0_load_10' <Predicate = true> <Delay = 1.23> <CoreInst = "RAM">   --->   Core 83 'RAM' <Latency = 1> <II = 1> <Delay = 1.23> <Storage> <Opcode : 'load' 'store'> <Ports = 2> <Width = 32> <Depth = 64> <RAM>
ST_16 : Operation 1063 [2/2] (1.23ns)   --->   "%p_ZZ5conv3PA255_A255_fPA32_A5_A5_fPfS1_E7in_tile_4_0_0_load_10 = load i6 %p_ZZ5conv3PA255_A255_fPA32_A5_A5_fPfS1_E7in_tile_4_0_0_addr_10" [src/conv3.cpp:86]   --->   Operation 1063 'load' 'p_ZZ5conv3PA255_A255_fPA32_A5_A5_fPfS1_E7in_tile_4_0_0_load_10' <Predicate = true> <Delay = 1.23> <CoreInst = "RAM">   --->   Core 83 'RAM' <Latency = 1> <II = 1> <Delay = 1.23> <Storage> <Opcode : 'load' 'store'> <Ports = 2> <Width = 32> <Depth = 64> <RAM>
ST_16 : Operation 1064 [2/2] (1.23ns)   --->   "%p_ZZ5conv3PA255_A255_fPA32_A5_A5_fPfS1_E7in_tile_4_1_0_load_10 = load i6 %p_ZZ5conv3PA255_A255_fPA32_A5_A5_fPfS1_E7in_tile_4_1_0_addr_10" [src/conv3.cpp:86]   --->   Operation 1064 'load' 'p_ZZ5conv3PA255_A255_fPA32_A5_A5_fPfS1_E7in_tile_4_1_0_load_10' <Predicate = true> <Delay = 1.23> <CoreInst = "RAM">   --->   Core 83 'RAM' <Latency = 1> <II = 1> <Delay = 1.23> <Storage> <Opcode : 'load' 'store'> <Ports = 2> <Width = 32> <Depth = 64> <RAM>
ST_16 : Operation 1065 [2/2] (1.23ns)   --->   "%p_ZZ5conv3PA255_A255_fPA32_A5_A5_fPfS1_E7in_tile_4_2_0_load_10 = load i6 %p_ZZ5conv3PA255_A255_fPA32_A5_A5_fPfS1_E7in_tile_4_2_0_addr_10" [src/conv3.cpp:86]   --->   Operation 1065 'load' 'p_ZZ5conv3PA255_A255_fPA32_A5_A5_fPfS1_E7in_tile_4_2_0_load_10' <Predicate = true> <Delay = 1.23> <CoreInst = "RAM">   --->   Core 83 'RAM' <Latency = 1> <II = 1> <Delay = 1.23> <Storage> <Opcode : 'load' 'store'> <Ports = 2> <Width = 32> <Depth = 64> <RAM>
ST_16 : Operation 1066 [2/2] (1.23ns)   --->   "%p_ZZ5conv3PA255_A255_fPA32_A5_A5_fPfS1_E7in_tile_4_3_0_load_10 = load i6 %p_ZZ5conv3PA255_A255_fPA32_A5_A5_fPfS1_E7in_tile_4_3_0_addr_10" [src/conv3.cpp:86]   --->   Operation 1066 'load' 'p_ZZ5conv3PA255_A255_fPA32_A5_A5_fPfS1_E7in_tile_4_3_0_load_10' <Predicate = true> <Delay = 1.23> <CoreInst = "RAM">   --->   Core 83 'RAM' <Latency = 1> <II = 1> <Delay = 1.23> <Storage> <Opcode : 'load' 'store'> <Ports = 2> <Width = 32> <Depth = 64> <RAM>
ST_16 : Operation 1067 [2/2] (1.23ns)   --->   "%p_ZZ5conv3PA255_A255_fPA32_A5_A5_fPfS1_E7in_tile_4_4_0_load_10 = load i6 %p_ZZ5conv3PA255_A255_fPA32_A5_A5_fPfS1_E7in_tile_4_4_0_addr_10" [src/conv3.cpp:86]   --->   Operation 1067 'load' 'p_ZZ5conv3PA255_A255_fPA32_A5_A5_fPfS1_E7in_tile_4_4_0_load_10' <Predicate = true> <Delay = 1.23> <CoreInst = "RAM">   --->   Core 83 'RAM' <Latency = 1> <II = 1> <Delay = 1.23> <Storage> <Opcode : 'load' 'store'> <Ports = 2> <Width = 32> <Depth = 64> <RAM>

State 17 <SV = 16> <Delay = 2.01>
ST_17 : Operation 1068 [1/1] (0.78ns)   --->   "%empty_48 = add i6 %tmp_151, i6 %tmp_161" [src/conv3.cpp:74]   --->   Operation 1068 'add' 'empty_48' <Predicate = true> <Delay = 0.78> <CoreInst = "Adder">   --->   Core 1 'Adder' <Latency = 0> <II = 1> <Delay = 0.78> <FuncUnit> <Opcode : 'add' 'sub'> <InPorts = 2> <OutPorts = 1>
ST_17 : Operation 1069 [1/1] (0.00ns)   --->   "%p_cast71 = zext i6 %empty_48" [src/conv3.cpp:74]   --->   Operation 1069 'zext' 'p_cast71' <Predicate = true> <Delay = 0.00>
ST_17 : Operation 1070 [1/1] (0.00ns)   --->   "%p_ZZ5conv3PA255_A255_fPA32_A5_A5_fPfS1_E7in_tile_0_0_0_addr_12 = getelementptr i32 %p_ZZ5conv3PA255_A255_fPA32_A5_A5_fPfS1_E7in_tile_0_0_0, i64 0, i64 %p_cast71" [src/conv3.cpp:74]   --->   Operation 1070 'getelementptr' 'p_ZZ5conv3PA255_A255_fPA32_A5_A5_fPfS1_E7in_tile_0_0_0_addr_12' <Predicate = true> <Delay = 0.00>
ST_17 : Operation 1071 [1/1] (0.00ns)   --->   "%p_ZZ5conv3PA255_A255_fPA32_A5_A5_fPfS1_E7in_tile_0_1_0_addr_12 = getelementptr i32 %p_ZZ5conv3PA255_A255_fPA32_A5_A5_fPfS1_E7in_tile_0_1_0, i64 0, i64 %p_cast71" [src/conv3.cpp:74]   --->   Operation 1071 'getelementptr' 'p_ZZ5conv3PA255_A255_fPA32_A5_A5_fPfS1_E7in_tile_0_1_0_addr_12' <Predicate = true> <Delay = 0.00>
ST_17 : Operation 1072 [1/1] (0.00ns)   --->   "%p_ZZ5conv3PA255_A255_fPA32_A5_A5_fPfS1_E7in_tile_0_2_0_addr_12 = getelementptr i32 %p_ZZ5conv3PA255_A255_fPA32_A5_A5_fPfS1_E7in_tile_0_2_0, i64 0, i64 %p_cast71" [src/conv3.cpp:74]   --->   Operation 1072 'getelementptr' 'p_ZZ5conv3PA255_A255_fPA32_A5_A5_fPfS1_E7in_tile_0_2_0_addr_12' <Predicate = true> <Delay = 0.00>
ST_17 : Operation 1073 [1/1] (0.00ns)   --->   "%p_ZZ5conv3PA255_A255_fPA32_A5_A5_fPfS1_E7in_tile_0_3_0_addr_12 = getelementptr i32 %p_ZZ5conv3PA255_A255_fPA32_A5_A5_fPfS1_E7in_tile_0_3_0, i64 0, i64 %p_cast71" [src/conv3.cpp:74]   --->   Operation 1073 'getelementptr' 'p_ZZ5conv3PA255_A255_fPA32_A5_A5_fPfS1_E7in_tile_0_3_0_addr_12' <Predicate = true> <Delay = 0.00>
ST_17 : Operation 1074 [1/1] (0.00ns)   --->   "%p_ZZ5conv3PA255_A255_fPA32_A5_A5_fPfS1_E7in_tile_0_4_0_addr_12 = getelementptr i32 %p_ZZ5conv3PA255_A255_fPA32_A5_A5_fPfS1_E7in_tile_0_4_0, i64 0, i64 %p_cast71" [src/conv3.cpp:74]   --->   Operation 1074 'getelementptr' 'p_ZZ5conv3PA255_A255_fPA32_A5_A5_fPfS1_E7in_tile_0_4_0_addr_12' <Predicate = true> <Delay = 0.00>
ST_17 : Operation 1075 [1/1] (0.00ns)   --->   "%p_ZZ5conv3PA255_A255_fPA32_A5_A5_fPfS1_E7in_tile_1_0_0_addr_12 = getelementptr i32 %p_ZZ5conv3PA255_A255_fPA32_A5_A5_fPfS1_E7in_tile_1_0_0, i64 0, i64 %p_cast71" [src/conv3.cpp:74]   --->   Operation 1075 'getelementptr' 'p_ZZ5conv3PA255_A255_fPA32_A5_A5_fPfS1_E7in_tile_1_0_0_addr_12' <Predicate = true> <Delay = 0.00>
ST_17 : Operation 1076 [1/1] (0.00ns)   --->   "%p_ZZ5conv3PA255_A255_fPA32_A5_A5_fPfS1_E7in_tile_1_1_0_addr_12 = getelementptr i32 %p_ZZ5conv3PA255_A255_fPA32_A5_A5_fPfS1_E7in_tile_1_1_0, i64 0, i64 %p_cast71" [src/conv3.cpp:74]   --->   Operation 1076 'getelementptr' 'p_ZZ5conv3PA255_A255_fPA32_A5_A5_fPfS1_E7in_tile_1_1_0_addr_12' <Predicate = true> <Delay = 0.00>
ST_17 : Operation 1077 [1/1] (0.00ns)   --->   "%p_ZZ5conv3PA255_A255_fPA32_A5_A5_fPfS1_E7in_tile_1_2_0_addr_12 = getelementptr i32 %p_ZZ5conv3PA255_A255_fPA32_A5_A5_fPfS1_E7in_tile_1_2_0, i64 0, i64 %p_cast71" [src/conv3.cpp:74]   --->   Operation 1077 'getelementptr' 'p_ZZ5conv3PA255_A255_fPA32_A5_A5_fPfS1_E7in_tile_1_2_0_addr_12' <Predicate = true> <Delay = 0.00>
ST_17 : Operation 1078 [1/1] (0.00ns)   --->   "%p_ZZ5conv3PA255_A255_fPA32_A5_A5_fPfS1_E7in_tile_1_3_0_addr_12 = getelementptr i32 %p_ZZ5conv3PA255_A255_fPA32_A5_A5_fPfS1_E7in_tile_1_3_0, i64 0, i64 %p_cast71" [src/conv3.cpp:74]   --->   Operation 1078 'getelementptr' 'p_ZZ5conv3PA255_A255_fPA32_A5_A5_fPfS1_E7in_tile_1_3_0_addr_12' <Predicate = true> <Delay = 0.00>
ST_17 : Operation 1079 [1/1] (0.00ns)   --->   "%p_ZZ5conv3PA255_A255_fPA32_A5_A5_fPfS1_E7in_tile_1_4_0_addr_12 = getelementptr i32 %p_ZZ5conv3PA255_A255_fPA32_A5_A5_fPfS1_E7in_tile_1_4_0, i64 0, i64 %p_cast71" [src/conv3.cpp:74]   --->   Operation 1079 'getelementptr' 'p_ZZ5conv3PA255_A255_fPA32_A5_A5_fPfS1_E7in_tile_1_4_0_addr_12' <Predicate = true> <Delay = 0.00>
ST_17 : Operation 1080 [1/1] (0.00ns)   --->   "%p_ZZ5conv3PA255_A255_fPA32_A5_A5_fPfS1_E7in_tile_2_0_0_addr_12 = getelementptr i32 %p_ZZ5conv3PA255_A255_fPA32_A5_A5_fPfS1_E7in_tile_2_0_0, i64 0, i64 %p_cast71" [src/conv3.cpp:74]   --->   Operation 1080 'getelementptr' 'p_ZZ5conv3PA255_A255_fPA32_A5_A5_fPfS1_E7in_tile_2_0_0_addr_12' <Predicate = true> <Delay = 0.00>
ST_17 : Operation 1081 [1/1] (0.00ns)   --->   "%p_ZZ5conv3PA255_A255_fPA32_A5_A5_fPfS1_E7in_tile_2_1_0_addr_12 = getelementptr i32 %p_ZZ5conv3PA255_A255_fPA32_A5_A5_fPfS1_E7in_tile_2_1_0, i64 0, i64 %p_cast71" [src/conv3.cpp:74]   --->   Operation 1081 'getelementptr' 'p_ZZ5conv3PA255_A255_fPA32_A5_A5_fPfS1_E7in_tile_2_1_0_addr_12' <Predicate = true> <Delay = 0.00>
ST_17 : Operation 1082 [1/1] (0.00ns)   --->   "%p_ZZ5conv3PA255_A255_fPA32_A5_A5_fPfS1_E7in_tile_2_2_0_addr_12 = getelementptr i32 %p_ZZ5conv3PA255_A255_fPA32_A5_A5_fPfS1_E7in_tile_2_2_0, i64 0, i64 %p_cast71" [src/conv3.cpp:74]   --->   Operation 1082 'getelementptr' 'p_ZZ5conv3PA255_A255_fPA32_A5_A5_fPfS1_E7in_tile_2_2_0_addr_12' <Predicate = true> <Delay = 0.00>
ST_17 : Operation 1083 [1/1] (0.00ns)   --->   "%p_ZZ5conv3PA255_A255_fPA32_A5_A5_fPfS1_E7in_tile_2_3_0_addr_12 = getelementptr i32 %p_ZZ5conv3PA255_A255_fPA32_A5_A5_fPfS1_E7in_tile_2_3_0, i64 0, i64 %p_cast71" [src/conv3.cpp:74]   --->   Operation 1083 'getelementptr' 'p_ZZ5conv3PA255_A255_fPA32_A5_A5_fPfS1_E7in_tile_2_3_0_addr_12' <Predicate = true> <Delay = 0.00>
ST_17 : Operation 1084 [1/1] (0.00ns)   --->   "%p_ZZ5conv3PA255_A255_fPA32_A5_A5_fPfS1_E7in_tile_2_4_0_addr_12 = getelementptr i32 %p_ZZ5conv3PA255_A255_fPA32_A5_A5_fPfS1_E7in_tile_2_4_0, i64 0, i64 %p_cast71" [src/conv3.cpp:74]   --->   Operation 1084 'getelementptr' 'p_ZZ5conv3PA255_A255_fPA32_A5_A5_fPfS1_E7in_tile_2_4_0_addr_12' <Predicate = true> <Delay = 0.00>
ST_17 : Operation 1085 [1/1] (0.00ns)   --->   "%p_ZZ5conv3PA255_A255_fPA32_A5_A5_fPfS1_E7in_tile_3_0_0_addr_12 = getelementptr i32 %p_ZZ5conv3PA255_A255_fPA32_A5_A5_fPfS1_E7in_tile_3_0_0, i64 0, i64 %p_cast71" [src/conv3.cpp:74]   --->   Operation 1085 'getelementptr' 'p_ZZ5conv3PA255_A255_fPA32_A5_A5_fPfS1_E7in_tile_3_0_0_addr_12' <Predicate = true> <Delay = 0.00>
ST_17 : Operation 1086 [1/1] (0.00ns)   --->   "%p_ZZ5conv3PA255_A255_fPA32_A5_A5_fPfS1_E7in_tile_3_1_0_addr_12 = getelementptr i32 %p_ZZ5conv3PA255_A255_fPA32_A5_A5_fPfS1_E7in_tile_3_1_0, i64 0, i64 %p_cast71" [src/conv3.cpp:74]   --->   Operation 1086 'getelementptr' 'p_ZZ5conv3PA255_A255_fPA32_A5_A5_fPfS1_E7in_tile_3_1_0_addr_12' <Predicate = true> <Delay = 0.00>
ST_17 : Operation 1087 [1/1] (0.00ns)   --->   "%p_ZZ5conv3PA255_A255_fPA32_A5_A5_fPfS1_E7in_tile_3_2_0_addr_12 = getelementptr i32 %p_ZZ5conv3PA255_A255_fPA32_A5_A5_fPfS1_E7in_tile_3_2_0, i64 0, i64 %p_cast71" [src/conv3.cpp:74]   --->   Operation 1087 'getelementptr' 'p_ZZ5conv3PA255_A255_fPA32_A5_A5_fPfS1_E7in_tile_3_2_0_addr_12' <Predicate = true> <Delay = 0.00>
ST_17 : Operation 1088 [1/1] (0.00ns)   --->   "%p_ZZ5conv3PA255_A255_fPA32_A5_A5_fPfS1_E7in_tile_3_3_0_addr_12 = getelementptr i32 %p_ZZ5conv3PA255_A255_fPA32_A5_A5_fPfS1_E7in_tile_3_3_0, i64 0, i64 %p_cast71" [src/conv3.cpp:74]   --->   Operation 1088 'getelementptr' 'p_ZZ5conv3PA255_A255_fPA32_A5_A5_fPfS1_E7in_tile_3_3_0_addr_12' <Predicate = true> <Delay = 0.00>
ST_17 : Operation 1089 [1/1] (0.00ns)   --->   "%p_ZZ5conv3PA255_A255_fPA32_A5_A5_fPfS1_E7in_tile_3_4_0_addr_12 = getelementptr i32 %p_ZZ5conv3PA255_A255_fPA32_A5_A5_fPfS1_E7in_tile_3_4_0, i64 0, i64 %p_cast71" [src/conv3.cpp:74]   --->   Operation 1089 'getelementptr' 'p_ZZ5conv3PA255_A255_fPA32_A5_A5_fPfS1_E7in_tile_3_4_0_addr_12' <Predicate = true> <Delay = 0.00>
ST_17 : Operation 1090 [1/1] (0.00ns)   --->   "%p_ZZ5conv3PA255_A255_fPA32_A5_A5_fPfS1_E7in_tile_4_0_0_addr_12 = getelementptr i32 %p_ZZ5conv3PA255_A255_fPA32_A5_A5_fPfS1_E7in_tile_4_0_0, i64 0, i64 %p_cast71" [src/conv3.cpp:74]   --->   Operation 1090 'getelementptr' 'p_ZZ5conv3PA255_A255_fPA32_A5_A5_fPfS1_E7in_tile_4_0_0_addr_12' <Predicate = true> <Delay = 0.00>
ST_17 : Operation 1091 [1/1] (0.00ns)   --->   "%p_ZZ5conv3PA255_A255_fPA32_A5_A5_fPfS1_E7in_tile_4_1_0_addr_12 = getelementptr i32 %p_ZZ5conv3PA255_A255_fPA32_A5_A5_fPfS1_E7in_tile_4_1_0, i64 0, i64 %p_cast71" [src/conv3.cpp:74]   --->   Operation 1091 'getelementptr' 'p_ZZ5conv3PA255_A255_fPA32_A5_A5_fPfS1_E7in_tile_4_1_0_addr_12' <Predicate = true> <Delay = 0.00>
ST_17 : Operation 1092 [1/1] (0.00ns)   --->   "%p_ZZ5conv3PA255_A255_fPA32_A5_A5_fPfS1_E7in_tile_4_2_0_addr_12 = getelementptr i32 %p_ZZ5conv3PA255_A255_fPA32_A5_A5_fPfS1_E7in_tile_4_2_0, i64 0, i64 %p_cast71" [src/conv3.cpp:74]   --->   Operation 1092 'getelementptr' 'p_ZZ5conv3PA255_A255_fPA32_A5_A5_fPfS1_E7in_tile_4_2_0_addr_12' <Predicate = true> <Delay = 0.00>
ST_17 : Operation 1093 [1/1] (0.00ns)   --->   "%p_ZZ5conv3PA255_A255_fPA32_A5_A5_fPfS1_E7in_tile_4_3_0_addr_12 = getelementptr i32 %p_ZZ5conv3PA255_A255_fPA32_A5_A5_fPfS1_E7in_tile_4_3_0, i64 0, i64 %p_cast71" [src/conv3.cpp:74]   --->   Operation 1093 'getelementptr' 'p_ZZ5conv3PA255_A255_fPA32_A5_A5_fPfS1_E7in_tile_4_3_0_addr_12' <Predicate = true> <Delay = 0.00>
ST_17 : Operation 1094 [1/1] (0.00ns)   --->   "%p_ZZ5conv3PA255_A255_fPA32_A5_A5_fPfS1_E7in_tile_4_4_0_addr_12 = getelementptr i32 %p_ZZ5conv3PA255_A255_fPA32_A5_A5_fPfS1_E7in_tile_4_4_0, i64 0, i64 %p_cast71" [src/conv3.cpp:74]   --->   Operation 1094 'getelementptr' 'p_ZZ5conv3PA255_A255_fPA32_A5_A5_fPfS1_E7in_tile_4_4_0_addr_12' <Predicate = true> <Delay = 0.00>
ST_17 : Operation 1095 [1/2] (1.23ns)   --->   "%p_ZZ5conv3PA255_A255_fPA32_A5_A5_fPfS1_E7in_tile_0_0_0_load_9 = load i6 %p_ZZ5conv3PA255_A255_fPA32_A5_A5_fPfS1_E7in_tile_0_0_0_addr_9" [src/conv3.cpp:86]   --->   Operation 1095 'load' 'p_ZZ5conv3PA255_A255_fPA32_A5_A5_fPfS1_E7in_tile_0_0_0_load_9' <Predicate = true> <Delay = 1.23> <CoreInst = "RAM">   --->   Core 83 'RAM' <Latency = 1> <II = 1> <Delay = 1.23> <Storage> <Opcode : 'load' 'store'> <Ports = 2> <Width = 32> <Depth = 64> <RAM>
ST_17 : Operation 1096 [1/2] (1.23ns)   --->   "%p_ZZ5conv3PA255_A255_fPA32_A5_A5_fPfS1_E7in_tile_0_1_0_load_9 = load i6 %p_ZZ5conv3PA255_A255_fPA32_A5_A5_fPfS1_E7in_tile_0_1_0_addr_9" [src/conv3.cpp:86]   --->   Operation 1096 'load' 'p_ZZ5conv3PA255_A255_fPA32_A5_A5_fPfS1_E7in_tile_0_1_0_load_9' <Predicate = true> <Delay = 1.23> <CoreInst = "RAM">   --->   Core 83 'RAM' <Latency = 1> <II = 1> <Delay = 1.23> <Storage> <Opcode : 'load' 'store'> <Ports = 2> <Width = 32> <Depth = 64> <RAM>
ST_17 : Operation 1097 [1/2] (1.23ns)   --->   "%p_ZZ5conv3PA255_A255_fPA32_A5_A5_fPfS1_E7in_tile_0_2_0_load_9 = load i6 %p_ZZ5conv3PA255_A255_fPA32_A5_A5_fPfS1_E7in_tile_0_2_0_addr_9" [src/conv3.cpp:86]   --->   Operation 1097 'load' 'p_ZZ5conv3PA255_A255_fPA32_A5_A5_fPfS1_E7in_tile_0_2_0_load_9' <Predicate = true> <Delay = 1.23> <CoreInst = "RAM">   --->   Core 83 'RAM' <Latency = 1> <II = 1> <Delay = 1.23> <Storage> <Opcode : 'load' 'store'> <Ports = 2> <Width = 32> <Depth = 64> <RAM>
ST_17 : Operation 1098 [1/2] (1.23ns)   --->   "%p_ZZ5conv3PA255_A255_fPA32_A5_A5_fPfS1_E7in_tile_0_3_0_load_9 = load i6 %p_ZZ5conv3PA255_A255_fPA32_A5_A5_fPfS1_E7in_tile_0_3_0_addr_9" [src/conv3.cpp:86]   --->   Operation 1098 'load' 'p_ZZ5conv3PA255_A255_fPA32_A5_A5_fPfS1_E7in_tile_0_3_0_load_9' <Predicate = true> <Delay = 1.23> <CoreInst = "RAM">   --->   Core 83 'RAM' <Latency = 1> <II = 1> <Delay = 1.23> <Storage> <Opcode : 'load' 'store'> <Ports = 2> <Width = 32> <Depth = 64> <RAM>
ST_17 : Operation 1099 [1/2] (1.23ns)   --->   "%p_ZZ5conv3PA255_A255_fPA32_A5_A5_fPfS1_E7in_tile_0_4_0_load_9 = load i6 %p_ZZ5conv3PA255_A255_fPA32_A5_A5_fPfS1_E7in_tile_0_4_0_addr_9" [src/conv3.cpp:86]   --->   Operation 1099 'load' 'p_ZZ5conv3PA255_A255_fPA32_A5_A5_fPfS1_E7in_tile_0_4_0_load_9' <Predicate = true> <Delay = 1.23> <CoreInst = "RAM">   --->   Core 83 'RAM' <Latency = 1> <II = 1> <Delay = 1.23> <Storage> <Opcode : 'load' 'store'> <Ports = 2> <Width = 32> <Depth = 64> <RAM>
ST_17 : Operation 1100 [1/2] (1.23ns)   --->   "%p_ZZ5conv3PA255_A255_fPA32_A5_A5_fPfS1_E7in_tile_1_0_0_load_9 = load i6 %p_ZZ5conv3PA255_A255_fPA32_A5_A5_fPfS1_E7in_tile_1_0_0_addr_9" [src/conv3.cpp:86]   --->   Operation 1100 'load' 'p_ZZ5conv3PA255_A255_fPA32_A5_A5_fPfS1_E7in_tile_1_0_0_load_9' <Predicate = true> <Delay = 1.23> <CoreInst = "RAM">   --->   Core 83 'RAM' <Latency = 1> <II = 1> <Delay = 1.23> <Storage> <Opcode : 'load' 'store'> <Ports = 2> <Width = 32> <Depth = 64> <RAM>
ST_17 : Operation 1101 [1/2] (1.23ns)   --->   "%p_ZZ5conv3PA255_A255_fPA32_A5_A5_fPfS1_E7in_tile_1_1_0_load_9 = load i6 %p_ZZ5conv3PA255_A255_fPA32_A5_A5_fPfS1_E7in_tile_1_1_0_addr_9" [src/conv3.cpp:86]   --->   Operation 1101 'load' 'p_ZZ5conv3PA255_A255_fPA32_A5_A5_fPfS1_E7in_tile_1_1_0_load_9' <Predicate = true> <Delay = 1.23> <CoreInst = "RAM">   --->   Core 83 'RAM' <Latency = 1> <II = 1> <Delay = 1.23> <Storage> <Opcode : 'load' 'store'> <Ports = 2> <Width = 32> <Depth = 64> <RAM>
ST_17 : Operation 1102 [1/2] (1.23ns)   --->   "%p_ZZ5conv3PA255_A255_fPA32_A5_A5_fPfS1_E7in_tile_1_2_0_load_9 = load i6 %p_ZZ5conv3PA255_A255_fPA32_A5_A5_fPfS1_E7in_tile_1_2_0_addr_9" [src/conv3.cpp:86]   --->   Operation 1102 'load' 'p_ZZ5conv3PA255_A255_fPA32_A5_A5_fPfS1_E7in_tile_1_2_0_load_9' <Predicate = true> <Delay = 1.23> <CoreInst = "RAM">   --->   Core 83 'RAM' <Latency = 1> <II = 1> <Delay = 1.23> <Storage> <Opcode : 'load' 'store'> <Ports = 2> <Width = 32> <Depth = 64> <RAM>
ST_17 : Operation 1103 [1/2] (1.23ns)   --->   "%p_ZZ5conv3PA255_A255_fPA32_A5_A5_fPfS1_E7in_tile_1_3_0_load_9 = load i6 %p_ZZ5conv3PA255_A255_fPA32_A5_A5_fPfS1_E7in_tile_1_3_0_addr_9" [src/conv3.cpp:86]   --->   Operation 1103 'load' 'p_ZZ5conv3PA255_A255_fPA32_A5_A5_fPfS1_E7in_tile_1_3_0_load_9' <Predicate = true> <Delay = 1.23> <CoreInst = "RAM">   --->   Core 83 'RAM' <Latency = 1> <II = 1> <Delay = 1.23> <Storage> <Opcode : 'load' 'store'> <Ports = 2> <Width = 32> <Depth = 64> <RAM>
ST_17 : Operation 1104 [1/2] (1.23ns)   --->   "%p_ZZ5conv3PA255_A255_fPA32_A5_A5_fPfS1_E7in_tile_1_4_0_load_9 = load i6 %p_ZZ5conv3PA255_A255_fPA32_A5_A5_fPfS1_E7in_tile_1_4_0_addr_9" [src/conv3.cpp:86]   --->   Operation 1104 'load' 'p_ZZ5conv3PA255_A255_fPA32_A5_A5_fPfS1_E7in_tile_1_4_0_load_9' <Predicate = true> <Delay = 1.23> <CoreInst = "RAM">   --->   Core 83 'RAM' <Latency = 1> <II = 1> <Delay = 1.23> <Storage> <Opcode : 'load' 'store'> <Ports = 2> <Width = 32> <Depth = 64> <RAM>
ST_17 : Operation 1105 [1/2] (1.23ns)   --->   "%p_ZZ5conv3PA255_A255_fPA32_A5_A5_fPfS1_E7in_tile_2_0_0_load_9 = load i6 %p_ZZ5conv3PA255_A255_fPA32_A5_A5_fPfS1_E7in_tile_2_0_0_addr_9" [src/conv3.cpp:86]   --->   Operation 1105 'load' 'p_ZZ5conv3PA255_A255_fPA32_A5_A5_fPfS1_E7in_tile_2_0_0_load_9' <Predicate = true> <Delay = 1.23> <CoreInst = "RAM">   --->   Core 83 'RAM' <Latency = 1> <II = 1> <Delay = 1.23> <Storage> <Opcode : 'load' 'store'> <Ports = 2> <Width = 32> <Depth = 64> <RAM>
ST_17 : Operation 1106 [1/2] (1.23ns)   --->   "%p_ZZ5conv3PA255_A255_fPA32_A5_A5_fPfS1_E7in_tile_2_1_0_load_9 = load i6 %p_ZZ5conv3PA255_A255_fPA32_A5_A5_fPfS1_E7in_tile_2_1_0_addr_9" [src/conv3.cpp:86]   --->   Operation 1106 'load' 'p_ZZ5conv3PA255_A255_fPA32_A5_A5_fPfS1_E7in_tile_2_1_0_load_9' <Predicate = true> <Delay = 1.23> <CoreInst = "RAM">   --->   Core 83 'RAM' <Latency = 1> <II = 1> <Delay = 1.23> <Storage> <Opcode : 'load' 'store'> <Ports = 2> <Width = 32> <Depth = 64> <RAM>
ST_17 : Operation 1107 [1/2] (1.23ns)   --->   "%p_ZZ5conv3PA255_A255_fPA32_A5_A5_fPfS1_E7in_tile_2_2_0_load_9 = load i6 %p_ZZ5conv3PA255_A255_fPA32_A5_A5_fPfS1_E7in_tile_2_2_0_addr_9" [src/conv3.cpp:86]   --->   Operation 1107 'load' 'p_ZZ5conv3PA255_A255_fPA32_A5_A5_fPfS1_E7in_tile_2_2_0_load_9' <Predicate = true> <Delay = 1.23> <CoreInst = "RAM">   --->   Core 83 'RAM' <Latency = 1> <II = 1> <Delay = 1.23> <Storage> <Opcode : 'load' 'store'> <Ports = 2> <Width = 32> <Depth = 64> <RAM>
ST_17 : Operation 1108 [1/2] (1.23ns)   --->   "%p_ZZ5conv3PA255_A255_fPA32_A5_A5_fPfS1_E7in_tile_2_3_0_load_9 = load i6 %p_ZZ5conv3PA255_A255_fPA32_A5_A5_fPfS1_E7in_tile_2_3_0_addr_9" [src/conv3.cpp:86]   --->   Operation 1108 'load' 'p_ZZ5conv3PA255_A255_fPA32_A5_A5_fPfS1_E7in_tile_2_3_0_load_9' <Predicate = true> <Delay = 1.23> <CoreInst = "RAM">   --->   Core 83 'RAM' <Latency = 1> <II = 1> <Delay = 1.23> <Storage> <Opcode : 'load' 'store'> <Ports = 2> <Width = 32> <Depth = 64> <RAM>
ST_17 : Operation 1109 [1/2] (1.23ns)   --->   "%p_ZZ5conv3PA255_A255_fPA32_A5_A5_fPfS1_E7in_tile_2_4_0_load_9 = load i6 %p_ZZ5conv3PA255_A255_fPA32_A5_A5_fPfS1_E7in_tile_2_4_0_addr_9" [src/conv3.cpp:86]   --->   Operation 1109 'load' 'p_ZZ5conv3PA255_A255_fPA32_A5_A5_fPfS1_E7in_tile_2_4_0_load_9' <Predicate = true> <Delay = 1.23> <CoreInst = "RAM">   --->   Core 83 'RAM' <Latency = 1> <II = 1> <Delay = 1.23> <Storage> <Opcode : 'load' 'store'> <Ports = 2> <Width = 32> <Depth = 64> <RAM>
ST_17 : Operation 1110 [1/2] (1.23ns)   --->   "%p_ZZ5conv3PA255_A255_fPA32_A5_A5_fPfS1_E7in_tile_3_0_0_load_9 = load i6 %p_ZZ5conv3PA255_A255_fPA32_A5_A5_fPfS1_E7in_tile_3_0_0_addr_9" [src/conv3.cpp:86]   --->   Operation 1110 'load' 'p_ZZ5conv3PA255_A255_fPA32_A5_A5_fPfS1_E7in_tile_3_0_0_load_9' <Predicate = true> <Delay = 1.23> <CoreInst = "RAM">   --->   Core 83 'RAM' <Latency = 1> <II = 1> <Delay = 1.23> <Storage> <Opcode : 'load' 'store'> <Ports = 2> <Width = 32> <Depth = 64> <RAM>
ST_17 : Operation 1111 [1/2] (1.23ns)   --->   "%p_ZZ5conv3PA255_A255_fPA32_A5_A5_fPfS1_E7in_tile_3_1_0_load_9 = load i6 %p_ZZ5conv3PA255_A255_fPA32_A5_A5_fPfS1_E7in_tile_3_1_0_addr_9" [src/conv3.cpp:86]   --->   Operation 1111 'load' 'p_ZZ5conv3PA255_A255_fPA32_A5_A5_fPfS1_E7in_tile_3_1_0_load_9' <Predicate = true> <Delay = 1.23> <CoreInst = "RAM">   --->   Core 83 'RAM' <Latency = 1> <II = 1> <Delay = 1.23> <Storage> <Opcode : 'load' 'store'> <Ports = 2> <Width = 32> <Depth = 64> <RAM>
ST_17 : Operation 1112 [1/2] (1.23ns)   --->   "%p_ZZ5conv3PA255_A255_fPA32_A5_A5_fPfS1_E7in_tile_3_2_0_load_9 = load i6 %p_ZZ5conv3PA255_A255_fPA32_A5_A5_fPfS1_E7in_tile_3_2_0_addr_9" [src/conv3.cpp:86]   --->   Operation 1112 'load' 'p_ZZ5conv3PA255_A255_fPA32_A5_A5_fPfS1_E7in_tile_3_2_0_load_9' <Predicate = true> <Delay = 1.23> <CoreInst = "RAM">   --->   Core 83 'RAM' <Latency = 1> <II = 1> <Delay = 1.23> <Storage> <Opcode : 'load' 'store'> <Ports = 2> <Width = 32> <Depth = 64> <RAM>
ST_17 : Operation 1113 [1/2] (1.23ns)   --->   "%p_ZZ5conv3PA255_A255_fPA32_A5_A5_fPfS1_E7in_tile_3_3_0_load_9 = load i6 %p_ZZ5conv3PA255_A255_fPA32_A5_A5_fPfS1_E7in_tile_3_3_0_addr_9" [src/conv3.cpp:86]   --->   Operation 1113 'load' 'p_ZZ5conv3PA255_A255_fPA32_A5_A5_fPfS1_E7in_tile_3_3_0_load_9' <Predicate = true> <Delay = 1.23> <CoreInst = "RAM">   --->   Core 83 'RAM' <Latency = 1> <II = 1> <Delay = 1.23> <Storage> <Opcode : 'load' 'store'> <Ports = 2> <Width = 32> <Depth = 64> <RAM>
ST_17 : Operation 1114 [1/2] (1.23ns)   --->   "%p_ZZ5conv3PA255_A255_fPA32_A5_A5_fPfS1_E7in_tile_3_4_0_load_9 = load i6 %p_ZZ5conv3PA255_A255_fPA32_A5_A5_fPfS1_E7in_tile_3_4_0_addr_9" [src/conv3.cpp:86]   --->   Operation 1114 'load' 'p_ZZ5conv3PA255_A255_fPA32_A5_A5_fPfS1_E7in_tile_3_4_0_load_9' <Predicate = true> <Delay = 1.23> <CoreInst = "RAM">   --->   Core 83 'RAM' <Latency = 1> <II = 1> <Delay = 1.23> <Storage> <Opcode : 'load' 'store'> <Ports = 2> <Width = 32> <Depth = 64> <RAM>
ST_17 : Operation 1115 [1/2] (1.23ns)   --->   "%p_ZZ5conv3PA255_A255_fPA32_A5_A5_fPfS1_E7in_tile_4_0_0_load_9 = load i6 %p_ZZ5conv3PA255_A255_fPA32_A5_A5_fPfS1_E7in_tile_4_0_0_addr_9" [src/conv3.cpp:86]   --->   Operation 1115 'load' 'p_ZZ5conv3PA255_A255_fPA32_A5_A5_fPfS1_E7in_tile_4_0_0_load_9' <Predicate = true> <Delay = 1.23> <CoreInst = "RAM">   --->   Core 83 'RAM' <Latency = 1> <II = 1> <Delay = 1.23> <Storage> <Opcode : 'load' 'store'> <Ports = 2> <Width = 32> <Depth = 64> <RAM>
ST_17 : Operation 1116 [1/2] (1.23ns)   --->   "%p_ZZ5conv3PA255_A255_fPA32_A5_A5_fPfS1_E7in_tile_4_1_0_load_9 = load i6 %p_ZZ5conv3PA255_A255_fPA32_A5_A5_fPfS1_E7in_tile_4_1_0_addr_9" [src/conv3.cpp:86]   --->   Operation 1116 'load' 'p_ZZ5conv3PA255_A255_fPA32_A5_A5_fPfS1_E7in_tile_4_1_0_load_9' <Predicate = true> <Delay = 1.23> <CoreInst = "RAM">   --->   Core 83 'RAM' <Latency = 1> <II = 1> <Delay = 1.23> <Storage> <Opcode : 'load' 'store'> <Ports = 2> <Width = 32> <Depth = 64> <RAM>
ST_17 : Operation 1117 [1/2] (1.23ns)   --->   "%p_ZZ5conv3PA255_A255_fPA32_A5_A5_fPfS1_E7in_tile_4_2_0_load_9 = load i6 %p_ZZ5conv3PA255_A255_fPA32_A5_A5_fPfS1_E7in_tile_4_2_0_addr_9" [src/conv3.cpp:86]   --->   Operation 1117 'load' 'p_ZZ5conv3PA255_A255_fPA32_A5_A5_fPfS1_E7in_tile_4_2_0_load_9' <Predicate = true> <Delay = 1.23> <CoreInst = "RAM">   --->   Core 83 'RAM' <Latency = 1> <II = 1> <Delay = 1.23> <Storage> <Opcode : 'load' 'store'> <Ports = 2> <Width = 32> <Depth = 64> <RAM>
ST_17 : Operation 1118 [1/2] (1.23ns)   --->   "%p_ZZ5conv3PA255_A255_fPA32_A5_A5_fPfS1_E7in_tile_4_3_0_load_9 = load i6 %p_ZZ5conv3PA255_A255_fPA32_A5_A5_fPfS1_E7in_tile_4_3_0_addr_9" [src/conv3.cpp:86]   --->   Operation 1118 'load' 'p_ZZ5conv3PA255_A255_fPA32_A5_A5_fPfS1_E7in_tile_4_3_0_load_9' <Predicate = true> <Delay = 1.23> <CoreInst = "RAM">   --->   Core 83 'RAM' <Latency = 1> <II = 1> <Delay = 1.23> <Storage> <Opcode : 'load' 'store'> <Ports = 2> <Width = 32> <Depth = 64> <RAM>
ST_17 : Operation 1119 [1/2] (1.23ns)   --->   "%p_ZZ5conv3PA255_A255_fPA32_A5_A5_fPfS1_E7in_tile_4_4_0_load_9 = load i6 %p_ZZ5conv3PA255_A255_fPA32_A5_A5_fPfS1_E7in_tile_4_4_0_addr_9" [src/conv3.cpp:86]   --->   Operation 1119 'load' 'p_ZZ5conv3PA255_A255_fPA32_A5_A5_fPfS1_E7in_tile_4_4_0_load_9' <Predicate = true> <Delay = 1.23> <CoreInst = "RAM">   --->   Core 83 'RAM' <Latency = 1> <II = 1> <Delay = 1.23> <Storage> <Opcode : 'load' 'store'> <Ports = 2> <Width = 32> <Depth = 64> <RAM>
ST_17 : Operation 1120 [1/2] (1.23ns)   --->   "%p_ZZ5conv3PA255_A255_fPA32_A5_A5_fPfS1_E7in_tile_0_0_0_load_10 = load i6 %p_ZZ5conv3PA255_A255_fPA32_A5_A5_fPfS1_E7in_tile_0_0_0_addr_10" [src/conv3.cpp:86]   --->   Operation 1120 'load' 'p_ZZ5conv3PA255_A255_fPA32_A5_A5_fPfS1_E7in_tile_0_0_0_load_10' <Predicate = true> <Delay = 1.23> <CoreInst = "RAM">   --->   Core 83 'RAM' <Latency = 1> <II = 1> <Delay = 1.23> <Storage> <Opcode : 'load' 'store'> <Ports = 2> <Width = 32> <Depth = 64> <RAM>
ST_17 : Operation 1121 [1/2] (1.23ns)   --->   "%p_ZZ5conv3PA255_A255_fPA32_A5_A5_fPfS1_E7in_tile_0_1_0_load_10 = load i6 %p_ZZ5conv3PA255_A255_fPA32_A5_A5_fPfS1_E7in_tile_0_1_0_addr_10" [src/conv3.cpp:86]   --->   Operation 1121 'load' 'p_ZZ5conv3PA255_A255_fPA32_A5_A5_fPfS1_E7in_tile_0_1_0_load_10' <Predicate = true> <Delay = 1.23> <CoreInst = "RAM">   --->   Core 83 'RAM' <Latency = 1> <II = 1> <Delay = 1.23> <Storage> <Opcode : 'load' 'store'> <Ports = 2> <Width = 32> <Depth = 64> <RAM>
ST_17 : Operation 1122 [1/2] (1.23ns)   --->   "%p_ZZ5conv3PA255_A255_fPA32_A5_A5_fPfS1_E7in_tile_0_2_0_load_10 = load i6 %p_ZZ5conv3PA255_A255_fPA32_A5_A5_fPfS1_E7in_tile_0_2_0_addr_10" [src/conv3.cpp:86]   --->   Operation 1122 'load' 'p_ZZ5conv3PA255_A255_fPA32_A5_A5_fPfS1_E7in_tile_0_2_0_load_10' <Predicate = true> <Delay = 1.23> <CoreInst = "RAM">   --->   Core 83 'RAM' <Latency = 1> <II = 1> <Delay = 1.23> <Storage> <Opcode : 'load' 'store'> <Ports = 2> <Width = 32> <Depth = 64> <RAM>
ST_17 : Operation 1123 [1/2] (1.23ns)   --->   "%p_ZZ5conv3PA255_A255_fPA32_A5_A5_fPfS1_E7in_tile_0_3_0_load_10 = load i6 %p_ZZ5conv3PA255_A255_fPA32_A5_A5_fPfS1_E7in_tile_0_3_0_addr_10" [src/conv3.cpp:86]   --->   Operation 1123 'load' 'p_ZZ5conv3PA255_A255_fPA32_A5_A5_fPfS1_E7in_tile_0_3_0_load_10' <Predicate = true> <Delay = 1.23> <CoreInst = "RAM">   --->   Core 83 'RAM' <Latency = 1> <II = 1> <Delay = 1.23> <Storage> <Opcode : 'load' 'store'> <Ports = 2> <Width = 32> <Depth = 64> <RAM>
ST_17 : Operation 1124 [1/2] (1.23ns)   --->   "%p_ZZ5conv3PA255_A255_fPA32_A5_A5_fPfS1_E7in_tile_0_4_0_load_10 = load i6 %p_ZZ5conv3PA255_A255_fPA32_A5_A5_fPfS1_E7in_tile_0_4_0_addr_10" [src/conv3.cpp:86]   --->   Operation 1124 'load' 'p_ZZ5conv3PA255_A255_fPA32_A5_A5_fPfS1_E7in_tile_0_4_0_load_10' <Predicate = true> <Delay = 1.23> <CoreInst = "RAM">   --->   Core 83 'RAM' <Latency = 1> <II = 1> <Delay = 1.23> <Storage> <Opcode : 'load' 'store'> <Ports = 2> <Width = 32> <Depth = 64> <RAM>
ST_17 : Operation 1125 [1/2] (1.23ns)   --->   "%p_ZZ5conv3PA255_A255_fPA32_A5_A5_fPfS1_E7in_tile_1_0_0_load_10 = load i6 %p_ZZ5conv3PA255_A255_fPA32_A5_A5_fPfS1_E7in_tile_1_0_0_addr_10" [src/conv3.cpp:86]   --->   Operation 1125 'load' 'p_ZZ5conv3PA255_A255_fPA32_A5_A5_fPfS1_E7in_tile_1_0_0_load_10' <Predicate = true> <Delay = 1.23> <CoreInst = "RAM">   --->   Core 83 'RAM' <Latency = 1> <II = 1> <Delay = 1.23> <Storage> <Opcode : 'load' 'store'> <Ports = 2> <Width = 32> <Depth = 64> <RAM>
ST_17 : Operation 1126 [1/2] (1.23ns)   --->   "%p_ZZ5conv3PA255_A255_fPA32_A5_A5_fPfS1_E7in_tile_1_1_0_load_10 = load i6 %p_ZZ5conv3PA255_A255_fPA32_A5_A5_fPfS1_E7in_tile_1_1_0_addr_10" [src/conv3.cpp:86]   --->   Operation 1126 'load' 'p_ZZ5conv3PA255_A255_fPA32_A5_A5_fPfS1_E7in_tile_1_1_0_load_10' <Predicate = true> <Delay = 1.23> <CoreInst = "RAM">   --->   Core 83 'RAM' <Latency = 1> <II = 1> <Delay = 1.23> <Storage> <Opcode : 'load' 'store'> <Ports = 2> <Width = 32> <Depth = 64> <RAM>
ST_17 : Operation 1127 [1/2] (1.23ns)   --->   "%p_ZZ5conv3PA255_A255_fPA32_A5_A5_fPfS1_E7in_tile_1_2_0_load_10 = load i6 %p_ZZ5conv3PA255_A255_fPA32_A5_A5_fPfS1_E7in_tile_1_2_0_addr_10" [src/conv3.cpp:86]   --->   Operation 1127 'load' 'p_ZZ5conv3PA255_A255_fPA32_A5_A5_fPfS1_E7in_tile_1_2_0_load_10' <Predicate = true> <Delay = 1.23> <CoreInst = "RAM">   --->   Core 83 'RAM' <Latency = 1> <II = 1> <Delay = 1.23> <Storage> <Opcode : 'load' 'store'> <Ports = 2> <Width = 32> <Depth = 64> <RAM>
ST_17 : Operation 1128 [1/2] (1.23ns)   --->   "%p_ZZ5conv3PA255_A255_fPA32_A5_A5_fPfS1_E7in_tile_1_3_0_load_10 = load i6 %p_ZZ5conv3PA255_A255_fPA32_A5_A5_fPfS1_E7in_tile_1_3_0_addr_10" [src/conv3.cpp:86]   --->   Operation 1128 'load' 'p_ZZ5conv3PA255_A255_fPA32_A5_A5_fPfS1_E7in_tile_1_3_0_load_10' <Predicate = true> <Delay = 1.23> <CoreInst = "RAM">   --->   Core 83 'RAM' <Latency = 1> <II = 1> <Delay = 1.23> <Storage> <Opcode : 'load' 'store'> <Ports = 2> <Width = 32> <Depth = 64> <RAM>
ST_17 : Operation 1129 [1/2] (1.23ns)   --->   "%p_ZZ5conv3PA255_A255_fPA32_A5_A5_fPfS1_E7in_tile_1_4_0_load_10 = load i6 %p_ZZ5conv3PA255_A255_fPA32_A5_A5_fPfS1_E7in_tile_1_4_0_addr_10" [src/conv3.cpp:86]   --->   Operation 1129 'load' 'p_ZZ5conv3PA255_A255_fPA32_A5_A5_fPfS1_E7in_tile_1_4_0_load_10' <Predicate = true> <Delay = 1.23> <CoreInst = "RAM">   --->   Core 83 'RAM' <Latency = 1> <II = 1> <Delay = 1.23> <Storage> <Opcode : 'load' 'store'> <Ports = 2> <Width = 32> <Depth = 64> <RAM>
ST_17 : Operation 1130 [1/2] (1.23ns)   --->   "%p_ZZ5conv3PA255_A255_fPA32_A5_A5_fPfS1_E7in_tile_2_0_0_load_10 = load i6 %p_ZZ5conv3PA255_A255_fPA32_A5_A5_fPfS1_E7in_tile_2_0_0_addr_10" [src/conv3.cpp:86]   --->   Operation 1130 'load' 'p_ZZ5conv3PA255_A255_fPA32_A5_A5_fPfS1_E7in_tile_2_0_0_load_10' <Predicate = true> <Delay = 1.23> <CoreInst = "RAM">   --->   Core 83 'RAM' <Latency = 1> <II = 1> <Delay = 1.23> <Storage> <Opcode : 'load' 'store'> <Ports = 2> <Width = 32> <Depth = 64> <RAM>
ST_17 : Operation 1131 [1/2] (1.23ns)   --->   "%p_ZZ5conv3PA255_A255_fPA32_A5_A5_fPfS1_E7in_tile_2_1_0_load_10 = load i6 %p_ZZ5conv3PA255_A255_fPA32_A5_A5_fPfS1_E7in_tile_2_1_0_addr_10" [src/conv3.cpp:86]   --->   Operation 1131 'load' 'p_ZZ5conv3PA255_A255_fPA32_A5_A5_fPfS1_E7in_tile_2_1_0_load_10' <Predicate = true> <Delay = 1.23> <CoreInst = "RAM">   --->   Core 83 'RAM' <Latency = 1> <II = 1> <Delay = 1.23> <Storage> <Opcode : 'load' 'store'> <Ports = 2> <Width = 32> <Depth = 64> <RAM>
ST_17 : Operation 1132 [1/2] (1.23ns)   --->   "%p_ZZ5conv3PA255_A255_fPA32_A5_A5_fPfS1_E7in_tile_2_2_0_load_10 = load i6 %p_ZZ5conv3PA255_A255_fPA32_A5_A5_fPfS1_E7in_tile_2_2_0_addr_10" [src/conv3.cpp:86]   --->   Operation 1132 'load' 'p_ZZ5conv3PA255_A255_fPA32_A5_A5_fPfS1_E7in_tile_2_2_0_load_10' <Predicate = true> <Delay = 1.23> <CoreInst = "RAM">   --->   Core 83 'RAM' <Latency = 1> <II = 1> <Delay = 1.23> <Storage> <Opcode : 'load' 'store'> <Ports = 2> <Width = 32> <Depth = 64> <RAM>
ST_17 : Operation 1133 [1/2] (1.23ns)   --->   "%p_ZZ5conv3PA255_A255_fPA32_A5_A5_fPfS1_E7in_tile_2_3_0_load_10 = load i6 %p_ZZ5conv3PA255_A255_fPA32_A5_A5_fPfS1_E7in_tile_2_3_0_addr_10" [src/conv3.cpp:86]   --->   Operation 1133 'load' 'p_ZZ5conv3PA255_A255_fPA32_A5_A5_fPfS1_E7in_tile_2_3_0_load_10' <Predicate = true> <Delay = 1.23> <CoreInst = "RAM">   --->   Core 83 'RAM' <Latency = 1> <II = 1> <Delay = 1.23> <Storage> <Opcode : 'load' 'store'> <Ports = 2> <Width = 32> <Depth = 64> <RAM>
ST_17 : Operation 1134 [1/2] (1.23ns)   --->   "%p_ZZ5conv3PA255_A255_fPA32_A5_A5_fPfS1_E7in_tile_2_4_0_load_10 = load i6 %p_ZZ5conv3PA255_A255_fPA32_A5_A5_fPfS1_E7in_tile_2_4_0_addr_10" [src/conv3.cpp:86]   --->   Operation 1134 'load' 'p_ZZ5conv3PA255_A255_fPA32_A5_A5_fPfS1_E7in_tile_2_4_0_load_10' <Predicate = true> <Delay = 1.23> <CoreInst = "RAM">   --->   Core 83 'RAM' <Latency = 1> <II = 1> <Delay = 1.23> <Storage> <Opcode : 'load' 'store'> <Ports = 2> <Width = 32> <Depth = 64> <RAM>
ST_17 : Operation 1135 [1/2] (1.23ns)   --->   "%p_ZZ5conv3PA255_A255_fPA32_A5_A5_fPfS1_E7in_tile_3_0_0_load_10 = load i6 %p_ZZ5conv3PA255_A255_fPA32_A5_A5_fPfS1_E7in_tile_3_0_0_addr_10" [src/conv3.cpp:86]   --->   Operation 1135 'load' 'p_ZZ5conv3PA255_A255_fPA32_A5_A5_fPfS1_E7in_tile_3_0_0_load_10' <Predicate = true> <Delay = 1.23> <CoreInst = "RAM">   --->   Core 83 'RAM' <Latency = 1> <II = 1> <Delay = 1.23> <Storage> <Opcode : 'load' 'store'> <Ports = 2> <Width = 32> <Depth = 64> <RAM>
ST_17 : Operation 1136 [1/2] (1.23ns)   --->   "%p_ZZ5conv3PA255_A255_fPA32_A5_A5_fPfS1_E7in_tile_3_1_0_load_10 = load i6 %p_ZZ5conv3PA255_A255_fPA32_A5_A5_fPfS1_E7in_tile_3_1_0_addr_10" [src/conv3.cpp:86]   --->   Operation 1136 'load' 'p_ZZ5conv3PA255_A255_fPA32_A5_A5_fPfS1_E7in_tile_3_1_0_load_10' <Predicate = true> <Delay = 1.23> <CoreInst = "RAM">   --->   Core 83 'RAM' <Latency = 1> <II = 1> <Delay = 1.23> <Storage> <Opcode : 'load' 'store'> <Ports = 2> <Width = 32> <Depth = 64> <RAM>
ST_17 : Operation 1137 [1/2] (1.23ns)   --->   "%p_ZZ5conv3PA255_A255_fPA32_A5_A5_fPfS1_E7in_tile_3_2_0_load_10 = load i6 %p_ZZ5conv3PA255_A255_fPA32_A5_A5_fPfS1_E7in_tile_3_2_0_addr_10" [src/conv3.cpp:86]   --->   Operation 1137 'load' 'p_ZZ5conv3PA255_A255_fPA32_A5_A5_fPfS1_E7in_tile_3_2_0_load_10' <Predicate = true> <Delay = 1.23> <CoreInst = "RAM">   --->   Core 83 'RAM' <Latency = 1> <II = 1> <Delay = 1.23> <Storage> <Opcode : 'load' 'store'> <Ports = 2> <Width = 32> <Depth = 64> <RAM>
ST_17 : Operation 1138 [1/2] (1.23ns)   --->   "%p_ZZ5conv3PA255_A255_fPA32_A5_A5_fPfS1_E7in_tile_3_3_0_load_10 = load i6 %p_ZZ5conv3PA255_A255_fPA32_A5_A5_fPfS1_E7in_tile_3_3_0_addr_10" [src/conv3.cpp:86]   --->   Operation 1138 'load' 'p_ZZ5conv3PA255_A255_fPA32_A5_A5_fPfS1_E7in_tile_3_3_0_load_10' <Predicate = true> <Delay = 1.23> <CoreInst = "RAM">   --->   Core 83 'RAM' <Latency = 1> <II = 1> <Delay = 1.23> <Storage> <Opcode : 'load' 'store'> <Ports = 2> <Width = 32> <Depth = 64> <RAM>
ST_17 : Operation 1139 [1/2] (1.23ns)   --->   "%p_ZZ5conv3PA255_A255_fPA32_A5_A5_fPfS1_E7in_tile_3_4_0_load_10 = load i6 %p_ZZ5conv3PA255_A255_fPA32_A5_A5_fPfS1_E7in_tile_3_4_0_addr_10" [src/conv3.cpp:86]   --->   Operation 1139 'load' 'p_ZZ5conv3PA255_A255_fPA32_A5_A5_fPfS1_E7in_tile_3_4_0_load_10' <Predicate = true> <Delay = 1.23> <CoreInst = "RAM">   --->   Core 83 'RAM' <Latency = 1> <II = 1> <Delay = 1.23> <Storage> <Opcode : 'load' 'store'> <Ports = 2> <Width = 32> <Depth = 64> <RAM>
ST_17 : Operation 1140 [1/2] (1.23ns)   --->   "%p_ZZ5conv3PA255_A255_fPA32_A5_A5_fPfS1_E7in_tile_4_0_0_load_10 = load i6 %p_ZZ5conv3PA255_A255_fPA32_A5_A5_fPfS1_E7in_tile_4_0_0_addr_10" [src/conv3.cpp:86]   --->   Operation 1140 'load' 'p_ZZ5conv3PA255_A255_fPA32_A5_A5_fPfS1_E7in_tile_4_0_0_load_10' <Predicate = true> <Delay = 1.23> <CoreInst = "RAM">   --->   Core 83 'RAM' <Latency = 1> <II = 1> <Delay = 1.23> <Storage> <Opcode : 'load' 'store'> <Ports = 2> <Width = 32> <Depth = 64> <RAM>
ST_17 : Operation 1141 [1/2] (1.23ns)   --->   "%p_ZZ5conv3PA255_A255_fPA32_A5_A5_fPfS1_E7in_tile_4_1_0_load_10 = load i6 %p_ZZ5conv3PA255_A255_fPA32_A5_A5_fPfS1_E7in_tile_4_1_0_addr_10" [src/conv3.cpp:86]   --->   Operation 1141 'load' 'p_ZZ5conv3PA255_A255_fPA32_A5_A5_fPfS1_E7in_tile_4_1_0_load_10' <Predicate = true> <Delay = 1.23> <CoreInst = "RAM">   --->   Core 83 'RAM' <Latency = 1> <II = 1> <Delay = 1.23> <Storage> <Opcode : 'load' 'store'> <Ports = 2> <Width = 32> <Depth = 64> <RAM>
ST_17 : Operation 1142 [1/2] (1.23ns)   --->   "%p_ZZ5conv3PA255_A255_fPA32_A5_A5_fPfS1_E7in_tile_4_2_0_load_10 = load i6 %p_ZZ5conv3PA255_A255_fPA32_A5_A5_fPfS1_E7in_tile_4_2_0_addr_10" [src/conv3.cpp:86]   --->   Operation 1142 'load' 'p_ZZ5conv3PA255_A255_fPA32_A5_A5_fPfS1_E7in_tile_4_2_0_load_10' <Predicate = true> <Delay = 1.23> <CoreInst = "RAM">   --->   Core 83 'RAM' <Latency = 1> <II = 1> <Delay = 1.23> <Storage> <Opcode : 'load' 'store'> <Ports = 2> <Width = 32> <Depth = 64> <RAM>
ST_17 : Operation 1143 [1/2] (1.23ns)   --->   "%p_ZZ5conv3PA255_A255_fPA32_A5_A5_fPfS1_E7in_tile_4_3_0_load_10 = load i6 %p_ZZ5conv3PA255_A255_fPA32_A5_A5_fPfS1_E7in_tile_4_3_0_addr_10" [src/conv3.cpp:86]   --->   Operation 1143 'load' 'p_ZZ5conv3PA255_A255_fPA32_A5_A5_fPfS1_E7in_tile_4_3_0_load_10' <Predicate = true> <Delay = 1.23> <CoreInst = "RAM">   --->   Core 83 'RAM' <Latency = 1> <II = 1> <Delay = 1.23> <Storage> <Opcode : 'load' 'store'> <Ports = 2> <Width = 32> <Depth = 64> <RAM>
ST_17 : Operation 1144 [1/2] (1.23ns)   --->   "%p_ZZ5conv3PA255_A255_fPA32_A5_A5_fPfS1_E7in_tile_4_4_0_load_10 = load i6 %p_ZZ5conv3PA255_A255_fPA32_A5_A5_fPfS1_E7in_tile_4_4_0_addr_10" [src/conv3.cpp:86]   --->   Operation 1144 'load' 'p_ZZ5conv3PA255_A255_fPA32_A5_A5_fPfS1_E7in_tile_4_4_0_load_10' <Predicate = true> <Delay = 1.23> <CoreInst = "RAM">   --->   Core 83 'RAM' <Latency = 1> <II = 1> <Delay = 1.23> <Storage> <Opcode : 'load' 'store'> <Ports = 2> <Width = 32> <Depth = 64> <RAM>
ST_17 : Operation 1145 [2/2] (1.23ns)   --->   "%p_ZZ5conv3PA255_A255_fPA32_A5_A5_fPfS1_E7in_tile_0_0_0_load_11 = load i6 %p_ZZ5conv3PA255_A255_fPA32_A5_A5_fPfS1_E7in_tile_0_0_0_addr_11" [src/conv3.cpp:86]   --->   Operation 1145 'load' 'p_ZZ5conv3PA255_A255_fPA32_A5_A5_fPfS1_E7in_tile_0_0_0_load_11' <Predicate = true> <Delay = 1.23> <CoreInst = "RAM">   --->   Core 83 'RAM' <Latency = 1> <II = 1> <Delay = 1.23> <Storage> <Opcode : 'load' 'store'> <Ports = 2> <Width = 32> <Depth = 64> <RAM>
ST_17 : Operation 1146 [2/2] (1.23ns)   --->   "%p_ZZ5conv3PA255_A255_fPA32_A5_A5_fPfS1_E7in_tile_0_1_0_load_11 = load i6 %p_ZZ5conv3PA255_A255_fPA32_A5_A5_fPfS1_E7in_tile_0_1_0_addr_11" [src/conv3.cpp:86]   --->   Operation 1146 'load' 'p_ZZ5conv3PA255_A255_fPA32_A5_A5_fPfS1_E7in_tile_0_1_0_load_11' <Predicate = true> <Delay = 1.23> <CoreInst = "RAM">   --->   Core 83 'RAM' <Latency = 1> <II = 1> <Delay = 1.23> <Storage> <Opcode : 'load' 'store'> <Ports = 2> <Width = 32> <Depth = 64> <RAM>
ST_17 : Operation 1147 [2/2] (1.23ns)   --->   "%p_ZZ5conv3PA255_A255_fPA32_A5_A5_fPfS1_E7in_tile_0_2_0_load_11 = load i6 %p_ZZ5conv3PA255_A255_fPA32_A5_A5_fPfS1_E7in_tile_0_2_0_addr_11" [src/conv3.cpp:86]   --->   Operation 1147 'load' 'p_ZZ5conv3PA255_A255_fPA32_A5_A5_fPfS1_E7in_tile_0_2_0_load_11' <Predicate = true> <Delay = 1.23> <CoreInst = "RAM">   --->   Core 83 'RAM' <Latency = 1> <II = 1> <Delay = 1.23> <Storage> <Opcode : 'load' 'store'> <Ports = 2> <Width = 32> <Depth = 64> <RAM>
ST_17 : Operation 1148 [2/2] (1.23ns)   --->   "%p_ZZ5conv3PA255_A255_fPA32_A5_A5_fPfS1_E7in_tile_0_3_0_load_11 = load i6 %p_ZZ5conv3PA255_A255_fPA32_A5_A5_fPfS1_E7in_tile_0_3_0_addr_11" [src/conv3.cpp:86]   --->   Operation 1148 'load' 'p_ZZ5conv3PA255_A255_fPA32_A5_A5_fPfS1_E7in_tile_0_3_0_load_11' <Predicate = true> <Delay = 1.23> <CoreInst = "RAM">   --->   Core 83 'RAM' <Latency = 1> <II = 1> <Delay = 1.23> <Storage> <Opcode : 'load' 'store'> <Ports = 2> <Width = 32> <Depth = 64> <RAM>
ST_17 : Operation 1149 [2/2] (1.23ns)   --->   "%p_ZZ5conv3PA255_A255_fPA32_A5_A5_fPfS1_E7in_tile_0_4_0_load_11 = load i6 %p_ZZ5conv3PA255_A255_fPA32_A5_A5_fPfS1_E7in_tile_0_4_0_addr_11" [src/conv3.cpp:86]   --->   Operation 1149 'load' 'p_ZZ5conv3PA255_A255_fPA32_A5_A5_fPfS1_E7in_tile_0_4_0_load_11' <Predicate = true> <Delay = 1.23> <CoreInst = "RAM">   --->   Core 83 'RAM' <Latency = 1> <II = 1> <Delay = 1.23> <Storage> <Opcode : 'load' 'store'> <Ports = 2> <Width = 32> <Depth = 64> <RAM>
ST_17 : Operation 1150 [2/2] (1.23ns)   --->   "%p_ZZ5conv3PA255_A255_fPA32_A5_A5_fPfS1_E7in_tile_1_0_0_load_11 = load i6 %p_ZZ5conv3PA255_A255_fPA32_A5_A5_fPfS1_E7in_tile_1_0_0_addr_11" [src/conv3.cpp:86]   --->   Operation 1150 'load' 'p_ZZ5conv3PA255_A255_fPA32_A5_A5_fPfS1_E7in_tile_1_0_0_load_11' <Predicate = true> <Delay = 1.23> <CoreInst = "RAM">   --->   Core 83 'RAM' <Latency = 1> <II = 1> <Delay = 1.23> <Storage> <Opcode : 'load' 'store'> <Ports = 2> <Width = 32> <Depth = 64> <RAM>
ST_17 : Operation 1151 [2/2] (1.23ns)   --->   "%p_ZZ5conv3PA255_A255_fPA32_A5_A5_fPfS1_E7in_tile_1_1_0_load_11 = load i6 %p_ZZ5conv3PA255_A255_fPA32_A5_A5_fPfS1_E7in_tile_1_1_0_addr_11" [src/conv3.cpp:86]   --->   Operation 1151 'load' 'p_ZZ5conv3PA255_A255_fPA32_A5_A5_fPfS1_E7in_tile_1_1_0_load_11' <Predicate = true> <Delay = 1.23> <CoreInst = "RAM">   --->   Core 83 'RAM' <Latency = 1> <II = 1> <Delay = 1.23> <Storage> <Opcode : 'load' 'store'> <Ports = 2> <Width = 32> <Depth = 64> <RAM>
ST_17 : Operation 1152 [2/2] (1.23ns)   --->   "%p_ZZ5conv3PA255_A255_fPA32_A5_A5_fPfS1_E7in_tile_1_2_0_load_11 = load i6 %p_ZZ5conv3PA255_A255_fPA32_A5_A5_fPfS1_E7in_tile_1_2_0_addr_11" [src/conv3.cpp:86]   --->   Operation 1152 'load' 'p_ZZ5conv3PA255_A255_fPA32_A5_A5_fPfS1_E7in_tile_1_2_0_load_11' <Predicate = true> <Delay = 1.23> <CoreInst = "RAM">   --->   Core 83 'RAM' <Latency = 1> <II = 1> <Delay = 1.23> <Storage> <Opcode : 'load' 'store'> <Ports = 2> <Width = 32> <Depth = 64> <RAM>
ST_17 : Operation 1153 [2/2] (1.23ns)   --->   "%p_ZZ5conv3PA255_A255_fPA32_A5_A5_fPfS1_E7in_tile_1_3_0_load_11 = load i6 %p_ZZ5conv3PA255_A255_fPA32_A5_A5_fPfS1_E7in_tile_1_3_0_addr_11" [src/conv3.cpp:86]   --->   Operation 1153 'load' 'p_ZZ5conv3PA255_A255_fPA32_A5_A5_fPfS1_E7in_tile_1_3_0_load_11' <Predicate = true> <Delay = 1.23> <CoreInst = "RAM">   --->   Core 83 'RAM' <Latency = 1> <II = 1> <Delay = 1.23> <Storage> <Opcode : 'load' 'store'> <Ports = 2> <Width = 32> <Depth = 64> <RAM>
ST_17 : Operation 1154 [2/2] (1.23ns)   --->   "%p_ZZ5conv3PA255_A255_fPA32_A5_A5_fPfS1_E7in_tile_1_4_0_load_11 = load i6 %p_ZZ5conv3PA255_A255_fPA32_A5_A5_fPfS1_E7in_tile_1_4_0_addr_11" [src/conv3.cpp:86]   --->   Operation 1154 'load' 'p_ZZ5conv3PA255_A255_fPA32_A5_A5_fPfS1_E7in_tile_1_4_0_load_11' <Predicate = true> <Delay = 1.23> <CoreInst = "RAM">   --->   Core 83 'RAM' <Latency = 1> <II = 1> <Delay = 1.23> <Storage> <Opcode : 'load' 'store'> <Ports = 2> <Width = 32> <Depth = 64> <RAM>
ST_17 : Operation 1155 [2/2] (1.23ns)   --->   "%p_ZZ5conv3PA255_A255_fPA32_A5_A5_fPfS1_E7in_tile_2_0_0_load_11 = load i6 %p_ZZ5conv3PA255_A255_fPA32_A5_A5_fPfS1_E7in_tile_2_0_0_addr_11" [src/conv3.cpp:86]   --->   Operation 1155 'load' 'p_ZZ5conv3PA255_A255_fPA32_A5_A5_fPfS1_E7in_tile_2_0_0_load_11' <Predicate = true> <Delay = 1.23> <CoreInst = "RAM">   --->   Core 83 'RAM' <Latency = 1> <II = 1> <Delay = 1.23> <Storage> <Opcode : 'load' 'store'> <Ports = 2> <Width = 32> <Depth = 64> <RAM>
ST_17 : Operation 1156 [2/2] (1.23ns)   --->   "%p_ZZ5conv3PA255_A255_fPA32_A5_A5_fPfS1_E7in_tile_2_1_0_load_11 = load i6 %p_ZZ5conv3PA255_A255_fPA32_A5_A5_fPfS1_E7in_tile_2_1_0_addr_11" [src/conv3.cpp:86]   --->   Operation 1156 'load' 'p_ZZ5conv3PA255_A255_fPA32_A5_A5_fPfS1_E7in_tile_2_1_0_load_11' <Predicate = true> <Delay = 1.23> <CoreInst = "RAM">   --->   Core 83 'RAM' <Latency = 1> <II = 1> <Delay = 1.23> <Storage> <Opcode : 'load' 'store'> <Ports = 2> <Width = 32> <Depth = 64> <RAM>
ST_17 : Operation 1157 [2/2] (1.23ns)   --->   "%p_ZZ5conv3PA255_A255_fPA32_A5_A5_fPfS1_E7in_tile_2_2_0_load_11 = load i6 %p_ZZ5conv3PA255_A255_fPA32_A5_A5_fPfS1_E7in_tile_2_2_0_addr_11" [src/conv3.cpp:86]   --->   Operation 1157 'load' 'p_ZZ5conv3PA255_A255_fPA32_A5_A5_fPfS1_E7in_tile_2_2_0_load_11' <Predicate = true> <Delay = 1.23> <CoreInst = "RAM">   --->   Core 83 'RAM' <Latency = 1> <II = 1> <Delay = 1.23> <Storage> <Opcode : 'load' 'store'> <Ports = 2> <Width = 32> <Depth = 64> <RAM>
ST_17 : Operation 1158 [2/2] (1.23ns)   --->   "%p_ZZ5conv3PA255_A255_fPA32_A5_A5_fPfS1_E7in_tile_2_3_0_load_11 = load i6 %p_ZZ5conv3PA255_A255_fPA32_A5_A5_fPfS1_E7in_tile_2_3_0_addr_11" [src/conv3.cpp:86]   --->   Operation 1158 'load' 'p_ZZ5conv3PA255_A255_fPA32_A5_A5_fPfS1_E7in_tile_2_3_0_load_11' <Predicate = true> <Delay = 1.23> <CoreInst = "RAM">   --->   Core 83 'RAM' <Latency = 1> <II = 1> <Delay = 1.23> <Storage> <Opcode : 'load' 'store'> <Ports = 2> <Width = 32> <Depth = 64> <RAM>
ST_17 : Operation 1159 [2/2] (1.23ns)   --->   "%p_ZZ5conv3PA255_A255_fPA32_A5_A5_fPfS1_E7in_tile_2_4_0_load_11 = load i6 %p_ZZ5conv3PA255_A255_fPA32_A5_A5_fPfS1_E7in_tile_2_4_0_addr_11" [src/conv3.cpp:86]   --->   Operation 1159 'load' 'p_ZZ5conv3PA255_A255_fPA32_A5_A5_fPfS1_E7in_tile_2_4_0_load_11' <Predicate = true> <Delay = 1.23> <CoreInst = "RAM">   --->   Core 83 'RAM' <Latency = 1> <II = 1> <Delay = 1.23> <Storage> <Opcode : 'load' 'store'> <Ports = 2> <Width = 32> <Depth = 64> <RAM>
ST_17 : Operation 1160 [2/2] (1.23ns)   --->   "%p_ZZ5conv3PA255_A255_fPA32_A5_A5_fPfS1_E7in_tile_3_0_0_load_11 = load i6 %p_ZZ5conv3PA255_A255_fPA32_A5_A5_fPfS1_E7in_tile_3_0_0_addr_11" [src/conv3.cpp:86]   --->   Operation 1160 'load' 'p_ZZ5conv3PA255_A255_fPA32_A5_A5_fPfS1_E7in_tile_3_0_0_load_11' <Predicate = true> <Delay = 1.23> <CoreInst = "RAM">   --->   Core 83 'RAM' <Latency = 1> <II = 1> <Delay = 1.23> <Storage> <Opcode : 'load' 'store'> <Ports = 2> <Width = 32> <Depth = 64> <RAM>
ST_17 : Operation 1161 [2/2] (1.23ns)   --->   "%p_ZZ5conv3PA255_A255_fPA32_A5_A5_fPfS1_E7in_tile_3_1_0_load_11 = load i6 %p_ZZ5conv3PA255_A255_fPA32_A5_A5_fPfS1_E7in_tile_3_1_0_addr_11" [src/conv3.cpp:86]   --->   Operation 1161 'load' 'p_ZZ5conv3PA255_A255_fPA32_A5_A5_fPfS1_E7in_tile_3_1_0_load_11' <Predicate = true> <Delay = 1.23> <CoreInst = "RAM">   --->   Core 83 'RAM' <Latency = 1> <II = 1> <Delay = 1.23> <Storage> <Opcode : 'load' 'store'> <Ports = 2> <Width = 32> <Depth = 64> <RAM>
ST_17 : Operation 1162 [2/2] (1.23ns)   --->   "%p_ZZ5conv3PA255_A255_fPA32_A5_A5_fPfS1_E7in_tile_3_2_0_load_11 = load i6 %p_ZZ5conv3PA255_A255_fPA32_A5_A5_fPfS1_E7in_tile_3_2_0_addr_11" [src/conv3.cpp:86]   --->   Operation 1162 'load' 'p_ZZ5conv3PA255_A255_fPA32_A5_A5_fPfS1_E7in_tile_3_2_0_load_11' <Predicate = true> <Delay = 1.23> <CoreInst = "RAM">   --->   Core 83 'RAM' <Latency = 1> <II = 1> <Delay = 1.23> <Storage> <Opcode : 'load' 'store'> <Ports = 2> <Width = 32> <Depth = 64> <RAM>
ST_17 : Operation 1163 [2/2] (1.23ns)   --->   "%p_ZZ5conv3PA255_A255_fPA32_A5_A5_fPfS1_E7in_tile_3_3_0_load_11 = load i6 %p_ZZ5conv3PA255_A255_fPA32_A5_A5_fPfS1_E7in_tile_3_3_0_addr_11" [src/conv3.cpp:86]   --->   Operation 1163 'load' 'p_ZZ5conv3PA255_A255_fPA32_A5_A5_fPfS1_E7in_tile_3_3_0_load_11' <Predicate = true> <Delay = 1.23> <CoreInst = "RAM">   --->   Core 83 'RAM' <Latency = 1> <II = 1> <Delay = 1.23> <Storage> <Opcode : 'load' 'store'> <Ports = 2> <Width = 32> <Depth = 64> <RAM>
ST_17 : Operation 1164 [2/2] (1.23ns)   --->   "%p_ZZ5conv3PA255_A255_fPA32_A5_A5_fPfS1_E7in_tile_3_4_0_load_11 = load i6 %p_ZZ5conv3PA255_A255_fPA32_A5_A5_fPfS1_E7in_tile_3_4_0_addr_11" [src/conv3.cpp:86]   --->   Operation 1164 'load' 'p_ZZ5conv3PA255_A255_fPA32_A5_A5_fPfS1_E7in_tile_3_4_0_load_11' <Predicate = true> <Delay = 1.23> <CoreInst = "RAM">   --->   Core 83 'RAM' <Latency = 1> <II = 1> <Delay = 1.23> <Storage> <Opcode : 'load' 'store'> <Ports = 2> <Width = 32> <Depth = 64> <RAM>
ST_17 : Operation 1165 [2/2] (1.23ns)   --->   "%p_ZZ5conv3PA255_A255_fPA32_A5_A5_fPfS1_E7in_tile_4_0_0_load_11 = load i6 %p_ZZ5conv3PA255_A255_fPA32_A5_A5_fPfS1_E7in_tile_4_0_0_addr_11" [src/conv3.cpp:86]   --->   Operation 1165 'load' 'p_ZZ5conv3PA255_A255_fPA32_A5_A5_fPfS1_E7in_tile_4_0_0_load_11' <Predicate = true> <Delay = 1.23> <CoreInst = "RAM">   --->   Core 83 'RAM' <Latency = 1> <II = 1> <Delay = 1.23> <Storage> <Opcode : 'load' 'store'> <Ports = 2> <Width = 32> <Depth = 64> <RAM>
ST_17 : Operation 1166 [2/2] (1.23ns)   --->   "%p_ZZ5conv3PA255_A255_fPA32_A5_A5_fPfS1_E7in_tile_4_1_0_load_11 = load i6 %p_ZZ5conv3PA255_A255_fPA32_A5_A5_fPfS1_E7in_tile_4_1_0_addr_11" [src/conv3.cpp:86]   --->   Operation 1166 'load' 'p_ZZ5conv3PA255_A255_fPA32_A5_A5_fPfS1_E7in_tile_4_1_0_load_11' <Predicate = true> <Delay = 1.23> <CoreInst = "RAM">   --->   Core 83 'RAM' <Latency = 1> <II = 1> <Delay = 1.23> <Storage> <Opcode : 'load' 'store'> <Ports = 2> <Width = 32> <Depth = 64> <RAM>
ST_17 : Operation 1167 [2/2] (1.23ns)   --->   "%p_ZZ5conv3PA255_A255_fPA32_A5_A5_fPfS1_E7in_tile_4_2_0_load_11 = load i6 %p_ZZ5conv3PA255_A255_fPA32_A5_A5_fPfS1_E7in_tile_4_2_0_addr_11" [src/conv3.cpp:86]   --->   Operation 1167 'load' 'p_ZZ5conv3PA255_A255_fPA32_A5_A5_fPfS1_E7in_tile_4_2_0_load_11' <Predicate = true> <Delay = 1.23> <CoreInst = "RAM">   --->   Core 83 'RAM' <Latency = 1> <II = 1> <Delay = 1.23> <Storage> <Opcode : 'load' 'store'> <Ports = 2> <Width = 32> <Depth = 64> <RAM>
ST_17 : Operation 1168 [2/2] (1.23ns)   --->   "%p_ZZ5conv3PA255_A255_fPA32_A5_A5_fPfS1_E7in_tile_4_3_0_load_11 = load i6 %p_ZZ5conv3PA255_A255_fPA32_A5_A5_fPfS1_E7in_tile_4_3_0_addr_11" [src/conv3.cpp:86]   --->   Operation 1168 'load' 'p_ZZ5conv3PA255_A255_fPA32_A5_A5_fPfS1_E7in_tile_4_3_0_load_11' <Predicate = true> <Delay = 1.23> <CoreInst = "RAM">   --->   Core 83 'RAM' <Latency = 1> <II = 1> <Delay = 1.23> <Storage> <Opcode : 'load' 'store'> <Ports = 2> <Width = 32> <Depth = 64> <RAM>
ST_17 : Operation 1169 [2/2] (1.23ns)   --->   "%p_ZZ5conv3PA255_A255_fPA32_A5_A5_fPfS1_E7in_tile_4_4_0_load_11 = load i6 %p_ZZ5conv3PA255_A255_fPA32_A5_A5_fPfS1_E7in_tile_4_4_0_addr_11" [src/conv3.cpp:86]   --->   Operation 1169 'load' 'p_ZZ5conv3PA255_A255_fPA32_A5_A5_fPfS1_E7in_tile_4_4_0_load_11' <Predicate = true> <Delay = 1.23> <CoreInst = "RAM">   --->   Core 83 'RAM' <Latency = 1> <II = 1> <Delay = 1.23> <Storage> <Opcode : 'load' 'store'> <Ports = 2> <Width = 32> <Depth = 64> <RAM>
ST_17 : Operation 1170 [2/2] (1.23ns)   --->   "%p_ZZ5conv3PA255_A255_fPA32_A5_A5_fPfS1_E7in_tile_0_0_0_load_12 = load i6 %p_ZZ5conv3PA255_A255_fPA32_A5_A5_fPfS1_E7in_tile_0_0_0_addr_12" [src/conv3.cpp:86]   --->   Operation 1170 'load' 'p_ZZ5conv3PA255_A255_fPA32_A5_A5_fPfS1_E7in_tile_0_0_0_load_12' <Predicate = true> <Delay = 1.23> <CoreInst = "RAM">   --->   Core 83 'RAM' <Latency = 1> <II = 1> <Delay = 1.23> <Storage> <Opcode : 'load' 'store'> <Ports = 2> <Width = 32> <Depth = 64> <RAM>
ST_17 : Operation 1171 [2/2] (1.23ns)   --->   "%p_ZZ5conv3PA255_A255_fPA32_A5_A5_fPfS1_E7in_tile_0_1_0_load_12 = load i6 %p_ZZ5conv3PA255_A255_fPA32_A5_A5_fPfS1_E7in_tile_0_1_0_addr_12" [src/conv3.cpp:86]   --->   Operation 1171 'load' 'p_ZZ5conv3PA255_A255_fPA32_A5_A5_fPfS1_E7in_tile_0_1_0_load_12' <Predicate = true> <Delay = 1.23> <CoreInst = "RAM">   --->   Core 83 'RAM' <Latency = 1> <II = 1> <Delay = 1.23> <Storage> <Opcode : 'load' 'store'> <Ports = 2> <Width = 32> <Depth = 64> <RAM>
ST_17 : Operation 1172 [2/2] (1.23ns)   --->   "%p_ZZ5conv3PA255_A255_fPA32_A5_A5_fPfS1_E7in_tile_0_2_0_load_12 = load i6 %p_ZZ5conv3PA255_A255_fPA32_A5_A5_fPfS1_E7in_tile_0_2_0_addr_12" [src/conv3.cpp:86]   --->   Operation 1172 'load' 'p_ZZ5conv3PA255_A255_fPA32_A5_A5_fPfS1_E7in_tile_0_2_0_load_12' <Predicate = true> <Delay = 1.23> <CoreInst = "RAM">   --->   Core 83 'RAM' <Latency = 1> <II = 1> <Delay = 1.23> <Storage> <Opcode : 'load' 'store'> <Ports = 2> <Width = 32> <Depth = 64> <RAM>
ST_17 : Operation 1173 [2/2] (1.23ns)   --->   "%p_ZZ5conv3PA255_A255_fPA32_A5_A5_fPfS1_E7in_tile_0_3_0_load_12 = load i6 %p_ZZ5conv3PA255_A255_fPA32_A5_A5_fPfS1_E7in_tile_0_3_0_addr_12" [src/conv3.cpp:86]   --->   Operation 1173 'load' 'p_ZZ5conv3PA255_A255_fPA32_A5_A5_fPfS1_E7in_tile_0_3_0_load_12' <Predicate = true> <Delay = 1.23> <CoreInst = "RAM">   --->   Core 83 'RAM' <Latency = 1> <II = 1> <Delay = 1.23> <Storage> <Opcode : 'load' 'store'> <Ports = 2> <Width = 32> <Depth = 64> <RAM>
ST_17 : Operation 1174 [2/2] (1.23ns)   --->   "%p_ZZ5conv3PA255_A255_fPA32_A5_A5_fPfS1_E7in_tile_0_4_0_load_12 = load i6 %p_ZZ5conv3PA255_A255_fPA32_A5_A5_fPfS1_E7in_tile_0_4_0_addr_12" [src/conv3.cpp:86]   --->   Operation 1174 'load' 'p_ZZ5conv3PA255_A255_fPA32_A5_A5_fPfS1_E7in_tile_0_4_0_load_12' <Predicate = true> <Delay = 1.23> <CoreInst = "RAM">   --->   Core 83 'RAM' <Latency = 1> <II = 1> <Delay = 1.23> <Storage> <Opcode : 'load' 'store'> <Ports = 2> <Width = 32> <Depth = 64> <RAM>
ST_17 : Operation 1175 [2/2] (1.23ns)   --->   "%p_ZZ5conv3PA255_A255_fPA32_A5_A5_fPfS1_E7in_tile_1_0_0_load_12 = load i6 %p_ZZ5conv3PA255_A255_fPA32_A5_A5_fPfS1_E7in_tile_1_0_0_addr_12" [src/conv3.cpp:86]   --->   Operation 1175 'load' 'p_ZZ5conv3PA255_A255_fPA32_A5_A5_fPfS1_E7in_tile_1_0_0_load_12' <Predicate = true> <Delay = 1.23> <CoreInst = "RAM">   --->   Core 83 'RAM' <Latency = 1> <II = 1> <Delay = 1.23> <Storage> <Opcode : 'load' 'store'> <Ports = 2> <Width = 32> <Depth = 64> <RAM>
ST_17 : Operation 1176 [2/2] (1.23ns)   --->   "%p_ZZ5conv3PA255_A255_fPA32_A5_A5_fPfS1_E7in_tile_1_1_0_load_12 = load i6 %p_ZZ5conv3PA255_A255_fPA32_A5_A5_fPfS1_E7in_tile_1_1_0_addr_12" [src/conv3.cpp:86]   --->   Operation 1176 'load' 'p_ZZ5conv3PA255_A255_fPA32_A5_A5_fPfS1_E7in_tile_1_1_0_load_12' <Predicate = true> <Delay = 1.23> <CoreInst = "RAM">   --->   Core 83 'RAM' <Latency = 1> <II = 1> <Delay = 1.23> <Storage> <Opcode : 'load' 'store'> <Ports = 2> <Width = 32> <Depth = 64> <RAM>
ST_17 : Operation 1177 [2/2] (1.23ns)   --->   "%p_ZZ5conv3PA255_A255_fPA32_A5_A5_fPfS1_E7in_tile_1_2_0_load_12 = load i6 %p_ZZ5conv3PA255_A255_fPA32_A5_A5_fPfS1_E7in_tile_1_2_0_addr_12" [src/conv3.cpp:86]   --->   Operation 1177 'load' 'p_ZZ5conv3PA255_A255_fPA32_A5_A5_fPfS1_E7in_tile_1_2_0_load_12' <Predicate = true> <Delay = 1.23> <CoreInst = "RAM">   --->   Core 83 'RAM' <Latency = 1> <II = 1> <Delay = 1.23> <Storage> <Opcode : 'load' 'store'> <Ports = 2> <Width = 32> <Depth = 64> <RAM>
ST_17 : Operation 1178 [2/2] (1.23ns)   --->   "%p_ZZ5conv3PA255_A255_fPA32_A5_A5_fPfS1_E7in_tile_1_3_0_load_12 = load i6 %p_ZZ5conv3PA255_A255_fPA32_A5_A5_fPfS1_E7in_tile_1_3_0_addr_12" [src/conv3.cpp:86]   --->   Operation 1178 'load' 'p_ZZ5conv3PA255_A255_fPA32_A5_A5_fPfS1_E7in_tile_1_3_0_load_12' <Predicate = true> <Delay = 1.23> <CoreInst = "RAM">   --->   Core 83 'RAM' <Latency = 1> <II = 1> <Delay = 1.23> <Storage> <Opcode : 'load' 'store'> <Ports = 2> <Width = 32> <Depth = 64> <RAM>
ST_17 : Operation 1179 [2/2] (1.23ns)   --->   "%p_ZZ5conv3PA255_A255_fPA32_A5_A5_fPfS1_E7in_tile_1_4_0_load_12 = load i6 %p_ZZ5conv3PA255_A255_fPA32_A5_A5_fPfS1_E7in_tile_1_4_0_addr_12" [src/conv3.cpp:86]   --->   Operation 1179 'load' 'p_ZZ5conv3PA255_A255_fPA32_A5_A5_fPfS1_E7in_tile_1_4_0_load_12' <Predicate = true> <Delay = 1.23> <CoreInst = "RAM">   --->   Core 83 'RAM' <Latency = 1> <II = 1> <Delay = 1.23> <Storage> <Opcode : 'load' 'store'> <Ports = 2> <Width = 32> <Depth = 64> <RAM>
ST_17 : Operation 1180 [2/2] (1.23ns)   --->   "%p_ZZ5conv3PA255_A255_fPA32_A5_A5_fPfS1_E7in_tile_2_0_0_load_12 = load i6 %p_ZZ5conv3PA255_A255_fPA32_A5_A5_fPfS1_E7in_tile_2_0_0_addr_12" [src/conv3.cpp:86]   --->   Operation 1180 'load' 'p_ZZ5conv3PA255_A255_fPA32_A5_A5_fPfS1_E7in_tile_2_0_0_load_12' <Predicate = true> <Delay = 1.23> <CoreInst = "RAM">   --->   Core 83 'RAM' <Latency = 1> <II = 1> <Delay = 1.23> <Storage> <Opcode : 'load' 'store'> <Ports = 2> <Width = 32> <Depth = 64> <RAM>
ST_17 : Operation 1181 [2/2] (1.23ns)   --->   "%p_ZZ5conv3PA255_A255_fPA32_A5_A5_fPfS1_E7in_tile_2_1_0_load_12 = load i6 %p_ZZ5conv3PA255_A255_fPA32_A5_A5_fPfS1_E7in_tile_2_1_0_addr_12" [src/conv3.cpp:86]   --->   Operation 1181 'load' 'p_ZZ5conv3PA255_A255_fPA32_A5_A5_fPfS1_E7in_tile_2_1_0_load_12' <Predicate = true> <Delay = 1.23> <CoreInst = "RAM">   --->   Core 83 'RAM' <Latency = 1> <II = 1> <Delay = 1.23> <Storage> <Opcode : 'load' 'store'> <Ports = 2> <Width = 32> <Depth = 64> <RAM>
ST_17 : Operation 1182 [2/2] (1.23ns)   --->   "%p_ZZ5conv3PA255_A255_fPA32_A5_A5_fPfS1_E7in_tile_2_2_0_load_12 = load i6 %p_ZZ5conv3PA255_A255_fPA32_A5_A5_fPfS1_E7in_tile_2_2_0_addr_12" [src/conv3.cpp:86]   --->   Operation 1182 'load' 'p_ZZ5conv3PA255_A255_fPA32_A5_A5_fPfS1_E7in_tile_2_2_0_load_12' <Predicate = true> <Delay = 1.23> <CoreInst = "RAM">   --->   Core 83 'RAM' <Latency = 1> <II = 1> <Delay = 1.23> <Storage> <Opcode : 'load' 'store'> <Ports = 2> <Width = 32> <Depth = 64> <RAM>
ST_17 : Operation 1183 [2/2] (1.23ns)   --->   "%p_ZZ5conv3PA255_A255_fPA32_A5_A5_fPfS1_E7in_tile_2_3_0_load_12 = load i6 %p_ZZ5conv3PA255_A255_fPA32_A5_A5_fPfS1_E7in_tile_2_3_0_addr_12" [src/conv3.cpp:86]   --->   Operation 1183 'load' 'p_ZZ5conv3PA255_A255_fPA32_A5_A5_fPfS1_E7in_tile_2_3_0_load_12' <Predicate = true> <Delay = 1.23> <CoreInst = "RAM">   --->   Core 83 'RAM' <Latency = 1> <II = 1> <Delay = 1.23> <Storage> <Opcode : 'load' 'store'> <Ports = 2> <Width = 32> <Depth = 64> <RAM>
ST_17 : Operation 1184 [2/2] (1.23ns)   --->   "%p_ZZ5conv3PA255_A255_fPA32_A5_A5_fPfS1_E7in_tile_2_4_0_load_12 = load i6 %p_ZZ5conv3PA255_A255_fPA32_A5_A5_fPfS1_E7in_tile_2_4_0_addr_12" [src/conv3.cpp:86]   --->   Operation 1184 'load' 'p_ZZ5conv3PA255_A255_fPA32_A5_A5_fPfS1_E7in_tile_2_4_0_load_12' <Predicate = true> <Delay = 1.23> <CoreInst = "RAM">   --->   Core 83 'RAM' <Latency = 1> <II = 1> <Delay = 1.23> <Storage> <Opcode : 'load' 'store'> <Ports = 2> <Width = 32> <Depth = 64> <RAM>
ST_17 : Operation 1185 [2/2] (1.23ns)   --->   "%p_ZZ5conv3PA255_A255_fPA32_A5_A5_fPfS1_E7in_tile_3_0_0_load_12 = load i6 %p_ZZ5conv3PA255_A255_fPA32_A5_A5_fPfS1_E7in_tile_3_0_0_addr_12" [src/conv3.cpp:86]   --->   Operation 1185 'load' 'p_ZZ5conv3PA255_A255_fPA32_A5_A5_fPfS1_E7in_tile_3_0_0_load_12' <Predicate = true> <Delay = 1.23> <CoreInst = "RAM">   --->   Core 83 'RAM' <Latency = 1> <II = 1> <Delay = 1.23> <Storage> <Opcode : 'load' 'store'> <Ports = 2> <Width = 32> <Depth = 64> <RAM>
ST_17 : Operation 1186 [2/2] (1.23ns)   --->   "%p_ZZ5conv3PA255_A255_fPA32_A5_A5_fPfS1_E7in_tile_3_1_0_load_12 = load i6 %p_ZZ5conv3PA255_A255_fPA32_A5_A5_fPfS1_E7in_tile_3_1_0_addr_12" [src/conv3.cpp:86]   --->   Operation 1186 'load' 'p_ZZ5conv3PA255_A255_fPA32_A5_A5_fPfS1_E7in_tile_3_1_0_load_12' <Predicate = true> <Delay = 1.23> <CoreInst = "RAM">   --->   Core 83 'RAM' <Latency = 1> <II = 1> <Delay = 1.23> <Storage> <Opcode : 'load' 'store'> <Ports = 2> <Width = 32> <Depth = 64> <RAM>
ST_17 : Operation 1187 [2/2] (1.23ns)   --->   "%p_ZZ5conv3PA255_A255_fPA32_A5_A5_fPfS1_E7in_tile_3_2_0_load_12 = load i6 %p_ZZ5conv3PA255_A255_fPA32_A5_A5_fPfS1_E7in_tile_3_2_0_addr_12" [src/conv3.cpp:86]   --->   Operation 1187 'load' 'p_ZZ5conv3PA255_A255_fPA32_A5_A5_fPfS1_E7in_tile_3_2_0_load_12' <Predicate = true> <Delay = 1.23> <CoreInst = "RAM">   --->   Core 83 'RAM' <Latency = 1> <II = 1> <Delay = 1.23> <Storage> <Opcode : 'load' 'store'> <Ports = 2> <Width = 32> <Depth = 64> <RAM>
ST_17 : Operation 1188 [2/2] (1.23ns)   --->   "%p_ZZ5conv3PA255_A255_fPA32_A5_A5_fPfS1_E7in_tile_3_3_0_load_12 = load i6 %p_ZZ5conv3PA255_A255_fPA32_A5_A5_fPfS1_E7in_tile_3_3_0_addr_12" [src/conv3.cpp:86]   --->   Operation 1188 'load' 'p_ZZ5conv3PA255_A255_fPA32_A5_A5_fPfS1_E7in_tile_3_3_0_load_12' <Predicate = true> <Delay = 1.23> <CoreInst = "RAM">   --->   Core 83 'RAM' <Latency = 1> <II = 1> <Delay = 1.23> <Storage> <Opcode : 'load' 'store'> <Ports = 2> <Width = 32> <Depth = 64> <RAM>
ST_17 : Operation 1189 [2/2] (1.23ns)   --->   "%p_ZZ5conv3PA255_A255_fPA32_A5_A5_fPfS1_E7in_tile_3_4_0_load_12 = load i6 %p_ZZ5conv3PA255_A255_fPA32_A5_A5_fPfS1_E7in_tile_3_4_0_addr_12" [src/conv3.cpp:86]   --->   Operation 1189 'load' 'p_ZZ5conv3PA255_A255_fPA32_A5_A5_fPfS1_E7in_tile_3_4_0_load_12' <Predicate = true> <Delay = 1.23> <CoreInst = "RAM">   --->   Core 83 'RAM' <Latency = 1> <II = 1> <Delay = 1.23> <Storage> <Opcode : 'load' 'store'> <Ports = 2> <Width = 32> <Depth = 64> <RAM>
ST_17 : Operation 1190 [2/2] (1.23ns)   --->   "%p_ZZ5conv3PA255_A255_fPA32_A5_A5_fPfS1_E7in_tile_4_0_0_load_12 = load i6 %p_ZZ5conv3PA255_A255_fPA32_A5_A5_fPfS1_E7in_tile_4_0_0_addr_12" [src/conv3.cpp:86]   --->   Operation 1190 'load' 'p_ZZ5conv3PA255_A255_fPA32_A5_A5_fPfS1_E7in_tile_4_0_0_load_12' <Predicate = true> <Delay = 1.23> <CoreInst = "RAM">   --->   Core 83 'RAM' <Latency = 1> <II = 1> <Delay = 1.23> <Storage> <Opcode : 'load' 'store'> <Ports = 2> <Width = 32> <Depth = 64> <RAM>
ST_17 : Operation 1191 [2/2] (1.23ns)   --->   "%p_ZZ5conv3PA255_A255_fPA32_A5_A5_fPfS1_E7in_tile_4_1_0_load_12 = load i6 %p_ZZ5conv3PA255_A255_fPA32_A5_A5_fPfS1_E7in_tile_4_1_0_addr_12" [src/conv3.cpp:86]   --->   Operation 1191 'load' 'p_ZZ5conv3PA255_A255_fPA32_A5_A5_fPfS1_E7in_tile_4_1_0_load_12' <Predicate = true> <Delay = 1.23> <CoreInst = "RAM">   --->   Core 83 'RAM' <Latency = 1> <II = 1> <Delay = 1.23> <Storage> <Opcode : 'load' 'store'> <Ports = 2> <Width = 32> <Depth = 64> <RAM>
ST_17 : Operation 1192 [2/2] (1.23ns)   --->   "%p_ZZ5conv3PA255_A255_fPA32_A5_A5_fPfS1_E7in_tile_4_2_0_load_12 = load i6 %p_ZZ5conv3PA255_A255_fPA32_A5_A5_fPfS1_E7in_tile_4_2_0_addr_12" [src/conv3.cpp:86]   --->   Operation 1192 'load' 'p_ZZ5conv3PA255_A255_fPA32_A5_A5_fPfS1_E7in_tile_4_2_0_load_12' <Predicate = true> <Delay = 1.23> <CoreInst = "RAM">   --->   Core 83 'RAM' <Latency = 1> <II = 1> <Delay = 1.23> <Storage> <Opcode : 'load' 'store'> <Ports = 2> <Width = 32> <Depth = 64> <RAM>
ST_17 : Operation 1193 [2/2] (1.23ns)   --->   "%p_ZZ5conv3PA255_A255_fPA32_A5_A5_fPfS1_E7in_tile_4_3_0_load_12 = load i6 %p_ZZ5conv3PA255_A255_fPA32_A5_A5_fPfS1_E7in_tile_4_3_0_addr_12" [src/conv3.cpp:86]   --->   Operation 1193 'load' 'p_ZZ5conv3PA255_A255_fPA32_A5_A5_fPfS1_E7in_tile_4_3_0_load_12' <Predicate = true> <Delay = 1.23> <CoreInst = "RAM">   --->   Core 83 'RAM' <Latency = 1> <II = 1> <Delay = 1.23> <Storage> <Opcode : 'load' 'store'> <Ports = 2> <Width = 32> <Depth = 64> <RAM>
ST_17 : Operation 1194 [2/2] (1.23ns)   --->   "%p_ZZ5conv3PA255_A255_fPA32_A5_A5_fPfS1_E7in_tile_4_4_0_load_12 = load i6 %p_ZZ5conv3PA255_A255_fPA32_A5_A5_fPfS1_E7in_tile_4_4_0_addr_12" [src/conv3.cpp:86]   --->   Operation 1194 'load' 'p_ZZ5conv3PA255_A255_fPA32_A5_A5_fPfS1_E7in_tile_4_4_0_load_12' <Predicate = true> <Delay = 1.23> <CoreInst = "RAM">   --->   Core 83 'RAM' <Latency = 1> <II = 1> <Delay = 1.23> <Storage> <Opcode : 'load' 'store'> <Ports = 2> <Width = 32> <Depth = 64> <RAM>

State 18 <SV = 17> <Delay = 2.01>
ST_18 : Operation 1195 [1/1] (0.78ns)   --->   "%empty_54 = add i6 %tmp_151, i6 %tmp_162" [src/conv3.cpp:74]   --->   Operation 1195 'add' 'empty_54' <Predicate = true> <Delay = 0.78> <CoreInst = "Adder">   --->   Core 1 'Adder' <Latency = 0> <II = 1> <Delay = 0.78> <FuncUnit> <Opcode : 'add' 'sub'> <InPorts = 2> <OutPorts = 1>
ST_18 : Operation 1196 [1/1] (0.00ns)   --->   "%p_cast76 = zext i6 %empty_54" [src/conv3.cpp:74]   --->   Operation 1196 'zext' 'p_cast76' <Predicate = true> <Delay = 0.00>
ST_18 : Operation 1197 [1/1] (0.00ns)   --->   "%p_ZZ5conv3PA255_A255_fPA32_A5_A5_fPfS1_E7in_tile_0_0_0_addr_13 = getelementptr i32 %p_ZZ5conv3PA255_A255_fPA32_A5_A5_fPfS1_E7in_tile_0_0_0, i64 0, i64 %p_cast76" [src/conv3.cpp:74]   --->   Operation 1197 'getelementptr' 'p_ZZ5conv3PA255_A255_fPA32_A5_A5_fPfS1_E7in_tile_0_0_0_addr_13' <Predicate = true> <Delay = 0.00>
ST_18 : Operation 1198 [1/1] (0.00ns)   --->   "%p_ZZ5conv3PA255_A255_fPA32_A5_A5_fPfS1_E7in_tile_0_1_0_addr_13 = getelementptr i32 %p_ZZ5conv3PA255_A255_fPA32_A5_A5_fPfS1_E7in_tile_0_1_0, i64 0, i64 %p_cast76" [src/conv3.cpp:74]   --->   Operation 1198 'getelementptr' 'p_ZZ5conv3PA255_A255_fPA32_A5_A5_fPfS1_E7in_tile_0_1_0_addr_13' <Predicate = true> <Delay = 0.00>
ST_18 : Operation 1199 [1/1] (0.00ns)   --->   "%p_ZZ5conv3PA255_A255_fPA32_A5_A5_fPfS1_E7in_tile_0_2_0_addr_13 = getelementptr i32 %p_ZZ5conv3PA255_A255_fPA32_A5_A5_fPfS1_E7in_tile_0_2_0, i64 0, i64 %p_cast76" [src/conv3.cpp:74]   --->   Operation 1199 'getelementptr' 'p_ZZ5conv3PA255_A255_fPA32_A5_A5_fPfS1_E7in_tile_0_2_0_addr_13' <Predicate = true> <Delay = 0.00>
ST_18 : Operation 1200 [1/1] (0.00ns)   --->   "%p_ZZ5conv3PA255_A255_fPA32_A5_A5_fPfS1_E7in_tile_0_3_0_addr_13 = getelementptr i32 %p_ZZ5conv3PA255_A255_fPA32_A5_A5_fPfS1_E7in_tile_0_3_0, i64 0, i64 %p_cast76" [src/conv3.cpp:74]   --->   Operation 1200 'getelementptr' 'p_ZZ5conv3PA255_A255_fPA32_A5_A5_fPfS1_E7in_tile_0_3_0_addr_13' <Predicate = true> <Delay = 0.00>
ST_18 : Operation 1201 [1/1] (0.00ns)   --->   "%p_ZZ5conv3PA255_A255_fPA32_A5_A5_fPfS1_E7in_tile_0_4_0_addr_13 = getelementptr i32 %p_ZZ5conv3PA255_A255_fPA32_A5_A5_fPfS1_E7in_tile_0_4_0, i64 0, i64 %p_cast76" [src/conv3.cpp:74]   --->   Operation 1201 'getelementptr' 'p_ZZ5conv3PA255_A255_fPA32_A5_A5_fPfS1_E7in_tile_0_4_0_addr_13' <Predicate = true> <Delay = 0.00>
ST_18 : Operation 1202 [1/1] (0.00ns)   --->   "%p_ZZ5conv3PA255_A255_fPA32_A5_A5_fPfS1_E7in_tile_1_0_0_addr_13 = getelementptr i32 %p_ZZ5conv3PA255_A255_fPA32_A5_A5_fPfS1_E7in_tile_1_0_0, i64 0, i64 %p_cast76" [src/conv3.cpp:74]   --->   Operation 1202 'getelementptr' 'p_ZZ5conv3PA255_A255_fPA32_A5_A5_fPfS1_E7in_tile_1_0_0_addr_13' <Predicate = true> <Delay = 0.00>
ST_18 : Operation 1203 [1/1] (0.00ns)   --->   "%p_ZZ5conv3PA255_A255_fPA32_A5_A5_fPfS1_E7in_tile_1_1_0_addr_13 = getelementptr i32 %p_ZZ5conv3PA255_A255_fPA32_A5_A5_fPfS1_E7in_tile_1_1_0, i64 0, i64 %p_cast76" [src/conv3.cpp:74]   --->   Operation 1203 'getelementptr' 'p_ZZ5conv3PA255_A255_fPA32_A5_A5_fPfS1_E7in_tile_1_1_0_addr_13' <Predicate = true> <Delay = 0.00>
ST_18 : Operation 1204 [1/1] (0.00ns)   --->   "%p_ZZ5conv3PA255_A255_fPA32_A5_A5_fPfS1_E7in_tile_1_2_0_addr_13 = getelementptr i32 %p_ZZ5conv3PA255_A255_fPA32_A5_A5_fPfS1_E7in_tile_1_2_0, i64 0, i64 %p_cast76" [src/conv3.cpp:74]   --->   Operation 1204 'getelementptr' 'p_ZZ5conv3PA255_A255_fPA32_A5_A5_fPfS1_E7in_tile_1_2_0_addr_13' <Predicate = true> <Delay = 0.00>
ST_18 : Operation 1205 [1/1] (0.00ns)   --->   "%p_ZZ5conv3PA255_A255_fPA32_A5_A5_fPfS1_E7in_tile_1_3_0_addr_13 = getelementptr i32 %p_ZZ5conv3PA255_A255_fPA32_A5_A5_fPfS1_E7in_tile_1_3_0, i64 0, i64 %p_cast76" [src/conv3.cpp:74]   --->   Operation 1205 'getelementptr' 'p_ZZ5conv3PA255_A255_fPA32_A5_A5_fPfS1_E7in_tile_1_3_0_addr_13' <Predicate = true> <Delay = 0.00>
ST_18 : Operation 1206 [1/1] (0.00ns)   --->   "%p_ZZ5conv3PA255_A255_fPA32_A5_A5_fPfS1_E7in_tile_1_4_0_addr_13 = getelementptr i32 %p_ZZ5conv3PA255_A255_fPA32_A5_A5_fPfS1_E7in_tile_1_4_0, i64 0, i64 %p_cast76" [src/conv3.cpp:74]   --->   Operation 1206 'getelementptr' 'p_ZZ5conv3PA255_A255_fPA32_A5_A5_fPfS1_E7in_tile_1_4_0_addr_13' <Predicate = true> <Delay = 0.00>
ST_18 : Operation 1207 [1/1] (0.00ns)   --->   "%p_ZZ5conv3PA255_A255_fPA32_A5_A5_fPfS1_E7in_tile_2_0_0_addr_13 = getelementptr i32 %p_ZZ5conv3PA255_A255_fPA32_A5_A5_fPfS1_E7in_tile_2_0_0, i64 0, i64 %p_cast76" [src/conv3.cpp:74]   --->   Operation 1207 'getelementptr' 'p_ZZ5conv3PA255_A255_fPA32_A5_A5_fPfS1_E7in_tile_2_0_0_addr_13' <Predicate = true> <Delay = 0.00>
ST_18 : Operation 1208 [1/1] (0.00ns)   --->   "%p_ZZ5conv3PA255_A255_fPA32_A5_A5_fPfS1_E7in_tile_2_1_0_addr_13 = getelementptr i32 %p_ZZ5conv3PA255_A255_fPA32_A5_A5_fPfS1_E7in_tile_2_1_0, i64 0, i64 %p_cast76" [src/conv3.cpp:74]   --->   Operation 1208 'getelementptr' 'p_ZZ5conv3PA255_A255_fPA32_A5_A5_fPfS1_E7in_tile_2_1_0_addr_13' <Predicate = true> <Delay = 0.00>
ST_18 : Operation 1209 [1/1] (0.00ns)   --->   "%p_ZZ5conv3PA255_A255_fPA32_A5_A5_fPfS1_E7in_tile_2_2_0_addr_13 = getelementptr i32 %p_ZZ5conv3PA255_A255_fPA32_A5_A5_fPfS1_E7in_tile_2_2_0, i64 0, i64 %p_cast76" [src/conv3.cpp:74]   --->   Operation 1209 'getelementptr' 'p_ZZ5conv3PA255_A255_fPA32_A5_A5_fPfS1_E7in_tile_2_2_0_addr_13' <Predicate = true> <Delay = 0.00>
ST_18 : Operation 1210 [1/1] (0.00ns)   --->   "%p_ZZ5conv3PA255_A255_fPA32_A5_A5_fPfS1_E7in_tile_2_3_0_addr_13 = getelementptr i32 %p_ZZ5conv3PA255_A255_fPA32_A5_A5_fPfS1_E7in_tile_2_3_0, i64 0, i64 %p_cast76" [src/conv3.cpp:74]   --->   Operation 1210 'getelementptr' 'p_ZZ5conv3PA255_A255_fPA32_A5_A5_fPfS1_E7in_tile_2_3_0_addr_13' <Predicate = true> <Delay = 0.00>
ST_18 : Operation 1211 [1/1] (0.00ns)   --->   "%p_ZZ5conv3PA255_A255_fPA32_A5_A5_fPfS1_E7in_tile_2_4_0_addr_13 = getelementptr i32 %p_ZZ5conv3PA255_A255_fPA32_A5_A5_fPfS1_E7in_tile_2_4_0, i64 0, i64 %p_cast76" [src/conv3.cpp:74]   --->   Operation 1211 'getelementptr' 'p_ZZ5conv3PA255_A255_fPA32_A5_A5_fPfS1_E7in_tile_2_4_0_addr_13' <Predicate = true> <Delay = 0.00>
ST_18 : Operation 1212 [1/1] (0.00ns)   --->   "%p_ZZ5conv3PA255_A255_fPA32_A5_A5_fPfS1_E7in_tile_3_0_0_addr_13 = getelementptr i32 %p_ZZ5conv3PA255_A255_fPA32_A5_A5_fPfS1_E7in_tile_3_0_0, i64 0, i64 %p_cast76" [src/conv3.cpp:74]   --->   Operation 1212 'getelementptr' 'p_ZZ5conv3PA255_A255_fPA32_A5_A5_fPfS1_E7in_tile_3_0_0_addr_13' <Predicate = true> <Delay = 0.00>
ST_18 : Operation 1213 [1/1] (0.00ns)   --->   "%p_ZZ5conv3PA255_A255_fPA32_A5_A5_fPfS1_E7in_tile_3_1_0_addr_13 = getelementptr i32 %p_ZZ5conv3PA255_A255_fPA32_A5_A5_fPfS1_E7in_tile_3_1_0, i64 0, i64 %p_cast76" [src/conv3.cpp:74]   --->   Operation 1213 'getelementptr' 'p_ZZ5conv3PA255_A255_fPA32_A5_A5_fPfS1_E7in_tile_3_1_0_addr_13' <Predicate = true> <Delay = 0.00>
ST_18 : Operation 1214 [1/1] (0.00ns)   --->   "%p_ZZ5conv3PA255_A255_fPA32_A5_A5_fPfS1_E7in_tile_3_2_0_addr_13 = getelementptr i32 %p_ZZ5conv3PA255_A255_fPA32_A5_A5_fPfS1_E7in_tile_3_2_0, i64 0, i64 %p_cast76" [src/conv3.cpp:74]   --->   Operation 1214 'getelementptr' 'p_ZZ5conv3PA255_A255_fPA32_A5_A5_fPfS1_E7in_tile_3_2_0_addr_13' <Predicate = true> <Delay = 0.00>
ST_18 : Operation 1215 [1/1] (0.00ns)   --->   "%p_ZZ5conv3PA255_A255_fPA32_A5_A5_fPfS1_E7in_tile_3_3_0_addr_13 = getelementptr i32 %p_ZZ5conv3PA255_A255_fPA32_A5_A5_fPfS1_E7in_tile_3_3_0, i64 0, i64 %p_cast76" [src/conv3.cpp:74]   --->   Operation 1215 'getelementptr' 'p_ZZ5conv3PA255_A255_fPA32_A5_A5_fPfS1_E7in_tile_3_3_0_addr_13' <Predicate = true> <Delay = 0.00>
ST_18 : Operation 1216 [1/1] (0.00ns)   --->   "%p_ZZ5conv3PA255_A255_fPA32_A5_A5_fPfS1_E7in_tile_3_4_0_addr_13 = getelementptr i32 %p_ZZ5conv3PA255_A255_fPA32_A5_A5_fPfS1_E7in_tile_3_4_0, i64 0, i64 %p_cast76" [src/conv3.cpp:74]   --->   Operation 1216 'getelementptr' 'p_ZZ5conv3PA255_A255_fPA32_A5_A5_fPfS1_E7in_tile_3_4_0_addr_13' <Predicate = true> <Delay = 0.00>
ST_18 : Operation 1217 [1/1] (0.00ns)   --->   "%p_ZZ5conv3PA255_A255_fPA32_A5_A5_fPfS1_E7in_tile_4_0_0_addr_13 = getelementptr i32 %p_ZZ5conv3PA255_A255_fPA32_A5_A5_fPfS1_E7in_tile_4_0_0, i64 0, i64 %p_cast76" [src/conv3.cpp:74]   --->   Operation 1217 'getelementptr' 'p_ZZ5conv3PA255_A255_fPA32_A5_A5_fPfS1_E7in_tile_4_0_0_addr_13' <Predicate = true> <Delay = 0.00>
ST_18 : Operation 1218 [1/1] (0.00ns)   --->   "%p_ZZ5conv3PA255_A255_fPA32_A5_A5_fPfS1_E7in_tile_4_1_0_addr_13 = getelementptr i32 %p_ZZ5conv3PA255_A255_fPA32_A5_A5_fPfS1_E7in_tile_4_1_0, i64 0, i64 %p_cast76" [src/conv3.cpp:74]   --->   Operation 1218 'getelementptr' 'p_ZZ5conv3PA255_A255_fPA32_A5_A5_fPfS1_E7in_tile_4_1_0_addr_13' <Predicate = true> <Delay = 0.00>
ST_18 : Operation 1219 [1/1] (0.00ns)   --->   "%p_ZZ5conv3PA255_A255_fPA32_A5_A5_fPfS1_E7in_tile_4_2_0_addr_13 = getelementptr i32 %p_ZZ5conv3PA255_A255_fPA32_A5_A5_fPfS1_E7in_tile_4_2_0, i64 0, i64 %p_cast76" [src/conv3.cpp:74]   --->   Operation 1219 'getelementptr' 'p_ZZ5conv3PA255_A255_fPA32_A5_A5_fPfS1_E7in_tile_4_2_0_addr_13' <Predicate = true> <Delay = 0.00>
ST_18 : Operation 1220 [1/1] (0.00ns)   --->   "%p_ZZ5conv3PA255_A255_fPA32_A5_A5_fPfS1_E7in_tile_4_3_0_addr_13 = getelementptr i32 %p_ZZ5conv3PA255_A255_fPA32_A5_A5_fPfS1_E7in_tile_4_3_0, i64 0, i64 %p_cast76" [src/conv3.cpp:74]   --->   Operation 1220 'getelementptr' 'p_ZZ5conv3PA255_A255_fPA32_A5_A5_fPfS1_E7in_tile_4_3_0_addr_13' <Predicate = true> <Delay = 0.00>
ST_18 : Operation 1221 [1/1] (0.00ns)   --->   "%p_ZZ5conv3PA255_A255_fPA32_A5_A5_fPfS1_E7in_tile_4_4_0_addr_13 = getelementptr i32 %p_ZZ5conv3PA255_A255_fPA32_A5_A5_fPfS1_E7in_tile_4_4_0, i64 0, i64 %p_cast76" [src/conv3.cpp:74]   --->   Operation 1221 'getelementptr' 'p_ZZ5conv3PA255_A255_fPA32_A5_A5_fPfS1_E7in_tile_4_4_0_addr_13' <Predicate = true> <Delay = 0.00>
ST_18 : Operation 1222 [1/1] (0.78ns)   --->   "%empty_60 = add i6 %tmp_151, i6 %tmp_163" [src/conv3.cpp:74]   --->   Operation 1222 'add' 'empty_60' <Predicate = true> <Delay = 0.78> <CoreInst = "Adder">   --->   Core 1 'Adder' <Latency = 0> <II = 1> <Delay = 0.78> <FuncUnit> <Opcode : 'add' 'sub'> <InPorts = 2> <OutPorts = 1>
ST_18 : Operation 1223 [1/1] (0.00ns)   --->   "%p_cast81 = zext i6 %empty_60" [src/conv3.cpp:74]   --->   Operation 1223 'zext' 'p_cast81' <Predicate = true> <Delay = 0.00>
ST_18 : Operation 1224 [1/1] (0.00ns)   --->   "%p_ZZ5conv3PA255_A255_fPA32_A5_A5_fPfS1_E7in_tile_0_0_0_addr_14 = getelementptr i32 %p_ZZ5conv3PA255_A255_fPA32_A5_A5_fPfS1_E7in_tile_0_0_0, i64 0, i64 %p_cast81" [src/conv3.cpp:74]   --->   Operation 1224 'getelementptr' 'p_ZZ5conv3PA255_A255_fPA32_A5_A5_fPfS1_E7in_tile_0_0_0_addr_14' <Predicate = true> <Delay = 0.00>
ST_18 : Operation 1225 [1/1] (0.00ns)   --->   "%p_ZZ5conv3PA255_A255_fPA32_A5_A5_fPfS1_E7in_tile_0_1_0_addr_14 = getelementptr i32 %p_ZZ5conv3PA255_A255_fPA32_A5_A5_fPfS1_E7in_tile_0_1_0, i64 0, i64 %p_cast81" [src/conv3.cpp:74]   --->   Operation 1225 'getelementptr' 'p_ZZ5conv3PA255_A255_fPA32_A5_A5_fPfS1_E7in_tile_0_1_0_addr_14' <Predicate = true> <Delay = 0.00>
ST_18 : Operation 1226 [1/1] (0.00ns)   --->   "%p_ZZ5conv3PA255_A255_fPA32_A5_A5_fPfS1_E7in_tile_0_2_0_addr_14 = getelementptr i32 %p_ZZ5conv3PA255_A255_fPA32_A5_A5_fPfS1_E7in_tile_0_2_0, i64 0, i64 %p_cast81" [src/conv3.cpp:74]   --->   Operation 1226 'getelementptr' 'p_ZZ5conv3PA255_A255_fPA32_A5_A5_fPfS1_E7in_tile_0_2_0_addr_14' <Predicate = true> <Delay = 0.00>
ST_18 : Operation 1227 [1/1] (0.00ns)   --->   "%p_ZZ5conv3PA255_A255_fPA32_A5_A5_fPfS1_E7in_tile_0_3_0_addr_14 = getelementptr i32 %p_ZZ5conv3PA255_A255_fPA32_A5_A5_fPfS1_E7in_tile_0_3_0, i64 0, i64 %p_cast81" [src/conv3.cpp:74]   --->   Operation 1227 'getelementptr' 'p_ZZ5conv3PA255_A255_fPA32_A5_A5_fPfS1_E7in_tile_0_3_0_addr_14' <Predicate = true> <Delay = 0.00>
ST_18 : Operation 1228 [1/1] (0.00ns)   --->   "%p_ZZ5conv3PA255_A255_fPA32_A5_A5_fPfS1_E7in_tile_0_4_0_addr_14 = getelementptr i32 %p_ZZ5conv3PA255_A255_fPA32_A5_A5_fPfS1_E7in_tile_0_4_0, i64 0, i64 %p_cast81" [src/conv3.cpp:74]   --->   Operation 1228 'getelementptr' 'p_ZZ5conv3PA255_A255_fPA32_A5_A5_fPfS1_E7in_tile_0_4_0_addr_14' <Predicate = true> <Delay = 0.00>
ST_18 : Operation 1229 [1/1] (0.00ns)   --->   "%p_ZZ5conv3PA255_A255_fPA32_A5_A5_fPfS1_E7in_tile_1_0_0_addr_14 = getelementptr i32 %p_ZZ5conv3PA255_A255_fPA32_A5_A5_fPfS1_E7in_tile_1_0_0, i64 0, i64 %p_cast81" [src/conv3.cpp:74]   --->   Operation 1229 'getelementptr' 'p_ZZ5conv3PA255_A255_fPA32_A5_A5_fPfS1_E7in_tile_1_0_0_addr_14' <Predicate = true> <Delay = 0.00>
ST_18 : Operation 1230 [1/1] (0.00ns)   --->   "%p_ZZ5conv3PA255_A255_fPA32_A5_A5_fPfS1_E7in_tile_1_1_0_addr_14 = getelementptr i32 %p_ZZ5conv3PA255_A255_fPA32_A5_A5_fPfS1_E7in_tile_1_1_0, i64 0, i64 %p_cast81" [src/conv3.cpp:74]   --->   Operation 1230 'getelementptr' 'p_ZZ5conv3PA255_A255_fPA32_A5_A5_fPfS1_E7in_tile_1_1_0_addr_14' <Predicate = true> <Delay = 0.00>
ST_18 : Operation 1231 [1/1] (0.00ns)   --->   "%p_ZZ5conv3PA255_A255_fPA32_A5_A5_fPfS1_E7in_tile_1_2_0_addr_14 = getelementptr i32 %p_ZZ5conv3PA255_A255_fPA32_A5_A5_fPfS1_E7in_tile_1_2_0, i64 0, i64 %p_cast81" [src/conv3.cpp:74]   --->   Operation 1231 'getelementptr' 'p_ZZ5conv3PA255_A255_fPA32_A5_A5_fPfS1_E7in_tile_1_2_0_addr_14' <Predicate = true> <Delay = 0.00>
ST_18 : Operation 1232 [1/1] (0.00ns)   --->   "%p_ZZ5conv3PA255_A255_fPA32_A5_A5_fPfS1_E7in_tile_1_3_0_addr_14 = getelementptr i32 %p_ZZ5conv3PA255_A255_fPA32_A5_A5_fPfS1_E7in_tile_1_3_0, i64 0, i64 %p_cast81" [src/conv3.cpp:74]   --->   Operation 1232 'getelementptr' 'p_ZZ5conv3PA255_A255_fPA32_A5_A5_fPfS1_E7in_tile_1_3_0_addr_14' <Predicate = true> <Delay = 0.00>
ST_18 : Operation 1233 [1/1] (0.00ns)   --->   "%p_ZZ5conv3PA255_A255_fPA32_A5_A5_fPfS1_E7in_tile_1_4_0_addr_14 = getelementptr i32 %p_ZZ5conv3PA255_A255_fPA32_A5_A5_fPfS1_E7in_tile_1_4_0, i64 0, i64 %p_cast81" [src/conv3.cpp:74]   --->   Operation 1233 'getelementptr' 'p_ZZ5conv3PA255_A255_fPA32_A5_A5_fPfS1_E7in_tile_1_4_0_addr_14' <Predicate = true> <Delay = 0.00>
ST_18 : Operation 1234 [1/1] (0.00ns)   --->   "%p_ZZ5conv3PA255_A255_fPA32_A5_A5_fPfS1_E7in_tile_2_0_0_addr_14 = getelementptr i32 %p_ZZ5conv3PA255_A255_fPA32_A5_A5_fPfS1_E7in_tile_2_0_0, i64 0, i64 %p_cast81" [src/conv3.cpp:74]   --->   Operation 1234 'getelementptr' 'p_ZZ5conv3PA255_A255_fPA32_A5_A5_fPfS1_E7in_tile_2_0_0_addr_14' <Predicate = true> <Delay = 0.00>
ST_18 : Operation 1235 [1/1] (0.00ns)   --->   "%p_ZZ5conv3PA255_A255_fPA32_A5_A5_fPfS1_E7in_tile_2_1_0_addr_14 = getelementptr i32 %p_ZZ5conv3PA255_A255_fPA32_A5_A5_fPfS1_E7in_tile_2_1_0, i64 0, i64 %p_cast81" [src/conv3.cpp:74]   --->   Operation 1235 'getelementptr' 'p_ZZ5conv3PA255_A255_fPA32_A5_A5_fPfS1_E7in_tile_2_1_0_addr_14' <Predicate = true> <Delay = 0.00>
ST_18 : Operation 1236 [1/1] (0.00ns)   --->   "%p_ZZ5conv3PA255_A255_fPA32_A5_A5_fPfS1_E7in_tile_2_2_0_addr_14 = getelementptr i32 %p_ZZ5conv3PA255_A255_fPA32_A5_A5_fPfS1_E7in_tile_2_2_0, i64 0, i64 %p_cast81" [src/conv3.cpp:74]   --->   Operation 1236 'getelementptr' 'p_ZZ5conv3PA255_A255_fPA32_A5_A5_fPfS1_E7in_tile_2_2_0_addr_14' <Predicate = true> <Delay = 0.00>
ST_18 : Operation 1237 [1/1] (0.00ns)   --->   "%p_ZZ5conv3PA255_A255_fPA32_A5_A5_fPfS1_E7in_tile_2_3_0_addr_14 = getelementptr i32 %p_ZZ5conv3PA255_A255_fPA32_A5_A5_fPfS1_E7in_tile_2_3_0, i64 0, i64 %p_cast81" [src/conv3.cpp:74]   --->   Operation 1237 'getelementptr' 'p_ZZ5conv3PA255_A255_fPA32_A5_A5_fPfS1_E7in_tile_2_3_0_addr_14' <Predicate = true> <Delay = 0.00>
ST_18 : Operation 1238 [1/1] (0.00ns)   --->   "%p_ZZ5conv3PA255_A255_fPA32_A5_A5_fPfS1_E7in_tile_2_4_0_addr_14 = getelementptr i32 %p_ZZ5conv3PA255_A255_fPA32_A5_A5_fPfS1_E7in_tile_2_4_0, i64 0, i64 %p_cast81" [src/conv3.cpp:74]   --->   Operation 1238 'getelementptr' 'p_ZZ5conv3PA255_A255_fPA32_A5_A5_fPfS1_E7in_tile_2_4_0_addr_14' <Predicate = true> <Delay = 0.00>
ST_18 : Operation 1239 [1/1] (0.00ns)   --->   "%p_ZZ5conv3PA255_A255_fPA32_A5_A5_fPfS1_E7in_tile_3_0_0_addr_14 = getelementptr i32 %p_ZZ5conv3PA255_A255_fPA32_A5_A5_fPfS1_E7in_tile_3_0_0, i64 0, i64 %p_cast81" [src/conv3.cpp:74]   --->   Operation 1239 'getelementptr' 'p_ZZ5conv3PA255_A255_fPA32_A5_A5_fPfS1_E7in_tile_3_0_0_addr_14' <Predicate = true> <Delay = 0.00>
ST_18 : Operation 1240 [1/1] (0.00ns)   --->   "%p_ZZ5conv3PA255_A255_fPA32_A5_A5_fPfS1_E7in_tile_3_1_0_addr_14 = getelementptr i32 %p_ZZ5conv3PA255_A255_fPA32_A5_A5_fPfS1_E7in_tile_3_1_0, i64 0, i64 %p_cast81" [src/conv3.cpp:74]   --->   Operation 1240 'getelementptr' 'p_ZZ5conv3PA255_A255_fPA32_A5_A5_fPfS1_E7in_tile_3_1_0_addr_14' <Predicate = true> <Delay = 0.00>
ST_18 : Operation 1241 [1/1] (0.00ns)   --->   "%p_ZZ5conv3PA255_A255_fPA32_A5_A5_fPfS1_E7in_tile_3_2_0_addr_14 = getelementptr i32 %p_ZZ5conv3PA255_A255_fPA32_A5_A5_fPfS1_E7in_tile_3_2_0, i64 0, i64 %p_cast81" [src/conv3.cpp:74]   --->   Operation 1241 'getelementptr' 'p_ZZ5conv3PA255_A255_fPA32_A5_A5_fPfS1_E7in_tile_3_2_0_addr_14' <Predicate = true> <Delay = 0.00>
ST_18 : Operation 1242 [1/1] (0.00ns)   --->   "%p_ZZ5conv3PA255_A255_fPA32_A5_A5_fPfS1_E7in_tile_3_3_0_addr_14 = getelementptr i32 %p_ZZ5conv3PA255_A255_fPA32_A5_A5_fPfS1_E7in_tile_3_3_0, i64 0, i64 %p_cast81" [src/conv3.cpp:74]   --->   Operation 1242 'getelementptr' 'p_ZZ5conv3PA255_A255_fPA32_A5_A5_fPfS1_E7in_tile_3_3_0_addr_14' <Predicate = true> <Delay = 0.00>
ST_18 : Operation 1243 [1/1] (0.00ns)   --->   "%p_ZZ5conv3PA255_A255_fPA32_A5_A5_fPfS1_E7in_tile_3_4_0_addr_14 = getelementptr i32 %p_ZZ5conv3PA255_A255_fPA32_A5_A5_fPfS1_E7in_tile_3_4_0, i64 0, i64 %p_cast81" [src/conv3.cpp:74]   --->   Operation 1243 'getelementptr' 'p_ZZ5conv3PA255_A255_fPA32_A5_A5_fPfS1_E7in_tile_3_4_0_addr_14' <Predicate = true> <Delay = 0.00>
ST_18 : Operation 1244 [1/1] (0.00ns)   --->   "%p_ZZ5conv3PA255_A255_fPA32_A5_A5_fPfS1_E7in_tile_4_0_0_addr_14 = getelementptr i32 %p_ZZ5conv3PA255_A255_fPA32_A5_A5_fPfS1_E7in_tile_4_0_0, i64 0, i64 %p_cast81" [src/conv3.cpp:74]   --->   Operation 1244 'getelementptr' 'p_ZZ5conv3PA255_A255_fPA32_A5_A5_fPfS1_E7in_tile_4_0_0_addr_14' <Predicate = true> <Delay = 0.00>
ST_18 : Operation 1245 [1/1] (0.00ns)   --->   "%p_ZZ5conv3PA255_A255_fPA32_A5_A5_fPfS1_E7in_tile_4_1_0_addr_14 = getelementptr i32 %p_ZZ5conv3PA255_A255_fPA32_A5_A5_fPfS1_E7in_tile_4_1_0, i64 0, i64 %p_cast81" [src/conv3.cpp:74]   --->   Operation 1245 'getelementptr' 'p_ZZ5conv3PA255_A255_fPA32_A5_A5_fPfS1_E7in_tile_4_1_0_addr_14' <Predicate = true> <Delay = 0.00>
ST_18 : Operation 1246 [1/1] (0.00ns)   --->   "%p_ZZ5conv3PA255_A255_fPA32_A5_A5_fPfS1_E7in_tile_4_2_0_addr_14 = getelementptr i32 %p_ZZ5conv3PA255_A255_fPA32_A5_A5_fPfS1_E7in_tile_4_2_0, i64 0, i64 %p_cast81" [src/conv3.cpp:74]   --->   Operation 1246 'getelementptr' 'p_ZZ5conv3PA255_A255_fPA32_A5_A5_fPfS1_E7in_tile_4_2_0_addr_14' <Predicate = true> <Delay = 0.00>
ST_18 : Operation 1247 [1/1] (0.00ns)   --->   "%p_ZZ5conv3PA255_A255_fPA32_A5_A5_fPfS1_E7in_tile_4_3_0_addr_14 = getelementptr i32 %p_ZZ5conv3PA255_A255_fPA32_A5_A5_fPfS1_E7in_tile_4_3_0, i64 0, i64 %p_cast81" [src/conv3.cpp:74]   --->   Operation 1247 'getelementptr' 'p_ZZ5conv3PA255_A255_fPA32_A5_A5_fPfS1_E7in_tile_4_3_0_addr_14' <Predicate = true> <Delay = 0.00>
ST_18 : Operation 1248 [1/1] (0.00ns)   --->   "%p_ZZ5conv3PA255_A255_fPA32_A5_A5_fPfS1_E7in_tile_4_4_0_addr_14 = getelementptr i32 %p_ZZ5conv3PA255_A255_fPA32_A5_A5_fPfS1_E7in_tile_4_4_0, i64 0, i64 %p_cast81" [src/conv3.cpp:74]   --->   Operation 1248 'getelementptr' 'p_ZZ5conv3PA255_A255_fPA32_A5_A5_fPfS1_E7in_tile_4_4_0_addr_14' <Predicate = true> <Delay = 0.00>
ST_18 : Operation 1249 [1/2] (1.23ns)   --->   "%p_ZZ5conv3PA255_A255_fPA32_A5_A5_fPfS1_E7in_tile_0_0_0_load_11 = load i6 %p_ZZ5conv3PA255_A255_fPA32_A5_A5_fPfS1_E7in_tile_0_0_0_addr_11" [src/conv3.cpp:86]   --->   Operation 1249 'load' 'p_ZZ5conv3PA255_A255_fPA32_A5_A5_fPfS1_E7in_tile_0_0_0_load_11' <Predicate = true> <Delay = 1.23> <CoreInst = "RAM">   --->   Core 83 'RAM' <Latency = 1> <II = 1> <Delay = 1.23> <Storage> <Opcode : 'load' 'store'> <Ports = 2> <Width = 32> <Depth = 64> <RAM>
ST_18 : Operation 1250 [1/2] (1.23ns)   --->   "%p_ZZ5conv3PA255_A255_fPA32_A5_A5_fPfS1_E7in_tile_0_1_0_load_11 = load i6 %p_ZZ5conv3PA255_A255_fPA32_A5_A5_fPfS1_E7in_tile_0_1_0_addr_11" [src/conv3.cpp:86]   --->   Operation 1250 'load' 'p_ZZ5conv3PA255_A255_fPA32_A5_A5_fPfS1_E7in_tile_0_1_0_load_11' <Predicate = true> <Delay = 1.23> <CoreInst = "RAM">   --->   Core 83 'RAM' <Latency = 1> <II = 1> <Delay = 1.23> <Storage> <Opcode : 'load' 'store'> <Ports = 2> <Width = 32> <Depth = 64> <RAM>
ST_18 : Operation 1251 [1/2] (1.23ns)   --->   "%p_ZZ5conv3PA255_A255_fPA32_A5_A5_fPfS1_E7in_tile_0_2_0_load_11 = load i6 %p_ZZ5conv3PA255_A255_fPA32_A5_A5_fPfS1_E7in_tile_0_2_0_addr_11" [src/conv3.cpp:86]   --->   Operation 1251 'load' 'p_ZZ5conv3PA255_A255_fPA32_A5_A5_fPfS1_E7in_tile_0_2_0_load_11' <Predicate = true> <Delay = 1.23> <CoreInst = "RAM">   --->   Core 83 'RAM' <Latency = 1> <II = 1> <Delay = 1.23> <Storage> <Opcode : 'load' 'store'> <Ports = 2> <Width = 32> <Depth = 64> <RAM>
ST_18 : Operation 1252 [1/2] (1.23ns)   --->   "%p_ZZ5conv3PA255_A255_fPA32_A5_A5_fPfS1_E7in_tile_0_3_0_load_11 = load i6 %p_ZZ5conv3PA255_A255_fPA32_A5_A5_fPfS1_E7in_tile_0_3_0_addr_11" [src/conv3.cpp:86]   --->   Operation 1252 'load' 'p_ZZ5conv3PA255_A255_fPA32_A5_A5_fPfS1_E7in_tile_0_3_0_load_11' <Predicate = true> <Delay = 1.23> <CoreInst = "RAM">   --->   Core 83 'RAM' <Latency = 1> <II = 1> <Delay = 1.23> <Storage> <Opcode : 'load' 'store'> <Ports = 2> <Width = 32> <Depth = 64> <RAM>
ST_18 : Operation 1253 [1/2] (1.23ns)   --->   "%p_ZZ5conv3PA255_A255_fPA32_A5_A5_fPfS1_E7in_tile_0_4_0_load_11 = load i6 %p_ZZ5conv3PA255_A255_fPA32_A5_A5_fPfS1_E7in_tile_0_4_0_addr_11" [src/conv3.cpp:86]   --->   Operation 1253 'load' 'p_ZZ5conv3PA255_A255_fPA32_A5_A5_fPfS1_E7in_tile_0_4_0_load_11' <Predicate = true> <Delay = 1.23> <CoreInst = "RAM">   --->   Core 83 'RAM' <Latency = 1> <II = 1> <Delay = 1.23> <Storage> <Opcode : 'load' 'store'> <Ports = 2> <Width = 32> <Depth = 64> <RAM>
ST_18 : Operation 1254 [1/2] (1.23ns)   --->   "%p_ZZ5conv3PA255_A255_fPA32_A5_A5_fPfS1_E7in_tile_1_0_0_load_11 = load i6 %p_ZZ5conv3PA255_A255_fPA32_A5_A5_fPfS1_E7in_tile_1_0_0_addr_11" [src/conv3.cpp:86]   --->   Operation 1254 'load' 'p_ZZ5conv3PA255_A255_fPA32_A5_A5_fPfS1_E7in_tile_1_0_0_load_11' <Predicate = true> <Delay = 1.23> <CoreInst = "RAM">   --->   Core 83 'RAM' <Latency = 1> <II = 1> <Delay = 1.23> <Storage> <Opcode : 'load' 'store'> <Ports = 2> <Width = 32> <Depth = 64> <RAM>
ST_18 : Operation 1255 [1/2] (1.23ns)   --->   "%p_ZZ5conv3PA255_A255_fPA32_A5_A5_fPfS1_E7in_tile_1_1_0_load_11 = load i6 %p_ZZ5conv3PA255_A255_fPA32_A5_A5_fPfS1_E7in_tile_1_1_0_addr_11" [src/conv3.cpp:86]   --->   Operation 1255 'load' 'p_ZZ5conv3PA255_A255_fPA32_A5_A5_fPfS1_E7in_tile_1_1_0_load_11' <Predicate = true> <Delay = 1.23> <CoreInst = "RAM">   --->   Core 83 'RAM' <Latency = 1> <II = 1> <Delay = 1.23> <Storage> <Opcode : 'load' 'store'> <Ports = 2> <Width = 32> <Depth = 64> <RAM>
ST_18 : Operation 1256 [1/2] (1.23ns)   --->   "%p_ZZ5conv3PA255_A255_fPA32_A5_A5_fPfS1_E7in_tile_1_2_0_load_11 = load i6 %p_ZZ5conv3PA255_A255_fPA32_A5_A5_fPfS1_E7in_tile_1_2_0_addr_11" [src/conv3.cpp:86]   --->   Operation 1256 'load' 'p_ZZ5conv3PA255_A255_fPA32_A5_A5_fPfS1_E7in_tile_1_2_0_load_11' <Predicate = true> <Delay = 1.23> <CoreInst = "RAM">   --->   Core 83 'RAM' <Latency = 1> <II = 1> <Delay = 1.23> <Storage> <Opcode : 'load' 'store'> <Ports = 2> <Width = 32> <Depth = 64> <RAM>
ST_18 : Operation 1257 [1/2] (1.23ns)   --->   "%p_ZZ5conv3PA255_A255_fPA32_A5_A5_fPfS1_E7in_tile_1_3_0_load_11 = load i6 %p_ZZ5conv3PA255_A255_fPA32_A5_A5_fPfS1_E7in_tile_1_3_0_addr_11" [src/conv3.cpp:86]   --->   Operation 1257 'load' 'p_ZZ5conv3PA255_A255_fPA32_A5_A5_fPfS1_E7in_tile_1_3_0_load_11' <Predicate = true> <Delay = 1.23> <CoreInst = "RAM">   --->   Core 83 'RAM' <Latency = 1> <II = 1> <Delay = 1.23> <Storage> <Opcode : 'load' 'store'> <Ports = 2> <Width = 32> <Depth = 64> <RAM>
ST_18 : Operation 1258 [1/2] (1.23ns)   --->   "%p_ZZ5conv3PA255_A255_fPA32_A5_A5_fPfS1_E7in_tile_1_4_0_load_11 = load i6 %p_ZZ5conv3PA255_A255_fPA32_A5_A5_fPfS1_E7in_tile_1_4_0_addr_11" [src/conv3.cpp:86]   --->   Operation 1258 'load' 'p_ZZ5conv3PA255_A255_fPA32_A5_A5_fPfS1_E7in_tile_1_4_0_load_11' <Predicate = true> <Delay = 1.23> <CoreInst = "RAM">   --->   Core 83 'RAM' <Latency = 1> <II = 1> <Delay = 1.23> <Storage> <Opcode : 'load' 'store'> <Ports = 2> <Width = 32> <Depth = 64> <RAM>
ST_18 : Operation 1259 [1/2] (1.23ns)   --->   "%p_ZZ5conv3PA255_A255_fPA32_A5_A5_fPfS1_E7in_tile_2_0_0_load_11 = load i6 %p_ZZ5conv3PA255_A255_fPA32_A5_A5_fPfS1_E7in_tile_2_0_0_addr_11" [src/conv3.cpp:86]   --->   Operation 1259 'load' 'p_ZZ5conv3PA255_A255_fPA32_A5_A5_fPfS1_E7in_tile_2_0_0_load_11' <Predicate = true> <Delay = 1.23> <CoreInst = "RAM">   --->   Core 83 'RAM' <Latency = 1> <II = 1> <Delay = 1.23> <Storage> <Opcode : 'load' 'store'> <Ports = 2> <Width = 32> <Depth = 64> <RAM>
ST_18 : Operation 1260 [1/2] (1.23ns)   --->   "%p_ZZ5conv3PA255_A255_fPA32_A5_A5_fPfS1_E7in_tile_2_1_0_load_11 = load i6 %p_ZZ5conv3PA255_A255_fPA32_A5_A5_fPfS1_E7in_tile_2_1_0_addr_11" [src/conv3.cpp:86]   --->   Operation 1260 'load' 'p_ZZ5conv3PA255_A255_fPA32_A5_A5_fPfS1_E7in_tile_2_1_0_load_11' <Predicate = true> <Delay = 1.23> <CoreInst = "RAM">   --->   Core 83 'RAM' <Latency = 1> <II = 1> <Delay = 1.23> <Storage> <Opcode : 'load' 'store'> <Ports = 2> <Width = 32> <Depth = 64> <RAM>
ST_18 : Operation 1261 [1/2] (1.23ns)   --->   "%p_ZZ5conv3PA255_A255_fPA32_A5_A5_fPfS1_E7in_tile_2_2_0_load_11 = load i6 %p_ZZ5conv3PA255_A255_fPA32_A5_A5_fPfS1_E7in_tile_2_2_0_addr_11" [src/conv3.cpp:86]   --->   Operation 1261 'load' 'p_ZZ5conv3PA255_A255_fPA32_A5_A5_fPfS1_E7in_tile_2_2_0_load_11' <Predicate = true> <Delay = 1.23> <CoreInst = "RAM">   --->   Core 83 'RAM' <Latency = 1> <II = 1> <Delay = 1.23> <Storage> <Opcode : 'load' 'store'> <Ports = 2> <Width = 32> <Depth = 64> <RAM>
ST_18 : Operation 1262 [1/2] (1.23ns)   --->   "%p_ZZ5conv3PA255_A255_fPA32_A5_A5_fPfS1_E7in_tile_2_3_0_load_11 = load i6 %p_ZZ5conv3PA255_A255_fPA32_A5_A5_fPfS1_E7in_tile_2_3_0_addr_11" [src/conv3.cpp:86]   --->   Operation 1262 'load' 'p_ZZ5conv3PA255_A255_fPA32_A5_A5_fPfS1_E7in_tile_2_3_0_load_11' <Predicate = true> <Delay = 1.23> <CoreInst = "RAM">   --->   Core 83 'RAM' <Latency = 1> <II = 1> <Delay = 1.23> <Storage> <Opcode : 'load' 'store'> <Ports = 2> <Width = 32> <Depth = 64> <RAM>
ST_18 : Operation 1263 [1/2] (1.23ns)   --->   "%p_ZZ5conv3PA255_A255_fPA32_A5_A5_fPfS1_E7in_tile_2_4_0_load_11 = load i6 %p_ZZ5conv3PA255_A255_fPA32_A5_A5_fPfS1_E7in_tile_2_4_0_addr_11" [src/conv3.cpp:86]   --->   Operation 1263 'load' 'p_ZZ5conv3PA255_A255_fPA32_A5_A5_fPfS1_E7in_tile_2_4_0_load_11' <Predicate = true> <Delay = 1.23> <CoreInst = "RAM">   --->   Core 83 'RAM' <Latency = 1> <II = 1> <Delay = 1.23> <Storage> <Opcode : 'load' 'store'> <Ports = 2> <Width = 32> <Depth = 64> <RAM>
ST_18 : Operation 1264 [1/2] (1.23ns)   --->   "%p_ZZ5conv3PA255_A255_fPA32_A5_A5_fPfS1_E7in_tile_3_0_0_load_11 = load i6 %p_ZZ5conv3PA255_A255_fPA32_A5_A5_fPfS1_E7in_tile_3_0_0_addr_11" [src/conv3.cpp:86]   --->   Operation 1264 'load' 'p_ZZ5conv3PA255_A255_fPA32_A5_A5_fPfS1_E7in_tile_3_0_0_load_11' <Predicate = true> <Delay = 1.23> <CoreInst = "RAM">   --->   Core 83 'RAM' <Latency = 1> <II = 1> <Delay = 1.23> <Storage> <Opcode : 'load' 'store'> <Ports = 2> <Width = 32> <Depth = 64> <RAM>
ST_18 : Operation 1265 [1/2] (1.23ns)   --->   "%p_ZZ5conv3PA255_A255_fPA32_A5_A5_fPfS1_E7in_tile_3_1_0_load_11 = load i6 %p_ZZ5conv3PA255_A255_fPA32_A5_A5_fPfS1_E7in_tile_3_1_0_addr_11" [src/conv3.cpp:86]   --->   Operation 1265 'load' 'p_ZZ5conv3PA255_A255_fPA32_A5_A5_fPfS1_E7in_tile_3_1_0_load_11' <Predicate = true> <Delay = 1.23> <CoreInst = "RAM">   --->   Core 83 'RAM' <Latency = 1> <II = 1> <Delay = 1.23> <Storage> <Opcode : 'load' 'store'> <Ports = 2> <Width = 32> <Depth = 64> <RAM>
ST_18 : Operation 1266 [1/2] (1.23ns)   --->   "%p_ZZ5conv3PA255_A255_fPA32_A5_A5_fPfS1_E7in_tile_3_2_0_load_11 = load i6 %p_ZZ5conv3PA255_A255_fPA32_A5_A5_fPfS1_E7in_tile_3_2_0_addr_11" [src/conv3.cpp:86]   --->   Operation 1266 'load' 'p_ZZ5conv3PA255_A255_fPA32_A5_A5_fPfS1_E7in_tile_3_2_0_load_11' <Predicate = true> <Delay = 1.23> <CoreInst = "RAM">   --->   Core 83 'RAM' <Latency = 1> <II = 1> <Delay = 1.23> <Storage> <Opcode : 'load' 'store'> <Ports = 2> <Width = 32> <Depth = 64> <RAM>
ST_18 : Operation 1267 [1/2] (1.23ns)   --->   "%p_ZZ5conv3PA255_A255_fPA32_A5_A5_fPfS1_E7in_tile_3_3_0_load_11 = load i6 %p_ZZ5conv3PA255_A255_fPA32_A5_A5_fPfS1_E7in_tile_3_3_0_addr_11" [src/conv3.cpp:86]   --->   Operation 1267 'load' 'p_ZZ5conv3PA255_A255_fPA32_A5_A5_fPfS1_E7in_tile_3_3_0_load_11' <Predicate = true> <Delay = 1.23> <CoreInst = "RAM">   --->   Core 83 'RAM' <Latency = 1> <II = 1> <Delay = 1.23> <Storage> <Opcode : 'load' 'store'> <Ports = 2> <Width = 32> <Depth = 64> <RAM>
ST_18 : Operation 1268 [1/2] (1.23ns)   --->   "%p_ZZ5conv3PA255_A255_fPA32_A5_A5_fPfS1_E7in_tile_3_4_0_load_11 = load i6 %p_ZZ5conv3PA255_A255_fPA32_A5_A5_fPfS1_E7in_tile_3_4_0_addr_11" [src/conv3.cpp:86]   --->   Operation 1268 'load' 'p_ZZ5conv3PA255_A255_fPA32_A5_A5_fPfS1_E7in_tile_3_4_0_load_11' <Predicate = true> <Delay = 1.23> <CoreInst = "RAM">   --->   Core 83 'RAM' <Latency = 1> <II = 1> <Delay = 1.23> <Storage> <Opcode : 'load' 'store'> <Ports = 2> <Width = 32> <Depth = 64> <RAM>
ST_18 : Operation 1269 [1/2] (1.23ns)   --->   "%p_ZZ5conv3PA255_A255_fPA32_A5_A5_fPfS1_E7in_tile_4_0_0_load_11 = load i6 %p_ZZ5conv3PA255_A255_fPA32_A5_A5_fPfS1_E7in_tile_4_0_0_addr_11" [src/conv3.cpp:86]   --->   Operation 1269 'load' 'p_ZZ5conv3PA255_A255_fPA32_A5_A5_fPfS1_E7in_tile_4_0_0_load_11' <Predicate = true> <Delay = 1.23> <CoreInst = "RAM">   --->   Core 83 'RAM' <Latency = 1> <II = 1> <Delay = 1.23> <Storage> <Opcode : 'load' 'store'> <Ports = 2> <Width = 32> <Depth = 64> <RAM>
ST_18 : Operation 1270 [1/2] (1.23ns)   --->   "%p_ZZ5conv3PA255_A255_fPA32_A5_A5_fPfS1_E7in_tile_4_1_0_load_11 = load i6 %p_ZZ5conv3PA255_A255_fPA32_A5_A5_fPfS1_E7in_tile_4_1_0_addr_11" [src/conv3.cpp:86]   --->   Operation 1270 'load' 'p_ZZ5conv3PA255_A255_fPA32_A5_A5_fPfS1_E7in_tile_4_1_0_load_11' <Predicate = true> <Delay = 1.23> <CoreInst = "RAM">   --->   Core 83 'RAM' <Latency = 1> <II = 1> <Delay = 1.23> <Storage> <Opcode : 'load' 'store'> <Ports = 2> <Width = 32> <Depth = 64> <RAM>
ST_18 : Operation 1271 [1/2] (1.23ns)   --->   "%p_ZZ5conv3PA255_A255_fPA32_A5_A5_fPfS1_E7in_tile_4_2_0_load_11 = load i6 %p_ZZ5conv3PA255_A255_fPA32_A5_A5_fPfS1_E7in_tile_4_2_0_addr_11" [src/conv3.cpp:86]   --->   Operation 1271 'load' 'p_ZZ5conv3PA255_A255_fPA32_A5_A5_fPfS1_E7in_tile_4_2_0_load_11' <Predicate = true> <Delay = 1.23> <CoreInst = "RAM">   --->   Core 83 'RAM' <Latency = 1> <II = 1> <Delay = 1.23> <Storage> <Opcode : 'load' 'store'> <Ports = 2> <Width = 32> <Depth = 64> <RAM>
ST_18 : Operation 1272 [1/2] (1.23ns)   --->   "%p_ZZ5conv3PA255_A255_fPA32_A5_A5_fPfS1_E7in_tile_4_3_0_load_11 = load i6 %p_ZZ5conv3PA255_A255_fPA32_A5_A5_fPfS1_E7in_tile_4_3_0_addr_11" [src/conv3.cpp:86]   --->   Operation 1272 'load' 'p_ZZ5conv3PA255_A255_fPA32_A5_A5_fPfS1_E7in_tile_4_3_0_load_11' <Predicate = true> <Delay = 1.23> <CoreInst = "RAM">   --->   Core 83 'RAM' <Latency = 1> <II = 1> <Delay = 1.23> <Storage> <Opcode : 'load' 'store'> <Ports = 2> <Width = 32> <Depth = 64> <RAM>
ST_18 : Operation 1273 [1/2] (1.23ns)   --->   "%p_ZZ5conv3PA255_A255_fPA32_A5_A5_fPfS1_E7in_tile_4_4_0_load_11 = load i6 %p_ZZ5conv3PA255_A255_fPA32_A5_A5_fPfS1_E7in_tile_4_4_0_addr_11" [src/conv3.cpp:86]   --->   Operation 1273 'load' 'p_ZZ5conv3PA255_A255_fPA32_A5_A5_fPfS1_E7in_tile_4_4_0_load_11' <Predicate = true> <Delay = 1.23> <CoreInst = "RAM">   --->   Core 83 'RAM' <Latency = 1> <II = 1> <Delay = 1.23> <Storage> <Opcode : 'load' 'store'> <Ports = 2> <Width = 32> <Depth = 64> <RAM>
ST_18 : Operation 1274 [1/2] (1.23ns)   --->   "%p_ZZ5conv3PA255_A255_fPA32_A5_A5_fPfS1_E7in_tile_0_0_0_load_12 = load i6 %p_ZZ5conv3PA255_A255_fPA32_A5_A5_fPfS1_E7in_tile_0_0_0_addr_12" [src/conv3.cpp:86]   --->   Operation 1274 'load' 'p_ZZ5conv3PA255_A255_fPA32_A5_A5_fPfS1_E7in_tile_0_0_0_load_12' <Predicate = true> <Delay = 1.23> <CoreInst = "RAM">   --->   Core 83 'RAM' <Latency = 1> <II = 1> <Delay = 1.23> <Storage> <Opcode : 'load' 'store'> <Ports = 2> <Width = 32> <Depth = 64> <RAM>
ST_18 : Operation 1275 [1/2] (1.23ns)   --->   "%p_ZZ5conv3PA255_A255_fPA32_A5_A5_fPfS1_E7in_tile_0_1_0_load_12 = load i6 %p_ZZ5conv3PA255_A255_fPA32_A5_A5_fPfS1_E7in_tile_0_1_0_addr_12" [src/conv3.cpp:86]   --->   Operation 1275 'load' 'p_ZZ5conv3PA255_A255_fPA32_A5_A5_fPfS1_E7in_tile_0_1_0_load_12' <Predicate = true> <Delay = 1.23> <CoreInst = "RAM">   --->   Core 83 'RAM' <Latency = 1> <II = 1> <Delay = 1.23> <Storage> <Opcode : 'load' 'store'> <Ports = 2> <Width = 32> <Depth = 64> <RAM>
ST_18 : Operation 1276 [1/2] (1.23ns)   --->   "%p_ZZ5conv3PA255_A255_fPA32_A5_A5_fPfS1_E7in_tile_0_2_0_load_12 = load i6 %p_ZZ5conv3PA255_A255_fPA32_A5_A5_fPfS1_E7in_tile_0_2_0_addr_12" [src/conv3.cpp:86]   --->   Operation 1276 'load' 'p_ZZ5conv3PA255_A255_fPA32_A5_A5_fPfS1_E7in_tile_0_2_0_load_12' <Predicate = true> <Delay = 1.23> <CoreInst = "RAM">   --->   Core 83 'RAM' <Latency = 1> <II = 1> <Delay = 1.23> <Storage> <Opcode : 'load' 'store'> <Ports = 2> <Width = 32> <Depth = 64> <RAM>
ST_18 : Operation 1277 [1/2] (1.23ns)   --->   "%p_ZZ5conv3PA255_A255_fPA32_A5_A5_fPfS1_E7in_tile_0_3_0_load_12 = load i6 %p_ZZ5conv3PA255_A255_fPA32_A5_A5_fPfS1_E7in_tile_0_3_0_addr_12" [src/conv3.cpp:86]   --->   Operation 1277 'load' 'p_ZZ5conv3PA255_A255_fPA32_A5_A5_fPfS1_E7in_tile_0_3_0_load_12' <Predicate = true> <Delay = 1.23> <CoreInst = "RAM">   --->   Core 83 'RAM' <Latency = 1> <II = 1> <Delay = 1.23> <Storage> <Opcode : 'load' 'store'> <Ports = 2> <Width = 32> <Depth = 64> <RAM>
ST_18 : Operation 1278 [1/2] (1.23ns)   --->   "%p_ZZ5conv3PA255_A255_fPA32_A5_A5_fPfS1_E7in_tile_0_4_0_load_12 = load i6 %p_ZZ5conv3PA255_A255_fPA32_A5_A5_fPfS1_E7in_tile_0_4_0_addr_12" [src/conv3.cpp:86]   --->   Operation 1278 'load' 'p_ZZ5conv3PA255_A255_fPA32_A5_A5_fPfS1_E7in_tile_0_4_0_load_12' <Predicate = true> <Delay = 1.23> <CoreInst = "RAM">   --->   Core 83 'RAM' <Latency = 1> <II = 1> <Delay = 1.23> <Storage> <Opcode : 'load' 'store'> <Ports = 2> <Width = 32> <Depth = 64> <RAM>
ST_18 : Operation 1279 [1/2] (1.23ns)   --->   "%p_ZZ5conv3PA255_A255_fPA32_A5_A5_fPfS1_E7in_tile_1_0_0_load_12 = load i6 %p_ZZ5conv3PA255_A255_fPA32_A5_A5_fPfS1_E7in_tile_1_0_0_addr_12" [src/conv3.cpp:86]   --->   Operation 1279 'load' 'p_ZZ5conv3PA255_A255_fPA32_A5_A5_fPfS1_E7in_tile_1_0_0_load_12' <Predicate = true> <Delay = 1.23> <CoreInst = "RAM">   --->   Core 83 'RAM' <Latency = 1> <II = 1> <Delay = 1.23> <Storage> <Opcode : 'load' 'store'> <Ports = 2> <Width = 32> <Depth = 64> <RAM>
ST_18 : Operation 1280 [1/2] (1.23ns)   --->   "%p_ZZ5conv3PA255_A255_fPA32_A5_A5_fPfS1_E7in_tile_1_1_0_load_12 = load i6 %p_ZZ5conv3PA255_A255_fPA32_A5_A5_fPfS1_E7in_tile_1_1_0_addr_12" [src/conv3.cpp:86]   --->   Operation 1280 'load' 'p_ZZ5conv3PA255_A255_fPA32_A5_A5_fPfS1_E7in_tile_1_1_0_load_12' <Predicate = true> <Delay = 1.23> <CoreInst = "RAM">   --->   Core 83 'RAM' <Latency = 1> <II = 1> <Delay = 1.23> <Storage> <Opcode : 'load' 'store'> <Ports = 2> <Width = 32> <Depth = 64> <RAM>
ST_18 : Operation 1281 [1/2] (1.23ns)   --->   "%p_ZZ5conv3PA255_A255_fPA32_A5_A5_fPfS1_E7in_tile_1_2_0_load_12 = load i6 %p_ZZ5conv3PA255_A255_fPA32_A5_A5_fPfS1_E7in_tile_1_2_0_addr_12" [src/conv3.cpp:86]   --->   Operation 1281 'load' 'p_ZZ5conv3PA255_A255_fPA32_A5_A5_fPfS1_E7in_tile_1_2_0_load_12' <Predicate = true> <Delay = 1.23> <CoreInst = "RAM">   --->   Core 83 'RAM' <Latency = 1> <II = 1> <Delay = 1.23> <Storage> <Opcode : 'load' 'store'> <Ports = 2> <Width = 32> <Depth = 64> <RAM>
ST_18 : Operation 1282 [1/2] (1.23ns)   --->   "%p_ZZ5conv3PA255_A255_fPA32_A5_A5_fPfS1_E7in_tile_1_3_0_load_12 = load i6 %p_ZZ5conv3PA255_A255_fPA32_A5_A5_fPfS1_E7in_tile_1_3_0_addr_12" [src/conv3.cpp:86]   --->   Operation 1282 'load' 'p_ZZ5conv3PA255_A255_fPA32_A5_A5_fPfS1_E7in_tile_1_3_0_load_12' <Predicate = true> <Delay = 1.23> <CoreInst = "RAM">   --->   Core 83 'RAM' <Latency = 1> <II = 1> <Delay = 1.23> <Storage> <Opcode : 'load' 'store'> <Ports = 2> <Width = 32> <Depth = 64> <RAM>
ST_18 : Operation 1283 [1/2] (1.23ns)   --->   "%p_ZZ5conv3PA255_A255_fPA32_A5_A5_fPfS1_E7in_tile_1_4_0_load_12 = load i6 %p_ZZ5conv3PA255_A255_fPA32_A5_A5_fPfS1_E7in_tile_1_4_0_addr_12" [src/conv3.cpp:86]   --->   Operation 1283 'load' 'p_ZZ5conv3PA255_A255_fPA32_A5_A5_fPfS1_E7in_tile_1_4_0_load_12' <Predicate = true> <Delay = 1.23> <CoreInst = "RAM">   --->   Core 83 'RAM' <Latency = 1> <II = 1> <Delay = 1.23> <Storage> <Opcode : 'load' 'store'> <Ports = 2> <Width = 32> <Depth = 64> <RAM>
ST_18 : Operation 1284 [1/2] (1.23ns)   --->   "%p_ZZ5conv3PA255_A255_fPA32_A5_A5_fPfS1_E7in_tile_2_0_0_load_12 = load i6 %p_ZZ5conv3PA255_A255_fPA32_A5_A5_fPfS1_E7in_tile_2_0_0_addr_12" [src/conv3.cpp:86]   --->   Operation 1284 'load' 'p_ZZ5conv3PA255_A255_fPA32_A5_A5_fPfS1_E7in_tile_2_0_0_load_12' <Predicate = true> <Delay = 1.23> <CoreInst = "RAM">   --->   Core 83 'RAM' <Latency = 1> <II = 1> <Delay = 1.23> <Storage> <Opcode : 'load' 'store'> <Ports = 2> <Width = 32> <Depth = 64> <RAM>
ST_18 : Operation 1285 [1/2] (1.23ns)   --->   "%p_ZZ5conv3PA255_A255_fPA32_A5_A5_fPfS1_E7in_tile_2_1_0_load_12 = load i6 %p_ZZ5conv3PA255_A255_fPA32_A5_A5_fPfS1_E7in_tile_2_1_0_addr_12" [src/conv3.cpp:86]   --->   Operation 1285 'load' 'p_ZZ5conv3PA255_A255_fPA32_A5_A5_fPfS1_E7in_tile_2_1_0_load_12' <Predicate = true> <Delay = 1.23> <CoreInst = "RAM">   --->   Core 83 'RAM' <Latency = 1> <II = 1> <Delay = 1.23> <Storage> <Opcode : 'load' 'store'> <Ports = 2> <Width = 32> <Depth = 64> <RAM>
ST_18 : Operation 1286 [1/2] (1.23ns)   --->   "%p_ZZ5conv3PA255_A255_fPA32_A5_A5_fPfS1_E7in_tile_2_2_0_load_12 = load i6 %p_ZZ5conv3PA255_A255_fPA32_A5_A5_fPfS1_E7in_tile_2_2_0_addr_12" [src/conv3.cpp:86]   --->   Operation 1286 'load' 'p_ZZ5conv3PA255_A255_fPA32_A5_A5_fPfS1_E7in_tile_2_2_0_load_12' <Predicate = true> <Delay = 1.23> <CoreInst = "RAM">   --->   Core 83 'RAM' <Latency = 1> <II = 1> <Delay = 1.23> <Storage> <Opcode : 'load' 'store'> <Ports = 2> <Width = 32> <Depth = 64> <RAM>
ST_18 : Operation 1287 [1/2] (1.23ns)   --->   "%p_ZZ5conv3PA255_A255_fPA32_A5_A5_fPfS1_E7in_tile_2_3_0_load_12 = load i6 %p_ZZ5conv3PA255_A255_fPA32_A5_A5_fPfS1_E7in_tile_2_3_0_addr_12" [src/conv3.cpp:86]   --->   Operation 1287 'load' 'p_ZZ5conv3PA255_A255_fPA32_A5_A5_fPfS1_E7in_tile_2_3_0_load_12' <Predicate = true> <Delay = 1.23> <CoreInst = "RAM">   --->   Core 83 'RAM' <Latency = 1> <II = 1> <Delay = 1.23> <Storage> <Opcode : 'load' 'store'> <Ports = 2> <Width = 32> <Depth = 64> <RAM>
ST_18 : Operation 1288 [1/2] (1.23ns)   --->   "%p_ZZ5conv3PA255_A255_fPA32_A5_A5_fPfS1_E7in_tile_2_4_0_load_12 = load i6 %p_ZZ5conv3PA255_A255_fPA32_A5_A5_fPfS1_E7in_tile_2_4_0_addr_12" [src/conv3.cpp:86]   --->   Operation 1288 'load' 'p_ZZ5conv3PA255_A255_fPA32_A5_A5_fPfS1_E7in_tile_2_4_0_load_12' <Predicate = true> <Delay = 1.23> <CoreInst = "RAM">   --->   Core 83 'RAM' <Latency = 1> <II = 1> <Delay = 1.23> <Storage> <Opcode : 'load' 'store'> <Ports = 2> <Width = 32> <Depth = 64> <RAM>
ST_18 : Operation 1289 [1/2] (1.23ns)   --->   "%p_ZZ5conv3PA255_A255_fPA32_A5_A5_fPfS1_E7in_tile_3_0_0_load_12 = load i6 %p_ZZ5conv3PA255_A255_fPA32_A5_A5_fPfS1_E7in_tile_3_0_0_addr_12" [src/conv3.cpp:86]   --->   Operation 1289 'load' 'p_ZZ5conv3PA255_A255_fPA32_A5_A5_fPfS1_E7in_tile_3_0_0_load_12' <Predicate = true> <Delay = 1.23> <CoreInst = "RAM">   --->   Core 83 'RAM' <Latency = 1> <II = 1> <Delay = 1.23> <Storage> <Opcode : 'load' 'store'> <Ports = 2> <Width = 32> <Depth = 64> <RAM>
ST_18 : Operation 1290 [1/2] (1.23ns)   --->   "%p_ZZ5conv3PA255_A255_fPA32_A5_A5_fPfS1_E7in_tile_3_1_0_load_12 = load i6 %p_ZZ5conv3PA255_A255_fPA32_A5_A5_fPfS1_E7in_tile_3_1_0_addr_12" [src/conv3.cpp:86]   --->   Operation 1290 'load' 'p_ZZ5conv3PA255_A255_fPA32_A5_A5_fPfS1_E7in_tile_3_1_0_load_12' <Predicate = true> <Delay = 1.23> <CoreInst = "RAM">   --->   Core 83 'RAM' <Latency = 1> <II = 1> <Delay = 1.23> <Storage> <Opcode : 'load' 'store'> <Ports = 2> <Width = 32> <Depth = 64> <RAM>
ST_18 : Operation 1291 [1/2] (1.23ns)   --->   "%p_ZZ5conv3PA255_A255_fPA32_A5_A5_fPfS1_E7in_tile_3_2_0_load_12 = load i6 %p_ZZ5conv3PA255_A255_fPA32_A5_A5_fPfS1_E7in_tile_3_2_0_addr_12" [src/conv3.cpp:86]   --->   Operation 1291 'load' 'p_ZZ5conv3PA255_A255_fPA32_A5_A5_fPfS1_E7in_tile_3_2_0_load_12' <Predicate = true> <Delay = 1.23> <CoreInst = "RAM">   --->   Core 83 'RAM' <Latency = 1> <II = 1> <Delay = 1.23> <Storage> <Opcode : 'load' 'store'> <Ports = 2> <Width = 32> <Depth = 64> <RAM>
ST_18 : Operation 1292 [1/2] (1.23ns)   --->   "%p_ZZ5conv3PA255_A255_fPA32_A5_A5_fPfS1_E7in_tile_3_3_0_load_12 = load i6 %p_ZZ5conv3PA255_A255_fPA32_A5_A5_fPfS1_E7in_tile_3_3_0_addr_12" [src/conv3.cpp:86]   --->   Operation 1292 'load' 'p_ZZ5conv3PA255_A255_fPA32_A5_A5_fPfS1_E7in_tile_3_3_0_load_12' <Predicate = true> <Delay = 1.23> <CoreInst = "RAM">   --->   Core 83 'RAM' <Latency = 1> <II = 1> <Delay = 1.23> <Storage> <Opcode : 'load' 'store'> <Ports = 2> <Width = 32> <Depth = 64> <RAM>
ST_18 : Operation 1293 [1/2] (1.23ns)   --->   "%p_ZZ5conv3PA255_A255_fPA32_A5_A5_fPfS1_E7in_tile_3_4_0_load_12 = load i6 %p_ZZ5conv3PA255_A255_fPA32_A5_A5_fPfS1_E7in_tile_3_4_0_addr_12" [src/conv3.cpp:86]   --->   Operation 1293 'load' 'p_ZZ5conv3PA255_A255_fPA32_A5_A5_fPfS1_E7in_tile_3_4_0_load_12' <Predicate = true> <Delay = 1.23> <CoreInst = "RAM">   --->   Core 83 'RAM' <Latency = 1> <II = 1> <Delay = 1.23> <Storage> <Opcode : 'load' 'store'> <Ports = 2> <Width = 32> <Depth = 64> <RAM>
ST_18 : Operation 1294 [1/2] (1.23ns)   --->   "%p_ZZ5conv3PA255_A255_fPA32_A5_A5_fPfS1_E7in_tile_4_0_0_load_12 = load i6 %p_ZZ5conv3PA255_A255_fPA32_A5_A5_fPfS1_E7in_tile_4_0_0_addr_12" [src/conv3.cpp:86]   --->   Operation 1294 'load' 'p_ZZ5conv3PA255_A255_fPA32_A5_A5_fPfS1_E7in_tile_4_0_0_load_12' <Predicate = true> <Delay = 1.23> <CoreInst = "RAM">   --->   Core 83 'RAM' <Latency = 1> <II = 1> <Delay = 1.23> <Storage> <Opcode : 'load' 'store'> <Ports = 2> <Width = 32> <Depth = 64> <RAM>
ST_18 : Operation 1295 [1/2] (1.23ns)   --->   "%p_ZZ5conv3PA255_A255_fPA32_A5_A5_fPfS1_E7in_tile_4_1_0_load_12 = load i6 %p_ZZ5conv3PA255_A255_fPA32_A5_A5_fPfS1_E7in_tile_4_1_0_addr_12" [src/conv3.cpp:86]   --->   Operation 1295 'load' 'p_ZZ5conv3PA255_A255_fPA32_A5_A5_fPfS1_E7in_tile_4_1_0_load_12' <Predicate = true> <Delay = 1.23> <CoreInst = "RAM">   --->   Core 83 'RAM' <Latency = 1> <II = 1> <Delay = 1.23> <Storage> <Opcode : 'load' 'store'> <Ports = 2> <Width = 32> <Depth = 64> <RAM>
ST_18 : Operation 1296 [1/2] (1.23ns)   --->   "%p_ZZ5conv3PA255_A255_fPA32_A5_A5_fPfS1_E7in_tile_4_2_0_load_12 = load i6 %p_ZZ5conv3PA255_A255_fPA32_A5_A5_fPfS1_E7in_tile_4_2_0_addr_12" [src/conv3.cpp:86]   --->   Operation 1296 'load' 'p_ZZ5conv3PA255_A255_fPA32_A5_A5_fPfS1_E7in_tile_4_2_0_load_12' <Predicate = true> <Delay = 1.23> <CoreInst = "RAM">   --->   Core 83 'RAM' <Latency = 1> <II = 1> <Delay = 1.23> <Storage> <Opcode : 'load' 'store'> <Ports = 2> <Width = 32> <Depth = 64> <RAM>
ST_18 : Operation 1297 [1/2] (1.23ns)   --->   "%p_ZZ5conv3PA255_A255_fPA32_A5_A5_fPfS1_E7in_tile_4_3_0_load_12 = load i6 %p_ZZ5conv3PA255_A255_fPA32_A5_A5_fPfS1_E7in_tile_4_3_0_addr_12" [src/conv3.cpp:86]   --->   Operation 1297 'load' 'p_ZZ5conv3PA255_A255_fPA32_A5_A5_fPfS1_E7in_tile_4_3_0_load_12' <Predicate = true> <Delay = 1.23> <CoreInst = "RAM">   --->   Core 83 'RAM' <Latency = 1> <II = 1> <Delay = 1.23> <Storage> <Opcode : 'load' 'store'> <Ports = 2> <Width = 32> <Depth = 64> <RAM>
ST_18 : Operation 1298 [1/2] (1.23ns)   --->   "%p_ZZ5conv3PA255_A255_fPA32_A5_A5_fPfS1_E7in_tile_4_4_0_load_12 = load i6 %p_ZZ5conv3PA255_A255_fPA32_A5_A5_fPfS1_E7in_tile_4_4_0_addr_12" [src/conv3.cpp:86]   --->   Operation 1298 'load' 'p_ZZ5conv3PA255_A255_fPA32_A5_A5_fPfS1_E7in_tile_4_4_0_load_12' <Predicate = true> <Delay = 1.23> <CoreInst = "RAM">   --->   Core 83 'RAM' <Latency = 1> <II = 1> <Delay = 1.23> <Storage> <Opcode : 'load' 'store'> <Ports = 2> <Width = 32> <Depth = 64> <RAM>
ST_18 : Operation 1299 [2/2] (1.23ns)   --->   "%p_ZZ5conv3PA255_A255_fPA32_A5_A5_fPfS1_E7in_tile_0_0_0_load_13 = load i6 %p_ZZ5conv3PA255_A255_fPA32_A5_A5_fPfS1_E7in_tile_0_0_0_addr_13" [src/conv3.cpp:86]   --->   Operation 1299 'load' 'p_ZZ5conv3PA255_A255_fPA32_A5_A5_fPfS1_E7in_tile_0_0_0_load_13' <Predicate = true> <Delay = 1.23> <CoreInst = "RAM">   --->   Core 83 'RAM' <Latency = 1> <II = 1> <Delay = 1.23> <Storage> <Opcode : 'load' 'store'> <Ports = 2> <Width = 32> <Depth = 64> <RAM>
ST_18 : Operation 1300 [2/2] (1.23ns)   --->   "%p_ZZ5conv3PA255_A255_fPA32_A5_A5_fPfS1_E7in_tile_0_1_0_load_13 = load i6 %p_ZZ5conv3PA255_A255_fPA32_A5_A5_fPfS1_E7in_tile_0_1_0_addr_13" [src/conv3.cpp:86]   --->   Operation 1300 'load' 'p_ZZ5conv3PA255_A255_fPA32_A5_A5_fPfS1_E7in_tile_0_1_0_load_13' <Predicate = true> <Delay = 1.23> <CoreInst = "RAM">   --->   Core 83 'RAM' <Latency = 1> <II = 1> <Delay = 1.23> <Storage> <Opcode : 'load' 'store'> <Ports = 2> <Width = 32> <Depth = 64> <RAM>
ST_18 : Operation 1301 [2/2] (1.23ns)   --->   "%p_ZZ5conv3PA255_A255_fPA32_A5_A5_fPfS1_E7in_tile_0_2_0_load_13 = load i6 %p_ZZ5conv3PA255_A255_fPA32_A5_A5_fPfS1_E7in_tile_0_2_0_addr_13" [src/conv3.cpp:86]   --->   Operation 1301 'load' 'p_ZZ5conv3PA255_A255_fPA32_A5_A5_fPfS1_E7in_tile_0_2_0_load_13' <Predicate = true> <Delay = 1.23> <CoreInst = "RAM">   --->   Core 83 'RAM' <Latency = 1> <II = 1> <Delay = 1.23> <Storage> <Opcode : 'load' 'store'> <Ports = 2> <Width = 32> <Depth = 64> <RAM>
ST_18 : Operation 1302 [2/2] (1.23ns)   --->   "%p_ZZ5conv3PA255_A255_fPA32_A5_A5_fPfS1_E7in_tile_0_3_0_load_13 = load i6 %p_ZZ5conv3PA255_A255_fPA32_A5_A5_fPfS1_E7in_tile_0_3_0_addr_13" [src/conv3.cpp:86]   --->   Operation 1302 'load' 'p_ZZ5conv3PA255_A255_fPA32_A5_A5_fPfS1_E7in_tile_0_3_0_load_13' <Predicate = true> <Delay = 1.23> <CoreInst = "RAM">   --->   Core 83 'RAM' <Latency = 1> <II = 1> <Delay = 1.23> <Storage> <Opcode : 'load' 'store'> <Ports = 2> <Width = 32> <Depth = 64> <RAM>
ST_18 : Operation 1303 [2/2] (1.23ns)   --->   "%p_ZZ5conv3PA255_A255_fPA32_A5_A5_fPfS1_E7in_tile_0_4_0_load_13 = load i6 %p_ZZ5conv3PA255_A255_fPA32_A5_A5_fPfS1_E7in_tile_0_4_0_addr_13" [src/conv3.cpp:86]   --->   Operation 1303 'load' 'p_ZZ5conv3PA255_A255_fPA32_A5_A5_fPfS1_E7in_tile_0_4_0_load_13' <Predicate = true> <Delay = 1.23> <CoreInst = "RAM">   --->   Core 83 'RAM' <Latency = 1> <II = 1> <Delay = 1.23> <Storage> <Opcode : 'load' 'store'> <Ports = 2> <Width = 32> <Depth = 64> <RAM>
ST_18 : Operation 1304 [2/2] (1.23ns)   --->   "%p_ZZ5conv3PA255_A255_fPA32_A5_A5_fPfS1_E7in_tile_1_0_0_load_13 = load i6 %p_ZZ5conv3PA255_A255_fPA32_A5_A5_fPfS1_E7in_tile_1_0_0_addr_13" [src/conv3.cpp:86]   --->   Operation 1304 'load' 'p_ZZ5conv3PA255_A255_fPA32_A5_A5_fPfS1_E7in_tile_1_0_0_load_13' <Predicate = true> <Delay = 1.23> <CoreInst = "RAM">   --->   Core 83 'RAM' <Latency = 1> <II = 1> <Delay = 1.23> <Storage> <Opcode : 'load' 'store'> <Ports = 2> <Width = 32> <Depth = 64> <RAM>
ST_18 : Operation 1305 [2/2] (1.23ns)   --->   "%p_ZZ5conv3PA255_A255_fPA32_A5_A5_fPfS1_E7in_tile_1_1_0_load_13 = load i6 %p_ZZ5conv3PA255_A255_fPA32_A5_A5_fPfS1_E7in_tile_1_1_0_addr_13" [src/conv3.cpp:86]   --->   Operation 1305 'load' 'p_ZZ5conv3PA255_A255_fPA32_A5_A5_fPfS1_E7in_tile_1_1_0_load_13' <Predicate = true> <Delay = 1.23> <CoreInst = "RAM">   --->   Core 83 'RAM' <Latency = 1> <II = 1> <Delay = 1.23> <Storage> <Opcode : 'load' 'store'> <Ports = 2> <Width = 32> <Depth = 64> <RAM>
ST_18 : Operation 1306 [2/2] (1.23ns)   --->   "%p_ZZ5conv3PA255_A255_fPA32_A5_A5_fPfS1_E7in_tile_1_2_0_load_13 = load i6 %p_ZZ5conv3PA255_A255_fPA32_A5_A5_fPfS1_E7in_tile_1_2_0_addr_13" [src/conv3.cpp:86]   --->   Operation 1306 'load' 'p_ZZ5conv3PA255_A255_fPA32_A5_A5_fPfS1_E7in_tile_1_2_0_load_13' <Predicate = true> <Delay = 1.23> <CoreInst = "RAM">   --->   Core 83 'RAM' <Latency = 1> <II = 1> <Delay = 1.23> <Storage> <Opcode : 'load' 'store'> <Ports = 2> <Width = 32> <Depth = 64> <RAM>
ST_18 : Operation 1307 [2/2] (1.23ns)   --->   "%p_ZZ5conv3PA255_A255_fPA32_A5_A5_fPfS1_E7in_tile_1_3_0_load_13 = load i6 %p_ZZ5conv3PA255_A255_fPA32_A5_A5_fPfS1_E7in_tile_1_3_0_addr_13" [src/conv3.cpp:86]   --->   Operation 1307 'load' 'p_ZZ5conv3PA255_A255_fPA32_A5_A5_fPfS1_E7in_tile_1_3_0_load_13' <Predicate = true> <Delay = 1.23> <CoreInst = "RAM">   --->   Core 83 'RAM' <Latency = 1> <II = 1> <Delay = 1.23> <Storage> <Opcode : 'load' 'store'> <Ports = 2> <Width = 32> <Depth = 64> <RAM>
ST_18 : Operation 1308 [2/2] (1.23ns)   --->   "%p_ZZ5conv3PA255_A255_fPA32_A5_A5_fPfS1_E7in_tile_1_4_0_load_13 = load i6 %p_ZZ5conv3PA255_A255_fPA32_A5_A5_fPfS1_E7in_tile_1_4_0_addr_13" [src/conv3.cpp:86]   --->   Operation 1308 'load' 'p_ZZ5conv3PA255_A255_fPA32_A5_A5_fPfS1_E7in_tile_1_4_0_load_13' <Predicate = true> <Delay = 1.23> <CoreInst = "RAM">   --->   Core 83 'RAM' <Latency = 1> <II = 1> <Delay = 1.23> <Storage> <Opcode : 'load' 'store'> <Ports = 2> <Width = 32> <Depth = 64> <RAM>
ST_18 : Operation 1309 [2/2] (1.23ns)   --->   "%p_ZZ5conv3PA255_A255_fPA32_A5_A5_fPfS1_E7in_tile_2_0_0_load_13 = load i6 %p_ZZ5conv3PA255_A255_fPA32_A5_A5_fPfS1_E7in_tile_2_0_0_addr_13" [src/conv3.cpp:86]   --->   Operation 1309 'load' 'p_ZZ5conv3PA255_A255_fPA32_A5_A5_fPfS1_E7in_tile_2_0_0_load_13' <Predicate = true> <Delay = 1.23> <CoreInst = "RAM">   --->   Core 83 'RAM' <Latency = 1> <II = 1> <Delay = 1.23> <Storage> <Opcode : 'load' 'store'> <Ports = 2> <Width = 32> <Depth = 64> <RAM>
ST_18 : Operation 1310 [2/2] (1.23ns)   --->   "%p_ZZ5conv3PA255_A255_fPA32_A5_A5_fPfS1_E7in_tile_2_1_0_load_13 = load i6 %p_ZZ5conv3PA255_A255_fPA32_A5_A5_fPfS1_E7in_tile_2_1_0_addr_13" [src/conv3.cpp:86]   --->   Operation 1310 'load' 'p_ZZ5conv3PA255_A255_fPA32_A5_A5_fPfS1_E7in_tile_2_1_0_load_13' <Predicate = true> <Delay = 1.23> <CoreInst = "RAM">   --->   Core 83 'RAM' <Latency = 1> <II = 1> <Delay = 1.23> <Storage> <Opcode : 'load' 'store'> <Ports = 2> <Width = 32> <Depth = 64> <RAM>
ST_18 : Operation 1311 [2/2] (1.23ns)   --->   "%p_ZZ5conv3PA255_A255_fPA32_A5_A5_fPfS1_E7in_tile_2_2_0_load_13 = load i6 %p_ZZ5conv3PA255_A255_fPA32_A5_A5_fPfS1_E7in_tile_2_2_0_addr_13" [src/conv3.cpp:86]   --->   Operation 1311 'load' 'p_ZZ5conv3PA255_A255_fPA32_A5_A5_fPfS1_E7in_tile_2_2_0_load_13' <Predicate = true> <Delay = 1.23> <CoreInst = "RAM">   --->   Core 83 'RAM' <Latency = 1> <II = 1> <Delay = 1.23> <Storage> <Opcode : 'load' 'store'> <Ports = 2> <Width = 32> <Depth = 64> <RAM>
ST_18 : Operation 1312 [2/2] (1.23ns)   --->   "%p_ZZ5conv3PA255_A255_fPA32_A5_A5_fPfS1_E7in_tile_2_3_0_load_13 = load i6 %p_ZZ5conv3PA255_A255_fPA32_A5_A5_fPfS1_E7in_tile_2_3_0_addr_13" [src/conv3.cpp:86]   --->   Operation 1312 'load' 'p_ZZ5conv3PA255_A255_fPA32_A5_A5_fPfS1_E7in_tile_2_3_0_load_13' <Predicate = true> <Delay = 1.23> <CoreInst = "RAM">   --->   Core 83 'RAM' <Latency = 1> <II = 1> <Delay = 1.23> <Storage> <Opcode : 'load' 'store'> <Ports = 2> <Width = 32> <Depth = 64> <RAM>
ST_18 : Operation 1313 [2/2] (1.23ns)   --->   "%p_ZZ5conv3PA255_A255_fPA32_A5_A5_fPfS1_E7in_tile_2_4_0_load_13 = load i6 %p_ZZ5conv3PA255_A255_fPA32_A5_A5_fPfS1_E7in_tile_2_4_0_addr_13" [src/conv3.cpp:86]   --->   Operation 1313 'load' 'p_ZZ5conv3PA255_A255_fPA32_A5_A5_fPfS1_E7in_tile_2_4_0_load_13' <Predicate = true> <Delay = 1.23> <CoreInst = "RAM">   --->   Core 83 'RAM' <Latency = 1> <II = 1> <Delay = 1.23> <Storage> <Opcode : 'load' 'store'> <Ports = 2> <Width = 32> <Depth = 64> <RAM>
ST_18 : Operation 1314 [2/2] (1.23ns)   --->   "%p_ZZ5conv3PA255_A255_fPA32_A5_A5_fPfS1_E7in_tile_3_0_0_load_13 = load i6 %p_ZZ5conv3PA255_A255_fPA32_A5_A5_fPfS1_E7in_tile_3_0_0_addr_13" [src/conv3.cpp:86]   --->   Operation 1314 'load' 'p_ZZ5conv3PA255_A255_fPA32_A5_A5_fPfS1_E7in_tile_3_0_0_load_13' <Predicate = true> <Delay = 1.23> <CoreInst = "RAM">   --->   Core 83 'RAM' <Latency = 1> <II = 1> <Delay = 1.23> <Storage> <Opcode : 'load' 'store'> <Ports = 2> <Width = 32> <Depth = 64> <RAM>
ST_18 : Operation 1315 [2/2] (1.23ns)   --->   "%p_ZZ5conv3PA255_A255_fPA32_A5_A5_fPfS1_E7in_tile_3_1_0_load_13 = load i6 %p_ZZ5conv3PA255_A255_fPA32_A5_A5_fPfS1_E7in_tile_3_1_0_addr_13" [src/conv3.cpp:86]   --->   Operation 1315 'load' 'p_ZZ5conv3PA255_A255_fPA32_A5_A5_fPfS1_E7in_tile_3_1_0_load_13' <Predicate = true> <Delay = 1.23> <CoreInst = "RAM">   --->   Core 83 'RAM' <Latency = 1> <II = 1> <Delay = 1.23> <Storage> <Opcode : 'load' 'store'> <Ports = 2> <Width = 32> <Depth = 64> <RAM>
ST_18 : Operation 1316 [2/2] (1.23ns)   --->   "%p_ZZ5conv3PA255_A255_fPA32_A5_A5_fPfS1_E7in_tile_3_2_0_load_13 = load i6 %p_ZZ5conv3PA255_A255_fPA32_A5_A5_fPfS1_E7in_tile_3_2_0_addr_13" [src/conv3.cpp:86]   --->   Operation 1316 'load' 'p_ZZ5conv3PA255_A255_fPA32_A5_A5_fPfS1_E7in_tile_3_2_0_load_13' <Predicate = true> <Delay = 1.23> <CoreInst = "RAM">   --->   Core 83 'RAM' <Latency = 1> <II = 1> <Delay = 1.23> <Storage> <Opcode : 'load' 'store'> <Ports = 2> <Width = 32> <Depth = 64> <RAM>
ST_18 : Operation 1317 [2/2] (1.23ns)   --->   "%p_ZZ5conv3PA255_A255_fPA32_A5_A5_fPfS1_E7in_tile_3_3_0_load_13 = load i6 %p_ZZ5conv3PA255_A255_fPA32_A5_A5_fPfS1_E7in_tile_3_3_0_addr_13" [src/conv3.cpp:86]   --->   Operation 1317 'load' 'p_ZZ5conv3PA255_A255_fPA32_A5_A5_fPfS1_E7in_tile_3_3_0_load_13' <Predicate = true> <Delay = 1.23> <CoreInst = "RAM">   --->   Core 83 'RAM' <Latency = 1> <II = 1> <Delay = 1.23> <Storage> <Opcode : 'load' 'store'> <Ports = 2> <Width = 32> <Depth = 64> <RAM>
ST_18 : Operation 1318 [2/2] (1.23ns)   --->   "%p_ZZ5conv3PA255_A255_fPA32_A5_A5_fPfS1_E7in_tile_3_4_0_load_13 = load i6 %p_ZZ5conv3PA255_A255_fPA32_A5_A5_fPfS1_E7in_tile_3_4_0_addr_13" [src/conv3.cpp:86]   --->   Operation 1318 'load' 'p_ZZ5conv3PA255_A255_fPA32_A5_A5_fPfS1_E7in_tile_3_4_0_load_13' <Predicate = true> <Delay = 1.23> <CoreInst = "RAM">   --->   Core 83 'RAM' <Latency = 1> <II = 1> <Delay = 1.23> <Storage> <Opcode : 'load' 'store'> <Ports = 2> <Width = 32> <Depth = 64> <RAM>
ST_18 : Operation 1319 [2/2] (1.23ns)   --->   "%p_ZZ5conv3PA255_A255_fPA32_A5_A5_fPfS1_E7in_tile_4_0_0_load_13 = load i6 %p_ZZ5conv3PA255_A255_fPA32_A5_A5_fPfS1_E7in_tile_4_0_0_addr_13" [src/conv3.cpp:86]   --->   Operation 1319 'load' 'p_ZZ5conv3PA255_A255_fPA32_A5_A5_fPfS1_E7in_tile_4_0_0_load_13' <Predicate = true> <Delay = 1.23> <CoreInst = "RAM">   --->   Core 83 'RAM' <Latency = 1> <II = 1> <Delay = 1.23> <Storage> <Opcode : 'load' 'store'> <Ports = 2> <Width = 32> <Depth = 64> <RAM>
ST_18 : Operation 1320 [2/2] (1.23ns)   --->   "%p_ZZ5conv3PA255_A255_fPA32_A5_A5_fPfS1_E7in_tile_4_1_0_load_13 = load i6 %p_ZZ5conv3PA255_A255_fPA32_A5_A5_fPfS1_E7in_tile_4_1_0_addr_13" [src/conv3.cpp:86]   --->   Operation 1320 'load' 'p_ZZ5conv3PA255_A255_fPA32_A5_A5_fPfS1_E7in_tile_4_1_0_load_13' <Predicate = true> <Delay = 1.23> <CoreInst = "RAM">   --->   Core 83 'RAM' <Latency = 1> <II = 1> <Delay = 1.23> <Storage> <Opcode : 'load' 'store'> <Ports = 2> <Width = 32> <Depth = 64> <RAM>
ST_18 : Operation 1321 [2/2] (1.23ns)   --->   "%p_ZZ5conv3PA255_A255_fPA32_A5_A5_fPfS1_E7in_tile_4_2_0_load_13 = load i6 %p_ZZ5conv3PA255_A255_fPA32_A5_A5_fPfS1_E7in_tile_4_2_0_addr_13" [src/conv3.cpp:86]   --->   Operation 1321 'load' 'p_ZZ5conv3PA255_A255_fPA32_A5_A5_fPfS1_E7in_tile_4_2_0_load_13' <Predicate = true> <Delay = 1.23> <CoreInst = "RAM">   --->   Core 83 'RAM' <Latency = 1> <II = 1> <Delay = 1.23> <Storage> <Opcode : 'load' 'store'> <Ports = 2> <Width = 32> <Depth = 64> <RAM>
ST_18 : Operation 1322 [2/2] (1.23ns)   --->   "%p_ZZ5conv3PA255_A255_fPA32_A5_A5_fPfS1_E7in_tile_4_3_0_load_13 = load i6 %p_ZZ5conv3PA255_A255_fPA32_A5_A5_fPfS1_E7in_tile_4_3_0_addr_13" [src/conv3.cpp:86]   --->   Operation 1322 'load' 'p_ZZ5conv3PA255_A255_fPA32_A5_A5_fPfS1_E7in_tile_4_3_0_load_13' <Predicate = true> <Delay = 1.23> <CoreInst = "RAM">   --->   Core 83 'RAM' <Latency = 1> <II = 1> <Delay = 1.23> <Storage> <Opcode : 'load' 'store'> <Ports = 2> <Width = 32> <Depth = 64> <RAM>
ST_18 : Operation 1323 [2/2] (1.23ns)   --->   "%p_ZZ5conv3PA255_A255_fPA32_A5_A5_fPfS1_E7in_tile_4_4_0_load_13 = load i6 %p_ZZ5conv3PA255_A255_fPA32_A5_A5_fPfS1_E7in_tile_4_4_0_addr_13" [src/conv3.cpp:86]   --->   Operation 1323 'load' 'p_ZZ5conv3PA255_A255_fPA32_A5_A5_fPfS1_E7in_tile_4_4_0_load_13' <Predicate = true> <Delay = 1.23> <CoreInst = "RAM">   --->   Core 83 'RAM' <Latency = 1> <II = 1> <Delay = 1.23> <Storage> <Opcode : 'load' 'store'> <Ports = 2> <Width = 32> <Depth = 64> <RAM>
ST_18 : Operation 1324 [2/2] (1.23ns)   --->   "%p_ZZ5conv3PA255_A255_fPA32_A5_A5_fPfS1_E7in_tile_0_0_0_load_14 = load i6 %p_ZZ5conv3PA255_A255_fPA32_A5_A5_fPfS1_E7in_tile_0_0_0_addr_14" [src/conv3.cpp:86]   --->   Operation 1324 'load' 'p_ZZ5conv3PA255_A255_fPA32_A5_A5_fPfS1_E7in_tile_0_0_0_load_14' <Predicate = true> <Delay = 1.23> <CoreInst = "RAM">   --->   Core 83 'RAM' <Latency = 1> <II = 1> <Delay = 1.23> <Storage> <Opcode : 'load' 'store'> <Ports = 2> <Width = 32> <Depth = 64> <RAM>
ST_18 : Operation 1325 [2/2] (1.23ns)   --->   "%p_ZZ5conv3PA255_A255_fPA32_A5_A5_fPfS1_E7in_tile_0_1_0_load_14 = load i6 %p_ZZ5conv3PA255_A255_fPA32_A5_A5_fPfS1_E7in_tile_0_1_0_addr_14" [src/conv3.cpp:86]   --->   Operation 1325 'load' 'p_ZZ5conv3PA255_A255_fPA32_A5_A5_fPfS1_E7in_tile_0_1_0_load_14' <Predicate = true> <Delay = 1.23> <CoreInst = "RAM">   --->   Core 83 'RAM' <Latency = 1> <II = 1> <Delay = 1.23> <Storage> <Opcode : 'load' 'store'> <Ports = 2> <Width = 32> <Depth = 64> <RAM>
ST_18 : Operation 1326 [2/2] (1.23ns)   --->   "%p_ZZ5conv3PA255_A255_fPA32_A5_A5_fPfS1_E7in_tile_0_2_0_load_14 = load i6 %p_ZZ5conv3PA255_A255_fPA32_A5_A5_fPfS1_E7in_tile_0_2_0_addr_14" [src/conv3.cpp:86]   --->   Operation 1326 'load' 'p_ZZ5conv3PA255_A255_fPA32_A5_A5_fPfS1_E7in_tile_0_2_0_load_14' <Predicate = true> <Delay = 1.23> <CoreInst = "RAM">   --->   Core 83 'RAM' <Latency = 1> <II = 1> <Delay = 1.23> <Storage> <Opcode : 'load' 'store'> <Ports = 2> <Width = 32> <Depth = 64> <RAM>
ST_18 : Operation 1327 [2/2] (1.23ns)   --->   "%p_ZZ5conv3PA255_A255_fPA32_A5_A5_fPfS1_E7in_tile_0_3_0_load_14 = load i6 %p_ZZ5conv3PA255_A255_fPA32_A5_A5_fPfS1_E7in_tile_0_3_0_addr_14" [src/conv3.cpp:86]   --->   Operation 1327 'load' 'p_ZZ5conv3PA255_A255_fPA32_A5_A5_fPfS1_E7in_tile_0_3_0_load_14' <Predicate = true> <Delay = 1.23> <CoreInst = "RAM">   --->   Core 83 'RAM' <Latency = 1> <II = 1> <Delay = 1.23> <Storage> <Opcode : 'load' 'store'> <Ports = 2> <Width = 32> <Depth = 64> <RAM>
ST_18 : Operation 1328 [2/2] (1.23ns)   --->   "%p_ZZ5conv3PA255_A255_fPA32_A5_A5_fPfS1_E7in_tile_0_4_0_load_14 = load i6 %p_ZZ5conv3PA255_A255_fPA32_A5_A5_fPfS1_E7in_tile_0_4_0_addr_14" [src/conv3.cpp:86]   --->   Operation 1328 'load' 'p_ZZ5conv3PA255_A255_fPA32_A5_A5_fPfS1_E7in_tile_0_4_0_load_14' <Predicate = true> <Delay = 1.23> <CoreInst = "RAM">   --->   Core 83 'RAM' <Latency = 1> <II = 1> <Delay = 1.23> <Storage> <Opcode : 'load' 'store'> <Ports = 2> <Width = 32> <Depth = 64> <RAM>
ST_18 : Operation 1329 [2/2] (1.23ns)   --->   "%p_ZZ5conv3PA255_A255_fPA32_A5_A5_fPfS1_E7in_tile_1_0_0_load_14 = load i6 %p_ZZ5conv3PA255_A255_fPA32_A5_A5_fPfS1_E7in_tile_1_0_0_addr_14" [src/conv3.cpp:86]   --->   Operation 1329 'load' 'p_ZZ5conv3PA255_A255_fPA32_A5_A5_fPfS1_E7in_tile_1_0_0_load_14' <Predicate = true> <Delay = 1.23> <CoreInst = "RAM">   --->   Core 83 'RAM' <Latency = 1> <II = 1> <Delay = 1.23> <Storage> <Opcode : 'load' 'store'> <Ports = 2> <Width = 32> <Depth = 64> <RAM>
ST_18 : Operation 1330 [2/2] (1.23ns)   --->   "%p_ZZ5conv3PA255_A255_fPA32_A5_A5_fPfS1_E7in_tile_1_1_0_load_14 = load i6 %p_ZZ5conv3PA255_A255_fPA32_A5_A5_fPfS1_E7in_tile_1_1_0_addr_14" [src/conv3.cpp:86]   --->   Operation 1330 'load' 'p_ZZ5conv3PA255_A255_fPA32_A5_A5_fPfS1_E7in_tile_1_1_0_load_14' <Predicate = true> <Delay = 1.23> <CoreInst = "RAM">   --->   Core 83 'RAM' <Latency = 1> <II = 1> <Delay = 1.23> <Storage> <Opcode : 'load' 'store'> <Ports = 2> <Width = 32> <Depth = 64> <RAM>
ST_18 : Operation 1331 [2/2] (1.23ns)   --->   "%p_ZZ5conv3PA255_A255_fPA32_A5_A5_fPfS1_E7in_tile_1_2_0_load_14 = load i6 %p_ZZ5conv3PA255_A255_fPA32_A5_A5_fPfS1_E7in_tile_1_2_0_addr_14" [src/conv3.cpp:86]   --->   Operation 1331 'load' 'p_ZZ5conv3PA255_A255_fPA32_A5_A5_fPfS1_E7in_tile_1_2_0_load_14' <Predicate = true> <Delay = 1.23> <CoreInst = "RAM">   --->   Core 83 'RAM' <Latency = 1> <II = 1> <Delay = 1.23> <Storage> <Opcode : 'load' 'store'> <Ports = 2> <Width = 32> <Depth = 64> <RAM>
ST_18 : Operation 1332 [2/2] (1.23ns)   --->   "%p_ZZ5conv3PA255_A255_fPA32_A5_A5_fPfS1_E7in_tile_1_3_0_load_14 = load i6 %p_ZZ5conv3PA255_A255_fPA32_A5_A5_fPfS1_E7in_tile_1_3_0_addr_14" [src/conv3.cpp:86]   --->   Operation 1332 'load' 'p_ZZ5conv3PA255_A255_fPA32_A5_A5_fPfS1_E7in_tile_1_3_0_load_14' <Predicate = true> <Delay = 1.23> <CoreInst = "RAM">   --->   Core 83 'RAM' <Latency = 1> <II = 1> <Delay = 1.23> <Storage> <Opcode : 'load' 'store'> <Ports = 2> <Width = 32> <Depth = 64> <RAM>
ST_18 : Operation 1333 [2/2] (1.23ns)   --->   "%p_ZZ5conv3PA255_A255_fPA32_A5_A5_fPfS1_E7in_tile_1_4_0_load_14 = load i6 %p_ZZ5conv3PA255_A255_fPA32_A5_A5_fPfS1_E7in_tile_1_4_0_addr_14" [src/conv3.cpp:86]   --->   Operation 1333 'load' 'p_ZZ5conv3PA255_A255_fPA32_A5_A5_fPfS1_E7in_tile_1_4_0_load_14' <Predicate = true> <Delay = 1.23> <CoreInst = "RAM">   --->   Core 83 'RAM' <Latency = 1> <II = 1> <Delay = 1.23> <Storage> <Opcode : 'load' 'store'> <Ports = 2> <Width = 32> <Depth = 64> <RAM>
ST_18 : Operation 1334 [2/2] (1.23ns)   --->   "%p_ZZ5conv3PA255_A255_fPA32_A5_A5_fPfS1_E7in_tile_2_0_0_load_14 = load i6 %p_ZZ5conv3PA255_A255_fPA32_A5_A5_fPfS1_E7in_tile_2_0_0_addr_14" [src/conv3.cpp:86]   --->   Operation 1334 'load' 'p_ZZ5conv3PA255_A255_fPA32_A5_A5_fPfS1_E7in_tile_2_0_0_load_14' <Predicate = true> <Delay = 1.23> <CoreInst = "RAM">   --->   Core 83 'RAM' <Latency = 1> <II = 1> <Delay = 1.23> <Storage> <Opcode : 'load' 'store'> <Ports = 2> <Width = 32> <Depth = 64> <RAM>
ST_18 : Operation 1335 [2/2] (1.23ns)   --->   "%p_ZZ5conv3PA255_A255_fPA32_A5_A5_fPfS1_E7in_tile_2_1_0_load_14 = load i6 %p_ZZ5conv3PA255_A255_fPA32_A5_A5_fPfS1_E7in_tile_2_1_0_addr_14" [src/conv3.cpp:86]   --->   Operation 1335 'load' 'p_ZZ5conv3PA255_A255_fPA32_A5_A5_fPfS1_E7in_tile_2_1_0_load_14' <Predicate = true> <Delay = 1.23> <CoreInst = "RAM">   --->   Core 83 'RAM' <Latency = 1> <II = 1> <Delay = 1.23> <Storage> <Opcode : 'load' 'store'> <Ports = 2> <Width = 32> <Depth = 64> <RAM>
ST_18 : Operation 1336 [2/2] (1.23ns)   --->   "%p_ZZ5conv3PA255_A255_fPA32_A5_A5_fPfS1_E7in_tile_2_2_0_load_14 = load i6 %p_ZZ5conv3PA255_A255_fPA32_A5_A5_fPfS1_E7in_tile_2_2_0_addr_14" [src/conv3.cpp:86]   --->   Operation 1336 'load' 'p_ZZ5conv3PA255_A255_fPA32_A5_A5_fPfS1_E7in_tile_2_2_0_load_14' <Predicate = true> <Delay = 1.23> <CoreInst = "RAM">   --->   Core 83 'RAM' <Latency = 1> <II = 1> <Delay = 1.23> <Storage> <Opcode : 'load' 'store'> <Ports = 2> <Width = 32> <Depth = 64> <RAM>
ST_18 : Operation 1337 [2/2] (1.23ns)   --->   "%p_ZZ5conv3PA255_A255_fPA32_A5_A5_fPfS1_E7in_tile_2_3_0_load_14 = load i6 %p_ZZ5conv3PA255_A255_fPA32_A5_A5_fPfS1_E7in_tile_2_3_0_addr_14" [src/conv3.cpp:86]   --->   Operation 1337 'load' 'p_ZZ5conv3PA255_A255_fPA32_A5_A5_fPfS1_E7in_tile_2_3_0_load_14' <Predicate = true> <Delay = 1.23> <CoreInst = "RAM">   --->   Core 83 'RAM' <Latency = 1> <II = 1> <Delay = 1.23> <Storage> <Opcode : 'load' 'store'> <Ports = 2> <Width = 32> <Depth = 64> <RAM>
ST_18 : Operation 1338 [2/2] (1.23ns)   --->   "%p_ZZ5conv3PA255_A255_fPA32_A5_A5_fPfS1_E7in_tile_2_4_0_load_14 = load i6 %p_ZZ5conv3PA255_A255_fPA32_A5_A5_fPfS1_E7in_tile_2_4_0_addr_14" [src/conv3.cpp:86]   --->   Operation 1338 'load' 'p_ZZ5conv3PA255_A255_fPA32_A5_A5_fPfS1_E7in_tile_2_4_0_load_14' <Predicate = true> <Delay = 1.23> <CoreInst = "RAM">   --->   Core 83 'RAM' <Latency = 1> <II = 1> <Delay = 1.23> <Storage> <Opcode : 'load' 'store'> <Ports = 2> <Width = 32> <Depth = 64> <RAM>
ST_18 : Operation 1339 [2/2] (1.23ns)   --->   "%p_ZZ5conv3PA255_A255_fPA32_A5_A5_fPfS1_E7in_tile_3_0_0_load_14 = load i6 %p_ZZ5conv3PA255_A255_fPA32_A5_A5_fPfS1_E7in_tile_3_0_0_addr_14" [src/conv3.cpp:86]   --->   Operation 1339 'load' 'p_ZZ5conv3PA255_A255_fPA32_A5_A5_fPfS1_E7in_tile_3_0_0_load_14' <Predicate = true> <Delay = 1.23> <CoreInst = "RAM">   --->   Core 83 'RAM' <Latency = 1> <II = 1> <Delay = 1.23> <Storage> <Opcode : 'load' 'store'> <Ports = 2> <Width = 32> <Depth = 64> <RAM>
ST_18 : Operation 1340 [2/2] (1.23ns)   --->   "%p_ZZ5conv3PA255_A255_fPA32_A5_A5_fPfS1_E7in_tile_3_1_0_load_14 = load i6 %p_ZZ5conv3PA255_A255_fPA32_A5_A5_fPfS1_E7in_tile_3_1_0_addr_14" [src/conv3.cpp:86]   --->   Operation 1340 'load' 'p_ZZ5conv3PA255_A255_fPA32_A5_A5_fPfS1_E7in_tile_3_1_0_load_14' <Predicate = true> <Delay = 1.23> <CoreInst = "RAM">   --->   Core 83 'RAM' <Latency = 1> <II = 1> <Delay = 1.23> <Storage> <Opcode : 'load' 'store'> <Ports = 2> <Width = 32> <Depth = 64> <RAM>
ST_18 : Operation 1341 [2/2] (1.23ns)   --->   "%p_ZZ5conv3PA255_A255_fPA32_A5_A5_fPfS1_E7in_tile_3_2_0_load_14 = load i6 %p_ZZ5conv3PA255_A255_fPA32_A5_A5_fPfS1_E7in_tile_3_2_0_addr_14" [src/conv3.cpp:86]   --->   Operation 1341 'load' 'p_ZZ5conv3PA255_A255_fPA32_A5_A5_fPfS1_E7in_tile_3_2_0_load_14' <Predicate = true> <Delay = 1.23> <CoreInst = "RAM">   --->   Core 83 'RAM' <Latency = 1> <II = 1> <Delay = 1.23> <Storage> <Opcode : 'load' 'store'> <Ports = 2> <Width = 32> <Depth = 64> <RAM>
ST_18 : Operation 1342 [2/2] (1.23ns)   --->   "%p_ZZ5conv3PA255_A255_fPA32_A5_A5_fPfS1_E7in_tile_3_3_0_load_14 = load i6 %p_ZZ5conv3PA255_A255_fPA32_A5_A5_fPfS1_E7in_tile_3_3_0_addr_14" [src/conv3.cpp:86]   --->   Operation 1342 'load' 'p_ZZ5conv3PA255_A255_fPA32_A5_A5_fPfS1_E7in_tile_3_3_0_load_14' <Predicate = true> <Delay = 1.23> <CoreInst = "RAM">   --->   Core 83 'RAM' <Latency = 1> <II = 1> <Delay = 1.23> <Storage> <Opcode : 'load' 'store'> <Ports = 2> <Width = 32> <Depth = 64> <RAM>
ST_18 : Operation 1343 [2/2] (1.23ns)   --->   "%p_ZZ5conv3PA255_A255_fPA32_A5_A5_fPfS1_E7in_tile_3_4_0_load_14 = load i6 %p_ZZ5conv3PA255_A255_fPA32_A5_A5_fPfS1_E7in_tile_3_4_0_addr_14" [src/conv3.cpp:86]   --->   Operation 1343 'load' 'p_ZZ5conv3PA255_A255_fPA32_A5_A5_fPfS1_E7in_tile_3_4_0_load_14' <Predicate = true> <Delay = 1.23> <CoreInst = "RAM">   --->   Core 83 'RAM' <Latency = 1> <II = 1> <Delay = 1.23> <Storage> <Opcode : 'load' 'store'> <Ports = 2> <Width = 32> <Depth = 64> <RAM>
ST_18 : Operation 1344 [2/2] (1.23ns)   --->   "%p_ZZ5conv3PA255_A255_fPA32_A5_A5_fPfS1_E7in_tile_4_0_0_load_14 = load i6 %p_ZZ5conv3PA255_A255_fPA32_A5_A5_fPfS1_E7in_tile_4_0_0_addr_14" [src/conv3.cpp:86]   --->   Operation 1344 'load' 'p_ZZ5conv3PA255_A255_fPA32_A5_A5_fPfS1_E7in_tile_4_0_0_load_14' <Predicate = true> <Delay = 1.23> <CoreInst = "RAM">   --->   Core 83 'RAM' <Latency = 1> <II = 1> <Delay = 1.23> <Storage> <Opcode : 'load' 'store'> <Ports = 2> <Width = 32> <Depth = 64> <RAM>
ST_18 : Operation 1345 [2/2] (1.23ns)   --->   "%p_ZZ5conv3PA255_A255_fPA32_A5_A5_fPfS1_E7in_tile_4_1_0_load_14 = load i6 %p_ZZ5conv3PA255_A255_fPA32_A5_A5_fPfS1_E7in_tile_4_1_0_addr_14" [src/conv3.cpp:86]   --->   Operation 1345 'load' 'p_ZZ5conv3PA255_A255_fPA32_A5_A5_fPfS1_E7in_tile_4_1_0_load_14' <Predicate = true> <Delay = 1.23> <CoreInst = "RAM">   --->   Core 83 'RAM' <Latency = 1> <II = 1> <Delay = 1.23> <Storage> <Opcode : 'load' 'store'> <Ports = 2> <Width = 32> <Depth = 64> <RAM>
ST_18 : Operation 1346 [2/2] (1.23ns)   --->   "%p_ZZ5conv3PA255_A255_fPA32_A5_A5_fPfS1_E7in_tile_4_2_0_load_14 = load i6 %p_ZZ5conv3PA255_A255_fPA32_A5_A5_fPfS1_E7in_tile_4_2_0_addr_14" [src/conv3.cpp:86]   --->   Operation 1346 'load' 'p_ZZ5conv3PA255_A255_fPA32_A5_A5_fPfS1_E7in_tile_4_2_0_load_14' <Predicate = true> <Delay = 1.23> <CoreInst = "RAM">   --->   Core 83 'RAM' <Latency = 1> <II = 1> <Delay = 1.23> <Storage> <Opcode : 'load' 'store'> <Ports = 2> <Width = 32> <Depth = 64> <RAM>
ST_18 : Operation 1347 [2/2] (1.23ns)   --->   "%p_ZZ5conv3PA255_A255_fPA32_A5_A5_fPfS1_E7in_tile_4_3_0_load_14 = load i6 %p_ZZ5conv3PA255_A255_fPA32_A5_A5_fPfS1_E7in_tile_4_3_0_addr_14" [src/conv3.cpp:86]   --->   Operation 1347 'load' 'p_ZZ5conv3PA255_A255_fPA32_A5_A5_fPfS1_E7in_tile_4_3_0_load_14' <Predicate = true> <Delay = 1.23> <CoreInst = "RAM">   --->   Core 83 'RAM' <Latency = 1> <II = 1> <Delay = 1.23> <Storage> <Opcode : 'load' 'store'> <Ports = 2> <Width = 32> <Depth = 64> <RAM>
ST_18 : Operation 1348 [2/2] (1.23ns)   --->   "%p_ZZ5conv3PA255_A255_fPA32_A5_A5_fPfS1_E7in_tile_4_4_0_load_14 = load i6 %p_ZZ5conv3PA255_A255_fPA32_A5_A5_fPfS1_E7in_tile_4_4_0_addr_14" [src/conv3.cpp:86]   --->   Operation 1348 'load' 'p_ZZ5conv3PA255_A255_fPA32_A5_A5_fPfS1_E7in_tile_4_4_0_load_14' <Predicate = true> <Delay = 1.23> <CoreInst = "RAM">   --->   Core 83 'RAM' <Latency = 1> <II = 1> <Delay = 1.23> <Storage> <Opcode : 'load' 'store'> <Ports = 2> <Width = 32> <Depth = 64> <RAM>

State 19 <SV = 18> <Delay = 1.23>
ST_19 : Operation 1349 [1/2] (1.23ns)   --->   "%p_ZZ5conv3PA255_A255_fPA32_A5_A5_fPfS1_E7in_tile_0_0_0_load_13 = load i6 %p_ZZ5conv3PA255_A255_fPA32_A5_A5_fPfS1_E7in_tile_0_0_0_addr_13" [src/conv3.cpp:86]   --->   Operation 1349 'load' 'p_ZZ5conv3PA255_A255_fPA32_A5_A5_fPfS1_E7in_tile_0_0_0_load_13' <Predicate = true> <Delay = 1.23> <CoreInst = "RAM">   --->   Core 83 'RAM' <Latency = 1> <II = 1> <Delay = 1.23> <Storage> <Opcode : 'load' 'store'> <Ports = 2> <Width = 32> <Depth = 64> <RAM>
ST_19 : Operation 1350 [1/2] (1.23ns)   --->   "%p_ZZ5conv3PA255_A255_fPA32_A5_A5_fPfS1_E7in_tile_0_1_0_load_13 = load i6 %p_ZZ5conv3PA255_A255_fPA32_A5_A5_fPfS1_E7in_tile_0_1_0_addr_13" [src/conv3.cpp:86]   --->   Operation 1350 'load' 'p_ZZ5conv3PA255_A255_fPA32_A5_A5_fPfS1_E7in_tile_0_1_0_load_13' <Predicate = true> <Delay = 1.23> <CoreInst = "RAM">   --->   Core 83 'RAM' <Latency = 1> <II = 1> <Delay = 1.23> <Storage> <Opcode : 'load' 'store'> <Ports = 2> <Width = 32> <Depth = 64> <RAM>
ST_19 : Operation 1351 [1/2] (1.23ns)   --->   "%p_ZZ5conv3PA255_A255_fPA32_A5_A5_fPfS1_E7in_tile_0_2_0_load_13 = load i6 %p_ZZ5conv3PA255_A255_fPA32_A5_A5_fPfS1_E7in_tile_0_2_0_addr_13" [src/conv3.cpp:86]   --->   Operation 1351 'load' 'p_ZZ5conv3PA255_A255_fPA32_A5_A5_fPfS1_E7in_tile_0_2_0_load_13' <Predicate = true> <Delay = 1.23> <CoreInst = "RAM">   --->   Core 83 'RAM' <Latency = 1> <II = 1> <Delay = 1.23> <Storage> <Opcode : 'load' 'store'> <Ports = 2> <Width = 32> <Depth = 64> <RAM>
ST_19 : Operation 1352 [1/2] (1.23ns)   --->   "%p_ZZ5conv3PA255_A255_fPA32_A5_A5_fPfS1_E7in_tile_0_3_0_load_13 = load i6 %p_ZZ5conv3PA255_A255_fPA32_A5_A5_fPfS1_E7in_tile_0_3_0_addr_13" [src/conv3.cpp:86]   --->   Operation 1352 'load' 'p_ZZ5conv3PA255_A255_fPA32_A5_A5_fPfS1_E7in_tile_0_3_0_load_13' <Predicate = true> <Delay = 1.23> <CoreInst = "RAM">   --->   Core 83 'RAM' <Latency = 1> <II = 1> <Delay = 1.23> <Storage> <Opcode : 'load' 'store'> <Ports = 2> <Width = 32> <Depth = 64> <RAM>
ST_19 : Operation 1353 [1/2] (1.23ns)   --->   "%p_ZZ5conv3PA255_A255_fPA32_A5_A5_fPfS1_E7in_tile_0_4_0_load_13 = load i6 %p_ZZ5conv3PA255_A255_fPA32_A5_A5_fPfS1_E7in_tile_0_4_0_addr_13" [src/conv3.cpp:86]   --->   Operation 1353 'load' 'p_ZZ5conv3PA255_A255_fPA32_A5_A5_fPfS1_E7in_tile_0_4_0_load_13' <Predicate = true> <Delay = 1.23> <CoreInst = "RAM">   --->   Core 83 'RAM' <Latency = 1> <II = 1> <Delay = 1.23> <Storage> <Opcode : 'load' 'store'> <Ports = 2> <Width = 32> <Depth = 64> <RAM>
ST_19 : Operation 1354 [1/2] (1.23ns)   --->   "%p_ZZ5conv3PA255_A255_fPA32_A5_A5_fPfS1_E7in_tile_1_0_0_load_13 = load i6 %p_ZZ5conv3PA255_A255_fPA32_A5_A5_fPfS1_E7in_tile_1_0_0_addr_13" [src/conv3.cpp:86]   --->   Operation 1354 'load' 'p_ZZ5conv3PA255_A255_fPA32_A5_A5_fPfS1_E7in_tile_1_0_0_load_13' <Predicate = true> <Delay = 1.23> <CoreInst = "RAM">   --->   Core 83 'RAM' <Latency = 1> <II = 1> <Delay = 1.23> <Storage> <Opcode : 'load' 'store'> <Ports = 2> <Width = 32> <Depth = 64> <RAM>
ST_19 : Operation 1355 [1/2] (1.23ns)   --->   "%p_ZZ5conv3PA255_A255_fPA32_A5_A5_fPfS1_E7in_tile_1_1_0_load_13 = load i6 %p_ZZ5conv3PA255_A255_fPA32_A5_A5_fPfS1_E7in_tile_1_1_0_addr_13" [src/conv3.cpp:86]   --->   Operation 1355 'load' 'p_ZZ5conv3PA255_A255_fPA32_A5_A5_fPfS1_E7in_tile_1_1_0_load_13' <Predicate = true> <Delay = 1.23> <CoreInst = "RAM">   --->   Core 83 'RAM' <Latency = 1> <II = 1> <Delay = 1.23> <Storage> <Opcode : 'load' 'store'> <Ports = 2> <Width = 32> <Depth = 64> <RAM>
ST_19 : Operation 1356 [1/2] (1.23ns)   --->   "%p_ZZ5conv3PA255_A255_fPA32_A5_A5_fPfS1_E7in_tile_1_2_0_load_13 = load i6 %p_ZZ5conv3PA255_A255_fPA32_A5_A5_fPfS1_E7in_tile_1_2_0_addr_13" [src/conv3.cpp:86]   --->   Operation 1356 'load' 'p_ZZ5conv3PA255_A255_fPA32_A5_A5_fPfS1_E7in_tile_1_2_0_load_13' <Predicate = true> <Delay = 1.23> <CoreInst = "RAM">   --->   Core 83 'RAM' <Latency = 1> <II = 1> <Delay = 1.23> <Storage> <Opcode : 'load' 'store'> <Ports = 2> <Width = 32> <Depth = 64> <RAM>
ST_19 : Operation 1357 [1/2] (1.23ns)   --->   "%p_ZZ5conv3PA255_A255_fPA32_A5_A5_fPfS1_E7in_tile_1_3_0_load_13 = load i6 %p_ZZ5conv3PA255_A255_fPA32_A5_A5_fPfS1_E7in_tile_1_3_0_addr_13" [src/conv3.cpp:86]   --->   Operation 1357 'load' 'p_ZZ5conv3PA255_A255_fPA32_A5_A5_fPfS1_E7in_tile_1_3_0_load_13' <Predicate = true> <Delay = 1.23> <CoreInst = "RAM">   --->   Core 83 'RAM' <Latency = 1> <II = 1> <Delay = 1.23> <Storage> <Opcode : 'load' 'store'> <Ports = 2> <Width = 32> <Depth = 64> <RAM>
ST_19 : Operation 1358 [1/2] (1.23ns)   --->   "%p_ZZ5conv3PA255_A255_fPA32_A5_A5_fPfS1_E7in_tile_1_4_0_load_13 = load i6 %p_ZZ5conv3PA255_A255_fPA32_A5_A5_fPfS1_E7in_tile_1_4_0_addr_13" [src/conv3.cpp:86]   --->   Operation 1358 'load' 'p_ZZ5conv3PA255_A255_fPA32_A5_A5_fPfS1_E7in_tile_1_4_0_load_13' <Predicate = true> <Delay = 1.23> <CoreInst = "RAM">   --->   Core 83 'RAM' <Latency = 1> <II = 1> <Delay = 1.23> <Storage> <Opcode : 'load' 'store'> <Ports = 2> <Width = 32> <Depth = 64> <RAM>
ST_19 : Operation 1359 [1/2] (1.23ns)   --->   "%p_ZZ5conv3PA255_A255_fPA32_A5_A5_fPfS1_E7in_tile_2_0_0_load_13 = load i6 %p_ZZ5conv3PA255_A255_fPA32_A5_A5_fPfS1_E7in_tile_2_0_0_addr_13" [src/conv3.cpp:86]   --->   Operation 1359 'load' 'p_ZZ5conv3PA255_A255_fPA32_A5_A5_fPfS1_E7in_tile_2_0_0_load_13' <Predicate = true> <Delay = 1.23> <CoreInst = "RAM">   --->   Core 83 'RAM' <Latency = 1> <II = 1> <Delay = 1.23> <Storage> <Opcode : 'load' 'store'> <Ports = 2> <Width = 32> <Depth = 64> <RAM>
ST_19 : Operation 1360 [1/2] (1.23ns)   --->   "%p_ZZ5conv3PA255_A255_fPA32_A5_A5_fPfS1_E7in_tile_2_1_0_load_13 = load i6 %p_ZZ5conv3PA255_A255_fPA32_A5_A5_fPfS1_E7in_tile_2_1_0_addr_13" [src/conv3.cpp:86]   --->   Operation 1360 'load' 'p_ZZ5conv3PA255_A255_fPA32_A5_A5_fPfS1_E7in_tile_2_1_0_load_13' <Predicate = true> <Delay = 1.23> <CoreInst = "RAM">   --->   Core 83 'RAM' <Latency = 1> <II = 1> <Delay = 1.23> <Storage> <Opcode : 'load' 'store'> <Ports = 2> <Width = 32> <Depth = 64> <RAM>
ST_19 : Operation 1361 [1/2] (1.23ns)   --->   "%p_ZZ5conv3PA255_A255_fPA32_A5_A5_fPfS1_E7in_tile_2_2_0_load_13 = load i6 %p_ZZ5conv3PA255_A255_fPA32_A5_A5_fPfS1_E7in_tile_2_2_0_addr_13" [src/conv3.cpp:86]   --->   Operation 1361 'load' 'p_ZZ5conv3PA255_A255_fPA32_A5_A5_fPfS1_E7in_tile_2_2_0_load_13' <Predicate = true> <Delay = 1.23> <CoreInst = "RAM">   --->   Core 83 'RAM' <Latency = 1> <II = 1> <Delay = 1.23> <Storage> <Opcode : 'load' 'store'> <Ports = 2> <Width = 32> <Depth = 64> <RAM>
ST_19 : Operation 1362 [1/2] (1.23ns)   --->   "%p_ZZ5conv3PA255_A255_fPA32_A5_A5_fPfS1_E7in_tile_2_3_0_load_13 = load i6 %p_ZZ5conv3PA255_A255_fPA32_A5_A5_fPfS1_E7in_tile_2_3_0_addr_13" [src/conv3.cpp:86]   --->   Operation 1362 'load' 'p_ZZ5conv3PA255_A255_fPA32_A5_A5_fPfS1_E7in_tile_2_3_0_load_13' <Predicate = true> <Delay = 1.23> <CoreInst = "RAM">   --->   Core 83 'RAM' <Latency = 1> <II = 1> <Delay = 1.23> <Storage> <Opcode : 'load' 'store'> <Ports = 2> <Width = 32> <Depth = 64> <RAM>
ST_19 : Operation 1363 [1/2] (1.23ns)   --->   "%p_ZZ5conv3PA255_A255_fPA32_A5_A5_fPfS1_E7in_tile_2_4_0_load_13 = load i6 %p_ZZ5conv3PA255_A255_fPA32_A5_A5_fPfS1_E7in_tile_2_4_0_addr_13" [src/conv3.cpp:86]   --->   Operation 1363 'load' 'p_ZZ5conv3PA255_A255_fPA32_A5_A5_fPfS1_E7in_tile_2_4_0_load_13' <Predicate = true> <Delay = 1.23> <CoreInst = "RAM">   --->   Core 83 'RAM' <Latency = 1> <II = 1> <Delay = 1.23> <Storage> <Opcode : 'load' 'store'> <Ports = 2> <Width = 32> <Depth = 64> <RAM>
ST_19 : Operation 1364 [1/2] (1.23ns)   --->   "%p_ZZ5conv3PA255_A255_fPA32_A5_A5_fPfS1_E7in_tile_3_0_0_load_13 = load i6 %p_ZZ5conv3PA255_A255_fPA32_A5_A5_fPfS1_E7in_tile_3_0_0_addr_13" [src/conv3.cpp:86]   --->   Operation 1364 'load' 'p_ZZ5conv3PA255_A255_fPA32_A5_A5_fPfS1_E7in_tile_3_0_0_load_13' <Predicate = true> <Delay = 1.23> <CoreInst = "RAM">   --->   Core 83 'RAM' <Latency = 1> <II = 1> <Delay = 1.23> <Storage> <Opcode : 'load' 'store'> <Ports = 2> <Width = 32> <Depth = 64> <RAM>
ST_19 : Operation 1365 [1/2] (1.23ns)   --->   "%p_ZZ5conv3PA255_A255_fPA32_A5_A5_fPfS1_E7in_tile_3_1_0_load_13 = load i6 %p_ZZ5conv3PA255_A255_fPA32_A5_A5_fPfS1_E7in_tile_3_1_0_addr_13" [src/conv3.cpp:86]   --->   Operation 1365 'load' 'p_ZZ5conv3PA255_A255_fPA32_A5_A5_fPfS1_E7in_tile_3_1_0_load_13' <Predicate = true> <Delay = 1.23> <CoreInst = "RAM">   --->   Core 83 'RAM' <Latency = 1> <II = 1> <Delay = 1.23> <Storage> <Opcode : 'load' 'store'> <Ports = 2> <Width = 32> <Depth = 64> <RAM>
ST_19 : Operation 1366 [1/2] (1.23ns)   --->   "%p_ZZ5conv3PA255_A255_fPA32_A5_A5_fPfS1_E7in_tile_3_2_0_load_13 = load i6 %p_ZZ5conv3PA255_A255_fPA32_A5_A5_fPfS1_E7in_tile_3_2_0_addr_13" [src/conv3.cpp:86]   --->   Operation 1366 'load' 'p_ZZ5conv3PA255_A255_fPA32_A5_A5_fPfS1_E7in_tile_3_2_0_load_13' <Predicate = true> <Delay = 1.23> <CoreInst = "RAM">   --->   Core 83 'RAM' <Latency = 1> <II = 1> <Delay = 1.23> <Storage> <Opcode : 'load' 'store'> <Ports = 2> <Width = 32> <Depth = 64> <RAM>
ST_19 : Operation 1367 [1/2] (1.23ns)   --->   "%p_ZZ5conv3PA255_A255_fPA32_A5_A5_fPfS1_E7in_tile_3_3_0_load_13 = load i6 %p_ZZ5conv3PA255_A255_fPA32_A5_A5_fPfS1_E7in_tile_3_3_0_addr_13" [src/conv3.cpp:86]   --->   Operation 1367 'load' 'p_ZZ5conv3PA255_A255_fPA32_A5_A5_fPfS1_E7in_tile_3_3_0_load_13' <Predicate = true> <Delay = 1.23> <CoreInst = "RAM">   --->   Core 83 'RAM' <Latency = 1> <II = 1> <Delay = 1.23> <Storage> <Opcode : 'load' 'store'> <Ports = 2> <Width = 32> <Depth = 64> <RAM>
ST_19 : Operation 1368 [1/2] (1.23ns)   --->   "%p_ZZ5conv3PA255_A255_fPA32_A5_A5_fPfS1_E7in_tile_3_4_0_load_13 = load i6 %p_ZZ5conv3PA255_A255_fPA32_A5_A5_fPfS1_E7in_tile_3_4_0_addr_13" [src/conv3.cpp:86]   --->   Operation 1368 'load' 'p_ZZ5conv3PA255_A255_fPA32_A5_A5_fPfS1_E7in_tile_3_4_0_load_13' <Predicate = true> <Delay = 1.23> <CoreInst = "RAM">   --->   Core 83 'RAM' <Latency = 1> <II = 1> <Delay = 1.23> <Storage> <Opcode : 'load' 'store'> <Ports = 2> <Width = 32> <Depth = 64> <RAM>
ST_19 : Operation 1369 [1/2] (1.23ns)   --->   "%p_ZZ5conv3PA255_A255_fPA32_A5_A5_fPfS1_E7in_tile_4_0_0_load_13 = load i6 %p_ZZ5conv3PA255_A255_fPA32_A5_A5_fPfS1_E7in_tile_4_0_0_addr_13" [src/conv3.cpp:86]   --->   Operation 1369 'load' 'p_ZZ5conv3PA255_A255_fPA32_A5_A5_fPfS1_E7in_tile_4_0_0_load_13' <Predicate = true> <Delay = 1.23> <CoreInst = "RAM">   --->   Core 83 'RAM' <Latency = 1> <II = 1> <Delay = 1.23> <Storage> <Opcode : 'load' 'store'> <Ports = 2> <Width = 32> <Depth = 64> <RAM>
ST_19 : Operation 1370 [1/2] (1.23ns)   --->   "%p_ZZ5conv3PA255_A255_fPA32_A5_A5_fPfS1_E7in_tile_4_1_0_load_13 = load i6 %p_ZZ5conv3PA255_A255_fPA32_A5_A5_fPfS1_E7in_tile_4_1_0_addr_13" [src/conv3.cpp:86]   --->   Operation 1370 'load' 'p_ZZ5conv3PA255_A255_fPA32_A5_A5_fPfS1_E7in_tile_4_1_0_load_13' <Predicate = true> <Delay = 1.23> <CoreInst = "RAM">   --->   Core 83 'RAM' <Latency = 1> <II = 1> <Delay = 1.23> <Storage> <Opcode : 'load' 'store'> <Ports = 2> <Width = 32> <Depth = 64> <RAM>
ST_19 : Operation 1371 [1/2] (1.23ns)   --->   "%p_ZZ5conv3PA255_A255_fPA32_A5_A5_fPfS1_E7in_tile_4_2_0_load_13 = load i6 %p_ZZ5conv3PA255_A255_fPA32_A5_A5_fPfS1_E7in_tile_4_2_0_addr_13" [src/conv3.cpp:86]   --->   Operation 1371 'load' 'p_ZZ5conv3PA255_A255_fPA32_A5_A5_fPfS1_E7in_tile_4_2_0_load_13' <Predicate = true> <Delay = 1.23> <CoreInst = "RAM">   --->   Core 83 'RAM' <Latency = 1> <II = 1> <Delay = 1.23> <Storage> <Opcode : 'load' 'store'> <Ports = 2> <Width = 32> <Depth = 64> <RAM>
ST_19 : Operation 1372 [1/2] (1.23ns)   --->   "%p_ZZ5conv3PA255_A255_fPA32_A5_A5_fPfS1_E7in_tile_4_3_0_load_13 = load i6 %p_ZZ5conv3PA255_A255_fPA32_A5_A5_fPfS1_E7in_tile_4_3_0_addr_13" [src/conv3.cpp:86]   --->   Operation 1372 'load' 'p_ZZ5conv3PA255_A255_fPA32_A5_A5_fPfS1_E7in_tile_4_3_0_load_13' <Predicate = true> <Delay = 1.23> <CoreInst = "RAM">   --->   Core 83 'RAM' <Latency = 1> <II = 1> <Delay = 1.23> <Storage> <Opcode : 'load' 'store'> <Ports = 2> <Width = 32> <Depth = 64> <RAM>
ST_19 : Operation 1373 [1/2] (1.23ns)   --->   "%p_ZZ5conv3PA255_A255_fPA32_A5_A5_fPfS1_E7in_tile_4_4_0_load_13 = load i6 %p_ZZ5conv3PA255_A255_fPA32_A5_A5_fPfS1_E7in_tile_4_4_0_addr_13" [src/conv3.cpp:86]   --->   Operation 1373 'load' 'p_ZZ5conv3PA255_A255_fPA32_A5_A5_fPfS1_E7in_tile_4_4_0_load_13' <Predicate = true> <Delay = 1.23> <CoreInst = "RAM">   --->   Core 83 'RAM' <Latency = 1> <II = 1> <Delay = 1.23> <Storage> <Opcode : 'load' 'store'> <Ports = 2> <Width = 32> <Depth = 64> <RAM>
ST_19 : Operation 1374 [1/2] (1.23ns)   --->   "%p_ZZ5conv3PA255_A255_fPA32_A5_A5_fPfS1_E7in_tile_0_0_0_load_14 = load i6 %p_ZZ5conv3PA255_A255_fPA32_A5_A5_fPfS1_E7in_tile_0_0_0_addr_14" [src/conv3.cpp:86]   --->   Operation 1374 'load' 'p_ZZ5conv3PA255_A255_fPA32_A5_A5_fPfS1_E7in_tile_0_0_0_load_14' <Predicate = true> <Delay = 1.23> <CoreInst = "RAM">   --->   Core 83 'RAM' <Latency = 1> <II = 1> <Delay = 1.23> <Storage> <Opcode : 'load' 'store'> <Ports = 2> <Width = 32> <Depth = 64> <RAM>
ST_19 : Operation 1375 [1/2] (1.23ns)   --->   "%p_ZZ5conv3PA255_A255_fPA32_A5_A5_fPfS1_E7in_tile_0_1_0_load_14 = load i6 %p_ZZ5conv3PA255_A255_fPA32_A5_A5_fPfS1_E7in_tile_0_1_0_addr_14" [src/conv3.cpp:86]   --->   Operation 1375 'load' 'p_ZZ5conv3PA255_A255_fPA32_A5_A5_fPfS1_E7in_tile_0_1_0_load_14' <Predicate = true> <Delay = 1.23> <CoreInst = "RAM">   --->   Core 83 'RAM' <Latency = 1> <II = 1> <Delay = 1.23> <Storage> <Opcode : 'load' 'store'> <Ports = 2> <Width = 32> <Depth = 64> <RAM>
ST_19 : Operation 1376 [1/2] (1.23ns)   --->   "%p_ZZ5conv3PA255_A255_fPA32_A5_A5_fPfS1_E7in_tile_0_2_0_load_14 = load i6 %p_ZZ5conv3PA255_A255_fPA32_A5_A5_fPfS1_E7in_tile_0_2_0_addr_14" [src/conv3.cpp:86]   --->   Operation 1376 'load' 'p_ZZ5conv3PA255_A255_fPA32_A5_A5_fPfS1_E7in_tile_0_2_0_load_14' <Predicate = true> <Delay = 1.23> <CoreInst = "RAM">   --->   Core 83 'RAM' <Latency = 1> <II = 1> <Delay = 1.23> <Storage> <Opcode : 'load' 'store'> <Ports = 2> <Width = 32> <Depth = 64> <RAM>
ST_19 : Operation 1377 [1/2] (1.23ns)   --->   "%p_ZZ5conv3PA255_A255_fPA32_A5_A5_fPfS1_E7in_tile_0_3_0_load_14 = load i6 %p_ZZ5conv3PA255_A255_fPA32_A5_A5_fPfS1_E7in_tile_0_3_0_addr_14" [src/conv3.cpp:86]   --->   Operation 1377 'load' 'p_ZZ5conv3PA255_A255_fPA32_A5_A5_fPfS1_E7in_tile_0_3_0_load_14' <Predicate = true> <Delay = 1.23> <CoreInst = "RAM">   --->   Core 83 'RAM' <Latency = 1> <II = 1> <Delay = 1.23> <Storage> <Opcode : 'load' 'store'> <Ports = 2> <Width = 32> <Depth = 64> <RAM>
ST_19 : Operation 1378 [1/2] (1.23ns)   --->   "%p_ZZ5conv3PA255_A255_fPA32_A5_A5_fPfS1_E7in_tile_0_4_0_load_14 = load i6 %p_ZZ5conv3PA255_A255_fPA32_A5_A5_fPfS1_E7in_tile_0_4_0_addr_14" [src/conv3.cpp:86]   --->   Operation 1378 'load' 'p_ZZ5conv3PA255_A255_fPA32_A5_A5_fPfS1_E7in_tile_0_4_0_load_14' <Predicate = true> <Delay = 1.23> <CoreInst = "RAM">   --->   Core 83 'RAM' <Latency = 1> <II = 1> <Delay = 1.23> <Storage> <Opcode : 'load' 'store'> <Ports = 2> <Width = 32> <Depth = 64> <RAM>
ST_19 : Operation 1379 [1/2] (1.23ns)   --->   "%p_ZZ5conv3PA255_A255_fPA32_A5_A5_fPfS1_E7in_tile_1_0_0_load_14 = load i6 %p_ZZ5conv3PA255_A255_fPA32_A5_A5_fPfS1_E7in_tile_1_0_0_addr_14" [src/conv3.cpp:86]   --->   Operation 1379 'load' 'p_ZZ5conv3PA255_A255_fPA32_A5_A5_fPfS1_E7in_tile_1_0_0_load_14' <Predicate = true> <Delay = 1.23> <CoreInst = "RAM">   --->   Core 83 'RAM' <Latency = 1> <II = 1> <Delay = 1.23> <Storage> <Opcode : 'load' 'store'> <Ports = 2> <Width = 32> <Depth = 64> <RAM>
ST_19 : Operation 1380 [1/2] (1.23ns)   --->   "%p_ZZ5conv3PA255_A255_fPA32_A5_A5_fPfS1_E7in_tile_1_1_0_load_14 = load i6 %p_ZZ5conv3PA255_A255_fPA32_A5_A5_fPfS1_E7in_tile_1_1_0_addr_14" [src/conv3.cpp:86]   --->   Operation 1380 'load' 'p_ZZ5conv3PA255_A255_fPA32_A5_A5_fPfS1_E7in_tile_1_1_0_load_14' <Predicate = true> <Delay = 1.23> <CoreInst = "RAM">   --->   Core 83 'RAM' <Latency = 1> <II = 1> <Delay = 1.23> <Storage> <Opcode : 'load' 'store'> <Ports = 2> <Width = 32> <Depth = 64> <RAM>
ST_19 : Operation 1381 [1/2] (1.23ns)   --->   "%p_ZZ5conv3PA255_A255_fPA32_A5_A5_fPfS1_E7in_tile_1_2_0_load_14 = load i6 %p_ZZ5conv3PA255_A255_fPA32_A5_A5_fPfS1_E7in_tile_1_2_0_addr_14" [src/conv3.cpp:86]   --->   Operation 1381 'load' 'p_ZZ5conv3PA255_A255_fPA32_A5_A5_fPfS1_E7in_tile_1_2_0_load_14' <Predicate = true> <Delay = 1.23> <CoreInst = "RAM">   --->   Core 83 'RAM' <Latency = 1> <II = 1> <Delay = 1.23> <Storage> <Opcode : 'load' 'store'> <Ports = 2> <Width = 32> <Depth = 64> <RAM>
ST_19 : Operation 1382 [1/2] (1.23ns)   --->   "%p_ZZ5conv3PA255_A255_fPA32_A5_A5_fPfS1_E7in_tile_1_3_0_load_14 = load i6 %p_ZZ5conv3PA255_A255_fPA32_A5_A5_fPfS1_E7in_tile_1_3_0_addr_14" [src/conv3.cpp:86]   --->   Operation 1382 'load' 'p_ZZ5conv3PA255_A255_fPA32_A5_A5_fPfS1_E7in_tile_1_3_0_load_14' <Predicate = true> <Delay = 1.23> <CoreInst = "RAM">   --->   Core 83 'RAM' <Latency = 1> <II = 1> <Delay = 1.23> <Storage> <Opcode : 'load' 'store'> <Ports = 2> <Width = 32> <Depth = 64> <RAM>
ST_19 : Operation 1383 [1/2] (1.23ns)   --->   "%p_ZZ5conv3PA255_A255_fPA32_A5_A5_fPfS1_E7in_tile_1_4_0_load_14 = load i6 %p_ZZ5conv3PA255_A255_fPA32_A5_A5_fPfS1_E7in_tile_1_4_0_addr_14" [src/conv3.cpp:86]   --->   Operation 1383 'load' 'p_ZZ5conv3PA255_A255_fPA32_A5_A5_fPfS1_E7in_tile_1_4_0_load_14' <Predicate = true> <Delay = 1.23> <CoreInst = "RAM">   --->   Core 83 'RAM' <Latency = 1> <II = 1> <Delay = 1.23> <Storage> <Opcode : 'load' 'store'> <Ports = 2> <Width = 32> <Depth = 64> <RAM>
ST_19 : Operation 1384 [1/2] (1.23ns)   --->   "%p_ZZ5conv3PA255_A255_fPA32_A5_A5_fPfS1_E7in_tile_2_0_0_load_14 = load i6 %p_ZZ5conv3PA255_A255_fPA32_A5_A5_fPfS1_E7in_tile_2_0_0_addr_14" [src/conv3.cpp:86]   --->   Operation 1384 'load' 'p_ZZ5conv3PA255_A255_fPA32_A5_A5_fPfS1_E7in_tile_2_0_0_load_14' <Predicate = true> <Delay = 1.23> <CoreInst = "RAM">   --->   Core 83 'RAM' <Latency = 1> <II = 1> <Delay = 1.23> <Storage> <Opcode : 'load' 'store'> <Ports = 2> <Width = 32> <Depth = 64> <RAM>
ST_19 : Operation 1385 [1/2] (1.23ns)   --->   "%p_ZZ5conv3PA255_A255_fPA32_A5_A5_fPfS1_E7in_tile_2_1_0_load_14 = load i6 %p_ZZ5conv3PA255_A255_fPA32_A5_A5_fPfS1_E7in_tile_2_1_0_addr_14" [src/conv3.cpp:86]   --->   Operation 1385 'load' 'p_ZZ5conv3PA255_A255_fPA32_A5_A5_fPfS1_E7in_tile_2_1_0_load_14' <Predicate = true> <Delay = 1.23> <CoreInst = "RAM">   --->   Core 83 'RAM' <Latency = 1> <II = 1> <Delay = 1.23> <Storage> <Opcode : 'load' 'store'> <Ports = 2> <Width = 32> <Depth = 64> <RAM>
ST_19 : Operation 1386 [1/2] (1.23ns)   --->   "%p_ZZ5conv3PA255_A255_fPA32_A5_A5_fPfS1_E7in_tile_2_2_0_load_14 = load i6 %p_ZZ5conv3PA255_A255_fPA32_A5_A5_fPfS1_E7in_tile_2_2_0_addr_14" [src/conv3.cpp:86]   --->   Operation 1386 'load' 'p_ZZ5conv3PA255_A255_fPA32_A5_A5_fPfS1_E7in_tile_2_2_0_load_14' <Predicate = true> <Delay = 1.23> <CoreInst = "RAM">   --->   Core 83 'RAM' <Latency = 1> <II = 1> <Delay = 1.23> <Storage> <Opcode : 'load' 'store'> <Ports = 2> <Width = 32> <Depth = 64> <RAM>
ST_19 : Operation 1387 [1/2] (1.23ns)   --->   "%p_ZZ5conv3PA255_A255_fPA32_A5_A5_fPfS1_E7in_tile_2_3_0_load_14 = load i6 %p_ZZ5conv3PA255_A255_fPA32_A5_A5_fPfS1_E7in_tile_2_3_0_addr_14" [src/conv3.cpp:86]   --->   Operation 1387 'load' 'p_ZZ5conv3PA255_A255_fPA32_A5_A5_fPfS1_E7in_tile_2_3_0_load_14' <Predicate = true> <Delay = 1.23> <CoreInst = "RAM">   --->   Core 83 'RAM' <Latency = 1> <II = 1> <Delay = 1.23> <Storage> <Opcode : 'load' 'store'> <Ports = 2> <Width = 32> <Depth = 64> <RAM>
ST_19 : Operation 1388 [1/2] (1.23ns)   --->   "%p_ZZ5conv3PA255_A255_fPA32_A5_A5_fPfS1_E7in_tile_2_4_0_load_14 = load i6 %p_ZZ5conv3PA255_A255_fPA32_A5_A5_fPfS1_E7in_tile_2_4_0_addr_14" [src/conv3.cpp:86]   --->   Operation 1388 'load' 'p_ZZ5conv3PA255_A255_fPA32_A5_A5_fPfS1_E7in_tile_2_4_0_load_14' <Predicate = true> <Delay = 1.23> <CoreInst = "RAM">   --->   Core 83 'RAM' <Latency = 1> <II = 1> <Delay = 1.23> <Storage> <Opcode : 'load' 'store'> <Ports = 2> <Width = 32> <Depth = 64> <RAM>
ST_19 : Operation 1389 [1/2] (1.23ns)   --->   "%p_ZZ5conv3PA255_A255_fPA32_A5_A5_fPfS1_E7in_tile_3_0_0_load_14 = load i6 %p_ZZ5conv3PA255_A255_fPA32_A5_A5_fPfS1_E7in_tile_3_0_0_addr_14" [src/conv3.cpp:86]   --->   Operation 1389 'load' 'p_ZZ5conv3PA255_A255_fPA32_A5_A5_fPfS1_E7in_tile_3_0_0_load_14' <Predicate = true> <Delay = 1.23> <CoreInst = "RAM">   --->   Core 83 'RAM' <Latency = 1> <II = 1> <Delay = 1.23> <Storage> <Opcode : 'load' 'store'> <Ports = 2> <Width = 32> <Depth = 64> <RAM>
ST_19 : Operation 1390 [1/2] (1.23ns)   --->   "%p_ZZ5conv3PA255_A255_fPA32_A5_A5_fPfS1_E7in_tile_3_1_0_load_14 = load i6 %p_ZZ5conv3PA255_A255_fPA32_A5_A5_fPfS1_E7in_tile_3_1_0_addr_14" [src/conv3.cpp:86]   --->   Operation 1390 'load' 'p_ZZ5conv3PA255_A255_fPA32_A5_A5_fPfS1_E7in_tile_3_1_0_load_14' <Predicate = true> <Delay = 1.23> <CoreInst = "RAM">   --->   Core 83 'RAM' <Latency = 1> <II = 1> <Delay = 1.23> <Storage> <Opcode : 'load' 'store'> <Ports = 2> <Width = 32> <Depth = 64> <RAM>
ST_19 : Operation 1391 [1/2] (1.23ns)   --->   "%p_ZZ5conv3PA255_A255_fPA32_A5_A5_fPfS1_E7in_tile_3_2_0_load_14 = load i6 %p_ZZ5conv3PA255_A255_fPA32_A5_A5_fPfS1_E7in_tile_3_2_0_addr_14" [src/conv3.cpp:86]   --->   Operation 1391 'load' 'p_ZZ5conv3PA255_A255_fPA32_A5_A5_fPfS1_E7in_tile_3_2_0_load_14' <Predicate = true> <Delay = 1.23> <CoreInst = "RAM">   --->   Core 83 'RAM' <Latency = 1> <II = 1> <Delay = 1.23> <Storage> <Opcode : 'load' 'store'> <Ports = 2> <Width = 32> <Depth = 64> <RAM>
ST_19 : Operation 1392 [1/2] (1.23ns)   --->   "%p_ZZ5conv3PA255_A255_fPA32_A5_A5_fPfS1_E7in_tile_3_3_0_load_14 = load i6 %p_ZZ5conv3PA255_A255_fPA32_A5_A5_fPfS1_E7in_tile_3_3_0_addr_14" [src/conv3.cpp:86]   --->   Operation 1392 'load' 'p_ZZ5conv3PA255_A255_fPA32_A5_A5_fPfS1_E7in_tile_3_3_0_load_14' <Predicate = true> <Delay = 1.23> <CoreInst = "RAM">   --->   Core 83 'RAM' <Latency = 1> <II = 1> <Delay = 1.23> <Storage> <Opcode : 'load' 'store'> <Ports = 2> <Width = 32> <Depth = 64> <RAM>
ST_19 : Operation 1393 [1/2] (1.23ns)   --->   "%p_ZZ5conv3PA255_A255_fPA32_A5_A5_fPfS1_E7in_tile_3_4_0_load_14 = load i6 %p_ZZ5conv3PA255_A255_fPA32_A5_A5_fPfS1_E7in_tile_3_4_0_addr_14" [src/conv3.cpp:86]   --->   Operation 1393 'load' 'p_ZZ5conv3PA255_A255_fPA32_A5_A5_fPfS1_E7in_tile_3_4_0_load_14' <Predicate = true> <Delay = 1.23> <CoreInst = "RAM">   --->   Core 83 'RAM' <Latency = 1> <II = 1> <Delay = 1.23> <Storage> <Opcode : 'load' 'store'> <Ports = 2> <Width = 32> <Depth = 64> <RAM>
ST_19 : Operation 1394 [1/2] (1.23ns)   --->   "%p_ZZ5conv3PA255_A255_fPA32_A5_A5_fPfS1_E7in_tile_4_0_0_load_14 = load i6 %p_ZZ5conv3PA255_A255_fPA32_A5_A5_fPfS1_E7in_tile_4_0_0_addr_14" [src/conv3.cpp:86]   --->   Operation 1394 'load' 'p_ZZ5conv3PA255_A255_fPA32_A5_A5_fPfS1_E7in_tile_4_0_0_load_14' <Predicate = true> <Delay = 1.23> <CoreInst = "RAM">   --->   Core 83 'RAM' <Latency = 1> <II = 1> <Delay = 1.23> <Storage> <Opcode : 'load' 'store'> <Ports = 2> <Width = 32> <Depth = 64> <RAM>
ST_19 : Operation 1395 [1/2] (1.23ns)   --->   "%p_ZZ5conv3PA255_A255_fPA32_A5_A5_fPfS1_E7in_tile_4_1_0_load_14 = load i6 %p_ZZ5conv3PA255_A255_fPA32_A5_A5_fPfS1_E7in_tile_4_1_0_addr_14" [src/conv3.cpp:86]   --->   Operation 1395 'load' 'p_ZZ5conv3PA255_A255_fPA32_A5_A5_fPfS1_E7in_tile_4_1_0_load_14' <Predicate = true> <Delay = 1.23> <CoreInst = "RAM">   --->   Core 83 'RAM' <Latency = 1> <II = 1> <Delay = 1.23> <Storage> <Opcode : 'load' 'store'> <Ports = 2> <Width = 32> <Depth = 64> <RAM>
ST_19 : Operation 1396 [1/2] (1.23ns)   --->   "%p_ZZ5conv3PA255_A255_fPA32_A5_A5_fPfS1_E7in_tile_4_2_0_load_14 = load i6 %p_ZZ5conv3PA255_A255_fPA32_A5_A5_fPfS1_E7in_tile_4_2_0_addr_14" [src/conv3.cpp:86]   --->   Operation 1396 'load' 'p_ZZ5conv3PA255_A255_fPA32_A5_A5_fPfS1_E7in_tile_4_2_0_load_14' <Predicate = true> <Delay = 1.23> <CoreInst = "RAM">   --->   Core 83 'RAM' <Latency = 1> <II = 1> <Delay = 1.23> <Storage> <Opcode : 'load' 'store'> <Ports = 2> <Width = 32> <Depth = 64> <RAM>
ST_19 : Operation 1397 [1/2] (1.23ns)   --->   "%p_ZZ5conv3PA255_A255_fPA32_A5_A5_fPfS1_E7in_tile_4_3_0_load_14 = load i6 %p_ZZ5conv3PA255_A255_fPA32_A5_A5_fPfS1_E7in_tile_4_3_0_addr_14" [src/conv3.cpp:86]   --->   Operation 1397 'load' 'p_ZZ5conv3PA255_A255_fPA32_A5_A5_fPfS1_E7in_tile_4_3_0_load_14' <Predicate = true> <Delay = 1.23> <CoreInst = "RAM">   --->   Core 83 'RAM' <Latency = 1> <II = 1> <Delay = 1.23> <Storage> <Opcode : 'load' 'store'> <Ports = 2> <Width = 32> <Depth = 64> <RAM>
ST_19 : Operation 1398 [1/2] (1.23ns)   --->   "%p_ZZ5conv3PA255_A255_fPA32_A5_A5_fPfS1_E7in_tile_4_4_0_load_14 = load i6 %p_ZZ5conv3PA255_A255_fPA32_A5_A5_fPfS1_E7in_tile_4_4_0_addr_14" [src/conv3.cpp:86]   --->   Operation 1398 'load' 'p_ZZ5conv3PA255_A255_fPA32_A5_A5_fPfS1_E7in_tile_4_4_0_load_14' <Predicate = true> <Delay = 1.23> <CoreInst = "RAM">   --->   Core 83 'RAM' <Latency = 1> <II = 1> <Delay = 1.23> <Storage> <Opcode : 'load' 'store'> <Ports = 2> <Width = 32> <Depth = 64> <RAM>
ST_19 : Operation 1399 [2/2] (1.23ns)   --->   "%p_ZZ5conv3PA255_A255_fPA32_A5_A5_fPfS1_E7in_tile_0_0_0_load_15 = load i6 %p_ZZ5conv3PA255_A255_fPA32_A5_A5_fPfS1_E7in_tile_0_0_0_addr_15" [src/conv3.cpp:86]   --->   Operation 1399 'load' 'p_ZZ5conv3PA255_A255_fPA32_A5_A5_fPfS1_E7in_tile_0_0_0_load_15' <Predicate = true> <Delay = 1.23> <CoreInst = "RAM">   --->   Core 83 'RAM' <Latency = 1> <II = 1> <Delay = 1.23> <Storage> <Opcode : 'load' 'store'> <Ports = 2> <Width = 32> <Depth = 64> <RAM>
ST_19 : Operation 1400 [2/2] (1.23ns)   --->   "%p_ZZ5conv3PA255_A255_fPA32_A5_A5_fPfS1_E7in_tile_0_1_0_load_15 = load i6 %p_ZZ5conv3PA255_A255_fPA32_A5_A5_fPfS1_E7in_tile_0_1_0_addr_15" [src/conv3.cpp:86]   --->   Operation 1400 'load' 'p_ZZ5conv3PA255_A255_fPA32_A5_A5_fPfS1_E7in_tile_0_1_0_load_15' <Predicate = true> <Delay = 1.23> <CoreInst = "RAM">   --->   Core 83 'RAM' <Latency = 1> <II = 1> <Delay = 1.23> <Storage> <Opcode : 'load' 'store'> <Ports = 2> <Width = 32> <Depth = 64> <RAM>
ST_19 : Operation 1401 [2/2] (1.23ns)   --->   "%p_ZZ5conv3PA255_A255_fPA32_A5_A5_fPfS1_E7in_tile_0_2_0_load_15 = load i6 %p_ZZ5conv3PA255_A255_fPA32_A5_A5_fPfS1_E7in_tile_0_2_0_addr_15" [src/conv3.cpp:86]   --->   Operation 1401 'load' 'p_ZZ5conv3PA255_A255_fPA32_A5_A5_fPfS1_E7in_tile_0_2_0_load_15' <Predicate = true> <Delay = 1.23> <CoreInst = "RAM">   --->   Core 83 'RAM' <Latency = 1> <II = 1> <Delay = 1.23> <Storage> <Opcode : 'load' 'store'> <Ports = 2> <Width = 32> <Depth = 64> <RAM>
ST_19 : Operation 1402 [2/2] (1.23ns)   --->   "%p_ZZ5conv3PA255_A255_fPA32_A5_A5_fPfS1_E7in_tile_0_3_0_load_15 = load i6 %p_ZZ5conv3PA255_A255_fPA32_A5_A5_fPfS1_E7in_tile_0_3_0_addr_15" [src/conv3.cpp:86]   --->   Operation 1402 'load' 'p_ZZ5conv3PA255_A255_fPA32_A5_A5_fPfS1_E7in_tile_0_3_0_load_15' <Predicate = true> <Delay = 1.23> <CoreInst = "RAM">   --->   Core 83 'RAM' <Latency = 1> <II = 1> <Delay = 1.23> <Storage> <Opcode : 'load' 'store'> <Ports = 2> <Width = 32> <Depth = 64> <RAM>
ST_19 : Operation 1403 [2/2] (1.23ns)   --->   "%p_ZZ5conv3PA255_A255_fPA32_A5_A5_fPfS1_E7in_tile_0_4_0_load_15 = load i6 %p_ZZ5conv3PA255_A255_fPA32_A5_A5_fPfS1_E7in_tile_0_4_0_addr_15" [src/conv3.cpp:86]   --->   Operation 1403 'load' 'p_ZZ5conv3PA255_A255_fPA32_A5_A5_fPfS1_E7in_tile_0_4_0_load_15' <Predicate = true> <Delay = 1.23> <CoreInst = "RAM">   --->   Core 83 'RAM' <Latency = 1> <II = 1> <Delay = 1.23> <Storage> <Opcode : 'load' 'store'> <Ports = 2> <Width = 32> <Depth = 64> <RAM>
ST_19 : Operation 1404 [2/2] (1.23ns)   --->   "%p_ZZ5conv3PA255_A255_fPA32_A5_A5_fPfS1_E7in_tile_1_0_0_load_15 = load i6 %p_ZZ5conv3PA255_A255_fPA32_A5_A5_fPfS1_E7in_tile_1_0_0_addr_15" [src/conv3.cpp:86]   --->   Operation 1404 'load' 'p_ZZ5conv3PA255_A255_fPA32_A5_A5_fPfS1_E7in_tile_1_0_0_load_15' <Predicate = true> <Delay = 1.23> <CoreInst = "RAM">   --->   Core 83 'RAM' <Latency = 1> <II = 1> <Delay = 1.23> <Storage> <Opcode : 'load' 'store'> <Ports = 2> <Width = 32> <Depth = 64> <RAM>
ST_19 : Operation 1405 [2/2] (1.23ns)   --->   "%p_ZZ5conv3PA255_A255_fPA32_A5_A5_fPfS1_E7in_tile_1_1_0_load_15 = load i6 %p_ZZ5conv3PA255_A255_fPA32_A5_A5_fPfS1_E7in_tile_1_1_0_addr_15" [src/conv3.cpp:86]   --->   Operation 1405 'load' 'p_ZZ5conv3PA255_A255_fPA32_A5_A5_fPfS1_E7in_tile_1_1_0_load_15' <Predicate = true> <Delay = 1.23> <CoreInst = "RAM">   --->   Core 83 'RAM' <Latency = 1> <II = 1> <Delay = 1.23> <Storage> <Opcode : 'load' 'store'> <Ports = 2> <Width = 32> <Depth = 64> <RAM>
ST_19 : Operation 1406 [2/2] (1.23ns)   --->   "%p_ZZ5conv3PA255_A255_fPA32_A5_A5_fPfS1_E7in_tile_1_2_0_load_15 = load i6 %p_ZZ5conv3PA255_A255_fPA32_A5_A5_fPfS1_E7in_tile_1_2_0_addr_15" [src/conv3.cpp:86]   --->   Operation 1406 'load' 'p_ZZ5conv3PA255_A255_fPA32_A5_A5_fPfS1_E7in_tile_1_2_0_load_15' <Predicate = true> <Delay = 1.23> <CoreInst = "RAM">   --->   Core 83 'RAM' <Latency = 1> <II = 1> <Delay = 1.23> <Storage> <Opcode : 'load' 'store'> <Ports = 2> <Width = 32> <Depth = 64> <RAM>
ST_19 : Operation 1407 [2/2] (1.23ns)   --->   "%p_ZZ5conv3PA255_A255_fPA32_A5_A5_fPfS1_E7in_tile_1_3_0_load_15 = load i6 %p_ZZ5conv3PA255_A255_fPA32_A5_A5_fPfS1_E7in_tile_1_3_0_addr_15" [src/conv3.cpp:86]   --->   Operation 1407 'load' 'p_ZZ5conv3PA255_A255_fPA32_A5_A5_fPfS1_E7in_tile_1_3_0_load_15' <Predicate = true> <Delay = 1.23> <CoreInst = "RAM">   --->   Core 83 'RAM' <Latency = 1> <II = 1> <Delay = 1.23> <Storage> <Opcode : 'load' 'store'> <Ports = 2> <Width = 32> <Depth = 64> <RAM>
ST_19 : Operation 1408 [2/2] (1.23ns)   --->   "%p_ZZ5conv3PA255_A255_fPA32_A5_A5_fPfS1_E7in_tile_1_4_0_load_15 = load i6 %p_ZZ5conv3PA255_A255_fPA32_A5_A5_fPfS1_E7in_tile_1_4_0_addr_15" [src/conv3.cpp:86]   --->   Operation 1408 'load' 'p_ZZ5conv3PA255_A255_fPA32_A5_A5_fPfS1_E7in_tile_1_4_0_load_15' <Predicate = true> <Delay = 1.23> <CoreInst = "RAM">   --->   Core 83 'RAM' <Latency = 1> <II = 1> <Delay = 1.23> <Storage> <Opcode : 'load' 'store'> <Ports = 2> <Width = 32> <Depth = 64> <RAM>
ST_19 : Operation 1409 [2/2] (1.23ns)   --->   "%p_ZZ5conv3PA255_A255_fPA32_A5_A5_fPfS1_E7in_tile_2_0_0_load_15 = load i6 %p_ZZ5conv3PA255_A255_fPA32_A5_A5_fPfS1_E7in_tile_2_0_0_addr_15" [src/conv3.cpp:86]   --->   Operation 1409 'load' 'p_ZZ5conv3PA255_A255_fPA32_A5_A5_fPfS1_E7in_tile_2_0_0_load_15' <Predicate = true> <Delay = 1.23> <CoreInst = "RAM">   --->   Core 83 'RAM' <Latency = 1> <II = 1> <Delay = 1.23> <Storage> <Opcode : 'load' 'store'> <Ports = 2> <Width = 32> <Depth = 64> <RAM>
ST_19 : Operation 1410 [2/2] (1.23ns)   --->   "%p_ZZ5conv3PA255_A255_fPA32_A5_A5_fPfS1_E7in_tile_2_1_0_load_15 = load i6 %p_ZZ5conv3PA255_A255_fPA32_A5_A5_fPfS1_E7in_tile_2_1_0_addr_15" [src/conv3.cpp:86]   --->   Operation 1410 'load' 'p_ZZ5conv3PA255_A255_fPA32_A5_A5_fPfS1_E7in_tile_2_1_0_load_15' <Predicate = true> <Delay = 1.23> <CoreInst = "RAM">   --->   Core 83 'RAM' <Latency = 1> <II = 1> <Delay = 1.23> <Storage> <Opcode : 'load' 'store'> <Ports = 2> <Width = 32> <Depth = 64> <RAM>
ST_19 : Operation 1411 [2/2] (1.23ns)   --->   "%p_ZZ5conv3PA255_A255_fPA32_A5_A5_fPfS1_E7in_tile_2_2_0_load_15 = load i6 %p_ZZ5conv3PA255_A255_fPA32_A5_A5_fPfS1_E7in_tile_2_2_0_addr_15" [src/conv3.cpp:86]   --->   Operation 1411 'load' 'p_ZZ5conv3PA255_A255_fPA32_A5_A5_fPfS1_E7in_tile_2_2_0_load_15' <Predicate = true> <Delay = 1.23> <CoreInst = "RAM">   --->   Core 83 'RAM' <Latency = 1> <II = 1> <Delay = 1.23> <Storage> <Opcode : 'load' 'store'> <Ports = 2> <Width = 32> <Depth = 64> <RAM>
ST_19 : Operation 1412 [2/2] (1.23ns)   --->   "%p_ZZ5conv3PA255_A255_fPA32_A5_A5_fPfS1_E7in_tile_2_3_0_load_15 = load i6 %p_ZZ5conv3PA255_A255_fPA32_A5_A5_fPfS1_E7in_tile_2_3_0_addr_15" [src/conv3.cpp:86]   --->   Operation 1412 'load' 'p_ZZ5conv3PA255_A255_fPA32_A5_A5_fPfS1_E7in_tile_2_3_0_load_15' <Predicate = true> <Delay = 1.23> <CoreInst = "RAM">   --->   Core 83 'RAM' <Latency = 1> <II = 1> <Delay = 1.23> <Storage> <Opcode : 'load' 'store'> <Ports = 2> <Width = 32> <Depth = 64> <RAM>
ST_19 : Operation 1413 [2/2] (1.23ns)   --->   "%p_ZZ5conv3PA255_A255_fPA32_A5_A5_fPfS1_E7in_tile_2_4_0_load_15 = load i6 %p_ZZ5conv3PA255_A255_fPA32_A5_A5_fPfS1_E7in_tile_2_4_0_addr_15" [src/conv3.cpp:86]   --->   Operation 1413 'load' 'p_ZZ5conv3PA255_A255_fPA32_A5_A5_fPfS1_E7in_tile_2_4_0_load_15' <Predicate = true> <Delay = 1.23> <CoreInst = "RAM">   --->   Core 83 'RAM' <Latency = 1> <II = 1> <Delay = 1.23> <Storage> <Opcode : 'load' 'store'> <Ports = 2> <Width = 32> <Depth = 64> <RAM>
ST_19 : Operation 1414 [2/2] (1.23ns)   --->   "%p_ZZ5conv3PA255_A255_fPA32_A5_A5_fPfS1_E7in_tile_3_0_0_load_15 = load i6 %p_ZZ5conv3PA255_A255_fPA32_A5_A5_fPfS1_E7in_tile_3_0_0_addr_15" [src/conv3.cpp:86]   --->   Operation 1414 'load' 'p_ZZ5conv3PA255_A255_fPA32_A5_A5_fPfS1_E7in_tile_3_0_0_load_15' <Predicate = true> <Delay = 1.23> <CoreInst = "RAM">   --->   Core 83 'RAM' <Latency = 1> <II = 1> <Delay = 1.23> <Storage> <Opcode : 'load' 'store'> <Ports = 2> <Width = 32> <Depth = 64> <RAM>
ST_19 : Operation 1415 [2/2] (1.23ns)   --->   "%p_ZZ5conv3PA255_A255_fPA32_A5_A5_fPfS1_E7in_tile_3_1_0_load_15 = load i6 %p_ZZ5conv3PA255_A255_fPA32_A5_A5_fPfS1_E7in_tile_3_1_0_addr_15" [src/conv3.cpp:86]   --->   Operation 1415 'load' 'p_ZZ5conv3PA255_A255_fPA32_A5_A5_fPfS1_E7in_tile_3_1_0_load_15' <Predicate = true> <Delay = 1.23> <CoreInst = "RAM">   --->   Core 83 'RAM' <Latency = 1> <II = 1> <Delay = 1.23> <Storage> <Opcode : 'load' 'store'> <Ports = 2> <Width = 32> <Depth = 64> <RAM>
ST_19 : Operation 1416 [2/2] (1.23ns)   --->   "%p_ZZ5conv3PA255_A255_fPA32_A5_A5_fPfS1_E7in_tile_3_2_0_load_15 = load i6 %p_ZZ5conv3PA255_A255_fPA32_A5_A5_fPfS1_E7in_tile_3_2_0_addr_15" [src/conv3.cpp:86]   --->   Operation 1416 'load' 'p_ZZ5conv3PA255_A255_fPA32_A5_A5_fPfS1_E7in_tile_3_2_0_load_15' <Predicate = true> <Delay = 1.23> <CoreInst = "RAM">   --->   Core 83 'RAM' <Latency = 1> <II = 1> <Delay = 1.23> <Storage> <Opcode : 'load' 'store'> <Ports = 2> <Width = 32> <Depth = 64> <RAM>
ST_19 : Operation 1417 [2/2] (1.23ns)   --->   "%p_ZZ5conv3PA255_A255_fPA32_A5_A5_fPfS1_E7in_tile_3_3_0_load_15 = load i6 %p_ZZ5conv3PA255_A255_fPA32_A5_A5_fPfS1_E7in_tile_3_3_0_addr_15" [src/conv3.cpp:86]   --->   Operation 1417 'load' 'p_ZZ5conv3PA255_A255_fPA32_A5_A5_fPfS1_E7in_tile_3_3_0_load_15' <Predicate = true> <Delay = 1.23> <CoreInst = "RAM">   --->   Core 83 'RAM' <Latency = 1> <II = 1> <Delay = 1.23> <Storage> <Opcode : 'load' 'store'> <Ports = 2> <Width = 32> <Depth = 64> <RAM>
ST_19 : Operation 1418 [2/2] (1.23ns)   --->   "%p_ZZ5conv3PA255_A255_fPA32_A5_A5_fPfS1_E7in_tile_3_4_0_load_15 = load i6 %p_ZZ5conv3PA255_A255_fPA32_A5_A5_fPfS1_E7in_tile_3_4_0_addr_15" [src/conv3.cpp:86]   --->   Operation 1418 'load' 'p_ZZ5conv3PA255_A255_fPA32_A5_A5_fPfS1_E7in_tile_3_4_0_load_15' <Predicate = true> <Delay = 1.23> <CoreInst = "RAM">   --->   Core 83 'RAM' <Latency = 1> <II = 1> <Delay = 1.23> <Storage> <Opcode : 'load' 'store'> <Ports = 2> <Width = 32> <Depth = 64> <RAM>
ST_19 : Operation 1419 [2/2] (1.23ns)   --->   "%p_ZZ5conv3PA255_A255_fPA32_A5_A5_fPfS1_E7in_tile_4_0_0_load_15 = load i6 %p_ZZ5conv3PA255_A255_fPA32_A5_A5_fPfS1_E7in_tile_4_0_0_addr_15" [src/conv3.cpp:86]   --->   Operation 1419 'load' 'p_ZZ5conv3PA255_A255_fPA32_A5_A5_fPfS1_E7in_tile_4_0_0_load_15' <Predicate = true> <Delay = 1.23> <CoreInst = "RAM">   --->   Core 83 'RAM' <Latency = 1> <II = 1> <Delay = 1.23> <Storage> <Opcode : 'load' 'store'> <Ports = 2> <Width = 32> <Depth = 64> <RAM>
ST_19 : Operation 1420 [2/2] (1.23ns)   --->   "%p_ZZ5conv3PA255_A255_fPA32_A5_A5_fPfS1_E7in_tile_4_1_0_load_15 = load i6 %p_ZZ5conv3PA255_A255_fPA32_A5_A5_fPfS1_E7in_tile_4_1_0_addr_15" [src/conv3.cpp:86]   --->   Operation 1420 'load' 'p_ZZ5conv3PA255_A255_fPA32_A5_A5_fPfS1_E7in_tile_4_1_0_load_15' <Predicate = true> <Delay = 1.23> <CoreInst = "RAM">   --->   Core 83 'RAM' <Latency = 1> <II = 1> <Delay = 1.23> <Storage> <Opcode : 'load' 'store'> <Ports = 2> <Width = 32> <Depth = 64> <RAM>
ST_19 : Operation 1421 [2/2] (1.23ns)   --->   "%p_ZZ5conv3PA255_A255_fPA32_A5_A5_fPfS1_E7in_tile_4_2_0_load_15 = load i6 %p_ZZ5conv3PA255_A255_fPA32_A5_A5_fPfS1_E7in_tile_4_2_0_addr_15" [src/conv3.cpp:86]   --->   Operation 1421 'load' 'p_ZZ5conv3PA255_A255_fPA32_A5_A5_fPfS1_E7in_tile_4_2_0_load_15' <Predicate = true> <Delay = 1.23> <CoreInst = "RAM">   --->   Core 83 'RAM' <Latency = 1> <II = 1> <Delay = 1.23> <Storage> <Opcode : 'load' 'store'> <Ports = 2> <Width = 32> <Depth = 64> <RAM>
ST_19 : Operation 1422 [2/2] (1.23ns)   --->   "%p_ZZ5conv3PA255_A255_fPA32_A5_A5_fPfS1_E7in_tile_4_3_0_load_15 = load i6 %p_ZZ5conv3PA255_A255_fPA32_A5_A5_fPfS1_E7in_tile_4_3_0_addr_15" [src/conv3.cpp:86]   --->   Operation 1422 'load' 'p_ZZ5conv3PA255_A255_fPA32_A5_A5_fPfS1_E7in_tile_4_3_0_load_15' <Predicate = true> <Delay = 1.23> <CoreInst = "RAM">   --->   Core 83 'RAM' <Latency = 1> <II = 1> <Delay = 1.23> <Storage> <Opcode : 'load' 'store'> <Ports = 2> <Width = 32> <Depth = 64> <RAM>
ST_19 : Operation 1423 [2/2] (1.23ns)   --->   "%p_ZZ5conv3PA255_A255_fPA32_A5_A5_fPfS1_E7in_tile_4_4_0_load_15 = load i6 %p_ZZ5conv3PA255_A255_fPA32_A5_A5_fPfS1_E7in_tile_4_4_0_addr_15" [src/conv3.cpp:86]   --->   Operation 1423 'load' 'p_ZZ5conv3PA255_A255_fPA32_A5_A5_fPfS1_E7in_tile_4_4_0_load_15' <Predicate = true> <Delay = 1.23> <CoreInst = "RAM">   --->   Core 83 'RAM' <Latency = 1> <II = 1> <Delay = 1.23> <Storage> <Opcode : 'load' 'store'> <Ports = 2> <Width = 32> <Depth = 64> <RAM>
ST_19 : Operation 1424 [2/2] (1.23ns)   --->   "%p_ZZ5conv3PA255_A255_fPA32_A5_A5_fPfS1_E7in_tile_0_0_0_load_16 = load i6 %p_ZZ5conv3PA255_A255_fPA32_A5_A5_fPfS1_E7in_tile_0_0_0_addr_16" [src/conv3.cpp:86]   --->   Operation 1424 'load' 'p_ZZ5conv3PA255_A255_fPA32_A5_A5_fPfS1_E7in_tile_0_0_0_load_16' <Predicate = true> <Delay = 1.23> <CoreInst = "RAM">   --->   Core 83 'RAM' <Latency = 1> <II = 1> <Delay = 1.23> <Storage> <Opcode : 'load' 'store'> <Ports = 2> <Width = 32> <Depth = 64> <RAM>
ST_19 : Operation 1425 [2/2] (1.23ns)   --->   "%p_ZZ5conv3PA255_A255_fPA32_A5_A5_fPfS1_E7in_tile_0_1_0_load_16 = load i6 %p_ZZ5conv3PA255_A255_fPA32_A5_A5_fPfS1_E7in_tile_0_1_0_addr_16" [src/conv3.cpp:86]   --->   Operation 1425 'load' 'p_ZZ5conv3PA255_A255_fPA32_A5_A5_fPfS1_E7in_tile_0_1_0_load_16' <Predicate = true> <Delay = 1.23> <CoreInst = "RAM">   --->   Core 83 'RAM' <Latency = 1> <II = 1> <Delay = 1.23> <Storage> <Opcode : 'load' 'store'> <Ports = 2> <Width = 32> <Depth = 64> <RAM>
ST_19 : Operation 1426 [2/2] (1.23ns)   --->   "%p_ZZ5conv3PA255_A255_fPA32_A5_A5_fPfS1_E7in_tile_0_2_0_load_16 = load i6 %p_ZZ5conv3PA255_A255_fPA32_A5_A5_fPfS1_E7in_tile_0_2_0_addr_16" [src/conv3.cpp:86]   --->   Operation 1426 'load' 'p_ZZ5conv3PA255_A255_fPA32_A5_A5_fPfS1_E7in_tile_0_2_0_load_16' <Predicate = true> <Delay = 1.23> <CoreInst = "RAM">   --->   Core 83 'RAM' <Latency = 1> <II = 1> <Delay = 1.23> <Storage> <Opcode : 'load' 'store'> <Ports = 2> <Width = 32> <Depth = 64> <RAM>
ST_19 : Operation 1427 [2/2] (1.23ns)   --->   "%p_ZZ5conv3PA255_A255_fPA32_A5_A5_fPfS1_E7in_tile_0_3_0_load_16 = load i6 %p_ZZ5conv3PA255_A255_fPA32_A5_A5_fPfS1_E7in_tile_0_3_0_addr_16" [src/conv3.cpp:86]   --->   Operation 1427 'load' 'p_ZZ5conv3PA255_A255_fPA32_A5_A5_fPfS1_E7in_tile_0_3_0_load_16' <Predicate = true> <Delay = 1.23> <CoreInst = "RAM">   --->   Core 83 'RAM' <Latency = 1> <II = 1> <Delay = 1.23> <Storage> <Opcode : 'load' 'store'> <Ports = 2> <Width = 32> <Depth = 64> <RAM>
ST_19 : Operation 1428 [2/2] (1.23ns)   --->   "%p_ZZ5conv3PA255_A255_fPA32_A5_A5_fPfS1_E7in_tile_0_4_0_load_16 = load i6 %p_ZZ5conv3PA255_A255_fPA32_A5_A5_fPfS1_E7in_tile_0_4_0_addr_16" [src/conv3.cpp:86]   --->   Operation 1428 'load' 'p_ZZ5conv3PA255_A255_fPA32_A5_A5_fPfS1_E7in_tile_0_4_0_load_16' <Predicate = true> <Delay = 1.23> <CoreInst = "RAM">   --->   Core 83 'RAM' <Latency = 1> <II = 1> <Delay = 1.23> <Storage> <Opcode : 'load' 'store'> <Ports = 2> <Width = 32> <Depth = 64> <RAM>
ST_19 : Operation 1429 [2/2] (1.23ns)   --->   "%p_ZZ5conv3PA255_A255_fPA32_A5_A5_fPfS1_E7in_tile_1_0_0_load_16 = load i6 %p_ZZ5conv3PA255_A255_fPA32_A5_A5_fPfS1_E7in_tile_1_0_0_addr_16" [src/conv3.cpp:86]   --->   Operation 1429 'load' 'p_ZZ5conv3PA255_A255_fPA32_A5_A5_fPfS1_E7in_tile_1_0_0_load_16' <Predicate = true> <Delay = 1.23> <CoreInst = "RAM">   --->   Core 83 'RAM' <Latency = 1> <II = 1> <Delay = 1.23> <Storage> <Opcode : 'load' 'store'> <Ports = 2> <Width = 32> <Depth = 64> <RAM>
ST_19 : Operation 1430 [2/2] (1.23ns)   --->   "%p_ZZ5conv3PA255_A255_fPA32_A5_A5_fPfS1_E7in_tile_1_1_0_load_16 = load i6 %p_ZZ5conv3PA255_A255_fPA32_A5_A5_fPfS1_E7in_tile_1_1_0_addr_16" [src/conv3.cpp:86]   --->   Operation 1430 'load' 'p_ZZ5conv3PA255_A255_fPA32_A5_A5_fPfS1_E7in_tile_1_1_0_load_16' <Predicate = true> <Delay = 1.23> <CoreInst = "RAM">   --->   Core 83 'RAM' <Latency = 1> <II = 1> <Delay = 1.23> <Storage> <Opcode : 'load' 'store'> <Ports = 2> <Width = 32> <Depth = 64> <RAM>
ST_19 : Operation 1431 [2/2] (1.23ns)   --->   "%p_ZZ5conv3PA255_A255_fPA32_A5_A5_fPfS1_E7in_tile_1_2_0_load_16 = load i6 %p_ZZ5conv3PA255_A255_fPA32_A5_A5_fPfS1_E7in_tile_1_2_0_addr_16" [src/conv3.cpp:86]   --->   Operation 1431 'load' 'p_ZZ5conv3PA255_A255_fPA32_A5_A5_fPfS1_E7in_tile_1_2_0_load_16' <Predicate = true> <Delay = 1.23> <CoreInst = "RAM">   --->   Core 83 'RAM' <Latency = 1> <II = 1> <Delay = 1.23> <Storage> <Opcode : 'load' 'store'> <Ports = 2> <Width = 32> <Depth = 64> <RAM>
ST_19 : Operation 1432 [2/2] (1.23ns)   --->   "%p_ZZ5conv3PA255_A255_fPA32_A5_A5_fPfS1_E7in_tile_1_3_0_load_16 = load i6 %p_ZZ5conv3PA255_A255_fPA32_A5_A5_fPfS1_E7in_tile_1_3_0_addr_16" [src/conv3.cpp:86]   --->   Operation 1432 'load' 'p_ZZ5conv3PA255_A255_fPA32_A5_A5_fPfS1_E7in_tile_1_3_0_load_16' <Predicate = true> <Delay = 1.23> <CoreInst = "RAM">   --->   Core 83 'RAM' <Latency = 1> <II = 1> <Delay = 1.23> <Storage> <Opcode : 'load' 'store'> <Ports = 2> <Width = 32> <Depth = 64> <RAM>
ST_19 : Operation 1433 [2/2] (1.23ns)   --->   "%p_ZZ5conv3PA255_A255_fPA32_A5_A5_fPfS1_E7in_tile_1_4_0_load_16 = load i6 %p_ZZ5conv3PA255_A255_fPA32_A5_A5_fPfS1_E7in_tile_1_4_0_addr_16" [src/conv3.cpp:86]   --->   Operation 1433 'load' 'p_ZZ5conv3PA255_A255_fPA32_A5_A5_fPfS1_E7in_tile_1_4_0_load_16' <Predicate = true> <Delay = 1.23> <CoreInst = "RAM">   --->   Core 83 'RAM' <Latency = 1> <II = 1> <Delay = 1.23> <Storage> <Opcode : 'load' 'store'> <Ports = 2> <Width = 32> <Depth = 64> <RAM>
ST_19 : Operation 1434 [2/2] (1.23ns)   --->   "%p_ZZ5conv3PA255_A255_fPA32_A5_A5_fPfS1_E7in_tile_2_0_0_load_16 = load i6 %p_ZZ5conv3PA255_A255_fPA32_A5_A5_fPfS1_E7in_tile_2_0_0_addr_16" [src/conv3.cpp:86]   --->   Operation 1434 'load' 'p_ZZ5conv3PA255_A255_fPA32_A5_A5_fPfS1_E7in_tile_2_0_0_load_16' <Predicate = true> <Delay = 1.23> <CoreInst = "RAM">   --->   Core 83 'RAM' <Latency = 1> <II = 1> <Delay = 1.23> <Storage> <Opcode : 'load' 'store'> <Ports = 2> <Width = 32> <Depth = 64> <RAM>
ST_19 : Operation 1435 [2/2] (1.23ns)   --->   "%p_ZZ5conv3PA255_A255_fPA32_A5_A5_fPfS1_E7in_tile_2_1_0_load_16 = load i6 %p_ZZ5conv3PA255_A255_fPA32_A5_A5_fPfS1_E7in_tile_2_1_0_addr_16" [src/conv3.cpp:86]   --->   Operation 1435 'load' 'p_ZZ5conv3PA255_A255_fPA32_A5_A5_fPfS1_E7in_tile_2_1_0_load_16' <Predicate = true> <Delay = 1.23> <CoreInst = "RAM">   --->   Core 83 'RAM' <Latency = 1> <II = 1> <Delay = 1.23> <Storage> <Opcode : 'load' 'store'> <Ports = 2> <Width = 32> <Depth = 64> <RAM>
ST_19 : Operation 1436 [2/2] (1.23ns)   --->   "%p_ZZ5conv3PA255_A255_fPA32_A5_A5_fPfS1_E7in_tile_2_2_0_load_16 = load i6 %p_ZZ5conv3PA255_A255_fPA32_A5_A5_fPfS1_E7in_tile_2_2_0_addr_16" [src/conv3.cpp:86]   --->   Operation 1436 'load' 'p_ZZ5conv3PA255_A255_fPA32_A5_A5_fPfS1_E7in_tile_2_2_0_load_16' <Predicate = true> <Delay = 1.23> <CoreInst = "RAM">   --->   Core 83 'RAM' <Latency = 1> <II = 1> <Delay = 1.23> <Storage> <Opcode : 'load' 'store'> <Ports = 2> <Width = 32> <Depth = 64> <RAM>
ST_19 : Operation 1437 [2/2] (1.23ns)   --->   "%p_ZZ5conv3PA255_A255_fPA32_A5_A5_fPfS1_E7in_tile_2_3_0_load_16 = load i6 %p_ZZ5conv3PA255_A255_fPA32_A5_A5_fPfS1_E7in_tile_2_3_0_addr_16" [src/conv3.cpp:86]   --->   Operation 1437 'load' 'p_ZZ5conv3PA255_A255_fPA32_A5_A5_fPfS1_E7in_tile_2_3_0_load_16' <Predicate = true> <Delay = 1.23> <CoreInst = "RAM">   --->   Core 83 'RAM' <Latency = 1> <II = 1> <Delay = 1.23> <Storage> <Opcode : 'load' 'store'> <Ports = 2> <Width = 32> <Depth = 64> <RAM>
ST_19 : Operation 1438 [2/2] (1.23ns)   --->   "%p_ZZ5conv3PA255_A255_fPA32_A5_A5_fPfS1_E7in_tile_2_4_0_load_16 = load i6 %p_ZZ5conv3PA255_A255_fPA32_A5_A5_fPfS1_E7in_tile_2_4_0_addr_16" [src/conv3.cpp:86]   --->   Operation 1438 'load' 'p_ZZ5conv3PA255_A255_fPA32_A5_A5_fPfS1_E7in_tile_2_4_0_load_16' <Predicate = true> <Delay = 1.23> <CoreInst = "RAM">   --->   Core 83 'RAM' <Latency = 1> <II = 1> <Delay = 1.23> <Storage> <Opcode : 'load' 'store'> <Ports = 2> <Width = 32> <Depth = 64> <RAM>
ST_19 : Operation 1439 [2/2] (1.23ns)   --->   "%p_ZZ5conv3PA255_A255_fPA32_A5_A5_fPfS1_E7in_tile_3_0_0_load_16 = load i6 %p_ZZ5conv3PA255_A255_fPA32_A5_A5_fPfS1_E7in_tile_3_0_0_addr_16" [src/conv3.cpp:86]   --->   Operation 1439 'load' 'p_ZZ5conv3PA255_A255_fPA32_A5_A5_fPfS1_E7in_tile_3_0_0_load_16' <Predicate = true> <Delay = 1.23> <CoreInst = "RAM">   --->   Core 83 'RAM' <Latency = 1> <II = 1> <Delay = 1.23> <Storage> <Opcode : 'load' 'store'> <Ports = 2> <Width = 32> <Depth = 64> <RAM>
ST_19 : Operation 1440 [2/2] (1.23ns)   --->   "%p_ZZ5conv3PA255_A255_fPA32_A5_A5_fPfS1_E7in_tile_3_1_0_load_16 = load i6 %p_ZZ5conv3PA255_A255_fPA32_A5_A5_fPfS1_E7in_tile_3_1_0_addr_16" [src/conv3.cpp:86]   --->   Operation 1440 'load' 'p_ZZ5conv3PA255_A255_fPA32_A5_A5_fPfS1_E7in_tile_3_1_0_load_16' <Predicate = true> <Delay = 1.23> <CoreInst = "RAM">   --->   Core 83 'RAM' <Latency = 1> <II = 1> <Delay = 1.23> <Storage> <Opcode : 'load' 'store'> <Ports = 2> <Width = 32> <Depth = 64> <RAM>
ST_19 : Operation 1441 [2/2] (1.23ns)   --->   "%p_ZZ5conv3PA255_A255_fPA32_A5_A5_fPfS1_E7in_tile_3_2_0_load_16 = load i6 %p_ZZ5conv3PA255_A255_fPA32_A5_A5_fPfS1_E7in_tile_3_2_0_addr_16" [src/conv3.cpp:86]   --->   Operation 1441 'load' 'p_ZZ5conv3PA255_A255_fPA32_A5_A5_fPfS1_E7in_tile_3_2_0_load_16' <Predicate = true> <Delay = 1.23> <CoreInst = "RAM">   --->   Core 83 'RAM' <Latency = 1> <II = 1> <Delay = 1.23> <Storage> <Opcode : 'load' 'store'> <Ports = 2> <Width = 32> <Depth = 64> <RAM>
ST_19 : Operation 1442 [2/2] (1.23ns)   --->   "%p_ZZ5conv3PA255_A255_fPA32_A5_A5_fPfS1_E7in_tile_3_3_0_load_16 = load i6 %p_ZZ5conv3PA255_A255_fPA32_A5_A5_fPfS1_E7in_tile_3_3_0_addr_16" [src/conv3.cpp:86]   --->   Operation 1442 'load' 'p_ZZ5conv3PA255_A255_fPA32_A5_A5_fPfS1_E7in_tile_3_3_0_load_16' <Predicate = true> <Delay = 1.23> <CoreInst = "RAM">   --->   Core 83 'RAM' <Latency = 1> <II = 1> <Delay = 1.23> <Storage> <Opcode : 'load' 'store'> <Ports = 2> <Width = 32> <Depth = 64> <RAM>
ST_19 : Operation 1443 [2/2] (1.23ns)   --->   "%p_ZZ5conv3PA255_A255_fPA32_A5_A5_fPfS1_E7in_tile_3_4_0_load_16 = load i6 %p_ZZ5conv3PA255_A255_fPA32_A5_A5_fPfS1_E7in_tile_3_4_0_addr_16" [src/conv3.cpp:86]   --->   Operation 1443 'load' 'p_ZZ5conv3PA255_A255_fPA32_A5_A5_fPfS1_E7in_tile_3_4_0_load_16' <Predicate = true> <Delay = 1.23> <CoreInst = "RAM">   --->   Core 83 'RAM' <Latency = 1> <II = 1> <Delay = 1.23> <Storage> <Opcode : 'load' 'store'> <Ports = 2> <Width = 32> <Depth = 64> <RAM>
ST_19 : Operation 1444 [2/2] (1.23ns)   --->   "%p_ZZ5conv3PA255_A255_fPA32_A5_A5_fPfS1_E7in_tile_4_0_0_load_16 = load i6 %p_ZZ5conv3PA255_A255_fPA32_A5_A5_fPfS1_E7in_tile_4_0_0_addr_16" [src/conv3.cpp:86]   --->   Operation 1444 'load' 'p_ZZ5conv3PA255_A255_fPA32_A5_A5_fPfS1_E7in_tile_4_0_0_load_16' <Predicate = true> <Delay = 1.23> <CoreInst = "RAM">   --->   Core 83 'RAM' <Latency = 1> <II = 1> <Delay = 1.23> <Storage> <Opcode : 'load' 'store'> <Ports = 2> <Width = 32> <Depth = 64> <RAM>
ST_19 : Operation 1445 [2/2] (1.23ns)   --->   "%p_ZZ5conv3PA255_A255_fPA32_A5_A5_fPfS1_E7in_tile_4_1_0_load_16 = load i6 %p_ZZ5conv3PA255_A255_fPA32_A5_A5_fPfS1_E7in_tile_4_1_0_addr_16" [src/conv3.cpp:86]   --->   Operation 1445 'load' 'p_ZZ5conv3PA255_A255_fPA32_A5_A5_fPfS1_E7in_tile_4_1_0_load_16' <Predicate = true> <Delay = 1.23> <CoreInst = "RAM">   --->   Core 83 'RAM' <Latency = 1> <II = 1> <Delay = 1.23> <Storage> <Opcode : 'load' 'store'> <Ports = 2> <Width = 32> <Depth = 64> <RAM>
ST_19 : Operation 1446 [2/2] (1.23ns)   --->   "%p_ZZ5conv3PA255_A255_fPA32_A5_A5_fPfS1_E7in_tile_4_2_0_load_16 = load i6 %p_ZZ5conv3PA255_A255_fPA32_A5_A5_fPfS1_E7in_tile_4_2_0_addr_16" [src/conv3.cpp:86]   --->   Operation 1446 'load' 'p_ZZ5conv3PA255_A255_fPA32_A5_A5_fPfS1_E7in_tile_4_2_0_load_16' <Predicate = true> <Delay = 1.23> <CoreInst = "RAM">   --->   Core 83 'RAM' <Latency = 1> <II = 1> <Delay = 1.23> <Storage> <Opcode : 'load' 'store'> <Ports = 2> <Width = 32> <Depth = 64> <RAM>
ST_19 : Operation 1447 [2/2] (1.23ns)   --->   "%p_ZZ5conv3PA255_A255_fPA32_A5_A5_fPfS1_E7in_tile_4_3_0_load_16 = load i6 %p_ZZ5conv3PA255_A255_fPA32_A5_A5_fPfS1_E7in_tile_4_3_0_addr_16" [src/conv3.cpp:86]   --->   Operation 1447 'load' 'p_ZZ5conv3PA255_A255_fPA32_A5_A5_fPfS1_E7in_tile_4_3_0_load_16' <Predicate = true> <Delay = 1.23> <CoreInst = "RAM">   --->   Core 83 'RAM' <Latency = 1> <II = 1> <Delay = 1.23> <Storage> <Opcode : 'load' 'store'> <Ports = 2> <Width = 32> <Depth = 64> <RAM>
ST_19 : Operation 1448 [2/2] (1.23ns)   --->   "%p_ZZ5conv3PA255_A255_fPA32_A5_A5_fPfS1_E7in_tile_4_4_0_load_16 = load i6 %p_ZZ5conv3PA255_A255_fPA32_A5_A5_fPfS1_E7in_tile_4_4_0_addr_16" [src/conv3.cpp:86]   --->   Operation 1448 'load' 'p_ZZ5conv3PA255_A255_fPA32_A5_A5_fPfS1_E7in_tile_4_4_0_load_16' <Predicate = true> <Delay = 1.23> <CoreInst = "RAM">   --->   Core 83 'RAM' <Latency = 1> <II = 1> <Delay = 1.23> <Storage> <Opcode : 'load' 'store'> <Ports = 2> <Width = 32> <Depth = 64> <RAM>

State 20 <SV = 19> <Delay = 2.01>
ST_20 : Operation 1449 [1/1] (0.78ns)   --->   "%empty_49 = add i6 %tmp_152, i6 %tmp_161" [src/conv3.cpp:74]   --->   Operation 1449 'add' 'empty_49' <Predicate = true> <Delay = 0.78> <CoreInst = "Adder">   --->   Core 1 'Adder' <Latency = 0> <II = 1> <Delay = 0.78> <FuncUnit> <Opcode : 'add' 'sub'> <InPorts = 2> <OutPorts = 1>
ST_20 : Operation 1450 [1/1] (0.00ns)   --->   "%p_cast72 = zext i6 %empty_49" [src/conv3.cpp:74]   --->   Operation 1450 'zext' 'p_cast72' <Predicate = true> <Delay = 0.00>
ST_20 : Operation 1451 [1/1] (0.00ns)   --->   "%p_ZZ5conv3PA255_A255_fPA32_A5_A5_fPfS1_E7in_tile_0_0_0_addr_17 = getelementptr i32 %p_ZZ5conv3PA255_A255_fPA32_A5_A5_fPfS1_E7in_tile_0_0_0, i64 0, i64 %p_cast72" [src/conv3.cpp:74]   --->   Operation 1451 'getelementptr' 'p_ZZ5conv3PA255_A255_fPA32_A5_A5_fPfS1_E7in_tile_0_0_0_addr_17' <Predicate = true> <Delay = 0.00>
ST_20 : Operation 1452 [1/1] (0.78ns)   --->   "%empty_50 = add i6 %tmp_153, i6 %tmp_161" [src/conv3.cpp:74]   --->   Operation 1452 'add' 'empty_50' <Predicate = true> <Delay = 0.78> <CoreInst = "Adder">   --->   Core 1 'Adder' <Latency = 0> <II = 1> <Delay = 0.78> <FuncUnit> <Opcode : 'add' 'sub'> <InPorts = 2> <OutPorts = 1>
ST_20 : Operation 1453 [1/1] (0.00ns)   --->   "%p_ZZ5conv3PA255_A255_fPA32_A5_A5_fPfS1_E7in_tile_0_1_0_addr_17 = getelementptr i32 %p_ZZ5conv3PA255_A255_fPA32_A5_A5_fPfS1_E7in_tile_0_1_0, i64 0, i64 %p_cast72" [src/conv3.cpp:74]   --->   Operation 1453 'getelementptr' 'p_ZZ5conv3PA255_A255_fPA32_A5_A5_fPfS1_E7in_tile_0_1_0_addr_17' <Predicate = true> <Delay = 0.00>
ST_20 : Operation 1454 [1/1] (0.00ns)   --->   "%p_ZZ5conv3PA255_A255_fPA32_A5_A5_fPfS1_E7in_tile_0_2_0_addr_17 = getelementptr i32 %p_ZZ5conv3PA255_A255_fPA32_A5_A5_fPfS1_E7in_tile_0_2_0, i64 0, i64 %p_cast72" [src/conv3.cpp:74]   --->   Operation 1454 'getelementptr' 'p_ZZ5conv3PA255_A255_fPA32_A5_A5_fPfS1_E7in_tile_0_2_0_addr_17' <Predicate = true> <Delay = 0.00>
ST_20 : Operation 1455 [1/1] (0.00ns)   --->   "%p_ZZ5conv3PA255_A255_fPA32_A5_A5_fPfS1_E7in_tile_0_3_0_addr_17 = getelementptr i32 %p_ZZ5conv3PA255_A255_fPA32_A5_A5_fPfS1_E7in_tile_0_3_0, i64 0, i64 %p_cast72" [src/conv3.cpp:74]   --->   Operation 1455 'getelementptr' 'p_ZZ5conv3PA255_A255_fPA32_A5_A5_fPfS1_E7in_tile_0_3_0_addr_17' <Predicate = true> <Delay = 0.00>
ST_20 : Operation 1456 [1/1] (0.00ns)   --->   "%p_ZZ5conv3PA255_A255_fPA32_A5_A5_fPfS1_E7in_tile_0_4_0_addr_17 = getelementptr i32 %p_ZZ5conv3PA255_A255_fPA32_A5_A5_fPfS1_E7in_tile_0_4_0, i64 0, i64 %p_cast72" [src/conv3.cpp:74]   --->   Operation 1456 'getelementptr' 'p_ZZ5conv3PA255_A255_fPA32_A5_A5_fPfS1_E7in_tile_0_4_0_addr_17' <Predicate = true> <Delay = 0.00>
ST_20 : Operation 1457 [1/1] (0.00ns)   --->   "%p_ZZ5conv3PA255_A255_fPA32_A5_A5_fPfS1_E7in_tile_1_0_0_addr_17 = getelementptr i32 %p_ZZ5conv3PA255_A255_fPA32_A5_A5_fPfS1_E7in_tile_1_0_0, i64 0, i64 %p_cast72" [src/conv3.cpp:74]   --->   Operation 1457 'getelementptr' 'p_ZZ5conv3PA255_A255_fPA32_A5_A5_fPfS1_E7in_tile_1_0_0_addr_17' <Predicate = true> <Delay = 0.00>
ST_20 : Operation 1458 [1/1] (0.00ns)   --->   "%p_ZZ5conv3PA255_A255_fPA32_A5_A5_fPfS1_E7in_tile_1_1_0_addr_17 = getelementptr i32 %p_ZZ5conv3PA255_A255_fPA32_A5_A5_fPfS1_E7in_tile_1_1_0, i64 0, i64 %p_cast72" [src/conv3.cpp:74]   --->   Operation 1458 'getelementptr' 'p_ZZ5conv3PA255_A255_fPA32_A5_A5_fPfS1_E7in_tile_1_1_0_addr_17' <Predicate = true> <Delay = 0.00>
ST_20 : Operation 1459 [1/1] (0.00ns)   --->   "%p_ZZ5conv3PA255_A255_fPA32_A5_A5_fPfS1_E7in_tile_1_2_0_addr_17 = getelementptr i32 %p_ZZ5conv3PA255_A255_fPA32_A5_A5_fPfS1_E7in_tile_1_2_0, i64 0, i64 %p_cast72" [src/conv3.cpp:74]   --->   Operation 1459 'getelementptr' 'p_ZZ5conv3PA255_A255_fPA32_A5_A5_fPfS1_E7in_tile_1_2_0_addr_17' <Predicate = true> <Delay = 0.00>
ST_20 : Operation 1460 [1/1] (0.00ns)   --->   "%p_ZZ5conv3PA255_A255_fPA32_A5_A5_fPfS1_E7in_tile_1_3_0_addr_17 = getelementptr i32 %p_ZZ5conv3PA255_A255_fPA32_A5_A5_fPfS1_E7in_tile_1_3_0, i64 0, i64 %p_cast72" [src/conv3.cpp:74]   --->   Operation 1460 'getelementptr' 'p_ZZ5conv3PA255_A255_fPA32_A5_A5_fPfS1_E7in_tile_1_3_0_addr_17' <Predicate = true> <Delay = 0.00>
ST_20 : Operation 1461 [1/1] (0.00ns)   --->   "%p_ZZ5conv3PA255_A255_fPA32_A5_A5_fPfS1_E7in_tile_1_4_0_addr_17 = getelementptr i32 %p_ZZ5conv3PA255_A255_fPA32_A5_A5_fPfS1_E7in_tile_1_4_0, i64 0, i64 %p_cast72" [src/conv3.cpp:74]   --->   Operation 1461 'getelementptr' 'p_ZZ5conv3PA255_A255_fPA32_A5_A5_fPfS1_E7in_tile_1_4_0_addr_17' <Predicate = true> <Delay = 0.00>
ST_20 : Operation 1462 [1/1] (0.00ns)   --->   "%p_ZZ5conv3PA255_A255_fPA32_A5_A5_fPfS1_E7in_tile_2_0_0_addr_17 = getelementptr i32 %p_ZZ5conv3PA255_A255_fPA32_A5_A5_fPfS1_E7in_tile_2_0_0, i64 0, i64 %p_cast72" [src/conv3.cpp:74]   --->   Operation 1462 'getelementptr' 'p_ZZ5conv3PA255_A255_fPA32_A5_A5_fPfS1_E7in_tile_2_0_0_addr_17' <Predicate = true> <Delay = 0.00>
ST_20 : Operation 1463 [1/1] (0.00ns)   --->   "%p_ZZ5conv3PA255_A255_fPA32_A5_A5_fPfS1_E7in_tile_2_1_0_addr_17 = getelementptr i32 %p_ZZ5conv3PA255_A255_fPA32_A5_A5_fPfS1_E7in_tile_2_1_0, i64 0, i64 %p_cast72" [src/conv3.cpp:74]   --->   Operation 1463 'getelementptr' 'p_ZZ5conv3PA255_A255_fPA32_A5_A5_fPfS1_E7in_tile_2_1_0_addr_17' <Predicate = true> <Delay = 0.00>
ST_20 : Operation 1464 [1/1] (0.00ns)   --->   "%p_ZZ5conv3PA255_A255_fPA32_A5_A5_fPfS1_E7in_tile_2_2_0_addr_17 = getelementptr i32 %p_ZZ5conv3PA255_A255_fPA32_A5_A5_fPfS1_E7in_tile_2_2_0, i64 0, i64 %p_cast72" [src/conv3.cpp:74]   --->   Operation 1464 'getelementptr' 'p_ZZ5conv3PA255_A255_fPA32_A5_A5_fPfS1_E7in_tile_2_2_0_addr_17' <Predicate = true> <Delay = 0.00>
ST_20 : Operation 1465 [1/1] (0.00ns)   --->   "%p_ZZ5conv3PA255_A255_fPA32_A5_A5_fPfS1_E7in_tile_2_3_0_addr_17 = getelementptr i32 %p_ZZ5conv3PA255_A255_fPA32_A5_A5_fPfS1_E7in_tile_2_3_0, i64 0, i64 %p_cast72" [src/conv3.cpp:74]   --->   Operation 1465 'getelementptr' 'p_ZZ5conv3PA255_A255_fPA32_A5_A5_fPfS1_E7in_tile_2_3_0_addr_17' <Predicate = true> <Delay = 0.00>
ST_20 : Operation 1466 [1/1] (0.00ns)   --->   "%p_ZZ5conv3PA255_A255_fPA32_A5_A5_fPfS1_E7in_tile_2_4_0_addr_17 = getelementptr i32 %p_ZZ5conv3PA255_A255_fPA32_A5_A5_fPfS1_E7in_tile_2_4_0, i64 0, i64 %p_cast72" [src/conv3.cpp:74]   --->   Operation 1466 'getelementptr' 'p_ZZ5conv3PA255_A255_fPA32_A5_A5_fPfS1_E7in_tile_2_4_0_addr_17' <Predicate = true> <Delay = 0.00>
ST_20 : Operation 1467 [1/1] (0.00ns)   --->   "%p_ZZ5conv3PA255_A255_fPA32_A5_A5_fPfS1_E7in_tile_3_0_0_addr_17 = getelementptr i32 %p_ZZ5conv3PA255_A255_fPA32_A5_A5_fPfS1_E7in_tile_3_0_0, i64 0, i64 %p_cast72" [src/conv3.cpp:74]   --->   Operation 1467 'getelementptr' 'p_ZZ5conv3PA255_A255_fPA32_A5_A5_fPfS1_E7in_tile_3_0_0_addr_17' <Predicate = true> <Delay = 0.00>
ST_20 : Operation 1468 [1/1] (0.00ns)   --->   "%p_ZZ5conv3PA255_A255_fPA32_A5_A5_fPfS1_E7in_tile_3_1_0_addr_17 = getelementptr i32 %p_ZZ5conv3PA255_A255_fPA32_A5_A5_fPfS1_E7in_tile_3_1_0, i64 0, i64 %p_cast72" [src/conv3.cpp:74]   --->   Operation 1468 'getelementptr' 'p_ZZ5conv3PA255_A255_fPA32_A5_A5_fPfS1_E7in_tile_3_1_0_addr_17' <Predicate = true> <Delay = 0.00>
ST_20 : Operation 1469 [1/1] (0.00ns)   --->   "%p_ZZ5conv3PA255_A255_fPA32_A5_A5_fPfS1_E7in_tile_3_2_0_addr_17 = getelementptr i32 %p_ZZ5conv3PA255_A255_fPA32_A5_A5_fPfS1_E7in_tile_3_2_0, i64 0, i64 %p_cast72" [src/conv3.cpp:74]   --->   Operation 1469 'getelementptr' 'p_ZZ5conv3PA255_A255_fPA32_A5_A5_fPfS1_E7in_tile_3_2_0_addr_17' <Predicate = true> <Delay = 0.00>
ST_20 : Operation 1470 [1/1] (0.00ns)   --->   "%p_ZZ5conv3PA255_A255_fPA32_A5_A5_fPfS1_E7in_tile_3_3_0_addr_17 = getelementptr i32 %p_ZZ5conv3PA255_A255_fPA32_A5_A5_fPfS1_E7in_tile_3_3_0, i64 0, i64 %p_cast72" [src/conv3.cpp:74]   --->   Operation 1470 'getelementptr' 'p_ZZ5conv3PA255_A255_fPA32_A5_A5_fPfS1_E7in_tile_3_3_0_addr_17' <Predicate = true> <Delay = 0.00>
ST_20 : Operation 1471 [1/1] (0.00ns)   --->   "%p_ZZ5conv3PA255_A255_fPA32_A5_A5_fPfS1_E7in_tile_3_4_0_addr_17 = getelementptr i32 %p_ZZ5conv3PA255_A255_fPA32_A5_A5_fPfS1_E7in_tile_3_4_0, i64 0, i64 %p_cast72" [src/conv3.cpp:74]   --->   Operation 1471 'getelementptr' 'p_ZZ5conv3PA255_A255_fPA32_A5_A5_fPfS1_E7in_tile_3_4_0_addr_17' <Predicate = true> <Delay = 0.00>
ST_20 : Operation 1472 [1/1] (0.00ns)   --->   "%p_ZZ5conv3PA255_A255_fPA32_A5_A5_fPfS1_E7in_tile_4_0_0_addr_17 = getelementptr i32 %p_ZZ5conv3PA255_A255_fPA32_A5_A5_fPfS1_E7in_tile_4_0_0, i64 0, i64 %p_cast72" [src/conv3.cpp:74]   --->   Operation 1472 'getelementptr' 'p_ZZ5conv3PA255_A255_fPA32_A5_A5_fPfS1_E7in_tile_4_0_0_addr_17' <Predicate = true> <Delay = 0.00>
ST_20 : Operation 1473 [1/1] (0.00ns)   --->   "%p_ZZ5conv3PA255_A255_fPA32_A5_A5_fPfS1_E7in_tile_4_1_0_addr_17 = getelementptr i32 %p_ZZ5conv3PA255_A255_fPA32_A5_A5_fPfS1_E7in_tile_4_1_0, i64 0, i64 %p_cast72" [src/conv3.cpp:74]   --->   Operation 1473 'getelementptr' 'p_ZZ5conv3PA255_A255_fPA32_A5_A5_fPfS1_E7in_tile_4_1_0_addr_17' <Predicate = true> <Delay = 0.00>
ST_20 : Operation 1474 [1/1] (0.00ns)   --->   "%p_ZZ5conv3PA255_A255_fPA32_A5_A5_fPfS1_E7in_tile_4_2_0_addr_17 = getelementptr i32 %p_ZZ5conv3PA255_A255_fPA32_A5_A5_fPfS1_E7in_tile_4_2_0, i64 0, i64 %p_cast72" [src/conv3.cpp:74]   --->   Operation 1474 'getelementptr' 'p_ZZ5conv3PA255_A255_fPA32_A5_A5_fPfS1_E7in_tile_4_2_0_addr_17' <Predicate = true> <Delay = 0.00>
ST_20 : Operation 1475 [1/1] (0.00ns)   --->   "%p_ZZ5conv3PA255_A255_fPA32_A5_A5_fPfS1_E7in_tile_4_3_0_addr_17 = getelementptr i32 %p_ZZ5conv3PA255_A255_fPA32_A5_A5_fPfS1_E7in_tile_4_3_0, i64 0, i64 %p_cast72" [src/conv3.cpp:74]   --->   Operation 1475 'getelementptr' 'p_ZZ5conv3PA255_A255_fPA32_A5_A5_fPfS1_E7in_tile_4_3_0_addr_17' <Predicate = true> <Delay = 0.00>
ST_20 : Operation 1476 [1/1] (0.00ns)   --->   "%p_ZZ5conv3PA255_A255_fPA32_A5_A5_fPfS1_E7in_tile_4_4_0_addr_17 = getelementptr i32 %p_ZZ5conv3PA255_A255_fPA32_A5_A5_fPfS1_E7in_tile_4_4_0, i64 0, i64 %p_cast72" [src/conv3.cpp:74]   --->   Operation 1476 'getelementptr' 'p_ZZ5conv3PA255_A255_fPA32_A5_A5_fPfS1_E7in_tile_4_4_0_addr_17' <Predicate = true> <Delay = 0.00>
ST_20 : Operation 1477 [1/1] (0.78ns)   --->   "%empty_55 = add i6 %tmp_152, i6 %tmp_162" [src/conv3.cpp:74]   --->   Operation 1477 'add' 'empty_55' <Predicate = true> <Delay = 0.78> <CoreInst = "Adder">   --->   Core 1 'Adder' <Latency = 0> <II = 1> <Delay = 0.78> <FuncUnit> <Opcode : 'add' 'sub'> <InPorts = 2> <OutPorts = 1>
ST_20 : Operation 1478 [1/1] (0.00ns)   --->   "%p_cast77 = zext i6 %empty_55" [src/conv3.cpp:74]   --->   Operation 1478 'zext' 'p_cast77' <Predicate = true> <Delay = 0.00>
ST_20 : Operation 1479 [1/1] (0.00ns)   --->   "%p_ZZ5conv3PA255_A255_fPA32_A5_A5_fPfS1_E7in_tile_0_0_0_addr_18 = getelementptr i32 %p_ZZ5conv3PA255_A255_fPA32_A5_A5_fPfS1_E7in_tile_0_0_0, i64 0, i64 %p_cast77" [src/conv3.cpp:74]   --->   Operation 1479 'getelementptr' 'p_ZZ5conv3PA255_A255_fPA32_A5_A5_fPfS1_E7in_tile_0_0_0_addr_18' <Predicate = true> <Delay = 0.00>
ST_20 : Operation 1480 [1/1] (0.78ns)   --->   "%empty_56 = add i6 %tmp_153, i6 %tmp_162" [src/conv3.cpp:74]   --->   Operation 1480 'add' 'empty_56' <Predicate = true> <Delay = 0.78> <CoreInst = "Adder">   --->   Core 1 'Adder' <Latency = 0> <II = 1> <Delay = 0.78> <FuncUnit> <Opcode : 'add' 'sub'> <InPorts = 2> <OutPorts = 1>
ST_20 : Operation 1481 [1/1] (0.00ns)   --->   "%p_ZZ5conv3PA255_A255_fPA32_A5_A5_fPfS1_E7in_tile_0_1_0_addr_18 = getelementptr i32 %p_ZZ5conv3PA255_A255_fPA32_A5_A5_fPfS1_E7in_tile_0_1_0, i64 0, i64 %p_cast77" [src/conv3.cpp:74]   --->   Operation 1481 'getelementptr' 'p_ZZ5conv3PA255_A255_fPA32_A5_A5_fPfS1_E7in_tile_0_1_0_addr_18' <Predicate = true> <Delay = 0.00>
ST_20 : Operation 1482 [1/1] (0.00ns)   --->   "%p_ZZ5conv3PA255_A255_fPA32_A5_A5_fPfS1_E7in_tile_0_2_0_addr_18 = getelementptr i32 %p_ZZ5conv3PA255_A255_fPA32_A5_A5_fPfS1_E7in_tile_0_2_0, i64 0, i64 %p_cast77" [src/conv3.cpp:74]   --->   Operation 1482 'getelementptr' 'p_ZZ5conv3PA255_A255_fPA32_A5_A5_fPfS1_E7in_tile_0_2_0_addr_18' <Predicate = true> <Delay = 0.00>
ST_20 : Operation 1483 [1/1] (0.00ns)   --->   "%p_ZZ5conv3PA255_A255_fPA32_A5_A5_fPfS1_E7in_tile_0_3_0_addr_18 = getelementptr i32 %p_ZZ5conv3PA255_A255_fPA32_A5_A5_fPfS1_E7in_tile_0_3_0, i64 0, i64 %p_cast77" [src/conv3.cpp:74]   --->   Operation 1483 'getelementptr' 'p_ZZ5conv3PA255_A255_fPA32_A5_A5_fPfS1_E7in_tile_0_3_0_addr_18' <Predicate = true> <Delay = 0.00>
ST_20 : Operation 1484 [1/1] (0.00ns)   --->   "%p_ZZ5conv3PA255_A255_fPA32_A5_A5_fPfS1_E7in_tile_0_4_0_addr_18 = getelementptr i32 %p_ZZ5conv3PA255_A255_fPA32_A5_A5_fPfS1_E7in_tile_0_4_0, i64 0, i64 %p_cast77" [src/conv3.cpp:74]   --->   Operation 1484 'getelementptr' 'p_ZZ5conv3PA255_A255_fPA32_A5_A5_fPfS1_E7in_tile_0_4_0_addr_18' <Predicate = true> <Delay = 0.00>
ST_20 : Operation 1485 [1/1] (0.00ns)   --->   "%p_ZZ5conv3PA255_A255_fPA32_A5_A5_fPfS1_E7in_tile_1_0_0_addr_18 = getelementptr i32 %p_ZZ5conv3PA255_A255_fPA32_A5_A5_fPfS1_E7in_tile_1_0_0, i64 0, i64 %p_cast77" [src/conv3.cpp:74]   --->   Operation 1485 'getelementptr' 'p_ZZ5conv3PA255_A255_fPA32_A5_A5_fPfS1_E7in_tile_1_0_0_addr_18' <Predicate = true> <Delay = 0.00>
ST_20 : Operation 1486 [1/1] (0.00ns)   --->   "%p_ZZ5conv3PA255_A255_fPA32_A5_A5_fPfS1_E7in_tile_1_1_0_addr_18 = getelementptr i32 %p_ZZ5conv3PA255_A255_fPA32_A5_A5_fPfS1_E7in_tile_1_1_0, i64 0, i64 %p_cast77" [src/conv3.cpp:74]   --->   Operation 1486 'getelementptr' 'p_ZZ5conv3PA255_A255_fPA32_A5_A5_fPfS1_E7in_tile_1_1_0_addr_18' <Predicate = true> <Delay = 0.00>
ST_20 : Operation 1487 [1/1] (0.00ns)   --->   "%p_ZZ5conv3PA255_A255_fPA32_A5_A5_fPfS1_E7in_tile_1_2_0_addr_18 = getelementptr i32 %p_ZZ5conv3PA255_A255_fPA32_A5_A5_fPfS1_E7in_tile_1_2_0, i64 0, i64 %p_cast77" [src/conv3.cpp:74]   --->   Operation 1487 'getelementptr' 'p_ZZ5conv3PA255_A255_fPA32_A5_A5_fPfS1_E7in_tile_1_2_0_addr_18' <Predicate = true> <Delay = 0.00>
ST_20 : Operation 1488 [1/1] (0.00ns)   --->   "%p_ZZ5conv3PA255_A255_fPA32_A5_A5_fPfS1_E7in_tile_1_3_0_addr_18 = getelementptr i32 %p_ZZ5conv3PA255_A255_fPA32_A5_A5_fPfS1_E7in_tile_1_3_0, i64 0, i64 %p_cast77" [src/conv3.cpp:74]   --->   Operation 1488 'getelementptr' 'p_ZZ5conv3PA255_A255_fPA32_A5_A5_fPfS1_E7in_tile_1_3_0_addr_18' <Predicate = true> <Delay = 0.00>
ST_20 : Operation 1489 [1/1] (0.00ns)   --->   "%p_ZZ5conv3PA255_A255_fPA32_A5_A5_fPfS1_E7in_tile_1_4_0_addr_18 = getelementptr i32 %p_ZZ5conv3PA255_A255_fPA32_A5_A5_fPfS1_E7in_tile_1_4_0, i64 0, i64 %p_cast77" [src/conv3.cpp:74]   --->   Operation 1489 'getelementptr' 'p_ZZ5conv3PA255_A255_fPA32_A5_A5_fPfS1_E7in_tile_1_4_0_addr_18' <Predicate = true> <Delay = 0.00>
ST_20 : Operation 1490 [1/1] (0.00ns)   --->   "%p_ZZ5conv3PA255_A255_fPA32_A5_A5_fPfS1_E7in_tile_2_0_0_addr_18 = getelementptr i32 %p_ZZ5conv3PA255_A255_fPA32_A5_A5_fPfS1_E7in_tile_2_0_0, i64 0, i64 %p_cast77" [src/conv3.cpp:74]   --->   Operation 1490 'getelementptr' 'p_ZZ5conv3PA255_A255_fPA32_A5_A5_fPfS1_E7in_tile_2_0_0_addr_18' <Predicate = true> <Delay = 0.00>
ST_20 : Operation 1491 [1/1] (0.00ns)   --->   "%p_ZZ5conv3PA255_A255_fPA32_A5_A5_fPfS1_E7in_tile_2_1_0_addr_18 = getelementptr i32 %p_ZZ5conv3PA255_A255_fPA32_A5_A5_fPfS1_E7in_tile_2_1_0, i64 0, i64 %p_cast77" [src/conv3.cpp:74]   --->   Operation 1491 'getelementptr' 'p_ZZ5conv3PA255_A255_fPA32_A5_A5_fPfS1_E7in_tile_2_1_0_addr_18' <Predicate = true> <Delay = 0.00>
ST_20 : Operation 1492 [1/1] (0.00ns)   --->   "%p_ZZ5conv3PA255_A255_fPA32_A5_A5_fPfS1_E7in_tile_2_2_0_addr_18 = getelementptr i32 %p_ZZ5conv3PA255_A255_fPA32_A5_A5_fPfS1_E7in_tile_2_2_0, i64 0, i64 %p_cast77" [src/conv3.cpp:74]   --->   Operation 1492 'getelementptr' 'p_ZZ5conv3PA255_A255_fPA32_A5_A5_fPfS1_E7in_tile_2_2_0_addr_18' <Predicate = true> <Delay = 0.00>
ST_20 : Operation 1493 [1/1] (0.00ns)   --->   "%p_ZZ5conv3PA255_A255_fPA32_A5_A5_fPfS1_E7in_tile_2_3_0_addr_18 = getelementptr i32 %p_ZZ5conv3PA255_A255_fPA32_A5_A5_fPfS1_E7in_tile_2_3_0, i64 0, i64 %p_cast77" [src/conv3.cpp:74]   --->   Operation 1493 'getelementptr' 'p_ZZ5conv3PA255_A255_fPA32_A5_A5_fPfS1_E7in_tile_2_3_0_addr_18' <Predicate = true> <Delay = 0.00>
ST_20 : Operation 1494 [1/1] (0.00ns)   --->   "%p_ZZ5conv3PA255_A255_fPA32_A5_A5_fPfS1_E7in_tile_2_4_0_addr_18 = getelementptr i32 %p_ZZ5conv3PA255_A255_fPA32_A5_A5_fPfS1_E7in_tile_2_4_0, i64 0, i64 %p_cast77" [src/conv3.cpp:74]   --->   Operation 1494 'getelementptr' 'p_ZZ5conv3PA255_A255_fPA32_A5_A5_fPfS1_E7in_tile_2_4_0_addr_18' <Predicate = true> <Delay = 0.00>
ST_20 : Operation 1495 [1/1] (0.00ns)   --->   "%p_ZZ5conv3PA255_A255_fPA32_A5_A5_fPfS1_E7in_tile_3_0_0_addr_18 = getelementptr i32 %p_ZZ5conv3PA255_A255_fPA32_A5_A5_fPfS1_E7in_tile_3_0_0, i64 0, i64 %p_cast77" [src/conv3.cpp:74]   --->   Operation 1495 'getelementptr' 'p_ZZ5conv3PA255_A255_fPA32_A5_A5_fPfS1_E7in_tile_3_0_0_addr_18' <Predicate = true> <Delay = 0.00>
ST_20 : Operation 1496 [1/1] (0.00ns)   --->   "%p_ZZ5conv3PA255_A255_fPA32_A5_A5_fPfS1_E7in_tile_3_1_0_addr_18 = getelementptr i32 %p_ZZ5conv3PA255_A255_fPA32_A5_A5_fPfS1_E7in_tile_3_1_0, i64 0, i64 %p_cast77" [src/conv3.cpp:74]   --->   Operation 1496 'getelementptr' 'p_ZZ5conv3PA255_A255_fPA32_A5_A5_fPfS1_E7in_tile_3_1_0_addr_18' <Predicate = true> <Delay = 0.00>
ST_20 : Operation 1497 [1/1] (0.00ns)   --->   "%p_ZZ5conv3PA255_A255_fPA32_A5_A5_fPfS1_E7in_tile_3_2_0_addr_18 = getelementptr i32 %p_ZZ5conv3PA255_A255_fPA32_A5_A5_fPfS1_E7in_tile_3_2_0, i64 0, i64 %p_cast77" [src/conv3.cpp:74]   --->   Operation 1497 'getelementptr' 'p_ZZ5conv3PA255_A255_fPA32_A5_A5_fPfS1_E7in_tile_3_2_0_addr_18' <Predicate = true> <Delay = 0.00>
ST_20 : Operation 1498 [1/1] (0.00ns)   --->   "%p_ZZ5conv3PA255_A255_fPA32_A5_A5_fPfS1_E7in_tile_3_3_0_addr_18 = getelementptr i32 %p_ZZ5conv3PA255_A255_fPA32_A5_A5_fPfS1_E7in_tile_3_3_0, i64 0, i64 %p_cast77" [src/conv3.cpp:74]   --->   Operation 1498 'getelementptr' 'p_ZZ5conv3PA255_A255_fPA32_A5_A5_fPfS1_E7in_tile_3_3_0_addr_18' <Predicate = true> <Delay = 0.00>
ST_20 : Operation 1499 [1/1] (0.00ns)   --->   "%p_ZZ5conv3PA255_A255_fPA32_A5_A5_fPfS1_E7in_tile_3_4_0_addr_18 = getelementptr i32 %p_ZZ5conv3PA255_A255_fPA32_A5_A5_fPfS1_E7in_tile_3_4_0, i64 0, i64 %p_cast77" [src/conv3.cpp:74]   --->   Operation 1499 'getelementptr' 'p_ZZ5conv3PA255_A255_fPA32_A5_A5_fPfS1_E7in_tile_3_4_0_addr_18' <Predicate = true> <Delay = 0.00>
ST_20 : Operation 1500 [1/1] (0.00ns)   --->   "%p_ZZ5conv3PA255_A255_fPA32_A5_A5_fPfS1_E7in_tile_4_0_0_addr_18 = getelementptr i32 %p_ZZ5conv3PA255_A255_fPA32_A5_A5_fPfS1_E7in_tile_4_0_0, i64 0, i64 %p_cast77" [src/conv3.cpp:74]   --->   Operation 1500 'getelementptr' 'p_ZZ5conv3PA255_A255_fPA32_A5_A5_fPfS1_E7in_tile_4_0_0_addr_18' <Predicate = true> <Delay = 0.00>
ST_20 : Operation 1501 [1/1] (0.00ns)   --->   "%p_ZZ5conv3PA255_A255_fPA32_A5_A5_fPfS1_E7in_tile_4_1_0_addr_18 = getelementptr i32 %p_ZZ5conv3PA255_A255_fPA32_A5_A5_fPfS1_E7in_tile_4_1_0, i64 0, i64 %p_cast77" [src/conv3.cpp:74]   --->   Operation 1501 'getelementptr' 'p_ZZ5conv3PA255_A255_fPA32_A5_A5_fPfS1_E7in_tile_4_1_0_addr_18' <Predicate = true> <Delay = 0.00>
ST_20 : Operation 1502 [1/1] (0.00ns)   --->   "%p_ZZ5conv3PA255_A255_fPA32_A5_A5_fPfS1_E7in_tile_4_2_0_addr_18 = getelementptr i32 %p_ZZ5conv3PA255_A255_fPA32_A5_A5_fPfS1_E7in_tile_4_2_0, i64 0, i64 %p_cast77" [src/conv3.cpp:74]   --->   Operation 1502 'getelementptr' 'p_ZZ5conv3PA255_A255_fPA32_A5_A5_fPfS1_E7in_tile_4_2_0_addr_18' <Predicate = true> <Delay = 0.00>
ST_20 : Operation 1503 [1/1] (0.00ns)   --->   "%p_ZZ5conv3PA255_A255_fPA32_A5_A5_fPfS1_E7in_tile_4_3_0_addr_18 = getelementptr i32 %p_ZZ5conv3PA255_A255_fPA32_A5_A5_fPfS1_E7in_tile_4_3_0, i64 0, i64 %p_cast77" [src/conv3.cpp:74]   --->   Operation 1503 'getelementptr' 'p_ZZ5conv3PA255_A255_fPA32_A5_A5_fPfS1_E7in_tile_4_3_0_addr_18' <Predicate = true> <Delay = 0.00>
ST_20 : Operation 1504 [1/1] (0.00ns)   --->   "%p_ZZ5conv3PA255_A255_fPA32_A5_A5_fPfS1_E7in_tile_4_4_0_addr_18 = getelementptr i32 %p_ZZ5conv3PA255_A255_fPA32_A5_A5_fPfS1_E7in_tile_4_4_0, i64 0, i64 %p_cast77" [src/conv3.cpp:74]   --->   Operation 1504 'getelementptr' 'p_ZZ5conv3PA255_A255_fPA32_A5_A5_fPfS1_E7in_tile_4_4_0_addr_18' <Predicate = true> <Delay = 0.00>
ST_20 : Operation 1505 [1/1] (0.78ns)   --->   "%empty_61 = add i6 %tmp_152, i6 %tmp_163" [src/conv3.cpp:74]   --->   Operation 1505 'add' 'empty_61' <Predicate = true> <Delay = 0.78> <CoreInst = "Adder">   --->   Core 1 'Adder' <Latency = 0> <II = 1> <Delay = 0.78> <FuncUnit> <Opcode : 'add' 'sub'> <InPorts = 2> <OutPorts = 1>
ST_20 : Operation 1506 [1/1] (0.78ns)   --->   "%empty_62 = add i6 %tmp_153, i6 %tmp_163" [src/conv3.cpp:74]   --->   Operation 1506 'add' 'empty_62' <Predicate = true> <Delay = 0.78> <CoreInst = "Adder">   --->   Core 1 'Adder' <Latency = 0> <II = 1> <Delay = 0.78> <FuncUnit> <Opcode : 'add' 'sub'> <InPorts = 2> <OutPorts = 1>
ST_20 : Operation 1507 [1/2] (1.23ns)   --->   "%p_ZZ5conv3PA255_A255_fPA32_A5_A5_fPfS1_E7in_tile_0_0_0_load_15 = load i6 %p_ZZ5conv3PA255_A255_fPA32_A5_A5_fPfS1_E7in_tile_0_0_0_addr_15" [src/conv3.cpp:86]   --->   Operation 1507 'load' 'p_ZZ5conv3PA255_A255_fPA32_A5_A5_fPfS1_E7in_tile_0_0_0_load_15' <Predicate = true> <Delay = 1.23> <CoreInst = "RAM">   --->   Core 83 'RAM' <Latency = 1> <II = 1> <Delay = 1.23> <Storage> <Opcode : 'load' 'store'> <Ports = 2> <Width = 32> <Depth = 64> <RAM>
ST_20 : Operation 1508 [1/2] (1.23ns)   --->   "%p_ZZ5conv3PA255_A255_fPA32_A5_A5_fPfS1_E7in_tile_0_1_0_load_15 = load i6 %p_ZZ5conv3PA255_A255_fPA32_A5_A5_fPfS1_E7in_tile_0_1_0_addr_15" [src/conv3.cpp:86]   --->   Operation 1508 'load' 'p_ZZ5conv3PA255_A255_fPA32_A5_A5_fPfS1_E7in_tile_0_1_0_load_15' <Predicate = true> <Delay = 1.23> <CoreInst = "RAM">   --->   Core 83 'RAM' <Latency = 1> <II = 1> <Delay = 1.23> <Storage> <Opcode : 'load' 'store'> <Ports = 2> <Width = 32> <Depth = 64> <RAM>
ST_20 : Operation 1509 [1/2] (1.23ns)   --->   "%p_ZZ5conv3PA255_A255_fPA32_A5_A5_fPfS1_E7in_tile_0_2_0_load_15 = load i6 %p_ZZ5conv3PA255_A255_fPA32_A5_A5_fPfS1_E7in_tile_0_2_0_addr_15" [src/conv3.cpp:86]   --->   Operation 1509 'load' 'p_ZZ5conv3PA255_A255_fPA32_A5_A5_fPfS1_E7in_tile_0_2_0_load_15' <Predicate = true> <Delay = 1.23> <CoreInst = "RAM">   --->   Core 83 'RAM' <Latency = 1> <II = 1> <Delay = 1.23> <Storage> <Opcode : 'load' 'store'> <Ports = 2> <Width = 32> <Depth = 64> <RAM>
ST_20 : Operation 1510 [1/2] (1.23ns)   --->   "%p_ZZ5conv3PA255_A255_fPA32_A5_A5_fPfS1_E7in_tile_0_3_0_load_15 = load i6 %p_ZZ5conv3PA255_A255_fPA32_A5_A5_fPfS1_E7in_tile_0_3_0_addr_15" [src/conv3.cpp:86]   --->   Operation 1510 'load' 'p_ZZ5conv3PA255_A255_fPA32_A5_A5_fPfS1_E7in_tile_0_3_0_load_15' <Predicate = true> <Delay = 1.23> <CoreInst = "RAM">   --->   Core 83 'RAM' <Latency = 1> <II = 1> <Delay = 1.23> <Storage> <Opcode : 'load' 'store'> <Ports = 2> <Width = 32> <Depth = 64> <RAM>
ST_20 : Operation 1511 [1/2] (1.23ns)   --->   "%p_ZZ5conv3PA255_A255_fPA32_A5_A5_fPfS1_E7in_tile_0_4_0_load_15 = load i6 %p_ZZ5conv3PA255_A255_fPA32_A5_A5_fPfS1_E7in_tile_0_4_0_addr_15" [src/conv3.cpp:86]   --->   Operation 1511 'load' 'p_ZZ5conv3PA255_A255_fPA32_A5_A5_fPfS1_E7in_tile_0_4_0_load_15' <Predicate = true> <Delay = 1.23> <CoreInst = "RAM">   --->   Core 83 'RAM' <Latency = 1> <II = 1> <Delay = 1.23> <Storage> <Opcode : 'load' 'store'> <Ports = 2> <Width = 32> <Depth = 64> <RAM>
ST_20 : Operation 1512 [1/2] (1.23ns)   --->   "%p_ZZ5conv3PA255_A255_fPA32_A5_A5_fPfS1_E7in_tile_1_0_0_load_15 = load i6 %p_ZZ5conv3PA255_A255_fPA32_A5_A5_fPfS1_E7in_tile_1_0_0_addr_15" [src/conv3.cpp:86]   --->   Operation 1512 'load' 'p_ZZ5conv3PA255_A255_fPA32_A5_A5_fPfS1_E7in_tile_1_0_0_load_15' <Predicate = true> <Delay = 1.23> <CoreInst = "RAM">   --->   Core 83 'RAM' <Latency = 1> <II = 1> <Delay = 1.23> <Storage> <Opcode : 'load' 'store'> <Ports = 2> <Width = 32> <Depth = 64> <RAM>
ST_20 : Operation 1513 [1/2] (1.23ns)   --->   "%p_ZZ5conv3PA255_A255_fPA32_A5_A5_fPfS1_E7in_tile_1_1_0_load_15 = load i6 %p_ZZ5conv3PA255_A255_fPA32_A5_A5_fPfS1_E7in_tile_1_1_0_addr_15" [src/conv3.cpp:86]   --->   Operation 1513 'load' 'p_ZZ5conv3PA255_A255_fPA32_A5_A5_fPfS1_E7in_tile_1_1_0_load_15' <Predicate = true> <Delay = 1.23> <CoreInst = "RAM">   --->   Core 83 'RAM' <Latency = 1> <II = 1> <Delay = 1.23> <Storage> <Opcode : 'load' 'store'> <Ports = 2> <Width = 32> <Depth = 64> <RAM>
ST_20 : Operation 1514 [1/2] (1.23ns)   --->   "%p_ZZ5conv3PA255_A255_fPA32_A5_A5_fPfS1_E7in_tile_1_2_0_load_15 = load i6 %p_ZZ5conv3PA255_A255_fPA32_A5_A5_fPfS1_E7in_tile_1_2_0_addr_15" [src/conv3.cpp:86]   --->   Operation 1514 'load' 'p_ZZ5conv3PA255_A255_fPA32_A5_A5_fPfS1_E7in_tile_1_2_0_load_15' <Predicate = true> <Delay = 1.23> <CoreInst = "RAM">   --->   Core 83 'RAM' <Latency = 1> <II = 1> <Delay = 1.23> <Storage> <Opcode : 'load' 'store'> <Ports = 2> <Width = 32> <Depth = 64> <RAM>
ST_20 : Operation 1515 [1/2] (1.23ns)   --->   "%p_ZZ5conv3PA255_A255_fPA32_A5_A5_fPfS1_E7in_tile_1_3_0_load_15 = load i6 %p_ZZ5conv3PA255_A255_fPA32_A5_A5_fPfS1_E7in_tile_1_3_0_addr_15" [src/conv3.cpp:86]   --->   Operation 1515 'load' 'p_ZZ5conv3PA255_A255_fPA32_A5_A5_fPfS1_E7in_tile_1_3_0_load_15' <Predicate = true> <Delay = 1.23> <CoreInst = "RAM">   --->   Core 83 'RAM' <Latency = 1> <II = 1> <Delay = 1.23> <Storage> <Opcode : 'load' 'store'> <Ports = 2> <Width = 32> <Depth = 64> <RAM>
ST_20 : Operation 1516 [1/2] (1.23ns)   --->   "%p_ZZ5conv3PA255_A255_fPA32_A5_A5_fPfS1_E7in_tile_1_4_0_load_15 = load i6 %p_ZZ5conv3PA255_A255_fPA32_A5_A5_fPfS1_E7in_tile_1_4_0_addr_15" [src/conv3.cpp:86]   --->   Operation 1516 'load' 'p_ZZ5conv3PA255_A255_fPA32_A5_A5_fPfS1_E7in_tile_1_4_0_load_15' <Predicate = true> <Delay = 1.23> <CoreInst = "RAM">   --->   Core 83 'RAM' <Latency = 1> <II = 1> <Delay = 1.23> <Storage> <Opcode : 'load' 'store'> <Ports = 2> <Width = 32> <Depth = 64> <RAM>
ST_20 : Operation 1517 [1/2] (1.23ns)   --->   "%p_ZZ5conv3PA255_A255_fPA32_A5_A5_fPfS1_E7in_tile_2_0_0_load_15 = load i6 %p_ZZ5conv3PA255_A255_fPA32_A5_A5_fPfS1_E7in_tile_2_0_0_addr_15" [src/conv3.cpp:86]   --->   Operation 1517 'load' 'p_ZZ5conv3PA255_A255_fPA32_A5_A5_fPfS1_E7in_tile_2_0_0_load_15' <Predicate = true> <Delay = 1.23> <CoreInst = "RAM">   --->   Core 83 'RAM' <Latency = 1> <II = 1> <Delay = 1.23> <Storage> <Opcode : 'load' 'store'> <Ports = 2> <Width = 32> <Depth = 64> <RAM>
ST_20 : Operation 1518 [1/2] (1.23ns)   --->   "%p_ZZ5conv3PA255_A255_fPA32_A5_A5_fPfS1_E7in_tile_2_1_0_load_15 = load i6 %p_ZZ5conv3PA255_A255_fPA32_A5_A5_fPfS1_E7in_tile_2_1_0_addr_15" [src/conv3.cpp:86]   --->   Operation 1518 'load' 'p_ZZ5conv3PA255_A255_fPA32_A5_A5_fPfS1_E7in_tile_2_1_0_load_15' <Predicate = true> <Delay = 1.23> <CoreInst = "RAM">   --->   Core 83 'RAM' <Latency = 1> <II = 1> <Delay = 1.23> <Storage> <Opcode : 'load' 'store'> <Ports = 2> <Width = 32> <Depth = 64> <RAM>
ST_20 : Operation 1519 [1/2] (1.23ns)   --->   "%p_ZZ5conv3PA255_A255_fPA32_A5_A5_fPfS1_E7in_tile_2_2_0_load_15 = load i6 %p_ZZ5conv3PA255_A255_fPA32_A5_A5_fPfS1_E7in_tile_2_2_0_addr_15" [src/conv3.cpp:86]   --->   Operation 1519 'load' 'p_ZZ5conv3PA255_A255_fPA32_A5_A5_fPfS1_E7in_tile_2_2_0_load_15' <Predicate = true> <Delay = 1.23> <CoreInst = "RAM">   --->   Core 83 'RAM' <Latency = 1> <II = 1> <Delay = 1.23> <Storage> <Opcode : 'load' 'store'> <Ports = 2> <Width = 32> <Depth = 64> <RAM>
ST_20 : Operation 1520 [1/2] (1.23ns)   --->   "%p_ZZ5conv3PA255_A255_fPA32_A5_A5_fPfS1_E7in_tile_2_3_0_load_15 = load i6 %p_ZZ5conv3PA255_A255_fPA32_A5_A5_fPfS1_E7in_tile_2_3_0_addr_15" [src/conv3.cpp:86]   --->   Operation 1520 'load' 'p_ZZ5conv3PA255_A255_fPA32_A5_A5_fPfS1_E7in_tile_2_3_0_load_15' <Predicate = true> <Delay = 1.23> <CoreInst = "RAM">   --->   Core 83 'RAM' <Latency = 1> <II = 1> <Delay = 1.23> <Storage> <Opcode : 'load' 'store'> <Ports = 2> <Width = 32> <Depth = 64> <RAM>
ST_20 : Operation 1521 [1/2] (1.23ns)   --->   "%p_ZZ5conv3PA255_A255_fPA32_A5_A5_fPfS1_E7in_tile_2_4_0_load_15 = load i6 %p_ZZ5conv3PA255_A255_fPA32_A5_A5_fPfS1_E7in_tile_2_4_0_addr_15" [src/conv3.cpp:86]   --->   Operation 1521 'load' 'p_ZZ5conv3PA255_A255_fPA32_A5_A5_fPfS1_E7in_tile_2_4_0_load_15' <Predicate = true> <Delay = 1.23> <CoreInst = "RAM">   --->   Core 83 'RAM' <Latency = 1> <II = 1> <Delay = 1.23> <Storage> <Opcode : 'load' 'store'> <Ports = 2> <Width = 32> <Depth = 64> <RAM>
ST_20 : Operation 1522 [1/2] (1.23ns)   --->   "%p_ZZ5conv3PA255_A255_fPA32_A5_A5_fPfS1_E7in_tile_3_0_0_load_15 = load i6 %p_ZZ5conv3PA255_A255_fPA32_A5_A5_fPfS1_E7in_tile_3_0_0_addr_15" [src/conv3.cpp:86]   --->   Operation 1522 'load' 'p_ZZ5conv3PA255_A255_fPA32_A5_A5_fPfS1_E7in_tile_3_0_0_load_15' <Predicate = true> <Delay = 1.23> <CoreInst = "RAM">   --->   Core 83 'RAM' <Latency = 1> <II = 1> <Delay = 1.23> <Storage> <Opcode : 'load' 'store'> <Ports = 2> <Width = 32> <Depth = 64> <RAM>
ST_20 : Operation 1523 [1/2] (1.23ns)   --->   "%p_ZZ5conv3PA255_A255_fPA32_A5_A5_fPfS1_E7in_tile_3_1_0_load_15 = load i6 %p_ZZ5conv3PA255_A255_fPA32_A5_A5_fPfS1_E7in_tile_3_1_0_addr_15" [src/conv3.cpp:86]   --->   Operation 1523 'load' 'p_ZZ5conv3PA255_A255_fPA32_A5_A5_fPfS1_E7in_tile_3_1_0_load_15' <Predicate = true> <Delay = 1.23> <CoreInst = "RAM">   --->   Core 83 'RAM' <Latency = 1> <II = 1> <Delay = 1.23> <Storage> <Opcode : 'load' 'store'> <Ports = 2> <Width = 32> <Depth = 64> <RAM>
ST_20 : Operation 1524 [1/2] (1.23ns)   --->   "%p_ZZ5conv3PA255_A255_fPA32_A5_A5_fPfS1_E7in_tile_3_2_0_load_15 = load i6 %p_ZZ5conv3PA255_A255_fPA32_A5_A5_fPfS1_E7in_tile_3_2_0_addr_15" [src/conv3.cpp:86]   --->   Operation 1524 'load' 'p_ZZ5conv3PA255_A255_fPA32_A5_A5_fPfS1_E7in_tile_3_2_0_load_15' <Predicate = true> <Delay = 1.23> <CoreInst = "RAM">   --->   Core 83 'RAM' <Latency = 1> <II = 1> <Delay = 1.23> <Storage> <Opcode : 'load' 'store'> <Ports = 2> <Width = 32> <Depth = 64> <RAM>
ST_20 : Operation 1525 [1/2] (1.23ns)   --->   "%p_ZZ5conv3PA255_A255_fPA32_A5_A5_fPfS1_E7in_tile_3_3_0_load_15 = load i6 %p_ZZ5conv3PA255_A255_fPA32_A5_A5_fPfS1_E7in_tile_3_3_0_addr_15" [src/conv3.cpp:86]   --->   Operation 1525 'load' 'p_ZZ5conv3PA255_A255_fPA32_A5_A5_fPfS1_E7in_tile_3_3_0_load_15' <Predicate = true> <Delay = 1.23> <CoreInst = "RAM">   --->   Core 83 'RAM' <Latency = 1> <II = 1> <Delay = 1.23> <Storage> <Opcode : 'load' 'store'> <Ports = 2> <Width = 32> <Depth = 64> <RAM>
ST_20 : Operation 1526 [1/2] (1.23ns)   --->   "%p_ZZ5conv3PA255_A255_fPA32_A5_A5_fPfS1_E7in_tile_3_4_0_load_15 = load i6 %p_ZZ5conv3PA255_A255_fPA32_A5_A5_fPfS1_E7in_tile_3_4_0_addr_15" [src/conv3.cpp:86]   --->   Operation 1526 'load' 'p_ZZ5conv3PA255_A255_fPA32_A5_A5_fPfS1_E7in_tile_3_4_0_load_15' <Predicate = true> <Delay = 1.23> <CoreInst = "RAM">   --->   Core 83 'RAM' <Latency = 1> <II = 1> <Delay = 1.23> <Storage> <Opcode : 'load' 'store'> <Ports = 2> <Width = 32> <Depth = 64> <RAM>
ST_20 : Operation 1527 [1/2] (1.23ns)   --->   "%p_ZZ5conv3PA255_A255_fPA32_A5_A5_fPfS1_E7in_tile_4_0_0_load_15 = load i6 %p_ZZ5conv3PA255_A255_fPA32_A5_A5_fPfS1_E7in_tile_4_0_0_addr_15" [src/conv3.cpp:86]   --->   Operation 1527 'load' 'p_ZZ5conv3PA255_A255_fPA32_A5_A5_fPfS1_E7in_tile_4_0_0_load_15' <Predicate = true> <Delay = 1.23> <CoreInst = "RAM">   --->   Core 83 'RAM' <Latency = 1> <II = 1> <Delay = 1.23> <Storage> <Opcode : 'load' 'store'> <Ports = 2> <Width = 32> <Depth = 64> <RAM>
ST_20 : Operation 1528 [1/2] (1.23ns)   --->   "%p_ZZ5conv3PA255_A255_fPA32_A5_A5_fPfS1_E7in_tile_4_1_0_load_15 = load i6 %p_ZZ5conv3PA255_A255_fPA32_A5_A5_fPfS1_E7in_tile_4_1_0_addr_15" [src/conv3.cpp:86]   --->   Operation 1528 'load' 'p_ZZ5conv3PA255_A255_fPA32_A5_A5_fPfS1_E7in_tile_4_1_0_load_15' <Predicate = true> <Delay = 1.23> <CoreInst = "RAM">   --->   Core 83 'RAM' <Latency = 1> <II = 1> <Delay = 1.23> <Storage> <Opcode : 'load' 'store'> <Ports = 2> <Width = 32> <Depth = 64> <RAM>
ST_20 : Operation 1529 [1/2] (1.23ns)   --->   "%p_ZZ5conv3PA255_A255_fPA32_A5_A5_fPfS1_E7in_tile_4_2_0_load_15 = load i6 %p_ZZ5conv3PA255_A255_fPA32_A5_A5_fPfS1_E7in_tile_4_2_0_addr_15" [src/conv3.cpp:86]   --->   Operation 1529 'load' 'p_ZZ5conv3PA255_A255_fPA32_A5_A5_fPfS1_E7in_tile_4_2_0_load_15' <Predicate = true> <Delay = 1.23> <CoreInst = "RAM">   --->   Core 83 'RAM' <Latency = 1> <II = 1> <Delay = 1.23> <Storage> <Opcode : 'load' 'store'> <Ports = 2> <Width = 32> <Depth = 64> <RAM>
ST_20 : Operation 1530 [1/2] (1.23ns)   --->   "%p_ZZ5conv3PA255_A255_fPA32_A5_A5_fPfS1_E7in_tile_4_3_0_load_15 = load i6 %p_ZZ5conv3PA255_A255_fPA32_A5_A5_fPfS1_E7in_tile_4_3_0_addr_15" [src/conv3.cpp:86]   --->   Operation 1530 'load' 'p_ZZ5conv3PA255_A255_fPA32_A5_A5_fPfS1_E7in_tile_4_3_0_load_15' <Predicate = true> <Delay = 1.23> <CoreInst = "RAM">   --->   Core 83 'RAM' <Latency = 1> <II = 1> <Delay = 1.23> <Storage> <Opcode : 'load' 'store'> <Ports = 2> <Width = 32> <Depth = 64> <RAM>
ST_20 : Operation 1531 [1/2] (1.23ns)   --->   "%p_ZZ5conv3PA255_A255_fPA32_A5_A5_fPfS1_E7in_tile_4_4_0_load_15 = load i6 %p_ZZ5conv3PA255_A255_fPA32_A5_A5_fPfS1_E7in_tile_4_4_0_addr_15" [src/conv3.cpp:86]   --->   Operation 1531 'load' 'p_ZZ5conv3PA255_A255_fPA32_A5_A5_fPfS1_E7in_tile_4_4_0_load_15' <Predicate = true> <Delay = 1.23> <CoreInst = "RAM">   --->   Core 83 'RAM' <Latency = 1> <II = 1> <Delay = 1.23> <Storage> <Opcode : 'load' 'store'> <Ports = 2> <Width = 32> <Depth = 64> <RAM>
ST_20 : Operation 1532 [1/2] (1.23ns)   --->   "%p_ZZ5conv3PA255_A255_fPA32_A5_A5_fPfS1_E7in_tile_0_0_0_load_16 = load i6 %p_ZZ5conv3PA255_A255_fPA32_A5_A5_fPfS1_E7in_tile_0_0_0_addr_16" [src/conv3.cpp:86]   --->   Operation 1532 'load' 'p_ZZ5conv3PA255_A255_fPA32_A5_A5_fPfS1_E7in_tile_0_0_0_load_16' <Predicate = true> <Delay = 1.23> <CoreInst = "RAM">   --->   Core 83 'RAM' <Latency = 1> <II = 1> <Delay = 1.23> <Storage> <Opcode : 'load' 'store'> <Ports = 2> <Width = 32> <Depth = 64> <RAM>
ST_20 : Operation 1533 [1/2] (1.23ns)   --->   "%p_ZZ5conv3PA255_A255_fPA32_A5_A5_fPfS1_E7in_tile_0_1_0_load_16 = load i6 %p_ZZ5conv3PA255_A255_fPA32_A5_A5_fPfS1_E7in_tile_0_1_0_addr_16" [src/conv3.cpp:86]   --->   Operation 1533 'load' 'p_ZZ5conv3PA255_A255_fPA32_A5_A5_fPfS1_E7in_tile_0_1_0_load_16' <Predicate = true> <Delay = 1.23> <CoreInst = "RAM">   --->   Core 83 'RAM' <Latency = 1> <II = 1> <Delay = 1.23> <Storage> <Opcode : 'load' 'store'> <Ports = 2> <Width = 32> <Depth = 64> <RAM>
ST_20 : Operation 1534 [1/2] (1.23ns)   --->   "%p_ZZ5conv3PA255_A255_fPA32_A5_A5_fPfS1_E7in_tile_0_2_0_load_16 = load i6 %p_ZZ5conv3PA255_A255_fPA32_A5_A5_fPfS1_E7in_tile_0_2_0_addr_16" [src/conv3.cpp:86]   --->   Operation 1534 'load' 'p_ZZ5conv3PA255_A255_fPA32_A5_A5_fPfS1_E7in_tile_0_2_0_load_16' <Predicate = true> <Delay = 1.23> <CoreInst = "RAM">   --->   Core 83 'RAM' <Latency = 1> <II = 1> <Delay = 1.23> <Storage> <Opcode : 'load' 'store'> <Ports = 2> <Width = 32> <Depth = 64> <RAM>
ST_20 : Operation 1535 [1/2] (1.23ns)   --->   "%p_ZZ5conv3PA255_A255_fPA32_A5_A5_fPfS1_E7in_tile_0_3_0_load_16 = load i6 %p_ZZ5conv3PA255_A255_fPA32_A5_A5_fPfS1_E7in_tile_0_3_0_addr_16" [src/conv3.cpp:86]   --->   Operation 1535 'load' 'p_ZZ5conv3PA255_A255_fPA32_A5_A5_fPfS1_E7in_tile_0_3_0_load_16' <Predicate = true> <Delay = 1.23> <CoreInst = "RAM">   --->   Core 83 'RAM' <Latency = 1> <II = 1> <Delay = 1.23> <Storage> <Opcode : 'load' 'store'> <Ports = 2> <Width = 32> <Depth = 64> <RAM>
ST_20 : Operation 1536 [1/2] (1.23ns)   --->   "%p_ZZ5conv3PA255_A255_fPA32_A5_A5_fPfS1_E7in_tile_0_4_0_load_16 = load i6 %p_ZZ5conv3PA255_A255_fPA32_A5_A5_fPfS1_E7in_tile_0_4_0_addr_16" [src/conv3.cpp:86]   --->   Operation 1536 'load' 'p_ZZ5conv3PA255_A255_fPA32_A5_A5_fPfS1_E7in_tile_0_4_0_load_16' <Predicate = true> <Delay = 1.23> <CoreInst = "RAM">   --->   Core 83 'RAM' <Latency = 1> <II = 1> <Delay = 1.23> <Storage> <Opcode : 'load' 'store'> <Ports = 2> <Width = 32> <Depth = 64> <RAM>
ST_20 : Operation 1537 [1/2] (1.23ns)   --->   "%p_ZZ5conv3PA255_A255_fPA32_A5_A5_fPfS1_E7in_tile_1_0_0_load_16 = load i6 %p_ZZ5conv3PA255_A255_fPA32_A5_A5_fPfS1_E7in_tile_1_0_0_addr_16" [src/conv3.cpp:86]   --->   Operation 1537 'load' 'p_ZZ5conv3PA255_A255_fPA32_A5_A5_fPfS1_E7in_tile_1_0_0_load_16' <Predicate = true> <Delay = 1.23> <CoreInst = "RAM">   --->   Core 83 'RAM' <Latency = 1> <II = 1> <Delay = 1.23> <Storage> <Opcode : 'load' 'store'> <Ports = 2> <Width = 32> <Depth = 64> <RAM>
ST_20 : Operation 1538 [1/2] (1.23ns)   --->   "%p_ZZ5conv3PA255_A255_fPA32_A5_A5_fPfS1_E7in_tile_1_1_0_load_16 = load i6 %p_ZZ5conv3PA255_A255_fPA32_A5_A5_fPfS1_E7in_tile_1_1_0_addr_16" [src/conv3.cpp:86]   --->   Operation 1538 'load' 'p_ZZ5conv3PA255_A255_fPA32_A5_A5_fPfS1_E7in_tile_1_1_0_load_16' <Predicate = true> <Delay = 1.23> <CoreInst = "RAM">   --->   Core 83 'RAM' <Latency = 1> <II = 1> <Delay = 1.23> <Storage> <Opcode : 'load' 'store'> <Ports = 2> <Width = 32> <Depth = 64> <RAM>
ST_20 : Operation 1539 [1/2] (1.23ns)   --->   "%p_ZZ5conv3PA255_A255_fPA32_A5_A5_fPfS1_E7in_tile_1_2_0_load_16 = load i6 %p_ZZ5conv3PA255_A255_fPA32_A5_A5_fPfS1_E7in_tile_1_2_0_addr_16" [src/conv3.cpp:86]   --->   Operation 1539 'load' 'p_ZZ5conv3PA255_A255_fPA32_A5_A5_fPfS1_E7in_tile_1_2_0_load_16' <Predicate = true> <Delay = 1.23> <CoreInst = "RAM">   --->   Core 83 'RAM' <Latency = 1> <II = 1> <Delay = 1.23> <Storage> <Opcode : 'load' 'store'> <Ports = 2> <Width = 32> <Depth = 64> <RAM>
ST_20 : Operation 1540 [1/2] (1.23ns)   --->   "%p_ZZ5conv3PA255_A255_fPA32_A5_A5_fPfS1_E7in_tile_1_3_0_load_16 = load i6 %p_ZZ5conv3PA255_A255_fPA32_A5_A5_fPfS1_E7in_tile_1_3_0_addr_16" [src/conv3.cpp:86]   --->   Operation 1540 'load' 'p_ZZ5conv3PA255_A255_fPA32_A5_A5_fPfS1_E7in_tile_1_3_0_load_16' <Predicate = true> <Delay = 1.23> <CoreInst = "RAM">   --->   Core 83 'RAM' <Latency = 1> <II = 1> <Delay = 1.23> <Storage> <Opcode : 'load' 'store'> <Ports = 2> <Width = 32> <Depth = 64> <RAM>
ST_20 : Operation 1541 [1/2] (1.23ns)   --->   "%p_ZZ5conv3PA255_A255_fPA32_A5_A5_fPfS1_E7in_tile_1_4_0_load_16 = load i6 %p_ZZ5conv3PA255_A255_fPA32_A5_A5_fPfS1_E7in_tile_1_4_0_addr_16" [src/conv3.cpp:86]   --->   Operation 1541 'load' 'p_ZZ5conv3PA255_A255_fPA32_A5_A5_fPfS1_E7in_tile_1_4_0_load_16' <Predicate = true> <Delay = 1.23> <CoreInst = "RAM">   --->   Core 83 'RAM' <Latency = 1> <II = 1> <Delay = 1.23> <Storage> <Opcode : 'load' 'store'> <Ports = 2> <Width = 32> <Depth = 64> <RAM>
ST_20 : Operation 1542 [1/2] (1.23ns)   --->   "%p_ZZ5conv3PA255_A255_fPA32_A5_A5_fPfS1_E7in_tile_2_0_0_load_16 = load i6 %p_ZZ5conv3PA255_A255_fPA32_A5_A5_fPfS1_E7in_tile_2_0_0_addr_16" [src/conv3.cpp:86]   --->   Operation 1542 'load' 'p_ZZ5conv3PA255_A255_fPA32_A5_A5_fPfS1_E7in_tile_2_0_0_load_16' <Predicate = true> <Delay = 1.23> <CoreInst = "RAM">   --->   Core 83 'RAM' <Latency = 1> <II = 1> <Delay = 1.23> <Storage> <Opcode : 'load' 'store'> <Ports = 2> <Width = 32> <Depth = 64> <RAM>
ST_20 : Operation 1543 [1/2] (1.23ns)   --->   "%p_ZZ5conv3PA255_A255_fPA32_A5_A5_fPfS1_E7in_tile_2_1_0_load_16 = load i6 %p_ZZ5conv3PA255_A255_fPA32_A5_A5_fPfS1_E7in_tile_2_1_0_addr_16" [src/conv3.cpp:86]   --->   Operation 1543 'load' 'p_ZZ5conv3PA255_A255_fPA32_A5_A5_fPfS1_E7in_tile_2_1_0_load_16' <Predicate = true> <Delay = 1.23> <CoreInst = "RAM">   --->   Core 83 'RAM' <Latency = 1> <II = 1> <Delay = 1.23> <Storage> <Opcode : 'load' 'store'> <Ports = 2> <Width = 32> <Depth = 64> <RAM>
ST_20 : Operation 1544 [1/2] (1.23ns)   --->   "%p_ZZ5conv3PA255_A255_fPA32_A5_A5_fPfS1_E7in_tile_2_2_0_load_16 = load i6 %p_ZZ5conv3PA255_A255_fPA32_A5_A5_fPfS1_E7in_tile_2_2_0_addr_16" [src/conv3.cpp:86]   --->   Operation 1544 'load' 'p_ZZ5conv3PA255_A255_fPA32_A5_A5_fPfS1_E7in_tile_2_2_0_load_16' <Predicate = true> <Delay = 1.23> <CoreInst = "RAM">   --->   Core 83 'RAM' <Latency = 1> <II = 1> <Delay = 1.23> <Storage> <Opcode : 'load' 'store'> <Ports = 2> <Width = 32> <Depth = 64> <RAM>
ST_20 : Operation 1545 [1/2] (1.23ns)   --->   "%p_ZZ5conv3PA255_A255_fPA32_A5_A5_fPfS1_E7in_tile_2_3_0_load_16 = load i6 %p_ZZ5conv3PA255_A255_fPA32_A5_A5_fPfS1_E7in_tile_2_3_0_addr_16" [src/conv3.cpp:86]   --->   Operation 1545 'load' 'p_ZZ5conv3PA255_A255_fPA32_A5_A5_fPfS1_E7in_tile_2_3_0_load_16' <Predicate = true> <Delay = 1.23> <CoreInst = "RAM">   --->   Core 83 'RAM' <Latency = 1> <II = 1> <Delay = 1.23> <Storage> <Opcode : 'load' 'store'> <Ports = 2> <Width = 32> <Depth = 64> <RAM>
ST_20 : Operation 1546 [1/2] (1.23ns)   --->   "%p_ZZ5conv3PA255_A255_fPA32_A5_A5_fPfS1_E7in_tile_2_4_0_load_16 = load i6 %p_ZZ5conv3PA255_A255_fPA32_A5_A5_fPfS1_E7in_tile_2_4_0_addr_16" [src/conv3.cpp:86]   --->   Operation 1546 'load' 'p_ZZ5conv3PA255_A255_fPA32_A5_A5_fPfS1_E7in_tile_2_4_0_load_16' <Predicate = true> <Delay = 1.23> <CoreInst = "RAM">   --->   Core 83 'RAM' <Latency = 1> <II = 1> <Delay = 1.23> <Storage> <Opcode : 'load' 'store'> <Ports = 2> <Width = 32> <Depth = 64> <RAM>
ST_20 : Operation 1547 [1/2] (1.23ns)   --->   "%p_ZZ5conv3PA255_A255_fPA32_A5_A5_fPfS1_E7in_tile_3_0_0_load_16 = load i6 %p_ZZ5conv3PA255_A255_fPA32_A5_A5_fPfS1_E7in_tile_3_0_0_addr_16" [src/conv3.cpp:86]   --->   Operation 1547 'load' 'p_ZZ5conv3PA255_A255_fPA32_A5_A5_fPfS1_E7in_tile_3_0_0_load_16' <Predicate = true> <Delay = 1.23> <CoreInst = "RAM">   --->   Core 83 'RAM' <Latency = 1> <II = 1> <Delay = 1.23> <Storage> <Opcode : 'load' 'store'> <Ports = 2> <Width = 32> <Depth = 64> <RAM>
ST_20 : Operation 1548 [1/2] (1.23ns)   --->   "%p_ZZ5conv3PA255_A255_fPA32_A5_A5_fPfS1_E7in_tile_3_1_0_load_16 = load i6 %p_ZZ5conv3PA255_A255_fPA32_A5_A5_fPfS1_E7in_tile_3_1_0_addr_16" [src/conv3.cpp:86]   --->   Operation 1548 'load' 'p_ZZ5conv3PA255_A255_fPA32_A5_A5_fPfS1_E7in_tile_3_1_0_load_16' <Predicate = true> <Delay = 1.23> <CoreInst = "RAM">   --->   Core 83 'RAM' <Latency = 1> <II = 1> <Delay = 1.23> <Storage> <Opcode : 'load' 'store'> <Ports = 2> <Width = 32> <Depth = 64> <RAM>
ST_20 : Operation 1549 [1/2] (1.23ns)   --->   "%p_ZZ5conv3PA255_A255_fPA32_A5_A5_fPfS1_E7in_tile_3_2_0_load_16 = load i6 %p_ZZ5conv3PA255_A255_fPA32_A5_A5_fPfS1_E7in_tile_3_2_0_addr_16" [src/conv3.cpp:86]   --->   Operation 1549 'load' 'p_ZZ5conv3PA255_A255_fPA32_A5_A5_fPfS1_E7in_tile_3_2_0_load_16' <Predicate = true> <Delay = 1.23> <CoreInst = "RAM">   --->   Core 83 'RAM' <Latency = 1> <II = 1> <Delay = 1.23> <Storage> <Opcode : 'load' 'store'> <Ports = 2> <Width = 32> <Depth = 64> <RAM>
ST_20 : Operation 1550 [1/2] (1.23ns)   --->   "%p_ZZ5conv3PA255_A255_fPA32_A5_A5_fPfS1_E7in_tile_3_3_0_load_16 = load i6 %p_ZZ5conv3PA255_A255_fPA32_A5_A5_fPfS1_E7in_tile_3_3_0_addr_16" [src/conv3.cpp:86]   --->   Operation 1550 'load' 'p_ZZ5conv3PA255_A255_fPA32_A5_A5_fPfS1_E7in_tile_3_3_0_load_16' <Predicate = true> <Delay = 1.23> <CoreInst = "RAM">   --->   Core 83 'RAM' <Latency = 1> <II = 1> <Delay = 1.23> <Storage> <Opcode : 'load' 'store'> <Ports = 2> <Width = 32> <Depth = 64> <RAM>
ST_20 : Operation 1551 [1/2] (1.23ns)   --->   "%p_ZZ5conv3PA255_A255_fPA32_A5_A5_fPfS1_E7in_tile_3_4_0_load_16 = load i6 %p_ZZ5conv3PA255_A255_fPA32_A5_A5_fPfS1_E7in_tile_3_4_0_addr_16" [src/conv3.cpp:86]   --->   Operation 1551 'load' 'p_ZZ5conv3PA255_A255_fPA32_A5_A5_fPfS1_E7in_tile_3_4_0_load_16' <Predicate = true> <Delay = 1.23> <CoreInst = "RAM">   --->   Core 83 'RAM' <Latency = 1> <II = 1> <Delay = 1.23> <Storage> <Opcode : 'load' 'store'> <Ports = 2> <Width = 32> <Depth = 64> <RAM>
ST_20 : Operation 1552 [1/2] (1.23ns)   --->   "%p_ZZ5conv3PA255_A255_fPA32_A5_A5_fPfS1_E7in_tile_4_0_0_load_16 = load i6 %p_ZZ5conv3PA255_A255_fPA32_A5_A5_fPfS1_E7in_tile_4_0_0_addr_16" [src/conv3.cpp:86]   --->   Operation 1552 'load' 'p_ZZ5conv3PA255_A255_fPA32_A5_A5_fPfS1_E7in_tile_4_0_0_load_16' <Predicate = true> <Delay = 1.23> <CoreInst = "RAM">   --->   Core 83 'RAM' <Latency = 1> <II = 1> <Delay = 1.23> <Storage> <Opcode : 'load' 'store'> <Ports = 2> <Width = 32> <Depth = 64> <RAM>
ST_20 : Operation 1553 [1/2] (1.23ns)   --->   "%p_ZZ5conv3PA255_A255_fPA32_A5_A5_fPfS1_E7in_tile_4_1_0_load_16 = load i6 %p_ZZ5conv3PA255_A255_fPA32_A5_A5_fPfS1_E7in_tile_4_1_0_addr_16" [src/conv3.cpp:86]   --->   Operation 1553 'load' 'p_ZZ5conv3PA255_A255_fPA32_A5_A5_fPfS1_E7in_tile_4_1_0_load_16' <Predicate = true> <Delay = 1.23> <CoreInst = "RAM">   --->   Core 83 'RAM' <Latency = 1> <II = 1> <Delay = 1.23> <Storage> <Opcode : 'load' 'store'> <Ports = 2> <Width = 32> <Depth = 64> <RAM>
ST_20 : Operation 1554 [1/2] (1.23ns)   --->   "%p_ZZ5conv3PA255_A255_fPA32_A5_A5_fPfS1_E7in_tile_4_2_0_load_16 = load i6 %p_ZZ5conv3PA255_A255_fPA32_A5_A5_fPfS1_E7in_tile_4_2_0_addr_16" [src/conv3.cpp:86]   --->   Operation 1554 'load' 'p_ZZ5conv3PA255_A255_fPA32_A5_A5_fPfS1_E7in_tile_4_2_0_load_16' <Predicate = true> <Delay = 1.23> <CoreInst = "RAM">   --->   Core 83 'RAM' <Latency = 1> <II = 1> <Delay = 1.23> <Storage> <Opcode : 'load' 'store'> <Ports = 2> <Width = 32> <Depth = 64> <RAM>
ST_20 : Operation 1555 [1/2] (1.23ns)   --->   "%p_ZZ5conv3PA255_A255_fPA32_A5_A5_fPfS1_E7in_tile_4_3_0_load_16 = load i6 %p_ZZ5conv3PA255_A255_fPA32_A5_A5_fPfS1_E7in_tile_4_3_0_addr_16" [src/conv3.cpp:86]   --->   Operation 1555 'load' 'p_ZZ5conv3PA255_A255_fPA32_A5_A5_fPfS1_E7in_tile_4_3_0_load_16' <Predicate = true> <Delay = 1.23> <CoreInst = "RAM">   --->   Core 83 'RAM' <Latency = 1> <II = 1> <Delay = 1.23> <Storage> <Opcode : 'load' 'store'> <Ports = 2> <Width = 32> <Depth = 64> <RAM>
ST_20 : Operation 1556 [1/2] (1.23ns)   --->   "%p_ZZ5conv3PA255_A255_fPA32_A5_A5_fPfS1_E7in_tile_4_4_0_load_16 = load i6 %p_ZZ5conv3PA255_A255_fPA32_A5_A5_fPfS1_E7in_tile_4_4_0_addr_16" [src/conv3.cpp:86]   --->   Operation 1556 'load' 'p_ZZ5conv3PA255_A255_fPA32_A5_A5_fPfS1_E7in_tile_4_4_0_load_16' <Predicate = true> <Delay = 1.23> <CoreInst = "RAM">   --->   Core 83 'RAM' <Latency = 1> <II = 1> <Delay = 1.23> <Storage> <Opcode : 'load' 'store'> <Ports = 2> <Width = 32> <Depth = 64> <RAM>
ST_20 : Operation 1557 [2/2] (1.23ns)   --->   "%p_ZZ5conv3PA255_A255_fPA32_A5_A5_fPfS1_E7in_tile_0_0_0_load_17 = load i6 %p_ZZ5conv3PA255_A255_fPA32_A5_A5_fPfS1_E7in_tile_0_0_0_addr_17" [src/conv3.cpp:86]   --->   Operation 1557 'load' 'p_ZZ5conv3PA255_A255_fPA32_A5_A5_fPfS1_E7in_tile_0_0_0_load_17' <Predicate = true> <Delay = 1.23> <CoreInst = "RAM">   --->   Core 83 'RAM' <Latency = 1> <II = 1> <Delay = 1.23> <Storage> <Opcode : 'load' 'store'> <Ports = 2> <Width = 32> <Depth = 64> <RAM>
ST_20 : Operation 1558 [2/2] (1.23ns)   --->   "%p_ZZ5conv3PA255_A255_fPA32_A5_A5_fPfS1_E7in_tile_0_1_0_load_17 = load i6 %p_ZZ5conv3PA255_A255_fPA32_A5_A5_fPfS1_E7in_tile_0_1_0_addr_17" [src/conv3.cpp:86]   --->   Operation 1558 'load' 'p_ZZ5conv3PA255_A255_fPA32_A5_A5_fPfS1_E7in_tile_0_1_0_load_17' <Predicate = true> <Delay = 1.23> <CoreInst = "RAM">   --->   Core 83 'RAM' <Latency = 1> <II = 1> <Delay = 1.23> <Storage> <Opcode : 'load' 'store'> <Ports = 2> <Width = 32> <Depth = 64> <RAM>
ST_20 : Operation 1559 [2/2] (1.23ns)   --->   "%p_ZZ5conv3PA255_A255_fPA32_A5_A5_fPfS1_E7in_tile_0_2_0_load_17 = load i6 %p_ZZ5conv3PA255_A255_fPA32_A5_A5_fPfS1_E7in_tile_0_2_0_addr_17" [src/conv3.cpp:86]   --->   Operation 1559 'load' 'p_ZZ5conv3PA255_A255_fPA32_A5_A5_fPfS1_E7in_tile_0_2_0_load_17' <Predicate = true> <Delay = 1.23> <CoreInst = "RAM">   --->   Core 83 'RAM' <Latency = 1> <II = 1> <Delay = 1.23> <Storage> <Opcode : 'load' 'store'> <Ports = 2> <Width = 32> <Depth = 64> <RAM>
ST_20 : Operation 1560 [2/2] (1.23ns)   --->   "%p_ZZ5conv3PA255_A255_fPA32_A5_A5_fPfS1_E7in_tile_0_3_0_load_17 = load i6 %p_ZZ5conv3PA255_A255_fPA32_A5_A5_fPfS1_E7in_tile_0_3_0_addr_17" [src/conv3.cpp:86]   --->   Operation 1560 'load' 'p_ZZ5conv3PA255_A255_fPA32_A5_A5_fPfS1_E7in_tile_0_3_0_load_17' <Predicate = true> <Delay = 1.23> <CoreInst = "RAM">   --->   Core 83 'RAM' <Latency = 1> <II = 1> <Delay = 1.23> <Storage> <Opcode : 'load' 'store'> <Ports = 2> <Width = 32> <Depth = 64> <RAM>
ST_20 : Operation 1561 [2/2] (1.23ns)   --->   "%p_ZZ5conv3PA255_A255_fPA32_A5_A5_fPfS1_E7in_tile_0_4_0_load_17 = load i6 %p_ZZ5conv3PA255_A255_fPA32_A5_A5_fPfS1_E7in_tile_0_4_0_addr_17" [src/conv3.cpp:86]   --->   Operation 1561 'load' 'p_ZZ5conv3PA255_A255_fPA32_A5_A5_fPfS1_E7in_tile_0_4_0_load_17' <Predicate = true> <Delay = 1.23> <CoreInst = "RAM">   --->   Core 83 'RAM' <Latency = 1> <II = 1> <Delay = 1.23> <Storage> <Opcode : 'load' 'store'> <Ports = 2> <Width = 32> <Depth = 64> <RAM>
ST_20 : Operation 1562 [2/2] (1.23ns)   --->   "%p_ZZ5conv3PA255_A255_fPA32_A5_A5_fPfS1_E7in_tile_1_0_0_load_17 = load i6 %p_ZZ5conv3PA255_A255_fPA32_A5_A5_fPfS1_E7in_tile_1_0_0_addr_17" [src/conv3.cpp:86]   --->   Operation 1562 'load' 'p_ZZ5conv3PA255_A255_fPA32_A5_A5_fPfS1_E7in_tile_1_0_0_load_17' <Predicate = true> <Delay = 1.23> <CoreInst = "RAM">   --->   Core 83 'RAM' <Latency = 1> <II = 1> <Delay = 1.23> <Storage> <Opcode : 'load' 'store'> <Ports = 2> <Width = 32> <Depth = 64> <RAM>
ST_20 : Operation 1563 [2/2] (1.23ns)   --->   "%p_ZZ5conv3PA255_A255_fPA32_A5_A5_fPfS1_E7in_tile_1_1_0_load_17 = load i6 %p_ZZ5conv3PA255_A255_fPA32_A5_A5_fPfS1_E7in_tile_1_1_0_addr_17" [src/conv3.cpp:86]   --->   Operation 1563 'load' 'p_ZZ5conv3PA255_A255_fPA32_A5_A5_fPfS1_E7in_tile_1_1_0_load_17' <Predicate = true> <Delay = 1.23> <CoreInst = "RAM">   --->   Core 83 'RAM' <Latency = 1> <II = 1> <Delay = 1.23> <Storage> <Opcode : 'load' 'store'> <Ports = 2> <Width = 32> <Depth = 64> <RAM>
ST_20 : Operation 1564 [2/2] (1.23ns)   --->   "%p_ZZ5conv3PA255_A255_fPA32_A5_A5_fPfS1_E7in_tile_1_2_0_load_17 = load i6 %p_ZZ5conv3PA255_A255_fPA32_A5_A5_fPfS1_E7in_tile_1_2_0_addr_17" [src/conv3.cpp:86]   --->   Operation 1564 'load' 'p_ZZ5conv3PA255_A255_fPA32_A5_A5_fPfS1_E7in_tile_1_2_0_load_17' <Predicate = true> <Delay = 1.23> <CoreInst = "RAM">   --->   Core 83 'RAM' <Latency = 1> <II = 1> <Delay = 1.23> <Storage> <Opcode : 'load' 'store'> <Ports = 2> <Width = 32> <Depth = 64> <RAM>
ST_20 : Operation 1565 [2/2] (1.23ns)   --->   "%p_ZZ5conv3PA255_A255_fPA32_A5_A5_fPfS1_E7in_tile_1_3_0_load_17 = load i6 %p_ZZ5conv3PA255_A255_fPA32_A5_A5_fPfS1_E7in_tile_1_3_0_addr_17" [src/conv3.cpp:86]   --->   Operation 1565 'load' 'p_ZZ5conv3PA255_A255_fPA32_A5_A5_fPfS1_E7in_tile_1_3_0_load_17' <Predicate = true> <Delay = 1.23> <CoreInst = "RAM">   --->   Core 83 'RAM' <Latency = 1> <II = 1> <Delay = 1.23> <Storage> <Opcode : 'load' 'store'> <Ports = 2> <Width = 32> <Depth = 64> <RAM>
ST_20 : Operation 1566 [2/2] (1.23ns)   --->   "%p_ZZ5conv3PA255_A255_fPA32_A5_A5_fPfS1_E7in_tile_1_4_0_load_17 = load i6 %p_ZZ5conv3PA255_A255_fPA32_A5_A5_fPfS1_E7in_tile_1_4_0_addr_17" [src/conv3.cpp:86]   --->   Operation 1566 'load' 'p_ZZ5conv3PA255_A255_fPA32_A5_A5_fPfS1_E7in_tile_1_4_0_load_17' <Predicate = true> <Delay = 1.23> <CoreInst = "RAM">   --->   Core 83 'RAM' <Latency = 1> <II = 1> <Delay = 1.23> <Storage> <Opcode : 'load' 'store'> <Ports = 2> <Width = 32> <Depth = 64> <RAM>
ST_20 : Operation 1567 [2/2] (1.23ns)   --->   "%p_ZZ5conv3PA255_A255_fPA32_A5_A5_fPfS1_E7in_tile_2_0_0_load_17 = load i6 %p_ZZ5conv3PA255_A255_fPA32_A5_A5_fPfS1_E7in_tile_2_0_0_addr_17" [src/conv3.cpp:86]   --->   Operation 1567 'load' 'p_ZZ5conv3PA255_A255_fPA32_A5_A5_fPfS1_E7in_tile_2_0_0_load_17' <Predicate = true> <Delay = 1.23> <CoreInst = "RAM">   --->   Core 83 'RAM' <Latency = 1> <II = 1> <Delay = 1.23> <Storage> <Opcode : 'load' 'store'> <Ports = 2> <Width = 32> <Depth = 64> <RAM>
ST_20 : Operation 1568 [2/2] (1.23ns)   --->   "%p_ZZ5conv3PA255_A255_fPA32_A5_A5_fPfS1_E7in_tile_2_1_0_load_17 = load i6 %p_ZZ5conv3PA255_A255_fPA32_A5_A5_fPfS1_E7in_tile_2_1_0_addr_17" [src/conv3.cpp:86]   --->   Operation 1568 'load' 'p_ZZ5conv3PA255_A255_fPA32_A5_A5_fPfS1_E7in_tile_2_1_0_load_17' <Predicate = true> <Delay = 1.23> <CoreInst = "RAM">   --->   Core 83 'RAM' <Latency = 1> <II = 1> <Delay = 1.23> <Storage> <Opcode : 'load' 'store'> <Ports = 2> <Width = 32> <Depth = 64> <RAM>
ST_20 : Operation 1569 [2/2] (1.23ns)   --->   "%p_ZZ5conv3PA255_A255_fPA32_A5_A5_fPfS1_E7in_tile_2_2_0_load_17 = load i6 %p_ZZ5conv3PA255_A255_fPA32_A5_A5_fPfS1_E7in_tile_2_2_0_addr_17" [src/conv3.cpp:86]   --->   Operation 1569 'load' 'p_ZZ5conv3PA255_A255_fPA32_A5_A5_fPfS1_E7in_tile_2_2_0_load_17' <Predicate = true> <Delay = 1.23> <CoreInst = "RAM">   --->   Core 83 'RAM' <Latency = 1> <II = 1> <Delay = 1.23> <Storage> <Opcode : 'load' 'store'> <Ports = 2> <Width = 32> <Depth = 64> <RAM>
ST_20 : Operation 1570 [2/2] (1.23ns)   --->   "%p_ZZ5conv3PA255_A255_fPA32_A5_A5_fPfS1_E7in_tile_2_3_0_load_17 = load i6 %p_ZZ5conv3PA255_A255_fPA32_A5_A5_fPfS1_E7in_tile_2_3_0_addr_17" [src/conv3.cpp:86]   --->   Operation 1570 'load' 'p_ZZ5conv3PA255_A255_fPA32_A5_A5_fPfS1_E7in_tile_2_3_0_load_17' <Predicate = true> <Delay = 1.23> <CoreInst = "RAM">   --->   Core 83 'RAM' <Latency = 1> <II = 1> <Delay = 1.23> <Storage> <Opcode : 'load' 'store'> <Ports = 2> <Width = 32> <Depth = 64> <RAM>
ST_20 : Operation 1571 [2/2] (1.23ns)   --->   "%p_ZZ5conv3PA255_A255_fPA32_A5_A5_fPfS1_E7in_tile_2_4_0_load_17 = load i6 %p_ZZ5conv3PA255_A255_fPA32_A5_A5_fPfS1_E7in_tile_2_4_0_addr_17" [src/conv3.cpp:86]   --->   Operation 1571 'load' 'p_ZZ5conv3PA255_A255_fPA32_A5_A5_fPfS1_E7in_tile_2_4_0_load_17' <Predicate = true> <Delay = 1.23> <CoreInst = "RAM">   --->   Core 83 'RAM' <Latency = 1> <II = 1> <Delay = 1.23> <Storage> <Opcode : 'load' 'store'> <Ports = 2> <Width = 32> <Depth = 64> <RAM>
ST_20 : Operation 1572 [2/2] (1.23ns)   --->   "%p_ZZ5conv3PA255_A255_fPA32_A5_A5_fPfS1_E7in_tile_3_0_0_load_17 = load i6 %p_ZZ5conv3PA255_A255_fPA32_A5_A5_fPfS1_E7in_tile_3_0_0_addr_17" [src/conv3.cpp:86]   --->   Operation 1572 'load' 'p_ZZ5conv3PA255_A255_fPA32_A5_A5_fPfS1_E7in_tile_3_0_0_load_17' <Predicate = true> <Delay = 1.23> <CoreInst = "RAM">   --->   Core 83 'RAM' <Latency = 1> <II = 1> <Delay = 1.23> <Storage> <Opcode : 'load' 'store'> <Ports = 2> <Width = 32> <Depth = 64> <RAM>
ST_20 : Operation 1573 [2/2] (1.23ns)   --->   "%p_ZZ5conv3PA255_A255_fPA32_A5_A5_fPfS1_E7in_tile_3_1_0_load_17 = load i6 %p_ZZ5conv3PA255_A255_fPA32_A5_A5_fPfS1_E7in_tile_3_1_0_addr_17" [src/conv3.cpp:86]   --->   Operation 1573 'load' 'p_ZZ5conv3PA255_A255_fPA32_A5_A5_fPfS1_E7in_tile_3_1_0_load_17' <Predicate = true> <Delay = 1.23> <CoreInst = "RAM">   --->   Core 83 'RAM' <Latency = 1> <II = 1> <Delay = 1.23> <Storage> <Opcode : 'load' 'store'> <Ports = 2> <Width = 32> <Depth = 64> <RAM>
ST_20 : Operation 1574 [2/2] (1.23ns)   --->   "%p_ZZ5conv3PA255_A255_fPA32_A5_A5_fPfS1_E7in_tile_3_2_0_load_17 = load i6 %p_ZZ5conv3PA255_A255_fPA32_A5_A5_fPfS1_E7in_tile_3_2_0_addr_17" [src/conv3.cpp:86]   --->   Operation 1574 'load' 'p_ZZ5conv3PA255_A255_fPA32_A5_A5_fPfS1_E7in_tile_3_2_0_load_17' <Predicate = true> <Delay = 1.23> <CoreInst = "RAM">   --->   Core 83 'RAM' <Latency = 1> <II = 1> <Delay = 1.23> <Storage> <Opcode : 'load' 'store'> <Ports = 2> <Width = 32> <Depth = 64> <RAM>
ST_20 : Operation 1575 [2/2] (1.23ns)   --->   "%p_ZZ5conv3PA255_A255_fPA32_A5_A5_fPfS1_E7in_tile_3_3_0_load_17 = load i6 %p_ZZ5conv3PA255_A255_fPA32_A5_A5_fPfS1_E7in_tile_3_3_0_addr_17" [src/conv3.cpp:86]   --->   Operation 1575 'load' 'p_ZZ5conv3PA255_A255_fPA32_A5_A5_fPfS1_E7in_tile_3_3_0_load_17' <Predicate = true> <Delay = 1.23> <CoreInst = "RAM">   --->   Core 83 'RAM' <Latency = 1> <II = 1> <Delay = 1.23> <Storage> <Opcode : 'load' 'store'> <Ports = 2> <Width = 32> <Depth = 64> <RAM>
ST_20 : Operation 1576 [2/2] (1.23ns)   --->   "%p_ZZ5conv3PA255_A255_fPA32_A5_A5_fPfS1_E7in_tile_3_4_0_load_17 = load i6 %p_ZZ5conv3PA255_A255_fPA32_A5_A5_fPfS1_E7in_tile_3_4_0_addr_17" [src/conv3.cpp:86]   --->   Operation 1576 'load' 'p_ZZ5conv3PA255_A255_fPA32_A5_A5_fPfS1_E7in_tile_3_4_0_load_17' <Predicate = true> <Delay = 1.23> <CoreInst = "RAM">   --->   Core 83 'RAM' <Latency = 1> <II = 1> <Delay = 1.23> <Storage> <Opcode : 'load' 'store'> <Ports = 2> <Width = 32> <Depth = 64> <RAM>
ST_20 : Operation 1577 [2/2] (1.23ns)   --->   "%p_ZZ5conv3PA255_A255_fPA32_A5_A5_fPfS1_E7in_tile_4_0_0_load_17 = load i6 %p_ZZ5conv3PA255_A255_fPA32_A5_A5_fPfS1_E7in_tile_4_0_0_addr_17" [src/conv3.cpp:86]   --->   Operation 1577 'load' 'p_ZZ5conv3PA255_A255_fPA32_A5_A5_fPfS1_E7in_tile_4_0_0_load_17' <Predicate = true> <Delay = 1.23> <CoreInst = "RAM">   --->   Core 83 'RAM' <Latency = 1> <II = 1> <Delay = 1.23> <Storage> <Opcode : 'load' 'store'> <Ports = 2> <Width = 32> <Depth = 64> <RAM>
ST_20 : Operation 1578 [2/2] (1.23ns)   --->   "%p_ZZ5conv3PA255_A255_fPA32_A5_A5_fPfS1_E7in_tile_4_1_0_load_17 = load i6 %p_ZZ5conv3PA255_A255_fPA32_A5_A5_fPfS1_E7in_tile_4_1_0_addr_17" [src/conv3.cpp:86]   --->   Operation 1578 'load' 'p_ZZ5conv3PA255_A255_fPA32_A5_A5_fPfS1_E7in_tile_4_1_0_load_17' <Predicate = true> <Delay = 1.23> <CoreInst = "RAM">   --->   Core 83 'RAM' <Latency = 1> <II = 1> <Delay = 1.23> <Storage> <Opcode : 'load' 'store'> <Ports = 2> <Width = 32> <Depth = 64> <RAM>
ST_20 : Operation 1579 [2/2] (1.23ns)   --->   "%p_ZZ5conv3PA255_A255_fPA32_A5_A5_fPfS1_E7in_tile_4_2_0_load_17 = load i6 %p_ZZ5conv3PA255_A255_fPA32_A5_A5_fPfS1_E7in_tile_4_2_0_addr_17" [src/conv3.cpp:86]   --->   Operation 1579 'load' 'p_ZZ5conv3PA255_A255_fPA32_A5_A5_fPfS1_E7in_tile_4_2_0_load_17' <Predicate = true> <Delay = 1.23> <CoreInst = "RAM">   --->   Core 83 'RAM' <Latency = 1> <II = 1> <Delay = 1.23> <Storage> <Opcode : 'load' 'store'> <Ports = 2> <Width = 32> <Depth = 64> <RAM>
ST_20 : Operation 1580 [2/2] (1.23ns)   --->   "%p_ZZ5conv3PA255_A255_fPA32_A5_A5_fPfS1_E7in_tile_4_3_0_load_17 = load i6 %p_ZZ5conv3PA255_A255_fPA32_A5_A5_fPfS1_E7in_tile_4_3_0_addr_17" [src/conv3.cpp:86]   --->   Operation 1580 'load' 'p_ZZ5conv3PA255_A255_fPA32_A5_A5_fPfS1_E7in_tile_4_3_0_load_17' <Predicate = true> <Delay = 1.23> <CoreInst = "RAM">   --->   Core 83 'RAM' <Latency = 1> <II = 1> <Delay = 1.23> <Storage> <Opcode : 'load' 'store'> <Ports = 2> <Width = 32> <Depth = 64> <RAM>
ST_20 : Operation 1581 [2/2] (1.23ns)   --->   "%p_ZZ5conv3PA255_A255_fPA32_A5_A5_fPfS1_E7in_tile_4_4_0_load_17 = load i6 %p_ZZ5conv3PA255_A255_fPA32_A5_A5_fPfS1_E7in_tile_4_4_0_addr_17" [src/conv3.cpp:86]   --->   Operation 1581 'load' 'p_ZZ5conv3PA255_A255_fPA32_A5_A5_fPfS1_E7in_tile_4_4_0_load_17' <Predicate = true> <Delay = 1.23> <CoreInst = "RAM">   --->   Core 83 'RAM' <Latency = 1> <II = 1> <Delay = 1.23> <Storage> <Opcode : 'load' 'store'> <Ports = 2> <Width = 32> <Depth = 64> <RAM>
ST_20 : Operation 1582 [2/2] (1.23ns)   --->   "%p_ZZ5conv3PA255_A255_fPA32_A5_A5_fPfS1_E7in_tile_0_0_0_load_18 = load i6 %p_ZZ5conv3PA255_A255_fPA32_A5_A5_fPfS1_E7in_tile_0_0_0_addr_18" [src/conv3.cpp:86]   --->   Operation 1582 'load' 'p_ZZ5conv3PA255_A255_fPA32_A5_A5_fPfS1_E7in_tile_0_0_0_load_18' <Predicate = true> <Delay = 1.23> <CoreInst = "RAM">   --->   Core 83 'RAM' <Latency = 1> <II = 1> <Delay = 1.23> <Storage> <Opcode : 'load' 'store'> <Ports = 2> <Width = 32> <Depth = 64> <RAM>
ST_20 : Operation 1583 [2/2] (1.23ns)   --->   "%p_ZZ5conv3PA255_A255_fPA32_A5_A5_fPfS1_E7in_tile_0_1_0_load_18 = load i6 %p_ZZ5conv3PA255_A255_fPA32_A5_A5_fPfS1_E7in_tile_0_1_0_addr_18" [src/conv3.cpp:86]   --->   Operation 1583 'load' 'p_ZZ5conv3PA255_A255_fPA32_A5_A5_fPfS1_E7in_tile_0_1_0_load_18' <Predicate = true> <Delay = 1.23> <CoreInst = "RAM">   --->   Core 83 'RAM' <Latency = 1> <II = 1> <Delay = 1.23> <Storage> <Opcode : 'load' 'store'> <Ports = 2> <Width = 32> <Depth = 64> <RAM>
ST_20 : Operation 1584 [2/2] (1.23ns)   --->   "%p_ZZ5conv3PA255_A255_fPA32_A5_A5_fPfS1_E7in_tile_0_2_0_load_18 = load i6 %p_ZZ5conv3PA255_A255_fPA32_A5_A5_fPfS1_E7in_tile_0_2_0_addr_18" [src/conv3.cpp:86]   --->   Operation 1584 'load' 'p_ZZ5conv3PA255_A255_fPA32_A5_A5_fPfS1_E7in_tile_0_2_0_load_18' <Predicate = true> <Delay = 1.23> <CoreInst = "RAM">   --->   Core 83 'RAM' <Latency = 1> <II = 1> <Delay = 1.23> <Storage> <Opcode : 'load' 'store'> <Ports = 2> <Width = 32> <Depth = 64> <RAM>
ST_20 : Operation 1585 [2/2] (1.23ns)   --->   "%p_ZZ5conv3PA255_A255_fPA32_A5_A5_fPfS1_E7in_tile_0_3_0_load_18 = load i6 %p_ZZ5conv3PA255_A255_fPA32_A5_A5_fPfS1_E7in_tile_0_3_0_addr_18" [src/conv3.cpp:86]   --->   Operation 1585 'load' 'p_ZZ5conv3PA255_A255_fPA32_A5_A5_fPfS1_E7in_tile_0_3_0_load_18' <Predicate = true> <Delay = 1.23> <CoreInst = "RAM">   --->   Core 83 'RAM' <Latency = 1> <II = 1> <Delay = 1.23> <Storage> <Opcode : 'load' 'store'> <Ports = 2> <Width = 32> <Depth = 64> <RAM>
ST_20 : Operation 1586 [2/2] (1.23ns)   --->   "%p_ZZ5conv3PA255_A255_fPA32_A5_A5_fPfS1_E7in_tile_0_4_0_load_18 = load i6 %p_ZZ5conv3PA255_A255_fPA32_A5_A5_fPfS1_E7in_tile_0_4_0_addr_18" [src/conv3.cpp:86]   --->   Operation 1586 'load' 'p_ZZ5conv3PA255_A255_fPA32_A5_A5_fPfS1_E7in_tile_0_4_0_load_18' <Predicate = true> <Delay = 1.23> <CoreInst = "RAM">   --->   Core 83 'RAM' <Latency = 1> <II = 1> <Delay = 1.23> <Storage> <Opcode : 'load' 'store'> <Ports = 2> <Width = 32> <Depth = 64> <RAM>
ST_20 : Operation 1587 [2/2] (1.23ns)   --->   "%p_ZZ5conv3PA255_A255_fPA32_A5_A5_fPfS1_E7in_tile_1_0_0_load_18 = load i6 %p_ZZ5conv3PA255_A255_fPA32_A5_A5_fPfS1_E7in_tile_1_0_0_addr_18" [src/conv3.cpp:86]   --->   Operation 1587 'load' 'p_ZZ5conv3PA255_A255_fPA32_A5_A5_fPfS1_E7in_tile_1_0_0_load_18' <Predicate = true> <Delay = 1.23> <CoreInst = "RAM">   --->   Core 83 'RAM' <Latency = 1> <II = 1> <Delay = 1.23> <Storage> <Opcode : 'load' 'store'> <Ports = 2> <Width = 32> <Depth = 64> <RAM>
ST_20 : Operation 1588 [2/2] (1.23ns)   --->   "%p_ZZ5conv3PA255_A255_fPA32_A5_A5_fPfS1_E7in_tile_1_1_0_load_18 = load i6 %p_ZZ5conv3PA255_A255_fPA32_A5_A5_fPfS1_E7in_tile_1_1_0_addr_18" [src/conv3.cpp:86]   --->   Operation 1588 'load' 'p_ZZ5conv3PA255_A255_fPA32_A5_A5_fPfS1_E7in_tile_1_1_0_load_18' <Predicate = true> <Delay = 1.23> <CoreInst = "RAM">   --->   Core 83 'RAM' <Latency = 1> <II = 1> <Delay = 1.23> <Storage> <Opcode : 'load' 'store'> <Ports = 2> <Width = 32> <Depth = 64> <RAM>
ST_20 : Operation 1589 [2/2] (1.23ns)   --->   "%p_ZZ5conv3PA255_A255_fPA32_A5_A5_fPfS1_E7in_tile_1_2_0_load_18 = load i6 %p_ZZ5conv3PA255_A255_fPA32_A5_A5_fPfS1_E7in_tile_1_2_0_addr_18" [src/conv3.cpp:86]   --->   Operation 1589 'load' 'p_ZZ5conv3PA255_A255_fPA32_A5_A5_fPfS1_E7in_tile_1_2_0_load_18' <Predicate = true> <Delay = 1.23> <CoreInst = "RAM">   --->   Core 83 'RAM' <Latency = 1> <II = 1> <Delay = 1.23> <Storage> <Opcode : 'load' 'store'> <Ports = 2> <Width = 32> <Depth = 64> <RAM>
ST_20 : Operation 1590 [2/2] (1.23ns)   --->   "%p_ZZ5conv3PA255_A255_fPA32_A5_A5_fPfS1_E7in_tile_1_3_0_load_18 = load i6 %p_ZZ5conv3PA255_A255_fPA32_A5_A5_fPfS1_E7in_tile_1_3_0_addr_18" [src/conv3.cpp:86]   --->   Operation 1590 'load' 'p_ZZ5conv3PA255_A255_fPA32_A5_A5_fPfS1_E7in_tile_1_3_0_load_18' <Predicate = true> <Delay = 1.23> <CoreInst = "RAM">   --->   Core 83 'RAM' <Latency = 1> <II = 1> <Delay = 1.23> <Storage> <Opcode : 'load' 'store'> <Ports = 2> <Width = 32> <Depth = 64> <RAM>
ST_20 : Operation 1591 [2/2] (1.23ns)   --->   "%p_ZZ5conv3PA255_A255_fPA32_A5_A5_fPfS1_E7in_tile_1_4_0_load_18 = load i6 %p_ZZ5conv3PA255_A255_fPA32_A5_A5_fPfS1_E7in_tile_1_4_0_addr_18" [src/conv3.cpp:86]   --->   Operation 1591 'load' 'p_ZZ5conv3PA255_A255_fPA32_A5_A5_fPfS1_E7in_tile_1_4_0_load_18' <Predicate = true> <Delay = 1.23> <CoreInst = "RAM">   --->   Core 83 'RAM' <Latency = 1> <II = 1> <Delay = 1.23> <Storage> <Opcode : 'load' 'store'> <Ports = 2> <Width = 32> <Depth = 64> <RAM>
ST_20 : Operation 1592 [2/2] (1.23ns)   --->   "%p_ZZ5conv3PA255_A255_fPA32_A5_A5_fPfS1_E7in_tile_2_0_0_load_18 = load i6 %p_ZZ5conv3PA255_A255_fPA32_A5_A5_fPfS1_E7in_tile_2_0_0_addr_18" [src/conv3.cpp:86]   --->   Operation 1592 'load' 'p_ZZ5conv3PA255_A255_fPA32_A5_A5_fPfS1_E7in_tile_2_0_0_load_18' <Predicate = true> <Delay = 1.23> <CoreInst = "RAM">   --->   Core 83 'RAM' <Latency = 1> <II = 1> <Delay = 1.23> <Storage> <Opcode : 'load' 'store'> <Ports = 2> <Width = 32> <Depth = 64> <RAM>
ST_20 : Operation 1593 [2/2] (1.23ns)   --->   "%p_ZZ5conv3PA255_A255_fPA32_A5_A5_fPfS1_E7in_tile_2_1_0_load_18 = load i6 %p_ZZ5conv3PA255_A255_fPA32_A5_A5_fPfS1_E7in_tile_2_1_0_addr_18" [src/conv3.cpp:86]   --->   Operation 1593 'load' 'p_ZZ5conv3PA255_A255_fPA32_A5_A5_fPfS1_E7in_tile_2_1_0_load_18' <Predicate = true> <Delay = 1.23> <CoreInst = "RAM">   --->   Core 83 'RAM' <Latency = 1> <II = 1> <Delay = 1.23> <Storage> <Opcode : 'load' 'store'> <Ports = 2> <Width = 32> <Depth = 64> <RAM>
ST_20 : Operation 1594 [2/2] (1.23ns)   --->   "%p_ZZ5conv3PA255_A255_fPA32_A5_A5_fPfS1_E7in_tile_2_2_0_load_18 = load i6 %p_ZZ5conv3PA255_A255_fPA32_A5_A5_fPfS1_E7in_tile_2_2_0_addr_18" [src/conv3.cpp:86]   --->   Operation 1594 'load' 'p_ZZ5conv3PA255_A255_fPA32_A5_A5_fPfS1_E7in_tile_2_2_0_load_18' <Predicate = true> <Delay = 1.23> <CoreInst = "RAM">   --->   Core 83 'RAM' <Latency = 1> <II = 1> <Delay = 1.23> <Storage> <Opcode : 'load' 'store'> <Ports = 2> <Width = 32> <Depth = 64> <RAM>
ST_20 : Operation 1595 [2/2] (1.23ns)   --->   "%p_ZZ5conv3PA255_A255_fPA32_A5_A5_fPfS1_E7in_tile_2_3_0_load_18 = load i6 %p_ZZ5conv3PA255_A255_fPA32_A5_A5_fPfS1_E7in_tile_2_3_0_addr_18" [src/conv3.cpp:86]   --->   Operation 1595 'load' 'p_ZZ5conv3PA255_A255_fPA32_A5_A5_fPfS1_E7in_tile_2_3_0_load_18' <Predicate = true> <Delay = 1.23> <CoreInst = "RAM">   --->   Core 83 'RAM' <Latency = 1> <II = 1> <Delay = 1.23> <Storage> <Opcode : 'load' 'store'> <Ports = 2> <Width = 32> <Depth = 64> <RAM>
ST_20 : Operation 1596 [2/2] (1.23ns)   --->   "%p_ZZ5conv3PA255_A255_fPA32_A5_A5_fPfS1_E7in_tile_2_4_0_load_18 = load i6 %p_ZZ5conv3PA255_A255_fPA32_A5_A5_fPfS1_E7in_tile_2_4_0_addr_18" [src/conv3.cpp:86]   --->   Operation 1596 'load' 'p_ZZ5conv3PA255_A255_fPA32_A5_A5_fPfS1_E7in_tile_2_4_0_load_18' <Predicate = true> <Delay = 1.23> <CoreInst = "RAM">   --->   Core 83 'RAM' <Latency = 1> <II = 1> <Delay = 1.23> <Storage> <Opcode : 'load' 'store'> <Ports = 2> <Width = 32> <Depth = 64> <RAM>
ST_20 : Operation 1597 [2/2] (1.23ns)   --->   "%p_ZZ5conv3PA255_A255_fPA32_A5_A5_fPfS1_E7in_tile_3_0_0_load_18 = load i6 %p_ZZ5conv3PA255_A255_fPA32_A5_A5_fPfS1_E7in_tile_3_0_0_addr_18" [src/conv3.cpp:86]   --->   Operation 1597 'load' 'p_ZZ5conv3PA255_A255_fPA32_A5_A5_fPfS1_E7in_tile_3_0_0_load_18' <Predicate = true> <Delay = 1.23> <CoreInst = "RAM">   --->   Core 83 'RAM' <Latency = 1> <II = 1> <Delay = 1.23> <Storage> <Opcode : 'load' 'store'> <Ports = 2> <Width = 32> <Depth = 64> <RAM>
ST_20 : Operation 1598 [2/2] (1.23ns)   --->   "%p_ZZ5conv3PA255_A255_fPA32_A5_A5_fPfS1_E7in_tile_3_1_0_load_18 = load i6 %p_ZZ5conv3PA255_A255_fPA32_A5_A5_fPfS1_E7in_tile_3_1_0_addr_18" [src/conv3.cpp:86]   --->   Operation 1598 'load' 'p_ZZ5conv3PA255_A255_fPA32_A5_A5_fPfS1_E7in_tile_3_1_0_load_18' <Predicate = true> <Delay = 1.23> <CoreInst = "RAM">   --->   Core 83 'RAM' <Latency = 1> <II = 1> <Delay = 1.23> <Storage> <Opcode : 'load' 'store'> <Ports = 2> <Width = 32> <Depth = 64> <RAM>
ST_20 : Operation 1599 [2/2] (1.23ns)   --->   "%p_ZZ5conv3PA255_A255_fPA32_A5_A5_fPfS1_E7in_tile_3_2_0_load_18 = load i6 %p_ZZ5conv3PA255_A255_fPA32_A5_A5_fPfS1_E7in_tile_3_2_0_addr_18" [src/conv3.cpp:86]   --->   Operation 1599 'load' 'p_ZZ5conv3PA255_A255_fPA32_A5_A5_fPfS1_E7in_tile_3_2_0_load_18' <Predicate = true> <Delay = 1.23> <CoreInst = "RAM">   --->   Core 83 'RAM' <Latency = 1> <II = 1> <Delay = 1.23> <Storage> <Opcode : 'load' 'store'> <Ports = 2> <Width = 32> <Depth = 64> <RAM>
ST_20 : Operation 1600 [2/2] (1.23ns)   --->   "%p_ZZ5conv3PA255_A255_fPA32_A5_A5_fPfS1_E7in_tile_3_3_0_load_18 = load i6 %p_ZZ5conv3PA255_A255_fPA32_A5_A5_fPfS1_E7in_tile_3_3_0_addr_18" [src/conv3.cpp:86]   --->   Operation 1600 'load' 'p_ZZ5conv3PA255_A255_fPA32_A5_A5_fPfS1_E7in_tile_3_3_0_load_18' <Predicate = true> <Delay = 1.23> <CoreInst = "RAM">   --->   Core 83 'RAM' <Latency = 1> <II = 1> <Delay = 1.23> <Storage> <Opcode : 'load' 'store'> <Ports = 2> <Width = 32> <Depth = 64> <RAM>
ST_20 : Operation 1601 [2/2] (1.23ns)   --->   "%p_ZZ5conv3PA255_A255_fPA32_A5_A5_fPfS1_E7in_tile_3_4_0_load_18 = load i6 %p_ZZ5conv3PA255_A255_fPA32_A5_A5_fPfS1_E7in_tile_3_4_0_addr_18" [src/conv3.cpp:86]   --->   Operation 1601 'load' 'p_ZZ5conv3PA255_A255_fPA32_A5_A5_fPfS1_E7in_tile_3_4_0_load_18' <Predicate = true> <Delay = 1.23> <CoreInst = "RAM">   --->   Core 83 'RAM' <Latency = 1> <II = 1> <Delay = 1.23> <Storage> <Opcode : 'load' 'store'> <Ports = 2> <Width = 32> <Depth = 64> <RAM>
ST_20 : Operation 1602 [2/2] (1.23ns)   --->   "%p_ZZ5conv3PA255_A255_fPA32_A5_A5_fPfS1_E7in_tile_4_0_0_load_18 = load i6 %p_ZZ5conv3PA255_A255_fPA32_A5_A5_fPfS1_E7in_tile_4_0_0_addr_18" [src/conv3.cpp:86]   --->   Operation 1602 'load' 'p_ZZ5conv3PA255_A255_fPA32_A5_A5_fPfS1_E7in_tile_4_0_0_load_18' <Predicate = true> <Delay = 1.23> <CoreInst = "RAM">   --->   Core 83 'RAM' <Latency = 1> <II = 1> <Delay = 1.23> <Storage> <Opcode : 'load' 'store'> <Ports = 2> <Width = 32> <Depth = 64> <RAM>
ST_20 : Operation 1603 [2/2] (1.23ns)   --->   "%p_ZZ5conv3PA255_A255_fPA32_A5_A5_fPfS1_E7in_tile_4_1_0_load_18 = load i6 %p_ZZ5conv3PA255_A255_fPA32_A5_A5_fPfS1_E7in_tile_4_1_0_addr_18" [src/conv3.cpp:86]   --->   Operation 1603 'load' 'p_ZZ5conv3PA255_A255_fPA32_A5_A5_fPfS1_E7in_tile_4_1_0_load_18' <Predicate = true> <Delay = 1.23> <CoreInst = "RAM">   --->   Core 83 'RAM' <Latency = 1> <II = 1> <Delay = 1.23> <Storage> <Opcode : 'load' 'store'> <Ports = 2> <Width = 32> <Depth = 64> <RAM>
ST_20 : Operation 1604 [2/2] (1.23ns)   --->   "%p_ZZ5conv3PA255_A255_fPA32_A5_A5_fPfS1_E7in_tile_4_2_0_load_18 = load i6 %p_ZZ5conv3PA255_A255_fPA32_A5_A5_fPfS1_E7in_tile_4_2_0_addr_18" [src/conv3.cpp:86]   --->   Operation 1604 'load' 'p_ZZ5conv3PA255_A255_fPA32_A5_A5_fPfS1_E7in_tile_4_2_0_load_18' <Predicate = true> <Delay = 1.23> <CoreInst = "RAM">   --->   Core 83 'RAM' <Latency = 1> <II = 1> <Delay = 1.23> <Storage> <Opcode : 'load' 'store'> <Ports = 2> <Width = 32> <Depth = 64> <RAM>
ST_20 : Operation 1605 [2/2] (1.23ns)   --->   "%p_ZZ5conv3PA255_A255_fPA32_A5_A5_fPfS1_E7in_tile_4_3_0_load_18 = load i6 %p_ZZ5conv3PA255_A255_fPA32_A5_A5_fPfS1_E7in_tile_4_3_0_addr_18" [src/conv3.cpp:86]   --->   Operation 1605 'load' 'p_ZZ5conv3PA255_A255_fPA32_A5_A5_fPfS1_E7in_tile_4_3_0_load_18' <Predicate = true> <Delay = 1.23> <CoreInst = "RAM">   --->   Core 83 'RAM' <Latency = 1> <II = 1> <Delay = 1.23> <Storage> <Opcode : 'load' 'store'> <Ports = 2> <Width = 32> <Depth = 64> <RAM>
ST_20 : Operation 1606 [2/2] (1.23ns)   --->   "%p_ZZ5conv3PA255_A255_fPA32_A5_A5_fPfS1_E7in_tile_4_4_0_load_18 = load i6 %p_ZZ5conv3PA255_A255_fPA32_A5_A5_fPfS1_E7in_tile_4_4_0_addr_18" [src/conv3.cpp:86]   --->   Operation 1606 'load' 'p_ZZ5conv3PA255_A255_fPA32_A5_A5_fPfS1_E7in_tile_4_4_0_load_18' <Predicate = true> <Delay = 1.23> <CoreInst = "RAM">   --->   Core 83 'RAM' <Latency = 1> <II = 1> <Delay = 1.23> <Storage> <Opcode : 'load' 'store'> <Ports = 2> <Width = 32> <Depth = 64> <RAM>

State 21 <SV = 20> <Delay = 1.23>
ST_21 : Operation 1607 [1/1] (0.00ns)   --->   "%p_cast82 = zext i6 %empty_61" [src/conv3.cpp:74]   --->   Operation 1607 'zext' 'p_cast82' <Predicate = true> <Delay = 0.00>
ST_21 : Operation 1608 [1/1] (0.00ns)   --->   "%p_ZZ5conv3PA255_A255_fPA32_A5_A5_fPfS1_E7in_tile_0_0_0_addr_19 = getelementptr i32 %p_ZZ5conv3PA255_A255_fPA32_A5_A5_fPfS1_E7in_tile_0_0_0, i64 0, i64 %p_cast82" [src/conv3.cpp:74]   --->   Operation 1608 'getelementptr' 'p_ZZ5conv3PA255_A255_fPA32_A5_A5_fPfS1_E7in_tile_0_0_0_addr_19' <Predicate = true> <Delay = 0.00>
ST_21 : Operation 1609 [1/1] (0.00ns)   --->   "%p_ZZ5conv3PA255_A255_fPA32_A5_A5_fPfS1_E7in_tile_0_1_0_addr_19 = getelementptr i32 %p_ZZ5conv3PA255_A255_fPA32_A5_A5_fPfS1_E7in_tile_0_1_0, i64 0, i64 %p_cast82" [src/conv3.cpp:74]   --->   Operation 1609 'getelementptr' 'p_ZZ5conv3PA255_A255_fPA32_A5_A5_fPfS1_E7in_tile_0_1_0_addr_19' <Predicate = true> <Delay = 0.00>
ST_21 : Operation 1610 [1/1] (0.00ns)   --->   "%p_ZZ5conv3PA255_A255_fPA32_A5_A5_fPfS1_E7in_tile_0_2_0_addr_19 = getelementptr i32 %p_ZZ5conv3PA255_A255_fPA32_A5_A5_fPfS1_E7in_tile_0_2_0, i64 0, i64 %p_cast82" [src/conv3.cpp:74]   --->   Operation 1610 'getelementptr' 'p_ZZ5conv3PA255_A255_fPA32_A5_A5_fPfS1_E7in_tile_0_2_0_addr_19' <Predicate = true> <Delay = 0.00>
ST_21 : Operation 1611 [1/1] (0.00ns)   --->   "%p_ZZ5conv3PA255_A255_fPA32_A5_A5_fPfS1_E7in_tile_0_3_0_addr_19 = getelementptr i32 %p_ZZ5conv3PA255_A255_fPA32_A5_A5_fPfS1_E7in_tile_0_3_0, i64 0, i64 %p_cast82" [src/conv3.cpp:74]   --->   Operation 1611 'getelementptr' 'p_ZZ5conv3PA255_A255_fPA32_A5_A5_fPfS1_E7in_tile_0_3_0_addr_19' <Predicate = true> <Delay = 0.00>
ST_21 : Operation 1612 [1/1] (0.00ns)   --->   "%p_ZZ5conv3PA255_A255_fPA32_A5_A5_fPfS1_E7in_tile_0_4_0_addr_19 = getelementptr i32 %p_ZZ5conv3PA255_A255_fPA32_A5_A5_fPfS1_E7in_tile_0_4_0, i64 0, i64 %p_cast82" [src/conv3.cpp:74]   --->   Operation 1612 'getelementptr' 'p_ZZ5conv3PA255_A255_fPA32_A5_A5_fPfS1_E7in_tile_0_4_0_addr_19' <Predicate = true> <Delay = 0.00>
ST_21 : Operation 1613 [1/1] (0.00ns)   --->   "%p_ZZ5conv3PA255_A255_fPA32_A5_A5_fPfS1_E7in_tile_1_0_0_addr_19 = getelementptr i32 %p_ZZ5conv3PA255_A255_fPA32_A5_A5_fPfS1_E7in_tile_1_0_0, i64 0, i64 %p_cast82" [src/conv3.cpp:74]   --->   Operation 1613 'getelementptr' 'p_ZZ5conv3PA255_A255_fPA32_A5_A5_fPfS1_E7in_tile_1_0_0_addr_19' <Predicate = true> <Delay = 0.00>
ST_21 : Operation 1614 [1/1] (0.00ns)   --->   "%p_ZZ5conv3PA255_A255_fPA32_A5_A5_fPfS1_E7in_tile_1_1_0_addr_19 = getelementptr i32 %p_ZZ5conv3PA255_A255_fPA32_A5_A5_fPfS1_E7in_tile_1_1_0, i64 0, i64 %p_cast82" [src/conv3.cpp:74]   --->   Operation 1614 'getelementptr' 'p_ZZ5conv3PA255_A255_fPA32_A5_A5_fPfS1_E7in_tile_1_1_0_addr_19' <Predicate = true> <Delay = 0.00>
ST_21 : Operation 1615 [1/1] (0.00ns)   --->   "%p_ZZ5conv3PA255_A255_fPA32_A5_A5_fPfS1_E7in_tile_1_2_0_addr_19 = getelementptr i32 %p_ZZ5conv3PA255_A255_fPA32_A5_A5_fPfS1_E7in_tile_1_2_0, i64 0, i64 %p_cast82" [src/conv3.cpp:74]   --->   Operation 1615 'getelementptr' 'p_ZZ5conv3PA255_A255_fPA32_A5_A5_fPfS1_E7in_tile_1_2_0_addr_19' <Predicate = true> <Delay = 0.00>
ST_21 : Operation 1616 [1/1] (0.00ns)   --->   "%p_ZZ5conv3PA255_A255_fPA32_A5_A5_fPfS1_E7in_tile_1_3_0_addr_19 = getelementptr i32 %p_ZZ5conv3PA255_A255_fPA32_A5_A5_fPfS1_E7in_tile_1_3_0, i64 0, i64 %p_cast82" [src/conv3.cpp:74]   --->   Operation 1616 'getelementptr' 'p_ZZ5conv3PA255_A255_fPA32_A5_A5_fPfS1_E7in_tile_1_3_0_addr_19' <Predicate = true> <Delay = 0.00>
ST_21 : Operation 1617 [1/1] (0.00ns)   --->   "%p_ZZ5conv3PA255_A255_fPA32_A5_A5_fPfS1_E7in_tile_1_4_0_addr_19 = getelementptr i32 %p_ZZ5conv3PA255_A255_fPA32_A5_A5_fPfS1_E7in_tile_1_4_0, i64 0, i64 %p_cast82" [src/conv3.cpp:74]   --->   Operation 1617 'getelementptr' 'p_ZZ5conv3PA255_A255_fPA32_A5_A5_fPfS1_E7in_tile_1_4_0_addr_19' <Predicate = true> <Delay = 0.00>
ST_21 : Operation 1618 [1/1] (0.00ns)   --->   "%p_ZZ5conv3PA255_A255_fPA32_A5_A5_fPfS1_E7in_tile_2_0_0_addr_19 = getelementptr i32 %p_ZZ5conv3PA255_A255_fPA32_A5_A5_fPfS1_E7in_tile_2_0_0, i64 0, i64 %p_cast82" [src/conv3.cpp:74]   --->   Operation 1618 'getelementptr' 'p_ZZ5conv3PA255_A255_fPA32_A5_A5_fPfS1_E7in_tile_2_0_0_addr_19' <Predicate = true> <Delay = 0.00>
ST_21 : Operation 1619 [1/1] (0.00ns)   --->   "%p_ZZ5conv3PA255_A255_fPA32_A5_A5_fPfS1_E7in_tile_2_1_0_addr_19 = getelementptr i32 %p_ZZ5conv3PA255_A255_fPA32_A5_A5_fPfS1_E7in_tile_2_1_0, i64 0, i64 %p_cast82" [src/conv3.cpp:74]   --->   Operation 1619 'getelementptr' 'p_ZZ5conv3PA255_A255_fPA32_A5_A5_fPfS1_E7in_tile_2_1_0_addr_19' <Predicate = true> <Delay = 0.00>
ST_21 : Operation 1620 [1/1] (0.00ns)   --->   "%p_ZZ5conv3PA255_A255_fPA32_A5_A5_fPfS1_E7in_tile_2_2_0_addr_19 = getelementptr i32 %p_ZZ5conv3PA255_A255_fPA32_A5_A5_fPfS1_E7in_tile_2_2_0, i64 0, i64 %p_cast82" [src/conv3.cpp:74]   --->   Operation 1620 'getelementptr' 'p_ZZ5conv3PA255_A255_fPA32_A5_A5_fPfS1_E7in_tile_2_2_0_addr_19' <Predicate = true> <Delay = 0.00>
ST_21 : Operation 1621 [1/1] (0.00ns)   --->   "%p_ZZ5conv3PA255_A255_fPA32_A5_A5_fPfS1_E7in_tile_2_3_0_addr_19 = getelementptr i32 %p_ZZ5conv3PA255_A255_fPA32_A5_A5_fPfS1_E7in_tile_2_3_0, i64 0, i64 %p_cast82" [src/conv3.cpp:74]   --->   Operation 1621 'getelementptr' 'p_ZZ5conv3PA255_A255_fPA32_A5_A5_fPfS1_E7in_tile_2_3_0_addr_19' <Predicate = true> <Delay = 0.00>
ST_21 : Operation 1622 [1/1] (0.00ns)   --->   "%p_ZZ5conv3PA255_A255_fPA32_A5_A5_fPfS1_E7in_tile_2_4_0_addr_19 = getelementptr i32 %p_ZZ5conv3PA255_A255_fPA32_A5_A5_fPfS1_E7in_tile_2_4_0, i64 0, i64 %p_cast82" [src/conv3.cpp:74]   --->   Operation 1622 'getelementptr' 'p_ZZ5conv3PA255_A255_fPA32_A5_A5_fPfS1_E7in_tile_2_4_0_addr_19' <Predicate = true> <Delay = 0.00>
ST_21 : Operation 1623 [1/1] (0.00ns)   --->   "%p_ZZ5conv3PA255_A255_fPA32_A5_A5_fPfS1_E7in_tile_3_0_0_addr_19 = getelementptr i32 %p_ZZ5conv3PA255_A255_fPA32_A5_A5_fPfS1_E7in_tile_3_0_0, i64 0, i64 %p_cast82" [src/conv3.cpp:74]   --->   Operation 1623 'getelementptr' 'p_ZZ5conv3PA255_A255_fPA32_A5_A5_fPfS1_E7in_tile_3_0_0_addr_19' <Predicate = true> <Delay = 0.00>
ST_21 : Operation 1624 [1/1] (0.00ns)   --->   "%p_ZZ5conv3PA255_A255_fPA32_A5_A5_fPfS1_E7in_tile_3_1_0_addr_19 = getelementptr i32 %p_ZZ5conv3PA255_A255_fPA32_A5_A5_fPfS1_E7in_tile_3_1_0, i64 0, i64 %p_cast82" [src/conv3.cpp:74]   --->   Operation 1624 'getelementptr' 'p_ZZ5conv3PA255_A255_fPA32_A5_A5_fPfS1_E7in_tile_3_1_0_addr_19' <Predicate = true> <Delay = 0.00>
ST_21 : Operation 1625 [1/1] (0.00ns)   --->   "%p_ZZ5conv3PA255_A255_fPA32_A5_A5_fPfS1_E7in_tile_3_2_0_addr_19 = getelementptr i32 %p_ZZ5conv3PA255_A255_fPA32_A5_A5_fPfS1_E7in_tile_3_2_0, i64 0, i64 %p_cast82" [src/conv3.cpp:74]   --->   Operation 1625 'getelementptr' 'p_ZZ5conv3PA255_A255_fPA32_A5_A5_fPfS1_E7in_tile_3_2_0_addr_19' <Predicate = true> <Delay = 0.00>
ST_21 : Operation 1626 [1/1] (0.00ns)   --->   "%p_ZZ5conv3PA255_A255_fPA32_A5_A5_fPfS1_E7in_tile_3_3_0_addr_19 = getelementptr i32 %p_ZZ5conv3PA255_A255_fPA32_A5_A5_fPfS1_E7in_tile_3_3_0, i64 0, i64 %p_cast82" [src/conv3.cpp:74]   --->   Operation 1626 'getelementptr' 'p_ZZ5conv3PA255_A255_fPA32_A5_A5_fPfS1_E7in_tile_3_3_0_addr_19' <Predicate = true> <Delay = 0.00>
ST_21 : Operation 1627 [1/1] (0.00ns)   --->   "%p_ZZ5conv3PA255_A255_fPA32_A5_A5_fPfS1_E7in_tile_3_4_0_addr_19 = getelementptr i32 %p_ZZ5conv3PA255_A255_fPA32_A5_A5_fPfS1_E7in_tile_3_4_0, i64 0, i64 %p_cast82" [src/conv3.cpp:74]   --->   Operation 1627 'getelementptr' 'p_ZZ5conv3PA255_A255_fPA32_A5_A5_fPfS1_E7in_tile_3_4_0_addr_19' <Predicate = true> <Delay = 0.00>
ST_21 : Operation 1628 [1/1] (0.00ns)   --->   "%p_ZZ5conv3PA255_A255_fPA32_A5_A5_fPfS1_E7in_tile_4_0_0_addr_19 = getelementptr i32 %p_ZZ5conv3PA255_A255_fPA32_A5_A5_fPfS1_E7in_tile_4_0_0, i64 0, i64 %p_cast82" [src/conv3.cpp:74]   --->   Operation 1628 'getelementptr' 'p_ZZ5conv3PA255_A255_fPA32_A5_A5_fPfS1_E7in_tile_4_0_0_addr_19' <Predicate = true> <Delay = 0.00>
ST_21 : Operation 1629 [1/1] (0.00ns)   --->   "%p_ZZ5conv3PA255_A255_fPA32_A5_A5_fPfS1_E7in_tile_4_1_0_addr_19 = getelementptr i32 %p_ZZ5conv3PA255_A255_fPA32_A5_A5_fPfS1_E7in_tile_4_1_0, i64 0, i64 %p_cast82" [src/conv3.cpp:74]   --->   Operation 1629 'getelementptr' 'p_ZZ5conv3PA255_A255_fPA32_A5_A5_fPfS1_E7in_tile_4_1_0_addr_19' <Predicate = true> <Delay = 0.00>
ST_21 : Operation 1630 [1/1] (0.00ns)   --->   "%p_ZZ5conv3PA255_A255_fPA32_A5_A5_fPfS1_E7in_tile_4_2_0_addr_19 = getelementptr i32 %p_ZZ5conv3PA255_A255_fPA32_A5_A5_fPfS1_E7in_tile_4_2_0, i64 0, i64 %p_cast82" [src/conv3.cpp:74]   --->   Operation 1630 'getelementptr' 'p_ZZ5conv3PA255_A255_fPA32_A5_A5_fPfS1_E7in_tile_4_2_0_addr_19' <Predicate = true> <Delay = 0.00>
ST_21 : Operation 1631 [1/1] (0.00ns)   --->   "%p_ZZ5conv3PA255_A255_fPA32_A5_A5_fPfS1_E7in_tile_4_3_0_addr_19 = getelementptr i32 %p_ZZ5conv3PA255_A255_fPA32_A5_A5_fPfS1_E7in_tile_4_3_0, i64 0, i64 %p_cast82" [src/conv3.cpp:74]   --->   Operation 1631 'getelementptr' 'p_ZZ5conv3PA255_A255_fPA32_A5_A5_fPfS1_E7in_tile_4_3_0_addr_19' <Predicate = true> <Delay = 0.00>
ST_21 : Operation 1632 [1/1] (0.00ns)   --->   "%p_ZZ5conv3PA255_A255_fPA32_A5_A5_fPfS1_E7in_tile_4_4_0_addr_19 = getelementptr i32 %p_ZZ5conv3PA255_A255_fPA32_A5_A5_fPfS1_E7in_tile_4_4_0, i64 0, i64 %p_cast82" [src/conv3.cpp:74]   --->   Operation 1632 'getelementptr' 'p_ZZ5conv3PA255_A255_fPA32_A5_A5_fPfS1_E7in_tile_4_4_0_addr_19' <Predicate = true> <Delay = 0.00>
ST_21 : Operation 1633 [1/2] (1.23ns)   --->   "%p_ZZ5conv3PA255_A255_fPA32_A5_A5_fPfS1_E7in_tile_0_0_0_load_17 = load i6 %p_ZZ5conv3PA255_A255_fPA32_A5_A5_fPfS1_E7in_tile_0_0_0_addr_17" [src/conv3.cpp:86]   --->   Operation 1633 'load' 'p_ZZ5conv3PA255_A255_fPA32_A5_A5_fPfS1_E7in_tile_0_0_0_load_17' <Predicate = true> <Delay = 1.23> <CoreInst = "RAM">   --->   Core 83 'RAM' <Latency = 1> <II = 1> <Delay = 1.23> <Storage> <Opcode : 'load' 'store'> <Ports = 2> <Width = 32> <Depth = 64> <RAM>
ST_21 : Operation 1634 [1/2] (1.23ns)   --->   "%p_ZZ5conv3PA255_A255_fPA32_A5_A5_fPfS1_E7in_tile_0_1_0_load_17 = load i6 %p_ZZ5conv3PA255_A255_fPA32_A5_A5_fPfS1_E7in_tile_0_1_0_addr_17" [src/conv3.cpp:86]   --->   Operation 1634 'load' 'p_ZZ5conv3PA255_A255_fPA32_A5_A5_fPfS1_E7in_tile_0_1_0_load_17' <Predicate = true> <Delay = 1.23> <CoreInst = "RAM">   --->   Core 83 'RAM' <Latency = 1> <II = 1> <Delay = 1.23> <Storage> <Opcode : 'load' 'store'> <Ports = 2> <Width = 32> <Depth = 64> <RAM>
ST_21 : Operation 1635 [1/2] (1.23ns)   --->   "%p_ZZ5conv3PA255_A255_fPA32_A5_A5_fPfS1_E7in_tile_0_2_0_load_17 = load i6 %p_ZZ5conv3PA255_A255_fPA32_A5_A5_fPfS1_E7in_tile_0_2_0_addr_17" [src/conv3.cpp:86]   --->   Operation 1635 'load' 'p_ZZ5conv3PA255_A255_fPA32_A5_A5_fPfS1_E7in_tile_0_2_0_load_17' <Predicate = true> <Delay = 1.23> <CoreInst = "RAM">   --->   Core 83 'RAM' <Latency = 1> <II = 1> <Delay = 1.23> <Storage> <Opcode : 'load' 'store'> <Ports = 2> <Width = 32> <Depth = 64> <RAM>
ST_21 : Operation 1636 [1/2] (1.23ns)   --->   "%p_ZZ5conv3PA255_A255_fPA32_A5_A5_fPfS1_E7in_tile_0_3_0_load_17 = load i6 %p_ZZ5conv3PA255_A255_fPA32_A5_A5_fPfS1_E7in_tile_0_3_0_addr_17" [src/conv3.cpp:86]   --->   Operation 1636 'load' 'p_ZZ5conv3PA255_A255_fPA32_A5_A5_fPfS1_E7in_tile_0_3_0_load_17' <Predicate = true> <Delay = 1.23> <CoreInst = "RAM">   --->   Core 83 'RAM' <Latency = 1> <II = 1> <Delay = 1.23> <Storage> <Opcode : 'load' 'store'> <Ports = 2> <Width = 32> <Depth = 64> <RAM>
ST_21 : Operation 1637 [1/2] (1.23ns)   --->   "%p_ZZ5conv3PA255_A255_fPA32_A5_A5_fPfS1_E7in_tile_0_4_0_load_17 = load i6 %p_ZZ5conv3PA255_A255_fPA32_A5_A5_fPfS1_E7in_tile_0_4_0_addr_17" [src/conv3.cpp:86]   --->   Operation 1637 'load' 'p_ZZ5conv3PA255_A255_fPA32_A5_A5_fPfS1_E7in_tile_0_4_0_load_17' <Predicate = true> <Delay = 1.23> <CoreInst = "RAM">   --->   Core 83 'RAM' <Latency = 1> <II = 1> <Delay = 1.23> <Storage> <Opcode : 'load' 'store'> <Ports = 2> <Width = 32> <Depth = 64> <RAM>
ST_21 : Operation 1638 [1/2] (1.23ns)   --->   "%p_ZZ5conv3PA255_A255_fPA32_A5_A5_fPfS1_E7in_tile_1_0_0_load_17 = load i6 %p_ZZ5conv3PA255_A255_fPA32_A5_A5_fPfS1_E7in_tile_1_0_0_addr_17" [src/conv3.cpp:86]   --->   Operation 1638 'load' 'p_ZZ5conv3PA255_A255_fPA32_A5_A5_fPfS1_E7in_tile_1_0_0_load_17' <Predicate = true> <Delay = 1.23> <CoreInst = "RAM">   --->   Core 83 'RAM' <Latency = 1> <II = 1> <Delay = 1.23> <Storage> <Opcode : 'load' 'store'> <Ports = 2> <Width = 32> <Depth = 64> <RAM>
ST_21 : Operation 1639 [1/2] (1.23ns)   --->   "%p_ZZ5conv3PA255_A255_fPA32_A5_A5_fPfS1_E7in_tile_1_1_0_load_17 = load i6 %p_ZZ5conv3PA255_A255_fPA32_A5_A5_fPfS1_E7in_tile_1_1_0_addr_17" [src/conv3.cpp:86]   --->   Operation 1639 'load' 'p_ZZ5conv3PA255_A255_fPA32_A5_A5_fPfS1_E7in_tile_1_1_0_load_17' <Predicate = true> <Delay = 1.23> <CoreInst = "RAM">   --->   Core 83 'RAM' <Latency = 1> <II = 1> <Delay = 1.23> <Storage> <Opcode : 'load' 'store'> <Ports = 2> <Width = 32> <Depth = 64> <RAM>
ST_21 : Operation 1640 [1/2] (1.23ns)   --->   "%p_ZZ5conv3PA255_A255_fPA32_A5_A5_fPfS1_E7in_tile_1_2_0_load_17 = load i6 %p_ZZ5conv3PA255_A255_fPA32_A5_A5_fPfS1_E7in_tile_1_2_0_addr_17" [src/conv3.cpp:86]   --->   Operation 1640 'load' 'p_ZZ5conv3PA255_A255_fPA32_A5_A5_fPfS1_E7in_tile_1_2_0_load_17' <Predicate = true> <Delay = 1.23> <CoreInst = "RAM">   --->   Core 83 'RAM' <Latency = 1> <II = 1> <Delay = 1.23> <Storage> <Opcode : 'load' 'store'> <Ports = 2> <Width = 32> <Depth = 64> <RAM>
ST_21 : Operation 1641 [1/2] (1.23ns)   --->   "%p_ZZ5conv3PA255_A255_fPA32_A5_A5_fPfS1_E7in_tile_1_3_0_load_17 = load i6 %p_ZZ5conv3PA255_A255_fPA32_A5_A5_fPfS1_E7in_tile_1_3_0_addr_17" [src/conv3.cpp:86]   --->   Operation 1641 'load' 'p_ZZ5conv3PA255_A255_fPA32_A5_A5_fPfS1_E7in_tile_1_3_0_load_17' <Predicate = true> <Delay = 1.23> <CoreInst = "RAM">   --->   Core 83 'RAM' <Latency = 1> <II = 1> <Delay = 1.23> <Storage> <Opcode : 'load' 'store'> <Ports = 2> <Width = 32> <Depth = 64> <RAM>
ST_21 : Operation 1642 [1/2] (1.23ns)   --->   "%p_ZZ5conv3PA255_A255_fPA32_A5_A5_fPfS1_E7in_tile_1_4_0_load_17 = load i6 %p_ZZ5conv3PA255_A255_fPA32_A5_A5_fPfS1_E7in_tile_1_4_0_addr_17" [src/conv3.cpp:86]   --->   Operation 1642 'load' 'p_ZZ5conv3PA255_A255_fPA32_A5_A5_fPfS1_E7in_tile_1_4_0_load_17' <Predicate = true> <Delay = 1.23> <CoreInst = "RAM">   --->   Core 83 'RAM' <Latency = 1> <II = 1> <Delay = 1.23> <Storage> <Opcode : 'load' 'store'> <Ports = 2> <Width = 32> <Depth = 64> <RAM>
ST_21 : Operation 1643 [1/2] (1.23ns)   --->   "%p_ZZ5conv3PA255_A255_fPA32_A5_A5_fPfS1_E7in_tile_2_0_0_load_17 = load i6 %p_ZZ5conv3PA255_A255_fPA32_A5_A5_fPfS1_E7in_tile_2_0_0_addr_17" [src/conv3.cpp:86]   --->   Operation 1643 'load' 'p_ZZ5conv3PA255_A255_fPA32_A5_A5_fPfS1_E7in_tile_2_0_0_load_17' <Predicate = true> <Delay = 1.23> <CoreInst = "RAM">   --->   Core 83 'RAM' <Latency = 1> <II = 1> <Delay = 1.23> <Storage> <Opcode : 'load' 'store'> <Ports = 2> <Width = 32> <Depth = 64> <RAM>
ST_21 : Operation 1644 [1/2] (1.23ns)   --->   "%p_ZZ5conv3PA255_A255_fPA32_A5_A5_fPfS1_E7in_tile_2_1_0_load_17 = load i6 %p_ZZ5conv3PA255_A255_fPA32_A5_A5_fPfS1_E7in_tile_2_1_0_addr_17" [src/conv3.cpp:86]   --->   Operation 1644 'load' 'p_ZZ5conv3PA255_A255_fPA32_A5_A5_fPfS1_E7in_tile_2_1_0_load_17' <Predicate = true> <Delay = 1.23> <CoreInst = "RAM">   --->   Core 83 'RAM' <Latency = 1> <II = 1> <Delay = 1.23> <Storage> <Opcode : 'load' 'store'> <Ports = 2> <Width = 32> <Depth = 64> <RAM>
ST_21 : Operation 1645 [1/2] (1.23ns)   --->   "%p_ZZ5conv3PA255_A255_fPA32_A5_A5_fPfS1_E7in_tile_2_2_0_load_17 = load i6 %p_ZZ5conv3PA255_A255_fPA32_A5_A5_fPfS1_E7in_tile_2_2_0_addr_17" [src/conv3.cpp:86]   --->   Operation 1645 'load' 'p_ZZ5conv3PA255_A255_fPA32_A5_A5_fPfS1_E7in_tile_2_2_0_load_17' <Predicate = true> <Delay = 1.23> <CoreInst = "RAM">   --->   Core 83 'RAM' <Latency = 1> <II = 1> <Delay = 1.23> <Storage> <Opcode : 'load' 'store'> <Ports = 2> <Width = 32> <Depth = 64> <RAM>
ST_21 : Operation 1646 [1/2] (1.23ns)   --->   "%p_ZZ5conv3PA255_A255_fPA32_A5_A5_fPfS1_E7in_tile_2_3_0_load_17 = load i6 %p_ZZ5conv3PA255_A255_fPA32_A5_A5_fPfS1_E7in_tile_2_3_0_addr_17" [src/conv3.cpp:86]   --->   Operation 1646 'load' 'p_ZZ5conv3PA255_A255_fPA32_A5_A5_fPfS1_E7in_tile_2_3_0_load_17' <Predicate = true> <Delay = 1.23> <CoreInst = "RAM">   --->   Core 83 'RAM' <Latency = 1> <II = 1> <Delay = 1.23> <Storage> <Opcode : 'load' 'store'> <Ports = 2> <Width = 32> <Depth = 64> <RAM>
ST_21 : Operation 1647 [1/2] (1.23ns)   --->   "%p_ZZ5conv3PA255_A255_fPA32_A5_A5_fPfS1_E7in_tile_2_4_0_load_17 = load i6 %p_ZZ5conv3PA255_A255_fPA32_A5_A5_fPfS1_E7in_tile_2_4_0_addr_17" [src/conv3.cpp:86]   --->   Operation 1647 'load' 'p_ZZ5conv3PA255_A255_fPA32_A5_A5_fPfS1_E7in_tile_2_4_0_load_17' <Predicate = true> <Delay = 1.23> <CoreInst = "RAM">   --->   Core 83 'RAM' <Latency = 1> <II = 1> <Delay = 1.23> <Storage> <Opcode : 'load' 'store'> <Ports = 2> <Width = 32> <Depth = 64> <RAM>
ST_21 : Operation 1648 [1/2] (1.23ns)   --->   "%p_ZZ5conv3PA255_A255_fPA32_A5_A5_fPfS1_E7in_tile_3_0_0_load_17 = load i6 %p_ZZ5conv3PA255_A255_fPA32_A5_A5_fPfS1_E7in_tile_3_0_0_addr_17" [src/conv3.cpp:86]   --->   Operation 1648 'load' 'p_ZZ5conv3PA255_A255_fPA32_A5_A5_fPfS1_E7in_tile_3_0_0_load_17' <Predicate = true> <Delay = 1.23> <CoreInst = "RAM">   --->   Core 83 'RAM' <Latency = 1> <II = 1> <Delay = 1.23> <Storage> <Opcode : 'load' 'store'> <Ports = 2> <Width = 32> <Depth = 64> <RAM>
ST_21 : Operation 1649 [1/2] (1.23ns)   --->   "%p_ZZ5conv3PA255_A255_fPA32_A5_A5_fPfS1_E7in_tile_3_1_0_load_17 = load i6 %p_ZZ5conv3PA255_A255_fPA32_A5_A5_fPfS1_E7in_tile_3_1_0_addr_17" [src/conv3.cpp:86]   --->   Operation 1649 'load' 'p_ZZ5conv3PA255_A255_fPA32_A5_A5_fPfS1_E7in_tile_3_1_0_load_17' <Predicate = true> <Delay = 1.23> <CoreInst = "RAM">   --->   Core 83 'RAM' <Latency = 1> <II = 1> <Delay = 1.23> <Storage> <Opcode : 'load' 'store'> <Ports = 2> <Width = 32> <Depth = 64> <RAM>
ST_21 : Operation 1650 [1/2] (1.23ns)   --->   "%p_ZZ5conv3PA255_A255_fPA32_A5_A5_fPfS1_E7in_tile_3_2_0_load_17 = load i6 %p_ZZ5conv3PA255_A255_fPA32_A5_A5_fPfS1_E7in_tile_3_2_0_addr_17" [src/conv3.cpp:86]   --->   Operation 1650 'load' 'p_ZZ5conv3PA255_A255_fPA32_A5_A5_fPfS1_E7in_tile_3_2_0_load_17' <Predicate = true> <Delay = 1.23> <CoreInst = "RAM">   --->   Core 83 'RAM' <Latency = 1> <II = 1> <Delay = 1.23> <Storage> <Opcode : 'load' 'store'> <Ports = 2> <Width = 32> <Depth = 64> <RAM>
ST_21 : Operation 1651 [1/2] (1.23ns)   --->   "%p_ZZ5conv3PA255_A255_fPA32_A5_A5_fPfS1_E7in_tile_3_3_0_load_17 = load i6 %p_ZZ5conv3PA255_A255_fPA32_A5_A5_fPfS1_E7in_tile_3_3_0_addr_17" [src/conv3.cpp:86]   --->   Operation 1651 'load' 'p_ZZ5conv3PA255_A255_fPA32_A5_A5_fPfS1_E7in_tile_3_3_0_load_17' <Predicate = true> <Delay = 1.23> <CoreInst = "RAM">   --->   Core 83 'RAM' <Latency = 1> <II = 1> <Delay = 1.23> <Storage> <Opcode : 'load' 'store'> <Ports = 2> <Width = 32> <Depth = 64> <RAM>
ST_21 : Operation 1652 [1/2] (1.23ns)   --->   "%p_ZZ5conv3PA255_A255_fPA32_A5_A5_fPfS1_E7in_tile_3_4_0_load_17 = load i6 %p_ZZ5conv3PA255_A255_fPA32_A5_A5_fPfS1_E7in_tile_3_4_0_addr_17" [src/conv3.cpp:86]   --->   Operation 1652 'load' 'p_ZZ5conv3PA255_A255_fPA32_A5_A5_fPfS1_E7in_tile_3_4_0_load_17' <Predicate = true> <Delay = 1.23> <CoreInst = "RAM">   --->   Core 83 'RAM' <Latency = 1> <II = 1> <Delay = 1.23> <Storage> <Opcode : 'load' 'store'> <Ports = 2> <Width = 32> <Depth = 64> <RAM>
ST_21 : Operation 1653 [1/2] (1.23ns)   --->   "%p_ZZ5conv3PA255_A255_fPA32_A5_A5_fPfS1_E7in_tile_4_0_0_load_17 = load i6 %p_ZZ5conv3PA255_A255_fPA32_A5_A5_fPfS1_E7in_tile_4_0_0_addr_17" [src/conv3.cpp:86]   --->   Operation 1653 'load' 'p_ZZ5conv3PA255_A255_fPA32_A5_A5_fPfS1_E7in_tile_4_0_0_load_17' <Predicate = true> <Delay = 1.23> <CoreInst = "RAM">   --->   Core 83 'RAM' <Latency = 1> <II = 1> <Delay = 1.23> <Storage> <Opcode : 'load' 'store'> <Ports = 2> <Width = 32> <Depth = 64> <RAM>
ST_21 : Operation 1654 [1/2] (1.23ns)   --->   "%p_ZZ5conv3PA255_A255_fPA32_A5_A5_fPfS1_E7in_tile_4_1_0_load_17 = load i6 %p_ZZ5conv3PA255_A255_fPA32_A5_A5_fPfS1_E7in_tile_4_1_0_addr_17" [src/conv3.cpp:86]   --->   Operation 1654 'load' 'p_ZZ5conv3PA255_A255_fPA32_A5_A5_fPfS1_E7in_tile_4_1_0_load_17' <Predicate = true> <Delay = 1.23> <CoreInst = "RAM">   --->   Core 83 'RAM' <Latency = 1> <II = 1> <Delay = 1.23> <Storage> <Opcode : 'load' 'store'> <Ports = 2> <Width = 32> <Depth = 64> <RAM>
ST_21 : Operation 1655 [1/2] (1.23ns)   --->   "%p_ZZ5conv3PA255_A255_fPA32_A5_A5_fPfS1_E7in_tile_4_2_0_load_17 = load i6 %p_ZZ5conv3PA255_A255_fPA32_A5_A5_fPfS1_E7in_tile_4_2_0_addr_17" [src/conv3.cpp:86]   --->   Operation 1655 'load' 'p_ZZ5conv3PA255_A255_fPA32_A5_A5_fPfS1_E7in_tile_4_2_0_load_17' <Predicate = true> <Delay = 1.23> <CoreInst = "RAM">   --->   Core 83 'RAM' <Latency = 1> <II = 1> <Delay = 1.23> <Storage> <Opcode : 'load' 'store'> <Ports = 2> <Width = 32> <Depth = 64> <RAM>
ST_21 : Operation 1656 [1/2] (1.23ns)   --->   "%p_ZZ5conv3PA255_A255_fPA32_A5_A5_fPfS1_E7in_tile_4_3_0_load_17 = load i6 %p_ZZ5conv3PA255_A255_fPA32_A5_A5_fPfS1_E7in_tile_4_3_0_addr_17" [src/conv3.cpp:86]   --->   Operation 1656 'load' 'p_ZZ5conv3PA255_A255_fPA32_A5_A5_fPfS1_E7in_tile_4_3_0_load_17' <Predicate = true> <Delay = 1.23> <CoreInst = "RAM">   --->   Core 83 'RAM' <Latency = 1> <II = 1> <Delay = 1.23> <Storage> <Opcode : 'load' 'store'> <Ports = 2> <Width = 32> <Depth = 64> <RAM>
ST_21 : Operation 1657 [1/2] (1.23ns)   --->   "%p_ZZ5conv3PA255_A255_fPA32_A5_A5_fPfS1_E7in_tile_4_4_0_load_17 = load i6 %p_ZZ5conv3PA255_A255_fPA32_A5_A5_fPfS1_E7in_tile_4_4_0_addr_17" [src/conv3.cpp:86]   --->   Operation 1657 'load' 'p_ZZ5conv3PA255_A255_fPA32_A5_A5_fPfS1_E7in_tile_4_4_0_load_17' <Predicate = true> <Delay = 1.23> <CoreInst = "RAM">   --->   Core 83 'RAM' <Latency = 1> <II = 1> <Delay = 1.23> <Storage> <Opcode : 'load' 'store'> <Ports = 2> <Width = 32> <Depth = 64> <RAM>
ST_21 : Operation 1658 [1/2] (1.23ns)   --->   "%p_ZZ5conv3PA255_A255_fPA32_A5_A5_fPfS1_E7in_tile_0_0_0_load_18 = load i6 %p_ZZ5conv3PA255_A255_fPA32_A5_A5_fPfS1_E7in_tile_0_0_0_addr_18" [src/conv3.cpp:86]   --->   Operation 1658 'load' 'p_ZZ5conv3PA255_A255_fPA32_A5_A5_fPfS1_E7in_tile_0_0_0_load_18' <Predicate = true> <Delay = 1.23> <CoreInst = "RAM">   --->   Core 83 'RAM' <Latency = 1> <II = 1> <Delay = 1.23> <Storage> <Opcode : 'load' 'store'> <Ports = 2> <Width = 32> <Depth = 64> <RAM>
ST_21 : Operation 1659 [1/2] (1.23ns)   --->   "%p_ZZ5conv3PA255_A255_fPA32_A5_A5_fPfS1_E7in_tile_0_1_0_load_18 = load i6 %p_ZZ5conv3PA255_A255_fPA32_A5_A5_fPfS1_E7in_tile_0_1_0_addr_18" [src/conv3.cpp:86]   --->   Operation 1659 'load' 'p_ZZ5conv3PA255_A255_fPA32_A5_A5_fPfS1_E7in_tile_0_1_0_load_18' <Predicate = true> <Delay = 1.23> <CoreInst = "RAM">   --->   Core 83 'RAM' <Latency = 1> <II = 1> <Delay = 1.23> <Storage> <Opcode : 'load' 'store'> <Ports = 2> <Width = 32> <Depth = 64> <RAM>
ST_21 : Operation 1660 [1/2] (1.23ns)   --->   "%p_ZZ5conv3PA255_A255_fPA32_A5_A5_fPfS1_E7in_tile_0_2_0_load_18 = load i6 %p_ZZ5conv3PA255_A255_fPA32_A5_A5_fPfS1_E7in_tile_0_2_0_addr_18" [src/conv3.cpp:86]   --->   Operation 1660 'load' 'p_ZZ5conv3PA255_A255_fPA32_A5_A5_fPfS1_E7in_tile_0_2_0_load_18' <Predicate = true> <Delay = 1.23> <CoreInst = "RAM">   --->   Core 83 'RAM' <Latency = 1> <II = 1> <Delay = 1.23> <Storage> <Opcode : 'load' 'store'> <Ports = 2> <Width = 32> <Depth = 64> <RAM>
ST_21 : Operation 1661 [1/2] (1.23ns)   --->   "%p_ZZ5conv3PA255_A255_fPA32_A5_A5_fPfS1_E7in_tile_0_3_0_load_18 = load i6 %p_ZZ5conv3PA255_A255_fPA32_A5_A5_fPfS1_E7in_tile_0_3_0_addr_18" [src/conv3.cpp:86]   --->   Operation 1661 'load' 'p_ZZ5conv3PA255_A255_fPA32_A5_A5_fPfS1_E7in_tile_0_3_0_load_18' <Predicate = true> <Delay = 1.23> <CoreInst = "RAM">   --->   Core 83 'RAM' <Latency = 1> <II = 1> <Delay = 1.23> <Storage> <Opcode : 'load' 'store'> <Ports = 2> <Width = 32> <Depth = 64> <RAM>
ST_21 : Operation 1662 [1/2] (1.23ns)   --->   "%p_ZZ5conv3PA255_A255_fPA32_A5_A5_fPfS1_E7in_tile_0_4_0_load_18 = load i6 %p_ZZ5conv3PA255_A255_fPA32_A5_A5_fPfS1_E7in_tile_0_4_0_addr_18" [src/conv3.cpp:86]   --->   Operation 1662 'load' 'p_ZZ5conv3PA255_A255_fPA32_A5_A5_fPfS1_E7in_tile_0_4_0_load_18' <Predicate = true> <Delay = 1.23> <CoreInst = "RAM">   --->   Core 83 'RAM' <Latency = 1> <II = 1> <Delay = 1.23> <Storage> <Opcode : 'load' 'store'> <Ports = 2> <Width = 32> <Depth = 64> <RAM>
ST_21 : Operation 1663 [1/2] (1.23ns)   --->   "%p_ZZ5conv3PA255_A255_fPA32_A5_A5_fPfS1_E7in_tile_1_0_0_load_18 = load i6 %p_ZZ5conv3PA255_A255_fPA32_A5_A5_fPfS1_E7in_tile_1_0_0_addr_18" [src/conv3.cpp:86]   --->   Operation 1663 'load' 'p_ZZ5conv3PA255_A255_fPA32_A5_A5_fPfS1_E7in_tile_1_0_0_load_18' <Predicate = true> <Delay = 1.23> <CoreInst = "RAM">   --->   Core 83 'RAM' <Latency = 1> <II = 1> <Delay = 1.23> <Storage> <Opcode : 'load' 'store'> <Ports = 2> <Width = 32> <Depth = 64> <RAM>
ST_21 : Operation 1664 [1/2] (1.23ns)   --->   "%p_ZZ5conv3PA255_A255_fPA32_A5_A5_fPfS1_E7in_tile_1_1_0_load_18 = load i6 %p_ZZ5conv3PA255_A255_fPA32_A5_A5_fPfS1_E7in_tile_1_1_0_addr_18" [src/conv3.cpp:86]   --->   Operation 1664 'load' 'p_ZZ5conv3PA255_A255_fPA32_A5_A5_fPfS1_E7in_tile_1_1_0_load_18' <Predicate = true> <Delay = 1.23> <CoreInst = "RAM">   --->   Core 83 'RAM' <Latency = 1> <II = 1> <Delay = 1.23> <Storage> <Opcode : 'load' 'store'> <Ports = 2> <Width = 32> <Depth = 64> <RAM>
ST_21 : Operation 1665 [1/2] (1.23ns)   --->   "%p_ZZ5conv3PA255_A255_fPA32_A5_A5_fPfS1_E7in_tile_1_2_0_load_18 = load i6 %p_ZZ5conv3PA255_A255_fPA32_A5_A5_fPfS1_E7in_tile_1_2_0_addr_18" [src/conv3.cpp:86]   --->   Operation 1665 'load' 'p_ZZ5conv3PA255_A255_fPA32_A5_A5_fPfS1_E7in_tile_1_2_0_load_18' <Predicate = true> <Delay = 1.23> <CoreInst = "RAM">   --->   Core 83 'RAM' <Latency = 1> <II = 1> <Delay = 1.23> <Storage> <Opcode : 'load' 'store'> <Ports = 2> <Width = 32> <Depth = 64> <RAM>
ST_21 : Operation 1666 [1/2] (1.23ns)   --->   "%p_ZZ5conv3PA255_A255_fPA32_A5_A5_fPfS1_E7in_tile_1_3_0_load_18 = load i6 %p_ZZ5conv3PA255_A255_fPA32_A5_A5_fPfS1_E7in_tile_1_3_0_addr_18" [src/conv3.cpp:86]   --->   Operation 1666 'load' 'p_ZZ5conv3PA255_A255_fPA32_A5_A5_fPfS1_E7in_tile_1_3_0_load_18' <Predicate = true> <Delay = 1.23> <CoreInst = "RAM">   --->   Core 83 'RAM' <Latency = 1> <II = 1> <Delay = 1.23> <Storage> <Opcode : 'load' 'store'> <Ports = 2> <Width = 32> <Depth = 64> <RAM>
ST_21 : Operation 1667 [1/2] (1.23ns)   --->   "%p_ZZ5conv3PA255_A255_fPA32_A5_A5_fPfS1_E7in_tile_1_4_0_load_18 = load i6 %p_ZZ5conv3PA255_A255_fPA32_A5_A5_fPfS1_E7in_tile_1_4_0_addr_18" [src/conv3.cpp:86]   --->   Operation 1667 'load' 'p_ZZ5conv3PA255_A255_fPA32_A5_A5_fPfS1_E7in_tile_1_4_0_load_18' <Predicate = true> <Delay = 1.23> <CoreInst = "RAM">   --->   Core 83 'RAM' <Latency = 1> <II = 1> <Delay = 1.23> <Storage> <Opcode : 'load' 'store'> <Ports = 2> <Width = 32> <Depth = 64> <RAM>
ST_21 : Operation 1668 [1/2] (1.23ns)   --->   "%p_ZZ5conv3PA255_A255_fPA32_A5_A5_fPfS1_E7in_tile_2_0_0_load_18 = load i6 %p_ZZ5conv3PA255_A255_fPA32_A5_A5_fPfS1_E7in_tile_2_0_0_addr_18" [src/conv3.cpp:86]   --->   Operation 1668 'load' 'p_ZZ5conv3PA255_A255_fPA32_A5_A5_fPfS1_E7in_tile_2_0_0_load_18' <Predicate = true> <Delay = 1.23> <CoreInst = "RAM">   --->   Core 83 'RAM' <Latency = 1> <II = 1> <Delay = 1.23> <Storage> <Opcode : 'load' 'store'> <Ports = 2> <Width = 32> <Depth = 64> <RAM>
ST_21 : Operation 1669 [1/2] (1.23ns)   --->   "%p_ZZ5conv3PA255_A255_fPA32_A5_A5_fPfS1_E7in_tile_2_1_0_load_18 = load i6 %p_ZZ5conv3PA255_A255_fPA32_A5_A5_fPfS1_E7in_tile_2_1_0_addr_18" [src/conv3.cpp:86]   --->   Operation 1669 'load' 'p_ZZ5conv3PA255_A255_fPA32_A5_A5_fPfS1_E7in_tile_2_1_0_load_18' <Predicate = true> <Delay = 1.23> <CoreInst = "RAM">   --->   Core 83 'RAM' <Latency = 1> <II = 1> <Delay = 1.23> <Storage> <Opcode : 'load' 'store'> <Ports = 2> <Width = 32> <Depth = 64> <RAM>
ST_21 : Operation 1670 [1/2] (1.23ns)   --->   "%p_ZZ5conv3PA255_A255_fPA32_A5_A5_fPfS1_E7in_tile_2_2_0_load_18 = load i6 %p_ZZ5conv3PA255_A255_fPA32_A5_A5_fPfS1_E7in_tile_2_2_0_addr_18" [src/conv3.cpp:86]   --->   Operation 1670 'load' 'p_ZZ5conv3PA255_A255_fPA32_A5_A5_fPfS1_E7in_tile_2_2_0_load_18' <Predicate = true> <Delay = 1.23> <CoreInst = "RAM">   --->   Core 83 'RAM' <Latency = 1> <II = 1> <Delay = 1.23> <Storage> <Opcode : 'load' 'store'> <Ports = 2> <Width = 32> <Depth = 64> <RAM>
ST_21 : Operation 1671 [1/2] (1.23ns)   --->   "%p_ZZ5conv3PA255_A255_fPA32_A5_A5_fPfS1_E7in_tile_2_3_0_load_18 = load i6 %p_ZZ5conv3PA255_A255_fPA32_A5_A5_fPfS1_E7in_tile_2_3_0_addr_18" [src/conv3.cpp:86]   --->   Operation 1671 'load' 'p_ZZ5conv3PA255_A255_fPA32_A5_A5_fPfS1_E7in_tile_2_3_0_load_18' <Predicate = true> <Delay = 1.23> <CoreInst = "RAM">   --->   Core 83 'RAM' <Latency = 1> <II = 1> <Delay = 1.23> <Storage> <Opcode : 'load' 'store'> <Ports = 2> <Width = 32> <Depth = 64> <RAM>
ST_21 : Operation 1672 [1/2] (1.23ns)   --->   "%p_ZZ5conv3PA255_A255_fPA32_A5_A5_fPfS1_E7in_tile_2_4_0_load_18 = load i6 %p_ZZ5conv3PA255_A255_fPA32_A5_A5_fPfS1_E7in_tile_2_4_0_addr_18" [src/conv3.cpp:86]   --->   Operation 1672 'load' 'p_ZZ5conv3PA255_A255_fPA32_A5_A5_fPfS1_E7in_tile_2_4_0_load_18' <Predicate = true> <Delay = 1.23> <CoreInst = "RAM">   --->   Core 83 'RAM' <Latency = 1> <II = 1> <Delay = 1.23> <Storage> <Opcode : 'load' 'store'> <Ports = 2> <Width = 32> <Depth = 64> <RAM>
ST_21 : Operation 1673 [1/2] (1.23ns)   --->   "%p_ZZ5conv3PA255_A255_fPA32_A5_A5_fPfS1_E7in_tile_3_0_0_load_18 = load i6 %p_ZZ5conv3PA255_A255_fPA32_A5_A5_fPfS1_E7in_tile_3_0_0_addr_18" [src/conv3.cpp:86]   --->   Operation 1673 'load' 'p_ZZ5conv3PA255_A255_fPA32_A5_A5_fPfS1_E7in_tile_3_0_0_load_18' <Predicate = true> <Delay = 1.23> <CoreInst = "RAM">   --->   Core 83 'RAM' <Latency = 1> <II = 1> <Delay = 1.23> <Storage> <Opcode : 'load' 'store'> <Ports = 2> <Width = 32> <Depth = 64> <RAM>
ST_21 : Operation 1674 [1/2] (1.23ns)   --->   "%p_ZZ5conv3PA255_A255_fPA32_A5_A5_fPfS1_E7in_tile_3_1_0_load_18 = load i6 %p_ZZ5conv3PA255_A255_fPA32_A5_A5_fPfS1_E7in_tile_3_1_0_addr_18" [src/conv3.cpp:86]   --->   Operation 1674 'load' 'p_ZZ5conv3PA255_A255_fPA32_A5_A5_fPfS1_E7in_tile_3_1_0_load_18' <Predicate = true> <Delay = 1.23> <CoreInst = "RAM">   --->   Core 83 'RAM' <Latency = 1> <II = 1> <Delay = 1.23> <Storage> <Opcode : 'load' 'store'> <Ports = 2> <Width = 32> <Depth = 64> <RAM>
ST_21 : Operation 1675 [1/2] (1.23ns)   --->   "%p_ZZ5conv3PA255_A255_fPA32_A5_A5_fPfS1_E7in_tile_3_2_0_load_18 = load i6 %p_ZZ5conv3PA255_A255_fPA32_A5_A5_fPfS1_E7in_tile_3_2_0_addr_18" [src/conv3.cpp:86]   --->   Operation 1675 'load' 'p_ZZ5conv3PA255_A255_fPA32_A5_A5_fPfS1_E7in_tile_3_2_0_load_18' <Predicate = true> <Delay = 1.23> <CoreInst = "RAM">   --->   Core 83 'RAM' <Latency = 1> <II = 1> <Delay = 1.23> <Storage> <Opcode : 'load' 'store'> <Ports = 2> <Width = 32> <Depth = 64> <RAM>
ST_21 : Operation 1676 [1/2] (1.23ns)   --->   "%p_ZZ5conv3PA255_A255_fPA32_A5_A5_fPfS1_E7in_tile_3_3_0_load_18 = load i6 %p_ZZ5conv3PA255_A255_fPA32_A5_A5_fPfS1_E7in_tile_3_3_0_addr_18" [src/conv3.cpp:86]   --->   Operation 1676 'load' 'p_ZZ5conv3PA255_A255_fPA32_A5_A5_fPfS1_E7in_tile_3_3_0_load_18' <Predicate = true> <Delay = 1.23> <CoreInst = "RAM">   --->   Core 83 'RAM' <Latency = 1> <II = 1> <Delay = 1.23> <Storage> <Opcode : 'load' 'store'> <Ports = 2> <Width = 32> <Depth = 64> <RAM>
ST_21 : Operation 1677 [1/2] (1.23ns)   --->   "%p_ZZ5conv3PA255_A255_fPA32_A5_A5_fPfS1_E7in_tile_3_4_0_load_18 = load i6 %p_ZZ5conv3PA255_A255_fPA32_A5_A5_fPfS1_E7in_tile_3_4_0_addr_18" [src/conv3.cpp:86]   --->   Operation 1677 'load' 'p_ZZ5conv3PA255_A255_fPA32_A5_A5_fPfS1_E7in_tile_3_4_0_load_18' <Predicate = true> <Delay = 1.23> <CoreInst = "RAM">   --->   Core 83 'RAM' <Latency = 1> <II = 1> <Delay = 1.23> <Storage> <Opcode : 'load' 'store'> <Ports = 2> <Width = 32> <Depth = 64> <RAM>
ST_21 : Operation 1678 [1/2] (1.23ns)   --->   "%p_ZZ5conv3PA255_A255_fPA32_A5_A5_fPfS1_E7in_tile_4_0_0_load_18 = load i6 %p_ZZ5conv3PA255_A255_fPA32_A5_A5_fPfS1_E7in_tile_4_0_0_addr_18" [src/conv3.cpp:86]   --->   Operation 1678 'load' 'p_ZZ5conv3PA255_A255_fPA32_A5_A5_fPfS1_E7in_tile_4_0_0_load_18' <Predicate = true> <Delay = 1.23> <CoreInst = "RAM">   --->   Core 83 'RAM' <Latency = 1> <II = 1> <Delay = 1.23> <Storage> <Opcode : 'load' 'store'> <Ports = 2> <Width = 32> <Depth = 64> <RAM>
ST_21 : Operation 1679 [1/2] (1.23ns)   --->   "%p_ZZ5conv3PA255_A255_fPA32_A5_A5_fPfS1_E7in_tile_4_1_0_load_18 = load i6 %p_ZZ5conv3PA255_A255_fPA32_A5_A5_fPfS1_E7in_tile_4_1_0_addr_18" [src/conv3.cpp:86]   --->   Operation 1679 'load' 'p_ZZ5conv3PA255_A255_fPA32_A5_A5_fPfS1_E7in_tile_4_1_0_load_18' <Predicate = true> <Delay = 1.23> <CoreInst = "RAM">   --->   Core 83 'RAM' <Latency = 1> <II = 1> <Delay = 1.23> <Storage> <Opcode : 'load' 'store'> <Ports = 2> <Width = 32> <Depth = 64> <RAM>
ST_21 : Operation 1680 [1/2] (1.23ns)   --->   "%p_ZZ5conv3PA255_A255_fPA32_A5_A5_fPfS1_E7in_tile_4_2_0_load_18 = load i6 %p_ZZ5conv3PA255_A255_fPA32_A5_A5_fPfS1_E7in_tile_4_2_0_addr_18" [src/conv3.cpp:86]   --->   Operation 1680 'load' 'p_ZZ5conv3PA255_A255_fPA32_A5_A5_fPfS1_E7in_tile_4_2_0_load_18' <Predicate = true> <Delay = 1.23> <CoreInst = "RAM">   --->   Core 83 'RAM' <Latency = 1> <II = 1> <Delay = 1.23> <Storage> <Opcode : 'load' 'store'> <Ports = 2> <Width = 32> <Depth = 64> <RAM>
ST_21 : Operation 1681 [1/2] (1.23ns)   --->   "%p_ZZ5conv3PA255_A255_fPA32_A5_A5_fPfS1_E7in_tile_4_3_0_load_18 = load i6 %p_ZZ5conv3PA255_A255_fPA32_A5_A5_fPfS1_E7in_tile_4_3_0_addr_18" [src/conv3.cpp:86]   --->   Operation 1681 'load' 'p_ZZ5conv3PA255_A255_fPA32_A5_A5_fPfS1_E7in_tile_4_3_0_load_18' <Predicate = true> <Delay = 1.23> <CoreInst = "RAM">   --->   Core 83 'RAM' <Latency = 1> <II = 1> <Delay = 1.23> <Storage> <Opcode : 'load' 'store'> <Ports = 2> <Width = 32> <Depth = 64> <RAM>
ST_21 : Operation 1682 [1/2] (1.23ns)   --->   "%p_ZZ5conv3PA255_A255_fPA32_A5_A5_fPfS1_E7in_tile_4_4_0_load_18 = load i6 %p_ZZ5conv3PA255_A255_fPA32_A5_A5_fPfS1_E7in_tile_4_4_0_addr_18" [src/conv3.cpp:86]   --->   Operation 1682 'load' 'p_ZZ5conv3PA255_A255_fPA32_A5_A5_fPfS1_E7in_tile_4_4_0_load_18' <Predicate = true> <Delay = 1.23> <CoreInst = "RAM">   --->   Core 83 'RAM' <Latency = 1> <II = 1> <Delay = 1.23> <Storage> <Opcode : 'load' 'store'> <Ports = 2> <Width = 32> <Depth = 64> <RAM>
ST_21 : Operation 1683 [2/2] (1.23ns)   --->   "%p_ZZ5conv3PA255_A255_fPA32_A5_A5_fPfS1_E7in_tile_0_0_0_load_19 = load i6 %p_ZZ5conv3PA255_A255_fPA32_A5_A5_fPfS1_E7in_tile_0_0_0_addr_19" [src/conv3.cpp:86]   --->   Operation 1683 'load' 'p_ZZ5conv3PA255_A255_fPA32_A5_A5_fPfS1_E7in_tile_0_0_0_load_19' <Predicate = true> <Delay = 1.23> <CoreInst = "RAM">   --->   Core 83 'RAM' <Latency = 1> <II = 1> <Delay = 1.23> <Storage> <Opcode : 'load' 'store'> <Ports = 2> <Width = 32> <Depth = 64> <RAM>
ST_21 : Operation 1684 [2/2] (1.23ns)   --->   "%p_ZZ5conv3PA255_A255_fPA32_A5_A5_fPfS1_E7in_tile_0_1_0_load_19 = load i6 %p_ZZ5conv3PA255_A255_fPA32_A5_A5_fPfS1_E7in_tile_0_1_0_addr_19" [src/conv3.cpp:86]   --->   Operation 1684 'load' 'p_ZZ5conv3PA255_A255_fPA32_A5_A5_fPfS1_E7in_tile_0_1_0_load_19' <Predicate = true> <Delay = 1.23> <CoreInst = "RAM">   --->   Core 83 'RAM' <Latency = 1> <II = 1> <Delay = 1.23> <Storage> <Opcode : 'load' 'store'> <Ports = 2> <Width = 32> <Depth = 64> <RAM>
ST_21 : Operation 1685 [2/2] (1.23ns)   --->   "%p_ZZ5conv3PA255_A255_fPA32_A5_A5_fPfS1_E7in_tile_0_2_0_load_19 = load i6 %p_ZZ5conv3PA255_A255_fPA32_A5_A5_fPfS1_E7in_tile_0_2_0_addr_19" [src/conv3.cpp:86]   --->   Operation 1685 'load' 'p_ZZ5conv3PA255_A255_fPA32_A5_A5_fPfS1_E7in_tile_0_2_0_load_19' <Predicate = true> <Delay = 1.23> <CoreInst = "RAM">   --->   Core 83 'RAM' <Latency = 1> <II = 1> <Delay = 1.23> <Storage> <Opcode : 'load' 'store'> <Ports = 2> <Width = 32> <Depth = 64> <RAM>
ST_21 : Operation 1686 [2/2] (1.23ns)   --->   "%p_ZZ5conv3PA255_A255_fPA32_A5_A5_fPfS1_E7in_tile_0_3_0_load_19 = load i6 %p_ZZ5conv3PA255_A255_fPA32_A5_A5_fPfS1_E7in_tile_0_3_0_addr_19" [src/conv3.cpp:86]   --->   Operation 1686 'load' 'p_ZZ5conv3PA255_A255_fPA32_A5_A5_fPfS1_E7in_tile_0_3_0_load_19' <Predicate = true> <Delay = 1.23> <CoreInst = "RAM">   --->   Core 83 'RAM' <Latency = 1> <II = 1> <Delay = 1.23> <Storage> <Opcode : 'load' 'store'> <Ports = 2> <Width = 32> <Depth = 64> <RAM>
ST_21 : Operation 1687 [2/2] (1.23ns)   --->   "%p_ZZ5conv3PA255_A255_fPA32_A5_A5_fPfS1_E7in_tile_0_4_0_load_19 = load i6 %p_ZZ5conv3PA255_A255_fPA32_A5_A5_fPfS1_E7in_tile_0_4_0_addr_19" [src/conv3.cpp:86]   --->   Operation 1687 'load' 'p_ZZ5conv3PA255_A255_fPA32_A5_A5_fPfS1_E7in_tile_0_4_0_load_19' <Predicate = true> <Delay = 1.23> <CoreInst = "RAM">   --->   Core 83 'RAM' <Latency = 1> <II = 1> <Delay = 1.23> <Storage> <Opcode : 'load' 'store'> <Ports = 2> <Width = 32> <Depth = 64> <RAM>
ST_21 : Operation 1688 [2/2] (1.23ns)   --->   "%p_ZZ5conv3PA255_A255_fPA32_A5_A5_fPfS1_E7in_tile_1_0_0_load_19 = load i6 %p_ZZ5conv3PA255_A255_fPA32_A5_A5_fPfS1_E7in_tile_1_0_0_addr_19" [src/conv3.cpp:86]   --->   Operation 1688 'load' 'p_ZZ5conv3PA255_A255_fPA32_A5_A5_fPfS1_E7in_tile_1_0_0_load_19' <Predicate = true> <Delay = 1.23> <CoreInst = "RAM">   --->   Core 83 'RAM' <Latency = 1> <II = 1> <Delay = 1.23> <Storage> <Opcode : 'load' 'store'> <Ports = 2> <Width = 32> <Depth = 64> <RAM>
ST_21 : Operation 1689 [2/2] (1.23ns)   --->   "%p_ZZ5conv3PA255_A255_fPA32_A5_A5_fPfS1_E7in_tile_1_1_0_load_19 = load i6 %p_ZZ5conv3PA255_A255_fPA32_A5_A5_fPfS1_E7in_tile_1_1_0_addr_19" [src/conv3.cpp:86]   --->   Operation 1689 'load' 'p_ZZ5conv3PA255_A255_fPA32_A5_A5_fPfS1_E7in_tile_1_1_0_load_19' <Predicate = true> <Delay = 1.23> <CoreInst = "RAM">   --->   Core 83 'RAM' <Latency = 1> <II = 1> <Delay = 1.23> <Storage> <Opcode : 'load' 'store'> <Ports = 2> <Width = 32> <Depth = 64> <RAM>
ST_21 : Operation 1690 [2/2] (1.23ns)   --->   "%p_ZZ5conv3PA255_A255_fPA32_A5_A5_fPfS1_E7in_tile_1_2_0_load_19 = load i6 %p_ZZ5conv3PA255_A255_fPA32_A5_A5_fPfS1_E7in_tile_1_2_0_addr_19" [src/conv3.cpp:86]   --->   Operation 1690 'load' 'p_ZZ5conv3PA255_A255_fPA32_A5_A5_fPfS1_E7in_tile_1_2_0_load_19' <Predicate = true> <Delay = 1.23> <CoreInst = "RAM">   --->   Core 83 'RAM' <Latency = 1> <II = 1> <Delay = 1.23> <Storage> <Opcode : 'load' 'store'> <Ports = 2> <Width = 32> <Depth = 64> <RAM>
ST_21 : Operation 1691 [2/2] (1.23ns)   --->   "%p_ZZ5conv3PA255_A255_fPA32_A5_A5_fPfS1_E7in_tile_1_3_0_load_19 = load i6 %p_ZZ5conv3PA255_A255_fPA32_A5_A5_fPfS1_E7in_tile_1_3_0_addr_19" [src/conv3.cpp:86]   --->   Operation 1691 'load' 'p_ZZ5conv3PA255_A255_fPA32_A5_A5_fPfS1_E7in_tile_1_3_0_load_19' <Predicate = true> <Delay = 1.23> <CoreInst = "RAM">   --->   Core 83 'RAM' <Latency = 1> <II = 1> <Delay = 1.23> <Storage> <Opcode : 'load' 'store'> <Ports = 2> <Width = 32> <Depth = 64> <RAM>
ST_21 : Operation 1692 [2/2] (1.23ns)   --->   "%p_ZZ5conv3PA255_A255_fPA32_A5_A5_fPfS1_E7in_tile_1_4_0_load_19 = load i6 %p_ZZ5conv3PA255_A255_fPA32_A5_A5_fPfS1_E7in_tile_1_4_0_addr_19" [src/conv3.cpp:86]   --->   Operation 1692 'load' 'p_ZZ5conv3PA255_A255_fPA32_A5_A5_fPfS1_E7in_tile_1_4_0_load_19' <Predicate = true> <Delay = 1.23> <CoreInst = "RAM">   --->   Core 83 'RAM' <Latency = 1> <II = 1> <Delay = 1.23> <Storage> <Opcode : 'load' 'store'> <Ports = 2> <Width = 32> <Depth = 64> <RAM>
ST_21 : Operation 1693 [2/2] (1.23ns)   --->   "%p_ZZ5conv3PA255_A255_fPA32_A5_A5_fPfS1_E7in_tile_2_0_0_load_19 = load i6 %p_ZZ5conv3PA255_A255_fPA32_A5_A5_fPfS1_E7in_tile_2_0_0_addr_19" [src/conv3.cpp:86]   --->   Operation 1693 'load' 'p_ZZ5conv3PA255_A255_fPA32_A5_A5_fPfS1_E7in_tile_2_0_0_load_19' <Predicate = true> <Delay = 1.23> <CoreInst = "RAM">   --->   Core 83 'RAM' <Latency = 1> <II = 1> <Delay = 1.23> <Storage> <Opcode : 'load' 'store'> <Ports = 2> <Width = 32> <Depth = 64> <RAM>
ST_21 : Operation 1694 [2/2] (1.23ns)   --->   "%p_ZZ5conv3PA255_A255_fPA32_A5_A5_fPfS1_E7in_tile_2_1_0_load_19 = load i6 %p_ZZ5conv3PA255_A255_fPA32_A5_A5_fPfS1_E7in_tile_2_1_0_addr_19" [src/conv3.cpp:86]   --->   Operation 1694 'load' 'p_ZZ5conv3PA255_A255_fPA32_A5_A5_fPfS1_E7in_tile_2_1_0_load_19' <Predicate = true> <Delay = 1.23> <CoreInst = "RAM">   --->   Core 83 'RAM' <Latency = 1> <II = 1> <Delay = 1.23> <Storage> <Opcode : 'load' 'store'> <Ports = 2> <Width = 32> <Depth = 64> <RAM>
ST_21 : Operation 1695 [2/2] (1.23ns)   --->   "%p_ZZ5conv3PA255_A255_fPA32_A5_A5_fPfS1_E7in_tile_2_2_0_load_19 = load i6 %p_ZZ5conv3PA255_A255_fPA32_A5_A5_fPfS1_E7in_tile_2_2_0_addr_19" [src/conv3.cpp:86]   --->   Operation 1695 'load' 'p_ZZ5conv3PA255_A255_fPA32_A5_A5_fPfS1_E7in_tile_2_2_0_load_19' <Predicate = true> <Delay = 1.23> <CoreInst = "RAM">   --->   Core 83 'RAM' <Latency = 1> <II = 1> <Delay = 1.23> <Storage> <Opcode : 'load' 'store'> <Ports = 2> <Width = 32> <Depth = 64> <RAM>
ST_21 : Operation 1696 [2/2] (1.23ns)   --->   "%p_ZZ5conv3PA255_A255_fPA32_A5_A5_fPfS1_E7in_tile_2_3_0_load_19 = load i6 %p_ZZ5conv3PA255_A255_fPA32_A5_A5_fPfS1_E7in_tile_2_3_0_addr_19" [src/conv3.cpp:86]   --->   Operation 1696 'load' 'p_ZZ5conv3PA255_A255_fPA32_A5_A5_fPfS1_E7in_tile_2_3_0_load_19' <Predicate = true> <Delay = 1.23> <CoreInst = "RAM">   --->   Core 83 'RAM' <Latency = 1> <II = 1> <Delay = 1.23> <Storage> <Opcode : 'load' 'store'> <Ports = 2> <Width = 32> <Depth = 64> <RAM>
ST_21 : Operation 1697 [2/2] (1.23ns)   --->   "%p_ZZ5conv3PA255_A255_fPA32_A5_A5_fPfS1_E7in_tile_2_4_0_load_19 = load i6 %p_ZZ5conv3PA255_A255_fPA32_A5_A5_fPfS1_E7in_tile_2_4_0_addr_19" [src/conv3.cpp:86]   --->   Operation 1697 'load' 'p_ZZ5conv3PA255_A255_fPA32_A5_A5_fPfS1_E7in_tile_2_4_0_load_19' <Predicate = true> <Delay = 1.23> <CoreInst = "RAM">   --->   Core 83 'RAM' <Latency = 1> <II = 1> <Delay = 1.23> <Storage> <Opcode : 'load' 'store'> <Ports = 2> <Width = 32> <Depth = 64> <RAM>
ST_21 : Operation 1698 [2/2] (1.23ns)   --->   "%p_ZZ5conv3PA255_A255_fPA32_A5_A5_fPfS1_E7in_tile_3_0_0_load_19 = load i6 %p_ZZ5conv3PA255_A255_fPA32_A5_A5_fPfS1_E7in_tile_3_0_0_addr_19" [src/conv3.cpp:86]   --->   Operation 1698 'load' 'p_ZZ5conv3PA255_A255_fPA32_A5_A5_fPfS1_E7in_tile_3_0_0_load_19' <Predicate = true> <Delay = 1.23> <CoreInst = "RAM">   --->   Core 83 'RAM' <Latency = 1> <II = 1> <Delay = 1.23> <Storage> <Opcode : 'load' 'store'> <Ports = 2> <Width = 32> <Depth = 64> <RAM>
ST_21 : Operation 1699 [2/2] (1.23ns)   --->   "%p_ZZ5conv3PA255_A255_fPA32_A5_A5_fPfS1_E7in_tile_3_1_0_load_19 = load i6 %p_ZZ5conv3PA255_A255_fPA32_A5_A5_fPfS1_E7in_tile_3_1_0_addr_19" [src/conv3.cpp:86]   --->   Operation 1699 'load' 'p_ZZ5conv3PA255_A255_fPA32_A5_A5_fPfS1_E7in_tile_3_1_0_load_19' <Predicate = true> <Delay = 1.23> <CoreInst = "RAM">   --->   Core 83 'RAM' <Latency = 1> <II = 1> <Delay = 1.23> <Storage> <Opcode : 'load' 'store'> <Ports = 2> <Width = 32> <Depth = 64> <RAM>
ST_21 : Operation 1700 [2/2] (1.23ns)   --->   "%p_ZZ5conv3PA255_A255_fPA32_A5_A5_fPfS1_E7in_tile_3_2_0_load_19 = load i6 %p_ZZ5conv3PA255_A255_fPA32_A5_A5_fPfS1_E7in_tile_3_2_0_addr_19" [src/conv3.cpp:86]   --->   Operation 1700 'load' 'p_ZZ5conv3PA255_A255_fPA32_A5_A5_fPfS1_E7in_tile_3_2_0_load_19' <Predicate = true> <Delay = 1.23> <CoreInst = "RAM">   --->   Core 83 'RAM' <Latency = 1> <II = 1> <Delay = 1.23> <Storage> <Opcode : 'load' 'store'> <Ports = 2> <Width = 32> <Depth = 64> <RAM>
ST_21 : Operation 1701 [2/2] (1.23ns)   --->   "%p_ZZ5conv3PA255_A255_fPA32_A5_A5_fPfS1_E7in_tile_3_3_0_load_19 = load i6 %p_ZZ5conv3PA255_A255_fPA32_A5_A5_fPfS1_E7in_tile_3_3_0_addr_19" [src/conv3.cpp:86]   --->   Operation 1701 'load' 'p_ZZ5conv3PA255_A255_fPA32_A5_A5_fPfS1_E7in_tile_3_3_0_load_19' <Predicate = true> <Delay = 1.23> <CoreInst = "RAM">   --->   Core 83 'RAM' <Latency = 1> <II = 1> <Delay = 1.23> <Storage> <Opcode : 'load' 'store'> <Ports = 2> <Width = 32> <Depth = 64> <RAM>
ST_21 : Operation 1702 [2/2] (1.23ns)   --->   "%p_ZZ5conv3PA255_A255_fPA32_A5_A5_fPfS1_E7in_tile_3_4_0_load_19 = load i6 %p_ZZ5conv3PA255_A255_fPA32_A5_A5_fPfS1_E7in_tile_3_4_0_addr_19" [src/conv3.cpp:86]   --->   Operation 1702 'load' 'p_ZZ5conv3PA255_A255_fPA32_A5_A5_fPfS1_E7in_tile_3_4_0_load_19' <Predicate = true> <Delay = 1.23> <CoreInst = "RAM">   --->   Core 83 'RAM' <Latency = 1> <II = 1> <Delay = 1.23> <Storage> <Opcode : 'load' 'store'> <Ports = 2> <Width = 32> <Depth = 64> <RAM>
ST_21 : Operation 1703 [2/2] (1.23ns)   --->   "%p_ZZ5conv3PA255_A255_fPA32_A5_A5_fPfS1_E7in_tile_4_0_0_load_19 = load i6 %p_ZZ5conv3PA255_A255_fPA32_A5_A5_fPfS1_E7in_tile_4_0_0_addr_19" [src/conv3.cpp:86]   --->   Operation 1703 'load' 'p_ZZ5conv3PA255_A255_fPA32_A5_A5_fPfS1_E7in_tile_4_0_0_load_19' <Predicate = true> <Delay = 1.23> <CoreInst = "RAM">   --->   Core 83 'RAM' <Latency = 1> <II = 1> <Delay = 1.23> <Storage> <Opcode : 'load' 'store'> <Ports = 2> <Width = 32> <Depth = 64> <RAM>
ST_21 : Operation 1704 [2/2] (1.23ns)   --->   "%p_ZZ5conv3PA255_A255_fPA32_A5_A5_fPfS1_E7in_tile_4_1_0_load_19 = load i6 %p_ZZ5conv3PA255_A255_fPA32_A5_A5_fPfS1_E7in_tile_4_1_0_addr_19" [src/conv3.cpp:86]   --->   Operation 1704 'load' 'p_ZZ5conv3PA255_A255_fPA32_A5_A5_fPfS1_E7in_tile_4_1_0_load_19' <Predicate = true> <Delay = 1.23> <CoreInst = "RAM">   --->   Core 83 'RAM' <Latency = 1> <II = 1> <Delay = 1.23> <Storage> <Opcode : 'load' 'store'> <Ports = 2> <Width = 32> <Depth = 64> <RAM>
ST_21 : Operation 1705 [2/2] (1.23ns)   --->   "%p_ZZ5conv3PA255_A255_fPA32_A5_A5_fPfS1_E7in_tile_4_2_0_load_19 = load i6 %p_ZZ5conv3PA255_A255_fPA32_A5_A5_fPfS1_E7in_tile_4_2_0_addr_19" [src/conv3.cpp:86]   --->   Operation 1705 'load' 'p_ZZ5conv3PA255_A255_fPA32_A5_A5_fPfS1_E7in_tile_4_2_0_load_19' <Predicate = true> <Delay = 1.23> <CoreInst = "RAM">   --->   Core 83 'RAM' <Latency = 1> <II = 1> <Delay = 1.23> <Storage> <Opcode : 'load' 'store'> <Ports = 2> <Width = 32> <Depth = 64> <RAM>
ST_21 : Operation 1706 [2/2] (1.23ns)   --->   "%p_ZZ5conv3PA255_A255_fPA32_A5_A5_fPfS1_E7in_tile_4_3_0_load_19 = load i6 %p_ZZ5conv3PA255_A255_fPA32_A5_A5_fPfS1_E7in_tile_4_3_0_addr_19" [src/conv3.cpp:86]   --->   Operation 1706 'load' 'p_ZZ5conv3PA255_A255_fPA32_A5_A5_fPfS1_E7in_tile_4_3_0_load_19' <Predicate = true> <Delay = 1.23> <CoreInst = "RAM">   --->   Core 83 'RAM' <Latency = 1> <II = 1> <Delay = 1.23> <Storage> <Opcode : 'load' 'store'> <Ports = 2> <Width = 32> <Depth = 64> <RAM>
ST_21 : Operation 1707 [2/2] (1.23ns)   --->   "%p_ZZ5conv3PA255_A255_fPA32_A5_A5_fPfS1_E7in_tile_4_4_0_load_19 = load i6 %p_ZZ5conv3PA255_A255_fPA32_A5_A5_fPfS1_E7in_tile_4_4_0_addr_19" [src/conv3.cpp:86]   --->   Operation 1707 'load' 'p_ZZ5conv3PA255_A255_fPA32_A5_A5_fPfS1_E7in_tile_4_4_0_load_19' <Predicate = true> <Delay = 1.23> <CoreInst = "RAM">   --->   Core 83 'RAM' <Latency = 1> <II = 1> <Delay = 1.23> <Storage> <Opcode : 'load' 'store'> <Ports = 2> <Width = 32> <Depth = 64> <RAM>
ST_21 : Operation 1708 [2/2] (1.23ns)   --->   "%p_ZZ5conv3PA255_A255_fPA32_A5_A5_fPfS1_E7in_tile_0_0_0_load_20 = load i6 %p_ZZ5conv3PA255_A255_fPA32_A5_A5_fPfS1_E7in_tile_0_0_0_addr_20" [src/conv3.cpp:86]   --->   Operation 1708 'load' 'p_ZZ5conv3PA255_A255_fPA32_A5_A5_fPfS1_E7in_tile_0_0_0_load_20' <Predicate = true> <Delay = 1.23> <CoreInst = "RAM">   --->   Core 83 'RAM' <Latency = 1> <II = 1> <Delay = 1.23> <Storage> <Opcode : 'load' 'store'> <Ports = 2> <Width = 32> <Depth = 64> <RAM>
ST_21 : Operation 1709 [2/2] (1.23ns)   --->   "%p_ZZ5conv3PA255_A255_fPA32_A5_A5_fPfS1_E7in_tile_0_1_0_load_20 = load i6 %p_ZZ5conv3PA255_A255_fPA32_A5_A5_fPfS1_E7in_tile_0_1_0_addr_20" [src/conv3.cpp:86]   --->   Operation 1709 'load' 'p_ZZ5conv3PA255_A255_fPA32_A5_A5_fPfS1_E7in_tile_0_1_0_load_20' <Predicate = true> <Delay = 1.23> <CoreInst = "RAM">   --->   Core 83 'RAM' <Latency = 1> <II = 1> <Delay = 1.23> <Storage> <Opcode : 'load' 'store'> <Ports = 2> <Width = 32> <Depth = 64> <RAM>
ST_21 : Operation 1710 [2/2] (1.23ns)   --->   "%p_ZZ5conv3PA255_A255_fPA32_A5_A5_fPfS1_E7in_tile_0_2_0_load_20 = load i6 %p_ZZ5conv3PA255_A255_fPA32_A5_A5_fPfS1_E7in_tile_0_2_0_addr_20" [src/conv3.cpp:86]   --->   Operation 1710 'load' 'p_ZZ5conv3PA255_A255_fPA32_A5_A5_fPfS1_E7in_tile_0_2_0_load_20' <Predicate = true> <Delay = 1.23> <CoreInst = "RAM">   --->   Core 83 'RAM' <Latency = 1> <II = 1> <Delay = 1.23> <Storage> <Opcode : 'load' 'store'> <Ports = 2> <Width = 32> <Depth = 64> <RAM>
ST_21 : Operation 1711 [2/2] (1.23ns)   --->   "%p_ZZ5conv3PA255_A255_fPA32_A5_A5_fPfS1_E7in_tile_0_3_0_load_20 = load i6 %p_ZZ5conv3PA255_A255_fPA32_A5_A5_fPfS1_E7in_tile_0_3_0_addr_20" [src/conv3.cpp:86]   --->   Operation 1711 'load' 'p_ZZ5conv3PA255_A255_fPA32_A5_A5_fPfS1_E7in_tile_0_3_0_load_20' <Predicate = true> <Delay = 1.23> <CoreInst = "RAM">   --->   Core 83 'RAM' <Latency = 1> <II = 1> <Delay = 1.23> <Storage> <Opcode : 'load' 'store'> <Ports = 2> <Width = 32> <Depth = 64> <RAM>
ST_21 : Operation 1712 [2/2] (1.23ns)   --->   "%p_ZZ5conv3PA255_A255_fPA32_A5_A5_fPfS1_E7in_tile_0_4_0_load_20 = load i6 %p_ZZ5conv3PA255_A255_fPA32_A5_A5_fPfS1_E7in_tile_0_4_0_addr_20" [src/conv3.cpp:86]   --->   Operation 1712 'load' 'p_ZZ5conv3PA255_A255_fPA32_A5_A5_fPfS1_E7in_tile_0_4_0_load_20' <Predicate = true> <Delay = 1.23> <CoreInst = "RAM">   --->   Core 83 'RAM' <Latency = 1> <II = 1> <Delay = 1.23> <Storage> <Opcode : 'load' 'store'> <Ports = 2> <Width = 32> <Depth = 64> <RAM>
ST_21 : Operation 1713 [2/2] (1.23ns)   --->   "%p_ZZ5conv3PA255_A255_fPA32_A5_A5_fPfS1_E7in_tile_1_0_0_load_20 = load i6 %p_ZZ5conv3PA255_A255_fPA32_A5_A5_fPfS1_E7in_tile_1_0_0_addr_20" [src/conv3.cpp:86]   --->   Operation 1713 'load' 'p_ZZ5conv3PA255_A255_fPA32_A5_A5_fPfS1_E7in_tile_1_0_0_load_20' <Predicate = true> <Delay = 1.23> <CoreInst = "RAM">   --->   Core 83 'RAM' <Latency = 1> <II = 1> <Delay = 1.23> <Storage> <Opcode : 'load' 'store'> <Ports = 2> <Width = 32> <Depth = 64> <RAM>
ST_21 : Operation 1714 [2/2] (1.23ns)   --->   "%p_ZZ5conv3PA255_A255_fPA32_A5_A5_fPfS1_E7in_tile_1_1_0_load_20 = load i6 %p_ZZ5conv3PA255_A255_fPA32_A5_A5_fPfS1_E7in_tile_1_1_0_addr_20" [src/conv3.cpp:86]   --->   Operation 1714 'load' 'p_ZZ5conv3PA255_A255_fPA32_A5_A5_fPfS1_E7in_tile_1_1_0_load_20' <Predicate = true> <Delay = 1.23> <CoreInst = "RAM">   --->   Core 83 'RAM' <Latency = 1> <II = 1> <Delay = 1.23> <Storage> <Opcode : 'load' 'store'> <Ports = 2> <Width = 32> <Depth = 64> <RAM>
ST_21 : Operation 1715 [2/2] (1.23ns)   --->   "%p_ZZ5conv3PA255_A255_fPA32_A5_A5_fPfS1_E7in_tile_1_2_0_load_20 = load i6 %p_ZZ5conv3PA255_A255_fPA32_A5_A5_fPfS1_E7in_tile_1_2_0_addr_20" [src/conv3.cpp:86]   --->   Operation 1715 'load' 'p_ZZ5conv3PA255_A255_fPA32_A5_A5_fPfS1_E7in_tile_1_2_0_load_20' <Predicate = true> <Delay = 1.23> <CoreInst = "RAM">   --->   Core 83 'RAM' <Latency = 1> <II = 1> <Delay = 1.23> <Storage> <Opcode : 'load' 'store'> <Ports = 2> <Width = 32> <Depth = 64> <RAM>
ST_21 : Operation 1716 [2/2] (1.23ns)   --->   "%p_ZZ5conv3PA255_A255_fPA32_A5_A5_fPfS1_E7in_tile_1_3_0_load_20 = load i6 %p_ZZ5conv3PA255_A255_fPA32_A5_A5_fPfS1_E7in_tile_1_3_0_addr_20" [src/conv3.cpp:86]   --->   Operation 1716 'load' 'p_ZZ5conv3PA255_A255_fPA32_A5_A5_fPfS1_E7in_tile_1_3_0_load_20' <Predicate = true> <Delay = 1.23> <CoreInst = "RAM">   --->   Core 83 'RAM' <Latency = 1> <II = 1> <Delay = 1.23> <Storage> <Opcode : 'load' 'store'> <Ports = 2> <Width = 32> <Depth = 64> <RAM>
ST_21 : Operation 1717 [2/2] (1.23ns)   --->   "%p_ZZ5conv3PA255_A255_fPA32_A5_A5_fPfS1_E7in_tile_1_4_0_load_20 = load i6 %p_ZZ5conv3PA255_A255_fPA32_A5_A5_fPfS1_E7in_tile_1_4_0_addr_20" [src/conv3.cpp:86]   --->   Operation 1717 'load' 'p_ZZ5conv3PA255_A255_fPA32_A5_A5_fPfS1_E7in_tile_1_4_0_load_20' <Predicate = true> <Delay = 1.23> <CoreInst = "RAM">   --->   Core 83 'RAM' <Latency = 1> <II = 1> <Delay = 1.23> <Storage> <Opcode : 'load' 'store'> <Ports = 2> <Width = 32> <Depth = 64> <RAM>
ST_21 : Operation 1718 [2/2] (1.23ns)   --->   "%p_ZZ5conv3PA255_A255_fPA32_A5_A5_fPfS1_E7in_tile_2_0_0_load_20 = load i6 %p_ZZ5conv3PA255_A255_fPA32_A5_A5_fPfS1_E7in_tile_2_0_0_addr_20" [src/conv3.cpp:86]   --->   Operation 1718 'load' 'p_ZZ5conv3PA255_A255_fPA32_A5_A5_fPfS1_E7in_tile_2_0_0_load_20' <Predicate = true> <Delay = 1.23> <CoreInst = "RAM">   --->   Core 83 'RAM' <Latency = 1> <II = 1> <Delay = 1.23> <Storage> <Opcode : 'load' 'store'> <Ports = 2> <Width = 32> <Depth = 64> <RAM>
ST_21 : Operation 1719 [2/2] (1.23ns)   --->   "%p_ZZ5conv3PA255_A255_fPA32_A5_A5_fPfS1_E7in_tile_2_1_0_load_20 = load i6 %p_ZZ5conv3PA255_A255_fPA32_A5_A5_fPfS1_E7in_tile_2_1_0_addr_20" [src/conv3.cpp:86]   --->   Operation 1719 'load' 'p_ZZ5conv3PA255_A255_fPA32_A5_A5_fPfS1_E7in_tile_2_1_0_load_20' <Predicate = true> <Delay = 1.23> <CoreInst = "RAM">   --->   Core 83 'RAM' <Latency = 1> <II = 1> <Delay = 1.23> <Storage> <Opcode : 'load' 'store'> <Ports = 2> <Width = 32> <Depth = 64> <RAM>
ST_21 : Operation 1720 [2/2] (1.23ns)   --->   "%p_ZZ5conv3PA255_A255_fPA32_A5_A5_fPfS1_E7in_tile_2_2_0_load_20 = load i6 %p_ZZ5conv3PA255_A255_fPA32_A5_A5_fPfS1_E7in_tile_2_2_0_addr_20" [src/conv3.cpp:86]   --->   Operation 1720 'load' 'p_ZZ5conv3PA255_A255_fPA32_A5_A5_fPfS1_E7in_tile_2_2_0_load_20' <Predicate = true> <Delay = 1.23> <CoreInst = "RAM">   --->   Core 83 'RAM' <Latency = 1> <II = 1> <Delay = 1.23> <Storage> <Opcode : 'load' 'store'> <Ports = 2> <Width = 32> <Depth = 64> <RAM>
ST_21 : Operation 1721 [2/2] (1.23ns)   --->   "%p_ZZ5conv3PA255_A255_fPA32_A5_A5_fPfS1_E7in_tile_2_3_0_load_20 = load i6 %p_ZZ5conv3PA255_A255_fPA32_A5_A5_fPfS1_E7in_tile_2_3_0_addr_20" [src/conv3.cpp:86]   --->   Operation 1721 'load' 'p_ZZ5conv3PA255_A255_fPA32_A5_A5_fPfS1_E7in_tile_2_3_0_load_20' <Predicate = true> <Delay = 1.23> <CoreInst = "RAM">   --->   Core 83 'RAM' <Latency = 1> <II = 1> <Delay = 1.23> <Storage> <Opcode : 'load' 'store'> <Ports = 2> <Width = 32> <Depth = 64> <RAM>
ST_21 : Operation 1722 [2/2] (1.23ns)   --->   "%p_ZZ5conv3PA255_A255_fPA32_A5_A5_fPfS1_E7in_tile_2_4_0_load_20 = load i6 %p_ZZ5conv3PA255_A255_fPA32_A5_A5_fPfS1_E7in_tile_2_4_0_addr_20" [src/conv3.cpp:86]   --->   Operation 1722 'load' 'p_ZZ5conv3PA255_A255_fPA32_A5_A5_fPfS1_E7in_tile_2_4_0_load_20' <Predicate = true> <Delay = 1.23> <CoreInst = "RAM">   --->   Core 83 'RAM' <Latency = 1> <II = 1> <Delay = 1.23> <Storage> <Opcode : 'load' 'store'> <Ports = 2> <Width = 32> <Depth = 64> <RAM>
ST_21 : Operation 1723 [2/2] (1.23ns)   --->   "%p_ZZ5conv3PA255_A255_fPA32_A5_A5_fPfS1_E7in_tile_3_0_0_load_20 = load i6 %p_ZZ5conv3PA255_A255_fPA32_A5_A5_fPfS1_E7in_tile_3_0_0_addr_20" [src/conv3.cpp:86]   --->   Operation 1723 'load' 'p_ZZ5conv3PA255_A255_fPA32_A5_A5_fPfS1_E7in_tile_3_0_0_load_20' <Predicate = true> <Delay = 1.23> <CoreInst = "RAM">   --->   Core 83 'RAM' <Latency = 1> <II = 1> <Delay = 1.23> <Storage> <Opcode : 'load' 'store'> <Ports = 2> <Width = 32> <Depth = 64> <RAM>
ST_21 : Operation 1724 [2/2] (1.23ns)   --->   "%p_ZZ5conv3PA255_A255_fPA32_A5_A5_fPfS1_E7in_tile_3_1_0_load_20 = load i6 %p_ZZ5conv3PA255_A255_fPA32_A5_A5_fPfS1_E7in_tile_3_1_0_addr_20" [src/conv3.cpp:86]   --->   Operation 1724 'load' 'p_ZZ5conv3PA255_A255_fPA32_A5_A5_fPfS1_E7in_tile_3_1_0_load_20' <Predicate = true> <Delay = 1.23> <CoreInst = "RAM">   --->   Core 83 'RAM' <Latency = 1> <II = 1> <Delay = 1.23> <Storage> <Opcode : 'load' 'store'> <Ports = 2> <Width = 32> <Depth = 64> <RAM>
ST_21 : Operation 1725 [2/2] (1.23ns)   --->   "%p_ZZ5conv3PA255_A255_fPA32_A5_A5_fPfS1_E7in_tile_3_2_0_load_20 = load i6 %p_ZZ5conv3PA255_A255_fPA32_A5_A5_fPfS1_E7in_tile_3_2_0_addr_20" [src/conv3.cpp:86]   --->   Operation 1725 'load' 'p_ZZ5conv3PA255_A255_fPA32_A5_A5_fPfS1_E7in_tile_3_2_0_load_20' <Predicate = true> <Delay = 1.23> <CoreInst = "RAM">   --->   Core 83 'RAM' <Latency = 1> <II = 1> <Delay = 1.23> <Storage> <Opcode : 'load' 'store'> <Ports = 2> <Width = 32> <Depth = 64> <RAM>
ST_21 : Operation 1726 [2/2] (1.23ns)   --->   "%p_ZZ5conv3PA255_A255_fPA32_A5_A5_fPfS1_E7in_tile_3_3_0_load_20 = load i6 %p_ZZ5conv3PA255_A255_fPA32_A5_A5_fPfS1_E7in_tile_3_3_0_addr_20" [src/conv3.cpp:86]   --->   Operation 1726 'load' 'p_ZZ5conv3PA255_A255_fPA32_A5_A5_fPfS1_E7in_tile_3_3_0_load_20' <Predicate = true> <Delay = 1.23> <CoreInst = "RAM">   --->   Core 83 'RAM' <Latency = 1> <II = 1> <Delay = 1.23> <Storage> <Opcode : 'load' 'store'> <Ports = 2> <Width = 32> <Depth = 64> <RAM>
ST_21 : Operation 1727 [2/2] (1.23ns)   --->   "%p_ZZ5conv3PA255_A255_fPA32_A5_A5_fPfS1_E7in_tile_3_4_0_load_20 = load i6 %p_ZZ5conv3PA255_A255_fPA32_A5_A5_fPfS1_E7in_tile_3_4_0_addr_20" [src/conv3.cpp:86]   --->   Operation 1727 'load' 'p_ZZ5conv3PA255_A255_fPA32_A5_A5_fPfS1_E7in_tile_3_4_0_load_20' <Predicate = true> <Delay = 1.23> <CoreInst = "RAM">   --->   Core 83 'RAM' <Latency = 1> <II = 1> <Delay = 1.23> <Storage> <Opcode : 'load' 'store'> <Ports = 2> <Width = 32> <Depth = 64> <RAM>
ST_21 : Operation 1728 [2/2] (1.23ns)   --->   "%p_ZZ5conv3PA255_A255_fPA32_A5_A5_fPfS1_E7in_tile_4_0_0_load_20 = load i6 %p_ZZ5conv3PA255_A255_fPA32_A5_A5_fPfS1_E7in_tile_4_0_0_addr_20" [src/conv3.cpp:86]   --->   Operation 1728 'load' 'p_ZZ5conv3PA255_A255_fPA32_A5_A5_fPfS1_E7in_tile_4_0_0_load_20' <Predicate = true> <Delay = 1.23> <CoreInst = "RAM">   --->   Core 83 'RAM' <Latency = 1> <II = 1> <Delay = 1.23> <Storage> <Opcode : 'load' 'store'> <Ports = 2> <Width = 32> <Depth = 64> <RAM>
ST_21 : Operation 1729 [2/2] (1.23ns)   --->   "%p_ZZ5conv3PA255_A255_fPA32_A5_A5_fPfS1_E7in_tile_4_1_0_load_20 = load i6 %p_ZZ5conv3PA255_A255_fPA32_A5_A5_fPfS1_E7in_tile_4_1_0_addr_20" [src/conv3.cpp:86]   --->   Operation 1729 'load' 'p_ZZ5conv3PA255_A255_fPA32_A5_A5_fPfS1_E7in_tile_4_1_0_load_20' <Predicate = true> <Delay = 1.23> <CoreInst = "RAM">   --->   Core 83 'RAM' <Latency = 1> <II = 1> <Delay = 1.23> <Storage> <Opcode : 'load' 'store'> <Ports = 2> <Width = 32> <Depth = 64> <RAM>
ST_21 : Operation 1730 [2/2] (1.23ns)   --->   "%p_ZZ5conv3PA255_A255_fPA32_A5_A5_fPfS1_E7in_tile_4_2_0_load_20 = load i6 %p_ZZ5conv3PA255_A255_fPA32_A5_A5_fPfS1_E7in_tile_4_2_0_addr_20" [src/conv3.cpp:86]   --->   Operation 1730 'load' 'p_ZZ5conv3PA255_A255_fPA32_A5_A5_fPfS1_E7in_tile_4_2_0_load_20' <Predicate = true> <Delay = 1.23> <CoreInst = "RAM">   --->   Core 83 'RAM' <Latency = 1> <II = 1> <Delay = 1.23> <Storage> <Opcode : 'load' 'store'> <Ports = 2> <Width = 32> <Depth = 64> <RAM>
ST_21 : Operation 1731 [2/2] (1.23ns)   --->   "%p_ZZ5conv3PA255_A255_fPA32_A5_A5_fPfS1_E7in_tile_4_3_0_load_20 = load i6 %p_ZZ5conv3PA255_A255_fPA32_A5_A5_fPfS1_E7in_tile_4_3_0_addr_20" [src/conv3.cpp:86]   --->   Operation 1731 'load' 'p_ZZ5conv3PA255_A255_fPA32_A5_A5_fPfS1_E7in_tile_4_3_0_load_20' <Predicate = true> <Delay = 1.23> <CoreInst = "RAM">   --->   Core 83 'RAM' <Latency = 1> <II = 1> <Delay = 1.23> <Storage> <Opcode : 'load' 'store'> <Ports = 2> <Width = 32> <Depth = 64> <RAM>
ST_21 : Operation 1732 [2/2] (1.23ns)   --->   "%p_ZZ5conv3PA255_A255_fPA32_A5_A5_fPfS1_E7in_tile_4_4_0_load_20 = load i6 %p_ZZ5conv3PA255_A255_fPA32_A5_A5_fPfS1_E7in_tile_4_4_0_addr_20" [src/conv3.cpp:86]   --->   Operation 1732 'load' 'p_ZZ5conv3PA255_A255_fPA32_A5_A5_fPfS1_E7in_tile_4_4_0_load_20' <Predicate = true> <Delay = 1.23> <CoreInst = "RAM">   --->   Core 83 'RAM' <Latency = 1> <II = 1> <Delay = 1.23> <Storage> <Opcode : 'load' 'store'> <Ports = 2> <Width = 32> <Depth = 64> <RAM>

State 22 <SV = 21> <Delay = 1.23>
ST_22 : Operation 1733 [1/1] (0.00ns)   --->   "%p_cast73 = zext i6 %empty_50" [src/conv3.cpp:74]   --->   Operation 1733 'zext' 'p_cast73' <Predicate = true> <Delay = 0.00>
ST_22 : Operation 1734 [1/1] (0.00ns)   --->   "%p_ZZ5conv3PA255_A255_fPA32_A5_A5_fPfS1_E7in_tile_0_0_0_addr_22 = getelementptr i32 %p_ZZ5conv3PA255_A255_fPA32_A5_A5_fPfS1_E7in_tile_0_0_0, i64 0, i64 %p_cast73" [src/conv3.cpp:74]   --->   Operation 1734 'getelementptr' 'p_ZZ5conv3PA255_A255_fPA32_A5_A5_fPfS1_E7in_tile_0_0_0_addr_22' <Predicate = true> <Delay = 0.00>
ST_22 : Operation 1735 [1/1] (0.00ns)   --->   "%p_ZZ5conv3PA255_A255_fPA32_A5_A5_fPfS1_E7in_tile_0_1_0_addr_22 = getelementptr i32 %p_ZZ5conv3PA255_A255_fPA32_A5_A5_fPfS1_E7in_tile_0_1_0, i64 0, i64 %p_cast73" [src/conv3.cpp:74]   --->   Operation 1735 'getelementptr' 'p_ZZ5conv3PA255_A255_fPA32_A5_A5_fPfS1_E7in_tile_0_1_0_addr_22' <Predicate = true> <Delay = 0.00>
ST_22 : Operation 1736 [1/1] (0.00ns)   --->   "%p_ZZ5conv3PA255_A255_fPA32_A5_A5_fPfS1_E7in_tile_0_2_0_addr_22 = getelementptr i32 %p_ZZ5conv3PA255_A255_fPA32_A5_A5_fPfS1_E7in_tile_0_2_0, i64 0, i64 %p_cast73" [src/conv3.cpp:74]   --->   Operation 1736 'getelementptr' 'p_ZZ5conv3PA255_A255_fPA32_A5_A5_fPfS1_E7in_tile_0_2_0_addr_22' <Predicate = true> <Delay = 0.00>
ST_22 : Operation 1737 [1/1] (0.00ns)   --->   "%p_ZZ5conv3PA255_A255_fPA32_A5_A5_fPfS1_E7in_tile_0_3_0_addr_22 = getelementptr i32 %p_ZZ5conv3PA255_A255_fPA32_A5_A5_fPfS1_E7in_tile_0_3_0, i64 0, i64 %p_cast73" [src/conv3.cpp:74]   --->   Operation 1737 'getelementptr' 'p_ZZ5conv3PA255_A255_fPA32_A5_A5_fPfS1_E7in_tile_0_3_0_addr_22' <Predicate = true> <Delay = 0.00>
ST_22 : Operation 1738 [1/1] (0.00ns)   --->   "%p_ZZ5conv3PA255_A255_fPA32_A5_A5_fPfS1_E7in_tile_0_4_0_addr_22 = getelementptr i32 %p_ZZ5conv3PA255_A255_fPA32_A5_A5_fPfS1_E7in_tile_0_4_0, i64 0, i64 %p_cast73" [src/conv3.cpp:74]   --->   Operation 1738 'getelementptr' 'p_ZZ5conv3PA255_A255_fPA32_A5_A5_fPfS1_E7in_tile_0_4_0_addr_22' <Predicate = true> <Delay = 0.00>
ST_22 : Operation 1739 [1/1] (0.00ns)   --->   "%p_ZZ5conv3PA255_A255_fPA32_A5_A5_fPfS1_E7in_tile_1_0_0_addr_22 = getelementptr i32 %p_ZZ5conv3PA255_A255_fPA32_A5_A5_fPfS1_E7in_tile_1_0_0, i64 0, i64 %p_cast73" [src/conv3.cpp:74]   --->   Operation 1739 'getelementptr' 'p_ZZ5conv3PA255_A255_fPA32_A5_A5_fPfS1_E7in_tile_1_0_0_addr_22' <Predicate = true> <Delay = 0.00>
ST_22 : Operation 1740 [1/1] (0.00ns)   --->   "%p_ZZ5conv3PA255_A255_fPA32_A5_A5_fPfS1_E7in_tile_1_1_0_addr_22 = getelementptr i32 %p_ZZ5conv3PA255_A255_fPA32_A5_A5_fPfS1_E7in_tile_1_1_0, i64 0, i64 %p_cast73" [src/conv3.cpp:74]   --->   Operation 1740 'getelementptr' 'p_ZZ5conv3PA255_A255_fPA32_A5_A5_fPfS1_E7in_tile_1_1_0_addr_22' <Predicate = true> <Delay = 0.00>
ST_22 : Operation 1741 [1/1] (0.00ns)   --->   "%p_ZZ5conv3PA255_A255_fPA32_A5_A5_fPfS1_E7in_tile_1_2_0_addr_22 = getelementptr i32 %p_ZZ5conv3PA255_A255_fPA32_A5_A5_fPfS1_E7in_tile_1_2_0, i64 0, i64 %p_cast73" [src/conv3.cpp:74]   --->   Operation 1741 'getelementptr' 'p_ZZ5conv3PA255_A255_fPA32_A5_A5_fPfS1_E7in_tile_1_2_0_addr_22' <Predicate = true> <Delay = 0.00>
ST_22 : Operation 1742 [1/1] (0.00ns)   --->   "%p_ZZ5conv3PA255_A255_fPA32_A5_A5_fPfS1_E7in_tile_1_3_0_addr_22 = getelementptr i32 %p_ZZ5conv3PA255_A255_fPA32_A5_A5_fPfS1_E7in_tile_1_3_0, i64 0, i64 %p_cast73" [src/conv3.cpp:74]   --->   Operation 1742 'getelementptr' 'p_ZZ5conv3PA255_A255_fPA32_A5_A5_fPfS1_E7in_tile_1_3_0_addr_22' <Predicate = true> <Delay = 0.00>
ST_22 : Operation 1743 [1/1] (0.00ns)   --->   "%p_ZZ5conv3PA255_A255_fPA32_A5_A5_fPfS1_E7in_tile_1_4_0_addr_22 = getelementptr i32 %p_ZZ5conv3PA255_A255_fPA32_A5_A5_fPfS1_E7in_tile_1_4_0, i64 0, i64 %p_cast73" [src/conv3.cpp:74]   --->   Operation 1743 'getelementptr' 'p_ZZ5conv3PA255_A255_fPA32_A5_A5_fPfS1_E7in_tile_1_4_0_addr_22' <Predicate = true> <Delay = 0.00>
ST_22 : Operation 1744 [1/1] (0.00ns)   --->   "%p_ZZ5conv3PA255_A255_fPA32_A5_A5_fPfS1_E7in_tile_2_0_0_addr_22 = getelementptr i32 %p_ZZ5conv3PA255_A255_fPA32_A5_A5_fPfS1_E7in_tile_2_0_0, i64 0, i64 %p_cast73" [src/conv3.cpp:74]   --->   Operation 1744 'getelementptr' 'p_ZZ5conv3PA255_A255_fPA32_A5_A5_fPfS1_E7in_tile_2_0_0_addr_22' <Predicate = true> <Delay = 0.00>
ST_22 : Operation 1745 [1/1] (0.00ns)   --->   "%p_ZZ5conv3PA255_A255_fPA32_A5_A5_fPfS1_E7in_tile_2_1_0_addr_22 = getelementptr i32 %p_ZZ5conv3PA255_A255_fPA32_A5_A5_fPfS1_E7in_tile_2_1_0, i64 0, i64 %p_cast73" [src/conv3.cpp:74]   --->   Operation 1745 'getelementptr' 'p_ZZ5conv3PA255_A255_fPA32_A5_A5_fPfS1_E7in_tile_2_1_0_addr_22' <Predicate = true> <Delay = 0.00>
ST_22 : Operation 1746 [1/1] (0.00ns)   --->   "%p_ZZ5conv3PA255_A255_fPA32_A5_A5_fPfS1_E7in_tile_2_2_0_addr_22 = getelementptr i32 %p_ZZ5conv3PA255_A255_fPA32_A5_A5_fPfS1_E7in_tile_2_2_0, i64 0, i64 %p_cast73" [src/conv3.cpp:74]   --->   Operation 1746 'getelementptr' 'p_ZZ5conv3PA255_A255_fPA32_A5_A5_fPfS1_E7in_tile_2_2_0_addr_22' <Predicate = true> <Delay = 0.00>
ST_22 : Operation 1747 [1/1] (0.00ns)   --->   "%p_ZZ5conv3PA255_A255_fPA32_A5_A5_fPfS1_E7in_tile_2_3_0_addr_22 = getelementptr i32 %p_ZZ5conv3PA255_A255_fPA32_A5_A5_fPfS1_E7in_tile_2_3_0, i64 0, i64 %p_cast73" [src/conv3.cpp:74]   --->   Operation 1747 'getelementptr' 'p_ZZ5conv3PA255_A255_fPA32_A5_A5_fPfS1_E7in_tile_2_3_0_addr_22' <Predicate = true> <Delay = 0.00>
ST_22 : Operation 1748 [1/1] (0.00ns)   --->   "%p_ZZ5conv3PA255_A255_fPA32_A5_A5_fPfS1_E7in_tile_2_4_0_addr_22 = getelementptr i32 %p_ZZ5conv3PA255_A255_fPA32_A5_A5_fPfS1_E7in_tile_2_4_0, i64 0, i64 %p_cast73" [src/conv3.cpp:74]   --->   Operation 1748 'getelementptr' 'p_ZZ5conv3PA255_A255_fPA32_A5_A5_fPfS1_E7in_tile_2_4_0_addr_22' <Predicate = true> <Delay = 0.00>
ST_22 : Operation 1749 [1/1] (0.00ns)   --->   "%p_ZZ5conv3PA255_A255_fPA32_A5_A5_fPfS1_E7in_tile_3_0_0_addr_22 = getelementptr i32 %p_ZZ5conv3PA255_A255_fPA32_A5_A5_fPfS1_E7in_tile_3_0_0, i64 0, i64 %p_cast73" [src/conv3.cpp:74]   --->   Operation 1749 'getelementptr' 'p_ZZ5conv3PA255_A255_fPA32_A5_A5_fPfS1_E7in_tile_3_0_0_addr_22' <Predicate = true> <Delay = 0.00>
ST_22 : Operation 1750 [1/1] (0.00ns)   --->   "%p_ZZ5conv3PA255_A255_fPA32_A5_A5_fPfS1_E7in_tile_3_1_0_addr_22 = getelementptr i32 %p_ZZ5conv3PA255_A255_fPA32_A5_A5_fPfS1_E7in_tile_3_1_0, i64 0, i64 %p_cast73" [src/conv3.cpp:74]   --->   Operation 1750 'getelementptr' 'p_ZZ5conv3PA255_A255_fPA32_A5_A5_fPfS1_E7in_tile_3_1_0_addr_22' <Predicate = true> <Delay = 0.00>
ST_22 : Operation 1751 [1/1] (0.00ns)   --->   "%p_ZZ5conv3PA255_A255_fPA32_A5_A5_fPfS1_E7in_tile_3_2_0_addr_22 = getelementptr i32 %p_ZZ5conv3PA255_A255_fPA32_A5_A5_fPfS1_E7in_tile_3_2_0, i64 0, i64 %p_cast73" [src/conv3.cpp:74]   --->   Operation 1751 'getelementptr' 'p_ZZ5conv3PA255_A255_fPA32_A5_A5_fPfS1_E7in_tile_3_2_0_addr_22' <Predicate = true> <Delay = 0.00>
ST_22 : Operation 1752 [1/1] (0.00ns)   --->   "%p_ZZ5conv3PA255_A255_fPA32_A5_A5_fPfS1_E7in_tile_3_3_0_addr_22 = getelementptr i32 %p_ZZ5conv3PA255_A255_fPA32_A5_A5_fPfS1_E7in_tile_3_3_0, i64 0, i64 %p_cast73" [src/conv3.cpp:74]   --->   Operation 1752 'getelementptr' 'p_ZZ5conv3PA255_A255_fPA32_A5_A5_fPfS1_E7in_tile_3_3_0_addr_22' <Predicate = true> <Delay = 0.00>
ST_22 : Operation 1753 [1/1] (0.00ns)   --->   "%p_ZZ5conv3PA255_A255_fPA32_A5_A5_fPfS1_E7in_tile_3_4_0_addr_22 = getelementptr i32 %p_ZZ5conv3PA255_A255_fPA32_A5_A5_fPfS1_E7in_tile_3_4_0, i64 0, i64 %p_cast73" [src/conv3.cpp:74]   --->   Operation 1753 'getelementptr' 'p_ZZ5conv3PA255_A255_fPA32_A5_A5_fPfS1_E7in_tile_3_4_0_addr_22' <Predicate = true> <Delay = 0.00>
ST_22 : Operation 1754 [1/1] (0.00ns)   --->   "%p_ZZ5conv3PA255_A255_fPA32_A5_A5_fPfS1_E7in_tile_4_0_0_addr_22 = getelementptr i32 %p_ZZ5conv3PA255_A255_fPA32_A5_A5_fPfS1_E7in_tile_4_0_0, i64 0, i64 %p_cast73" [src/conv3.cpp:74]   --->   Operation 1754 'getelementptr' 'p_ZZ5conv3PA255_A255_fPA32_A5_A5_fPfS1_E7in_tile_4_0_0_addr_22' <Predicate = true> <Delay = 0.00>
ST_22 : Operation 1755 [1/1] (0.00ns)   --->   "%p_ZZ5conv3PA255_A255_fPA32_A5_A5_fPfS1_E7in_tile_4_1_0_addr_22 = getelementptr i32 %p_ZZ5conv3PA255_A255_fPA32_A5_A5_fPfS1_E7in_tile_4_1_0, i64 0, i64 %p_cast73" [src/conv3.cpp:74]   --->   Operation 1755 'getelementptr' 'p_ZZ5conv3PA255_A255_fPA32_A5_A5_fPfS1_E7in_tile_4_1_0_addr_22' <Predicate = true> <Delay = 0.00>
ST_22 : Operation 1756 [1/1] (0.00ns)   --->   "%p_ZZ5conv3PA255_A255_fPA32_A5_A5_fPfS1_E7in_tile_4_2_0_addr_22 = getelementptr i32 %p_ZZ5conv3PA255_A255_fPA32_A5_A5_fPfS1_E7in_tile_4_2_0, i64 0, i64 %p_cast73" [src/conv3.cpp:74]   --->   Operation 1756 'getelementptr' 'p_ZZ5conv3PA255_A255_fPA32_A5_A5_fPfS1_E7in_tile_4_2_0_addr_22' <Predicate = true> <Delay = 0.00>
ST_22 : Operation 1757 [1/1] (0.00ns)   --->   "%p_ZZ5conv3PA255_A255_fPA32_A5_A5_fPfS1_E7in_tile_4_3_0_addr_22 = getelementptr i32 %p_ZZ5conv3PA255_A255_fPA32_A5_A5_fPfS1_E7in_tile_4_3_0, i64 0, i64 %p_cast73" [src/conv3.cpp:74]   --->   Operation 1757 'getelementptr' 'p_ZZ5conv3PA255_A255_fPA32_A5_A5_fPfS1_E7in_tile_4_3_0_addr_22' <Predicate = true> <Delay = 0.00>
ST_22 : Operation 1758 [1/1] (0.00ns)   --->   "%p_ZZ5conv3PA255_A255_fPA32_A5_A5_fPfS1_E7in_tile_4_4_0_addr_22 = getelementptr i32 %p_ZZ5conv3PA255_A255_fPA32_A5_A5_fPfS1_E7in_tile_4_4_0, i64 0, i64 %p_cast73" [src/conv3.cpp:74]   --->   Operation 1758 'getelementptr' 'p_ZZ5conv3PA255_A255_fPA32_A5_A5_fPfS1_E7in_tile_4_4_0_addr_22' <Predicate = true> <Delay = 0.00>
ST_22 : Operation 1759 [1/2] (1.23ns)   --->   "%p_ZZ5conv3PA255_A255_fPA32_A5_A5_fPfS1_E7in_tile_0_0_0_load_19 = load i6 %p_ZZ5conv3PA255_A255_fPA32_A5_A5_fPfS1_E7in_tile_0_0_0_addr_19" [src/conv3.cpp:86]   --->   Operation 1759 'load' 'p_ZZ5conv3PA255_A255_fPA32_A5_A5_fPfS1_E7in_tile_0_0_0_load_19' <Predicate = true> <Delay = 1.23> <CoreInst = "RAM">   --->   Core 83 'RAM' <Latency = 1> <II = 1> <Delay = 1.23> <Storage> <Opcode : 'load' 'store'> <Ports = 2> <Width = 32> <Depth = 64> <RAM>
ST_22 : Operation 1760 [1/2] (1.23ns)   --->   "%p_ZZ5conv3PA255_A255_fPA32_A5_A5_fPfS1_E7in_tile_0_1_0_load_19 = load i6 %p_ZZ5conv3PA255_A255_fPA32_A5_A5_fPfS1_E7in_tile_0_1_0_addr_19" [src/conv3.cpp:86]   --->   Operation 1760 'load' 'p_ZZ5conv3PA255_A255_fPA32_A5_A5_fPfS1_E7in_tile_0_1_0_load_19' <Predicate = true> <Delay = 1.23> <CoreInst = "RAM">   --->   Core 83 'RAM' <Latency = 1> <II = 1> <Delay = 1.23> <Storage> <Opcode : 'load' 'store'> <Ports = 2> <Width = 32> <Depth = 64> <RAM>
ST_22 : Operation 1761 [1/2] (1.23ns)   --->   "%p_ZZ5conv3PA255_A255_fPA32_A5_A5_fPfS1_E7in_tile_0_2_0_load_19 = load i6 %p_ZZ5conv3PA255_A255_fPA32_A5_A5_fPfS1_E7in_tile_0_2_0_addr_19" [src/conv3.cpp:86]   --->   Operation 1761 'load' 'p_ZZ5conv3PA255_A255_fPA32_A5_A5_fPfS1_E7in_tile_0_2_0_load_19' <Predicate = true> <Delay = 1.23> <CoreInst = "RAM">   --->   Core 83 'RAM' <Latency = 1> <II = 1> <Delay = 1.23> <Storage> <Opcode : 'load' 'store'> <Ports = 2> <Width = 32> <Depth = 64> <RAM>
ST_22 : Operation 1762 [1/2] (1.23ns)   --->   "%p_ZZ5conv3PA255_A255_fPA32_A5_A5_fPfS1_E7in_tile_0_3_0_load_19 = load i6 %p_ZZ5conv3PA255_A255_fPA32_A5_A5_fPfS1_E7in_tile_0_3_0_addr_19" [src/conv3.cpp:86]   --->   Operation 1762 'load' 'p_ZZ5conv3PA255_A255_fPA32_A5_A5_fPfS1_E7in_tile_0_3_0_load_19' <Predicate = true> <Delay = 1.23> <CoreInst = "RAM">   --->   Core 83 'RAM' <Latency = 1> <II = 1> <Delay = 1.23> <Storage> <Opcode : 'load' 'store'> <Ports = 2> <Width = 32> <Depth = 64> <RAM>
ST_22 : Operation 1763 [1/2] (1.23ns)   --->   "%p_ZZ5conv3PA255_A255_fPA32_A5_A5_fPfS1_E7in_tile_0_4_0_load_19 = load i6 %p_ZZ5conv3PA255_A255_fPA32_A5_A5_fPfS1_E7in_tile_0_4_0_addr_19" [src/conv3.cpp:86]   --->   Operation 1763 'load' 'p_ZZ5conv3PA255_A255_fPA32_A5_A5_fPfS1_E7in_tile_0_4_0_load_19' <Predicate = true> <Delay = 1.23> <CoreInst = "RAM">   --->   Core 83 'RAM' <Latency = 1> <II = 1> <Delay = 1.23> <Storage> <Opcode : 'load' 'store'> <Ports = 2> <Width = 32> <Depth = 64> <RAM>
ST_22 : Operation 1764 [1/2] (1.23ns)   --->   "%p_ZZ5conv3PA255_A255_fPA32_A5_A5_fPfS1_E7in_tile_1_0_0_load_19 = load i6 %p_ZZ5conv3PA255_A255_fPA32_A5_A5_fPfS1_E7in_tile_1_0_0_addr_19" [src/conv3.cpp:86]   --->   Operation 1764 'load' 'p_ZZ5conv3PA255_A255_fPA32_A5_A5_fPfS1_E7in_tile_1_0_0_load_19' <Predicate = true> <Delay = 1.23> <CoreInst = "RAM">   --->   Core 83 'RAM' <Latency = 1> <II = 1> <Delay = 1.23> <Storage> <Opcode : 'load' 'store'> <Ports = 2> <Width = 32> <Depth = 64> <RAM>
ST_22 : Operation 1765 [1/2] (1.23ns)   --->   "%p_ZZ5conv3PA255_A255_fPA32_A5_A5_fPfS1_E7in_tile_1_1_0_load_19 = load i6 %p_ZZ5conv3PA255_A255_fPA32_A5_A5_fPfS1_E7in_tile_1_1_0_addr_19" [src/conv3.cpp:86]   --->   Operation 1765 'load' 'p_ZZ5conv3PA255_A255_fPA32_A5_A5_fPfS1_E7in_tile_1_1_0_load_19' <Predicate = true> <Delay = 1.23> <CoreInst = "RAM">   --->   Core 83 'RAM' <Latency = 1> <II = 1> <Delay = 1.23> <Storage> <Opcode : 'load' 'store'> <Ports = 2> <Width = 32> <Depth = 64> <RAM>
ST_22 : Operation 1766 [1/2] (1.23ns)   --->   "%p_ZZ5conv3PA255_A255_fPA32_A5_A5_fPfS1_E7in_tile_1_2_0_load_19 = load i6 %p_ZZ5conv3PA255_A255_fPA32_A5_A5_fPfS1_E7in_tile_1_2_0_addr_19" [src/conv3.cpp:86]   --->   Operation 1766 'load' 'p_ZZ5conv3PA255_A255_fPA32_A5_A5_fPfS1_E7in_tile_1_2_0_load_19' <Predicate = true> <Delay = 1.23> <CoreInst = "RAM">   --->   Core 83 'RAM' <Latency = 1> <II = 1> <Delay = 1.23> <Storage> <Opcode : 'load' 'store'> <Ports = 2> <Width = 32> <Depth = 64> <RAM>
ST_22 : Operation 1767 [1/2] (1.23ns)   --->   "%p_ZZ5conv3PA255_A255_fPA32_A5_A5_fPfS1_E7in_tile_1_3_0_load_19 = load i6 %p_ZZ5conv3PA255_A255_fPA32_A5_A5_fPfS1_E7in_tile_1_3_0_addr_19" [src/conv3.cpp:86]   --->   Operation 1767 'load' 'p_ZZ5conv3PA255_A255_fPA32_A5_A5_fPfS1_E7in_tile_1_3_0_load_19' <Predicate = true> <Delay = 1.23> <CoreInst = "RAM">   --->   Core 83 'RAM' <Latency = 1> <II = 1> <Delay = 1.23> <Storage> <Opcode : 'load' 'store'> <Ports = 2> <Width = 32> <Depth = 64> <RAM>
ST_22 : Operation 1768 [1/2] (1.23ns)   --->   "%p_ZZ5conv3PA255_A255_fPA32_A5_A5_fPfS1_E7in_tile_1_4_0_load_19 = load i6 %p_ZZ5conv3PA255_A255_fPA32_A5_A5_fPfS1_E7in_tile_1_4_0_addr_19" [src/conv3.cpp:86]   --->   Operation 1768 'load' 'p_ZZ5conv3PA255_A255_fPA32_A5_A5_fPfS1_E7in_tile_1_4_0_load_19' <Predicate = true> <Delay = 1.23> <CoreInst = "RAM">   --->   Core 83 'RAM' <Latency = 1> <II = 1> <Delay = 1.23> <Storage> <Opcode : 'load' 'store'> <Ports = 2> <Width = 32> <Depth = 64> <RAM>
ST_22 : Operation 1769 [1/2] (1.23ns)   --->   "%p_ZZ5conv3PA255_A255_fPA32_A5_A5_fPfS1_E7in_tile_2_0_0_load_19 = load i6 %p_ZZ5conv3PA255_A255_fPA32_A5_A5_fPfS1_E7in_tile_2_0_0_addr_19" [src/conv3.cpp:86]   --->   Operation 1769 'load' 'p_ZZ5conv3PA255_A255_fPA32_A5_A5_fPfS1_E7in_tile_2_0_0_load_19' <Predicate = true> <Delay = 1.23> <CoreInst = "RAM">   --->   Core 83 'RAM' <Latency = 1> <II = 1> <Delay = 1.23> <Storage> <Opcode : 'load' 'store'> <Ports = 2> <Width = 32> <Depth = 64> <RAM>
ST_22 : Operation 1770 [1/2] (1.23ns)   --->   "%p_ZZ5conv3PA255_A255_fPA32_A5_A5_fPfS1_E7in_tile_2_1_0_load_19 = load i6 %p_ZZ5conv3PA255_A255_fPA32_A5_A5_fPfS1_E7in_tile_2_1_0_addr_19" [src/conv3.cpp:86]   --->   Operation 1770 'load' 'p_ZZ5conv3PA255_A255_fPA32_A5_A5_fPfS1_E7in_tile_2_1_0_load_19' <Predicate = true> <Delay = 1.23> <CoreInst = "RAM">   --->   Core 83 'RAM' <Latency = 1> <II = 1> <Delay = 1.23> <Storage> <Opcode : 'load' 'store'> <Ports = 2> <Width = 32> <Depth = 64> <RAM>
ST_22 : Operation 1771 [1/2] (1.23ns)   --->   "%p_ZZ5conv3PA255_A255_fPA32_A5_A5_fPfS1_E7in_tile_2_2_0_load_19 = load i6 %p_ZZ5conv3PA255_A255_fPA32_A5_A5_fPfS1_E7in_tile_2_2_0_addr_19" [src/conv3.cpp:86]   --->   Operation 1771 'load' 'p_ZZ5conv3PA255_A255_fPA32_A5_A5_fPfS1_E7in_tile_2_2_0_load_19' <Predicate = true> <Delay = 1.23> <CoreInst = "RAM">   --->   Core 83 'RAM' <Latency = 1> <II = 1> <Delay = 1.23> <Storage> <Opcode : 'load' 'store'> <Ports = 2> <Width = 32> <Depth = 64> <RAM>
ST_22 : Operation 1772 [1/2] (1.23ns)   --->   "%p_ZZ5conv3PA255_A255_fPA32_A5_A5_fPfS1_E7in_tile_2_3_0_load_19 = load i6 %p_ZZ5conv3PA255_A255_fPA32_A5_A5_fPfS1_E7in_tile_2_3_0_addr_19" [src/conv3.cpp:86]   --->   Operation 1772 'load' 'p_ZZ5conv3PA255_A255_fPA32_A5_A5_fPfS1_E7in_tile_2_3_0_load_19' <Predicate = true> <Delay = 1.23> <CoreInst = "RAM">   --->   Core 83 'RAM' <Latency = 1> <II = 1> <Delay = 1.23> <Storage> <Opcode : 'load' 'store'> <Ports = 2> <Width = 32> <Depth = 64> <RAM>
ST_22 : Operation 1773 [1/2] (1.23ns)   --->   "%p_ZZ5conv3PA255_A255_fPA32_A5_A5_fPfS1_E7in_tile_2_4_0_load_19 = load i6 %p_ZZ5conv3PA255_A255_fPA32_A5_A5_fPfS1_E7in_tile_2_4_0_addr_19" [src/conv3.cpp:86]   --->   Operation 1773 'load' 'p_ZZ5conv3PA255_A255_fPA32_A5_A5_fPfS1_E7in_tile_2_4_0_load_19' <Predicate = true> <Delay = 1.23> <CoreInst = "RAM">   --->   Core 83 'RAM' <Latency = 1> <II = 1> <Delay = 1.23> <Storage> <Opcode : 'load' 'store'> <Ports = 2> <Width = 32> <Depth = 64> <RAM>
ST_22 : Operation 1774 [1/2] (1.23ns)   --->   "%p_ZZ5conv3PA255_A255_fPA32_A5_A5_fPfS1_E7in_tile_3_0_0_load_19 = load i6 %p_ZZ5conv3PA255_A255_fPA32_A5_A5_fPfS1_E7in_tile_3_0_0_addr_19" [src/conv3.cpp:86]   --->   Operation 1774 'load' 'p_ZZ5conv3PA255_A255_fPA32_A5_A5_fPfS1_E7in_tile_3_0_0_load_19' <Predicate = true> <Delay = 1.23> <CoreInst = "RAM">   --->   Core 83 'RAM' <Latency = 1> <II = 1> <Delay = 1.23> <Storage> <Opcode : 'load' 'store'> <Ports = 2> <Width = 32> <Depth = 64> <RAM>
ST_22 : Operation 1775 [1/2] (1.23ns)   --->   "%p_ZZ5conv3PA255_A255_fPA32_A5_A5_fPfS1_E7in_tile_3_1_0_load_19 = load i6 %p_ZZ5conv3PA255_A255_fPA32_A5_A5_fPfS1_E7in_tile_3_1_0_addr_19" [src/conv3.cpp:86]   --->   Operation 1775 'load' 'p_ZZ5conv3PA255_A255_fPA32_A5_A5_fPfS1_E7in_tile_3_1_0_load_19' <Predicate = true> <Delay = 1.23> <CoreInst = "RAM">   --->   Core 83 'RAM' <Latency = 1> <II = 1> <Delay = 1.23> <Storage> <Opcode : 'load' 'store'> <Ports = 2> <Width = 32> <Depth = 64> <RAM>
ST_22 : Operation 1776 [1/2] (1.23ns)   --->   "%p_ZZ5conv3PA255_A255_fPA32_A5_A5_fPfS1_E7in_tile_3_2_0_load_19 = load i6 %p_ZZ5conv3PA255_A255_fPA32_A5_A5_fPfS1_E7in_tile_3_2_0_addr_19" [src/conv3.cpp:86]   --->   Operation 1776 'load' 'p_ZZ5conv3PA255_A255_fPA32_A5_A5_fPfS1_E7in_tile_3_2_0_load_19' <Predicate = true> <Delay = 1.23> <CoreInst = "RAM">   --->   Core 83 'RAM' <Latency = 1> <II = 1> <Delay = 1.23> <Storage> <Opcode : 'load' 'store'> <Ports = 2> <Width = 32> <Depth = 64> <RAM>
ST_22 : Operation 1777 [1/2] (1.23ns)   --->   "%p_ZZ5conv3PA255_A255_fPA32_A5_A5_fPfS1_E7in_tile_3_3_0_load_19 = load i6 %p_ZZ5conv3PA255_A255_fPA32_A5_A5_fPfS1_E7in_tile_3_3_0_addr_19" [src/conv3.cpp:86]   --->   Operation 1777 'load' 'p_ZZ5conv3PA255_A255_fPA32_A5_A5_fPfS1_E7in_tile_3_3_0_load_19' <Predicate = true> <Delay = 1.23> <CoreInst = "RAM">   --->   Core 83 'RAM' <Latency = 1> <II = 1> <Delay = 1.23> <Storage> <Opcode : 'load' 'store'> <Ports = 2> <Width = 32> <Depth = 64> <RAM>
ST_22 : Operation 1778 [1/2] (1.23ns)   --->   "%p_ZZ5conv3PA255_A255_fPA32_A5_A5_fPfS1_E7in_tile_3_4_0_load_19 = load i6 %p_ZZ5conv3PA255_A255_fPA32_A5_A5_fPfS1_E7in_tile_3_4_0_addr_19" [src/conv3.cpp:86]   --->   Operation 1778 'load' 'p_ZZ5conv3PA255_A255_fPA32_A5_A5_fPfS1_E7in_tile_3_4_0_load_19' <Predicate = true> <Delay = 1.23> <CoreInst = "RAM">   --->   Core 83 'RAM' <Latency = 1> <II = 1> <Delay = 1.23> <Storage> <Opcode : 'load' 'store'> <Ports = 2> <Width = 32> <Depth = 64> <RAM>
ST_22 : Operation 1779 [1/2] (1.23ns)   --->   "%p_ZZ5conv3PA255_A255_fPA32_A5_A5_fPfS1_E7in_tile_4_0_0_load_19 = load i6 %p_ZZ5conv3PA255_A255_fPA32_A5_A5_fPfS1_E7in_tile_4_0_0_addr_19" [src/conv3.cpp:86]   --->   Operation 1779 'load' 'p_ZZ5conv3PA255_A255_fPA32_A5_A5_fPfS1_E7in_tile_4_0_0_load_19' <Predicate = true> <Delay = 1.23> <CoreInst = "RAM">   --->   Core 83 'RAM' <Latency = 1> <II = 1> <Delay = 1.23> <Storage> <Opcode : 'load' 'store'> <Ports = 2> <Width = 32> <Depth = 64> <RAM>
ST_22 : Operation 1780 [1/2] (1.23ns)   --->   "%p_ZZ5conv3PA255_A255_fPA32_A5_A5_fPfS1_E7in_tile_4_1_0_load_19 = load i6 %p_ZZ5conv3PA255_A255_fPA32_A5_A5_fPfS1_E7in_tile_4_1_0_addr_19" [src/conv3.cpp:86]   --->   Operation 1780 'load' 'p_ZZ5conv3PA255_A255_fPA32_A5_A5_fPfS1_E7in_tile_4_1_0_load_19' <Predicate = true> <Delay = 1.23> <CoreInst = "RAM">   --->   Core 83 'RAM' <Latency = 1> <II = 1> <Delay = 1.23> <Storage> <Opcode : 'load' 'store'> <Ports = 2> <Width = 32> <Depth = 64> <RAM>
ST_22 : Operation 1781 [1/2] (1.23ns)   --->   "%p_ZZ5conv3PA255_A255_fPA32_A5_A5_fPfS1_E7in_tile_4_2_0_load_19 = load i6 %p_ZZ5conv3PA255_A255_fPA32_A5_A5_fPfS1_E7in_tile_4_2_0_addr_19" [src/conv3.cpp:86]   --->   Operation 1781 'load' 'p_ZZ5conv3PA255_A255_fPA32_A5_A5_fPfS1_E7in_tile_4_2_0_load_19' <Predicate = true> <Delay = 1.23> <CoreInst = "RAM">   --->   Core 83 'RAM' <Latency = 1> <II = 1> <Delay = 1.23> <Storage> <Opcode : 'load' 'store'> <Ports = 2> <Width = 32> <Depth = 64> <RAM>
ST_22 : Operation 1782 [1/2] (1.23ns)   --->   "%p_ZZ5conv3PA255_A255_fPA32_A5_A5_fPfS1_E7in_tile_4_3_0_load_19 = load i6 %p_ZZ5conv3PA255_A255_fPA32_A5_A5_fPfS1_E7in_tile_4_3_0_addr_19" [src/conv3.cpp:86]   --->   Operation 1782 'load' 'p_ZZ5conv3PA255_A255_fPA32_A5_A5_fPfS1_E7in_tile_4_3_0_load_19' <Predicate = true> <Delay = 1.23> <CoreInst = "RAM">   --->   Core 83 'RAM' <Latency = 1> <II = 1> <Delay = 1.23> <Storage> <Opcode : 'load' 'store'> <Ports = 2> <Width = 32> <Depth = 64> <RAM>
ST_22 : Operation 1783 [1/2] (1.23ns)   --->   "%p_ZZ5conv3PA255_A255_fPA32_A5_A5_fPfS1_E7in_tile_4_4_0_load_19 = load i6 %p_ZZ5conv3PA255_A255_fPA32_A5_A5_fPfS1_E7in_tile_4_4_0_addr_19" [src/conv3.cpp:86]   --->   Operation 1783 'load' 'p_ZZ5conv3PA255_A255_fPA32_A5_A5_fPfS1_E7in_tile_4_4_0_load_19' <Predicate = true> <Delay = 1.23> <CoreInst = "RAM">   --->   Core 83 'RAM' <Latency = 1> <II = 1> <Delay = 1.23> <Storage> <Opcode : 'load' 'store'> <Ports = 2> <Width = 32> <Depth = 64> <RAM>
ST_22 : Operation 1784 [1/2] (1.23ns)   --->   "%p_ZZ5conv3PA255_A255_fPA32_A5_A5_fPfS1_E7in_tile_0_0_0_load_20 = load i6 %p_ZZ5conv3PA255_A255_fPA32_A5_A5_fPfS1_E7in_tile_0_0_0_addr_20" [src/conv3.cpp:86]   --->   Operation 1784 'load' 'p_ZZ5conv3PA255_A255_fPA32_A5_A5_fPfS1_E7in_tile_0_0_0_load_20' <Predicate = true> <Delay = 1.23> <CoreInst = "RAM">   --->   Core 83 'RAM' <Latency = 1> <II = 1> <Delay = 1.23> <Storage> <Opcode : 'load' 'store'> <Ports = 2> <Width = 32> <Depth = 64> <RAM>
ST_22 : Operation 1785 [1/2] (1.23ns)   --->   "%p_ZZ5conv3PA255_A255_fPA32_A5_A5_fPfS1_E7in_tile_0_1_0_load_20 = load i6 %p_ZZ5conv3PA255_A255_fPA32_A5_A5_fPfS1_E7in_tile_0_1_0_addr_20" [src/conv3.cpp:86]   --->   Operation 1785 'load' 'p_ZZ5conv3PA255_A255_fPA32_A5_A5_fPfS1_E7in_tile_0_1_0_load_20' <Predicate = true> <Delay = 1.23> <CoreInst = "RAM">   --->   Core 83 'RAM' <Latency = 1> <II = 1> <Delay = 1.23> <Storage> <Opcode : 'load' 'store'> <Ports = 2> <Width = 32> <Depth = 64> <RAM>
ST_22 : Operation 1786 [1/2] (1.23ns)   --->   "%p_ZZ5conv3PA255_A255_fPA32_A5_A5_fPfS1_E7in_tile_0_2_0_load_20 = load i6 %p_ZZ5conv3PA255_A255_fPA32_A5_A5_fPfS1_E7in_tile_0_2_0_addr_20" [src/conv3.cpp:86]   --->   Operation 1786 'load' 'p_ZZ5conv3PA255_A255_fPA32_A5_A5_fPfS1_E7in_tile_0_2_0_load_20' <Predicate = true> <Delay = 1.23> <CoreInst = "RAM">   --->   Core 83 'RAM' <Latency = 1> <II = 1> <Delay = 1.23> <Storage> <Opcode : 'load' 'store'> <Ports = 2> <Width = 32> <Depth = 64> <RAM>
ST_22 : Operation 1787 [1/2] (1.23ns)   --->   "%p_ZZ5conv3PA255_A255_fPA32_A5_A5_fPfS1_E7in_tile_0_3_0_load_20 = load i6 %p_ZZ5conv3PA255_A255_fPA32_A5_A5_fPfS1_E7in_tile_0_3_0_addr_20" [src/conv3.cpp:86]   --->   Operation 1787 'load' 'p_ZZ5conv3PA255_A255_fPA32_A5_A5_fPfS1_E7in_tile_0_3_0_load_20' <Predicate = true> <Delay = 1.23> <CoreInst = "RAM">   --->   Core 83 'RAM' <Latency = 1> <II = 1> <Delay = 1.23> <Storage> <Opcode : 'load' 'store'> <Ports = 2> <Width = 32> <Depth = 64> <RAM>
ST_22 : Operation 1788 [1/2] (1.23ns)   --->   "%p_ZZ5conv3PA255_A255_fPA32_A5_A5_fPfS1_E7in_tile_0_4_0_load_20 = load i6 %p_ZZ5conv3PA255_A255_fPA32_A5_A5_fPfS1_E7in_tile_0_4_0_addr_20" [src/conv3.cpp:86]   --->   Operation 1788 'load' 'p_ZZ5conv3PA255_A255_fPA32_A5_A5_fPfS1_E7in_tile_0_4_0_load_20' <Predicate = true> <Delay = 1.23> <CoreInst = "RAM">   --->   Core 83 'RAM' <Latency = 1> <II = 1> <Delay = 1.23> <Storage> <Opcode : 'load' 'store'> <Ports = 2> <Width = 32> <Depth = 64> <RAM>
ST_22 : Operation 1789 [1/2] (1.23ns)   --->   "%p_ZZ5conv3PA255_A255_fPA32_A5_A5_fPfS1_E7in_tile_1_0_0_load_20 = load i6 %p_ZZ5conv3PA255_A255_fPA32_A5_A5_fPfS1_E7in_tile_1_0_0_addr_20" [src/conv3.cpp:86]   --->   Operation 1789 'load' 'p_ZZ5conv3PA255_A255_fPA32_A5_A5_fPfS1_E7in_tile_1_0_0_load_20' <Predicate = true> <Delay = 1.23> <CoreInst = "RAM">   --->   Core 83 'RAM' <Latency = 1> <II = 1> <Delay = 1.23> <Storage> <Opcode : 'load' 'store'> <Ports = 2> <Width = 32> <Depth = 64> <RAM>
ST_22 : Operation 1790 [1/2] (1.23ns)   --->   "%p_ZZ5conv3PA255_A255_fPA32_A5_A5_fPfS1_E7in_tile_1_1_0_load_20 = load i6 %p_ZZ5conv3PA255_A255_fPA32_A5_A5_fPfS1_E7in_tile_1_1_0_addr_20" [src/conv3.cpp:86]   --->   Operation 1790 'load' 'p_ZZ5conv3PA255_A255_fPA32_A5_A5_fPfS1_E7in_tile_1_1_0_load_20' <Predicate = true> <Delay = 1.23> <CoreInst = "RAM">   --->   Core 83 'RAM' <Latency = 1> <II = 1> <Delay = 1.23> <Storage> <Opcode : 'load' 'store'> <Ports = 2> <Width = 32> <Depth = 64> <RAM>
ST_22 : Operation 1791 [1/2] (1.23ns)   --->   "%p_ZZ5conv3PA255_A255_fPA32_A5_A5_fPfS1_E7in_tile_1_2_0_load_20 = load i6 %p_ZZ5conv3PA255_A255_fPA32_A5_A5_fPfS1_E7in_tile_1_2_0_addr_20" [src/conv3.cpp:86]   --->   Operation 1791 'load' 'p_ZZ5conv3PA255_A255_fPA32_A5_A5_fPfS1_E7in_tile_1_2_0_load_20' <Predicate = true> <Delay = 1.23> <CoreInst = "RAM">   --->   Core 83 'RAM' <Latency = 1> <II = 1> <Delay = 1.23> <Storage> <Opcode : 'load' 'store'> <Ports = 2> <Width = 32> <Depth = 64> <RAM>
ST_22 : Operation 1792 [1/2] (1.23ns)   --->   "%p_ZZ5conv3PA255_A255_fPA32_A5_A5_fPfS1_E7in_tile_1_3_0_load_20 = load i6 %p_ZZ5conv3PA255_A255_fPA32_A5_A5_fPfS1_E7in_tile_1_3_0_addr_20" [src/conv3.cpp:86]   --->   Operation 1792 'load' 'p_ZZ5conv3PA255_A255_fPA32_A5_A5_fPfS1_E7in_tile_1_3_0_load_20' <Predicate = true> <Delay = 1.23> <CoreInst = "RAM">   --->   Core 83 'RAM' <Latency = 1> <II = 1> <Delay = 1.23> <Storage> <Opcode : 'load' 'store'> <Ports = 2> <Width = 32> <Depth = 64> <RAM>
ST_22 : Operation 1793 [1/2] (1.23ns)   --->   "%p_ZZ5conv3PA255_A255_fPA32_A5_A5_fPfS1_E7in_tile_1_4_0_load_20 = load i6 %p_ZZ5conv3PA255_A255_fPA32_A5_A5_fPfS1_E7in_tile_1_4_0_addr_20" [src/conv3.cpp:86]   --->   Operation 1793 'load' 'p_ZZ5conv3PA255_A255_fPA32_A5_A5_fPfS1_E7in_tile_1_4_0_load_20' <Predicate = true> <Delay = 1.23> <CoreInst = "RAM">   --->   Core 83 'RAM' <Latency = 1> <II = 1> <Delay = 1.23> <Storage> <Opcode : 'load' 'store'> <Ports = 2> <Width = 32> <Depth = 64> <RAM>
ST_22 : Operation 1794 [1/2] (1.23ns)   --->   "%p_ZZ5conv3PA255_A255_fPA32_A5_A5_fPfS1_E7in_tile_2_0_0_load_20 = load i6 %p_ZZ5conv3PA255_A255_fPA32_A5_A5_fPfS1_E7in_tile_2_0_0_addr_20" [src/conv3.cpp:86]   --->   Operation 1794 'load' 'p_ZZ5conv3PA255_A255_fPA32_A5_A5_fPfS1_E7in_tile_2_0_0_load_20' <Predicate = true> <Delay = 1.23> <CoreInst = "RAM">   --->   Core 83 'RAM' <Latency = 1> <II = 1> <Delay = 1.23> <Storage> <Opcode : 'load' 'store'> <Ports = 2> <Width = 32> <Depth = 64> <RAM>
ST_22 : Operation 1795 [1/2] (1.23ns)   --->   "%p_ZZ5conv3PA255_A255_fPA32_A5_A5_fPfS1_E7in_tile_2_1_0_load_20 = load i6 %p_ZZ5conv3PA255_A255_fPA32_A5_A5_fPfS1_E7in_tile_2_1_0_addr_20" [src/conv3.cpp:86]   --->   Operation 1795 'load' 'p_ZZ5conv3PA255_A255_fPA32_A5_A5_fPfS1_E7in_tile_2_1_0_load_20' <Predicate = true> <Delay = 1.23> <CoreInst = "RAM">   --->   Core 83 'RAM' <Latency = 1> <II = 1> <Delay = 1.23> <Storage> <Opcode : 'load' 'store'> <Ports = 2> <Width = 32> <Depth = 64> <RAM>
ST_22 : Operation 1796 [1/2] (1.23ns)   --->   "%p_ZZ5conv3PA255_A255_fPA32_A5_A5_fPfS1_E7in_tile_2_2_0_load_20 = load i6 %p_ZZ5conv3PA255_A255_fPA32_A5_A5_fPfS1_E7in_tile_2_2_0_addr_20" [src/conv3.cpp:86]   --->   Operation 1796 'load' 'p_ZZ5conv3PA255_A255_fPA32_A5_A5_fPfS1_E7in_tile_2_2_0_load_20' <Predicate = true> <Delay = 1.23> <CoreInst = "RAM">   --->   Core 83 'RAM' <Latency = 1> <II = 1> <Delay = 1.23> <Storage> <Opcode : 'load' 'store'> <Ports = 2> <Width = 32> <Depth = 64> <RAM>
ST_22 : Operation 1797 [1/2] (1.23ns)   --->   "%p_ZZ5conv3PA255_A255_fPA32_A5_A5_fPfS1_E7in_tile_2_3_0_load_20 = load i6 %p_ZZ5conv3PA255_A255_fPA32_A5_A5_fPfS1_E7in_tile_2_3_0_addr_20" [src/conv3.cpp:86]   --->   Operation 1797 'load' 'p_ZZ5conv3PA255_A255_fPA32_A5_A5_fPfS1_E7in_tile_2_3_0_load_20' <Predicate = true> <Delay = 1.23> <CoreInst = "RAM">   --->   Core 83 'RAM' <Latency = 1> <II = 1> <Delay = 1.23> <Storage> <Opcode : 'load' 'store'> <Ports = 2> <Width = 32> <Depth = 64> <RAM>
ST_22 : Operation 1798 [1/2] (1.23ns)   --->   "%p_ZZ5conv3PA255_A255_fPA32_A5_A5_fPfS1_E7in_tile_2_4_0_load_20 = load i6 %p_ZZ5conv3PA255_A255_fPA32_A5_A5_fPfS1_E7in_tile_2_4_0_addr_20" [src/conv3.cpp:86]   --->   Operation 1798 'load' 'p_ZZ5conv3PA255_A255_fPA32_A5_A5_fPfS1_E7in_tile_2_4_0_load_20' <Predicate = true> <Delay = 1.23> <CoreInst = "RAM">   --->   Core 83 'RAM' <Latency = 1> <II = 1> <Delay = 1.23> <Storage> <Opcode : 'load' 'store'> <Ports = 2> <Width = 32> <Depth = 64> <RAM>
ST_22 : Operation 1799 [1/2] (1.23ns)   --->   "%p_ZZ5conv3PA255_A255_fPA32_A5_A5_fPfS1_E7in_tile_3_0_0_load_20 = load i6 %p_ZZ5conv3PA255_A255_fPA32_A5_A5_fPfS1_E7in_tile_3_0_0_addr_20" [src/conv3.cpp:86]   --->   Operation 1799 'load' 'p_ZZ5conv3PA255_A255_fPA32_A5_A5_fPfS1_E7in_tile_3_0_0_load_20' <Predicate = true> <Delay = 1.23> <CoreInst = "RAM">   --->   Core 83 'RAM' <Latency = 1> <II = 1> <Delay = 1.23> <Storage> <Opcode : 'load' 'store'> <Ports = 2> <Width = 32> <Depth = 64> <RAM>
ST_22 : Operation 1800 [1/2] (1.23ns)   --->   "%p_ZZ5conv3PA255_A255_fPA32_A5_A5_fPfS1_E7in_tile_3_1_0_load_20 = load i6 %p_ZZ5conv3PA255_A255_fPA32_A5_A5_fPfS1_E7in_tile_3_1_0_addr_20" [src/conv3.cpp:86]   --->   Operation 1800 'load' 'p_ZZ5conv3PA255_A255_fPA32_A5_A5_fPfS1_E7in_tile_3_1_0_load_20' <Predicate = true> <Delay = 1.23> <CoreInst = "RAM">   --->   Core 83 'RAM' <Latency = 1> <II = 1> <Delay = 1.23> <Storage> <Opcode : 'load' 'store'> <Ports = 2> <Width = 32> <Depth = 64> <RAM>
ST_22 : Operation 1801 [1/2] (1.23ns)   --->   "%p_ZZ5conv3PA255_A255_fPA32_A5_A5_fPfS1_E7in_tile_3_2_0_load_20 = load i6 %p_ZZ5conv3PA255_A255_fPA32_A5_A5_fPfS1_E7in_tile_3_2_0_addr_20" [src/conv3.cpp:86]   --->   Operation 1801 'load' 'p_ZZ5conv3PA255_A255_fPA32_A5_A5_fPfS1_E7in_tile_3_2_0_load_20' <Predicate = true> <Delay = 1.23> <CoreInst = "RAM">   --->   Core 83 'RAM' <Latency = 1> <II = 1> <Delay = 1.23> <Storage> <Opcode : 'load' 'store'> <Ports = 2> <Width = 32> <Depth = 64> <RAM>
ST_22 : Operation 1802 [1/2] (1.23ns)   --->   "%p_ZZ5conv3PA255_A255_fPA32_A5_A5_fPfS1_E7in_tile_3_3_0_load_20 = load i6 %p_ZZ5conv3PA255_A255_fPA32_A5_A5_fPfS1_E7in_tile_3_3_0_addr_20" [src/conv3.cpp:86]   --->   Operation 1802 'load' 'p_ZZ5conv3PA255_A255_fPA32_A5_A5_fPfS1_E7in_tile_3_3_0_load_20' <Predicate = true> <Delay = 1.23> <CoreInst = "RAM">   --->   Core 83 'RAM' <Latency = 1> <II = 1> <Delay = 1.23> <Storage> <Opcode : 'load' 'store'> <Ports = 2> <Width = 32> <Depth = 64> <RAM>
ST_22 : Operation 1803 [1/2] (1.23ns)   --->   "%p_ZZ5conv3PA255_A255_fPA32_A5_A5_fPfS1_E7in_tile_3_4_0_load_20 = load i6 %p_ZZ5conv3PA255_A255_fPA32_A5_A5_fPfS1_E7in_tile_3_4_0_addr_20" [src/conv3.cpp:86]   --->   Operation 1803 'load' 'p_ZZ5conv3PA255_A255_fPA32_A5_A5_fPfS1_E7in_tile_3_4_0_load_20' <Predicate = true> <Delay = 1.23> <CoreInst = "RAM">   --->   Core 83 'RAM' <Latency = 1> <II = 1> <Delay = 1.23> <Storage> <Opcode : 'load' 'store'> <Ports = 2> <Width = 32> <Depth = 64> <RAM>
ST_22 : Operation 1804 [1/2] (1.23ns)   --->   "%p_ZZ5conv3PA255_A255_fPA32_A5_A5_fPfS1_E7in_tile_4_0_0_load_20 = load i6 %p_ZZ5conv3PA255_A255_fPA32_A5_A5_fPfS1_E7in_tile_4_0_0_addr_20" [src/conv3.cpp:86]   --->   Operation 1804 'load' 'p_ZZ5conv3PA255_A255_fPA32_A5_A5_fPfS1_E7in_tile_4_0_0_load_20' <Predicate = true> <Delay = 1.23> <CoreInst = "RAM">   --->   Core 83 'RAM' <Latency = 1> <II = 1> <Delay = 1.23> <Storage> <Opcode : 'load' 'store'> <Ports = 2> <Width = 32> <Depth = 64> <RAM>
ST_22 : Operation 1805 [1/2] (1.23ns)   --->   "%p_ZZ5conv3PA255_A255_fPA32_A5_A5_fPfS1_E7in_tile_4_1_0_load_20 = load i6 %p_ZZ5conv3PA255_A255_fPA32_A5_A5_fPfS1_E7in_tile_4_1_0_addr_20" [src/conv3.cpp:86]   --->   Operation 1805 'load' 'p_ZZ5conv3PA255_A255_fPA32_A5_A5_fPfS1_E7in_tile_4_1_0_load_20' <Predicate = true> <Delay = 1.23> <CoreInst = "RAM">   --->   Core 83 'RAM' <Latency = 1> <II = 1> <Delay = 1.23> <Storage> <Opcode : 'load' 'store'> <Ports = 2> <Width = 32> <Depth = 64> <RAM>
ST_22 : Operation 1806 [1/2] (1.23ns)   --->   "%p_ZZ5conv3PA255_A255_fPA32_A5_A5_fPfS1_E7in_tile_4_2_0_load_20 = load i6 %p_ZZ5conv3PA255_A255_fPA32_A5_A5_fPfS1_E7in_tile_4_2_0_addr_20" [src/conv3.cpp:86]   --->   Operation 1806 'load' 'p_ZZ5conv3PA255_A255_fPA32_A5_A5_fPfS1_E7in_tile_4_2_0_load_20' <Predicate = true> <Delay = 1.23> <CoreInst = "RAM">   --->   Core 83 'RAM' <Latency = 1> <II = 1> <Delay = 1.23> <Storage> <Opcode : 'load' 'store'> <Ports = 2> <Width = 32> <Depth = 64> <RAM>
ST_22 : Operation 1807 [1/2] (1.23ns)   --->   "%p_ZZ5conv3PA255_A255_fPA32_A5_A5_fPfS1_E7in_tile_4_3_0_load_20 = load i6 %p_ZZ5conv3PA255_A255_fPA32_A5_A5_fPfS1_E7in_tile_4_3_0_addr_20" [src/conv3.cpp:86]   --->   Operation 1807 'load' 'p_ZZ5conv3PA255_A255_fPA32_A5_A5_fPfS1_E7in_tile_4_3_0_load_20' <Predicate = true> <Delay = 1.23> <CoreInst = "RAM">   --->   Core 83 'RAM' <Latency = 1> <II = 1> <Delay = 1.23> <Storage> <Opcode : 'load' 'store'> <Ports = 2> <Width = 32> <Depth = 64> <RAM>
ST_22 : Operation 1808 [1/2] (1.23ns)   --->   "%p_ZZ5conv3PA255_A255_fPA32_A5_A5_fPfS1_E7in_tile_4_4_0_load_20 = load i6 %p_ZZ5conv3PA255_A255_fPA32_A5_A5_fPfS1_E7in_tile_4_4_0_addr_20" [src/conv3.cpp:86]   --->   Operation 1808 'load' 'p_ZZ5conv3PA255_A255_fPA32_A5_A5_fPfS1_E7in_tile_4_4_0_load_20' <Predicate = true> <Delay = 1.23> <CoreInst = "RAM">   --->   Core 83 'RAM' <Latency = 1> <II = 1> <Delay = 1.23> <Storage> <Opcode : 'load' 'store'> <Ports = 2> <Width = 32> <Depth = 64> <RAM>
ST_22 : Operation 1809 [2/2] (1.23ns)   --->   "%p_ZZ5conv3PA255_A255_fPA32_A5_A5_fPfS1_E7in_tile_0_0_0_load_21 = load i6 %p_ZZ5conv3PA255_A255_fPA32_A5_A5_fPfS1_E7in_tile_0_0_0_addr_21" [src/conv3.cpp:86]   --->   Operation 1809 'load' 'p_ZZ5conv3PA255_A255_fPA32_A5_A5_fPfS1_E7in_tile_0_0_0_load_21' <Predicate = true> <Delay = 1.23> <CoreInst = "RAM">   --->   Core 83 'RAM' <Latency = 1> <II = 1> <Delay = 1.23> <Storage> <Opcode : 'load' 'store'> <Ports = 2> <Width = 32> <Depth = 64> <RAM>
ST_22 : Operation 1810 [2/2] (1.23ns)   --->   "%p_ZZ5conv3PA255_A255_fPA32_A5_A5_fPfS1_E7in_tile_0_1_0_load_21 = load i6 %p_ZZ5conv3PA255_A255_fPA32_A5_A5_fPfS1_E7in_tile_0_1_0_addr_21" [src/conv3.cpp:86]   --->   Operation 1810 'load' 'p_ZZ5conv3PA255_A255_fPA32_A5_A5_fPfS1_E7in_tile_0_1_0_load_21' <Predicate = true> <Delay = 1.23> <CoreInst = "RAM">   --->   Core 83 'RAM' <Latency = 1> <II = 1> <Delay = 1.23> <Storage> <Opcode : 'load' 'store'> <Ports = 2> <Width = 32> <Depth = 64> <RAM>
ST_22 : Operation 1811 [2/2] (1.23ns)   --->   "%p_ZZ5conv3PA255_A255_fPA32_A5_A5_fPfS1_E7in_tile_0_2_0_load_21 = load i6 %p_ZZ5conv3PA255_A255_fPA32_A5_A5_fPfS1_E7in_tile_0_2_0_addr_21" [src/conv3.cpp:86]   --->   Operation 1811 'load' 'p_ZZ5conv3PA255_A255_fPA32_A5_A5_fPfS1_E7in_tile_0_2_0_load_21' <Predicate = true> <Delay = 1.23> <CoreInst = "RAM">   --->   Core 83 'RAM' <Latency = 1> <II = 1> <Delay = 1.23> <Storage> <Opcode : 'load' 'store'> <Ports = 2> <Width = 32> <Depth = 64> <RAM>
ST_22 : Operation 1812 [2/2] (1.23ns)   --->   "%p_ZZ5conv3PA255_A255_fPA32_A5_A5_fPfS1_E7in_tile_0_3_0_load_21 = load i6 %p_ZZ5conv3PA255_A255_fPA32_A5_A5_fPfS1_E7in_tile_0_3_0_addr_21" [src/conv3.cpp:86]   --->   Operation 1812 'load' 'p_ZZ5conv3PA255_A255_fPA32_A5_A5_fPfS1_E7in_tile_0_3_0_load_21' <Predicate = true> <Delay = 1.23> <CoreInst = "RAM">   --->   Core 83 'RAM' <Latency = 1> <II = 1> <Delay = 1.23> <Storage> <Opcode : 'load' 'store'> <Ports = 2> <Width = 32> <Depth = 64> <RAM>
ST_22 : Operation 1813 [2/2] (1.23ns)   --->   "%p_ZZ5conv3PA255_A255_fPA32_A5_A5_fPfS1_E7in_tile_0_4_0_load_21 = load i6 %p_ZZ5conv3PA255_A255_fPA32_A5_A5_fPfS1_E7in_tile_0_4_0_addr_21" [src/conv3.cpp:86]   --->   Operation 1813 'load' 'p_ZZ5conv3PA255_A255_fPA32_A5_A5_fPfS1_E7in_tile_0_4_0_load_21' <Predicate = true> <Delay = 1.23> <CoreInst = "RAM">   --->   Core 83 'RAM' <Latency = 1> <II = 1> <Delay = 1.23> <Storage> <Opcode : 'load' 'store'> <Ports = 2> <Width = 32> <Depth = 64> <RAM>
ST_22 : Operation 1814 [2/2] (1.23ns)   --->   "%p_ZZ5conv3PA255_A255_fPA32_A5_A5_fPfS1_E7in_tile_1_0_0_load_21 = load i6 %p_ZZ5conv3PA255_A255_fPA32_A5_A5_fPfS1_E7in_tile_1_0_0_addr_21" [src/conv3.cpp:86]   --->   Operation 1814 'load' 'p_ZZ5conv3PA255_A255_fPA32_A5_A5_fPfS1_E7in_tile_1_0_0_load_21' <Predicate = true> <Delay = 1.23> <CoreInst = "RAM">   --->   Core 83 'RAM' <Latency = 1> <II = 1> <Delay = 1.23> <Storage> <Opcode : 'load' 'store'> <Ports = 2> <Width = 32> <Depth = 64> <RAM>
ST_22 : Operation 1815 [2/2] (1.23ns)   --->   "%p_ZZ5conv3PA255_A255_fPA32_A5_A5_fPfS1_E7in_tile_1_1_0_load_21 = load i6 %p_ZZ5conv3PA255_A255_fPA32_A5_A5_fPfS1_E7in_tile_1_1_0_addr_21" [src/conv3.cpp:86]   --->   Operation 1815 'load' 'p_ZZ5conv3PA255_A255_fPA32_A5_A5_fPfS1_E7in_tile_1_1_0_load_21' <Predicate = true> <Delay = 1.23> <CoreInst = "RAM">   --->   Core 83 'RAM' <Latency = 1> <II = 1> <Delay = 1.23> <Storage> <Opcode : 'load' 'store'> <Ports = 2> <Width = 32> <Depth = 64> <RAM>
ST_22 : Operation 1816 [2/2] (1.23ns)   --->   "%p_ZZ5conv3PA255_A255_fPA32_A5_A5_fPfS1_E7in_tile_1_2_0_load_21 = load i6 %p_ZZ5conv3PA255_A255_fPA32_A5_A5_fPfS1_E7in_tile_1_2_0_addr_21" [src/conv3.cpp:86]   --->   Operation 1816 'load' 'p_ZZ5conv3PA255_A255_fPA32_A5_A5_fPfS1_E7in_tile_1_2_0_load_21' <Predicate = true> <Delay = 1.23> <CoreInst = "RAM">   --->   Core 83 'RAM' <Latency = 1> <II = 1> <Delay = 1.23> <Storage> <Opcode : 'load' 'store'> <Ports = 2> <Width = 32> <Depth = 64> <RAM>
ST_22 : Operation 1817 [2/2] (1.23ns)   --->   "%p_ZZ5conv3PA255_A255_fPA32_A5_A5_fPfS1_E7in_tile_1_3_0_load_21 = load i6 %p_ZZ5conv3PA255_A255_fPA32_A5_A5_fPfS1_E7in_tile_1_3_0_addr_21" [src/conv3.cpp:86]   --->   Operation 1817 'load' 'p_ZZ5conv3PA255_A255_fPA32_A5_A5_fPfS1_E7in_tile_1_3_0_load_21' <Predicate = true> <Delay = 1.23> <CoreInst = "RAM">   --->   Core 83 'RAM' <Latency = 1> <II = 1> <Delay = 1.23> <Storage> <Opcode : 'load' 'store'> <Ports = 2> <Width = 32> <Depth = 64> <RAM>
ST_22 : Operation 1818 [2/2] (1.23ns)   --->   "%p_ZZ5conv3PA255_A255_fPA32_A5_A5_fPfS1_E7in_tile_1_4_0_load_21 = load i6 %p_ZZ5conv3PA255_A255_fPA32_A5_A5_fPfS1_E7in_tile_1_4_0_addr_21" [src/conv3.cpp:86]   --->   Operation 1818 'load' 'p_ZZ5conv3PA255_A255_fPA32_A5_A5_fPfS1_E7in_tile_1_4_0_load_21' <Predicate = true> <Delay = 1.23> <CoreInst = "RAM">   --->   Core 83 'RAM' <Latency = 1> <II = 1> <Delay = 1.23> <Storage> <Opcode : 'load' 'store'> <Ports = 2> <Width = 32> <Depth = 64> <RAM>
ST_22 : Operation 1819 [2/2] (1.23ns)   --->   "%p_ZZ5conv3PA255_A255_fPA32_A5_A5_fPfS1_E7in_tile_2_0_0_load_21 = load i6 %p_ZZ5conv3PA255_A255_fPA32_A5_A5_fPfS1_E7in_tile_2_0_0_addr_21" [src/conv3.cpp:86]   --->   Operation 1819 'load' 'p_ZZ5conv3PA255_A255_fPA32_A5_A5_fPfS1_E7in_tile_2_0_0_load_21' <Predicate = true> <Delay = 1.23> <CoreInst = "RAM">   --->   Core 83 'RAM' <Latency = 1> <II = 1> <Delay = 1.23> <Storage> <Opcode : 'load' 'store'> <Ports = 2> <Width = 32> <Depth = 64> <RAM>
ST_22 : Operation 1820 [2/2] (1.23ns)   --->   "%p_ZZ5conv3PA255_A255_fPA32_A5_A5_fPfS1_E7in_tile_2_1_0_load_21 = load i6 %p_ZZ5conv3PA255_A255_fPA32_A5_A5_fPfS1_E7in_tile_2_1_0_addr_21" [src/conv3.cpp:86]   --->   Operation 1820 'load' 'p_ZZ5conv3PA255_A255_fPA32_A5_A5_fPfS1_E7in_tile_2_1_0_load_21' <Predicate = true> <Delay = 1.23> <CoreInst = "RAM">   --->   Core 83 'RAM' <Latency = 1> <II = 1> <Delay = 1.23> <Storage> <Opcode : 'load' 'store'> <Ports = 2> <Width = 32> <Depth = 64> <RAM>
ST_22 : Operation 1821 [2/2] (1.23ns)   --->   "%p_ZZ5conv3PA255_A255_fPA32_A5_A5_fPfS1_E7in_tile_2_2_0_load_21 = load i6 %p_ZZ5conv3PA255_A255_fPA32_A5_A5_fPfS1_E7in_tile_2_2_0_addr_21" [src/conv3.cpp:86]   --->   Operation 1821 'load' 'p_ZZ5conv3PA255_A255_fPA32_A5_A5_fPfS1_E7in_tile_2_2_0_load_21' <Predicate = true> <Delay = 1.23> <CoreInst = "RAM">   --->   Core 83 'RAM' <Latency = 1> <II = 1> <Delay = 1.23> <Storage> <Opcode : 'load' 'store'> <Ports = 2> <Width = 32> <Depth = 64> <RAM>
ST_22 : Operation 1822 [2/2] (1.23ns)   --->   "%p_ZZ5conv3PA255_A255_fPA32_A5_A5_fPfS1_E7in_tile_2_3_0_load_21 = load i6 %p_ZZ5conv3PA255_A255_fPA32_A5_A5_fPfS1_E7in_tile_2_3_0_addr_21" [src/conv3.cpp:86]   --->   Operation 1822 'load' 'p_ZZ5conv3PA255_A255_fPA32_A5_A5_fPfS1_E7in_tile_2_3_0_load_21' <Predicate = true> <Delay = 1.23> <CoreInst = "RAM">   --->   Core 83 'RAM' <Latency = 1> <II = 1> <Delay = 1.23> <Storage> <Opcode : 'load' 'store'> <Ports = 2> <Width = 32> <Depth = 64> <RAM>
ST_22 : Operation 1823 [2/2] (1.23ns)   --->   "%p_ZZ5conv3PA255_A255_fPA32_A5_A5_fPfS1_E7in_tile_2_4_0_load_21 = load i6 %p_ZZ5conv3PA255_A255_fPA32_A5_A5_fPfS1_E7in_tile_2_4_0_addr_21" [src/conv3.cpp:86]   --->   Operation 1823 'load' 'p_ZZ5conv3PA255_A255_fPA32_A5_A5_fPfS1_E7in_tile_2_4_0_load_21' <Predicate = true> <Delay = 1.23> <CoreInst = "RAM">   --->   Core 83 'RAM' <Latency = 1> <II = 1> <Delay = 1.23> <Storage> <Opcode : 'load' 'store'> <Ports = 2> <Width = 32> <Depth = 64> <RAM>
ST_22 : Operation 1824 [2/2] (1.23ns)   --->   "%p_ZZ5conv3PA255_A255_fPA32_A5_A5_fPfS1_E7in_tile_3_0_0_load_21 = load i6 %p_ZZ5conv3PA255_A255_fPA32_A5_A5_fPfS1_E7in_tile_3_0_0_addr_21" [src/conv3.cpp:86]   --->   Operation 1824 'load' 'p_ZZ5conv3PA255_A255_fPA32_A5_A5_fPfS1_E7in_tile_3_0_0_load_21' <Predicate = true> <Delay = 1.23> <CoreInst = "RAM">   --->   Core 83 'RAM' <Latency = 1> <II = 1> <Delay = 1.23> <Storage> <Opcode : 'load' 'store'> <Ports = 2> <Width = 32> <Depth = 64> <RAM>
ST_22 : Operation 1825 [2/2] (1.23ns)   --->   "%p_ZZ5conv3PA255_A255_fPA32_A5_A5_fPfS1_E7in_tile_3_1_0_load_21 = load i6 %p_ZZ5conv3PA255_A255_fPA32_A5_A5_fPfS1_E7in_tile_3_1_0_addr_21" [src/conv3.cpp:86]   --->   Operation 1825 'load' 'p_ZZ5conv3PA255_A255_fPA32_A5_A5_fPfS1_E7in_tile_3_1_0_load_21' <Predicate = true> <Delay = 1.23> <CoreInst = "RAM">   --->   Core 83 'RAM' <Latency = 1> <II = 1> <Delay = 1.23> <Storage> <Opcode : 'load' 'store'> <Ports = 2> <Width = 32> <Depth = 64> <RAM>
ST_22 : Operation 1826 [2/2] (1.23ns)   --->   "%p_ZZ5conv3PA255_A255_fPA32_A5_A5_fPfS1_E7in_tile_3_2_0_load_21 = load i6 %p_ZZ5conv3PA255_A255_fPA32_A5_A5_fPfS1_E7in_tile_3_2_0_addr_21" [src/conv3.cpp:86]   --->   Operation 1826 'load' 'p_ZZ5conv3PA255_A255_fPA32_A5_A5_fPfS1_E7in_tile_3_2_0_load_21' <Predicate = true> <Delay = 1.23> <CoreInst = "RAM">   --->   Core 83 'RAM' <Latency = 1> <II = 1> <Delay = 1.23> <Storage> <Opcode : 'load' 'store'> <Ports = 2> <Width = 32> <Depth = 64> <RAM>
ST_22 : Operation 1827 [2/2] (1.23ns)   --->   "%p_ZZ5conv3PA255_A255_fPA32_A5_A5_fPfS1_E7in_tile_3_3_0_load_21 = load i6 %p_ZZ5conv3PA255_A255_fPA32_A5_A5_fPfS1_E7in_tile_3_3_0_addr_21" [src/conv3.cpp:86]   --->   Operation 1827 'load' 'p_ZZ5conv3PA255_A255_fPA32_A5_A5_fPfS1_E7in_tile_3_3_0_load_21' <Predicate = true> <Delay = 1.23> <CoreInst = "RAM">   --->   Core 83 'RAM' <Latency = 1> <II = 1> <Delay = 1.23> <Storage> <Opcode : 'load' 'store'> <Ports = 2> <Width = 32> <Depth = 64> <RAM>
ST_22 : Operation 1828 [2/2] (1.23ns)   --->   "%p_ZZ5conv3PA255_A255_fPA32_A5_A5_fPfS1_E7in_tile_3_4_0_load_21 = load i6 %p_ZZ5conv3PA255_A255_fPA32_A5_A5_fPfS1_E7in_tile_3_4_0_addr_21" [src/conv3.cpp:86]   --->   Operation 1828 'load' 'p_ZZ5conv3PA255_A255_fPA32_A5_A5_fPfS1_E7in_tile_3_4_0_load_21' <Predicate = true> <Delay = 1.23> <CoreInst = "RAM">   --->   Core 83 'RAM' <Latency = 1> <II = 1> <Delay = 1.23> <Storage> <Opcode : 'load' 'store'> <Ports = 2> <Width = 32> <Depth = 64> <RAM>
ST_22 : Operation 1829 [2/2] (1.23ns)   --->   "%p_ZZ5conv3PA255_A255_fPA32_A5_A5_fPfS1_E7in_tile_4_0_0_load_21 = load i6 %p_ZZ5conv3PA255_A255_fPA32_A5_A5_fPfS1_E7in_tile_4_0_0_addr_21" [src/conv3.cpp:86]   --->   Operation 1829 'load' 'p_ZZ5conv3PA255_A255_fPA32_A5_A5_fPfS1_E7in_tile_4_0_0_load_21' <Predicate = true> <Delay = 1.23> <CoreInst = "RAM">   --->   Core 83 'RAM' <Latency = 1> <II = 1> <Delay = 1.23> <Storage> <Opcode : 'load' 'store'> <Ports = 2> <Width = 32> <Depth = 64> <RAM>
ST_22 : Operation 1830 [2/2] (1.23ns)   --->   "%p_ZZ5conv3PA255_A255_fPA32_A5_A5_fPfS1_E7in_tile_4_1_0_load_21 = load i6 %p_ZZ5conv3PA255_A255_fPA32_A5_A5_fPfS1_E7in_tile_4_1_0_addr_21" [src/conv3.cpp:86]   --->   Operation 1830 'load' 'p_ZZ5conv3PA255_A255_fPA32_A5_A5_fPfS1_E7in_tile_4_1_0_load_21' <Predicate = true> <Delay = 1.23> <CoreInst = "RAM">   --->   Core 83 'RAM' <Latency = 1> <II = 1> <Delay = 1.23> <Storage> <Opcode : 'load' 'store'> <Ports = 2> <Width = 32> <Depth = 64> <RAM>
ST_22 : Operation 1831 [2/2] (1.23ns)   --->   "%p_ZZ5conv3PA255_A255_fPA32_A5_A5_fPfS1_E7in_tile_4_2_0_load_21 = load i6 %p_ZZ5conv3PA255_A255_fPA32_A5_A5_fPfS1_E7in_tile_4_2_0_addr_21" [src/conv3.cpp:86]   --->   Operation 1831 'load' 'p_ZZ5conv3PA255_A255_fPA32_A5_A5_fPfS1_E7in_tile_4_2_0_load_21' <Predicate = true> <Delay = 1.23> <CoreInst = "RAM">   --->   Core 83 'RAM' <Latency = 1> <II = 1> <Delay = 1.23> <Storage> <Opcode : 'load' 'store'> <Ports = 2> <Width = 32> <Depth = 64> <RAM>
ST_22 : Operation 1832 [2/2] (1.23ns)   --->   "%p_ZZ5conv3PA255_A255_fPA32_A5_A5_fPfS1_E7in_tile_4_3_0_load_21 = load i6 %p_ZZ5conv3PA255_A255_fPA32_A5_A5_fPfS1_E7in_tile_4_3_0_addr_21" [src/conv3.cpp:86]   --->   Operation 1832 'load' 'p_ZZ5conv3PA255_A255_fPA32_A5_A5_fPfS1_E7in_tile_4_3_0_load_21' <Predicate = true> <Delay = 1.23> <CoreInst = "RAM">   --->   Core 83 'RAM' <Latency = 1> <II = 1> <Delay = 1.23> <Storage> <Opcode : 'load' 'store'> <Ports = 2> <Width = 32> <Depth = 64> <RAM>
ST_22 : Operation 1833 [2/2] (1.23ns)   --->   "%p_ZZ5conv3PA255_A255_fPA32_A5_A5_fPfS1_E7in_tile_4_4_0_load_21 = load i6 %p_ZZ5conv3PA255_A255_fPA32_A5_A5_fPfS1_E7in_tile_4_4_0_addr_21" [src/conv3.cpp:86]   --->   Operation 1833 'load' 'p_ZZ5conv3PA255_A255_fPA32_A5_A5_fPfS1_E7in_tile_4_4_0_load_21' <Predicate = true> <Delay = 1.23> <CoreInst = "RAM">   --->   Core 83 'RAM' <Latency = 1> <II = 1> <Delay = 1.23> <Storage> <Opcode : 'load' 'store'> <Ports = 2> <Width = 32> <Depth = 64> <RAM>
ST_22 : Operation 1834 [2/2] (1.23ns)   --->   "%p_ZZ5conv3PA255_A255_fPA32_A5_A5_fPfS1_E7in_tile_0_0_0_load_22 = load i6 %p_ZZ5conv3PA255_A255_fPA32_A5_A5_fPfS1_E7in_tile_0_0_0_addr_22" [src/conv3.cpp:86]   --->   Operation 1834 'load' 'p_ZZ5conv3PA255_A255_fPA32_A5_A5_fPfS1_E7in_tile_0_0_0_load_22' <Predicate = true> <Delay = 1.23> <CoreInst = "RAM">   --->   Core 83 'RAM' <Latency = 1> <II = 1> <Delay = 1.23> <Storage> <Opcode : 'load' 'store'> <Ports = 2> <Width = 32> <Depth = 64> <RAM>
ST_22 : Operation 1835 [2/2] (1.23ns)   --->   "%p_ZZ5conv3PA255_A255_fPA32_A5_A5_fPfS1_E7in_tile_0_1_0_load_22 = load i6 %p_ZZ5conv3PA255_A255_fPA32_A5_A5_fPfS1_E7in_tile_0_1_0_addr_22" [src/conv3.cpp:86]   --->   Operation 1835 'load' 'p_ZZ5conv3PA255_A255_fPA32_A5_A5_fPfS1_E7in_tile_0_1_0_load_22' <Predicate = true> <Delay = 1.23> <CoreInst = "RAM">   --->   Core 83 'RAM' <Latency = 1> <II = 1> <Delay = 1.23> <Storage> <Opcode : 'load' 'store'> <Ports = 2> <Width = 32> <Depth = 64> <RAM>
ST_22 : Operation 1836 [2/2] (1.23ns)   --->   "%p_ZZ5conv3PA255_A255_fPA32_A5_A5_fPfS1_E7in_tile_0_2_0_load_22 = load i6 %p_ZZ5conv3PA255_A255_fPA32_A5_A5_fPfS1_E7in_tile_0_2_0_addr_22" [src/conv3.cpp:86]   --->   Operation 1836 'load' 'p_ZZ5conv3PA255_A255_fPA32_A5_A5_fPfS1_E7in_tile_0_2_0_load_22' <Predicate = true> <Delay = 1.23> <CoreInst = "RAM">   --->   Core 83 'RAM' <Latency = 1> <II = 1> <Delay = 1.23> <Storage> <Opcode : 'load' 'store'> <Ports = 2> <Width = 32> <Depth = 64> <RAM>
ST_22 : Operation 1837 [2/2] (1.23ns)   --->   "%p_ZZ5conv3PA255_A255_fPA32_A5_A5_fPfS1_E7in_tile_0_3_0_load_22 = load i6 %p_ZZ5conv3PA255_A255_fPA32_A5_A5_fPfS1_E7in_tile_0_3_0_addr_22" [src/conv3.cpp:86]   --->   Operation 1837 'load' 'p_ZZ5conv3PA255_A255_fPA32_A5_A5_fPfS1_E7in_tile_0_3_0_load_22' <Predicate = true> <Delay = 1.23> <CoreInst = "RAM">   --->   Core 83 'RAM' <Latency = 1> <II = 1> <Delay = 1.23> <Storage> <Opcode : 'load' 'store'> <Ports = 2> <Width = 32> <Depth = 64> <RAM>
ST_22 : Operation 1838 [2/2] (1.23ns)   --->   "%p_ZZ5conv3PA255_A255_fPA32_A5_A5_fPfS1_E7in_tile_0_4_0_load_22 = load i6 %p_ZZ5conv3PA255_A255_fPA32_A5_A5_fPfS1_E7in_tile_0_4_0_addr_22" [src/conv3.cpp:86]   --->   Operation 1838 'load' 'p_ZZ5conv3PA255_A255_fPA32_A5_A5_fPfS1_E7in_tile_0_4_0_load_22' <Predicate = true> <Delay = 1.23> <CoreInst = "RAM">   --->   Core 83 'RAM' <Latency = 1> <II = 1> <Delay = 1.23> <Storage> <Opcode : 'load' 'store'> <Ports = 2> <Width = 32> <Depth = 64> <RAM>
ST_22 : Operation 1839 [2/2] (1.23ns)   --->   "%p_ZZ5conv3PA255_A255_fPA32_A5_A5_fPfS1_E7in_tile_1_0_0_load_22 = load i6 %p_ZZ5conv3PA255_A255_fPA32_A5_A5_fPfS1_E7in_tile_1_0_0_addr_22" [src/conv3.cpp:86]   --->   Operation 1839 'load' 'p_ZZ5conv3PA255_A255_fPA32_A5_A5_fPfS1_E7in_tile_1_0_0_load_22' <Predicate = true> <Delay = 1.23> <CoreInst = "RAM">   --->   Core 83 'RAM' <Latency = 1> <II = 1> <Delay = 1.23> <Storage> <Opcode : 'load' 'store'> <Ports = 2> <Width = 32> <Depth = 64> <RAM>
ST_22 : Operation 1840 [2/2] (1.23ns)   --->   "%p_ZZ5conv3PA255_A255_fPA32_A5_A5_fPfS1_E7in_tile_1_1_0_load_22 = load i6 %p_ZZ5conv3PA255_A255_fPA32_A5_A5_fPfS1_E7in_tile_1_1_0_addr_22" [src/conv3.cpp:86]   --->   Operation 1840 'load' 'p_ZZ5conv3PA255_A255_fPA32_A5_A5_fPfS1_E7in_tile_1_1_0_load_22' <Predicate = true> <Delay = 1.23> <CoreInst = "RAM">   --->   Core 83 'RAM' <Latency = 1> <II = 1> <Delay = 1.23> <Storage> <Opcode : 'load' 'store'> <Ports = 2> <Width = 32> <Depth = 64> <RAM>
ST_22 : Operation 1841 [2/2] (1.23ns)   --->   "%p_ZZ5conv3PA255_A255_fPA32_A5_A5_fPfS1_E7in_tile_1_2_0_load_22 = load i6 %p_ZZ5conv3PA255_A255_fPA32_A5_A5_fPfS1_E7in_tile_1_2_0_addr_22" [src/conv3.cpp:86]   --->   Operation 1841 'load' 'p_ZZ5conv3PA255_A255_fPA32_A5_A5_fPfS1_E7in_tile_1_2_0_load_22' <Predicate = true> <Delay = 1.23> <CoreInst = "RAM">   --->   Core 83 'RAM' <Latency = 1> <II = 1> <Delay = 1.23> <Storage> <Opcode : 'load' 'store'> <Ports = 2> <Width = 32> <Depth = 64> <RAM>
ST_22 : Operation 1842 [2/2] (1.23ns)   --->   "%p_ZZ5conv3PA255_A255_fPA32_A5_A5_fPfS1_E7in_tile_1_3_0_load_22 = load i6 %p_ZZ5conv3PA255_A255_fPA32_A5_A5_fPfS1_E7in_tile_1_3_0_addr_22" [src/conv3.cpp:86]   --->   Operation 1842 'load' 'p_ZZ5conv3PA255_A255_fPA32_A5_A5_fPfS1_E7in_tile_1_3_0_load_22' <Predicate = true> <Delay = 1.23> <CoreInst = "RAM">   --->   Core 83 'RAM' <Latency = 1> <II = 1> <Delay = 1.23> <Storage> <Opcode : 'load' 'store'> <Ports = 2> <Width = 32> <Depth = 64> <RAM>
ST_22 : Operation 1843 [2/2] (1.23ns)   --->   "%p_ZZ5conv3PA255_A255_fPA32_A5_A5_fPfS1_E7in_tile_1_4_0_load_22 = load i6 %p_ZZ5conv3PA255_A255_fPA32_A5_A5_fPfS1_E7in_tile_1_4_0_addr_22" [src/conv3.cpp:86]   --->   Operation 1843 'load' 'p_ZZ5conv3PA255_A255_fPA32_A5_A5_fPfS1_E7in_tile_1_4_0_load_22' <Predicate = true> <Delay = 1.23> <CoreInst = "RAM">   --->   Core 83 'RAM' <Latency = 1> <II = 1> <Delay = 1.23> <Storage> <Opcode : 'load' 'store'> <Ports = 2> <Width = 32> <Depth = 64> <RAM>
ST_22 : Operation 1844 [2/2] (1.23ns)   --->   "%p_ZZ5conv3PA255_A255_fPA32_A5_A5_fPfS1_E7in_tile_2_0_0_load_22 = load i6 %p_ZZ5conv3PA255_A255_fPA32_A5_A5_fPfS1_E7in_tile_2_0_0_addr_22" [src/conv3.cpp:86]   --->   Operation 1844 'load' 'p_ZZ5conv3PA255_A255_fPA32_A5_A5_fPfS1_E7in_tile_2_0_0_load_22' <Predicate = true> <Delay = 1.23> <CoreInst = "RAM">   --->   Core 83 'RAM' <Latency = 1> <II = 1> <Delay = 1.23> <Storage> <Opcode : 'load' 'store'> <Ports = 2> <Width = 32> <Depth = 64> <RAM>
ST_22 : Operation 1845 [2/2] (1.23ns)   --->   "%p_ZZ5conv3PA255_A255_fPA32_A5_A5_fPfS1_E7in_tile_2_1_0_load_22 = load i6 %p_ZZ5conv3PA255_A255_fPA32_A5_A5_fPfS1_E7in_tile_2_1_0_addr_22" [src/conv3.cpp:86]   --->   Operation 1845 'load' 'p_ZZ5conv3PA255_A255_fPA32_A5_A5_fPfS1_E7in_tile_2_1_0_load_22' <Predicate = true> <Delay = 1.23> <CoreInst = "RAM">   --->   Core 83 'RAM' <Latency = 1> <II = 1> <Delay = 1.23> <Storage> <Opcode : 'load' 'store'> <Ports = 2> <Width = 32> <Depth = 64> <RAM>
ST_22 : Operation 1846 [2/2] (1.23ns)   --->   "%p_ZZ5conv3PA255_A255_fPA32_A5_A5_fPfS1_E7in_tile_2_2_0_load_22 = load i6 %p_ZZ5conv3PA255_A255_fPA32_A5_A5_fPfS1_E7in_tile_2_2_0_addr_22" [src/conv3.cpp:86]   --->   Operation 1846 'load' 'p_ZZ5conv3PA255_A255_fPA32_A5_A5_fPfS1_E7in_tile_2_2_0_load_22' <Predicate = true> <Delay = 1.23> <CoreInst = "RAM">   --->   Core 83 'RAM' <Latency = 1> <II = 1> <Delay = 1.23> <Storage> <Opcode : 'load' 'store'> <Ports = 2> <Width = 32> <Depth = 64> <RAM>
ST_22 : Operation 1847 [2/2] (1.23ns)   --->   "%p_ZZ5conv3PA255_A255_fPA32_A5_A5_fPfS1_E7in_tile_2_3_0_load_22 = load i6 %p_ZZ5conv3PA255_A255_fPA32_A5_A5_fPfS1_E7in_tile_2_3_0_addr_22" [src/conv3.cpp:86]   --->   Operation 1847 'load' 'p_ZZ5conv3PA255_A255_fPA32_A5_A5_fPfS1_E7in_tile_2_3_0_load_22' <Predicate = true> <Delay = 1.23> <CoreInst = "RAM">   --->   Core 83 'RAM' <Latency = 1> <II = 1> <Delay = 1.23> <Storage> <Opcode : 'load' 'store'> <Ports = 2> <Width = 32> <Depth = 64> <RAM>
ST_22 : Operation 1848 [2/2] (1.23ns)   --->   "%p_ZZ5conv3PA255_A255_fPA32_A5_A5_fPfS1_E7in_tile_2_4_0_load_22 = load i6 %p_ZZ5conv3PA255_A255_fPA32_A5_A5_fPfS1_E7in_tile_2_4_0_addr_22" [src/conv3.cpp:86]   --->   Operation 1848 'load' 'p_ZZ5conv3PA255_A255_fPA32_A5_A5_fPfS1_E7in_tile_2_4_0_load_22' <Predicate = true> <Delay = 1.23> <CoreInst = "RAM">   --->   Core 83 'RAM' <Latency = 1> <II = 1> <Delay = 1.23> <Storage> <Opcode : 'load' 'store'> <Ports = 2> <Width = 32> <Depth = 64> <RAM>
ST_22 : Operation 1849 [2/2] (1.23ns)   --->   "%p_ZZ5conv3PA255_A255_fPA32_A5_A5_fPfS1_E7in_tile_3_0_0_load_22 = load i6 %p_ZZ5conv3PA255_A255_fPA32_A5_A5_fPfS1_E7in_tile_3_0_0_addr_22" [src/conv3.cpp:86]   --->   Operation 1849 'load' 'p_ZZ5conv3PA255_A255_fPA32_A5_A5_fPfS1_E7in_tile_3_0_0_load_22' <Predicate = true> <Delay = 1.23> <CoreInst = "RAM">   --->   Core 83 'RAM' <Latency = 1> <II = 1> <Delay = 1.23> <Storage> <Opcode : 'load' 'store'> <Ports = 2> <Width = 32> <Depth = 64> <RAM>
ST_22 : Operation 1850 [2/2] (1.23ns)   --->   "%p_ZZ5conv3PA255_A255_fPA32_A5_A5_fPfS1_E7in_tile_3_1_0_load_22 = load i6 %p_ZZ5conv3PA255_A255_fPA32_A5_A5_fPfS1_E7in_tile_3_1_0_addr_22" [src/conv3.cpp:86]   --->   Operation 1850 'load' 'p_ZZ5conv3PA255_A255_fPA32_A5_A5_fPfS1_E7in_tile_3_1_0_load_22' <Predicate = true> <Delay = 1.23> <CoreInst = "RAM">   --->   Core 83 'RAM' <Latency = 1> <II = 1> <Delay = 1.23> <Storage> <Opcode : 'load' 'store'> <Ports = 2> <Width = 32> <Depth = 64> <RAM>
ST_22 : Operation 1851 [2/2] (1.23ns)   --->   "%p_ZZ5conv3PA255_A255_fPA32_A5_A5_fPfS1_E7in_tile_3_2_0_load_22 = load i6 %p_ZZ5conv3PA255_A255_fPA32_A5_A5_fPfS1_E7in_tile_3_2_0_addr_22" [src/conv3.cpp:86]   --->   Operation 1851 'load' 'p_ZZ5conv3PA255_A255_fPA32_A5_A5_fPfS1_E7in_tile_3_2_0_load_22' <Predicate = true> <Delay = 1.23> <CoreInst = "RAM">   --->   Core 83 'RAM' <Latency = 1> <II = 1> <Delay = 1.23> <Storage> <Opcode : 'load' 'store'> <Ports = 2> <Width = 32> <Depth = 64> <RAM>
ST_22 : Operation 1852 [2/2] (1.23ns)   --->   "%p_ZZ5conv3PA255_A255_fPA32_A5_A5_fPfS1_E7in_tile_3_3_0_load_22 = load i6 %p_ZZ5conv3PA255_A255_fPA32_A5_A5_fPfS1_E7in_tile_3_3_0_addr_22" [src/conv3.cpp:86]   --->   Operation 1852 'load' 'p_ZZ5conv3PA255_A255_fPA32_A5_A5_fPfS1_E7in_tile_3_3_0_load_22' <Predicate = true> <Delay = 1.23> <CoreInst = "RAM">   --->   Core 83 'RAM' <Latency = 1> <II = 1> <Delay = 1.23> <Storage> <Opcode : 'load' 'store'> <Ports = 2> <Width = 32> <Depth = 64> <RAM>
ST_22 : Operation 1853 [2/2] (1.23ns)   --->   "%p_ZZ5conv3PA255_A255_fPA32_A5_A5_fPfS1_E7in_tile_3_4_0_load_22 = load i6 %p_ZZ5conv3PA255_A255_fPA32_A5_A5_fPfS1_E7in_tile_3_4_0_addr_22" [src/conv3.cpp:86]   --->   Operation 1853 'load' 'p_ZZ5conv3PA255_A255_fPA32_A5_A5_fPfS1_E7in_tile_3_4_0_load_22' <Predicate = true> <Delay = 1.23> <CoreInst = "RAM">   --->   Core 83 'RAM' <Latency = 1> <II = 1> <Delay = 1.23> <Storage> <Opcode : 'load' 'store'> <Ports = 2> <Width = 32> <Depth = 64> <RAM>
ST_22 : Operation 1854 [2/2] (1.23ns)   --->   "%p_ZZ5conv3PA255_A255_fPA32_A5_A5_fPfS1_E7in_tile_4_0_0_load_22 = load i6 %p_ZZ5conv3PA255_A255_fPA32_A5_A5_fPfS1_E7in_tile_4_0_0_addr_22" [src/conv3.cpp:86]   --->   Operation 1854 'load' 'p_ZZ5conv3PA255_A255_fPA32_A5_A5_fPfS1_E7in_tile_4_0_0_load_22' <Predicate = true> <Delay = 1.23> <CoreInst = "RAM">   --->   Core 83 'RAM' <Latency = 1> <II = 1> <Delay = 1.23> <Storage> <Opcode : 'load' 'store'> <Ports = 2> <Width = 32> <Depth = 64> <RAM>
ST_22 : Operation 1855 [2/2] (1.23ns)   --->   "%p_ZZ5conv3PA255_A255_fPA32_A5_A5_fPfS1_E7in_tile_4_1_0_load_22 = load i6 %p_ZZ5conv3PA255_A255_fPA32_A5_A5_fPfS1_E7in_tile_4_1_0_addr_22" [src/conv3.cpp:86]   --->   Operation 1855 'load' 'p_ZZ5conv3PA255_A255_fPA32_A5_A5_fPfS1_E7in_tile_4_1_0_load_22' <Predicate = true> <Delay = 1.23> <CoreInst = "RAM">   --->   Core 83 'RAM' <Latency = 1> <II = 1> <Delay = 1.23> <Storage> <Opcode : 'load' 'store'> <Ports = 2> <Width = 32> <Depth = 64> <RAM>
ST_22 : Operation 1856 [2/2] (1.23ns)   --->   "%p_ZZ5conv3PA255_A255_fPA32_A5_A5_fPfS1_E7in_tile_4_2_0_load_22 = load i6 %p_ZZ5conv3PA255_A255_fPA32_A5_A5_fPfS1_E7in_tile_4_2_0_addr_22" [src/conv3.cpp:86]   --->   Operation 1856 'load' 'p_ZZ5conv3PA255_A255_fPA32_A5_A5_fPfS1_E7in_tile_4_2_0_load_22' <Predicate = true> <Delay = 1.23> <CoreInst = "RAM">   --->   Core 83 'RAM' <Latency = 1> <II = 1> <Delay = 1.23> <Storage> <Opcode : 'load' 'store'> <Ports = 2> <Width = 32> <Depth = 64> <RAM>
ST_22 : Operation 1857 [2/2] (1.23ns)   --->   "%p_ZZ5conv3PA255_A255_fPA32_A5_A5_fPfS1_E7in_tile_4_3_0_load_22 = load i6 %p_ZZ5conv3PA255_A255_fPA32_A5_A5_fPfS1_E7in_tile_4_3_0_addr_22" [src/conv3.cpp:86]   --->   Operation 1857 'load' 'p_ZZ5conv3PA255_A255_fPA32_A5_A5_fPfS1_E7in_tile_4_3_0_load_22' <Predicate = true> <Delay = 1.23> <CoreInst = "RAM">   --->   Core 83 'RAM' <Latency = 1> <II = 1> <Delay = 1.23> <Storage> <Opcode : 'load' 'store'> <Ports = 2> <Width = 32> <Depth = 64> <RAM>
ST_22 : Operation 1858 [2/2] (1.23ns)   --->   "%p_ZZ5conv3PA255_A255_fPA32_A5_A5_fPfS1_E7in_tile_4_4_0_load_22 = load i6 %p_ZZ5conv3PA255_A255_fPA32_A5_A5_fPfS1_E7in_tile_4_4_0_addr_22" [src/conv3.cpp:86]   --->   Operation 1858 'load' 'p_ZZ5conv3PA255_A255_fPA32_A5_A5_fPfS1_E7in_tile_4_4_0_load_22' <Predicate = true> <Delay = 1.23> <CoreInst = "RAM">   --->   Core 83 'RAM' <Latency = 1> <II = 1> <Delay = 1.23> <Storage> <Opcode : 'load' 'store'> <Ports = 2> <Width = 32> <Depth = 64> <RAM>

State 23 <SV = 22> <Delay = 1.23>
ST_23 : Operation 1859 [1/1] (0.00ns)   --->   "%p_cast78 = zext i6 %empty_56" [src/conv3.cpp:74]   --->   Operation 1859 'zext' 'p_cast78' <Predicate = true> <Delay = 0.00>
ST_23 : Operation 1860 [1/1] (0.00ns)   --->   "%p_ZZ5conv3PA255_A255_fPA32_A5_A5_fPfS1_E7in_tile_0_0_0_addr_23 = getelementptr i32 %p_ZZ5conv3PA255_A255_fPA32_A5_A5_fPfS1_E7in_tile_0_0_0, i64 0, i64 %p_cast78" [src/conv3.cpp:74]   --->   Operation 1860 'getelementptr' 'p_ZZ5conv3PA255_A255_fPA32_A5_A5_fPfS1_E7in_tile_0_0_0_addr_23' <Predicate = true> <Delay = 0.00>
ST_23 : Operation 1861 [1/1] (0.00ns)   --->   "%p_ZZ5conv3PA255_A255_fPA32_A5_A5_fPfS1_E7in_tile_0_1_0_addr_23 = getelementptr i32 %p_ZZ5conv3PA255_A255_fPA32_A5_A5_fPfS1_E7in_tile_0_1_0, i64 0, i64 %p_cast78" [src/conv3.cpp:74]   --->   Operation 1861 'getelementptr' 'p_ZZ5conv3PA255_A255_fPA32_A5_A5_fPfS1_E7in_tile_0_1_0_addr_23' <Predicate = true> <Delay = 0.00>
ST_23 : Operation 1862 [1/1] (0.00ns)   --->   "%p_ZZ5conv3PA255_A255_fPA32_A5_A5_fPfS1_E7in_tile_0_2_0_addr_23 = getelementptr i32 %p_ZZ5conv3PA255_A255_fPA32_A5_A5_fPfS1_E7in_tile_0_2_0, i64 0, i64 %p_cast78" [src/conv3.cpp:74]   --->   Operation 1862 'getelementptr' 'p_ZZ5conv3PA255_A255_fPA32_A5_A5_fPfS1_E7in_tile_0_2_0_addr_23' <Predicate = true> <Delay = 0.00>
ST_23 : Operation 1863 [1/1] (0.00ns)   --->   "%p_ZZ5conv3PA255_A255_fPA32_A5_A5_fPfS1_E7in_tile_0_3_0_addr_23 = getelementptr i32 %p_ZZ5conv3PA255_A255_fPA32_A5_A5_fPfS1_E7in_tile_0_3_0, i64 0, i64 %p_cast78" [src/conv3.cpp:74]   --->   Operation 1863 'getelementptr' 'p_ZZ5conv3PA255_A255_fPA32_A5_A5_fPfS1_E7in_tile_0_3_0_addr_23' <Predicate = true> <Delay = 0.00>
ST_23 : Operation 1864 [1/1] (0.00ns)   --->   "%p_ZZ5conv3PA255_A255_fPA32_A5_A5_fPfS1_E7in_tile_0_4_0_addr_23 = getelementptr i32 %p_ZZ5conv3PA255_A255_fPA32_A5_A5_fPfS1_E7in_tile_0_4_0, i64 0, i64 %p_cast78" [src/conv3.cpp:74]   --->   Operation 1864 'getelementptr' 'p_ZZ5conv3PA255_A255_fPA32_A5_A5_fPfS1_E7in_tile_0_4_0_addr_23' <Predicate = true> <Delay = 0.00>
ST_23 : Operation 1865 [1/1] (0.00ns)   --->   "%p_ZZ5conv3PA255_A255_fPA32_A5_A5_fPfS1_E7in_tile_1_0_0_addr_23 = getelementptr i32 %p_ZZ5conv3PA255_A255_fPA32_A5_A5_fPfS1_E7in_tile_1_0_0, i64 0, i64 %p_cast78" [src/conv3.cpp:74]   --->   Operation 1865 'getelementptr' 'p_ZZ5conv3PA255_A255_fPA32_A5_A5_fPfS1_E7in_tile_1_0_0_addr_23' <Predicate = true> <Delay = 0.00>
ST_23 : Operation 1866 [1/1] (0.00ns)   --->   "%p_ZZ5conv3PA255_A255_fPA32_A5_A5_fPfS1_E7in_tile_1_1_0_addr_23 = getelementptr i32 %p_ZZ5conv3PA255_A255_fPA32_A5_A5_fPfS1_E7in_tile_1_1_0, i64 0, i64 %p_cast78" [src/conv3.cpp:74]   --->   Operation 1866 'getelementptr' 'p_ZZ5conv3PA255_A255_fPA32_A5_A5_fPfS1_E7in_tile_1_1_0_addr_23' <Predicate = true> <Delay = 0.00>
ST_23 : Operation 1867 [1/1] (0.00ns)   --->   "%p_ZZ5conv3PA255_A255_fPA32_A5_A5_fPfS1_E7in_tile_1_2_0_addr_23 = getelementptr i32 %p_ZZ5conv3PA255_A255_fPA32_A5_A5_fPfS1_E7in_tile_1_2_0, i64 0, i64 %p_cast78" [src/conv3.cpp:74]   --->   Operation 1867 'getelementptr' 'p_ZZ5conv3PA255_A255_fPA32_A5_A5_fPfS1_E7in_tile_1_2_0_addr_23' <Predicate = true> <Delay = 0.00>
ST_23 : Operation 1868 [1/1] (0.00ns)   --->   "%p_ZZ5conv3PA255_A255_fPA32_A5_A5_fPfS1_E7in_tile_1_3_0_addr_23 = getelementptr i32 %p_ZZ5conv3PA255_A255_fPA32_A5_A5_fPfS1_E7in_tile_1_3_0, i64 0, i64 %p_cast78" [src/conv3.cpp:74]   --->   Operation 1868 'getelementptr' 'p_ZZ5conv3PA255_A255_fPA32_A5_A5_fPfS1_E7in_tile_1_3_0_addr_23' <Predicate = true> <Delay = 0.00>
ST_23 : Operation 1869 [1/1] (0.00ns)   --->   "%p_ZZ5conv3PA255_A255_fPA32_A5_A5_fPfS1_E7in_tile_1_4_0_addr_23 = getelementptr i32 %p_ZZ5conv3PA255_A255_fPA32_A5_A5_fPfS1_E7in_tile_1_4_0, i64 0, i64 %p_cast78" [src/conv3.cpp:74]   --->   Operation 1869 'getelementptr' 'p_ZZ5conv3PA255_A255_fPA32_A5_A5_fPfS1_E7in_tile_1_4_0_addr_23' <Predicate = true> <Delay = 0.00>
ST_23 : Operation 1870 [1/1] (0.00ns)   --->   "%p_ZZ5conv3PA255_A255_fPA32_A5_A5_fPfS1_E7in_tile_2_0_0_addr_23 = getelementptr i32 %p_ZZ5conv3PA255_A255_fPA32_A5_A5_fPfS1_E7in_tile_2_0_0, i64 0, i64 %p_cast78" [src/conv3.cpp:74]   --->   Operation 1870 'getelementptr' 'p_ZZ5conv3PA255_A255_fPA32_A5_A5_fPfS1_E7in_tile_2_0_0_addr_23' <Predicate = true> <Delay = 0.00>
ST_23 : Operation 1871 [1/1] (0.00ns)   --->   "%p_ZZ5conv3PA255_A255_fPA32_A5_A5_fPfS1_E7in_tile_2_1_0_addr_23 = getelementptr i32 %p_ZZ5conv3PA255_A255_fPA32_A5_A5_fPfS1_E7in_tile_2_1_0, i64 0, i64 %p_cast78" [src/conv3.cpp:74]   --->   Operation 1871 'getelementptr' 'p_ZZ5conv3PA255_A255_fPA32_A5_A5_fPfS1_E7in_tile_2_1_0_addr_23' <Predicate = true> <Delay = 0.00>
ST_23 : Operation 1872 [1/1] (0.00ns)   --->   "%p_ZZ5conv3PA255_A255_fPA32_A5_A5_fPfS1_E7in_tile_2_2_0_addr_23 = getelementptr i32 %p_ZZ5conv3PA255_A255_fPA32_A5_A5_fPfS1_E7in_tile_2_2_0, i64 0, i64 %p_cast78" [src/conv3.cpp:74]   --->   Operation 1872 'getelementptr' 'p_ZZ5conv3PA255_A255_fPA32_A5_A5_fPfS1_E7in_tile_2_2_0_addr_23' <Predicate = true> <Delay = 0.00>
ST_23 : Operation 1873 [1/1] (0.00ns)   --->   "%p_ZZ5conv3PA255_A255_fPA32_A5_A5_fPfS1_E7in_tile_2_3_0_addr_23 = getelementptr i32 %p_ZZ5conv3PA255_A255_fPA32_A5_A5_fPfS1_E7in_tile_2_3_0, i64 0, i64 %p_cast78" [src/conv3.cpp:74]   --->   Operation 1873 'getelementptr' 'p_ZZ5conv3PA255_A255_fPA32_A5_A5_fPfS1_E7in_tile_2_3_0_addr_23' <Predicate = true> <Delay = 0.00>
ST_23 : Operation 1874 [1/1] (0.00ns)   --->   "%p_ZZ5conv3PA255_A255_fPA32_A5_A5_fPfS1_E7in_tile_2_4_0_addr_23 = getelementptr i32 %p_ZZ5conv3PA255_A255_fPA32_A5_A5_fPfS1_E7in_tile_2_4_0, i64 0, i64 %p_cast78" [src/conv3.cpp:74]   --->   Operation 1874 'getelementptr' 'p_ZZ5conv3PA255_A255_fPA32_A5_A5_fPfS1_E7in_tile_2_4_0_addr_23' <Predicate = true> <Delay = 0.00>
ST_23 : Operation 1875 [1/1] (0.00ns)   --->   "%p_ZZ5conv3PA255_A255_fPA32_A5_A5_fPfS1_E7in_tile_3_0_0_addr_23 = getelementptr i32 %p_ZZ5conv3PA255_A255_fPA32_A5_A5_fPfS1_E7in_tile_3_0_0, i64 0, i64 %p_cast78" [src/conv3.cpp:74]   --->   Operation 1875 'getelementptr' 'p_ZZ5conv3PA255_A255_fPA32_A5_A5_fPfS1_E7in_tile_3_0_0_addr_23' <Predicate = true> <Delay = 0.00>
ST_23 : Operation 1876 [1/1] (0.00ns)   --->   "%p_ZZ5conv3PA255_A255_fPA32_A5_A5_fPfS1_E7in_tile_3_1_0_addr_23 = getelementptr i32 %p_ZZ5conv3PA255_A255_fPA32_A5_A5_fPfS1_E7in_tile_3_1_0, i64 0, i64 %p_cast78" [src/conv3.cpp:74]   --->   Operation 1876 'getelementptr' 'p_ZZ5conv3PA255_A255_fPA32_A5_A5_fPfS1_E7in_tile_3_1_0_addr_23' <Predicate = true> <Delay = 0.00>
ST_23 : Operation 1877 [1/1] (0.00ns)   --->   "%p_ZZ5conv3PA255_A255_fPA32_A5_A5_fPfS1_E7in_tile_3_2_0_addr_23 = getelementptr i32 %p_ZZ5conv3PA255_A255_fPA32_A5_A5_fPfS1_E7in_tile_3_2_0, i64 0, i64 %p_cast78" [src/conv3.cpp:74]   --->   Operation 1877 'getelementptr' 'p_ZZ5conv3PA255_A255_fPA32_A5_A5_fPfS1_E7in_tile_3_2_0_addr_23' <Predicate = true> <Delay = 0.00>
ST_23 : Operation 1878 [1/1] (0.00ns)   --->   "%p_ZZ5conv3PA255_A255_fPA32_A5_A5_fPfS1_E7in_tile_3_3_0_addr_23 = getelementptr i32 %p_ZZ5conv3PA255_A255_fPA32_A5_A5_fPfS1_E7in_tile_3_3_0, i64 0, i64 %p_cast78" [src/conv3.cpp:74]   --->   Operation 1878 'getelementptr' 'p_ZZ5conv3PA255_A255_fPA32_A5_A5_fPfS1_E7in_tile_3_3_0_addr_23' <Predicate = true> <Delay = 0.00>
ST_23 : Operation 1879 [1/1] (0.00ns)   --->   "%p_ZZ5conv3PA255_A255_fPA32_A5_A5_fPfS1_E7in_tile_3_4_0_addr_23 = getelementptr i32 %p_ZZ5conv3PA255_A255_fPA32_A5_A5_fPfS1_E7in_tile_3_4_0, i64 0, i64 %p_cast78" [src/conv3.cpp:74]   --->   Operation 1879 'getelementptr' 'p_ZZ5conv3PA255_A255_fPA32_A5_A5_fPfS1_E7in_tile_3_4_0_addr_23' <Predicate = true> <Delay = 0.00>
ST_23 : Operation 1880 [1/1] (0.00ns)   --->   "%p_ZZ5conv3PA255_A255_fPA32_A5_A5_fPfS1_E7in_tile_4_0_0_addr_23 = getelementptr i32 %p_ZZ5conv3PA255_A255_fPA32_A5_A5_fPfS1_E7in_tile_4_0_0, i64 0, i64 %p_cast78" [src/conv3.cpp:74]   --->   Operation 1880 'getelementptr' 'p_ZZ5conv3PA255_A255_fPA32_A5_A5_fPfS1_E7in_tile_4_0_0_addr_23' <Predicate = true> <Delay = 0.00>
ST_23 : Operation 1881 [1/1] (0.00ns)   --->   "%p_ZZ5conv3PA255_A255_fPA32_A5_A5_fPfS1_E7in_tile_4_1_0_addr_23 = getelementptr i32 %p_ZZ5conv3PA255_A255_fPA32_A5_A5_fPfS1_E7in_tile_4_1_0, i64 0, i64 %p_cast78" [src/conv3.cpp:74]   --->   Operation 1881 'getelementptr' 'p_ZZ5conv3PA255_A255_fPA32_A5_A5_fPfS1_E7in_tile_4_1_0_addr_23' <Predicate = true> <Delay = 0.00>
ST_23 : Operation 1882 [1/1] (0.00ns)   --->   "%p_ZZ5conv3PA255_A255_fPA32_A5_A5_fPfS1_E7in_tile_4_2_0_addr_23 = getelementptr i32 %p_ZZ5conv3PA255_A255_fPA32_A5_A5_fPfS1_E7in_tile_4_2_0, i64 0, i64 %p_cast78" [src/conv3.cpp:74]   --->   Operation 1882 'getelementptr' 'p_ZZ5conv3PA255_A255_fPA32_A5_A5_fPfS1_E7in_tile_4_2_0_addr_23' <Predicate = true> <Delay = 0.00>
ST_23 : Operation 1883 [1/1] (0.00ns)   --->   "%p_ZZ5conv3PA255_A255_fPA32_A5_A5_fPfS1_E7in_tile_4_3_0_addr_23 = getelementptr i32 %p_ZZ5conv3PA255_A255_fPA32_A5_A5_fPfS1_E7in_tile_4_3_0, i64 0, i64 %p_cast78" [src/conv3.cpp:74]   --->   Operation 1883 'getelementptr' 'p_ZZ5conv3PA255_A255_fPA32_A5_A5_fPfS1_E7in_tile_4_3_0_addr_23' <Predicate = true> <Delay = 0.00>
ST_23 : Operation 1884 [1/1] (0.00ns)   --->   "%p_ZZ5conv3PA255_A255_fPA32_A5_A5_fPfS1_E7in_tile_4_4_0_addr_23 = getelementptr i32 %p_ZZ5conv3PA255_A255_fPA32_A5_A5_fPfS1_E7in_tile_4_4_0, i64 0, i64 %p_cast78" [src/conv3.cpp:74]   --->   Operation 1884 'getelementptr' 'p_ZZ5conv3PA255_A255_fPA32_A5_A5_fPfS1_E7in_tile_4_4_0_addr_23' <Predicate = true> <Delay = 0.00>
ST_23 : Operation 1885 [1/1] (0.00ns)   --->   "%p_cast83 = zext i6 %empty_62" [src/conv3.cpp:74]   --->   Operation 1885 'zext' 'p_cast83' <Predicate = true> <Delay = 0.00>
ST_23 : Operation 1886 [1/1] (0.00ns)   --->   "%p_ZZ5conv3PA255_A255_fPA32_A5_A5_fPfS1_E7in_tile_0_0_0_addr_24 = getelementptr i32 %p_ZZ5conv3PA255_A255_fPA32_A5_A5_fPfS1_E7in_tile_0_0_0, i64 0, i64 %p_cast83" [src/conv3.cpp:74]   --->   Operation 1886 'getelementptr' 'p_ZZ5conv3PA255_A255_fPA32_A5_A5_fPfS1_E7in_tile_0_0_0_addr_24' <Predicate = true> <Delay = 0.00>
ST_23 : Operation 1887 [1/1] (0.00ns)   --->   "%p_ZZ5conv3PA255_A255_fPA32_A5_A5_fPfS1_E7in_tile_0_1_0_addr_24 = getelementptr i32 %p_ZZ5conv3PA255_A255_fPA32_A5_A5_fPfS1_E7in_tile_0_1_0, i64 0, i64 %p_cast83" [src/conv3.cpp:74]   --->   Operation 1887 'getelementptr' 'p_ZZ5conv3PA255_A255_fPA32_A5_A5_fPfS1_E7in_tile_0_1_0_addr_24' <Predicate = true> <Delay = 0.00>
ST_23 : Operation 1888 [1/1] (0.00ns)   --->   "%p_ZZ5conv3PA255_A255_fPA32_A5_A5_fPfS1_E7in_tile_0_2_0_addr_24 = getelementptr i32 %p_ZZ5conv3PA255_A255_fPA32_A5_A5_fPfS1_E7in_tile_0_2_0, i64 0, i64 %p_cast83" [src/conv3.cpp:74]   --->   Operation 1888 'getelementptr' 'p_ZZ5conv3PA255_A255_fPA32_A5_A5_fPfS1_E7in_tile_0_2_0_addr_24' <Predicate = true> <Delay = 0.00>
ST_23 : Operation 1889 [1/1] (0.00ns)   --->   "%p_ZZ5conv3PA255_A255_fPA32_A5_A5_fPfS1_E7in_tile_0_3_0_addr_24 = getelementptr i32 %p_ZZ5conv3PA255_A255_fPA32_A5_A5_fPfS1_E7in_tile_0_3_0, i64 0, i64 %p_cast83" [src/conv3.cpp:74]   --->   Operation 1889 'getelementptr' 'p_ZZ5conv3PA255_A255_fPA32_A5_A5_fPfS1_E7in_tile_0_3_0_addr_24' <Predicate = true> <Delay = 0.00>
ST_23 : Operation 1890 [1/1] (0.00ns)   --->   "%p_ZZ5conv3PA255_A255_fPA32_A5_A5_fPfS1_E7in_tile_0_4_0_addr_24 = getelementptr i32 %p_ZZ5conv3PA255_A255_fPA32_A5_A5_fPfS1_E7in_tile_0_4_0, i64 0, i64 %p_cast83" [src/conv3.cpp:74]   --->   Operation 1890 'getelementptr' 'p_ZZ5conv3PA255_A255_fPA32_A5_A5_fPfS1_E7in_tile_0_4_0_addr_24' <Predicate = true> <Delay = 0.00>
ST_23 : Operation 1891 [1/1] (0.00ns)   --->   "%p_ZZ5conv3PA255_A255_fPA32_A5_A5_fPfS1_E7in_tile_1_0_0_addr_24 = getelementptr i32 %p_ZZ5conv3PA255_A255_fPA32_A5_A5_fPfS1_E7in_tile_1_0_0, i64 0, i64 %p_cast83" [src/conv3.cpp:74]   --->   Operation 1891 'getelementptr' 'p_ZZ5conv3PA255_A255_fPA32_A5_A5_fPfS1_E7in_tile_1_0_0_addr_24' <Predicate = true> <Delay = 0.00>
ST_23 : Operation 1892 [1/1] (0.00ns)   --->   "%p_ZZ5conv3PA255_A255_fPA32_A5_A5_fPfS1_E7in_tile_1_1_0_addr_24 = getelementptr i32 %p_ZZ5conv3PA255_A255_fPA32_A5_A5_fPfS1_E7in_tile_1_1_0, i64 0, i64 %p_cast83" [src/conv3.cpp:74]   --->   Operation 1892 'getelementptr' 'p_ZZ5conv3PA255_A255_fPA32_A5_A5_fPfS1_E7in_tile_1_1_0_addr_24' <Predicate = true> <Delay = 0.00>
ST_23 : Operation 1893 [1/1] (0.00ns)   --->   "%p_ZZ5conv3PA255_A255_fPA32_A5_A5_fPfS1_E7in_tile_1_2_0_addr_24 = getelementptr i32 %p_ZZ5conv3PA255_A255_fPA32_A5_A5_fPfS1_E7in_tile_1_2_0, i64 0, i64 %p_cast83" [src/conv3.cpp:74]   --->   Operation 1893 'getelementptr' 'p_ZZ5conv3PA255_A255_fPA32_A5_A5_fPfS1_E7in_tile_1_2_0_addr_24' <Predicate = true> <Delay = 0.00>
ST_23 : Operation 1894 [1/1] (0.00ns)   --->   "%p_ZZ5conv3PA255_A255_fPA32_A5_A5_fPfS1_E7in_tile_1_3_0_addr_24 = getelementptr i32 %p_ZZ5conv3PA255_A255_fPA32_A5_A5_fPfS1_E7in_tile_1_3_0, i64 0, i64 %p_cast83" [src/conv3.cpp:74]   --->   Operation 1894 'getelementptr' 'p_ZZ5conv3PA255_A255_fPA32_A5_A5_fPfS1_E7in_tile_1_3_0_addr_24' <Predicate = true> <Delay = 0.00>
ST_23 : Operation 1895 [1/1] (0.00ns)   --->   "%p_ZZ5conv3PA255_A255_fPA32_A5_A5_fPfS1_E7in_tile_1_4_0_addr_24 = getelementptr i32 %p_ZZ5conv3PA255_A255_fPA32_A5_A5_fPfS1_E7in_tile_1_4_0, i64 0, i64 %p_cast83" [src/conv3.cpp:74]   --->   Operation 1895 'getelementptr' 'p_ZZ5conv3PA255_A255_fPA32_A5_A5_fPfS1_E7in_tile_1_4_0_addr_24' <Predicate = true> <Delay = 0.00>
ST_23 : Operation 1896 [1/1] (0.00ns)   --->   "%p_ZZ5conv3PA255_A255_fPA32_A5_A5_fPfS1_E7in_tile_2_0_0_addr_24 = getelementptr i32 %p_ZZ5conv3PA255_A255_fPA32_A5_A5_fPfS1_E7in_tile_2_0_0, i64 0, i64 %p_cast83" [src/conv3.cpp:74]   --->   Operation 1896 'getelementptr' 'p_ZZ5conv3PA255_A255_fPA32_A5_A5_fPfS1_E7in_tile_2_0_0_addr_24' <Predicate = true> <Delay = 0.00>
ST_23 : Operation 1897 [1/1] (0.00ns)   --->   "%p_ZZ5conv3PA255_A255_fPA32_A5_A5_fPfS1_E7in_tile_2_1_0_addr_24 = getelementptr i32 %p_ZZ5conv3PA255_A255_fPA32_A5_A5_fPfS1_E7in_tile_2_1_0, i64 0, i64 %p_cast83" [src/conv3.cpp:74]   --->   Operation 1897 'getelementptr' 'p_ZZ5conv3PA255_A255_fPA32_A5_A5_fPfS1_E7in_tile_2_1_0_addr_24' <Predicate = true> <Delay = 0.00>
ST_23 : Operation 1898 [1/1] (0.00ns)   --->   "%p_ZZ5conv3PA255_A255_fPA32_A5_A5_fPfS1_E7in_tile_2_2_0_addr_24 = getelementptr i32 %p_ZZ5conv3PA255_A255_fPA32_A5_A5_fPfS1_E7in_tile_2_2_0, i64 0, i64 %p_cast83" [src/conv3.cpp:74]   --->   Operation 1898 'getelementptr' 'p_ZZ5conv3PA255_A255_fPA32_A5_A5_fPfS1_E7in_tile_2_2_0_addr_24' <Predicate = true> <Delay = 0.00>
ST_23 : Operation 1899 [1/1] (0.00ns)   --->   "%p_ZZ5conv3PA255_A255_fPA32_A5_A5_fPfS1_E7in_tile_2_3_0_addr_24 = getelementptr i32 %p_ZZ5conv3PA255_A255_fPA32_A5_A5_fPfS1_E7in_tile_2_3_0, i64 0, i64 %p_cast83" [src/conv3.cpp:74]   --->   Operation 1899 'getelementptr' 'p_ZZ5conv3PA255_A255_fPA32_A5_A5_fPfS1_E7in_tile_2_3_0_addr_24' <Predicate = true> <Delay = 0.00>
ST_23 : Operation 1900 [1/1] (0.00ns)   --->   "%p_ZZ5conv3PA255_A255_fPA32_A5_A5_fPfS1_E7in_tile_2_4_0_addr_24 = getelementptr i32 %p_ZZ5conv3PA255_A255_fPA32_A5_A5_fPfS1_E7in_tile_2_4_0, i64 0, i64 %p_cast83" [src/conv3.cpp:74]   --->   Operation 1900 'getelementptr' 'p_ZZ5conv3PA255_A255_fPA32_A5_A5_fPfS1_E7in_tile_2_4_0_addr_24' <Predicate = true> <Delay = 0.00>
ST_23 : Operation 1901 [1/1] (0.00ns)   --->   "%p_ZZ5conv3PA255_A255_fPA32_A5_A5_fPfS1_E7in_tile_3_0_0_addr_24 = getelementptr i32 %p_ZZ5conv3PA255_A255_fPA32_A5_A5_fPfS1_E7in_tile_3_0_0, i64 0, i64 %p_cast83" [src/conv3.cpp:74]   --->   Operation 1901 'getelementptr' 'p_ZZ5conv3PA255_A255_fPA32_A5_A5_fPfS1_E7in_tile_3_0_0_addr_24' <Predicate = true> <Delay = 0.00>
ST_23 : Operation 1902 [1/1] (0.00ns)   --->   "%p_ZZ5conv3PA255_A255_fPA32_A5_A5_fPfS1_E7in_tile_3_1_0_addr_24 = getelementptr i32 %p_ZZ5conv3PA255_A255_fPA32_A5_A5_fPfS1_E7in_tile_3_1_0, i64 0, i64 %p_cast83" [src/conv3.cpp:74]   --->   Operation 1902 'getelementptr' 'p_ZZ5conv3PA255_A255_fPA32_A5_A5_fPfS1_E7in_tile_3_1_0_addr_24' <Predicate = true> <Delay = 0.00>
ST_23 : Operation 1903 [1/1] (0.00ns)   --->   "%p_ZZ5conv3PA255_A255_fPA32_A5_A5_fPfS1_E7in_tile_3_2_0_addr_24 = getelementptr i32 %p_ZZ5conv3PA255_A255_fPA32_A5_A5_fPfS1_E7in_tile_3_2_0, i64 0, i64 %p_cast83" [src/conv3.cpp:74]   --->   Operation 1903 'getelementptr' 'p_ZZ5conv3PA255_A255_fPA32_A5_A5_fPfS1_E7in_tile_3_2_0_addr_24' <Predicate = true> <Delay = 0.00>
ST_23 : Operation 1904 [1/1] (0.00ns)   --->   "%p_ZZ5conv3PA255_A255_fPA32_A5_A5_fPfS1_E7in_tile_3_3_0_addr_24 = getelementptr i32 %p_ZZ5conv3PA255_A255_fPA32_A5_A5_fPfS1_E7in_tile_3_3_0, i64 0, i64 %p_cast83" [src/conv3.cpp:74]   --->   Operation 1904 'getelementptr' 'p_ZZ5conv3PA255_A255_fPA32_A5_A5_fPfS1_E7in_tile_3_3_0_addr_24' <Predicate = true> <Delay = 0.00>
ST_23 : Operation 1905 [1/1] (0.00ns)   --->   "%p_ZZ5conv3PA255_A255_fPA32_A5_A5_fPfS1_E7in_tile_3_4_0_addr_24 = getelementptr i32 %p_ZZ5conv3PA255_A255_fPA32_A5_A5_fPfS1_E7in_tile_3_4_0, i64 0, i64 %p_cast83" [src/conv3.cpp:74]   --->   Operation 1905 'getelementptr' 'p_ZZ5conv3PA255_A255_fPA32_A5_A5_fPfS1_E7in_tile_3_4_0_addr_24' <Predicate = true> <Delay = 0.00>
ST_23 : Operation 1906 [1/1] (0.00ns)   --->   "%p_ZZ5conv3PA255_A255_fPA32_A5_A5_fPfS1_E7in_tile_4_0_0_addr_24 = getelementptr i32 %p_ZZ5conv3PA255_A255_fPA32_A5_A5_fPfS1_E7in_tile_4_0_0, i64 0, i64 %p_cast83" [src/conv3.cpp:74]   --->   Operation 1906 'getelementptr' 'p_ZZ5conv3PA255_A255_fPA32_A5_A5_fPfS1_E7in_tile_4_0_0_addr_24' <Predicate = true> <Delay = 0.00>
ST_23 : Operation 1907 [1/1] (0.00ns)   --->   "%p_ZZ5conv3PA255_A255_fPA32_A5_A5_fPfS1_E7in_tile_4_1_0_addr_24 = getelementptr i32 %p_ZZ5conv3PA255_A255_fPA32_A5_A5_fPfS1_E7in_tile_4_1_0, i64 0, i64 %p_cast83" [src/conv3.cpp:74]   --->   Operation 1907 'getelementptr' 'p_ZZ5conv3PA255_A255_fPA32_A5_A5_fPfS1_E7in_tile_4_1_0_addr_24' <Predicate = true> <Delay = 0.00>
ST_23 : Operation 1908 [1/1] (0.00ns)   --->   "%p_ZZ5conv3PA255_A255_fPA32_A5_A5_fPfS1_E7in_tile_4_2_0_addr_24 = getelementptr i32 %p_ZZ5conv3PA255_A255_fPA32_A5_A5_fPfS1_E7in_tile_4_2_0, i64 0, i64 %p_cast83" [src/conv3.cpp:74]   --->   Operation 1908 'getelementptr' 'p_ZZ5conv3PA255_A255_fPA32_A5_A5_fPfS1_E7in_tile_4_2_0_addr_24' <Predicate = true> <Delay = 0.00>
ST_23 : Operation 1909 [1/1] (0.00ns)   --->   "%p_ZZ5conv3PA255_A255_fPA32_A5_A5_fPfS1_E7in_tile_4_3_0_addr_24 = getelementptr i32 %p_ZZ5conv3PA255_A255_fPA32_A5_A5_fPfS1_E7in_tile_4_3_0, i64 0, i64 %p_cast83" [src/conv3.cpp:74]   --->   Operation 1909 'getelementptr' 'p_ZZ5conv3PA255_A255_fPA32_A5_A5_fPfS1_E7in_tile_4_3_0_addr_24' <Predicate = true> <Delay = 0.00>
ST_23 : Operation 1910 [1/1] (0.00ns)   --->   "%p_ZZ5conv3PA255_A255_fPA32_A5_A5_fPfS1_E7in_tile_4_4_0_addr_24 = getelementptr i32 %p_ZZ5conv3PA255_A255_fPA32_A5_A5_fPfS1_E7in_tile_4_4_0, i64 0, i64 %p_cast83" [src/conv3.cpp:74]   --->   Operation 1910 'getelementptr' 'p_ZZ5conv3PA255_A255_fPA32_A5_A5_fPfS1_E7in_tile_4_4_0_addr_24' <Predicate = true> <Delay = 0.00>
ST_23 : Operation 1911 [1/2] (1.23ns)   --->   "%p_ZZ5conv3PA255_A255_fPA32_A5_A5_fPfS1_E7in_tile_0_0_0_load_21 = load i6 %p_ZZ5conv3PA255_A255_fPA32_A5_A5_fPfS1_E7in_tile_0_0_0_addr_21" [src/conv3.cpp:86]   --->   Operation 1911 'load' 'p_ZZ5conv3PA255_A255_fPA32_A5_A5_fPfS1_E7in_tile_0_0_0_load_21' <Predicate = true> <Delay = 1.23> <CoreInst = "RAM">   --->   Core 83 'RAM' <Latency = 1> <II = 1> <Delay = 1.23> <Storage> <Opcode : 'load' 'store'> <Ports = 2> <Width = 32> <Depth = 64> <RAM>
ST_23 : Operation 1912 [1/2] (1.23ns)   --->   "%p_ZZ5conv3PA255_A255_fPA32_A5_A5_fPfS1_E7in_tile_0_1_0_load_21 = load i6 %p_ZZ5conv3PA255_A255_fPA32_A5_A5_fPfS1_E7in_tile_0_1_0_addr_21" [src/conv3.cpp:86]   --->   Operation 1912 'load' 'p_ZZ5conv3PA255_A255_fPA32_A5_A5_fPfS1_E7in_tile_0_1_0_load_21' <Predicate = true> <Delay = 1.23> <CoreInst = "RAM">   --->   Core 83 'RAM' <Latency = 1> <II = 1> <Delay = 1.23> <Storage> <Opcode : 'load' 'store'> <Ports = 2> <Width = 32> <Depth = 64> <RAM>
ST_23 : Operation 1913 [1/2] (1.23ns)   --->   "%p_ZZ5conv3PA255_A255_fPA32_A5_A5_fPfS1_E7in_tile_0_2_0_load_21 = load i6 %p_ZZ5conv3PA255_A255_fPA32_A5_A5_fPfS1_E7in_tile_0_2_0_addr_21" [src/conv3.cpp:86]   --->   Operation 1913 'load' 'p_ZZ5conv3PA255_A255_fPA32_A5_A5_fPfS1_E7in_tile_0_2_0_load_21' <Predicate = true> <Delay = 1.23> <CoreInst = "RAM">   --->   Core 83 'RAM' <Latency = 1> <II = 1> <Delay = 1.23> <Storage> <Opcode : 'load' 'store'> <Ports = 2> <Width = 32> <Depth = 64> <RAM>
ST_23 : Operation 1914 [1/2] (1.23ns)   --->   "%p_ZZ5conv3PA255_A255_fPA32_A5_A5_fPfS1_E7in_tile_0_3_0_load_21 = load i6 %p_ZZ5conv3PA255_A255_fPA32_A5_A5_fPfS1_E7in_tile_0_3_0_addr_21" [src/conv3.cpp:86]   --->   Operation 1914 'load' 'p_ZZ5conv3PA255_A255_fPA32_A5_A5_fPfS1_E7in_tile_0_3_0_load_21' <Predicate = true> <Delay = 1.23> <CoreInst = "RAM">   --->   Core 83 'RAM' <Latency = 1> <II = 1> <Delay = 1.23> <Storage> <Opcode : 'load' 'store'> <Ports = 2> <Width = 32> <Depth = 64> <RAM>
ST_23 : Operation 1915 [1/2] (1.23ns)   --->   "%p_ZZ5conv3PA255_A255_fPA32_A5_A5_fPfS1_E7in_tile_0_4_0_load_21 = load i6 %p_ZZ5conv3PA255_A255_fPA32_A5_A5_fPfS1_E7in_tile_0_4_0_addr_21" [src/conv3.cpp:86]   --->   Operation 1915 'load' 'p_ZZ5conv3PA255_A255_fPA32_A5_A5_fPfS1_E7in_tile_0_4_0_load_21' <Predicate = true> <Delay = 1.23> <CoreInst = "RAM">   --->   Core 83 'RAM' <Latency = 1> <II = 1> <Delay = 1.23> <Storage> <Opcode : 'load' 'store'> <Ports = 2> <Width = 32> <Depth = 64> <RAM>
ST_23 : Operation 1916 [1/2] (1.23ns)   --->   "%p_ZZ5conv3PA255_A255_fPA32_A5_A5_fPfS1_E7in_tile_1_0_0_load_21 = load i6 %p_ZZ5conv3PA255_A255_fPA32_A5_A5_fPfS1_E7in_tile_1_0_0_addr_21" [src/conv3.cpp:86]   --->   Operation 1916 'load' 'p_ZZ5conv3PA255_A255_fPA32_A5_A5_fPfS1_E7in_tile_1_0_0_load_21' <Predicate = true> <Delay = 1.23> <CoreInst = "RAM">   --->   Core 83 'RAM' <Latency = 1> <II = 1> <Delay = 1.23> <Storage> <Opcode : 'load' 'store'> <Ports = 2> <Width = 32> <Depth = 64> <RAM>
ST_23 : Operation 1917 [1/2] (1.23ns)   --->   "%p_ZZ5conv3PA255_A255_fPA32_A5_A5_fPfS1_E7in_tile_1_1_0_load_21 = load i6 %p_ZZ5conv3PA255_A255_fPA32_A5_A5_fPfS1_E7in_tile_1_1_0_addr_21" [src/conv3.cpp:86]   --->   Operation 1917 'load' 'p_ZZ5conv3PA255_A255_fPA32_A5_A5_fPfS1_E7in_tile_1_1_0_load_21' <Predicate = true> <Delay = 1.23> <CoreInst = "RAM">   --->   Core 83 'RAM' <Latency = 1> <II = 1> <Delay = 1.23> <Storage> <Opcode : 'load' 'store'> <Ports = 2> <Width = 32> <Depth = 64> <RAM>
ST_23 : Operation 1918 [1/2] (1.23ns)   --->   "%p_ZZ5conv3PA255_A255_fPA32_A5_A5_fPfS1_E7in_tile_1_2_0_load_21 = load i6 %p_ZZ5conv3PA255_A255_fPA32_A5_A5_fPfS1_E7in_tile_1_2_0_addr_21" [src/conv3.cpp:86]   --->   Operation 1918 'load' 'p_ZZ5conv3PA255_A255_fPA32_A5_A5_fPfS1_E7in_tile_1_2_0_load_21' <Predicate = true> <Delay = 1.23> <CoreInst = "RAM">   --->   Core 83 'RAM' <Latency = 1> <II = 1> <Delay = 1.23> <Storage> <Opcode : 'load' 'store'> <Ports = 2> <Width = 32> <Depth = 64> <RAM>
ST_23 : Operation 1919 [1/2] (1.23ns)   --->   "%p_ZZ5conv3PA255_A255_fPA32_A5_A5_fPfS1_E7in_tile_1_3_0_load_21 = load i6 %p_ZZ5conv3PA255_A255_fPA32_A5_A5_fPfS1_E7in_tile_1_3_0_addr_21" [src/conv3.cpp:86]   --->   Operation 1919 'load' 'p_ZZ5conv3PA255_A255_fPA32_A5_A5_fPfS1_E7in_tile_1_3_0_load_21' <Predicate = true> <Delay = 1.23> <CoreInst = "RAM">   --->   Core 83 'RAM' <Latency = 1> <II = 1> <Delay = 1.23> <Storage> <Opcode : 'load' 'store'> <Ports = 2> <Width = 32> <Depth = 64> <RAM>
ST_23 : Operation 1920 [1/2] (1.23ns)   --->   "%p_ZZ5conv3PA255_A255_fPA32_A5_A5_fPfS1_E7in_tile_1_4_0_load_21 = load i6 %p_ZZ5conv3PA255_A255_fPA32_A5_A5_fPfS1_E7in_tile_1_4_0_addr_21" [src/conv3.cpp:86]   --->   Operation 1920 'load' 'p_ZZ5conv3PA255_A255_fPA32_A5_A5_fPfS1_E7in_tile_1_4_0_load_21' <Predicate = true> <Delay = 1.23> <CoreInst = "RAM">   --->   Core 83 'RAM' <Latency = 1> <II = 1> <Delay = 1.23> <Storage> <Opcode : 'load' 'store'> <Ports = 2> <Width = 32> <Depth = 64> <RAM>
ST_23 : Operation 1921 [1/2] (1.23ns)   --->   "%p_ZZ5conv3PA255_A255_fPA32_A5_A5_fPfS1_E7in_tile_2_0_0_load_21 = load i6 %p_ZZ5conv3PA255_A255_fPA32_A5_A5_fPfS1_E7in_tile_2_0_0_addr_21" [src/conv3.cpp:86]   --->   Operation 1921 'load' 'p_ZZ5conv3PA255_A255_fPA32_A5_A5_fPfS1_E7in_tile_2_0_0_load_21' <Predicate = true> <Delay = 1.23> <CoreInst = "RAM">   --->   Core 83 'RAM' <Latency = 1> <II = 1> <Delay = 1.23> <Storage> <Opcode : 'load' 'store'> <Ports = 2> <Width = 32> <Depth = 64> <RAM>
ST_23 : Operation 1922 [1/2] (1.23ns)   --->   "%p_ZZ5conv3PA255_A255_fPA32_A5_A5_fPfS1_E7in_tile_2_1_0_load_21 = load i6 %p_ZZ5conv3PA255_A255_fPA32_A5_A5_fPfS1_E7in_tile_2_1_0_addr_21" [src/conv3.cpp:86]   --->   Operation 1922 'load' 'p_ZZ5conv3PA255_A255_fPA32_A5_A5_fPfS1_E7in_tile_2_1_0_load_21' <Predicate = true> <Delay = 1.23> <CoreInst = "RAM">   --->   Core 83 'RAM' <Latency = 1> <II = 1> <Delay = 1.23> <Storage> <Opcode : 'load' 'store'> <Ports = 2> <Width = 32> <Depth = 64> <RAM>
ST_23 : Operation 1923 [1/2] (1.23ns)   --->   "%p_ZZ5conv3PA255_A255_fPA32_A5_A5_fPfS1_E7in_tile_2_2_0_load_21 = load i6 %p_ZZ5conv3PA255_A255_fPA32_A5_A5_fPfS1_E7in_tile_2_2_0_addr_21" [src/conv3.cpp:86]   --->   Operation 1923 'load' 'p_ZZ5conv3PA255_A255_fPA32_A5_A5_fPfS1_E7in_tile_2_2_0_load_21' <Predicate = true> <Delay = 1.23> <CoreInst = "RAM">   --->   Core 83 'RAM' <Latency = 1> <II = 1> <Delay = 1.23> <Storage> <Opcode : 'load' 'store'> <Ports = 2> <Width = 32> <Depth = 64> <RAM>
ST_23 : Operation 1924 [1/2] (1.23ns)   --->   "%p_ZZ5conv3PA255_A255_fPA32_A5_A5_fPfS1_E7in_tile_2_3_0_load_21 = load i6 %p_ZZ5conv3PA255_A255_fPA32_A5_A5_fPfS1_E7in_tile_2_3_0_addr_21" [src/conv3.cpp:86]   --->   Operation 1924 'load' 'p_ZZ5conv3PA255_A255_fPA32_A5_A5_fPfS1_E7in_tile_2_3_0_load_21' <Predicate = true> <Delay = 1.23> <CoreInst = "RAM">   --->   Core 83 'RAM' <Latency = 1> <II = 1> <Delay = 1.23> <Storage> <Opcode : 'load' 'store'> <Ports = 2> <Width = 32> <Depth = 64> <RAM>
ST_23 : Operation 1925 [1/2] (1.23ns)   --->   "%p_ZZ5conv3PA255_A255_fPA32_A5_A5_fPfS1_E7in_tile_2_4_0_load_21 = load i6 %p_ZZ5conv3PA255_A255_fPA32_A5_A5_fPfS1_E7in_tile_2_4_0_addr_21" [src/conv3.cpp:86]   --->   Operation 1925 'load' 'p_ZZ5conv3PA255_A255_fPA32_A5_A5_fPfS1_E7in_tile_2_4_0_load_21' <Predicate = true> <Delay = 1.23> <CoreInst = "RAM">   --->   Core 83 'RAM' <Latency = 1> <II = 1> <Delay = 1.23> <Storage> <Opcode : 'load' 'store'> <Ports = 2> <Width = 32> <Depth = 64> <RAM>
ST_23 : Operation 1926 [1/2] (1.23ns)   --->   "%p_ZZ5conv3PA255_A255_fPA32_A5_A5_fPfS1_E7in_tile_3_0_0_load_21 = load i6 %p_ZZ5conv3PA255_A255_fPA32_A5_A5_fPfS1_E7in_tile_3_0_0_addr_21" [src/conv3.cpp:86]   --->   Operation 1926 'load' 'p_ZZ5conv3PA255_A255_fPA32_A5_A5_fPfS1_E7in_tile_3_0_0_load_21' <Predicate = true> <Delay = 1.23> <CoreInst = "RAM">   --->   Core 83 'RAM' <Latency = 1> <II = 1> <Delay = 1.23> <Storage> <Opcode : 'load' 'store'> <Ports = 2> <Width = 32> <Depth = 64> <RAM>
ST_23 : Operation 1927 [1/2] (1.23ns)   --->   "%p_ZZ5conv3PA255_A255_fPA32_A5_A5_fPfS1_E7in_tile_3_1_0_load_21 = load i6 %p_ZZ5conv3PA255_A255_fPA32_A5_A5_fPfS1_E7in_tile_3_1_0_addr_21" [src/conv3.cpp:86]   --->   Operation 1927 'load' 'p_ZZ5conv3PA255_A255_fPA32_A5_A5_fPfS1_E7in_tile_3_1_0_load_21' <Predicate = true> <Delay = 1.23> <CoreInst = "RAM">   --->   Core 83 'RAM' <Latency = 1> <II = 1> <Delay = 1.23> <Storage> <Opcode : 'load' 'store'> <Ports = 2> <Width = 32> <Depth = 64> <RAM>
ST_23 : Operation 1928 [1/2] (1.23ns)   --->   "%p_ZZ5conv3PA255_A255_fPA32_A5_A5_fPfS1_E7in_tile_3_2_0_load_21 = load i6 %p_ZZ5conv3PA255_A255_fPA32_A5_A5_fPfS1_E7in_tile_3_2_0_addr_21" [src/conv3.cpp:86]   --->   Operation 1928 'load' 'p_ZZ5conv3PA255_A255_fPA32_A5_A5_fPfS1_E7in_tile_3_2_0_load_21' <Predicate = true> <Delay = 1.23> <CoreInst = "RAM">   --->   Core 83 'RAM' <Latency = 1> <II = 1> <Delay = 1.23> <Storage> <Opcode : 'load' 'store'> <Ports = 2> <Width = 32> <Depth = 64> <RAM>
ST_23 : Operation 1929 [1/2] (1.23ns)   --->   "%p_ZZ5conv3PA255_A255_fPA32_A5_A5_fPfS1_E7in_tile_3_3_0_load_21 = load i6 %p_ZZ5conv3PA255_A255_fPA32_A5_A5_fPfS1_E7in_tile_3_3_0_addr_21" [src/conv3.cpp:86]   --->   Operation 1929 'load' 'p_ZZ5conv3PA255_A255_fPA32_A5_A5_fPfS1_E7in_tile_3_3_0_load_21' <Predicate = true> <Delay = 1.23> <CoreInst = "RAM">   --->   Core 83 'RAM' <Latency = 1> <II = 1> <Delay = 1.23> <Storage> <Opcode : 'load' 'store'> <Ports = 2> <Width = 32> <Depth = 64> <RAM>
ST_23 : Operation 1930 [1/2] (1.23ns)   --->   "%p_ZZ5conv3PA255_A255_fPA32_A5_A5_fPfS1_E7in_tile_3_4_0_load_21 = load i6 %p_ZZ5conv3PA255_A255_fPA32_A5_A5_fPfS1_E7in_tile_3_4_0_addr_21" [src/conv3.cpp:86]   --->   Operation 1930 'load' 'p_ZZ5conv3PA255_A255_fPA32_A5_A5_fPfS1_E7in_tile_3_4_0_load_21' <Predicate = true> <Delay = 1.23> <CoreInst = "RAM">   --->   Core 83 'RAM' <Latency = 1> <II = 1> <Delay = 1.23> <Storage> <Opcode : 'load' 'store'> <Ports = 2> <Width = 32> <Depth = 64> <RAM>
ST_23 : Operation 1931 [1/2] (1.23ns)   --->   "%p_ZZ5conv3PA255_A255_fPA32_A5_A5_fPfS1_E7in_tile_4_0_0_load_21 = load i6 %p_ZZ5conv3PA255_A255_fPA32_A5_A5_fPfS1_E7in_tile_4_0_0_addr_21" [src/conv3.cpp:86]   --->   Operation 1931 'load' 'p_ZZ5conv3PA255_A255_fPA32_A5_A5_fPfS1_E7in_tile_4_0_0_load_21' <Predicate = true> <Delay = 1.23> <CoreInst = "RAM">   --->   Core 83 'RAM' <Latency = 1> <II = 1> <Delay = 1.23> <Storage> <Opcode : 'load' 'store'> <Ports = 2> <Width = 32> <Depth = 64> <RAM>
ST_23 : Operation 1932 [1/2] (1.23ns)   --->   "%p_ZZ5conv3PA255_A255_fPA32_A5_A5_fPfS1_E7in_tile_4_1_0_load_21 = load i6 %p_ZZ5conv3PA255_A255_fPA32_A5_A5_fPfS1_E7in_tile_4_1_0_addr_21" [src/conv3.cpp:86]   --->   Operation 1932 'load' 'p_ZZ5conv3PA255_A255_fPA32_A5_A5_fPfS1_E7in_tile_4_1_0_load_21' <Predicate = true> <Delay = 1.23> <CoreInst = "RAM">   --->   Core 83 'RAM' <Latency = 1> <II = 1> <Delay = 1.23> <Storage> <Opcode : 'load' 'store'> <Ports = 2> <Width = 32> <Depth = 64> <RAM>
ST_23 : Operation 1933 [1/2] (1.23ns)   --->   "%p_ZZ5conv3PA255_A255_fPA32_A5_A5_fPfS1_E7in_tile_4_2_0_load_21 = load i6 %p_ZZ5conv3PA255_A255_fPA32_A5_A5_fPfS1_E7in_tile_4_2_0_addr_21" [src/conv3.cpp:86]   --->   Operation 1933 'load' 'p_ZZ5conv3PA255_A255_fPA32_A5_A5_fPfS1_E7in_tile_4_2_0_load_21' <Predicate = true> <Delay = 1.23> <CoreInst = "RAM">   --->   Core 83 'RAM' <Latency = 1> <II = 1> <Delay = 1.23> <Storage> <Opcode : 'load' 'store'> <Ports = 2> <Width = 32> <Depth = 64> <RAM>
ST_23 : Operation 1934 [1/2] (1.23ns)   --->   "%p_ZZ5conv3PA255_A255_fPA32_A5_A5_fPfS1_E7in_tile_4_3_0_load_21 = load i6 %p_ZZ5conv3PA255_A255_fPA32_A5_A5_fPfS1_E7in_tile_4_3_0_addr_21" [src/conv3.cpp:86]   --->   Operation 1934 'load' 'p_ZZ5conv3PA255_A255_fPA32_A5_A5_fPfS1_E7in_tile_4_3_0_load_21' <Predicate = true> <Delay = 1.23> <CoreInst = "RAM">   --->   Core 83 'RAM' <Latency = 1> <II = 1> <Delay = 1.23> <Storage> <Opcode : 'load' 'store'> <Ports = 2> <Width = 32> <Depth = 64> <RAM>
ST_23 : Operation 1935 [1/2] (1.23ns)   --->   "%p_ZZ5conv3PA255_A255_fPA32_A5_A5_fPfS1_E7in_tile_4_4_0_load_21 = load i6 %p_ZZ5conv3PA255_A255_fPA32_A5_A5_fPfS1_E7in_tile_4_4_0_addr_21" [src/conv3.cpp:86]   --->   Operation 1935 'load' 'p_ZZ5conv3PA255_A255_fPA32_A5_A5_fPfS1_E7in_tile_4_4_0_load_21' <Predicate = true> <Delay = 1.23> <CoreInst = "RAM">   --->   Core 83 'RAM' <Latency = 1> <II = 1> <Delay = 1.23> <Storage> <Opcode : 'load' 'store'> <Ports = 2> <Width = 32> <Depth = 64> <RAM>
ST_23 : Operation 1936 [1/2] (1.23ns)   --->   "%p_ZZ5conv3PA255_A255_fPA32_A5_A5_fPfS1_E7in_tile_0_0_0_load_22 = load i6 %p_ZZ5conv3PA255_A255_fPA32_A5_A5_fPfS1_E7in_tile_0_0_0_addr_22" [src/conv3.cpp:86]   --->   Operation 1936 'load' 'p_ZZ5conv3PA255_A255_fPA32_A5_A5_fPfS1_E7in_tile_0_0_0_load_22' <Predicate = true> <Delay = 1.23> <CoreInst = "RAM">   --->   Core 83 'RAM' <Latency = 1> <II = 1> <Delay = 1.23> <Storage> <Opcode : 'load' 'store'> <Ports = 2> <Width = 32> <Depth = 64> <RAM>
ST_23 : Operation 1937 [1/2] (1.23ns)   --->   "%p_ZZ5conv3PA255_A255_fPA32_A5_A5_fPfS1_E7in_tile_0_1_0_load_22 = load i6 %p_ZZ5conv3PA255_A255_fPA32_A5_A5_fPfS1_E7in_tile_0_1_0_addr_22" [src/conv3.cpp:86]   --->   Operation 1937 'load' 'p_ZZ5conv3PA255_A255_fPA32_A5_A5_fPfS1_E7in_tile_0_1_0_load_22' <Predicate = true> <Delay = 1.23> <CoreInst = "RAM">   --->   Core 83 'RAM' <Latency = 1> <II = 1> <Delay = 1.23> <Storage> <Opcode : 'load' 'store'> <Ports = 2> <Width = 32> <Depth = 64> <RAM>
ST_23 : Operation 1938 [1/2] (1.23ns)   --->   "%p_ZZ5conv3PA255_A255_fPA32_A5_A5_fPfS1_E7in_tile_0_2_0_load_22 = load i6 %p_ZZ5conv3PA255_A255_fPA32_A5_A5_fPfS1_E7in_tile_0_2_0_addr_22" [src/conv3.cpp:86]   --->   Operation 1938 'load' 'p_ZZ5conv3PA255_A255_fPA32_A5_A5_fPfS1_E7in_tile_0_2_0_load_22' <Predicate = true> <Delay = 1.23> <CoreInst = "RAM">   --->   Core 83 'RAM' <Latency = 1> <II = 1> <Delay = 1.23> <Storage> <Opcode : 'load' 'store'> <Ports = 2> <Width = 32> <Depth = 64> <RAM>
ST_23 : Operation 1939 [1/2] (1.23ns)   --->   "%p_ZZ5conv3PA255_A255_fPA32_A5_A5_fPfS1_E7in_tile_0_3_0_load_22 = load i6 %p_ZZ5conv3PA255_A255_fPA32_A5_A5_fPfS1_E7in_tile_0_3_0_addr_22" [src/conv3.cpp:86]   --->   Operation 1939 'load' 'p_ZZ5conv3PA255_A255_fPA32_A5_A5_fPfS1_E7in_tile_0_3_0_load_22' <Predicate = true> <Delay = 1.23> <CoreInst = "RAM">   --->   Core 83 'RAM' <Latency = 1> <II = 1> <Delay = 1.23> <Storage> <Opcode : 'load' 'store'> <Ports = 2> <Width = 32> <Depth = 64> <RAM>
ST_23 : Operation 1940 [1/2] (1.23ns)   --->   "%p_ZZ5conv3PA255_A255_fPA32_A5_A5_fPfS1_E7in_tile_0_4_0_load_22 = load i6 %p_ZZ5conv3PA255_A255_fPA32_A5_A5_fPfS1_E7in_tile_0_4_0_addr_22" [src/conv3.cpp:86]   --->   Operation 1940 'load' 'p_ZZ5conv3PA255_A255_fPA32_A5_A5_fPfS1_E7in_tile_0_4_0_load_22' <Predicate = true> <Delay = 1.23> <CoreInst = "RAM">   --->   Core 83 'RAM' <Latency = 1> <II = 1> <Delay = 1.23> <Storage> <Opcode : 'load' 'store'> <Ports = 2> <Width = 32> <Depth = 64> <RAM>
ST_23 : Operation 1941 [1/2] (1.23ns)   --->   "%p_ZZ5conv3PA255_A255_fPA32_A5_A5_fPfS1_E7in_tile_1_0_0_load_22 = load i6 %p_ZZ5conv3PA255_A255_fPA32_A5_A5_fPfS1_E7in_tile_1_0_0_addr_22" [src/conv3.cpp:86]   --->   Operation 1941 'load' 'p_ZZ5conv3PA255_A255_fPA32_A5_A5_fPfS1_E7in_tile_1_0_0_load_22' <Predicate = true> <Delay = 1.23> <CoreInst = "RAM">   --->   Core 83 'RAM' <Latency = 1> <II = 1> <Delay = 1.23> <Storage> <Opcode : 'load' 'store'> <Ports = 2> <Width = 32> <Depth = 64> <RAM>
ST_23 : Operation 1942 [1/2] (1.23ns)   --->   "%p_ZZ5conv3PA255_A255_fPA32_A5_A5_fPfS1_E7in_tile_1_1_0_load_22 = load i6 %p_ZZ5conv3PA255_A255_fPA32_A5_A5_fPfS1_E7in_tile_1_1_0_addr_22" [src/conv3.cpp:86]   --->   Operation 1942 'load' 'p_ZZ5conv3PA255_A255_fPA32_A5_A5_fPfS1_E7in_tile_1_1_0_load_22' <Predicate = true> <Delay = 1.23> <CoreInst = "RAM">   --->   Core 83 'RAM' <Latency = 1> <II = 1> <Delay = 1.23> <Storage> <Opcode : 'load' 'store'> <Ports = 2> <Width = 32> <Depth = 64> <RAM>
ST_23 : Operation 1943 [1/2] (1.23ns)   --->   "%p_ZZ5conv3PA255_A255_fPA32_A5_A5_fPfS1_E7in_tile_1_2_0_load_22 = load i6 %p_ZZ5conv3PA255_A255_fPA32_A5_A5_fPfS1_E7in_tile_1_2_0_addr_22" [src/conv3.cpp:86]   --->   Operation 1943 'load' 'p_ZZ5conv3PA255_A255_fPA32_A5_A5_fPfS1_E7in_tile_1_2_0_load_22' <Predicate = true> <Delay = 1.23> <CoreInst = "RAM">   --->   Core 83 'RAM' <Latency = 1> <II = 1> <Delay = 1.23> <Storage> <Opcode : 'load' 'store'> <Ports = 2> <Width = 32> <Depth = 64> <RAM>
ST_23 : Operation 1944 [1/2] (1.23ns)   --->   "%p_ZZ5conv3PA255_A255_fPA32_A5_A5_fPfS1_E7in_tile_1_3_0_load_22 = load i6 %p_ZZ5conv3PA255_A255_fPA32_A5_A5_fPfS1_E7in_tile_1_3_0_addr_22" [src/conv3.cpp:86]   --->   Operation 1944 'load' 'p_ZZ5conv3PA255_A255_fPA32_A5_A5_fPfS1_E7in_tile_1_3_0_load_22' <Predicate = true> <Delay = 1.23> <CoreInst = "RAM">   --->   Core 83 'RAM' <Latency = 1> <II = 1> <Delay = 1.23> <Storage> <Opcode : 'load' 'store'> <Ports = 2> <Width = 32> <Depth = 64> <RAM>
ST_23 : Operation 1945 [1/2] (1.23ns)   --->   "%p_ZZ5conv3PA255_A255_fPA32_A5_A5_fPfS1_E7in_tile_1_4_0_load_22 = load i6 %p_ZZ5conv3PA255_A255_fPA32_A5_A5_fPfS1_E7in_tile_1_4_0_addr_22" [src/conv3.cpp:86]   --->   Operation 1945 'load' 'p_ZZ5conv3PA255_A255_fPA32_A5_A5_fPfS1_E7in_tile_1_4_0_load_22' <Predicate = true> <Delay = 1.23> <CoreInst = "RAM">   --->   Core 83 'RAM' <Latency = 1> <II = 1> <Delay = 1.23> <Storage> <Opcode : 'load' 'store'> <Ports = 2> <Width = 32> <Depth = 64> <RAM>
ST_23 : Operation 1946 [1/2] (1.23ns)   --->   "%p_ZZ5conv3PA255_A255_fPA32_A5_A5_fPfS1_E7in_tile_2_0_0_load_22 = load i6 %p_ZZ5conv3PA255_A255_fPA32_A5_A5_fPfS1_E7in_tile_2_0_0_addr_22" [src/conv3.cpp:86]   --->   Operation 1946 'load' 'p_ZZ5conv3PA255_A255_fPA32_A5_A5_fPfS1_E7in_tile_2_0_0_load_22' <Predicate = true> <Delay = 1.23> <CoreInst = "RAM">   --->   Core 83 'RAM' <Latency = 1> <II = 1> <Delay = 1.23> <Storage> <Opcode : 'load' 'store'> <Ports = 2> <Width = 32> <Depth = 64> <RAM>
ST_23 : Operation 1947 [1/2] (1.23ns)   --->   "%p_ZZ5conv3PA255_A255_fPA32_A5_A5_fPfS1_E7in_tile_2_1_0_load_22 = load i6 %p_ZZ5conv3PA255_A255_fPA32_A5_A5_fPfS1_E7in_tile_2_1_0_addr_22" [src/conv3.cpp:86]   --->   Operation 1947 'load' 'p_ZZ5conv3PA255_A255_fPA32_A5_A5_fPfS1_E7in_tile_2_1_0_load_22' <Predicate = true> <Delay = 1.23> <CoreInst = "RAM">   --->   Core 83 'RAM' <Latency = 1> <II = 1> <Delay = 1.23> <Storage> <Opcode : 'load' 'store'> <Ports = 2> <Width = 32> <Depth = 64> <RAM>
ST_23 : Operation 1948 [1/2] (1.23ns)   --->   "%p_ZZ5conv3PA255_A255_fPA32_A5_A5_fPfS1_E7in_tile_2_2_0_load_22 = load i6 %p_ZZ5conv3PA255_A255_fPA32_A5_A5_fPfS1_E7in_tile_2_2_0_addr_22" [src/conv3.cpp:86]   --->   Operation 1948 'load' 'p_ZZ5conv3PA255_A255_fPA32_A5_A5_fPfS1_E7in_tile_2_2_0_load_22' <Predicate = true> <Delay = 1.23> <CoreInst = "RAM">   --->   Core 83 'RAM' <Latency = 1> <II = 1> <Delay = 1.23> <Storage> <Opcode : 'load' 'store'> <Ports = 2> <Width = 32> <Depth = 64> <RAM>
ST_23 : Operation 1949 [1/2] (1.23ns)   --->   "%p_ZZ5conv3PA255_A255_fPA32_A5_A5_fPfS1_E7in_tile_2_3_0_load_22 = load i6 %p_ZZ5conv3PA255_A255_fPA32_A5_A5_fPfS1_E7in_tile_2_3_0_addr_22" [src/conv3.cpp:86]   --->   Operation 1949 'load' 'p_ZZ5conv3PA255_A255_fPA32_A5_A5_fPfS1_E7in_tile_2_3_0_load_22' <Predicate = true> <Delay = 1.23> <CoreInst = "RAM">   --->   Core 83 'RAM' <Latency = 1> <II = 1> <Delay = 1.23> <Storage> <Opcode : 'load' 'store'> <Ports = 2> <Width = 32> <Depth = 64> <RAM>
ST_23 : Operation 1950 [1/2] (1.23ns)   --->   "%p_ZZ5conv3PA255_A255_fPA32_A5_A5_fPfS1_E7in_tile_2_4_0_load_22 = load i6 %p_ZZ5conv3PA255_A255_fPA32_A5_A5_fPfS1_E7in_tile_2_4_0_addr_22" [src/conv3.cpp:86]   --->   Operation 1950 'load' 'p_ZZ5conv3PA255_A255_fPA32_A5_A5_fPfS1_E7in_tile_2_4_0_load_22' <Predicate = true> <Delay = 1.23> <CoreInst = "RAM">   --->   Core 83 'RAM' <Latency = 1> <II = 1> <Delay = 1.23> <Storage> <Opcode : 'load' 'store'> <Ports = 2> <Width = 32> <Depth = 64> <RAM>
ST_23 : Operation 1951 [1/2] (1.23ns)   --->   "%p_ZZ5conv3PA255_A255_fPA32_A5_A5_fPfS1_E7in_tile_3_0_0_load_22 = load i6 %p_ZZ5conv3PA255_A255_fPA32_A5_A5_fPfS1_E7in_tile_3_0_0_addr_22" [src/conv3.cpp:86]   --->   Operation 1951 'load' 'p_ZZ5conv3PA255_A255_fPA32_A5_A5_fPfS1_E7in_tile_3_0_0_load_22' <Predicate = true> <Delay = 1.23> <CoreInst = "RAM">   --->   Core 83 'RAM' <Latency = 1> <II = 1> <Delay = 1.23> <Storage> <Opcode : 'load' 'store'> <Ports = 2> <Width = 32> <Depth = 64> <RAM>
ST_23 : Operation 1952 [1/2] (1.23ns)   --->   "%p_ZZ5conv3PA255_A255_fPA32_A5_A5_fPfS1_E7in_tile_3_1_0_load_22 = load i6 %p_ZZ5conv3PA255_A255_fPA32_A5_A5_fPfS1_E7in_tile_3_1_0_addr_22" [src/conv3.cpp:86]   --->   Operation 1952 'load' 'p_ZZ5conv3PA255_A255_fPA32_A5_A5_fPfS1_E7in_tile_3_1_0_load_22' <Predicate = true> <Delay = 1.23> <CoreInst = "RAM">   --->   Core 83 'RAM' <Latency = 1> <II = 1> <Delay = 1.23> <Storage> <Opcode : 'load' 'store'> <Ports = 2> <Width = 32> <Depth = 64> <RAM>
ST_23 : Operation 1953 [1/2] (1.23ns)   --->   "%p_ZZ5conv3PA255_A255_fPA32_A5_A5_fPfS1_E7in_tile_3_2_0_load_22 = load i6 %p_ZZ5conv3PA255_A255_fPA32_A5_A5_fPfS1_E7in_tile_3_2_0_addr_22" [src/conv3.cpp:86]   --->   Operation 1953 'load' 'p_ZZ5conv3PA255_A255_fPA32_A5_A5_fPfS1_E7in_tile_3_2_0_load_22' <Predicate = true> <Delay = 1.23> <CoreInst = "RAM">   --->   Core 83 'RAM' <Latency = 1> <II = 1> <Delay = 1.23> <Storage> <Opcode : 'load' 'store'> <Ports = 2> <Width = 32> <Depth = 64> <RAM>
ST_23 : Operation 1954 [1/2] (1.23ns)   --->   "%p_ZZ5conv3PA255_A255_fPA32_A5_A5_fPfS1_E7in_tile_3_3_0_load_22 = load i6 %p_ZZ5conv3PA255_A255_fPA32_A5_A5_fPfS1_E7in_tile_3_3_0_addr_22" [src/conv3.cpp:86]   --->   Operation 1954 'load' 'p_ZZ5conv3PA255_A255_fPA32_A5_A5_fPfS1_E7in_tile_3_3_0_load_22' <Predicate = true> <Delay = 1.23> <CoreInst = "RAM">   --->   Core 83 'RAM' <Latency = 1> <II = 1> <Delay = 1.23> <Storage> <Opcode : 'load' 'store'> <Ports = 2> <Width = 32> <Depth = 64> <RAM>
ST_23 : Operation 1955 [1/2] (1.23ns)   --->   "%p_ZZ5conv3PA255_A255_fPA32_A5_A5_fPfS1_E7in_tile_3_4_0_load_22 = load i6 %p_ZZ5conv3PA255_A255_fPA32_A5_A5_fPfS1_E7in_tile_3_4_0_addr_22" [src/conv3.cpp:86]   --->   Operation 1955 'load' 'p_ZZ5conv3PA255_A255_fPA32_A5_A5_fPfS1_E7in_tile_3_4_0_load_22' <Predicate = true> <Delay = 1.23> <CoreInst = "RAM">   --->   Core 83 'RAM' <Latency = 1> <II = 1> <Delay = 1.23> <Storage> <Opcode : 'load' 'store'> <Ports = 2> <Width = 32> <Depth = 64> <RAM>
ST_23 : Operation 1956 [1/2] (1.23ns)   --->   "%p_ZZ5conv3PA255_A255_fPA32_A5_A5_fPfS1_E7in_tile_4_0_0_load_22 = load i6 %p_ZZ5conv3PA255_A255_fPA32_A5_A5_fPfS1_E7in_tile_4_0_0_addr_22" [src/conv3.cpp:86]   --->   Operation 1956 'load' 'p_ZZ5conv3PA255_A255_fPA32_A5_A5_fPfS1_E7in_tile_4_0_0_load_22' <Predicate = true> <Delay = 1.23> <CoreInst = "RAM">   --->   Core 83 'RAM' <Latency = 1> <II = 1> <Delay = 1.23> <Storage> <Opcode : 'load' 'store'> <Ports = 2> <Width = 32> <Depth = 64> <RAM>
ST_23 : Operation 1957 [1/2] (1.23ns)   --->   "%p_ZZ5conv3PA255_A255_fPA32_A5_A5_fPfS1_E7in_tile_4_1_0_load_22 = load i6 %p_ZZ5conv3PA255_A255_fPA32_A5_A5_fPfS1_E7in_tile_4_1_0_addr_22" [src/conv3.cpp:86]   --->   Operation 1957 'load' 'p_ZZ5conv3PA255_A255_fPA32_A5_A5_fPfS1_E7in_tile_4_1_0_load_22' <Predicate = true> <Delay = 1.23> <CoreInst = "RAM">   --->   Core 83 'RAM' <Latency = 1> <II = 1> <Delay = 1.23> <Storage> <Opcode : 'load' 'store'> <Ports = 2> <Width = 32> <Depth = 64> <RAM>
ST_23 : Operation 1958 [1/2] (1.23ns)   --->   "%p_ZZ5conv3PA255_A255_fPA32_A5_A5_fPfS1_E7in_tile_4_2_0_load_22 = load i6 %p_ZZ5conv3PA255_A255_fPA32_A5_A5_fPfS1_E7in_tile_4_2_0_addr_22" [src/conv3.cpp:86]   --->   Operation 1958 'load' 'p_ZZ5conv3PA255_A255_fPA32_A5_A5_fPfS1_E7in_tile_4_2_0_load_22' <Predicate = true> <Delay = 1.23> <CoreInst = "RAM">   --->   Core 83 'RAM' <Latency = 1> <II = 1> <Delay = 1.23> <Storage> <Opcode : 'load' 'store'> <Ports = 2> <Width = 32> <Depth = 64> <RAM>
ST_23 : Operation 1959 [1/2] (1.23ns)   --->   "%p_ZZ5conv3PA255_A255_fPA32_A5_A5_fPfS1_E7in_tile_4_3_0_load_22 = load i6 %p_ZZ5conv3PA255_A255_fPA32_A5_A5_fPfS1_E7in_tile_4_3_0_addr_22" [src/conv3.cpp:86]   --->   Operation 1959 'load' 'p_ZZ5conv3PA255_A255_fPA32_A5_A5_fPfS1_E7in_tile_4_3_0_load_22' <Predicate = true> <Delay = 1.23> <CoreInst = "RAM">   --->   Core 83 'RAM' <Latency = 1> <II = 1> <Delay = 1.23> <Storage> <Opcode : 'load' 'store'> <Ports = 2> <Width = 32> <Depth = 64> <RAM>
ST_23 : Operation 1960 [1/2] (1.23ns)   --->   "%p_ZZ5conv3PA255_A255_fPA32_A5_A5_fPfS1_E7in_tile_4_4_0_load_22 = load i6 %p_ZZ5conv3PA255_A255_fPA32_A5_A5_fPfS1_E7in_tile_4_4_0_addr_22" [src/conv3.cpp:86]   --->   Operation 1960 'load' 'p_ZZ5conv3PA255_A255_fPA32_A5_A5_fPfS1_E7in_tile_4_4_0_load_22' <Predicate = true> <Delay = 1.23> <CoreInst = "RAM">   --->   Core 83 'RAM' <Latency = 1> <II = 1> <Delay = 1.23> <Storage> <Opcode : 'load' 'store'> <Ports = 2> <Width = 32> <Depth = 64> <RAM>
ST_23 : Operation 1961 [2/2] (1.23ns)   --->   "%p_ZZ5conv3PA255_A255_fPA32_A5_A5_fPfS1_E7in_tile_0_0_0_load_23 = load i6 %p_ZZ5conv3PA255_A255_fPA32_A5_A5_fPfS1_E7in_tile_0_0_0_addr_23" [src/conv3.cpp:86]   --->   Operation 1961 'load' 'p_ZZ5conv3PA255_A255_fPA32_A5_A5_fPfS1_E7in_tile_0_0_0_load_23' <Predicate = true> <Delay = 1.23> <CoreInst = "RAM">   --->   Core 83 'RAM' <Latency = 1> <II = 1> <Delay = 1.23> <Storage> <Opcode : 'load' 'store'> <Ports = 2> <Width = 32> <Depth = 64> <RAM>
ST_23 : Operation 1962 [2/2] (1.23ns)   --->   "%p_ZZ5conv3PA255_A255_fPA32_A5_A5_fPfS1_E7in_tile_0_1_0_load_23 = load i6 %p_ZZ5conv3PA255_A255_fPA32_A5_A5_fPfS1_E7in_tile_0_1_0_addr_23" [src/conv3.cpp:86]   --->   Operation 1962 'load' 'p_ZZ5conv3PA255_A255_fPA32_A5_A5_fPfS1_E7in_tile_0_1_0_load_23' <Predicate = true> <Delay = 1.23> <CoreInst = "RAM">   --->   Core 83 'RAM' <Latency = 1> <II = 1> <Delay = 1.23> <Storage> <Opcode : 'load' 'store'> <Ports = 2> <Width = 32> <Depth = 64> <RAM>
ST_23 : Operation 1963 [2/2] (1.23ns)   --->   "%p_ZZ5conv3PA255_A255_fPA32_A5_A5_fPfS1_E7in_tile_0_2_0_load_23 = load i6 %p_ZZ5conv3PA255_A255_fPA32_A5_A5_fPfS1_E7in_tile_0_2_0_addr_23" [src/conv3.cpp:86]   --->   Operation 1963 'load' 'p_ZZ5conv3PA255_A255_fPA32_A5_A5_fPfS1_E7in_tile_0_2_0_load_23' <Predicate = true> <Delay = 1.23> <CoreInst = "RAM">   --->   Core 83 'RAM' <Latency = 1> <II = 1> <Delay = 1.23> <Storage> <Opcode : 'load' 'store'> <Ports = 2> <Width = 32> <Depth = 64> <RAM>
ST_23 : Operation 1964 [2/2] (1.23ns)   --->   "%p_ZZ5conv3PA255_A255_fPA32_A5_A5_fPfS1_E7in_tile_0_3_0_load_23 = load i6 %p_ZZ5conv3PA255_A255_fPA32_A5_A5_fPfS1_E7in_tile_0_3_0_addr_23" [src/conv3.cpp:86]   --->   Operation 1964 'load' 'p_ZZ5conv3PA255_A255_fPA32_A5_A5_fPfS1_E7in_tile_0_3_0_load_23' <Predicate = true> <Delay = 1.23> <CoreInst = "RAM">   --->   Core 83 'RAM' <Latency = 1> <II = 1> <Delay = 1.23> <Storage> <Opcode : 'load' 'store'> <Ports = 2> <Width = 32> <Depth = 64> <RAM>
ST_23 : Operation 1965 [2/2] (1.23ns)   --->   "%p_ZZ5conv3PA255_A255_fPA32_A5_A5_fPfS1_E7in_tile_0_4_0_load_23 = load i6 %p_ZZ5conv3PA255_A255_fPA32_A5_A5_fPfS1_E7in_tile_0_4_0_addr_23" [src/conv3.cpp:86]   --->   Operation 1965 'load' 'p_ZZ5conv3PA255_A255_fPA32_A5_A5_fPfS1_E7in_tile_0_4_0_load_23' <Predicate = true> <Delay = 1.23> <CoreInst = "RAM">   --->   Core 83 'RAM' <Latency = 1> <II = 1> <Delay = 1.23> <Storage> <Opcode : 'load' 'store'> <Ports = 2> <Width = 32> <Depth = 64> <RAM>
ST_23 : Operation 1966 [2/2] (1.23ns)   --->   "%p_ZZ5conv3PA255_A255_fPA32_A5_A5_fPfS1_E7in_tile_1_0_0_load_23 = load i6 %p_ZZ5conv3PA255_A255_fPA32_A5_A5_fPfS1_E7in_tile_1_0_0_addr_23" [src/conv3.cpp:86]   --->   Operation 1966 'load' 'p_ZZ5conv3PA255_A255_fPA32_A5_A5_fPfS1_E7in_tile_1_0_0_load_23' <Predicate = true> <Delay = 1.23> <CoreInst = "RAM">   --->   Core 83 'RAM' <Latency = 1> <II = 1> <Delay = 1.23> <Storage> <Opcode : 'load' 'store'> <Ports = 2> <Width = 32> <Depth = 64> <RAM>
ST_23 : Operation 1967 [2/2] (1.23ns)   --->   "%p_ZZ5conv3PA255_A255_fPA32_A5_A5_fPfS1_E7in_tile_1_1_0_load_23 = load i6 %p_ZZ5conv3PA255_A255_fPA32_A5_A5_fPfS1_E7in_tile_1_1_0_addr_23" [src/conv3.cpp:86]   --->   Operation 1967 'load' 'p_ZZ5conv3PA255_A255_fPA32_A5_A5_fPfS1_E7in_tile_1_1_0_load_23' <Predicate = true> <Delay = 1.23> <CoreInst = "RAM">   --->   Core 83 'RAM' <Latency = 1> <II = 1> <Delay = 1.23> <Storage> <Opcode : 'load' 'store'> <Ports = 2> <Width = 32> <Depth = 64> <RAM>
ST_23 : Operation 1968 [2/2] (1.23ns)   --->   "%p_ZZ5conv3PA255_A255_fPA32_A5_A5_fPfS1_E7in_tile_1_2_0_load_23 = load i6 %p_ZZ5conv3PA255_A255_fPA32_A5_A5_fPfS1_E7in_tile_1_2_0_addr_23" [src/conv3.cpp:86]   --->   Operation 1968 'load' 'p_ZZ5conv3PA255_A255_fPA32_A5_A5_fPfS1_E7in_tile_1_2_0_load_23' <Predicate = true> <Delay = 1.23> <CoreInst = "RAM">   --->   Core 83 'RAM' <Latency = 1> <II = 1> <Delay = 1.23> <Storage> <Opcode : 'load' 'store'> <Ports = 2> <Width = 32> <Depth = 64> <RAM>
ST_23 : Operation 1969 [2/2] (1.23ns)   --->   "%p_ZZ5conv3PA255_A255_fPA32_A5_A5_fPfS1_E7in_tile_1_3_0_load_23 = load i6 %p_ZZ5conv3PA255_A255_fPA32_A5_A5_fPfS1_E7in_tile_1_3_0_addr_23" [src/conv3.cpp:86]   --->   Operation 1969 'load' 'p_ZZ5conv3PA255_A255_fPA32_A5_A5_fPfS1_E7in_tile_1_3_0_load_23' <Predicate = true> <Delay = 1.23> <CoreInst = "RAM">   --->   Core 83 'RAM' <Latency = 1> <II = 1> <Delay = 1.23> <Storage> <Opcode : 'load' 'store'> <Ports = 2> <Width = 32> <Depth = 64> <RAM>
ST_23 : Operation 1970 [2/2] (1.23ns)   --->   "%p_ZZ5conv3PA255_A255_fPA32_A5_A5_fPfS1_E7in_tile_1_4_0_load_23 = load i6 %p_ZZ5conv3PA255_A255_fPA32_A5_A5_fPfS1_E7in_tile_1_4_0_addr_23" [src/conv3.cpp:86]   --->   Operation 1970 'load' 'p_ZZ5conv3PA255_A255_fPA32_A5_A5_fPfS1_E7in_tile_1_4_0_load_23' <Predicate = true> <Delay = 1.23> <CoreInst = "RAM">   --->   Core 83 'RAM' <Latency = 1> <II = 1> <Delay = 1.23> <Storage> <Opcode : 'load' 'store'> <Ports = 2> <Width = 32> <Depth = 64> <RAM>
ST_23 : Operation 1971 [2/2] (1.23ns)   --->   "%p_ZZ5conv3PA255_A255_fPA32_A5_A5_fPfS1_E7in_tile_2_0_0_load_23 = load i6 %p_ZZ5conv3PA255_A255_fPA32_A5_A5_fPfS1_E7in_tile_2_0_0_addr_23" [src/conv3.cpp:86]   --->   Operation 1971 'load' 'p_ZZ5conv3PA255_A255_fPA32_A5_A5_fPfS1_E7in_tile_2_0_0_load_23' <Predicate = true> <Delay = 1.23> <CoreInst = "RAM">   --->   Core 83 'RAM' <Latency = 1> <II = 1> <Delay = 1.23> <Storage> <Opcode : 'load' 'store'> <Ports = 2> <Width = 32> <Depth = 64> <RAM>
ST_23 : Operation 1972 [2/2] (1.23ns)   --->   "%p_ZZ5conv3PA255_A255_fPA32_A5_A5_fPfS1_E7in_tile_2_1_0_load_23 = load i6 %p_ZZ5conv3PA255_A255_fPA32_A5_A5_fPfS1_E7in_tile_2_1_0_addr_23" [src/conv3.cpp:86]   --->   Operation 1972 'load' 'p_ZZ5conv3PA255_A255_fPA32_A5_A5_fPfS1_E7in_tile_2_1_0_load_23' <Predicate = true> <Delay = 1.23> <CoreInst = "RAM">   --->   Core 83 'RAM' <Latency = 1> <II = 1> <Delay = 1.23> <Storage> <Opcode : 'load' 'store'> <Ports = 2> <Width = 32> <Depth = 64> <RAM>
ST_23 : Operation 1973 [2/2] (1.23ns)   --->   "%p_ZZ5conv3PA255_A255_fPA32_A5_A5_fPfS1_E7in_tile_2_2_0_load_23 = load i6 %p_ZZ5conv3PA255_A255_fPA32_A5_A5_fPfS1_E7in_tile_2_2_0_addr_23" [src/conv3.cpp:86]   --->   Operation 1973 'load' 'p_ZZ5conv3PA255_A255_fPA32_A5_A5_fPfS1_E7in_tile_2_2_0_load_23' <Predicate = true> <Delay = 1.23> <CoreInst = "RAM">   --->   Core 83 'RAM' <Latency = 1> <II = 1> <Delay = 1.23> <Storage> <Opcode : 'load' 'store'> <Ports = 2> <Width = 32> <Depth = 64> <RAM>
ST_23 : Operation 1974 [2/2] (1.23ns)   --->   "%p_ZZ5conv3PA255_A255_fPA32_A5_A5_fPfS1_E7in_tile_2_3_0_load_23 = load i6 %p_ZZ5conv3PA255_A255_fPA32_A5_A5_fPfS1_E7in_tile_2_3_0_addr_23" [src/conv3.cpp:86]   --->   Operation 1974 'load' 'p_ZZ5conv3PA255_A255_fPA32_A5_A5_fPfS1_E7in_tile_2_3_0_load_23' <Predicate = true> <Delay = 1.23> <CoreInst = "RAM">   --->   Core 83 'RAM' <Latency = 1> <II = 1> <Delay = 1.23> <Storage> <Opcode : 'load' 'store'> <Ports = 2> <Width = 32> <Depth = 64> <RAM>
ST_23 : Operation 1975 [2/2] (1.23ns)   --->   "%p_ZZ5conv3PA255_A255_fPA32_A5_A5_fPfS1_E7in_tile_2_4_0_load_23 = load i6 %p_ZZ5conv3PA255_A255_fPA32_A5_A5_fPfS1_E7in_tile_2_4_0_addr_23" [src/conv3.cpp:86]   --->   Operation 1975 'load' 'p_ZZ5conv3PA255_A255_fPA32_A5_A5_fPfS1_E7in_tile_2_4_0_load_23' <Predicate = true> <Delay = 1.23> <CoreInst = "RAM">   --->   Core 83 'RAM' <Latency = 1> <II = 1> <Delay = 1.23> <Storage> <Opcode : 'load' 'store'> <Ports = 2> <Width = 32> <Depth = 64> <RAM>
ST_23 : Operation 1976 [2/2] (1.23ns)   --->   "%p_ZZ5conv3PA255_A255_fPA32_A5_A5_fPfS1_E7in_tile_3_0_0_load_23 = load i6 %p_ZZ5conv3PA255_A255_fPA32_A5_A5_fPfS1_E7in_tile_3_0_0_addr_23" [src/conv3.cpp:86]   --->   Operation 1976 'load' 'p_ZZ5conv3PA255_A255_fPA32_A5_A5_fPfS1_E7in_tile_3_0_0_load_23' <Predicate = true> <Delay = 1.23> <CoreInst = "RAM">   --->   Core 83 'RAM' <Latency = 1> <II = 1> <Delay = 1.23> <Storage> <Opcode : 'load' 'store'> <Ports = 2> <Width = 32> <Depth = 64> <RAM>
ST_23 : Operation 1977 [2/2] (1.23ns)   --->   "%p_ZZ5conv3PA255_A255_fPA32_A5_A5_fPfS1_E7in_tile_3_1_0_load_23 = load i6 %p_ZZ5conv3PA255_A255_fPA32_A5_A5_fPfS1_E7in_tile_3_1_0_addr_23" [src/conv3.cpp:86]   --->   Operation 1977 'load' 'p_ZZ5conv3PA255_A255_fPA32_A5_A5_fPfS1_E7in_tile_3_1_0_load_23' <Predicate = true> <Delay = 1.23> <CoreInst = "RAM">   --->   Core 83 'RAM' <Latency = 1> <II = 1> <Delay = 1.23> <Storage> <Opcode : 'load' 'store'> <Ports = 2> <Width = 32> <Depth = 64> <RAM>
ST_23 : Operation 1978 [2/2] (1.23ns)   --->   "%p_ZZ5conv3PA255_A255_fPA32_A5_A5_fPfS1_E7in_tile_3_2_0_load_23 = load i6 %p_ZZ5conv3PA255_A255_fPA32_A5_A5_fPfS1_E7in_tile_3_2_0_addr_23" [src/conv3.cpp:86]   --->   Operation 1978 'load' 'p_ZZ5conv3PA255_A255_fPA32_A5_A5_fPfS1_E7in_tile_3_2_0_load_23' <Predicate = true> <Delay = 1.23> <CoreInst = "RAM">   --->   Core 83 'RAM' <Latency = 1> <II = 1> <Delay = 1.23> <Storage> <Opcode : 'load' 'store'> <Ports = 2> <Width = 32> <Depth = 64> <RAM>
ST_23 : Operation 1979 [2/2] (1.23ns)   --->   "%p_ZZ5conv3PA255_A255_fPA32_A5_A5_fPfS1_E7in_tile_3_3_0_load_23 = load i6 %p_ZZ5conv3PA255_A255_fPA32_A5_A5_fPfS1_E7in_tile_3_3_0_addr_23" [src/conv3.cpp:86]   --->   Operation 1979 'load' 'p_ZZ5conv3PA255_A255_fPA32_A5_A5_fPfS1_E7in_tile_3_3_0_load_23' <Predicate = true> <Delay = 1.23> <CoreInst = "RAM">   --->   Core 83 'RAM' <Latency = 1> <II = 1> <Delay = 1.23> <Storage> <Opcode : 'load' 'store'> <Ports = 2> <Width = 32> <Depth = 64> <RAM>
ST_23 : Operation 1980 [2/2] (1.23ns)   --->   "%p_ZZ5conv3PA255_A255_fPA32_A5_A5_fPfS1_E7in_tile_3_4_0_load_23 = load i6 %p_ZZ5conv3PA255_A255_fPA32_A5_A5_fPfS1_E7in_tile_3_4_0_addr_23" [src/conv3.cpp:86]   --->   Operation 1980 'load' 'p_ZZ5conv3PA255_A255_fPA32_A5_A5_fPfS1_E7in_tile_3_4_0_load_23' <Predicate = true> <Delay = 1.23> <CoreInst = "RAM">   --->   Core 83 'RAM' <Latency = 1> <II = 1> <Delay = 1.23> <Storage> <Opcode : 'load' 'store'> <Ports = 2> <Width = 32> <Depth = 64> <RAM>
ST_23 : Operation 1981 [2/2] (1.23ns)   --->   "%p_ZZ5conv3PA255_A255_fPA32_A5_A5_fPfS1_E7in_tile_4_0_0_load_23 = load i6 %p_ZZ5conv3PA255_A255_fPA32_A5_A5_fPfS1_E7in_tile_4_0_0_addr_23" [src/conv3.cpp:86]   --->   Operation 1981 'load' 'p_ZZ5conv3PA255_A255_fPA32_A5_A5_fPfS1_E7in_tile_4_0_0_load_23' <Predicate = true> <Delay = 1.23> <CoreInst = "RAM">   --->   Core 83 'RAM' <Latency = 1> <II = 1> <Delay = 1.23> <Storage> <Opcode : 'load' 'store'> <Ports = 2> <Width = 32> <Depth = 64> <RAM>
ST_23 : Operation 1982 [2/2] (1.23ns)   --->   "%p_ZZ5conv3PA255_A255_fPA32_A5_A5_fPfS1_E7in_tile_4_1_0_load_23 = load i6 %p_ZZ5conv3PA255_A255_fPA32_A5_A5_fPfS1_E7in_tile_4_1_0_addr_23" [src/conv3.cpp:86]   --->   Operation 1982 'load' 'p_ZZ5conv3PA255_A255_fPA32_A5_A5_fPfS1_E7in_tile_4_1_0_load_23' <Predicate = true> <Delay = 1.23> <CoreInst = "RAM">   --->   Core 83 'RAM' <Latency = 1> <II = 1> <Delay = 1.23> <Storage> <Opcode : 'load' 'store'> <Ports = 2> <Width = 32> <Depth = 64> <RAM>
ST_23 : Operation 1983 [2/2] (1.23ns)   --->   "%p_ZZ5conv3PA255_A255_fPA32_A5_A5_fPfS1_E7in_tile_4_2_0_load_23 = load i6 %p_ZZ5conv3PA255_A255_fPA32_A5_A5_fPfS1_E7in_tile_4_2_0_addr_23" [src/conv3.cpp:86]   --->   Operation 1983 'load' 'p_ZZ5conv3PA255_A255_fPA32_A5_A5_fPfS1_E7in_tile_4_2_0_load_23' <Predicate = true> <Delay = 1.23> <CoreInst = "RAM">   --->   Core 83 'RAM' <Latency = 1> <II = 1> <Delay = 1.23> <Storage> <Opcode : 'load' 'store'> <Ports = 2> <Width = 32> <Depth = 64> <RAM>
ST_23 : Operation 1984 [2/2] (1.23ns)   --->   "%p_ZZ5conv3PA255_A255_fPA32_A5_A5_fPfS1_E7in_tile_4_3_0_load_23 = load i6 %p_ZZ5conv3PA255_A255_fPA32_A5_A5_fPfS1_E7in_tile_4_3_0_addr_23" [src/conv3.cpp:86]   --->   Operation 1984 'load' 'p_ZZ5conv3PA255_A255_fPA32_A5_A5_fPfS1_E7in_tile_4_3_0_load_23' <Predicate = true> <Delay = 1.23> <CoreInst = "RAM">   --->   Core 83 'RAM' <Latency = 1> <II = 1> <Delay = 1.23> <Storage> <Opcode : 'load' 'store'> <Ports = 2> <Width = 32> <Depth = 64> <RAM>
ST_23 : Operation 1985 [2/2] (1.23ns)   --->   "%p_ZZ5conv3PA255_A255_fPA32_A5_A5_fPfS1_E7in_tile_4_4_0_load_23 = load i6 %p_ZZ5conv3PA255_A255_fPA32_A5_A5_fPfS1_E7in_tile_4_4_0_addr_23" [src/conv3.cpp:86]   --->   Operation 1985 'load' 'p_ZZ5conv3PA255_A255_fPA32_A5_A5_fPfS1_E7in_tile_4_4_0_load_23' <Predicate = true> <Delay = 1.23> <CoreInst = "RAM">   --->   Core 83 'RAM' <Latency = 1> <II = 1> <Delay = 1.23> <Storage> <Opcode : 'load' 'store'> <Ports = 2> <Width = 32> <Depth = 64> <RAM>
ST_23 : Operation 1986 [2/2] (1.23ns)   --->   "%p_ZZ5conv3PA255_A255_fPA32_A5_A5_fPfS1_E7in_tile_0_0_0_load_24 = load i6 %p_ZZ5conv3PA255_A255_fPA32_A5_A5_fPfS1_E7in_tile_0_0_0_addr_24" [src/conv3.cpp:86]   --->   Operation 1986 'load' 'p_ZZ5conv3PA255_A255_fPA32_A5_A5_fPfS1_E7in_tile_0_0_0_load_24' <Predicate = true> <Delay = 1.23> <CoreInst = "RAM">   --->   Core 83 'RAM' <Latency = 1> <II = 1> <Delay = 1.23> <Storage> <Opcode : 'load' 'store'> <Ports = 2> <Width = 32> <Depth = 64> <RAM>
ST_23 : Operation 1987 [2/2] (1.23ns)   --->   "%p_ZZ5conv3PA255_A255_fPA32_A5_A5_fPfS1_E7in_tile_0_1_0_load_24 = load i6 %p_ZZ5conv3PA255_A255_fPA32_A5_A5_fPfS1_E7in_tile_0_1_0_addr_24" [src/conv3.cpp:86]   --->   Operation 1987 'load' 'p_ZZ5conv3PA255_A255_fPA32_A5_A5_fPfS1_E7in_tile_0_1_0_load_24' <Predicate = true> <Delay = 1.23> <CoreInst = "RAM">   --->   Core 83 'RAM' <Latency = 1> <II = 1> <Delay = 1.23> <Storage> <Opcode : 'load' 'store'> <Ports = 2> <Width = 32> <Depth = 64> <RAM>
ST_23 : Operation 1988 [2/2] (1.23ns)   --->   "%p_ZZ5conv3PA255_A255_fPA32_A5_A5_fPfS1_E7in_tile_0_2_0_load_24 = load i6 %p_ZZ5conv3PA255_A255_fPA32_A5_A5_fPfS1_E7in_tile_0_2_0_addr_24" [src/conv3.cpp:86]   --->   Operation 1988 'load' 'p_ZZ5conv3PA255_A255_fPA32_A5_A5_fPfS1_E7in_tile_0_2_0_load_24' <Predicate = true> <Delay = 1.23> <CoreInst = "RAM">   --->   Core 83 'RAM' <Latency = 1> <II = 1> <Delay = 1.23> <Storage> <Opcode : 'load' 'store'> <Ports = 2> <Width = 32> <Depth = 64> <RAM>
ST_23 : Operation 1989 [2/2] (1.23ns)   --->   "%p_ZZ5conv3PA255_A255_fPA32_A5_A5_fPfS1_E7in_tile_0_3_0_load_24 = load i6 %p_ZZ5conv3PA255_A255_fPA32_A5_A5_fPfS1_E7in_tile_0_3_0_addr_24" [src/conv3.cpp:86]   --->   Operation 1989 'load' 'p_ZZ5conv3PA255_A255_fPA32_A5_A5_fPfS1_E7in_tile_0_3_0_load_24' <Predicate = true> <Delay = 1.23> <CoreInst = "RAM">   --->   Core 83 'RAM' <Latency = 1> <II = 1> <Delay = 1.23> <Storage> <Opcode : 'load' 'store'> <Ports = 2> <Width = 32> <Depth = 64> <RAM>
ST_23 : Operation 1990 [2/2] (1.23ns)   --->   "%p_ZZ5conv3PA255_A255_fPA32_A5_A5_fPfS1_E7in_tile_0_4_0_load_24 = load i6 %p_ZZ5conv3PA255_A255_fPA32_A5_A5_fPfS1_E7in_tile_0_4_0_addr_24" [src/conv3.cpp:86]   --->   Operation 1990 'load' 'p_ZZ5conv3PA255_A255_fPA32_A5_A5_fPfS1_E7in_tile_0_4_0_load_24' <Predicate = true> <Delay = 1.23> <CoreInst = "RAM">   --->   Core 83 'RAM' <Latency = 1> <II = 1> <Delay = 1.23> <Storage> <Opcode : 'load' 'store'> <Ports = 2> <Width = 32> <Depth = 64> <RAM>
ST_23 : Operation 1991 [2/2] (1.23ns)   --->   "%p_ZZ5conv3PA255_A255_fPA32_A5_A5_fPfS1_E7in_tile_1_0_0_load_24 = load i6 %p_ZZ5conv3PA255_A255_fPA32_A5_A5_fPfS1_E7in_tile_1_0_0_addr_24" [src/conv3.cpp:86]   --->   Operation 1991 'load' 'p_ZZ5conv3PA255_A255_fPA32_A5_A5_fPfS1_E7in_tile_1_0_0_load_24' <Predicate = true> <Delay = 1.23> <CoreInst = "RAM">   --->   Core 83 'RAM' <Latency = 1> <II = 1> <Delay = 1.23> <Storage> <Opcode : 'load' 'store'> <Ports = 2> <Width = 32> <Depth = 64> <RAM>
ST_23 : Operation 1992 [2/2] (1.23ns)   --->   "%p_ZZ5conv3PA255_A255_fPA32_A5_A5_fPfS1_E7in_tile_1_1_0_load_24 = load i6 %p_ZZ5conv3PA255_A255_fPA32_A5_A5_fPfS1_E7in_tile_1_1_0_addr_24" [src/conv3.cpp:86]   --->   Operation 1992 'load' 'p_ZZ5conv3PA255_A255_fPA32_A5_A5_fPfS1_E7in_tile_1_1_0_load_24' <Predicate = true> <Delay = 1.23> <CoreInst = "RAM">   --->   Core 83 'RAM' <Latency = 1> <II = 1> <Delay = 1.23> <Storage> <Opcode : 'load' 'store'> <Ports = 2> <Width = 32> <Depth = 64> <RAM>
ST_23 : Operation 1993 [2/2] (1.23ns)   --->   "%p_ZZ5conv3PA255_A255_fPA32_A5_A5_fPfS1_E7in_tile_1_2_0_load_24 = load i6 %p_ZZ5conv3PA255_A255_fPA32_A5_A5_fPfS1_E7in_tile_1_2_0_addr_24" [src/conv3.cpp:86]   --->   Operation 1993 'load' 'p_ZZ5conv3PA255_A255_fPA32_A5_A5_fPfS1_E7in_tile_1_2_0_load_24' <Predicate = true> <Delay = 1.23> <CoreInst = "RAM">   --->   Core 83 'RAM' <Latency = 1> <II = 1> <Delay = 1.23> <Storage> <Opcode : 'load' 'store'> <Ports = 2> <Width = 32> <Depth = 64> <RAM>
ST_23 : Operation 1994 [2/2] (1.23ns)   --->   "%p_ZZ5conv3PA255_A255_fPA32_A5_A5_fPfS1_E7in_tile_1_3_0_load_24 = load i6 %p_ZZ5conv3PA255_A255_fPA32_A5_A5_fPfS1_E7in_tile_1_3_0_addr_24" [src/conv3.cpp:86]   --->   Operation 1994 'load' 'p_ZZ5conv3PA255_A255_fPA32_A5_A5_fPfS1_E7in_tile_1_3_0_load_24' <Predicate = true> <Delay = 1.23> <CoreInst = "RAM">   --->   Core 83 'RAM' <Latency = 1> <II = 1> <Delay = 1.23> <Storage> <Opcode : 'load' 'store'> <Ports = 2> <Width = 32> <Depth = 64> <RAM>
ST_23 : Operation 1995 [2/2] (1.23ns)   --->   "%p_ZZ5conv3PA255_A255_fPA32_A5_A5_fPfS1_E7in_tile_1_4_0_load_24 = load i6 %p_ZZ5conv3PA255_A255_fPA32_A5_A5_fPfS1_E7in_tile_1_4_0_addr_24" [src/conv3.cpp:86]   --->   Operation 1995 'load' 'p_ZZ5conv3PA255_A255_fPA32_A5_A5_fPfS1_E7in_tile_1_4_0_load_24' <Predicate = true> <Delay = 1.23> <CoreInst = "RAM">   --->   Core 83 'RAM' <Latency = 1> <II = 1> <Delay = 1.23> <Storage> <Opcode : 'load' 'store'> <Ports = 2> <Width = 32> <Depth = 64> <RAM>
ST_23 : Operation 1996 [2/2] (1.23ns)   --->   "%p_ZZ5conv3PA255_A255_fPA32_A5_A5_fPfS1_E7in_tile_2_0_0_load_24 = load i6 %p_ZZ5conv3PA255_A255_fPA32_A5_A5_fPfS1_E7in_tile_2_0_0_addr_24" [src/conv3.cpp:86]   --->   Operation 1996 'load' 'p_ZZ5conv3PA255_A255_fPA32_A5_A5_fPfS1_E7in_tile_2_0_0_load_24' <Predicate = true> <Delay = 1.23> <CoreInst = "RAM">   --->   Core 83 'RAM' <Latency = 1> <II = 1> <Delay = 1.23> <Storage> <Opcode : 'load' 'store'> <Ports = 2> <Width = 32> <Depth = 64> <RAM>
ST_23 : Operation 1997 [2/2] (1.23ns)   --->   "%p_ZZ5conv3PA255_A255_fPA32_A5_A5_fPfS1_E7in_tile_2_1_0_load_24 = load i6 %p_ZZ5conv3PA255_A255_fPA32_A5_A5_fPfS1_E7in_tile_2_1_0_addr_24" [src/conv3.cpp:86]   --->   Operation 1997 'load' 'p_ZZ5conv3PA255_A255_fPA32_A5_A5_fPfS1_E7in_tile_2_1_0_load_24' <Predicate = true> <Delay = 1.23> <CoreInst = "RAM">   --->   Core 83 'RAM' <Latency = 1> <II = 1> <Delay = 1.23> <Storage> <Opcode : 'load' 'store'> <Ports = 2> <Width = 32> <Depth = 64> <RAM>
ST_23 : Operation 1998 [2/2] (1.23ns)   --->   "%p_ZZ5conv3PA255_A255_fPA32_A5_A5_fPfS1_E7in_tile_2_2_0_load_24 = load i6 %p_ZZ5conv3PA255_A255_fPA32_A5_A5_fPfS1_E7in_tile_2_2_0_addr_24" [src/conv3.cpp:86]   --->   Operation 1998 'load' 'p_ZZ5conv3PA255_A255_fPA32_A5_A5_fPfS1_E7in_tile_2_2_0_load_24' <Predicate = true> <Delay = 1.23> <CoreInst = "RAM">   --->   Core 83 'RAM' <Latency = 1> <II = 1> <Delay = 1.23> <Storage> <Opcode : 'load' 'store'> <Ports = 2> <Width = 32> <Depth = 64> <RAM>
ST_23 : Operation 1999 [2/2] (1.23ns)   --->   "%p_ZZ5conv3PA255_A255_fPA32_A5_A5_fPfS1_E7in_tile_2_3_0_load_24 = load i6 %p_ZZ5conv3PA255_A255_fPA32_A5_A5_fPfS1_E7in_tile_2_3_0_addr_24" [src/conv3.cpp:86]   --->   Operation 1999 'load' 'p_ZZ5conv3PA255_A255_fPA32_A5_A5_fPfS1_E7in_tile_2_3_0_load_24' <Predicate = true> <Delay = 1.23> <CoreInst = "RAM">   --->   Core 83 'RAM' <Latency = 1> <II = 1> <Delay = 1.23> <Storage> <Opcode : 'load' 'store'> <Ports = 2> <Width = 32> <Depth = 64> <RAM>
ST_23 : Operation 2000 [2/2] (1.23ns)   --->   "%p_ZZ5conv3PA255_A255_fPA32_A5_A5_fPfS1_E7in_tile_2_4_0_load_24 = load i6 %p_ZZ5conv3PA255_A255_fPA32_A5_A5_fPfS1_E7in_tile_2_4_0_addr_24" [src/conv3.cpp:86]   --->   Operation 2000 'load' 'p_ZZ5conv3PA255_A255_fPA32_A5_A5_fPfS1_E7in_tile_2_4_0_load_24' <Predicate = true> <Delay = 1.23> <CoreInst = "RAM">   --->   Core 83 'RAM' <Latency = 1> <II = 1> <Delay = 1.23> <Storage> <Opcode : 'load' 'store'> <Ports = 2> <Width = 32> <Depth = 64> <RAM>
ST_23 : Operation 2001 [2/2] (1.23ns)   --->   "%p_ZZ5conv3PA255_A255_fPA32_A5_A5_fPfS1_E7in_tile_3_0_0_load_24 = load i6 %p_ZZ5conv3PA255_A255_fPA32_A5_A5_fPfS1_E7in_tile_3_0_0_addr_24" [src/conv3.cpp:86]   --->   Operation 2001 'load' 'p_ZZ5conv3PA255_A255_fPA32_A5_A5_fPfS1_E7in_tile_3_0_0_load_24' <Predicate = true> <Delay = 1.23> <CoreInst = "RAM">   --->   Core 83 'RAM' <Latency = 1> <II = 1> <Delay = 1.23> <Storage> <Opcode : 'load' 'store'> <Ports = 2> <Width = 32> <Depth = 64> <RAM>
ST_23 : Operation 2002 [2/2] (1.23ns)   --->   "%p_ZZ5conv3PA255_A255_fPA32_A5_A5_fPfS1_E7in_tile_3_1_0_load_24 = load i6 %p_ZZ5conv3PA255_A255_fPA32_A5_A5_fPfS1_E7in_tile_3_1_0_addr_24" [src/conv3.cpp:86]   --->   Operation 2002 'load' 'p_ZZ5conv3PA255_A255_fPA32_A5_A5_fPfS1_E7in_tile_3_1_0_load_24' <Predicate = true> <Delay = 1.23> <CoreInst = "RAM">   --->   Core 83 'RAM' <Latency = 1> <II = 1> <Delay = 1.23> <Storage> <Opcode : 'load' 'store'> <Ports = 2> <Width = 32> <Depth = 64> <RAM>
ST_23 : Operation 2003 [2/2] (1.23ns)   --->   "%p_ZZ5conv3PA255_A255_fPA32_A5_A5_fPfS1_E7in_tile_3_2_0_load_24 = load i6 %p_ZZ5conv3PA255_A255_fPA32_A5_A5_fPfS1_E7in_tile_3_2_0_addr_24" [src/conv3.cpp:86]   --->   Operation 2003 'load' 'p_ZZ5conv3PA255_A255_fPA32_A5_A5_fPfS1_E7in_tile_3_2_0_load_24' <Predicate = true> <Delay = 1.23> <CoreInst = "RAM">   --->   Core 83 'RAM' <Latency = 1> <II = 1> <Delay = 1.23> <Storage> <Opcode : 'load' 'store'> <Ports = 2> <Width = 32> <Depth = 64> <RAM>
ST_23 : Operation 2004 [2/2] (1.23ns)   --->   "%p_ZZ5conv3PA255_A255_fPA32_A5_A5_fPfS1_E7in_tile_3_3_0_load_24 = load i6 %p_ZZ5conv3PA255_A255_fPA32_A5_A5_fPfS1_E7in_tile_3_3_0_addr_24" [src/conv3.cpp:86]   --->   Operation 2004 'load' 'p_ZZ5conv3PA255_A255_fPA32_A5_A5_fPfS1_E7in_tile_3_3_0_load_24' <Predicate = true> <Delay = 1.23> <CoreInst = "RAM">   --->   Core 83 'RAM' <Latency = 1> <II = 1> <Delay = 1.23> <Storage> <Opcode : 'load' 'store'> <Ports = 2> <Width = 32> <Depth = 64> <RAM>
ST_23 : Operation 2005 [2/2] (1.23ns)   --->   "%p_ZZ5conv3PA255_A255_fPA32_A5_A5_fPfS1_E7in_tile_3_4_0_load_24 = load i6 %p_ZZ5conv3PA255_A255_fPA32_A5_A5_fPfS1_E7in_tile_3_4_0_addr_24" [src/conv3.cpp:86]   --->   Operation 2005 'load' 'p_ZZ5conv3PA255_A255_fPA32_A5_A5_fPfS1_E7in_tile_3_4_0_load_24' <Predicate = true> <Delay = 1.23> <CoreInst = "RAM">   --->   Core 83 'RAM' <Latency = 1> <II = 1> <Delay = 1.23> <Storage> <Opcode : 'load' 'store'> <Ports = 2> <Width = 32> <Depth = 64> <RAM>
ST_23 : Operation 2006 [2/2] (1.23ns)   --->   "%p_ZZ5conv3PA255_A255_fPA32_A5_A5_fPfS1_E7in_tile_4_0_0_load_24 = load i6 %p_ZZ5conv3PA255_A255_fPA32_A5_A5_fPfS1_E7in_tile_4_0_0_addr_24" [src/conv3.cpp:86]   --->   Operation 2006 'load' 'p_ZZ5conv3PA255_A255_fPA32_A5_A5_fPfS1_E7in_tile_4_0_0_load_24' <Predicate = true> <Delay = 1.23> <CoreInst = "RAM">   --->   Core 83 'RAM' <Latency = 1> <II = 1> <Delay = 1.23> <Storage> <Opcode : 'load' 'store'> <Ports = 2> <Width = 32> <Depth = 64> <RAM>
ST_23 : Operation 2007 [2/2] (1.23ns)   --->   "%p_ZZ5conv3PA255_A255_fPA32_A5_A5_fPfS1_E7in_tile_4_1_0_load_24 = load i6 %p_ZZ5conv3PA255_A255_fPA32_A5_A5_fPfS1_E7in_tile_4_1_0_addr_24" [src/conv3.cpp:86]   --->   Operation 2007 'load' 'p_ZZ5conv3PA255_A255_fPA32_A5_A5_fPfS1_E7in_tile_4_1_0_load_24' <Predicate = true> <Delay = 1.23> <CoreInst = "RAM">   --->   Core 83 'RAM' <Latency = 1> <II = 1> <Delay = 1.23> <Storage> <Opcode : 'load' 'store'> <Ports = 2> <Width = 32> <Depth = 64> <RAM>
ST_23 : Operation 2008 [2/2] (1.23ns)   --->   "%p_ZZ5conv3PA255_A255_fPA32_A5_A5_fPfS1_E7in_tile_4_2_0_load_24 = load i6 %p_ZZ5conv3PA255_A255_fPA32_A5_A5_fPfS1_E7in_tile_4_2_0_addr_24" [src/conv3.cpp:86]   --->   Operation 2008 'load' 'p_ZZ5conv3PA255_A255_fPA32_A5_A5_fPfS1_E7in_tile_4_2_0_load_24' <Predicate = true> <Delay = 1.23> <CoreInst = "RAM">   --->   Core 83 'RAM' <Latency = 1> <II = 1> <Delay = 1.23> <Storage> <Opcode : 'load' 'store'> <Ports = 2> <Width = 32> <Depth = 64> <RAM>
ST_23 : Operation 2009 [2/2] (1.23ns)   --->   "%p_ZZ5conv3PA255_A255_fPA32_A5_A5_fPfS1_E7in_tile_4_3_0_load_24 = load i6 %p_ZZ5conv3PA255_A255_fPA32_A5_A5_fPfS1_E7in_tile_4_3_0_addr_24" [src/conv3.cpp:86]   --->   Operation 2009 'load' 'p_ZZ5conv3PA255_A255_fPA32_A5_A5_fPfS1_E7in_tile_4_3_0_load_24' <Predicate = true> <Delay = 1.23> <CoreInst = "RAM">   --->   Core 83 'RAM' <Latency = 1> <II = 1> <Delay = 1.23> <Storage> <Opcode : 'load' 'store'> <Ports = 2> <Width = 32> <Depth = 64> <RAM>
ST_23 : Operation 2010 [2/2] (1.23ns)   --->   "%p_ZZ5conv3PA255_A255_fPA32_A5_A5_fPfS1_E7in_tile_4_4_0_load_24 = load i6 %p_ZZ5conv3PA255_A255_fPA32_A5_A5_fPfS1_E7in_tile_4_4_0_addr_24" [src/conv3.cpp:86]   --->   Operation 2010 'load' 'p_ZZ5conv3PA255_A255_fPA32_A5_A5_fPfS1_E7in_tile_4_4_0_load_24' <Predicate = true> <Delay = 1.23> <CoreInst = "RAM">   --->   Core 83 'RAM' <Latency = 1> <II = 1> <Delay = 1.23> <Storage> <Opcode : 'load' 'store'> <Ports = 2> <Width = 32> <Depth = 64> <RAM>

State 24 <SV = 23> <Delay = 1.23>
ST_24 : Operation 2011 [1/2] (1.23ns)   --->   "%p_ZZ5conv3PA255_A255_fPA32_A5_A5_fPfS1_E7in_tile_0_0_0_load_23 = load i6 %p_ZZ5conv3PA255_A255_fPA32_A5_A5_fPfS1_E7in_tile_0_0_0_addr_23" [src/conv3.cpp:86]   --->   Operation 2011 'load' 'p_ZZ5conv3PA255_A255_fPA32_A5_A5_fPfS1_E7in_tile_0_0_0_load_23' <Predicate = true> <Delay = 1.23> <CoreInst = "RAM">   --->   Core 83 'RAM' <Latency = 1> <II = 1> <Delay = 1.23> <Storage> <Opcode : 'load' 'store'> <Ports = 2> <Width = 32> <Depth = 64> <RAM>
ST_24 : Operation 2012 [1/2] (1.23ns)   --->   "%p_ZZ5conv3PA255_A255_fPA32_A5_A5_fPfS1_E7in_tile_0_1_0_load_23 = load i6 %p_ZZ5conv3PA255_A255_fPA32_A5_A5_fPfS1_E7in_tile_0_1_0_addr_23" [src/conv3.cpp:86]   --->   Operation 2012 'load' 'p_ZZ5conv3PA255_A255_fPA32_A5_A5_fPfS1_E7in_tile_0_1_0_load_23' <Predicate = true> <Delay = 1.23> <CoreInst = "RAM">   --->   Core 83 'RAM' <Latency = 1> <II = 1> <Delay = 1.23> <Storage> <Opcode : 'load' 'store'> <Ports = 2> <Width = 32> <Depth = 64> <RAM>
ST_24 : Operation 2013 [1/2] (1.23ns)   --->   "%p_ZZ5conv3PA255_A255_fPA32_A5_A5_fPfS1_E7in_tile_0_2_0_load_23 = load i6 %p_ZZ5conv3PA255_A255_fPA32_A5_A5_fPfS1_E7in_tile_0_2_0_addr_23" [src/conv3.cpp:86]   --->   Operation 2013 'load' 'p_ZZ5conv3PA255_A255_fPA32_A5_A5_fPfS1_E7in_tile_0_2_0_load_23' <Predicate = true> <Delay = 1.23> <CoreInst = "RAM">   --->   Core 83 'RAM' <Latency = 1> <II = 1> <Delay = 1.23> <Storage> <Opcode : 'load' 'store'> <Ports = 2> <Width = 32> <Depth = 64> <RAM>
ST_24 : Operation 2014 [1/2] (1.23ns)   --->   "%p_ZZ5conv3PA255_A255_fPA32_A5_A5_fPfS1_E7in_tile_0_3_0_load_23 = load i6 %p_ZZ5conv3PA255_A255_fPA32_A5_A5_fPfS1_E7in_tile_0_3_0_addr_23" [src/conv3.cpp:86]   --->   Operation 2014 'load' 'p_ZZ5conv3PA255_A255_fPA32_A5_A5_fPfS1_E7in_tile_0_3_0_load_23' <Predicate = true> <Delay = 1.23> <CoreInst = "RAM">   --->   Core 83 'RAM' <Latency = 1> <II = 1> <Delay = 1.23> <Storage> <Opcode : 'load' 'store'> <Ports = 2> <Width = 32> <Depth = 64> <RAM>
ST_24 : Operation 2015 [1/2] (1.23ns)   --->   "%p_ZZ5conv3PA255_A255_fPA32_A5_A5_fPfS1_E7in_tile_0_4_0_load_23 = load i6 %p_ZZ5conv3PA255_A255_fPA32_A5_A5_fPfS1_E7in_tile_0_4_0_addr_23" [src/conv3.cpp:86]   --->   Operation 2015 'load' 'p_ZZ5conv3PA255_A255_fPA32_A5_A5_fPfS1_E7in_tile_0_4_0_load_23' <Predicate = true> <Delay = 1.23> <CoreInst = "RAM">   --->   Core 83 'RAM' <Latency = 1> <II = 1> <Delay = 1.23> <Storage> <Opcode : 'load' 'store'> <Ports = 2> <Width = 32> <Depth = 64> <RAM>
ST_24 : Operation 2016 [1/2] (1.23ns)   --->   "%p_ZZ5conv3PA255_A255_fPA32_A5_A5_fPfS1_E7in_tile_1_0_0_load_23 = load i6 %p_ZZ5conv3PA255_A255_fPA32_A5_A5_fPfS1_E7in_tile_1_0_0_addr_23" [src/conv3.cpp:86]   --->   Operation 2016 'load' 'p_ZZ5conv3PA255_A255_fPA32_A5_A5_fPfS1_E7in_tile_1_0_0_load_23' <Predicate = true> <Delay = 1.23> <CoreInst = "RAM">   --->   Core 83 'RAM' <Latency = 1> <II = 1> <Delay = 1.23> <Storage> <Opcode : 'load' 'store'> <Ports = 2> <Width = 32> <Depth = 64> <RAM>
ST_24 : Operation 2017 [1/2] (1.23ns)   --->   "%p_ZZ5conv3PA255_A255_fPA32_A5_A5_fPfS1_E7in_tile_1_1_0_load_23 = load i6 %p_ZZ5conv3PA255_A255_fPA32_A5_A5_fPfS1_E7in_tile_1_1_0_addr_23" [src/conv3.cpp:86]   --->   Operation 2017 'load' 'p_ZZ5conv3PA255_A255_fPA32_A5_A5_fPfS1_E7in_tile_1_1_0_load_23' <Predicate = true> <Delay = 1.23> <CoreInst = "RAM">   --->   Core 83 'RAM' <Latency = 1> <II = 1> <Delay = 1.23> <Storage> <Opcode : 'load' 'store'> <Ports = 2> <Width = 32> <Depth = 64> <RAM>
ST_24 : Operation 2018 [1/2] (1.23ns)   --->   "%p_ZZ5conv3PA255_A255_fPA32_A5_A5_fPfS1_E7in_tile_1_2_0_load_23 = load i6 %p_ZZ5conv3PA255_A255_fPA32_A5_A5_fPfS1_E7in_tile_1_2_0_addr_23" [src/conv3.cpp:86]   --->   Operation 2018 'load' 'p_ZZ5conv3PA255_A255_fPA32_A5_A5_fPfS1_E7in_tile_1_2_0_load_23' <Predicate = true> <Delay = 1.23> <CoreInst = "RAM">   --->   Core 83 'RAM' <Latency = 1> <II = 1> <Delay = 1.23> <Storage> <Opcode : 'load' 'store'> <Ports = 2> <Width = 32> <Depth = 64> <RAM>
ST_24 : Operation 2019 [1/2] (1.23ns)   --->   "%p_ZZ5conv3PA255_A255_fPA32_A5_A5_fPfS1_E7in_tile_1_3_0_load_23 = load i6 %p_ZZ5conv3PA255_A255_fPA32_A5_A5_fPfS1_E7in_tile_1_3_0_addr_23" [src/conv3.cpp:86]   --->   Operation 2019 'load' 'p_ZZ5conv3PA255_A255_fPA32_A5_A5_fPfS1_E7in_tile_1_3_0_load_23' <Predicate = true> <Delay = 1.23> <CoreInst = "RAM">   --->   Core 83 'RAM' <Latency = 1> <II = 1> <Delay = 1.23> <Storage> <Opcode : 'load' 'store'> <Ports = 2> <Width = 32> <Depth = 64> <RAM>
ST_24 : Operation 2020 [1/2] (1.23ns)   --->   "%p_ZZ5conv3PA255_A255_fPA32_A5_A5_fPfS1_E7in_tile_1_4_0_load_23 = load i6 %p_ZZ5conv3PA255_A255_fPA32_A5_A5_fPfS1_E7in_tile_1_4_0_addr_23" [src/conv3.cpp:86]   --->   Operation 2020 'load' 'p_ZZ5conv3PA255_A255_fPA32_A5_A5_fPfS1_E7in_tile_1_4_0_load_23' <Predicate = true> <Delay = 1.23> <CoreInst = "RAM">   --->   Core 83 'RAM' <Latency = 1> <II = 1> <Delay = 1.23> <Storage> <Opcode : 'load' 'store'> <Ports = 2> <Width = 32> <Depth = 64> <RAM>
ST_24 : Operation 2021 [1/2] (1.23ns)   --->   "%p_ZZ5conv3PA255_A255_fPA32_A5_A5_fPfS1_E7in_tile_2_0_0_load_23 = load i6 %p_ZZ5conv3PA255_A255_fPA32_A5_A5_fPfS1_E7in_tile_2_0_0_addr_23" [src/conv3.cpp:86]   --->   Operation 2021 'load' 'p_ZZ5conv3PA255_A255_fPA32_A5_A5_fPfS1_E7in_tile_2_0_0_load_23' <Predicate = true> <Delay = 1.23> <CoreInst = "RAM">   --->   Core 83 'RAM' <Latency = 1> <II = 1> <Delay = 1.23> <Storage> <Opcode : 'load' 'store'> <Ports = 2> <Width = 32> <Depth = 64> <RAM>
ST_24 : Operation 2022 [1/2] (1.23ns)   --->   "%p_ZZ5conv3PA255_A255_fPA32_A5_A5_fPfS1_E7in_tile_2_1_0_load_23 = load i6 %p_ZZ5conv3PA255_A255_fPA32_A5_A5_fPfS1_E7in_tile_2_1_0_addr_23" [src/conv3.cpp:86]   --->   Operation 2022 'load' 'p_ZZ5conv3PA255_A255_fPA32_A5_A5_fPfS1_E7in_tile_2_1_0_load_23' <Predicate = true> <Delay = 1.23> <CoreInst = "RAM">   --->   Core 83 'RAM' <Latency = 1> <II = 1> <Delay = 1.23> <Storage> <Opcode : 'load' 'store'> <Ports = 2> <Width = 32> <Depth = 64> <RAM>
ST_24 : Operation 2023 [1/2] (1.23ns)   --->   "%p_ZZ5conv3PA255_A255_fPA32_A5_A5_fPfS1_E7in_tile_2_2_0_load_23 = load i6 %p_ZZ5conv3PA255_A255_fPA32_A5_A5_fPfS1_E7in_tile_2_2_0_addr_23" [src/conv3.cpp:86]   --->   Operation 2023 'load' 'p_ZZ5conv3PA255_A255_fPA32_A5_A5_fPfS1_E7in_tile_2_2_0_load_23' <Predicate = true> <Delay = 1.23> <CoreInst = "RAM">   --->   Core 83 'RAM' <Latency = 1> <II = 1> <Delay = 1.23> <Storage> <Opcode : 'load' 'store'> <Ports = 2> <Width = 32> <Depth = 64> <RAM>
ST_24 : Operation 2024 [1/2] (1.23ns)   --->   "%p_ZZ5conv3PA255_A255_fPA32_A5_A5_fPfS1_E7in_tile_2_3_0_load_23 = load i6 %p_ZZ5conv3PA255_A255_fPA32_A5_A5_fPfS1_E7in_tile_2_3_0_addr_23" [src/conv3.cpp:86]   --->   Operation 2024 'load' 'p_ZZ5conv3PA255_A255_fPA32_A5_A5_fPfS1_E7in_tile_2_3_0_load_23' <Predicate = true> <Delay = 1.23> <CoreInst = "RAM">   --->   Core 83 'RAM' <Latency = 1> <II = 1> <Delay = 1.23> <Storage> <Opcode : 'load' 'store'> <Ports = 2> <Width = 32> <Depth = 64> <RAM>
ST_24 : Operation 2025 [1/2] (1.23ns)   --->   "%p_ZZ5conv3PA255_A255_fPA32_A5_A5_fPfS1_E7in_tile_2_4_0_load_23 = load i6 %p_ZZ5conv3PA255_A255_fPA32_A5_A5_fPfS1_E7in_tile_2_4_0_addr_23" [src/conv3.cpp:86]   --->   Operation 2025 'load' 'p_ZZ5conv3PA255_A255_fPA32_A5_A5_fPfS1_E7in_tile_2_4_0_load_23' <Predicate = true> <Delay = 1.23> <CoreInst = "RAM">   --->   Core 83 'RAM' <Latency = 1> <II = 1> <Delay = 1.23> <Storage> <Opcode : 'load' 'store'> <Ports = 2> <Width = 32> <Depth = 64> <RAM>
ST_24 : Operation 2026 [1/2] (1.23ns)   --->   "%p_ZZ5conv3PA255_A255_fPA32_A5_A5_fPfS1_E7in_tile_3_0_0_load_23 = load i6 %p_ZZ5conv3PA255_A255_fPA32_A5_A5_fPfS1_E7in_tile_3_0_0_addr_23" [src/conv3.cpp:86]   --->   Operation 2026 'load' 'p_ZZ5conv3PA255_A255_fPA32_A5_A5_fPfS1_E7in_tile_3_0_0_load_23' <Predicate = true> <Delay = 1.23> <CoreInst = "RAM">   --->   Core 83 'RAM' <Latency = 1> <II = 1> <Delay = 1.23> <Storage> <Opcode : 'load' 'store'> <Ports = 2> <Width = 32> <Depth = 64> <RAM>
ST_24 : Operation 2027 [1/2] (1.23ns)   --->   "%p_ZZ5conv3PA255_A255_fPA32_A5_A5_fPfS1_E7in_tile_3_1_0_load_23 = load i6 %p_ZZ5conv3PA255_A255_fPA32_A5_A5_fPfS1_E7in_tile_3_1_0_addr_23" [src/conv3.cpp:86]   --->   Operation 2027 'load' 'p_ZZ5conv3PA255_A255_fPA32_A5_A5_fPfS1_E7in_tile_3_1_0_load_23' <Predicate = true> <Delay = 1.23> <CoreInst = "RAM">   --->   Core 83 'RAM' <Latency = 1> <II = 1> <Delay = 1.23> <Storage> <Opcode : 'load' 'store'> <Ports = 2> <Width = 32> <Depth = 64> <RAM>
ST_24 : Operation 2028 [1/2] (1.23ns)   --->   "%p_ZZ5conv3PA255_A255_fPA32_A5_A5_fPfS1_E7in_tile_3_2_0_load_23 = load i6 %p_ZZ5conv3PA255_A255_fPA32_A5_A5_fPfS1_E7in_tile_3_2_0_addr_23" [src/conv3.cpp:86]   --->   Operation 2028 'load' 'p_ZZ5conv3PA255_A255_fPA32_A5_A5_fPfS1_E7in_tile_3_2_0_load_23' <Predicate = true> <Delay = 1.23> <CoreInst = "RAM">   --->   Core 83 'RAM' <Latency = 1> <II = 1> <Delay = 1.23> <Storage> <Opcode : 'load' 'store'> <Ports = 2> <Width = 32> <Depth = 64> <RAM>
ST_24 : Operation 2029 [1/2] (1.23ns)   --->   "%p_ZZ5conv3PA255_A255_fPA32_A5_A5_fPfS1_E7in_tile_3_3_0_load_23 = load i6 %p_ZZ5conv3PA255_A255_fPA32_A5_A5_fPfS1_E7in_tile_3_3_0_addr_23" [src/conv3.cpp:86]   --->   Operation 2029 'load' 'p_ZZ5conv3PA255_A255_fPA32_A5_A5_fPfS1_E7in_tile_3_3_0_load_23' <Predicate = true> <Delay = 1.23> <CoreInst = "RAM">   --->   Core 83 'RAM' <Latency = 1> <II = 1> <Delay = 1.23> <Storage> <Opcode : 'load' 'store'> <Ports = 2> <Width = 32> <Depth = 64> <RAM>
ST_24 : Operation 2030 [1/2] (1.23ns)   --->   "%p_ZZ5conv3PA255_A255_fPA32_A5_A5_fPfS1_E7in_tile_3_4_0_load_23 = load i6 %p_ZZ5conv3PA255_A255_fPA32_A5_A5_fPfS1_E7in_tile_3_4_0_addr_23" [src/conv3.cpp:86]   --->   Operation 2030 'load' 'p_ZZ5conv3PA255_A255_fPA32_A5_A5_fPfS1_E7in_tile_3_4_0_load_23' <Predicate = true> <Delay = 1.23> <CoreInst = "RAM">   --->   Core 83 'RAM' <Latency = 1> <II = 1> <Delay = 1.23> <Storage> <Opcode : 'load' 'store'> <Ports = 2> <Width = 32> <Depth = 64> <RAM>
ST_24 : Operation 2031 [1/2] (1.23ns)   --->   "%p_ZZ5conv3PA255_A255_fPA32_A5_A5_fPfS1_E7in_tile_4_0_0_load_23 = load i6 %p_ZZ5conv3PA255_A255_fPA32_A5_A5_fPfS1_E7in_tile_4_0_0_addr_23" [src/conv3.cpp:86]   --->   Operation 2031 'load' 'p_ZZ5conv3PA255_A255_fPA32_A5_A5_fPfS1_E7in_tile_4_0_0_load_23' <Predicate = true> <Delay = 1.23> <CoreInst = "RAM">   --->   Core 83 'RAM' <Latency = 1> <II = 1> <Delay = 1.23> <Storage> <Opcode : 'load' 'store'> <Ports = 2> <Width = 32> <Depth = 64> <RAM>
ST_24 : Operation 2032 [1/2] (1.23ns)   --->   "%p_ZZ5conv3PA255_A255_fPA32_A5_A5_fPfS1_E7in_tile_4_1_0_load_23 = load i6 %p_ZZ5conv3PA255_A255_fPA32_A5_A5_fPfS1_E7in_tile_4_1_0_addr_23" [src/conv3.cpp:86]   --->   Operation 2032 'load' 'p_ZZ5conv3PA255_A255_fPA32_A5_A5_fPfS1_E7in_tile_4_1_0_load_23' <Predicate = true> <Delay = 1.23> <CoreInst = "RAM">   --->   Core 83 'RAM' <Latency = 1> <II = 1> <Delay = 1.23> <Storage> <Opcode : 'load' 'store'> <Ports = 2> <Width = 32> <Depth = 64> <RAM>
ST_24 : Operation 2033 [1/2] (1.23ns)   --->   "%p_ZZ5conv3PA255_A255_fPA32_A5_A5_fPfS1_E7in_tile_4_2_0_load_23 = load i6 %p_ZZ5conv3PA255_A255_fPA32_A5_A5_fPfS1_E7in_tile_4_2_0_addr_23" [src/conv3.cpp:86]   --->   Operation 2033 'load' 'p_ZZ5conv3PA255_A255_fPA32_A5_A5_fPfS1_E7in_tile_4_2_0_load_23' <Predicate = true> <Delay = 1.23> <CoreInst = "RAM">   --->   Core 83 'RAM' <Latency = 1> <II = 1> <Delay = 1.23> <Storage> <Opcode : 'load' 'store'> <Ports = 2> <Width = 32> <Depth = 64> <RAM>
ST_24 : Operation 2034 [1/2] (1.23ns)   --->   "%p_ZZ5conv3PA255_A255_fPA32_A5_A5_fPfS1_E7in_tile_4_3_0_load_23 = load i6 %p_ZZ5conv3PA255_A255_fPA32_A5_A5_fPfS1_E7in_tile_4_3_0_addr_23" [src/conv3.cpp:86]   --->   Operation 2034 'load' 'p_ZZ5conv3PA255_A255_fPA32_A5_A5_fPfS1_E7in_tile_4_3_0_load_23' <Predicate = true> <Delay = 1.23> <CoreInst = "RAM">   --->   Core 83 'RAM' <Latency = 1> <II = 1> <Delay = 1.23> <Storage> <Opcode : 'load' 'store'> <Ports = 2> <Width = 32> <Depth = 64> <RAM>
ST_24 : Operation 2035 [1/2] (1.23ns)   --->   "%p_ZZ5conv3PA255_A255_fPA32_A5_A5_fPfS1_E7in_tile_4_4_0_load_23 = load i6 %p_ZZ5conv3PA255_A255_fPA32_A5_A5_fPfS1_E7in_tile_4_4_0_addr_23" [src/conv3.cpp:86]   --->   Operation 2035 'load' 'p_ZZ5conv3PA255_A255_fPA32_A5_A5_fPfS1_E7in_tile_4_4_0_load_23' <Predicate = true> <Delay = 1.23> <CoreInst = "RAM">   --->   Core 83 'RAM' <Latency = 1> <II = 1> <Delay = 1.23> <Storage> <Opcode : 'load' 'store'> <Ports = 2> <Width = 32> <Depth = 64> <RAM>
ST_24 : Operation 2036 [1/2] (1.23ns)   --->   "%p_ZZ5conv3PA255_A255_fPA32_A5_A5_fPfS1_E7in_tile_0_0_0_load_24 = load i6 %p_ZZ5conv3PA255_A255_fPA32_A5_A5_fPfS1_E7in_tile_0_0_0_addr_24" [src/conv3.cpp:86]   --->   Operation 2036 'load' 'p_ZZ5conv3PA255_A255_fPA32_A5_A5_fPfS1_E7in_tile_0_0_0_load_24' <Predicate = true> <Delay = 1.23> <CoreInst = "RAM">   --->   Core 83 'RAM' <Latency = 1> <II = 1> <Delay = 1.23> <Storage> <Opcode : 'load' 'store'> <Ports = 2> <Width = 32> <Depth = 64> <RAM>
ST_24 : Operation 2037 [1/2] (1.23ns)   --->   "%p_ZZ5conv3PA255_A255_fPA32_A5_A5_fPfS1_E7in_tile_0_1_0_load_24 = load i6 %p_ZZ5conv3PA255_A255_fPA32_A5_A5_fPfS1_E7in_tile_0_1_0_addr_24" [src/conv3.cpp:86]   --->   Operation 2037 'load' 'p_ZZ5conv3PA255_A255_fPA32_A5_A5_fPfS1_E7in_tile_0_1_0_load_24' <Predicate = true> <Delay = 1.23> <CoreInst = "RAM">   --->   Core 83 'RAM' <Latency = 1> <II = 1> <Delay = 1.23> <Storage> <Opcode : 'load' 'store'> <Ports = 2> <Width = 32> <Depth = 64> <RAM>
ST_24 : Operation 2038 [1/2] (1.23ns)   --->   "%p_ZZ5conv3PA255_A255_fPA32_A5_A5_fPfS1_E7in_tile_0_2_0_load_24 = load i6 %p_ZZ5conv3PA255_A255_fPA32_A5_A5_fPfS1_E7in_tile_0_2_0_addr_24" [src/conv3.cpp:86]   --->   Operation 2038 'load' 'p_ZZ5conv3PA255_A255_fPA32_A5_A5_fPfS1_E7in_tile_0_2_0_load_24' <Predicate = true> <Delay = 1.23> <CoreInst = "RAM">   --->   Core 83 'RAM' <Latency = 1> <II = 1> <Delay = 1.23> <Storage> <Opcode : 'load' 'store'> <Ports = 2> <Width = 32> <Depth = 64> <RAM>
ST_24 : Operation 2039 [1/2] (1.23ns)   --->   "%p_ZZ5conv3PA255_A255_fPA32_A5_A5_fPfS1_E7in_tile_0_3_0_load_24 = load i6 %p_ZZ5conv3PA255_A255_fPA32_A5_A5_fPfS1_E7in_tile_0_3_0_addr_24" [src/conv3.cpp:86]   --->   Operation 2039 'load' 'p_ZZ5conv3PA255_A255_fPA32_A5_A5_fPfS1_E7in_tile_0_3_0_load_24' <Predicate = true> <Delay = 1.23> <CoreInst = "RAM">   --->   Core 83 'RAM' <Latency = 1> <II = 1> <Delay = 1.23> <Storage> <Opcode : 'load' 'store'> <Ports = 2> <Width = 32> <Depth = 64> <RAM>
ST_24 : Operation 2040 [1/2] (1.23ns)   --->   "%p_ZZ5conv3PA255_A255_fPA32_A5_A5_fPfS1_E7in_tile_0_4_0_load_24 = load i6 %p_ZZ5conv3PA255_A255_fPA32_A5_A5_fPfS1_E7in_tile_0_4_0_addr_24" [src/conv3.cpp:86]   --->   Operation 2040 'load' 'p_ZZ5conv3PA255_A255_fPA32_A5_A5_fPfS1_E7in_tile_0_4_0_load_24' <Predicate = true> <Delay = 1.23> <CoreInst = "RAM">   --->   Core 83 'RAM' <Latency = 1> <II = 1> <Delay = 1.23> <Storage> <Opcode : 'load' 'store'> <Ports = 2> <Width = 32> <Depth = 64> <RAM>
ST_24 : Operation 2041 [1/2] (1.23ns)   --->   "%p_ZZ5conv3PA255_A255_fPA32_A5_A5_fPfS1_E7in_tile_1_0_0_load_24 = load i6 %p_ZZ5conv3PA255_A255_fPA32_A5_A5_fPfS1_E7in_tile_1_0_0_addr_24" [src/conv3.cpp:86]   --->   Operation 2041 'load' 'p_ZZ5conv3PA255_A255_fPA32_A5_A5_fPfS1_E7in_tile_1_0_0_load_24' <Predicate = true> <Delay = 1.23> <CoreInst = "RAM">   --->   Core 83 'RAM' <Latency = 1> <II = 1> <Delay = 1.23> <Storage> <Opcode : 'load' 'store'> <Ports = 2> <Width = 32> <Depth = 64> <RAM>
ST_24 : Operation 2042 [1/2] (1.23ns)   --->   "%p_ZZ5conv3PA255_A255_fPA32_A5_A5_fPfS1_E7in_tile_1_1_0_load_24 = load i6 %p_ZZ5conv3PA255_A255_fPA32_A5_A5_fPfS1_E7in_tile_1_1_0_addr_24" [src/conv3.cpp:86]   --->   Operation 2042 'load' 'p_ZZ5conv3PA255_A255_fPA32_A5_A5_fPfS1_E7in_tile_1_1_0_load_24' <Predicate = true> <Delay = 1.23> <CoreInst = "RAM">   --->   Core 83 'RAM' <Latency = 1> <II = 1> <Delay = 1.23> <Storage> <Opcode : 'load' 'store'> <Ports = 2> <Width = 32> <Depth = 64> <RAM>
ST_24 : Operation 2043 [1/2] (1.23ns)   --->   "%p_ZZ5conv3PA255_A255_fPA32_A5_A5_fPfS1_E7in_tile_1_2_0_load_24 = load i6 %p_ZZ5conv3PA255_A255_fPA32_A5_A5_fPfS1_E7in_tile_1_2_0_addr_24" [src/conv3.cpp:86]   --->   Operation 2043 'load' 'p_ZZ5conv3PA255_A255_fPA32_A5_A5_fPfS1_E7in_tile_1_2_0_load_24' <Predicate = true> <Delay = 1.23> <CoreInst = "RAM">   --->   Core 83 'RAM' <Latency = 1> <II = 1> <Delay = 1.23> <Storage> <Opcode : 'load' 'store'> <Ports = 2> <Width = 32> <Depth = 64> <RAM>
ST_24 : Operation 2044 [1/2] (1.23ns)   --->   "%p_ZZ5conv3PA255_A255_fPA32_A5_A5_fPfS1_E7in_tile_1_3_0_load_24 = load i6 %p_ZZ5conv3PA255_A255_fPA32_A5_A5_fPfS1_E7in_tile_1_3_0_addr_24" [src/conv3.cpp:86]   --->   Operation 2044 'load' 'p_ZZ5conv3PA255_A255_fPA32_A5_A5_fPfS1_E7in_tile_1_3_0_load_24' <Predicate = true> <Delay = 1.23> <CoreInst = "RAM">   --->   Core 83 'RAM' <Latency = 1> <II = 1> <Delay = 1.23> <Storage> <Opcode : 'load' 'store'> <Ports = 2> <Width = 32> <Depth = 64> <RAM>
ST_24 : Operation 2045 [1/2] (1.23ns)   --->   "%p_ZZ5conv3PA255_A255_fPA32_A5_A5_fPfS1_E7in_tile_1_4_0_load_24 = load i6 %p_ZZ5conv3PA255_A255_fPA32_A5_A5_fPfS1_E7in_tile_1_4_0_addr_24" [src/conv3.cpp:86]   --->   Operation 2045 'load' 'p_ZZ5conv3PA255_A255_fPA32_A5_A5_fPfS1_E7in_tile_1_4_0_load_24' <Predicate = true> <Delay = 1.23> <CoreInst = "RAM">   --->   Core 83 'RAM' <Latency = 1> <II = 1> <Delay = 1.23> <Storage> <Opcode : 'load' 'store'> <Ports = 2> <Width = 32> <Depth = 64> <RAM>
ST_24 : Operation 2046 [1/2] (1.23ns)   --->   "%p_ZZ5conv3PA255_A255_fPA32_A5_A5_fPfS1_E7in_tile_2_0_0_load_24 = load i6 %p_ZZ5conv3PA255_A255_fPA32_A5_A5_fPfS1_E7in_tile_2_0_0_addr_24" [src/conv3.cpp:86]   --->   Operation 2046 'load' 'p_ZZ5conv3PA255_A255_fPA32_A5_A5_fPfS1_E7in_tile_2_0_0_load_24' <Predicate = true> <Delay = 1.23> <CoreInst = "RAM">   --->   Core 83 'RAM' <Latency = 1> <II = 1> <Delay = 1.23> <Storage> <Opcode : 'load' 'store'> <Ports = 2> <Width = 32> <Depth = 64> <RAM>
ST_24 : Operation 2047 [1/2] (1.23ns)   --->   "%p_ZZ5conv3PA255_A255_fPA32_A5_A5_fPfS1_E7in_tile_2_1_0_load_24 = load i6 %p_ZZ5conv3PA255_A255_fPA32_A5_A5_fPfS1_E7in_tile_2_1_0_addr_24" [src/conv3.cpp:86]   --->   Operation 2047 'load' 'p_ZZ5conv3PA255_A255_fPA32_A5_A5_fPfS1_E7in_tile_2_1_0_load_24' <Predicate = true> <Delay = 1.23> <CoreInst = "RAM">   --->   Core 83 'RAM' <Latency = 1> <II = 1> <Delay = 1.23> <Storage> <Opcode : 'load' 'store'> <Ports = 2> <Width = 32> <Depth = 64> <RAM>
ST_24 : Operation 2048 [1/2] (1.23ns)   --->   "%p_ZZ5conv3PA255_A255_fPA32_A5_A5_fPfS1_E7in_tile_2_2_0_load_24 = load i6 %p_ZZ5conv3PA255_A255_fPA32_A5_A5_fPfS1_E7in_tile_2_2_0_addr_24" [src/conv3.cpp:86]   --->   Operation 2048 'load' 'p_ZZ5conv3PA255_A255_fPA32_A5_A5_fPfS1_E7in_tile_2_2_0_load_24' <Predicate = true> <Delay = 1.23> <CoreInst = "RAM">   --->   Core 83 'RAM' <Latency = 1> <II = 1> <Delay = 1.23> <Storage> <Opcode : 'load' 'store'> <Ports = 2> <Width = 32> <Depth = 64> <RAM>
ST_24 : Operation 2049 [1/2] (1.23ns)   --->   "%p_ZZ5conv3PA255_A255_fPA32_A5_A5_fPfS1_E7in_tile_2_3_0_load_24 = load i6 %p_ZZ5conv3PA255_A255_fPA32_A5_A5_fPfS1_E7in_tile_2_3_0_addr_24" [src/conv3.cpp:86]   --->   Operation 2049 'load' 'p_ZZ5conv3PA255_A255_fPA32_A5_A5_fPfS1_E7in_tile_2_3_0_load_24' <Predicate = true> <Delay = 1.23> <CoreInst = "RAM">   --->   Core 83 'RAM' <Latency = 1> <II = 1> <Delay = 1.23> <Storage> <Opcode : 'load' 'store'> <Ports = 2> <Width = 32> <Depth = 64> <RAM>
ST_24 : Operation 2050 [1/2] (1.23ns)   --->   "%p_ZZ5conv3PA255_A255_fPA32_A5_A5_fPfS1_E7in_tile_2_4_0_load_24 = load i6 %p_ZZ5conv3PA255_A255_fPA32_A5_A5_fPfS1_E7in_tile_2_4_0_addr_24" [src/conv3.cpp:86]   --->   Operation 2050 'load' 'p_ZZ5conv3PA255_A255_fPA32_A5_A5_fPfS1_E7in_tile_2_4_0_load_24' <Predicate = true> <Delay = 1.23> <CoreInst = "RAM">   --->   Core 83 'RAM' <Latency = 1> <II = 1> <Delay = 1.23> <Storage> <Opcode : 'load' 'store'> <Ports = 2> <Width = 32> <Depth = 64> <RAM>
ST_24 : Operation 2051 [1/2] (1.23ns)   --->   "%p_ZZ5conv3PA255_A255_fPA32_A5_A5_fPfS1_E7in_tile_3_0_0_load_24 = load i6 %p_ZZ5conv3PA255_A255_fPA32_A5_A5_fPfS1_E7in_tile_3_0_0_addr_24" [src/conv3.cpp:86]   --->   Operation 2051 'load' 'p_ZZ5conv3PA255_A255_fPA32_A5_A5_fPfS1_E7in_tile_3_0_0_load_24' <Predicate = true> <Delay = 1.23> <CoreInst = "RAM">   --->   Core 83 'RAM' <Latency = 1> <II = 1> <Delay = 1.23> <Storage> <Opcode : 'load' 'store'> <Ports = 2> <Width = 32> <Depth = 64> <RAM>
ST_24 : Operation 2052 [1/2] (1.23ns)   --->   "%p_ZZ5conv3PA255_A255_fPA32_A5_A5_fPfS1_E7in_tile_3_1_0_load_24 = load i6 %p_ZZ5conv3PA255_A255_fPA32_A5_A5_fPfS1_E7in_tile_3_1_0_addr_24" [src/conv3.cpp:86]   --->   Operation 2052 'load' 'p_ZZ5conv3PA255_A255_fPA32_A5_A5_fPfS1_E7in_tile_3_1_0_load_24' <Predicate = true> <Delay = 1.23> <CoreInst = "RAM">   --->   Core 83 'RAM' <Latency = 1> <II = 1> <Delay = 1.23> <Storage> <Opcode : 'load' 'store'> <Ports = 2> <Width = 32> <Depth = 64> <RAM>
ST_24 : Operation 2053 [1/2] (1.23ns)   --->   "%p_ZZ5conv3PA255_A255_fPA32_A5_A5_fPfS1_E7in_tile_3_2_0_load_24 = load i6 %p_ZZ5conv3PA255_A255_fPA32_A5_A5_fPfS1_E7in_tile_3_2_0_addr_24" [src/conv3.cpp:86]   --->   Operation 2053 'load' 'p_ZZ5conv3PA255_A255_fPA32_A5_A5_fPfS1_E7in_tile_3_2_0_load_24' <Predicate = true> <Delay = 1.23> <CoreInst = "RAM">   --->   Core 83 'RAM' <Latency = 1> <II = 1> <Delay = 1.23> <Storage> <Opcode : 'load' 'store'> <Ports = 2> <Width = 32> <Depth = 64> <RAM>
ST_24 : Operation 2054 [1/2] (1.23ns)   --->   "%p_ZZ5conv3PA255_A255_fPA32_A5_A5_fPfS1_E7in_tile_3_3_0_load_24 = load i6 %p_ZZ5conv3PA255_A255_fPA32_A5_A5_fPfS1_E7in_tile_3_3_0_addr_24" [src/conv3.cpp:86]   --->   Operation 2054 'load' 'p_ZZ5conv3PA255_A255_fPA32_A5_A5_fPfS1_E7in_tile_3_3_0_load_24' <Predicate = true> <Delay = 1.23> <CoreInst = "RAM">   --->   Core 83 'RAM' <Latency = 1> <II = 1> <Delay = 1.23> <Storage> <Opcode : 'load' 'store'> <Ports = 2> <Width = 32> <Depth = 64> <RAM>
ST_24 : Operation 2055 [1/2] (1.23ns)   --->   "%p_ZZ5conv3PA255_A255_fPA32_A5_A5_fPfS1_E7in_tile_3_4_0_load_24 = load i6 %p_ZZ5conv3PA255_A255_fPA32_A5_A5_fPfS1_E7in_tile_3_4_0_addr_24" [src/conv3.cpp:86]   --->   Operation 2055 'load' 'p_ZZ5conv3PA255_A255_fPA32_A5_A5_fPfS1_E7in_tile_3_4_0_load_24' <Predicate = true> <Delay = 1.23> <CoreInst = "RAM">   --->   Core 83 'RAM' <Latency = 1> <II = 1> <Delay = 1.23> <Storage> <Opcode : 'load' 'store'> <Ports = 2> <Width = 32> <Depth = 64> <RAM>
ST_24 : Operation 2056 [1/2] (1.23ns)   --->   "%p_ZZ5conv3PA255_A255_fPA32_A5_A5_fPfS1_E7in_tile_4_0_0_load_24 = load i6 %p_ZZ5conv3PA255_A255_fPA32_A5_A5_fPfS1_E7in_tile_4_0_0_addr_24" [src/conv3.cpp:86]   --->   Operation 2056 'load' 'p_ZZ5conv3PA255_A255_fPA32_A5_A5_fPfS1_E7in_tile_4_0_0_load_24' <Predicate = true> <Delay = 1.23> <CoreInst = "RAM">   --->   Core 83 'RAM' <Latency = 1> <II = 1> <Delay = 1.23> <Storage> <Opcode : 'load' 'store'> <Ports = 2> <Width = 32> <Depth = 64> <RAM>
ST_24 : Operation 2057 [1/2] (1.23ns)   --->   "%p_ZZ5conv3PA255_A255_fPA32_A5_A5_fPfS1_E7in_tile_4_1_0_load_24 = load i6 %p_ZZ5conv3PA255_A255_fPA32_A5_A5_fPfS1_E7in_tile_4_1_0_addr_24" [src/conv3.cpp:86]   --->   Operation 2057 'load' 'p_ZZ5conv3PA255_A255_fPA32_A5_A5_fPfS1_E7in_tile_4_1_0_load_24' <Predicate = true> <Delay = 1.23> <CoreInst = "RAM">   --->   Core 83 'RAM' <Latency = 1> <II = 1> <Delay = 1.23> <Storage> <Opcode : 'load' 'store'> <Ports = 2> <Width = 32> <Depth = 64> <RAM>
ST_24 : Operation 2058 [1/2] (1.23ns)   --->   "%p_ZZ5conv3PA255_A255_fPA32_A5_A5_fPfS1_E7in_tile_4_2_0_load_24 = load i6 %p_ZZ5conv3PA255_A255_fPA32_A5_A5_fPfS1_E7in_tile_4_2_0_addr_24" [src/conv3.cpp:86]   --->   Operation 2058 'load' 'p_ZZ5conv3PA255_A255_fPA32_A5_A5_fPfS1_E7in_tile_4_2_0_load_24' <Predicate = true> <Delay = 1.23> <CoreInst = "RAM">   --->   Core 83 'RAM' <Latency = 1> <II = 1> <Delay = 1.23> <Storage> <Opcode : 'load' 'store'> <Ports = 2> <Width = 32> <Depth = 64> <RAM>
ST_24 : Operation 2059 [1/2] (1.23ns)   --->   "%p_ZZ5conv3PA255_A255_fPA32_A5_A5_fPfS1_E7in_tile_4_3_0_load_24 = load i6 %p_ZZ5conv3PA255_A255_fPA32_A5_A5_fPfS1_E7in_tile_4_3_0_addr_24" [src/conv3.cpp:86]   --->   Operation 2059 'load' 'p_ZZ5conv3PA255_A255_fPA32_A5_A5_fPfS1_E7in_tile_4_3_0_load_24' <Predicate = true> <Delay = 1.23> <CoreInst = "RAM">   --->   Core 83 'RAM' <Latency = 1> <II = 1> <Delay = 1.23> <Storage> <Opcode : 'load' 'store'> <Ports = 2> <Width = 32> <Depth = 64> <RAM>
ST_24 : Operation 2060 [1/2] (1.23ns)   --->   "%p_ZZ5conv3PA255_A255_fPA32_A5_A5_fPfS1_E7in_tile_4_4_0_load_24 = load i6 %p_ZZ5conv3PA255_A255_fPA32_A5_A5_fPfS1_E7in_tile_4_4_0_addr_24" [src/conv3.cpp:86]   --->   Operation 2060 'load' 'p_ZZ5conv3PA255_A255_fPA32_A5_A5_fPfS1_E7in_tile_4_4_0_load_24' <Predicate = true> <Delay = 1.23> <CoreInst = "RAM">   --->   Core 83 'RAM' <Latency = 1> <II = 1> <Delay = 1.23> <Storage> <Opcode : 'load' 'store'> <Ports = 2> <Width = 32> <Depth = 64> <RAM>
ST_24 : Operation 2061 [2/2] (0.00ns)   --->   "%call_ln74 = call void @compute_tile_c3_Pipeline_VITIS_LOOP_77_3, i6 %select_ln74_1, i6 %select_ln74, i32 %p_ZZ5conv3PA255_A255_fPA32_A5_A5_fPfS1_E7in_tile_0_0_0_load, i32 %p_ZZ5conv3PA255_A255_fPA32_A5_A5_fPfS1_E7in_tile_0_1_0_load, i32 %p_ZZ5conv3PA255_A255_fPA32_A5_A5_fPfS1_E7in_tile_0_2_0_load, i32 %p_ZZ5conv3PA255_A255_fPA32_A5_A5_fPfS1_E7in_tile_0_3_0_load, i32 %p_ZZ5conv3PA255_A255_fPA32_A5_A5_fPfS1_E7in_tile_0_4_0_load, i3 %trunc_ln75, i32 %p_ZZ5conv3PA255_A255_fPA32_A5_A5_fPfS1_E7in_tile_1_0_0_load, i32 %p_ZZ5conv3PA255_A255_fPA32_A5_A5_fPfS1_E7in_tile_1_1_0_load, i32 %p_ZZ5conv3PA255_A255_fPA32_A5_A5_fPfS1_E7in_tile_1_2_0_load, i32 %p_ZZ5conv3PA255_A255_fPA32_A5_A5_fPfS1_E7in_tile_1_3_0_load, i32 %p_ZZ5conv3PA255_A255_fPA32_A5_A5_fPfS1_E7in_tile_1_4_0_load, i32 %p_ZZ5conv3PA255_A255_fPA32_A5_A5_fPfS1_E7in_tile_2_0_0_load, i32 %p_ZZ5conv3PA255_A255_fPA32_A5_A5_fPfS1_E7in_tile_2_1_0_load, i32 %p_ZZ5conv3PA255_A255_fPA32_A5_A5_fPfS1_E7in_tile_2_2_0_load, i32 %p_ZZ5conv3PA255_A255_fPA32_A5_A5_fPfS1_E7in_tile_2_3_0_load, i32 %p_ZZ5conv3PA255_A255_fPA32_A5_A5_fPfS1_E7in_tile_2_4_0_load, i32 %p_ZZ5conv3PA255_A255_fPA32_A5_A5_fPfS1_E7in_tile_3_0_0_load, i32 %p_ZZ5conv3PA255_A255_fPA32_A5_A5_fPfS1_E7in_tile_3_1_0_load, i32 %p_ZZ5conv3PA255_A255_fPA32_A5_A5_fPfS1_E7in_tile_3_2_0_load, i32 %p_ZZ5conv3PA255_A255_fPA32_A5_A5_fPfS1_E7in_tile_3_3_0_load, i32 %p_ZZ5conv3PA255_A255_fPA32_A5_A5_fPfS1_E7in_tile_3_4_0_load, i32 %p_ZZ5conv3PA255_A255_fPA32_A5_A5_fPfS1_E7in_tile_4_0_0_load, i32 %p_ZZ5conv3PA255_A255_fPA32_A5_A5_fPfS1_E7in_tile_4_1_0_load, i32 %p_ZZ5conv3PA255_A255_fPA32_A5_A5_fPfS1_E7in_tile_4_2_0_load, i32 %p_ZZ5conv3PA255_A255_fPA32_A5_A5_fPfS1_E7in_tile_4_3_0_load, i32 %p_ZZ5conv3PA255_A255_fPA32_A5_A5_fPfS1_E7in_tile_4_4_0_load, i3 %trunc_ln74, i32 %p_ZZ5conv3PA255_A255_fPA32_A5_A5_fPfS1_E7in_tile_0_1_0_load_1, i32 %p_ZZ5conv3PA255_A255_fPA32_A5_A5_fPfS1_E7in_tile_0_2_0_load_1, i32 %p_ZZ5conv3PA255_A255_fPA32_A5_A5_fPfS1_E7in_tile_0_3_0_load_1, i32 %p_ZZ5conv3PA255_A255_fPA32_A5_A5_fPfS1_E7in_tile_0_4_0_load_1, i32 %p_ZZ5conv3PA255_A255_fPA32_A5_A5_fPfS1_E7in_tile_0_0_0_load_1, i32 %p_ZZ5conv3PA255_A255_fPA32_A5_A5_fPfS1_E7in_tile_1_1_0_load_1, i32 %p_ZZ5conv3PA255_A255_fPA32_A5_A5_fPfS1_E7in_tile_1_2_0_load_1, i32 %p_ZZ5conv3PA255_A255_fPA32_A5_A5_fPfS1_E7in_tile_1_3_0_load_1, i32 %p_ZZ5conv3PA255_A255_fPA32_A5_A5_fPfS1_E7in_tile_1_4_0_load_1, i32 %p_ZZ5conv3PA255_A255_fPA32_A5_A5_fPfS1_E7in_tile_1_0_0_load_1, i32 %p_ZZ5conv3PA255_A255_fPA32_A5_A5_fPfS1_E7in_tile_2_1_0_load_1, i32 %p_ZZ5conv3PA255_A255_fPA32_A5_A5_fPfS1_E7in_tile_2_2_0_load_1, i32 %p_ZZ5conv3PA255_A255_fPA32_A5_A5_fPfS1_E7in_tile_2_3_0_load_1, i32 %p_ZZ5conv3PA255_A255_fPA32_A5_A5_fPfS1_E7in_tile_2_4_0_load_1, i32 %p_ZZ5conv3PA255_A255_fPA32_A5_A5_fPfS1_E7in_tile_2_0_0_load_1, i32 %p_ZZ5conv3PA255_A255_fPA32_A5_A5_fPfS1_E7in_tile_3_1_0_load_1, i32 %p_ZZ5conv3PA255_A255_fPA32_A5_A5_fPfS1_E7in_tile_3_2_0_load_1, i32 %p_ZZ5conv3PA255_A255_fPA32_A5_A5_fPfS1_E7in_tile_3_3_0_load_1, i32 %p_ZZ5conv3PA255_A255_fPA32_A5_A5_fPfS1_E7in_tile_3_4_0_load_1, i32 %p_ZZ5conv3PA255_A255_fPA32_A5_A5_fPfS1_E7in_tile_3_0_0_load_1, i32 %p_ZZ5conv3PA255_A255_fPA32_A5_A5_fPfS1_E7in_tile_4_1_0_load_1, i32 %p_ZZ5conv3PA255_A255_fPA32_A5_A5_fPfS1_E7in_tile_4_2_0_load_1, i32 %p_ZZ5conv3PA255_A255_fPA32_A5_A5_fPfS1_E7in_tile_4_3_0_load_1, i32 %p_ZZ5conv3PA255_A255_fPA32_A5_A5_fPfS1_E7in_tile_4_4_0_load_1, i32 %p_ZZ5conv3PA255_A255_fPA32_A5_A5_fPfS1_E7in_tile_4_0_0_load_1, i32 %p_ZZ5conv3PA255_A255_fPA32_A5_A5_fPfS1_E7in_tile_0_2_0_load_2, i32 %p_ZZ5conv3PA255_A255_fPA32_A5_A5_fPfS1_E7in_tile_0_3_0_load_2, i32 %p_ZZ5conv3PA255_A255_fPA32_A5_A5_fPfS1_E7in_tile_0_4_0_load_2, i32 %p_ZZ5conv3PA255_A255_fPA32_A5_A5_fPfS1_E7in_tile_0_0_0_load_2, i32 %p_ZZ5conv3PA255_A255_fPA32_A5_A5_fPfS1_E7in_tile_0_1_0_load_2, i32 %p_ZZ5conv3PA255_A255_fPA32_A5_A5_fPfS1_E7in_tile_1_2_0_load_2, i32 %p_ZZ5conv3PA255_A255_fPA32_A5_A5_fPfS1_E7in_tile_1_3_0_load_2, i32 %p_ZZ5conv3PA255_A255_fPA32_A5_A5_fPfS1_E7in_tile_1_4_0_load_2, i32 %p_ZZ5conv3PA255_A255_fPA32_A5_A5_fPfS1_E7in_tile_1_0_0_load_2, i32 %p_ZZ5conv3PA255_A255_fPA32_A5_A5_fPfS1_E7in_tile_1_1_0_load_2, i32 %p_ZZ5conv3PA255_A255_fPA32_A5_A5_fPfS1_E7in_tile_2_2_0_load_2, i32 %p_ZZ5conv3PA255_A255_fPA32_A5_A5_fPfS1_E7in_tile_2_3_0_load_2, i32 %p_ZZ5conv3PA255_A255_fPA32_A5_A5_fPfS1_E7in_tile_2_4_0_load_2, i32 %p_ZZ5conv3PA255_A255_fPA32_A5_A5_fPfS1_E7in_tile_2_0_0_load_2, i32 %p_ZZ5conv3PA255_A255_fPA32_A5_A5_fPfS1_E7in_tile_2_1_0_load_2, i32 %p_ZZ5conv3PA255_A255_fPA32_A5_A5_fPfS1_E7in_tile_3_2_0_load_2, i32 %p_ZZ5conv3PA255_A255_fPA32_A5_A5_fPfS1_E7in_tile_3_3_0_load_2, i32 %p_ZZ5conv3PA255_A255_fPA32_A5_A5_fPfS1_E7in_tile_3_4_0_load_2, i32 %p_ZZ5conv3PA255_A255_fPA32_A5_A5_fPfS1_E7in_tile_3_0_0_load_2, i32 %p_ZZ5conv3PA255_A255_fPA32_A5_A5_fPfS1_E7in_tile_3_1_0_load_2, i32 %p_ZZ5conv3PA255_A255_fPA32_A5_A5_fPfS1_E7in_tile_4_2_0_load_2, i32 %p_ZZ5conv3PA255_A255_fPA32_A5_A5_fPfS1_E7in_tile_4_3_0_load_2, i32 %p_ZZ5conv3PA255_A255_fPA32_A5_A5_fPfS1_E7in_tile_4_4_0_load_2, i32 %p_ZZ5conv3PA255_A255_fPA32_A5_A5_fPfS1_E7in_tile_4_0_0_load_2, i32 %p_ZZ5conv3PA255_A255_fPA32_A5_A5_fPfS1_E7in_tile_4_1_0_load_2, i32 %p_ZZ5conv3PA255_A255_fPA32_A5_A5_fPfS1_E7in_tile_0_3_0_load_3, i32 %p_ZZ5conv3PA255_A255_fPA32_A5_A5_fPfS1_E7in_tile_0_4_0_load_3, i32 %p_ZZ5conv3PA255_A255_fPA32_A5_A5_fPfS1_E7in_tile_0_0_0_load_3, i32 %p_ZZ5conv3PA255_A255_fPA32_A5_A5_fPfS1_E7in_tile_0_1_0_load_3, i32 %p_ZZ5conv3PA255_A255_fPA32_A5_A5_fPfS1_E7in_tile_0_2_0_load_3, i32 %p_ZZ5conv3PA255_A255_fPA32_A5_A5_fPfS1_E7in_tile_1_3_0_load_3, i32 %p_ZZ5conv3PA255_A255_fPA32_A5_A5_fPfS1_E7in_tile_1_4_0_load_3, i32 %p_ZZ5conv3PA255_A255_fPA32_A5_A5_fPfS1_E7in_tile_1_0_0_load_3, i32 %p_ZZ5conv3PA255_A255_fPA32_A5_A5_fPfS1_E7in_tile_1_1_0_load_3, i32 %p_ZZ5conv3PA255_A255_fPA32_A5_A5_fPfS1_E7in_tile_1_2_0_load_3, i32 %p_ZZ5conv3PA255_A255_fPA32_A5_A5_fPfS1_E7in_tile_2_3_0_load_3, i32 %p_ZZ5conv3PA255_A255_fPA32_A5_A5_fPfS1_E7in_tile_2_4_0_load_3, i32 %p_ZZ5conv3PA255_A255_fPA32_A5_A5_fPfS1_E7in_tile_2_0_0_load_3, i32 %p_ZZ5conv3PA255_A255_fPA32_A5_A5_fPfS1_E7in_tile_2_1_0_load_3, i32 %p_ZZ5conv3PA255_A255_fPA32_A5_A5_fPfS1_E7in_tile_2_2_0_load_3, i32 %p_ZZ5conv3PA255_A255_fPA32_A5_A5_fPfS1_E7in_tile_3_3_0_load_3, i32 %p_ZZ5conv3PA255_A255_fPA32_A5_A5_fPfS1_E7in_tile_3_4_0_load_3, i32 %p_ZZ5conv3PA255_A255_fPA32_A5_A5_fPfS1_E7in_tile_3_0_0_load_3, i32 %p_ZZ5conv3PA255_A255_fPA32_A5_A5_fPfS1_E7in_tile_3_1_0_load_3, i32 %p_ZZ5conv3PA255_A255_fPA32_A5_A5_fPfS1_E7in_tile_3_2_0_load_3, i32 %p_ZZ5conv3PA255_A255_fPA32_A5_A5_fPfS1_E7in_tile_4_3_0_load_3, i32 %p_ZZ5conv3PA255_A255_fPA32_A5_A5_fPfS1_E7in_tile_4_4_0_load_3, i32 %p_ZZ5conv3PA255_A255_fPA32_A5_A5_fPfS1_E7in_tile_4_0_0_load_3, i32 %p_ZZ5conv3PA255_A255_fPA32_A5_A5_fPfS1_E7in_tile_4_1_0_load_3, i32 %p_ZZ5conv3PA255_A255_fPA32_A5_A5_fPfS1_E7in_tile_4_2_0_load_3, i32 %p_ZZ5conv3PA255_A255_fPA32_A5_A5_fPfS1_E7in_tile_0_4_0_load_4, i32 %p_ZZ5conv3PA255_A255_fPA32_A5_A5_fPfS1_E7in_tile_0_0_0_load_4, i32 %p_ZZ5conv3PA255_A255_fPA32_A5_A5_fPfS1_E7in_tile_0_1_0_load_4, i32 %p_ZZ5conv3PA255_A255_fPA32_A5_A5_fPfS1_E7in_tile_0_2_0_load_4, i32 %p_ZZ5conv3PA255_A255_fPA32_A5_A5_fPfS1_E7in_tile_0_3_0_load_4, i32 %p_ZZ5conv3PA255_A255_fPA32_A5_A5_fPfS1_E7in_tile_1_4_0_load_4, i32 %p_ZZ5conv3PA255_A255_fPA32_A5_A5_fPfS1_E7in_tile_1_0_0_load_4, i32 %p_ZZ5conv3PA255_A255_fPA32_A5_A5_fPfS1_E7in_tile_1_1_0_load_4, i32 %p_ZZ5conv3PA255_A255_fPA32_A5_A5_fPfS1_E7in_tile_1_2_0_load_4, i32 %p_ZZ5conv3PA255_A255_fPA32_A5_A5_fPfS1_E7in_tile_1_3_0_load_4, i32 %p_ZZ5conv3PA255_A255_fPA32_A5_A5_fPfS1_E7in_tile_2_4_0_load_4, i32 %p_ZZ5conv3PA255_A255_fPA32_A5_A5_fPfS1_E7in_tile_2_0_0_load_4, i32 %p_ZZ5conv3PA255_A255_fPA32_A5_A5_fPfS1_E7in_tile_2_1_0_load_4, i32 %p_ZZ5conv3PA255_A255_fPA32_A5_A5_fPfS1_E7in_tile_2_2_0_load_4, i32 %p_ZZ5conv3PA255_A255_fPA32_A5_A5_fPfS1_E7in_tile_2_3_0_load_4, i32 %p_ZZ5conv3PA255_A255_fPA32_A5_A5_fPfS1_E7in_tile_3_4_0_load_4, i32 %p_ZZ5conv3PA255_A255_fPA32_A5_A5_fPfS1_E7in_tile_3_0_0_load_4, i32 %p_ZZ5conv3PA255_A255_fPA32_A5_A5_fPfS1_E7in_tile_3_1_0_load_4, i32 %p_ZZ5conv3PA255_A255_fPA32_A5_A5_fPfS1_E7in_tile_3_2_0_load_4, i32 %p_ZZ5conv3PA255_A255_fPA32_A5_A5_fPfS1_E7in_tile_3_3_0_load_4, i32 %p_ZZ5conv3PA255_A255_fPA32_A5_A5_fPfS1_E7in_tile_4_4_0_load_4, i32 %p_ZZ5conv3PA255_A255_fPA32_A5_A5_fPfS1_E7in_tile_4_0_0_load_4, i32 %p_ZZ5conv3PA255_A255_fPA32_A5_A5_fPfS1_E7in_tile_4_1_0_load_4, i32 %p_ZZ5conv3PA255_A255_fPA32_A5_A5_fPfS1_E7in_tile_4_2_0_load_4, i32 %p_ZZ5conv3PA255_A255_fPA32_A5_A5_fPfS1_E7in_tile_4_3_0_load_4, i32 %p_ZZ5conv3PA255_A255_fPA32_A5_A5_fPfS1_E7in_tile_0_0_0_load_5, i32 %p_ZZ5conv3PA255_A255_fPA32_A5_A5_fPfS1_E7in_tile_0_1_0_load_5, i32 %p_ZZ5conv3PA255_A255_fPA32_A5_A5_fPfS1_E7in_tile_0_2_0_load_5, i32 %p_ZZ5conv3PA255_A255_fPA32_A5_A5_fPfS1_E7in_tile_0_3_0_load_5, i32 %p_ZZ5conv3PA255_A255_fPA32_A5_A5_fPfS1_E7in_tile_0_4_0_load_5, i32 %p_ZZ5conv3PA255_A255_fPA32_A5_A5_fPfS1_E7in_tile_1_0_0_load_5, i32 %p_ZZ5conv3PA255_A255_fPA32_A5_A5_fPfS1_E7in_tile_1_1_0_load_5, i32 %p_ZZ5conv3PA255_A255_fPA32_A5_A5_fPfS1_E7in_tile_1_2_0_load_5, i32 %p_ZZ5conv3PA255_A255_fPA32_A5_A5_fPfS1_E7in_tile_1_3_0_load_5, i32 %p_ZZ5conv3PA255_A255_fPA32_A5_A5_fPfS1_E7in_tile_1_4_0_load_5, i32 %p_ZZ5conv3PA255_A255_fPA32_A5_A5_fPfS1_E7in_tile_2_0_0_load_5, i32 %p_ZZ5conv3PA255_A255_fPA32_A5_A5_fPfS1_E7in_tile_2_1_0_load_5, i32 %p_ZZ5conv3PA255_A255_fPA32_A5_A5_fPfS1_E7in_tile_2_2_0_load_5, i32 %p_ZZ5conv3PA255_A255_fPA32_A5_A5_fPfS1_E7in_tile_2_3_0_load_5, i32 %p_ZZ5conv3PA255_A255_fPA32_A5_A5_fPfS1_E7in_tile_2_4_0_load_5, i32 %p_ZZ5conv3PA255_A255_fPA32_A5_A5_fPfS1_E7in_tile_3_0_0_load_5, i32 %p_ZZ5conv3PA255_A255_fPA32_A5_A5_fPfS1_E7in_tile_3_1_0_load_5, i32 %p_ZZ5conv3PA255_A255_fPA32_A5_A5_fPfS1_E7in_tile_3_2_0_load_5, i32 %p_ZZ5conv3PA255_A255_fPA32_A5_A5_fPfS1_E7in_tile_3_3_0_load_5, i32 %p_ZZ5conv3PA255_A255_fPA32_A5_A5_fPfS1_E7in_tile_3_4_0_load_5, i32 %p_ZZ5conv3PA255_A255_fPA32_A5_A5_fPfS1_E7in_tile_4_0_0_load_5, i32 %p_ZZ5conv3PA255_A255_fPA32_A5_A5_fPfS1_E7in_tile_4_1_0_load_5, i32 %p_ZZ5conv3PA255_A255_fPA32_A5_A5_fPfS1_E7in_tile_4_2_0_load_5, i32 %p_ZZ5conv3PA255_A255_fPA32_A5_A5_fPfS1_E7in_tile_4_3_0_load_5, i32 %p_ZZ5conv3PA255_A255_fPA32_A5_A5_fPfS1_E7in_tile_4_4_0_load_5, i32 %p_ZZ5conv3PA255_A255_fPA32_A5_A5_fPfS1_E7in_tile_0_1_0_load_6, i32 %p_ZZ5conv3PA255_A255_fPA32_A5_A5_fPfS1_E7in_tile_0_2_0_load_6, i32 %p_ZZ5conv3PA255_A255_fPA32_A5_A5_fPfS1_E7in_tile_0_3_0_load_6, i32 %p_ZZ5conv3PA255_A255_fPA32_A5_A5_fPfS1_E7in_tile_0_4_0_load_6, i32 %p_ZZ5conv3PA255_A255_fPA32_A5_A5_fPfS1_E7in_tile_0_0_0_load_6, i32 %p_ZZ5conv3PA255_A255_fPA32_A5_A5_fPfS1_E7in_tile_1_1_0_load_6, i32 %p_ZZ5conv3PA255_A255_fPA32_A5_A5_fPfS1_E7in_tile_1_2_0_load_6, i32 %p_ZZ5conv3PA255_A255_fPA32_A5_A5_fPfS1_E7in_tile_1_3_0_load_6, i32 %p_ZZ5conv3PA255_A255_fPA32_A5_A5_fPfS1_E7in_tile_1_4_0_load_6, i32 %p_ZZ5conv3PA255_A255_fPA32_A5_A5_fPfS1_E7in_tile_1_0_0_load_6, i32 %p_ZZ5conv3PA255_A255_fPA32_A5_A5_fPfS1_E7in_tile_2_1_0_load_6, i32 %p_ZZ5conv3PA255_A255_fPA32_A5_A5_fPfS1_E7in_tile_2_2_0_load_6, i32 %p_ZZ5conv3PA255_A255_fPA32_A5_A5_fPfS1_E7in_tile_2_3_0_load_6, i32 %p_ZZ5conv3PA255_A255_fPA32_A5_A5_fPfS1_E7in_tile_2_4_0_load_6, i32 %p_ZZ5conv3PA255_A255_fPA32_A5_A5_fPfS1_E7in_tile_2_0_0_load_6, i32 %p_ZZ5conv3PA255_A255_fPA32_A5_A5_fPfS1_E7in_tile_3_1_0_load_6, i32 %p_ZZ5conv3PA255_A255_fPA32_A5_A5_fPfS1_E7in_tile_3_2_0_load_6, i32 %p_ZZ5conv3PA255_A255_fPA32_A5_A5_fPfS1_E7in_tile_3_3_0_load_6, i32 %p_ZZ5conv3PA255_A255_fPA32_A5_A5_fPfS1_E7in_tile_3_4_0_load_6, i32 %p_ZZ5conv3PA255_A255_fPA32_A5_A5_fPfS1_E7in_tile_3_0_0_load_6, i32 %p_ZZ5conv3PA255_A255_fPA32_A5_A5_fPfS1_E7in_tile_4_1_0_load_6, i32 %p_ZZ5conv3PA255_A255_fPA32_A5_A5_fPfS1_E7in_tile_4_2_0_load_6, i32 %p_ZZ5conv3PA255_A255_fPA32_A5_A5_fPfS1_E7in_tile_4_3_0_load_6, i32 %p_ZZ5conv3PA255_A255_fPA32_A5_A5_fPfS1_E7in_tile_4_4_0_load_6, i32 %p_ZZ5conv3PA255_A255_fPA32_A5_A5_fPfS1_E7in_tile_4_0_0_load_6, i32 %p_ZZ5conv3PA255_A255_fPA32_A5_A5_fPfS1_E7in_tile_0_2_0_load_7, i32 %p_ZZ5conv3PA255_A255_fPA32_A5_A5_fPfS1_E7in_tile_0_3_0_load_7, i32 %p_ZZ5conv3PA255_A255_fPA32_A5_A5_fPfS1_E7in_tile_0_4_0_load_7, i32 %p_ZZ5conv3PA255_A255_fPA32_A5_A5_fPfS1_E7in_tile_0_0_0_load_7, i32 %p_ZZ5conv3PA255_A255_fPA32_A5_A5_fPfS1_E7in_tile_0_1_0_load_7, i32 %p_ZZ5conv3PA255_A255_fPA32_A5_A5_fPfS1_E7in_tile_1_2_0_load_7, i32 %p_ZZ5conv3PA255_A255_fPA32_A5_A5_fPfS1_E7in_tile_1_3_0_load_7, i32 %p_ZZ5conv3PA255_A255_fPA32_A5_A5_fPfS1_E7in_tile_1_4_0_load_7, i32 %p_ZZ5conv3PA255_A255_fPA32_A5_A5_fPfS1_E7in_tile_1_0_0_load_7, i32 %p_ZZ5conv3PA255_A255_fPA32_A5_A5_fPfS1_E7in_tile_1_1_0_load_7, i32 %p_ZZ5conv3PA255_A255_fPA32_A5_A5_fPfS1_E7in_tile_2_2_0_load_7, i32 %p_ZZ5conv3PA255_A255_fPA32_A5_A5_fPfS1_E7in_tile_2_3_0_load_7, i32 %p_ZZ5conv3PA255_A255_fPA32_A5_A5_fPfS1_E7in_tile_2_4_0_load_7, i32 %p_ZZ5conv3PA255_A255_fPA32_A5_A5_fPfS1_E7in_tile_2_0_0_load_7, i32 %p_ZZ5conv3PA255_A255_fPA32_A5_A5_fPfS1_E7in_tile_2_1_0_load_7, i32 %p_ZZ5conv3PA255_A255_fPA32_A5_A5_fPfS1_E7in_tile_3_2_0_load_7, i32 %p_ZZ5conv3PA255_A255_fPA32_A5_A5_fPfS1_E7in_tile_3_3_0_load_7, i32 %p_ZZ5conv3PA255_A255_fPA32_A5_A5_fPfS1_E7in_tile_3_4_0_load_7, i32 %p_ZZ5conv3PA255_A255_fPA32_A5_A5_fPfS1_E7in_tile_3_0_0_load_7, i32 %p_ZZ5conv3PA255_A255_fPA32_A5_A5_fPfS1_E7in_tile_3_1_0_load_7, i32 %p_ZZ5conv3PA255_A255_fPA32_A5_A5_fPfS1_E7in_tile_4_2_0_load_7, i32 %p_ZZ5conv3PA255_A255_fPA32_A5_A5_fPfS1_E7in_tile_4_3_0_load_7, i32 %p_ZZ5conv3PA255_A255_fPA32_A5_A5_fPfS1_E7in_tile_4_4_0_load_7, i32 %p_ZZ5conv3PA255_A255_fPA32_A5_A5_fPfS1_E7in_tile_4_0_0_load_7, i32 %p_ZZ5conv3PA255_A255_fPA32_A5_A5_fPfS1_E7in_tile_4_1_0_load_7, i32 %p_ZZ5conv3PA255_A255_fPA32_A5_A5_fPfS1_E7in_tile_0_3_0_load_8, i32 %p_ZZ5conv3PA255_A255_fPA32_A5_A5_fPfS1_E7in_tile_0_4_0_load_8, i32 %p_ZZ5conv3PA255_A255_fPA32_A5_A5_fPfS1_E7in_tile_0_0_0_load_8, i32 %p_ZZ5conv3PA255_A255_fPA32_A5_A5_fPfS1_E7in_tile_0_1_0_load_8, i32 %p_ZZ5conv3PA255_A255_fPA32_A5_A5_fPfS1_E7in_tile_0_2_0_load_8, i32 %p_ZZ5conv3PA255_A255_fPA32_A5_A5_fPfS1_E7in_tile_1_3_0_load_8, i32 %p_ZZ5conv3PA255_A255_fPA32_A5_A5_fPfS1_E7in_tile_1_4_0_load_8, i32 %p_ZZ5conv3PA255_A255_fPA32_A5_A5_fPfS1_E7in_tile_1_0_0_load_8, i32 %p_ZZ5conv3PA255_A255_fPA32_A5_A5_fPfS1_E7in_tile_1_1_0_load_8, i32 %p_ZZ5conv3PA255_A255_fPA32_A5_A5_fPfS1_E7in_tile_1_2_0_load_8, i32 %p_ZZ5conv3PA255_A255_fPA32_A5_A5_fPfS1_E7in_tile_2_3_0_load_8, i32 %p_ZZ5conv3PA255_A255_fPA32_A5_A5_fPfS1_E7in_tile_2_4_0_load_8, i32 %p_ZZ5conv3PA255_A255_fPA32_A5_A5_fPfS1_E7in_tile_2_0_0_load_8, i32 %p_ZZ5conv3PA255_A255_fPA32_A5_A5_fPfS1_E7in_tile_2_1_0_load_8, i32 %p_ZZ5conv3PA255_A255_fPA32_A5_A5_fPfS1_E7in_tile_2_2_0_load_8, i32 %p_ZZ5conv3PA255_A255_fPA32_A5_A5_fPfS1_E7in_tile_3_3_0_load_8, i32 %p_ZZ5conv3PA255_A255_fPA32_A5_A5_fPfS1_E7in_tile_3_4_0_load_8, i32 %p_ZZ5conv3PA255_A255_fPA32_A5_A5_fPfS1_E7in_tile_3_0_0_load_8, i32 %p_ZZ5conv3PA255_A255_fPA32_A5_A5_fPfS1_E7in_tile_3_1_0_load_8, i32 %p_ZZ5conv3PA255_A255_fPA32_A5_A5_fPfS1_E7in_tile_3_2_0_load_8, i32 %p_ZZ5conv3PA255_A255_fPA32_A5_A5_fPfS1_E7in_tile_4_3_0_load_8, i32 %p_ZZ5conv3PA255_A255_fPA32_A5_A5_fPfS1_E7in_tile_4_4_0_load_8, i32 %p_ZZ5conv3PA255_A255_fPA32_A5_A5_fPfS1_E7in_tile_4_0_0_load_8, i32 %p_ZZ5conv3PA255_A255_fPA32_A5_A5_fPfS1_E7in_tile_4_1_0_load_8, i32 %p_ZZ5conv3PA255_A255_fPA32_A5_A5_fPfS1_E7in_tile_4_2_0_load_8, i32 %p_ZZ5conv3PA255_A255_fPA32_A5_A5_fPfS1_E7in_tile_0_4_0_load_9, i32 %p_ZZ5conv3PA255_A255_fPA32_A5_A5_fPfS1_E7in_tile_0_0_0_load_9, i32 %p_ZZ5conv3PA255_A255_fPA32_A5_A5_fPfS1_E7in_tile_0_1_0_load_9, i32 %p_ZZ5conv3PA255_A255_fPA32_A5_A5_fPfS1_E7in_tile_0_2_0_load_9, i32 %p_ZZ5conv3PA255_A255_fPA32_A5_A5_fPfS1_E7in_tile_0_3_0_load_9, i32 %p_ZZ5conv3PA255_A255_fPA32_A5_A5_fPfS1_E7in_tile_1_4_0_load_9, i32 %p_ZZ5conv3PA255_A255_fPA32_A5_A5_fPfS1_E7in_tile_1_0_0_load_9, i32 %p_ZZ5conv3PA255_A255_fPA32_A5_A5_fPfS1_E7in_tile_1_1_0_load_9, i32 %p_ZZ5conv3PA255_A255_fPA32_A5_A5_fPfS1_E7in_tile_1_2_0_load_9, i32 %p_ZZ5conv3PA255_A255_fPA32_A5_A5_fPfS1_E7in_tile_1_3_0_load_9, i32 %p_ZZ5conv3PA255_A255_fPA32_A5_A5_fPfS1_E7in_tile_2_4_0_load_9, i32 %p_ZZ5conv3PA255_A255_fPA32_A5_A5_fPfS1_E7in_tile_2_0_0_load_9, i32 %p_ZZ5conv3PA255_A255_fPA32_A5_A5_fPfS1_E7in_tile_2_1_0_load_9, i32 %p_ZZ5conv3PA255_A255_fPA32_A5_A5_fPfS1_E7in_tile_2_2_0_load_9, i32 %p_ZZ5conv3PA255_A255_fPA32_A5_A5_fPfS1_E7in_tile_2_3_0_load_9, i32 %p_ZZ5conv3PA255_A255_fPA32_A5_A5_fPfS1_E7in_tile_3_4_0_load_9, i32 %p_ZZ5conv3PA255_A255_fPA32_A5_A5_fPfS1_E7in_tile_3_0_0_load_9, i32 %p_ZZ5conv3PA255_A255_fPA32_A5_A5_fPfS1_E7in_tile_3_1_0_load_9, i32 %p_ZZ5conv3PA255_A255_fPA32_A5_A5_fPfS1_E7in_tile_3_2_0_load_9, i32 %p_ZZ5conv3PA255_A255_fPA32_A5_A5_fPfS1_E7in_tile_3_3_0_load_9, i32 %p_ZZ5conv3PA255_A255_fPA32_A5_A5_fPfS1_E7in_tile_4_4_0_load_9, i32 %p_ZZ5conv3PA255_A255_fPA32_A5_A5_fPfS1_E7in_tile_4_0_0_load_9, i32 %p_ZZ5conv3PA255_A255_fPA32_A5_A5_fPfS1_E7in_tile_4_1_0_load_9, i32 %p_ZZ5conv3PA255_A255_fPA32_A5_A5_fPfS1_E7in_tile_4_2_0_load_9, i32 %p_ZZ5conv3PA255_A255_fPA32_A5_A5_fPfS1_E7in_tile_4_3_0_load_9, i32 %p_ZZ5conv3PA255_A255_fPA32_A5_A5_fPfS1_E7in_tile_0_0_0_load_10, i32 %p_ZZ5conv3PA255_A255_fPA32_A5_A5_fPfS1_E7in_tile_0_1_0_load_10, i32 %p_ZZ5conv3PA255_A255_fPA32_A5_A5_fPfS1_E7in_tile_0_2_0_load_10, i32 %p_ZZ5conv3PA255_A255_fPA32_A5_A5_fPfS1_E7in_tile_0_3_0_load_10, i32 %p_ZZ5conv3PA255_A255_fPA32_A5_A5_fPfS1_E7in_tile_0_4_0_load_10, i32 %p_ZZ5conv3PA255_A255_fPA32_A5_A5_fPfS1_E7in_tile_1_0_0_load_10, i32 %p_ZZ5conv3PA255_A255_fPA32_A5_A5_fPfS1_E7in_tile_1_1_0_load_10, i32 %p_ZZ5conv3PA255_A255_fPA32_A5_A5_fPfS1_E7in_tile_1_2_0_load_10, i32 %p_ZZ5conv3PA255_A255_fPA32_A5_A5_fPfS1_E7in_tile_1_3_0_load_10, i32 %p_ZZ5conv3PA255_A255_fPA32_A5_A5_fPfS1_E7in_tile_1_4_0_load_10, i32 %p_ZZ5conv3PA255_A255_fPA32_A5_A5_fPfS1_E7in_tile_2_0_0_load_10, i32 %p_ZZ5conv3PA255_A255_fPA32_A5_A5_fPfS1_E7in_tile_2_1_0_load_10, i32 %p_ZZ5conv3PA255_A255_fPA32_A5_A5_fPfS1_E7in_tile_2_2_0_load_10, i32 %p_ZZ5conv3PA255_A255_fPA32_A5_A5_fPfS1_E7in_tile_2_3_0_load_10, i32 %p_ZZ5conv3PA255_A255_fPA32_A5_A5_fPfS1_E7in_tile_2_4_0_load_10, i32 %p_ZZ5conv3PA255_A255_fPA32_A5_A5_fPfS1_E7in_tile_3_0_0_load_10, i32 %p_ZZ5conv3PA255_A255_fPA32_A5_A5_fPfS1_E7in_tile_3_1_0_load_10, i32 %p_ZZ5conv3PA255_A255_fPA32_A5_A5_fPfS1_E7in_tile_3_2_0_load_10, i32 %p_ZZ5conv3PA255_A255_fPA32_A5_A5_fPfS1_E7in_tile_3_3_0_load_10, i32 %p_ZZ5conv3PA255_A255_fPA32_A5_A5_fPfS1_E7in_tile_3_4_0_load_10, i32 %p_ZZ5conv3PA255_A255_fPA32_A5_A5_fPfS1_E7in_tile_4_0_0_load_10, i32 %p_ZZ5conv3PA255_A255_fPA32_A5_A5_fPfS1_E7in_tile_4_1_0_load_10, i32 %p_ZZ5conv3PA255_A255_fPA32_A5_A5_fPfS1_E7in_tile_4_2_0_load_10, i32 %p_ZZ5conv3PA255_A255_fPA32_A5_A5_fPfS1_E7in_tile_4_3_0_load_10, i32 %p_ZZ5conv3PA255_A255_fPA32_A5_A5_fPfS1_E7in_tile_4_4_0_load_10, i32 %p_ZZ5conv3PA255_A255_fPA32_A5_A5_fPfS1_E7in_tile_0_1_0_load_11, i32 %p_ZZ5conv3PA255_A255_fPA32_A5_A5_fPfS1_E7in_tile_0_2_0_load_11, i32 %p_ZZ5conv3PA255_A255_fPA32_A5_A5_fPfS1_E7in_tile_0_3_0_load_11, i32 %p_ZZ5conv3PA255_A255_fPA32_A5_A5_fPfS1_E7in_tile_0_4_0_load_11, i32 %p_ZZ5conv3PA255_A255_fPA32_A5_A5_fPfS1_E7in_tile_0_0_0_load_11, i32 %p_ZZ5conv3PA255_A255_fPA32_A5_A5_fPfS1_E7in_tile_1_1_0_load_11, i32 %p_ZZ5conv3PA255_A255_fPA32_A5_A5_fPfS1_E7in_tile_1_2_0_load_11, i32 %p_ZZ5conv3PA255_A255_fPA32_A5_A5_fPfS1_E7in_tile_1_3_0_load_11, i32 %p_ZZ5conv3PA255_A255_fPA32_A5_A5_fPfS1_E7in_tile_1_4_0_load_11, i32 %p_ZZ5conv3PA255_A255_fPA32_A5_A5_fPfS1_E7in_tile_1_0_0_load_11, i32 %p_ZZ5conv3PA255_A255_fPA32_A5_A5_fPfS1_E7in_tile_2_1_0_load_11, i32 %p_ZZ5conv3PA255_A255_fPA32_A5_A5_fPfS1_E7in_tile_2_2_0_load_11, i32 %p_ZZ5conv3PA255_A255_fPA32_A5_A5_fPfS1_E7in_tile_2_3_0_load_11, i32 %p_ZZ5conv3PA255_A255_fPA32_A5_A5_fPfS1_E7in_tile_2_4_0_load_11, i32 %p_ZZ5conv3PA255_A255_fPA32_A5_A5_fPfS1_E7in_tile_2_0_0_load_11, i32 %p_ZZ5conv3PA255_A255_fPA32_A5_A5_fPfS1_E7in_tile_3_1_0_load_11, i32 %p_ZZ5conv3PA255_A255_fPA32_A5_A5_fPfS1_E7in_tile_3_2_0_load_11, i32 %p_ZZ5conv3PA255_A255_fPA32_A5_A5_fPfS1_E7in_tile_3_3_0_load_11, i32 %p_ZZ5conv3PA255_A255_fPA32_A5_A5_fPfS1_E7in_tile_3_4_0_load_11, i32 %p_ZZ5conv3PA255_A255_fPA32_A5_A5_fPfS1_E7in_tile_3_0_0_load_11, i32 %p_ZZ5conv3PA255_A255_fPA32_A5_A5_fPfS1_E7in_tile_4_1_0_load_11, i32 %p_ZZ5conv3PA255_A255_fPA32_A5_A5_fPfS1_E7in_tile_4_2_0_load_11, i32 %p_ZZ5conv3PA255_A255_fPA32_A5_A5_fPfS1_E7in_tile_4_3_0_load_11, i32 %p_ZZ5conv3PA255_A255_fPA32_A5_A5_fPfS1_E7in_tile_4_4_0_load_11, i32 %p_ZZ5conv3PA255_A255_fPA32_A5_A5_fPfS1_E7in_tile_4_0_0_load_11, i32 %p_ZZ5conv3PA255_A255_fPA32_A5_A5_fPfS1_E7in_tile_0_2_0_load_12, i32 %p_ZZ5conv3PA255_A255_fPA32_A5_A5_fPfS1_E7in_tile_0_3_0_load_12, i32 %p_ZZ5conv3PA255_A255_fPA32_A5_A5_fPfS1_E7in_tile_0_4_0_load_12, i32 %p_ZZ5conv3PA255_A255_fPA32_A5_A5_fPfS1_E7in_tile_0_0_0_load_12, i32 %p_ZZ5conv3PA255_A255_fPA32_A5_A5_fPfS1_E7in_tile_0_1_0_load_12, i32 %p_ZZ5conv3PA255_A255_fPA32_A5_A5_fPfS1_E7in_tile_1_2_0_load_12, i32 %p_ZZ5conv3PA255_A255_fPA32_A5_A5_fPfS1_E7in_tile_1_3_0_load_12, i32 %p_ZZ5conv3PA255_A255_fPA32_A5_A5_fPfS1_E7in_tile_1_4_0_load_12, i32 %p_ZZ5conv3PA255_A255_fPA32_A5_A5_fPfS1_E7in_tile_1_0_0_load_12, i32 %p_ZZ5conv3PA255_A255_fPA32_A5_A5_fPfS1_E7in_tile_1_1_0_load_12, i32 %p_ZZ5conv3PA255_A255_fPA32_A5_A5_fPfS1_E7in_tile_2_2_0_load_12, i32 %p_ZZ5conv3PA255_A255_fPA32_A5_A5_fPfS1_E7in_tile_2_3_0_load_12, i32 %p_ZZ5conv3PA255_A255_fPA32_A5_A5_fPfS1_E7in_tile_2_4_0_load_12, i32 %p_ZZ5conv3PA255_A255_fPA32_A5_A5_fPfS1_E7in_tile_2_0_0_load_12, i32 %p_ZZ5conv3PA255_A255_fPA32_A5_A5_fPfS1_E7in_tile_2_1_0_load_12, i32 %p_ZZ5conv3PA255_A255_fPA32_A5_A5_fPfS1_E7in_tile_3_2_0_load_12, i32 %p_ZZ5conv3PA255_A255_fPA32_A5_A5_fPfS1_E7in_tile_3_3_0_load_12, i32 %p_ZZ5conv3PA255_A255_fPA32_A5_A5_fPfS1_E7in_tile_3_4_0_load_12, i32 %p_ZZ5conv3PA255_A255_fPA32_A5_A5_fPfS1_E7in_tile_3_0_0_load_12, i32 %p_ZZ5conv3PA255_A255_fPA32_A5_A5_fPfS1_E7in_tile_3_1_0_load_12, i32 %p_ZZ5conv3PA255_A255_fPA32_A5_A5_fPfS1_E7in_tile_4_2_0_load_12, i32 %p_ZZ5conv3PA255_A255_fPA32_A5_A5_fPfS1_E7in_tile_4_3_0_load_12, i32 %p_ZZ5conv3PA255_A255_fPA32_A5_A5_fPfS1_E7in_tile_4_4_0_load_12, i32 %p_ZZ5conv3PA255_A255_fPA32_A5_A5_fPfS1_E7in_tile_4_0_0_load_12, i32 %p_ZZ5conv3PA255_A255_fPA32_A5_A5_fPfS1_E7in_tile_4_1_0_load_12, i32 %p_ZZ5conv3PA255_A255_fPA32_A5_A5_fPfS1_E7in_tile_0_3_0_load_13, i32 %p_ZZ5conv3PA255_A255_fPA32_A5_A5_fPfS1_E7in_tile_0_4_0_load_13, i32 %p_ZZ5conv3PA255_A255_fPA32_A5_A5_fPfS1_E7in_tile_0_0_0_load_13, i32 %p_ZZ5conv3PA255_A255_fPA32_A5_A5_fPfS1_E7in_tile_0_1_0_load_13, i32 %p_ZZ5conv3PA255_A255_fPA32_A5_A5_fPfS1_E7in_tile_0_2_0_load_13, i32 %p_ZZ5conv3PA255_A255_fPA32_A5_A5_fPfS1_E7in_tile_1_3_0_load_13, i32 %p_ZZ5conv3PA255_A255_fPA32_A5_A5_fPfS1_E7in_tile_1_4_0_load_13, i32 %p_ZZ5conv3PA255_A255_fPA32_A5_A5_fPfS1_E7in_tile_1_0_0_load_13, i32 %p_ZZ5conv3PA255_A255_fPA32_A5_A5_fPfS1_E7in_tile_1_1_0_load_13, i32 %p_ZZ5conv3PA255_A255_fPA32_A5_A5_fPfS1_E7in_tile_1_2_0_load_13, i32 %p_ZZ5conv3PA255_A255_fPA32_A5_A5_fPfS1_E7in_tile_2_3_0_load_13, i32 %p_ZZ5conv3PA255_A255_fPA32_A5_A5_fPfS1_E7in_tile_2_4_0_load_13, i32 %p_ZZ5conv3PA255_A255_fPA32_A5_A5_fPfS1_E7in_tile_2_0_0_load_13, i32 %p_ZZ5conv3PA255_A255_fPA32_A5_A5_fPfS1_E7in_tile_2_1_0_load_13, i32 %p_ZZ5conv3PA255_A255_fPA32_A5_A5_fPfS1_E7in_tile_2_2_0_load_13, i32 %p_ZZ5conv3PA255_A255_fPA32_A5_A5_fPfS1_E7in_tile_3_3_0_load_13, i32 %p_ZZ5conv3PA255_A255_fPA32_A5_A5_fPfS1_E7in_tile_3_4_0_load_13, i32 %p_ZZ5conv3PA255_A255_fPA32_A5_A5_fPfS1_E7in_tile_3_0_0_load_13, i32 %p_ZZ5conv3PA255_A255_fPA32_A5_A5_fPfS1_E7in_tile_3_1_0_load_13, i32 %p_ZZ5conv3PA255_A255_fPA32_A5_A5_fPfS1_E7in_tile_3_2_0_load_13, i32 %p_ZZ5conv3PA255_A255_fPA32_A5_A5_fPfS1_E7in_tile_4_3_0_load_13, i32 %p_ZZ5conv3PA255_A255_fPA32_A5_A5_fPfS1_E7in_tile_4_4_0_load_13, i32 %p_ZZ5conv3PA255_A255_fPA32_A5_A5_fPfS1_E7in_tile_4_0_0_load_13, i32 %p_ZZ5conv3PA255_A255_fPA32_A5_A5_fPfS1_E7in_tile_4_1_0_load_13, i32 %p_ZZ5conv3PA255_A255_fPA32_A5_A5_fPfS1_E7in_tile_4_2_0_load_13, i32 %p_ZZ5conv3PA255_A255_fPA32_A5_A5_fPfS1_E7in_tile_0_4_0_load_14, i32 %p_ZZ5conv3PA255_A255_fPA32_A5_A5_fPfS1_E7in_tile_0_0_0_load_14, i32 %p_ZZ5conv3PA255_A255_fPA32_A5_A5_fPfS1_E7in_tile_0_1_0_load_14, i32 %p_ZZ5conv3PA255_A255_fPA32_A5_A5_fPfS1_E7in_tile_0_2_0_load_14, i32 %p_ZZ5conv3PA255_A255_fPA32_A5_A5_fPfS1_E7in_tile_0_3_0_load_14, i32 %p_ZZ5conv3PA255_A255_fPA32_A5_A5_fPfS1_E7in_tile_1_4_0_load_14, i32 %p_ZZ5conv3PA255_A255_fPA32_A5_A5_fPfS1_E7in_tile_1_0_0_load_14, i32 %p_ZZ5conv3PA255_A255_fPA32_A5_A5_fPfS1_E7in_tile_1_1_0_load_14, i32 %p_ZZ5conv3PA255_A255_fPA32_A5_A5_fPfS1_E7in_tile_1_2_0_load_14, i32 %p_ZZ5conv3PA255_A255_fPA32_A5_A5_fPfS1_E7in_tile_1_3_0_load_14, i32 %p_ZZ5conv3PA255_A255_fPA32_A5_A5_fPfS1_E7in_tile_2_4_0_load_14, i32 %p_ZZ5conv3PA255_A255_fPA32_A5_A5_fPfS1_E7in_tile_2_0_0_load_14, i32 %p_ZZ5conv3PA255_A255_fPA32_A5_A5_fPfS1_E7in_tile_2_1_0_load_14, i32 %p_ZZ5conv3PA255_A255_fPA32_A5_A5_fPfS1_E7in_tile_2_2_0_load_14, i32 %p_ZZ5conv3PA255_A255_fPA32_A5_A5_fPfS1_E7in_tile_2_3_0_load_14, i32 %p_ZZ5conv3PA255_A255_fPA32_A5_A5_fPfS1_E7in_tile_3_4_0_load_14, i32 %p_ZZ5conv3PA255_A255_fPA32_A5_A5_fPfS1_E7in_tile_3_0_0_load_14, i32 %p_ZZ5conv3PA255_A255_fPA32_A5_A5_fPfS1_E7in_tile_3_1_0_load_14, i32 %p_ZZ5conv3PA255_A255_fPA32_A5_A5_fPfS1_E7in_tile_3_2_0_load_14, i32 %p_ZZ5conv3PA255_A255_fPA32_A5_A5_fPfS1_E7in_tile_3_3_0_load_14, i32 %p_ZZ5conv3PA255_A255_fPA32_A5_A5_fPfS1_E7in_tile_4_4_0_load_14, i32 %p_ZZ5conv3PA255_A255_fPA32_A5_A5_fPfS1_E7in_tile_4_0_0_load_14, i32 %p_ZZ5conv3PA255_A255_fPA32_A5_A5_fPfS1_E7in_tile_4_1_0_load_14, i32 %p_ZZ5conv3PA255_A255_fPA32_A5_A5_fPfS1_E7in_tile_4_2_0_load_14, i32 %p_ZZ5conv3PA255_A255_fPA32_A5_A5_fPfS1_E7in_tile_4_3_0_load_14, i32 %p_ZZ5conv3PA255_A255_fPA32_A5_A5_fPfS1_E7in_tile_0_0_0_load_15, i32 %p_ZZ5conv3PA255_A255_fPA32_A5_A5_fPfS1_E7in_tile_0_1_0_load_15, i32 %p_ZZ5conv3PA255_A255_fPA32_A5_A5_fPfS1_E7in_tile_0_2_0_load_15, i32 %p_ZZ5conv3PA255_A255_fPA32_A5_A5_fPfS1_E7in_tile_0_3_0_load_15, i32 %p_ZZ5conv3PA255_A255_fPA32_A5_A5_fPfS1_E7in_tile_0_4_0_load_15, i32 %p_ZZ5conv3PA255_A255_fPA32_A5_A5_fPfS1_E7in_tile_1_0_0_load_15, i32 %p_ZZ5conv3PA255_A255_fPA32_A5_A5_fPfS1_E7in_tile_1_1_0_load_15, i32 %p_ZZ5conv3PA255_A255_fPA32_A5_A5_fPfS1_E7in_tile_1_2_0_load_15, i32 %p_ZZ5conv3PA255_A255_fPA32_A5_A5_fPfS1_E7in_tile_1_3_0_load_15, i32 %p_ZZ5conv3PA255_A255_fPA32_A5_A5_fPfS1_E7in_tile_1_4_0_load_15, i32 %p_ZZ5conv3PA255_A255_fPA32_A5_A5_fPfS1_E7in_tile_2_0_0_load_15, i32 %p_ZZ5conv3PA255_A255_fPA32_A5_A5_fPfS1_E7in_tile_2_1_0_load_15, i32 %p_ZZ5conv3PA255_A255_fPA32_A5_A5_fPfS1_E7in_tile_2_2_0_load_15, i32 %p_ZZ5conv3PA255_A255_fPA32_A5_A5_fPfS1_E7in_tile_2_3_0_load_15, i32 %p_ZZ5conv3PA255_A255_fPA32_A5_A5_fPfS1_E7in_tile_2_4_0_load_15, i32 %p_ZZ5conv3PA255_A255_fPA32_A5_A5_fPfS1_E7in_tile_3_0_0_load_15, i32 %p_ZZ5conv3PA255_A255_fPA32_A5_A5_fPfS1_E7in_tile_3_1_0_load_15, i32 %p_ZZ5conv3PA255_A255_fPA32_A5_A5_fPfS1_E7in_tile_3_2_0_load_15, i32 %p_ZZ5conv3PA255_A255_fPA32_A5_A5_fPfS1_E7in_tile_3_3_0_load_15, i32 %p_ZZ5conv3PA255_A255_fPA32_A5_A5_fPfS1_E7in_tile_3_4_0_load_15, i32 %p_ZZ5conv3PA255_A255_fPA32_A5_A5_fPfS1_E7in_tile_4_0_0_load_15, i32 %p_ZZ5conv3PA255_A255_fPA32_A5_A5_fPfS1_E7in_tile_4_1_0_load_15, i32 %p_ZZ5conv3PA255_A255_fPA32_A5_A5_fPfS1_E7in_tile_4_2_0_load_15, i32 %p_ZZ5conv3PA255_A255_fPA32_A5_A5_fPfS1_E7in_tile_4_3_0_load_15, i32 %p_ZZ5conv3PA255_A255_fPA32_A5_A5_fPfS1_E7in_tile_4_4_0_load_15, i32 %p_ZZ5conv3PA255_A255_fPA32_A5_A5_fPfS1_E7in_tile_0_1_0_load_16, i32 %p_ZZ5conv3PA255_A255_fPA32_A5_A5_fPfS1_E7in_tile_0_2_0_load_16, i32 %p_ZZ5conv3PA255_A255_fPA32_A5_A5_fPfS1_E7in_tile_0_3_0_load_16, i32 %p_ZZ5conv3PA255_A255_fPA32_A5_A5_fPfS1_E7in_tile_0_4_0_load_16, i32 %p_ZZ5conv3PA255_A255_fPA32_A5_A5_fPfS1_E7in_tile_0_0_0_load_16, i32 %p_ZZ5conv3PA255_A255_fPA32_A5_A5_fPfS1_E7in_tile_1_1_0_load_16, i32 %p_ZZ5conv3PA255_A255_fPA32_A5_A5_fPfS1_E7in_tile_1_2_0_load_16, i32 %p_ZZ5conv3PA255_A255_fPA32_A5_A5_fPfS1_E7in_tile_1_3_0_load_16, i32 %p_ZZ5conv3PA255_A255_fPA32_A5_A5_fPfS1_E7in_tile_1_4_0_load_16, i32 %p_ZZ5conv3PA255_A255_fPA32_A5_A5_fPfS1_E7in_tile_1_0_0_load_16, i32 %p_ZZ5conv3PA255_A255_fPA32_A5_A5_fPfS1_E7in_tile_2_1_0_load_16, i32 %p_ZZ5conv3PA255_A255_fPA32_A5_A5_fPfS1_E7in_tile_2_2_0_load_16, i32 %p_ZZ5conv3PA255_A255_fPA32_A5_A5_fPfS1_E7in_tile_2_3_0_load_16, i32 %p_ZZ5conv3PA255_A255_fPA32_A5_A5_fPfS1_E7in_tile_2_4_0_load_16, i32 %p_ZZ5conv3PA255_A255_fPA32_A5_A5_fPfS1_E7in_tile_2_0_0_load_16, i32 %p_ZZ5conv3PA255_A255_fPA32_A5_A5_fPfS1_E7in_tile_3_1_0_load_16, i32 %p_ZZ5conv3PA255_A255_fPA32_A5_A5_fPfS1_E7in_tile_3_2_0_load_16, i32 %p_ZZ5conv3PA255_A255_fPA32_A5_A5_fPfS1_E7in_tile_3_3_0_load_16, i32 %p_ZZ5conv3PA255_A255_fPA32_A5_A5_fPfS1_E7in_tile_3_4_0_load_16, i32 %p_ZZ5conv3PA255_A255_fPA32_A5_A5_fPfS1_E7in_tile_3_0_0_load_16, i32 %p_ZZ5conv3PA255_A255_fPA32_A5_A5_fPfS1_E7in_tile_4_1_0_load_16, i32 %p_ZZ5conv3PA255_A255_fPA32_A5_A5_fPfS1_E7in_tile_4_2_0_load_16, i32 %p_ZZ5conv3PA255_A255_fPA32_A5_A5_fPfS1_E7in_tile_4_3_0_load_16, i32 %p_ZZ5conv3PA255_A255_fPA32_A5_A5_fPfS1_E7in_tile_4_4_0_load_16, i32 %p_ZZ5conv3PA255_A255_fPA32_A5_A5_fPfS1_E7in_tile_4_0_0_load_16, i32 %p_ZZ5conv3PA255_A255_fPA32_A5_A5_fPfS1_E7in_tile_0_2_0_load_17, i32 %p_ZZ5conv3PA255_A255_fPA32_A5_A5_fPfS1_E7in_tile_0_3_0_load_17, i32 %p_ZZ5conv3PA255_A255_fPA32_A5_A5_fPfS1_E7in_tile_0_4_0_load_17, i32 %p_ZZ5conv3PA255_A255_fPA32_A5_A5_fPfS1_E7in_tile_0_0_0_load_17, i32 %p_ZZ5conv3PA255_A255_fPA32_A5_A5_fPfS1_E7in_tile_0_1_0_load_17, i32 %p_ZZ5conv3PA255_A255_fPA32_A5_A5_fPfS1_E7in_tile_1_2_0_load_17, i32 %p_ZZ5conv3PA255_A255_fPA32_A5_A5_fPfS1_E7in_tile_1_3_0_load_17, i32 %p_ZZ5conv3PA255_A255_fPA32_A5_A5_fPfS1_E7in_tile_1_4_0_load_17, i32 %p_ZZ5conv3PA255_A255_fPA32_A5_A5_fPfS1_E7in_tile_1_0_0_load_17, i32 %p_ZZ5conv3PA255_A255_fPA32_A5_A5_fPfS1_E7in_tile_1_1_0_load_17, i32 %p_ZZ5conv3PA255_A255_fPA32_A5_A5_fPfS1_E7in_tile_2_2_0_load_17, i32 %p_ZZ5conv3PA255_A255_fPA32_A5_A5_fPfS1_E7in_tile_2_3_0_load_17, i32 %p_ZZ5conv3PA255_A255_fPA32_A5_A5_fPfS1_E7in_tile_2_4_0_load_17, i32 %p_ZZ5conv3PA255_A255_fPA32_A5_A5_fPfS1_E7in_tile_2_0_0_load_17, i32 %p_ZZ5conv3PA255_A255_fPA32_A5_A5_fPfS1_E7in_tile_2_1_0_load_17, i32 %p_ZZ5conv3PA255_A255_fPA32_A5_A5_fPfS1_E7in_tile_3_2_0_load_17, i32 %p_ZZ5conv3PA255_A255_fPA32_A5_A5_fPfS1_E7in_tile_3_3_0_load_17, i32 %p_ZZ5conv3PA255_A255_fPA32_A5_A5_fPfS1_E7in_tile_3_4_0_load_17, i32 %p_ZZ5conv3PA255_A255_fPA32_A5_A5_fPfS1_E7in_tile_3_0_0_load_17, i32 %p_ZZ5conv3PA255_A255_fPA32_A5_A5_fPfS1_E7in_tile_3_1_0_load_17, i32 %p_ZZ5conv3PA255_A255_fPA32_A5_A5_fPfS1_E7in_tile_4_2_0_load_17, i32 %p_ZZ5conv3PA255_A255_fPA32_A5_A5_fPfS1_E7in_tile_4_3_0_load_17, i32 %p_ZZ5conv3PA255_A255_fPA32_A5_A5_fPfS1_E7in_tile_4_4_0_load_17, i32 %p_ZZ5conv3PA255_A255_fPA32_A5_A5_fPfS1_E7in_tile_4_0_0_load_17, i32 %p_ZZ5conv3PA255_A255_fPA32_A5_A5_fPfS1_E7in_tile_4_1_0_load_17, i32 %p_ZZ5conv3PA255_A255_fPA32_A5_A5_fPfS1_E7in_tile_0_3_0_load_18, i32 %p_ZZ5conv3PA255_A255_fPA32_A5_A5_fPfS1_E7in_tile_0_4_0_load_18, i32 %p_ZZ5conv3PA255_A255_fPA32_A5_A5_fPfS1_E7in_tile_0_0_0_load_18, i32 %p_ZZ5conv3PA255_A255_fPA32_A5_A5_fPfS1_E7in_tile_0_1_0_load_18, i32 %p_ZZ5conv3PA255_A255_fPA32_A5_A5_fPfS1_E7in_tile_0_2_0_load_18, i32 %p_ZZ5conv3PA255_A255_fPA32_A5_A5_fPfS1_E7in_tile_1_3_0_load_18, i32 %p_ZZ5conv3PA255_A255_fPA32_A5_A5_fPfS1_E7in_tile_1_4_0_load_18, i32 %p_ZZ5conv3PA255_A255_fPA32_A5_A5_fPfS1_E7in_tile_1_0_0_load_18, i32 %p_ZZ5conv3PA255_A255_fPA32_A5_A5_fPfS1_E7in_tile_1_1_0_load_18, i32 %p_ZZ5conv3PA255_A255_fPA32_A5_A5_fPfS1_E7in_tile_1_2_0_load_18, i32 %p_ZZ5conv3PA255_A255_fPA32_A5_A5_fPfS1_E7in_tile_2_3_0_load_18, i32 %p_ZZ5conv3PA255_A255_fPA32_A5_A5_fPfS1_E7in_tile_2_4_0_load_18, i32 %p_ZZ5conv3PA255_A255_fPA32_A5_A5_fPfS1_E7in_tile_2_0_0_load_18, i32 %p_ZZ5conv3PA255_A255_fPA32_A5_A5_fPfS1_E7in_tile_2_1_0_load_18, i32 %p_ZZ5conv3PA255_A255_fPA32_A5_A5_fPfS1_E7in_tile_2_2_0_load_18, i32 %p_ZZ5conv3PA255_A255_fPA32_A5_A5_fPfS1_E7in_tile_3_3_0_load_18, i32 %p_ZZ5conv3PA255_A255_fPA32_A5_A5_fPfS1_E7in_tile_3_4_0_load_18, i32 %p_ZZ5conv3PA255_A255_fPA32_A5_A5_fPfS1_E7in_tile_3_0_0_load_18, i32 %p_ZZ5conv3PA255_A255_fPA32_A5_A5_fPfS1_E7in_tile_3_1_0_load_18, i32 %p_ZZ5conv3PA255_A255_fPA32_A5_A5_fPfS1_E7in_tile_3_2_0_load_18, i32 %p_ZZ5conv3PA255_A255_fPA32_A5_A5_fPfS1_E7in_tile_4_3_0_load_18, i32 %p_ZZ5conv3PA255_A255_fPA32_A5_A5_fPfS1_E7in_tile_4_4_0_load_18, i32 %p_ZZ5conv3PA255_A255_fPA32_A5_A5_fPfS1_E7in_tile_4_0_0_load_18, i32 %p_ZZ5conv3PA255_A255_fPA32_A5_A5_fPfS1_E7in_tile_4_1_0_load_18, i32 %p_ZZ5conv3PA255_A255_fPA32_A5_A5_fPfS1_E7in_tile_4_2_0_load_18, i32 %p_ZZ5conv3PA255_A255_fPA32_A5_A5_fPfS1_E7in_tile_0_4_0_load_19, i32 %p_ZZ5conv3PA255_A255_fPA32_A5_A5_fPfS1_E7in_tile_0_0_0_load_19, i32 %p_ZZ5conv3PA255_A255_fPA32_A5_A5_fPfS1_E7in_tile_0_1_0_load_19, i32 %p_ZZ5conv3PA255_A255_fPA32_A5_A5_fPfS1_E7in_tile_0_2_0_load_19, i32 %p_ZZ5conv3PA255_A255_fPA32_A5_A5_fPfS1_E7in_tile_0_3_0_load_19, i32 %p_ZZ5conv3PA255_A255_fPA32_A5_A5_fPfS1_E7in_tile_1_4_0_load_19, i32 %p_ZZ5conv3PA255_A255_fPA32_A5_A5_fPfS1_E7in_tile_1_0_0_load_19, i32 %p_ZZ5conv3PA255_A255_fPA32_A5_A5_fPfS1_E7in_tile_1_1_0_load_19, i32 %p_ZZ5conv3PA255_A255_fPA32_A5_A5_fPfS1_E7in_tile_1_2_0_load_19, i32 %p_ZZ5conv3PA255_A255_fPA32_A5_A5_fPfS1_E7in_tile_1_3_0_load_19, i32 %p_ZZ5conv3PA255_A255_fPA32_A5_A5_fPfS1_E7in_tile_2_4_0_load_19, i32 %p_ZZ5conv3PA255_A255_fPA32_A5_A5_fPfS1_E7in_tile_2_0_0_load_19, i32 %p_ZZ5conv3PA255_A255_fPA32_A5_A5_fPfS1_E7in_tile_2_1_0_load_19, i32 %p_ZZ5conv3PA255_A255_fPA32_A5_A5_fPfS1_E7in_tile_2_2_0_load_19, i32 %p_ZZ5conv3PA255_A255_fPA32_A5_A5_fPfS1_E7in_tile_2_3_0_load_19, i32 %p_ZZ5conv3PA255_A255_fPA32_A5_A5_fPfS1_E7in_tile_3_4_0_load_19, i32 %p_ZZ5conv3PA255_A255_fPA32_A5_A5_fPfS1_E7in_tile_3_0_0_load_19, i32 %p_ZZ5conv3PA255_A255_fPA32_A5_A5_fPfS1_E7in_tile_3_1_0_load_19, i32 %p_ZZ5conv3PA255_A255_fPA32_A5_A5_fPfS1_E7in_tile_3_2_0_load_19, i32 %p_ZZ5conv3PA255_A255_fPA32_A5_A5_fPfS1_E7in_tile_3_3_0_load_19, i32 %p_ZZ5conv3PA255_A255_fPA32_A5_A5_fPfS1_E7in_tile_4_4_0_load_19, i32 %p_ZZ5conv3PA255_A255_fPA32_A5_A5_fPfS1_E7in_tile_4_0_0_load_19, i32 %p_ZZ5conv3PA255_A255_fPA32_A5_A5_fPfS1_E7in_tile_4_1_0_load_19, i32 %p_ZZ5conv3PA255_A255_fPA32_A5_A5_fPfS1_E7in_tile_4_2_0_load_19, i32 %p_ZZ5conv3PA255_A255_fPA32_A5_A5_fPfS1_E7in_tile_4_3_0_load_19, i32 %p_ZZ5conv3PA255_A255_fPA32_A5_A5_fPfS1_E7in_tile_0_0_0_load_20, i32 %p_ZZ5conv3PA255_A255_fPA32_A5_A5_fPfS1_E7in_tile_0_1_0_load_20, i32 %p_ZZ5conv3PA255_A255_fPA32_A5_A5_fPfS1_E7in_tile_0_2_0_load_20, i32 %p_ZZ5conv3PA255_A255_fPA32_A5_A5_fPfS1_E7in_tile_0_3_0_load_20, i32 %p_ZZ5conv3PA255_A255_fPA32_A5_A5_fPfS1_E7in_tile_0_4_0_load_20, i32 %p_ZZ5conv3PA255_A255_fPA32_A5_A5_fPfS1_E7in_tile_1_0_0_load_20, i32 %p_ZZ5conv3PA255_A255_fPA32_A5_A5_fPfS1_E7in_tile_1_1_0_load_20, i32 %p_ZZ5conv3PA255_A255_fPA32_A5_A5_fPfS1_E7in_tile_1_2_0_load_20, i32 %p_ZZ5conv3PA255_A255_fPA32_A5_A5_fPfS1_E7in_tile_1_3_0_load_20, i32 %p_ZZ5conv3PA255_A255_fPA32_A5_A5_fPfS1_E7in_tile_1_4_0_load_20, i32 %p_ZZ5conv3PA255_A255_fPA32_A5_A5_fPfS1_E7in_tile_2_0_0_load_20, i32 %p_ZZ5conv3PA255_A255_fPA32_A5_A5_fPfS1_E7in_tile_2_1_0_load_20, i32 %p_ZZ5conv3PA255_A255_fPA32_A5_A5_fPfS1_E7in_tile_2_2_0_load_20, i32 %p_ZZ5conv3PA255_A255_fPA32_A5_A5_fPfS1_E7in_tile_2_3_0_load_20, i32 %p_ZZ5conv3PA255_A255_fPA32_A5_A5_fPfS1_E7in_tile_2_4_0_load_20, i32 %p_ZZ5conv3PA255_A255_fPA32_A5_A5_fPfS1_E7in_tile_3_0_0_load_20, i32 %p_ZZ5conv3PA255_A255_fPA32_A5_A5_fPfS1_E7in_tile_3_1_0_load_20, i32 %p_ZZ5conv3PA255_A255_fPA32_A5_A5_fPfS1_E7in_tile_3_2_0_load_20, i32 %p_ZZ5conv3PA255_A255_fPA32_A5_A5_fPfS1_E7in_tile_3_3_0_load_20, i32 %p_ZZ5conv3PA255_A255_fPA32_A5_A5_fPfS1_E7in_tile_3_4_0_load_20, i32 %p_ZZ5conv3PA255_A255_fPA32_A5_A5_fPfS1_E7in_tile_4_0_0_load_20, i32 %p_ZZ5conv3PA255_A255_fPA32_A5_A5_fPfS1_E7in_tile_4_1_0_load_20, i32 %p_ZZ5conv3PA255_A255_fPA32_A5_A5_fPfS1_E7in_tile_4_2_0_load_20, i32 %p_ZZ5conv3PA255_A255_fPA32_A5_A5_fPfS1_E7in_tile_4_3_0_load_20, i32 %p_ZZ5conv3PA255_A255_fPA32_A5_A5_fPfS1_E7in_tile_4_4_0_load_20, i32 %p_ZZ5conv3PA255_A255_fPA32_A5_A5_fPfS1_E7in_tile_0_1_0_load_21, i32 %p_ZZ5conv3PA255_A255_fPA32_A5_A5_fPfS1_E7in_tile_0_2_0_load_21, i32 %p_ZZ5conv3PA255_A255_fPA32_A5_A5_fPfS1_E7in_tile_0_3_0_load_21, i32 %p_ZZ5conv3PA255_A255_fPA32_A5_A5_fPfS1_E7in_tile_0_4_0_load_21, i32 %p_ZZ5conv3PA255_A255_fPA32_A5_A5_fPfS1_E7in_tile_0_0_0_load_21, i32 %p_ZZ5conv3PA255_A255_fPA32_A5_A5_fPfS1_E7in_tile_1_1_0_load_21, i32 %p_ZZ5conv3PA255_A255_fPA32_A5_A5_fPfS1_E7in_tile_1_2_0_load_21, i32 %p_ZZ5conv3PA255_A255_fPA32_A5_A5_fPfS1_E7in_tile_1_3_0_load_21, i32 %p_ZZ5conv3PA255_A255_fPA32_A5_A5_fPfS1_E7in_tile_1_4_0_load_21, i32 %p_ZZ5conv3PA255_A255_fPA32_A5_A5_fPfS1_E7in_tile_1_0_0_load_21, i32 %p_ZZ5conv3PA255_A255_fPA32_A5_A5_fPfS1_E7in_tile_2_1_0_load_21, i32 %p_ZZ5conv3PA255_A255_fPA32_A5_A5_fPfS1_E7in_tile_2_2_0_load_21, i32 %p_ZZ5conv3PA255_A255_fPA32_A5_A5_fPfS1_E7in_tile_2_3_0_load_21, i32 %p_ZZ5conv3PA255_A255_fPA32_A5_A5_fPfS1_E7in_tile_2_4_0_load_21, i32 %p_ZZ5conv3PA255_A255_fPA32_A5_A5_fPfS1_E7in_tile_2_0_0_load_21, i32 %p_ZZ5conv3PA255_A255_fPA32_A5_A5_fPfS1_E7in_tile_3_1_0_load_21, i32 %p_ZZ5conv3PA255_A255_fPA32_A5_A5_fPfS1_E7in_tile_3_2_0_load_21, i32 %p_ZZ5conv3PA255_A255_fPA32_A5_A5_fPfS1_E7in_tile_3_3_0_load_21, i32 %p_ZZ5conv3PA255_A255_fPA32_A5_A5_fPfS1_E7in_tile_3_4_0_load_21, i32 %p_ZZ5conv3PA255_A255_fPA32_A5_A5_fPfS1_E7in_tile_3_0_0_load_21, i32 %p_ZZ5conv3PA255_A255_fPA32_A5_A5_fPfS1_E7in_tile_4_1_0_load_21, i32 %p_ZZ5conv3PA255_A255_fPA32_A5_A5_fPfS1_E7in_tile_4_2_0_load_21, i32 %p_ZZ5conv3PA255_A255_fPA32_A5_A5_fPfS1_E7in_tile_4_3_0_load_21, i32 %p_ZZ5conv3PA255_A255_fPA32_A5_A5_fPfS1_E7in_tile_4_4_0_load_21, i32 %p_ZZ5conv3PA255_A255_fPA32_A5_A5_fPfS1_E7in_tile_4_0_0_load_21, i32 %p_ZZ5conv3PA255_A255_fPA32_A5_A5_fPfS1_E7in_tile_0_2_0_load_22, i32 %p_ZZ5conv3PA255_A255_fPA32_A5_A5_fPfS1_E7in_tile_0_3_0_load_22, i32 %p_ZZ5conv3PA255_A255_fPA32_A5_A5_fPfS1_E7in_tile_0_4_0_load_22, i32 %p_ZZ5conv3PA255_A255_fPA32_A5_A5_fPfS1_E7in_tile_0_0_0_load_22, i32 %p_ZZ5conv3PA255_A255_fPA32_A5_A5_fPfS1_E7in_tile_0_1_0_load_22, i32 %p_ZZ5conv3PA255_A255_fPA32_A5_A5_fPfS1_E7in_tile_1_2_0_load_22, i32 %p_ZZ5conv3PA255_A255_fPA32_A5_A5_fPfS1_E7in_tile_1_3_0_load_22, i32 %p_ZZ5conv3PA255_A255_fPA32_A5_A5_fPfS1_E7in_tile_1_4_0_load_22, i32 %p_ZZ5conv3PA255_A255_fPA32_A5_A5_fPfS1_E7in_tile_1_0_0_load_22, i32 %p_ZZ5conv3PA255_A255_fPA32_A5_A5_fPfS1_E7in_tile_1_1_0_load_22, i32 %p_ZZ5conv3PA255_A255_fPA32_A5_A5_fPfS1_E7in_tile_2_2_0_load_22, i32 %p_ZZ5conv3PA255_A255_fPA32_A5_A5_fPfS1_E7in_tile_2_3_0_load_22, i32 %p_ZZ5conv3PA255_A255_fPA32_A5_A5_fPfS1_E7in_tile_2_4_0_load_22, i32 %p_ZZ5conv3PA255_A255_fPA32_A5_A5_fPfS1_E7in_tile_2_0_0_load_22, i32 %p_ZZ5conv3PA255_A255_fPA32_A5_A5_fPfS1_E7in_tile_2_1_0_load_22, i32 %p_ZZ5conv3PA255_A255_fPA32_A5_A5_fPfS1_E7in_tile_3_2_0_load_22, i32 %p_ZZ5conv3PA255_A255_fPA32_A5_A5_fPfS1_E7in_tile_3_3_0_load_22, i32 %p_ZZ5conv3PA255_A255_fPA32_A5_A5_fPfS1_E7in_tile_3_4_0_load_22, i32 %p_ZZ5conv3PA255_A255_fPA32_A5_A5_fPfS1_E7in_tile_3_0_0_load_22, i32 %p_ZZ5conv3PA255_A255_fPA32_A5_A5_fPfS1_E7in_tile_3_1_0_load_22, i32 %p_ZZ5conv3PA255_A255_fPA32_A5_A5_fPfS1_E7in_tile_4_2_0_load_22, i32 %p_ZZ5conv3PA255_A255_fPA32_A5_A5_fPfS1_E7in_tile_4_3_0_load_22, i32 %p_ZZ5conv3PA255_A255_fPA32_A5_A5_fPfS1_E7in_tile_4_4_0_load_22, i32 %p_ZZ5conv3PA255_A255_fPA32_A5_A5_fPfS1_E7in_tile_4_0_0_load_22, i32 %p_ZZ5conv3PA255_A255_fPA32_A5_A5_fPfS1_E7in_tile_4_1_0_load_22, i32 %p_ZZ5conv3PA255_A255_fPA32_A5_A5_fPfS1_E7in_tile_0_3_0_load_23, i32 %p_ZZ5conv3PA255_A255_fPA32_A5_A5_fPfS1_E7in_tile_0_4_0_load_23, i32 %p_ZZ5conv3PA255_A255_fPA32_A5_A5_fPfS1_E7in_tile_0_0_0_load_23, i32 %p_ZZ5conv3PA255_A255_fPA32_A5_A5_fPfS1_E7in_tile_0_1_0_load_23, i32 %p_ZZ5conv3PA255_A255_fPA32_A5_A5_fPfS1_E7in_tile_0_2_0_load_23, i32 %p_ZZ5conv3PA255_A255_fPA32_A5_A5_fPfS1_E7in_tile_1_3_0_load_23, i32 %p_ZZ5conv3PA255_A255_fPA32_A5_A5_fPfS1_E7in_tile_1_4_0_load_23, i32 %p_ZZ5conv3PA255_A255_fPA32_A5_A5_fPfS1_E7in_tile_1_0_0_load_23, i32 %p_ZZ5conv3PA255_A255_fPA32_A5_A5_fPfS1_E7in_tile_1_1_0_load_23, i32 %p_ZZ5conv3PA255_A255_fPA32_A5_A5_fPfS1_E7in_tile_1_2_0_load_23, i32 %p_ZZ5conv3PA255_A255_fPA32_A5_A5_fPfS1_E7in_tile_2_3_0_load_23, i32 %p_ZZ5conv3PA255_A255_fPA32_A5_A5_fPfS1_E7in_tile_2_4_0_load_23, i32 %p_ZZ5conv3PA255_A255_fPA32_A5_A5_fPfS1_E7in_tile_2_0_0_load_23, i32 %p_ZZ5conv3PA255_A255_fPA32_A5_A5_fPfS1_E7in_tile_2_1_0_load_23, i32 %p_ZZ5conv3PA255_A255_fPA32_A5_A5_fPfS1_E7in_tile_2_2_0_load_23, i32 %p_ZZ5conv3PA255_A255_fPA32_A5_A5_fPfS1_E7in_tile_3_3_0_load_23, i32 %p_ZZ5conv3PA255_A255_fPA32_A5_A5_fPfS1_E7in_tile_3_4_0_load_23, i32 %p_ZZ5conv3PA255_A255_fPA32_A5_A5_fPfS1_E7in_tile_3_0_0_load_23, i32 %p_ZZ5conv3PA255_A255_fPA32_A5_A5_fPfS1_E7in_tile_3_1_0_load_23, i32 %p_ZZ5conv3PA255_A255_fPA32_A5_A5_fPfS1_E7in_tile_3_2_0_load_23, i32 %p_ZZ5conv3PA255_A255_fPA32_A5_A5_fPfS1_E7in_tile_4_3_0_load_23, i32 %p_ZZ5conv3PA255_A255_fPA32_A5_A5_fPfS1_E7in_tile_4_4_0_load_23, i32 %p_ZZ5conv3PA255_A255_fPA32_A5_A5_fPfS1_E7in_tile_4_0_0_load_23, i32 %p_ZZ5conv3PA255_A255_fPA32_A5_A5_fPfS1_E7in_tile_4_1_0_load_23, i32 %p_ZZ5conv3PA255_A255_fPA32_A5_A5_fPfS1_E7in_tile_4_2_0_load_23, i32 %p_ZZ5conv3PA255_A255_fPA32_A5_A5_fPfS1_E7in_tile_0_4_0_load_24, i32 %p_ZZ5conv3PA255_A255_fPA32_A5_A5_fPfS1_E7in_tile_0_0_0_load_24, i32 %p_ZZ5conv3PA255_A255_fPA32_A5_A5_fPfS1_E7in_tile_0_1_0_load_24, i32 %p_ZZ5conv3PA255_A255_fPA32_A5_A5_fPfS1_E7in_tile_0_2_0_load_24, i32 %p_ZZ5conv3PA255_A255_fPA32_A5_A5_fPfS1_E7in_tile_0_3_0_load_24, i32 %p_ZZ5conv3PA255_A255_fPA32_A5_A5_fPfS1_E7in_tile_1_4_0_load_24, i32 %p_ZZ5conv3PA255_A255_fPA32_A5_A5_fPfS1_E7in_tile_1_0_0_load_24, i32 %p_ZZ5conv3PA255_A255_fPA32_A5_A5_fPfS1_E7in_tile_1_1_0_load_24, i32 %p_ZZ5conv3PA255_A255_fPA32_A5_A5_fPfS1_E7in_tile_1_2_0_load_24, i32 %p_ZZ5conv3PA255_A255_fPA32_A5_A5_fPfS1_E7in_tile_1_3_0_load_24, i32 %p_ZZ5conv3PA255_A255_fPA32_A5_A5_fPfS1_E7in_tile_2_4_0_load_24, i32 %p_ZZ5conv3PA255_A255_fPA32_A5_A5_fPfS1_E7in_tile_2_0_0_load_24, i32 %p_ZZ5conv3PA255_A255_fPA32_A5_A5_fPfS1_E7in_tile_2_1_0_load_24, i32 %p_ZZ5conv3PA255_A255_fPA32_A5_A5_fPfS1_E7in_tile_2_2_0_load_24, i32 %p_ZZ5conv3PA255_A255_fPA32_A5_A5_fPfS1_E7in_tile_2_3_0_load_24, i32 %p_ZZ5conv3PA255_A255_fPA32_A5_A5_fPfS1_E7in_tile_3_4_0_load_24, i32 %p_ZZ5conv3PA255_A255_fPA32_A5_A5_fPfS1_E7in_tile_3_0_0_load_24, i32 %p_ZZ5conv3PA255_A255_fPA32_A5_A5_fPfS1_E7in_tile_3_1_0_load_24, i32 %p_ZZ5conv3PA255_A255_fPA32_A5_A5_fPfS1_E7in_tile_3_2_0_load_24, i32 %p_ZZ5conv3PA255_A255_fPA32_A5_A5_fPfS1_E7in_tile_3_3_0_load_24, i32 %p_ZZ5conv3PA255_A255_fPA32_A5_A5_fPfS1_E7in_tile_4_4_0_load_24, i32 %p_ZZ5conv3PA255_A255_fPA32_A5_A5_fPfS1_E7in_tile_4_0_0_load_24, i32 %p_ZZ5conv3PA255_A255_fPA32_A5_A5_fPfS1_E7in_tile_4_1_0_load_24, i32 %p_ZZ5conv3PA255_A255_fPA32_A5_A5_fPfS1_E7in_tile_4_2_0_load_24, i32 %p_ZZ5conv3PA255_A255_fPA32_A5_A5_fPfS1_E7in_tile_4_3_0_load_24, i32 %out_tile, i32 %p_ZZ5conv3PA255_A255_fPA32_A5_A5_fPfS1_E6w_tile_0_0_0, i32 %p_ZZ5conv3PA255_A255_fPA32_A5_A5_fPfS1_E6w_tile_0_1_0, i32 %p_ZZ5conv3PA255_A255_fPA32_A5_A5_fPfS1_E6w_tile_0_2_0, i32 %p_ZZ5conv3PA255_A255_fPA32_A5_A5_fPfS1_E6w_tile_0_3_0, i32 %p_ZZ5conv3PA255_A255_fPA32_A5_A5_fPfS1_E6w_tile_0_4_0, i32 %p_ZZ5conv3PA255_A255_fPA32_A5_A5_fPfS1_E6w_tile_1_0_0, i32 %p_ZZ5conv3PA255_A255_fPA32_A5_A5_fPfS1_E6w_tile_1_1_0, i32 %p_ZZ5conv3PA255_A255_fPA32_A5_A5_fPfS1_E6w_tile_1_2_0, i32 %p_ZZ5conv3PA255_A255_fPA32_A5_A5_fPfS1_E6w_tile_1_3_0, i32 %p_ZZ5conv3PA255_A255_fPA32_A5_A5_fPfS1_E6w_tile_1_4_0, i32 %p_ZZ5conv3PA255_A255_fPA32_A5_A5_fPfS1_E6w_tile_2_0_0, i32 %p_ZZ5conv3PA255_A255_fPA32_A5_A5_fPfS1_E6w_tile_2_1_0, i32 %p_ZZ5conv3PA255_A255_fPA32_A5_A5_fPfS1_E6w_tile_2_2_0, i32 %p_ZZ5conv3PA255_A255_fPA32_A5_A5_fPfS1_E6w_tile_2_3_0, i32 %p_ZZ5conv3PA255_A255_fPA32_A5_A5_fPfS1_E6w_tile_2_4_0, i32 %p_ZZ5conv3PA255_A255_fPA32_A5_A5_fPfS1_E6w_tile_3_0_0, i32 %p_ZZ5conv3PA255_A255_fPA32_A5_A5_fPfS1_E6w_tile_3_1_0, i32 %p_ZZ5conv3PA255_A255_fPA32_A5_A5_fPfS1_E6w_tile_3_2_0, i32 %p_ZZ5conv3PA255_A255_fPA32_A5_A5_fPfS1_E6w_tile_3_3_0, i32 %p_ZZ5conv3PA255_A255_fPA32_A5_A5_fPfS1_E6w_tile_3_4_0, i32 %p_ZZ5conv3PA255_A255_fPA32_A5_A5_fPfS1_E6w_tile_4_0_0, i32 %p_ZZ5conv3PA255_A255_fPA32_A5_A5_fPfS1_E6w_tile_4_1_0, i32 %p_ZZ5conv3PA255_A255_fPA32_A5_A5_fPfS1_E6w_tile_4_2_0, i32 %p_ZZ5conv3PA255_A255_fPA32_A5_A5_fPfS1_E6w_tile_4_3_0, i32 %p_ZZ5conv3PA255_A255_fPA32_A5_A5_fPfS1_E6w_tile_4_4_0" [src/conv3.cpp:74]   --->   Operation 2061 'call' 'call_ln74' <Predicate = true> <Delay = 0.00> <CoreType = "Generic">   --->   Core 0 '' <Latency = 0> <II = 1> <Delay = 1.00> <Generic> <Opcode : >

State 25 <SV = 24> <Delay = 0.42>
ST_25 : Operation 2062 [1/2] (0.00ns)   --->   "%call_ln74 = call void @compute_tile_c3_Pipeline_VITIS_LOOP_77_3, i6 %select_ln74_1, i6 %select_ln74, i32 %p_ZZ5conv3PA255_A255_fPA32_A5_A5_fPfS1_E7in_tile_0_0_0_load, i32 %p_ZZ5conv3PA255_A255_fPA32_A5_A5_fPfS1_E7in_tile_0_1_0_load, i32 %p_ZZ5conv3PA255_A255_fPA32_A5_A5_fPfS1_E7in_tile_0_2_0_load, i32 %p_ZZ5conv3PA255_A255_fPA32_A5_A5_fPfS1_E7in_tile_0_3_0_load, i32 %p_ZZ5conv3PA255_A255_fPA32_A5_A5_fPfS1_E7in_tile_0_4_0_load, i3 %trunc_ln75, i32 %p_ZZ5conv3PA255_A255_fPA32_A5_A5_fPfS1_E7in_tile_1_0_0_load, i32 %p_ZZ5conv3PA255_A255_fPA32_A5_A5_fPfS1_E7in_tile_1_1_0_load, i32 %p_ZZ5conv3PA255_A255_fPA32_A5_A5_fPfS1_E7in_tile_1_2_0_load, i32 %p_ZZ5conv3PA255_A255_fPA32_A5_A5_fPfS1_E7in_tile_1_3_0_load, i32 %p_ZZ5conv3PA255_A255_fPA32_A5_A5_fPfS1_E7in_tile_1_4_0_load, i32 %p_ZZ5conv3PA255_A255_fPA32_A5_A5_fPfS1_E7in_tile_2_0_0_load, i32 %p_ZZ5conv3PA255_A255_fPA32_A5_A5_fPfS1_E7in_tile_2_1_0_load, i32 %p_ZZ5conv3PA255_A255_fPA32_A5_A5_fPfS1_E7in_tile_2_2_0_load, i32 %p_ZZ5conv3PA255_A255_fPA32_A5_A5_fPfS1_E7in_tile_2_3_0_load, i32 %p_ZZ5conv3PA255_A255_fPA32_A5_A5_fPfS1_E7in_tile_2_4_0_load, i32 %p_ZZ5conv3PA255_A255_fPA32_A5_A5_fPfS1_E7in_tile_3_0_0_load, i32 %p_ZZ5conv3PA255_A255_fPA32_A5_A5_fPfS1_E7in_tile_3_1_0_load, i32 %p_ZZ5conv3PA255_A255_fPA32_A5_A5_fPfS1_E7in_tile_3_2_0_load, i32 %p_ZZ5conv3PA255_A255_fPA32_A5_A5_fPfS1_E7in_tile_3_3_0_load, i32 %p_ZZ5conv3PA255_A255_fPA32_A5_A5_fPfS1_E7in_tile_3_4_0_load, i32 %p_ZZ5conv3PA255_A255_fPA32_A5_A5_fPfS1_E7in_tile_4_0_0_load, i32 %p_ZZ5conv3PA255_A255_fPA32_A5_A5_fPfS1_E7in_tile_4_1_0_load, i32 %p_ZZ5conv3PA255_A255_fPA32_A5_A5_fPfS1_E7in_tile_4_2_0_load, i32 %p_ZZ5conv3PA255_A255_fPA32_A5_A5_fPfS1_E7in_tile_4_3_0_load, i32 %p_ZZ5conv3PA255_A255_fPA32_A5_A5_fPfS1_E7in_tile_4_4_0_load, i3 %trunc_ln74, i32 %p_ZZ5conv3PA255_A255_fPA32_A5_A5_fPfS1_E7in_tile_0_1_0_load_1, i32 %p_ZZ5conv3PA255_A255_fPA32_A5_A5_fPfS1_E7in_tile_0_2_0_load_1, i32 %p_ZZ5conv3PA255_A255_fPA32_A5_A5_fPfS1_E7in_tile_0_3_0_load_1, i32 %p_ZZ5conv3PA255_A255_fPA32_A5_A5_fPfS1_E7in_tile_0_4_0_load_1, i32 %p_ZZ5conv3PA255_A255_fPA32_A5_A5_fPfS1_E7in_tile_0_0_0_load_1, i32 %p_ZZ5conv3PA255_A255_fPA32_A5_A5_fPfS1_E7in_tile_1_1_0_load_1, i32 %p_ZZ5conv3PA255_A255_fPA32_A5_A5_fPfS1_E7in_tile_1_2_0_load_1, i32 %p_ZZ5conv3PA255_A255_fPA32_A5_A5_fPfS1_E7in_tile_1_3_0_load_1, i32 %p_ZZ5conv3PA255_A255_fPA32_A5_A5_fPfS1_E7in_tile_1_4_0_load_1, i32 %p_ZZ5conv3PA255_A255_fPA32_A5_A5_fPfS1_E7in_tile_1_0_0_load_1, i32 %p_ZZ5conv3PA255_A255_fPA32_A5_A5_fPfS1_E7in_tile_2_1_0_load_1, i32 %p_ZZ5conv3PA255_A255_fPA32_A5_A5_fPfS1_E7in_tile_2_2_0_load_1, i32 %p_ZZ5conv3PA255_A255_fPA32_A5_A5_fPfS1_E7in_tile_2_3_0_load_1, i32 %p_ZZ5conv3PA255_A255_fPA32_A5_A5_fPfS1_E7in_tile_2_4_0_load_1, i32 %p_ZZ5conv3PA255_A255_fPA32_A5_A5_fPfS1_E7in_tile_2_0_0_load_1, i32 %p_ZZ5conv3PA255_A255_fPA32_A5_A5_fPfS1_E7in_tile_3_1_0_load_1, i32 %p_ZZ5conv3PA255_A255_fPA32_A5_A5_fPfS1_E7in_tile_3_2_0_load_1, i32 %p_ZZ5conv3PA255_A255_fPA32_A5_A5_fPfS1_E7in_tile_3_3_0_load_1, i32 %p_ZZ5conv3PA255_A255_fPA32_A5_A5_fPfS1_E7in_tile_3_4_0_load_1, i32 %p_ZZ5conv3PA255_A255_fPA32_A5_A5_fPfS1_E7in_tile_3_0_0_load_1, i32 %p_ZZ5conv3PA255_A255_fPA32_A5_A5_fPfS1_E7in_tile_4_1_0_load_1, i32 %p_ZZ5conv3PA255_A255_fPA32_A5_A5_fPfS1_E7in_tile_4_2_0_load_1, i32 %p_ZZ5conv3PA255_A255_fPA32_A5_A5_fPfS1_E7in_tile_4_3_0_load_1, i32 %p_ZZ5conv3PA255_A255_fPA32_A5_A5_fPfS1_E7in_tile_4_4_0_load_1, i32 %p_ZZ5conv3PA255_A255_fPA32_A5_A5_fPfS1_E7in_tile_4_0_0_load_1, i32 %p_ZZ5conv3PA255_A255_fPA32_A5_A5_fPfS1_E7in_tile_0_2_0_load_2, i32 %p_ZZ5conv3PA255_A255_fPA32_A5_A5_fPfS1_E7in_tile_0_3_0_load_2, i32 %p_ZZ5conv3PA255_A255_fPA32_A5_A5_fPfS1_E7in_tile_0_4_0_load_2, i32 %p_ZZ5conv3PA255_A255_fPA32_A5_A5_fPfS1_E7in_tile_0_0_0_load_2, i32 %p_ZZ5conv3PA255_A255_fPA32_A5_A5_fPfS1_E7in_tile_0_1_0_load_2, i32 %p_ZZ5conv3PA255_A255_fPA32_A5_A5_fPfS1_E7in_tile_1_2_0_load_2, i32 %p_ZZ5conv3PA255_A255_fPA32_A5_A5_fPfS1_E7in_tile_1_3_0_load_2, i32 %p_ZZ5conv3PA255_A255_fPA32_A5_A5_fPfS1_E7in_tile_1_4_0_load_2, i32 %p_ZZ5conv3PA255_A255_fPA32_A5_A5_fPfS1_E7in_tile_1_0_0_load_2, i32 %p_ZZ5conv3PA255_A255_fPA32_A5_A5_fPfS1_E7in_tile_1_1_0_load_2, i32 %p_ZZ5conv3PA255_A255_fPA32_A5_A5_fPfS1_E7in_tile_2_2_0_load_2, i32 %p_ZZ5conv3PA255_A255_fPA32_A5_A5_fPfS1_E7in_tile_2_3_0_load_2, i32 %p_ZZ5conv3PA255_A255_fPA32_A5_A5_fPfS1_E7in_tile_2_4_0_load_2, i32 %p_ZZ5conv3PA255_A255_fPA32_A5_A5_fPfS1_E7in_tile_2_0_0_load_2, i32 %p_ZZ5conv3PA255_A255_fPA32_A5_A5_fPfS1_E7in_tile_2_1_0_load_2, i32 %p_ZZ5conv3PA255_A255_fPA32_A5_A5_fPfS1_E7in_tile_3_2_0_load_2, i32 %p_ZZ5conv3PA255_A255_fPA32_A5_A5_fPfS1_E7in_tile_3_3_0_load_2, i32 %p_ZZ5conv3PA255_A255_fPA32_A5_A5_fPfS1_E7in_tile_3_4_0_load_2, i32 %p_ZZ5conv3PA255_A255_fPA32_A5_A5_fPfS1_E7in_tile_3_0_0_load_2, i32 %p_ZZ5conv3PA255_A255_fPA32_A5_A5_fPfS1_E7in_tile_3_1_0_load_2, i32 %p_ZZ5conv3PA255_A255_fPA32_A5_A5_fPfS1_E7in_tile_4_2_0_load_2, i32 %p_ZZ5conv3PA255_A255_fPA32_A5_A5_fPfS1_E7in_tile_4_3_0_load_2, i32 %p_ZZ5conv3PA255_A255_fPA32_A5_A5_fPfS1_E7in_tile_4_4_0_load_2, i32 %p_ZZ5conv3PA255_A255_fPA32_A5_A5_fPfS1_E7in_tile_4_0_0_load_2, i32 %p_ZZ5conv3PA255_A255_fPA32_A5_A5_fPfS1_E7in_tile_4_1_0_load_2, i32 %p_ZZ5conv3PA255_A255_fPA32_A5_A5_fPfS1_E7in_tile_0_3_0_load_3, i32 %p_ZZ5conv3PA255_A255_fPA32_A5_A5_fPfS1_E7in_tile_0_4_0_load_3, i32 %p_ZZ5conv3PA255_A255_fPA32_A5_A5_fPfS1_E7in_tile_0_0_0_load_3, i32 %p_ZZ5conv3PA255_A255_fPA32_A5_A5_fPfS1_E7in_tile_0_1_0_load_3, i32 %p_ZZ5conv3PA255_A255_fPA32_A5_A5_fPfS1_E7in_tile_0_2_0_load_3, i32 %p_ZZ5conv3PA255_A255_fPA32_A5_A5_fPfS1_E7in_tile_1_3_0_load_3, i32 %p_ZZ5conv3PA255_A255_fPA32_A5_A5_fPfS1_E7in_tile_1_4_0_load_3, i32 %p_ZZ5conv3PA255_A255_fPA32_A5_A5_fPfS1_E7in_tile_1_0_0_load_3, i32 %p_ZZ5conv3PA255_A255_fPA32_A5_A5_fPfS1_E7in_tile_1_1_0_load_3, i32 %p_ZZ5conv3PA255_A255_fPA32_A5_A5_fPfS1_E7in_tile_1_2_0_load_3, i32 %p_ZZ5conv3PA255_A255_fPA32_A5_A5_fPfS1_E7in_tile_2_3_0_load_3, i32 %p_ZZ5conv3PA255_A255_fPA32_A5_A5_fPfS1_E7in_tile_2_4_0_load_3, i32 %p_ZZ5conv3PA255_A255_fPA32_A5_A5_fPfS1_E7in_tile_2_0_0_load_3, i32 %p_ZZ5conv3PA255_A255_fPA32_A5_A5_fPfS1_E7in_tile_2_1_0_load_3, i32 %p_ZZ5conv3PA255_A255_fPA32_A5_A5_fPfS1_E7in_tile_2_2_0_load_3, i32 %p_ZZ5conv3PA255_A255_fPA32_A5_A5_fPfS1_E7in_tile_3_3_0_load_3, i32 %p_ZZ5conv3PA255_A255_fPA32_A5_A5_fPfS1_E7in_tile_3_4_0_load_3, i32 %p_ZZ5conv3PA255_A255_fPA32_A5_A5_fPfS1_E7in_tile_3_0_0_load_3, i32 %p_ZZ5conv3PA255_A255_fPA32_A5_A5_fPfS1_E7in_tile_3_1_0_load_3, i32 %p_ZZ5conv3PA255_A255_fPA32_A5_A5_fPfS1_E7in_tile_3_2_0_load_3, i32 %p_ZZ5conv3PA255_A255_fPA32_A5_A5_fPfS1_E7in_tile_4_3_0_load_3, i32 %p_ZZ5conv3PA255_A255_fPA32_A5_A5_fPfS1_E7in_tile_4_4_0_load_3, i32 %p_ZZ5conv3PA255_A255_fPA32_A5_A5_fPfS1_E7in_tile_4_0_0_load_3, i32 %p_ZZ5conv3PA255_A255_fPA32_A5_A5_fPfS1_E7in_tile_4_1_0_load_3, i32 %p_ZZ5conv3PA255_A255_fPA32_A5_A5_fPfS1_E7in_tile_4_2_0_load_3, i32 %p_ZZ5conv3PA255_A255_fPA32_A5_A5_fPfS1_E7in_tile_0_4_0_load_4, i32 %p_ZZ5conv3PA255_A255_fPA32_A5_A5_fPfS1_E7in_tile_0_0_0_load_4, i32 %p_ZZ5conv3PA255_A255_fPA32_A5_A5_fPfS1_E7in_tile_0_1_0_load_4, i32 %p_ZZ5conv3PA255_A255_fPA32_A5_A5_fPfS1_E7in_tile_0_2_0_load_4, i32 %p_ZZ5conv3PA255_A255_fPA32_A5_A5_fPfS1_E7in_tile_0_3_0_load_4, i32 %p_ZZ5conv3PA255_A255_fPA32_A5_A5_fPfS1_E7in_tile_1_4_0_load_4, i32 %p_ZZ5conv3PA255_A255_fPA32_A5_A5_fPfS1_E7in_tile_1_0_0_load_4, i32 %p_ZZ5conv3PA255_A255_fPA32_A5_A5_fPfS1_E7in_tile_1_1_0_load_4, i32 %p_ZZ5conv3PA255_A255_fPA32_A5_A5_fPfS1_E7in_tile_1_2_0_load_4, i32 %p_ZZ5conv3PA255_A255_fPA32_A5_A5_fPfS1_E7in_tile_1_3_0_load_4, i32 %p_ZZ5conv3PA255_A255_fPA32_A5_A5_fPfS1_E7in_tile_2_4_0_load_4, i32 %p_ZZ5conv3PA255_A255_fPA32_A5_A5_fPfS1_E7in_tile_2_0_0_load_4, i32 %p_ZZ5conv3PA255_A255_fPA32_A5_A5_fPfS1_E7in_tile_2_1_0_load_4, i32 %p_ZZ5conv3PA255_A255_fPA32_A5_A5_fPfS1_E7in_tile_2_2_0_load_4, i32 %p_ZZ5conv3PA255_A255_fPA32_A5_A5_fPfS1_E7in_tile_2_3_0_load_4, i32 %p_ZZ5conv3PA255_A255_fPA32_A5_A5_fPfS1_E7in_tile_3_4_0_load_4, i32 %p_ZZ5conv3PA255_A255_fPA32_A5_A5_fPfS1_E7in_tile_3_0_0_load_4, i32 %p_ZZ5conv3PA255_A255_fPA32_A5_A5_fPfS1_E7in_tile_3_1_0_load_4, i32 %p_ZZ5conv3PA255_A255_fPA32_A5_A5_fPfS1_E7in_tile_3_2_0_load_4, i32 %p_ZZ5conv3PA255_A255_fPA32_A5_A5_fPfS1_E7in_tile_3_3_0_load_4, i32 %p_ZZ5conv3PA255_A255_fPA32_A5_A5_fPfS1_E7in_tile_4_4_0_load_4, i32 %p_ZZ5conv3PA255_A255_fPA32_A5_A5_fPfS1_E7in_tile_4_0_0_load_4, i32 %p_ZZ5conv3PA255_A255_fPA32_A5_A5_fPfS1_E7in_tile_4_1_0_load_4, i32 %p_ZZ5conv3PA255_A255_fPA32_A5_A5_fPfS1_E7in_tile_4_2_0_load_4, i32 %p_ZZ5conv3PA255_A255_fPA32_A5_A5_fPfS1_E7in_tile_4_3_0_load_4, i32 %p_ZZ5conv3PA255_A255_fPA32_A5_A5_fPfS1_E7in_tile_0_0_0_load_5, i32 %p_ZZ5conv3PA255_A255_fPA32_A5_A5_fPfS1_E7in_tile_0_1_0_load_5, i32 %p_ZZ5conv3PA255_A255_fPA32_A5_A5_fPfS1_E7in_tile_0_2_0_load_5, i32 %p_ZZ5conv3PA255_A255_fPA32_A5_A5_fPfS1_E7in_tile_0_3_0_load_5, i32 %p_ZZ5conv3PA255_A255_fPA32_A5_A5_fPfS1_E7in_tile_0_4_0_load_5, i32 %p_ZZ5conv3PA255_A255_fPA32_A5_A5_fPfS1_E7in_tile_1_0_0_load_5, i32 %p_ZZ5conv3PA255_A255_fPA32_A5_A5_fPfS1_E7in_tile_1_1_0_load_5, i32 %p_ZZ5conv3PA255_A255_fPA32_A5_A5_fPfS1_E7in_tile_1_2_0_load_5, i32 %p_ZZ5conv3PA255_A255_fPA32_A5_A5_fPfS1_E7in_tile_1_3_0_load_5, i32 %p_ZZ5conv3PA255_A255_fPA32_A5_A5_fPfS1_E7in_tile_1_4_0_load_5, i32 %p_ZZ5conv3PA255_A255_fPA32_A5_A5_fPfS1_E7in_tile_2_0_0_load_5, i32 %p_ZZ5conv3PA255_A255_fPA32_A5_A5_fPfS1_E7in_tile_2_1_0_load_5, i32 %p_ZZ5conv3PA255_A255_fPA32_A5_A5_fPfS1_E7in_tile_2_2_0_load_5, i32 %p_ZZ5conv3PA255_A255_fPA32_A5_A5_fPfS1_E7in_tile_2_3_0_load_5, i32 %p_ZZ5conv3PA255_A255_fPA32_A5_A5_fPfS1_E7in_tile_2_4_0_load_5, i32 %p_ZZ5conv3PA255_A255_fPA32_A5_A5_fPfS1_E7in_tile_3_0_0_load_5, i32 %p_ZZ5conv3PA255_A255_fPA32_A5_A5_fPfS1_E7in_tile_3_1_0_load_5, i32 %p_ZZ5conv3PA255_A255_fPA32_A5_A5_fPfS1_E7in_tile_3_2_0_load_5, i32 %p_ZZ5conv3PA255_A255_fPA32_A5_A5_fPfS1_E7in_tile_3_3_0_load_5, i32 %p_ZZ5conv3PA255_A255_fPA32_A5_A5_fPfS1_E7in_tile_3_4_0_load_5, i32 %p_ZZ5conv3PA255_A255_fPA32_A5_A5_fPfS1_E7in_tile_4_0_0_load_5, i32 %p_ZZ5conv3PA255_A255_fPA32_A5_A5_fPfS1_E7in_tile_4_1_0_load_5, i32 %p_ZZ5conv3PA255_A255_fPA32_A5_A5_fPfS1_E7in_tile_4_2_0_load_5, i32 %p_ZZ5conv3PA255_A255_fPA32_A5_A5_fPfS1_E7in_tile_4_3_0_load_5, i32 %p_ZZ5conv3PA255_A255_fPA32_A5_A5_fPfS1_E7in_tile_4_4_0_load_5, i32 %p_ZZ5conv3PA255_A255_fPA32_A5_A5_fPfS1_E7in_tile_0_1_0_load_6, i32 %p_ZZ5conv3PA255_A255_fPA32_A5_A5_fPfS1_E7in_tile_0_2_0_load_6, i32 %p_ZZ5conv3PA255_A255_fPA32_A5_A5_fPfS1_E7in_tile_0_3_0_load_6, i32 %p_ZZ5conv3PA255_A255_fPA32_A5_A5_fPfS1_E7in_tile_0_4_0_load_6, i32 %p_ZZ5conv3PA255_A255_fPA32_A5_A5_fPfS1_E7in_tile_0_0_0_load_6, i32 %p_ZZ5conv3PA255_A255_fPA32_A5_A5_fPfS1_E7in_tile_1_1_0_load_6, i32 %p_ZZ5conv3PA255_A255_fPA32_A5_A5_fPfS1_E7in_tile_1_2_0_load_6, i32 %p_ZZ5conv3PA255_A255_fPA32_A5_A5_fPfS1_E7in_tile_1_3_0_load_6, i32 %p_ZZ5conv3PA255_A255_fPA32_A5_A5_fPfS1_E7in_tile_1_4_0_load_6, i32 %p_ZZ5conv3PA255_A255_fPA32_A5_A5_fPfS1_E7in_tile_1_0_0_load_6, i32 %p_ZZ5conv3PA255_A255_fPA32_A5_A5_fPfS1_E7in_tile_2_1_0_load_6, i32 %p_ZZ5conv3PA255_A255_fPA32_A5_A5_fPfS1_E7in_tile_2_2_0_load_6, i32 %p_ZZ5conv3PA255_A255_fPA32_A5_A5_fPfS1_E7in_tile_2_3_0_load_6, i32 %p_ZZ5conv3PA255_A255_fPA32_A5_A5_fPfS1_E7in_tile_2_4_0_load_6, i32 %p_ZZ5conv3PA255_A255_fPA32_A5_A5_fPfS1_E7in_tile_2_0_0_load_6, i32 %p_ZZ5conv3PA255_A255_fPA32_A5_A5_fPfS1_E7in_tile_3_1_0_load_6, i32 %p_ZZ5conv3PA255_A255_fPA32_A5_A5_fPfS1_E7in_tile_3_2_0_load_6, i32 %p_ZZ5conv3PA255_A255_fPA32_A5_A5_fPfS1_E7in_tile_3_3_0_load_6, i32 %p_ZZ5conv3PA255_A255_fPA32_A5_A5_fPfS1_E7in_tile_3_4_0_load_6, i32 %p_ZZ5conv3PA255_A255_fPA32_A5_A5_fPfS1_E7in_tile_3_0_0_load_6, i32 %p_ZZ5conv3PA255_A255_fPA32_A5_A5_fPfS1_E7in_tile_4_1_0_load_6, i32 %p_ZZ5conv3PA255_A255_fPA32_A5_A5_fPfS1_E7in_tile_4_2_0_load_6, i32 %p_ZZ5conv3PA255_A255_fPA32_A5_A5_fPfS1_E7in_tile_4_3_0_load_6, i32 %p_ZZ5conv3PA255_A255_fPA32_A5_A5_fPfS1_E7in_tile_4_4_0_load_6, i32 %p_ZZ5conv3PA255_A255_fPA32_A5_A5_fPfS1_E7in_tile_4_0_0_load_6, i32 %p_ZZ5conv3PA255_A255_fPA32_A5_A5_fPfS1_E7in_tile_0_2_0_load_7, i32 %p_ZZ5conv3PA255_A255_fPA32_A5_A5_fPfS1_E7in_tile_0_3_0_load_7, i32 %p_ZZ5conv3PA255_A255_fPA32_A5_A5_fPfS1_E7in_tile_0_4_0_load_7, i32 %p_ZZ5conv3PA255_A255_fPA32_A5_A5_fPfS1_E7in_tile_0_0_0_load_7, i32 %p_ZZ5conv3PA255_A255_fPA32_A5_A5_fPfS1_E7in_tile_0_1_0_load_7, i32 %p_ZZ5conv3PA255_A255_fPA32_A5_A5_fPfS1_E7in_tile_1_2_0_load_7, i32 %p_ZZ5conv3PA255_A255_fPA32_A5_A5_fPfS1_E7in_tile_1_3_0_load_7, i32 %p_ZZ5conv3PA255_A255_fPA32_A5_A5_fPfS1_E7in_tile_1_4_0_load_7, i32 %p_ZZ5conv3PA255_A255_fPA32_A5_A5_fPfS1_E7in_tile_1_0_0_load_7, i32 %p_ZZ5conv3PA255_A255_fPA32_A5_A5_fPfS1_E7in_tile_1_1_0_load_7, i32 %p_ZZ5conv3PA255_A255_fPA32_A5_A5_fPfS1_E7in_tile_2_2_0_load_7, i32 %p_ZZ5conv3PA255_A255_fPA32_A5_A5_fPfS1_E7in_tile_2_3_0_load_7, i32 %p_ZZ5conv3PA255_A255_fPA32_A5_A5_fPfS1_E7in_tile_2_4_0_load_7, i32 %p_ZZ5conv3PA255_A255_fPA32_A5_A5_fPfS1_E7in_tile_2_0_0_load_7, i32 %p_ZZ5conv3PA255_A255_fPA32_A5_A5_fPfS1_E7in_tile_2_1_0_load_7, i32 %p_ZZ5conv3PA255_A255_fPA32_A5_A5_fPfS1_E7in_tile_3_2_0_load_7, i32 %p_ZZ5conv3PA255_A255_fPA32_A5_A5_fPfS1_E7in_tile_3_3_0_load_7, i32 %p_ZZ5conv3PA255_A255_fPA32_A5_A5_fPfS1_E7in_tile_3_4_0_load_7, i32 %p_ZZ5conv3PA255_A255_fPA32_A5_A5_fPfS1_E7in_tile_3_0_0_load_7, i32 %p_ZZ5conv3PA255_A255_fPA32_A5_A5_fPfS1_E7in_tile_3_1_0_load_7, i32 %p_ZZ5conv3PA255_A255_fPA32_A5_A5_fPfS1_E7in_tile_4_2_0_load_7, i32 %p_ZZ5conv3PA255_A255_fPA32_A5_A5_fPfS1_E7in_tile_4_3_0_load_7, i32 %p_ZZ5conv3PA255_A255_fPA32_A5_A5_fPfS1_E7in_tile_4_4_0_load_7, i32 %p_ZZ5conv3PA255_A255_fPA32_A5_A5_fPfS1_E7in_tile_4_0_0_load_7, i32 %p_ZZ5conv3PA255_A255_fPA32_A5_A5_fPfS1_E7in_tile_4_1_0_load_7, i32 %p_ZZ5conv3PA255_A255_fPA32_A5_A5_fPfS1_E7in_tile_0_3_0_load_8, i32 %p_ZZ5conv3PA255_A255_fPA32_A5_A5_fPfS1_E7in_tile_0_4_0_load_8, i32 %p_ZZ5conv3PA255_A255_fPA32_A5_A5_fPfS1_E7in_tile_0_0_0_load_8, i32 %p_ZZ5conv3PA255_A255_fPA32_A5_A5_fPfS1_E7in_tile_0_1_0_load_8, i32 %p_ZZ5conv3PA255_A255_fPA32_A5_A5_fPfS1_E7in_tile_0_2_0_load_8, i32 %p_ZZ5conv3PA255_A255_fPA32_A5_A5_fPfS1_E7in_tile_1_3_0_load_8, i32 %p_ZZ5conv3PA255_A255_fPA32_A5_A5_fPfS1_E7in_tile_1_4_0_load_8, i32 %p_ZZ5conv3PA255_A255_fPA32_A5_A5_fPfS1_E7in_tile_1_0_0_load_8, i32 %p_ZZ5conv3PA255_A255_fPA32_A5_A5_fPfS1_E7in_tile_1_1_0_load_8, i32 %p_ZZ5conv3PA255_A255_fPA32_A5_A5_fPfS1_E7in_tile_1_2_0_load_8, i32 %p_ZZ5conv3PA255_A255_fPA32_A5_A5_fPfS1_E7in_tile_2_3_0_load_8, i32 %p_ZZ5conv3PA255_A255_fPA32_A5_A5_fPfS1_E7in_tile_2_4_0_load_8, i32 %p_ZZ5conv3PA255_A255_fPA32_A5_A5_fPfS1_E7in_tile_2_0_0_load_8, i32 %p_ZZ5conv3PA255_A255_fPA32_A5_A5_fPfS1_E7in_tile_2_1_0_load_8, i32 %p_ZZ5conv3PA255_A255_fPA32_A5_A5_fPfS1_E7in_tile_2_2_0_load_8, i32 %p_ZZ5conv3PA255_A255_fPA32_A5_A5_fPfS1_E7in_tile_3_3_0_load_8, i32 %p_ZZ5conv3PA255_A255_fPA32_A5_A5_fPfS1_E7in_tile_3_4_0_load_8, i32 %p_ZZ5conv3PA255_A255_fPA32_A5_A5_fPfS1_E7in_tile_3_0_0_load_8, i32 %p_ZZ5conv3PA255_A255_fPA32_A5_A5_fPfS1_E7in_tile_3_1_0_load_8, i32 %p_ZZ5conv3PA255_A255_fPA32_A5_A5_fPfS1_E7in_tile_3_2_0_load_8, i32 %p_ZZ5conv3PA255_A255_fPA32_A5_A5_fPfS1_E7in_tile_4_3_0_load_8, i32 %p_ZZ5conv3PA255_A255_fPA32_A5_A5_fPfS1_E7in_tile_4_4_0_load_8, i32 %p_ZZ5conv3PA255_A255_fPA32_A5_A5_fPfS1_E7in_tile_4_0_0_load_8, i32 %p_ZZ5conv3PA255_A255_fPA32_A5_A5_fPfS1_E7in_tile_4_1_0_load_8, i32 %p_ZZ5conv3PA255_A255_fPA32_A5_A5_fPfS1_E7in_tile_4_2_0_load_8, i32 %p_ZZ5conv3PA255_A255_fPA32_A5_A5_fPfS1_E7in_tile_0_4_0_load_9, i32 %p_ZZ5conv3PA255_A255_fPA32_A5_A5_fPfS1_E7in_tile_0_0_0_load_9, i32 %p_ZZ5conv3PA255_A255_fPA32_A5_A5_fPfS1_E7in_tile_0_1_0_load_9, i32 %p_ZZ5conv3PA255_A255_fPA32_A5_A5_fPfS1_E7in_tile_0_2_0_load_9, i32 %p_ZZ5conv3PA255_A255_fPA32_A5_A5_fPfS1_E7in_tile_0_3_0_load_9, i32 %p_ZZ5conv3PA255_A255_fPA32_A5_A5_fPfS1_E7in_tile_1_4_0_load_9, i32 %p_ZZ5conv3PA255_A255_fPA32_A5_A5_fPfS1_E7in_tile_1_0_0_load_9, i32 %p_ZZ5conv3PA255_A255_fPA32_A5_A5_fPfS1_E7in_tile_1_1_0_load_9, i32 %p_ZZ5conv3PA255_A255_fPA32_A5_A5_fPfS1_E7in_tile_1_2_0_load_9, i32 %p_ZZ5conv3PA255_A255_fPA32_A5_A5_fPfS1_E7in_tile_1_3_0_load_9, i32 %p_ZZ5conv3PA255_A255_fPA32_A5_A5_fPfS1_E7in_tile_2_4_0_load_9, i32 %p_ZZ5conv3PA255_A255_fPA32_A5_A5_fPfS1_E7in_tile_2_0_0_load_9, i32 %p_ZZ5conv3PA255_A255_fPA32_A5_A5_fPfS1_E7in_tile_2_1_0_load_9, i32 %p_ZZ5conv3PA255_A255_fPA32_A5_A5_fPfS1_E7in_tile_2_2_0_load_9, i32 %p_ZZ5conv3PA255_A255_fPA32_A5_A5_fPfS1_E7in_tile_2_3_0_load_9, i32 %p_ZZ5conv3PA255_A255_fPA32_A5_A5_fPfS1_E7in_tile_3_4_0_load_9, i32 %p_ZZ5conv3PA255_A255_fPA32_A5_A5_fPfS1_E7in_tile_3_0_0_load_9, i32 %p_ZZ5conv3PA255_A255_fPA32_A5_A5_fPfS1_E7in_tile_3_1_0_load_9, i32 %p_ZZ5conv3PA255_A255_fPA32_A5_A5_fPfS1_E7in_tile_3_2_0_load_9, i32 %p_ZZ5conv3PA255_A255_fPA32_A5_A5_fPfS1_E7in_tile_3_3_0_load_9, i32 %p_ZZ5conv3PA255_A255_fPA32_A5_A5_fPfS1_E7in_tile_4_4_0_load_9, i32 %p_ZZ5conv3PA255_A255_fPA32_A5_A5_fPfS1_E7in_tile_4_0_0_load_9, i32 %p_ZZ5conv3PA255_A255_fPA32_A5_A5_fPfS1_E7in_tile_4_1_0_load_9, i32 %p_ZZ5conv3PA255_A255_fPA32_A5_A5_fPfS1_E7in_tile_4_2_0_load_9, i32 %p_ZZ5conv3PA255_A255_fPA32_A5_A5_fPfS1_E7in_tile_4_3_0_load_9, i32 %p_ZZ5conv3PA255_A255_fPA32_A5_A5_fPfS1_E7in_tile_0_0_0_load_10, i32 %p_ZZ5conv3PA255_A255_fPA32_A5_A5_fPfS1_E7in_tile_0_1_0_load_10, i32 %p_ZZ5conv3PA255_A255_fPA32_A5_A5_fPfS1_E7in_tile_0_2_0_load_10, i32 %p_ZZ5conv3PA255_A255_fPA32_A5_A5_fPfS1_E7in_tile_0_3_0_load_10, i32 %p_ZZ5conv3PA255_A255_fPA32_A5_A5_fPfS1_E7in_tile_0_4_0_load_10, i32 %p_ZZ5conv3PA255_A255_fPA32_A5_A5_fPfS1_E7in_tile_1_0_0_load_10, i32 %p_ZZ5conv3PA255_A255_fPA32_A5_A5_fPfS1_E7in_tile_1_1_0_load_10, i32 %p_ZZ5conv3PA255_A255_fPA32_A5_A5_fPfS1_E7in_tile_1_2_0_load_10, i32 %p_ZZ5conv3PA255_A255_fPA32_A5_A5_fPfS1_E7in_tile_1_3_0_load_10, i32 %p_ZZ5conv3PA255_A255_fPA32_A5_A5_fPfS1_E7in_tile_1_4_0_load_10, i32 %p_ZZ5conv3PA255_A255_fPA32_A5_A5_fPfS1_E7in_tile_2_0_0_load_10, i32 %p_ZZ5conv3PA255_A255_fPA32_A5_A5_fPfS1_E7in_tile_2_1_0_load_10, i32 %p_ZZ5conv3PA255_A255_fPA32_A5_A5_fPfS1_E7in_tile_2_2_0_load_10, i32 %p_ZZ5conv3PA255_A255_fPA32_A5_A5_fPfS1_E7in_tile_2_3_0_load_10, i32 %p_ZZ5conv3PA255_A255_fPA32_A5_A5_fPfS1_E7in_tile_2_4_0_load_10, i32 %p_ZZ5conv3PA255_A255_fPA32_A5_A5_fPfS1_E7in_tile_3_0_0_load_10, i32 %p_ZZ5conv3PA255_A255_fPA32_A5_A5_fPfS1_E7in_tile_3_1_0_load_10, i32 %p_ZZ5conv3PA255_A255_fPA32_A5_A5_fPfS1_E7in_tile_3_2_0_load_10, i32 %p_ZZ5conv3PA255_A255_fPA32_A5_A5_fPfS1_E7in_tile_3_3_0_load_10, i32 %p_ZZ5conv3PA255_A255_fPA32_A5_A5_fPfS1_E7in_tile_3_4_0_load_10, i32 %p_ZZ5conv3PA255_A255_fPA32_A5_A5_fPfS1_E7in_tile_4_0_0_load_10, i32 %p_ZZ5conv3PA255_A255_fPA32_A5_A5_fPfS1_E7in_tile_4_1_0_load_10, i32 %p_ZZ5conv3PA255_A255_fPA32_A5_A5_fPfS1_E7in_tile_4_2_0_load_10, i32 %p_ZZ5conv3PA255_A255_fPA32_A5_A5_fPfS1_E7in_tile_4_3_0_load_10, i32 %p_ZZ5conv3PA255_A255_fPA32_A5_A5_fPfS1_E7in_tile_4_4_0_load_10, i32 %p_ZZ5conv3PA255_A255_fPA32_A5_A5_fPfS1_E7in_tile_0_1_0_load_11, i32 %p_ZZ5conv3PA255_A255_fPA32_A5_A5_fPfS1_E7in_tile_0_2_0_load_11, i32 %p_ZZ5conv3PA255_A255_fPA32_A5_A5_fPfS1_E7in_tile_0_3_0_load_11, i32 %p_ZZ5conv3PA255_A255_fPA32_A5_A5_fPfS1_E7in_tile_0_4_0_load_11, i32 %p_ZZ5conv3PA255_A255_fPA32_A5_A5_fPfS1_E7in_tile_0_0_0_load_11, i32 %p_ZZ5conv3PA255_A255_fPA32_A5_A5_fPfS1_E7in_tile_1_1_0_load_11, i32 %p_ZZ5conv3PA255_A255_fPA32_A5_A5_fPfS1_E7in_tile_1_2_0_load_11, i32 %p_ZZ5conv3PA255_A255_fPA32_A5_A5_fPfS1_E7in_tile_1_3_0_load_11, i32 %p_ZZ5conv3PA255_A255_fPA32_A5_A5_fPfS1_E7in_tile_1_4_0_load_11, i32 %p_ZZ5conv3PA255_A255_fPA32_A5_A5_fPfS1_E7in_tile_1_0_0_load_11, i32 %p_ZZ5conv3PA255_A255_fPA32_A5_A5_fPfS1_E7in_tile_2_1_0_load_11, i32 %p_ZZ5conv3PA255_A255_fPA32_A5_A5_fPfS1_E7in_tile_2_2_0_load_11, i32 %p_ZZ5conv3PA255_A255_fPA32_A5_A5_fPfS1_E7in_tile_2_3_0_load_11, i32 %p_ZZ5conv3PA255_A255_fPA32_A5_A5_fPfS1_E7in_tile_2_4_0_load_11, i32 %p_ZZ5conv3PA255_A255_fPA32_A5_A5_fPfS1_E7in_tile_2_0_0_load_11, i32 %p_ZZ5conv3PA255_A255_fPA32_A5_A5_fPfS1_E7in_tile_3_1_0_load_11, i32 %p_ZZ5conv3PA255_A255_fPA32_A5_A5_fPfS1_E7in_tile_3_2_0_load_11, i32 %p_ZZ5conv3PA255_A255_fPA32_A5_A5_fPfS1_E7in_tile_3_3_0_load_11, i32 %p_ZZ5conv3PA255_A255_fPA32_A5_A5_fPfS1_E7in_tile_3_4_0_load_11, i32 %p_ZZ5conv3PA255_A255_fPA32_A5_A5_fPfS1_E7in_tile_3_0_0_load_11, i32 %p_ZZ5conv3PA255_A255_fPA32_A5_A5_fPfS1_E7in_tile_4_1_0_load_11, i32 %p_ZZ5conv3PA255_A255_fPA32_A5_A5_fPfS1_E7in_tile_4_2_0_load_11, i32 %p_ZZ5conv3PA255_A255_fPA32_A5_A5_fPfS1_E7in_tile_4_3_0_load_11, i32 %p_ZZ5conv3PA255_A255_fPA32_A5_A5_fPfS1_E7in_tile_4_4_0_load_11, i32 %p_ZZ5conv3PA255_A255_fPA32_A5_A5_fPfS1_E7in_tile_4_0_0_load_11, i32 %p_ZZ5conv3PA255_A255_fPA32_A5_A5_fPfS1_E7in_tile_0_2_0_load_12, i32 %p_ZZ5conv3PA255_A255_fPA32_A5_A5_fPfS1_E7in_tile_0_3_0_load_12, i32 %p_ZZ5conv3PA255_A255_fPA32_A5_A5_fPfS1_E7in_tile_0_4_0_load_12, i32 %p_ZZ5conv3PA255_A255_fPA32_A5_A5_fPfS1_E7in_tile_0_0_0_load_12, i32 %p_ZZ5conv3PA255_A255_fPA32_A5_A5_fPfS1_E7in_tile_0_1_0_load_12, i32 %p_ZZ5conv3PA255_A255_fPA32_A5_A5_fPfS1_E7in_tile_1_2_0_load_12, i32 %p_ZZ5conv3PA255_A255_fPA32_A5_A5_fPfS1_E7in_tile_1_3_0_load_12, i32 %p_ZZ5conv3PA255_A255_fPA32_A5_A5_fPfS1_E7in_tile_1_4_0_load_12, i32 %p_ZZ5conv3PA255_A255_fPA32_A5_A5_fPfS1_E7in_tile_1_0_0_load_12, i32 %p_ZZ5conv3PA255_A255_fPA32_A5_A5_fPfS1_E7in_tile_1_1_0_load_12, i32 %p_ZZ5conv3PA255_A255_fPA32_A5_A5_fPfS1_E7in_tile_2_2_0_load_12, i32 %p_ZZ5conv3PA255_A255_fPA32_A5_A5_fPfS1_E7in_tile_2_3_0_load_12, i32 %p_ZZ5conv3PA255_A255_fPA32_A5_A5_fPfS1_E7in_tile_2_4_0_load_12, i32 %p_ZZ5conv3PA255_A255_fPA32_A5_A5_fPfS1_E7in_tile_2_0_0_load_12, i32 %p_ZZ5conv3PA255_A255_fPA32_A5_A5_fPfS1_E7in_tile_2_1_0_load_12, i32 %p_ZZ5conv3PA255_A255_fPA32_A5_A5_fPfS1_E7in_tile_3_2_0_load_12, i32 %p_ZZ5conv3PA255_A255_fPA32_A5_A5_fPfS1_E7in_tile_3_3_0_load_12, i32 %p_ZZ5conv3PA255_A255_fPA32_A5_A5_fPfS1_E7in_tile_3_4_0_load_12, i32 %p_ZZ5conv3PA255_A255_fPA32_A5_A5_fPfS1_E7in_tile_3_0_0_load_12, i32 %p_ZZ5conv3PA255_A255_fPA32_A5_A5_fPfS1_E7in_tile_3_1_0_load_12, i32 %p_ZZ5conv3PA255_A255_fPA32_A5_A5_fPfS1_E7in_tile_4_2_0_load_12, i32 %p_ZZ5conv3PA255_A255_fPA32_A5_A5_fPfS1_E7in_tile_4_3_0_load_12, i32 %p_ZZ5conv3PA255_A255_fPA32_A5_A5_fPfS1_E7in_tile_4_4_0_load_12, i32 %p_ZZ5conv3PA255_A255_fPA32_A5_A5_fPfS1_E7in_tile_4_0_0_load_12, i32 %p_ZZ5conv3PA255_A255_fPA32_A5_A5_fPfS1_E7in_tile_4_1_0_load_12, i32 %p_ZZ5conv3PA255_A255_fPA32_A5_A5_fPfS1_E7in_tile_0_3_0_load_13, i32 %p_ZZ5conv3PA255_A255_fPA32_A5_A5_fPfS1_E7in_tile_0_4_0_load_13, i32 %p_ZZ5conv3PA255_A255_fPA32_A5_A5_fPfS1_E7in_tile_0_0_0_load_13, i32 %p_ZZ5conv3PA255_A255_fPA32_A5_A5_fPfS1_E7in_tile_0_1_0_load_13, i32 %p_ZZ5conv3PA255_A255_fPA32_A5_A5_fPfS1_E7in_tile_0_2_0_load_13, i32 %p_ZZ5conv3PA255_A255_fPA32_A5_A5_fPfS1_E7in_tile_1_3_0_load_13, i32 %p_ZZ5conv3PA255_A255_fPA32_A5_A5_fPfS1_E7in_tile_1_4_0_load_13, i32 %p_ZZ5conv3PA255_A255_fPA32_A5_A5_fPfS1_E7in_tile_1_0_0_load_13, i32 %p_ZZ5conv3PA255_A255_fPA32_A5_A5_fPfS1_E7in_tile_1_1_0_load_13, i32 %p_ZZ5conv3PA255_A255_fPA32_A5_A5_fPfS1_E7in_tile_1_2_0_load_13, i32 %p_ZZ5conv3PA255_A255_fPA32_A5_A5_fPfS1_E7in_tile_2_3_0_load_13, i32 %p_ZZ5conv3PA255_A255_fPA32_A5_A5_fPfS1_E7in_tile_2_4_0_load_13, i32 %p_ZZ5conv3PA255_A255_fPA32_A5_A5_fPfS1_E7in_tile_2_0_0_load_13, i32 %p_ZZ5conv3PA255_A255_fPA32_A5_A5_fPfS1_E7in_tile_2_1_0_load_13, i32 %p_ZZ5conv3PA255_A255_fPA32_A5_A5_fPfS1_E7in_tile_2_2_0_load_13, i32 %p_ZZ5conv3PA255_A255_fPA32_A5_A5_fPfS1_E7in_tile_3_3_0_load_13, i32 %p_ZZ5conv3PA255_A255_fPA32_A5_A5_fPfS1_E7in_tile_3_4_0_load_13, i32 %p_ZZ5conv3PA255_A255_fPA32_A5_A5_fPfS1_E7in_tile_3_0_0_load_13, i32 %p_ZZ5conv3PA255_A255_fPA32_A5_A5_fPfS1_E7in_tile_3_1_0_load_13, i32 %p_ZZ5conv3PA255_A255_fPA32_A5_A5_fPfS1_E7in_tile_3_2_0_load_13, i32 %p_ZZ5conv3PA255_A255_fPA32_A5_A5_fPfS1_E7in_tile_4_3_0_load_13, i32 %p_ZZ5conv3PA255_A255_fPA32_A5_A5_fPfS1_E7in_tile_4_4_0_load_13, i32 %p_ZZ5conv3PA255_A255_fPA32_A5_A5_fPfS1_E7in_tile_4_0_0_load_13, i32 %p_ZZ5conv3PA255_A255_fPA32_A5_A5_fPfS1_E7in_tile_4_1_0_load_13, i32 %p_ZZ5conv3PA255_A255_fPA32_A5_A5_fPfS1_E7in_tile_4_2_0_load_13, i32 %p_ZZ5conv3PA255_A255_fPA32_A5_A5_fPfS1_E7in_tile_0_4_0_load_14, i32 %p_ZZ5conv3PA255_A255_fPA32_A5_A5_fPfS1_E7in_tile_0_0_0_load_14, i32 %p_ZZ5conv3PA255_A255_fPA32_A5_A5_fPfS1_E7in_tile_0_1_0_load_14, i32 %p_ZZ5conv3PA255_A255_fPA32_A5_A5_fPfS1_E7in_tile_0_2_0_load_14, i32 %p_ZZ5conv3PA255_A255_fPA32_A5_A5_fPfS1_E7in_tile_0_3_0_load_14, i32 %p_ZZ5conv3PA255_A255_fPA32_A5_A5_fPfS1_E7in_tile_1_4_0_load_14, i32 %p_ZZ5conv3PA255_A255_fPA32_A5_A5_fPfS1_E7in_tile_1_0_0_load_14, i32 %p_ZZ5conv3PA255_A255_fPA32_A5_A5_fPfS1_E7in_tile_1_1_0_load_14, i32 %p_ZZ5conv3PA255_A255_fPA32_A5_A5_fPfS1_E7in_tile_1_2_0_load_14, i32 %p_ZZ5conv3PA255_A255_fPA32_A5_A5_fPfS1_E7in_tile_1_3_0_load_14, i32 %p_ZZ5conv3PA255_A255_fPA32_A5_A5_fPfS1_E7in_tile_2_4_0_load_14, i32 %p_ZZ5conv3PA255_A255_fPA32_A5_A5_fPfS1_E7in_tile_2_0_0_load_14, i32 %p_ZZ5conv3PA255_A255_fPA32_A5_A5_fPfS1_E7in_tile_2_1_0_load_14, i32 %p_ZZ5conv3PA255_A255_fPA32_A5_A5_fPfS1_E7in_tile_2_2_0_load_14, i32 %p_ZZ5conv3PA255_A255_fPA32_A5_A5_fPfS1_E7in_tile_2_3_0_load_14, i32 %p_ZZ5conv3PA255_A255_fPA32_A5_A5_fPfS1_E7in_tile_3_4_0_load_14, i32 %p_ZZ5conv3PA255_A255_fPA32_A5_A5_fPfS1_E7in_tile_3_0_0_load_14, i32 %p_ZZ5conv3PA255_A255_fPA32_A5_A5_fPfS1_E7in_tile_3_1_0_load_14, i32 %p_ZZ5conv3PA255_A255_fPA32_A5_A5_fPfS1_E7in_tile_3_2_0_load_14, i32 %p_ZZ5conv3PA255_A255_fPA32_A5_A5_fPfS1_E7in_tile_3_3_0_load_14, i32 %p_ZZ5conv3PA255_A255_fPA32_A5_A5_fPfS1_E7in_tile_4_4_0_load_14, i32 %p_ZZ5conv3PA255_A255_fPA32_A5_A5_fPfS1_E7in_tile_4_0_0_load_14, i32 %p_ZZ5conv3PA255_A255_fPA32_A5_A5_fPfS1_E7in_tile_4_1_0_load_14, i32 %p_ZZ5conv3PA255_A255_fPA32_A5_A5_fPfS1_E7in_tile_4_2_0_load_14, i32 %p_ZZ5conv3PA255_A255_fPA32_A5_A5_fPfS1_E7in_tile_4_3_0_load_14, i32 %p_ZZ5conv3PA255_A255_fPA32_A5_A5_fPfS1_E7in_tile_0_0_0_load_15, i32 %p_ZZ5conv3PA255_A255_fPA32_A5_A5_fPfS1_E7in_tile_0_1_0_load_15, i32 %p_ZZ5conv3PA255_A255_fPA32_A5_A5_fPfS1_E7in_tile_0_2_0_load_15, i32 %p_ZZ5conv3PA255_A255_fPA32_A5_A5_fPfS1_E7in_tile_0_3_0_load_15, i32 %p_ZZ5conv3PA255_A255_fPA32_A5_A5_fPfS1_E7in_tile_0_4_0_load_15, i32 %p_ZZ5conv3PA255_A255_fPA32_A5_A5_fPfS1_E7in_tile_1_0_0_load_15, i32 %p_ZZ5conv3PA255_A255_fPA32_A5_A5_fPfS1_E7in_tile_1_1_0_load_15, i32 %p_ZZ5conv3PA255_A255_fPA32_A5_A5_fPfS1_E7in_tile_1_2_0_load_15, i32 %p_ZZ5conv3PA255_A255_fPA32_A5_A5_fPfS1_E7in_tile_1_3_0_load_15, i32 %p_ZZ5conv3PA255_A255_fPA32_A5_A5_fPfS1_E7in_tile_1_4_0_load_15, i32 %p_ZZ5conv3PA255_A255_fPA32_A5_A5_fPfS1_E7in_tile_2_0_0_load_15, i32 %p_ZZ5conv3PA255_A255_fPA32_A5_A5_fPfS1_E7in_tile_2_1_0_load_15, i32 %p_ZZ5conv3PA255_A255_fPA32_A5_A5_fPfS1_E7in_tile_2_2_0_load_15, i32 %p_ZZ5conv3PA255_A255_fPA32_A5_A5_fPfS1_E7in_tile_2_3_0_load_15, i32 %p_ZZ5conv3PA255_A255_fPA32_A5_A5_fPfS1_E7in_tile_2_4_0_load_15, i32 %p_ZZ5conv3PA255_A255_fPA32_A5_A5_fPfS1_E7in_tile_3_0_0_load_15, i32 %p_ZZ5conv3PA255_A255_fPA32_A5_A5_fPfS1_E7in_tile_3_1_0_load_15, i32 %p_ZZ5conv3PA255_A255_fPA32_A5_A5_fPfS1_E7in_tile_3_2_0_load_15, i32 %p_ZZ5conv3PA255_A255_fPA32_A5_A5_fPfS1_E7in_tile_3_3_0_load_15, i32 %p_ZZ5conv3PA255_A255_fPA32_A5_A5_fPfS1_E7in_tile_3_4_0_load_15, i32 %p_ZZ5conv3PA255_A255_fPA32_A5_A5_fPfS1_E7in_tile_4_0_0_load_15, i32 %p_ZZ5conv3PA255_A255_fPA32_A5_A5_fPfS1_E7in_tile_4_1_0_load_15, i32 %p_ZZ5conv3PA255_A255_fPA32_A5_A5_fPfS1_E7in_tile_4_2_0_load_15, i32 %p_ZZ5conv3PA255_A255_fPA32_A5_A5_fPfS1_E7in_tile_4_3_0_load_15, i32 %p_ZZ5conv3PA255_A255_fPA32_A5_A5_fPfS1_E7in_tile_4_4_0_load_15, i32 %p_ZZ5conv3PA255_A255_fPA32_A5_A5_fPfS1_E7in_tile_0_1_0_load_16, i32 %p_ZZ5conv3PA255_A255_fPA32_A5_A5_fPfS1_E7in_tile_0_2_0_load_16, i32 %p_ZZ5conv3PA255_A255_fPA32_A5_A5_fPfS1_E7in_tile_0_3_0_load_16, i32 %p_ZZ5conv3PA255_A255_fPA32_A5_A5_fPfS1_E7in_tile_0_4_0_load_16, i32 %p_ZZ5conv3PA255_A255_fPA32_A5_A5_fPfS1_E7in_tile_0_0_0_load_16, i32 %p_ZZ5conv3PA255_A255_fPA32_A5_A5_fPfS1_E7in_tile_1_1_0_load_16, i32 %p_ZZ5conv3PA255_A255_fPA32_A5_A5_fPfS1_E7in_tile_1_2_0_load_16, i32 %p_ZZ5conv3PA255_A255_fPA32_A5_A5_fPfS1_E7in_tile_1_3_0_load_16, i32 %p_ZZ5conv3PA255_A255_fPA32_A5_A5_fPfS1_E7in_tile_1_4_0_load_16, i32 %p_ZZ5conv3PA255_A255_fPA32_A5_A5_fPfS1_E7in_tile_1_0_0_load_16, i32 %p_ZZ5conv3PA255_A255_fPA32_A5_A5_fPfS1_E7in_tile_2_1_0_load_16, i32 %p_ZZ5conv3PA255_A255_fPA32_A5_A5_fPfS1_E7in_tile_2_2_0_load_16, i32 %p_ZZ5conv3PA255_A255_fPA32_A5_A5_fPfS1_E7in_tile_2_3_0_load_16, i32 %p_ZZ5conv3PA255_A255_fPA32_A5_A5_fPfS1_E7in_tile_2_4_0_load_16, i32 %p_ZZ5conv3PA255_A255_fPA32_A5_A5_fPfS1_E7in_tile_2_0_0_load_16, i32 %p_ZZ5conv3PA255_A255_fPA32_A5_A5_fPfS1_E7in_tile_3_1_0_load_16, i32 %p_ZZ5conv3PA255_A255_fPA32_A5_A5_fPfS1_E7in_tile_3_2_0_load_16, i32 %p_ZZ5conv3PA255_A255_fPA32_A5_A5_fPfS1_E7in_tile_3_3_0_load_16, i32 %p_ZZ5conv3PA255_A255_fPA32_A5_A5_fPfS1_E7in_tile_3_4_0_load_16, i32 %p_ZZ5conv3PA255_A255_fPA32_A5_A5_fPfS1_E7in_tile_3_0_0_load_16, i32 %p_ZZ5conv3PA255_A255_fPA32_A5_A5_fPfS1_E7in_tile_4_1_0_load_16, i32 %p_ZZ5conv3PA255_A255_fPA32_A5_A5_fPfS1_E7in_tile_4_2_0_load_16, i32 %p_ZZ5conv3PA255_A255_fPA32_A5_A5_fPfS1_E7in_tile_4_3_0_load_16, i32 %p_ZZ5conv3PA255_A255_fPA32_A5_A5_fPfS1_E7in_tile_4_4_0_load_16, i32 %p_ZZ5conv3PA255_A255_fPA32_A5_A5_fPfS1_E7in_tile_4_0_0_load_16, i32 %p_ZZ5conv3PA255_A255_fPA32_A5_A5_fPfS1_E7in_tile_0_2_0_load_17, i32 %p_ZZ5conv3PA255_A255_fPA32_A5_A5_fPfS1_E7in_tile_0_3_0_load_17, i32 %p_ZZ5conv3PA255_A255_fPA32_A5_A5_fPfS1_E7in_tile_0_4_0_load_17, i32 %p_ZZ5conv3PA255_A255_fPA32_A5_A5_fPfS1_E7in_tile_0_0_0_load_17, i32 %p_ZZ5conv3PA255_A255_fPA32_A5_A5_fPfS1_E7in_tile_0_1_0_load_17, i32 %p_ZZ5conv3PA255_A255_fPA32_A5_A5_fPfS1_E7in_tile_1_2_0_load_17, i32 %p_ZZ5conv3PA255_A255_fPA32_A5_A5_fPfS1_E7in_tile_1_3_0_load_17, i32 %p_ZZ5conv3PA255_A255_fPA32_A5_A5_fPfS1_E7in_tile_1_4_0_load_17, i32 %p_ZZ5conv3PA255_A255_fPA32_A5_A5_fPfS1_E7in_tile_1_0_0_load_17, i32 %p_ZZ5conv3PA255_A255_fPA32_A5_A5_fPfS1_E7in_tile_1_1_0_load_17, i32 %p_ZZ5conv3PA255_A255_fPA32_A5_A5_fPfS1_E7in_tile_2_2_0_load_17, i32 %p_ZZ5conv3PA255_A255_fPA32_A5_A5_fPfS1_E7in_tile_2_3_0_load_17, i32 %p_ZZ5conv3PA255_A255_fPA32_A5_A5_fPfS1_E7in_tile_2_4_0_load_17, i32 %p_ZZ5conv3PA255_A255_fPA32_A5_A5_fPfS1_E7in_tile_2_0_0_load_17, i32 %p_ZZ5conv3PA255_A255_fPA32_A5_A5_fPfS1_E7in_tile_2_1_0_load_17, i32 %p_ZZ5conv3PA255_A255_fPA32_A5_A5_fPfS1_E7in_tile_3_2_0_load_17, i32 %p_ZZ5conv3PA255_A255_fPA32_A5_A5_fPfS1_E7in_tile_3_3_0_load_17, i32 %p_ZZ5conv3PA255_A255_fPA32_A5_A5_fPfS1_E7in_tile_3_4_0_load_17, i32 %p_ZZ5conv3PA255_A255_fPA32_A5_A5_fPfS1_E7in_tile_3_0_0_load_17, i32 %p_ZZ5conv3PA255_A255_fPA32_A5_A5_fPfS1_E7in_tile_3_1_0_load_17, i32 %p_ZZ5conv3PA255_A255_fPA32_A5_A5_fPfS1_E7in_tile_4_2_0_load_17, i32 %p_ZZ5conv3PA255_A255_fPA32_A5_A5_fPfS1_E7in_tile_4_3_0_load_17, i32 %p_ZZ5conv3PA255_A255_fPA32_A5_A5_fPfS1_E7in_tile_4_4_0_load_17, i32 %p_ZZ5conv3PA255_A255_fPA32_A5_A5_fPfS1_E7in_tile_4_0_0_load_17, i32 %p_ZZ5conv3PA255_A255_fPA32_A5_A5_fPfS1_E7in_tile_4_1_0_load_17, i32 %p_ZZ5conv3PA255_A255_fPA32_A5_A5_fPfS1_E7in_tile_0_3_0_load_18, i32 %p_ZZ5conv3PA255_A255_fPA32_A5_A5_fPfS1_E7in_tile_0_4_0_load_18, i32 %p_ZZ5conv3PA255_A255_fPA32_A5_A5_fPfS1_E7in_tile_0_0_0_load_18, i32 %p_ZZ5conv3PA255_A255_fPA32_A5_A5_fPfS1_E7in_tile_0_1_0_load_18, i32 %p_ZZ5conv3PA255_A255_fPA32_A5_A5_fPfS1_E7in_tile_0_2_0_load_18, i32 %p_ZZ5conv3PA255_A255_fPA32_A5_A5_fPfS1_E7in_tile_1_3_0_load_18, i32 %p_ZZ5conv3PA255_A255_fPA32_A5_A5_fPfS1_E7in_tile_1_4_0_load_18, i32 %p_ZZ5conv3PA255_A255_fPA32_A5_A5_fPfS1_E7in_tile_1_0_0_load_18, i32 %p_ZZ5conv3PA255_A255_fPA32_A5_A5_fPfS1_E7in_tile_1_1_0_load_18, i32 %p_ZZ5conv3PA255_A255_fPA32_A5_A5_fPfS1_E7in_tile_1_2_0_load_18, i32 %p_ZZ5conv3PA255_A255_fPA32_A5_A5_fPfS1_E7in_tile_2_3_0_load_18, i32 %p_ZZ5conv3PA255_A255_fPA32_A5_A5_fPfS1_E7in_tile_2_4_0_load_18, i32 %p_ZZ5conv3PA255_A255_fPA32_A5_A5_fPfS1_E7in_tile_2_0_0_load_18, i32 %p_ZZ5conv3PA255_A255_fPA32_A5_A5_fPfS1_E7in_tile_2_1_0_load_18, i32 %p_ZZ5conv3PA255_A255_fPA32_A5_A5_fPfS1_E7in_tile_2_2_0_load_18, i32 %p_ZZ5conv3PA255_A255_fPA32_A5_A5_fPfS1_E7in_tile_3_3_0_load_18, i32 %p_ZZ5conv3PA255_A255_fPA32_A5_A5_fPfS1_E7in_tile_3_4_0_load_18, i32 %p_ZZ5conv3PA255_A255_fPA32_A5_A5_fPfS1_E7in_tile_3_0_0_load_18, i32 %p_ZZ5conv3PA255_A255_fPA32_A5_A5_fPfS1_E7in_tile_3_1_0_load_18, i32 %p_ZZ5conv3PA255_A255_fPA32_A5_A5_fPfS1_E7in_tile_3_2_0_load_18, i32 %p_ZZ5conv3PA255_A255_fPA32_A5_A5_fPfS1_E7in_tile_4_3_0_load_18, i32 %p_ZZ5conv3PA255_A255_fPA32_A5_A5_fPfS1_E7in_tile_4_4_0_load_18, i32 %p_ZZ5conv3PA255_A255_fPA32_A5_A5_fPfS1_E7in_tile_4_0_0_load_18, i32 %p_ZZ5conv3PA255_A255_fPA32_A5_A5_fPfS1_E7in_tile_4_1_0_load_18, i32 %p_ZZ5conv3PA255_A255_fPA32_A5_A5_fPfS1_E7in_tile_4_2_0_load_18, i32 %p_ZZ5conv3PA255_A255_fPA32_A5_A5_fPfS1_E7in_tile_0_4_0_load_19, i32 %p_ZZ5conv3PA255_A255_fPA32_A5_A5_fPfS1_E7in_tile_0_0_0_load_19, i32 %p_ZZ5conv3PA255_A255_fPA32_A5_A5_fPfS1_E7in_tile_0_1_0_load_19, i32 %p_ZZ5conv3PA255_A255_fPA32_A5_A5_fPfS1_E7in_tile_0_2_0_load_19, i32 %p_ZZ5conv3PA255_A255_fPA32_A5_A5_fPfS1_E7in_tile_0_3_0_load_19, i32 %p_ZZ5conv3PA255_A255_fPA32_A5_A5_fPfS1_E7in_tile_1_4_0_load_19, i32 %p_ZZ5conv3PA255_A255_fPA32_A5_A5_fPfS1_E7in_tile_1_0_0_load_19, i32 %p_ZZ5conv3PA255_A255_fPA32_A5_A5_fPfS1_E7in_tile_1_1_0_load_19, i32 %p_ZZ5conv3PA255_A255_fPA32_A5_A5_fPfS1_E7in_tile_1_2_0_load_19, i32 %p_ZZ5conv3PA255_A255_fPA32_A5_A5_fPfS1_E7in_tile_1_3_0_load_19, i32 %p_ZZ5conv3PA255_A255_fPA32_A5_A5_fPfS1_E7in_tile_2_4_0_load_19, i32 %p_ZZ5conv3PA255_A255_fPA32_A5_A5_fPfS1_E7in_tile_2_0_0_load_19, i32 %p_ZZ5conv3PA255_A255_fPA32_A5_A5_fPfS1_E7in_tile_2_1_0_load_19, i32 %p_ZZ5conv3PA255_A255_fPA32_A5_A5_fPfS1_E7in_tile_2_2_0_load_19, i32 %p_ZZ5conv3PA255_A255_fPA32_A5_A5_fPfS1_E7in_tile_2_3_0_load_19, i32 %p_ZZ5conv3PA255_A255_fPA32_A5_A5_fPfS1_E7in_tile_3_4_0_load_19, i32 %p_ZZ5conv3PA255_A255_fPA32_A5_A5_fPfS1_E7in_tile_3_0_0_load_19, i32 %p_ZZ5conv3PA255_A255_fPA32_A5_A5_fPfS1_E7in_tile_3_1_0_load_19, i32 %p_ZZ5conv3PA255_A255_fPA32_A5_A5_fPfS1_E7in_tile_3_2_0_load_19, i32 %p_ZZ5conv3PA255_A255_fPA32_A5_A5_fPfS1_E7in_tile_3_3_0_load_19, i32 %p_ZZ5conv3PA255_A255_fPA32_A5_A5_fPfS1_E7in_tile_4_4_0_load_19, i32 %p_ZZ5conv3PA255_A255_fPA32_A5_A5_fPfS1_E7in_tile_4_0_0_load_19, i32 %p_ZZ5conv3PA255_A255_fPA32_A5_A5_fPfS1_E7in_tile_4_1_0_load_19, i32 %p_ZZ5conv3PA255_A255_fPA32_A5_A5_fPfS1_E7in_tile_4_2_0_load_19, i32 %p_ZZ5conv3PA255_A255_fPA32_A5_A5_fPfS1_E7in_tile_4_3_0_load_19, i32 %p_ZZ5conv3PA255_A255_fPA32_A5_A5_fPfS1_E7in_tile_0_0_0_load_20, i32 %p_ZZ5conv3PA255_A255_fPA32_A5_A5_fPfS1_E7in_tile_0_1_0_load_20, i32 %p_ZZ5conv3PA255_A255_fPA32_A5_A5_fPfS1_E7in_tile_0_2_0_load_20, i32 %p_ZZ5conv3PA255_A255_fPA32_A5_A5_fPfS1_E7in_tile_0_3_0_load_20, i32 %p_ZZ5conv3PA255_A255_fPA32_A5_A5_fPfS1_E7in_tile_0_4_0_load_20, i32 %p_ZZ5conv3PA255_A255_fPA32_A5_A5_fPfS1_E7in_tile_1_0_0_load_20, i32 %p_ZZ5conv3PA255_A255_fPA32_A5_A5_fPfS1_E7in_tile_1_1_0_load_20, i32 %p_ZZ5conv3PA255_A255_fPA32_A5_A5_fPfS1_E7in_tile_1_2_0_load_20, i32 %p_ZZ5conv3PA255_A255_fPA32_A5_A5_fPfS1_E7in_tile_1_3_0_load_20, i32 %p_ZZ5conv3PA255_A255_fPA32_A5_A5_fPfS1_E7in_tile_1_4_0_load_20, i32 %p_ZZ5conv3PA255_A255_fPA32_A5_A5_fPfS1_E7in_tile_2_0_0_load_20, i32 %p_ZZ5conv3PA255_A255_fPA32_A5_A5_fPfS1_E7in_tile_2_1_0_load_20, i32 %p_ZZ5conv3PA255_A255_fPA32_A5_A5_fPfS1_E7in_tile_2_2_0_load_20, i32 %p_ZZ5conv3PA255_A255_fPA32_A5_A5_fPfS1_E7in_tile_2_3_0_load_20, i32 %p_ZZ5conv3PA255_A255_fPA32_A5_A5_fPfS1_E7in_tile_2_4_0_load_20, i32 %p_ZZ5conv3PA255_A255_fPA32_A5_A5_fPfS1_E7in_tile_3_0_0_load_20, i32 %p_ZZ5conv3PA255_A255_fPA32_A5_A5_fPfS1_E7in_tile_3_1_0_load_20, i32 %p_ZZ5conv3PA255_A255_fPA32_A5_A5_fPfS1_E7in_tile_3_2_0_load_20, i32 %p_ZZ5conv3PA255_A255_fPA32_A5_A5_fPfS1_E7in_tile_3_3_0_load_20, i32 %p_ZZ5conv3PA255_A255_fPA32_A5_A5_fPfS1_E7in_tile_3_4_0_load_20, i32 %p_ZZ5conv3PA255_A255_fPA32_A5_A5_fPfS1_E7in_tile_4_0_0_load_20, i32 %p_ZZ5conv3PA255_A255_fPA32_A5_A5_fPfS1_E7in_tile_4_1_0_load_20, i32 %p_ZZ5conv3PA255_A255_fPA32_A5_A5_fPfS1_E7in_tile_4_2_0_load_20, i32 %p_ZZ5conv3PA255_A255_fPA32_A5_A5_fPfS1_E7in_tile_4_3_0_load_20, i32 %p_ZZ5conv3PA255_A255_fPA32_A5_A5_fPfS1_E7in_tile_4_4_0_load_20, i32 %p_ZZ5conv3PA255_A255_fPA32_A5_A5_fPfS1_E7in_tile_0_1_0_load_21, i32 %p_ZZ5conv3PA255_A255_fPA32_A5_A5_fPfS1_E7in_tile_0_2_0_load_21, i32 %p_ZZ5conv3PA255_A255_fPA32_A5_A5_fPfS1_E7in_tile_0_3_0_load_21, i32 %p_ZZ5conv3PA255_A255_fPA32_A5_A5_fPfS1_E7in_tile_0_4_0_load_21, i32 %p_ZZ5conv3PA255_A255_fPA32_A5_A5_fPfS1_E7in_tile_0_0_0_load_21, i32 %p_ZZ5conv3PA255_A255_fPA32_A5_A5_fPfS1_E7in_tile_1_1_0_load_21, i32 %p_ZZ5conv3PA255_A255_fPA32_A5_A5_fPfS1_E7in_tile_1_2_0_load_21, i32 %p_ZZ5conv3PA255_A255_fPA32_A5_A5_fPfS1_E7in_tile_1_3_0_load_21, i32 %p_ZZ5conv3PA255_A255_fPA32_A5_A5_fPfS1_E7in_tile_1_4_0_load_21, i32 %p_ZZ5conv3PA255_A255_fPA32_A5_A5_fPfS1_E7in_tile_1_0_0_load_21, i32 %p_ZZ5conv3PA255_A255_fPA32_A5_A5_fPfS1_E7in_tile_2_1_0_load_21, i32 %p_ZZ5conv3PA255_A255_fPA32_A5_A5_fPfS1_E7in_tile_2_2_0_load_21, i32 %p_ZZ5conv3PA255_A255_fPA32_A5_A5_fPfS1_E7in_tile_2_3_0_load_21, i32 %p_ZZ5conv3PA255_A255_fPA32_A5_A5_fPfS1_E7in_tile_2_4_0_load_21, i32 %p_ZZ5conv3PA255_A255_fPA32_A5_A5_fPfS1_E7in_tile_2_0_0_load_21, i32 %p_ZZ5conv3PA255_A255_fPA32_A5_A5_fPfS1_E7in_tile_3_1_0_load_21, i32 %p_ZZ5conv3PA255_A255_fPA32_A5_A5_fPfS1_E7in_tile_3_2_0_load_21, i32 %p_ZZ5conv3PA255_A255_fPA32_A5_A5_fPfS1_E7in_tile_3_3_0_load_21, i32 %p_ZZ5conv3PA255_A255_fPA32_A5_A5_fPfS1_E7in_tile_3_4_0_load_21, i32 %p_ZZ5conv3PA255_A255_fPA32_A5_A5_fPfS1_E7in_tile_3_0_0_load_21, i32 %p_ZZ5conv3PA255_A255_fPA32_A5_A5_fPfS1_E7in_tile_4_1_0_load_21, i32 %p_ZZ5conv3PA255_A255_fPA32_A5_A5_fPfS1_E7in_tile_4_2_0_load_21, i32 %p_ZZ5conv3PA255_A255_fPA32_A5_A5_fPfS1_E7in_tile_4_3_0_load_21, i32 %p_ZZ5conv3PA255_A255_fPA32_A5_A5_fPfS1_E7in_tile_4_4_0_load_21, i32 %p_ZZ5conv3PA255_A255_fPA32_A5_A5_fPfS1_E7in_tile_4_0_0_load_21, i32 %p_ZZ5conv3PA255_A255_fPA32_A5_A5_fPfS1_E7in_tile_0_2_0_load_22, i32 %p_ZZ5conv3PA255_A255_fPA32_A5_A5_fPfS1_E7in_tile_0_3_0_load_22, i32 %p_ZZ5conv3PA255_A255_fPA32_A5_A5_fPfS1_E7in_tile_0_4_0_load_22, i32 %p_ZZ5conv3PA255_A255_fPA32_A5_A5_fPfS1_E7in_tile_0_0_0_load_22, i32 %p_ZZ5conv3PA255_A255_fPA32_A5_A5_fPfS1_E7in_tile_0_1_0_load_22, i32 %p_ZZ5conv3PA255_A255_fPA32_A5_A5_fPfS1_E7in_tile_1_2_0_load_22, i32 %p_ZZ5conv3PA255_A255_fPA32_A5_A5_fPfS1_E7in_tile_1_3_0_load_22, i32 %p_ZZ5conv3PA255_A255_fPA32_A5_A5_fPfS1_E7in_tile_1_4_0_load_22, i32 %p_ZZ5conv3PA255_A255_fPA32_A5_A5_fPfS1_E7in_tile_1_0_0_load_22, i32 %p_ZZ5conv3PA255_A255_fPA32_A5_A5_fPfS1_E7in_tile_1_1_0_load_22, i32 %p_ZZ5conv3PA255_A255_fPA32_A5_A5_fPfS1_E7in_tile_2_2_0_load_22, i32 %p_ZZ5conv3PA255_A255_fPA32_A5_A5_fPfS1_E7in_tile_2_3_0_load_22, i32 %p_ZZ5conv3PA255_A255_fPA32_A5_A5_fPfS1_E7in_tile_2_4_0_load_22, i32 %p_ZZ5conv3PA255_A255_fPA32_A5_A5_fPfS1_E7in_tile_2_0_0_load_22, i32 %p_ZZ5conv3PA255_A255_fPA32_A5_A5_fPfS1_E7in_tile_2_1_0_load_22, i32 %p_ZZ5conv3PA255_A255_fPA32_A5_A5_fPfS1_E7in_tile_3_2_0_load_22, i32 %p_ZZ5conv3PA255_A255_fPA32_A5_A5_fPfS1_E7in_tile_3_3_0_load_22, i32 %p_ZZ5conv3PA255_A255_fPA32_A5_A5_fPfS1_E7in_tile_3_4_0_load_22, i32 %p_ZZ5conv3PA255_A255_fPA32_A5_A5_fPfS1_E7in_tile_3_0_0_load_22, i32 %p_ZZ5conv3PA255_A255_fPA32_A5_A5_fPfS1_E7in_tile_3_1_0_load_22, i32 %p_ZZ5conv3PA255_A255_fPA32_A5_A5_fPfS1_E7in_tile_4_2_0_load_22, i32 %p_ZZ5conv3PA255_A255_fPA32_A5_A5_fPfS1_E7in_tile_4_3_0_load_22, i32 %p_ZZ5conv3PA255_A255_fPA32_A5_A5_fPfS1_E7in_tile_4_4_0_load_22, i32 %p_ZZ5conv3PA255_A255_fPA32_A5_A5_fPfS1_E7in_tile_4_0_0_load_22, i32 %p_ZZ5conv3PA255_A255_fPA32_A5_A5_fPfS1_E7in_tile_4_1_0_load_22, i32 %p_ZZ5conv3PA255_A255_fPA32_A5_A5_fPfS1_E7in_tile_0_3_0_load_23, i32 %p_ZZ5conv3PA255_A255_fPA32_A5_A5_fPfS1_E7in_tile_0_4_0_load_23, i32 %p_ZZ5conv3PA255_A255_fPA32_A5_A5_fPfS1_E7in_tile_0_0_0_load_23, i32 %p_ZZ5conv3PA255_A255_fPA32_A5_A5_fPfS1_E7in_tile_0_1_0_load_23, i32 %p_ZZ5conv3PA255_A255_fPA32_A5_A5_fPfS1_E7in_tile_0_2_0_load_23, i32 %p_ZZ5conv3PA255_A255_fPA32_A5_A5_fPfS1_E7in_tile_1_3_0_load_23, i32 %p_ZZ5conv3PA255_A255_fPA32_A5_A5_fPfS1_E7in_tile_1_4_0_load_23, i32 %p_ZZ5conv3PA255_A255_fPA32_A5_A5_fPfS1_E7in_tile_1_0_0_load_23, i32 %p_ZZ5conv3PA255_A255_fPA32_A5_A5_fPfS1_E7in_tile_1_1_0_load_23, i32 %p_ZZ5conv3PA255_A255_fPA32_A5_A5_fPfS1_E7in_tile_1_2_0_load_23, i32 %p_ZZ5conv3PA255_A255_fPA32_A5_A5_fPfS1_E7in_tile_2_3_0_load_23, i32 %p_ZZ5conv3PA255_A255_fPA32_A5_A5_fPfS1_E7in_tile_2_4_0_load_23, i32 %p_ZZ5conv3PA255_A255_fPA32_A5_A5_fPfS1_E7in_tile_2_0_0_load_23, i32 %p_ZZ5conv3PA255_A255_fPA32_A5_A5_fPfS1_E7in_tile_2_1_0_load_23, i32 %p_ZZ5conv3PA255_A255_fPA32_A5_A5_fPfS1_E7in_tile_2_2_0_load_23, i32 %p_ZZ5conv3PA255_A255_fPA32_A5_A5_fPfS1_E7in_tile_3_3_0_load_23, i32 %p_ZZ5conv3PA255_A255_fPA32_A5_A5_fPfS1_E7in_tile_3_4_0_load_23, i32 %p_ZZ5conv3PA255_A255_fPA32_A5_A5_fPfS1_E7in_tile_3_0_0_load_23, i32 %p_ZZ5conv3PA255_A255_fPA32_A5_A5_fPfS1_E7in_tile_3_1_0_load_23, i32 %p_ZZ5conv3PA255_A255_fPA32_A5_A5_fPfS1_E7in_tile_3_2_0_load_23, i32 %p_ZZ5conv3PA255_A255_fPA32_A5_A5_fPfS1_E7in_tile_4_3_0_load_23, i32 %p_ZZ5conv3PA255_A255_fPA32_A5_A5_fPfS1_E7in_tile_4_4_0_load_23, i32 %p_ZZ5conv3PA255_A255_fPA32_A5_A5_fPfS1_E7in_tile_4_0_0_load_23, i32 %p_ZZ5conv3PA255_A255_fPA32_A5_A5_fPfS1_E7in_tile_4_1_0_load_23, i32 %p_ZZ5conv3PA255_A255_fPA32_A5_A5_fPfS1_E7in_tile_4_2_0_load_23, i32 %p_ZZ5conv3PA255_A255_fPA32_A5_A5_fPfS1_E7in_tile_0_4_0_load_24, i32 %p_ZZ5conv3PA255_A255_fPA32_A5_A5_fPfS1_E7in_tile_0_0_0_load_24, i32 %p_ZZ5conv3PA255_A255_fPA32_A5_A5_fPfS1_E7in_tile_0_1_0_load_24, i32 %p_ZZ5conv3PA255_A255_fPA32_A5_A5_fPfS1_E7in_tile_0_2_0_load_24, i32 %p_ZZ5conv3PA255_A255_fPA32_A5_A5_fPfS1_E7in_tile_0_3_0_load_24, i32 %p_ZZ5conv3PA255_A255_fPA32_A5_A5_fPfS1_E7in_tile_1_4_0_load_24, i32 %p_ZZ5conv3PA255_A255_fPA32_A5_A5_fPfS1_E7in_tile_1_0_0_load_24, i32 %p_ZZ5conv3PA255_A255_fPA32_A5_A5_fPfS1_E7in_tile_1_1_0_load_24, i32 %p_ZZ5conv3PA255_A255_fPA32_A5_A5_fPfS1_E7in_tile_1_2_0_load_24, i32 %p_ZZ5conv3PA255_A255_fPA32_A5_A5_fPfS1_E7in_tile_1_3_0_load_24, i32 %p_ZZ5conv3PA255_A255_fPA32_A5_A5_fPfS1_E7in_tile_2_4_0_load_24, i32 %p_ZZ5conv3PA255_A255_fPA32_A5_A5_fPfS1_E7in_tile_2_0_0_load_24, i32 %p_ZZ5conv3PA255_A255_fPA32_A5_A5_fPfS1_E7in_tile_2_1_0_load_24, i32 %p_ZZ5conv3PA255_A255_fPA32_A5_A5_fPfS1_E7in_tile_2_2_0_load_24, i32 %p_ZZ5conv3PA255_A255_fPA32_A5_A5_fPfS1_E7in_tile_2_3_0_load_24, i32 %p_ZZ5conv3PA255_A255_fPA32_A5_A5_fPfS1_E7in_tile_3_4_0_load_24, i32 %p_ZZ5conv3PA255_A255_fPA32_A5_A5_fPfS1_E7in_tile_3_0_0_load_24, i32 %p_ZZ5conv3PA255_A255_fPA32_A5_A5_fPfS1_E7in_tile_3_1_0_load_24, i32 %p_ZZ5conv3PA255_A255_fPA32_A5_A5_fPfS1_E7in_tile_3_2_0_load_24, i32 %p_ZZ5conv3PA255_A255_fPA32_A5_A5_fPfS1_E7in_tile_3_3_0_load_24, i32 %p_ZZ5conv3PA255_A255_fPA32_A5_A5_fPfS1_E7in_tile_4_4_0_load_24, i32 %p_ZZ5conv3PA255_A255_fPA32_A5_A5_fPfS1_E7in_tile_4_0_0_load_24, i32 %p_ZZ5conv3PA255_A255_fPA32_A5_A5_fPfS1_E7in_tile_4_1_0_load_24, i32 %p_ZZ5conv3PA255_A255_fPA32_A5_A5_fPfS1_E7in_tile_4_2_0_load_24, i32 %p_ZZ5conv3PA255_A255_fPA32_A5_A5_fPfS1_E7in_tile_4_3_0_load_24, i32 %out_tile, i32 %p_ZZ5conv3PA255_A255_fPA32_A5_A5_fPfS1_E6w_tile_0_0_0, i32 %p_ZZ5conv3PA255_A255_fPA32_A5_A5_fPfS1_E6w_tile_0_1_0, i32 %p_ZZ5conv3PA255_A255_fPA32_A5_A5_fPfS1_E6w_tile_0_2_0, i32 %p_ZZ5conv3PA255_A255_fPA32_A5_A5_fPfS1_E6w_tile_0_3_0, i32 %p_ZZ5conv3PA255_A255_fPA32_A5_A5_fPfS1_E6w_tile_0_4_0, i32 %p_ZZ5conv3PA255_A255_fPA32_A5_A5_fPfS1_E6w_tile_1_0_0, i32 %p_ZZ5conv3PA255_A255_fPA32_A5_A5_fPfS1_E6w_tile_1_1_0, i32 %p_ZZ5conv3PA255_A255_fPA32_A5_A5_fPfS1_E6w_tile_1_2_0, i32 %p_ZZ5conv3PA255_A255_fPA32_A5_A5_fPfS1_E6w_tile_1_3_0, i32 %p_ZZ5conv3PA255_A255_fPA32_A5_A5_fPfS1_E6w_tile_1_4_0, i32 %p_ZZ5conv3PA255_A255_fPA32_A5_A5_fPfS1_E6w_tile_2_0_0, i32 %p_ZZ5conv3PA255_A255_fPA32_A5_A5_fPfS1_E6w_tile_2_1_0, i32 %p_ZZ5conv3PA255_A255_fPA32_A5_A5_fPfS1_E6w_tile_2_2_0, i32 %p_ZZ5conv3PA255_A255_fPA32_A5_A5_fPfS1_E6w_tile_2_3_0, i32 %p_ZZ5conv3PA255_A255_fPA32_A5_A5_fPfS1_E6w_tile_2_4_0, i32 %p_ZZ5conv3PA255_A255_fPA32_A5_A5_fPfS1_E6w_tile_3_0_0, i32 %p_ZZ5conv3PA255_A255_fPA32_A5_A5_fPfS1_E6w_tile_3_1_0, i32 %p_ZZ5conv3PA255_A255_fPA32_A5_A5_fPfS1_E6w_tile_3_2_0, i32 %p_ZZ5conv3PA255_A255_fPA32_A5_A5_fPfS1_E6w_tile_3_3_0, i32 %p_ZZ5conv3PA255_A255_fPA32_A5_A5_fPfS1_E6w_tile_3_4_0, i32 %p_ZZ5conv3PA255_A255_fPA32_A5_A5_fPfS1_E6w_tile_4_0_0, i32 %p_ZZ5conv3PA255_A255_fPA32_A5_A5_fPfS1_E6w_tile_4_1_0, i32 %p_ZZ5conv3PA255_A255_fPA32_A5_A5_fPfS1_E6w_tile_4_2_0, i32 %p_ZZ5conv3PA255_A255_fPA32_A5_A5_fPfS1_E6w_tile_4_3_0, i32 %p_ZZ5conv3PA255_A255_fPA32_A5_A5_fPfS1_E6w_tile_4_4_0" [src/conv3.cpp:74]   --->   Operation 2062 'call' 'call_ln74' <Predicate = (and_ln76)> <Delay = 0.00> <CoreType = "Generic">   --->   Core 0 '' <Latency = 0> <II = 1> <Delay = 1.00> <Generic> <Opcode : >
ST_25 : Operation 2063 [1/1] (0.00ns)   --->   "%br_ln0 = br void %for.inc64"   --->   Operation 2063 'br' 'br_ln0' <Predicate = (and_ln76)> <Delay = 0.00>
ST_25 : Operation 2064 [1/1] (0.42ns)   --->   "%store_ln75 = store i11 %add_ln74_3, i11 %indvar_flatten" [src/conv3.cpp:75]   --->   Operation 2064 'store' 'store_ln75' <Predicate = true> <Delay = 0.42>
ST_25 : Operation 2065 [1/1] (0.42ns)   --->   "%store_ln75 = store i6 %select_ln74_1, i6 %th" [src/conv3.cpp:75]   --->   Operation 2065 'store' 'store_ln75' <Predicate = true> <Delay = 0.42>
ST_25 : Operation 2066 [1/1] (0.42ns)   --->   "%store_ln75 = store i6 %add_ln75, i6 %tw" [src/conv3.cpp:75]   --->   Operation 2066 'store' 'store_ln75' <Predicate = true> <Delay = 0.42>
ST_25 : Operation 2067 [1/1] (0.00ns)   --->   "%br_ln75 = br void %for.body4" [src/conv3.cpp:75]   --->   Operation 2067 'br' 'br_ln75' <Predicate = true> <Delay = 0.00>


============================================================
+ Verbose Summary: Timing violations
============================================================
Target clock period: 10.000ns, clock uncertainty: 2.700ns.

 <State 1>: 0.427ns
The critical path consists of the following:
	'alloca' operation ('indvar_flatten') [56]  (0.000 ns)
	'store' operation ('store_ln74', src/conv3.cpp:74) of constant 0 on local variable 'indvar_flatten' [59]  (0.427 ns)

 <State 2>: 2.680ns
The critical path consists of the following:
	'load' operation ('th') on local variable 'th' [64]  (0.000 ns)
	'add' operation ('indvars_iv_next54') [70]  (0.781 ns)
	'select' operation ('select_ln74_1', src/conv3.cpp:74) [82]  (0.384 ns)
	'urem' operation ('urem_ln74', src/conv3.cpp:74) [88]  (1.515 ns)

 <State 3>: 1.515ns
The critical path consists of the following:
	'urem' operation ('urem_ln74', src/conv3.cpp:74) [88]  (1.515 ns)

 <State 4>: 1.515ns
The critical path consists of the following:
	'urem' operation ('urem_ln74', src/conv3.cpp:74) [88]  (1.515 ns)

 <State 5>: 1.515ns
The critical path consists of the following:
	'urem' operation ('urem_ln74', src/conv3.cpp:74) [88]  (1.515 ns)

 <State 6>: 1.515ns
The critical path consists of the following:
	'urem' operation ('urem_ln74', src/conv3.cpp:74) [88]  (1.515 ns)

 <State 7>: 1.515ns
The critical path consists of the following:
	'urem' operation ('urem_ln74', src/conv3.cpp:74) [88]  (1.515 ns)

 <State 8>: 1.515ns
The critical path consists of the following:
	'urem' operation ('urem_ln74', src/conv3.cpp:74) [88]  (1.515 ns)

 <State 9>: 1.515ns
The critical path consists of the following:
	'urem' operation ('urem_ln74', src/conv3.cpp:74) [88]  (1.515 ns)

 <State 10>: 1.515ns
The critical path consists of the following:
	'urem' operation ('urem_ln74', src/conv3.cpp:74) [88]  (1.515 ns)

 <State 11>: 3.668ns
The critical path consists of the following:
	'mul' operation ('mul_ln75', src/conv3.cpp:75) [119]  (1.650 ns)
	'add' operation ('empty_63', src/conv3.cpp:74) [122]  (0.781 ns)
	'getelementptr' operation ('p_ZZ5conv3PA255_A255_fPA32_A5_A5_fPfS1_E7in_tile_0_0_0_addr', src/conv3.cpp:74) [124]  (0.000 ns)
	'load' operation ('p_ZZ5conv3PA255_A255_fPA32_A5_A5_fPfS1_E7in_tile_0_0_0_load', src/conv3.cpp:86) on array 'p_ZZ5conv3PA255_A255_fPA32_A5_A5_fPfS1_E7in_tile_0_0_0' [823]  (1.237 ns)

 <State 12>: 4.449ns
The critical path consists of the following:
	'add' operation ('empty', src/conv3.cpp:74) [403]  (0.781 ns)
	'mul' operation ('mul44', src/conv3.cpp:74) [405]  (1.650 ns)
	'add' operation ('empty_46', src/conv3.cpp:74) [408]  (0.781 ns)
	'getelementptr' operation ('p_ZZ5conv3PA255_A255_fPA32_A5_A5_fPfS1_E7in_tile_0_0_0_addr_2', src/conv3.cpp:74) [410]  (0.000 ns)
	'load' operation ('p_ZZ5conv3PA255_A255_fPA32_A5_A5_fPfS1_E7in_tile_0_0_0_load_2', src/conv3.cpp:86) on array 'p_ZZ5conv3PA255_A255_fPA32_A5_A5_fPfS1_E7in_tile_0_0_0' [873]  (1.237 ns)

 <State 13>: 4.449ns
The critical path consists of the following:
	'add' operation ('empty_51', src/conv3.cpp:74) [543]  (0.781 ns)
	'mul' operation ('mul41', src/conv3.cpp:74) [545]  (1.650 ns)
	'add' operation ('empty_52', src/conv3.cpp:74) [548]  (0.781 ns)
	'getelementptr' operation ('p_ZZ5conv3PA255_A255_fPA32_A5_A5_fPfS1_E7in_tile_0_0_0_addr_3', src/conv3.cpp:74) [550]  (0.000 ns)
	'load' operation ('p_ZZ5conv3PA255_A255_fPA32_A5_A5_fPfS1_E7in_tile_0_0_0_load_3', src/conv3.cpp:86) on array 'p_ZZ5conv3PA255_A255_fPA32_A5_A5_fPfS1_E7in_tile_0_0_0' [898]  (1.237 ns)

 <State 14>: 1.237ns
The critical path consists of the following:
	'load' operation ('p_ZZ5conv3PA255_A255_fPA32_A5_A5_fPfS1_E7in_tile_0_0_0_load_3', src/conv3.cpp:86) on array 'p_ZZ5conv3PA255_A255_fPA32_A5_A5_fPfS1_E7in_tile_0_0_0' [898]  (1.237 ns)

 <State 15>: 2.018ns
The critical path consists of the following:
	'add' operation ('empty_47', src/conv3.cpp:74) [411]  (0.781 ns)
	'getelementptr' operation ('p_ZZ5conv3PA255_A255_fPA32_A5_A5_fPfS1_E7in_tile_0_0_0_addr_7', src/conv3.cpp:74) [413]  (0.000 ns)
	'load' operation ('p_ZZ5conv3PA255_A255_fPA32_A5_A5_fPfS1_E7in_tile_0_0_0_load_7', src/conv3.cpp:86) on array 'p_ZZ5conv3PA255_A255_fPA32_A5_A5_fPfS1_E7in_tile_0_0_0' [998]  (1.237 ns)

 <State 16>: 2.018ns
The critical path consists of the following:
	'add' operation ('empty_59', src/conv3.cpp:74) [691]  (0.781 ns)
	'getelementptr' operation ('p_ZZ5conv3PA255_A255_fPA32_A5_A5_fPfS1_E7in_tile_0_0_0_addr_9', src/conv3.cpp:74) [693]  (0.000 ns)
	'load' operation ('p_ZZ5conv3PA255_A255_fPA32_A5_A5_fPfS1_E7in_tile_0_0_0_load_9', src/conv3.cpp:86) on array 'p_ZZ5conv3PA255_A255_fPA32_A5_A5_fPfS1_E7in_tile_0_0_0' [1048]  (1.237 ns)

 <State 17>: 2.018ns
The critical path consists of the following:
	'add' operation ('empty_48', src/conv3.cpp:74) [414]  (0.781 ns)
	'getelementptr' operation ('p_ZZ5conv3PA255_A255_fPA32_A5_A5_fPfS1_E7in_tile_0_0_0_addr_12', src/conv3.cpp:74) [416]  (0.000 ns)
	'load' operation ('p_ZZ5conv3PA255_A255_fPA32_A5_A5_fPfS1_E7in_tile_0_0_0_load_12', src/conv3.cpp:86) on array 'p_ZZ5conv3PA255_A255_fPA32_A5_A5_fPfS1_E7in_tile_0_0_0' [1123]  (1.237 ns)

 <State 18>: 2.018ns
The critical path consists of the following:
	'add' operation ('empty_54', src/conv3.cpp:74) [554]  (0.781 ns)
	'getelementptr' operation ('p_ZZ5conv3PA255_A255_fPA32_A5_A5_fPfS1_E7in_tile_0_0_0_addr_13', src/conv3.cpp:74) [556]  (0.000 ns)
	'load' operation ('p_ZZ5conv3PA255_A255_fPA32_A5_A5_fPfS1_E7in_tile_0_0_0_load_13', src/conv3.cpp:86) on array 'p_ZZ5conv3PA255_A255_fPA32_A5_A5_fPfS1_E7in_tile_0_0_0' [1148]  (1.237 ns)

 <State 19>: 1.237ns
The critical path consists of the following:
	'load' operation ('p_ZZ5conv3PA255_A255_fPA32_A5_A5_fPfS1_E7in_tile_0_0_0_load_13', src/conv3.cpp:86) on array 'p_ZZ5conv3PA255_A255_fPA32_A5_A5_fPfS1_E7in_tile_0_0_0' [1148]  (1.237 ns)

 <State 20>: 2.018ns
The critical path consists of the following:
	'add' operation ('empty_49', src/conv3.cpp:74) [417]  (0.781 ns)
	'getelementptr' operation ('p_ZZ5conv3PA255_A255_fPA32_A5_A5_fPfS1_E7in_tile_0_0_0_addr_17', src/conv3.cpp:74) [419]  (0.000 ns)
	'load' operation ('p_ZZ5conv3PA255_A255_fPA32_A5_A5_fPfS1_E7in_tile_0_0_0_load_17', src/conv3.cpp:86) on array 'p_ZZ5conv3PA255_A255_fPA32_A5_A5_fPfS1_E7in_tile_0_0_0' [1248]  (1.237 ns)

 <State 21>: 1.237ns
The critical path consists of the following:
	'load' operation ('p_ZZ5conv3PA255_A255_fPA32_A5_A5_fPfS1_E7in_tile_0_0_0_load_17', src/conv3.cpp:86) on array 'p_ZZ5conv3PA255_A255_fPA32_A5_A5_fPfS1_E7in_tile_0_0_0' [1248]  (1.237 ns)

 <State 22>: 1.237ns
The critical path consists of the following:
	'load' operation ('p_ZZ5conv3PA255_A255_fPA32_A5_A5_fPfS1_E7in_tile_0_0_0_load_19', src/conv3.cpp:86) on array 'p_ZZ5conv3PA255_A255_fPA32_A5_A5_fPfS1_E7in_tile_0_0_0' [1298]  (1.237 ns)

 <State 23>: 1.237ns
The critical path consists of the following:
	'load' operation ('p_ZZ5conv3PA255_A255_fPA32_A5_A5_fPfS1_E7in_tile_0_0_0_load_21', src/conv3.cpp:86) on array 'p_ZZ5conv3PA255_A255_fPA32_A5_A5_fPfS1_E7in_tile_0_0_0' [1348]  (1.237 ns)

 <State 24>: 1.237ns
The critical path consists of the following:
	'load' operation ('p_ZZ5conv3PA255_A255_fPA32_A5_A5_fPfS1_E7in_tile_0_0_0_load_23', src/conv3.cpp:86) on array 'p_ZZ5conv3PA255_A255_fPA32_A5_A5_fPfS1_E7in_tile_0_0_0' [1398]  (1.237 ns)

 <State 25>: 0.427ns
The critical path consists of the following:
	'store' operation ('store_ln75', src/conv3.cpp:75) of variable 'add_ln74_3', src/conv3.cpp:74 on local variable 'indvar_flatten' [1451]  (0.427 ns)


============================================================
+ Verbose Summary: Binding
============================================================
N/A
* FSMD analyzer results:
  - Output states:
 - Input state : 
  - Chain level:
	State 1
	State 2
	State 3
	State 4
	State 5
	State 6
	State 7
	State 8
	State 9
	State 10
	State 11
	State 12
	State 13
	State 14
	State 15
	State 16
	State 17
	State 18
	State 19
	State 20
	State 21
	State 22
	State 23
	State 24
	State 25


============================================================
+ Verbose Summary: Datapath Resource usage 
============================================================
N/A
