

================================================================
== Vitis HLS Report for 'compute_tile_c1'
================================================================
* Date:           Fri Oct 31 01:54:35 2025

* Version:        2023.1 (Build 3854077 on May  4 2023)
* Project:        srcnn_hls
* Solution:       solution1 (Vivado IP Flow Target)
* Product family: zynquplus
* Target device:  xck26-sfvc784-2LV-c


================================================================
== Performance Estimates
================================================================
+ Timing: 
    * Summary: 
    +--------+----------+----------+------------+
    |  Clock |  Target  | Estimated| Uncertainty|
    +--------+----------+----------+------------+
    |ap_clk  |  10.00 ns|  7.016 ns|     2.70 ns|
    +--------+----------+----------+------------+

+ Latency: 
    * Summary: 
    +---------+---------+-----------+----------+------+--------+---------+
    |  Latency (cycles) |  Latency (absolute)  |    Interval   | Pipeline|
    |   min   |   max   |    min    |    max   |  min |   max  |   Type  |
    +---------+---------+-----------+----------+------+--------+---------+
    |     2113|   390209|  21.130 us|  3.902 ms|  2113|  390209|       no|
    +---------+---------+-----------+----------+------+--------+---------+

    + Detail: 
        * Instance: 
        +-----------------------------------------------------+------------------------------------------+---------+---------+----------+----------+-----+-----+---------+
        |                                                     |                                          |  Latency (cycles) |  Latency (absolute) |  Interval | Pipeline|
        |                       Instance                      |                  Module                  |   min   |   max   |    min   |    max   | min | max |   Type  |
        +-----------------------------------------------------+------------------------------------------+---------+---------+----------+----------+-----+-----+---------+
        |grp_compute_tile_c1_Pipeline_VITIS_LOOP_71_3_fu_884  |compute_tile_c1_Pipeline_VITIS_LOOP_71_3  |      338|      338|  3.380 us|  3.380 us|  338|  338|       no|
        +-----------------------------------------------------+------------------------------------------+---------+---------+----------+----------+-----+-----+---------+

        * Loop: 
        +--------------------+---------+---------+------------+-----------+-----------+------+----------+
        |                    |  Latency (cycles) |  Iteration |  Initiation Interval  | Trip |          |
        |      Loop Name     |   min   |   max   |   Latency  |  achieved |   target  | Count| Pipelined|
        +--------------------+---------+---------+------------+-----------+-----------+------+----------+
        |- VITIS_LOOP_68_1   |     2112|   390208|  66 ~ 12194|          -|          -|    32|        no|
        | + VITIS_LOOP_69_2  |       64|    12192|     2 ~ 381|          -|          -|    32|        no|
        +--------------------+---------+---------+------------+-----------+-----------+------+----------+

============================================================
+ Verbose Summary: Synthesis Manager
============================================================
InlineROM: 1
ExposeGlobal: 0
============================================================
+ Verbose Summary: CDFG Model
============================================================
IsTopModel: 0
ResetActiveHigh: 1
IsCombinational: 0
IsDatapathOnly: 0
HasWiredReturn: 1
HasMFsm: 0
HasVarLatency: 1
IsPipeline: 0
IsRtlPipelined: 0
IsInstanceOverlapped: 0
IsDontTouch: 0
HasImplIP: 0
IsGatedGlobalClock: 0


============================================================
+ Verbose Summary: Schedule
============================================================
* Number of FSM states : 45
* Pipeline : 0
* Dataflow Pipeline: 0

* FSM state transitions: 
1 --> 2 
2 --> 3 
3 --> 4 45 2 
4 --> 5 
5 --> 6 
6 --> 7 
7 --> 8 
8 --> 9 
9 --> 10 
10 --> 11 
11 --> 12 
12 --> 13 
13 --> 14 
14 --> 15 
15 --> 16 
16 --> 17 
17 --> 18 
18 --> 19 
19 --> 20 
20 --> 21 
21 --> 22 
22 --> 23 
23 --> 24 
24 --> 25 
25 --> 26 
26 --> 27 
27 --> 28 
28 --> 29 
29 --> 30 
30 --> 31 
31 --> 32 
32 --> 33 
33 --> 34 
34 --> 35 
35 --> 36 
36 --> 37 
37 --> 38 
38 --> 39 
39 --> 40 
40 --> 41 
41 --> 42 
42 --> 43 
43 --> 44 
44 --> 45 
45 --> 3 

* FSM state operations: 

State 1 <SV = 0> <Delay = 0.42>
ST_1 : Operation 46 [1/1] (0.00ns)   --->   "%th = alloca i32 1"   --->   Operation 46 'alloca' 'th' <Predicate = true> <Delay = 0.00>
ST_1 : Operation 47 [1/1] (0.00ns)   --->   "%tH_read = read i8 @_ssdm_op_Read.ap_auto.i8, i8 %tH"   --->   Operation 47 'read' 'tH_read' <Predicate = true> <Delay = 0.00>
ST_1 : Operation 48 [1/1] (0.00ns)   --->   "%tW_read = read i8 @_ssdm_op_Read.ap_auto.i8, i8 %tW"   --->   Operation 48 'read' 'tW_read' <Predicate = true> <Delay = 0.00>
ST_1 : Operation 49 [1/1] (0.42ns)   --->   "%store_ln68 = store i6 0, i6 %th" [src/conv1.cpp:68]   --->   Operation 49 'store' 'store_ln68' <Predicate = true> <Delay = 0.42>
ST_1 : Operation 50 [1/1] (0.00ns)   --->   "%br_ln68 = br void %VITIS_LOOP_69_2" [src/conv1.cpp:68]   --->   Operation 50 'br' 'br_ln68' <Predicate = true> <Delay = 0.00>

State 2 <SV = 1> <Delay = 1.57>
ST_2 : Operation 51 [1/1] (0.00ns)   --->   "%th_7 = load i6 %th"   --->   Operation 51 'load' 'th_7' <Predicate = true> <Delay = 0.00>
ST_2 : Operation 52 [1/1] (0.00ns)   --->   "%tmp = bitconcatenate i11 @_ssdm_op_BitConcatenate.i11.i6.i5, i6 %th_7, i5 0"   --->   Operation 52 'bitconcatenate' 'tmp' <Predicate = true> <Delay = 0.00>
ST_2 : Operation 53 [1/1] (0.00ns)   --->   "%tmp_s = bitconcatenate i9 @_ssdm_op_BitConcatenate.i9.i6.i3, i6 %th_7, i3 0"   --->   Operation 53 'bitconcatenate' 'tmp_s' <Predicate = true> <Delay = 0.00>
ST_2 : Operation 54 [1/1] (0.00ns)   --->   "%tmp_167_cast = zext i9 %tmp_s"   --->   Operation 54 'zext' 'tmp_167_cast' <Predicate = true> <Delay = 0.00>
ST_2 : Operation 55 [1/1] (0.79ns)   --->   "%empty = add i11 %tmp, i11 %tmp_167_cast"   --->   Operation 55 'add' 'empty' <Predicate = true> <Delay = 0.79> <CoreInst = "Adder">   --->   Core 1 'Adder' <Latency = 0> <II = 1> <Delay = 0.79> <FuncUnit> <Opcode : 'add' 'sub'> <InPorts = 2> <OutPorts = 1>
ST_2 : Operation 56 [1/1] (0.00ns)   --->   "%zext_ln68 = zext i6 %th_7" [src/conv1.cpp:68]   --->   Operation 56 'zext' 'zext_ln68' <Predicate = true> <Delay = 0.00>
ST_2 : Operation 57 [1/1] (0.78ns)   --->   "%icmp_ln68 = icmp_eq  i6 %th_7, i6 32" [src/conv1.cpp:68]   --->   Operation 57 'icmp' 'icmp_ln68' <Predicate = true> <Delay = 0.78> <CoreInst = "Cmp">   --->   Core 9 'Cmp' <Latency = 0> <II = 1> <Delay = 0.78> <FuncUnit> <Opcode : 'icmp'> <InPorts = 2> <OutPorts = 1>
ST_2 : Operation 58 [1/1] (0.78ns)   --->   "%indvars_iv_next82 = add i6 %th_7, i6 1"   --->   Operation 58 'add' 'indvars_iv_next82' <Predicate = true> <Delay = 0.78> <CoreInst = "Adder">   --->   Core 1 'Adder' <Latency = 0> <II = 1> <Delay = 0.78> <FuncUnit> <Opcode : 'add' 'sub'> <InPorts = 2> <OutPorts = 1>
ST_2 : Operation 59 [1/1] (0.00ns)   --->   "%br_ln68 = br i1 %icmp_ln68, void %VITIS_LOOP_69_2.split, void %for.end69" [src/conv1.cpp:68]   --->   Operation 59 'br' 'br_ln68' <Predicate = true> <Delay = 0.00>
ST_2 : Operation 60 [1/1] (0.00ns)   --->   "%speclooptripcount_ln68 = speclooptripcount void @_ssdm_op_SpecLoopTripCount, i64 32, i64 32, i64 32" [src/conv1.cpp:68]   --->   Operation 60 'speclooptripcount' 'speclooptripcount_ln68' <Predicate = (!icmp_ln68)> <Delay = 0.00>
ST_2 : Operation 61 [1/1] (0.00ns)   --->   "%specloopname_ln68 = specloopname void @_ssdm_op_SpecLoopName, void @empty_9" [src/conv1.cpp:68]   --->   Operation 61 'specloopname' 'specloopname_ln68' <Predicate = (!icmp_ln68)> <Delay = 0.00>
ST_2 : Operation 62 [1/1] (0.76ns)   --->   "%cmp5 = icmp_ult  i8 %zext_ln68, i8 %tH_read" [src/conv1.cpp:68]   --->   Operation 62 'icmp' 'cmp5' <Predicate = (!icmp_ln68)> <Delay = 0.76> <CoreInst = "Cmp">   --->   Core 9 'Cmp' <Latency = 0> <II = 1> <Delay = 0.76> <FuncUnit> <Opcode : 'icmp'> <InPorts = 2> <OutPorts = 1>
ST_2 : Operation 63 [1/1] (0.00ns)   --->   "%tmp_154 = bitconcatenate i11 @_ssdm_op_BitConcatenate.i11.i6.i5, i6 %indvars_iv_next82, i5 0"   --->   Operation 63 'bitconcatenate' 'tmp_154' <Predicate = (!icmp_ln68)> <Delay = 0.00>
ST_2 : Operation 64 [1/1] (0.00ns)   --->   "%tmp_155 = bitconcatenate i9 @_ssdm_op_BitConcatenate.i9.i6.i3, i6 %indvars_iv_next82, i3 0"   --->   Operation 64 'bitconcatenate' 'tmp_155' <Predicate = (!icmp_ln68)> <Delay = 0.00>
ST_2 : Operation 65 [1/1] (0.00ns)   --->   "%tmp_169_cast = zext i9 %tmp_155"   --->   Operation 65 'zext' 'tmp_169_cast' <Predicate = (!icmp_ln68)> <Delay = 0.00>
ST_2 : Operation 66 [1/1] (0.79ns)   --->   "%empty_108 = add i11 %tmp_154, i11 %tmp_169_cast"   --->   Operation 66 'add' 'empty_108' <Predicate = (!icmp_ln68)> <Delay = 0.79> <CoreInst = "Adder">   --->   Core 1 'Adder' <Latency = 0> <II = 1> <Delay = 0.79> <FuncUnit> <Opcode : 'add' 'sub'> <InPorts = 2> <OutPorts = 1>
ST_2 : Operation 67 [1/1] (0.78ns)   --->   "%empty_109 = add i6 %th_7, i6 2"   --->   Operation 67 'add' 'empty_109' <Predicate = (!icmp_ln68)> <Delay = 0.78> <CoreInst = "Adder">   --->   Core 1 'Adder' <Latency = 0> <II = 1> <Delay = 0.78> <FuncUnit> <Opcode : 'add' 'sub'> <InPorts = 2> <OutPorts = 1>
ST_2 : Operation 68 [1/1] (0.00ns)   --->   "%tmp_156 = bitconcatenate i11 @_ssdm_op_BitConcatenate.i11.i6.i5, i6 %empty_109, i5 0"   --->   Operation 68 'bitconcatenate' 'tmp_156' <Predicate = (!icmp_ln68)> <Delay = 0.00>
ST_2 : Operation 69 [1/1] (0.00ns)   --->   "%tmp_157 = bitconcatenate i9 @_ssdm_op_BitConcatenate.i9.i6.i3, i6 %empty_109, i3 0"   --->   Operation 69 'bitconcatenate' 'tmp_157' <Predicate = (!icmp_ln68)> <Delay = 0.00>
ST_2 : Operation 70 [1/1] (0.00ns)   --->   "%tmp_171_cast = zext i9 %tmp_157"   --->   Operation 70 'zext' 'tmp_171_cast' <Predicate = (!icmp_ln68)> <Delay = 0.00>
ST_2 : Operation 71 [1/1] (0.79ns)   --->   "%empty_110 = add i11 %tmp_156, i11 %tmp_171_cast"   --->   Operation 71 'add' 'empty_110' <Predicate = (!icmp_ln68)> <Delay = 0.79> <CoreInst = "Adder">   --->   Core 1 'Adder' <Latency = 0> <II = 1> <Delay = 0.79> <FuncUnit> <Opcode : 'add' 'sub'> <InPorts = 2> <OutPorts = 1>
ST_2 : Operation 72 [1/1] (0.78ns)   --->   "%empty_111 = add i6 %th_7, i6 3"   --->   Operation 72 'add' 'empty_111' <Predicate = (!icmp_ln68)> <Delay = 0.78> <CoreInst = "Adder">   --->   Core 1 'Adder' <Latency = 0> <II = 1> <Delay = 0.78> <FuncUnit> <Opcode : 'add' 'sub'> <InPorts = 2> <OutPorts = 1>
ST_2 : Operation 73 [1/1] (0.00ns)   --->   "%tmp_158 = bitconcatenate i11 @_ssdm_op_BitConcatenate.i11.i6.i5, i6 %empty_111, i5 0"   --->   Operation 73 'bitconcatenate' 'tmp_158' <Predicate = (!icmp_ln68)> <Delay = 0.00>
ST_2 : Operation 74 [1/1] (0.00ns)   --->   "%tmp_159 = bitconcatenate i9 @_ssdm_op_BitConcatenate.i9.i6.i3, i6 %empty_111, i3 0"   --->   Operation 74 'bitconcatenate' 'tmp_159' <Predicate = (!icmp_ln68)> <Delay = 0.00>
ST_2 : Operation 75 [1/1] (0.00ns)   --->   "%tmp_173_cast = zext i9 %tmp_159"   --->   Operation 75 'zext' 'tmp_173_cast' <Predicate = (!icmp_ln68)> <Delay = 0.00>
ST_2 : Operation 76 [1/1] (0.79ns)   --->   "%empty_112 = add i11 %tmp_158, i11 %tmp_173_cast"   --->   Operation 76 'add' 'empty_112' <Predicate = (!icmp_ln68)> <Delay = 0.79> <CoreInst = "Adder">   --->   Core 1 'Adder' <Latency = 0> <II = 1> <Delay = 0.79> <FuncUnit> <Opcode : 'add' 'sub'> <InPorts = 2> <OutPorts = 1>
ST_2 : Operation 77 [1/1] (0.78ns)   --->   "%empty_113 = add i6 %th_7, i6 4"   --->   Operation 77 'add' 'empty_113' <Predicate = (!icmp_ln68)> <Delay = 0.78> <CoreInst = "Adder">   --->   Core 1 'Adder' <Latency = 0> <II = 1> <Delay = 0.78> <FuncUnit> <Opcode : 'add' 'sub'> <InPorts = 2> <OutPorts = 1>
ST_2 : Operation 78 [1/1] (0.00ns)   --->   "%tmp_160 = bitconcatenate i11 @_ssdm_op_BitConcatenate.i11.i6.i5, i6 %empty_113, i5 0"   --->   Operation 78 'bitconcatenate' 'tmp_160' <Predicate = (!icmp_ln68)> <Delay = 0.00>
ST_2 : Operation 79 [1/1] (0.00ns)   --->   "%tmp_161 = bitconcatenate i9 @_ssdm_op_BitConcatenate.i9.i6.i3, i6 %empty_113, i3 0"   --->   Operation 79 'bitconcatenate' 'tmp_161' <Predicate = (!icmp_ln68)> <Delay = 0.00>
ST_2 : Operation 80 [1/1] (0.00ns)   --->   "%tmp_175_cast = zext i9 %tmp_161"   --->   Operation 80 'zext' 'tmp_175_cast' <Predicate = (!icmp_ln68)> <Delay = 0.00>
ST_2 : Operation 81 [1/1] (0.79ns)   --->   "%empty_114 = add i11 %tmp_160, i11 %tmp_175_cast"   --->   Operation 81 'add' 'empty_114' <Predicate = (!icmp_ln68)> <Delay = 0.79> <CoreInst = "Adder">   --->   Core 1 'Adder' <Latency = 0> <II = 1> <Delay = 0.79> <FuncUnit> <Opcode : 'add' 'sub'> <InPorts = 2> <OutPorts = 1>
ST_2 : Operation 82 [1/1] (0.78ns)   --->   "%empty_115 = add i6 %th_7, i6 5"   --->   Operation 82 'add' 'empty_115' <Predicate = (!icmp_ln68)> <Delay = 0.78> <CoreInst = "Adder">   --->   Core 1 'Adder' <Latency = 0> <II = 1> <Delay = 0.78> <FuncUnit> <Opcode : 'add' 'sub'> <InPorts = 2> <OutPorts = 1>
ST_2 : Operation 83 [1/1] (0.00ns)   --->   "%tmp_162 = bitconcatenate i11 @_ssdm_op_BitConcatenate.i11.i6.i5, i6 %empty_115, i5 0"   --->   Operation 83 'bitconcatenate' 'tmp_162' <Predicate = (!icmp_ln68)> <Delay = 0.00>
ST_2 : Operation 84 [1/1] (0.00ns)   --->   "%tmp_163 = bitconcatenate i9 @_ssdm_op_BitConcatenate.i9.i6.i3, i6 %empty_115, i3 0"   --->   Operation 84 'bitconcatenate' 'tmp_163' <Predicate = (!icmp_ln68)> <Delay = 0.00>
ST_2 : Operation 85 [1/1] (0.00ns)   --->   "%tmp_177_cast = zext i9 %tmp_163"   --->   Operation 85 'zext' 'tmp_177_cast' <Predicate = (!icmp_ln68)> <Delay = 0.00>
ST_2 : Operation 86 [1/1] (0.79ns)   --->   "%empty_116 = add i11 %tmp_162, i11 %tmp_177_cast"   --->   Operation 86 'add' 'empty_116' <Predicate = (!icmp_ln68)> <Delay = 0.79> <CoreInst = "Adder">   --->   Core 1 'Adder' <Latency = 0> <II = 1> <Delay = 0.79> <FuncUnit> <Opcode : 'add' 'sub'> <InPorts = 2> <OutPorts = 1>
ST_2 : Operation 87 [1/1] (0.78ns)   --->   "%empty_117 = add i6 %th_7, i6 6"   --->   Operation 87 'add' 'empty_117' <Predicate = (!icmp_ln68)> <Delay = 0.78> <CoreInst = "Adder">   --->   Core 1 'Adder' <Latency = 0> <II = 1> <Delay = 0.78> <FuncUnit> <Opcode : 'add' 'sub'> <InPorts = 2> <OutPorts = 1>
ST_2 : Operation 88 [1/1] (0.00ns)   --->   "%tmp_164 = bitconcatenate i11 @_ssdm_op_BitConcatenate.i11.i6.i5, i6 %empty_117, i5 0"   --->   Operation 88 'bitconcatenate' 'tmp_164' <Predicate = (!icmp_ln68)> <Delay = 0.00>
ST_2 : Operation 89 [1/1] (0.00ns)   --->   "%tmp_165 = bitconcatenate i9 @_ssdm_op_BitConcatenate.i9.i6.i3, i6 %empty_117, i3 0"   --->   Operation 89 'bitconcatenate' 'tmp_165' <Predicate = (!icmp_ln68)> <Delay = 0.00>
ST_2 : Operation 90 [1/1] (0.00ns)   --->   "%tmp_179_cast = zext i9 %tmp_165"   --->   Operation 90 'zext' 'tmp_179_cast' <Predicate = (!icmp_ln68)> <Delay = 0.00>
ST_2 : Operation 91 [1/1] (0.79ns)   --->   "%empty_118 = add i11 %tmp_164, i11 %tmp_179_cast"   --->   Operation 91 'add' 'empty_118' <Predicate = (!icmp_ln68)> <Delay = 0.79> <CoreInst = "Adder">   --->   Core 1 'Adder' <Latency = 0> <II = 1> <Delay = 0.79> <FuncUnit> <Opcode : 'add' 'sub'> <InPorts = 2> <OutPorts = 1>
ST_2 : Operation 92 [1/1] (0.78ns)   --->   "%empty_119 = add i6 %th_7, i6 7"   --->   Operation 92 'add' 'empty_119' <Predicate = (!icmp_ln68)> <Delay = 0.78> <CoreInst = "Adder">   --->   Core 1 'Adder' <Latency = 0> <II = 1> <Delay = 0.78> <FuncUnit> <Opcode : 'add' 'sub'> <InPorts = 2> <OutPorts = 1>
ST_2 : Operation 93 [1/1] (0.00ns)   --->   "%tmp_166 = bitconcatenate i11 @_ssdm_op_BitConcatenate.i11.i6.i5, i6 %empty_119, i5 0"   --->   Operation 93 'bitconcatenate' 'tmp_166' <Predicate = (!icmp_ln68)> <Delay = 0.00>
ST_2 : Operation 94 [1/1] (0.00ns)   --->   "%tmp_167 = bitconcatenate i9 @_ssdm_op_BitConcatenate.i9.i6.i3, i6 %empty_119, i3 0"   --->   Operation 94 'bitconcatenate' 'tmp_167' <Predicate = (!icmp_ln68)> <Delay = 0.00>
ST_2 : Operation 95 [1/1] (0.00ns)   --->   "%tmp_181_cast = zext i9 %tmp_167"   --->   Operation 95 'zext' 'tmp_181_cast' <Predicate = (!icmp_ln68)> <Delay = 0.00>
ST_2 : Operation 96 [1/1] (0.79ns)   --->   "%empty_120 = add i11 %tmp_166, i11 %tmp_181_cast"   --->   Operation 96 'add' 'empty_120' <Predicate = (!icmp_ln68)> <Delay = 0.79> <CoreInst = "Adder">   --->   Core 1 'Adder' <Latency = 0> <II = 1> <Delay = 0.79> <FuncUnit> <Opcode : 'add' 'sub'> <InPorts = 2> <OutPorts = 1>
ST_2 : Operation 97 [1/1] (0.78ns)   --->   "%empty_121 = add i6 %th_7, i6 8"   --->   Operation 97 'add' 'empty_121' <Predicate = (!icmp_ln68)> <Delay = 0.78> <CoreInst = "Adder">   --->   Core 1 'Adder' <Latency = 0> <II = 1> <Delay = 0.78> <FuncUnit> <Opcode : 'add' 'sub'> <InPorts = 2> <OutPorts = 1>
ST_2 : Operation 98 [1/1] (0.00ns)   --->   "%tmp_168 = bitconcatenate i11 @_ssdm_op_BitConcatenate.i11.i6.i5, i6 %empty_121, i5 0"   --->   Operation 98 'bitconcatenate' 'tmp_168' <Predicate = (!icmp_ln68)> <Delay = 0.00>
ST_2 : Operation 99 [1/1] (0.00ns)   --->   "%tmp_169 = bitconcatenate i9 @_ssdm_op_BitConcatenate.i9.i6.i3, i6 %empty_121, i3 0"   --->   Operation 99 'bitconcatenate' 'tmp_169' <Predicate = (!icmp_ln68)> <Delay = 0.00>
ST_2 : Operation 100 [1/1] (0.00ns)   --->   "%tmp_183_cast = zext i9 %tmp_169"   --->   Operation 100 'zext' 'tmp_183_cast' <Predicate = (!icmp_ln68)> <Delay = 0.00>
ST_2 : Operation 101 [1/1] (0.79ns)   --->   "%empty_122 = add i11 %tmp_168, i11 %tmp_183_cast"   --->   Operation 101 'add' 'empty_122' <Predicate = (!icmp_ln68)> <Delay = 0.79> <CoreInst = "Adder">   --->   Core 1 'Adder' <Latency = 0> <II = 1> <Delay = 0.79> <FuncUnit> <Opcode : 'add' 'sub'> <InPorts = 2> <OutPorts = 1>
ST_2 : Operation 102 [1/1] (0.42ns)   --->   "%br_ln69 = br void %for.body4" [src/conv1.cpp:69]   --->   Operation 102 'br' 'br_ln69' <Predicate = (!icmp_ln68)> <Delay = 0.42>
ST_2 : Operation 103 [1/1] (0.00ns)   --->   "%ret_ln83 = ret" [src/conv1.cpp:83]   --->   Operation 103 'ret' 'ret_ln83' <Predicate = (icmp_ln68)> <Delay = 0.00>

State 3 <SV = 2> <Delay = 2.03>
ST_3 : Operation 104 [1/1] (0.00ns)   --->   "%tw = phi i6 0, void %VITIS_LOOP_69_2.split, i6 %add_ln69, void %for.inc64" [src/conv1.cpp:69]   --->   Operation 104 'phi' 'tw' <Predicate = true> <Delay = 0.00>
ST_3 : Operation 105 [1/1] (0.00ns)   --->   "%empty_123 = trunc i6 %tw" [src/conv1.cpp:69]   --->   Operation 105 'trunc' 'empty_123' <Predicate = true> <Delay = 0.00>
ST_3 : Operation 106 [1/1] (0.00ns)   --->   "%tw_cast = zext i6 %tw" [src/conv1.cpp:69]   --->   Operation 106 'zext' 'tw_cast' <Predicate = true> <Delay = 0.00>
ST_3 : Operation 107 [1/1] (0.79ns)   --->   "%empty_124 = add i11 %empty, i11 %tw_cast" [src/conv1.cpp:69]   --->   Operation 107 'add' 'empty_124' <Predicate = true> <Delay = 0.79> <CoreInst = "Adder">   --->   Core 1 'Adder' <Latency = 0> <II = 1> <Delay = 0.79> <FuncUnit> <Opcode : 'add' 'sub'> <InPorts = 2> <OutPorts = 1>
ST_3 : Operation 108 [1/1] (0.00ns)   --->   "%p_cast1000 = zext i11 %empty_124" [src/conv1.cpp:69]   --->   Operation 108 'zext' 'p_cast1000' <Predicate = true> <Delay = 0.00>
ST_3 : Operation 109 [1/1] (0.00ns)   --->   "%in_tile_1_0_addr = getelementptr i32 %in_tile_1_0, i64 0, i64 %p_cast1000" [src/conv1.cpp:69]   --->   Operation 109 'getelementptr' 'in_tile_1_0_addr' <Predicate = true> <Delay = 0.00>
ST_3 : Operation 110 [1/1] (0.79ns)   --->   "%empty_125 = add i11 %empty_108, i11 %tw_cast" [src/conv1.cpp:69]   --->   Operation 110 'add' 'empty_125' <Predicate = true> <Delay = 0.79> <CoreInst = "Adder">   --->   Core 1 'Adder' <Latency = 0> <II = 1> <Delay = 0.79> <FuncUnit> <Opcode : 'add' 'sub'> <InPorts = 2> <OutPorts = 1>
ST_3 : Operation 111 [1/1] (0.00ns)   --->   "%p_cast1001 = zext i11 %empty_125" [src/conv1.cpp:69]   --->   Operation 111 'zext' 'p_cast1001' <Predicate = true> <Delay = 0.00>
ST_3 : Operation 112 [1/1] (0.00ns)   --->   "%in_tile_1_0_addr_9 = getelementptr i32 %in_tile_1_0, i64 0, i64 %p_cast1001" [src/conv1.cpp:69]   --->   Operation 112 'getelementptr' 'in_tile_1_0_addr_9' <Predicate = true> <Delay = 0.00>
ST_3 : Operation 113 [1/1] (0.79ns)   --->   "%empty_126 = add i11 %empty_110, i11 %tw_cast" [src/conv1.cpp:69]   --->   Operation 113 'add' 'empty_126' <Predicate = true> <Delay = 0.79> <CoreInst = "Adder">   --->   Core 1 'Adder' <Latency = 0> <II = 1> <Delay = 0.79> <FuncUnit> <Opcode : 'add' 'sub'> <InPorts = 2> <OutPorts = 1>
ST_3 : Operation 114 [1/1] (0.00ns)   --->   "%p_cast1002 = zext i11 %empty_126" [src/conv1.cpp:69]   --->   Operation 114 'zext' 'p_cast1002' <Predicate = true> <Delay = 0.00>
ST_3 : Operation 115 [1/1] (0.00ns)   --->   "%in_tile_1_0_addr_18 = getelementptr i32 %in_tile_1_0, i64 0, i64 %p_cast1002" [src/conv1.cpp:69]   --->   Operation 115 'getelementptr' 'in_tile_1_0_addr_18' <Predicate = true> <Delay = 0.00>
ST_3 : Operation 116 [1/1] (0.79ns)   --->   "%empty_127 = add i11 %empty_112, i11 %tw_cast" [src/conv1.cpp:69]   --->   Operation 116 'add' 'empty_127' <Predicate = true> <Delay = 0.79> <CoreInst = "Adder">   --->   Core 1 'Adder' <Latency = 0> <II = 1> <Delay = 0.79> <FuncUnit> <Opcode : 'add' 'sub'> <InPorts = 2> <OutPorts = 1>
ST_3 : Operation 117 [1/1] (0.00ns)   --->   "%p_cast1003 = zext i11 %empty_127" [src/conv1.cpp:69]   --->   Operation 117 'zext' 'p_cast1003' <Predicate = true> <Delay = 0.00>
ST_3 : Operation 118 [1/1] (0.00ns)   --->   "%in_tile_1_0_addr_27 = getelementptr i32 %in_tile_1_0, i64 0, i64 %p_cast1003" [src/conv1.cpp:69]   --->   Operation 118 'getelementptr' 'in_tile_1_0_addr_27' <Predicate = true> <Delay = 0.00>
ST_3 : Operation 119 [1/1] (0.79ns)   --->   "%empty_128 = add i11 %empty_114, i11 %tw_cast" [src/conv1.cpp:69]   --->   Operation 119 'add' 'empty_128' <Predicate = true> <Delay = 0.79> <CoreInst = "Adder">   --->   Core 1 'Adder' <Latency = 0> <II = 1> <Delay = 0.79> <FuncUnit> <Opcode : 'add' 'sub'> <InPorts = 2> <OutPorts = 1>
ST_3 : Operation 120 [1/1] (0.00ns)   --->   "%p_cast1004 = zext i11 %empty_128" [src/conv1.cpp:69]   --->   Operation 120 'zext' 'p_cast1004' <Predicate = true> <Delay = 0.00>
ST_3 : Operation 121 [1/1] (0.00ns)   --->   "%in_tile_1_0_addr_36 = getelementptr i32 %in_tile_1_0, i64 0, i64 %p_cast1004" [src/conv1.cpp:69]   --->   Operation 121 'getelementptr' 'in_tile_1_0_addr_36' <Predicate = true> <Delay = 0.00>
ST_3 : Operation 122 [1/1] (0.79ns)   --->   "%empty_129 = add i11 %empty_116, i11 %tw_cast" [src/conv1.cpp:69]   --->   Operation 122 'add' 'empty_129' <Predicate = true> <Delay = 0.79> <CoreInst = "Adder">   --->   Core 1 'Adder' <Latency = 0> <II = 1> <Delay = 0.79> <FuncUnit> <Opcode : 'add' 'sub'> <InPorts = 2> <OutPorts = 1>
ST_3 : Operation 123 [1/1] (0.00ns)   --->   "%p_cast1005 = zext i11 %empty_129" [src/conv1.cpp:69]   --->   Operation 123 'zext' 'p_cast1005' <Predicate = true> <Delay = 0.00>
ST_3 : Operation 124 [1/1] (0.00ns)   --->   "%in_tile_1_0_addr_45 = getelementptr i32 %in_tile_1_0, i64 0, i64 %p_cast1005" [src/conv1.cpp:69]   --->   Operation 124 'getelementptr' 'in_tile_1_0_addr_45' <Predicate = true> <Delay = 0.00>
ST_3 : Operation 125 [1/1] (0.79ns)   --->   "%empty_130 = add i11 %empty_118, i11 %tw_cast" [src/conv1.cpp:69]   --->   Operation 125 'add' 'empty_130' <Predicate = true> <Delay = 0.79> <CoreInst = "Adder">   --->   Core 1 'Adder' <Latency = 0> <II = 1> <Delay = 0.79> <FuncUnit> <Opcode : 'add' 'sub'> <InPorts = 2> <OutPorts = 1>
ST_3 : Operation 126 [1/1] (0.00ns)   --->   "%p_cast1006 = zext i11 %empty_130" [src/conv1.cpp:69]   --->   Operation 126 'zext' 'p_cast1006' <Predicate = true> <Delay = 0.00>
ST_3 : Operation 127 [1/1] (0.00ns)   --->   "%in_tile_1_0_addr_54 = getelementptr i32 %in_tile_1_0, i64 0, i64 %p_cast1006" [src/conv1.cpp:69]   --->   Operation 127 'getelementptr' 'in_tile_1_0_addr_54' <Predicate = true> <Delay = 0.00>
ST_3 : Operation 128 [1/1] (0.79ns)   --->   "%empty_131 = add i11 %empty_120, i11 %tw_cast" [src/conv1.cpp:69]   --->   Operation 128 'add' 'empty_131' <Predicate = true> <Delay = 0.79> <CoreInst = "Adder">   --->   Core 1 'Adder' <Latency = 0> <II = 1> <Delay = 0.79> <FuncUnit> <Opcode : 'add' 'sub'> <InPorts = 2> <OutPorts = 1>
ST_3 : Operation 129 [1/1] (0.00ns)   --->   "%p_cast1007 = zext i11 %empty_131" [src/conv1.cpp:69]   --->   Operation 129 'zext' 'p_cast1007' <Predicate = true> <Delay = 0.00>
ST_3 : Operation 130 [1/1] (0.00ns)   --->   "%in_tile_1_0_addr_63 = getelementptr i32 %in_tile_1_0, i64 0, i64 %p_cast1007" [src/conv1.cpp:69]   --->   Operation 130 'getelementptr' 'in_tile_1_0_addr_63' <Predicate = true> <Delay = 0.00>
ST_3 : Operation 131 [1/1] (0.79ns)   --->   "%empty_132 = add i11 %empty_122, i11 %tw_cast" [src/conv1.cpp:69]   --->   Operation 131 'add' 'empty_132' <Predicate = true> <Delay = 0.79> <CoreInst = "Adder">   --->   Core 1 'Adder' <Latency = 0> <II = 1> <Delay = 0.79> <FuncUnit> <Opcode : 'add' 'sub'> <InPorts = 2> <OutPorts = 1>
ST_3 : Operation 132 [1/1] (0.00ns)   --->   "%p_cast1008 = zext i11 %empty_132" [src/conv1.cpp:69]   --->   Operation 132 'zext' 'p_cast1008' <Predicate = true> <Delay = 0.00>
ST_3 : Operation 133 [1/1] (0.00ns)   --->   "%in_tile_1_0_addr_72 = getelementptr i32 %in_tile_1_0, i64 0, i64 %p_cast1008" [src/conv1.cpp:69]   --->   Operation 133 'getelementptr' 'in_tile_1_0_addr_72' <Predicate = true> <Delay = 0.00>
ST_3 : Operation 134 [1/1] (0.00ns)   --->   "%zext_ln69 = zext i6 %tw" [src/conv1.cpp:69]   --->   Operation 134 'zext' 'zext_ln69' <Predicate = true> <Delay = 0.00>
ST_3 : Operation 135 [1/1] (0.78ns)   --->   "%icmp_ln69 = icmp_eq  i6 %tw, i6 32" [src/conv1.cpp:69]   --->   Operation 135 'icmp' 'icmp_ln69' <Predicate = true> <Delay = 0.78> <CoreInst = "Cmp">   --->   Core 9 'Cmp' <Latency = 0> <II = 1> <Delay = 0.78> <FuncUnit> <Opcode : 'icmp'> <InPorts = 2> <OutPorts = 1>
ST_3 : Operation 136 [1/1] (0.78ns)   --->   "%add_ln69 = add i6 %tw, i6 1" [src/conv1.cpp:69]   --->   Operation 136 'add' 'add_ln69' <Predicate = true> <Delay = 0.78> <CoreInst = "Adder">   --->   Core 1 'Adder' <Latency = 0> <II = 1> <Delay = 0.78> <FuncUnit> <Opcode : 'add' 'sub'> <InPorts = 2> <OutPorts = 1>
ST_3 : Operation 137 [1/1] (0.00ns)   --->   "%br_ln69 = br i1 %icmp_ln69, void %for.body4.split, void %for.inc67" [src/conv1.cpp:69]   --->   Operation 137 'br' 'br_ln69' <Predicate = true> <Delay = 0.00>
ST_3 : Operation 138 [1/1] (0.00ns)   --->   "%speclooptripcount_ln69 = speclooptripcount void @_ssdm_op_SpecLoopTripCount, i64 32, i64 32, i64 32" [src/conv1.cpp:69]   --->   Operation 138 'speclooptripcount' 'speclooptripcount_ln69' <Predicate = (!icmp_ln69)> <Delay = 0.00>
ST_3 : Operation 139 [1/1] (0.00ns)   --->   "%specloopname_ln69 = specloopname void @_ssdm_op_SpecLoopName, void @empty_17" [src/conv1.cpp:69]   --->   Operation 139 'specloopname' 'specloopname_ln69' <Predicate = (!icmp_ln69)> <Delay = 0.00>
ST_3 : Operation 140 [1/1] (0.76ns)   --->   "%icmp_ln70 = icmp_ult  i8 %zext_ln69, i8 %tW_read" [src/conv1.cpp:70]   --->   Operation 140 'icmp' 'icmp_ln70' <Predicate = (!icmp_ln69)> <Delay = 0.76> <CoreInst = "Cmp">   --->   Core 9 'Cmp' <Latency = 0> <II = 1> <Delay = 0.76> <FuncUnit> <Opcode : 'icmp'> <InPorts = 2> <OutPorts = 1>
ST_3 : Operation 141 [1/1] (0.28ns)   --->   "%and_ln70 = and i1 %cmp5, i1 %icmp_ln70" [src/conv1.cpp:70]   --->   Operation 141 'and' 'and_ln70' <Predicate = (!icmp_ln69)> <Delay = 0.28> <CoreInst = "LogicGate">   --->   Core 74 'LogicGate' <Latency = 0> <II = 1> <Delay = 0.28> <FuncUnit> <Opcode : 'and' 'or' 'xor'> <InPorts = 2> <OutPorts = 1>
ST_3 : Operation 142 [1/1] (0.00ns)   --->   "%add_ln69_cast = zext i6 %add_ln69" [src/conv1.cpp:69]   --->   Operation 142 'zext' 'add_ln69_cast' <Predicate = (!icmp_ln69)> <Delay = 0.00>
ST_3 : Operation 143 [1/1] (0.79ns)   --->   "%empty_133 = add i11 %empty, i11 %add_ln69_cast" [src/conv1.cpp:69]   --->   Operation 143 'add' 'empty_133' <Predicate = (!icmp_ln69)> <Delay = 0.79> <CoreInst = "Adder">   --->   Core 1 'Adder' <Latency = 0> <II = 1> <Delay = 0.79> <FuncUnit> <Opcode : 'add' 'sub'> <InPorts = 2> <OutPorts = 1>
ST_3 : Operation 144 [1/1] (0.00ns)   --->   "%p_cast1009 = zext i11 %empty_133" [src/conv1.cpp:69]   --->   Operation 144 'zext' 'p_cast1009' <Predicate = (!icmp_ln69)> <Delay = 0.00>
ST_3 : Operation 145 [1/1] (0.00ns)   --->   "%in_tile_1_0_addr_1 = getelementptr i32 %in_tile_1_0, i64 0, i64 %p_cast1009" [src/conv1.cpp:69]   --->   Operation 145 'getelementptr' 'in_tile_1_0_addr_1' <Predicate = (!icmp_ln69)> <Delay = 0.00>
ST_3 : Operation 146 [1/1] (0.79ns)   --->   "%empty_134 = add i11 %empty_108, i11 %add_ln69_cast" [src/conv1.cpp:69]   --->   Operation 146 'add' 'empty_134' <Predicate = (!icmp_ln69)> <Delay = 0.79> <CoreInst = "Adder">   --->   Core 1 'Adder' <Latency = 0> <II = 1> <Delay = 0.79> <FuncUnit> <Opcode : 'add' 'sub'> <InPorts = 2> <OutPorts = 1>
ST_3 : Operation 147 [1/1] (0.00ns)   --->   "%p_cast1010 = zext i11 %empty_134" [src/conv1.cpp:69]   --->   Operation 147 'zext' 'p_cast1010' <Predicate = (!icmp_ln69)> <Delay = 0.00>
ST_3 : Operation 148 [1/1] (0.00ns)   --->   "%in_tile_1_0_addr_10 = getelementptr i32 %in_tile_1_0, i64 0, i64 %p_cast1010" [src/conv1.cpp:69]   --->   Operation 148 'getelementptr' 'in_tile_1_0_addr_10' <Predicate = (!icmp_ln69)> <Delay = 0.00>
ST_3 : Operation 149 [1/1] (0.79ns)   --->   "%empty_135 = add i11 %empty_110, i11 %add_ln69_cast" [src/conv1.cpp:69]   --->   Operation 149 'add' 'empty_135' <Predicate = (!icmp_ln69)> <Delay = 0.79> <CoreInst = "Adder">   --->   Core 1 'Adder' <Latency = 0> <II = 1> <Delay = 0.79> <FuncUnit> <Opcode : 'add' 'sub'> <InPorts = 2> <OutPorts = 1>
ST_3 : Operation 150 [1/1] (0.00ns)   --->   "%p_cast1011 = zext i11 %empty_135" [src/conv1.cpp:69]   --->   Operation 150 'zext' 'p_cast1011' <Predicate = (!icmp_ln69)> <Delay = 0.00>
ST_3 : Operation 151 [1/1] (0.00ns)   --->   "%in_tile_1_0_addr_19 = getelementptr i32 %in_tile_1_0, i64 0, i64 %p_cast1011" [src/conv1.cpp:69]   --->   Operation 151 'getelementptr' 'in_tile_1_0_addr_19' <Predicate = (!icmp_ln69)> <Delay = 0.00>
ST_3 : Operation 152 [1/1] (0.79ns)   --->   "%empty_136 = add i11 %empty_112, i11 %add_ln69_cast" [src/conv1.cpp:69]   --->   Operation 152 'add' 'empty_136' <Predicate = (!icmp_ln69)> <Delay = 0.79> <CoreInst = "Adder">   --->   Core 1 'Adder' <Latency = 0> <II = 1> <Delay = 0.79> <FuncUnit> <Opcode : 'add' 'sub'> <InPorts = 2> <OutPorts = 1>
ST_3 : Operation 153 [1/1] (0.00ns)   --->   "%p_cast1012 = zext i11 %empty_136" [src/conv1.cpp:69]   --->   Operation 153 'zext' 'p_cast1012' <Predicate = (!icmp_ln69)> <Delay = 0.00>
ST_3 : Operation 154 [1/1] (0.00ns)   --->   "%in_tile_1_0_addr_28 = getelementptr i32 %in_tile_1_0, i64 0, i64 %p_cast1012" [src/conv1.cpp:69]   --->   Operation 154 'getelementptr' 'in_tile_1_0_addr_28' <Predicate = (!icmp_ln69)> <Delay = 0.00>
ST_3 : Operation 155 [1/1] (0.79ns)   --->   "%empty_137 = add i11 %empty_114, i11 %add_ln69_cast" [src/conv1.cpp:69]   --->   Operation 155 'add' 'empty_137' <Predicate = (!icmp_ln69)> <Delay = 0.79> <CoreInst = "Adder">   --->   Core 1 'Adder' <Latency = 0> <II = 1> <Delay = 0.79> <FuncUnit> <Opcode : 'add' 'sub'> <InPorts = 2> <OutPorts = 1>
ST_3 : Operation 156 [1/1] (0.00ns)   --->   "%p_cast1013 = zext i11 %empty_137" [src/conv1.cpp:69]   --->   Operation 156 'zext' 'p_cast1013' <Predicate = (!icmp_ln69)> <Delay = 0.00>
ST_3 : Operation 157 [1/1] (0.00ns)   --->   "%in_tile_1_0_addr_37 = getelementptr i32 %in_tile_1_0, i64 0, i64 %p_cast1013" [src/conv1.cpp:69]   --->   Operation 157 'getelementptr' 'in_tile_1_0_addr_37' <Predicate = (!icmp_ln69)> <Delay = 0.00>
ST_3 : Operation 158 [1/1] (0.79ns)   --->   "%empty_138 = add i11 %empty_116, i11 %add_ln69_cast" [src/conv1.cpp:69]   --->   Operation 158 'add' 'empty_138' <Predicate = (!icmp_ln69)> <Delay = 0.79> <CoreInst = "Adder">   --->   Core 1 'Adder' <Latency = 0> <II = 1> <Delay = 0.79> <FuncUnit> <Opcode : 'add' 'sub'> <InPorts = 2> <OutPorts = 1>
ST_3 : Operation 159 [1/1] (0.00ns)   --->   "%p_cast1014 = zext i11 %empty_138" [src/conv1.cpp:69]   --->   Operation 159 'zext' 'p_cast1014' <Predicate = (!icmp_ln69)> <Delay = 0.00>
ST_3 : Operation 160 [1/1] (0.00ns)   --->   "%in_tile_1_0_addr_46 = getelementptr i32 %in_tile_1_0, i64 0, i64 %p_cast1014" [src/conv1.cpp:69]   --->   Operation 160 'getelementptr' 'in_tile_1_0_addr_46' <Predicate = (!icmp_ln69)> <Delay = 0.00>
ST_3 : Operation 161 [1/1] (0.79ns)   --->   "%empty_139 = add i11 %empty_118, i11 %add_ln69_cast" [src/conv1.cpp:69]   --->   Operation 161 'add' 'empty_139' <Predicate = (!icmp_ln69)> <Delay = 0.79> <CoreInst = "Adder">   --->   Core 1 'Adder' <Latency = 0> <II = 1> <Delay = 0.79> <FuncUnit> <Opcode : 'add' 'sub'> <InPorts = 2> <OutPorts = 1>
ST_3 : Operation 162 [1/1] (0.00ns)   --->   "%p_cast1015 = zext i11 %empty_139" [src/conv1.cpp:69]   --->   Operation 162 'zext' 'p_cast1015' <Predicate = (!icmp_ln69)> <Delay = 0.00>
ST_3 : Operation 163 [1/1] (0.00ns)   --->   "%in_tile_1_0_addr_55 = getelementptr i32 %in_tile_1_0, i64 0, i64 %p_cast1015" [src/conv1.cpp:69]   --->   Operation 163 'getelementptr' 'in_tile_1_0_addr_55' <Predicate = (!icmp_ln69)> <Delay = 0.00>
ST_3 : Operation 164 [1/1] (0.79ns)   --->   "%empty_140 = add i11 %empty_120, i11 %add_ln69_cast" [src/conv1.cpp:69]   --->   Operation 164 'add' 'empty_140' <Predicate = (!icmp_ln69)> <Delay = 0.79> <CoreInst = "Adder">   --->   Core 1 'Adder' <Latency = 0> <II = 1> <Delay = 0.79> <FuncUnit> <Opcode : 'add' 'sub'> <InPorts = 2> <OutPorts = 1>
ST_3 : Operation 165 [1/1] (0.00ns)   --->   "%p_cast1016 = zext i11 %empty_140" [src/conv1.cpp:69]   --->   Operation 165 'zext' 'p_cast1016' <Predicate = (!icmp_ln69)> <Delay = 0.00>
ST_3 : Operation 166 [1/1] (0.00ns)   --->   "%in_tile_1_0_addr_64 = getelementptr i32 %in_tile_1_0, i64 0, i64 %p_cast1016" [src/conv1.cpp:69]   --->   Operation 166 'getelementptr' 'in_tile_1_0_addr_64' <Predicate = (!icmp_ln69)> <Delay = 0.00>
ST_3 : Operation 167 [1/1] (0.79ns)   --->   "%empty_141 = add i11 %empty_122, i11 %add_ln69_cast" [src/conv1.cpp:69]   --->   Operation 167 'add' 'empty_141' <Predicate = (!icmp_ln69)> <Delay = 0.79> <CoreInst = "Adder">   --->   Core 1 'Adder' <Latency = 0> <II = 1> <Delay = 0.79> <FuncUnit> <Opcode : 'add' 'sub'> <InPorts = 2> <OutPorts = 1>
ST_3 : Operation 168 [1/1] (0.00ns)   --->   "%p_cast1017 = zext i11 %empty_141" [src/conv1.cpp:69]   --->   Operation 168 'zext' 'p_cast1017' <Predicate = (!icmp_ln69)> <Delay = 0.00>
ST_3 : Operation 169 [1/1] (0.00ns)   --->   "%in_tile_1_0_addr_73 = getelementptr i32 %in_tile_1_0, i64 0, i64 %p_cast1017" [src/conv1.cpp:69]   --->   Operation 169 'getelementptr' 'in_tile_1_0_addr_73' <Predicate = (!icmp_ln69)> <Delay = 0.00>
ST_3 : Operation 170 [1/1] (0.00ns)   --->   "%br_ln70 = br i1 %and_ln70, void %for.inc64, void %VITIS_LOOP_71_3" [src/conv1.cpp:70]   --->   Operation 170 'br' 'br_ln70' <Predicate = (!icmp_ln69)> <Delay = 0.00>
ST_3 : Operation 171 [2/2] (1.23ns)   --->   "%in_tile_1_0_load = load i11 %in_tile_1_0_addr" [src/conv1.cpp:69]   --->   Operation 171 'load' 'in_tile_1_0_load' <Predicate = (!icmp_ln69 & and_ln70)> <Delay = 1.23> <CoreInst = "RAM">   --->   Core 83 'RAM' <Latency = 1> <II = 1> <Delay = 1.23> <Storage> <Opcode : 'load' 'store'> <Ports = 2> <Width = 32> <Depth = 1600> <RAM>
ST_3 : Operation 172 [1/1] (0.42ns)   --->   "%store_ln68 = store i6 %indvars_iv_next82, i6 %th" [src/conv1.cpp:68]   --->   Operation 172 'store' 'store_ln68' <Predicate = (icmp_ln69)> <Delay = 0.42>
ST_3 : Operation 173 [1/1] (0.00ns)   --->   "%br_ln68 = br void %VITIS_LOOP_69_2" [src/conv1.cpp:68]   --->   Operation 173 'br' 'br_ln68' <Predicate = (icmp_ln69)> <Delay = 0.00>

State 4 <SV = 3> <Delay = 2.81>
ST_4 : Operation 174 [1/1] (0.78ns)   --->   "%empty_142 = add i6 %tw, i6 2" [src/conv1.cpp:69]   --->   Operation 174 'add' 'empty_142' <Predicate = true> <Delay = 0.78> <CoreInst = "Adder">   --->   Core 1 'Adder' <Latency = 0> <II = 1> <Delay = 0.78> <FuncUnit> <Opcode : 'add' 'sub'> <InPorts = 2> <OutPorts = 1>
ST_4 : Operation 175 [1/1] (0.00ns)   --->   "%p_cast = zext i6 %empty_142" [src/conv1.cpp:69]   --->   Operation 175 'zext' 'p_cast' <Predicate = true> <Delay = 0.00>
ST_4 : Operation 176 [1/1] (0.79ns)   --->   "%empty_143 = add i11 %empty, i11 %p_cast" [src/conv1.cpp:69]   --->   Operation 176 'add' 'empty_143' <Predicate = true> <Delay = 0.79> <CoreInst = "Adder">   --->   Core 1 'Adder' <Latency = 0> <II = 1> <Delay = 0.79> <FuncUnit> <Opcode : 'add' 'sub'> <InPorts = 2> <OutPorts = 1>
ST_4 : Operation 177 [1/1] (0.00ns)   --->   "%p_cast1018 = zext i11 %empty_143" [src/conv1.cpp:69]   --->   Operation 177 'zext' 'p_cast1018' <Predicate = true> <Delay = 0.00>
ST_4 : Operation 178 [1/1] (0.00ns)   --->   "%in_tile_1_0_addr_2 = getelementptr i32 %in_tile_1_0, i64 0, i64 %p_cast1018" [src/conv1.cpp:69]   --->   Operation 178 'getelementptr' 'in_tile_1_0_addr_2' <Predicate = true> <Delay = 0.00>
ST_4 : Operation 179 [1/2] (1.23ns)   --->   "%in_tile_1_0_load = load i11 %in_tile_1_0_addr" [src/conv1.cpp:69]   --->   Operation 179 'load' 'in_tile_1_0_load' <Predicate = true> <Delay = 1.23> <CoreInst = "RAM">   --->   Core 83 'RAM' <Latency = 1> <II = 1> <Delay = 1.23> <Storage> <Opcode : 'load' 'store'> <Ports = 2> <Width = 32> <Depth = 1600> <RAM>
ST_4 : Operation 180 [2/2] (1.23ns)   --->   "%in_tile_1_0_load_1 = load i11 %in_tile_1_0_addr_1" [src/conv1.cpp:69]   --->   Operation 180 'load' 'in_tile_1_0_load_1' <Predicate = true> <Delay = 1.23> <CoreInst = "RAM">   --->   Core 83 'RAM' <Latency = 1> <II = 1> <Delay = 1.23> <Storage> <Opcode : 'load' 'store'> <Ports = 2> <Width = 32> <Depth = 1600> <RAM>
ST_4 : Operation 181 [2/2] (1.23ns)   --->   "%in_tile_1_0_load_2 = load i11 %in_tile_1_0_addr_2" [src/conv1.cpp:69]   --->   Operation 181 'load' 'in_tile_1_0_load_2' <Predicate = true> <Delay = 1.23> <CoreInst = "RAM">   --->   Core 83 'RAM' <Latency = 1> <II = 1> <Delay = 1.23> <Storage> <Opcode : 'load' 'store'> <Ports = 2> <Width = 32> <Depth = 1600> <RAM>

State 5 <SV = 4> <Delay = 2.81>
ST_5 : Operation 182 [1/1] (0.78ns)   --->   "%empty_152 = add i6 %tw, i6 3" [src/conv1.cpp:69]   --->   Operation 182 'add' 'empty_152' <Predicate = true> <Delay = 0.78> <CoreInst = "Adder">   --->   Core 1 'Adder' <Latency = 0> <II = 1> <Delay = 0.78> <FuncUnit> <Opcode : 'add' 'sub'> <InPorts = 2> <OutPorts = 1>
ST_5 : Operation 183 [1/1] (0.00ns)   --->   "%p_cast993 = zext i6 %empty_152" [src/conv1.cpp:69]   --->   Operation 183 'zext' 'p_cast993' <Predicate = true> <Delay = 0.00>
ST_5 : Operation 184 [1/1] (0.79ns)   --->   "%empty_153 = add i11 %empty, i11 %p_cast993" [src/conv1.cpp:69]   --->   Operation 184 'add' 'empty_153' <Predicate = true> <Delay = 0.79> <CoreInst = "Adder">   --->   Core 1 'Adder' <Latency = 0> <II = 1> <Delay = 0.79> <FuncUnit> <Opcode : 'add' 'sub'> <InPorts = 2> <OutPorts = 1>
ST_5 : Operation 185 [1/1] (0.00ns)   --->   "%p_cast1027 = zext i11 %empty_153" [src/conv1.cpp:69]   --->   Operation 185 'zext' 'p_cast1027' <Predicate = true> <Delay = 0.00>
ST_5 : Operation 186 [1/1] (0.00ns)   --->   "%in_tile_1_0_addr_3 = getelementptr i32 %in_tile_1_0, i64 0, i64 %p_cast1027" [src/conv1.cpp:69]   --->   Operation 186 'getelementptr' 'in_tile_1_0_addr_3' <Predicate = true> <Delay = 0.00>
ST_5 : Operation 187 [1/1] (0.78ns)   --->   "%empty_162 = add i6 %tw, i6 4" [src/conv1.cpp:69]   --->   Operation 187 'add' 'empty_162' <Predicate = true> <Delay = 0.78> <CoreInst = "Adder">   --->   Core 1 'Adder' <Latency = 0> <II = 1> <Delay = 0.78> <FuncUnit> <Opcode : 'add' 'sub'> <InPorts = 2> <OutPorts = 1>
ST_5 : Operation 188 [1/1] (0.00ns)   --->   "%p_cast994 = zext i6 %empty_162" [src/conv1.cpp:69]   --->   Operation 188 'zext' 'p_cast994' <Predicate = true> <Delay = 0.00>
ST_5 : Operation 189 [1/1] (0.79ns)   --->   "%empty_163 = add i11 %empty, i11 %p_cast994" [src/conv1.cpp:69]   --->   Operation 189 'add' 'empty_163' <Predicate = true> <Delay = 0.79> <CoreInst = "Adder">   --->   Core 1 'Adder' <Latency = 0> <II = 1> <Delay = 0.79> <FuncUnit> <Opcode : 'add' 'sub'> <InPorts = 2> <OutPorts = 1>
ST_5 : Operation 190 [1/1] (0.00ns)   --->   "%p_cast1036 = zext i11 %empty_163" [src/conv1.cpp:69]   --->   Operation 190 'zext' 'p_cast1036' <Predicate = true> <Delay = 0.00>
ST_5 : Operation 191 [1/1] (0.00ns)   --->   "%in_tile_1_0_addr_4 = getelementptr i32 %in_tile_1_0, i64 0, i64 %p_cast1036" [src/conv1.cpp:69]   --->   Operation 191 'getelementptr' 'in_tile_1_0_addr_4' <Predicate = true> <Delay = 0.00>
ST_5 : Operation 192 [1/2] (1.23ns)   --->   "%in_tile_1_0_load_1 = load i11 %in_tile_1_0_addr_1" [src/conv1.cpp:69]   --->   Operation 192 'load' 'in_tile_1_0_load_1' <Predicate = true> <Delay = 1.23> <CoreInst = "RAM">   --->   Core 83 'RAM' <Latency = 1> <II = 1> <Delay = 1.23> <Storage> <Opcode : 'load' 'store'> <Ports = 2> <Width = 32> <Depth = 1600> <RAM>
ST_5 : Operation 193 [1/2] (1.23ns)   --->   "%in_tile_1_0_load_2 = load i11 %in_tile_1_0_addr_2" [src/conv1.cpp:69]   --->   Operation 193 'load' 'in_tile_1_0_load_2' <Predicate = true> <Delay = 1.23> <CoreInst = "RAM">   --->   Core 83 'RAM' <Latency = 1> <II = 1> <Delay = 1.23> <Storage> <Opcode : 'load' 'store'> <Ports = 2> <Width = 32> <Depth = 1600> <RAM>
ST_5 : Operation 194 [2/2] (1.23ns)   --->   "%in_tile_1_0_load_3 = load i11 %in_tile_1_0_addr_3" [src/conv1.cpp:69]   --->   Operation 194 'load' 'in_tile_1_0_load_3' <Predicate = true> <Delay = 1.23> <CoreInst = "RAM">   --->   Core 83 'RAM' <Latency = 1> <II = 1> <Delay = 1.23> <Storage> <Opcode : 'load' 'store'> <Ports = 2> <Width = 32> <Depth = 1600> <RAM>
ST_5 : Operation 195 [2/2] (1.23ns)   --->   "%in_tile_1_0_load_4 = load i11 %in_tile_1_0_addr_4" [src/conv1.cpp:69]   --->   Operation 195 'load' 'in_tile_1_0_load_4' <Predicate = true> <Delay = 1.23> <CoreInst = "RAM">   --->   Core 83 'RAM' <Latency = 1> <II = 1> <Delay = 1.23> <Storage> <Opcode : 'load' 'store'> <Ports = 2> <Width = 32> <Depth = 1600> <RAM>

State 6 <SV = 5> <Delay = 2.81>
ST_6 : Operation 196 [1/1] (0.78ns)   --->   "%empty_172 = add i6 %tw, i6 5" [src/conv1.cpp:69]   --->   Operation 196 'add' 'empty_172' <Predicate = true> <Delay = 0.78> <CoreInst = "Adder">   --->   Core 1 'Adder' <Latency = 0> <II = 1> <Delay = 0.78> <FuncUnit> <Opcode : 'add' 'sub'> <InPorts = 2> <OutPorts = 1>
ST_6 : Operation 197 [1/1] (0.00ns)   --->   "%p_cast995 = zext i6 %empty_172" [src/conv1.cpp:69]   --->   Operation 197 'zext' 'p_cast995' <Predicate = true> <Delay = 0.00>
ST_6 : Operation 198 [1/1] (0.79ns)   --->   "%empty_173 = add i11 %empty, i11 %p_cast995" [src/conv1.cpp:69]   --->   Operation 198 'add' 'empty_173' <Predicate = true> <Delay = 0.79> <CoreInst = "Adder">   --->   Core 1 'Adder' <Latency = 0> <II = 1> <Delay = 0.79> <FuncUnit> <Opcode : 'add' 'sub'> <InPorts = 2> <OutPorts = 1>
ST_6 : Operation 199 [1/1] (0.00ns)   --->   "%p_cast1045 = zext i11 %empty_173" [src/conv1.cpp:69]   --->   Operation 199 'zext' 'p_cast1045' <Predicate = true> <Delay = 0.00>
ST_6 : Operation 200 [1/1] (0.00ns)   --->   "%in_tile_1_0_addr_5 = getelementptr i32 %in_tile_1_0, i64 0, i64 %p_cast1045" [src/conv1.cpp:69]   --->   Operation 200 'getelementptr' 'in_tile_1_0_addr_5' <Predicate = true> <Delay = 0.00>
ST_6 : Operation 201 [1/1] (0.78ns)   --->   "%empty_182 = add i6 %tw, i6 6" [src/conv1.cpp:69]   --->   Operation 201 'add' 'empty_182' <Predicate = true> <Delay = 0.78> <CoreInst = "Adder">   --->   Core 1 'Adder' <Latency = 0> <II = 1> <Delay = 0.78> <FuncUnit> <Opcode : 'add' 'sub'> <InPorts = 2> <OutPorts = 1>
ST_6 : Operation 202 [1/1] (0.00ns)   --->   "%p_cast996 = zext i6 %empty_182" [src/conv1.cpp:69]   --->   Operation 202 'zext' 'p_cast996' <Predicate = true> <Delay = 0.00>
ST_6 : Operation 203 [1/1] (0.79ns)   --->   "%empty_183 = add i11 %empty, i11 %p_cast996" [src/conv1.cpp:69]   --->   Operation 203 'add' 'empty_183' <Predicate = true> <Delay = 0.79> <CoreInst = "Adder">   --->   Core 1 'Adder' <Latency = 0> <II = 1> <Delay = 0.79> <FuncUnit> <Opcode : 'add' 'sub'> <InPorts = 2> <OutPorts = 1>
ST_6 : Operation 204 [1/1] (0.00ns)   --->   "%p_cast1054 = zext i11 %empty_183" [src/conv1.cpp:69]   --->   Operation 204 'zext' 'p_cast1054' <Predicate = true> <Delay = 0.00>
ST_6 : Operation 205 [1/1] (0.00ns)   --->   "%in_tile_1_0_addr_6 = getelementptr i32 %in_tile_1_0, i64 0, i64 %p_cast1054" [src/conv1.cpp:69]   --->   Operation 205 'getelementptr' 'in_tile_1_0_addr_6' <Predicate = true> <Delay = 0.00>
ST_6 : Operation 206 [1/2] (1.23ns)   --->   "%in_tile_1_0_load_3 = load i11 %in_tile_1_0_addr_3" [src/conv1.cpp:69]   --->   Operation 206 'load' 'in_tile_1_0_load_3' <Predicate = true> <Delay = 1.23> <CoreInst = "RAM">   --->   Core 83 'RAM' <Latency = 1> <II = 1> <Delay = 1.23> <Storage> <Opcode : 'load' 'store'> <Ports = 2> <Width = 32> <Depth = 1600> <RAM>
ST_6 : Operation 207 [1/2] (1.23ns)   --->   "%in_tile_1_0_load_4 = load i11 %in_tile_1_0_addr_4" [src/conv1.cpp:69]   --->   Operation 207 'load' 'in_tile_1_0_load_4' <Predicate = true> <Delay = 1.23> <CoreInst = "RAM">   --->   Core 83 'RAM' <Latency = 1> <II = 1> <Delay = 1.23> <Storage> <Opcode : 'load' 'store'> <Ports = 2> <Width = 32> <Depth = 1600> <RAM>
ST_6 : Operation 208 [2/2] (1.23ns)   --->   "%in_tile_1_0_load_5 = load i11 %in_tile_1_0_addr_5" [src/conv1.cpp:69]   --->   Operation 208 'load' 'in_tile_1_0_load_5' <Predicate = true> <Delay = 1.23> <CoreInst = "RAM">   --->   Core 83 'RAM' <Latency = 1> <II = 1> <Delay = 1.23> <Storage> <Opcode : 'load' 'store'> <Ports = 2> <Width = 32> <Depth = 1600> <RAM>
ST_6 : Operation 209 [2/2] (1.23ns)   --->   "%in_tile_1_0_load_6 = load i11 %in_tile_1_0_addr_6" [src/conv1.cpp:69]   --->   Operation 209 'load' 'in_tile_1_0_load_6' <Predicate = true> <Delay = 1.23> <CoreInst = "RAM">   --->   Core 83 'RAM' <Latency = 1> <II = 1> <Delay = 1.23> <Storage> <Opcode : 'load' 'store'> <Ports = 2> <Width = 32> <Depth = 1600> <RAM>

State 7 <SV = 6> <Delay = 2.81>
ST_7 : Operation 210 [1/1] (0.78ns)   --->   "%empty_192 = add i6 %tw, i6 7" [src/conv1.cpp:69]   --->   Operation 210 'add' 'empty_192' <Predicate = true> <Delay = 0.78> <CoreInst = "Adder">   --->   Core 1 'Adder' <Latency = 0> <II = 1> <Delay = 0.78> <FuncUnit> <Opcode : 'add' 'sub'> <InPorts = 2> <OutPorts = 1>
ST_7 : Operation 211 [1/1] (0.00ns)   --->   "%p_cast997 = zext i6 %empty_192" [src/conv1.cpp:69]   --->   Operation 211 'zext' 'p_cast997' <Predicate = true> <Delay = 0.00>
ST_7 : Operation 212 [1/1] (0.79ns)   --->   "%empty_193 = add i11 %empty, i11 %p_cast997" [src/conv1.cpp:69]   --->   Operation 212 'add' 'empty_193' <Predicate = true> <Delay = 0.79> <CoreInst = "Adder">   --->   Core 1 'Adder' <Latency = 0> <II = 1> <Delay = 0.79> <FuncUnit> <Opcode : 'add' 'sub'> <InPorts = 2> <OutPorts = 1>
ST_7 : Operation 213 [1/1] (0.00ns)   --->   "%p_cast1063 = zext i11 %empty_193" [src/conv1.cpp:69]   --->   Operation 213 'zext' 'p_cast1063' <Predicate = true> <Delay = 0.00>
ST_7 : Operation 214 [1/1] (0.00ns)   --->   "%in_tile_1_0_addr_7 = getelementptr i32 %in_tile_1_0, i64 0, i64 %p_cast1063" [src/conv1.cpp:69]   --->   Operation 214 'getelementptr' 'in_tile_1_0_addr_7' <Predicate = true> <Delay = 0.00>
ST_7 : Operation 215 [1/1] (0.78ns)   --->   "%empty_202 = add i6 %tw, i6 8" [src/conv1.cpp:69]   --->   Operation 215 'add' 'empty_202' <Predicate = true> <Delay = 0.78> <CoreInst = "Adder">   --->   Core 1 'Adder' <Latency = 0> <II = 1> <Delay = 0.78> <FuncUnit> <Opcode : 'add' 'sub'> <InPorts = 2> <OutPorts = 1>
ST_7 : Operation 216 [1/1] (0.00ns)   --->   "%p_cast998 = zext i6 %empty_202" [src/conv1.cpp:69]   --->   Operation 216 'zext' 'p_cast998' <Predicate = true> <Delay = 0.00>
ST_7 : Operation 217 [1/1] (0.79ns)   --->   "%empty_203 = add i11 %empty, i11 %p_cast998" [src/conv1.cpp:69]   --->   Operation 217 'add' 'empty_203' <Predicate = true> <Delay = 0.79> <CoreInst = "Adder">   --->   Core 1 'Adder' <Latency = 0> <II = 1> <Delay = 0.79> <FuncUnit> <Opcode : 'add' 'sub'> <InPorts = 2> <OutPorts = 1>
ST_7 : Operation 218 [1/1] (0.00ns)   --->   "%p_cast1072 = zext i11 %empty_203" [src/conv1.cpp:69]   --->   Operation 218 'zext' 'p_cast1072' <Predicate = true> <Delay = 0.00>
ST_7 : Operation 219 [1/1] (0.00ns)   --->   "%in_tile_1_0_addr_8 = getelementptr i32 %in_tile_1_0, i64 0, i64 %p_cast1072" [src/conv1.cpp:69]   --->   Operation 219 'getelementptr' 'in_tile_1_0_addr_8' <Predicate = true> <Delay = 0.00>
ST_7 : Operation 220 [1/2] (1.23ns)   --->   "%in_tile_1_0_load_5 = load i11 %in_tile_1_0_addr_5" [src/conv1.cpp:69]   --->   Operation 220 'load' 'in_tile_1_0_load_5' <Predicate = true> <Delay = 1.23> <CoreInst = "RAM">   --->   Core 83 'RAM' <Latency = 1> <II = 1> <Delay = 1.23> <Storage> <Opcode : 'load' 'store'> <Ports = 2> <Width = 32> <Depth = 1600> <RAM>
ST_7 : Operation 221 [1/2] (1.23ns)   --->   "%in_tile_1_0_load_6 = load i11 %in_tile_1_0_addr_6" [src/conv1.cpp:69]   --->   Operation 221 'load' 'in_tile_1_0_load_6' <Predicate = true> <Delay = 1.23> <CoreInst = "RAM">   --->   Core 83 'RAM' <Latency = 1> <II = 1> <Delay = 1.23> <Storage> <Opcode : 'load' 'store'> <Ports = 2> <Width = 32> <Depth = 1600> <RAM>
ST_7 : Operation 222 [2/2] (1.23ns)   --->   "%in_tile_1_0_load_7 = load i11 %in_tile_1_0_addr_7" [src/conv1.cpp:69]   --->   Operation 222 'load' 'in_tile_1_0_load_7' <Predicate = true> <Delay = 1.23> <CoreInst = "RAM">   --->   Core 83 'RAM' <Latency = 1> <II = 1> <Delay = 1.23> <Storage> <Opcode : 'load' 'store'> <Ports = 2> <Width = 32> <Depth = 1600> <RAM>
ST_7 : Operation 223 [2/2] (1.23ns)   --->   "%in_tile_1_0_load_8 = load i11 %in_tile_1_0_addr_8" [src/conv1.cpp:69]   --->   Operation 223 'load' 'in_tile_1_0_load_8' <Predicate = true> <Delay = 1.23> <CoreInst = "RAM">   --->   Core 83 'RAM' <Latency = 1> <II = 1> <Delay = 1.23> <Storage> <Opcode : 'load' 'store'> <Ports = 2> <Width = 32> <Depth = 1600> <RAM>

State 8 <SV = 7> <Delay = 1.23>
ST_8 : Operation 224 [1/2] (1.23ns)   --->   "%in_tile_1_0_load_7 = load i11 %in_tile_1_0_addr_7" [src/conv1.cpp:69]   --->   Operation 224 'load' 'in_tile_1_0_load_7' <Predicate = true> <Delay = 1.23> <CoreInst = "RAM">   --->   Core 83 'RAM' <Latency = 1> <II = 1> <Delay = 1.23> <Storage> <Opcode : 'load' 'store'> <Ports = 2> <Width = 32> <Depth = 1600> <RAM>
ST_8 : Operation 225 [1/2] (1.23ns)   --->   "%in_tile_1_0_load_8 = load i11 %in_tile_1_0_addr_8" [src/conv1.cpp:69]   --->   Operation 225 'load' 'in_tile_1_0_load_8' <Predicate = true> <Delay = 1.23> <CoreInst = "RAM">   --->   Core 83 'RAM' <Latency = 1> <II = 1> <Delay = 1.23> <Storage> <Opcode : 'load' 'store'> <Ports = 2> <Width = 32> <Depth = 1600> <RAM>
ST_8 : Operation 226 [2/2] (1.23ns)   --->   "%in_tile_1_0_load_9 = load i11 %in_tile_1_0_addr_9" [src/conv1.cpp:69]   --->   Operation 226 'load' 'in_tile_1_0_load_9' <Predicate = true> <Delay = 1.23> <CoreInst = "RAM">   --->   Core 83 'RAM' <Latency = 1> <II = 1> <Delay = 1.23> <Storage> <Opcode : 'load' 'store'> <Ports = 2> <Width = 32> <Depth = 1600> <RAM>
ST_8 : Operation 227 [2/2] (1.23ns)   --->   "%in_tile_1_0_load_10 = load i11 %in_tile_1_0_addr_10" [src/conv1.cpp:69]   --->   Operation 227 'load' 'in_tile_1_0_load_10' <Predicate = true> <Delay = 1.23> <CoreInst = "RAM">   --->   Core 83 'RAM' <Latency = 1> <II = 1> <Delay = 1.23> <Storage> <Opcode : 'load' 'store'> <Ports = 2> <Width = 32> <Depth = 1600> <RAM>

State 9 <SV = 8> <Delay = 2.03>
ST_9 : Operation 228 [1/1] (0.79ns)   --->   "%empty_144 = add i11 %empty_108, i11 %p_cast" [src/conv1.cpp:69]   --->   Operation 228 'add' 'empty_144' <Predicate = true> <Delay = 0.79> <CoreInst = "Adder">   --->   Core 1 'Adder' <Latency = 0> <II = 1> <Delay = 0.79> <FuncUnit> <Opcode : 'add' 'sub'> <InPorts = 2> <OutPorts = 1>
ST_9 : Operation 229 [1/1] (0.00ns)   --->   "%p_cast1019 = zext i11 %empty_144" [src/conv1.cpp:69]   --->   Operation 229 'zext' 'p_cast1019' <Predicate = true> <Delay = 0.00>
ST_9 : Operation 230 [1/1] (0.00ns)   --->   "%in_tile_1_0_addr_11 = getelementptr i32 %in_tile_1_0, i64 0, i64 %p_cast1019" [src/conv1.cpp:69]   --->   Operation 230 'getelementptr' 'in_tile_1_0_addr_11' <Predicate = true> <Delay = 0.00>
ST_9 : Operation 231 [1/1] (0.79ns)   --->   "%empty_154 = add i11 %empty_108, i11 %p_cast993" [src/conv1.cpp:69]   --->   Operation 231 'add' 'empty_154' <Predicate = true> <Delay = 0.79> <CoreInst = "Adder">   --->   Core 1 'Adder' <Latency = 0> <II = 1> <Delay = 0.79> <FuncUnit> <Opcode : 'add' 'sub'> <InPorts = 2> <OutPorts = 1>
ST_9 : Operation 232 [1/1] (0.00ns)   --->   "%p_cast1028 = zext i11 %empty_154" [src/conv1.cpp:69]   --->   Operation 232 'zext' 'p_cast1028' <Predicate = true> <Delay = 0.00>
ST_9 : Operation 233 [1/1] (0.00ns)   --->   "%in_tile_1_0_addr_12 = getelementptr i32 %in_tile_1_0, i64 0, i64 %p_cast1028" [src/conv1.cpp:69]   --->   Operation 233 'getelementptr' 'in_tile_1_0_addr_12' <Predicate = true> <Delay = 0.00>
ST_9 : Operation 234 [1/2] (1.23ns)   --->   "%in_tile_1_0_load_9 = load i11 %in_tile_1_0_addr_9" [src/conv1.cpp:69]   --->   Operation 234 'load' 'in_tile_1_0_load_9' <Predicate = true> <Delay = 1.23> <CoreInst = "RAM">   --->   Core 83 'RAM' <Latency = 1> <II = 1> <Delay = 1.23> <Storage> <Opcode : 'load' 'store'> <Ports = 2> <Width = 32> <Depth = 1600> <RAM>
ST_9 : Operation 235 [1/2] (1.23ns)   --->   "%in_tile_1_0_load_10 = load i11 %in_tile_1_0_addr_10" [src/conv1.cpp:69]   --->   Operation 235 'load' 'in_tile_1_0_load_10' <Predicate = true> <Delay = 1.23> <CoreInst = "RAM">   --->   Core 83 'RAM' <Latency = 1> <II = 1> <Delay = 1.23> <Storage> <Opcode : 'load' 'store'> <Ports = 2> <Width = 32> <Depth = 1600> <RAM>
ST_9 : Operation 236 [2/2] (1.23ns)   --->   "%in_tile_1_0_load_11 = load i11 %in_tile_1_0_addr_11" [src/conv1.cpp:69]   --->   Operation 236 'load' 'in_tile_1_0_load_11' <Predicate = true> <Delay = 1.23> <CoreInst = "RAM">   --->   Core 83 'RAM' <Latency = 1> <II = 1> <Delay = 1.23> <Storage> <Opcode : 'load' 'store'> <Ports = 2> <Width = 32> <Depth = 1600> <RAM>
ST_9 : Operation 237 [2/2] (1.23ns)   --->   "%in_tile_1_0_load_12 = load i11 %in_tile_1_0_addr_12" [src/conv1.cpp:69]   --->   Operation 237 'load' 'in_tile_1_0_load_12' <Predicate = true> <Delay = 1.23> <CoreInst = "RAM">   --->   Core 83 'RAM' <Latency = 1> <II = 1> <Delay = 1.23> <Storage> <Opcode : 'load' 'store'> <Ports = 2> <Width = 32> <Depth = 1600> <RAM>

State 10 <SV = 9> <Delay = 2.03>
ST_10 : Operation 238 [1/1] (0.79ns)   --->   "%empty_164 = add i11 %empty_108, i11 %p_cast994" [src/conv1.cpp:69]   --->   Operation 238 'add' 'empty_164' <Predicate = true> <Delay = 0.79> <CoreInst = "Adder">   --->   Core 1 'Adder' <Latency = 0> <II = 1> <Delay = 0.79> <FuncUnit> <Opcode : 'add' 'sub'> <InPorts = 2> <OutPorts = 1>
ST_10 : Operation 239 [1/1] (0.00ns)   --->   "%p_cast1037 = zext i11 %empty_164" [src/conv1.cpp:69]   --->   Operation 239 'zext' 'p_cast1037' <Predicate = true> <Delay = 0.00>
ST_10 : Operation 240 [1/1] (0.00ns)   --->   "%in_tile_1_0_addr_13 = getelementptr i32 %in_tile_1_0, i64 0, i64 %p_cast1037" [src/conv1.cpp:69]   --->   Operation 240 'getelementptr' 'in_tile_1_0_addr_13' <Predicate = true> <Delay = 0.00>
ST_10 : Operation 241 [1/1] (0.79ns)   --->   "%empty_174 = add i11 %empty_108, i11 %p_cast995" [src/conv1.cpp:69]   --->   Operation 241 'add' 'empty_174' <Predicate = true> <Delay = 0.79> <CoreInst = "Adder">   --->   Core 1 'Adder' <Latency = 0> <II = 1> <Delay = 0.79> <FuncUnit> <Opcode : 'add' 'sub'> <InPorts = 2> <OutPorts = 1>
ST_10 : Operation 242 [1/1] (0.00ns)   --->   "%p_cast1046 = zext i11 %empty_174" [src/conv1.cpp:69]   --->   Operation 242 'zext' 'p_cast1046' <Predicate = true> <Delay = 0.00>
ST_10 : Operation 243 [1/1] (0.00ns)   --->   "%in_tile_1_0_addr_14 = getelementptr i32 %in_tile_1_0, i64 0, i64 %p_cast1046" [src/conv1.cpp:69]   --->   Operation 243 'getelementptr' 'in_tile_1_0_addr_14' <Predicate = true> <Delay = 0.00>
ST_10 : Operation 244 [1/2] (1.23ns)   --->   "%in_tile_1_0_load_11 = load i11 %in_tile_1_0_addr_11" [src/conv1.cpp:69]   --->   Operation 244 'load' 'in_tile_1_0_load_11' <Predicate = true> <Delay = 1.23> <CoreInst = "RAM">   --->   Core 83 'RAM' <Latency = 1> <II = 1> <Delay = 1.23> <Storage> <Opcode : 'load' 'store'> <Ports = 2> <Width = 32> <Depth = 1600> <RAM>
ST_10 : Operation 245 [1/2] (1.23ns)   --->   "%in_tile_1_0_load_12 = load i11 %in_tile_1_0_addr_12" [src/conv1.cpp:69]   --->   Operation 245 'load' 'in_tile_1_0_load_12' <Predicate = true> <Delay = 1.23> <CoreInst = "RAM">   --->   Core 83 'RAM' <Latency = 1> <II = 1> <Delay = 1.23> <Storage> <Opcode : 'load' 'store'> <Ports = 2> <Width = 32> <Depth = 1600> <RAM>
ST_10 : Operation 246 [2/2] (1.23ns)   --->   "%in_tile_1_0_load_13 = load i11 %in_tile_1_0_addr_13" [src/conv1.cpp:69]   --->   Operation 246 'load' 'in_tile_1_0_load_13' <Predicate = true> <Delay = 1.23> <CoreInst = "RAM">   --->   Core 83 'RAM' <Latency = 1> <II = 1> <Delay = 1.23> <Storage> <Opcode : 'load' 'store'> <Ports = 2> <Width = 32> <Depth = 1600> <RAM>
ST_10 : Operation 247 [2/2] (1.23ns)   --->   "%in_tile_1_0_load_14 = load i11 %in_tile_1_0_addr_14" [src/conv1.cpp:69]   --->   Operation 247 'load' 'in_tile_1_0_load_14' <Predicate = true> <Delay = 1.23> <CoreInst = "RAM">   --->   Core 83 'RAM' <Latency = 1> <II = 1> <Delay = 1.23> <Storage> <Opcode : 'load' 'store'> <Ports = 2> <Width = 32> <Depth = 1600> <RAM>

State 11 <SV = 10> <Delay = 2.03>
ST_11 : Operation 248 [1/1] (0.79ns)   --->   "%empty_184 = add i11 %empty_108, i11 %p_cast996" [src/conv1.cpp:69]   --->   Operation 248 'add' 'empty_184' <Predicate = true> <Delay = 0.79> <CoreInst = "Adder">   --->   Core 1 'Adder' <Latency = 0> <II = 1> <Delay = 0.79> <FuncUnit> <Opcode : 'add' 'sub'> <InPorts = 2> <OutPorts = 1>
ST_11 : Operation 249 [1/1] (0.00ns)   --->   "%p_cast1055 = zext i11 %empty_184" [src/conv1.cpp:69]   --->   Operation 249 'zext' 'p_cast1055' <Predicate = true> <Delay = 0.00>
ST_11 : Operation 250 [1/1] (0.00ns)   --->   "%in_tile_1_0_addr_15 = getelementptr i32 %in_tile_1_0, i64 0, i64 %p_cast1055" [src/conv1.cpp:69]   --->   Operation 250 'getelementptr' 'in_tile_1_0_addr_15' <Predicate = true> <Delay = 0.00>
ST_11 : Operation 251 [1/1] (0.79ns)   --->   "%empty_194 = add i11 %empty_108, i11 %p_cast997" [src/conv1.cpp:69]   --->   Operation 251 'add' 'empty_194' <Predicate = true> <Delay = 0.79> <CoreInst = "Adder">   --->   Core 1 'Adder' <Latency = 0> <II = 1> <Delay = 0.79> <FuncUnit> <Opcode : 'add' 'sub'> <InPorts = 2> <OutPorts = 1>
ST_11 : Operation 252 [1/1] (0.00ns)   --->   "%p_cast1064 = zext i11 %empty_194" [src/conv1.cpp:69]   --->   Operation 252 'zext' 'p_cast1064' <Predicate = true> <Delay = 0.00>
ST_11 : Operation 253 [1/1] (0.00ns)   --->   "%in_tile_1_0_addr_16 = getelementptr i32 %in_tile_1_0, i64 0, i64 %p_cast1064" [src/conv1.cpp:69]   --->   Operation 253 'getelementptr' 'in_tile_1_0_addr_16' <Predicate = true> <Delay = 0.00>
ST_11 : Operation 254 [1/2] (1.23ns)   --->   "%in_tile_1_0_load_13 = load i11 %in_tile_1_0_addr_13" [src/conv1.cpp:69]   --->   Operation 254 'load' 'in_tile_1_0_load_13' <Predicate = true> <Delay = 1.23> <CoreInst = "RAM">   --->   Core 83 'RAM' <Latency = 1> <II = 1> <Delay = 1.23> <Storage> <Opcode : 'load' 'store'> <Ports = 2> <Width = 32> <Depth = 1600> <RAM>
ST_11 : Operation 255 [1/2] (1.23ns)   --->   "%in_tile_1_0_load_14 = load i11 %in_tile_1_0_addr_14" [src/conv1.cpp:69]   --->   Operation 255 'load' 'in_tile_1_0_load_14' <Predicate = true> <Delay = 1.23> <CoreInst = "RAM">   --->   Core 83 'RAM' <Latency = 1> <II = 1> <Delay = 1.23> <Storage> <Opcode : 'load' 'store'> <Ports = 2> <Width = 32> <Depth = 1600> <RAM>
ST_11 : Operation 256 [2/2] (1.23ns)   --->   "%in_tile_1_0_load_15 = load i11 %in_tile_1_0_addr_15" [src/conv1.cpp:69]   --->   Operation 256 'load' 'in_tile_1_0_load_15' <Predicate = true> <Delay = 1.23> <CoreInst = "RAM">   --->   Core 83 'RAM' <Latency = 1> <II = 1> <Delay = 1.23> <Storage> <Opcode : 'load' 'store'> <Ports = 2> <Width = 32> <Depth = 1600> <RAM>
ST_11 : Operation 257 [2/2] (1.23ns)   --->   "%in_tile_1_0_load_16 = load i11 %in_tile_1_0_addr_16" [src/conv1.cpp:69]   --->   Operation 257 'load' 'in_tile_1_0_load_16' <Predicate = true> <Delay = 1.23> <CoreInst = "RAM">   --->   Core 83 'RAM' <Latency = 1> <II = 1> <Delay = 1.23> <Storage> <Opcode : 'load' 'store'> <Ports = 2> <Width = 32> <Depth = 1600> <RAM>

State 12 <SV = 11> <Delay = 2.03>
ST_12 : Operation 258 [1/1] (0.79ns)   --->   "%empty_204 = add i11 %empty_108, i11 %p_cast998" [src/conv1.cpp:69]   --->   Operation 258 'add' 'empty_204' <Predicate = true> <Delay = 0.79> <CoreInst = "Adder">   --->   Core 1 'Adder' <Latency = 0> <II = 1> <Delay = 0.79> <FuncUnit> <Opcode : 'add' 'sub'> <InPorts = 2> <OutPorts = 1>
ST_12 : Operation 259 [1/1] (0.00ns)   --->   "%p_cast1073 = zext i11 %empty_204" [src/conv1.cpp:69]   --->   Operation 259 'zext' 'p_cast1073' <Predicate = true> <Delay = 0.00>
ST_12 : Operation 260 [1/1] (0.00ns)   --->   "%in_tile_1_0_addr_17 = getelementptr i32 %in_tile_1_0, i64 0, i64 %p_cast1073" [src/conv1.cpp:69]   --->   Operation 260 'getelementptr' 'in_tile_1_0_addr_17' <Predicate = true> <Delay = 0.00>
ST_12 : Operation 261 [1/2] (1.23ns)   --->   "%in_tile_1_0_load_15 = load i11 %in_tile_1_0_addr_15" [src/conv1.cpp:69]   --->   Operation 261 'load' 'in_tile_1_0_load_15' <Predicate = true> <Delay = 1.23> <CoreInst = "RAM">   --->   Core 83 'RAM' <Latency = 1> <II = 1> <Delay = 1.23> <Storage> <Opcode : 'load' 'store'> <Ports = 2> <Width = 32> <Depth = 1600> <RAM>
ST_12 : Operation 262 [1/2] (1.23ns)   --->   "%in_tile_1_0_load_16 = load i11 %in_tile_1_0_addr_16" [src/conv1.cpp:69]   --->   Operation 262 'load' 'in_tile_1_0_load_16' <Predicate = true> <Delay = 1.23> <CoreInst = "RAM">   --->   Core 83 'RAM' <Latency = 1> <II = 1> <Delay = 1.23> <Storage> <Opcode : 'load' 'store'> <Ports = 2> <Width = 32> <Depth = 1600> <RAM>
ST_12 : Operation 263 [2/2] (1.23ns)   --->   "%in_tile_1_0_load_17 = load i11 %in_tile_1_0_addr_17" [src/conv1.cpp:69]   --->   Operation 263 'load' 'in_tile_1_0_load_17' <Predicate = true> <Delay = 1.23> <CoreInst = "RAM">   --->   Core 83 'RAM' <Latency = 1> <II = 1> <Delay = 1.23> <Storage> <Opcode : 'load' 'store'> <Ports = 2> <Width = 32> <Depth = 1600> <RAM>
ST_12 : Operation 264 [2/2] (1.23ns)   --->   "%in_tile_1_0_load_18 = load i11 %in_tile_1_0_addr_18" [src/conv1.cpp:69]   --->   Operation 264 'load' 'in_tile_1_0_load_18' <Predicate = true> <Delay = 1.23> <CoreInst = "RAM">   --->   Core 83 'RAM' <Latency = 1> <II = 1> <Delay = 1.23> <Storage> <Opcode : 'load' 'store'> <Ports = 2> <Width = 32> <Depth = 1600> <RAM>

State 13 <SV = 12> <Delay = 2.03>
ST_13 : Operation 265 [1/1] (0.79ns)   --->   "%empty_145 = add i11 %empty_110, i11 %p_cast" [src/conv1.cpp:69]   --->   Operation 265 'add' 'empty_145' <Predicate = true> <Delay = 0.79> <CoreInst = "Adder">   --->   Core 1 'Adder' <Latency = 0> <II = 1> <Delay = 0.79> <FuncUnit> <Opcode : 'add' 'sub'> <InPorts = 2> <OutPorts = 1>
ST_13 : Operation 266 [1/1] (0.00ns)   --->   "%p_cast1020 = zext i11 %empty_145" [src/conv1.cpp:69]   --->   Operation 266 'zext' 'p_cast1020' <Predicate = true> <Delay = 0.00>
ST_13 : Operation 267 [1/1] (0.00ns)   --->   "%in_tile_1_0_addr_20 = getelementptr i32 %in_tile_1_0, i64 0, i64 %p_cast1020" [src/conv1.cpp:69]   --->   Operation 267 'getelementptr' 'in_tile_1_0_addr_20' <Predicate = true> <Delay = 0.00>
ST_13 : Operation 268 [1/2] (1.23ns)   --->   "%in_tile_1_0_load_17 = load i11 %in_tile_1_0_addr_17" [src/conv1.cpp:69]   --->   Operation 268 'load' 'in_tile_1_0_load_17' <Predicate = true> <Delay = 1.23> <CoreInst = "RAM">   --->   Core 83 'RAM' <Latency = 1> <II = 1> <Delay = 1.23> <Storage> <Opcode : 'load' 'store'> <Ports = 2> <Width = 32> <Depth = 1600> <RAM>
ST_13 : Operation 269 [1/2] (1.23ns)   --->   "%in_tile_1_0_load_18 = load i11 %in_tile_1_0_addr_18" [src/conv1.cpp:69]   --->   Operation 269 'load' 'in_tile_1_0_load_18' <Predicate = true> <Delay = 1.23> <CoreInst = "RAM">   --->   Core 83 'RAM' <Latency = 1> <II = 1> <Delay = 1.23> <Storage> <Opcode : 'load' 'store'> <Ports = 2> <Width = 32> <Depth = 1600> <RAM>
ST_13 : Operation 270 [2/2] (1.23ns)   --->   "%in_tile_1_0_load_19 = load i11 %in_tile_1_0_addr_19" [src/conv1.cpp:69]   --->   Operation 270 'load' 'in_tile_1_0_load_19' <Predicate = true> <Delay = 1.23> <CoreInst = "RAM">   --->   Core 83 'RAM' <Latency = 1> <II = 1> <Delay = 1.23> <Storage> <Opcode : 'load' 'store'> <Ports = 2> <Width = 32> <Depth = 1600> <RAM>
ST_13 : Operation 271 [2/2] (1.23ns)   --->   "%in_tile_1_0_load_20 = load i11 %in_tile_1_0_addr_20" [src/conv1.cpp:69]   --->   Operation 271 'load' 'in_tile_1_0_load_20' <Predicate = true> <Delay = 1.23> <CoreInst = "RAM">   --->   Core 83 'RAM' <Latency = 1> <II = 1> <Delay = 1.23> <Storage> <Opcode : 'load' 'store'> <Ports = 2> <Width = 32> <Depth = 1600> <RAM>

State 14 <SV = 13> <Delay = 2.03>
ST_14 : Operation 272 [1/1] (0.79ns)   --->   "%empty_155 = add i11 %empty_110, i11 %p_cast993" [src/conv1.cpp:69]   --->   Operation 272 'add' 'empty_155' <Predicate = true> <Delay = 0.79> <CoreInst = "Adder">   --->   Core 1 'Adder' <Latency = 0> <II = 1> <Delay = 0.79> <FuncUnit> <Opcode : 'add' 'sub'> <InPorts = 2> <OutPorts = 1>
ST_14 : Operation 273 [1/1] (0.00ns)   --->   "%p_cast1029 = zext i11 %empty_155" [src/conv1.cpp:69]   --->   Operation 273 'zext' 'p_cast1029' <Predicate = true> <Delay = 0.00>
ST_14 : Operation 274 [1/1] (0.00ns)   --->   "%in_tile_1_0_addr_21 = getelementptr i32 %in_tile_1_0, i64 0, i64 %p_cast1029" [src/conv1.cpp:69]   --->   Operation 274 'getelementptr' 'in_tile_1_0_addr_21' <Predicate = true> <Delay = 0.00>
ST_14 : Operation 275 [1/1] (0.79ns)   --->   "%empty_165 = add i11 %empty_110, i11 %p_cast994" [src/conv1.cpp:69]   --->   Operation 275 'add' 'empty_165' <Predicate = true> <Delay = 0.79> <CoreInst = "Adder">   --->   Core 1 'Adder' <Latency = 0> <II = 1> <Delay = 0.79> <FuncUnit> <Opcode : 'add' 'sub'> <InPorts = 2> <OutPorts = 1>
ST_14 : Operation 276 [1/1] (0.00ns)   --->   "%p_cast1038 = zext i11 %empty_165" [src/conv1.cpp:69]   --->   Operation 276 'zext' 'p_cast1038' <Predicate = true> <Delay = 0.00>
ST_14 : Operation 277 [1/1] (0.00ns)   --->   "%in_tile_1_0_addr_22 = getelementptr i32 %in_tile_1_0, i64 0, i64 %p_cast1038" [src/conv1.cpp:69]   --->   Operation 277 'getelementptr' 'in_tile_1_0_addr_22' <Predicate = true> <Delay = 0.00>
ST_14 : Operation 278 [1/2] (1.23ns)   --->   "%in_tile_1_0_load_19 = load i11 %in_tile_1_0_addr_19" [src/conv1.cpp:69]   --->   Operation 278 'load' 'in_tile_1_0_load_19' <Predicate = true> <Delay = 1.23> <CoreInst = "RAM">   --->   Core 83 'RAM' <Latency = 1> <II = 1> <Delay = 1.23> <Storage> <Opcode : 'load' 'store'> <Ports = 2> <Width = 32> <Depth = 1600> <RAM>
ST_14 : Operation 279 [1/2] (1.23ns)   --->   "%in_tile_1_0_load_20 = load i11 %in_tile_1_0_addr_20" [src/conv1.cpp:69]   --->   Operation 279 'load' 'in_tile_1_0_load_20' <Predicate = true> <Delay = 1.23> <CoreInst = "RAM">   --->   Core 83 'RAM' <Latency = 1> <II = 1> <Delay = 1.23> <Storage> <Opcode : 'load' 'store'> <Ports = 2> <Width = 32> <Depth = 1600> <RAM>
ST_14 : Operation 280 [2/2] (1.23ns)   --->   "%in_tile_1_0_load_21 = load i11 %in_tile_1_0_addr_21" [src/conv1.cpp:69]   --->   Operation 280 'load' 'in_tile_1_0_load_21' <Predicate = true> <Delay = 1.23> <CoreInst = "RAM">   --->   Core 83 'RAM' <Latency = 1> <II = 1> <Delay = 1.23> <Storage> <Opcode : 'load' 'store'> <Ports = 2> <Width = 32> <Depth = 1600> <RAM>
ST_14 : Operation 281 [2/2] (1.23ns)   --->   "%in_tile_1_0_load_22 = load i11 %in_tile_1_0_addr_22" [src/conv1.cpp:69]   --->   Operation 281 'load' 'in_tile_1_0_load_22' <Predicate = true> <Delay = 1.23> <CoreInst = "RAM">   --->   Core 83 'RAM' <Latency = 1> <II = 1> <Delay = 1.23> <Storage> <Opcode : 'load' 'store'> <Ports = 2> <Width = 32> <Depth = 1600> <RAM>

State 15 <SV = 14> <Delay = 2.03>
ST_15 : Operation 282 [1/1] (0.79ns)   --->   "%empty_175 = add i11 %empty_110, i11 %p_cast995" [src/conv1.cpp:69]   --->   Operation 282 'add' 'empty_175' <Predicate = true> <Delay = 0.79> <CoreInst = "Adder">   --->   Core 1 'Adder' <Latency = 0> <II = 1> <Delay = 0.79> <FuncUnit> <Opcode : 'add' 'sub'> <InPorts = 2> <OutPorts = 1>
ST_15 : Operation 283 [1/1] (0.00ns)   --->   "%p_cast1047 = zext i11 %empty_175" [src/conv1.cpp:69]   --->   Operation 283 'zext' 'p_cast1047' <Predicate = true> <Delay = 0.00>
ST_15 : Operation 284 [1/1] (0.00ns)   --->   "%in_tile_1_0_addr_23 = getelementptr i32 %in_tile_1_0, i64 0, i64 %p_cast1047" [src/conv1.cpp:69]   --->   Operation 284 'getelementptr' 'in_tile_1_0_addr_23' <Predicate = true> <Delay = 0.00>
ST_15 : Operation 285 [1/1] (0.79ns)   --->   "%empty_185 = add i11 %empty_110, i11 %p_cast996" [src/conv1.cpp:69]   --->   Operation 285 'add' 'empty_185' <Predicate = true> <Delay = 0.79> <CoreInst = "Adder">   --->   Core 1 'Adder' <Latency = 0> <II = 1> <Delay = 0.79> <FuncUnit> <Opcode : 'add' 'sub'> <InPorts = 2> <OutPorts = 1>
ST_15 : Operation 286 [1/1] (0.00ns)   --->   "%p_cast1056 = zext i11 %empty_185" [src/conv1.cpp:69]   --->   Operation 286 'zext' 'p_cast1056' <Predicate = true> <Delay = 0.00>
ST_15 : Operation 287 [1/1] (0.00ns)   --->   "%in_tile_1_0_addr_24 = getelementptr i32 %in_tile_1_0, i64 0, i64 %p_cast1056" [src/conv1.cpp:69]   --->   Operation 287 'getelementptr' 'in_tile_1_0_addr_24' <Predicate = true> <Delay = 0.00>
ST_15 : Operation 288 [1/2] (1.23ns)   --->   "%in_tile_1_0_load_21 = load i11 %in_tile_1_0_addr_21" [src/conv1.cpp:69]   --->   Operation 288 'load' 'in_tile_1_0_load_21' <Predicate = true> <Delay = 1.23> <CoreInst = "RAM">   --->   Core 83 'RAM' <Latency = 1> <II = 1> <Delay = 1.23> <Storage> <Opcode : 'load' 'store'> <Ports = 2> <Width = 32> <Depth = 1600> <RAM>
ST_15 : Operation 289 [1/2] (1.23ns)   --->   "%in_tile_1_0_load_22 = load i11 %in_tile_1_0_addr_22" [src/conv1.cpp:69]   --->   Operation 289 'load' 'in_tile_1_0_load_22' <Predicate = true> <Delay = 1.23> <CoreInst = "RAM">   --->   Core 83 'RAM' <Latency = 1> <II = 1> <Delay = 1.23> <Storage> <Opcode : 'load' 'store'> <Ports = 2> <Width = 32> <Depth = 1600> <RAM>
ST_15 : Operation 290 [2/2] (1.23ns)   --->   "%in_tile_1_0_load_23 = load i11 %in_tile_1_0_addr_23" [src/conv1.cpp:69]   --->   Operation 290 'load' 'in_tile_1_0_load_23' <Predicate = true> <Delay = 1.23> <CoreInst = "RAM">   --->   Core 83 'RAM' <Latency = 1> <II = 1> <Delay = 1.23> <Storage> <Opcode : 'load' 'store'> <Ports = 2> <Width = 32> <Depth = 1600> <RAM>
ST_15 : Operation 291 [2/2] (1.23ns)   --->   "%in_tile_1_0_load_24 = load i11 %in_tile_1_0_addr_24" [src/conv1.cpp:69]   --->   Operation 291 'load' 'in_tile_1_0_load_24' <Predicate = true> <Delay = 1.23> <CoreInst = "RAM">   --->   Core 83 'RAM' <Latency = 1> <II = 1> <Delay = 1.23> <Storage> <Opcode : 'load' 'store'> <Ports = 2> <Width = 32> <Depth = 1600> <RAM>

State 16 <SV = 15> <Delay = 2.03>
ST_16 : Operation 292 [1/1] (0.79ns)   --->   "%empty_195 = add i11 %empty_110, i11 %p_cast997" [src/conv1.cpp:69]   --->   Operation 292 'add' 'empty_195' <Predicate = true> <Delay = 0.79> <CoreInst = "Adder">   --->   Core 1 'Adder' <Latency = 0> <II = 1> <Delay = 0.79> <FuncUnit> <Opcode : 'add' 'sub'> <InPorts = 2> <OutPorts = 1>
ST_16 : Operation 293 [1/1] (0.00ns)   --->   "%p_cast1065 = zext i11 %empty_195" [src/conv1.cpp:69]   --->   Operation 293 'zext' 'p_cast1065' <Predicate = true> <Delay = 0.00>
ST_16 : Operation 294 [1/1] (0.00ns)   --->   "%in_tile_1_0_addr_25 = getelementptr i32 %in_tile_1_0, i64 0, i64 %p_cast1065" [src/conv1.cpp:69]   --->   Operation 294 'getelementptr' 'in_tile_1_0_addr_25' <Predicate = true> <Delay = 0.00>
ST_16 : Operation 295 [1/1] (0.79ns)   --->   "%empty_205 = add i11 %empty_110, i11 %p_cast998" [src/conv1.cpp:69]   --->   Operation 295 'add' 'empty_205' <Predicate = true> <Delay = 0.79> <CoreInst = "Adder">   --->   Core 1 'Adder' <Latency = 0> <II = 1> <Delay = 0.79> <FuncUnit> <Opcode : 'add' 'sub'> <InPorts = 2> <OutPorts = 1>
ST_16 : Operation 296 [1/1] (0.00ns)   --->   "%p_cast1074 = zext i11 %empty_205" [src/conv1.cpp:69]   --->   Operation 296 'zext' 'p_cast1074' <Predicate = true> <Delay = 0.00>
ST_16 : Operation 297 [1/1] (0.00ns)   --->   "%in_tile_1_0_addr_26 = getelementptr i32 %in_tile_1_0, i64 0, i64 %p_cast1074" [src/conv1.cpp:69]   --->   Operation 297 'getelementptr' 'in_tile_1_0_addr_26' <Predicate = true> <Delay = 0.00>
ST_16 : Operation 298 [1/2] (1.23ns)   --->   "%in_tile_1_0_load_23 = load i11 %in_tile_1_0_addr_23" [src/conv1.cpp:69]   --->   Operation 298 'load' 'in_tile_1_0_load_23' <Predicate = true> <Delay = 1.23> <CoreInst = "RAM">   --->   Core 83 'RAM' <Latency = 1> <II = 1> <Delay = 1.23> <Storage> <Opcode : 'load' 'store'> <Ports = 2> <Width = 32> <Depth = 1600> <RAM>
ST_16 : Operation 299 [1/2] (1.23ns)   --->   "%in_tile_1_0_load_24 = load i11 %in_tile_1_0_addr_24" [src/conv1.cpp:69]   --->   Operation 299 'load' 'in_tile_1_0_load_24' <Predicate = true> <Delay = 1.23> <CoreInst = "RAM">   --->   Core 83 'RAM' <Latency = 1> <II = 1> <Delay = 1.23> <Storage> <Opcode : 'load' 'store'> <Ports = 2> <Width = 32> <Depth = 1600> <RAM>
ST_16 : Operation 300 [2/2] (1.23ns)   --->   "%in_tile_1_0_load_25 = load i11 %in_tile_1_0_addr_25" [src/conv1.cpp:69]   --->   Operation 300 'load' 'in_tile_1_0_load_25' <Predicate = true> <Delay = 1.23> <CoreInst = "RAM">   --->   Core 83 'RAM' <Latency = 1> <II = 1> <Delay = 1.23> <Storage> <Opcode : 'load' 'store'> <Ports = 2> <Width = 32> <Depth = 1600> <RAM>
ST_16 : Operation 301 [2/2] (1.23ns)   --->   "%in_tile_1_0_load_26 = load i11 %in_tile_1_0_addr_26" [src/conv1.cpp:69]   --->   Operation 301 'load' 'in_tile_1_0_load_26' <Predicate = true> <Delay = 1.23> <CoreInst = "RAM">   --->   Core 83 'RAM' <Latency = 1> <II = 1> <Delay = 1.23> <Storage> <Opcode : 'load' 'store'> <Ports = 2> <Width = 32> <Depth = 1600> <RAM>

State 17 <SV = 16> <Delay = 1.23>
ST_17 : Operation 302 [1/2] (1.23ns)   --->   "%in_tile_1_0_load_25 = load i11 %in_tile_1_0_addr_25" [src/conv1.cpp:69]   --->   Operation 302 'load' 'in_tile_1_0_load_25' <Predicate = true> <Delay = 1.23> <CoreInst = "RAM">   --->   Core 83 'RAM' <Latency = 1> <II = 1> <Delay = 1.23> <Storage> <Opcode : 'load' 'store'> <Ports = 2> <Width = 32> <Depth = 1600> <RAM>
ST_17 : Operation 303 [1/2] (1.23ns)   --->   "%in_tile_1_0_load_26 = load i11 %in_tile_1_0_addr_26" [src/conv1.cpp:69]   --->   Operation 303 'load' 'in_tile_1_0_load_26' <Predicate = true> <Delay = 1.23> <CoreInst = "RAM">   --->   Core 83 'RAM' <Latency = 1> <II = 1> <Delay = 1.23> <Storage> <Opcode : 'load' 'store'> <Ports = 2> <Width = 32> <Depth = 1600> <RAM>
ST_17 : Operation 304 [2/2] (1.23ns)   --->   "%in_tile_1_0_load_27 = load i11 %in_tile_1_0_addr_27" [src/conv1.cpp:69]   --->   Operation 304 'load' 'in_tile_1_0_load_27' <Predicate = true> <Delay = 1.23> <CoreInst = "RAM">   --->   Core 83 'RAM' <Latency = 1> <II = 1> <Delay = 1.23> <Storage> <Opcode : 'load' 'store'> <Ports = 2> <Width = 32> <Depth = 1600> <RAM>
ST_17 : Operation 305 [2/2] (1.23ns)   --->   "%in_tile_1_0_load_28 = load i11 %in_tile_1_0_addr_28" [src/conv1.cpp:69]   --->   Operation 305 'load' 'in_tile_1_0_load_28' <Predicate = true> <Delay = 1.23> <CoreInst = "RAM">   --->   Core 83 'RAM' <Latency = 1> <II = 1> <Delay = 1.23> <Storage> <Opcode : 'load' 'store'> <Ports = 2> <Width = 32> <Depth = 1600> <RAM>

State 18 <SV = 17> <Delay = 2.03>
ST_18 : Operation 306 [1/1] (0.79ns)   --->   "%empty_146 = add i11 %empty_112, i11 %p_cast" [src/conv1.cpp:69]   --->   Operation 306 'add' 'empty_146' <Predicate = true> <Delay = 0.79> <CoreInst = "Adder">   --->   Core 1 'Adder' <Latency = 0> <II = 1> <Delay = 0.79> <FuncUnit> <Opcode : 'add' 'sub'> <InPorts = 2> <OutPorts = 1>
ST_18 : Operation 307 [1/1] (0.00ns)   --->   "%p_cast1021 = zext i11 %empty_146" [src/conv1.cpp:69]   --->   Operation 307 'zext' 'p_cast1021' <Predicate = true> <Delay = 0.00>
ST_18 : Operation 308 [1/1] (0.00ns)   --->   "%in_tile_1_0_addr_29 = getelementptr i32 %in_tile_1_0, i64 0, i64 %p_cast1021" [src/conv1.cpp:69]   --->   Operation 308 'getelementptr' 'in_tile_1_0_addr_29' <Predicate = true> <Delay = 0.00>
ST_18 : Operation 309 [1/1] (0.79ns)   --->   "%empty_156 = add i11 %empty_112, i11 %p_cast993" [src/conv1.cpp:69]   --->   Operation 309 'add' 'empty_156' <Predicate = true> <Delay = 0.79> <CoreInst = "Adder">   --->   Core 1 'Adder' <Latency = 0> <II = 1> <Delay = 0.79> <FuncUnit> <Opcode : 'add' 'sub'> <InPorts = 2> <OutPorts = 1>
ST_18 : Operation 310 [1/1] (0.00ns)   --->   "%p_cast1030 = zext i11 %empty_156" [src/conv1.cpp:69]   --->   Operation 310 'zext' 'p_cast1030' <Predicate = true> <Delay = 0.00>
ST_18 : Operation 311 [1/1] (0.00ns)   --->   "%in_tile_1_0_addr_30 = getelementptr i32 %in_tile_1_0, i64 0, i64 %p_cast1030" [src/conv1.cpp:69]   --->   Operation 311 'getelementptr' 'in_tile_1_0_addr_30' <Predicate = true> <Delay = 0.00>
ST_18 : Operation 312 [1/2] (1.23ns)   --->   "%in_tile_1_0_load_27 = load i11 %in_tile_1_0_addr_27" [src/conv1.cpp:69]   --->   Operation 312 'load' 'in_tile_1_0_load_27' <Predicate = true> <Delay = 1.23> <CoreInst = "RAM">   --->   Core 83 'RAM' <Latency = 1> <II = 1> <Delay = 1.23> <Storage> <Opcode : 'load' 'store'> <Ports = 2> <Width = 32> <Depth = 1600> <RAM>
ST_18 : Operation 313 [1/2] (1.23ns)   --->   "%in_tile_1_0_load_28 = load i11 %in_tile_1_0_addr_28" [src/conv1.cpp:69]   --->   Operation 313 'load' 'in_tile_1_0_load_28' <Predicate = true> <Delay = 1.23> <CoreInst = "RAM">   --->   Core 83 'RAM' <Latency = 1> <II = 1> <Delay = 1.23> <Storage> <Opcode : 'load' 'store'> <Ports = 2> <Width = 32> <Depth = 1600> <RAM>
ST_18 : Operation 314 [2/2] (1.23ns)   --->   "%in_tile_1_0_load_29 = load i11 %in_tile_1_0_addr_29" [src/conv1.cpp:69]   --->   Operation 314 'load' 'in_tile_1_0_load_29' <Predicate = true> <Delay = 1.23> <CoreInst = "RAM">   --->   Core 83 'RAM' <Latency = 1> <II = 1> <Delay = 1.23> <Storage> <Opcode : 'load' 'store'> <Ports = 2> <Width = 32> <Depth = 1600> <RAM>
ST_18 : Operation 315 [2/2] (1.23ns)   --->   "%in_tile_1_0_load_30 = load i11 %in_tile_1_0_addr_30" [src/conv1.cpp:69]   --->   Operation 315 'load' 'in_tile_1_0_load_30' <Predicate = true> <Delay = 1.23> <CoreInst = "RAM">   --->   Core 83 'RAM' <Latency = 1> <II = 1> <Delay = 1.23> <Storage> <Opcode : 'load' 'store'> <Ports = 2> <Width = 32> <Depth = 1600> <RAM>

State 19 <SV = 18> <Delay = 2.03>
ST_19 : Operation 316 [1/1] (0.79ns)   --->   "%empty_166 = add i11 %empty_112, i11 %p_cast994" [src/conv1.cpp:69]   --->   Operation 316 'add' 'empty_166' <Predicate = true> <Delay = 0.79> <CoreInst = "Adder">   --->   Core 1 'Adder' <Latency = 0> <II = 1> <Delay = 0.79> <FuncUnit> <Opcode : 'add' 'sub'> <InPorts = 2> <OutPorts = 1>
ST_19 : Operation 317 [1/1] (0.00ns)   --->   "%p_cast1039 = zext i11 %empty_166" [src/conv1.cpp:69]   --->   Operation 317 'zext' 'p_cast1039' <Predicate = true> <Delay = 0.00>
ST_19 : Operation 318 [1/1] (0.00ns)   --->   "%in_tile_1_0_addr_31 = getelementptr i32 %in_tile_1_0, i64 0, i64 %p_cast1039" [src/conv1.cpp:69]   --->   Operation 318 'getelementptr' 'in_tile_1_0_addr_31' <Predicate = true> <Delay = 0.00>
ST_19 : Operation 319 [1/1] (0.79ns)   --->   "%empty_176 = add i11 %empty_112, i11 %p_cast995" [src/conv1.cpp:69]   --->   Operation 319 'add' 'empty_176' <Predicate = true> <Delay = 0.79> <CoreInst = "Adder">   --->   Core 1 'Adder' <Latency = 0> <II = 1> <Delay = 0.79> <FuncUnit> <Opcode : 'add' 'sub'> <InPorts = 2> <OutPorts = 1>
ST_19 : Operation 320 [1/1] (0.00ns)   --->   "%p_cast1048 = zext i11 %empty_176" [src/conv1.cpp:69]   --->   Operation 320 'zext' 'p_cast1048' <Predicate = true> <Delay = 0.00>
ST_19 : Operation 321 [1/1] (0.00ns)   --->   "%in_tile_1_0_addr_32 = getelementptr i32 %in_tile_1_0, i64 0, i64 %p_cast1048" [src/conv1.cpp:69]   --->   Operation 321 'getelementptr' 'in_tile_1_0_addr_32' <Predicate = true> <Delay = 0.00>
ST_19 : Operation 322 [1/2] (1.23ns)   --->   "%in_tile_1_0_load_29 = load i11 %in_tile_1_0_addr_29" [src/conv1.cpp:69]   --->   Operation 322 'load' 'in_tile_1_0_load_29' <Predicate = true> <Delay = 1.23> <CoreInst = "RAM">   --->   Core 83 'RAM' <Latency = 1> <II = 1> <Delay = 1.23> <Storage> <Opcode : 'load' 'store'> <Ports = 2> <Width = 32> <Depth = 1600> <RAM>
ST_19 : Operation 323 [1/2] (1.23ns)   --->   "%in_tile_1_0_load_30 = load i11 %in_tile_1_0_addr_30" [src/conv1.cpp:69]   --->   Operation 323 'load' 'in_tile_1_0_load_30' <Predicate = true> <Delay = 1.23> <CoreInst = "RAM">   --->   Core 83 'RAM' <Latency = 1> <II = 1> <Delay = 1.23> <Storage> <Opcode : 'load' 'store'> <Ports = 2> <Width = 32> <Depth = 1600> <RAM>
ST_19 : Operation 324 [2/2] (1.23ns)   --->   "%in_tile_1_0_load_31 = load i11 %in_tile_1_0_addr_31" [src/conv1.cpp:69]   --->   Operation 324 'load' 'in_tile_1_0_load_31' <Predicate = true> <Delay = 1.23> <CoreInst = "RAM">   --->   Core 83 'RAM' <Latency = 1> <II = 1> <Delay = 1.23> <Storage> <Opcode : 'load' 'store'> <Ports = 2> <Width = 32> <Depth = 1600> <RAM>
ST_19 : Operation 325 [2/2] (1.23ns)   --->   "%in_tile_1_0_load_32 = load i11 %in_tile_1_0_addr_32" [src/conv1.cpp:69]   --->   Operation 325 'load' 'in_tile_1_0_load_32' <Predicate = true> <Delay = 1.23> <CoreInst = "RAM">   --->   Core 83 'RAM' <Latency = 1> <II = 1> <Delay = 1.23> <Storage> <Opcode : 'load' 'store'> <Ports = 2> <Width = 32> <Depth = 1600> <RAM>

State 20 <SV = 19> <Delay = 2.03>
ST_20 : Operation 326 [1/1] (0.79ns)   --->   "%empty_186 = add i11 %empty_112, i11 %p_cast996" [src/conv1.cpp:69]   --->   Operation 326 'add' 'empty_186' <Predicate = true> <Delay = 0.79> <CoreInst = "Adder">   --->   Core 1 'Adder' <Latency = 0> <II = 1> <Delay = 0.79> <FuncUnit> <Opcode : 'add' 'sub'> <InPorts = 2> <OutPorts = 1>
ST_20 : Operation 327 [1/1] (0.00ns)   --->   "%p_cast1057 = zext i11 %empty_186" [src/conv1.cpp:69]   --->   Operation 327 'zext' 'p_cast1057' <Predicate = true> <Delay = 0.00>
ST_20 : Operation 328 [1/1] (0.00ns)   --->   "%in_tile_1_0_addr_33 = getelementptr i32 %in_tile_1_0, i64 0, i64 %p_cast1057" [src/conv1.cpp:69]   --->   Operation 328 'getelementptr' 'in_tile_1_0_addr_33' <Predicate = true> <Delay = 0.00>
ST_20 : Operation 329 [1/1] (0.79ns)   --->   "%empty_196 = add i11 %empty_112, i11 %p_cast997" [src/conv1.cpp:69]   --->   Operation 329 'add' 'empty_196' <Predicate = true> <Delay = 0.79> <CoreInst = "Adder">   --->   Core 1 'Adder' <Latency = 0> <II = 1> <Delay = 0.79> <FuncUnit> <Opcode : 'add' 'sub'> <InPorts = 2> <OutPorts = 1>
ST_20 : Operation 330 [1/1] (0.00ns)   --->   "%p_cast1066 = zext i11 %empty_196" [src/conv1.cpp:69]   --->   Operation 330 'zext' 'p_cast1066' <Predicate = true> <Delay = 0.00>
ST_20 : Operation 331 [1/1] (0.00ns)   --->   "%in_tile_1_0_addr_34 = getelementptr i32 %in_tile_1_0, i64 0, i64 %p_cast1066" [src/conv1.cpp:69]   --->   Operation 331 'getelementptr' 'in_tile_1_0_addr_34' <Predicate = true> <Delay = 0.00>
ST_20 : Operation 332 [1/2] (1.23ns)   --->   "%in_tile_1_0_load_31 = load i11 %in_tile_1_0_addr_31" [src/conv1.cpp:69]   --->   Operation 332 'load' 'in_tile_1_0_load_31' <Predicate = true> <Delay = 1.23> <CoreInst = "RAM">   --->   Core 83 'RAM' <Latency = 1> <II = 1> <Delay = 1.23> <Storage> <Opcode : 'load' 'store'> <Ports = 2> <Width = 32> <Depth = 1600> <RAM>
ST_20 : Operation 333 [1/2] (1.23ns)   --->   "%in_tile_1_0_load_32 = load i11 %in_tile_1_0_addr_32" [src/conv1.cpp:69]   --->   Operation 333 'load' 'in_tile_1_0_load_32' <Predicate = true> <Delay = 1.23> <CoreInst = "RAM">   --->   Core 83 'RAM' <Latency = 1> <II = 1> <Delay = 1.23> <Storage> <Opcode : 'load' 'store'> <Ports = 2> <Width = 32> <Depth = 1600> <RAM>
ST_20 : Operation 334 [2/2] (1.23ns)   --->   "%in_tile_1_0_load_33 = load i11 %in_tile_1_0_addr_33" [src/conv1.cpp:69]   --->   Operation 334 'load' 'in_tile_1_0_load_33' <Predicate = true> <Delay = 1.23> <CoreInst = "RAM">   --->   Core 83 'RAM' <Latency = 1> <II = 1> <Delay = 1.23> <Storage> <Opcode : 'load' 'store'> <Ports = 2> <Width = 32> <Depth = 1600> <RAM>
ST_20 : Operation 335 [2/2] (1.23ns)   --->   "%in_tile_1_0_load_34 = load i11 %in_tile_1_0_addr_34" [src/conv1.cpp:69]   --->   Operation 335 'load' 'in_tile_1_0_load_34' <Predicate = true> <Delay = 1.23> <CoreInst = "RAM">   --->   Core 83 'RAM' <Latency = 1> <II = 1> <Delay = 1.23> <Storage> <Opcode : 'load' 'store'> <Ports = 2> <Width = 32> <Depth = 1600> <RAM>

State 21 <SV = 20> <Delay = 2.03>
ST_21 : Operation 336 [1/1] (0.79ns)   --->   "%empty_206 = add i11 %empty_112, i11 %p_cast998" [src/conv1.cpp:69]   --->   Operation 336 'add' 'empty_206' <Predicate = true> <Delay = 0.79> <CoreInst = "Adder">   --->   Core 1 'Adder' <Latency = 0> <II = 1> <Delay = 0.79> <FuncUnit> <Opcode : 'add' 'sub'> <InPorts = 2> <OutPorts = 1>
ST_21 : Operation 337 [1/1] (0.00ns)   --->   "%p_cast1075 = zext i11 %empty_206" [src/conv1.cpp:69]   --->   Operation 337 'zext' 'p_cast1075' <Predicate = true> <Delay = 0.00>
ST_21 : Operation 338 [1/1] (0.00ns)   --->   "%in_tile_1_0_addr_35 = getelementptr i32 %in_tile_1_0, i64 0, i64 %p_cast1075" [src/conv1.cpp:69]   --->   Operation 338 'getelementptr' 'in_tile_1_0_addr_35' <Predicate = true> <Delay = 0.00>
ST_21 : Operation 339 [1/2] (1.23ns)   --->   "%in_tile_1_0_load_33 = load i11 %in_tile_1_0_addr_33" [src/conv1.cpp:69]   --->   Operation 339 'load' 'in_tile_1_0_load_33' <Predicate = true> <Delay = 1.23> <CoreInst = "RAM">   --->   Core 83 'RAM' <Latency = 1> <II = 1> <Delay = 1.23> <Storage> <Opcode : 'load' 'store'> <Ports = 2> <Width = 32> <Depth = 1600> <RAM>
ST_21 : Operation 340 [1/2] (1.23ns)   --->   "%in_tile_1_0_load_34 = load i11 %in_tile_1_0_addr_34" [src/conv1.cpp:69]   --->   Operation 340 'load' 'in_tile_1_0_load_34' <Predicate = true> <Delay = 1.23> <CoreInst = "RAM">   --->   Core 83 'RAM' <Latency = 1> <II = 1> <Delay = 1.23> <Storage> <Opcode : 'load' 'store'> <Ports = 2> <Width = 32> <Depth = 1600> <RAM>
ST_21 : Operation 341 [2/2] (1.23ns)   --->   "%in_tile_1_0_load_35 = load i11 %in_tile_1_0_addr_35" [src/conv1.cpp:69]   --->   Operation 341 'load' 'in_tile_1_0_load_35' <Predicate = true> <Delay = 1.23> <CoreInst = "RAM">   --->   Core 83 'RAM' <Latency = 1> <II = 1> <Delay = 1.23> <Storage> <Opcode : 'load' 'store'> <Ports = 2> <Width = 32> <Depth = 1600> <RAM>
ST_21 : Operation 342 [2/2] (1.23ns)   --->   "%in_tile_1_0_load_36 = load i11 %in_tile_1_0_addr_36" [src/conv1.cpp:69]   --->   Operation 342 'load' 'in_tile_1_0_load_36' <Predicate = true> <Delay = 1.23> <CoreInst = "RAM">   --->   Core 83 'RAM' <Latency = 1> <II = 1> <Delay = 1.23> <Storage> <Opcode : 'load' 'store'> <Ports = 2> <Width = 32> <Depth = 1600> <RAM>

State 22 <SV = 21> <Delay = 2.03>
ST_22 : Operation 343 [1/1] (0.79ns)   --->   "%empty_147 = add i11 %empty_114, i11 %p_cast" [src/conv1.cpp:69]   --->   Operation 343 'add' 'empty_147' <Predicate = true> <Delay = 0.79> <CoreInst = "Adder">   --->   Core 1 'Adder' <Latency = 0> <II = 1> <Delay = 0.79> <FuncUnit> <Opcode : 'add' 'sub'> <InPorts = 2> <OutPorts = 1>
ST_22 : Operation 344 [1/1] (0.00ns)   --->   "%p_cast1022 = zext i11 %empty_147" [src/conv1.cpp:69]   --->   Operation 344 'zext' 'p_cast1022' <Predicate = true> <Delay = 0.00>
ST_22 : Operation 345 [1/1] (0.00ns)   --->   "%in_tile_1_0_addr_38 = getelementptr i32 %in_tile_1_0, i64 0, i64 %p_cast1022" [src/conv1.cpp:69]   --->   Operation 345 'getelementptr' 'in_tile_1_0_addr_38' <Predicate = true> <Delay = 0.00>
ST_22 : Operation 346 [1/2] (1.23ns)   --->   "%in_tile_1_0_load_35 = load i11 %in_tile_1_0_addr_35" [src/conv1.cpp:69]   --->   Operation 346 'load' 'in_tile_1_0_load_35' <Predicate = true> <Delay = 1.23> <CoreInst = "RAM">   --->   Core 83 'RAM' <Latency = 1> <II = 1> <Delay = 1.23> <Storage> <Opcode : 'load' 'store'> <Ports = 2> <Width = 32> <Depth = 1600> <RAM>
ST_22 : Operation 347 [1/2] (1.23ns)   --->   "%in_tile_1_0_load_36 = load i11 %in_tile_1_0_addr_36" [src/conv1.cpp:69]   --->   Operation 347 'load' 'in_tile_1_0_load_36' <Predicate = true> <Delay = 1.23> <CoreInst = "RAM">   --->   Core 83 'RAM' <Latency = 1> <II = 1> <Delay = 1.23> <Storage> <Opcode : 'load' 'store'> <Ports = 2> <Width = 32> <Depth = 1600> <RAM>
ST_22 : Operation 348 [2/2] (1.23ns)   --->   "%in_tile_1_0_load_37 = load i11 %in_tile_1_0_addr_37" [src/conv1.cpp:69]   --->   Operation 348 'load' 'in_tile_1_0_load_37' <Predicate = true> <Delay = 1.23> <CoreInst = "RAM">   --->   Core 83 'RAM' <Latency = 1> <II = 1> <Delay = 1.23> <Storage> <Opcode : 'load' 'store'> <Ports = 2> <Width = 32> <Depth = 1600> <RAM>
ST_22 : Operation 349 [2/2] (1.23ns)   --->   "%in_tile_1_0_load_38 = load i11 %in_tile_1_0_addr_38" [src/conv1.cpp:69]   --->   Operation 349 'load' 'in_tile_1_0_load_38' <Predicate = true> <Delay = 1.23> <CoreInst = "RAM">   --->   Core 83 'RAM' <Latency = 1> <II = 1> <Delay = 1.23> <Storage> <Opcode : 'load' 'store'> <Ports = 2> <Width = 32> <Depth = 1600> <RAM>

State 23 <SV = 22> <Delay = 2.03>
ST_23 : Operation 350 [1/1] (0.79ns)   --->   "%empty_157 = add i11 %empty_114, i11 %p_cast993" [src/conv1.cpp:69]   --->   Operation 350 'add' 'empty_157' <Predicate = true> <Delay = 0.79> <CoreInst = "Adder">   --->   Core 1 'Adder' <Latency = 0> <II = 1> <Delay = 0.79> <FuncUnit> <Opcode : 'add' 'sub'> <InPorts = 2> <OutPorts = 1>
ST_23 : Operation 351 [1/1] (0.00ns)   --->   "%p_cast1031 = zext i11 %empty_157" [src/conv1.cpp:69]   --->   Operation 351 'zext' 'p_cast1031' <Predicate = true> <Delay = 0.00>
ST_23 : Operation 352 [1/1] (0.00ns)   --->   "%in_tile_1_0_addr_39 = getelementptr i32 %in_tile_1_0, i64 0, i64 %p_cast1031" [src/conv1.cpp:69]   --->   Operation 352 'getelementptr' 'in_tile_1_0_addr_39' <Predicate = true> <Delay = 0.00>
ST_23 : Operation 353 [1/1] (0.79ns)   --->   "%empty_167 = add i11 %empty_114, i11 %p_cast994" [src/conv1.cpp:69]   --->   Operation 353 'add' 'empty_167' <Predicate = true> <Delay = 0.79> <CoreInst = "Adder">   --->   Core 1 'Adder' <Latency = 0> <II = 1> <Delay = 0.79> <FuncUnit> <Opcode : 'add' 'sub'> <InPorts = 2> <OutPorts = 1>
ST_23 : Operation 354 [1/1] (0.00ns)   --->   "%p_cast1040 = zext i11 %empty_167" [src/conv1.cpp:69]   --->   Operation 354 'zext' 'p_cast1040' <Predicate = true> <Delay = 0.00>
ST_23 : Operation 355 [1/1] (0.00ns)   --->   "%in_tile_1_0_addr_40 = getelementptr i32 %in_tile_1_0, i64 0, i64 %p_cast1040" [src/conv1.cpp:69]   --->   Operation 355 'getelementptr' 'in_tile_1_0_addr_40' <Predicate = true> <Delay = 0.00>
ST_23 : Operation 356 [1/2] (1.23ns)   --->   "%in_tile_1_0_load_37 = load i11 %in_tile_1_0_addr_37" [src/conv1.cpp:69]   --->   Operation 356 'load' 'in_tile_1_0_load_37' <Predicate = true> <Delay = 1.23> <CoreInst = "RAM">   --->   Core 83 'RAM' <Latency = 1> <II = 1> <Delay = 1.23> <Storage> <Opcode : 'load' 'store'> <Ports = 2> <Width = 32> <Depth = 1600> <RAM>
ST_23 : Operation 357 [1/2] (1.23ns)   --->   "%in_tile_1_0_load_38 = load i11 %in_tile_1_0_addr_38" [src/conv1.cpp:69]   --->   Operation 357 'load' 'in_tile_1_0_load_38' <Predicate = true> <Delay = 1.23> <CoreInst = "RAM">   --->   Core 83 'RAM' <Latency = 1> <II = 1> <Delay = 1.23> <Storage> <Opcode : 'load' 'store'> <Ports = 2> <Width = 32> <Depth = 1600> <RAM>
ST_23 : Operation 358 [2/2] (1.23ns)   --->   "%in_tile_1_0_load_39 = load i11 %in_tile_1_0_addr_39" [src/conv1.cpp:69]   --->   Operation 358 'load' 'in_tile_1_0_load_39' <Predicate = true> <Delay = 1.23> <CoreInst = "RAM">   --->   Core 83 'RAM' <Latency = 1> <II = 1> <Delay = 1.23> <Storage> <Opcode : 'load' 'store'> <Ports = 2> <Width = 32> <Depth = 1600> <RAM>
ST_23 : Operation 359 [2/2] (1.23ns)   --->   "%in_tile_1_0_load_40 = load i11 %in_tile_1_0_addr_40" [src/conv1.cpp:69]   --->   Operation 359 'load' 'in_tile_1_0_load_40' <Predicate = true> <Delay = 1.23> <CoreInst = "RAM">   --->   Core 83 'RAM' <Latency = 1> <II = 1> <Delay = 1.23> <Storage> <Opcode : 'load' 'store'> <Ports = 2> <Width = 32> <Depth = 1600> <RAM>

State 24 <SV = 23> <Delay = 2.03>
ST_24 : Operation 360 [1/1] (0.79ns)   --->   "%empty_177 = add i11 %empty_114, i11 %p_cast995" [src/conv1.cpp:69]   --->   Operation 360 'add' 'empty_177' <Predicate = true> <Delay = 0.79> <CoreInst = "Adder">   --->   Core 1 'Adder' <Latency = 0> <II = 1> <Delay = 0.79> <FuncUnit> <Opcode : 'add' 'sub'> <InPorts = 2> <OutPorts = 1>
ST_24 : Operation 361 [1/1] (0.00ns)   --->   "%p_cast1049 = zext i11 %empty_177" [src/conv1.cpp:69]   --->   Operation 361 'zext' 'p_cast1049' <Predicate = true> <Delay = 0.00>
ST_24 : Operation 362 [1/1] (0.00ns)   --->   "%in_tile_1_0_addr_41 = getelementptr i32 %in_tile_1_0, i64 0, i64 %p_cast1049" [src/conv1.cpp:69]   --->   Operation 362 'getelementptr' 'in_tile_1_0_addr_41' <Predicate = true> <Delay = 0.00>
ST_24 : Operation 363 [1/1] (0.79ns)   --->   "%empty_187 = add i11 %empty_114, i11 %p_cast996" [src/conv1.cpp:69]   --->   Operation 363 'add' 'empty_187' <Predicate = true> <Delay = 0.79> <CoreInst = "Adder">   --->   Core 1 'Adder' <Latency = 0> <II = 1> <Delay = 0.79> <FuncUnit> <Opcode : 'add' 'sub'> <InPorts = 2> <OutPorts = 1>
ST_24 : Operation 364 [1/1] (0.00ns)   --->   "%p_cast1058 = zext i11 %empty_187" [src/conv1.cpp:69]   --->   Operation 364 'zext' 'p_cast1058' <Predicate = true> <Delay = 0.00>
ST_24 : Operation 365 [1/1] (0.00ns)   --->   "%in_tile_1_0_addr_42 = getelementptr i32 %in_tile_1_0, i64 0, i64 %p_cast1058" [src/conv1.cpp:69]   --->   Operation 365 'getelementptr' 'in_tile_1_0_addr_42' <Predicate = true> <Delay = 0.00>
ST_24 : Operation 366 [1/2] (1.23ns)   --->   "%in_tile_1_0_load_39 = load i11 %in_tile_1_0_addr_39" [src/conv1.cpp:69]   --->   Operation 366 'load' 'in_tile_1_0_load_39' <Predicate = true> <Delay = 1.23> <CoreInst = "RAM">   --->   Core 83 'RAM' <Latency = 1> <II = 1> <Delay = 1.23> <Storage> <Opcode : 'load' 'store'> <Ports = 2> <Width = 32> <Depth = 1600> <RAM>
ST_24 : Operation 367 [1/2] (1.23ns)   --->   "%in_tile_1_0_load_40 = load i11 %in_tile_1_0_addr_40" [src/conv1.cpp:69]   --->   Operation 367 'load' 'in_tile_1_0_load_40' <Predicate = true> <Delay = 1.23> <CoreInst = "RAM">   --->   Core 83 'RAM' <Latency = 1> <II = 1> <Delay = 1.23> <Storage> <Opcode : 'load' 'store'> <Ports = 2> <Width = 32> <Depth = 1600> <RAM>
ST_24 : Operation 368 [2/2] (1.23ns)   --->   "%in_tile_1_0_load_41 = load i11 %in_tile_1_0_addr_41" [src/conv1.cpp:69]   --->   Operation 368 'load' 'in_tile_1_0_load_41' <Predicate = true> <Delay = 1.23> <CoreInst = "RAM">   --->   Core 83 'RAM' <Latency = 1> <II = 1> <Delay = 1.23> <Storage> <Opcode : 'load' 'store'> <Ports = 2> <Width = 32> <Depth = 1600> <RAM>
ST_24 : Operation 369 [2/2] (1.23ns)   --->   "%in_tile_1_0_load_42 = load i11 %in_tile_1_0_addr_42" [src/conv1.cpp:69]   --->   Operation 369 'load' 'in_tile_1_0_load_42' <Predicate = true> <Delay = 1.23> <CoreInst = "RAM">   --->   Core 83 'RAM' <Latency = 1> <II = 1> <Delay = 1.23> <Storage> <Opcode : 'load' 'store'> <Ports = 2> <Width = 32> <Depth = 1600> <RAM>

State 25 <SV = 24> <Delay = 2.03>
ST_25 : Operation 370 [1/1] (0.79ns)   --->   "%empty_197 = add i11 %empty_114, i11 %p_cast997" [src/conv1.cpp:69]   --->   Operation 370 'add' 'empty_197' <Predicate = true> <Delay = 0.79> <CoreInst = "Adder">   --->   Core 1 'Adder' <Latency = 0> <II = 1> <Delay = 0.79> <FuncUnit> <Opcode : 'add' 'sub'> <InPorts = 2> <OutPorts = 1>
ST_25 : Operation 371 [1/1] (0.00ns)   --->   "%p_cast1067 = zext i11 %empty_197" [src/conv1.cpp:69]   --->   Operation 371 'zext' 'p_cast1067' <Predicate = true> <Delay = 0.00>
ST_25 : Operation 372 [1/1] (0.00ns)   --->   "%in_tile_1_0_addr_43 = getelementptr i32 %in_tile_1_0, i64 0, i64 %p_cast1067" [src/conv1.cpp:69]   --->   Operation 372 'getelementptr' 'in_tile_1_0_addr_43' <Predicate = true> <Delay = 0.00>
ST_25 : Operation 373 [1/1] (0.79ns)   --->   "%empty_207 = add i11 %empty_114, i11 %p_cast998" [src/conv1.cpp:69]   --->   Operation 373 'add' 'empty_207' <Predicate = true> <Delay = 0.79> <CoreInst = "Adder">   --->   Core 1 'Adder' <Latency = 0> <II = 1> <Delay = 0.79> <FuncUnit> <Opcode : 'add' 'sub'> <InPorts = 2> <OutPorts = 1>
ST_25 : Operation 374 [1/1] (0.00ns)   --->   "%p_cast1076 = zext i11 %empty_207" [src/conv1.cpp:69]   --->   Operation 374 'zext' 'p_cast1076' <Predicate = true> <Delay = 0.00>
ST_25 : Operation 375 [1/1] (0.00ns)   --->   "%in_tile_1_0_addr_44 = getelementptr i32 %in_tile_1_0, i64 0, i64 %p_cast1076" [src/conv1.cpp:69]   --->   Operation 375 'getelementptr' 'in_tile_1_0_addr_44' <Predicate = true> <Delay = 0.00>
ST_25 : Operation 376 [1/2] (1.23ns)   --->   "%in_tile_1_0_load_41 = load i11 %in_tile_1_0_addr_41" [src/conv1.cpp:69]   --->   Operation 376 'load' 'in_tile_1_0_load_41' <Predicate = true> <Delay = 1.23> <CoreInst = "RAM">   --->   Core 83 'RAM' <Latency = 1> <II = 1> <Delay = 1.23> <Storage> <Opcode : 'load' 'store'> <Ports = 2> <Width = 32> <Depth = 1600> <RAM>
ST_25 : Operation 377 [1/2] (1.23ns)   --->   "%in_tile_1_0_load_42 = load i11 %in_tile_1_0_addr_42" [src/conv1.cpp:69]   --->   Operation 377 'load' 'in_tile_1_0_load_42' <Predicate = true> <Delay = 1.23> <CoreInst = "RAM">   --->   Core 83 'RAM' <Latency = 1> <II = 1> <Delay = 1.23> <Storage> <Opcode : 'load' 'store'> <Ports = 2> <Width = 32> <Depth = 1600> <RAM>
ST_25 : Operation 378 [2/2] (1.23ns)   --->   "%in_tile_1_0_load_43 = load i11 %in_tile_1_0_addr_43" [src/conv1.cpp:69]   --->   Operation 378 'load' 'in_tile_1_0_load_43' <Predicate = true> <Delay = 1.23> <CoreInst = "RAM">   --->   Core 83 'RAM' <Latency = 1> <II = 1> <Delay = 1.23> <Storage> <Opcode : 'load' 'store'> <Ports = 2> <Width = 32> <Depth = 1600> <RAM>
ST_25 : Operation 379 [2/2] (1.23ns)   --->   "%in_tile_1_0_load_44 = load i11 %in_tile_1_0_addr_44" [src/conv1.cpp:69]   --->   Operation 379 'load' 'in_tile_1_0_load_44' <Predicate = true> <Delay = 1.23> <CoreInst = "RAM">   --->   Core 83 'RAM' <Latency = 1> <II = 1> <Delay = 1.23> <Storage> <Opcode : 'load' 'store'> <Ports = 2> <Width = 32> <Depth = 1600> <RAM>

State 26 <SV = 25> <Delay = 1.23>
ST_26 : Operation 380 [1/2] (1.23ns)   --->   "%in_tile_1_0_load_43 = load i11 %in_tile_1_0_addr_43" [src/conv1.cpp:69]   --->   Operation 380 'load' 'in_tile_1_0_load_43' <Predicate = true> <Delay = 1.23> <CoreInst = "RAM">   --->   Core 83 'RAM' <Latency = 1> <II = 1> <Delay = 1.23> <Storage> <Opcode : 'load' 'store'> <Ports = 2> <Width = 32> <Depth = 1600> <RAM>
ST_26 : Operation 381 [1/2] (1.23ns)   --->   "%in_tile_1_0_load_44 = load i11 %in_tile_1_0_addr_44" [src/conv1.cpp:69]   --->   Operation 381 'load' 'in_tile_1_0_load_44' <Predicate = true> <Delay = 1.23> <CoreInst = "RAM">   --->   Core 83 'RAM' <Latency = 1> <II = 1> <Delay = 1.23> <Storage> <Opcode : 'load' 'store'> <Ports = 2> <Width = 32> <Depth = 1600> <RAM>
ST_26 : Operation 382 [2/2] (1.23ns)   --->   "%in_tile_1_0_load_45 = load i11 %in_tile_1_0_addr_45" [src/conv1.cpp:69]   --->   Operation 382 'load' 'in_tile_1_0_load_45' <Predicate = true> <Delay = 1.23> <CoreInst = "RAM">   --->   Core 83 'RAM' <Latency = 1> <II = 1> <Delay = 1.23> <Storage> <Opcode : 'load' 'store'> <Ports = 2> <Width = 32> <Depth = 1600> <RAM>
ST_26 : Operation 383 [2/2] (1.23ns)   --->   "%in_tile_1_0_load_46 = load i11 %in_tile_1_0_addr_46" [src/conv1.cpp:69]   --->   Operation 383 'load' 'in_tile_1_0_load_46' <Predicate = true> <Delay = 1.23> <CoreInst = "RAM">   --->   Core 83 'RAM' <Latency = 1> <II = 1> <Delay = 1.23> <Storage> <Opcode : 'load' 'store'> <Ports = 2> <Width = 32> <Depth = 1600> <RAM>

State 27 <SV = 26> <Delay = 2.03>
ST_27 : Operation 384 [1/1] (0.79ns)   --->   "%empty_148 = add i11 %empty_116, i11 %p_cast" [src/conv1.cpp:69]   --->   Operation 384 'add' 'empty_148' <Predicate = true> <Delay = 0.79> <CoreInst = "Adder">   --->   Core 1 'Adder' <Latency = 0> <II = 1> <Delay = 0.79> <FuncUnit> <Opcode : 'add' 'sub'> <InPorts = 2> <OutPorts = 1>
ST_27 : Operation 385 [1/1] (0.00ns)   --->   "%p_cast1023 = zext i11 %empty_148" [src/conv1.cpp:69]   --->   Operation 385 'zext' 'p_cast1023' <Predicate = true> <Delay = 0.00>
ST_27 : Operation 386 [1/1] (0.00ns)   --->   "%in_tile_1_0_addr_47 = getelementptr i32 %in_tile_1_0, i64 0, i64 %p_cast1023" [src/conv1.cpp:69]   --->   Operation 386 'getelementptr' 'in_tile_1_0_addr_47' <Predicate = true> <Delay = 0.00>
ST_27 : Operation 387 [1/1] (0.79ns)   --->   "%empty_158 = add i11 %empty_116, i11 %p_cast993" [src/conv1.cpp:69]   --->   Operation 387 'add' 'empty_158' <Predicate = true> <Delay = 0.79> <CoreInst = "Adder">   --->   Core 1 'Adder' <Latency = 0> <II = 1> <Delay = 0.79> <FuncUnit> <Opcode : 'add' 'sub'> <InPorts = 2> <OutPorts = 1>
ST_27 : Operation 388 [1/1] (0.00ns)   --->   "%p_cast1032 = zext i11 %empty_158" [src/conv1.cpp:69]   --->   Operation 388 'zext' 'p_cast1032' <Predicate = true> <Delay = 0.00>
ST_27 : Operation 389 [1/1] (0.00ns)   --->   "%in_tile_1_0_addr_48 = getelementptr i32 %in_tile_1_0, i64 0, i64 %p_cast1032" [src/conv1.cpp:69]   --->   Operation 389 'getelementptr' 'in_tile_1_0_addr_48' <Predicate = true> <Delay = 0.00>
ST_27 : Operation 390 [1/2] (1.23ns)   --->   "%in_tile_1_0_load_45 = load i11 %in_tile_1_0_addr_45" [src/conv1.cpp:69]   --->   Operation 390 'load' 'in_tile_1_0_load_45' <Predicate = true> <Delay = 1.23> <CoreInst = "RAM">   --->   Core 83 'RAM' <Latency = 1> <II = 1> <Delay = 1.23> <Storage> <Opcode : 'load' 'store'> <Ports = 2> <Width = 32> <Depth = 1600> <RAM>
ST_27 : Operation 391 [1/2] (1.23ns)   --->   "%in_tile_1_0_load_46 = load i11 %in_tile_1_0_addr_46" [src/conv1.cpp:69]   --->   Operation 391 'load' 'in_tile_1_0_load_46' <Predicate = true> <Delay = 1.23> <CoreInst = "RAM">   --->   Core 83 'RAM' <Latency = 1> <II = 1> <Delay = 1.23> <Storage> <Opcode : 'load' 'store'> <Ports = 2> <Width = 32> <Depth = 1600> <RAM>
ST_27 : Operation 392 [2/2] (1.23ns)   --->   "%in_tile_1_0_load_47 = load i11 %in_tile_1_0_addr_47" [src/conv1.cpp:69]   --->   Operation 392 'load' 'in_tile_1_0_load_47' <Predicate = true> <Delay = 1.23> <CoreInst = "RAM">   --->   Core 83 'RAM' <Latency = 1> <II = 1> <Delay = 1.23> <Storage> <Opcode : 'load' 'store'> <Ports = 2> <Width = 32> <Depth = 1600> <RAM>
ST_27 : Operation 393 [2/2] (1.23ns)   --->   "%in_tile_1_0_load_48 = load i11 %in_tile_1_0_addr_48" [src/conv1.cpp:69]   --->   Operation 393 'load' 'in_tile_1_0_load_48' <Predicate = true> <Delay = 1.23> <CoreInst = "RAM">   --->   Core 83 'RAM' <Latency = 1> <II = 1> <Delay = 1.23> <Storage> <Opcode : 'load' 'store'> <Ports = 2> <Width = 32> <Depth = 1600> <RAM>

State 28 <SV = 27> <Delay = 2.03>
ST_28 : Operation 394 [1/1] (0.79ns)   --->   "%empty_168 = add i11 %empty_116, i11 %p_cast994" [src/conv1.cpp:69]   --->   Operation 394 'add' 'empty_168' <Predicate = true> <Delay = 0.79> <CoreInst = "Adder">   --->   Core 1 'Adder' <Latency = 0> <II = 1> <Delay = 0.79> <FuncUnit> <Opcode : 'add' 'sub'> <InPorts = 2> <OutPorts = 1>
ST_28 : Operation 395 [1/1] (0.00ns)   --->   "%p_cast1041 = zext i11 %empty_168" [src/conv1.cpp:69]   --->   Operation 395 'zext' 'p_cast1041' <Predicate = true> <Delay = 0.00>
ST_28 : Operation 396 [1/1] (0.00ns)   --->   "%in_tile_1_0_addr_49 = getelementptr i32 %in_tile_1_0, i64 0, i64 %p_cast1041" [src/conv1.cpp:69]   --->   Operation 396 'getelementptr' 'in_tile_1_0_addr_49' <Predicate = true> <Delay = 0.00>
ST_28 : Operation 397 [1/1] (0.79ns)   --->   "%empty_178 = add i11 %empty_116, i11 %p_cast995" [src/conv1.cpp:69]   --->   Operation 397 'add' 'empty_178' <Predicate = true> <Delay = 0.79> <CoreInst = "Adder">   --->   Core 1 'Adder' <Latency = 0> <II = 1> <Delay = 0.79> <FuncUnit> <Opcode : 'add' 'sub'> <InPorts = 2> <OutPorts = 1>
ST_28 : Operation 398 [1/1] (0.00ns)   --->   "%p_cast1050 = zext i11 %empty_178" [src/conv1.cpp:69]   --->   Operation 398 'zext' 'p_cast1050' <Predicate = true> <Delay = 0.00>
ST_28 : Operation 399 [1/1] (0.00ns)   --->   "%in_tile_1_0_addr_50 = getelementptr i32 %in_tile_1_0, i64 0, i64 %p_cast1050" [src/conv1.cpp:69]   --->   Operation 399 'getelementptr' 'in_tile_1_0_addr_50' <Predicate = true> <Delay = 0.00>
ST_28 : Operation 400 [1/2] (1.23ns)   --->   "%in_tile_1_0_load_47 = load i11 %in_tile_1_0_addr_47" [src/conv1.cpp:69]   --->   Operation 400 'load' 'in_tile_1_0_load_47' <Predicate = true> <Delay = 1.23> <CoreInst = "RAM">   --->   Core 83 'RAM' <Latency = 1> <II = 1> <Delay = 1.23> <Storage> <Opcode : 'load' 'store'> <Ports = 2> <Width = 32> <Depth = 1600> <RAM>
ST_28 : Operation 401 [1/2] (1.23ns)   --->   "%in_tile_1_0_load_48 = load i11 %in_tile_1_0_addr_48" [src/conv1.cpp:69]   --->   Operation 401 'load' 'in_tile_1_0_load_48' <Predicate = true> <Delay = 1.23> <CoreInst = "RAM">   --->   Core 83 'RAM' <Latency = 1> <II = 1> <Delay = 1.23> <Storage> <Opcode : 'load' 'store'> <Ports = 2> <Width = 32> <Depth = 1600> <RAM>
ST_28 : Operation 402 [2/2] (1.23ns)   --->   "%in_tile_1_0_load_49 = load i11 %in_tile_1_0_addr_49" [src/conv1.cpp:69]   --->   Operation 402 'load' 'in_tile_1_0_load_49' <Predicate = true> <Delay = 1.23> <CoreInst = "RAM">   --->   Core 83 'RAM' <Latency = 1> <II = 1> <Delay = 1.23> <Storage> <Opcode : 'load' 'store'> <Ports = 2> <Width = 32> <Depth = 1600> <RAM>
ST_28 : Operation 403 [2/2] (1.23ns)   --->   "%in_tile_1_0_load_50 = load i11 %in_tile_1_0_addr_50" [src/conv1.cpp:69]   --->   Operation 403 'load' 'in_tile_1_0_load_50' <Predicate = true> <Delay = 1.23> <CoreInst = "RAM">   --->   Core 83 'RAM' <Latency = 1> <II = 1> <Delay = 1.23> <Storage> <Opcode : 'load' 'store'> <Ports = 2> <Width = 32> <Depth = 1600> <RAM>

State 29 <SV = 28> <Delay = 2.03>
ST_29 : Operation 404 [1/1] (0.79ns)   --->   "%empty_188 = add i11 %empty_116, i11 %p_cast996" [src/conv1.cpp:69]   --->   Operation 404 'add' 'empty_188' <Predicate = true> <Delay = 0.79> <CoreInst = "Adder">   --->   Core 1 'Adder' <Latency = 0> <II = 1> <Delay = 0.79> <FuncUnit> <Opcode : 'add' 'sub'> <InPorts = 2> <OutPorts = 1>
ST_29 : Operation 405 [1/1] (0.00ns)   --->   "%p_cast1059 = zext i11 %empty_188" [src/conv1.cpp:69]   --->   Operation 405 'zext' 'p_cast1059' <Predicate = true> <Delay = 0.00>
ST_29 : Operation 406 [1/1] (0.00ns)   --->   "%in_tile_1_0_addr_51 = getelementptr i32 %in_tile_1_0, i64 0, i64 %p_cast1059" [src/conv1.cpp:69]   --->   Operation 406 'getelementptr' 'in_tile_1_0_addr_51' <Predicate = true> <Delay = 0.00>
ST_29 : Operation 407 [1/1] (0.79ns)   --->   "%empty_198 = add i11 %empty_116, i11 %p_cast997" [src/conv1.cpp:69]   --->   Operation 407 'add' 'empty_198' <Predicate = true> <Delay = 0.79> <CoreInst = "Adder">   --->   Core 1 'Adder' <Latency = 0> <II = 1> <Delay = 0.79> <FuncUnit> <Opcode : 'add' 'sub'> <InPorts = 2> <OutPorts = 1>
ST_29 : Operation 408 [1/1] (0.00ns)   --->   "%p_cast1068 = zext i11 %empty_198" [src/conv1.cpp:69]   --->   Operation 408 'zext' 'p_cast1068' <Predicate = true> <Delay = 0.00>
ST_29 : Operation 409 [1/1] (0.00ns)   --->   "%in_tile_1_0_addr_52 = getelementptr i32 %in_tile_1_0, i64 0, i64 %p_cast1068" [src/conv1.cpp:69]   --->   Operation 409 'getelementptr' 'in_tile_1_0_addr_52' <Predicate = true> <Delay = 0.00>
ST_29 : Operation 410 [1/2] (1.23ns)   --->   "%in_tile_1_0_load_49 = load i11 %in_tile_1_0_addr_49" [src/conv1.cpp:69]   --->   Operation 410 'load' 'in_tile_1_0_load_49' <Predicate = true> <Delay = 1.23> <CoreInst = "RAM">   --->   Core 83 'RAM' <Latency = 1> <II = 1> <Delay = 1.23> <Storage> <Opcode : 'load' 'store'> <Ports = 2> <Width = 32> <Depth = 1600> <RAM>
ST_29 : Operation 411 [1/2] (1.23ns)   --->   "%in_tile_1_0_load_50 = load i11 %in_tile_1_0_addr_50" [src/conv1.cpp:69]   --->   Operation 411 'load' 'in_tile_1_0_load_50' <Predicate = true> <Delay = 1.23> <CoreInst = "RAM">   --->   Core 83 'RAM' <Latency = 1> <II = 1> <Delay = 1.23> <Storage> <Opcode : 'load' 'store'> <Ports = 2> <Width = 32> <Depth = 1600> <RAM>
ST_29 : Operation 412 [2/2] (1.23ns)   --->   "%in_tile_1_0_load_51 = load i11 %in_tile_1_0_addr_51" [src/conv1.cpp:69]   --->   Operation 412 'load' 'in_tile_1_0_load_51' <Predicate = true> <Delay = 1.23> <CoreInst = "RAM">   --->   Core 83 'RAM' <Latency = 1> <II = 1> <Delay = 1.23> <Storage> <Opcode : 'load' 'store'> <Ports = 2> <Width = 32> <Depth = 1600> <RAM>
ST_29 : Operation 413 [2/2] (1.23ns)   --->   "%in_tile_1_0_load_52 = load i11 %in_tile_1_0_addr_52" [src/conv1.cpp:69]   --->   Operation 413 'load' 'in_tile_1_0_load_52' <Predicate = true> <Delay = 1.23> <CoreInst = "RAM">   --->   Core 83 'RAM' <Latency = 1> <II = 1> <Delay = 1.23> <Storage> <Opcode : 'load' 'store'> <Ports = 2> <Width = 32> <Depth = 1600> <RAM>

State 30 <SV = 29> <Delay = 2.03>
ST_30 : Operation 414 [1/1] (0.79ns)   --->   "%empty_208 = add i11 %empty_116, i11 %p_cast998" [src/conv1.cpp:69]   --->   Operation 414 'add' 'empty_208' <Predicate = true> <Delay = 0.79> <CoreInst = "Adder">   --->   Core 1 'Adder' <Latency = 0> <II = 1> <Delay = 0.79> <FuncUnit> <Opcode : 'add' 'sub'> <InPorts = 2> <OutPorts = 1>
ST_30 : Operation 415 [1/1] (0.00ns)   --->   "%p_cast1077 = zext i11 %empty_208" [src/conv1.cpp:69]   --->   Operation 415 'zext' 'p_cast1077' <Predicate = true> <Delay = 0.00>
ST_30 : Operation 416 [1/1] (0.00ns)   --->   "%in_tile_1_0_addr_53 = getelementptr i32 %in_tile_1_0, i64 0, i64 %p_cast1077" [src/conv1.cpp:69]   --->   Operation 416 'getelementptr' 'in_tile_1_0_addr_53' <Predicate = true> <Delay = 0.00>
ST_30 : Operation 417 [1/2] (1.23ns)   --->   "%in_tile_1_0_load_51 = load i11 %in_tile_1_0_addr_51" [src/conv1.cpp:69]   --->   Operation 417 'load' 'in_tile_1_0_load_51' <Predicate = true> <Delay = 1.23> <CoreInst = "RAM">   --->   Core 83 'RAM' <Latency = 1> <II = 1> <Delay = 1.23> <Storage> <Opcode : 'load' 'store'> <Ports = 2> <Width = 32> <Depth = 1600> <RAM>
ST_30 : Operation 418 [1/2] (1.23ns)   --->   "%in_tile_1_0_load_52 = load i11 %in_tile_1_0_addr_52" [src/conv1.cpp:69]   --->   Operation 418 'load' 'in_tile_1_0_load_52' <Predicate = true> <Delay = 1.23> <CoreInst = "RAM">   --->   Core 83 'RAM' <Latency = 1> <II = 1> <Delay = 1.23> <Storage> <Opcode : 'load' 'store'> <Ports = 2> <Width = 32> <Depth = 1600> <RAM>
ST_30 : Operation 419 [2/2] (1.23ns)   --->   "%in_tile_1_0_load_53 = load i11 %in_tile_1_0_addr_53" [src/conv1.cpp:69]   --->   Operation 419 'load' 'in_tile_1_0_load_53' <Predicate = true> <Delay = 1.23> <CoreInst = "RAM">   --->   Core 83 'RAM' <Latency = 1> <II = 1> <Delay = 1.23> <Storage> <Opcode : 'load' 'store'> <Ports = 2> <Width = 32> <Depth = 1600> <RAM>
ST_30 : Operation 420 [2/2] (1.23ns)   --->   "%in_tile_1_0_load_54 = load i11 %in_tile_1_0_addr_54" [src/conv1.cpp:69]   --->   Operation 420 'load' 'in_tile_1_0_load_54' <Predicate = true> <Delay = 1.23> <CoreInst = "RAM">   --->   Core 83 'RAM' <Latency = 1> <II = 1> <Delay = 1.23> <Storage> <Opcode : 'load' 'store'> <Ports = 2> <Width = 32> <Depth = 1600> <RAM>

State 31 <SV = 30> <Delay = 2.03>
ST_31 : Operation 421 [1/1] (0.79ns)   --->   "%empty_149 = add i11 %empty_118, i11 %p_cast" [src/conv1.cpp:69]   --->   Operation 421 'add' 'empty_149' <Predicate = true> <Delay = 0.79> <CoreInst = "Adder">   --->   Core 1 'Adder' <Latency = 0> <II = 1> <Delay = 0.79> <FuncUnit> <Opcode : 'add' 'sub'> <InPorts = 2> <OutPorts = 1>
ST_31 : Operation 422 [1/1] (0.00ns)   --->   "%p_cast1024 = zext i11 %empty_149" [src/conv1.cpp:69]   --->   Operation 422 'zext' 'p_cast1024' <Predicate = true> <Delay = 0.00>
ST_31 : Operation 423 [1/1] (0.00ns)   --->   "%in_tile_1_0_addr_56 = getelementptr i32 %in_tile_1_0, i64 0, i64 %p_cast1024" [src/conv1.cpp:69]   --->   Operation 423 'getelementptr' 'in_tile_1_0_addr_56' <Predicate = true> <Delay = 0.00>
ST_31 : Operation 424 [1/2] (1.23ns)   --->   "%in_tile_1_0_load_53 = load i11 %in_tile_1_0_addr_53" [src/conv1.cpp:69]   --->   Operation 424 'load' 'in_tile_1_0_load_53' <Predicate = true> <Delay = 1.23> <CoreInst = "RAM">   --->   Core 83 'RAM' <Latency = 1> <II = 1> <Delay = 1.23> <Storage> <Opcode : 'load' 'store'> <Ports = 2> <Width = 32> <Depth = 1600> <RAM>
ST_31 : Operation 425 [1/2] (1.23ns)   --->   "%in_tile_1_0_load_54 = load i11 %in_tile_1_0_addr_54" [src/conv1.cpp:69]   --->   Operation 425 'load' 'in_tile_1_0_load_54' <Predicate = true> <Delay = 1.23> <CoreInst = "RAM">   --->   Core 83 'RAM' <Latency = 1> <II = 1> <Delay = 1.23> <Storage> <Opcode : 'load' 'store'> <Ports = 2> <Width = 32> <Depth = 1600> <RAM>
ST_31 : Operation 426 [2/2] (1.23ns)   --->   "%in_tile_1_0_load_55 = load i11 %in_tile_1_0_addr_55" [src/conv1.cpp:69]   --->   Operation 426 'load' 'in_tile_1_0_load_55' <Predicate = true> <Delay = 1.23> <CoreInst = "RAM">   --->   Core 83 'RAM' <Latency = 1> <II = 1> <Delay = 1.23> <Storage> <Opcode : 'load' 'store'> <Ports = 2> <Width = 32> <Depth = 1600> <RAM>
ST_31 : Operation 427 [2/2] (1.23ns)   --->   "%in_tile_1_0_load_56 = load i11 %in_tile_1_0_addr_56" [src/conv1.cpp:69]   --->   Operation 427 'load' 'in_tile_1_0_load_56' <Predicate = true> <Delay = 1.23> <CoreInst = "RAM">   --->   Core 83 'RAM' <Latency = 1> <II = 1> <Delay = 1.23> <Storage> <Opcode : 'load' 'store'> <Ports = 2> <Width = 32> <Depth = 1600> <RAM>

State 32 <SV = 31> <Delay = 2.03>
ST_32 : Operation 428 [1/1] (0.79ns)   --->   "%empty_159 = add i11 %empty_118, i11 %p_cast993" [src/conv1.cpp:69]   --->   Operation 428 'add' 'empty_159' <Predicate = true> <Delay = 0.79> <CoreInst = "Adder">   --->   Core 1 'Adder' <Latency = 0> <II = 1> <Delay = 0.79> <FuncUnit> <Opcode : 'add' 'sub'> <InPorts = 2> <OutPorts = 1>
ST_32 : Operation 429 [1/1] (0.00ns)   --->   "%p_cast1033 = zext i11 %empty_159" [src/conv1.cpp:69]   --->   Operation 429 'zext' 'p_cast1033' <Predicate = true> <Delay = 0.00>
ST_32 : Operation 430 [1/1] (0.00ns)   --->   "%in_tile_1_0_addr_57 = getelementptr i32 %in_tile_1_0, i64 0, i64 %p_cast1033" [src/conv1.cpp:69]   --->   Operation 430 'getelementptr' 'in_tile_1_0_addr_57' <Predicate = true> <Delay = 0.00>
ST_32 : Operation 431 [1/1] (0.79ns)   --->   "%empty_169 = add i11 %empty_118, i11 %p_cast994" [src/conv1.cpp:69]   --->   Operation 431 'add' 'empty_169' <Predicate = true> <Delay = 0.79> <CoreInst = "Adder">   --->   Core 1 'Adder' <Latency = 0> <II = 1> <Delay = 0.79> <FuncUnit> <Opcode : 'add' 'sub'> <InPorts = 2> <OutPorts = 1>
ST_32 : Operation 432 [1/1] (0.00ns)   --->   "%p_cast1042 = zext i11 %empty_169" [src/conv1.cpp:69]   --->   Operation 432 'zext' 'p_cast1042' <Predicate = true> <Delay = 0.00>
ST_32 : Operation 433 [1/1] (0.00ns)   --->   "%in_tile_1_0_addr_58 = getelementptr i32 %in_tile_1_0, i64 0, i64 %p_cast1042" [src/conv1.cpp:69]   --->   Operation 433 'getelementptr' 'in_tile_1_0_addr_58' <Predicate = true> <Delay = 0.00>
ST_32 : Operation 434 [1/2] (1.23ns)   --->   "%in_tile_1_0_load_55 = load i11 %in_tile_1_0_addr_55" [src/conv1.cpp:69]   --->   Operation 434 'load' 'in_tile_1_0_load_55' <Predicate = true> <Delay = 1.23> <CoreInst = "RAM">   --->   Core 83 'RAM' <Latency = 1> <II = 1> <Delay = 1.23> <Storage> <Opcode : 'load' 'store'> <Ports = 2> <Width = 32> <Depth = 1600> <RAM>
ST_32 : Operation 435 [1/2] (1.23ns)   --->   "%in_tile_1_0_load_56 = load i11 %in_tile_1_0_addr_56" [src/conv1.cpp:69]   --->   Operation 435 'load' 'in_tile_1_0_load_56' <Predicate = true> <Delay = 1.23> <CoreInst = "RAM">   --->   Core 83 'RAM' <Latency = 1> <II = 1> <Delay = 1.23> <Storage> <Opcode : 'load' 'store'> <Ports = 2> <Width = 32> <Depth = 1600> <RAM>
ST_32 : Operation 436 [2/2] (1.23ns)   --->   "%in_tile_1_0_load_57 = load i11 %in_tile_1_0_addr_57" [src/conv1.cpp:69]   --->   Operation 436 'load' 'in_tile_1_0_load_57' <Predicate = true> <Delay = 1.23> <CoreInst = "RAM">   --->   Core 83 'RAM' <Latency = 1> <II = 1> <Delay = 1.23> <Storage> <Opcode : 'load' 'store'> <Ports = 2> <Width = 32> <Depth = 1600> <RAM>
ST_32 : Operation 437 [2/2] (1.23ns)   --->   "%in_tile_1_0_load_58 = load i11 %in_tile_1_0_addr_58" [src/conv1.cpp:69]   --->   Operation 437 'load' 'in_tile_1_0_load_58' <Predicate = true> <Delay = 1.23> <CoreInst = "RAM">   --->   Core 83 'RAM' <Latency = 1> <II = 1> <Delay = 1.23> <Storage> <Opcode : 'load' 'store'> <Ports = 2> <Width = 32> <Depth = 1600> <RAM>

State 33 <SV = 32> <Delay = 2.03>
ST_33 : Operation 438 [1/1] (0.79ns)   --->   "%empty_179 = add i11 %empty_118, i11 %p_cast995" [src/conv1.cpp:69]   --->   Operation 438 'add' 'empty_179' <Predicate = true> <Delay = 0.79> <CoreInst = "Adder">   --->   Core 1 'Adder' <Latency = 0> <II = 1> <Delay = 0.79> <FuncUnit> <Opcode : 'add' 'sub'> <InPorts = 2> <OutPorts = 1>
ST_33 : Operation 439 [1/1] (0.00ns)   --->   "%p_cast1051 = zext i11 %empty_179" [src/conv1.cpp:69]   --->   Operation 439 'zext' 'p_cast1051' <Predicate = true> <Delay = 0.00>
ST_33 : Operation 440 [1/1] (0.00ns)   --->   "%in_tile_1_0_addr_59 = getelementptr i32 %in_tile_1_0, i64 0, i64 %p_cast1051" [src/conv1.cpp:69]   --->   Operation 440 'getelementptr' 'in_tile_1_0_addr_59' <Predicate = true> <Delay = 0.00>
ST_33 : Operation 441 [1/1] (0.79ns)   --->   "%empty_189 = add i11 %empty_118, i11 %p_cast996" [src/conv1.cpp:69]   --->   Operation 441 'add' 'empty_189' <Predicate = true> <Delay = 0.79> <CoreInst = "Adder">   --->   Core 1 'Adder' <Latency = 0> <II = 1> <Delay = 0.79> <FuncUnit> <Opcode : 'add' 'sub'> <InPorts = 2> <OutPorts = 1>
ST_33 : Operation 442 [1/1] (0.00ns)   --->   "%p_cast1060 = zext i11 %empty_189" [src/conv1.cpp:69]   --->   Operation 442 'zext' 'p_cast1060' <Predicate = true> <Delay = 0.00>
ST_33 : Operation 443 [1/1] (0.00ns)   --->   "%in_tile_1_0_addr_60 = getelementptr i32 %in_tile_1_0, i64 0, i64 %p_cast1060" [src/conv1.cpp:69]   --->   Operation 443 'getelementptr' 'in_tile_1_0_addr_60' <Predicate = true> <Delay = 0.00>
ST_33 : Operation 444 [1/2] (1.23ns)   --->   "%in_tile_1_0_load_57 = load i11 %in_tile_1_0_addr_57" [src/conv1.cpp:69]   --->   Operation 444 'load' 'in_tile_1_0_load_57' <Predicate = true> <Delay = 1.23> <CoreInst = "RAM">   --->   Core 83 'RAM' <Latency = 1> <II = 1> <Delay = 1.23> <Storage> <Opcode : 'load' 'store'> <Ports = 2> <Width = 32> <Depth = 1600> <RAM>
ST_33 : Operation 445 [1/2] (1.23ns)   --->   "%in_tile_1_0_load_58 = load i11 %in_tile_1_0_addr_58" [src/conv1.cpp:69]   --->   Operation 445 'load' 'in_tile_1_0_load_58' <Predicate = true> <Delay = 1.23> <CoreInst = "RAM">   --->   Core 83 'RAM' <Latency = 1> <II = 1> <Delay = 1.23> <Storage> <Opcode : 'load' 'store'> <Ports = 2> <Width = 32> <Depth = 1600> <RAM>
ST_33 : Operation 446 [2/2] (1.23ns)   --->   "%in_tile_1_0_load_59 = load i11 %in_tile_1_0_addr_59" [src/conv1.cpp:69]   --->   Operation 446 'load' 'in_tile_1_0_load_59' <Predicate = true> <Delay = 1.23> <CoreInst = "RAM">   --->   Core 83 'RAM' <Latency = 1> <II = 1> <Delay = 1.23> <Storage> <Opcode : 'load' 'store'> <Ports = 2> <Width = 32> <Depth = 1600> <RAM>
ST_33 : Operation 447 [2/2] (1.23ns)   --->   "%in_tile_1_0_load_60 = load i11 %in_tile_1_0_addr_60" [src/conv1.cpp:69]   --->   Operation 447 'load' 'in_tile_1_0_load_60' <Predicate = true> <Delay = 1.23> <CoreInst = "RAM">   --->   Core 83 'RAM' <Latency = 1> <II = 1> <Delay = 1.23> <Storage> <Opcode : 'load' 'store'> <Ports = 2> <Width = 32> <Depth = 1600> <RAM>

State 34 <SV = 33> <Delay = 2.03>
ST_34 : Operation 448 [1/1] (0.79ns)   --->   "%empty_199 = add i11 %empty_118, i11 %p_cast997" [src/conv1.cpp:69]   --->   Operation 448 'add' 'empty_199' <Predicate = true> <Delay = 0.79> <CoreInst = "Adder">   --->   Core 1 'Adder' <Latency = 0> <II = 1> <Delay = 0.79> <FuncUnit> <Opcode : 'add' 'sub'> <InPorts = 2> <OutPorts = 1>
ST_34 : Operation 449 [1/1] (0.00ns)   --->   "%p_cast1069 = zext i11 %empty_199" [src/conv1.cpp:69]   --->   Operation 449 'zext' 'p_cast1069' <Predicate = true> <Delay = 0.00>
ST_34 : Operation 450 [1/1] (0.00ns)   --->   "%in_tile_1_0_addr_61 = getelementptr i32 %in_tile_1_0, i64 0, i64 %p_cast1069" [src/conv1.cpp:69]   --->   Operation 450 'getelementptr' 'in_tile_1_0_addr_61' <Predicate = true> <Delay = 0.00>
ST_34 : Operation 451 [1/1] (0.79ns)   --->   "%empty_209 = add i11 %empty_118, i11 %p_cast998" [src/conv1.cpp:69]   --->   Operation 451 'add' 'empty_209' <Predicate = true> <Delay = 0.79> <CoreInst = "Adder">   --->   Core 1 'Adder' <Latency = 0> <II = 1> <Delay = 0.79> <FuncUnit> <Opcode : 'add' 'sub'> <InPorts = 2> <OutPorts = 1>
ST_34 : Operation 452 [1/1] (0.00ns)   --->   "%p_cast1078 = zext i11 %empty_209" [src/conv1.cpp:69]   --->   Operation 452 'zext' 'p_cast1078' <Predicate = true> <Delay = 0.00>
ST_34 : Operation 453 [1/1] (0.00ns)   --->   "%in_tile_1_0_addr_62 = getelementptr i32 %in_tile_1_0, i64 0, i64 %p_cast1078" [src/conv1.cpp:69]   --->   Operation 453 'getelementptr' 'in_tile_1_0_addr_62' <Predicate = true> <Delay = 0.00>
ST_34 : Operation 454 [1/2] (1.23ns)   --->   "%in_tile_1_0_load_59 = load i11 %in_tile_1_0_addr_59" [src/conv1.cpp:69]   --->   Operation 454 'load' 'in_tile_1_0_load_59' <Predicate = true> <Delay = 1.23> <CoreInst = "RAM">   --->   Core 83 'RAM' <Latency = 1> <II = 1> <Delay = 1.23> <Storage> <Opcode : 'load' 'store'> <Ports = 2> <Width = 32> <Depth = 1600> <RAM>
ST_34 : Operation 455 [1/2] (1.23ns)   --->   "%in_tile_1_0_load_60 = load i11 %in_tile_1_0_addr_60" [src/conv1.cpp:69]   --->   Operation 455 'load' 'in_tile_1_0_load_60' <Predicate = true> <Delay = 1.23> <CoreInst = "RAM">   --->   Core 83 'RAM' <Latency = 1> <II = 1> <Delay = 1.23> <Storage> <Opcode : 'load' 'store'> <Ports = 2> <Width = 32> <Depth = 1600> <RAM>
ST_34 : Operation 456 [2/2] (1.23ns)   --->   "%in_tile_1_0_load_61 = load i11 %in_tile_1_0_addr_61" [src/conv1.cpp:69]   --->   Operation 456 'load' 'in_tile_1_0_load_61' <Predicate = true> <Delay = 1.23> <CoreInst = "RAM">   --->   Core 83 'RAM' <Latency = 1> <II = 1> <Delay = 1.23> <Storage> <Opcode : 'load' 'store'> <Ports = 2> <Width = 32> <Depth = 1600> <RAM>
ST_34 : Operation 457 [2/2] (1.23ns)   --->   "%in_tile_1_0_load_62 = load i11 %in_tile_1_0_addr_62" [src/conv1.cpp:69]   --->   Operation 457 'load' 'in_tile_1_0_load_62' <Predicate = true> <Delay = 1.23> <CoreInst = "RAM">   --->   Core 83 'RAM' <Latency = 1> <II = 1> <Delay = 1.23> <Storage> <Opcode : 'load' 'store'> <Ports = 2> <Width = 32> <Depth = 1600> <RAM>

State 35 <SV = 34> <Delay = 1.23>
ST_35 : Operation 458 [1/2] (1.23ns)   --->   "%in_tile_1_0_load_61 = load i11 %in_tile_1_0_addr_61" [src/conv1.cpp:69]   --->   Operation 458 'load' 'in_tile_1_0_load_61' <Predicate = true> <Delay = 1.23> <CoreInst = "RAM">   --->   Core 83 'RAM' <Latency = 1> <II = 1> <Delay = 1.23> <Storage> <Opcode : 'load' 'store'> <Ports = 2> <Width = 32> <Depth = 1600> <RAM>
ST_35 : Operation 459 [1/2] (1.23ns)   --->   "%in_tile_1_0_load_62 = load i11 %in_tile_1_0_addr_62" [src/conv1.cpp:69]   --->   Operation 459 'load' 'in_tile_1_0_load_62' <Predicate = true> <Delay = 1.23> <CoreInst = "RAM">   --->   Core 83 'RAM' <Latency = 1> <II = 1> <Delay = 1.23> <Storage> <Opcode : 'load' 'store'> <Ports = 2> <Width = 32> <Depth = 1600> <RAM>
ST_35 : Operation 460 [2/2] (1.23ns)   --->   "%in_tile_1_0_load_63 = load i11 %in_tile_1_0_addr_63" [src/conv1.cpp:69]   --->   Operation 460 'load' 'in_tile_1_0_load_63' <Predicate = true> <Delay = 1.23> <CoreInst = "RAM">   --->   Core 83 'RAM' <Latency = 1> <II = 1> <Delay = 1.23> <Storage> <Opcode : 'load' 'store'> <Ports = 2> <Width = 32> <Depth = 1600> <RAM>
ST_35 : Operation 461 [2/2] (1.23ns)   --->   "%in_tile_1_0_load_64 = load i11 %in_tile_1_0_addr_64" [src/conv1.cpp:69]   --->   Operation 461 'load' 'in_tile_1_0_load_64' <Predicate = true> <Delay = 1.23> <CoreInst = "RAM">   --->   Core 83 'RAM' <Latency = 1> <II = 1> <Delay = 1.23> <Storage> <Opcode : 'load' 'store'> <Ports = 2> <Width = 32> <Depth = 1600> <RAM>

State 36 <SV = 35> <Delay = 2.03>
ST_36 : Operation 462 [1/1] (0.79ns)   --->   "%empty_150 = add i11 %empty_120, i11 %p_cast" [src/conv1.cpp:69]   --->   Operation 462 'add' 'empty_150' <Predicate = true> <Delay = 0.79> <CoreInst = "Adder">   --->   Core 1 'Adder' <Latency = 0> <II = 1> <Delay = 0.79> <FuncUnit> <Opcode : 'add' 'sub'> <InPorts = 2> <OutPorts = 1>
ST_36 : Operation 463 [1/1] (0.00ns)   --->   "%p_cast1025 = zext i11 %empty_150" [src/conv1.cpp:69]   --->   Operation 463 'zext' 'p_cast1025' <Predicate = true> <Delay = 0.00>
ST_36 : Operation 464 [1/1] (0.00ns)   --->   "%in_tile_1_0_addr_65 = getelementptr i32 %in_tile_1_0, i64 0, i64 %p_cast1025" [src/conv1.cpp:69]   --->   Operation 464 'getelementptr' 'in_tile_1_0_addr_65' <Predicate = true> <Delay = 0.00>
ST_36 : Operation 465 [1/1] (0.79ns)   --->   "%empty_160 = add i11 %empty_120, i11 %p_cast993" [src/conv1.cpp:69]   --->   Operation 465 'add' 'empty_160' <Predicate = true> <Delay = 0.79> <CoreInst = "Adder">   --->   Core 1 'Adder' <Latency = 0> <II = 1> <Delay = 0.79> <FuncUnit> <Opcode : 'add' 'sub'> <InPorts = 2> <OutPorts = 1>
ST_36 : Operation 466 [1/1] (0.00ns)   --->   "%p_cast1034 = zext i11 %empty_160" [src/conv1.cpp:69]   --->   Operation 466 'zext' 'p_cast1034' <Predicate = true> <Delay = 0.00>
ST_36 : Operation 467 [1/1] (0.00ns)   --->   "%in_tile_1_0_addr_66 = getelementptr i32 %in_tile_1_0, i64 0, i64 %p_cast1034" [src/conv1.cpp:69]   --->   Operation 467 'getelementptr' 'in_tile_1_0_addr_66' <Predicate = true> <Delay = 0.00>
ST_36 : Operation 468 [1/2] (1.23ns)   --->   "%in_tile_1_0_load_63 = load i11 %in_tile_1_0_addr_63" [src/conv1.cpp:69]   --->   Operation 468 'load' 'in_tile_1_0_load_63' <Predicate = true> <Delay = 1.23> <CoreInst = "RAM">   --->   Core 83 'RAM' <Latency = 1> <II = 1> <Delay = 1.23> <Storage> <Opcode : 'load' 'store'> <Ports = 2> <Width = 32> <Depth = 1600> <RAM>
ST_36 : Operation 469 [1/2] (1.23ns)   --->   "%in_tile_1_0_load_64 = load i11 %in_tile_1_0_addr_64" [src/conv1.cpp:69]   --->   Operation 469 'load' 'in_tile_1_0_load_64' <Predicate = true> <Delay = 1.23> <CoreInst = "RAM">   --->   Core 83 'RAM' <Latency = 1> <II = 1> <Delay = 1.23> <Storage> <Opcode : 'load' 'store'> <Ports = 2> <Width = 32> <Depth = 1600> <RAM>
ST_36 : Operation 470 [2/2] (1.23ns)   --->   "%in_tile_1_0_load_65 = load i11 %in_tile_1_0_addr_65" [src/conv1.cpp:69]   --->   Operation 470 'load' 'in_tile_1_0_load_65' <Predicate = true> <Delay = 1.23> <CoreInst = "RAM">   --->   Core 83 'RAM' <Latency = 1> <II = 1> <Delay = 1.23> <Storage> <Opcode : 'load' 'store'> <Ports = 2> <Width = 32> <Depth = 1600> <RAM>
ST_36 : Operation 471 [2/2] (1.23ns)   --->   "%in_tile_1_0_load_66 = load i11 %in_tile_1_0_addr_66" [src/conv1.cpp:69]   --->   Operation 471 'load' 'in_tile_1_0_load_66' <Predicate = true> <Delay = 1.23> <CoreInst = "RAM">   --->   Core 83 'RAM' <Latency = 1> <II = 1> <Delay = 1.23> <Storage> <Opcode : 'load' 'store'> <Ports = 2> <Width = 32> <Depth = 1600> <RAM>

State 37 <SV = 36> <Delay = 2.03>
ST_37 : Operation 472 [1/1] (0.79ns)   --->   "%empty_170 = add i11 %empty_120, i11 %p_cast994" [src/conv1.cpp:69]   --->   Operation 472 'add' 'empty_170' <Predicate = true> <Delay = 0.79> <CoreInst = "Adder">   --->   Core 1 'Adder' <Latency = 0> <II = 1> <Delay = 0.79> <FuncUnit> <Opcode : 'add' 'sub'> <InPorts = 2> <OutPorts = 1>
ST_37 : Operation 473 [1/1] (0.00ns)   --->   "%p_cast1043 = zext i11 %empty_170" [src/conv1.cpp:69]   --->   Operation 473 'zext' 'p_cast1043' <Predicate = true> <Delay = 0.00>
ST_37 : Operation 474 [1/1] (0.00ns)   --->   "%in_tile_1_0_addr_67 = getelementptr i32 %in_tile_1_0, i64 0, i64 %p_cast1043" [src/conv1.cpp:69]   --->   Operation 474 'getelementptr' 'in_tile_1_0_addr_67' <Predicate = true> <Delay = 0.00>
ST_37 : Operation 475 [1/1] (0.79ns)   --->   "%empty_180 = add i11 %empty_120, i11 %p_cast995" [src/conv1.cpp:69]   --->   Operation 475 'add' 'empty_180' <Predicate = true> <Delay = 0.79> <CoreInst = "Adder">   --->   Core 1 'Adder' <Latency = 0> <II = 1> <Delay = 0.79> <FuncUnit> <Opcode : 'add' 'sub'> <InPorts = 2> <OutPorts = 1>
ST_37 : Operation 476 [1/1] (0.00ns)   --->   "%p_cast1052 = zext i11 %empty_180" [src/conv1.cpp:69]   --->   Operation 476 'zext' 'p_cast1052' <Predicate = true> <Delay = 0.00>
ST_37 : Operation 477 [1/1] (0.00ns)   --->   "%in_tile_1_0_addr_68 = getelementptr i32 %in_tile_1_0, i64 0, i64 %p_cast1052" [src/conv1.cpp:69]   --->   Operation 477 'getelementptr' 'in_tile_1_0_addr_68' <Predicate = true> <Delay = 0.00>
ST_37 : Operation 478 [1/2] (1.23ns)   --->   "%in_tile_1_0_load_65 = load i11 %in_tile_1_0_addr_65" [src/conv1.cpp:69]   --->   Operation 478 'load' 'in_tile_1_0_load_65' <Predicate = true> <Delay = 1.23> <CoreInst = "RAM">   --->   Core 83 'RAM' <Latency = 1> <II = 1> <Delay = 1.23> <Storage> <Opcode : 'load' 'store'> <Ports = 2> <Width = 32> <Depth = 1600> <RAM>
ST_37 : Operation 479 [1/2] (1.23ns)   --->   "%in_tile_1_0_load_66 = load i11 %in_tile_1_0_addr_66" [src/conv1.cpp:69]   --->   Operation 479 'load' 'in_tile_1_0_load_66' <Predicate = true> <Delay = 1.23> <CoreInst = "RAM">   --->   Core 83 'RAM' <Latency = 1> <II = 1> <Delay = 1.23> <Storage> <Opcode : 'load' 'store'> <Ports = 2> <Width = 32> <Depth = 1600> <RAM>
ST_37 : Operation 480 [2/2] (1.23ns)   --->   "%in_tile_1_0_load_67 = load i11 %in_tile_1_0_addr_67" [src/conv1.cpp:69]   --->   Operation 480 'load' 'in_tile_1_0_load_67' <Predicate = true> <Delay = 1.23> <CoreInst = "RAM">   --->   Core 83 'RAM' <Latency = 1> <II = 1> <Delay = 1.23> <Storage> <Opcode : 'load' 'store'> <Ports = 2> <Width = 32> <Depth = 1600> <RAM>
ST_37 : Operation 481 [2/2] (1.23ns)   --->   "%in_tile_1_0_load_68 = load i11 %in_tile_1_0_addr_68" [src/conv1.cpp:69]   --->   Operation 481 'load' 'in_tile_1_0_load_68' <Predicate = true> <Delay = 1.23> <CoreInst = "RAM">   --->   Core 83 'RAM' <Latency = 1> <II = 1> <Delay = 1.23> <Storage> <Opcode : 'load' 'store'> <Ports = 2> <Width = 32> <Depth = 1600> <RAM>

State 38 <SV = 37> <Delay = 2.03>
ST_38 : Operation 482 [1/1] (0.79ns)   --->   "%empty_151 = add i11 %empty_122, i11 %p_cast" [src/conv1.cpp:69]   --->   Operation 482 'add' 'empty_151' <Predicate = true> <Delay = 0.79> <CoreInst = "Adder">   --->   Core 1 'Adder' <Latency = 0> <II = 1> <Delay = 0.79> <FuncUnit> <Opcode : 'add' 'sub'> <InPorts = 2> <OutPorts = 1>
ST_38 : Operation 483 [1/1] (0.79ns)   --->   "%empty_161 = add i11 %empty_122, i11 %p_cast993" [src/conv1.cpp:69]   --->   Operation 483 'add' 'empty_161' <Predicate = true> <Delay = 0.79> <CoreInst = "Adder">   --->   Core 1 'Adder' <Latency = 0> <II = 1> <Delay = 0.79> <FuncUnit> <Opcode : 'add' 'sub'> <InPorts = 2> <OutPorts = 1>
ST_38 : Operation 484 [1/1] (0.79ns)   --->   "%empty_171 = add i11 %empty_122, i11 %p_cast994" [src/conv1.cpp:69]   --->   Operation 484 'add' 'empty_171' <Predicate = true> <Delay = 0.79> <CoreInst = "Adder">   --->   Core 1 'Adder' <Latency = 0> <II = 1> <Delay = 0.79> <FuncUnit> <Opcode : 'add' 'sub'> <InPorts = 2> <OutPorts = 1>
ST_38 : Operation 485 [1/1] (0.79ns)   --->   "%empty_181 = add i11 %empty_122, i11 %p_cast995" [src/conv1.cpp:69]   --->   Operation 485 'add' 'empty_181' <Predicate = true> <Delay = 0.79> <CoreInst = "Adder">   --->   Core 1 'Adder' <Latency = 0> <II = 1> <Delay = 0.79> <FuncUnit> <Opcode : 'add' 'sub'> <InPorts = 2> <OutPorts = 1>
ST_38 : Operation 486 [1/1] (0.79ns)   --->   "%empty_190 = add i11 %empty_120, i11 %p_cast996" [src/conv1.cpp:69]   --->   Operation 486 'add' 'empty_190' <Predicate = true> <Delay = 0.79> <CoreInst = "Adder">   --->   Core 1 'Adder' <Latency = 0> <II = 1> <Delay = 0.79> <FuncUnit> <Opcode : 'add' 'sub'> <InPorts = 2> <OutPorts = 1>
ST_38 : Operation 487 [1/1] (0.00ns)   --->   "%p_cast1061 = zext i11 %empty_190" [src/conv1.cpp:69]   --->   Operation 487 'zext' 'p_cast1061' <Predicate = true> <Delay = 0.00>
ST_38 : Operation 488 [1/1] (0.00ns)   --->   "%in_tile_1_0_addr_69 = getelementptr i32 %in_tile_1_0, i64 0, i64 %p_cast1061" [src/conv1.cpp:69]   --->   Operation 488 'getelementptr' 'in_tile_1_0_addr_69' <Predicate = true> <Delay = 0.00>
ST_38 : Operation 489 [1/1] (0.79ns)   --->   "%empty_191 = add i11 %empty_122, i11 %p_cast996" [src/conv1.cpp:69]   --->   Operation 489 'add' 'empty_191' <Predicate = true> <Delay = 0.79> <CoreInst = "Adder">   --->   Core 1 'Adder' <Latency = 0> <II = 1> <Delay = 0.79> <FuncUnit> <Opcode : 'add' 'sub'> <InPorts = 2> <OutPorts = 1>
ST_38 : Operation 490 [1/1] (0.79ns)   --->   "%empty_200 = add i11 %empty_120, i11 %p_cast997" [src/conv1.cpp:69]   --->   Operation 490 'add' 'empty_200' <Predicate = true> <Delay = 0.79> <CoreInst = "Adder">   --->   Core 1 'Adder' <Latency = 0> <II = 1> <Delay = 0.79> <FuncUnit> <Opcode : 'add' 'sub'> <InPorts = 2> <OutPorts = 1>
ST_38 : Operation 491 [1/1] (0.00ns)   --->   "%p_cast1070 = zext i11 %empty_200" [src/conv1.cpp:69]   --->   Operation 491 'zext' 'p_cast1070' <Predicate = true> <Delay = 0.00>
ST_38 : Operation 492 [1/1] (0.00ns)   --->   "%in_tile_1_0_addr_70 = getelementptr i32 %in_tile_1_0, i64 0, i64 %p_cast1070" [src/conv1.cpp:69]   --->   Operation 492 'getelementptr' 'in_tile_1_0_addr_70' <Predicate = true> <Delay = 0.00>
ST_38 : Operation 493 [1/1] (0.79ns)   --->   "%empty_201 = add i11 %empty_122, i11 %p_cast997" [src/conv1.cpp:69]   --->   Operation 493 'add' 'empty_201' <Predicate = true> <Delay = 0.79> <CoreInst = "Adder">   --->   Core 1 'Adder' <Latency = 0> <II = 1> <Delay = 0.79> <FuncUnit> <Opcode : 'add' 'sub'> <InPorts = 2> <OutPorts = 1>
ST_38 : Operation 494 [1/1] (0.79ns)   --->   "%empty_210 = add i11 %empty_120, i11 %p_cast998" [src/conv1.cpp:69]   --->   Operation 494 'add' 'empty_210' <Predicate = true> <Delay = 0.79> <CoreInst = "Adder">   --->   Core 1 'Adder' <Latency = 0> <II = 1> <Delay = 0.79> <FuncUnit> <Opcode : 'add' 'sub'> <InPorts = 2> <OutPorts = 1>
ST_38 : Operation 495 [1/1] (0.79ns)   --->   "%empty_211 = add i11 %empty_122, i11 %p_cast998" [src/conv1.cpp:69]   --->   Operation 495 'add' 'empty_211' <Predicate = true> <Delay = 0.79> <CoreInst = "Adder">   --->   Core 1 'Adder' <Latency = 0> <II = 1> <Delay = 0.79> <FuncUnit> <Opcode : 'add' 'sub'> <InPorts = 2> <OutPorts = 1>
ST_38 : Operation 496 [1/2] (1.23ns)   --->   "%in_tile_1_0_load_67 = load i11 %in_tile_1_0_addr_67" [src/conv1.cpp:69]   --->   Operation 496 'load' 'in_tile_1_0_load_67' <Predicate = true> <Delay = 1.23> <CoreInst = "RAM">   --->   Core 83 'RAM' <Latency = 1> <II = 1> <Delay = 1.23> <Storage> <Opcode : 'load' 'store'> <Ports = 2> <Width = 32> <Depth = 1600> <RAM>
ST_38 : Operation 497 [1/2] (1.23ns)   --->   "%in_tile_1_0_load_68 = load i11 %in_tile_1_0_addr_68" [src/conv1.cpp:69]   --->   Operation 497 'load' 'in_tile_1_0_load_68' <Predicate = true> <Delay = 1.23> <CoreInst = "RAM">   --->   Core 83 'RAM' <Latency = 1> <II = 1> <Delay = 1.23> <Storage> <Opcode : 'load' 'store'> <Ports = 2> <Width = 32> <Depth = 1600> <RAM>
ST_38 : Operation 498 [2/2] (1.23ns)   --->   "%in_tile_1_0_load_69 = load i11 %in_tile_1_0_addr_69" [src/conv1.cpp:69]   --->   Operation 498 'load' 'in_tile_1_0_load_69' <Predicate = true> <Delay = 1.23> <CoreInst = "RAM">   --->   Core 83 'RAM' <Latency = 1> <II = 1> <Delay = 1.23> <Storage> <Opcode : 'load' 'store'> <Ports = 2> <Width = 32> <Depth = 1600> <RAM>
ST_38 : Operation 499 [2/2] (1.23ns)   --->   "%in_tile_1_0_load_70 = load i11 %in_tile_1_0_addr_70" [src/conv1.cpp:69]   --->   Operation 499 'load' 'in_tile_1_0_load_70' <Predicate = true> <Delay = 1.23> <CoreInst = "RAM">   --->   Core 83 'RAM' <Latency = 1> <II = 1> <Delay = 1.23> <Storage> <Opcode : 'load' 'store'> <Ports = 2> <Width = 32> <Depth = 1600> <RAM>

State 39 <SV = 38> <Delay = 1.23>
ST_39 : Operation 500 [1/1] (0.00ns)   --->   "%p_cast1079 = zext i11 %empty_210" [src/conv1.cpp:69]   --->   Operation 500 'zext' 'p_cast1079' <Predicate = true> <Delay = 0.00>
ST_39 : Operation 501 [1/1] (0.00ns)   --->   "%in_tile_1_0_addr_71 = getelementptr i32 %in_tile_1_0, i64 0, i64 %p_cast1079" [src/conv1.cpp:69]   --->   Operation 501 'getelementptr' 'in_tile_1_0_addr_71' <Predicate = true> <Delay = 0.00>
ST_39 : Operation 502 [1/2] (1.23ns)   --->   "%in_tile_1_0_load_69 = load i11 %in_tile_1_0_addr_69" [src/conv1.cpp:69]   --->   Operation 502 'load' 'in_tile_1_0_load_69' <Predicate = true> <Delay = 1.23> <CoreInst = "RAM">   --->   Core 83 'RAM' <Latency = 1> <II = 1> <Delay = 1.23> <Storage> <Opcode : 'load' 'store'> <Ports = 2> <Width = 32> <Depth = 1600> <RAM>
ST_39 : Operation 503 [1/2] (1.23ns)   --->   "%in_tile_1_0_load_70 = load i11 %in_tile_1_0_addr_70" [src/conv1.cpp:69]   --->   Operation 503 'load' 'in_tile_1_0_load_70' <Predicate = true> <Delay = 1.23> <CoreInst = "RAM">   --->   Core 83 'RAM' <Latency = 1> <II = 1> <Delay = 1.23> <Storage> <Opcode : 'load' 'store'> <Ports = 2> <Width = 32> <Depth = 1600> <RAM>
ST_39 : Operation 504 [2/2] (1.23ns)   --->   "%in_tile_1_0_load_71 = load i11 %in_tile_1_0_addr_71" [src/conv1.cpp:69]   --->   Operation 504 'load' 'in_tile_1_0_load_71' <Predicate = true> <Delay = 1.23> <CoreInst = "RAM">   --->   Core 83 'RAM' <Latency = 1> <II = 1> <Delay = 1.23> <Storage> <Opcode : 'load' 'store'> <Ports = 2> <Width = 32> <Depth = 1600> <RAM>
ST_39 : Operation 505 [2/2] (1.23ns)   --->   "%in_tile_1_0_load_72 = load i11 %in_tile_1_0_addr_72" [src/conv1.cpp:69]   --->   Operation 505 'load' 'in_tile_1_0_load_72' <Predicate = true> <Delay = 1.23> <CoreInst = "RAM">   --->   Core 83 'RAM' <Latency = 1> <II = 1> <Delay = 1.23> <Storage> <Opcode : 'load' 'store'> <Ports = 2> <Width = 32> <Depth = 1600> <RAM>

State 40 <SV = 39> <Delay = 1.23>
ST_40 : Operation 506 [1/1] (0.00ns)   --->   "%p_cast1026 = zext i11 %empty_151" [src/conv1.cpp:69]   --->   Operation 506 'zext' 'p_cast1026' <Predicate = true> <Delay = 0.00>
ST_40 : Operation 507 [1/1] (0.00ns)   --->   "%in_tile_1_0_addr_74 = getelementptr i32 %in_tile_1_0, i64 0, i64 %p_cast1026" [src/conv1.cpp:69]   --->   Operation 507 'getelementptr' 'in_tile_1_0_addr_74' <Predicate = true> <Delay = 0.00>
ST_40 : Operation 508 [1/2] (1.23ns)   --->   "%in_tile_1_0_load_71 = load i11 %in_tile_1_0_addr_71" [src/conv1.cpp:69]   --->   Operation 508 'load' 'in_tile_1_0_load_71' <Predicate = true> <Delay = 1.23> <CoreInst = "RAM">   --->   Core 83 'RAM' <Latency = 1> <II = 1> <Delay = 1.23> <Storage> <Opcode : 'load' 'store'> <Ports = 2> <Width = 32> <Depth = 1600> <RAM>
ST_40 : Operation 509 [1/2] (1.23ns)   --->   "%in_tile_1_0_load_72 = load i11 %in_tile_1_0_addr_72" [src/conv1.cpp:69]   --->   Operation 509 'load' 'in_tile_1_0_load_72' <Predicate = true> <Delay = 1.23> <CoreInst = "RAM">   --->   Core 83 'RAM' <Latency = 1> <II = 1> <Delay = 1.23> <Storage> <Opcode : 'load' 'store'> <Ports = 2> <Width = 32> <Depth = 1600> <RAM>
ST_40 : Operation 510 [2/2] (1.23ns)   --->   "%in_tile_1_0_load_73 = load i11 %in_tile_1_0_addr_73" [src/conv1.cpp:69]   --->   Operation 510 'load' 'in_tile_1_0_load_73' <Predicate = true> <Delay = 1.23> <CoreInst = "RAM">   --->   Core 83 'RAM' <Latency = 1> <II = 1> <Delay = 1.23> <Storage> <Opcode : 'load' 'store'> <Ports = 2> <Width = 32> <Depth = 1600> <RAM>
ST_40 : Operation 511 [2/2] (1.23ns)   --->   "%in_tile_1_0_load_74 = load i11 %in_tile_1_0_addr_74" [src/conv1.cpp:69]   --->   Operation 511 'load' 'in_tile_1_0_load_74' <Predicate = true> <Delay = 1.23> <CoreInst = "RAM">   --->   Core 83 'RAM' <Latency = 1> <II = 1> <Delay = 1.23> <Storage> <Opcode : 'load' 'store'> <Ports = 2> <Width = 32> <Depth = 1600> <RAM>

State 41 <SV = 40> <Delay = 1.23>
ST_41 : Operation 512 [1/1] (0.00ns)   --->   "%p_cast1035 = zext i11 %empty_161" [src/conv1.cpp:69]   --->   Operation 512 'zext' 'p_cast1035' <Predicate = true> <Delay = 0.00>
ST_41 : Operation 513 [1/1] (0.00ns)   --->   "%in_tile_1_0_addr_75 = getelementptr i32 %in_tile_1_0, i64 0, i64 %p_cast1035" [src/conv1.cpp:69]   --->   Operation 513 'getelementptr' 'in_tile_1_0_addr_75' <Predicate = true> <Delay = 0.00>
ST_41 : Operation 514 [1/1] (0.00ns)   --->   "%p_cast1044 = zext i11 %empty_171" [src/conv1.cpp:69]   --->   Operation 514 'zext' 'p_cast1044' <Predicate = true> <Delay = 0.00>
ST_41 : Operation 515 [1/1] (0.00ns)   --->   "%in_tile_1_0_addr_76 = getelementptr i32 %in_tile_1_0, i64 0, i64 %p_cast1044" [src/conv1.cpp:69]   --->   Operation 515 'getelementptr' 'in_tile_1_0_addr_76' <Predicate = true> <Delay = 0.00>
ST_41 : Operation 516 [1/2] (1.23ns)   --->   "%in_tile_1_0_load_73 = load i11 %in_tile_1_0_addr_73" [src/conv1.cpp:69]   --->   Operation 516 'load' 'in_tile_1_0_load_73' <Predicate = true> <Delay = 1.23> <CoreInst = "RAM">   --->   Core 83 'RAM' <Latency = 1> <II = 1> <Delay = 1.23> <Storage> <Opcode : 'load' 'store'> <Ports = 2> <Width = 32> <Depth = 1600> <RAM>
ST_41 : Operation 517 [1/2] (1.23ns)   --->   "%in_tile_1_0_load_74 = load i11 %in_tile_1_0_addr_74" [src/conv1.cpp:69]   --->   Operation 517 'load' 'in_tile_1_0_load_74' <Predicate = true> <Delay = 1.23> <CoreInst = "RAM">   --->   Core 83 'RAM' <Latency = 1> <II = 1> <Delay = 1.23> <Storage> <Opcode : 'load' 'store'> <Ports = 2> <Width = 32> <Depth = 1600> <RAM>
ST_41 : Operation 518 [2/2] (1.23ns)   --->   "%in_tile_1_0_load_75 = load i11 %in_tile_1_0_addr_75" [src/conv1.cpp:69]   --->   Operation 518 'load' 'in_tile_1_0_load_75' <Predicate = true> <Delay = 1.23> <CoreInst = "RAM">   --->   Core 83 'RAM' <Latency = 1> <II = 1> <Delay = 1.23> <Storage> <Opcode : 'load' 'store'> <Ports = 2> <Width = 32> <Depth = 1600> <RAM>
ST_41 : Operation 519 [2/2] (1.23ns)   --->   "%in_tile_1_0_load_76 = load i11 %in_tile_1_0_addr_76" [src/conv1.cpp:69]   --->   Operation 519 'load' 'in_tile_1_0_load_76' <Predicate = true> <Delay = 1.23> <CoreInst = "RAM">   --->   Core 83 'RAM' <Latency = 1> <II = 1> <Delay = 1.23> <Storage> <Opcode : 'load' 'store'> <Ports = 2> <Width = 32> <Depth = 1600> <RAM>

State 42 <SV = 41> <Delay = 1.23>
ST_42 : Operation 520 [1/1] (0.00ns)   --->   "%p_cast1053 = zext i11 %empty_181" [src/conv1.cpp:69]   --->   Operation 520 'zext' 'p_cast1053' <Predicate = true> <Delay = 0.00>
ST_42 : Operation 521 [1/1] (0.00ns)   --->   "%in_tile_1_0_addr_77 = getelementptr i32 %in_tile_1_0, i64 0, i64 %p_cast1053" [src/conv1.cpp:69]   --->   Operation 521 'getelementptr' 'in_tile_1_0_addr_77' <Predicate = true> <Delay = 0.00>
ST_42 : Operation 522 [1/1] (0.00ns)   --->   "%p_cast1062 = zext i11 %empty_191" [src/conv1.cpp:69]   --->   Operation 522 'zext' 'p_cast1062' <Predicate = true> <Delay = 0.00>
ST_42 : Operation 523 [1/1] (0.00ns)   --->   "%in_tile_1_0_addr_78 = getelementptr i32 %in_tile_1_0, i64 0, i64 %p_cast1062" [src/conv1.cpp:69]   --->   Operation 523 'getelementptr' 'in_tile_1_0_addr_78' <Predicate = true> <Delay = 0.00>
ST_42 : Operation 524 [1/2] (1.23ns)   --->   "%in_tile_1_0_load_75 = load i11 %in_tile_1_0_addr_75" [src/conv1.cpp:69]   --->   Operation 524 'load' 'in_tile_1_0_load_75' <Predicate = true> <Delay = 1.23> <CoreInst = "RAM">   --->   Core 83 'RAM' <Latency = 1> <II = 1> <Delay = 1.23> <Storage> <Opcode : 'load' 'store'> <Ports = 2> <Width = 32> <Depth = 1600> <RAM>
ST_42 : Operation 525 [1/2] (1.23ns)   --->   "%in_tile_1_0_load_76 = load i11 %in_tile_1_0_addr_76" [src/conv1.cpp:69]   --->   Operation 525 'load' 'in_tile_1_0_load_76' <Predicate = true> <Delay = 1.23> <CoreInst = "RAM">   --->   Core 83 'RAM' <Latency = 1> <II = 1> <Delay = 1.23> <Storage> <Opcode : 'load' 'store'> <Ports = 2> <Width = 32> <Depth = 1600> <RAM>
ST_42 : Operation 526 [2/2] (1.23ns)   --->   "%in_tile_1_0_load_77 = load i11 %in_tile_1_0_addr_77" [src/conv1.cpp:69]   --->   Operation 526 'load' 'in_tile_1_0_load_77' <Predicate = true> <Delay = 1.23> <CoreInst = "RAM">   --->   Core 83 'RAM' <Latency = 1> <II = 1> <Delay = 1.23> <Storage> <Opcode : 'load' 'store'> <Ports = 2> <Width = 32> <Depth = 1600> <RAM>
ST_42 : Operation 527 [2/2] (1.23ns)   --->   "%in_tile_1_0_load_78 = load i11 %in_tile_1_0_addr_78" [src/conv1.cpp:69]   --->   Operation 527 'load' 'in_tile_1_0_load_78' <Predicate = true> <Delay = 1.23> <CoreInst = "RAM">   --->   Core 83 'RAM' <Latency = 1> <II = 1> <Delay = 1.23> <Storage> <Opcode : 'load' 'store'> <Ports = 2> <Width = 32> <Depth = 1600> <RAM>

State 43 <SV = 42> <Delay = 1.23>
ST_43 : Operation 528 [1/1] (0.00ns)   --->   "%p_cast1071 = zext i11 %empty_201" [src/conv1.cpp:69]   --->   Operation 528 'zext' 'p_cast1071' <Predicate = true> <Delay = 0.00>
ST_43 : Operation 529 [1/1] (0.00ns)   --->   "%in_tile_1_0_addr_79 = getelementptr i32 %in_tile_1_0, i64 0, i64 %p_cast1071" [src/conv1.cpp:69]   --->   Operation 529 'getelementptr' 'in_tile_1_0_addr_79' <Predicate = true> <Delay = 0.00>
ST_43 : Operation 530 [1/1] (0.00ns)   --->   "%p_cast1080 = zext i11 %empty_211" [src/conv1.cpp:69]   --->   Operation 530 'zext' 'p_cast1080' <Predicate = true> <Delay = 0.00>
ST_43 : Operation 531 [1/1] (0.00ns)   --->   "%in_tile_1_0_addr_80 = getelementptr i32 %in_tile_1_0, i64 0, i64 %p_cast1080" [src/conv1.cpp:69]   --->   Operation 531 'getelementptr' 'in_tile_1_0_addr_80' <Predicate = true> <Delay = 0.00>
ST_43 : Operation 532 [1/2] (1.23ns)   --->   "%in_tile_1_0_load_77 = load i11 %in_tile_1_0_addr_77" [src/conv1.cpp:69]   --->   Operation 532 'load' 'in_tile_1_0_load_77' <Predicate = true> <Delay = 1.23> <CoreInst = "RAM">   --->   Core 83 'RAM' <Latency = 1> <II = 1> <Delay = 1.23> <Storage> <Opcode : 'load' 'store'> <Ports = 2> <Width = 32> <Depth = 1600> <RAM>
ST_43 : Operation 533 [1/2] (1.23ns)   --->   "%in_tile_1_0_load_78 = load i11 %in_tile_1_0_addr_78" [src/conv1.cpp:69]   --->   Operation 533 'load' 'in_tile_1_0_load_78' <Predicate = true> <Delay = 1.23> <CoreInst = "RAM">   --->   Core 83 'RAM' <Latency = 1> <II = 1> <Delay = 1.23> <Storage> <Opcode : 'load' 'store'> <Ports = 2> <Width = 32> <Depth = 1600> <RAM>
ST_43 : Operation 534 [2/2] (1.23ns)   --->   "%in_tile_1_0_load_79 = load i11 %in_tile_1_0_addr_79" [src/conv1.cpp:69]   --->   Operation 534 'load' 'in_tile_1_0_load_79' <Predicate = true> <Delay = 1.23> <CoreInst = "RAM">   --->   Core 83 'RAM' <Latency = 1> <II = 1> <Delay = 1.23> <Storage> <Opcode : 'load' 'store'> <Ports = 2> <Width = 32> <Depth = 1600> <RAM>
ST_43 : Operation 535 [2/2] (1.23ns)   --->   "%in_tile_1_0_load_80 = load i11 %in_tile_1_0_addr_80" [src/conv1.cpp:69]   --->   Operation 535 'load' 'in_tile_1_0_load_80' <Predicate = true> <Delay = 1.23> <CoreInst = "RAM">   --->   Core 83 'RAM' <Latency = 1> <II = 1> <Delay = 1.23> <Storage> <Opcode : 'load' 'store'> <Ports = 2> <Width = 32> <Depth = 1600> <RAM>

State 44 <SV = 43> <Delay = 1.23>
ST_44 : Operation 536 [1/2] (1.23ns)   --->   "%in_tile_1_0_load_79 = load i11 %in_tile_1_0_addr_79" [src/conv1.cpp:69]   --->   Operation 536 'load' 'in_tile_1_0_load_79' <Predicate = true> <Delay = 1.23> <CoreInst = "RAM">   --->   Core 83 'RAM' <Latency = 1> <II = 1> <Delay = 1.23> <Storage> <Opcode : 'load' 'store'> <Ports = 2> <Width = 32> <Depth = 1600> <RAM>
ST_44 : Operation 537 [1/2] (1.23ns)   --->   "%in_tile_1_0_load_80 = load i11 %in_tile_1_0_addr_80" [src/conv1.cpp:69]   --->   Operation 537 'load' 'in_tile_1_0_load_80' <Predicate = true> <Delay = 1.23> <CoreInst = "RAM">   --->   Core 83 'RAM' <Latency = 1> <II = 1> <Delay = 1.23> <Storage> <Opcode : 'load' 'store'> <Ports = 2> <Width = 32> <Depth = 1600> <RAM>
ST_44 : Operation 538 [2/2] (0.00ns)   --->   "%call_ln69 = call void @compute_tile_c1_Pipeline_VITIS_LOOP_71_3, i6 %th_7, i5 %empty_123, i32 %in_tile_1_0_load, i32 %in_tile_1_0_load_1, i32 %in_tile_1_0_load_2, i32 %in_tile_1_0_load_3, i32 %in_tile_1_0_load_4, i32 %in_tile_1_0_load_5, i32 %in_tile_1_0_load_6, i32 %in_tile_1_0_load_7, i32 %in_tile_1_0_load_8, i32 %in_tile_1_0_load_9, i32 %in_tile_1_0_load_10, i32 %in_tile_1_0_load_11, i32 %in_tile_1_0_load_12, i32 %in_tile_1_0_load_13, i32 %in_tile_1_0_load_14, i32 %in_tile_1_0_load_15, i32 %in_tile_1_0_load_16, i32 %in_tile_1_0_load_17, i32 %in_tile_1_0_load_18, i32 %in_tile_1_0_load_19, i32 %in_tile_1_0_load_20, i32 %in_tile_1_0_load_21, i32 %in_tile_1_0_load_22, i32 %in_tile_1_0_load_23, i32 %in_tile_1_0_load_24, i32 %in_tile_1_0_load_25, i32 %in_tile_1_0_load_26, i32 %in_tile_1_0_load_27, i32 %in_tile_1_0_load_28, i32 %in_tile_1_0_load_29, i32 %in_tile_1_0_load_30, i32 %in_tile_1_0_load_31, i32 %in_tile_1_0_load_32, i32 %in_tile_1_0_load_33, i32 %in_tile_1_0_load_34, i32 %in_tile_1_0_load_35, i32 %in_tile_1_0_load_36, i32 %in_tile_1_0_load_37, i32 %in_tile_1_0_load_38, i32 %in_tile_1_0_load_39, i32 %in_tile_1_0_load_40, i32 %in_tile_1_0_load_41, i32 %in_tile_1_0_load_42, i32 %in_tile_1_0_load_43, i32 %in_tile_1_0_load_44, i32 %in_tile_1_0_load_45, i32 %in_tile_1_0_load_46, i32 %in_tile_1_0_load_47, i32 %in_tile_1_0_load_48, i32 %in_tile_1_0_load_49, i32 %in_tile_1_0_load_50, i32 %in_tile_1_0_load_51, i32 %in_tile_1_0_load_52, i32 %in_tile_1_0_load_53, i32 %in_tile_1_0_load_54, i32 %in_tile_1_0_load_55, i32 %in_tile_1_0_load_56, i32 %in_tile_1_0_load_57, i32 %in_tile_1_0_load_58, i32 %in_tile_1_0_load_59, i32 %in_tile_1_0_load_60, i32 %in_tile_1_0_load_61, i32 %in_tile_1_0_load_62, i32 %in_tile_1_0_load_63, i32 %in_tile_1_0_load_64, i32 %in_tile_1_0_load_65, i32 %in_tile_1_0_load_66, i32 %in_tile_1_0_load_67, i32 %in_tile_1_0_load_68, i32 %in_tile_1_0_load_69, i32 %in_tile_1_0_load_70, i32 %in_tile_1_0_load_71, i32 %in_tile_1_0_load_72, i32 %in_tile_1_0_load_73, i32 %in_tile_1_0_load_74, i32 %in_tile_1_0_load_75, i32 %in_tile_1_0_load_76, i32 %in_tile_1_0_load_77, i32 %in_tile_1_0_load_78, i32 %in_tile_1_0_load_79, i32 %in_tile_1_0_load_80, i32 %out_tile_2, i32 %p_ZZ5conv1PA255_A255_fPA1_A9_A9_fPfS1_E6w_tile_0_0_0, i32 %p_ZZ5conv1PA255_A255_fPA1_A9_A9_fPfS1_E6w_tile_0_1_0, i32 %p_ZZ5conv1PA255_A255_fPA1_A9_A9_fPfS1_E6w_tile_0_2_0, i32 %p_ZZ5conv1PA255_A255_fPA1_A9_A9_fPfS1_E6w_tile_0_3_0, i32 %p_ZZ5conv1PA255_A255_fPA1_A9_A9_fPfS1_E6w_tile_0_4_0, i32 %p_ZZ5conv1PA255_A255_fPA1_A9_A9_fPfS1_E6w_tile_0_5_0, i32 %p_ZZ5conv1PA255_A255_fPA1_A9_A9_fPfS1_E6w_tile_0_6_0, i32 %p_ZZ5conv1PA255_A255_fPA1_A9_A9_fPfS1_E6w_tile_0_7_0, i32 %p_ZZ5conv1PA255_A255_fPA1_A9_A9_fPfS1_E6w_tile_0_8_0, i32 %p_ZZ5conv1PA255_A255_fPA1_A9_A9_fPfS1_E6w_tile_1_0_0, i32 %p_ZZ5conv1PA255_A255_fPA1_A9_A9_fPfS1_E6w_tile_1_1_0, i32 %p_ZZ5conv1PA255_A255_fPA1_A9_A9_fPfS1_E6w_tile_1_2_0, i32 %p_ZZ5conv1PA255_A255_fPA1_A9_A9_fPfS1_E6w_tile_1_3_0, i32 %p_ZZ5conv1PA255_A255_fPA1_A9_A9_fPfS1_E6w_tile_1_4_0, i32 %p_ZZ5conv1PA255_A255_fPA1_A9_A9_fPfS1_E6w_tile_1_5_0, i32 %p_ZZ5conv1PA255_A255_fPA1_A9_A9_fPfS1_E6w_tile_1_6_0, i32 %p_ZZ5conv1PA255_A255_fPA1_A9_A9_fPfS1_E6w_tile_1_7_0, i32 %p_ZZ5conv1PA255_A255_fPA1_A9_A9_fPfS1_E6w_tile_1_8_0, i32 %p_ZZ5conv1PA255_A255_fPA1_A9_A9_fPfS1_E6w_tile_2_0_0, i32 %p_ZZ5conv1PA255_A255_fPA1_A9_A9_fPfS1_E6w_tile_2_1_0, i32 %p_ZZ5conv1PA255_A255_fPA1_A9_A9_fPfS1_E6w_tile_2_2_0, i32 %p_ZZ5conv1PA255_A255_fPA1_A9_A9_fPfS1_E6w_tile_2_3_0, i32 %p_ZZ5conv1PA255_A255_fPA1_A9_A9_fPfS1_E6w_tile_2_4_0, i32 %p_ZZ5conv1PA255_A255_fPA1_A9_A9_fPfS1_E6w_tile_2_5_0, i32 %p_ZZ5conv1PA255_A255_fPA1_A9_A9_fPfS1_E6w_tile_2_6_0, i32 %p_ZZ5conv1PA255_A255_fPA1_A9_A9_fPfS1_E6w_tile_2_7_0, i32 %p_ZZ5conv1PA255_A255_fPA1_A9_A9_fPfS1_E6w_tile_2_8_0, i32 %p_ZZ5conv1PA255_A255_fPA1_A9_A9_fPfS1_E6w_tile_3_0_0, i32 %p_ZZ5conv1PA255_A255_fPA1_A9_A9_fPfS1_E6w_tile_3_1_0, i32 %p_ZZ5conv1PA255_A255_fPA1_A9_A9_fPfS1_E6w_tile_3_2_0, i32 %p_ZZ5conv1PA255_A255_fPA1_A9_A9_fPfS1_E6w_tile_3_3_0, i32 %p_ZZ5conv1PA255_A255_fPA1_A9_A9_fPfS1_E6w_tile_3_4_0, i32 %p_ZZ5conv1PA255_A255_fPA1_A9_A9_fPfS1_E6w_tile_3_5_0, i32 %p_ZZ5conv1PA255_A255_fPA1_A9_A9_fPfS1_E6w_tile_3_6_0, i32 %p_ZZ5conv1PA255_A255_fPA1_A9_A9_fPfS1_E6w_tile_3_7_0, i32 %p_ZZ5conv1PA255_A255_fPA1_A9_A9_fPfS1_E6w_tile_3_8_0, i32 %p_ZZ5conv1PA255_A255_fPA1_A9_A9_fPfS1_E6w_tile_4_0_0, i32 %p_ZZ5conv1PA255_A255_fPA1_A9_A9_fPfS1_E6w_tile_4_1_0, i32 %p_ZZ5conv1PA255_A255_fPA1_A9_A9_fPfS1_E6w_tile_4_2_0, i32 %p_ZZ5conv1PA255_A255_fPA1_A9_A9_fPfS1_E6w_tile_4_3_0, i32 %p_ZZ5conv1PA255_A255_fPA1_A9_A9_fPfS1_E6w_tile_4_4_0, i32 %p_ZZ5conv1PA255_A255_fPA1_A9_A9_fPfS1_E6w_tile_4_5_0, i32 %p_ZZ5conv1PA255_A255_fPA1_A9_A9_fPfS1_E6w_tile_4_6_0, i32 %p_ZZ5conv1PA255_A255_fPA1_A9_A9_fPfS1_E6w_tile_4_7_0, i32 %p_ZZ5conv1PA255_A255_fPA1_A9_A9_fPfS1_E6w_tile_4_8_0, i32 %p_ZZ5conv1PA255_A255_fPA1_A9_A9_fPfS1_E6w_tile_5_0_0, i32 %p_ZZ5conv1PA255_A255_fPA1_A9_A9_fPfS1_E6w_tile_5_1_0, i32 %p_ZZ5conv1PA255_A255_fPA1_A9_A9_fPfS1_E6w_tile_5_2_0, i32 %p_ZZ5conv1PA255_A255_fPA1_A9_A9_fPfS1_E6w_tile_5_3_0, i32 %p_ZZ5conv1PA255_A255_fPA1_A9_A9_fPfS1_E6w_tile_5_4_0, i32 %p_ZZ5conv1PA255_A255_fPA1_A9_A9_fPfS1_E6w_tile_5_5_0, i32 %p_ZZ5conv1PA255_A255_fPA1_A9_A9_fPfS1_E6w_tile_5_6_0, i32 %p_ZZ5conv1PA255_A255_fPA1_A9_A9_fPfS1_E6w_tile_5_7_0, i32 %p_ZZ5conv1PA255_A255_fPA1_A9_A9_fPfS1_E6w_tile_5_8_0, i32 %p_ZZ5conv1PA255_A255_fPA1_A9_A9_fPfS1_E6w_tile_6_0_0, i32 %p_ZZ5conv1PA255_A255_fPA1_A9_A9_fPfS1_E6w_tile_6_1_0, i32 %p_ZZ5conv1PA255_A255_fPA1_A9_A9_fPfS1_E6w_tile_6_2_0, i32 %p_ZZ5conv1PA255_A255_fPA1_A9_A9_fPfS1_E6w_tile_6_3_0, i32 %p_ZZ5conv1PA255_A255_fPA1_A9_A9_fPfS1_E6w_tile_6_4_0, i32 %p_ZZ5conv1PA255_A255_fPA1_A9_A9_fPfS1_E6w_tile_6_5_0, i32 %p_ZZ5conv1PA255_A255_fPA1_A9_A9_fPfS1_E6w_tile_6_6_0, i32 %p_ZZ5conv1PA255_A255_fPA1_A9_A9_fPfS1_E6w_tile_6_7_0, i32 %p_ZZ5conv1PA255_A255_fPA1_A9_A9_fPfS1_E6w_tile_6_8_0, i32 %p_ZZ5conv1PA255_A255_fPA1_A9_A9_fPfS1_E6w_tile_7_0_0, i32 %p_ZZ5conv1PA255_A255_fPA1_A9_A9_fPfS1_E6w_tile_7_1_0, i32 %p_ZZ5conv1PA255_A255_fPA1_A9_A9_fPfS1_E6w_tile_7_2_0, i32 %p_ZZ5conv1PA255_A255_fPA1_A9_A9_fPfS1_E6w_tile_7_3_0, i32 %p_ZZ5conv1PA255_A255_fPA1_A9_A9_fPfS1_E6w_tile_7_4_0, i32 %p_ZZ5conv1PA255_A255_fPA1_A9_A9_fPfS1_E6w_tile_7_5_0, i32 %p_ZZ5conv1PA255_A255_fPA1_A9_A9_fPfS1_E6w_tile_7_6_0, i32 %p_ZZ5conv1PA255_A255_fPA1_A9_A9_fPfS1_E6w_tile_7_7_0, i32 %p_ZZ5conv1PA255_A255_fPA1_A9_A9_fPfS1_E6w_tile_7_8_0, i32 %p_ZZ5conv1PA255_A255_fPA1_A9_A9_fPfS1_E6w_tile_8_0_0, i32 %p_ZZ5conv1PA255_A255_fPA1_A9_A9_fPfS1_E6w_tile_8_1_0, i32 %p_ZZ5conv1PA255_A255_fPA1_A9_A9_fPfS1_E6w_tile_8_2_0, i32 %p_ZZ5conv1PA255_A255_fPA1_A9_A9_fPfS1_E6w_tile_8_3_0, i32 %p_ZZ5conv1PA255_A255_fPA1_A9_A9_fPfS1_E6w_tile_8_4_0, i32 %p_ZZ5conv1PA255_A255_fPA1_A9_A9_fPfS1_E6w_tile_8_5_0, i32 %p_ZZ5conv1PA255_A255_fPA1_A9_A9_fPfS1_E6w_tile_8_6_0, i32 %p_ZZ5conv1PA255_A255_fPA1_A9_A9_fPfS1_E6w_tile_8_7_0, i32 %p_ZZ5conv1PA255_A255_fPA1_A9_A9_fPfS1_E6w_tile_8_8_0" [src/conv1.cpp:69]   --->   Operation 538 'call' 'call_ln69' <Predicate = true> <Delay = 0.00> <CoreType = "Generic">   --->   Core 0 '' <Latency = 0> <II = 1> <Delay = 1.00> <Generic> <Opcode : >

State 45 <SV = 44> <Delay = 0.00>
ST_45 : Operation 539 [1/2] (0.00ns)   --->   "%call_ln69 = call void @compute_tile_c1_Pipeline_VITIS_LOOP_71_3, i6 %th_7, i5 %empty_123, i32 %in_tile_1_0_load, i32 %in_tile_1_0_load_1, i32 %in_tile_1_0_load_2, i32 %in_tile_1_0_load_3, i32 %in_tile_1_0_load_4, i32 %in_tile_1_0_load_5, i32 %in_tile_1_0_load_6, i32 %in_tile_1_0_load_7, i32 %in_tile_1_0_load_8, i32 %in_tile_1_0_load_9, i32 %in_tile_1_0_load_10, i32 %in_tile_1_0_load_11, i32 %in_tile_1_0_load_12, i32 %in_tile_1_0_load_13, i32 %in_tile_1_0_load_14, i32 %in_tile_1_0_load_15, i32 %in_tile_1_0_load_16, i32 %in_tile_1_0_load_17, i32 %in_tile_1_0_load_18, i32 %in_tile_1_0_load_19, i32 %in_tile_1_0_load_20, i32 %in_tile_1_0_load_21, i32 %in_tile_1_0_load_22, i32 %in_tile_1_0_load_23, i32 %in_tile_1_0_load_24, i32 %in_tile_1_0_load_25, i32 %in_tile_1_0_load_26, i32 %in_tile_1_0_load_27, i32 %in_tile_1_0_load_28, i32 %in_tile_1_0_load_29, i32 %in_tile_1_0_load_30, i32 %in_tile_1_0_load_31, i32 %in_tile_1_0_load_32, i32 %in_tile_1_0_load_33, i32 %in_tile_1_0_load_34, i32 %in_tile_1_0_load_35, i32 %in_tile_1_0_load_36, i32 %in_tile_1_0_load_37, i32 %in_tile_1_0_load_38, i32 %in_tile_1_0_load_39, i32 %in_tile_1_0_load_40, i32 %in_tile_1_0_load_41, i32 %in_tile_1_0_load_42, i32 %in_tile_1_0_load_43, i32 %in_tile_1_0_load_44, i32 %in_tile_1_0_load_45, i32 %in_tile_1_0_load_46, i32 %in_tile_1_0_load_47, i32 %in_tile_1_0_load_48, i32 %in_tile_1_0_load_49, i32 %in_tile_1_0_load_50, i32 %in_tile_1_0_load_51, i32 %in_tile_1_0_load_52, i32 %in_tile_1_0_load_53, i32 %in_tile_1_0_load_54, i32 %in_tile_1_0_load_55, i32 %in_tile_1_0_load_56, i32 %in_tile_1_0_load_57, i32 %in_tile_1_0_load_58, i32 %in_tile_1_0_load_59, i32 %in_tile_1_0_load_60, i32 %in_tile_1_0_load_61, i32 %in_tile_1_0_load_62, i32 %in_tile_1_0_load_63, i32 %in_tile_1_0_load_64, i32 %in_tile_1_0_load_65, i32 %in_tile_1_0_load_66, i32 %in_tile_1_0_load_67, i32 %in_tile_1_0_load_68, i32 %in_tile_1_0_load_69, i32 %in_tile_1_0_load_70, i32 %in_tile_1_0_load_71, i32 %in_tile_1_0_load_72, i32 %in_tile_1_0_load_73, i32 %in_tile_1_0_load_74, i32 %in_tile_1_0_load_75, i32 %in_tile_1_0_load_76, i32 %in_tile_1_0_load_77, i32 %in_tile_1_0_load_78, i32 %in_tile_1_0_load_79, i32 %in_tile_1_0_load_80, i32 %out_tile_2, i32 %p_ZZ5conv1PA255_A255_fPA1_A9_A9_fPfS1_E6w_tile_0_0_0, i32 %p_ZZ5conv1PA255_A255_fPA1_A9_A9_fPfS1_E6w_tile_0_1_0, i32 %p_ZZ5conv1PA255_A255_fPA1_A9_A9_fPfS1_E6w_tile_0_2_0, i32 %p_ZZ5conv1PA255_A255_fPA1_A9_A9_fPfS1_E6w_tile_0_3_0, i32 %p_ZZ5conv1PA255_A255_fPA1_A9_A9_fPfS1_E6w_tile_0_4_0, i32 %p_ZZ5conv1PA255_A255_fPA1_A9_A9_fPfS1_E6w_tile_0_5_0, i32 %p_ZZ5conv1PA255_A255_fPA1_A9_A9_fPfS1_E6w_tile_0_6_0, i32 %p_ZZ5conv1PA255_A255_fPA1_A9_A9_fPfS1_E6w_tile_0_7_0, i32 %p_ZZ5conv1PA255_A255_fPA1_A9_A9_fPfS1_E6w_tile_0_8_0, i32 %p_ZZ5conv1PA255_A255_fPA1_A9_A9_fPfS1_E6w_tile_1_0_0, i32 %p_ZZ5conv1PA255_A255_fPA1_A9_A9_fPfS1_E6w_tile_1_1_0, i32 %p_ZZ5conv1PA255_A255_fPA1_A9_A9_fPfS1_E6w_tile_1_2_0, i32 %p_ZZ5conv1PA255_A255_fPA1_A9_A9_fPfS1_E6w_tile_1_3_0, i32 %p_ZZ5conv1PA255_A255_fPA1_A9_A9_fPfS1_E6w_tile_1_4_0, i32 %p_ZZ5conv1PA255_A255_fPA1_A9_A9_fPfS1_E6w_tile_1_5_0, i32 %p_ZZ5conv1PA255_A255_fPA1_A9_A9_fPfS1_E6w_tile_1_6_0, i32 %p_ZZ5conv1PA255_A255_fPA1_A9_A9_fPfS1_E6w_tile_1_7_0, i32 %p_ZZ5conv1PA255_A255_fPA1_A9_A9_fPfS1_E6w_tile_1_8_0, i32 %p_ZZ5conv1PA255_A255_fPA1_A9_A9_fPfS1_E6w_tile_2_0_0, i32 %p_ZZ5conv1PA255_A255_fPA1_A9_A9_fPfS1_E6w_tile_2_1_0, i32 %p_ZZ5conv1PA255_A255_fPA1_A9_A9_fPfS1_E6w_tile_2_2_0, i32 %p_ZZ5conv1PA255_A255_fPA1_A9_A9_fPfS1_E6w_tile_2_3_0, i32 %p_ZZ5conv1PA255_A255_fPA1_A9_A9_fPfS1_E6w_tile_2_4_0, i32 %p_ZZ5conv1PA255_A255_fPA1_A9_A9_fPfS1_E6w_tile_2_5_0, i32 %p_ZZ5conv1PA255_A255_fPA1_A9_A9_fPfS1_E6w_tile_2_6_0, i32 %p_ZZ5conv1PA255_A255_fPA1_A9_A9_fPfS1_E6w_tile_2_7_0, i32 %p_ZZ5conv1PA255_A255_fPA1_A9_A9_fPfS1_E6w_tile_2_8_0, i32 %p_ZZ5conv1PA255_A255_fPA1_A9_A9_fPfS1_E6w_tile_3_0_0, i32 %p_ZZ5conv1PA255_A255_fPA1_A9_A9_fPfS1_E6w_tile_3_1_0, i32 %p_ZZ5conv1PA255_A255_fPA1_A9_A9_fPfS1_E6w_tile_3_2_0, i32 %p_ZZ5conv1PA255_A255_fPA1_A9_A9_fPfS1_E6w_tile_3_3_0, i32 %p_ZZ5conv1PA255_A255_fPA1_A9_A9_fPfS1_E6w_tile_3_4_0, i32 %p_ZZ5conv1PA255_A255_fPA1_A9_A9_fPfS1_E6w_tile_3_5_0, i32 %p_ZZ5conv1PA255_A255_fPA1_A9_A9_fPfS1_E6w_tile_3_6_0, i32 %p_ZZ5conv1PA255_A255_fPA1_A9_A9_fPfS1_E6w_tile_3_7_0, i32 %p_ZZ5conv1PA255_A255_fPA1_A9_A9_fPfS1_E6w_tile_3_8_0, i32 %p_ZZ5conv1PA255_A255_fPA1_A9_A9_fPfS1_E6w_tile_4_0_0, i32 %p_ZZ5conv1PA255_A255_fPA1_A9_A9_fPfS1_E6w_tile_4_1_0, i32 %p_ZZ5conv1PA255_A255_fPA1_A9_A9_fPfS1_E6w_tile_4_2_0, i32 %p_ZZ5conv1PA255_A255_fPA1_A9_A9_fPfS1_E6w_tile_4_3_0, i32 %p_ZZ5conv1PA255_A255_fPA1_A9_A9_fPfS1_E6w_tile_4_4_0, i32 %p_ZZ5conv1PA255_A255_fPA1_A9_A9_fPfS1_E6w_tile_4_5_0, i32 %p_ZZ5conv1PA255_A255_fPA1_A9_A9_fPfS1_E6w_tile_4_6_0, i32 %p_ZZ5conv1PA255_A255_fPA1_A9_A9_fPfS1_E6w_tile_4_7_0, i32 %p_ZZ5conv1PA255_A255_fPA1_A9_A9_fPfS1_E6w_tile_4_8_0, i32 %p_ZZ5conv1PA255_A255_fPA1_A9_A9_fPfS1_E6w_tile_5_0_0, i32 %p_ZZ5conv1PA255_A255_fPA1_A9_A9_fPfS1_E6w_tile_5_1_0, i32 %p_ZZ5conv1PA255_A255_fPA1_A9_A9_fPfS1_E6w_tile_5_2_0, i32 %p_ZZ5conv1PA255_A255_fPA1_A9_A9_fPfS1_E6w_tile_5_3_0, i32 %p_ZZ5conv1PA255_A255_fPA1_A9_A9_fPfS1_E6w_tile_5_4_0, i32 %p_ZZ5conv1PA255_A255_fPA1_A9_A9_fPfS1_E6w_tile_5_5_0, i32 %p_ZZ5conv1PA255_A255_fPA1_A9_A9_fPfS1_E6w_tile_5_6_0, i32 %p_ZZ5conv1PA255_A255_fPA1_A9_A9_fPfS1_E6w_tile_5_7_0, i32 %p_ZZ5conv1PA255_A255_fPA1_A9_A9_fPfS1_E6w_tile_5_8_0, i32 %p_ZZ5conv1PA255_A255_fPA1_A9_A9_fPfS1_E6w_tile_6_0_0, i32 %p_ZZ5conv1PA255_A255_fPA1_A9_A9_fPfS1_E6w_tile_6_1_0, i32 %p_ZZ5conv1PA255_A255_fPA1_A9_A9_fPfS1_E6w_tile_6_2_0, i32 %p_ZZ5conv1PA255_A255_fPA1_A9_A9_fPfS1_E6w_tile_6_3_0, i32 %p_ZZ5conv1PA255_A255_fPA1_A9_A9_fPfS1_E6w_tile_6_4_0, i32 %p_ZZ5conv1PA255_A255_fPA1_A9_A9_fPfS1_E6w_tile_6_5_0, i32 %p_ZZ5conv1PA255_A255_fPA1_A9_A9_fPfS1_E6w_tile_6_6_0, i32 %p_ZZ5conv1PA255_A255_fPA1_A9_A9_fPfS1_E6w_tile_6_7_0, i32 %p_ZZ5conv1PA255_A255_fPA1_A9_A9_fPfS1_E6w_tile_6_8_0, i32 %p_ZZ5conv1PA255_A255_fPA1_A9_A9_fPfS1_E6w_tile_7_0_0, i32 %p_ZZ5conv1PA255_A255_fPA1_A9_A9_fPfS1_E6w_tile_7_1_0, i32 %p_ZZ5conv1PA255_A255_fPA1_A9_A9_fPfS1_E6w_tile_7_2_0, i32 %p_ZZ5conv1PA255_A255_fPA1_A9_A9_fPfS1_E6w_tile_7_3_0, i32 %p_ZZ5conv1PA255_A255_fPA1_A9_A9_fPfS1_E6w_tile_7_4_0, i32 %p_ZZ5conv1PA255_A255_fPA1_A9_A9_fPfS1_E6w_tile_7_5_0, i32 %p_ZZ5conv1PA255_A255_fPA1_A9_A9_fPfS1_E6w_tile_7_6_0, i32 %p_ZZ5conv1PA255_A255_fPA1_A9_A9_fPfS1_E6w_tile_7_7_0, i32 %p_ZZ5conv1PA255_A255_fPA1_A9_A9_fPfS1_E6w_tile_7_8_0, i32 %p_ZZ5conv1PA255_A255_fPA1_A9_A9_fPfS1_E6w_tile_8_0_0, i32 %p_ZZ5conv1PA255_A255_fPA1_A9_A9_fPfS1_E6w_tile_8_1_0, i32 %p_ZZ5conv1PA255_A255_fPA1_A9_A9_fPfS1_E6w_tile_8_2_0, i32 %p_ZZ5conv1PA255_A255_fPA1_A9_A9_fPfS1_E6w_tile_8_3_0, i32 %p_ZZ5conv1PA255_A255_fPA1_A9_A9_fPfS1_E6w_tile_8_4_0, i32 %p_ZZ5conv1PA255_A255_fPA1_A9_A9_fPfS1_E6w_tile_8_5_0, i32 %p_ZZ5conv1PA255_A255_fPA1_A9_A9_fPfS1_E6w_tile_8_6_0, i32 %p_ZZ5conv1PA255_A255_fPA1_A9_A9_fPfS1_E6w_tile_8_7_0, i32 %p_ZZ5conv1PA255_A255_fPA1_A9_A9_fPfS1_E6w_tile_8_8_0" [src/conv1.cpp:69]   --->   Operation 539 'call' 'call_ln69' <Predicate = (and_ln70)> <Delay = 0.00> <CoreType = "Generic">   --->   Core 0 '' <Latency = 0> <II = 1> <Delay = 1.00> <Generic> <Opcode : >
ST_45 : Operation 540 [1/1] (0.00ns)   --->   "%br_ln0 = br void %for.inc64"   --->   Operation 540 'br' 'br_ln0' <Predicate = (and_ln70)> <Delay = 0.00>
ST_45 : Operation 541 [1/1] (0.00ns)   --->   "%br_ln69 = br void %for.body4" [src/conv1.cpp:69]   --->   Operation 541 'br' 'br_ln69' <Predicate = true> <Delay = 0.00>


============================================================
+ Verbose Summary: Binding
============================================================
STG Binding: 
---------------- STG Properties BEGIN ----------------
- Is combinational: 0
- Is one-state seq: 0
- Is datapath-only: 0
- Is pipelined: 0
- Is top level: 0
Port [ Return ] is wired: 1; IO mode=ap_ctrl_hs:ce=0
Port [ tW]:  wired=1; compound=0; hidden=0; nouse=0; global=0; static=0; extern=0; dir=0; type=0; pingpong=0; private_global=0; IO mode=ap_none:ce=0
Port [ tH]:  wired=1; compound=0; hidden=0; nouse=0; global=0; static=0; extern=0; dir=0; type=0; pingpong=0; private_global=0; IO mode=ap_none:ce=0
Port [ in_tile_1_0]:  wired=1; compound=1; hidden=0; nouse=0; global=1; static=1; extern=0; dir=0; type=1; pingpong=0; private_global=0; MemPort=[11]; IO mode=ap_memory:ce=0
Port [ out_tile_2]:  wired=1; compound=1; hidden=0; nouse=0; global=1; static=1; extern=0; dir=2; type=1; pingpong=0; private_global=0; MemPort=[01]; IO mode=ap_memory:ce=0
Port [ p_ZZ5conv1PA255_A255_fPA1_A9_A9_fPfS1_E6w_tile_0_0_0]:  wired=1; compound=1; hidden=0; nouse=0; global=1; static=1; extern=0; dir=0; type=1; pingpong=0; private_global=0; MemPort=[13]; IO mode=ap_memory:ce=0
Port [ p_ZZ5conv1PA255_A255_fPA1_A9_A9_fPfS1_E6w_tile_0_1_0]:  wired=1; compound=1; hidden=0; nouse=0; global=1; static=1; extern=0; dir=0; type=1; pingpong=0; private_global=0; MemPort=[13]; IO mode=ap_memory:ce=0
Port [ p_ZZ5conv1PA255_A255_fPA1_A9_A9_fPfS1_E6w_tile_0_2_0]:  wired=1; compound=1; hidden=0; nouse=0; global=1; static=1; extern=0; dir=0; type=1; pingpong=0; private_global=0; MemPort=[13]; IO mode=ap_memory:ce=0
Port [ p_ZZ5conv1PA255_A255_fPA1_A9_A9_fPfS1_E6w_tile_0_3_0]:  wired=1; compound=1; hidden=0; nouse=0; global=1; static=1; extern=0; dir=0; type=1; pingpong=0; private_global=0; MemPort=[13]; IO mode=ap_memory:ce=0
Port [ p_ZZ5conv1PA255_A255_fPA1_A9_A9_fPfS1_E6w_tile_0_4_0]:  wired=1; compound=1; hidden=0; nouse=0; global=1; static=1; extern=0; dir=0; type=1; pingpong=0; private_global=0; MemPort=[13]; IO mode=ap_memory:ce=0
Port [ p_ZZ5conv1PA255_A255_fPA1_A9_A9_fPfS1_E6w_tile_0_5_0]:  wired=1; compound=1; hidden=0; nouse=0; global=1; static=1; extern=0; dir=0; type=1; pingpong=0; private_global=0; MemPort=[13]; IO mode=ap_memory:ce=0
Port [ p_ZZ5conv1PA255_A255_fPA1_A9_A9_fPfS1_E6w_tile_0_6_0]:  wired=1; compound=1; hidden=0; nouse=0; global=1; static=1; extern=0; dir=0; type=1; pingpong=0; private_global=0; MemPort=[13]; IO mode=ap_memory:ce=0
Port [ p_ZZ5conv1PA255_A255_fPA1_A9_A9_fPfS1_E6w_tile_0_7_0]:  wired=1; compound=1; hidden=0; nouse=0; global=1; static=1; extern=0; dir=0; type=1; pingpong=0; private_global=0; MemPort=[13]; IO mode=ap_memory:ce=0
Port [ p_ZZ5conv1PA255_A255_fPA1_A9_A9_fPfS1_E6w_tile_0_8_0]:  wired=1; compound=1; hidden=0; nouse=0; global=1; static=1; extern=0; dir=0; type=1; pingpong=0; private_global=0; MemPort=[13]; IO mode=ap_memory:ce=0
Port [ p_ZZ5conv1PA255_A255_fPA1_A9_A9_fPfS1_E6w_tile_1_0_0]:  wired=1; compound=1; hidden=0; nouse=0; global=1; static=1; extern=0; dir=0; type=1; pingpong=0; private_global=0; MemPort=[13]; IO mode=ap_memory:ce=0
Port [ p_ZZ5conv1PA255_A255_fPA1_A9_A9_fPfS1_E6w_tile_1_1_0]:  wired=1; compound=1; hidden=0; nouse=0; global=1; static=1; extern=0; dir=0; type=1; pingpong=0; private_global=0; MemPort=[13]; IO mode=ap_memory:ce=0
Port [ p_ZZ5conv1PA255_A255_fPA1_A9_A9_fPfS1_E6w_tile_1_2_0]:  wired=1; compound=1; hidden=0; nouse=0; global=1; static=1; extern=0; dir=0; type=1; pingpong=0; private_global=0; MemPort=[13]; IO mode=ap_memory:ce=0
Port [ p_ZZ5conv1PA255_A255_fPA1_A9_A9_fPfS1_E6w_tile_1_3_0]:  wired=1; compound=1; hidden=0; nouse=0; global=1; static=1; extern=0; dir=0; type=1; pingpong=0; private_global=0; MemPort=[13]; IO mode=ap_memory:ce=0
Port [ p_ZZ5conv1PA255_A255_fPA1_A9_A9_fPfS1_E6w_tile_1_4_0]:  wired=1; compound=1; hidden=0; nouse=0; global=1; static=1; extern=0; dir=0; type=1; pingpong=0; private_global=0; MemPort=[13]; IO mode=ap_memory:ce=0
Port [ p_ZZ5conv1PA255_A255_fPA1_A9_A9_fPfS1_E6w_tile_1_5_0]:  wired=1; compound=1; hidden=0; nouse=0; global=1; static=1; extern=0; dir=0; type=1; pingpong=0; private_global=0; MemPort=[13]; IO mode=ap_memory:ce=0
Port [ p_ZZ5conv1PA255_A255_fPA1_A9_A9_fPfS1_E6w_tile_1_6_0]:  wired=1; compound=1; hidden=0; nouse=0; global=1; static=1; extern=0; dir=0; type=1; pingpong=0; private_global=0; MemPort=[13]; IO mode=ap_memory:ce=0
Port [ p_ZZ5conv1PA255_A255_fPA1_A9_A9_fPfS1_E6w_tile_1_7_0]:  wired=1; compound=1; hidden=0; nouse=0; global=1; static=1; extern=0; dir=0; type=1; pingpong=0; private_global=0; MemPort=[13]; IO mode=ap_memory:ce=0
Port [ p_ZZ5conv1PA255_A255_fPA1_A9_A9_fPfS1_E6w_tile_1_8_0]:  wired=1; compound=1; hidden=0; nouse=0; global=1; static=1; extern=0; dir=0; type=1; pingpong=0; private_global=0; MemPort=[13]; IO mode=ap_memory:ce=0
Port [ p_ZZ5conv1PA255_A255_fPA1_A9_A9_fPfS1_E6w_tile_2_0_0]:  wired=1; compound=1; hidden=0; nouse=0; global=1; static=1; extern=0; dir=0; type=1; pingpong=0; private_global=0; MemPort=[13]; IO mode=ap_memory:ce=0
Port [ p_ZZ5conv1PA255_A255_fPA1_A9_A9_fPfS1_E6w_tile_2_1_0]:  wired=1; compound=1; hidden=0; nouse=0; global=1; static=1; extern=0; dir=0; type=1; pingpong=0; private_global=0; MemPort=[13]; IO mode=ap_memory:ce=0
Port [ p_ZZ5conv1PA255_A255_fPA1_A9_A9_fPfS1_E6w_tile_2_2_0]:  wired=1; compound=1; hidden=0; nouse=0; global=1; static=1; extern=0; dir=0; type=1; pingpong=0; private_global=0; MemPort=[13]; IO mode=ap_memory:ce=0
Port [ p_ZZ5conv1PA255_A255_fPA1_A9_A9_fPfS1_E6w_tile_2_3_0]:  wired=1; compound=1; hidden=0; nouse=0; global=1; static=1; extern=0; dir=0; type=1; pingpong=0; private_global=0; MemPort=[13]; IO mode=ap_memory:ce=0
Port [ p_ZZ5conv1PA255_A255_fPA1_A9_A9_fPfS1_E6w_tile_2_4_0]:  wired=1; compound=1; hidden=0; nouse=0; global=1; static=1; extern=0; dir=0; type=1; pingpong=0; private_global=0; MemPort=[13]; IO mode=ap_memory:ce=0
Port [ p_ZZ5conv1PA255_A255_fPA1_A9_A9_fPfS1_E6w_tile_2_5_0]:  wired=1; compound=1; hidden=0; nouse=0; global=1; static=1; extern=0; dir=0; type=1; pingpong=0; private_global=0; MemPort=[13]; IO mode=ap_memory:ce=0
Port [ p_ZZ5conv1PA255_A255_fPA1_A9_A9_fPfS1_E6w_tile_2_6_0]:  wired=1; compound=1; hidden=0; nouse=0; global=1; static=1; extern=0; dir=0; type=1; pingpong=0; private_global=0; MemPort=[13]; IO mode=ap_memory:ce=0
Port [ p_ZZ5conv1PA255_A255_fPA1_A9_A9_fPfS1_E6w_tile_2_7_0]:  wired=1; compound=1; hidden=0; nouse=0; global=1; static=1; extern=0; dir=0; type=1; pingpong=0; private_global=0; MemPort=[13]; IO mode=ap_memory:ce=0
Port [ p_ZZ5conv1PA255_A255_fPA1_A9_A9_fPfS1_E6w_tile_2_8_0]:  wired=1; compound=1; hidden=0; nouse=0; global=1; static=1; extern=0; dir=0; type=1; pingpong=0; private_global=0; MemPort=[13]; IO mode=ap_memory:ce=0
Port [ p_ZZ5conv1PA255_A255_fPA1_A9_A9_fPfS1_E6w_tile_3_0_0]:  wired=1; compound=1; hidden=0; nouse=0; global=1; static=1; extern=0; dir=0; type=1; pingpong=0; private_global=0; MemPort=[13]; IO mode=ap_memory:ce=0
Port [ p_ZZ5conv1PA255_A255_fPA1_A9_A9_fPfS1_E6w_tile_3_1_0]:  wired=1; compound=1; hidden=0; nouse=0; global=1; static=1; extern=0; dir=0; type=1; pingpong=0; private_global=0; MemPort=[13]; IO mode=ap_memory:ce=0
Port [ p_ZZ5conv1PA255_A255_fPA1_A9_A9_fPfS1_E6w_tile_3_2_0]:  wired=1; compound=1; hidden=0; nouse=0; global=1; static=1; extern=0; dir=0; type=1; pingpong=0; private_global=0; MemPort=[13]; IO mode=ap_memory:ce=0
Port [ p_ZZ5conv1PA255_A255_fPA1_A9_A9_fPfS1_E6w_tile_3_3_0]:  wired=1; compound=1; hidden=0; nouse=0; global=1; static=1; extern=0; dir=0; type=1; pingpong=0; private_global=0; MemPort=[13]; IO mode=ap_memory:ce=0
Port [ p_ZZ5conv1PA255_A255_fPA1_A9_A9_fPfS1_E6w_tile_3_4_0]:  wired=1; compound=1; hidden=0; nouse=0; global=1; static=1; extern=0; dir=0; type=1; pingpong=0; private_global=0; MemPort=[13]; IO mode=ap_memory:ce=0
Port [ p_ZZ5conv1PA255_A255_fPA1_A9_A9_fPfS1_E6w_tile_3_5_0]:  wired=1; compound=1; hidden=0; nouse=0; global=1; static=1; extern=0; dir=0; type=1; pingpong=0; private_global=0; MemPort=[13]; IO mode=ap_memory:ce=0
Port [ p_ZZ5conv1PA255_A255_fPA1_A9_A9_fPfS1_E6w_tile_3_6_0]:  wired=1; compound=1; hidden=0; nouse=0; global=1; static=1; extern=0; dir=0; type=1; pingpong=0; private_global=0; MemPort=[13]; IO mode=ap_memory:ce=0
Port [ p_ZZ5conv1PA255_A255_fPA1_A9_A9_fPfS1_E6w_tile_3_7_0]:  wired=1; compound=1; hidden=0; nouse=0; global=1; static=1; extern=0; dir=0; type=1; pingpong=0; private_global=0; MemPort=[13]; IO mode=ap_memory:ce=0
Port [ p_ZZ5conv1PA255_A255_fPA1_A9_A9_fPfS1_E6w_tile_3_8_0]:  wired=1; compound=1; hidden=0; nouse=0; global=1; static=1; extern=0; dir=0; type=1; pingpong=0; private_global=0; MemPort=[13]; IO mode=ap_memory:ce=0
Port [ p_ZZ5conv1PA255_A255_fPA1_A9_A9_fPfS1_E6w_tile_4_0_0]:  wired=1; compound=1; hidden=0; nouse=0; global=1; static=1; extern=0; dir=0; type=1; pingpong=0; private_global=0; MemPort=[13]; IO mode=ap_memory:ce=0
Port [ p_ZZ5conv1PA255_A255_fPA1_A9_A9_fPfS1_E6w_tile_4_1_0]:  wired=1; compound=1; hidden=0; nouse=0; global=1; static=1; extern=0; dir=0; type=1; pingpong=0; private_global=0; MemPort=[13]; IO mode=ap_memory:ce=0
Port [ p_ZZ5conv1PA255_A255_fPA1_A9_A9_fPfS1_E6w_tile_4_2_0]:  wired=1; compound=1; hidden=0; nouse=0; global=1; static=1; extern=0; dir=0; type=1; pingpong=0; private_global=0; MemPort=[13]; IO mode=ap_memory:ce=0
Port [ p_ZZ5conv1PA255_A255_fPA1_A9_A9_fPfS1_E6w_tile_4_3_0]:  wired=1; compound=1; hidden=0; nouse=0; global=1; static=1; extern=0; dir=0; type=1; pingpong=0; private_global=0; MemPort=[13]; IO mode=ap_memory:ce=0
Port [ p_ZZ5conv1PA255_A255_fPA1_A9_A9_fPfS1_E6w_tile_4_4_0]:  wired=1; compound=1; hidden=0; nouse=0; global=1; static=1; extern=0; dir=0; type=1; pingpong=0; private_global=0; MemPort=[13]; IO mode=ap_memory:ce=0
Port [ p_ZZ5conv1PA255_A255_fPA1_A9_A9_fPfS1_E6w_tile_4_5_0]:  wired=1; compound=1; hidden=0; nouse=0; global=1; static=1; extern=0; dir=0; type=1; pingpong=0; private_global=0; MemPort=[13]; IO mode=ap_memory:ce=0
Port [ p_ZZ5conv1PA255_A255_fPA1_A9_A9_fPfS1_E6w_tile_4_6_0]:  wired=1; compound=1; hidden=0; nouse=0; global=1; static=1; extern=0; dir=0; type=1; pingpong=0; private_global=0; MemPort=[13]; IO mode=ap_memory:ce=0
Port [ p_ZZ5conv1PA255_A255_fPA1_A9_A9_fPfS1_E6w_tile_4_7_0]:  wired=1; compound=1; hidden=0; nouse=0; global=1; static=1; extern=0; dir=0; type=1; pingpong=0; private_global=0; MemPort=[13]; IO mode=ap_memory:ce=0
Port [ p_ZZ5conv1PA255_A255_fPA1_A9_A9_fPfS1_E6w_tile_4_8_0]:  wired=1; compound=1; hidden=0; nouse=0; global=1; static=1; extern=0; dir=0; type=1; pingpong=0; private_global=0; MemPort=[13]; IO mode=ap_memory:ce=0
Port [ p_ZZ5conv1PA255_A255_fPA1_A9_A9_fPfS1_E6w_tile_5_0_0]:  wired=1; compound=1; hidden=0; nouse=0; global=1; static=1; extern=0; dir=0; type=1; pingpong=0; private_global=0; MemPort=[13]; IO mode=ap_memory:ce=0
Port [ p_ZZ5conv1PA255_A255_fPA1_A9_A9_fPfS1_E6w_tile_5_1_0]:  wired=1; compound=1; hidden=0; nouse=0; global=1; static=1; extern=0; dir=0; type=1; pingpong=0; private_global=0; MemPort=[13]; IO mode=ap_memory:ce=0
Port [ p_ZZ5conv1PA255_A255_fPA1_A9_A9_fPfS1_E6w_tile_5_2_0]:  wired=1; compound=1; hidden=0; nouse=0; global=1; static=1; extern=0; dir=0; type=1; pingpong=0; private_global=0; MemPort=[13]; IO mode=ap_memory:ce=0
Port [ p_ZZ5conv1PA255_A255_fPA1_A9_A9_fPfS1_E6w_tile_5_3_0]:  wired=1; compound=1; hidden=0; nouse=0; global=1; static=1; extern=0; dir=0; type=1; pingpong=0; private_global=0; MemPort=[13]; IO mode=ap_memory:ce=0
Port [ p_ZZ5conv1PA255_A255_fPA1_A9_A9_fPfS1_E6w_tile_5_4_0]:  wired=1; compound=1; hidden=0; nouse=0; global=1; static=1; extern=0; dir=0; type=1; pingpong=0; private_global=0; MemPort=[13]; IO mode=ap_memory:ce=0
Port [ p_ZZ5conv1PA255_A255_fPA1_A9_A9_fPfS1_E6w_tile_5_5_0]:  wired=1; compound=1; hidden=0; nouse=0; global=1; static=1; extern=0; dir=0; type=1; pingpong=0; private_global=0; MemPort=[13]; IO mode=ap_memory:ce=0
Port [ p_ZZ5conv1PA255_A255_fPA1_A9_A9_fPfS1_E6w_tile_5_6_0]:  wired=1; compound=1; hidden=0; nouse=0; global=1; static=1; extern=0; dir=0; type=1; pingpong=0; private_global=0; MemPort=[13]; IO mode=ap_memory:ce=0
Port [ p_ZZ5conv1PA255_A255_fPA1_A9_A9_fPfS1_E6w_tile_5_7_0]:  wired=1; compound=1; hidden=0; nouse=0; global=1; static=1; extern=0; dir=0; type=1; pingpong=0; private_global=0; MemPort=[13]; IO mode=ap_memory:ce=0
Port [ p_ZZ5conv1PA255_A255_fPA1_A9_A9_fPfS1_E6w_tile_5_8_0]:  wired=1; compound=1; hidden=0; nouse=0; global=1; static=1; extern=0; dir=0; type=1; pingpong=0; private_global=0; MemPort=[13]; IO mode=ap_memory:ce=0
Port [ p_ZZ5conv1PA255_A255_fPA1_A9_A9_fPfS1_E6w_tile_6_0_0]:  wired=1; compound=1; hidden=0; nouse=0; global=1; static=1; extern=0; dir=0; type=1; pingpong=0; private_global=0; MemPort=[13]; IO mode=ap_memory:ce=0
Port [ p_ZZ5conv1PA255_A255_fPA1_A9_A9_fPfS1_E6w_tile_6_1_0]:  wired=1; compound=1; hidden=0; nouse=0; global=1; static=1; extern=0; dir=0; type=1; pingpong=0; private_global=0; MemPort=[13]; IO mode=ap_memory:ce=0
Port [ p_ZZ5conv1PA255_A255_fPA1_A9_A9_fPfS1_E6w_tile_6_2_0]:  wired=1; compound=1; hidden=0; nouse=0; global=1; static=1; extern=0; dir=0; type=1; pingpong=0; private_global=0; MemPort=[13]; IO mode=ap_memory:ce=0
Port [ p_ZZ5conv1PA255_A255_fPA1_A9_A9_fPfS1_E6w_tile_6_3_0]:  wired=1; compound=1; hidden=0; nouse=0; global=1; static=1; extern=0; dir=0; type=1; pingpong=0; private_global=0; MemPort=[13]; IO mode=ap_memory:ce=0
Port [ p_ZZ5conv1PA255_A255_fPA1_A9_A9_fPfS1_E6w_tile_6_4_0]:  wired=1; compound=1; hidden=0; nouse=0; global=1; static=1; extern=0; dir=0; type=1; pingpong=0; private_global=0; MemPort=[13]; IO mode=ap_memory:ce=0
Port [ p_ZZ5conv1PA255_A255_fPA1_A9_A9_fPfS1_E6w_tile_6_5_0]:  wired=1; compound=1; hidden=0; nouse=0; global=1; static=1; extern=0; dir=0; type=1; pingpong=0; private_global=0; MemPort=[13]; IO mode=ap_memory:ce=0
Port [ p_ZZ5conv1PA255_A255_fPA1_A9_A9_fPfS1_E6w_tile_6_6_0]:  wired=1; compound=1; hidden=0; nouse=0; global=1; static=1; extern=0; dir=0; type=1; pingpong=0; private_global=0; MemPort=[13]; IO mode=ap_memory:ce=0
Port [ p_ZZ5conv1PA255_A255_fPA1_A9_A9_fPfS1_E6w_tile_6_7_0]:  wired=1; compound=1; hidden=0; nouse=0; global=1; static=1; extern=0; dir=0; type=1; pingpong=0; private_global=0; MemPort=[13]; IO mode=ap_memory:ce=0
Port [ p_ZZ5conv1PA255_A255_fPA1_A9_A9_fPfS1_E6w_tile_6_8_0]:  wired=1; compound=1; hidden=0; nouse=0; global=1; static=1; extern=0; dir=0; type=1; pingpong=0; private_global=0; MemPort=[13]; IO mode=ap_memory:ce=0
Port [ p_ZZ5conv1PA255_A255_fPA1_A9_A9_fPfS1_E6w_tile_7_0_0]:  wired=1; compound=1; hidden=0; nouse=0; global=1; static=1; extern=0; dir=0; type=1; pingpong=0; private_global=0; MemPort=[13]; IO mode=ap_memory:ce=0
Port [ p_ZZ5conv1PA255_A255_fPA1_A9_A9_fPfS1_E6w_tile_7_1_0]:  wired=1; compound=1; hidden=0; nouse=0; global=1; static=1; extern=0; dir=0; type=1; pingpong=0; private_global=0; MemPort=[13]; IO mode=ap_memory:ce=0
Port [ p_ZZ5conv1PA255_A255_fPA1_A9_A9_fPfS1_E6w_tile_7_2_0]:  wired=1; compound=1; hidden=0; nouse=0; global=1; static=1; extern=0; dir=0; type=1; pingpong=0; private_global=0; MemPort=[13]; IO mode=ap_memory:ce=0
Port [ p_ZZ5conv1PA255_A255_fPA1_A9_A9_fPfS1_E6w_tile_7_3_0]:  wired=1; compound=1; hidden=0; nouse=0; global=1; static=1; extern=0; dir=0; type=1; pingpong=0; private_global=0; MemPort=[13]; IO mode=ap_memory:ce=0
Port [ p_ZZ5conv1PA255_A255_fPA1_A9_A9_fPfS1_E6w_tile_7_4_0]:  wired=1; compound=1; hidden=0; nouse=0; global=1; static=1; extern=0; dir=0; type=1; pingpong=0; private_global=0; MemPort=[13]; IO mode=ap_memory:ce=0
Port [ p_ZZ5conv1PA255_A255_fPA1_A9_A9_fPfS1_E6w_tile_7_5_0]:  wired=1; compound=1; hidden=0; nouse=0; global=1; static=1; extern=0; dir=0; type=1; pingpong=0; private_global=0; MemPort=[13]; IO mode=ap_memory:ce=0
Port [ p_ZZ5conv1PA255_A255_fPA1_A9_A9_fPfS1_E6w_tile_7_6_0]:  wired=1; compound=1; hidden=0; nouse=0; global=1; static=1; extern=0; dir=0; type=1; pingpong=0; private_global=0; MemPort=[13]; IO mode=ap_memory:ce=0
Port [ p_ZZ5conv1PA255_A255_fPA1_A9_A9_fPfS1_E6w_tile_7_7_0]:  wired=1; compound=1; hidden=0; nouse=0; global=1; static=1; extern=0; dir=0; type=1; pingpong=0; private_global=0; MemPort=[13]; IO mode=ap_memory:ce=0
Port [ p_ZZ5conv1PA255_A255_fPA1_A9_A9_fPfS1_E6w_tile_7_8_0]:  wired=1; compound=1; hidden=0; nouse=0; global=1; static=1; extern=0; dir=0; type=1; pingpong=0; private_global=0; MemPort=[13]; IO mode=ap_memory:ce=0
Port [ p_ZZ5conv1PA255_A255_fPA1_A9_A9_fPfS1_E6w_tile_8_0_0]:  wired=1; compound=1; hidden=0; nouse=0; global=1; static=1; extern=0; dir=0; type=1; pingpong=0; private_global=0; MemPort=[13]; IO mode=ap_memory:ce=0
Port [ p_ZZ5conv1PA255_A255_fPA1_A9_A9_fPfS1_E6w_tile_8_1_0]:  wired=1; compound=1; hidden=0; nouse=0; global=1; static=1; extern=0; dir=0; type=1; pingpong=0; private_global=0; MemPort=[13]; IO mode=ap_memory:ce=0
Port [ p_ZZ5conv1PA255_A255_fPA1_A9_A9_fPfS1_E6w_tile_8_2_0]:  wired=1; compound=1; hidden=0; nouse=0; global=1; static=1; extern=0; dir=0; type=1; pingpong=0; private_global=0; MemPort=[13]; IO mode=ap_memory:ce=0
Port [ p_ZZ5conv1PA255_A255_fPA1_A9_A9_fPfS1_E6w_tile_8_3_0]:  wired=1; compound=1; hidden=0; nouse=0; global=1; static=1; extern=0; dir=0; type=1; pingpong=0; private_global=0; MemPort=[13]; IO mode=ap_memory:ce=0
Port [ p_ZZ5conv1PA255_A255_fPA1_A9_A9_fPfS1_E6w_tile_8_4_0]:  wired=1; compound=1; hidden=0; nouse=0; global=1; static=1; extern=0; dir=0; type=1; pingpong=0; private_global=0; MemPort=[13]; IO mode=ap_memory:ce=0
Port [ p_ZZ5conv1PA255_A255_fPA1_A9_A9_fPfS1_E6w_tile_8_5_0]:  wired=1; compound=1; hidden=0; nouse=0; global=1; static=1; extern=0; dir=0; type=1; pingpong=0; private_global=0; MemPort=[13]; IO mode=ap_memory:ce=0
Port [ p_ZZ5conv1PA255_A255_fPA1_A9_A9_fPfS1_E6w_tile_8_6_0]:  wired=1; compound=1; hidden=0; nouse=0; global=1; static=1; extern=0; dir=0; type=1; pingpong=0; private_global=0; MemPort=[13]; IO mode=ap_memory:ce=0
Port [ p_ZZ5conv1PA255_A255_fPA1_A9_A9_fPfS1_E6w_tile_8_7_0]:  wired=1; compound=1; hidden=0; nouse=0; global=1; static=1; extern=0; dir=0; type=1; pingpong=0; private_global=0; MemPort=[13]; IO mode=ap_memory:ce=0
Port [ p_ZZ5conv1PA255_A255_fPA1_A9_A9_fPfS1_E6w_tile_8_8_0]:  wired=1; compound=1; hidden=0; nouse=0; global=1; static=1; extern=0; dir=0; type=1; pingpong=0; private_global=0; MemPort=[13]; IO mode=ap_memory:ce=0
---------------- STG Properties END ------------------

---------------- Datapath Model BEGIN ----------------

<LifeTime>
<method=bitvector/>
th                     (alloca           ) [ 0111111111111111111111111111111111111111111111]
tH_read                (read             ) [ 0011111111111111111111111111111111111111111111]
tW_read                (read             ) [ 0011111111111111111111111111111111111111111111]
store_ln68             (store            ) [ 0000000000000000000000000000000000000000000000]
br_ln68                (br               ) [ 0000000000000000000000000000000000000000000000]
th_7                   (load             ) [ 0001111111111111111111111111111111111111111111]
tmp                    (bitconcatenate   ) [ 0000000000000000000000000000000000000000000000]
tmp_s                  (bitconcatenate   ) [ 0000000000000000000000000000000000000000000000]
tmp_167_cast           (zext             ) [ 0000000000000000000000000000000000000000000000]
empty                  (add              ) [ 0001111111111111111111111111111111111111111111]
zext_ln68              (zext             ) [ 0000000000000000000000000000000000000000000000]
icmp_ln68              (icmp             ) [ 0011111111111111111111111111111111111111111111]
indvars_iv_next82      (add              ) [ 0001111111111111111111111111111111111111111111]
br_ln68                (br               ) [ 0000000000000000000000000000000000000000000000]
speclooptripcount_ln68 (speclooptripcount) [ 0000000000000000000000000000000000000000000000]
specloopname_ln68      (specloopname     ) [ 0000000000000000000000000000000000000000000000]
cmp5                   (icmp             ) [ 0001111111111111111111111111111111111111111111]
tmp_154                (bitconcatenate   ) [ 0000000000000000000000000000000000000000000000]
tmp_155                (bitconcatenate   ) [ 0000000000000000000000000000000000000000000000]
tmp_169_cast           (zext             ) [ 0000000000000000000000000000000000000000000000]
empty_108              (add              ) [ 0001111111111111111111111111111111111111111111]
empty_109              (add              ) [ 0000000000000000000000000000000000000000000000]
tmp_156                (bitconcatenate   ) [ 0000000000000000000000000000000000000000000000]
tmp_157                (bitconcatenate   ) [ 0000000000000000000000000000000000000000000000]
tmp_171_cast           (zext             ) [ 0000000000000000000000000000000000000000000000]
empty_110              (add              ) [ 0001111111111111111111111111111111111111111111]
empty_111              (add              ) [ 0000000000000000000000000000000000000000000000]
tmp_158                (bitconcatenate   ) [ 0000000000000000000000000000000000000000000000]
tmp_159                (bitconcatenate   ) [ 0000000000000000000000000000000000000000000000]
tmp_173_cast           (zext             ) [ 0000000000000000000000000000000000000000000000]
empty_112              (add              ) [ 0001111111111111111111111111111111111111111111]
empty_113              (add              ) [ 0000000000000000000000000000000000000000000000]
tmp_160                (bitconcatenate   ) [ 0000000000000000000000000000000000000000000000]
tmp_161                (bitconcatenate   ) [ 0000000000000000000000000000000000000000000000]
tmp_175_cast           (zext             ) [ 0000000000000000000000000000000000000000000000]
empty_114              (add              ) [ 0001111111111111111111111111111111111111111111]
empty_115              (add              ) [ 0000000000000000000000000000000000000000000000]
tmp_162                (bitconcatenate   ) [ 0000000000000000000000000000000000000000000000]
tmp_163                (bitconcatenate   ) [ 0000000000000000000000000000000000000000000000]
tmp_177_cast           (zext             ) [ 0000000000000000000000000000000000000000000000]
empty_116              (add              ) [ 0001111111111111111111111111111111111111111111]
empty_117              (add              ) [ 0000000000000000000000000000000000000000000000]
tmp_164                (bitconcatenate   ) [ 0000000000000000000000000000000000000000000000]
tmp_165                (bitconcatenate   ) [ 0000000000000000000000000000000000000000000000]
tmp_179_cast           (zext             ) [ 0000000000000000000000000000000000000000000000]
empty_118              (add              ) [ 0001111111111111111111111111111111111111111111]
empty_119              (add              ) [ 0000000000000000000000000000000000000000000000]
tmp_166                (bitconcatenate   ) [ 0000000000000000000000000000000000000000000000]
tmp_167                (bitconcatenate   ) [ 0000000000000000000000000000000000000000000000]
tmp_181_cast           (zext             ) [ 0000000000000000000000000000000000000000000000]
empty_120              (add              ) [ 0001111111111111111111111111111111111111111111]
empty_121              (add              ) [ 0000000000000000000000000000000000000000000000]
tmp_168                (bitconcatenate   ) [ 0000000000000000000000000000000000000000000000]
tmp_169                (bitconcatenate   ) [ 0000000000000000000000000000000000000000000000]
tmp_183_cast           (zext             ) [ 0000000000000000000000000000000000000000000000]
empty_122              (add              ) [ 0001111111111111111111111111111111111111111111]
br_ln69                (br               ) [ 0011111111111111111111111111111111111111111111]
ret_ln83               (ret              ) [ 0000000000000000000000000000000000000000000000]
tw                     (phi              ) [ 0001111100000000000000000000000000000000000000]
empty_123              (trunc            ) [ 0000111111111111111111111111111111111111111111]
tw_cast                (zext             ) [ 0000000000000000000000000000000000000000000000]
empty_124              (add              ) [ 0000000000000000000000000000000000000000000000]
p_cast1000             (zext             ) [ 0000000000000000000000000000000000000000000000]
in_tile_1_0_addr       (getelementptr    ) [ 0000100000000000000000000000000000000000000000]
empty_125              (add              ) [ 0000000000000000000000000000000000000000000000]
p_cast1001             (zext             ) [ 0000000000000000000000000000000000000000000000]
in_tile_1_0_addr_9     (getelementptr    ) [ 0000111111000000000000000000000000000000000000]
empty_126              (add              ) [ 0000000000000000000000000000000000000000000000]
p_cast1002             (zext             ) [ 0000000000000000000000000000000000000000000000]
in_tile_1_0_addr_18    (getelementptr    ) [ 0000111111111100000000000000000000000000000000]
empty_127              (add              ) [ 0000000000000000000000000000000000000000000000]
p_cast1003             (zext             ) [ 0000000000000000000000000000000000000000000000]
in_tile_1_0_addr_27    (getelementptr    ) [ 0000111111111111111000000000000000000000000000]
empty_128              (add              ) [ 0000000000000000000000000000000000000000000000]
p_cast1004             (zext             ) [ 0000000000000000000000000000000000000000000000]
in_tile_1_0_addr_36    (getelementptr    ) [ 0000111111111111111111100000000000000000000000]
empty_129              (add              ) [ 0000000000000000000000000000000000000000000000]
p_cast1005             (zext             ) [ 0000000000000000000000000000000000000000000000]
in_tile_1_0_addr_45    (getelementptr    ) [ 0000111111111111111111111111000000000000000000]
empty_130              (add              ) [ 0000000000000000000000000000000000000000000000]
p_cast1006             (zext             ) [ 0000000000000000000000000000000000000000000000]
in_tile_1_0_addr_54    (getelementptr    ) [ 0000111111111111111111111111111100000000000000]
empty_131              (add              ) [ 0000000000000000000000000000000000000000000000]
p_cast1007             (zext             ) [ 0000000000000000000000000000000000000000000000]
in_tile_1_0_addr_63    (getelementptr    ) [ 0000111111111111111111111111111111111000000000]
empty_132              (add              ) [ 0000000000000000000000000000000000000000000000]
p_cast1008             (zext             ) [ 0000000000000000000000000000000000000000000000]
in_tile_1_0_addr_72    (getelementptr    ) [ 0000111111111111111111111111111111111111100000]
zext_ln69              (zext             ) [ 0000000000000000000000000000000000000000000000]
icmp_ln69              (icmp             ) [ 0011111111111111111111111111111111111111111111]
add_ln69               (add              ) [ 0011111111111111111111111111111111111111111111]
br_ln69                (br               ) [ 0000000000000000000000000000000000000000000000]
speclooptripcount_ln69 (speclooptripcount) [ 0000000000000000000000000000000000000000000000]
specloopname_ln69      (specloopname     ) [ 0000000000000000000000000000000000000000000000]
icmp_ln70              (icmp             ) [ 0000000000000000000000000000000000000000000000]
and_ln70               (and              ) [ 0011111111111111111111111111111111111111111111]
add_ln69_cast          (zext             ) [ 0000000000000000000000000000000000000000000000]
empty_133              (add              ) [ 0000000000000000000000000000000000000000000000]
p_cast1009             (zext             ) [ 0000000000000000000000000000000000000000000000]
in_tile_1_0_addr_1     (getelementptr    ) [ 0000110000000000000000000000000000000000000000]
empty_134              (add              ) [ 0000000000000000000000000000000000000000000000]
p_cast1010             (zext             ) [ 0000000000000000000000000000000000000000000000]
in_tile_1_0_addr_10    (getelementptr    ) [ 0000111111000000000000000000000000000000000000]
empty_135              (add              ) [ 0000000000000000000000000000000000000000000000]
p_cast1011             (zext             ) [ 0000000000000000000000000000000000000000000000]
in_tile_1_0_addr_19    (getelementptr    ) [ 0000111111111110000000000000000000000000000000]
empty_136              (add              ) [ 0000000000000000000000000000000000000000000000]
p_cast1012             (zext             ) [ 0000000000000000000000000000000000000000000000]
in_tile_1_0_addr_28    (getelementptr    ) [ 0000111111111111111000000000000000000000000000]
empty_137              (add              ) [ 0000000000000000000000000000000000000000000000]
p_cast1013             (zext             ) [ 0000000000000000000000000000000000000000000000]
in_tile_1_0_addr_37    (getelementptr    ) [ 0000111111111111111111110000000000000000000000]
empty_138              (add              ) [ 0000000000000000000000000000000000000000000000]
p_cast1014             (zext             ) [ 0000000000000000000000000000000000000000000000]
in_tile_1_0_addr_46    (getelementptr    ) [ 0000111111111111111111111111000000000000000000]
empty_139              (add              ) [ 0000000000000000000000000000000000000000000000]
p_cast1015             (zext             ) [ 0000000000000000000000000000000000000000000000]
in_tile_1_0_addr_55    (getelementptr    ) [ 0000111111111111111111111111111110000000000000]
empty_140              (add              ) [ 0000000000000000000000000000000000000000000000]
p_cast1016             (zext             ) [ 0000000000000000000000000000000000000000000000]
in_tile_1_0_addr_64    (getelementptr    ) [ 0000111111111111111111111111111111111000000000]
empty_141              (add              ) [ 0000000000000000000000000000000000000000000000]
p_cast1017             (zext             ) [ 0000000000000000000000000000000000000000000000]
in_tile_1_0_addr_73    (getelementptr    ) [ 0000111111111111111111111111111111111111110000]
br_ln70                (br               ) [ 0000000000000000000000000000000000000000000000]
store_ln68             (store            ) [ 0000000000000000000000000000000000000000000000]
br_ln68                (br               ) [ 0000000000000000000000000000000000000000000000]
empty_142              (add              ) [ 0000000000000000000000000000000000000000000000]
p_cast                 (zext             ) [ 0000011111111111111111111111111111111110000000]
empty_143              (add              ) [ 0000000000000000000000000000000000000000000000]
p_cast1018             (zext             ) [ 0000000000000000000000000000000000000000000000]
in_tile_1_0_addr_2     (getelementptr    ) [ 0000010000000000000000000000000000000000000000]
in_tile_1_0_load       (load             ) [ 0011011111111111111111111111111111111111111111]
empty_152              (add              ) [ 0000000000000000000000000000000000000000000000]
p_cast993              (zext             ) [ 0000001111111111111111111111111111111110000000]
empty_153              (add              ) [ 0000000000000000000000000000000000000000000000]
p_cast1027             (zext             ) [ 0000000000000000000000000000000000000000000000]
in_tile_1_0_addr_3     (getelementptr    ) [ 0000001000000000000000000000000000000000000000]
empty_162              (add              ) [ 0000000000000000000000000000000000000000000000]
p_cast994              (zext             ) [ 0000001111111111111111111111111111111110000000]
empty_163              (add              ) [ 0000000000000000000000000000000000000000000000]
p_cast1036             (zext             ) [ 0000000000000000000000000000000000000000000000]
in_tile_1_0_addr_4     (getelementptr    ) [ 0000001000000000000000000000000000000000000000]
in_tile_1_0_load_1     (load             ) [ 0011001111111111111111111111111111111111111111]
in_tile_1_0_load_2     (load             ) [ 0011001111111111111111111111111111111111111111]
empty_172              (add              ) [ 0000000000000000000000000000000000000000000000]
p_cast995              (zext             ) [ 0000000111111111111111111111111111111110000000]
empty_173              (add              ) [ 0000000000000000000000000000000000000000000000]
p_cast1045             (zext             ) [ 0000000000000000000000000000000000000000000000]
in_tile_1_0_addr_5     (getelementptr    ) [ 0000000100000000000000000000000000000000000000]
empty_182              (add              ) [ 0000000000000000000000000000000000000000000000]
p_cast996              (zext             ) [ 0000000111111111111111111111111111111110000000]
empty_183              (add              ) [ 0000000000000000000000000000000000000000000000]
p_cast1054             (zext             ) [ 0000000000000000000000000000000000000000000000]
in_tile_1_0_addr_6     (getelementptr    ) [ 0000000100000000000000000000000000000000000000]
in_tile_1_0_load_3     (load             ) [ 0011000111111111111111111111111111111111111111]
in_tile_1_0_load_4     (load             ) [ 0011000111111111111111111111111111111111111111]
empty_192              (add              ) [ 0000000000000000000000000000000000000000000000]
p_cast997              (zext             ) [ 0000000011111111111111111111111111111110000000]
empty_193              (add              ) [ 0000000000000000000000000000000000000000000000]
p_cast1063             (zext             ) [ 0000000000000000000000000000000000000000000000]
in_tile_1_0_addr_7     (getelementptr    ) [ 0000000010000000000000000000000000000000000000]
empty_202              (add              ) [ 0000000000000000000000000000000000000000000000]
p_cast998              (zext             ) [ 0000000011111111111111111111111111111110000000]
empty_203              (add              ) [ 0000000000000000000000000000000000000000000000]
p_cast1072             (zext             ) [ 0000000000000000000000000000000000000000000000]
in_tile_1_0_addr_8     (getelementptr    ) [ 0000000010000000000000000000000000000000000000]
in_tile_1_0_load_5     (load             ) [ 0011000011111111111111111111111111111111111111]
in_tile_1_0_load_6     (load             ) [ 0011000011111111111111111111111111111111111111]
in_tile_1_0_load_7     (load             ) [ 0011000001111111111111111111111111111111111111]
in_tile_1_0_load_8     (load             ) [ 0011000001111111111111111111111111111111111111]
empty_144              (add              ) [ 0000000000000000000000000000000000000000000000]
p_cast1019             (zext             ) [ 0000000000000000000000000000000000000000000000]
in_tile_1_0_addr_11    (getelementptr    ) [ 0000000000100000000000000000000000000000000000]
empty_154              (add              ) [ 0000000000000000000000000000000000000000000000]
p_cast1028             (zext             ) [ 0000000000000000000000000000000000000000000000]
in_tile_1_0_addr_12    (getelementptr    ) [ 0000000000100000000000000000000000000000000000]
in_tile_1_0_load_9     (load             ) [ 0011000000111111111111111111111111111111111111]
in_tile_1_0_load_10    (load             ) [ 0011000000111111111111111111111111111111111111]
empty_164              (add              ) [ 0000000000000000000000000000000000000000000000]
p_cast1037             (zext             ) [ 0000000000000000000000000000000000000000000000]
in_tile_1_0_addr_13    (getelementptr    ) [ 0000000000010000000000000000000000000000000000]
empty_174              (add              ) [ 0000000000000000000000000000000000000000000000]
p_cast1046             (zext             ) [ 0000000000000000000000000000000000000000000000]
in_tile_1_0_addr_14    (getelementptr    ) [ 0000000000010000000000000000000000000000000000]
in_tile_1_0_load_11    (load             ) [ 0011000000011111111111111111111111111111111111]
in_tile_1_0_load_12    (load             ) [ 0011000000011111111111111111111111111111111111]
empty_184              (add              ) [ 0000000000000000000000000000000000000000000000]
p_cast1055             (zext             ) [ 0000000000000000000000000000000000000000000000]
in_tile_1_0_addr_15    (getelementptr    ) [ 0000000000001000000000000000000000000000000000]
empty_194              (add              ) [ 0000000000000000000000000000000000000000000000]
p_cast1064             (zext             ) [ 0000000000000000000000000000000000000000000000]
in_tile_1_0_addr_16    (getelementptr    ) [ 0000000000001000000000000000000000000000000000]
in_tile_1_0_load_13    (load             ) [ 0011000000001111111111111111111111111111111111]
in_tile_1_0_load_14    (load             ) [ 0011000000001111111111111111111111111111111111]
empty_204              (add              ) [ 0000000000000000000000000000000000000000000000]
p_cast1073             (zext             ) [ 0000000000000000000000000000000000000000000000]
in_tile_1_0_addr_17    (getelementptr    ) [ 0000000000000100000000000000000000000000000000]
in_tile_1_0_load_15    (load             ) [ 0011000000000111111111111111111111111111111111]
in_tile_1_0_load_16    (load             ) [ 0011000000000111111111111111111111111111111111]
empty_145              (add              ) [ 0000000000000000000000000000000000000000000000]
p_cast1020             (zext             ) [ 0000000000000000000000000000000000000000000000]
in_tile_1_0_addr_20    (getelementptr    ) [ 0000000000000010000000000000000000000000000000]
in_tile_1_0_load_17    (load             ) [ 0011000000000011111111111111111111111111111111]
in_tile_1_0_load_18    (load             ) [ 0011000000000011111111111111111111111111111111]
empty_155              (add              ) [ 0000000000000000000000000000000000000000000000]
p_cast1029             (zext             ) [ 0000000000000000000000000000000000000000000000]
in_tile_1_0_addr_21    (getelementptr    ) [ 0000000000000001000000000000000000000000000000]
empty_165              (add              ) [ 0000000000000000000000000000000000000000000000]
p_cast1038             (zext             ) [ 0000000000000000000000000000000000000000000000]
in_tile_1_0_addr_22    (getelementptr    ) [ 0000000000000001000000000000000000000000000000]
in_tile_1_0_load_19    (load             ) [ 0011000000000001111111111111111111111111111111]
in_tile_1_0_load_20    (load             ) [ 0011000000000001111111111111111111111111111111]
empty_175              (add              ) [ 0000000000000000000000000000000000000000000000]
p_cast1047             (zext             ) [ 0000000000000000000000000000000000000000000000]
in_tile_1_0_addr_23    (getelementptr    ) [ 0000000000000000100000000000000000000000000000]
empty_185              (add              ) [ 0000000000000000000000000000000000000000000000]
p_cast1056             (zext             ) [ 0000000000000000000000000000000000000000000000]
in_tile_1_0_addr_24    (getelementptr    ) [ 0000000000000000100000000000000000000000000000]
in_tile_1_0_load_21    (load             ) [ 0011000000000000111111111111111111111111111111]
in_tile_1_0_load_22    (load             ) [ 0011000000000000111111111111111111111111111111]
empty_195              (add              ) [ 0000000000000000000000000000000000000000000000]
p_cast1065             (zext             ) [ 0000000000000000000000000000000000000000000000]
in_tile_1_0_addr_25    (getelementptr    ) [ 0000000000000000010000000000000000000000000000]
empty_205              (add              ) [ 0000000000000000000000000000000000000000000000]
p_cast1074             (zext             ) [ 0000000000000000000000000000000000000000000000]
in_tile_1_0_addr_26    (getelementptr    ) [ 0000000000000000010000000000000000000000000000]
in_tile_1_0_load_23    (load             ) [ 0011000000000000011111111111111111111111111111]
in_tile_1_0_load_24    (load             ) [ 0011000000000000011111111111111111111111111111]
in_tile_1_0_load_25    (load             ) [ 0011000000000000001111111111111111111111111111]
in_tile_1_0_load_26    (load             ) [ 0011000000000000001111111111111111111111111111]
empty_146              (add              ) [ 0000000000000000000000000000000000000000000000]
p_cast1021             (zext             ) [ 0000000000000000000000000000000000000000000000]
in_tile_1_0_addr_29    (getelementptr    ) [ 0000000000000000000100000000000000000000000000]
empty_156              (add              ) [ 0000000000000000000000000000000000000000000000]
p_cast1030             (zext             ) [ 0000000000000000000000000000000000000000000000]
in_tile_1_0_addr_30    (getelementptr    ) [ 0000000000000000000100000000000000000000000000]
in_tile_1_0_load_27    (load             ) [ 0011000000000000000111111111111111111111111111]
in_tile_1_0_load_28    (load             ) [ 0011000000000000000111111111111111111111111111]
empty_166              (add              ) [ 0000000000000000000000000000000000000000000000]
p_cast1039             (zext             ) [ 0000000000000000000000000000000000000000000000]
in_tile_1_0_addr_31    (getelementptr    ) [ 0000000000000000000010000000000000000000000000]
empty_176              (add              ) [ 0000000000000000000000000000000000000000000000]
p_cast1048             (zext             ) [ 0000000000000000000000000000000000000000000000]
in_tile_1_0_addr_32    (getelementptr    ) [ 0000000000000000000010000000000000000000000000]
in_tile_1_0_load_29    (load             ) [ 0011000000000000000011111111111111111111111111]
in_tile_1_0_load_30    (load             ) [ 0011000000000000000011111111111111111111111111]
empty_186              (add              ) [ 0000000000000000000000000000000000000000000000]
p_cast1057             (zext             ) [ 0000000000000000000000000000000000000000000000]
in_tile_1_0_addr_33    (getelementptr    ) [ 0000000000000000000001000000000000000000000000]
empty_196              (add              ) [ 0000000000000000000000000000000000000000000000]
p_cast1066             (zext             ) [ 0000000000000000000000000000000000000000000000]
in_tile_1_0_addr_34    (getelementptr    ) [ 0000000000000000000001000000000000000000000000]
in_tile_1_0_load_31    (load             ) [ 0011000000000000000001111111111111111111111111]
in_tile_1_0_load_32    (load             ) [ 0011000000000000000001111111111111111111111111]
empty_206              (add              ) [ 0000000000000000000000000000000000000000000000]
p_cast1075             (zext             ) [ 0000000000000000000000000000000000000000000000]
in_tile_1_0_addr_35    (getelementptr    ) [ 0000000000000000000000100000000000000000000000]
in_tile_1_0_load_33    (load             ) [ 0011000000000000000000111111111111111111111111]
in_tile_1_0_load_34    (load             ) [ 0011000000000000000000111111111111111111111111]
empty_147              (add              ) [ 0000000000000000000000000000000000000000000000]
p_cast1022             (zext             ) [ 0000000000000000000000000000000000000000000000]
in_tile_1_0_addr_38    (getelementptr    ) [ 0000000000000000000000010000000000000000000000]
in_tile_1_0_load_35    (load             ) [ 0011000000000000000000011111111111111111111111]
in_tile_1_0_load_36    (load             ) [ 0011000000000000000000011111111111111111111111]
empty_157              (add              ) [ 0000000000000000000000000000000000000000000000]
p_cast1031             (zext             ) [ 0000000000000000000000000000000000000000000000]
in_tile_1_0_addr_39    (getelementptr    ) [ 0000000000000000000000001000000000000000000000]
empty_167              (add              ) [ 0000000000000000000000000000000000000000000000]
p_cast1040             (zext             ) [ 0000000000000000000000000000000000000000000000]
in_tile_1_0_addr_40    (getelementptr    ) [ 0000000000000000000000001000000000000000000000]
in_tile_1_0_load_37    (load             ) [ 0011000000000000000000001111111111111111111111]
in_tile_1_0_load_38    (load             ) [ 0011000000000000000000001111111111111111111111]
empty_177              (add              ) [ 0000000000000000000000000000000000000000000000]
p_cast1049             (zext             ) [ 0000000000000000000000000000000000000000000000]
in_tile_1_0_addr_41    (getelementptr    ) [ 0000000000000000000000000100000000000000000000]
empty_187              (add              ) [ 0000000000000000000000000000000000000000000000]
p_cast1058             (zext             ) [ 0000000000000000000000000000000000000000000000]
in_tile_1_0_addr_42    (getelementptr    ) [ 0000000000000000000000000100000000000000000000]
in_tile_1_0_load_39    (load             ) [ 0011000000000000000000000111111111111111111111]
in_tile_1_0_load_40    (load             ) [ 0011000000000000000000000111111111111111111111]
empty_197              (add              ) [ 0000000000000000000000000000000000000000000000]
p_cast1067             (zext             ) [ 0000000000000000000000000000000000000000000000]
in_tile_1_0_addr_43    (getelementptr    ) [ 0000000000000000000000000010000000000000000000]
empty_207              (add              ) [ 0000000000000000000000000000000000000000000000]
p_cast1076             (zext             ) [ 0000000000000000000000000000000000000000000000]
in_tile_1_0_addr_44    (getelementptr    ) [ 0000000000000000000000000010000000000000000000]
in_tile_1_0_load_41    (load             ) [ 0011000000000000000000000011111111111111111111]
in_tile_1_0_load_42    (load             ) [ 0011000000000000000000000011111111111111111111]
in_tile_1_0_load_43    (load             ) [ 0011000000000000000000000001111111111111111111]
in_tile_1_0_load_44    (load             ) [ 0011000000000000000000000001111111111111111111]
empty_148              (add              ) [ 0000000000000000000000000000000000000000000000]
p_cast1023             (zext             ) [ 0000000000000000000000000000000000000000000000]
in_tile_1_0_addr_47    (getelementptr    ) [ 0000000000000000000000000000100000000000000000]
empty_158              (add              ) [ 0000000000000000000000000000000000000000000000]
p_cast1032             (zext             ) [ 0000000000000000000000000000000000000000000000]
in_tile_1_0_addr_48    (getelementptr    ) [ 0000000000000000000000000000100000000000000000]
in_tile_1_0_load_45    (load             ) [ 0011000000000000000000000000111111111111111111]
in_tile_1_0_load_46    (load             ) [ 0011000000000000000000000000111111111111111111]
empty_168              (add              ) [ 0000000000000000000000000000000000000000000000]
p_cast1041             (zext             ) [ 0000000000000000000000000000000000000000000000]
in_tile_1_0_addr_49    (getelementptr    ) [ 0000000000000000000000000000010000000000000000]
empty_178              (add              ) [ 0000000000000000000000000000000000000000000000]
p_cast1050             (zext             ) [ 0000000000000000000000000000000000000000000000]
in_tile_1_0_addr_50    (getelementptr    ) [ 0000000000000000000000000000010000000000000000]
in_tile_1_0_load_47    (load             ) [ 0011000000000000000000000000011111111111111111]
in_tile_1_0_load_48    (load             ) [ 0011000000000000000000000000011111111111111111]
empty_188              (add              ) [ 0000000000000000000000000000000000000000000000]
p_cast1059             (zext             ) [ 0000000000000000000000000000000000000000000000]
in_tile_1_0_addr_51    (getelementptr    ) [ 0000000000000000000000000000001000000000000000]
empty_198              (add              ) [ 0000000000000000000000000000000000000000000000]
p_cast1068             (zext             ) [ 0000000000000000000000000000000000000000000000]
in_tile_1_0_addr_52    (getelementptr    ) [ 0000000000000000000000000000001000000000000000]
in_tile_1_0_load_49    (load             ) [ 0011000000000000000000000000001111111111111111]
in_tile_1_0_load_50    (load             ) [ 0011000000000000000000000000001111111111111111]
empty_208              (add              ) [ 0000000000000000000000000000000000000000000000]
p_cast1077             (zext             ) [ 0000000000000000000000000000000000000000000000]
in_tile_1_0_addr_53    (getelementptr    ) [ 0000000000000000000000000000000100000000000000]
in_tile_1_0_load_51    (load             ) [ 0011000000000000000000000000000111111111111111]
in_tile_1_0_load_52    (load             ) [ 0011000000000000000000000000000111111111111111]
empty_149              (add              ) [ 0000000000000000000000000000000000000000000000]
p_cast1024             (zext             ) [ 0000000000000000000000000000000000000000000000]
in_tile_1_0_addr_56    (getelementptr    ) [ 0000000000000000000000000000000010000000000000]
in_tile_1_0_load_53    (load             ) [ 0011000000000000000000000000000011111111111111]
in_tile_1_0_load_54    (load             ) [ 0011000000000000000000000000000011111111111111]
empty_159              (add              ) [ 0000000000000000000000000000000000000000000000]
p_cast1033             (zext             ) [ 0000000000000000000000000000000000000000000000]
in_tile_1_0_addr_57    (getelementptr    ) [ 0000000000000000000000000000000001000000000000]
empty_169              (add              ) [ 0000000000000000000000000000000000000000000000]
p_cast1042             (zext             ) [ 0000000000000000000000000000000000000000000000]
in_tile_1_0_addr_58    (getelementptr    ) [ 0000000000000000000000000000000001000000000000]
in_tile_1_0_load_55    (load             ) [ 0011000000000000000000000000000001111111111111]
in_tile_1_0_load_56    (load             ) [ 0011000000000000000000000000000001111111111111]
empty_179              (add              ) [ 0000000000000000000000000000000000000000000000]
p_cast1051             (zext             ) [ 0000000000000000000000000000000000000000000000]
in_tile_1_0_addr_59    (getelementptr    ) [ 0000000000000000000000000000000000100000000000]
empty_189              (add              ) [ 0000000000000000000000000000000000000000000000]
p_cast1060             (zext             ) [ 0000000000000000000000000000000000000000000000]
in_tile_1_0_addr_60    (getelementptr    ) [ 0000000000000000000000000000000000100000000000]
in_tile_1_0_load_57    (load             ) [ 0011000000000000000000000000000000111111111111]
in_tile_1_0_load_58    (load             ) [ 0011000000000000000000000000000000111111111111]
empty_199              (add              ) [ 0000000000000000000000000000000000000000000000]
p_cast1069             (zext             ) [ 0000000000000000000000000000000000000000000000]
in_tile_1_0_addr_61    (getelementptr    ) [ 0000000000000000000000000000000000010000000000]
empty_209              (add              ) [ 0000000000000000000000000000000000000000000000]
p_cast1078             (zext             ) [ 0000000000000000000000000000000000000000000000]
in_tile_1_0_addr_62    (getelementptr    ) [ 0000000000000000000000000000000000010000000000]
in_tile_1_0_load_59    (load             ) [ 0011000000000000000000000000000000011111111111]
in_tile_1_0_load_60    (load             ) [ 0011000000000000000000000000000000011111111111]
in_tile_1_0_load_61    (load             ) [ 0011000000000000000000000000000000001111111111]
in_tile_1_0_load_62    (load             ) [ 0011000000000000000000000000000000001111111111]
empty_150              (add              ) [ 0000000000000000000000000000000000000000000000]
p_cast1025             (zext             ) [ 0000000000000000000000000000000000000000000000]
in_tile_1_0_addr_65    (getelementptr    ) [ 0000000000000000000000000000000000000100000000]
empty_160              (add              ) [ 0000000000000000000000000000000000000000000000]
p_cast1034             (zext             ) [ 0000000000000000000000000000000000000000000000]
in_tile_1_0_addr_66    (getelementptr    ) [ 0000000000000000000000000000000000000100000000]
in_tile_1_0_load_63    (load             ) [ 0011000000000000000000000000000000000111111111]
in_tile_1_0_load_64    (load             ) [ 0011000000000000000000000000000000000111111111]
empty_170              (add              ) [ 0000000000000000000000000000000000000000000000]
p_cast1043             (zext             ) [ 0000000000000000000000000000000000000000000000]
in_tile_1_0_addr_67    (getelementptr    ) [ 0000000000000000000000000000000000000010000000]
empty_180              (add              ) [ 0000000000000000000000000000000000000000000000]
p_cast1052             (zext             ) [ 0000000000000000000000000000000000000000000000]
in_tile_1_0_addr_68    (getelementptr    ) [ 0000000000000000000000000000000000000010000000]
in_tile_1_0_load_65    (load             ) [ 0011000000000000000000000000000000000011111111]
in_tile_1_0_load_66    (load             ) [ 0011000000000000000000000000000000000011111111]
empty_151              (add              ) [ 0000000000000000000000000000000000000001100000]
empty_161              (add              ) [ 0000000000000000000000000000000000000001110000]
empty_171              (add              ) [ 0000000000000000000000000000000000000001110000]
empty_181              (add              ) [ 0000000000000000000000000000000000000001111000]
empty_190              (add              ) [ 0000000000000000000000000000000000000000000000]
p_cast1061             (zext             ) [ 0000000000000000000000000000000000000000000000]
in_tile_1_0_addr_69    (getelementptr    ) [ 0000000000000000000000000000000000000001000000]
empty_191              (add              ) [ 0000000000000000000000000000000000000001111000]
empty_200              (add              ) [ 0000000000000000000000000000000000000000000000]
p_cast1070             (zext             ) [ 0000000000000000000000000000000000000000000000]
in_tile_1_0_addr_70    (getelementptr    ) [ 0000000000000000000000000000000000000001000000]
empty_201              (add              ) [ 0000000000000000000000000000000000000001111100]
empty_210              (add              ) [ 0000000000000000000000000000000000000001000000]
empty_211              (add              ) [ 0000000000000000000000000000000000000001111100]
in_tile_1_0_load_67    (load             ) [ 0011000000000000000000000000000000000001111111]
in_tile_1_0_load_68    (load             ) [ 0011000000000000000000000000000000000001111111]
p_cast1079             (zext             ) [ 0000000000000000000000000000000000000000000000]
in_tile_1_0_addr_71    (getelementptr    ) [ 0000000000000000000000000000000000000000100000]
in_tile_1_0_load_69    (load             ) [ 0011000000000000000000000000000000000000111111]
in_tile_1_0_load_70    (load             ) [ 0011000000000000000000000000000000000000111111]
p_cast1026             (zext             ) [ 0000000000000000000000000000000000000000000000]
in_tile_1_0_addr_74    (getelementptr    ) [ 0000000000000000000000000000000000000000010000]
in_tile_1_0_load_71    (load             ) [ 0011000000000000000000000000000000000000011111]
in_tile_1_0_load_72    (load             ) [ 0011000000000000000000000000000000000000011111]
p_cast1035             (zext             ) [ 0000000000000000000000000000000000000000000000]
in_tile_1_0_addr_75    (getelementptr    ) [ 0000000000000000000000000000000000000000001000]
p_cast1044             (zext             ) [ 0000000000000000000000000000000000000000000000]
in_tile_1_0_addr_76    (getelementptr    ) [ 0000000000000000000000000000000000000000001000]
in_tile_1_0_load_73    (load             ) [ 0011000000000000000000000000000000000000001111]
in_tile_1_0_load_74    (load             ) [ 0011000000000000000000000000000000000000001111]
p_cast1053             (zext             ) [ 0000000000000000000000000000000000000000000000]
in_tile_1_0_addr_77    (getelementptr    ) [ 0000000000000000000000000000000000000000000100]
p_cast1062             (zext             ) [ 0000000000000000000000000000000000000000000000]
in_tile_1_0_addr_78    (getelementptr    ) [ 0000000000000000000000000000000000000000000100]
in_tile_1_0_load_75    (load             ) [ 0011000000000000000000000000000000000000000111]
in_tile_1_0_load_76    (load             ) [ 0011000000000000000000000000000000000000000111]
p_cast1071             (zext             ) [ 0000000000000000000000000000000000000000000000]
in_tile_1_0_addr_79    (getelementptr    ) [ 0000000000000000000000000000000000000000000010]
p_cast1080             (zext             ) [ 0000000000000000000000000000000000000000000000]
in_tile_1_0_addr_80    (getelementptr    ) [ 0000000000000000000000000000000000000000000010]
in_tile_1_0_load_77    (load             ) [ 0011000000000000000000000000000000000000000011]
in_tile_1_0_load_78    (load             ) [ 0011000000000000000000000000000000000000000011]
in_tile_1_0_load_79    (load             ) [ 0011000000000000000000000000000000000000000001]
in_tile_1_0_load_80    (load             ) [ 0011000000000000000000000000000000000000000001]
call_ln69              (call             ) [ 0000000000000000000000000000000000000000000000]
br_ln0                 (br               ) [ 0000000000000000000000000000000000000000000000]
br_ln69                (br               ) [ 0011111111111111111111111111111111111111111111]
</LifeTime>

<model>

<comp_list>
<comp id="0" class="1000" name="tW">
<pin_list>
<pin id="1" dir="1" index="0" bw="1" slack="0"/>
</pin_list>
<bind>
<StgValue><ssdm name="tW"/></StgValue>
</bind>
</comp>

<comp id="2" class="1000" name="tH">
<pin_list>
<pin id="3" dir="1" index="0" bw="1" slack="0"/>
</pin_list>
<bind>
<StgValue><ssdm name="tH"/></StgValue>
</bind>
</comp>

<comp id="4" class="1000" name="in_tile_1_0">
<pin_list>
<pin id="5" dir="1" index="0" bw="1" slack="0"/>
</pin_list>
<bind>
<StgValue><ssdm name="in_tile_1_0"/><MemPortTyVec>1 1 </MemPortTyVec>
</StgValue>
</bind>
</comp>

<comp id="6" class="1000" name="out_tile_2">
<pin_list>
<pin id="7" dir="1" index="0" bw="1" slack="0"/>
</pin_list>
<bind>
<StgValue><ssdm name="out_tile_2"/><MemPortTyVec>0 1 </MemPortTyVec>
</StgValue>
</bind>
</comp>

<comp id="8" class="1000" name="p_ZZ5conv1PA255_A255_fPA1_A9_A9_fPfS1_E6w_tile_0_0_0">
<pin_list>
<pin id="9" dir="1" index="0" bw="1" slack="0"/>
</pin_list>
<bind>
<StgValue><ssdm name="p_ZZ5conv1PA255_A255_fPA1_A9_A9_fPfS1_E6w_tile_0_0_0"/><MemPortTyVec>1 3 </MemPortTyVec>
</StgValue>
</bind>
</comp>

<comp id="10" class="1000" name="p_ZZ5conv1PA255_A255_fPA1_A9_A9_fPfS1_E6w_tile_0_1_0">
<pin_list>
<pin id="11" dir="1" index="0" bw="1" slack="0"/>
</pin_list>
<bind>
<StgValue><ssdm name="p_ZZ5conv1PA255_A255_fPA1_A9_A9_fPfS1_E6w_tile_0_1_0"/><MemPortTyVec>1 3 </MemPortTyVec>
</StgValue>
</bind>
</comp>

<comp id="12" class="1000" name="p_ZZ5conv1PA255_A255_fPA1_A9_A9_fPfS1_E6w_tile_0_2_0">
<pin_list>
<pin id="13" dir="1" index="0" bw="1" slack="0"/>
</pin_list>
<bind>
<StgValue><ssdm name="p_ZZ5conv1PA255_A255_fPA1_A9_A9_fPfS1_E6w_tile_0_2_0"/><MemPortTyVec>1 3 </MemPortTyVec>
</StgValue>
</bind>
</comp>

<comp id="14" class="1000" name="p_ZZ5conv1PA255_A255_fPA1_A9_A9_fPfS1_E6w_tile_0_3_0">
<pin_list>
<pin id="15" dir="1" index="0" bw="1" slack="0"/>
</pin_list>
<bind>
<StgValue><ssdm name="p_ZZ5conv1PA255_A255_fPA1_A9_A9_fPfS1_E6w_tile_0_3_0"/><MemPortTyVec>1 3 </MemPortTyVec>
</StgValue>
</bind>
</comp>

<comp id="16" class="1000" name="p_ZZ5conv1PA255_A255_fPA1_A9_A9_fPfS1_E6w_tile_0_4_0">
<pin_list>
<pin id="17" dir="1" index="0" bw="1" slack="0"/>
</pin_list>
<bind>
<StgValue><ssdm name="p_ZZ5conv1PA255_A255_fPA1_A9_A9_fPfS1_E6w_tile_0_4_0"/><MemPortTyVec>1 3 </MemPortTyVec>
</StgValue>
</bind>
</comp>

<comp id="18" class="1000" name="p_ZZ5conv1PA255_A255_fPA1_A9_A9_fPfS1_E6w_tile_0_5_0">
<pin_list>
<pin id="19" dir="1" index="0" bw="1" slack="0"/>
</pin_list>
<bind>
<StgValue><ssdm name="p_ZZ5conv1PA255_A255_fPA1_A9_A9_fPfS1_E6w_tile_0_5_0"/><MemPortTyVec>1 3 </MemPortTyVec>
</StgValue>
</bind>
</comp>

<comp id="20" class="1000" name="p_ZZ5conv1PA255_A255_fPA1_A9_A9_fPfS1_E6w_tile_0_6_0">
<pin_list>
<pin id="21" dir="1" index="0" bw="1" slack="0"/>
</pin_list>
<bind>
<StgValue><ssdm name="p_ZZ5conv1PA255_A255_fPA1_A9_A9_fPfS1_E6w_tile_0_6_0"/><MemPortTyVec>1 3 </MemPortTyVec>
</StgValue>
</bind>
</comp>

<comp id="22" class="1000" name="p_ZZ5conv1PA255_A255_fPA1_A9_A9_fPfS1_E6w_tile_0_7_0">
<pin_list>
<pin id="23" dir="1" index="0" bw="1" slack="0"/>
</pin_list>
<bind>
<StgValue><ssdm name="p_ZZ5conv1PA255_A255_fPA1_A9_A9_fPfS1_E6w_tile_0_7_0"/><MemPortTyVec>1 3 </MemPortTyVec>
</StgValue>
</bind>
</comp>

<comp id="24" class="1000" name="p_ZZ5conv1PA255_A255_fPA1_A9_A9_fPfS1_E6w_tile_0_8_0">
<pin_list>
<pin id="25" dir="1" index="0" bw="1" slack="0"/>
</pin_list>
<bind>
<StgValue><ssdm name="p_ZZ5conv1PA255_A255_fPA1_A9_A9_fPfS1_E6w_tile_0_8_0"/><MemPortTyVec>1 3 </MemPortTyVec>
</StgValue>
</bind>
</comp>

<comp id="26" class="1000" name="p_ZZ5conv1PA255_A255_fPA1_A9_A9_fPfS1_E6w_tile_1_0_0">
<pin_list>
<pin id="27" dir="1" index="0" bw="1" slack="0"/>
</pin_list>
<bind>
<StgValue><ssdm name="p_ZZ5conv1PA255_A255_fPA1_A9_A9_fPfS1_E6w_tile_1_0_0"/><MemPortTyVec>1 3 </MemPortTyVec>
</StgValue>
</bind>
</comp>

<comp id="28" class="1000" name="p_ZZ5conv1PA255_A255_fPA1_A9_A9_fPfS1_E6w_tile_1_1_0">
<pin_list>
<pin id="29" dir="1" index="0" bw="1" slack="0"/>
</pin_list>
<bind>
<StgValue><ssdm name="p_ZZ5conv1PA255_A255_fPA1_A9_A9_fPfS1_E6w_tile_1_1_0"/><MemPortTyVec>1 3 </MemPortTyVec>
</StgValue>
</bind>
</comp>

<comp id="30" class="1000" name="p_ZZ5conv1PA255_A255_fPA1_A9_A9_fPfS1_E6w_tile_1_2_0">
<pin_list>
<pin id="31" dir="1" index="0" bw="1" slack="0"/>
</pin_list>
<bind>
<StgValue><ssdm name="p_ZZ5conv1PA255_A255_fPA1_A9_A9_fPfS1_E6w_tile_1_2_0"/><MemPortTyVec>1 3 </MemPortTyVec>
</StgValue>
</bind>
</comp>

<comp id="32" class="1000" name="p_ZZ5conv1PA255_A255_fPA1_A9_A9_fPfS1_E6w_tile_1_3_0">
<pin_list>
<pin id="33" dir="1" index="0" bw="1" slack="0"/>
</pin_list>
<bind>
<StgValue><ssdm name="p_ZZ5conv1PA255_A255_fPA1_A9_A9_fPfS1_E6w_tile_1_3_0"/><MemPortTyVec>1 3 </MemPortTyVec>
</StgValue>
</bind>
</comp>

<comp id="34" class="1000" name="p_ZZ5conv1PA255_A255_fPA1_A9_A9_fPfS1_E6w_tile_1_4_0">
<pin_list>
<pin id="35" dir="1" index="0" bw="1" slack="0"/>
</pin_list>
<bind>
<StgValue><ssdm name="p_ZZ5conv1PA255_A255_fPA1_A9_A9_fPfS1_E6w_tile_1_4_0"/><MemPortTyVec>1 3 </MemPortTyVec>
</StgValue>
</bind>
</comp>

<comp id="36" class="1000" name="p_ZZ5conv1PA255_A255_fPA1_A9_A9_fPfS1_E6w_tile_1_5_0">
<pin_list>
<pin id="37" dir="1" index="0" bw="1" slack="0"/>
</pin_list>
<bind>
<StgValue><ssdm name="p_ZZ5conv1PA255_A255_fPA1_A9_A9_fPfS1_E6w_tile_1_5_0"/><MemPortTyVec>1 3 </MemPortTyVec>
</StgValue>
</bind>
</comp>

<comp id="38" class="1000" name="p_ZZ5conv1PA255_A255_fPA1_A9_A9_fPfS1_E6w_tile_1_6_0">
<pin_list>
<pin id="39" dir="1" index="0" bw="1" slack="0"/>
</pin_list>
<bind>
<StgValue><ssdm name="p_ZZ5conv1PA255_A255_fPA1_A9_A9_fPfS1_E6w_tile_1_6_0"/><MemPortTyVec>1 3 </MemPortTyVec>
</StgValue>
</bind>
</comp>

<comp id="40" class="1000" name="p_ZZ5conv1PA255_A255_fPA1_A9_A9_fPfS1_E6w_tile_1_7_0">
<pin_list>
<pin id="41" dir="1" index="0" bw="1" slack="0"/>
</pin_list>
<bind>
<StgValue><ssdm name="p_ZZ5conv1PA255_A255_fPA1_A9_A9_fPfS1_E6w_tile_1_7_0"/><MemPortTyVec>1 3 </MemPortTyVec>
</StgValue>
</bind>
</comp>

<comp id="42" class="1000" name="p_ZZ5conv1PA255_A255_fPA1_A9_A9_fPfS1_E6w_tile_1_8_0">
<pin_list>
<pin id="43" dir="1" index="0" bw="1" slack="0"/>
</pin_list>
<bind>
<StgValue><ssdm name="p_ZZ5conv1PA255_A255_fPA1_A9_A9_fPfS1_E6w_tile_1_8_0"/><MemPortTyVec>1 3 </MemPortTyVec>
</StgValue>
</bind>
</comp>

<comp id="44" class="1000" name="p_ZZ5conv1PA255_A255_fPA1_A9_A9_fPfS1_E6w_tile_2_0_0">
<pin_list>
<pin id="45" dir="1" index="0" bw="1" slack="0"/>
</pin_list>
<bind>
<StgValue><ssdm name="p_ZZ5conv1PA255_A255_fPA1_A9_A9_fPfS1_E6w_tile_2_0_0"/><MemPortTyVec>1 3 </MemPortTyVec>
</StgValue>
</bind>
</comp>

<comp id="46" class="1000" name="p_ZZ5conv1PA255_A255_fPA1_A9_A9_fPfS1_E6w_tile_2_1_0">
<pin_list>
<pin id="47" dir="1" index="0" bw="1" slack="0"/>
</pin_list>
<bind>
<StgValue><ssdm name="p_ZZ5conv1PA255_A255_fPA1_A9_A9_fPfS1_E6w_tile_2_1_0"/><MemPortTyVec>1 3 </MemPortTyVec>
</StgValue>
</bind>
</comp>

<comp id="48" class="1000" name="p_ZZ5conv1PA255_A255_fPA1_A9_A9_fPfS1_E6w_tile_2_2_0">
<pin_list>
<pin id="49" dir="1" index="0" bw="1" slack="0"/>
</pin_list>
<bind>
<StgValue><ssdm name="p_ZZ5conv1PA255_A255_fPA1_A9_A9_fPfS1_E6w_tile_2_2_0"/><MemPortTyVec>1 3 </MemPortTyVec>
</StgValue>
</bind>
</comp>

<comp id="50" class="1000" name="p_ZZ5conv1PA255_A255_fPA1_A9_A9_fPfS1_E6w_tile_2_3_0">
<pin_list>
<pin id="51" dir="1" index="0" bw="1" slack="0"/>
</pin_list>
<bind>
<StgValue><ssdm name="p_ZZ5conv1PA255_A255_fPA1_A9_A9_fPfS1_E6w_tile_2_3_0"/><MemPortTyVec>1 3 </MemPortTyVec>
</StgValue>
</bind>
</comp>

<comp id="52" class="1000" name="p_ZZ5conv1PA255_A255_fPA1_A9_A9_fPfS1_E6w_tile_2_4_0">
<pin_list>
<pin id="53" dir="1" index="0" bw="1" slack="0"/>
</pin_list>
<bind>
<StgValue><ssdm name="p_ZZ5conv1PA255_A255_fPA1_A9_A9_fPfS1_E6w_tile_2_4_0"/><MemPortTyVec>1 3 </MemPortTyVec>
</StgValue>
</bind>
</comp>

<comp id="54" class="1000" name="p_ZZ5conv1PA255_A255_fPA1_A9_A9_fPfS1_E6w_tile_2_5_0">
<pin_list>
<pin id="55" dir="1" index="0" bw="1" slack="0"/>
</pin_list>
<bind>
<StgValue><ssdm name="p_ZZ5conv1PA255_A255_fPA1_A9_A9_fPfS1_E6w_tile_2_5_0"/><MemPortTyVec>1 3 </MemPortTyVec>
</StgValue>
</bind>
</comp>

<comp id="56" class="1000" name="p_ZZ5conv1PA255_A255_fPA1_A9_A9_fPfS1_E6w_tile_2_6_0">
<pin_list>
<pin id="57" dir="1" index="0" bw="1" slack="0"/>
</pin_list>
<bind>
<StgValue><ssdm name="p_ZZ5conv1PA255_A255_fPA1_A9_A9_fPfS1_E6w_tile_2_6_0"/><MemPortTyVec>1 3 </MemPortTyVec>
</StgValue>
</bind>
</comp>

<comp id="58" class="1000" name="p_ZZ5conv1PA255_A255_fPA1_A9_A9_fPfS1_E6w_tile_2_7_0">
<pin_list>
<pin id="59" dir="1" index="0" bw="1" slack="0"/>
</pin_list>
<bind>
<StgValue><ssdm name="p_ZZ5conv1PA255_A255_fPA1_A9_A9_fPfS1_E6w_tile_2_7_0"/><MemPortTyVec>1 3 </MemPortTyVec>
</StgValue>
</bind>
</comp>

<comp id="60" class="1000" name="p_ZZ5conv1PA255_A255_fPA1_A9_A9_fPfS1_E6w_tile_2_8_0">
<pin_list>
<pin id="61" dir="1" index="0" bw="1" slack="0"/>
</pin_list>
<bind>
<StgValue><ssdm name="p_ZZ5conv1PA255_A255_fPA1_A9_A9_fPfS1_E6w_tile_2_8_0"/><MemPortTyVec>1 3 </MemPortTyVec>
</StgValue>
</bind>
</comp>

<comp id="62" class="1000" name="p_ZZ5conv1PA255_A255_fPA1_A9_A9_fPfS1_E6w_tile_3_0_0">
<pin_list>
<pin id="63" dir="1" index="0" bw="1" slack="0"/>
</pin_list>
<bind>
<StgValue><ssdm name="p_ZZ5conv1PA255_A255_fPA1_A9_A9_fPfS1_E6w_tile_3_0_0"/><MemPortTyVec>1 3 </MemPortTyVec>
</StgValue>
</bind>
</comp>

<comp id="64" class="1000" name="p_ZZ5conv1PA255_A255_fPA1_A9_A9_fPfS1_E6w_tile_3_1_0">
<pin_list>
<pin id="65" dir="1" index="0" bw="1" slack="0"/>
</pin_list>
<bind>
<StgValue><ssdm name="p_ZZ5conv1PA255_A255_fPA1_A9_A9_fPfS1_E6w_tile_3_1_0"/><MemPortTyVec>1 3 </MemPortTyVec>
</StgValue>
</bind>
</comp>

<comp id="66" class="1000" name="p_ZZ5conv1PA255_A255_fPA1_A9_A9_fPfS1_E6w_tile_3_2_0">
<pin_list>
<pin id="67" dir="1" index="0" bw="1" slack="0"/>
</pin_list>
<bind>
<StgValue><ssdm name="p_ZZ5conv1PA255_A255_fPA1_A9_A9_fPfS1_E6w_tile_3_2_0"/><MemPortTyVec>1 3 </MemPortTyVec>
</StgValue>
</bind>
</comp>

<comp id="68" class="1000" name="p_ZZ5conv1PA255_A255_fPA1_A9_A9_fPfS1_E6w_tile_3_3_0">
<pin_list>
<pin id="69" dir="1" index="0" bw="1" slack="0"/>
</pin_list>
<bind>
<StgValue><ssdm name="p_ZZ5conv1PA255_A255_fPA1_A9_A9_fPfS1_E6w_tile_3_3_0"/><MemPortTyVec>1 3 </MemPortTyVec>
</StgValue>
</bind>
</comp>

<comp id="70" class="1000" name="p_ZZ5conv1PA255_A255_fPA1_A9_A9_fPfS1_E6w_tile_3_4_0">
<pin_list>
<pin id="71" dir="1" index="0" bw="1" slack="0"/>
</pin_list>
<bind>
<StgValue><ssdm name="p_ZZ5conv1PA255_A255_fPA1_A9_A9_fPfS1_E6w_tile_3_4_0"/><MemPortTyVec>1 3 </MemPortTyVec>
</StgValue>
</bind>
</comp>

<comp id="72" class="1000" name="p_ZZ5conv1PA255_A255_fPA1_A9_A9_fPfS1_E6w_tile_3_5_0">
<pin_list>
<pin id="73" dir="1" index="0" bw="1" slack="0"/>
</pin_list>
<bind>
<StgValue><ssdm name="p_ZZ5conv1PA255_A255_fPA1_A9_A9_fPfS1_E6w_tile_3_5_0"/><MemPortTyVec>1 3 </MemPortTyVec>
</StgValue>
</bind>
</comp>

<comp id="74" class="1000" name="p_ZZ5conv1PA255_A255_fPA1_A9_A9_fPfS1_E6w_tile_3_6_0">
<pin_list>
<pin id="75" dir="1" index="0" bw="1" slack="0"/>
</pin_list>
<bind>
<StgValue><ssdm name="p_ZZ5conv1PA255_A255_fPA1_A9_A9_fPfS1_E6w_tile_3_6_0"/><MemPortTyVec>1 3 </MemPortTyVec>
</StgValue>
</bind>
</comp>

<comp id="76" class="1000" name="p_ZZ5conv1PA255_A255_fPA1_A9_A9_fPfS1_E6w_tile_3_7_0">
<pin_list>
<pin id="77" dir="1" index="0" bw="1" slack="0"/>
</pin_list>
<bind>
<StgValue><ssdm name="p_ZZ5conv1PA255_A255_fPA1_A9_A9_fPfS1_E6w_tile_3_7_0"/><MemPortTyVec>1 3 </MemPortTyVec>
</StgValue>
</bind>
</comp>

<comp id="78" class="1000" name="p_ZZ5conv1PA255_A255_fPA1_A9_A9_fPfS1_E6w_tile_3_8_0">
<pin_list>
<pin id="79" dir="1" index="0" bw="1" slack="0"/>
</pin_list>
<bind>
<StgValue><ssdm name="p_ZZ5conv1PA255_A255_fPA1_A9_A9_fPfS1_E6w_tile_3_8_0"/><MemPortTyVec>1 3 </MemPortTyVec>
</StgValue>
</bind>
</comp>

<comp id="80" class="1000" name="p_ZZ5conv1PA255_A255_fPA1_A9_A9_fPfS1_E6w_tile_4_0_0">
<pin_list>
<pin id="81" dir="1" index="0" bw="1" slack="0"/>
</pin_list>
<bind>
<StgValue><ssdm name="p_ZZ5conv1PA255_A255_fPA1_A9_A9_fPfS1_E6w_tile_4_0_0"/><MemPortTyVec>1 3 </MemPortTyVec>
</StgValue>
</bind>
</comp>

<comp id="82" class="1000" name="p_ZZ5conv1PA255_A255_fPA1_A9_A9_fPfS1_E6w_tile_4_1_0">
<pin_list>
<pin id="83" dir="1" index="0" bw="1" slack="0"/>
</pin_list>
<bind>
<StgValue><ssdm name="p_ZZ5conv1PA255_A255_fPA1_A9_A9_fPfS1_E6w_tile_4_1_0"/><MemPortTyVec>1 3 </MemPortTyVec>
</StgValue>
</bind>
</comp>

<comp id="84" class="1000" name="p_ZZ5conv1PA255_A255_fPA1_A9_A9_fPfS1_E6w_tile_4_2_0">
<pin_list>
<pin id="85" dir="1" index="0" bw="1" slack="0"/>
</pin_list>
<bind>
<StgValue><ssdm name="p_ZZ5conv1PA255_A255_fPA1_A9_A9_fPfS1_E6w_tile_4_2_0"/><MemPortTyVec>1 3 </MemPortTyVec>
</StgValue>
</bind>
</comp>

<comp id="86" class="1000" name="p_ZZ5conv1PA255_A255_fPA1_A9_A9_fPfS1_E6w_tile_4_3_0">
<pin_list>
<pin id="87" dir="1" index="0" bw="1" slack="0"/>
</pin_list>
<bind>
<StgValue><ssdm name="p_ZZ5conv1PA255_A255_fPA1_A9_A9_fPfS1_E6w_tile_4_3_0"/><MemPortTyVec>1 3 </MemPortTyVec>
</StgValue>
</bind>
</comp>

<comp id="88" class="1000" name="p_ZZ5conv1PA255_A255_fPA1_A9_A9_fPfS1_E6w_tile_4_4_0">
<pin_list>
<pin id="89" dir="1" index="0" bw="1" slack="0"/>
</pin_list>
<bind>
<StgValue><ssdm name="p_ZZ5conv1PA255_A255_fPA1_A9_A9_fPfS1_E6w_tile_4_4_0"/><MemPortTyVec>1 3 </MemPortTyVec>
</StgValue>
</bind>
</comp>

<comp id="90" class="1000" name="p_ZZ5conv1PA255_A255_fPA1_A9_A9_fPfS1_E6w_tile_4_5_0">
<pin_list>
<pin id="91" dir="1" index="0" bw="1" slack="0"/>
</pin_list>
<bind>
<StgValue><ssdm name="p_ZZ5conv1PA255_A255_fPA1_A9_A9_fPfS1_E6w_tile_4_5_0"/><MemPortTyVec>1 3 </MemPortTyVec>
</StgValue>
</bind>
</comp>

<comp id="92" class="1000" name="p_ZZ5conv1PA255_A255_fPA1_A9_A9_fPfS1_E6w_tile_4_6_0">
<pin_list>
<pin id="93" dir="1" index="0" bw="1" slack="0"/>
</pin_list>
<bind>
<StgValue><ssdm name="p_ZZ5conv1PA255_A255_fPA1_A9_A9_fPfS1_E6w_tile_4_6_0"/><MemPortTyVec>1 3 </MemPortTyVec>
</StgValue>
</bind>
</comp>

<comp id="94" class="1000" name="p_ZZ5conv1PA255_A255_fPA1_A9_A9_fPfS1_E6w_tile_4_7_0">
<pin_list>
<pin id="95" dir="1" index="0" bw="1" slack="0"/>
</pin_list>
<bind>
<StgValue><ssdm name="p_ZZ5conv1PA255_A255_fPA1_A9_A9_fPfS1_E6w_tile_4_7_0"/><MemPortTyVec>1 3 </MemPortTyVec>
</StgValue>
</bind>
</comp>

<comp id="96" class="1000" name="p_ZZ5conv1PA255_A255_fPA1_A9_A9_fPfS1_E6w_tile_4_8_0">
<pin_list>
<pin id="97" dir="1" index="0" bw="1" slack="0"/>
</pin_list>
<bind>
<StgValue><ssdm name="p_ZZ5conv1PA255_A255_fPA1_A9_A9_fPfS1_E6w_tile_4_8_0"/><MemPortTyVec>1 3 </MemPortTyVec>
</StgValue>
</bind>
</comp>

<comp id="98" class="1000" name="p_ZZ5conv1PA255_A255_fPA1_A9_A9_fPfS1_E6w_tile_5_0_0">
<pin_list>
<pin id="99" dir="1" index="0" bw="1" slack="0"/>
</pin_list>
<bind>
<StgValue><ssdm name="p_ZZ5conv1PA255_A255_fPA1_A9_A9_fPfS1_E6w_tile_5_0_0"/><MemPortTyVec>1 3 </MemPortTyVec>
</StgValue>
</bind>
</comp>

<comp id="100" class="1000" name="p_ZZ5conv1PA255_A255_fPA1_A9_A9_fPfS1_E6w_tile_5_1_0">
<pin_list>
<pin id="101" dir="1" index="0" bw="1" slack="0"/>
</pin_list>
<bind>
<StgValue><ssdm name="p_ZZ5conv1PA255_A255_fPA1_A9_A9_fPfS1_E6w_tile_5_1_0"/><MemPortTyVec>1 3 </MemPortTyVec>
</StgValue>
</bind>
</comp>

<comp id="102" class="1000" name="p_ZZ5conv1PA255_A255_fPA1_A9_A9_fPfS1_E6w_tile_5_2_0">
<pin_list>
<pin id="103" dir="1" index="0" bw="1" slack="0"/>
</pin_list>
<bind>
<StgValue><ssdm name="p_ZZ5conv1PA255_A255_fPA1_A9_A9_fPfS1_E6w_tile_5_2_0"/><MemPortTyVec>1 3 </MemPortTyVec>
</StgValue>
</bind>
</comp>

<comp id="104" class="1000" name="p_ZZ5conv1PA255_A255_fPA1_A9_A9_fPfS1_E6w_tile_5_3_0">
<pin_list>
<pin id="105" dir="1" index="0" bw="1" slack="0"/>
</pin_list>
<bind>
<StgValue><ssdm name="p_ZZ5conv1PA255_A255_fPA1_A9_A9_fPfS1_E6w_tile_5_3_0"/><MemPortTyVec>1 3 </MemPortTyVec>
</StgValue>
</bind>
</comp>

<comp id="106" class="1000" name="p_ZZ5conv1PA255_A255_fPA1_A9_A9_fPfS1_E6w_tile_5_4_0">
<pin_list>
<pin id="107" dir="1" index="0" bw="1" slack="0"/>
</pin_list>
<bind>
<StgValue><ssdm name="p_ZZ5conv1PA255_A255_fPA1_A9_A9_fPfS1_E6w_tile_5_4_0"/><MemPortTyVec>1 3 </MemPortTyVec>
</StgValue>
</bind>
</comp>

<comp id="108" class="1000" name="p_ZZ5conv1PA255_A255_fPA1_A9_A9_fPfS1_E6w_tile_5_5_0">
<pin_list>
<pin id="109" dir="1" index="0" bw="1" slack="0"/>
</pin_list>
<bind>
<StgValue><ssdm name="p_ZZ5conv1PA255_A255_fPA1_A9_A9_fPfS1_E6w_tile_5_5_0"/><MemPortTyVec>1 3 </MemPortTyVec>
</StgValue>
</bind>
</comp>

<comp id="110" class="1000" name="p_ZZ5conv1PA255_A255_fPA1_A9_A9_fPfS1_E6w_tile_5_6_0">
<pin_list>
<pin id="111" dir="1" index="0" bw="1" slack="0"/>
</pin_list>
<bind>
<StgValue><ssdm name="p_ZZ5conv1PA255_A255_fPA1_A9_A9_fPfS1_E6w_tile_5_6_0"/><MemPortTyVec>1 3 </MemPortTyVec>
</StgValue>
</bind>
</comp>

<comp id="112" class="1000" name="p_ZZ5conv1PA255_A255_fPA1_A9_A9_fPfS1_E6w_tile_5_7_0">
<pin_list>
<pin id="113" dir="1" index="0" bw="1" slack="0"/>
</pin_list>
<bind>
<StgValue><ssdm name="p_ZZ5conv1PA255_A255_fPA1_A9_A9_fPfS1_E6w_tile_5_7_0"/><MemPortTyVec>1 3 </MemPortTyVec>
</StgValue>
</bind>
</comp>

<comp id="114" class="1000" name="p_ZZ5conv1PA255_A255_fPA1_A9_A9_fPfS1_E6w_tile_5_8_0">
<pin_list>
<pin id="115" dir="1" index="0" bw="1" slack="0"/>
</pin_list>
<bind>
<StgValue><ssdm name="p_ZZ5conv1PA255_A255_fPA1_A9_A9_fPfS1_E6w_tile_5_8_0"/><MemPortTyVec>1 3 </MemPortTyVec>
</StgValue>
</bind>
</comp>

<comp id="116" class="1000" name="p_ZZ5conv1PA255_A255_fPA1_A9_A9_fPfS1_E6w_tile_6_0_0">
<pin_list>
<pin id="117" dir="1" index="0" bw="1" slack="0"/>
</pin_list>
<bind>
<StgValue><ssdm name="p_ZZ5conv1PA255_A255_fPA1_A9_A9_fPfS1_E6w_tile_6_0_0"/><MemPortTyVec>1 3 </MemPortTyVec>
</StgValue>
</bind>
</comp>

<comp id="118" class="1000" name="p_ZZ5conv1PA255_A255_fPA1_A9_A9_fPfS1_E6w_tile_6_1_0">
<pin_list>
<pin id="119" dir="1" index="0" bw="1" slack="0"/>
</pin_list>
<bind>
<StgValue><ssdm name="p_ZZ5conv1PA255_A255_fPA1_A9_A9_fPfS1_E6w_tile_6_1_0"/><MemPortTyVec>1 3 </MemPortTyVec>
</StgValue>
</bind>
</comp>

<comp id="120" class="1000" name="p_ZZ5conv1PA255_A255_fPA1_A9_A9_fPfS1_E6w_tile_6_2_0">
<pin_list>
<pin id="121" dir="1" index="0" bw="1" slack="0"/>
</pin_list>
<bind>
<StgValue><ssdm name="p_ZZ5conv1PA255_A255_fPA1_A9_A9_fPfS1_E6w_tile_6_2_0"/><MemPortTyVec>1 3 </MemPortTyVec>
</StgValue>
</bind>
</comp>

<comp id="122" class="1000" name="p_ZZ5conv1PA255_A255_fPA1_A9_A9_fPfS1_E6w_tile_6_3_0">
<pin_list>
<pin id="123" dir="1" index="0" bw="1" slack="0"/>
</pin_list>
<bind>
<StgValue><ssdm name="p_ZZ5conv1PA255_A255_fPA1_A9_A9_fPfS1_E6w_tile_6_3_0"/><MemPortTyVec>1 3 </MemPortTyVec>
</StgValue>
</bind>
</comp>

<comp id="124" class="1000" name="p_ZZ5conv1PA255_A255_fPA1_A9_A9_fPfS1_E6w_tile_6_4_0">
<pin_list>
<pin id="125" dir="1" index="0" bw="1" slack="0"/>
</pin_list>
<bind>
<StgValue><ssdm name="p_ZZ5conv1PA255_A255_fPA1_A9_A9_fPfS1_E6w_tile_6_4_0"/><MemPortTyVec>1 3 </MemPortTyVec>
</StgValue>
</bind>
</comp>

<comp id="126" class="1000" name="p_ZZ5conv1PA255_A255_fPA1_A9_A9_fPfS1_E6w_tile_6_5_0">
<pin_list>
<pin id="127" dir="1" index="0" bw="1" slack="0"/>
</pin_list>
<bind>
<StgValue><ssdm name="p_ZZ5conv1PA255_A255_fPA1_A9_A9_fPfS1_E6w_tile_6_5_0"/><MemPortTyVec>1 3 </MemPortTyVec>
</StgValue>
</bind>
</comp>

<comp id="128" class="1000" name="p_ZZ5conv1PA255_A255_fPA1_A9_A9_fPfS1_E6w_tile_6_6_0">
<pin_list>
<pin id="129" dir="1" index="0" bw="1" slack="0"/>
</pin_list>
<bind>
<StgValue><ssdm name="p_ZZ5conv1PA255_A255_fPA1_A9_A9_fPfS1_E6w_tile_6_6_0"/><MemPortTyVec>1 3 </MemPortTyVec>
</StgValue>
</bind>
</comp>

<comp id="130" class="1000" name="p_ZZ5conv1PA255_A255_fPA1_A9_A9_fPfS1_E6w_tile_6_7_0">
<pin_list>
<pin id="131" dir="1" index="0" bw="1" slack="0"/>
</pin_list>
<bind>
<StgValue><ssdm name="p_ZZ5conv1PA255_A255_fPA1_A9_A9_fPfS1_E6w_tile_6_7_0"/><MemPortTyVec>1 3 </MemPortTyVec>
</StgValue>
</bind>
</comp>

<comp id="132" class="1000" name="p_ZZ5conv1PA255_A255_fPA1_A9_A9_fPfS1_E6w_tile_6_8_0">
<pin_list>
<pin id="133" dir="1" index="0" bw="1" slack="0"/>
</pin_list>
<bind>
<StgValue><ssdm name="p_ZZ5conv1PA255_A255_fPA1_A9_A9_fPfS1_E6w_tile_6_8_0"/><MemPortTyVec>1 3 </MemPortTyVec>
</StgValue>
</bind>
</comp>

<comp id="134" class="1000" name="p_ZZ5conv1PA255_A255_fPA1_A9_A9_fPfS1_E6w_tile_7_0_0">
<pin_list>
<pin id="135" dir="1" index="0" bw="1" slack="0"/>
</pin_list>
<bind>
<StgValue><ssdm name="p_ZZ5conv1PA255_A255_fPA1_A9_A9_fPfS1_E6w_tile_7_0_0"/><MemPortTyVec>1 3 </MemPortTyVec>
</StgValue>
</bind>
</comp>

<comp id="136" class="1000" name="p_ZZ5conv1PA255_A255_fPA1_A9_A9_fPfS1_E6w_tile_7_1_0">
<pin_list>
<pin id="137" dir="1" index="0" bw="1" slack="0"/>
</pin_list>
<bind>
<StgValue><ssdm name="p_ZZ5conv1PA255_A255_fPA1_A9_A9_fPfS1_E6w_tile_7_1_0"/><MemPortTyVec>1 3 </MemPortTyVec>
</StgValue>
</bind>
</comp>

<comp id="138" class="1000" name="p_ZZ5conv1PA255_A255_fPA1_A9_A9_fPfS1_E6w_tile_7_2_0">
<pin_list>
<pin id="139" dir="1" index="0" bw="1" slack="0"/>
</pin_list>
<bind>
<StgValue><ssdm name="p_ZZ5conv1PA255_A255_fPA1_A9_A9_fPfS1_E6w_tile_7_2_0"/><MemPortTyVec>1 3 </MemPortTyVec>
</StgValue>
</bind>
</comp>

<comp id="140" class="1000" name="p_ZZ5conv1PA255_A255_fPA1_A9_A9_fPfS1_E6w_tile_7_3_0">
<pin_list>
<pin id="141" dir="1" index="0" bw="1" slack="0"/>
</pin_list>
<bind>
<StgValue><ssdm name="p_ZZ5conv1PA255_A255_fPA1_A9_A9_fPfS1_E6w_tile_7_3_0"/><MemPortTyVec>1 3 </MemPortTyVec>
</StgValue>
</bind>
</comp>

<comp id="142" class="1000" name="p_ZZ5conv1PA255_A255_fPA1_A9_A9_fPfS1_E6w_tile_7_4_0">
<pin_list>
<pin id="143" dir="1" index="0" bw="1" slack="0"/>
</pin_list>
<bind>
<StgValue><ssdm name="p_ZZ5conv1PA255_A255_fPA1_A9_A9_fPfS1_E6w_tile_7_4_0"/><MemPortTyVec>1 3 </MemPortTyVec>
</StgValue>
</bind>
</comp>

<comp id="144" class="1000" name="p_ZZ5conv1PA255_A255_fPA1_A9_A9_fPfS1_E6w_tile_7_5_0">
<pin_list>
<pin id="145" dir="1" index="0" bw="1" slack="0"/>
</pin_list>
<bind>
<StgValue><ssdm name="p_ZZ5conv1PA255_A255_fPA1_A9_A9_fPfS1_E6w_tile_7_5_0"/><MemPortTyVec>1 3 </MemPortTyVec>
</StgValue>
</bind>
</comp>

<comp id="146" class="1000" name="p_ZZ5conv1PA255_A255_fPA1_A9_A9_fPfS1_E6w_tile_7_6_0">
<pin_list>
<pin id="147" dir="1" index="0" bw="1" slack="0"/>
</pin_list>
<bind>
<StgValue><ssdm name="p_ZZ5conv1PA255_A255_fPA1_A9_A9_fPfS1_E6w_tile_7_6_0"/><MemPortTyVec>1 3 </MemPortTyVec>
</StgValue>
</bind>
</comp>

<comp id="148" class="1000" name="p_ZZ5conv1PA255_A255_fPA1_A9_A9_fPfS1_E6w_tile_7_7_0">
<pin_list>
<pin id="149" dir="1" index="0" bw="1" slack="0"/>
</pin_list>
<bind>
<StgValue><ssdm name="p_ZZ5conv1PA255_A255_fPA1_A9_A9_fPfS1_E6w_tile_7_7_0"/><MemPortTyVec>1 3 </MemPortTyVec>
</StgValue>
</bind>
</comp>

<comp id="150" class="1000" name="p_ZZ5conv1PA255_A255_fPA1_A9_A9_fPfS1_E6w_tile_7_8_0">
<pin_list>
<pin id="151" dir="1" index="0" bw="1" slack="0"/>
</pin_list>
<bind>
<StgValue><ssdm name="p_ZZ5conv1PA255_A255_fPA1_A9_A9_fPfS1_E6w_tile_7_8_0"/><MemPortTyVec>1 3 </MemPortTyVec>
</StgValue>
</bind>
</comp>

<comp id="152" class="1000" name="p_ZZ5conv1PA255_A255_fPA1_A9_A9_fPfS1_E6w_tile_8_0_0">
<pin_list>
<pin id="153" dir="1" index="0" bw="1" slack="0"/>
</pin_list>
<bind>
<StgValue><ssdm name="p_ZZ5conv1PA255_A255_fPA1_A9_A9_fPfS1_E6w_tile_8_0_0"/><MemPortTyVec>1 3 </MemPortTyVec>
</StgValue>
</bind>
</comp>

<comp id="154" class="1000" name="p_ZZ5conv1PA255_A255_fPA1_A9_A9_fPfS1_E6w_tile_8_1_0">
<pin_list>
<pin id="155" dir="1" index="0" bw="1" slack="0"/>
</pin_list>
<bind>
<StgValue><ssdm name="p_ZZ5conv1PA255_A255_fPA1_A9_A9_fPfS1_E6w_tile_8_1_0"/><MemPortTyVec>1 3 </MemPortTyVec>
</StgValue>
</bind>
</comp>

<comp id="156" class="1000" name="p_ZZ5conv1PA255_A255_fPA1_A9_A9_fPfS1_E6w_tile_8_2_0">
<pin_list>
<pin id="157" dir="1" index="0" bw="1" slack="0"/>
</pin_list>
<bind>
<StgValue><ssdm name="p_ZZ5conv1PA255_A255_fPA1_A9_A9_fPfS1_E6w_tile_8_2_0"/><MemPortTyVec>1 3 </MemPortTyVec>
</StgValue>
</bind>
</comp>

<comp id="158" class="1000" name="p_ZZ5conv1PA255_A255_fPA1_A9_A9_fPfS1_E6w_tile_8_3_0">
<pin_list>
<pin id="159" dir="1" index="0" bw="1" slack="0"/>
</pin_list>
<bind>
<StgValue><ssdm name="p_ZZ5conv1PA255_A255_fPA1_A9_A9_fPfS1_E6w_tile_8_3_0"/><MemPortTyVec>1 3 </MemPortTyVec>
</StgValue>
</bind>
</comp>

<comp id="160" class="1000" name="p_ZZ5conv1PA255_A255_fPA1_A9_A9_fPfS1_E6w_tile_8_4_0">
<pin_list>
<pin id="161" dir="1" index="0" bw="1" slack="0"/>
</pin_list>
<bind>
<StgValue><ssdm name="p_ZZ5conv1PA255_A255_fPA1_A9_A9_fPfS1_E6w_tile_8_4_0"/><MemPortTyVec>1 3 </MemPortTyVec>
</StgValue>
</bind>
</comp>

<comp id="162" class="1000" name="p_ZZ5conv1PA255_A255_fPA1_A9_A9_fPfS1_E6w_tile_8_5_0">
<pin_list>
<pin id="163" dir="1" index="0" bw="1" slack="0"/>
</pin_list>
<bind>
<StgValue><ssdm name="p_ZZ5conv1PA255_A255_fPA1_A9_A9_fPfS1_E6w_tile_8_5_0"/><MemPortTyVec>1 3 </MemPortTyVec>
</StgValue>
</bind>
</comp>

<comp id="164" class="1000" name="p_ZZ5conv1PA255_A255_fPA1_A9_A9_fPfS1_E6w_tile_8_6_0">
<pin_list>
<pin id="165" dir="1" index="0" bw="1" slack="0"/>
</pin_list>
<bind>
<StgValue><ssdm name="p_ZZ5conv1PA255_A255_fPA1_A9_A9_fPfS1_E6w_tile_8_6_0"/><MemPortTyVec>1 3 </MemPortTyVec>
</StgValue>
</bind>
</comp>

<comp id="166" class="1000" name="p_ZZ5conv1PA255_A255_fPA1_A9_A9_fPfS1_E6w_tile_8_7_0">
<pin_list>
<pin id="167" dir="1" index="0" bw="1" slack="0"/>
</pin_list>
<bind>
<StgValue><ssdm name="p_ZZ5conv1PA255_A255_fPA1_A9_A9_fPfS1_E6w_tile_8_7_0"/><MemPortTyVec>1 3 </MemPortTyVec>
</StgValue>
</bind>
</comp>

<comp id="168" class="1000" name="p_ZZ5conv1PA255_A255_fPA1_A9_A9_fPfS1_E6w_tile_8_8_0">
<pin_list>
<pin id="169" dir="1" index="0" bw="1" slack="0"/>
</pin_list>
<bind>
<StgValue><ssdm name="p_ZZ5conv1PA255_A255_fPA1_A9_A9_fPfS1_E6w_tile_8_8_0"/><MemPortTyVec>1 3 </MemPortTyVec>
</StgValue>
</bind>
</comp>

<comp id="170" class="1001" name="const_170">
<pin_list>
<pin id="171" dir="1" index="0" bw="1" slack="0"/>
</pin_list>
<bind>
<StgValue><ssdm name=""/></StgValue>
</bind>
</comp>

<comp id="172" class="1001" name="const_172">
<pin_list>
<pin id="173" dir="1" index="0" bw="1" slack="0"/>
</pin_list>
<bind>
<StgValue><ssdm name="_ssdm_op_Read.ap_auto.i8"/></StgValue>
</bind>
</comp>

<comp id="174" class="1001" name="const_174">
<pin_list>
<pin id="175" dir="1" index="0" bw="1" slack="0"/>
</pin_list>
<bind>
<StgValue><ssdm name=""/></StgValue>
</bind>
</comp>

<comp id="176" class="1001" name="const_176">
<pin_list>
<pin id="177" dir="1" index="0" bw="1" slack="0"/>
</pin_list>
<bind>
<StgValue><ssdm name="_ssdm_op_BitConcatenate.i11.i6.i5"/></StgValue>
</bind>
</comp>

<comp id="178" class="1001" name="const_178">
<pin_list>
<pin id="179" dir="1" index="0" bw="1" slack="0"/>
</pin_list>
<bind>
<StgValue><ssdm name=""/></StgValue>
</bind>
</comp>

<comp id="180" class="1001" name="const_180">
<pin_list>
<pin id="181" dir="1" index="0" bw="1" slack="0"/>
</pin_list>
<bind>
<StgValue><ssdm name="_ssdm_op_BitConcatenate.i9.i6.i3"/></StgValue>
</bind>
</comp>

<comp id="182" class="1001" name="const_182">
<pin_list>
<pin id="183" dir="1" index="0" bw="1" slack="0"/>
</pin_list>
<bind>
<StgValue><ssdm name=""/></StgValue>
</bind>
</comp>

<comp id="184" class="1001" name="const_184">
<pin_list>
<pin id="185" dir="1" index="0" bw="1" slack="0"/>
</pin_list>
<bind>
<StgValue><ssdm name=""/></StgValue>
</bind>
</comp>

<comp id="186" class="1001" name="const_186">
<pin_list>
<pin id="187" dir="1" index="0" bw="1" slack="0"/>
</pin_list>
<bind>
<StgValue><ssdm name=""/></StgValue>
</bind>
</comp>

<comp id="188" class="1001" name="const_188">
<pin_list>
<pin id="189" dir="1" index="0" bw="1" slack="2147483647"/>
</pin_list>
<bind>
<StgValue><ssdm name="_ssdm_op_SpecLoopTripCount"/></StgValue>
</bind>
</comp>

<comp id="190" class="1001" name="const_190">
<pin_list>
<pin id="191" dir="1" index="0" bw="1" slack="2147483647"/>
</pin_list>
<bind>
<StgValue><ssdm name=""/></StgValue>
</bind>
</comp>

<comp id="192" class="1001" name="const_192">
<pin_list>
<pin id="193" dir="1" index="0" bw="1" slack="2147483647"/>
</pin_list>
<bind>
<StgValue><ssdm name="_ssdm_op_SpecLoopName"/></StgValue>
</bind>
</comp>

<comp id="194" class="1001" name="const_194">
<pin_list>
<pin id="195" dir="1" index="0" bw="1" slack="2147483647"/>
</pin_list>
<bind>
<StgValue><ssdm name="empty_9"/></StgValue>
</bind>
</comp>

<comp id="196" class="1001" name="const_196">
<pin_list>
<pin id="197" dir="1" index="0" bw="1" slack="0"/>
</pin_list>
<bind>
<StgValue><ssdm name=""/></StgValue>
</bind>
</comp>

<comp id="198" class="1001" name="const_198">
<pin_list>
<pin id="199" dir="1" index="0" bw="1" slack="0"/>
</pin_list>
<bind>
<StgValue><ssdm name=""/></StgValue>
</bind>
</comp>

<comp id="200" class="1001" name="const_200">
<pin_list>
<pin id="201" dir="1" index="0" bw="1" slack="0"/>
</pin_list>
<bind>
<StgValue><ssdm name=""/></StgValue>
</bind>
</comp>

<comp id="202" class="1001" name="const_202">
<pin_list>
<pin id="203" dir="1" index="0" bw="1" slack="0"/>
</pin_list>
<bind>
<StgValue><ssdm name=""/></StgValue>
</bind>
</comp>

<comp id="204" class="1001" name="const_204">
<pin_list>
<pin id="205" dir="1" index="0" bw="1" slack="0"/>
</pin_list>
<bind>
<StgValue><ssdm name=""/></StgValue>
</bind>
</comp>

<comp id="206" class="1001" name="const_206">
<pin_list>
<pin id="207" dir="1" index="0" bw="1" slack="0"/>
</pin_list>
<bind>
<StgValue><ssdm name=""/></StgValue>
</bind>
</comp>

<comp id="208" class="1001" name="const_208">
<pin_list>
<pin id="209" dir="1" index="0" bw="1" slack="0"/>
</pin_list>
<bind>
<StgValue><ssdm name=""/></StgValue>
</bind>
</comp>

<comp id="210" class="1001" name="const_210">
<pin_list>
<pin id="211" dir="1" index="0" bw="1" slack="0"/>
</pin_list>
<bind>
<StgValue><ssdm name=""/></StgValue>
</bind>
</comp>

<comp id="212" class="1001" name="const_212">
<pin_list>
<pin id="213" dir="1" index="0" bw="1" slack="2147483647"/>
</pin_list>
<bind>
<StgValue><ssdm name="empty_17"/></StgValue>
</bind>
</comp>

<comp id="214" class="1001" name="const_214">
<pin_list>
<pin id="215" dir="1" index="0" bw="1" slack="0"/>
</pin_list>
<bind>
<StgValue><ssdm name="compute_tile_c1_Pipeline_VITIS_LOOP_71_3"/></StgValue>
</bind>
</comp>

<comp id="216" class="1004" name="th_fu_216">
<pin_list>
<pin id="217" dir="0" index="0" bw="1" slack="0"/>
<pin id="218" dir="1" index="1" bw="6" slack="0"/>
</pin_list>
<bind>
<opcode="alloca(26) " fcode="alloca"/>
<opset="th/1 "/>
</bind>
</comp>

<comp id="220" class="1004" name="tH_read_read_fu_220">
<pin_list>
<pin id="221" dir="0" index="0" bw="8" slack="0"/>
<pin id="222" dir="0" index="1" bw="8" slack="0"/>
<pin id="223" dir="1" index="2" bw="8" slack="1"/>
</pin_list>
<bind>
<opcode="read(1150) " fcode="read"/>
<opset="tH_read/1 "/>
</bind>
</comp>

<comp id="226" class="1004" name="tW_read_read_fu_226">
<pin_list>
<pin id="227" dir="0" index="0" bw="8" slack="0"/>
<pin id="228" dir="0" index="1" bw="8" slack="0"/>
<pin id="229" dir="1" index="2" bw="8" slack="2"/>
</pin_list>
<bind>
<opcode="read(1150) " fcode="read"/>
<opset="tW_read/1 "/>
</bind>
</comp>

<comp id="232" class="1004" name="in_tile_1_0_addr_gep_fu_232">
<pin_list>
<pin id="233" dir="0" index="0" bw="32" slack="0"/>
<pin id="234" dir="0" index="1" bw="1" slack="0"/>
<pin id="235" dir="0" index="2" bw="11" slack="0"/>
<pin id="236" dir="1" index="3" bw="11" slack="0"/>
</pin_list>
<bind>
<opcode="getelementptr(29) " fcode="getelementptr"/>
<opset="in_tile_1_0_addr/3 "/>
</bind>
</comp>

<comp id="239" class="1004" name="in_tile_1_0_addr_9_gep_fu_239">
<pin_list>
<pin id="240" dir="0" index="0" bw="32" slack="0"/>
<pin id="241" dir="0" index="1" bw="1" slack="0"/>
<pin id="242" dir="0" index="2" bw="11" slack="0"/>
<pin id="243" dir="1" index="3" bw="11" slack="5"/>
</pin_list>
<bind>
<opcode="getelementptr(29) " fcode="getelementptr"/>
<opset="in_tile_1_0_addr_9/3 "/>
</bind>
</comp>

<comp id="246" class="1004" name="in_tile_1_0_addr_18_gep_fu_246">
<pin_list>
<pin id="247" dir="0" index="0" bw="32" slack="0"/>
<pin id="248" dir="0" index="1" bw="1" slack="0"/>
<pin id="249" dir="0" index="2" bw="11" slack="0"/>
<pin id="250" dir="1" index="3" bw="11" slack="9"/>
</pin_list>
<bind>
<opcode="getelementptr(29) " fcode="getelementptr"/>
<opset="in_tile_1_0_addr_18/3 "/>
</bind>
</comp>

<comp id="253" class="1004" name="in_tile_1_0_addr_27_gep_fu_253">
<pin_list>
<pin id="254" dir="0" index="0" bw="32" slack="0"/>
<pin id="255" dir="0" index="1" bw="1" slack="0"/>
<pin id="256" dir="0" index="2" bw="11" slack="0"/>
<pin id="257" dir="1" index="3" bw="11" slack="14"/>
</pin_list>
<bind>
<opcode="getelementptr(29) " fcode="getelementptr"/>
<opset="in_tile_1_0_addr_27/3 "/>
</bind>
</comp>

<comp id="260" class="1004" name="in_tile_1_0_addr_36_gep_fu_260">
<pin_list>
<pin id="261" dir="0" index="0" bw="32" slack="0"/>
<pin id="262" dir="0" index="1" bw="1" slack="0"/>
<pin id="263" dir="0" index="2" bw="11" slack="0"/>
<pin id="264" dir="1" index="3" bw="11" slack="18"/>
</pin_list>
<bind>
<opcode="getelementptr(29) " fcode="getelementptr"/>
<opset="in_tile_1_0_addr_36/3 "/>
</bind>
</comp>

<comp id="267" class="1004" name="in_tile_1_0_addr_45_gep_fu_267">
<pin_list>
<pin id="268" dir="0" index="0" bw="32" slack="0"/>
<pin id="269" dir="0" index="1" bw="1" slack="0"/>
<pin id="270" dir="0" index="2" bw="11" slack="0"/>
<pin id="271" dir="1" index="3" bw="11" slack="23"/>
</pin_list>
<bind>
<opcode="getelementptr(29) " fcode="getelementptr"/>
<opset="in_tile_1_0_addr_45/3 "/>
</bind>
</comp>

<comp id="274" class="1004" name="in_tile_1_0_addr_54_gep_fu_274">
<pin_list>
<pin id="275" dir="0" index="0" bw="32" slack="0"/>
<pin id="276" dir="0" index="1" bw="1" slack="0"/>
<pin id="277" dir="0" index="2" bw="11" slack="0"/>
<pin id="278" dir="1" index="3" bw="11" slack="27"/>
</pin_list>
<bind>
<opcode="getelementptr(29) " fcode="getelementptr"/>
<opset="in_tile_1_0_addr_54/3 "/>
</bind>
</comp>

<comp id="281" class="1004" name="in_tile_1_0_addr_63_gep_fu_281">
<pin_list>
<pin id="282" dir="0" index="0" bw="32" slack="0"/>
<pin id="283" dir="0" index="1" bw="1" slack="0"/>
<pin id="284" dir="0" index="2" bw="11" slack="0"/>
<pin id="285" dir="1" index="3" bw="11" slack="32"/>
</pin_list>
<bind>
<opcode="getelementptr(29) " fcode="getelementptr"/>
<opset="in_tile_1_0_addr_63/3 "/>
</bind>
</comp>

<comp id="288" class="1004" name="in_tile_1_0_addr_72_gep_fu_288">
<pin_list>
<pin id="289" dir="0" index="0" bw="32" slack="0"/>
<pin id="290" dir="0" index="1" bw="1" slack="0"/>
<pin id="291" dir="0" index="2" bw="11" slack="0"/>
<pin id="292" dir="1" index="3" bw="11" slack="36"/>
</pin_list>
<bind>
<opcode="getelementptr(29) " fcode="getelementptr"/>
<opset="in_tile_1_0_addr_72/3 "/>
</bind>
</comp>

<comp id="295" class="1004" name="in_tile_1_0_addr_1_gep_fu_295">
<pin_list>
<pin id="296" dir="0" index="0" bw="32" slack="0"/>
<pin id="297" dir="0" index="1" bw="1" slack="0"/>
<pin id="298" dir="0" index="2" bw="11" slack="0"/>
<pin id="299" dir="1" index="3" bw="11" slack="1"/>
</pin_list>
<bind>
<opcode="getelementptr(29) " fcode="getelementptr"/>
<opset="in_tile_1_0_addr_1/3 "/>
</bind>
</comp>

<comp id="302" class="1004" name="in_tile_1_0_addr_10_gep_fu_302">
<pin_list>
<pin id="303" dir="0" index="0" bw="32" slack="0"/>
<pin id="304" dir="0" index="1" bw="1" slack="0"/>
<pin id="305" dir="0" index="2" bw="11" slack="0"/>
<pin id="306" dir="1" index="3" bw="11" slack="5"/>
</pin_list>
<bind>
<opcode="getelementptr(29) " fcode="getelementptr"/>
<opset="in_tile_1_0_addr_10/3 "/>
</bind>
</comp>

<comp id="309" class="1004" name="in_tile_1_0_addr_19_gep_fu_309">
<pin_list>
<pin id="310" dir="0" index="0" bw="32" slack="0"/>
<pin id="311" dir="0" index="1" bw="1" slack="0"/>
<pin id="312" dir="0" index="2" bw="11" slack="0"/>
<pin id="313" dir="1" index="3" bw="11" slack="10"/>
</pin_list>
<bind>
<opcode="getelementptr(29) " fcode="getelementptr"/>
<opset="in_tile_1_0_addr_19/3 "/>
</bind>
</comp>

<comp id="316" class="1004" name="in_tile_1_0_addr_28_gep_fu_316">
<pin_list>
<pin id="317" dir="0" index="0" bw="32" slack="0"/>
<pin id="318" dir="0" index="1" bw="1" slack="0"/>
<pin id="319" dir="0" index="2" bw="11" slack="0"/>
<pin id="320" dir="1" index="3" bw="11" slack="14"/>
</pin_list>
<bind>
<opcode="getelementptr(29) " fcode="getelementptr"/>
<opset="in_tile_1_0_addr_28/3 "/>
</bind>
</comp>

<comp id="323" class="1004" name="in_tile_1_0_addr_37_gep_fu_323">
<pin_list>
<pin id="324" dir="0" index="0" bw="32" slack="0"/>
<pin id="325" dir="0" index="1" bw="1" slack="0"/>
<pin id="326" dir="0" index="2" bw="11" slack="0"/>
<pin id="327" dir="1" index="3" bw="11" slack="19"/>
</pin_list>
<bind>
<opcode="getelementptr(29) " fcode="getelementptr"/>
<opset="in_tile_1_0_addr_37/3 "/>
</bind>
</comp>

<comp id="330" class="1004" name="in_tile_1_0_addr_46_gep_fu_330">
<pin_list>
<pin id="331" dir="0" index="0" bw="32" slack="0"/>
<pin id="332" dir="0" index="1" bw="1" slack="0"/>
<pin id="333" dir="0" index="2" bw="11" slack="0"/>
<pin id="334" dir="1" index="3" bw="11" slack="23"/>
</pin_list>
<bind>
<opcode="getelementptr(29) " fcode="getelementptr"/>
<opset="in_tile_1_0_addr_46/3 "/>
</bind>
</comp>

<comp id="337" class="1004" name="in_tile_1_0_addr_55_gep_fu_337">
<pin_list>
<pin id="338" dir="0" index="0" bw="32" slack="0"/>
<pin id="339" dir="0" index="1" bw="1" slack="0"/>
<pin id="340" dir="0" index="2" bw="11" slack="0"/>
<pin id="341" dir="1" index="3" bw="11" slack="28"/>
</pin_list>
<bind>
<opcode="getelementptr(29) " fcode="getelementptr"/>
<opset="in_tile_1_0_addr_55/3 "/>
</bind>
</comp>

<comp id="344" class="1004" name="in_tile_1_0_addr_64_gep_fu_344">
<pin_list>
<pin id="345" dir="0" index="0" bw="32" slack="0"/>
<pin id="346" dir="0" index="1" bw="1" slack="0"/>
<pin id="347" dir="0" index="2" bw="11" slack="0"/>
<pin id="348" dir="1" index="3" bw="11" slack="32"/>
</pin_list>
<bind>
<opcode="getelementptr(29) " fcode="getelementptr"/>
<opset="in_tile_1_0_addr_64/3 "/>
</bind>
</comp>

<comp id="351" class="1004" name="in_tile_1_0_addr_73_gep_fu_351">
<pin_list>
<pin id="352" dir="0" index="0" bw="32" slack="0"/>
<pin id="353" dir="0" index="1" bw="1" slack="0"/>
<pin id="354" dir="0" index="2" bw="11" slack="0"/>
<pin id="355" dir="1" index="3" bw="11" slack="37"/>
</pin_list>
<bind>
<opcode="getelementptr(29) " fcode="getelementptr"/>
<opset="in_tile_1_0_addr_73/3 "/>
</bind>
</comp>

<comp id="358" class="1004" name="grp_access_fu_358">
<pin_list>
<pin id="359" dir="0" index="0" bw="11" slack="0"/>
<pin id="360" dir="0" index="1" bw="32" slack="2147483647"/>
<pin id="361" dir="0" index="2" bw="0" slack="0"/>
<pin id="371" dir="0" index="4" bw="11" slack="2147483647"/>
<pin id="372" dir="0" index="5" bw="32" slack="2147483647"/>
<pin id="373" dir="0" index="6" bw="0" slack="2147483647"/>
<pin id="362" dir="1" index="3" bw="32" slack="0"/>
<pin id="374" dir="1" index="7" bw="32" slack="0"/>
</pin_list>
<bind>
<opcode="load(27) " fcode="load"/>
<opset="in_tile_1_0_load/3 in_tile_1_0_load_1/4 in_tile_1_0_load_2/4 in_tile_1_0_load_3/5 in_tile_1_0_load_4/5 in_tile_1_0_load_5/6 in_tile_1_0_load_6/6 in_tile_1_0_load_7/7 in_tile_1_0_load_8/7 in_tile_1_0_load_9/8 in_tile_1_0_load_10/8 in_tile_1_0_load_11/9 in_tile_1_0_load_12/9 in_tile_1_0_load_13/10 in_tile_1_0_load_14/10 in_tile_1_0_load_15/11 in_tile_1_0_load_16/11 in_tile_1_0_load_17/12 in_tile_1_0_load_18/12 in_tile_1_0_load_19/13 in_tile_1_0_load_20/13 in_tile_1_0_load_21/14 in_tile_1_0_load_22/14 in_tile_1_0_load_23/15 in_tile_1_0_load_24/15 in_tile_1_0_load_25/16 in_tile_1_0_load_26/16 in_tile_1_0_load_27/17 in_tile_1_0_load_28/17 in_tile_1_0_load_29/18 in_tile_1_0_load_30/18 in_tile_1_0_load_31/19 in_tile_1_0_load_32/19 in_tile_1_0_load_33/20 in_tile_1_0_load_34/20 in_tile_1_0_load_35/21 in_tile_1_0_load_36/21 in_tile_1_0_load_37/22 in_tile_1_0_load_38/22 in_tile_1_0_load_39/23 in_tile_1_0_load_40/23 in_tile_1_0_load_41/24 in_tile_1_0_load_42/24 in_tile_1_0_load_43/25 in_tile_1_0_load_44/25 in_tile_1_0_load_45/26 in_tile_1_0_load_46/26 in_tile_1_0_load_47/27 in_tile_1_0_load_48/27 in_tile_1_0_load_49/28 in_tile_1_0_load_50/28 in_tile_1_0_load_51/29 in_tile_1_0_load_52/29 in_tile_1_0_load_53/30 in_tile_1_0_load_54/30 in_tile_1_0_load_55/31 in_tile_1_0_load_56/31 in_tile_1_0_load_57/32 in_tile_1_0_load_58/32 in_tile_1_0_load_59/33 in_tile_1_0_load_60/33 in_tile_1_0_load_61/34 in_tile_1_0_load_62/34 in_tile_1_0_load_63/35 in_tile_1_0_load_64/35 in_tile_1_0_load_65/36 in_tile_1_0_load_66/36 in_tile_1_0_load_67/37 in_tile_1_0_load_68/37 in_tile_1_0_load_69/38 in_tile_1_0_load_70/38 in_tile_1_0_load_71/39 in_tile_1_0_load_72/39 in_tile_1_0_load_73/40 in_tile_1_0_load_74/40 in_tile_1_0_load_75/41 in_tile_1_0_load_76/41 in_tile_1_0_load_77/42 in_tile_1_0_load_78/42 in_tile_1_0_load_79/43 in_tile_1_0_load_80/43 "/>
</bind>
</comp>

<comp id="364" class="1004" name="in_tile_1_0_addr_2_gep_fu_364">
<pin_list>
<pin id="365" dir="0" index="0" bw="32" slack="0"/>
<pin id="366" dir="0" index="1" bw="1" slack="0"/>
<pin id="367" dir="0" index="2" bw="11" slack="0"/>
<pin id="368" dir="1" index="3" bw="11" slack="0"/>
</pin_list>
<bind>
<opcode="getelementptr(29) " fcode="getelementptr"/>
<opset="in_tile_1_0_addr_2/4 "/>
</bind>
</comp>

<comp id="376" class="1004" name="in_tile_1_0_addr_3_gep_fu_376">
<pin_list>
<pin id="377" dir="0" index="0" bw="32" slack="0"/>
<pin id="378" dir="0" index="1" bw="1" slack="0"/>
<pin id="379" dir="0" index="2" bw="11" slack="0"/>
<pin id="380" dir="1" index="3" bw="11" slack="0"/>
</pin_list>
<bind>
<opcode="getelementptr(29) " fcode="getelementptr"/>
<opset="in_tile_1_0_addr_3/5 "/>
</bind>
</comp>

<comp id="383" class="1004" name="in_tile_1_0_addr_4_gep_fu_383">
<pin_list>
<pin id="384" dir="0" index="0" bw="32" slack="0"/>
<pin id="385" dir="0" index="1" bw="1" slack="0"/>
<pin id="386" dir="0" index="2" bw="11" slack="0"/>
<pin id="387" dir="1" index="3" bw="11" slack="0"/>
</pin_list>
<bind>
<opcode="getelementptr(29) " fcode="getelementptr"/>
<opset="in_tile_1_0_addr_4/5 "/>
</bind>
</comp>

<comp id="392" class="1004" name="in_tile_1_0_addr_5_gep_fu_392">
<pin_list>
<pin id="393" dir="0" index="0" bw="32" slack="0"/>
<pin id="394" dir="0" index="1" bw="1" slack="0"/>
<pin id="395" dir="0" index="2" bw="11" slack="0"/>
<pin id="396" dir="1" index="3" bw="11" slack="0"/>
</pin_list>
<bind>
<opcode="getelementptr(29) " fcode="getelementptr"/>
<opset="in_tile_1_0_addr_5/6 "/>
</bind>
</comp>

<comp id="399" class="1004" name="in_tile_1_0_addr_6_gep_fu_399">
<pin_list>
<pin id="400" dir="0" index="0" bw="32" slack="0"/>
<pin id="401" dir="0" index="1" bw="1" slack="0"/>
<pin id="402" dir="0" index="2" bw="11" slack="0"/>
<pin id="403" dir="1" index="3" bw="11" slack="0"/>
</pin_list>
<bind>
<opcode="getelementptr(29) " fcode="getelementptr"/>
<opset="in_tile_1_0_addr_6/6 "/>
</bind>
</comp>

<comp id="408" class="1004" name="in_tile_1_0_addr_7_gep_fu_408">
<pin_list>
<pin id="409" dir="0" index="0" bw="32" slack="0"/>
<pin id="410" dir="0" index="1" bw="1" slack="0"/>
<pin id="411" dir="0" index="2" bw="11" slack="0"/>
<pin id="412" dir="1" index="3" bw="11" slack="0"/>
</pin_list>
<bind>
<opcode="getelementptr(29) " fcode="getelementptr"/>
<opset="in_tile_1_0_addr_7/7 "/>
</bind>
</comp>

<comp id="415" class="1004" name="in_tile_1_0_addr_8_gep_fu_415">
<pin_list>
<pin id="416" dir="0" index="0" bw="32" slack="0"/>
<pin id="417" dir="0" index="1" bw="1" slack="0"/>
<pin id="418" dir="0" index="2" bw="11" slack="0"/>
<pin id="419" dir="1" index="3" bw="11" slack="0"/>
</pin_list>
<bind>
<opcode="getelementptr(29) " fcode="getelementptr"/>
<opset="in_tile_1_0_addr_8/7 "/>
</bind>
</comp>

<comp id="424" class="1004" name="in_tile_1_0_addr_11_gep_fu_424">
<pin_list>
<pin id="425" dir="0" index="0" bw="32" slack="0"/>
<pin id="426" dir="0" index="1" bw="1" slack="0"/>
<pin id="427" dir="0" index="2" bw="11" slack="0"/>
<pin id="428" dir="1" index="3" bw="11" slack="0"/>
</pin_list>
<bind>
<opcode="getelementptr(29) " fcode="getelementptr"/>
<opset="in_tile_1_0_addr_11/9 "/>
</bind>
</comp>

<comp id="431" class="1004" name="in_tile_1_0_addr_12_gep_fu_431">
<pin_list>
<pin id="432" dir="0" index="0" bw="32" slack="0"/>
<pin id="433" dir="0" index="1" bw="1" slack="0"/>
<pin id="434" dir="0" index="2" bw="11" slack="0"/>
<pin id="435" dir="1" index="3" bw="11" slack="0"/>
</pin_list>
<bind>
<opcode="getelementptr(29) " fcode="getelementptr"/>
<opset="in_tile_1_0_addr_12/9 "/>
</bind>
</comp>

<comp id="440" class="1004" name="in_tile_1_0_addr_13_gep_fu_440">
<pin_list>
<pin id="441" dir="0" index="0" bw="32" slack="0"/>
<pin id="442" dir="0" index="1" bw="1" slack="0"/>
<pin id="443" dir="0" index="2" bw="11" slack="0"/>
<pin id="444" dir="1" index="3" bw="11" slack="0"/>
</pin_list>
<bind>
<opcode="getelementptr(29) " fcode="getelementptr"/>
<opset="in_tile_1_0_addr_13/10 "/>
</bind>
</comp>

<comp id="447" class="1004" name="in_tile_1_0_addr_14_gep_fu_447">
<pin_list>
<pin id="448" dir="0" index="0" bw="32" slack="0"/>
<pin id="449" dir="0" index="1" bw="1" slack="0"/>
<pin id="450" dir="0" index="2" bw="11" slack="0"/>
<pin id="451" dir="1" index="3" bw="11" slack="0"/>
</pin_list>
<bind>
<opcode="getelementptr(29) " fcode="getelementptr"/>
<opset="in_tile_1_0_addr_14/10 "/>
</bind>
</comp>

<comp id="456" class="1004" name="in_tile_1_0_addr_15_gep_fu_456">
<pin_list>
<pin id="457" dir="0" index="0" bw="32" slack="0"/>
<pin id="458" dir="0" index="1" bw="1" slack="0"/>
<pin id="459" dir="0" index="2" bw="11" slack="0"/>
<pin id="460" dir="1" index="3" bw="11" slack="0"/>
</pin_list>
<bind>
<opcode="getelementptr(29) " fcode="getelementptr"/>
<opset="in_tile_1_0_addr_15/11 "/>
</bind>
</comp>

<comp id="463" class="1004" name="in_tile_1_0_addr_16_gep_fu_463">
<pin_list>
<pin id="464" dir="0" index="0" bw="32" slack="0"/>
<pin id="465" dir="0" index="1" bw="1" slack="0"/>
<pin id="466" dir="0" index="2" bw="11" slack="0"/>
<pin id="467" dir="1" index="3" bw="11" slack="0"/>
</pin_list>
<bind>
<opcode="getelementptr(29) " fcode="getelementptr"/>
<opset="in_tile_1_0_addr_16/11 "/>
</bind>
</comp>

<comp id="472" class="1004" name="in_tile_1_0_addr_17_gep_fu_472">
<pin_list>
<pin id="473" dir="0" index="0" bw="32" slack="0"/>
<pin id="474" dir="0" index="1" bw="1" slack="0"/>
<pin id="475" dir="0" index="2" bw="11" slack="0"/>
<pin id="476" dir="1" index="3" bw="11" slack="0"/>
</pin_list>
<bind>
<opcode="getelementptr(29) " fcode="getelementptr"/>
<opset="in_tile_1_0_addr_17/12 "/>
</bind>
</comp>

<comp id="480" class="1004" name="in_tile_1_0_addr_20_gep_fu_480">
<pin_list>
<pin id="481" dir="0" index="0" bw="32" slack="0"/>
<pin id="482" dir="0" index="1" bw="1" slack="0"/>
<pin id="483" dir="0" index="2" bw="11" slack="0"/>
<pin id="484" dir="1" index="3" bw="11" slack="0"/>
</pin_list>
<bind>
<opcode="getelementptr(29) " fcode="getelementptr"/>
<opset="in_tile_1_0_addr_20/13 "/>
</bind>
</comp>

<comp id="488" class="1004" name="in_tile_1_0_addr_21_gep_fu_488">
<pin_list>
<pin id="489" dir="0" index="0" bw="32" slack="0"/>
<pin id="490" dir="0" index="1" bw="1" slack="0"/>
<pin id="491" dir="0" index="2" bw="11" slack="0"/>
<pin id="492" dir="1" index="3" bw="11" slack="0"/>
</pin_list>
<bind>
<opcode="getelementptr(29) " fcode="getelementptr"/>
<opset="in_tile_1_0_addr_21/14 "/>
</bind>
</comp>

<comp id="495" class="1004" name="in_tile_1_0_addr_22_gep_fu_495">
<pin_list>
<pin id="496" dir="0" index="0" bw="32" slack="0"/>
<pin id="497" dir="0" index="1" bw="1" slack="0"/>
<pin id="498" dir="0" index="2" bw="11" slack="0"/>
<pin id="499" dir="1" index="3" bw="11" slack="0"/>
</pin_list>
<bind>
<opcode="getelementptr(29) " fcode="getelementptr"/>
<opset="in_tile_1_0_addr_22/14 "/>
</bind>
</comp>

<comp id="504" class="1004" name="in_tile_1_0_addr_23_gep_fu_504">
<pin_list>
<pin id="505" dir="0" index="0" bw="32" slack="0"/>
<pin id="506" dir="0" index="1" bw="1" slack="0"/>
<pin id="507" dir="0" index="2" bw="11" slack="0"/>
<pin id="508" dir="1" index="3" bw="11" slack="0"/>
</pin_list>
<bind>
<opcode="getelementptr(29) " fcode="getelementptr"/>
<opset="in_tile_1_0_addr_23/15 "/>
</bind>
</comp>

<comp id="511" class="1004" name="in_tile_1_0_addr_24_gep_fu_511">
<pin_list>
<pin id="512" dir="0" index="0" bw="32" slack="0"/>
<pin id="513" dir="0" index="1" bw="1" slack="0"/>
<pin id="514" dir="0" index="2" bw="11" slack="0"/>
<pin id="515" dir="1" index="3" bw="11" slack="0"/>
</pin_list>
<bind>
<opcode="getelementptr(29) " fcode="getelementptr"/>
<opset="in_tile_1_0_addr_24/15 "/>
</bind>
</comp>

<comp id="520" class="1004" name="in_tile_1_0_addr_25_gep_fu_520">
<pin_list>
<pin id="521" dir="0" index="0" bw="32" slack="0"/>
<pin id="522" dir="0" index="1" bw="1" slack="0"/>
<pin id="523" dir="0" index="2" bw="11" slack="0"/>
<pin id="524" dir="1" index="3" bw="11" slack="0"/>
</pin_list>
<bind>
<opcode="getelementptr(29) " fcode="getelementptr"/>
<opset="in_tile_1_0_addr_25/16 "/>
</bind>
</comp>

<comp id="527" class="1004" name="in_tile_1_0_addr_26_gep_fu_527">
<pin_list>
<pin id="528" dir="0" index="0" bw="32" slack="0"/>
<pin id="529" dir="0" index="1" bw="1" slack="0"/>
<pin id="530" dir="0" index="2" bw="11" slack="0"/>
<pin id="531" dir="1" index="3" bw="11" slack="0"/>
</pin_list>
<bind>
<opcode="getelementptr(29) " fcode="getelementptr"/>
<opset="in_tile_1_0_addr_26/16 "/>
</bind>
</comp>

<comp id="536" class="1004" name="in_tile_1_0_addr_29_gep_fu_536">
<pin_list>
<pin id="537" dir="0" index="0" bw="32" slack="0"/>
<pin id="538" dir="0" index="1" bw="1" slack="0"/>
<pin id="539" dir="0" index="2" bw="11" slack="0"/>
<pin id="540" dir="1" index="3" bw="11" slack="0"/>
</pin_list>
<bind>
<opcode="getelementptr(29) " fcode="getelementptr"/>
<opset="in_tile_1_0_addr_29/18 "/>
</bind>
</comp>

<comp id="543" class="1004" name="in_tile_1_0_addr_30_gep_fu_543">
<pin_list>
<pin id="544" dir="0" index="0" bw="32" slack="0"/>
<pin id="545" dir="0" index="1" bw="1" slack="0"/>
<pin id="546" dir="0" index="2" bw="11" slack="0"/>
<pin id="547" dir="1" index="3" bw="11" slack="0"/>
</pin_list>
<bind>
<opcode="getelementptr(29) " fcode="getelementptr"/>
<opset="in_tile_1_0_addr_30/18 "/>
</bind>
</comp>

<comp id="552" class="1004" name="in_tile_1_0_addr_31_gep_fu_552">
<pin_list>
<pin id="553" dir="0" index="0" bw="32" slack="0"/>
<pin id="554" dir="0" index="1" bw="1" slack="0"/>
<pin id="555" dir="0" index="2" bw="11" slack="0"/>
<pin id="556" dir="1" index="3" bw="11" slack="0"/>
</pin_list>
<bind>
<opcode="getelementptr(29) " fcode="getelementptr"/>
<opset="in_tile_1_0_addr_31/19 "/>
</bind>
</comp>

<comp id="559" class="1004" name="in_tile_1_0_addr_32_gep_fu_559">
<pin_list>
<pin id="560" dir="0" index="0" bw="32" slack="0"/>
<pin id="561" dir="0" index="1" bw="1" slack="0"/>
<pin id="562" dir="0" index="2" bw="11" slack="0"/>
<pin id="563" dir="1" index="3" bw="11" slack="0"/>
</pin_list>
<bind>
<opcode="getelementptr(29) " fcode="getelementptr"/>
<opset="in_tile_1_0_addr_32/19 "/>
</bind>
</comp>

<comp id="568" class="1004" name="in_tile_1_0_addr_33_gep_fu_568">
<pin_list>
<pin id="569" dir="0" index="0" bw="32" slack="0"/>
<pin id="570" dir="0" index="1" bw="1" slack="0"/>
<pin id="571" dir="0" index="2" bw="11" slack="0"/>
<pin id="572" dir="1" index="3" bw="11" slack="0"/>
</pin_list>
<bind>
<opcode="getelementptr(29) " fcode="getelementptr"/>
<opset="in_tile_1_0_addr_33/20 "/>
</bind>
</comp>

<comp id="575" class="1004" name="in_tile_1_0_addr_34_gep_fu_575">
<pin_list>
<pin id="576" dir="0" index="0" bw="32" slack="0"/>
<pin id="577" dir="0" index="1" bw="1" slack="0"/>
<pin id="578" dir="0" index="2" bw="11" slack="0"/>
<pin id="579" dir="1" index="3" bw="11" slack="0"/>
</pin_list>
<bind>
<opcode="getelementptr(29) " fcode="getelementptr"/>
<opset="in_tile_1_0_addr_34/20 "/>
</bind>
</comp>

<comp id="584" class="1004" name="in_tile_1_0_addr_35_gep_fu_584">
<pin_list>
<pin id="585" dir="0" index="0" bw="32" slack="0"/>
<pin id="586" dir="0" index="1" bw="1" slack="0"/>
<pin id="587" dir="0" index="2" bw="11" slack="0"/>
<pin id="588" dir="1" index="3" bw="11" slack="0"/>
</pin_list>
<bind>
<opcode="getelementptr(29) " fcode="getelementptr"/>
<opset="in_tile_1_0_addr_35/21 "/>
</bind>
</comp>

<comp id="592" class="1004" name="in_tile_1_0_addr_38_gep_fu_592">
<pin_list>
<pin id="593" dir="0" index="0" bw="32" slack="0"/>
<pin id="594" dir="0" index="1" bw="1" slack="0"/>
<pin id="595" dir="0" index="2" bw="11" slack="0"/>
<pin id="596" dir="1" index="3" bw="11" slack="0"/>
</pin_list>
<bind>
<opcode="getelementptr(29) " fcode="getelementptr"/>
<opset="in_tile_1_0_addr_38/22 "/>
</bind>
</comp>

<comp id="600" class="1004" name="in_tile_1_0_addr_39_gep_fu_600">
<pin_list>
<pin id="601" dir="0" index="0" bw="32" slack="0"/>
<pin id="602" dir="0" index="1" bw="1" slack="0"/>
<pin id="603" dir="0" index="2" bw="11" slack="0"/>
<pin id="604" dir="1" index="3" bw="11" slack="0"/>
</pin_list>
<bind>
<opcode="getelementptr(29) " fcode="getelementptr"/>
<opset="in_tile_1_0_addr_39/23 "/>
</bind>
</comp>

<comp id="607" class="1004" name="in_tile_1_0_addr_40_gep_fu_607">
<pin_list>
<pin id="608" dir="0" index="0" bw="32" slack="0"/>
<pin id="609" dir="0" index="1" bw="1" slack="0"/>
<pin id="610" dir="0" index="2" bw="11" slack="0"/>
<pin id="611" dir="1" index="3" bw="11" slack="0"/>
</pin_list>
<bind>
<opcode="getelementptr(29) " fcode="getelementptr"/>
<opset="in_tile_1_0_addr_40/23 "/>
</bind>
</comp>

<comp id="616" class="1004" name="in_tile_1_0_addr_41_gep_fu_616">
<pin_list>
<pin id="617" dir="0" index="0" bw="32" slack="0"/>
<pin id="618" dir="0" index="1" bw="1" slack="0"/>
<pin id="619" dir="0" index="2" bw="11" slack="0"/>
<pin id="620" dir="1" index="3" bw="11" slack="0"/>
</pin_list>
<bind>
<opcode="getelementptr(29) " fcode="getelementptr"/>
<opset="in_tile_1_0_addr_41/24 "/>
</bind>
</comp>

<comp id="623" class="1004" name="in_tile_1_0_addr_42_gep_fu_623">
<pin_list>
<pin id="624" dir="0" index="0" bw="32" slack="0"/>
<pin id="625" dir="0" index="1" bw="1" slack="0"/>
<pin id="626" dir="0" index="2" bw="11" slack="0"/>
<pin id="627" dir="1" index="3" bw="11" slack="0"/>
</pin_list>
<bind>
<opcode="getelementptr(29) " fcode="getelementptr"/>
<opset="in_tile_1_0_addr_42/24 "/>
</bind>
</comp>

<comp id="632" class="1004" name="in_tile_1_0_addr_43_gep_fu_632">
<pin_list>
<pin id="633" dir="0" index="0" bw="32" slack="0"/>
<pin id="634" dir="0" index="1" bw="1" slack="0"/>
<pin id="635" dir="0" index="2" bw="11" slack="0"/>
<pin id="636" dir="1" index="3" bw="11" slack="0"/>
</pin_list>
<bind>
<opcode="getelementptr(29) " fcode="getelementptr"/>
<opset="in_tile_1_0_addr_43/25 "/>
</bind>
</comp>

<comp id="639" class="1004" name="in_tile_1_0_addr_44_gep_fu_639">
<pin_list>
<pin id="640" dir="0" index="0" bw="32" slack="0"/>
<pin id="641" dir="0" index="1" bw="1" slack="0"/>
<pin id="642" dir="0" index="2" bw="11" slack="0"/>
<pin id="643" dir="1" index="3" bw="11" slack="0"/>
</pin_list>
<bind>
<opcode="getelementptr(29) " fcode="getelementptr"/>
<opset="in_tile_1_0_addr_44/25 "/>
</bind>
</comp>

<comp id="648" class="1004" name="in_tile_1_0_addr_47_gep_fu_648">
<pin_list>
<pin id="649" dir="0" index="0" bw="32" slack="0"/>
<pin id="650" dir="0" index="1" bw="1" slack="0"/>
<pin id="651" dir="0" index="2" bw="11" slack="0"/>
<pin id="652" dir="1" index="3" bw="11" slack="0"/>
</pin_list>
<bind>
<opcode="getelementptr(29) " fcode="getelementptr"/>
<opset="in_tile_1_0_addr_47/27 "/>
</bind>
</comp>

<comp id="655" class="1004" name="in_tile_1_0_addr_48_gep_fu_655">
<pin_list>
<pin id="656" dir="0" index="0" bw="32" slack="0"/>
<pin id="657" dir="0" index="1" bw="1" slack="0"/>
<pin id="658" dir="0" index="2" bw="11" slack="0"/>
<pin id="659" dir="1" index="3" bw="11" slack="0"/>
</pin_list>
<bind>
<opcode="getelementptr(29) " fcode="getelementptr"/>
<opset="in_tile_1_0_addr_48/27 "/>
</bind>
</comp>

<comp id="664" class="1004" name="in_tile_1_0_addr_49_gep_fu_664">
<pin_list>
<pin id="665" dir="0" index="0" bw="32" slack="0"/>
<pin id="666" dir="0" index="1" bw="1" slack="0"/>
<pin id="667" dir="0" index="2" bw="11" slack="0"/>
<pin id="668" dir="1" index="3" bw="11" slack="0"/>
</pin_list>
<bind>
<opcode="getelementptr(29) " fcode="getelementptr"/>
<opset="in_tile_1_0_addr_49/28 "/>
</bind>
</comp>

<comp id="671" class="1004" name="in_tile_1_0_addr_50_gep_fu_671">
<pin_list>
<pin id="672" dir="0" index="0" bw="32" slack="0"/>
<pin id="673" dir="0" index="1" bw="1" slack="0"/>
<pin id="674" dir="0" index="2" bw="11" slack="0"/>
<pin id="675" dir="1" index="3" bw="11" slack="0"/>
</pin_list>
<bind>
<opcode="getelementptr(29) " fcode="getelementptr"/>
<opset="in_tile_1_0_addr_50/28 "/>
</bind>
</comp>

<comp id="680" class="1004" name="in_tile_1_0_addr_51_gep_fu_680">
<pin_list>
<pin id="681" dir="0" index="0" bw="32" slack="0"/>
<pin id="682" dir="0" index="1" bw="1" slack="0"/>
<pin id="683" dir="0" index="2" bw="11" slack="0"/>
<pin id="684" dir="1" index="3" bw="11" slack="0"/>
</pin_list>
<bind>
<opcode="getelementptr(29) " fcode="getelementptr"/>
<opset="in_tile_1_0_addr_51/29 "/>
</bind>
</comp>

<comp id="687" class="1004" name="in_tile_1_0_addr_52_gep_fu_687">
<pin_list>
<pin id="688" dir="0" index="0" bw="32" slack="0"/>
<pin id="689" dir="0" index="1" bw="1" slack="0"/>
<pin id="690" dir="0" index="2" bw="11" slack="0"/>
<pin id="691" dir="1" index="3" bw="11" slack="0"/>
</pin_list>
<bind>
<opcode="getelementptr(29) " fcode="getelementptr"/>
<opset="in_tile_1_0_addr_52/29 "/>
</bind>
</comp>

<comp id="696" class="1004" name="in_tile_1_0_addr_53_gep_fu_696">
<pin_list>
<pin id="697" dir="0" index="0" bw="32" slack="0"/>
<pin id="698" dir="0" index="1" bw="1" slack="0"/>
<pin id="699" dir="0" index="2" bw="11" slack="0"/>
<pin id="700" dir="1" index="3" bw="11" slack="0"/>
</pin_list>
<bind>
<opcode="getelementptr(29) " fcode="getelementptr"/>
<opset="in_tile_1_0_addr_53/30 "/>
</bind>
</comp>

<comp id="704" class="1004" name="in_tile_1_0_addr_56_gep_fu_704">
<pin_list>
<pin id="705" dir="0" index="0" bw="32" slack="0"/>
<pin id="706" dir="0" index="1" bw="1" slack="0"/>
<pin id="707" dir="0" index="2" bw="11" slack="0"/>
<pin id="708" dir="1" index="3" bw="11" slack="0"/>
</pin_list>
<bind>
<opcode="getelementptr(29) " fcode="getelementptr"/>
<opset="in_tile_1_0_addr_56/31 "/>
</bind>
</comp>

<comp id="712" class="1004" name="in_tile_1_0_addr_57_gep_fu_712">
<pin_list>
<pin id="713" dir="0" index="0" bw="32" slack="0"/>
<pin id="714" dir="0" index="1" bw="1" slack="0"/>
<pin id="715" dir="0" index="2" bw="11" slack="0"/>
<pin id="716" dir="1" index="3" bw="11" slack="0"/>
</pin_list>
<bind>
<opcode="getelementptr(29) " fcode="getelementptr"/>
<opset="in_tile_1_0_addr_57/32 "/>
</bind>
</comp>

<comp id="719" class="1004" name="in_tile_1_0_addr_58_gep_fu_719">
<pin_list>
<pin id="720" dir="0" index="0" bw="32" slack="0"/>
<pin id="721" dir="0" index="1" bw="1" slack="0"/>
<pin id="722" dir="0" index="2" bw="11" slack="0"/>
<pin id="723" dir="1" index="3" bw="11" slack="0"/>
</pin_list>
<bind>
<opcode="getelementptr(29) " fcode="getelementptr"/>
<opset="in_tile_1_0_addr_58/32 "/>
</bind>
</comp>

<comp id="728" class="1004" name="in_tile_1_0_addr_59_gep_fu_728">
<pin_list>
<pin id="729" dir="0" index="0" bw="32" slack="0"/>
<pin id="730" dir="0" index="1" bw="1" slack="0"/>
<pin id="731" dir="0" index="2" bw="11" slack="0"/>
<pin id="732" dir="1" index="3" bw="11" slack="0"/>
</pin_list>
<bind>
<opcode="getelementptr(29) " fcode="getelementptr"/>
<opset="in_tile_1_0_addr_59/33 "/>
</bind>
</comp>

<comp id="735" class="1004" name="in_tile_1_0_addr_60_gep_fu_735">
<pin_list>
<pin id="736" dir="0" index="0" bw="32" slack="0"/>
<pin id="737" dir="0" index="1" bw="1" slack="0"/>
<pin id="738" dir="0" index="2" bw="11" slack="0"/>
<pin id="739" dir="1" index="3" bw="11" slack="0"/>
</pin_list>
<bind>
<opcode="getelementptr(29) " fcode="getelementptr"/>
<opset="in_tile_1_0_addr_60/33 "/>
</bind>
</comp>

<comp id="744" class="1004" name="in_tile_1_0_addr_61_gep_fu_744">
<pin_list>
<pin id="745" dir="0" index="0" bw="32" slack="0"/>
<pin id="746" dir="0" index="1" bw="1" slack="0"/>
<pin id="747" dir="0" index="2" bw="11" slack="0"/>
<pin id="748" dir="1" index="3" bw="11" slack="0"/>
</pin_list>
<bind>
<opcode="getelementptr(29) " fcode="getelementptr"/>
<opset="in_tile_1_0_addr_61/34 "/>
</bind>
</comp>

<comp id="751" class="1004" name="in_tile_1_0_addr_62_gep_fu_751">
<pin_list>
<pin id="752" dir="0" index="0" bw="32" slack="0"/>
<pin id="753" dir="0" index="1" bw="1" slack="0"/>
<pin id="754" dir="0" index="2" bw="11" slack="0"/>
<pin id="755" dir="1" index="3" bw="11" slack="0"/>
</pin_list>
<bind>
<opcode="getelementptr(29) " fcode="getelementptr"/>
<opset="in_tile_1_0_addr_62/34 "/>
</bind>
</comp>

<comp id="760" class="1004" name="in_tile_1_0_addr_65_gep_fu_760">
<pin_list>
<pin id="761" dir="0" index="0" bw="32" slack="0"/>
<pin id="762" dir="0" index="1" bw="1" slack="0"/>
<pin id="763" dir="0" index="2" bw="11" slack="0"/>
<pin id="764" dir="1" index="3" bw="11" slack="0"/>
</pin_list>
<bind>
<opcode="getelementptr(29) " fcode="getelementptr"/>
<opset="in_tile_1_0_addr_65/36 "/>
</bind>
</comp>

<comp id="767" class="1004" name="in_tile_1_0_addr_66_gep_fu_767">
<pin_list>
<pin id="768" dir="0" index="0" bw="32" slack="0"/>
<pin id="769" dir="0" index="1" bw="1" slack="0"/>
<pin id="770" dir="0" index="2" bw="11" slack="0"/>
<pin id="771" dir="1" index="3" bw="11" slack="0"/>
</pin_list>
<bind>
<opcode="getelementptr(29) " fcode="getelementptr"/>
<opset="in_tile_1_0_addr_66/36 "/>
</bind>
</comp>

<comp id="776" class="1004" name="in_tile_1_0_addr_67_gep_fu_776">
<pin_list>
<pin id="777" dir="0" index="0" bw="32" slack="0"/>
<pin id="778" dir="0" index="1" bw="1" slack="0"/>
<pin id="779" dir="0" index="2" bw="11" slack="0"/>
<pin id="780" dir="1" index="3" bw="11" slack="0"/>
</pin_list>
<bind>
<opcode="getelementptr(29) " fcode="getelementptr"/>
<opset="in_tile_1_0_addr_67/37 "/>
</bind>
</comp>

<comp id="783" class="1004" name="in_tile_1_0_addr_68_gep_fu_783">
<pin_list>
<pin id="784" dir="0" index="0" bw="32" slack="0"/>
<pin id="785" dir="0" index="1" bw="1" slack="0"/>
<pin id="786" dir="0" index="2" bw="11" slack="0"/>
<pin id="787" dir="1" index="3" bw="11" slack="0"/>
</pin_list>
<bind>
<opcode="getelementptr(29) " fcode="getelementptr"/>
<opset="in_tile_1_0_addr_68/37 "/>
</bind>
</comp>

<comp id="792" class="1004" name="in_tile_1_0_addr_69_gep_fu_792">
<pin_list>
<pin id="793" dir="0" index="0" bw="32" slack="0"/>
<pin id="794" dir="0" index="1" bw="1" slack="0"/>
<pin id="795" dir="0" index="2" bw="11" slack="0"/>
<pin id="796" dir="1" index="3" bw="11" slack="0"/>
</pin_list>
<bind>
<opcode="getelementptr(29) " fcode="getelementptr"/>
<opset="in_tile_1_0_addr_69/38 "/>
</bind>
</comp>

<comp id="799" class="1004" name="in_tile_1_0_addr_70_gep_fu_799">
<pin_list>
<pin id="800" dir="0" index="0" bw="32" slack="0"/>
<pin id="801" dir="0" index="1" bw="1" slack="0"/>
<pin id="802" dir="0" index="2" bw="11" slack="0"/>
<pin id="803" dir="1" index="3" bw="11" slack="0"/>
</pin_list>
<bind>
<opcode="getelementptr(29) " fcode="getelementptr"/>
<opset="in_tile_1_0_addr_70/38 "/>
</bind>
</comp>

<comp id="808" class="1004" name="in_tile_1_0_addr_71_gep_fu_808">
<pin_list>
<pin id="809" dir="0" index="0" bw="32" slack="0"/>
<pin id="810" dir="0" index="1" bw="1" slack="0"/>
<pin id="811" dir="0" index="2" bw="11" slack="0"/>
<pin id="812" dir="1" index="3" bw="11" slack="0"/>
</pin_list>
<bind>
<opcode="getelementptr(29) " fcode="getelementptr"/>
<opset="in_tile_1_0_addr_71/39 "/>
</bind>
</comp>

<comp id="816" class="1004" name="in_tile_1_0_addr_74_gep_fu_816">
<pin_list>
<pin id="817" dir="0" index="0" bw="32" slack="0"/>
<pin id="818" dir="0" index="1" bw="1" slack="0"/>
<pin id="819" dir="0" index="2" bw="11" slack="0"/>
<pin id="820" dir="1" index="3" bw="11" slack="0"/>
</pin_list>
<bind>
<opcode="getelementptr(29) " fcode="getelementptr"/>
<opset="in_tile_1_0_addr_74/40 "/>
</bind>
</comp>

<comp id="824" class="1004" name="in_tile_1_0_addr_75_gep_fu_824">
<pin_list>
<pin id="825" dir="0" index="0" bw="32" slack="0"/>
<pin id="826" dir="0" index="1" bw="1" slack="0"/>
<pin id="827" dir="0" index="2" bw="11" slack="0"/>
<pin id="828" dir="1" index="3" bw="11" slack="0"/>
</pin_list>
<bind>
<opcode="getelementptr(29) " fcode="getelementptr"/>
<opset="in_tile_1_0_addr_75/41 "/>
</bind>
</comp>

<comp id="831" class="1004" name="in_tile_1_0_addr_76_gep_fu_831">
<pin_list>
<pin id="832" dir="0" index="0" bw="32" slack="0"/>
<pin id="833" dir="0" index="1" bw="1" slack="0"/>
<pin id="834" dir="0" index="2" bw="11" slack="0"/>
<pin id="835" dir="1" index="3" bw="11" slack="0"/>
</pin_list>
<bind>
<opcode="getelementptr(29) " fcode="getelementptr"/>
<opset="in_tile_1_0_addr_76/41 "/>
</bind>
</comp>

<comp id="840" class="1004" name="in_tile_1_0_addr_77_gep_fu_840">
<pin_list>
<pin id="841" dir="0" index="0" bw="32" slack="0"/>
<pin id="842" dir="0" index="1" bw="1" slack="0"/>
<pin id="843" dir="0" index="2" bw="11" slack="0"/>
<pin id="844" dir="1" index="3" bw="11" slack="0"/>
</pin_list>
<bind>
<opcode="getelementptr(29) " fcode="getelementptr"/>
<opset="in_tile_1_0_addr_77/42 "/>
</bind>
</comp>

<comp id="847" class="1004" name="in_tile_1_0_addr_78_gep_fu_847">
<pin_list>
<pin id="848" dir="0" index="0" bw="32" slack="0"/>
<pin id="849" dir="0" index="1" bw="1" slack="0"/>
<pin id="850" dir="0" index="2" bw="11" slack="0"/>
<pin id="851" dir="1" index="3" bw="11" slack="0"/>
</pin_list>
<bind>
<opcode="getelementptr(29) " fcode="getelementptr"/>
<opset="in_tile_1_0_addr_78/42 "/>
</bind>
</comp>

<comp id="856" class="1004" name="in_tile_1_0_addr_79_gep_fu_856">
<pin_list>
<pin id="857" dir="0" index="0" bw="32" slack="0"/>
<pin id="858" dir="0" index="1" bw="1" slack="0"/>
<pin id="859" dir="0" index="2" bw="11" slack="0"/>
<pin id="860" dir="1" index="3" bw="11" slack="0"/>
</pin_list>
<bind>
<opcode="getelementptr(29) " fcode="getelementptr"/>
<opset="in_tile_1_0_addr_79/43 "/>
</bind>
</comp>

<comp id="863" class="1004" name="in_tile_1_0_addr_80_gep_fu_863">
<pin_list>
<pin id="864" dir="0" index="0" bw="32" slack="0"/>
<pin id="865" dir="0" index="1" bw="1" slack="0"/>
<pin id="866" dir="0" index="2" bw="11" slack="0"/>
<pin id="867" dir="1" index="3" bw="11" slack="0"/>
</pin_list>
<bind>
<opcode="getelementptr(29) " fcode="getelementptr"/>
<opset="in_tile_1_0_addr_80/43 "/>
</bind>
</comp>

<comp id="872" class="1005" name="tw_reg_872">
<pin_list>
<pin id="873" dir="0" index="0" bw="6" slack="1"/>
<pin id="874" dir="1" index="1" bw="6" slack="1"/>
</pin_list>
<bind>
<opset="tw (phireg) "/>
</bind>
</comp>

<comp id="876" class="1004" name="tw_phi_fu_876">
<pin_list>
<pin id="877" dir="0" index="0" bw="1" slack="1"/>
<pin id="878" dir="0" index="1" bw="0" slack="2147483647"/>
<pin id="879" dir="0" index="2" bw="6" slack="0"/>
<pin id="880" dir="0" index="3" bw="0" slack="2147483647"/>
<pin id="881" dir="1" index="4" bw="6" slack="0"/>
</pin_list>
<bind>
<opcode="phi(47) " fcode="phi"/>
<opset="tw/3 "/>
</bind>
</comp>

<comp id="884" class="1004" name="grp_compute_tile_c1_Pipeline_VITIS_LOOP_71_3_fu_884">
<pin_list>
<pin id="885" dir="0" index="0" bw="0" slack="0"/>
<pin id="886" dir="0" index="1" bw="6" slack="42"/>
<pin id="887" dir="0" index="2" bw="5" slack="41"/>
<pin id="888" dir="0" index="3" bw="32" slack="40"/>
<pin id="889" dir="0" index="4" bw="32" slack="39"/>
<pin id="890" dir="0" index="5" bw="32" slack="39"/>
<pin id="891" dir="0" index="6" bw="32" slack="38"/>
<pin id="892" dir="0" index="7" bw="32" slack="38"/>
<pin id="893" dir="0" index="8" bw="32" slack="37"/>
<pin id="894" dir="0" index="9" bw="32" slack="37"/>
<pin id="895" dir="0" index="10" bw="32" slack="36"/>
<pin id="896" dir="0" index="11" bw="32" slack="36"/>
<pin id="897" dir="0" index="12" bw="32" slack="35"/>
<pin id="898" dir="0" index="13" bw="32" slack="35"/>
<pin id="899" dir="0" index="14" bw="32" slack="34"/>
<pin id="900" dir="0" index="15" bw="32" slack="34"/>
<pin id="901" dir="0" index="16" bw="32" slack="33"/>
<pin id="902" dir="0" index="17" bw="32" slack="33"/>
<pin id="903" dir="0" index="18" bw="32" slack="32"/>
<pin id="904" dir="0" index="19" bw="32" slack="32"/>
<pin id="905" dir="0" index="20" bw="32" slack="31"/>
<pin id="906" dir="0" index="21" bw="32" slack="31"/>
<pin id="907" dir="0" index="22" bw="32" slack="30"/>
<pin id="908" dir="0" index="23" bw="32" slack="30"/>
<pin id="909" dir="0" index="24" bw="32" slack="29"/>
<pin id="910" dir="0" index="25" bw="32" slack="29"/>
<pin id="911" dir="0" index="26" bw="32" slack="28"/>
<pin id="912" dir="0" index="27" bw="32" slack="28"/>
<pin id="913" dir="0" index="28" bw="32" slack="27"/>
<pin id="914" dir="0" index="29" bw="32" slack="27"/>
<pin id="915" dir="0" index="30" bw="32" slack="26"/>
<pin id="916" dir="0" index="31" bw="32" slack="26"/>
<pin id="917" dir="0" index="32" bw="32" slack="25"/>
<pin id="918" dir="0" index="33" bw="32" slack="25"/>
<pin id="919" dir="0" index="34" bw="32" slack="24"/>
<pin id="920" dir="0" index="35" bw="32" slack="24"/>
<pin id="921" dir="0" index="36" bw="32" slack="23"/>
<pin id="922" dir="0" index="37" bw="32" slack="23"/>
<pin id="923" dir="0" index="38" bw="32" slack="22"/>
<pin id="924" dir="0" index="39" bw="32" slack="22"/>
<pin id="925" dir="0" index="40" bw="32" slack="21"/>
<pin id="926" dir="0" index="41" bw="32" slack="21"/>
<pin id="927" dir="0" index="42" bw="32" slack="20"/>
<pin id="928" dir="0" index="43" bw="32" slack="20"/>
<pin id="929" dir="0" index="44" bw="32" slack="19"/>
<pin id="930" dir="0" index="45" bw="32" slack="19"/>
<pin id="931" dir="0" index="46" bw="32" slack="18"/>
<pin id="932" dir="0" index="47" bw="32" slack="18"/>
<pin id="933" dir="0" index="48" bw="32" slack="17"/>
<pin id="934" dir="0" index="49" bw="32" slack="17"/>
<pin id="935" dir="0" index="50" bw="32" slack="16"/>
<pin id="936" dir="0" index="51" bw="32" slack="16"/>
<pin id="937" dir="0" index="52" bw="32" slack="15"/>
<pin id="938" dir="0" index="53" bw="32" slack="15"/>
<pin id="939" dir="0" index="54" bw="32" slack="14"/>
<pin id="940" dir="0" index="55" bw="32" slack="14"/>
<pin id="941" dir="0" index="56" bw="32" slack="13"/>
<pin id="942" dir="0" index="57" bw="32" slack="13"/>
<pin id="943" dir="0" index="58" bw="32" slack="12"/>
<pin id="944" dir="0" index="59" bw="32" slack="12"/>
<pin id="945" dir="0" index="60" bw="32" slack="11"/>
<pin id="946" dir="0" index="61" bw="32" slack="11"/>
<pin id="947" dir="0" index="62" bw="32" slack="10"/>
<pin id="948" dir="0" index="63" bw="32" slack="10"/>
<pin id="949" dir="0" index="64" bw="32" slack="9"/>
<pin id="950" dir="0" index="65" bw="32" slack="9"/>
<pin id="951" dir="0" index="66" bw="32" slack="8"/>
<pin id="952" dir="0" index="67" bw="32" slack="8"/>
<pin id="953" dir="0" index="68" bw="32" slack="7"/>
<pin id="954" dir="0" index="69" bw="32" slack="7"/>
<pin id="955" dir="0" index="70" bw="32" slack="6"/>
<pin id="956" dir="0" index="71" bw="32" slack="6"/>
<pin id="957" dir="0" index="72" bw="32" slack="5"/>
<pin id="958" dir="0" index="73" bw="32" slack="5"/>
<pin id="959" dir="0" index="74" bw="32" slack="4"/>
<pin id="960" dir="0" index="75" bw="32" slack="4"/>
<pin id="961" dir="0" index="76" bw="32" slack="3"/>
<pin id="962" dir="0" index="77" bw="32" slack="3"/>
<pin id="963" dir="0" index="78" bw="32" slack="2"/>
<pin id="964" dir="0" index="79" bw="32" slack="2"/>
<pin id="965" dir="0" index="80" bw="32" slack="1"/>
<pin id="966" dir="0" index="81" bw="32" slack="1"/>
<pin id="967" dir="0" index="82" bw="32" slack="0"/>
<pin id="968" dir="0" index="83" bw="32" slack="0"/>
<pin id="969" dir="0" index="84" bw="32" slack="0"/>
<pin id="970" dir="0" index="85" bw="32" slack="0"/>
<pin id="971" dir="0" index="86" bw="32" slack="0"/>
<pin id="972" dir="0" index="87" bw="32" slack="0"/>
<pin id="973" dir="0" index="88" bw="32" slack="0"/>
<pin id="974" dir="0" index="89" bw="32" slack="0"/>
<pin id="975" dir="0" index="90" bw="32" slack="0"/>
<pin id="976" dir="0" index="91" bw="32" slack="0"/>
<pin id="977" dir="0" index="92" bw="32" slack="0"/>
<pin id="978" dir="0" index="93" bw="32" slack="0"/>
<pin id="979" dir="0" index="94" bw="32" slack="0"/>
<pin id="980" dir="0" index="95" bw="32" slack="0"/>
<pin id="981" dir="0" index="96" bw="32" slack="0"/>
<pin id="982" dir="0" index="97" bw="32" slack="0"/>
<pin id="983" dir="0" index="98" bw="32" slack="0"/>
<pin id="984" dir="0" index="99" bw="32" slack="0"/>
<pin id="985" dir="0" index="100" bw="32" slack="0"/>
<pin id="986" dir="0" index="101" bw="32" slack="0"/>
<pin id="987" dir="0" index="102" bw="32" slack="0"/>
<pin id="988" dir="0" index="103" bw="32" slack="0"/>
<pin id="989" dir="0" index="104" bw="32" slack="0"/>
<pin id="990" dir="0" index="105" bw="32" slack="0"/>
<pin id="991" dir="0" index="106" bw="32" slack="0"/>
<pin id="992" dir="0" index="107" bw="32" slack="0"/>
<pin id="993" dir="0" index="108" bw="32" slack="0"/>
<pin id="994" dir="0" index="109" bw="32" slack="0"/>
<pin id="995" dir="0" index="110" bw="32" slack="0"/>
<pin id="996" dir="0" index="111" bw="32" slack="0"/>
<pin id="997" dir="0" index="112" bw="32" slack="0"/>
<pin id="998" dir="0" index="113" bw="32" slack="0"/>
<pin id="999" dir="0" index="114" bw="32" slack="0"/>
<pin id="1000" dir="0" index="115" bw="32" slack="0"/>
<pin id="1001" dir="0" index="116" bw="32" slack="0"/>
<pin id="1002" dir="0" index="117" bw="32" slack="0"/>
<pin id="1003" dir="0" index="118" bw="32" slack="0"/>
<pin id="1004" dir="0" index="119" bw="32" slack="0"/>
<pin id="1005" dir="0" index="120" bw="32" slack="0"/>
<pin id="1006" dir="0" index="121" bw="32" slack="0"/>
<pin id="1007" dir="0" index="122" bw="32" slack="0"/>
<pin id="1008" dir="0" index="123" bw="32" slack="0"/>
<pin id="1009" dir="0" index="124" bw="32" slack="0"/>
<pin id="1010" dir="0" index="125" bw="32" slack="0"/>
<pin id="1011" dir="0" index="126" bw="32" slack="0"/>
<pin id="1012" dir="0" index="127" bw="32" slack="0"/>
<pin id="1013" dir="0" index="128" bw="32" slack="0"/>
<pin id="1014" dir="0" index="129" bw="32" slack="0"/>
<pin id="1015" dir="0" index="130" bw="32" slack="0"/>
<pin id="1016" dir="0" index="131" bw="32" slack="0"/>
<pin id="1017" dir="0" index="132" bw="32" slack="0"/>
<pin id="1018" dir="0" index="133" bw="32" slack="0"/>
<pin id="1019" dir="0" index="134" bw="32" slack="0"/>
<pin id="1020" dir="0" index="135" bw="32" slack="0"/>
<pin id="1021" dir="0" index="136" bw="32" slack="0"/>
<pin id="1022" dir="0" index="137" bw="32" slack="0"/>
<pin id="1023" dir="0" index="138" bw="32" slack="0"/>
<pin id="1024" dir="0" index="139" bw="32" slack="0"/>
<pin id="1025" dir="0" index="140" bw="32" slack="0"/>
<pin id="1026" dir="0" index="141" bw="32" slack="0"/>
<pin id="1027" dir="0" index="142" bw="32" slack="0"/>
<pin id="1028" dir="0" index="143" bw="32" slack="0"/>
<pin id="1029" dir="0" index="144" bw="32" slack="0"/>
<pin id="1030" dir="0" index="145" bw="32" slack="0"/>
<pin id="1031" dir="0" index="146" bw="32" slack="0"/>
<pin id="1032" dir="0" index="147" bw="32" slack="0"/>
<pin id="1033" dir="0" index="148" bw="32" slack="0"/>
<pin id="1034" dir="0" index="149" bw="32" slack="0"/>
<pin id="1035" dir="0" index="150" bw="32" slack="0"/>
<pin id="1036" dir="0" index="151" bw="32" slack="0"/>
<pin id="1037" dir="0" index="152" bw="32" slack="0"/>
<pin id="1038" dir="0" index="153" bw="32" slack="0"/>
<pin id="1039" dir="0" index="154" bw="32" slack="0"/>
<pin id="1040" dir="0" index="155" bw="32" slack="0"/>
<pin id="1041" dir="0" index="156" bw="32" slack="0"/>
<pin id="1042" dir="0" index="157" bw="32" slack="0"/>
<pin id="1043" dir="0" index="158" bw="32" slack="0"/>
<pin id="1044" dir="0" index="159" bw="32" slack="0"/>
<pin id="1045" dir="0" index="160" bw="32" slack="0"/>
<pin id="1046" dir="0" index="161" bw="32" slack="0"/>
<pin id="1047" dir="0" index="162" bw="32" slack="0"/>
<pin id="1048" dir="0" index="163" bw="32" slack="0"/>
<pin id="1049" dir="0" index="164" bw="32" slack="0"/>
<pin id="1050" dir="0" index="165" bw="32" slack="0"/>
<pin id="1051" dir="1" index="166" bw="0" slack="2147483647"/>
</pin_list>
<bind>
<opcode="call(48) " fcode="call"/>
<opset="call_ln69/44 "/>
</bind>
</comp>

<comp id="1137" class="1004" name="store_ln68_store_fu_1137">
<pin_list>
<pin id="1138" dir="0" index="0" bw="1" slack="0"/>
<pin id="1139" dir="0" index="1" bw="6" slack="0"/>
<pin id="1140" dir="1" index="2" bw="0" slack="2147483647"/>
</pin_list>
<bind>
<opcode="store(28) " fcode="store"/>
<opset="store_ln68/1 "/>
</bind>
</comp>

<comp id="1142" class="1004" name="th_7_load_fu_1142">
<pin_list>
<pin id="1143" dir="0" index="0" bw="6" slack="1"/>
<pin id="1144" dir="1" index="1" bw="6" slack="0"/>
</pin_list>
<bind>
<opcode="load(27) " fcode="load"/>
<opset="th_7/2 "/>
</bind>
</comp>

<comp id="1145" class="1004" name="tmp_fu_1145">
<pin_list>
<pin id="1146" dir="0" index="0" bw="11" slack="0"/>
<pin id="1147" dir="0" index="1" bw="6" slack="0"/>
<pin id="1148" dir="0" index="2" bw="1" slack="0"/>
<pin id="1149" dir="1" index="3" bw="11" slack="0"/>
</pin_list>
<bind>
<opcode="bitconcatenate(1004) " fcode="bitconcatenate"/>
<opset="tmp/2 "/>
</bind>
</comp>

<comp id="1153" class="1004" name="tmp_s_fu_1153">
<pin_list>
<pin id="1154" dir="0" index="0" bw="9" slack="0"/>
<pin id="1155" dir="0" index="1" bw="6" slack="0"/>
<pin id="1156" dir="0" index="2" bw="1" slack="0"/>
<pin id="1157" dir="1" index="3" bw="9" slack="0"/>
</pin_list>
<bind>
<opcode="bitconcatenate(1004) " fcode="bitconcatenate"/>
<opset="tmp_s/2 "/>
</bind>
</comp>

<comp id="1161" class="1004" name="tmp_167_cast_fu_1161">
<pin_list>
<pin id="1162" dir="0" index="0" bw="9" slack="0"/>
<pin id="1163" dir="1" index="1" bw="11" slack="0"/>
</pin_list>
<bind>
<opcode="zext(34) " fcode="zext"/>
<opset="tmp_167_cast/2 "/>
</bind>
</comp>

<comp id="1165" class="1004" name="empty_fu_1165">
<pin_list>
<pin id="1166" dir="0" index="0" bw="11" slack="0"/>
<pin id="1167" dir="0" index="1" bw="9" slack="0"/>
<pin id="1168" dir="1" index="2" bw="11" slack="1"/>
</pin_list>
<bind>
<opcode="add(8) " fcode="add"/>
<opset="empty/2 "/>
</bind>
</comp>

<comp id="1171" class="1004" name="zext_ln68_fu_1171">
<pin_list>
<pin id="1172" dir="0" index="0" bw="6" slack="0"/>
<pin id="1173" dir="1" index="1" bw="8" slack="0"/>
</pin_list>
<bind>
<opcode="zext(34) " fcode="zext"/>
<opset="zext_ln68/2 "/>
</bind>
</comp>

<comp id="1175" class="1004" name="icmp_ln68_fu_1175">
<pin_list>
<pin id="1176" dir="0" index="0" bw="6" slack="0"/>
<pin id="1177" dir="0" index="1" bw="6" slack="0"/>
<pin id="1178" dir="1" index="2" bw="1" slack="2147483647"/>
</pin_list>
<bind>
<opcode="icmp(45) " fcode="icmp"/>
<opset="icmp_ln68/2 "/>
</bind>
</comp>

<comp id="1181" class="1004" name="indvars_iv_next82_fu_1181">
<pin_list>
<pin id="1182" dir="0" index="0" bw="6" slack="0"/>
<pin id="1183" dir="0" index="1" bw="1" slack="0"/>
<pin id="1184" dir="1" index="2" bw="6" slack="0"/>
</pin_list>
<bind>
<opcode="add(8) " fcode="add"/>
<opset="indvars_iv_next82/2 "/>
</bind>
</comp>

<comp id="1187" class="1004" name="cmp5_fu_1187">
<pin_list>
<pin id="1188" dir="0" index="0" bw="6" slack="0"/>
<pin id="1189" dir="0" index="1" bw="8" slack="1"/>
<pin id="1190" dir="1" index="2" bw="1" slack="1"/>
</pin_list>
<bind>
<opcode="icmp(45) " fcode="icmp"/>
<opset="cmp5/2 "/>
</bind>
</comp>

<comp id="1192" class="1004" name="tmp_154_fu_1192">
<pin_list>
<pin id="1193" dir="0" index="0" bw="11" slack="0"/>
<pin id="1194" dir="0" index="1" bw="6" slack="0"/>
<pin id="1195" dir="0" index="2" bw="1" slack="0"/>
<pin id="1196" dir="1" index="3" bw="11" slack="0"/>
</pin_list>
<bind>
<opcode="bitconcatenate(1004) " fcode="bitconcatenate"/>
<opset="tmp_154/2 "/>
</bind>
</comp>

<comp id="1200" class="1004" name="tmp_155_fu_1200">
<pin_list>
<pin id="1201" dir="0" index="0" bw="9" slack="0"/>
<pin id="1202" dir="0" index="1" bw="6" slack="0"/>
<pin id="1203" dir="0" index="2" bw="1" slack="0"/>
<pin id="1204" dir="1" index="3" bw="9" slack="0"/>
</pin_list>
<bind>
<opcode="bitconcatenate(1004) " fcode="bitconcatenate"/>
<opset="tmp_155/2 "/>
</bind>
</comp>

<comp id="1208" class="1004" name="tmp_169_cast_fu_1208">
<pin_list>
<pin id="1209" dir="0" index="0" bw="9" slack="0"/>
<pin id="1210" dir="1" index="1" bw="11" slack="0"/>
</pin_list>
<bind>
<opcode="zext(34) " fcode="zext"/>
<opset="tmp_169_cast/2 "/>
</bind>
</comp>

<comp id="1212" class="1004" name="empty_108_fu_1212">
<pin_list>
<pin id="1213" dir="0" index="0" bw="11" slack="0"/>
<pin id="1214" dir="0" index="1" bw="9" slack="0"/>
<pin id="1215" dir="1" index="2" bw="11" slack="1"/>
</pin_list>
<bind>
<opcode="add(8) " fcode="add"/>
<opset="empty_108/2 "/>
</bind>
</comp>

<comp id="1218" class="1004" name="empty_109_fu_1218">
<pin_list>
<pin id="1219" dir="0" index="0" bw="6" slack="0"/>
<pin id="1220" dir="0" index="1" bw="3" slack="0"/>
<pin id="1221" dir="1" index="2" bw="6" slack="0"/>
</pin_list>
<bind>
<opcode="add(8) " fcode="add"/>
<opset="empty_109/2 "/>
</bind>
</comp>

<comp id="1224" class="1004" name="tmp_156_fu_1224">
<pin_list>
<pin id="1225" dir="0" index="0" bw="11" slack="0"/>
<pin id="1226" dir="0" index="1" bw="6" slack="0"/>
<pin id="1227" dir="0" index="2" bw="1" slack="0"/>
<pin id="1228" dir="1" index="3" bw="11" slack="0"/>
</pin_list>
<bind>
<opcode="bitconcatenate(1004) " fcode="bitconcatenate"/>
<opset="tmp_156/2 "/>
</bind>
</comp>

<comp id="1232" class="1004" name="tmp_157_fu_1232">
<pin_list>
<pin id="1233" dir="0" index="0" bw="9" slack="0"/>
<pin id="1234" dir="0" index="1" bw="6" slack="0"/>
<pin id="1235" dir="0" index="2" bw="1" slack="0"/>
<pin id="1236" dir="1" index="3" bw="9" slack="0"/>
</pin_list>
<bind>
<opcode="bitconcatenate(1004) " fcode="bitconcatenate"/>
<opset="tmp_157/2 "/>
</bind>
</comp>

<comp id="1240" class="1004" name="tmp_171_cast_fu_1240">
<pin_list>
<pin id="1241" dir="0" index="0" bw="9" slack="0"/>
<pin id="1242" dir="1" index="1" bw="11" slack="0"/>
</pin_list>
<bind>
<opcode="zext(34) " fcode="zext"/>
<opset="tmp_171_cast/2 "/>
</bind>
</comp>

<comp id="1244" class="1004" name="empty_110_fu_1244">
<pin_list>
<pin id="1245" dir="0" index="0" bw="11" slack="0"/>
<pin id="1246" dir="0" index="1" bw="9" slack="0"/>
<pin id="1247" dir="1" index="2" bw="11" slack="1"/>
</pin_list>
<bind>
<opcode="add(8) " fcode="add"/>
<opset="empty_110/2 "/>
</bind>
</comp>

<comp id="1250" class="1004" name="empty_111_fu_1250">
<pin_list>
<pin id="1251" dir="0" index="0" bw="6" slack="0"/>
<pin id="1252" dir="0" index="1" bw="3" slack="0"/>
<pin id="1253" dir="1" index="2" bw="6" slack="0"/>
</pin_list>
<bind>
<opcode="add(8) " fcode="add"/>
<opset="empty_111/2 "/>
</bind>
</comp>

<comp id="1256" class="1004" name="tmp_158_fu_1256">
<pin_list>
<pin id="1257" dir="0" index="0" bw="11" slack="0"/>
<pin id="1258" dir="0" index="1" bw="6" slack="0"/>
<pin id="1259" dir="0" index="2" bw="1" slack="0"/>
<pin id="1260" dir="1" index="3" bw="11" slack="0"/>
</pin_list>
<bind>
<opcode="bitconcatenate(1004) " fcode="bitconcatenate"/>
<opset="tmp_158/2 "/>
</bind>
</comp>

<comp id="1264" class="1004" name="tmp_159_fu_1264">
<pin_list>
<pin id="1265" dir="0" index="0" bw="9" slack="0"/>
<pin id="1266" dir="0" index="1" bw="6" slack="0"/>
<pin id="1267" dir="0" index="2" bw="1" slack="0"/>
<pin id="1268" dir="1" index="3" bw="9" slack="0"/>
</pin_list>
<bind>
<opcode="bitconcatenate(1004) " fcode="bitconcatenate"/>
<opset="tmp_159/2 "/>
</bind>
</comp>

<comp id="1272" class="1004" name="tmp_173_cast_fu_1272">
<pin_list>
<pin id="1273" dir="0" index="0" bw="9" slack="0"/>
<pin id="1274" dir="1" index="1" bw="11" slack="0"/>
</pin_list>
<bind>
<opcode="zext(34) " fcode="zext"/>
<opset="tmp_173_cast/2 "/>
</bind>
</comp>

<comp id="1276" class="1004" name="empty_112_fu_1276">
<pin_list>
<pin id="1277" dir="0" index="0" bw="11" slack="0"/>
<pin id="1278" dir="0" index="1" bw="9" slack="0"/>
<pin id="1279" dir="1" index="2" bw="11" slack="1"/>
</pin_list>
<bind>
<opcode="add(8) " fcode="add"/>
<opset="empty_112/2 "/>
</bind>
</comp>

<comp id="1282" class="1004" name="empty_113_fu_1282">
<pin_list>
<pin id="1283" dir="0" index="0" bw="6" slack="0"/>
<pin id="1284" dir="0" index="1" bw="4" slack="0"/>
<pin id="1285" dir="1" index="2" bw="6" slack="0"/>
</pin_list>
<bind>
<opcode="add(8) " fcode="add"/>
<opset="empty_113/2 "/>
</bind>
</comp>

<comp id="1288" class="1004" name="tmp_160_fu_1288">
<pin_list>
<pin id="1289" dir="0" index="0" bw="11" slack="0"/>
<pin id="1290" dir="0" index="1" bw="6" slack="0"/>
<pin id="1291" dir="0" index="2" bw="1" slack="0"/>
<pin id="1292" dir="1" index="3" bw="11" slack="0"/>
</pin_list>
<bind>
<opcode="bitconcatenate(1004) " fcode="bitconcatenate"/>
<opset="tmp_160/2 "/>
</bind>
</comp>

<comp id="1296" class="1004" name="tmp_161_fu_1296">
<pin_list>
<pin id="1297" dir="0" index="0" bw="9" slack="0"/>
<pin id="1298" dir="0" index="1" bw="6" slack="0"/>
<pin id="1299" dir="0" index="2" bw="1" slack="0"/>
<pin id="1300" dir="1" index="3" bw="9" slack="0"/>
</pin_list>
<bind>
<opcode="bitconcatenate(1004) " fcode="bitconcatenate"/>
<opset="tmp_161/2 "/>
</bind>
</comp>

<comp id="1304" class="1004" name="tmp_175_cast_fu_1304">
<pin_list>
<pin id="1305" dir="0" index="0" bw="9" slack="0"/>
<pin id="1306" dir="1" index="1" bw="11" slack="0"/>
</pin_list>
<bind>
<opcode="zext(34) " fcode="zext"/>
<opset="tmp_175_cast/2 "/>
</bind>
</comp>

<comp id="1308" class="1004" name="empty_114_fu_1308">
<pin_list>
<pin id="1309" dir="0" index="0" bw="11" slack="0"/>
<pin id="1310" dir="0" index="1" bw="9" slack="0"/>
<pin id="1311" dir="1" index="2" bw="11" slack="1"/>
</pin_list>
<bind>
<opcode="add(8) " fcode="add"/>
<opset="empty_114/2 "/>
</bind>
</comp>

<comp id="1314" class="1004" name="empty_115_fu_1314">
<pin_list>
<pin id="1315" dir="0" index="0" bw="6" slack="0"/>
<pin id="1316" dir="0" index="1" bw="4" slack="0"/>
<pin id="1317" dir="1" index="2" bw="6" slack="0"/>
</pin_list>
<bind>
<opcode="add(8) " fcode="add"/>
<opset="empty_115/2 "/>
</bind>
</comp>

<comp id="1320" class="1004" name="tmp_162_fu_1320">
<pin_list>
<pin id="1321" dir="0" index="0" bw="11" slack="0"/>
<pin id="1322" dir="0" index="1" bw="6" slack="0"/>
<pin id="1323" dir="0" index="2" bw="1" slack="0"/>
<pin id="1324" dir="1" index="3" bw="11" slack="0"/>
</pin_list>
<bind>
<opcode="bitconcatenate(1004) " fcode="bitconcatenate"/>
<opset="tmp_162/2 "/>
</bind>
</comp>

<comp id="1328" class="1004" name="tmp_163_fu_1328">
<pin_list>
<pin id="1329" dir="0" index="0" bw="9" slack="0"/>
<pin id="1330" dir="0" index="1" bw="6" slack="0"/>
<pin id="1331" dir="0" index="2" bw="1" slack="0"/>
<pin id="1332" dir="1" index="3" bw="9" slack="0"/>
</pin_list>
<bind>
<opcode="bitconcatenate(1004) " fcode="bitconcatenate"/>
<opset="tmp_163/2 "/>
</bind>
</comp>

<comp id="1336" class="1004" name="tmp_177_cast_fu_1336">
<pin_list>
<pin id="1337" dir="0" index="0" bw="9" slack="0"/>
<pin id="1338" dir="1" index="1" bw="11" slack="0"/>
</pin_list>
<bind>
<opcode="zext(34) " fcode="zext"/>
<opset="tmp_177_cast/2 "/>
</bind>
</comp>

<comp id="1340" class="1004" name="empty_116_fu_1340">
<pin_list>
<pin id="1341" dir="0" index="0" bw="11" slack="0"/>
<pin id="1342" dir="0" index="1" bw="9" slack="0"/>
<pin id="1343" dir="1" index="2" bw="11" slack="1"/>
</pin_list>
<bind>
<opcode="add(8) " fcode="add"/>
<opset="empty_116/2 "/>
</bind>
</comp>

<comp id="1346" class="1004" name="empty_117_fu_1346">
<pin_list>
<pin id="1347" dir="0" index="0" bw="6" slack="0"/>
<pin id="1348" dir="0" index="1" bw="4" slack="0"/>
<pin id="1349" dir="1" index="2" bw="6" slack="0"/>
</pin_list>
<bind>
<opcode="add(8) " fcode="add"/>
<opset="empty_117/2 "/>
</bind>
</comp>

<comp id="1352" class="1004" name="tmp_164_fu_1352">
<pin_list>
<pin id="1353" dir="0" index="0" bw="11" slack="0"/>
<pin id="1354" dir="0" index="1" bw="6" slack="0"/>
<pin id="1355" dir="0" index="2" bw="1" slack="0"/>
<pin id="1356" dir="1" index="3" bw="11" slack="0"/>
</pin_list>
<bind>
<opcode="bitconcatenate(1004) " fcode="bitconcatenate"/>
<opset="tmp_164/2 "/>
</bind>
</comp>

<comp id="1360" class="1004" name="tmp_165_fu_1360">
<pin_list>
<pin id="1361" dir="0" index="0" bw="9" slack="0"/>
<pin id="1362" dir="0" index="1" bw="6" slack="0"/>
<pin id="1363" dir="0" index="2" bw="1" slack="0"/>
<pin id="1364" dir="1" index="3" bw="9" slack="0"/>
</pin_list>
<bind>
<opcode="bitconcatenate(1004) " fcode="bitconcatenate"/>
<opset="tmp_165/2 "/>
</bind>
</comp>

<comp id="1368" class="1004" name="tmp_179_cast_fu_1368">
<pin_list>
<pin id="1369" dir="0" index="0" bw="9" slack="0"/>
<pin id="1370" dir="1" index="1" bw="11" slack="0"/>
</pin_list>
<bind>
<opcode="zext(34) " fcode="zext"/>
<opset="tmp_179_cast/2 "/>
</bind>
</comp>

<comp id="1372" class="1004" name="empty_118_fu_1372">
<pin_list>
<pin id="1373" dir="0" index="0" bw="11" slack="0"/>
<pin id="1374" dir="0" index="1" bw="9" slack="0"/>
<pin id="1375" dir="1" index="2" bw="11" slack="1"/>
</pin_list>
<bind>
<opcode="add(8) " fcode="add"/>
<opset="empty_118/2 "/>
</bind>
</comp>

<comp id="1378" class="1004" name="empty_119_fu_1378">
<pin_list>
<pin id="1379" dir="0" index="0" bw="6" slack="0"/>
<pin id="1380" dir="0" index="1" bw="4" slack="0"/>
<pin id="1381" dir="1" index="2" bw="6" slack="0"/>
</pin_list>
<bind>
<opcode="add(8) " fcode="add"/>
<opset="empty_119/2 "/>
</bind>
</comp>

<comp id="1384" class="1004" name="tmp_166_fu_1384">
<pin_list>
<pin id="1385" dir="0" index="0" bw="11" slack="0"/>
<pin id="1386" dir="0" index="1" bw="6" slack="0"/>
<pin id="1387" dir="0" index="2" bw="1" slack="0"/>
<pin id="1388" dir="1" index="3" bw="11" slack="0"/>
</pin_list>
<bind>
<opcode="bitconcatenate(1004) " fcode="bitconcatenate"/>
<opset="tmp_166/2 "/>
</bind>
</comp>

<comp id="1392" class="1004" name="tmp_167_fu_1392">
<pin_list>
<pin id="1393" dir="0" index="0" bw="9" slack="0"/>
<pin id="1394" dir="0" index="1" bw="6" slack="0"/>
<pin id="1395" dir="0" index="2" bw="1" slack="0"/>
<pin id="1396" dir="1" index="3" bw="9" slack="0"/>
</pin_list>
<bind>
<opcode="bitconcatenate(1004) " fcode="bitconcatenate"/>
<opset="tmp_167/2 "/>
</bind>
</comp>

<comp id="1400" class="1004" name="tmp_181_cast_fu_1400">
<pin_list>
<pin id="1401" dir="0" index="0" bw="9" slack="0"/>
<pin id="1402" dir="1" index="1" bw="11" slack="0"/>
</pin_list>
<bind>
<opcode="zext(34) " fcode="zext"/>
<opset="tmp_181_cast/2 "/>
</bind>
</comp>

<comp id="1404" class="1004" name="empty_120_fu_1404">
<pin_list>
<pin id="1405" dir="0" index="0" bw="11" slack="0"/>
<pin id="1406" dir="0" index="1" bw="9" slack="0"/>
<pin id="1407" dir="1" index="2" bw="11" slack="1"/>
</pin_list>
<bind>
<opcode="add(8) " fcode="add"/>
<opset="empty_120/2 "/>
</bind>
</comp>

<comp id="1410" class="1004" name="empty_121_fu_1410">
<pin_list>
<pin id="1411" dir="0" index="0" bw="6" slack="0"/>
<pin id="1412" dir="0" index="1" bw="5" slack="0"/>
<pin id="1413" dir="1" index="2" bw="6" slack="0"/>
</pin_list>
<bind>
<opcode="add(8) " fcode="add"/>
<opset="empty_121/2 "/>
</bind>
</comp>

<comp id="1416" class="1004" name="tmp_168_fu_1416">
<pin_list>
<pin id="1417" dir="0" index="0" bw="11" slack="0"/>
<pin id="1418" dir="0" index="1" bw="6" slack="0"/>
<pin id="1419" dir="0" index="2" bw="1" slack="0"/>
<pin id="1420" dir="1" index="3" bw="11" slack="0"/>
</pin_list>
<bind>
<opcode="bitconcatenate(1004) " fcode="bitconcatenate"/>
<opset="tmp_168/2 "/>
</bind>
</comp>

<comp id="1424" class="1004" name="tmp_169_fu_1424">
<pin_list>
<pin id="1425" dir="0" index="0" bw="9" slack="0"/>
<pin id="1426" dir="0" index="1" bw="6" slack="0"/>
<pin id="1427" dir="0" index="2" bw="1" slack="0"/>
<pin id="1428" dir="1" index="3" bw="9" slack="0"/>
</pin_list>
<bind>
<opcode="bitconcatenate(1004) " fcode="bitconcatenate"/>
<opset="tmp_169/2 "/>
</bind>
</comp>

<comp id="1432" class="1004" name="tmp_183_cast_fu_1432">
<pin_list>
<pin id="1433" dir="0" index="0" bw="9" slack="0"/>
<pin id="1434" dir="1" index="1" bw="11" slack="0"/>
</pin_list>
<bind>
<opcode="zext(34) " fcode="zext"/>
<opset="tmp_183_cast/2 "/>
</bind>
</comp>

<comp id="1436" class="1004" name="empty_122_fu_1436">
<pin_list>
<pin id="1437" dir="0" index="0" bw="11" slack="0"/>
<pin id="1438" dir="0" index="1" bw="9" slack="0"/>
<pin id="1439" dir="1" index="2" bw="11" slack="1"/>
</pin_list>
<bind>
<opcode="add(8) " fcode="add"/>
<opset="empty_122/2 "/>
</bind>
</comp>

<comp id="1442" class="1004" name="empty_123_fu_1442">
<pin_list>
<pin id="1443" dir="0" index="0" bw="6" slack="0"/>
<pin id="1444" dir="1" index="1" bw="5" slack="41"/>
</pin_list>
<bind>
<opcode="trunc(33) " fcode="trunc"/>
<opset="empty_123/3 "/>
</bind>
</comp>

<comp id="1446" class="1004" name="tw_cast_fu_1446">
<pin_list>
<pin id="1447" dir="0" index="0" bw="6" slack="0"/>
<pin id="1448" dir="1" index="1" bw="11" slack="0"/>
</pin_list>
<bind>
<opcode="zext(34) " fcode="zext"/>
<opset="tw_cast/3 "/>
</bind>
</comp>

<comp id="1450" class="1004" name="empty_124_fu_1450">
<pin_list>
<pin id="1451" dir="0" index="0" bw="11" slack="1"/>
<pin id="1452" dir="0" index="1" bw="6" slack="0"/>
<pin id="1453" dir="1" index="2" bw="11" slack="0"/>
</pin_list>
<bind>
<opcode="add(8) " fcode="add"/>
<opset="empty_124/3 "/>
</bind>
</comp>

<comp id="1455" class="1004" name="p_cast1000_fu_1455">
<pin_list>
<pin id="1456" dir="0" index="0" bw="11" slack="0"/>
<pin id="1457" dir="1" index="1" bw="64" slack="0"/>
</pin_list>
<bind>
<opcode="zext(34) " fcode="zext"/>
<opset="p_cast1000/3 "/>
</bind>
</comp>

<comp id="1460" class="1004" name="empty_125_fu_1460">
<pin_list>
<pin id="1461" dir="0" index="0" bw="11" slack="1"/>
<pin id="1462" dir="0" index="1" bw="6" slack="0"/>
<pin id="1463" dir="1" index="2" bw="11" slack="0"/>
</pin_list>
<bind>
<opcode="add(8) " fcode="add"/>
<opset="empty_125/3 "/>
</bind>
</comp>

<comp id="1465" class="1004" name="p_cast1001_fu_1465">
<pin_list>
<pin id="1466" dir="0" index="0" bw="11" slack="0"/>
<pin id="1467" dir="1" index="1" bw="64" slack="0"/>
</pin_list>
<bind>
<opcode="zext(34) " fcode="zext"/>
<opset="p_cast1001/3 "/>
</bind>
</comp>

<comp id="1470" class="1004" name="empty_126_fu_1470">
<pin_list>
<pin id="1471" dir="0" index="0" bw="11" slack="1"/>
<pin id="1472" dir="0" index="1" bw="6" slack="0"/>
<pin id="1473" dir="1" index="2" bw="11" slack="0"/>
</pin_list>
<bind>
<opcode="add(8) " fcode="add"/>
<opset="empty_126/3 "/>
</bind>
</comp>

<comp id="1475" class="1004" name="p_cast1002_fu_1475">
<pin_list>
<pin id="1476" dir="0" index="0" bw="11" slack="0"/>
<pin id="1477" dir="1" index="1" bw="64" slack="0"/>
</pin_list>
<bind>
<opcode="zext(34) " fcode="zext"/>
<opset="p_cast1002/3 "/>
</bind>
</comp>

<comp id="1480" class="1004" name="empty_127_fu_1480">
<pin_list>
<pin id="1481" dir="0" index="0" bw="11" slack="1"/>
<pin id="1482" dir="0" index="1" bw="6" slack="0"/>
<pin id="1483" dir="1" index="2" bw="11" slack="0"/>
</pin_list>
<bind>
<opcode="add(8) " fcode="add"/>
<opset="empty_127/3 "/>
</bind>
</comp>

<comp id="1485" class="1004" name="p_cast1003_fu_1485">
<pin_list>
<pin id="1486" dir="0" index="0" bw="11" slack="0"/>
<pin id="1487" dir="1" index="1" bw="64" slack="0"/>
</pin_list>
<bind>
<opcode="zext(34) " fcode="zext"/>
<opset="p_cast1003/3 "/>
</bind>
</comp>

<comp id="1490" class="1004" name="empty_128_fu_1490">
<pin_list>
<pin id="1491" dir="0" index="0" bw="11" slack="1"/>
<pin id="1492" dir="0" index="1" bw="6" slack="0"/>
<pin id="1493" dir="1" index="2" bw="11" slack="0"/>
</pin_list>
<bind>
<opcode="add(8) " fcode="add"/>
<opset="empty_128/3 "/>
</bind>
</comp>

<comp id="1495" class="1004" name="p_cast1004_fu_1495">
<pin_list>
<pin id="1496" dir="0" index="0" bw="11" slack="0"/>
<pin id="1497" dir="1" index="1" bw="64" slack="0"/>
</pin_list>
<bind>
<opcode="zext(34) " fcode="zext"/>
<opset="p_cast1004/3 "/>
</bind>
</comp>

<comp id="1500" class="1004" name="empty_129_fu_1500">
<pin_list>
<pin id="1501" dir="0" index="0" bw="11" slack="1"/>
<pin id="1502" dir="0" index="1" bw="6" slack="0"/>
<pin id="1503" dir="1" index="2" bw="11" slack="0"/>
</pin_list>
<bind>
<opcode="add(8) " fcode="add"/>
<opset="empty_129/3 "/>
</bind>
</comp>

<comp id="1505" class="1004" name="p_cast1005_fu_1505">
<pin_list>
<pin id="1506" dir="0" index="0" bw="11" slack="0"/>
<pin id="1507" dir="1" index="1" bw="64" slack="0"/>
</pin_list>
<bind>
<opcode="zext(34) " fcode="zext"/>
<opset="p_cast1005/3 "/>
</bind>
</comp>

<comp id="1510" class="1004" name="empty_130_fu_1510">
<pin_list>
<pin id="1511" dir="0" index="0" bw="11" slack="1"/>
<pin id="1512" dir="0" index="1" bw="6" slack="0"/>
<pin id="1513" dir="1" index="2" bw="11" slack="0"/>
</pin_list>
<bind>
<opcode="add(8) " fcode="add"/>
<opset="empty_130/3 "/>
</bind>
</comp>

<comp id="1515" class="1004" name="p_cast1006_fu_1515">
<pin_list>
<pin id="1516" dir="0" index="0" bw="11" slack="0"/>
<pin id="1517" dir="1" index="1" bw="64" slack="0"/>
</pin_list>
<bind>
<opcode="zext(34) " fcode="zext"/>
<opset="p_cast1006/3 "/>
</bind>
</comp>

<comp id="1520" class="1004" name="empty_131_fu_1520">
<pin_list>
<pin id="1521" dir="0" index="0" bw="11" slack="1"/>
<pin id="1522" dir="0" index="1" bw="6" slack="0"/>
<pin id="1523" dir="1" index="2" bw="11" slack="0"/>
</pin_list>
<bind>
<opcode="add(8) " fcode="add"/>
<opset="empty_131/3 "/>
</bind>
</comp>

<comp id="1525" class="1004" name="p_cast1007_fu_1525">
<pin_list>
<pin id="1526" dir="0" index="0" bw="11" slack="0"/>
<pin id="1527" dir="1" index="1" bw="64" slack="0"/>
</pin_list>
<bind>
<opcode="zext(34) " fcode="zext"/>
<opset="p_cast1007/3 "/>
</bind>
</comp>

<comp id="1530" class="1004" name="empty_132_fu_1530">
<pin_list>
<pin id="1531" dir="0" index="0" bw="11" slack="1"/>
<pin id="1532" dir="0" index="1" bw="6" slack="0"/>
<pin id="1533" dir="1" index="2" bw="11" slack="0"/>
</pin_list>
<bind>
<opcode="add(8) " fcode="add"/>
<opset="empty_132/3 "/>
</bind>
</comp>

<comp id="1535" class="1004" name="p_cast1008_fu_1535">
<pin_list>
<pin id="1536" dir="0" index="0" bw="11" slack="0"/>
<pin id="1537" dir="1" index="1" bw="64" slack="0"/>
</pin_list>
<bind>
<opcode="zext(34) " fcode="zext"/>
<opset="p_cast1008/3 "/>
</bind>
</comp>

<comp id="1540" class="1004" name="zext_ln69_fu_1540">
<pin_list>
<pin id="1541" dir="0" index="0" bw="6" slack="0"/>
<pin id="1542" dir="1" index="1" bw="8" slack="0"/>
</pin_list>
<bind>
<opcode="zext(34) " fcode="zext"/>
<opset="zext_ln69/3 "/>
</bind>
</comp>

<comp id="1544" class="1004" name="icmp_ln69_fu_1544">
<pin_list>
<pin id="1545" dir="0" index="0" bw="6" slack="0"/>
<pin id="1546" dir="0" index="1" bw="6" slack="0"/>
<pin id="1547" dir="1" index="2" bw="1" slack="2147483647"/>
</pin_list>
<bind>
<opcode="icmp(45) " fcode="icmp"/>
<opset="icmp_ln69/3 "/>
</bind>
</comp>

<comp id="1550" class="1004" name="add_ln69_fu_1550">
<pin_list>
<pin id="1551" dir="0" index="0" bw="6" slack="0"/>
<pin id="1552" dir="0" index="1" bw="1" slack="0"/>
<pin id="1553" dir="1" index="2" bw="6" slack="0"/>
</pin_list>
<bind>
<opcode="add(8) " fcode="add"/>
<opset="add_ln69/3 "/>
</bind>
</comp>

<comp id="1556" class="1004" name="icmp_ln70_fu_1556">
<pin_list>
<pin id="1557" dir="0" index="0" bw="6" slack="0"/>
<pin id="1558" dir="0" index="1" bw="8" slack="2"/>
<pin id="1559" dir="1" index="2" bw="1" slack="0"/>
</pin_list>
<bind>
<opcode="icmp(45) " fcode="icmp"/>
<opset="icmp_ln70/3 "/>
</bind>
</comp>

<comp id="1561" class="1004" name="and_ln70_fu_1561">
<pin_list>
<pin id="1562" dir="0" index="0" bw="1" slack="1"/>
<pin id="1563" dir="0" index="1" bw="1" slack="0"/>
<pin id="1564" dir="1" index="2" bw="1" slack="42"/>
</pin_list>
<bind>
<opcode="and(23) " fcode="and"/>
<opset="and_ln70/3 "/>
</bind>
</comp>

<comp id="1566" class="1004" name="add_ln69_cast_fu_1566">
<pin_list>
<pin id="1567" dir="0" index="0" bw="6" slack="0"/>
<pin id="1568" dir="1" index="1" bw="11" slack="0"/>
</pin_list>
<bind>
<opcode="zext(34) " fcode="zext"/>
<opset="add_ln69_cast/3 "/>
</bind>
</comp>

<comp id="1570" class="1004" name="empty_133_fu_1570">
<pin_list>
<pin id="1571" dir="0" index="0" bw="11" slack="1"/>
<pin id="1572" dir="0" index="1" bw="6" slack="0"/>
<pin id="1573" dir="1" index="2" bw="11" slack="0"/>
</pin_list>
<bind>
<opcode="add(8) " fcode="add"/>
<opset="empty_133/3 "/>
</bind>
</comp>

<comp id="1575" class="1004" name="p_cast1009_fu_1575">
<pin_list>
<pin id="1576" dir="0" index="0" bw="11" slack="0"/>
<pin id="1577" dir="1" index="1" bw="64" slack="0"/>
</pin_list>
<bind>
<opcode="zext(34) " fcode="zext"/>
<opset="p_cast1009/3 "/>
</bind>
</comp>

<comp id="1580" class="1004" name="empty_134_fu_1580">
<pin_list>
<pin id="1581" dir="0" index="0" bw="11" slack="1"/>
<pin id="1582" dir="0" index="1" bw="6" slack="0"/>
<pin id="1583" dir="1" index="2" bw="11" slack="0"/>
</pin_list>
<bind>
<opcode="add(8) " fcode="add"/>
<opset="empty_134/3 "/>
</bind>
</comp>

<comp id="1585" class="1004" name="p_cast1010_fu_1585">
<pin_list>
<pin id="1586" dir="0" index="0" bw="11" slack="0"/>
<pin id="1587" dir="1" index="1" bw="64" slack="0"/>
</pin_list>
<bind>
<opcode="zext(34) " fcode="zext"/>
<opset="p_cast1010/3 "/>
</bind>
</comp>

<comp id="1590" class="1004" name="empty_135_fu_1590">
<pin_list>
<pin id="1591" dir="0" index="0" bw="11" slack="1"/>
<pin id="1592" dir="0" index="1" bw="6" slack="0"/>
<pin id="1593" dir="1" index="2" bw="11" slack="0"/>
</pin_list>
<bind>
<opcode="add(8) " fcode="add"/>
<opset="empty_135/3 "/>
</bind>
</comp>

<comp id="1595" class="1004" name="p_cast1011_fu_1595">
<pin_list>
<pin id="1596" dir="0" index="0" bw="11" slack="0"/>
<pin id="1597" dir="1" index="1" bw="64" slack="0"/>
</pin_list>
<bind>
<opcode="zext(34) " fcode="zext"/>
<opset="p_cast1011/3 "/>
</bind>
</comp>

<comp id="1600" class="1004" name="empty_136_fu_1600">
<pin_list>
<pin id="1601" dir="0" index="0" bw="11" slack="1"/>
<pin id="1602" dir="0" index="1" bw="6" slack="0"/>
<pin id="1603" dir="1" index="2" bw="11" slack="0"/>
</pin_list>
<bind>
<opcode="add(8) " fcode="add"/>
<opset="empty_136/3 "/>
</bind>
</comp>

<comp id="1605" class="1004" name="p_cast1012_fu_1605">
<pin_list>
<pin id="1606" dir="0" index="0" bw="11" slack="0"/>
<pin id="1607" dir="1" index="1" bw="64" slack="0"/>
</pin_list>
<bind>
<opcode="zext(34) " fcode="zext"/>
<opset="p_cast1012/3 "/>
</bind>
</comp>

<comp id="1610" class="1004" name="empty_137_fu_1610">
<pin_list>
<pin id="1611" dir="0" index="0" bw="11" slack="1"/>
<pin id="1612" dir="0" index="1" bw="6" slack="0"/>
<pin id="1613" dir="1" index="2" bw="11" slack="0"/>
</pin_list>
<bind>
<opcode="add(8) " fcode="add"/>
<opset="empty_137/3 "/>
</bind>
</comp>

<comp id="1615" class="1004" name="p_cast1013_fu_1615">
<pin_list>
<pin id="1616" dir="0" index="0" bw="11" slack="0"/>
<pin id="1617" dir="1" index="1" bw="64" slack="0"/>
</pin_list>
<bind>
<opcode="zext(34) " fcode="zext"/>
<opset="p_cast1013/3 "/>
</bind>
</comp>

<comp id="1620" class="1004" name="empty_138_fu_1620">
<pin_list>
<pin id="1621" dir="0" index="0" bw="11" slack="1"/>
<pin id="1622" dir="0" index="1" bw="6" slack="0"/>
<pin id="1623" dir="1" index="2" bw="11" slack="0"/>
</pin_list>
<bind>
<opcode="add(8) " fcode="add"/>
<opset="empty_138/3 "/>
</bind>
</comp>

<comp id="1625" class="1004" name="p_cast1014_fu_1625">
<pin_list>
<pin id="1626" dir="0" index="0" bw="11" slack="0"/>
<pin id="1627" dir="1" index="1" bw="64" slack="0"/>
</pin_list>
<bind>
<opcode="zext(34) " fcode="zext"/>
<opset="p_cast1014/3 "/>
</bind>
</comp>

<comp id="1630" class="1004" name="empty_139_fu_1630">
<pin_list>
<pin id="1631" dir="0" index="0" bw="11" slack="1"/>
<pin id="1632" dir="0" index="1" bw="6" slack="0"/>
<pin id="1633" dir="1" index="2" bw="11" slack="0"/>
</pin_list>
<bind>
<opcode="add(8) " fcode="add"/>
<opset="empty_139/3 "/>
</bind>
</comp>

<comp id="1635" class="1004" name="p_cast1015_fu_1635">
<pin_list>
<pin id="1636" dir="0" index="0" bw="11" slack="0"/>
<pin id="1637" dir="1" index="1" bw="64" slack="0"/>
</pin_list>
<bind>
<opcode="zext(34) " fcode="zext"/>
<opset="p_cast1015/3 "/>
</bind>
</comp>

<comp id="1640" class="1004" name="empty_140_fu_1640">
<pin_list>
<pin id="1641" dir="0" index="0" bw="11" slack="1"/>
<pin id="1642" dir="0" index="1" bw="6" slack="0"/>
<pin id="1643" dir="1" index="2" bw="11" slack="0"/>
</pin_list>
<bind>
<opcode="add(8) " fcode="add"/>
<opset="empty_140/3 "/>
</bind>
</comp>

<comp id="1645" class="1004" name="p_cast1016_fu_1645">
<pin_list>
<pin id="1646" dir="0" index="0" bw="11" slack="0"/>
<pin id="1647" dir="1" index="1" bw="64" slack="0"/>
</pin_list>
<bind>
<opcode="zext(34) " fcode="zext"/>
<opset="p_cast1016/3 "/>
</bind>
</comp>

<comp id="1650" class="1004" name="empty_141_fu_1650">
<pin_list>
<pin id="1651" dir="0" index="0" bw="11" slack="1"/>
<pin id="1652" dir="0" index="1" bw="6" slack="0"/>
<pin id="1653" dir="1" index="2" bw="11" slack="0"/>
</pin_list>
<bind>
<opcode="add(8) " fcode="add"/>
<opset="empty_141/3 "/>
</bind>
</comp>

<comp id="1655" class="1004" name="p_cast1017_fu_1655">
<pin_list>
<pin id="1656" dir="0" index="0" bw="11" slack="0"/>
<pin id="1657" dir="1" index="1" bw="64" slack="0"/>
</pin_list>
<bind>
<opcode="zext(34) " fcode="zext"/>
<opset="p_cast1017/3 "/>
</bind>
</comp>

<comp id="1660" class="1004" name="store_ln68_store_fu_1660">
<pin_list>
<pin id="1661" dir="0" index="0" bw="6" slack="1"/>
<pin id="1662" dir="0" index="1" bw="6" slack="2"/>
<pin id="1663" dir="1" index="2" bw="0" slack="2147483647"/>
</pin_list>
<bind>
<opcode="store(28) " fcode="store"/>
<opset="store_ln68/3 "/>
</bind>
</comp>

<comp id="1664" class="1004" name="empty_142_fu_1664">
<pin_list>
<pin id="1665" dir="0" index="0" bw="6" slack="1"/>
<pin id="1666" dir="0" index="1" bw="3" slack="0"/>
<pin id="1667" dir="1" index="2" bw="6" slack="0"/>
</pin_list>
<bind>
<opcode="add(8) " fcode="add"/>
<opset="empty_142/4 "/>
</bind>
</comp>

<comp id="1670" class="1004" name="p_cast_fu_1670">
<pin_list>
<pin id="1671" dir="0" index="0" bw="6" slack="0"/>
<pin id="1672" dir="1" index="1" bw="11" slack="0"/>
</pin_list>
<bind>
<opcode="zext(34) " fcode="zext"/>
<opset="p_cast/4 "/>
</bind>
</comp>

<comp id="1674" class="1004" name="empty_143_fu_1674">
<pin_list>
<pin id="1675" dir="0" index="0" bw="11" slack="2"/>
<pin id="1676" dir="0" index="1" bw="6" slack="0"/>
<pin id="1677" dir="1" index="2" bw="11" slack="0"/>
</pin_list>
<bind>
<opcode="add(8) " fcode="add"/>
<opset="empty_143/4 "/>
</bind>
</comp>

<comp id="1679" class="1004" name="p_cast1018_fu_1679">
<pin_list>
<pin id="1680" dir="0" index="0" bw="11" slack="0"/>
<pin id="1681" dir="1" index="1" bw="64" slack="0"/>
</pin_list>
<bind>
<opcode="zext(34) " fcode="zext"/>
<opset="p_cast1018/4 "/>
</bind>
</comp>

<comp id="1684" class="1004" name="empty_152_fu_1684">
<pin_list>
<pin id="1685" dir="0" index="0" bw="6" slack="2"/>
<pin id="1686" dir="0" index="1" bw="3" slack="0"/>
<pin id="1687" dir="1" index="2" bw="6" slack="0"/>
</pin_list>
<bind>
<opcode="add(8) " fcode="add"/>
<opset="empty_152/5 "/>
</bind>
</comp>

<comp id="1690" class="1004" name="p_cast993_fu_1690">
<pin_list>
<pin id="1691" dir="0" index="0" bw="6" slack="0"/>
<pin id="1692" dir="1" index="1" bw="11" slack="0"/>
</pin_list>
<bind>
<opcode="zext(34) " fcode="zext"/>
<opset="p_cast993/5 "/>
</bind>
</comp>

<comp id="1694" class="1004" name="empty_153_fu_1694">
<pin_list>
<pin id="1695" dir="0" index="0" bw="11" slack="3"/>
<pin id="1696" dir="0" index="1" bw="6" slack="0"/>
<pin id="1697" dir="1" index="2" bw="11" slack="0"/>
</pin_list>
<bind>
<opcode="add(8) " fcode="add"/>
<opset="empty_153/5 "/>
</bind>
</comp>

<comp id="1699" class="1004" name="p_cast1027_fu_1699">
<pin_list>
<pin id="1700" dir="0" index="0" bw="11" slack="0"/>
<pin id="1701" dir="1" index="1" bw="64" slack="0"/>
</pin_list>
<bind>
<opcode="zext(34) " fcode="zext"/>
<opset="p_cast1027/5 "/>
</bind>
</comp>

<comp id="1704" class="1004" name="empty_162_fu_1704">
<pin_list>
<pin id="1705" dir="0" index="0" bw="6" slack="2"/>
<pin id="1706" dir="0" index="1" bw="4" slack="0"/>
<pin id="1707" dir="1" index="2" bw="6" slack="0"/>
</pin_list>
<bind>
<opcode="add(8) " fcode="add"/>
<opset="empty_162/5 "/>
</bind>
</comp>

<comp id="1710" class="1004" name="p_cast994_fu_1710">
<pin_list>
<pin id="1711" dir="0" index="0" bw="6" slack="0"/>
<pin id="1712" dir="1" index="1" bw="11" slack="0"/>
</pin_list>
<bind>
<opcode="zext(34) " fcode="zext"/>
<opset="p_cast994/5 "/>
</bind>
</comp>

<comp id="1714" class="1004" name="empty_163_fu_1714">
<pin_list>
<pin id="1715" dir="0" index="0" bw="11" slack="3"/>
<pin id="1716" dir="0" index="1" bw="6" slack="0"/>
<pin id="1717" dir="1" index="2" bw="11" slack="0"/>
</pin_list>
<bind>
<opcode="add(8) " fcode="add"/>
<opset="empty_163/5 "/>
</bind>
</comp>

<comp id="1719" class="1004" name="p_cast1036_fu_1719">
<pin_list>
<pin id="1720" dir="0" index="0" bw="11" slack="0"/>
<pin id="1721" dir="1" index="1" bw="64" slack="0"/>
</pin_list>
<bind>
<opcode="zext(34) " fcode="zext"/>
<opset="p_cast1036/5 "/>
</bind>
</comp>

<comp id="1724" class="1004" name="empty_172_fu_1724">
<pin_list>
<pin id="1725" dir="0" index="0" bw="6" slack="3"/>
<pin id="1726" dir="0" index="1" bw="4" slack="0"/>
<pin id="1727" dir="1" index="2" bw="6" slack="0"/>
</pin_list>
<bind>
<opcode="add(8) " fcode="add"/>
<opset="empty_172/6 "/>
</bind>
</comp>

<comp id="1730" class="1004" name="p_cast995_fu_1730">
<pin_list>
<pin id="1731" dir="0" index="0" bw="6" slack="0"/>
<pin id="1732" dir="1" index="1" bw="11" slack="0"/>
</pin_list>
<bind>
<opcode="zext(34) " fcode="zext"/>
<opset="p_cast995/6 "/>
</bind>
</comp>

<comp id="1734" class="1004" name="empty_173_fu_1734">
<pin_list>
<pin id="1735" dir="0" index="0" bw="11" slack="4"/>
<pin id="1736" dir="0" index="1" bw="6" slack="0"/>
<pin id="1737" dir="1" index="2" bw="11" slack="0"/>
</pin_list>
<bind>
<opcode="add(8) " fcode="add"/>
<opset="empty_173/6 "/>
</bind>
</comp>

<comp id="1739" class="1004" name="p_cast1045_fu_1739">
<pin_list>
<pin id="1740" dir="0" index="0" bw="11" slack="0"/>
<pin id="1741" dir="1" index="1" bw="64" slack="0"/>
</pin_list>
<bind>
<opcode="zext(34) " fcode="zext"/>
<opset="p_cast1045/6 "/>
</bind>
</comp>

<comp id="1744" class="1004" name="empty_182_fu_1744">
<pin_list>
<pin id="1745" dir="0" index="0" bw="6" slack="3"/>
<pin id="1746" dir="0" index="1" bw="4" slack="0"/>
<pin id="1747" dir="1" index="2" bw="6" slack="0"/>
</pin_list>
<bind>
<opcode="add(8) " fcode="add"/>
<opset="empty_182/6 "/>
</bind>
</comp>

<comp id="1750" class="1004" name="p_cast996_fu_1750">
<pin_list>
<pin id="1751" dir="0" index="0" bw="6" slack="0"/>
<pin id="1752" dir="1" index="1" bw="11" slack="0"/>
</pin_list>
<bind>
<opcode="zext(34) " fcode="zext"/>
<opset="p_cast996/6 "/>
</bind>
</comp>

<comp id="1754" class="1004" name="empty_183_fu_1754">
<pin_list>
<pin id="1755" dir="0" index="0" bw="11" slack="4"/>
<pin id="1756" dir="0" index="1" bw="6" slack="0"/>
<pin id="1757" dir="1" index="2" bw="11" slack="0"/>
</pin_list>
<bind>
<opcode="add(8) " fcode="add"/>
<opset="empty_183/6 "/>
</bind>
</comp>

<comp id="1759" class="1004" name="p_cast1054_fu_1759">
<pin_list>
<pin id="1760" dir="0" index="0" bw="11" slack="0"/>
<pin id="1761" dir="1" index="1" bw="64" slack="0"/>
</pin_list>
<bind>
<opcode="zext(34) " fcode="zext"/>
<opset="p_cast1054/6 "/>
</bind>
</comp>

<comp id="1764" class="1004" name="empty_192_fu_1764">
<pin_list>
<pin id="1765" dir="0" index="0" bw="6" slack="4"/>
<pin id="1766" dir="0" index="1" bw="4" slack="0"/>
<pin id="1767" dir="1" index="2" bw="6" slack="0"/>
</pin_list>
<bind>
<opcode="add(8) " fcode="add"/>
<opset="empty_192/7 "/>
</bind>
</comp>

<comp id="1770" class="1004" name="p_cast997_fu_1770">
<pin_list>
<pin id="1771" dir="0" index="0" bw="6" slack="0"/>
<pin id="1772" dir="1" index="1" bw="11" slack="0"/>
</pin_list>
<bind>
<opcode="zext(34) " fcode="zext"/>
<opset="p_cast997/7 "/>
</bind>
</comp>

<comp id="1774" class="1004" name="empty_193_fu_1774">
<pin_list>
<pin id="1775" dir="0" index="0" bw="11" slack="5"/>
<pin id="1776" dir="0" index="1" bw="6" slack="0"/>
<pin id="1777" dir="1" index="2" bw="11" slack="0"/>
</pin_list>
<bind>
<opcode="add(8) " fcode="add"/>
<opset="empty_193/7 "/>
</bind>
</comp>

<comp id="1779" class="1004" name="p_cast1063_fu_1779">
<pin_list>
<pin id="1780" dir="0" index="0" bw="11" slack="0"/>
<pin id="1781" dir="1" index="1" bw="64" slack="0"/>
</pin_list>
<bind>
<opcode="zext(34) " fcode="zext"/>
<opset="p_cast1063/7 "/>
</bind>
</comp>

<comp id="1784" class="1004" name="empty_202_fu_1784">
<pin_list>
<pin id="1785" dir="0" index="0" bw="6" slack="4"/>
<pin id="1786" dir="0" index="1" bw="5" slack="0"/>
<pin id="1787" dir="1" index="2" bw="6" slack="0"/>
</pin_list>
<bind>
<opcode="add(8) " fcode="add"/>
<opset="empty_202/7 "/>
</bind>
</comp>

<comp id="1790" class="1004" name="p_cast998_fu_1790">
<pin_list>
<pin id="1791" dir="0" index="0" bw="6" slack="0"/>
<pin id="1792" dir="1" index="1" bw="11" slack="0"/>
</pin_list>
<bind>
<opcode="zext(34) " fcode="zext"/>
<opset="p_cast998/7 "/>
</bind>
</comp>

<comp id="1794" class="1004" name="empty_203_fu_1794">
<pin_list>
<pin id="1795" dir="0" index="0" bw="11" slack="5"/>
<pin id="1796" dir="0" index="1" bw="6" slack="0"/>
<pin id="1797" dir="1" index="2" bw="11" slack="0"/>
</pin_list>
<bind>
<opcode="add(8) " fcode="add"/>
<opset="empty_203/7 "/>
</bind>
</comp>

<comp id="1799" class="1004" name="p_cast1072_fu_1799">
<pin_list>
<pin id="1800" dir="0" index="0" bw="11" slack="0"/>
<pin id="1801" dir="1" index="1" bw="64" slack="0"/>
</pin_list>
<bind>
<opcode="zext(34) " fcode="zext"/>
<opset="p_cast1072/7 "/>
</bind>
</comp>

<comp id="1804" class="1004" name="empty_144_fu_1804">
<pin_list>
<pin id="1805" dir="0" index="0" bw="11" slack="7"/>
<pin id="1806" dir="0" index="1" bw="6" slack="5"/>
<pin id="1807" dir="1" index="2" bw="11" slack="0"/>
</pin_list>
<bind>
<opcode="add(8) " fcode="add"/>
<opset="empty_144/9 "/>
</bind>
</comp>

<comp id="1808" class="1004" name="p_cast1019_fu_1808">
<pin_list>
<pin id="1809" dir="0" index="0" bw="11" slack="0"/>
<pin id="1810" dir="1" index="1" bw="64" slack="0"/>
</pin_list>
<bind>
<opcode="zext(34) " fcode="zext"/>
<opset="p_cast1019/9 "/>
</bind>
</comp>

<comp id="1813" class="1004" name="empty_154_fu_1813">
<pin_list>
<pin id="1814" dir="0" index="0" bw="11" slack="7"/>
<pin id="1815" dir="0" index="1" bw="6" slack="4"/>
<pin id="1816" dir="1" index="2" bw="11" slack="0"/>
</pin_list>
<bind>
<opcode="add(8) " fcode="add"/>
<opset="empty_154/9 "/>
</bind>
</comp>

<comp id="1817" class="1004" name="p_cast1028_fu_1817">
<pin_list>
<pin id="1818" dir="0" index="0" bw="11" slack="0"/>
<pin id="1819" dir="1" index="1" bw="64" slack="0"/>
</pin_list>
<bind>
<opcode="zext(34) " fcode="zext"/>
<opset="p_cast1028/9 "/>
</bind>
</comp>

<comp id="1822" class="1004" name="empty_164_fu_1822">
<pin_list>
<pin id="1823" dir="0" index="0" bw="11" slack="8"/>
<pin id="1824" dir="0" index="1" bw="6" slack="5"/>
<pin id="1825" dir="1" index="2" bw="11" slack="0"/>
</pin_list>
<bind>
<opcode="add(8) " fcode="add"/>
<opset="empty_164/10 "/>
</bind>
</comp>

<comp id="1826" class="1004" name="p_cast1037_fu_1826">
<pin_list>
<pin id="1827" dir="0" index="0" bw="11" slack="0"/>
<pin id="1828" dir="1" index="1" bw="64" slack="0"/>
</pin_list>
<bind>
<opcode="zext(34) " fcode="zext"/>
<opset="p_cast1037/10 "/>
</bind>
</comp>

<comp id="1831" class="1004" name="empty_174_fu_1831">
<pin_list>
<pin id="1832" dir="0" index="0" bw="11" slack="8"/>
<pin id="1833" dir="0" index="1" bw="6" slack="4"/>
<pin id="1834" dir="1" index="2" bw="11" slack="0"/>
</pin_list>
<bind>
<opcode="add(8) " fcode="add"/>
<opset="empty_174/10 "/>
</bind>
</comp>

<comp id="1835" class="1004" name="p_cast1046_fu_1835">
<pin_list>
<pin id="1836" dir="0" index="0" bw="11" slack="0"/>
<pin id="1837" dir="1" index="1" bw="64" slack="0"/>
</pin_list>
<bind>
<opcode="zext(34) " fcode="zext"/>
<opset="p_cast1046/10 "/>
</bind>
</comp>

<comp id="1840" class="1004" name="empty_184_fu_1840">
<pin_list>
<pin id="1841" dir="0" index="0" bw="11" slack="9"/>
<pin id="1842" dir="0" index="1" bw="6" slack="5"/>
<pin id="1843" dir="1" index="2" bw="11" slack="0"/>
</pin_list>
<bind>
<opcode="add(8) " fcode="add"/>
<opset="empty_184/11 "/>
</bind>
</comp>

<comp id="1844" class="1004" name="p_cast1055_fu_1844">
<pin_list>
<pin id="1845" dir="0" index="0" bw="11" slack="0"/>
<pin id="1846" dir="1" index="1" bw="64" slack="0"/>
</pin_list>
<bind>
<opcode="zext(34) " fcode="zext"/>
<opset="p_cast1055/11 "/>
</bind>
</comp>

<comp id="1849" class="1004" name="empty_194_fu_1849">
<pin_list>
<pin id="1850" dir="0" index="0" bw="11" slack="9"/>
<pin id="1851" dir="0" index="1" bw="6" slack="4"/>
<pin id="1852" dir="1" index="2" bw="11" slack="0"/>
</pin_list>
<bind>
<opcode="add(8) " fcode="add"/>
<opset="empty_194/11 "/>
</bind>
</comp>

<comp id="1853" class="1004" name="p_cast1064_fu_1853">
<pin_list>
<pin id="1854" dir="0" index="0" bw="11" slack="0"/>
<pin id="1855" dir="1" index="1" bw="64" slack="0"/>
</pin_list>
<bind>
<opcode="zext(34) " fcode="zext"/>
<opset="p_cast1064/11 "/>
</bind>
</comp>

<comp id="1858" class="1004" name="empty_204_fu_1858">
<pin_list>
<pin id="1859" dir="0" index="0" bw="11" slack="10"/>
<pin id="1860" dir="0" index="1" bw="6" slack="5"/>
<pin id="1861" dir="1" index="2" bw="11" slack="0"/>
</pin_list>
<bind>
<opcode="add(8) " fcode="add"/>
<opset="empty_204/12 "/>
</bind>
</comp>

<comp id="1862" class="1004" name="p_cast1073_fu_1862">
<pin_list>
<pin id="1863" dir="0" index="0" bw="11" slack="0"/>
<pin id="1864" dir="1" index="1" bw="64" slack="0"/>
</pin_list>
<bind>
<opcode="zext(34) " fcode="zext"/>
<opset="p_cast1073/12 "/>
</bind>
</comp>

<comp id="1867" class="1004" name="empty_145_fu_1867">
<pin_list>
<pin id="1868" dir="0" index="0" bw="11" slack="11"/>
<pin id="1869" dir="0" index="1" bw="6" slack="9"/>
<pin id="1870" dir="1" index="2" bw="11" slack="0"/>
</pin_list>
<bind>
<opcode="add(8) " fcode="add"/>
<opset="empty_145/13 "/>
</bind>
</comp>

<comp id="1871" class="1004" name="p_cast1020_fu_1871">
<pin_list>
<pin id="1872" dir="0" index="0" bw="11" slack="0"/>
<pin id="1873" dir="1" index="1" bw="64" slack="0"/>
</pin_list>
<bind>
<opcode="zext(34) " fcode="zext"/>
<opset="p_cast1020/13 "/>
</bind>
</comp>

<comp id="1876" class="1004" name="empty_155_fu_1876">
<pin_list>
<pin id="1877" dir="0" index="0" bw="11" slack="12"/>
<pin id="1878" dir="0" index="1" bw="6" slack="9"/>
<pin id="1879" dir="1" index="2" bw="11" slack="0"/>
</pin_list>
<bind>
<opcode="add(8) " fcode="add"/>
<opset="empty_155/14 "/>
</bind>
</comp>

<comp id="1880" class="1004" name="p_cast1029_fu_1880">
<pin_list>
<pin id="1881" dir="0" index="0" bw="11" slack="0"/>
<pin id="1882" dir="1" index="1" bw="64" slack="0"/>
</pin_list>
<bind>
<opcode="zext(34) " fcode="zext"/>
<opset="p_cast1029/14 "/>
</bind>
</comp>

<comp id="1885" class="1004" name="empty_165_fu_1885">
<pin_list>
<pin id="1886" dir="0" index="0" bw="11" slack="12"/>
<pin id="1887" dir="0" index="1" bw="6" slack="9"/>
<pin id="1888" dir="1" index="2" bw="11" slack="0"/>
</pin_list>
<bind>
<opcode="add(8) " fcode="add"/>
<opset="empty_165/14 "/>
</bind>
</comp>

<comp id="1889" class="1004" name="p_cast1038_fu_1889">
<pin_list>
<pin id="1890" dir="0" index="0" bw="11" slack="0"/>
<pin id="1891" dir="1" index="1" bw="64" slack="0"/>
</pin_list>
<bind>
<opcode="zext(34) " fcode="zext"/>
<opset="p_cast1038/14 "/>
</bind>
</comp>

<comp id="1894" class="1004" name="empty_175_fu_1894">
<pin_list>
<pin id="1895" dir="0" index="0" bw="11" slack="13"/>
<pin id="1896" dir="0" index="1" bw="6" slack="9"/>
<pin id="1897" dir="1" index="2" bw="11" slack="0"/>
</pin_list>
<bind>
<opcode="add(8) " fcode="add"/>
<opset="empty_175/15 "/>
</bind>
</comp>

<comp id="1898" class="1004" name="p_cast1047_fu_1898">
<pin_list>
<pin id="1899" dir="0" index="0" bw="11" slack="0"/>
<pin id="1900" dir="1" index="1" bw="64" slack="0"/>
</pin_list>
<bind>
<opcode="zext(34) " fcode="zext"/>
<opset="p_cast1047/15 "/>
</bind>
</comp>

<comp id="1903" class="1004" name="empty_185_fu_1903">
<pin_list>
<pin id="1904" dir="0" index="0" bw="11" slack="13"/>
<pin id="1905" dir="0" index="1" bw="6" slack="9"/>
<pin id="1906" dir="1" index="2" bw="11" slack="0"/>
</pin_list>
<bind>
<opcode="add(8) " fcode="add"/>
<opset="empty_185/15 "/>
</bind>
</comp>

<comp id="1907" class="1004" name="p_cast1056_fu_1907">
<pin_list>
<pin id="1908" dir="0" index="0" bw="11" slack="0"/>
<pin id="1909" dir="1" index="1" bw="64" slack="0"/>
</pin_list>
<bind>
<opcode="zext(34) " fcode="zext"/>
<opset="p_cast1056/15 "/>
</bind>
</comp>

<comp id="1912" class="1004" name="empty_195_fu_1912">
<pin_list>
<pin id="1913" dir="0" index="0" bw="11" slack="14"/>
<pin id="1914" dir="0" index="1" bw="6" slack="9"/>
<pin id="1915" dir="1" index="2" bw="11" slack="0"/>
</pin_list>
<bind>
<opcode="add(8) " fcode="add"/>
<opset="empty_195/16 "/>
</bind>
</comp>

<comp id="1916" class="1004" name="p_cast1065_fu_1916">
<pin_list>
<pin id="1917" dir="0" index="0" bw="11" slack="0"/>
<pin id="1918" dir="1" index="1" bw="64" slack="0"/>
</pin_list>
<bind>
<opcode="zext(34) " fcode="zext"/>
<opset="p_cast1065/16 "/>
</bind>
</comp>

<comp id="1921" class="1004" name="empty_205_fu_1921">
<pin_list>
<pin id="1922" dir="0" index="0" bw="11" slack="14"/>
<pin id="1923" dir="0" index="1" bw="6" slack="9"/>
<pin id="1924" dir="1" index="2" bw="11" slack="0"/>
</pin_list>
<bind>
<opcode="add(8) " fcode="add"/>
<opset="empty_205/16 "/>
</bind>
</comp>

<comp id="1925" class="1004" name="p_cast1074_fu_1925">
<pin_list>
<pin id="1926" dir="0" index="0" bw="11" slack="0"/>
<pin id="1927" dir="1" index="1" bw="64" slack="0"/>
</pin_list>
<bind>
<opcode="zext(34) " fcode="zext"/>
<opset="p_cast1074/16 "/>
</bind>
</comp>

<comp id="1930" class="1004" name="empty_146_fu_1930">
<pin_list>
<pin id="1931" dir="0" index="0" bw="11" slack="16"/>
<pin id="1932" dir="0" index="1" bw="6" slack="14"/>
<pin id="1933" dir="1" index="2" bw="11" slack="0"/>
</pin_list>
<bind>
<opcode="add(8) " fcode="add"/>
<opset="empty_146/18 "/>
</bind>
</comp>

<comp id="1934" class="1004" name="p_cast1021_fu_1934">
<pin_list>
<pin id="1935" dir="0" index="0" bw="11" slack="0"/>
<pin id="1936" dir="1" index="1" bw="64" slack="0"/>
</pin_list>
<bind>
<opcode="zext(34) " fcode="zext"/>
<opset="p_cast1021/18 "/>
</bind>
</comp>

<comp id="1939" class="1004" name="empty_156_fu_1939">
<pin_list>
<pin id="1940" dir="0" index="0" bw="11" slack="16"/>
<pin id="1941" dir="0" index="1" bw="6" slack="13"/>
<pin id="1942" dir="1" index="2" bw="11" slack="0"/>
</pin_list>
<bind>
<opcode="add(8) " fcode="add"/>
<opset="empty_156/18 "/>
</bind>
</comp>

<comp id="1943" class="1004" name="p_cast1030_fu_1943">
<pin_list>
<pin id="1944" dir="0" index="0" bw="11" slack="0"/>
<pin id="1945" dir="1" index="1" bw="64" slack="0"/>
</pin_list>
<bind>
<opcode="zext(34) " fcode="zext"/>
<opset="p_cast1030/18 "/>
</bind>
</comp>

<comp id="1948" class="1004" name="empty_166_fu_1948">
<pin_list>
<pin id="1949" dir="0" index="0" bw="11" slack="17"/>
<pin id="1950" dir="0" index="1" bw="6" slack="14"/>
<pin id="1951" dir="1" index="2" bw="11" slack="0"/>
</pin_list>
<bind>
<opcode="add(8) " fcode="add"/>
<opset="empty_166/19 "/>
</bind>
</comp>

<comp id="1952" class="1004" name="p_cast1039_fu_1952">
<pin_list>
<pin id="1953" dir="0" index="0" bw="11" slack="0"/>
<pin id="1954" dir="1" index="1" bw="64" slack="0"/>
</pin_list>
<bind>
<opcode="zext(34) " fcode="zext"/>
<opset="p_cast1039/19 "/>
</bind>
</comp>

<comp id="1957" class="1004" name="empty_176_fu_1957">
<pin_list>
<pin id="1958" dir="0" index="0" bw="11" slack="17"/>
<pin id="1959" dir="0" index="1" bw="6" slack="13"/>
<pin id="1960" dir="1" index="2" bw="11" slack="0"/>
</pin_list>
<bind>
<opcode="add(8) " fcode="add"/>
<opset="empty_176/19 "/>
</bind>
</comp>

<comp id="1961" class="1004" name="p_cast1048_fu_1961">
<pin_list>
<pin id="1962" dir="0" index="0" bw="11" slack="0"/>
<pin id="1963" dir="1" index="1" bw="64" slack="0"/>
</pin_list>
<bind>
<opcode="zext(34) " fcode="zext"/>
<opset="p_cast1048/19 "/>
</bind>
</comp>

<comp id="1966" class="1004" name="empty_186_fu_1966">
<pin_list>
<pin id="1967" dir="0" index="0" bw="11" slack="18"/>
<pin id="1968" dir="0" index="1" bw="6" slack="14"/>
<pin id="1969" dir="1" index="2" bw="11" slack="0"/>
</pin_list>
<bind>
<opcode="add(8) " fcode="add"/>
<opset="empty_186/20 "/>
</bind>
</comp>

<comp id="1970" class="1004" name="p_cast1057_fu_1970">
<pin_list>
<pin id="1971" dir="0" index="0" bw="11" slack="0"/>
<pin id="1972" dir="1" index="1" bw="64" slack="0"/>
</pin_list>
<bind>
<opcode="zext(34) " fcode="zext"/>
<opset="p_cast1057/20 "/>
</bind>
</comp>

<comp id="1975" class="1004" name="empty_196_fu_1975">
<pin_list>
<pin id="1976" dir="0" index="0" bw="11" slack="18"/>
<pin id="1977" dir="0" index="1" bw="6" slack="13"/>
<pin id="1978" dir="1" index="2" bw="11" slack="0"/>
</pin_list>
<bind>
<opcode="add(8) " fcode="add"/>
<opset="empty_196/20 "/>
</bind>
</comp>

<comp id="1979" class="1004" name="p_cast1066_fu_1979">
<pin_list>
<pin id="1980" dir="0" index="0" bw="11" slack="0"/>
<pin id="1981" dir="1" index="1" bw="64" slack="0"/>
</pin_list>
<bind>
<opcode="zext(34) " fcode="zext"/>
<opset="p_cast1066/20 "/>
</bind>
</comp>

<comp id="1984" class="1004" name="empty_206_fu_1984">
<pin_list>
<pin id="1985" dir="0" index="0" bw="11" slack="19"/>
<pin id="1986" dir="0" index="1" bw="6" slack="14"/>
<pin id="1987" dir="1" index="2" bw="11" slack="0"/>
</pin_list>
<bind>
<opcode="add(8) " fcode="add"/>
<opset="empty_206/21 "/>
</bind>
</comp>

<comp id="1988" class="1004" name="p_cast1075_fu_1988">
<pin_list>
<pin id="1989" dir="0" index="0" bw="11" slack="0"/>
<pin id="1990" dir="1" index="1" bw="64" slack="0"/>
</pin_list>
<bind>
<opcode="zext(34) " fcode="zext"/>
<opset="p_cast1075/21 "/>
</bind>
</comp>

<comp id="1993" class="1004" name="empty_147_fu_1993">
<pin_list>
<pin id="1994" dir="0" index="0" bw="11" slack="20"/>
<pin id="1995" dir="0" index="1" bw="6" slack="18"/>
<pin id="1996" dir="1" index="2" bw="11" slack="0"/>
</pin_list>
<bind>
<opcode="add(8) " fcode="add"/>
<opset="empty_147/22 "/>
</bind>
</comp>

<comp id="1997" class="1004" name="p_cast1022_fu_1997">
<pin_list>
<pin id="1998" dir="0" index="0" bw="11" slack="0"/>
<pin id="1999" dir="1" index="1" bw="64" slack="0"/>
</pin_list>
<bind>
<opcode="zext(34) " fcode="zext"/>
<opset="p_cast1022/22 "/>
</bind>
</comp>

<comp id="2002" class="1004" name="empty_157_fu_2002">
<pin_list>
<pin id="2003" dir="0" index="0" bw="11" slack="21"/>
<pin id="2004" dir="0" index="1" bw="6" slack="18"/>
<pin id="2005" dir="1" index="2" bw="11" slack="0"/>
</pin_list>
<bind>
<opcode="add(8) " fcode="add"/>
<opset="empty_157/23 "/>
</bind>
</comp>

<comp id="2006" class="1004" name="p_cast1031_fu_2006">
<pin_list>
<pin id="2007" dir="0" index="0" bw="11" slack="0"/>
<pin id="2008" dir="1" index="1" bw="64" slack="0"/>
</pin_list>
<bind>
<opcode="zext(34) " fcode="zext"/>
<opset="p_cast1031/23 "/>
</bind>
</comp>

<comp id="2011" class="1004" name="empty_167_fu_2011">
<pin_list>
<pin id="2012" dir="0" index="0" bw="11" slack="21"/>
<pin id="2013" dir="0" index="1" bw="6" slack="18"/>
<pin id="2014" dir="1" index="2" bw="11" slack="0"/>
</pin_list>
<bind>
<opcode="add(8) " fcode="add"/>
<opset="empty_167/23 "/>
</bind>
</comp>

<comp id="2015" class="1004" name="p_cast1040_fu_2015">
<pin_list>
<pin id="2016" dir="0" index="0" bw="11" slack="0"/>
<pin id="2017" dir="1" index="1" bw="64" slack="0"/>
</pin_list>
<bind>
<opcode="zext(34) " fcode="zext"/>
<opset="p_cast1040/23 "/>
</bind>
</comp>

<comp id="2020" class="1004" name="empty_177_fu_2020">
<pin_list>
<pin id="2021" dir="0" index="0" bw="11" slack="22"/>
<pin id="2022" dir="0" index="1" bw="6" slack="18"/>
<pin id="2023" dir="1" index="2" bw="11" slack="0"/>
</pin_list>
<bind>
<opcode="add(8) " fcode="add"/>
<opset="empty_177/24 "/>
</bind>
</comp>

<comp id="2024" class="1004" name="p_cast1049_fu_2024">
<pin_list>
<pin id="2025" dir="0" index="0" bw="11" slack="0"/>
<pin id="2026" dir="1" index="1" bw="64" slack="0"/>
</pin_list>
<bind>
<opcode="zext(34) " fcode="zext"/>
<opset="p_cast1049/24 "/>
</bind>
</comp>

<comp id="2029" class="1004" name="empty_187_fu_2029">
<pin_list>
<pin id="2030" dir="0" index="0" bw="11" slack="22"/>
<pin id="2031" dir="0" index="1" bw="6" slack="18"/>
<pin id="2032" dir="1" index="2" bw="11" slack="0"/>
</pin_list>
<bind>
<opcode="add(8) " fcode="add"/>
<opset="empty_187/24 "/>
</bind>
</comp>

<comp id="2033" class="1004" name="p_cast1058_fu_2033">
<pin_list>
<pin id="2034" dir="0" index="0" bw="11" slack="0"/>
<pin id="2035" dir="1" index="1" bw="64" slack="0"/>
</pin_list>
<bind>
<opcode="zext(34) " fcode="zext"/>
<opset="p_cast1058/24 "/>
</bind>
</comp>

<comp id="2038" class="1004" name="empty_197_fu_2038">
<pin_list>
<pin id="2039" dir="0" index="0" bw="11" slack="23"/>
<pin id="2040" dir="0" index="1" bw="6" slack="18"/>
<pin id="2041" dir="1" index="2" bw="11" slack="0"/>
</pin_list>
<bind>
<opcode="add(8) " fcode="add"/>
<opset="empty_197/25 "/>
</bind>
</comp>

<comp id="2042" class="1004" name="p_cast1067_fu_2042">
<pin_list>
<pin id="2043" dir="0" index="0" bw="11" slack="0"/>
<pin id="2044" dir="1" index="1" bw="64" slack="0"/>
</pin_list>
<bind>
<opcode="zext(34) " fcode="zext"/>
<opset="p_cast1067/25 "/>
</bind>
</comp>

<comp id="2047" class="1004" name="empty_207_fu_2047">
<pin_list>
<pin id="2048" dir="0" index="0" bw="11" slack="23"/>
<pin id="2049" dir="0" index="1" bw="6" slack="18"/>
<pin id="2050" dir="1" index="2" bw="11" slack="0"/>
</pin_list>
<bind>
<opcode="add(8) " fcode="add"/>
<opset="empty_207/25 "/>
</bind>
</comp>

<comp id="2051" class="1004" name="p_cast1076_fu_2051">
<pin_list>
<pin id="2052" dir="0" index="0" bw="11" slack="0"/>
<pin id="2053" dir="1" index="1" bw="64" slack="0"/>
</pin_list>
<bind>
<opcode="zext(34) " fcode="zext"/>
<opset="p_cast1076/25 "/>
</bind>
</comp>

<comp id="2056" class="1004" name="empty_148_fu_2056">
<pin_list>
<pin id="2057" dir="0" index="0" bw="11" slack="25"/>
<pin id="2058" dir="0" index="1" bw="6" slack="23"/>
<pin id="2059" dir="1" index="2" bw="11" slack="0"/>
</pin_list>
<bind>
<opcode="add(8) " fcode="add"/>
<opset="empty_148/27 "/>
</bind>
</comp>

<comp id="2060" class="1004" name="p_cast1023_fu_2060">
<pin_list>
<pin id="2061" dir="0" index="0" bw="11" slack="0"/>
<pin id="2062" dir="1" index="1" bw="64" slack="0"/>
</pin_list>
<bind>
<opcode="zext(34) " fcode="zext"/>
<opset="p_cast1023/27 "/>
</bind>
</comp>

<comp id="2065" class="1004" name="empty_158_fu_2065">
<pin_list>
<pin id="2066" dir="0" index="0" bw="11" slack="25"/>
<pin id="2067" dir="0" index="1" bw="6" slack="22"/>
<pin id="2068" dir="1" index="2" bw="11" slack="0"/>
</pin_list>
<bind>
<opcode="add(8) " fcode="add"/>
<opset="empty_158/27 "/>
</bind>
</comp>

<comp id="2069" class="1004" name="p_cast1032_fu_2069">
<pin_list>
<pin id="2070" dir="0" index="0" bw="11" slack="0"/>
<pin id="2071" dir="1" index="1" bw="64" slack="0"/>
</pin_list>
<bind>
<opcode="zext(34) " fcode="zext"/>
<opset="p_cast1032/27 "/>
</bind>
</comp>

<comp id="2074" class="1004" name="empty_168_fu_2074">
<pin_list>
<pin id="2075" dir="0" index="0" bw="11" slack="26"/>
<pin id="2076" dir="0" index="1" bw="6" slack="23"/>
<pin id="2077" dir="1" index="2" bw="11" slack="0"/>
</pin_list>
<bind>
<opcode="add(8) " fcode="add"/>
<opset="empty_168/28 "/>
</bind>
</comp>

<comp id="2078" class="1004" name="p_cast1041_fu_2078">
<pin_list>
<pin id="2079" dir="0" index="0" bw="11" slack="0"/>
<pin id="2080" dir="1" index="1" bw="64" slack="0"/>
</pin_list>
<bind>
<opcode="zext(34) " fcode="zext"/>
<opset="p_cast1041/28 "/>
</bind>
</comp>

<comp id="2083" class="1004" name="empty_178_fu_2083">
<pin_list>
<pin id="2084" dir="0" index="0" bw="11" slack="26"/>
<pin id="2085" dir="0" index="1" bw="6" slack="22"/>
<pin id="2086" dir="1" index="2" bw="11" slack="0"/>
</pin_list>
<bind>
<opcode="add(8) " fcode="add"/>
<opset="empty_178/28 "/>
</bind>
</comp>

<comp id="2087" class="1004" name="p_cast1050_fu_2087">
<pin_list>
<pin id="2088" dir="0" index="0" bw="11" slack="0"/>
<pin id="2089" dir="1" index="1" bw="64" slack="0"/>
</pin_list>
<bind>
<opcode="zext(34) " fcode="zext"/>
<opset="p_cast1050/28 "/>
</bind>
</comp>

<comp id="2092" class="1004" name="empty_188_fu_2092">
<pin_list>
<pin id="2093" dir="0" index="0" bw="11" slack="27"/>
<pin id="2094" dir="0" index="1" bw="6" slack="23"/>
<pin id="2095" dir="1" index="2" bw="11" slack="0"/>
</pin_list>
<bind>
<opcode="add(8) " fcode="add"/>
<opset="empty_188/29 "/>
</bind>
</comp>

<comp id="2096" class="1004" name="p_cast1059_fu_2096">
<pin_list>
<pin id="2097" dir="0" index="0" bw="11" slack="0"/>
<pin id="2098" dir="1" index="1" bw="64" slack="0"/>
</pin_list>
<bind>
<opcode="zext(34) " fcode="zext"/>
<opset="p_cast1059/29 "/>
</bind>
</comp>

<comp id="2101" class="1004" name="empty_198_fu_2101">
<pin_list>
<pin id="2102" dir="0" index="0" bw="11" slack="27"/>
<pin id="2103" dir="0" index="1" bw="6" slack="22"/>
<pin id="2104" dir="1" index="2" bw="11" slack="0"/>
</pin_list>
<bind>
<opcode="add(8) " fcode="add"/>
<opset="empty_198/29 "/>
</bind>
</comp>

<comp id="2105" class="1004" name="p_cast1068_fu_2105">
<pin_list>
<pin id="2106" dir="0" index="0" bw="11" slack="0"/>
<pin id="2107" dir="1" index="1" bw="64" slack="0"/>
</pin_list>
<bind>
<opcode="zext(34) " fcode="zext"/>
<opset="p_cast1068/29 "/>
</bind>
</comp>

<comp id="2110" class="1004" name="empty_208_fu_2110">
<pin_list>
<pin id="2111" dir="0" index="0" bw="11" slack="28"/>
<pin id="2112" dir="0" index="1" bw="6" slack="23"/>
<pin id="2113" dir="1" index="2" bw="11" slack="0"/>
</pin_list>
<bind>
<opcode="add(8) " fcode="add"/>
<opset="empty_208/30 "/>
</bind>
</comp>

<comp id="2114" class="1004" name="p_cast1077_fu_2114">
<pin_list>
<pin id="2115" dir="0" index="0" bw="11" slack="0"/>
<pin id="2116" dir="1" index="1" bw="64" slack="0"/>
</pin_list>
<bind>
<opcode="zext(34) " fcode="zext"/>
<opset="p_cast1077/30 "/>
</bind>
</comp>

<comp id="2119" class="1004" name="empty_149_fu_2119">
<pin_list>
<pin id="2120" dir="0" index="0" bw="11" slack="29"/>
<pin id="2121" dir="0" index="1" bw="6" slack="27"/>
<pin id="2122" dir="1" index="2" bw="11" slack="0"/>
</pin_list>
<bind>
<opcode="add(8) " fcode="add"/>
<opset="empty_149/31 "/>
</bind>
</comp>

<comp id="2123" class="1004" name="p_cast1024_fu_2123">
<pin_list>
<pin id="2124" dir="0" index="0" bw="11" slack="0"/>
<pin id="2125" dir="1" index="1" bw="64" slack="0"/>
</pin_list>
<bind>
<opcode="zext(34) " fcode="zext"/>
<opset="p_cast1024/31 "/>
</bind>
</comp>

<comp id="2128" class="1004" name="empty_159_fu_2128">
<pin_list>
<pin id="2129" dir="0" index="0" bw="11" slack="30"/>
<pin id="2130" dir="0" index="1" bw="6" slack="27"/>
<pin id="2131" dir="1" index="2" bw="11" slack="0"/>
</pin_list>
<bind>
<opcode="add(8) " fcode="add"/>
<opset="empty_159/32 "/>
</bind>
</comp>

<comp id="2132" class="1004" name="p_cast1033_fu_2132">
<pin_list>
<pin id="2133" dir="0" index="0" bw="11" slack="0"/>
<pin id="2134" dir="1" index="1" bw="64" slack="0"/>
</pin_list>
<bind>
<opcode="zext(34) " fcode="zext"/>
<opset="p_cast1033/32 "/>
</bind>
</comp>

<comp id="2137" class="1004" name="empty_169_fu_2137">
<pin_list>
<pin id="2138" dir="0" index="0" bw="11" slack="30"/>
<pin id="2139" dir="0" index="1" bw="6" slack="27"/>
<pin id="2140" dir="1" index="2" bw="11" slack="0"/>
</pin_list>
<bind>
<opcode="add(8) " fcode="add"/>
<opset="empty_169/32 "/>
</bind>
</comp>

<comp id="2141" class="1004" name="p_cast1042_fu_2141">
<pin_list>
<pin id="2142" dir="0" index="0" bw="11" slack="0"/>
<pin id="2143" dir="1" index="1" bw="64" slack="0"/>
</pin_list>
<bind>
<opcode="zext(34) " fcode="zext"/>
<opset="p_cast1042/32 "/>
</bind>
</comp>

<comp id="2146" class="1004" name="empty_179_fu_2146">
<pin_list>
<pin id="2147" dir="0" index="0" bw="11" slack="31"/>
<pin id="2148" dir="0" index="1" bw="6" slack="27"/>
<pin id="2149" dir="1" index="2" bw="11" slack="0"/>
</pin_list>
<bind>
<opcode="add(8) " fcode="add"/>
<opset="empty_179/33 "/>
</bind>
</comp>

<comp id="2150" class="1004" name="p_cast1051_fu_2150">
<pin_list>
<pin id="2151" dir="0" index="0" bw="11" slack="0"/>
<pin id="2152" dir="1" index="1" bw="64" slack="0"/>
</pin_list>
<bind>
<opcode="zext(34) " fcode="zext"/>
<opset="p_cast1051/33 "/>
</bind>
</comp>

<comp id="2155" class="1004" name="empty_189_fu_2155">
<pin_list>
<pin id="2156" dir="0" index="0" bw="11" slack="31"/>
<pin id="2157" dir="0" index="1" bw="6" slack="27"/>
<pin id="2158" dir="1" index="2" bw="11" slack="0"/>
</pin_list>
<bind>
<opcode="add(8) " fcode="add"/>
<opset="empty_189/33 "/>
</bind>
</comp>

<comp id="2159" class="1004" name="p_cast1060_fu_2159">
<pin_list>
<pin id="2160" dir="0" index="0" bw="11" slack="0"/>
<pin id="2161" dir="1" index="1" bw="64" slack="0"/>
</pin_list>
<bind>
<opcode="zext(34) " fcode="zext"/>
<opset="p_cast1060/33 "/>
</bind>
</comp>

<comp id="2164" class="1004" name="empty_199_fu_2164">
<pin_list>
<pin id="2165" dir="0" index="0" bw="11" slack="32"/>
<pin id="2166" dir="0" index="1" bw="6" slack="27"/>
<pin id="2167" dir="1" index="2" bw="11" slack="0"/>
</pin_list>
<bind>
<opcode="add(8) " fcode="add"/>
<opset="empty_199/34 "/>
</bind>
</comp>

<comp id="2168" class="1004" name="p_cast1069_fu_2168">
<pin_list>
<pin id="2169" dir="0" index="0" bw="11" slack="0"/>
<pin id="2170" dir="1" index="1" bw="64" slack="0"/>
</pin_list>
<bind>
<opcode="zext(34) " fcode="zext"/>
<opset="p_cast1069/34 "/>
</bind>
</comp>

<comp id="2173" class="1004" name="empty_209_fu_2173">
<pin_list>
<pin id="2174" dir="0" index="0" bw="11" slack="32"/>
<pin id="2175" dir="0" index="1" bw="6" slack="27"/>
<pin id="2176" dir="1" index="2" bw="11" slack="0"/>
</pin_list>
<bind>
<opcode="add(8) " fcode="add"/>
<opset="empty_209/34 "/>
</bind>
</comp>

<comp id="2177" class="1004" name="p_cast1078_fu_2177">
<pin_list>
<pin id="2178" dir="0" index="0" bw="11" slack="0"/>
<pin id="2179" dir="1" index="1" bw="64" slack="0"/>
</pin_list>
<bind>
<opcode="zext(34) " fcode="zext"/>
<opset="p_cast1078/34 "/>
</bind>
</comp>

<comp id="2182" class="1004" name="empty_150_fu_2182">
<pin_list>
<pin id="2183" dir="0" index="0" bw="11" slack="34"/>
<pin id="2184" dir="0" index="1" bw="6" slack="32"/>
<pin id="2185" dir="1" index="2" bw="11" slack="0"/>
</pin_list>
<bind>
<opcode="add(8) " fcode="add"/>
<opset="empty_150/36 "/>
</bind>
</comp>

<comp id="2186" class="1004" name="p_cast1025_fu_2186">
<pin_list>
<pin id="2187" dir="0" index="0" bw="11" slack="0"/>
<pin id="2188" dir="1" index="1" bw="64" slack="0"/>
</pin_list>
<bind>
<opcode="zext(34) " fcode="zext"/>
<opset="p_cast1025/36 "/>
</bind>
</comp>

<comp id="2191" class="1004" name="empty_160_fu_2191">
<pin_list>
<pin id="2192" dir="0" index="0" bw="11" slack="34"/>
<pin id="2193" dir="0" index="1" bw="6" slack="31"/>
<pin id="2194" dir="1" index="2" bw="11" slack="0"/>
</pin_list>
<bind>
<opcode="add(8) " fcode="add"/>
<opset="empty_160/36 "/>
</bind>
</comp>

<comp id="2195" class="1004" name="p_cast1034_fu_2195">
<pin_list>
<pin id="2196" dir="0" index="0" bw="11" slack="0"/>
<pin id="2197" dir="1" index="1" bw="64" slack="0"/>
</pin_list>
<bind>
<opcode="zext(34) " fcode="zext"/>
<opset="p_cast1034/36 "/>
</bind>
</comp>

<comp id="2200" class="1004" name="empty_170_fu_2200">
<pin_list>
<pin id="2201" dir="0" index="0" bw="11" slack="35"/>
<pin id="2202" dir="0" index="1" bw="6" slack="32"/>
<pin id="2203" dir="1" index="2" bw="11" slack="0"/>
</pin_list>
<bind>
<opcode="add(8) " fcode="add"/>
<opset="empty_170/37 "/>
</bind>
</comp>

<comp id="2204" class="1004" name="p_cast1043_fu_2204">
<pin_list>
<pin id="2205" dir="0" index="0" bw="11" slack="0"/>
<pin id="2206" dir="1" index="1" bw="64" slack="0"/>
</pin_list>
<bind>
<opcode="zext(34) " fcode="zext"/>
<opset="p_cast1043/37 "/>
</bind>
</comp>

<comp id="2209" class="1004" name="empty_180_fu_2209">
<pin_list>
<pin id="2210" dir="0" index="0" bw="11" slack="35"/>
<pin id="2211" dir="0" index="1" bw="6" slack="31"/>
<pin id="2212" dir="1" index="2" bw="11" slack="0"/>
</pin_list>
<bind>
<opcode="add(8) " fcode="add"/>
<opset="empty_180/37 "/>
</bind>
</comp>

<comp id="2213" class="1004" name="p_cast1052_fu_2213">
<pin_list>
<pin id="2214" dir="0" index="0" bw="11" slack="0"/>
<pin id="2215" dir="1" index="1" bw="64" slack="0"/>
</pin_list>
<bind>
<opcode="zext(34) " fcode="zext"/>
<opset="p_cast1052/37 "/>
</bind>
</comp>

<comp id="2218" class="1004" name="empty_151_fu_2218">
<pin_list>
<pin id="2219" dir="0" index="0" bw="11" slack="36"/>
<pin id="2220" dir="0" index="1" bw="6" slack="34"/>
<pin id="2221" dir="1" index="2" bw="11" slack="2"/>
</pin_list>
<bind>
<opcode="add(8) " fcode="add"/>
<opset="empty_151/38 "/>
</bind>
</comp>

<comp id="2222" class="1004" name="empty_161_fu_2222">
<pin_list>
<pin id="2223" dir="0" index="0" bw="11" slack="36"/>
<pin id="2224" dir="0" index="1" bw="6" slack="33"/>
<pin id="2225" dir="1" index="2" bw="11" slack="3"/>
</pin_list>
<bind>
<opcode="add(8) " fcode="add"/>
<opset="empty_161/38 "/>
</bind>
</comp>

<comp id="2226" class="1004" name="empty_171_fu_2226">
<pin_list>
<pin id="2227" dir="0" index="0" bw="11" slack="36"/>
<pin id="2228" dir="0" index="1" bw="6" slack="33"/>
<pin id="2229" dir="1" index="2" bw="11" slack="3"/>
</pin_list>
<bind>
<opcode="add(8) " fcode="add"/>
<opset="empty_171/38 "/>
</bind>
</comp>

<comp id="2230" class="1004" name="empty_181_fu_2230">
<pin_list>
<pin id="2231" dir="0" index="0" bw="11" slack="36"/>
<pin id="2232" dir="0" index="1" bw="6" slack="32"/>
<pin id="2233" dir="1" index="2" bw="11" slack="4"/>
</pin_list>
<bind>
<opcode="add(8) " fcode="add"/>
<opset="empty_181/38 "/>
</bind>
</comp>

<comp id="2234" class="1004" name="empty_190_fu_2234">
<pin_list>
<pin id="2235" dir="0" index="0" bw="11" slack="36"/>
<pin id="2236" dir="0" index="1" bw="6" slack="32"/>
<pin id="2237" dir="1" index="2" bw="11" slack="0"/>
</pin_list>
<bind>
<opcode="add(8) " fcode="add"/>
<opset="empty_190/38 "/>
</bind>
</comp>

<comp id="2238" class="1004" name="p_cast1061_fu_2238">
<pin_list>
<pin id="2239" dir="0" index="0" bw="11" slack="0"/>
<pin id="2240" dir="1" index="1" bw="64" slack="0"/>
</pin_list>
<bind>
<opcode="zext(34) " fcode="zext"/>
<opset="p_cast1061/38 "/>
</bind>
</comp>

<comp id="2243" class="1004" name="empty_191_fu_2243">
<pin_list>
<pin id="2244" dir="0" index="0" bw="11" slack="36"/>
<pin id="2245" dir="0" index="1" bw="6" slack="32"/>
<pin id="2246" dir="1" index="2" bw="11" slack="4"/>
</pin_list>
<bind>
<opcode="add(8) " fcode="add"/>
<opset="empty_191/38 "/>
</bind>
</comp>

<comp id="2247" class="1004" name="empty_200_fu_2247">
<pin_list>
<pin id="2248" dir="0" index="0" bw="11" slack="36"/>
<pin id="2249" dir="0" index="1" bw="6" slack="31"/>
<pin id="2250" dir="1" index="2" bw="11" slack="0"/>
</pin_list>
<bind>
<opcode="add(8) " fcode="add"/>
<opset="empty_200/38 "/>
</bind>
</comp>

<comp id="2251" class="1004" name="p_cast1070_fu_2251">
<pin_list>
<pin id="2252" dir="0" index="0" bw="11" slack="0"/>
<pin id="2253" dir="1" index="1" bw="64" slack="0"/>
</pin_list>
<bind>
<opcode="zext(34) " fcode="zext"/>
<opset="p_cast1070/38 "/>
</bind>
</comp>

<comp id="2256" class="1004" name="empty_201_fu_2256">
<pin_list>
<pin id="2257" dir="0" index="0" bw="11" slack="36"/>
<pin id="2258" dir="0" index="1" bw="6" slack="31"/>
<pin id="2259" dir="1" index="2" bw="11" slack="5"/>
</pin_list>
<bind>
<opcode="add(8) " fcode="add"/>
<opset="empty_201/38 "/>
</bind>
</comp>

<comp id="2260" class="1004" name="empty_210_fu_2260">
<pin_list>
<pin id="2261" dir="0" index="0" bw="11" slack="36"/>
<pin id="2262" dir="0" index="1" bw="6" slack="31"/>
<pin id="2263" dir="1" index="2" bw="11" slack="1"/>
</pin_list>
<bind>
<opcode="add(8) " fcode="add"/>
<opset="empty_210/38 "/>
</bind>
</comp>

<comp id="2264" class="1004" name="empty_211_fu_2264">
<pin_list>
<pin id="2265" dir="0" index="0" bw="11" slack="36"/>
<pin id="2266" dir="0" index="1" bw="6" slack="31"/>
<pin id="2267" dir="1" index="2" bw="11" slack="5"/>
</pin_list>
<bind>
<opcode="add(8) " fcode="add"/>
<opset="empty_211/38 "/>
</bind>
</comp>

<comp id="2268" class="1004" name="p_cast1079_fu_2268">
<pin_list>
<pin id="2269" dir="0" index="0" bw="11" slack="1"/>
<pin id="2270" dir="1" index="1" bw="64" slack="0"/>
</pin_list>
<bind>
<opcode="zext(34) " fcode="zext"/>
<opset="p_cast1079/39 "/>
</bind>
</comp>

<comp id="2272" class="1004" name="p_cast1026_fu_2272">
<pin_list>
<pin id="2273" dir="0" index="0" bw="11" slack="2"/>
<pin id="2274" dir="1" index="1" bw="64" slack="0"/>
</pin_list>
<bind>
<opcode="zext(34) " fcode="zext"/>
<opset="p_cast1026/40 "/>
</bind>
</comp>

<comp id="2276" class="1004" name="p_cast1035_fu_2276">
<pin_list>
<pin id="2277" dir="0" index="0" bw="11" slack="3"/>
<pin id="2278" dir="1" index="1" bw="64" slack="0"/>
</pin_list>
<bind>
<opcode="zext(34) " fcode="zext"/>
<opset="p_cast1035/41 "/>
</bind>
</comp>

<comp id="2280" class="1004" name="p_cast1044_fu_2280">
<pin_list>
<pin id="2281" dir="0" index="0" bw="11" slack="3"/>
<pin id="2282" dir="1" index="1" bw="64" slack="0"/>
</pin_list>
<bind>
<opcode="zext(34) " fcode="zext"/>
<opset="p_cast1044/41 "/>
</bind>
</comp>

<comp id="2284" class="1004" name="p_cast1053_fu_2284">
<pin_list>
<pin id="2285" dir="0" index="0" bw="11" slack="4"/>
<pin id="2286" dir="1" index="1" bw="64" slack="0"/>
</pin_list>
<bind>
<opcode="zext(34) " fcode="zext"/>
<opset="p_cast1053/42 "/>
</bind>
</comp>

<comp id="2288" class="1004" name="p_cast1062_fu_2288">
<pin_list>
<pin id="2289" dir="0" index="0" bw="11" slack="4"/>
<pin id="2290" dir="1" index="1" bw="64" slack="0"/>
</pin_list>
<bind>
<opcode="zext(34) " fcode="zext"/>
<opset="p_cast1062/42 "/>
</bind>
</comp>

<comp id="2292" class="1004" name="p_cast1071_fu_2292">
<pin_list>
<pin id="2293" dir="0" index="0" bw="11" slack="5"/>
<pin id="2294" dir="1" index="1" bw="64" slack="0"/>
</pin_list>
<bind>
<opcode="zext(34) " fcode="zext"/>
<opset="p_cast1071/43 "/>
</bind>
</comp>

<comp id="2296" class="1004" name="p_cast1080_fu_2296">
<pin_list>
<pin id="2297" dir="0" index="0" bw="11" slack="5"/>
<pin id="2298" dir="1" index="1" bw="64" slack="0"/>
</pin_list>
<bind>
<opcode="zext(34) " fcode="zext"/>
<opset="p_cast1080/43 "/>
</bind>
</comp>

<comp id="2300" class="1005" name="th_reg_2300">
<pin_list>
<pin id="2301" dir="0" index="0" bw="6" slack="0"/>
<pin id="2302" dir="1" index="1" bw="6" slack="0"/>
</pin_list>
<bind>
<opset="th "/>
</bind>
</comp>

<comp id="2307" class="1005" name="tH_read_reg_2307">
<pin_list>
<pin id="2308" dir="0" index="0" bw="8" slack="1"/>
<pin id="2309" dir="1" index="1" bw="8" slack="1"/>
</pin_list>
<bind>
<opset="tH_read "/>
</bind>
</comp>

<comp id="2312" class="1005" name="tW_read_reg_2312">
<pin_list>
<pin id="2313" dir="0" index="0" bw="8" slack="2"/>
<pin id="2314" dir="1" index="1" bw="8" slack="2"/>
</pin_list>
<bind>
<opset="tW_read "/>
</bind>
</comp>

<comp id="2317" class="1005" name="th_7_reg_2317">
<pin_list>
<pin id="2318" dir="0" index="0" bw="6" slack="42"/>
<pin id="2319" dir="1" index="1" bw="6" slack="42"/>
</pin_list>
<bind>
<opset="th_7 "/>
</bind>
</comp>

<comp id="2322" class="1005" name="empty_reg_2322">
<pin_list>
<pin id="2323" dir="0" index="0" bw="11" slack="1"/>
<pin id="2324" dir="1" index="1" bw="11" slack="1"/>
</pin_list>
<bind>
<opset="empty "/>
</bind>
</comp>

<comp id="2338" class="1005" name="indvars_iv_next82_reg_2338">
<pin_list>
<pin id="2339" dir="0" index="0" bw="6" slack="1"/>
<pin id="2340" dir="1" index="1" bw="6" slack="1"/>
</pin_list>
<bind>
<opset="indvars_iv_next82 "/>
</bind>
</comp>

<comp id="2343" class="1005" name="cmp5_reg_2343">
<pin_list>
<pin id="2344" dir="0" index="0" bw="1" slack="1"/>
<pin id="2345" dir="1" index="1" bw="1" slack="1"/>
</pin_list>
<bind>
<opset="cmp5 "/>
</bind>
</comp>

<comp id="2348" class="1005" name="empty_108_reg_2348">
<pin_list>
<pin id="2349" dir="0" index="0" bw="11" slack="1"/>
<pin id="2350" dir="1" index="1" bw="11" slack="1"/>
</pin_list>
<bind>
<opset="empty_108 "/>
</bind>
</comp>

<comp id="2361" class="1005" name="empty_110_reg_2361">
<pin_list>
<pin id="2362" dir="0" index="0" bw="11" slack="1"/>
<pin id="2363" dir="1" index="1" bw="11" slack="1"/>
</pin_list>
<bind>
<opset="empty_110 "/>
</bind>
</comp>

<comp id="2374" class="1005" name="empty_112_reg_2374">
<pin_list>
<pin id="2375" dir="0" index="0" bw="11" slack="1"/>
<pin id="2376" dir="1" index="1" bw="11" slack="1"/>
</pin_list>
<bind>
<opset="empty_112 "/>
</bind>
</comp>

<comp id="2387" class="1005" name="empty_114_reg_2387">
<pin_list>
<pin id="2388" dir="0" index="0" bw="11" slack="1"/>
<pin id="2389" dir="1" index="1" bw="11" slack="1"/>
</pin_list>
<bind>
<opset="empty_114 "/>
</bind>
</comp>

<comp id="2400" class="1005" name="empty_116_reg_2400">
<pin_list>
<pin id="2401" dir="0" index="0" bw="11" slack="1"/>
<pin id="2402" dir="1" index="1" bw="11" slack="1"/>
</pin_list>
<bind>
<opset="empty_116 "/>
</bind>
</comp>

<comp id="2413" class="1005" name="empty_118_reg_2413">
<pin_list>
<pin id="2414" dir="0" index="0" bw="11" slack="1"/>
<pin id="2415" dir="1" index="1" bw="11" slack="1"/>
</pin_list>
<bind>
<opset="empty_118 "/>
</bind>
</comp>

<comp id="2426" class="1005" name="empty_120_reg_2426">
<pin_list>
<pin id="2427" dir="0" index="0" bw="11" slack="1"/>
<pin id="2428" dir="1" index="1" bw="11" slack="1"/>
</pin_list>
<bind>
<opset="empty_120 "/>
</bind>
</comp>

<comp id="2439" class="1005" name="empty_122_reg_2439">
<pin_list>
<pin id="2440" dir="0" index="0" bw="11" slack="1"/>
<pin id="2441" dir="1" index="1" bw="11" slack="1"/>
</pin_list>
<bind>
<opset="empty_122 "/>
</bind>
</comp>

<comp id="2452" class="1005" name="empty_123_reg_2452">
<pin_list>
<pin id="2453" dir="0" index="0" bw="5" slack="41"/>
<pin id="2454" dir="1" index="1" bw="5" slack="41"/>
</pin_list>
<bind>
<opset="empty_123 "/>
</bind>
</comp>

<comp id="2457" class="1005" name="in_tile_1_0_addr_reg_2457">
<pin_list>
<pin id="2458" dir="0" index="0" bw="11" slack="1"/>
<pin id="2459" dir="1" index="1" bw="11" slack="1"/>
</pin_list>
<bind>
<opset="in_tile_1_0_addr "/>
</bind>
</comp>

<comp id="2462" class="1005" name="in_tile_1_0_addr_9_reg_2462">
<pin_list>
<pin id="2463" dir="0" index="0" bw="11" slack="5"/>
<pin id="2464" dir="1" index="1" bw="11" slack="5"/>
</pin_list>
<bind>
<opset="in_tile_1_0_addr_9 "/>
</bind>
</comp>

<comp id="2467" class="1005" name="in_tile_1_0_addr_18_reg_2467">
<pin_list>
<pin id="2468" dir="0" index="0" bw="11" slack="9"/>
<pin id="2469" dir="1" index="1" bw="11" slack="9"/>
</pin_list>
<bind>
<opset="in_tile_1_0_addr_18 "/>
</bind>
</comp>

<comp id="2472" class="1005" name="in_tile_1_0_addr_27_reg_2472">
<pin_list>
<pin id="2473" dir="0" index="0" bw="11" slack="14"/>
<pin id="2474" dir="1" index="1" bw="11" slack="14"/>
</pin_list>
<bind>
<opset="in_tile_1_0_addr_27 "/>
</bind>
</comp>

<comp id="2477" class="1005" name="in_tile_1_0_addr_36_reg_2477">
<pin_list>
<pin id="2478" dir="0" index="0" bw="11" slack="18"/>
<pin id="2479" dir="1" index="1" bw="11" slack="18"/>
</pin_list>
<bind>
<opset="in_tile_1_0_addr_36 "/>
</bind>
</comp>

<comp id="2482" class="1005" name="in_tile_1_0_addr_45_reg_2482">
<pin_list>
<pin id="2483" dir="0" index="0" bw="11" slack="23"/>
<pin id="2484" dir="1" index="1" bw="11" slack="23"/>
</pin_list>
<bind>
<opset="in_tile_1_0_addr_45 "/>
</bind>
</comp>

<comp id="2487" class="1005" name="in_tile_1_0_addr_54_reg_2487">
<pin_list>
<pin id="2488" dir="0" index="0" bw="11" slack="27"/>
<pin id="2489" dir="1" index="1" bw="11" slack="27"/>
</pin_list>
<bind>
<opset="in_tile_1_0_addr_54 "/>
</bind>
</comp>

<comp id="2492" class="1005" name="in_tile_1_0_addr_63_reg_2492">
<pin_list>
<pin id="2493" dir="0" index="0" bw="11" slack="32"/>
<pin id="2494" dir="1" index="1" bw="11" slack="32"/>
</pin_list>
<bind>
<opset="in_tile_1_0_addr_63 "/>
</bind>
</comp>

<comp id="2497" class="1005" name="in_tile_1_0_addr_72_reg_2497">
<pin_list>
<pin id="2498" dir="0" index="0" bw="11" slack="36"/>
<pin id="2499" dir="1" index="1" bw="11" slack="36"/>
</pin_list>
<bind>
<opset="in_tile_1_0_addr_72 "/>
</bind>
</comp>

<comp id="2505" class="1005" name="add_ln69_reg_2505">
<pin_list>
<pin id="2506" dir="0" index="0" bw="6" slack="0"/>
<pin id="2507" dir="1" index="1" bw="6" slack="0"/>
</pin_list>
<bind>
<opset="add_ln69 "/>
</bind>
</comp>

<comp id="2510" class="1005" name="and_ln70_reg_2510">
<pin_list>
<pin id="2511" dir="0" index="0" bw="1" slack="42"/>
<pin id="2512" dir="1" index="1" bw="1" slack="2147483647"/>
</pin_list>
<bind>
<opset="and_ln70 "/>
</bind>
</comp>

<comp id="2514" class="1005" name="in_tile_1_0_addr_1_reg_2514">
<pin_list>
<pin id="2515" dir="0" index="0" bw="11" slack="1"/>
<pin id="2516" dir="1" index="1" bw="11" slack="1"/>
</pin_list>
<bind>
<opset="in_tile_1_0_addr_1 "/>
</bind>
</comp>

<comp id="2519" class="1005" name="in_tile_1_0_addr_10_reg_2519">
<pin_list>
<pin id="2520" dir="0" index="0" bw="11" slack="5"/>
<pin id="2521" dir="1" index="1" bw="11" slack="5"/>
</pin_list>
<bind>
<opset="in_tile_1_0_addr_10 "/>
</bind>
</comp>

<comp id="2524" class="1005" name="in_tile_1_0_addr_19_reg_2524">
<pin_list>
<pin id="2525" dir="0" index="0" bw="11" slack="10"/>
<pin id="2526" dir="1" index="1" bw="11" slack="10"/>
</pin_list>
<bind>
<opset="in_tile_1_0_addr_19 "/>
</bind>
</comp>

<comp id="2529" class="1005" name="in_tile_1_0_addr_28_reg_2529">
<pin_list>
<pin id="2530" dir="0" index="0" bw="11" slack="14"/>
<pin id="2531" dir="1" index="1" bw="11" slack="14"/>
</pin_list>
<bind>
<opset="in_tile_1_0_addr_28 "/>
</bind>
</comp>

<comp id="2534" class="1005" name="in_tile_1_0_addr_37_reg_2534">
<pin_list>
<pin id="2535" dir="0" index="0" bw="11" slack="19"/>
<pin id="2536" dir="1" index="1" bw="11" slack="19"/>
</pin_list>
<bind>
<opset="in_tile_1_0_addr_37 "/>
</bind>
</comp>

<comp id="2539" class="1005" name="in_tile_1_0_addr_46_reg_2539">
<pin_list>
<pin id="2540" dir="0" index="0" bw="11" slack="23"/>
<pin id="2541" dir="1" index="1" bw="11" slack="23"/>
</pin_list>
<bind>
<opset="in_tile_1_0_addr_46 "/>
</bind>
</comp>

<comp id="2544" class="1005" name="in_tile_1_0_addr_55_reg_2544">
<pin_list>
<pin id="2545" dir="0" index="0" bw="11" slack="28"/>
<pin id="2546" dir="1" index="1" bw="11" slack="28"/>
</pin_list>
<bind>
<opset="in_tile_1_0_addr_55 "/>
</bind>
</comp>

<comp id="2549" class="1005" name="in_tile_1_0_addr_64_reg_2549">
<pin_list>
<pin id="2550" dir="0" index="0" bw="11" slack="32"/>
<pin id="2551" dir="1" index="1" bw="11" slack="32"/>
</pin_list>
<bind>
<opset="in_tile_1_0_addr_64 "/>
</bind>
</comp>

<comp id="2554" class="1005" name="in_tile_1_0_addr_73_reg_2554">
<pin_list>
<pin id="2555" dir="0" index="0" bw="11" slack="37"/>
<pin id="2556" dir="1" index="1" bw="11" slack="37"/>
</pin_list>
<bind>
<opset="in_tile_1_0_addr_73 "/>
</bind>
</comp>

<comp id="2559" class="1005" name="p_cast_reg_2559">
<pin_list>
<pin id="2560" dir="0" index="0" bw="11" slack="5"/>
<pin id="2561" dir="1" index="1" bw="11" slack="5"/>
</pin_list>
<bind>
<opset="p_cast "/>
</bind>
</comp>

<comp id="2571" class="1005" name="in_tile_1_0_addr_2_reg_2571">
<pin_list>
<pin id="2572" dir="0" index="0" bw="11" slack="1"/>
<pin id="2573" dir="1" index="1" bw="11" slack="1"/>
</pin_list>
<bind>
<opset="in_tile_1_0_addr_2 "/>
</bind>
</comp>

<comp id="2576" class="1005" name="in_tile_1_0_load_reg_2576">
<pin_list>
<pin id="2577" dir="0" index="0" bw="32" slack="40"/>
<pin id="2578" dir="1" index="1" bw="32" slack="40"/>
</pin_list>
<bind>
<opset="in_tile_1_0_load "/>
</bind>
</comp>

<comp id="2581" class="1005" name="p_cast993_reg_2581">
<pin_list>
<pin id="2582" dir="0" index="0" bw="11" slack="4"/>
<pin id="2583" dir="1" index="1" bw="11" slack="4"/>
</pin_list>
<bind>
<opset="p_cast993 "/>
</bind>
</comp>

<comp id="2593" class="1005" name="in_tile_1_0_addr_3_reg_2593">
<pin_list>
<pin id="2594" dir="0" index="0" bw="11" slack="1"/>
<pin id="2595" dir="1" index="1" bw="11" slack="1"/>
</pin_list>
<bind>
<opset="in_tile_1_0_addr_3 "/>
</bind>
</comp>

<comp id="2598" class="1005" name="p_cast994_reg_2598">
<pin_list>
<pin id="2599" dir="0" index="0" bw="11" slack="5"/>
<pin id="2600" dir="1" index="1" bw="11" slack="5"/>
</pin_list>
<bind>
<opset="p_cast994 "/>
</bind>
</comp>

<comp id="2610" class="1005" name="in_tile_1_0_addr_4_reg_2610">
<pin_list>
<pin id="2611" dir="0" index="0" bw="11" slack="1"/>
<pin id="2612" dir="1" index="1" bw="11" slack="1"/>
</pin_list>
<bind>
<opset="in_tile_1_0_addr_4 "/>
</bind>
</comp>

<comp id="2615" class="1005" name="in_tile_1_0_load_1_reg_2615">
<pin_list>
<pin id="2616" dir="0" index="0" bw="32" slack="39"/>
<pin id="2617" dir="1" index="1" bw="32" slack="39"/>
</pin_list>
<bind>
<opset="in_tile_1_0_load_1 "/>
</bind>
</comp>

<comp id="2620" class="1005" name="in_tile_1_0_load_2_reg_2620">
<pin_list>
<pin id="2621" dir="0" index="0" bw="32" slack="39"/>
<pin id="2622" dir="1" index="1" bw="32" slack="39"/>
</pin_list>
<bind>
<opset="in_tile_1_0_load_2 "/>
</bind>
</comp>

<comp id="2625" class="1005" name="p_cast995_reg_2625">
<pin_list>
<pin id="2626" dir="0" index="0" bw="11" slack="4"/>
<pin id="2627" dir="1" index="1" bw="11" slack="4"/>
</pin_list>
<bind>
<opset="p_cast995 "/>
</bind>
</comp>

<comp id="2637" class="1005" name="in_tile_1_0_addr_5_reg_2637">
<pin_list>
<pin id="2638" dir="0" index="0" bw="11" slack="1"/>
<pin id="2639" dir="1" index="1" bw="11" slack="1"/>
</pin_list>
<bind>
<opset="in_tile_1_0_addr_5 "/>
</bind>
</comp>

<comp id="2642" class="1005" name="p_cast996_reg_2642">
<pin_list>
<pin id="2643" dir="0" index="0" bw="11" slack="5"/>
<pin id="2644" dir="1" index="1" bw="11" slack="5"/>
</pin_list>
<bind>
<opset="p_cast996 "/>
</bind>
</comp>

<comp id="2654" class="1005" name="in_tile_1_0_addr_6_reg_2654">
<pin_list>
<pin id="2655" dir="0" index="0" bw="11" slack="1"/>
<pin id="2656" dir="1" index="1" bw="11" slack="1"/>
</pin_list>
<bind>
<opset="in_tile_1_0_addr_6 "/>
</bind>
</comp>

<comp id="2659" class="1005" name="in_tile_1_0_load_3_reg_2659">
<pin_list>
<pin id="2660" dir="0" index="0" bw="32" slack="38"/>
<pin id="2661" dir="1" index="1" bw="32" slack="38"/>
</pin_list>
<bind>
<opset="in_tile_1_0_load_3 "/>
</bind>
</comp>

<comp id="2664" class="1005" name="in_tile_1_0_load_4_reg_2664">
<pin_list>
<pin id="2665" dir="0" index="0" bw="32" slack="38"/>
<pin id="2666" dir="1" index="1" bw="32" slack="38"/>
</pin_list>
<bind>
<opset="in_tile_1_0_load_4 "/>
</bind>
</comp>

<comp id="2669" class="1005" name="p_cast997_reg_2669">
<pin_list>
<pin id="2670" dir="0" index="0" bw="11" slack="4"/>
<pin id="2671" dir="1" index="1" bw="11" slack="4"/>
</pin_list>
<bind>
<opset="p_cast997 "/>
</bind>
</comp>

<comp id="2681" class="1005" name="in_tile_1_0_addr_7_reg_2681">
<pin_list>
<pin id="2682" dir="0" index="0" bw="11" slack="1"/>
<pin id="2683" dir="1" index="1" bw="11" slack="1"/>
</pin_list>
<bind>
<opset="in_tile_1_0_addr_7 "/>
</bind>
</comp>

<comp id="2686" class="1005" name="p_cast998_reg_2686">
<pin_list>
<pin id="2687" dir="0" index="0" bw="11" slack="5"/>
<pin id="2688" dir="1" index="1" bw="11" slack="5"/>
</pin_list>
<bind>
<opset="p_cast998 "/>
</bind>
</comp>

<comp id="2698" class="1005" name="in_tile_1_0_addr_8_reg_2698">
<pin_list>
<pin id="2699" dir="0" index="0" bw="11" slack="1"/>
<pin id="2700" dir="1" index="1" bw="11" slack="1"/>
</pin_list>
<bind>
<opset="in_tile_1_0_addr_8 "/>
</bind>
</comp>

<comp id="2703" class="1005" name="in_tile_1_0_load_5_reg_2703">
<pin_list>
<pin id="2704" dir="0" index="0" bw="32" slack="37"/>
<pin id="2705" dir="1" index="1" bw="32" slack="37"/>
</pin_list>
<bind>
<opset="in_tile_1_0_load_5 "/>
</bind>
</comp>

<comp id="2708" class="1005" name="in_tile_1_0_load_6_reg_2708">
<pin_list>
<pin id="2709" dir="0" index="0" bw="32" slack="37"/>
<pin id="2710" dir="1" index="1" bw="32" slack="37"/>
</pin_list>
<bind>
<opset="in_tile_1_0_load_6 "/>
</bind>
</comp>

<comp id="2713" class="1005" name="in_tile_1_0_load_7_reg_2713">
<pin_list>
<pin id="2714" dir="0" index="0" bw="32" slack="36"/>
<pin id="2715" dir="1" index="1" bw="32" slack="36"/>
</pin_list>
<bind>
<opset="in_tile_1_0_load_7 "/>
</bind>
</comp>

<comp id="2718" class="1005" name="in_tile_1_0_load_8_reg_2718">
<pin_list>
<pin id="2719" dir="0" index="0" bw="32" slack="36"/>
<pin id="2720" dir="1" index="1" bw="32" slack="36"/>
</pin_list>
<bind>
<opset="in_tile_1_0_load_8 "/>
</bind>
</comp>

<comp id="2723" class="1005" name="in_tile_1_0_addr_11_reg_2723">
<pin_list>
<pin id="2724" dir="0" index="0" bw="11" slack="1"/>
<pin id="2725" dir="1" index="1" bw="11" slack="1"/>
</pin_list>
<bind>
<opset="in_tile_1_0_addr_11 "/>
</bind>
</comp>

<comp id="2728" class="1005" name="in_tile_1_0_addr_12_reg_2728">
<pin_list>
<pin id="2729" dir="0" index="0" bw="11" slack="1"/>
<pin id="2730" dir="1" index="1" bw="11" slack="1"/>
</pin_list>
<bind>
<opset="in_tile_1_0_addr_12 "/>
</bind>
</comp>

<comp id="2733" class="1005" name="in_tile_1_0_load_9_reg_2733">
<pin_list>
<pin id="2734" dir="0" index="0" bw="32" slack="35"/>
<pin id="2735" dir="1" index="1" bw="32" slack="35"/>
</pin_list>
<bind>
<opset="in_tile_1_0_load_9 "/>
</bind>
</comp>

<comp id="2738" class="1005" name="in_tile_1_0_load_10_reg_2738">
<pin_list>
<pin id="2739" dir="0" index="0" bw="32" slack="35"/>
<pin id="2740" dir="1" index="1" bw="32" slack="35"/>
</pin_list>
<bind>
<opset="in_tile_1_0_load_10 "/>
</bind>
</comp>

<comp id="2743" class="1005" name="in_tile_1_0_addr_13_reg_2743">
<pin_list>
<pin id="2744" dir="0" index="0" bw="11" slack="1"/>
<pin id="2745" dir="1" index="1" bw="11" slack="1"/>
</pin_list>
<bind>
<opset="in_tile_1_0_addr_13 "/>
</bind>
</comp>

<comp id="2748" class="1005" name="in_tile_1_0_addr_14_reg_2748">
<pin_list>
<pin id="2749" dir="0" index="0" bw="11" slack="1"/>
<pin id="2750" dir="1" index="1" bw="11" slack="1"/>
</pin_list>
<bind>
<opset="in_tile_1_0_addr_14 "/>
</bind>
</comp>

<comp id="2753" class="1005" name="in_tile_1_0_load_11_reg_2753">
<pin_list>
<pin id="2754" dir="0" index="0" bw="32" slack="34"/>
<pin id="2755" dir="1" index="1" bw="32" slack="34"/>
</pin_list>
<bind>
<opset="in_tile_1_0_load_11 "/>
</bind>
</comp>

<comp id="2758" class="1005" name="in_tile_1_0_load_12_reg_2758">
<pin_list>
<pin id="2759" dir="0" index="0" bw="32" slack="34"/>
<pin id="2760" dir="1" index="1" bw="32" slack="34"/>
</pin_list>
<bind>
<opset="in_tile_1_0_load_12 "/>
</bind>
</comp>

<comp id="2763" class="1005" name="in_tile_1_0_addr_15_reg_2763">
<pin_list>
<pin id="2764" dir="0" index="0" bw="11" slack="1"/>
<pin id="2765" dir="1" index="1" bw="11" slack="1"/>
</pin_list>
<bind>
<opset="in_tile_1_0_addr_15 "/>
</bind>
</comp>

<comp id="2768" class="1005" name="in_tile_1_0_addr_16_reg_2768">
<pin_list>
<pin id="2769" dir="0" index="0" bw="11" slack="1"/>
<pin id="2770" dir="1" index="1" bw="11" slack="1"/>
</pin_list>
<bind>
<opset="in_tile_1_0_addr_16 "/>
</bind>
</comp>

<comp id="2773" class="1005" name="in_tile_1_0_load_13_reg_2773">
<pin_list>
<pin id="2774" dir="0" index="0" bw="32" slack="33"/>
<pin id="2775" dir="1" index="1" bw="32" slack="33"/>
</pin_list>
<bind>
<opset="in_tile_1_0_load_13 "/>
</bind>
</comp>

<comp id="2778" class="1005" name="in_tile_1_0_load_14_reg_2778">
<pin_list>
<pin id="2779" dir="0" index="0" bw="32" slack="33"/>
<pin id="2780" dir="1" index="1" bw="32" slack="33"/>
</pin_list>
<bind>
<opset="in_tile_1_0_load_14 "/>
</bind>
</comp>

<comp id="2783" class="1005" name="in_tile_1_0_addr_17_reg_2783">
<pin_list>
<pin id="2784" dir="0" index="0" bw="11" slack="1"/>
<pin id="2785" dir="1" index="1" bw="11" slack="1"/>
</pin_list>
<bind>
<opset="in_tile_1_0_addr_17 "/>
</bind>
</comp>

<comp id="2788" class="1005" name="in_tile_1_0_load_15_reg_2788">
<pin_list>
<pin id="2789" dir="0" index="0" bw="32" slack="32"/>
<pin id="2790" dir="1" index="1" bw="32" slack="32"/>
</pin_list>
<bind>
<opset="in_tile_1_0_load_15 "/>
</bind>
</comp>

<comp id="2793" class="1005" name="in_tile_1_0_load_16_reg_2793">
<pin_list>
<pin id="2794" dir="0" index="0" bw="32" slack="32"/>
<pin id="2795" dir="1" index="1" bw="32" slack="32"/>
</pin_list>
<bind>
<opset="in_tile_1_0_load_16 "/>
</bind>
</comp>

<comp id="2798" class="1005" name="in_tile_1_0_addr_20_reg_2798">
<pin_list>
<pin id="2799" dir="0" index="0" bw="11" slack="1"/>
<pin id="2800" dir="1" index="1" bw="11" slack="1"/>
</pin_list>
<bind>
<opset="in_tile_1_0_addr_20 "/>
</bind>
</comp>

<comp id="2803" class="1005" name="in_tile_1_0_load_17_reg_2803">
<pin_list>
<pin id="2804" dir="0" index="0" bw="32" slack="31"/>
<pin id="2805" dir="1" index="1" bw="32" slack="31"/>
</pin_list>
<bind>
<opset="in_tile_1_0_load_17 "/>
</bind>
</comp>

<comp id="2808" class="1005" name="in_tile_1_0_load_18_reg_2808">
<pin_list>
<pin id="2809" dir="0" index="0" bw="32" slack="31"/>
<pin id="2810" dir="1" index="1" bw="32" slack="31"/>
</pin_list>
<bind>
<opset="in_tile_1_0_load_18 "/>
</bind>
</comp>

<comp id="2813" class="1005" name="in_tile_1_0_addr_21_reg_2813">
<pin_list>
<pin id="2814" dir="0" index="0" bw="11" slack="1"/>
<pin id="2815" dir="1" index="1" bw="11" slack="1"/>
</pin_list>
<bind>
<opset="in_tile_1_0_addr_21 "/>
</bind>
</comp>

<comp id="2818" class="1005" name="in_tile_1_0_addr_22_reg_2818">
<pin_list>
<pin id="2819" dir="0" index="0" bw="11" slack="1"/>
<pin id="2820" dir="1" index="1" bw="11" slack="1"/>
</pin_list>
<bind>
<opset="in_tile_1_0_addr_22 "/>
</bind>
</comp>

<comp id="2823" class="1005" name="in_tile_1_0_load_19_reg_2823">
<pin_list>
<pin id="2824" dir="0" index="0" bw="32" slack="30"/>
<pin id="2825" dir="1" index="1" bw="32" slack="30"/>
</pin_list>
<bind>
<opset="in_tile_1_0_load_19 "/>
</bind>
</comp>

<comp id="2828" class="1005" name="in_tile_1_0_load_20_reg_2828">
<pin_list>
<pin id="2829" dir="0" index="0" bw="32" slack="30"/>
<pin id="2830" dir="1" index="1" bw="32" slack="30"/>
</pin_list>
<bind>
<opset="in_tile_1_0_load_20 "/>
</bind>
</comp>

<comp id="2833" class="1005" name="in_tile_1_0_addr_23_reg_2833">
<pin_list>
<pin id="2834" dir="0" index="0" bw="11" slack="1"/>
<pin id="2835" dir="1" index="1" bw="11" slack="1"/>
</pin_list>
<bind>
<opset="in_tile_1_0_addr_23 "/>
</bind>
</comp>

<comp id="2838" class="1005" name="in_tile_1_0_addr_24_reg_2838">
<pin_list>
<pin id="2839" dir="0" index="0" bw="11" slack="1"/>
<pin id="2840" dir="1" index="1" bw="11" slack="1"/>
</pin_list>
<bind>
<opset="in_tile_1_0_addr_24 "/>
</bind>
</comp>

<comp id="2843" class="1005" name="in_tile_1_0_load_21_reg_2843">
<pin_list>
<pin id="2844" dir="0" index="0" bw="32" slack="29"/>
<pin id="2845" dir="1" index="1" bw="32" slack="29"/>
</pin_list>
<bind>
<opset="in_tile_1_0_load_21 "/>
</bind>
</comp>

<comp id="2848" class="1005" name="in_tile_1_0_load_22_reg_2848">
<pin_list>
<pin id="2849" dir="0" index="0" bw="32" slack="29"/>
<pin id="2850" dir="1" index="1" bw="32" slack="29"/>
</pin_list>
<bind>
<opset="in_tile_1_0_load_22 "/>
</bind>
</comp>

<comp id="2853" class="1005" name="in_tile_1_0_addr_25_reg_2853">
<pin_list>
<pin id="2854" dir="0" index="0" bw="11" slack="1"/>
<pin id="2855" dir="1" index="1" bw="11" slack="1"/>
</pin_list>
<bind>
<opset="in_tile_1_0_addr_25 "/>
</bind>
</comp>

<comp id="2858" class="1005" name="in_tile_1_0_addr_26_reg_2858">
<pin_list>
<pin id="2859" dir="0" index="0" bw="11" slack="1"/>
<pin id="2860" dir="1" index="1" bw="11" slack="1"/>
</pin_list>
<bind>
<opset="in_tile_1_0_addr_26 "/>
</bind>
</comp>

<comp id="2863" class="1005" name="in_tile_1_0_load_23_reg_2863">
<pin_list>
<pin id="2864" dir="0" index="0" bw="32" slack="28"/>
<pin id="2865" dir="1" index="1" bw="32" slack="28"/>
</pin_list>
<bind>
<opset="in_tile_1_0_load_23 "/>
</bind>
</comp>

<comp id="2868" class="1005" name="in_tile_1_0_load_24_reg_2868">
<pin_list>
<pin id="2869" dir="0" index="0" bw="32" slack="28"/>
<pin id="2870" dir="1" index="1" bw="32" slack="28"/>
</pin_list>
<bind>
<opset="in_tile_1_0_load_24 "/>
</bind>
</comp>

<comp id="2873" class="1005" name="in_tile_1_0_load_25_reg_2873">
<pin_list>
<pin id="2874" dir="0" index="0" bw="32" slack="27"/>
<pin id="2875" dir="1" index="1" bw="32" slack="27"/>
</pin_list>
<bind>
<opset="in_tile_1_0_load_25 "/>
</bind>
</comp>

<comp id="2878" class="1005" name="in_tile_1_0_load_26_reg_2878">
<pin_list>
<pin id="2879" dir="0" index="0" bw="32" slack="27"/>
<pin id="2880" dir="1" index="1" bw="32" slack="27"/>
</pin_list>
<bind>
<opset="in_tile_1_0_load_26 "/>
</bind>
</comp>

<comp id="2883" class="1005" name="in_tile_1_0_addr_29_reg_2883">
<pin_list>
<pin id="2884" dir="0" index="0" bw="11" slack="1"/>
<pin id="2885" dir="1" index="1" bw="11" slack="1"/>
</pin_list>
<bind>
<opset="in_tile_1_0_addr_29 "/>
</bind>
</comp>

<comp id="2888" class="1005" name="in_tile_1_0_addr_30_reg_2888">
<pin_list>
<pin id="2889" dir="0" index="0" bw="11" slack="1"/>
<pin id="2890" dir="1" index="1" bw="11" slack="1"/>
</pin_list>
<bind>
<opset="in_tile_1_0_addr_30 "/>
</bind>
</comp>

<comp id="2893" class="1005" name="in_tile_1_0_load_27_reg_2893">
<pin_list>
<pin id="2894" dir="0" index="0" bw="32" slack="26"/>
<pin id="2895" dir="1" index="1" bw="32" slack="26"/>
</pin_list>
<bind>
<opset="in_tile_1_0_load_27 "/>
</bind>
</comp>

<comp id="2898" class="1005" name="in_tile_1_0_load_28_reg_2898">
<pin_list>
<pin id="2899" dir="0" index="0" bw="32" slack="26"/>
<pin id="2900" dir="1" index="1" bw="32" slack="26"/>
</pin_list>
<bind>
<opset="in_tile_1_0_load_28 "/>
</bind>
</comp>

<comp id="2903" class="1005" name="in_tile_1_0_addr_31_reg_2903">
<pin_list>
<pin id="2904" dir="0" index="0" bw="11" slack="1"/>
<pin id="2905" dir="1" index="1" bw="11" slack="1"/>
</pin_list>
<bind>
<opset="in_tile_1_0_addr_31 "/>
</bind>
</comp>

<comp id="2908" class="1005" name="in_tile_1_0_addr_32_reg_2908">
<pin_list>
<pin id="2909" dir="0" index="0" bw="11" slack="1"/>
<pin id="2910" dir="1" index="1" bw="11" slack="1"/>
</pin_list>
<bind>
<opset="in_tile_1_0_addr_32 "/>
</bind>
</comp>

<comp id="2913" class="1005" name="in_tile_1_0_load_29_reg_2913">
<pin_list>
<pin id="2914" dir="0" index="0" bw="32" slack="25"/>
<pin id="2915" dir="1" index="1" bw="32" slack="25"/>
</pin_list>
<bind>
<opset="in_tile_1_0_load_29 "/>
</bind>
</comp>

<comp id="2918" class="1005" name="in_tile_1_0_load_30_reg_2918">
<pin_list>
<pin id="2919" dir="0" index="0" bw="32" slack="25"/>
<pin id="2920" dir="1" index="1" bw="32" slack="25"/>
</pin_list>
<bind>
<opset="in_tile_1_0_load_30 "/>
</bind>
</comp>

<comp id="2923" class="1005" name="in_tile_1_0_addr_33_reg_2923">
<pin_list>
<pin id="2924" dir="0" index="0" bw="11" slack="1"/>
<pin id="2925" dir="1" index="1" bw="11" slack="1"/>
</pin_list>
<bind>
<opset="in_tile_1_0_addr_33 "/>
</bind>
</comp>

<comp id="2928" class="1005" name="in_tile_1_0_addr_34_reg_2928">
<pin_list>
<pin id="2929" dir="0" index="0" bw="11" slack="1"/>
<pin id="2930" dir="1" index="1" bw="11" slack="1"/>
</pin_list>
<bind>
<opset="in_tile_1_0_addr_34 "/>
</bind>
</comp>

<comp id="2933" class="1005" name="in_tile_1_0_load_31_reg_2933">
<pin_list>
<pin id="2934" dir="0" index="0" bw="32" slack="24"/>
<pin id="2935" dir="1" index="1" bw="32" slack="24"/>
</pin_list>
<bind>
<opset="in_tile_1_0_load_31 "/>
</bind>
</comp>

<comp id="2938" class="1005" name="in_tile_1_0_load_32_reg_2938">
<pin_list>
<pin id="2939" dir="0" index="0" bw="32" slack="24"/>
<pin id="2940" dir="1" index="1" bw="32" slack="24"/>
</pin_list>
<bind>
<opset="in_tile_1_0_load_32 "/>
</bind>
</comp>

<comp id="2943" class="1005" name="in_tile_1_0_addr_35_reg_2943">
<pin_list>
<pin id="2944" dir="0" index="0" bw="11" slack="1"/>
<pin id="2945" dir="1" index="1" bw="11" slack="1"/>
</pin_list>
<bind>
<opset="in_tile_1_0_addr_35 "/>
</bind>
</comp>

<comp id="2948" class="1005" name="in_tile_1_0_load_33_reg_2948">
<pin_list>
<pin id="2949" dir="0" index="0" bw="32" slack="23"/>
<pin id="2950" dir="1" index="1" bw="32" slack="23"/>
</pin_list>
<bind>
<opset="in_tile_1_0_load_33 "/>
</bind>
</comp>

<comp id="2953" class="1005" name="in_tile_1_0_load_34_reg_2953">
<pin_list>
<pin id="2954" dir="0" index="0" bw="32" slack="23"/>
<pin id="2955" dir="1" index="1" bw="32" slack="23"/>
</pin_list>
<bind>
<opset="in_tile_1_0_load_34 "/>
</bind>
</comp>

<comp id="2958" class="1005" name="in_tile_1_0_addr_38_reg_2958">
<pin_list>
<pin id="2959" dir="0" index="0" bw="11" slack="1"/>
<pin id="2960" dir="1" index="1" bw="11" slack="1"/>
</pin_list>
<bind>
<opset="in_tile_1_0_addr_38 "/>
</bind>
</comp>

<comp id="2963" class="1005" name="in_tile_1_0_load_35_reg_2963">
<pin_list>
<pin id="2964" dir="0" index="0" bw="32" slack="22"/>
<pin id="2965" dir="1" index="1" bw="32" slack="22"/>
</pin_list>
<bind>
<opset="in_tile_1_0_load_35 "/>
</bind>
</comp>

<comp id="2968" class="1005" name="in_tile_1_0_load_36_reg_2968">
<pin_list>
<pin id="2969" dir="0" index="0" bw="32" slack="22"/>
<pin id="2970" dir="1" index="1" bw="32" slack="22"/>
</pin_list>
<bind>
<opset="in_tile_1_0_load_36 "/>
</bind>
</comp>

<comp id="2973" class="1005" name="in_tile_1_0_addr_39_reg_2973">
<pin_list>
<pin id="2974" dir="0" index="0" bw="11" slack="1"/>
<pin id="2975" dir="1" index="1" bw="11" slack="1"/>
</pin_list>
<bind>
<opset="in_tile_1_0_addr_39 "/>
</bind>
</comp>

<comp id="2978" class="1005" name="in_tile_1_0_addr_40_reg_2978">
<pin_list>
<pin id="2979" dir="0" index="0" bw="11" slack="1"/>
<pin id="2980" dir="1" index="1" bw="11" slack="1"/>
</pin_list>
<bind>
<opset="in_tile_1_0_addr_40 "/>
</bind>
</comp>

<comp id="2983" class="1005" name="in_tile_1_0_load_37_reg_2983">
<pin_list>
<pin id="2984" dir="0" index="0" bw="32" slack="21"/>
<pin id="2985" dir="1" index="1" bw="32" slack="21"/>
</pin_list>
<bind>
<opset="in_tile_1_0_load_37 "/>
</bind>
</comp>

<comp id="2988" class="1005" name="in_tile_1_0_load_38_reg_2988">
<pin_list>
<pin id="2989" dir="0" index="0" bw="32" slack="21"/>
<pin id="2990" dir="1" index="1" bw="32" slack="21"/>
</pin_list>
<bind>
<opset="in_tile_1_0_load_38 "/>
</bind>
</comp>

<comp id="2993" class="1005" name="in_tile_1_0_addr_41_reg_2993">
<pin_list>
<pin id="2994" dir="0" index="0" bw="11" slack="1"/>
<pin id="2995" dir="1" index="1" bw="11" slack="1"/>
</pin_list>
<bind>
<opset="in_tile_1_0_addr_41 "/>
</bind>
</comp>

<comp id="2998" class="1005" name="in_tile_1_0_addr_42_reg_2998">
<pin_list>
<pin id="2999" dir="0" index="0" bw="11" slack="1"/>
<pin id="3000" dir="1" index="1" bw="11" slack="1"/>
</pin_list>
<bind>
<opset="in_tile_1_0_addr_42 "/>
</bind>
</comp>

<comp id="3003" class="1005" name="in_tile_1_0_load_39_reg_3003">
<pin_list>
<pin id="3004" dir="0" index="0" bw="32" slack="20"/>
<pin id="3005" dir="1" index="1" bw="32" slack="20"/>
</pin_list>
<bind>
<opset="in_tile_1_0_load_39 "/>
</bind>
</comp>

<comp id="3008" class="1005" name="in_tile_1_0_load_40_reg_3008">
<pin_list>
<pin id="3009" dir="0" index="0" bw="32" slack="20"/>
<pin id="3010" dir="1" index="1" bw="32" slack="20"/>
</pin_list>
<bind>
<opset="in_tile_1_0_load_40 "/>
</bind>
</comp>

<comp id="3013" class="1005" name="in_tile_1_0_addr_43_reg_3013">
<pin_list>
<pin id="3014" dir="0" index="0" bw="11" slack="1"/>
<pin id="3015" dir="1" index="1" bw="11" slack="1"/>
</pin_list>
<bind>
<opset="in_tile_1_0_addr_43 "/>
</bind>
</comp>

<comp id="3018" class="1005" name="in_tile_1_0_addr_44_reg_3018">
<pin_list>
<pin id="3019" dir="0" index="0" bw="11" slack="1"/>
<pin id="3020" dir="1" index="1" bw="11" slack="1"/>
</pin_list>
<bind>
<opset="in_tile_1_0_addr_44 "/>
</bind>
</comp>

<comp id="3023" class="1005" name="in_tile_1_0_load_41_reg_3023">
<pin_list>
<pin id="3024" dir="0" index="0" bw="32" slack="19"/>
<pin id="3025" dir="1" index="1" bw="32" slack="19"/>
</pin_list>
<bind>
<opset="in_tile_1_0_load_41 "/>
</bind>
</comp>

<comp id="3028" class="1005" name="in_tile_1_0_load_42_reg_3028">
<pin_list>
<pin id="3029" dir="0" index="0" bw="32" slack="19"/>
<pin id="3030" dir="1" index="1" bw="32" slack="19"/>
</pin_list>
<bind>
<opset="in_tile_1_0_load_42 "/>
</bind>
</comp>

<comp id="3033" class="1005" name="in_tile_1_0_load_43_reg_3033">
<pin_list>
<pin id="3034" dir="0" index="0" bw="32" slack="18"/>
<pin id="3035" dir="1" index="1" bw="32" slack="18"/>
</pin_list>
<bind>
<opset="in_tile_1_0_load_43 "/>
</bind>
</comp>

<comp id="3038" class="1005" name="in_tile_1_0_load_44_reg_3038">
<pin_list>
<pin id="3039" dir="0" index="0" bw="32" slack="18"/>
<pin id="3040" dir="1" index="1" bw="32" slack="18"/>
</pin_list>
<bind>
<opset="in_tile_1_0_load_44 "/>
</bind>
</comp>

<comp id="3043" class="1005" name="in_tile_1_0_addr_47_reg_3043">
<pin_list>
<pin id="3044" dir="0" index="0" bw="11" slack="1"/>
<pin id="3045" dir="1" index="1" bw="11" slack="1"/>
</pin_list>
<bind>
<opset="in_tile_1_0_addr_47 "/>
</bind>
</comp>

<comp id="3048" class="1005" name="in_tile_1_0_addr_48_reg_3048">
<pin_list>
<pin id="3049" dir="0" index="0" bw="11" slack="1"/>
<pin id="3050" dir="1" index="1" bw="11" slack="1"/>
</pin_list>
<bind>
<opset="in_tile_1_0_addr_48 "/>
</bind>
</comp>

<comp id="3053" class="1005" name="in_tile_1_0_load_45_reg_3053">
<pin_list>
<pin id="3054" dir="0" index="0" bw="32" slack="17"/>
<pin id="3055" dir="1" index="1" bw="32" slack="17"/>
</pin_list>
<bind>
<opset="in_tile_1_0_load_45 "/>
</bind>
</comp>

<comp id="3058" class="1005" name="in_tile_1_0_load_46_reg_3058">
<pin_list>
<pin id="3059" dir="0" index="0" bw="32" slack="17"/>
<pin id="3060" dir="1" index="1" bw="32" slack="17"/>
</pin_list>
<bind>
<opset="in_tile_1_0_load_46 "/>
</bind>
</comp>

<comp id="3063" class="1005" name="in_tile_1_0_addr_49_reg_3063">
<pin_list>
<pin id="3064" dir="0" index="0" bw="11" slack="1"/>
<pin id="3065" dir="1" index="1" bw="11" slack="1"/>
</pin_list>
<bind>
<opset="in_tile_1_0_addr_49 "/>
</bind>
</comp>

<comp id="3068" class="1005" name="in_tile_1_0_addr_50_reg_3068">
<pin_list>
<pin id="3069" dir="0" index="0" bw="11" slack="1"/>
<pin id="3070" dir="1" index="1" bw="11" slack="1"/>
</pin_list>
<bind>
<opset="in_tile_1_0_addr_50 "/>
</bind>
</comp>

<comp id="3073" class="1005" name="in_tile_1_0_load_47_reg_3073">
<pin_list>
<pin id="3074" dir="0" index="0" bw="32" slack="16"/>
<pin id="3075" dir="1" index="1" bw="32" slack="16"/>
</pin_list>
<bind>
<opset="in_tile_1_0_load_47 "/>
</bind>
</comp>

<comp id="3078" class="1005" name="in_tile_1_0_load_48_reg_3078">
<pin_list>
<pin id="3079" dir="0" index="0" bw="32" slack="16"/>
<pin id="3080" dir="1" index="1" bw="32" slack="16"/>
</pin_list>
<bind>
<opset="in_tile_1_0_load_48 "/>
</bind>
</comp>

<comp id="3083" class="1005" name="in_tile_1_0_addr_51_reg_3083">
<pin_list>
<pin id="3084" dir="0" index="0" bw="11" slack="1"/>
<pin id="3085" dir="1" index="1" bw="11" slack="1"/>
</pin_list>
<bind>
<opset="in_tile_1_0_addr_51 "/>
</bind>
</comp>

<comp id="3088" class="1005" name="in_tile_1_0_addr_52_reg_3088">
<pin_list>
<pin id="3089" dir="0" index="0" bw="11" slack="1"/>
<pin id="3090" dir="1" index="1" bw="11" slack="1"/>
</pin_list>
<bind>
<opset="in_tile_1_0_addr_52 "/>
</bind>
</comp>

<comp id="3093" class="1005" name="in_tile_1_0_load_49_reg_3093">
<pin_list>
<pin id="3094" dir="0" index="0" bw="32" slack="15"/>
<pin id="3095" dir="1" index="1" bw="32" slack="15"/>
</pin_list>
<bind>
<opset="in_tile_1_0_load_49 "/>
</bind>
</comp>

<comp id="3098" class="1005" name="in_tile_1_0_load_50_reg_3098">
<pin_list>
<pin id="3099" dir="0" index="0" bw="32" slack="15"/>
<pin id="3100" dir="1" index="1" bw="32" slack="15"/>
</pin_list>
<bind>
<opset="in_tile_1_0_load_50 "/>
</bind>
</comp>

<comp id="3103" class="1005" name="in_tile_1_0_addr_53_reg_3103">
<pin_list>
<pin id="3104" dir="0" index="0" bw="11" slack="1"/>
<pin id="3105" dir="1" index="1" bw="11" slack="1"/>
</pin_list>
<bind>
<opset="in_tile_1_0_addr_53 "/>
</bind>
</comp>

<comp id="3108" class="1005" name="in_tile_1_0_load_51_reg_3108">
<pin_list>
<pin id="3109" dir="0" index="0" bw="32" slack="14"/>
<pin id="3110" dir="1" index="1" bw="32" slack="14"/>
</pin_list>
<bind>
<opset="in_tile_1_0_load_51 "/>
</bind>
</comp>

<comp id="3113" class="1005" name="in_tile_1_0_load_52_reg_3113">
<pin_list>
<pin id="3114" dir="0" index="0" bw="32" slack="14"/>
<pin id="3115" dir="1" index="1" bw="32" slack="14"/>
</pin_list>
<bind>
<opset="in_tile_1_0_load_52 "/>
</bind>
</comp>

<comp id="3118" class="1005" name="in_tile_1_0_addr_56_reg_3118">
<pin_list>
<pin id="3119" dir="0" index="0" bw="11" slack="1"/>
<pin id="3120" dir="1" index="1" bw="11" slack="1"/>
</pin_list>
<bind>
<opset="in_tile_1_0_addr_56 "/>
</bind>
</comp>

<comp id="3123" class="1005" name="in_tile_1_0_load_53_reg_3123">
<pin_list>
<pin id="3124" dir="0" index="0" bw="32" slack="13"/>
<pin id="3125" dir="1" index="1" bw="32" slack="13"/>
</pin_list>
<bind>
<opset="in_tile_1_0_load_53 "/>
</bind>
</comp>

<comp id="3128" class="1005" name="in_tile_1_0_load_54_reg_3128">
<pin_list>
<pin id="3129" dir="0" index="0" bw="32" slack="13"/>
<pin id="3130" dir="1" index="1" bw="32" slack="13"/>
</pin_list>
<bind>
<opset="in_tile_1_0_load_54 "/>
</bind>
</comp>

<comp id="3133" class="1005" name="in_tile_1_0_addr_57_reg_3133">
<pin_list>
<pin id="3134" dir="0" index="0" bw="11" slack="1"/>
<pin id="3135" dir="1" index="1" bw="11" slack="1"/>
</pin_list>
<bind>
<opset="in_tile_1_0_addr_57 "/>
</bind>
</comp>

<comp id="3138" class="1005" name="in_tile_1_0_addr_58_reg_3138">
<pin_list>
<pin id="3139" dir="0" index="0" bw="11" slack="1"/>
<pin id="3140" dir="1" index="1" bw="11" slack="1"/>
</pin_list>
<bind>
<opset="in_tile_1_0_addr_58 "/>
</bind>
</comp>

<comp id="3143" class="1005" name="in_tile_1_0_load_55_reg_3143">
<pin_list>
<pin id="3144" dir="0" index="0" bw="32" slack="12"/>
<pin id="3145" dir="1" index="1" bw="32" slack="12"/>
</pin_list>
<bind>
<opset="in_tile_1_0_load_55 "/>
</bind>
</comp>

<comp id="3148" class="1005" name="in_tile_1_0_load_56_reg_3148">
<pin_list>
<pin id="3149" dir="0" index="0" bw="32" slack="12"/>
<pin id="3150" dir="1" index="1" bw="32" slack="12"/>
</pin_list>
<bind>
<opset="in_tile_1_0_load_56 "/>
</bind>
</comp>

<comp id="3153" class="1005" name="in_tile_1_0_addr_59_reg_3153">
<pin_list>
<pin id="3154" dir="0" index="0" bw="11" slack="1"/>
<pin id="3155" dir="1" index="1" bw="11" slack="1"/>
</pin_list>
<bind>
<opset="in_tile_1_0_addr_59 "/>
</bind>
</comp>

<comp id="3158" class="1005" name="in_tile_1_0_addr_60_reg_3158">
<pin_list>
<pin id="3159" dir="0" index="0" bw="11" slack="1"/>
<pin id="3160" dir="1" index="1" bw="11" slack="1"/>
</pin_list>
<bind>
<opset="in_tile_1_0_addr_60 "/>
</bind>
</comp>

<comp id="3163" class="1005" name="in_tile_1_0_load_57_reg_3163">
<pin_list>
<pin id="3164" dir="0" index="0" bw="32" slack="11"/>
<pin id="3165" dir="1" index="1" bw="32" slack="11"/>
</pin_list>
<bind>
<opset="in_tile_1_0_load_57 "/>
</bind>
</comp>

<comp id="3168" class="1005" name="in_tile_1_0_load_58_reg_3168">
<pin_list>
<pin id="3169" dir="0" index="0" bw="32" slack="11"/>
<pin id="3170" dir="1" index="1" bw="32" slack="11"/>
</pin_list>
<bind>
<opset="in_tile_1_0_load_58 "/>
</bind>
</comp>

<comp id="3173" class="1005" name="in_tile_1_0_addr_61_reg_3173">
<pin_list>
<pin id="3174" dir="0" index="0" bw="11" slack="1"/>
<pin id="3175" dir="1" index="1" bw="11" slack="1"/>
</pin_list>
<bind>
<opset="in_tile_1_0_addr_61 "/>
</bind>
</comp>

<comp id="3178" class="1005" name="in_tile_1_0_addr_62_reg_3178">
<pin_list>
<pin id="3179" dir="0" index="0" bw="11" slack="1"/>
<pin id="3180" dir="1" index="1" bw="11" slack="1"/>
</pin_list>
<bind>
<opset="in_tile_1_0_addr_62 "/>
</bind>
</comp>

<comp id="3183" class="1005" name="in_tile_1_0_load_59_reg_3183">
<pin_list>
<pin id="3184" dir="0" index="0" bw="32" slack="10"/>
<pin id="3185" dir="1" index="1" bw="32" slack="10"/>
</pin_list>
<bind>
<opset="in_tile_1_0_load_59 "/>
</bind>
</comp>

<comp id="3188" class="1005" name="in_tile_1_0_load_60_reg_3188">
<pin_list>
<pin id="3189" dir="0" index="0" bw="32" slack="10"/>
<pin id="3190" dir="1" index="1" bw="32" slack="10"/>
</pin_list>
<bind>
<opset="in_tile_1_0_load_60 "/>
</bind>
</comp>

<comp id="3193" class="1005" name="in_tile_1_0_load_61_reg_3193">
<pin_list>
<pin id="3194" dir="0" index="0" bw="32" slack="9"/>
<pin id="3195" dir="1" index="1" bw="32" slack="9"/>
</pin_list>
<bind>
<opset="in_tile_1_0_load_61 "/>
</bind>
</comp>

<comp id="3198" class="1005" name="in_tile_1_0_load_62_reg_3198">
<pin_list>
<pin id="3199" dir="0" index="0" bw="32" slack="9"/>
<pin id="3200" dir="1" index="1" bw="32" slack="9"/>
</pin_list>
<bind>
<opset="in_tile_1_0_load_62 "/>
</bind>
</comp>

<comp id="3203" class="1005" name="in_tile_1_0_addr_65_reg_3203">
<pin_list>
<pin id="3204" dir="0" index="0" bw="11" slack="1"/>
<pin id="3205" dir="1" index="1" bw="11" slack="1"/>
</pin_list>
<bind>
<opset="in_tile_1_0_addr_65 "/>
</bind>
</comp>

<comp id="3208" class="1005" name="in_tile_1_0_addr_66_reg_3208">
<pin_list>
<pin id="3209" dir="0" index="0" bw="11" slack="1"/>
<pin id="3210" dir="1" index="1" bw="11" slack="1"/>
</pin_list>
<bind>
<opset="in_tile_1_0_addr_66 "/>
</bind>
</comp>

<comp id="3213" class="1005" name="in_tile_1_0_load_63_reg_3213">
<pin_list>
<pin id="3214" dir="0" index="0" bw="32" slack="8"/>
<pin id="3215" dir="1" index="1" bw="32" slack="8"/>
</pin_list>
<bind>
<opset="in_tile_1_0_load_63 "/>
</bind>
</comp>

<comp id="3218" class="1005" name="in_tile_1_0_load_64_reg_3218">
<pin_list>
<pin id="3219" dir="0" index="0" bw="32" slack="8"/>
<pin id="3220" dir="1" index="1" bw="32" slack="8"/>
</pin_list>
<bind>
<opset="in_tile_1_0_load_64 "/>
</bind>
</comp>

<comp id="3223" class="1005" name="in_tile_1_0_addr_67_reg_3223">
<pin_list>
<pin id="3224" dir="0" index="0" bw="11" slack="1"/>
<pin id="3225" dir="1" index="1" bw="11" slack="1"/>
</pin_list>
<bind>
<opset="in_tile_1_0_addr_67 "/>
</bind>
</comp>

<comp id="3228" class="1005" name="in_tile_1_0_addr_68_reg_3228">
<pin_list>
<pin id="3229" dir="0" index="0" bw="11" slack="1"/>
<pin id="3230" dir="1" index="1" bw="11" slack="1"/>
</pin_list>
<bind>
<opset="in_tile_1_0_addr_68 "/>
</bind>
</comp>

<comp id="3233" class="1005" name="in_tile_1_0_load_65_reg_3233">
<pin_list>
<pin id="3234" dir="0" index="0" bw="32" slack="7"/>
<pin id="3235" dir="1" index="1" bw="32" slack="7"/>
</pin_list>
<bind>
<opset="in_tile_1_0_load_65 "/>
</bind>
</comp>

<comp id="3238" class="1005" name="in_tile_1_0_load_66_reg_3238">
<pin_list>
<pin id="3239" dir="0" index="0" bw="32" slack="7"/>
<pin id="3240" dir="1" index="1" bw="32" slack="7"/>
</pin_list>
<bind>
<opset="in_tile_1_0_load_66 "/>
</bind>
</comp>

<comp id="3243" class="1005" name="empty_151_reg_3243">
<pin_list>
<pin id="3244" dir="0" index="0" bw="11" slack="2"/>
<pin id="3245" dir="1" index="1" bw="11" slack="2"/>
</pin_list>
<bind>
<opset="empty_151 "/>
</bind>
</comp>

<comp id="3248" class="1005" name="empty_161_reg_3248">
<pin_list>
<pin id="3249" dir="0" index="0" bw="11" slack="3"/>
<pin id="3250" dir="1" index="1" bw="11" slack="3"/>
</pin_list>
<bind>
<opset="empty_161 "/>
</bind>
</comp>

<comp id="3253" class="1005" name="empty_171_reg_3253">
<pin_list>
<pin id="3254" dir="0" index="0" bw="11" slack="3"/>
<pin id="3255" dir="1" index="1" bw="11" slack="3"/>
</pin_list>
<bind>
<opset="empty_171 "/>
</bind>
</comp>

<comp id="3258" class="1005" name="empty_181_reg_3258">
<pin_list>
<pin id="3259" dir="0" index="0" bw="11" slack="4"/>
<pin id="3260" dir="1" index="1" bw="11" slack="4"/>
</pin_list>
<bind>
<opset="empty_181 "/>
</bind>
</comp>

<comp id="3263" class="1005" name="in_tile_1_0_addr_69_reg_3263">
<pin_list>
<pin id="3264" dir="0" index="0" bw="11" slack="1"/>
<pin id="3265" dir="1" index="1" bw="11" slack="1"/>
</pin_list>
<bind>
<opset="in_tile_1_0_addr_69 "/>
</bind>
</comp>

<comp id="3268" class="1005" name="empty_191_reg_3268">
<pin_list>
<pin id="3269" dir="0" index="0" bw="11" slack="4"/>
<pin id="3270" dir="1" index="1" bw="11" slack="4"/>
</pin_list>
<bind>
<opset="empty_191 "/>
</bind>
</comp>

<comp id="3273" class="1005" name="in_tile_1_0_addr_70_reg_3273">
<pin_list>
<pin id="3274" dir="0" index="0" bw="11" slack="1"/>
<pin id="3275" dir="1" index="1" bw="11" slack="1"/>
</pin_list>
<bind>
<opset="in_tile_1_0_addr_70 "/>
</bind>
</comp>

<comp id="3278" class="1005" name="empty_201_reg_3278">
<pin_list>
<pin id="3279" dir="0" index="0" bw="11" slack="5"/>
<pin id="3280" dir="1" index="1" bw="11" slack="5"/>
</pin_list>
<bind>
<opset="empty_201 "/>
</bind>
</comp>

<comp id="3283" class="1005" name="empty_210_reg_3283">
<pin_list>
<pin id="3284" dir="0" index="0" bw="11" slack="1"/>
<pin id="3285" dir="1" index="1" bw="11" slack="1"/>
</pin_list>
<bind>
<opset="empty_210 "/>
</bind>
</comp>

<comp id="3288" class="1005" name="empty_211_reg_3288">
<pin_list>
<pin id="3289" dir="0" index="0" bw="11" slack="5"/>
<pin id="3290" dir="1" index="1" bw="11" slack="5"/>
</pin_list>
<bind>
<opset="empty_211 "/>
</bind>
</comp>

<comp id="3293" class="1005" name="in_tile_1_0_load_67_reg_3293">
<pin_list>
<pin id="3294" dir="0" index="0" bw="32" slack="6"/>
<pin id="3295" dir="1" index="1" bw="32" slack="6"/>
</pin_list>
<bind>
<opset="in_tile_1_0_load_67 "/>
</bind>
</comp>

<comp id="3298" class="1005" name="in_tile_1_0_load_68_reg_3298">
<pin_list>
<pin id="3299" dir="0" index="0" bw="32" slack="6"/>
<pin id="3300" dir="1" index="1" bw="32" slack="6"/>
</pin_list>
<bind>
<opset="in_tile_1_0_load_68 "/>
</bind>
</comp>

<comp id="3303" class="1005" name="in_tile_1_0_addr_71_reg_3303">
<pin_list>
<pin id="3304" dir="0" index="0" bw="11" slack="1"/>
<pin id="3305" dir="1" index="1" bw="11" slack="1"/>
</pin_list>
<bind>
<opset="in_tile_1_0_addr_71 "/>
</bind>
</comp>

<comp id="3308" class="1005" name="in_tile_1_0_load_69_reg_3308">
<pin_list>
<pin id="3309" dir="0" index="0" bw="32" slack="5"/>
<pin id="3310" dir="1" index="1" bw="32" slack="5"/>
</pin_list>
<bind>
<opset="in_tile_1_0_load_69 "/>
</bind>
</comp>

<comp id="3313" class="1005" name="in_tile_1_0_load_70_reg_3313">
<pin_list>
<pin id="3314" dir="0" index="0" bw="32" slack="5"/>
<pin id="3315" dir="1" index="1" bw="32" slack="5"/>
</pin_list>
<bind>
<opset="in_tile_1_0_load_70 "/>
</bind>
</comp>

<comp id="3318" class="1005" name="in_tile_1_0_addr_74_reg_3318">
<pin_list>
<pin id="3319" dir="0" index="0" bw="11" slack="1"/>
<pin id="3320" dir="1" index="1" bw="11" slack="1"/>
</pin_list>
<bind>
<opset="in_tile_1_0_addr_74 "/>
</bind>
</comp>

<comp id="3323" class="1005" name="in_tile_1_0_load_71_reg_3323">
<pin_list>
<pin id="3324" dir="0" index="0" bw="32" slack="4"/>
<pin id="3325" dir="1" index="1" bw="32" slack="4"/>
</pin_list>
<bind>
<opset="in_tile_1_0_load_71 "/>
</bind>
</comp>

<comp id="3328" class="1005" name="in_tile_1_0_load_72_reg_3328">
<pin_list>
<pin id="3329" dir="0" index="0" bw="32" slack="4"/>
<pin id="3330" dir="1" index="1" bw="32" slack="4"/>
</pin_list>
<bind>
<opset="in_tile_1_0_load_72 "/>
</bind>
</comp>

<comp id="3333" class="1005" name="in_tile_1_0_addr_75_reg_3333">
<pin_list>
<pin id="3334" dir="0" index="0" bw="11" slack="1"/>
<pin id="3335" dir="1" index="1" bw="11" slack="1"/>
</pin_list>
<bind>
<opset="in_tile_1_0_addr_75 "/>
</bind>
</comp>

<comp id="3338" class="1005" name="in_tile_1_0_addr_76_reg_3338">
<pin_list>
<pin id="3339" dir="0" index="0" bw="11" slack="1"/>
<pin id="3340" dir="1" index="1" bw="11" slack="1"/>
</pin_list>
<bind>
<opset="in_tile_1_0_addr_76 "/>
</bind>
</comp>

<comp id="3343" class="1005" name="in_tile_1_0_load_73_reg_3343">
<pin_list>
<pin id="3344" dir="0" index="0" bw="32" slack="3"/>
<pin id="3345" dir="1" index="1" bw="32" slack="3"/>
</pin_list>
<bind>
<opset="in_tile_1_0_load_73 "/>
</bind>
</comp>

<comp id="3348" class="1005" name="in_tile_1_0_load_74_reg_3348">
<pin_list>
<pin id="3349" dir="0" index="0" bw="32" slack="3"/>
<pin id="3350" dir="1" index="1" bw="32" slack="3"/>
</pin_list>
<bind>
<opset="in_tile_1_0_load_74 "/>
</bind>
</comp>

<comp id="3353" class="1005" name="in_tile_1_0_addr_77_reg_3353">
<pin_list>
<pin id="3354" dir="0" index="0" bw="11" slack="1"/>
<pin id="3355" dir="1" index="1" bw="11" slack="1"/>
</pin_list>
<bind>
<opset="in_tile_1_0_addr_77 "/>
</bind>
</comp>

<comp id="3358" class="1005" name="in_tile_1_0_addr_78_reg_3358">
<pin_list>
<pin id="3359" dir="0" index="0" bw="11" slack="1"/>
<pin id="3360" dir="1" index="1" bw="11" slack="1"/>
</pin_list>
<bind>
<opset="in_tile_1_0_addr_78 "/>
</bind>
</comp>

<comp id="3363" class="1005" name="in_tile_1_0_load_75_reg_3363">
<pin_list>
<pin id="3364" dir="0" index="0" bw="32" slack="2"/>
<pin id="3365" dir="1" index="1" bw="32" slack="2"/>
</pin_list>
<bind>
<opset="in_tile_1_0_load_75 "/>
</bind>
</comp>

<comp id="3368" class="1005" name="in_tile_1_0_load_76_reg_3368">
<pin_list>
<pin id="3369" dir="0" index="0" bw="32" slack="2"/>
<pin id="3370" dir="1" index="1" bw="32" slack="2"/>
</pin_list>
<bind>
<opset="in_tile_1_0_load_76 "/>
</bind>
</comp>

<comp id="3373" class="1005" name="in_tile_1_0_addr_79_reg_3373">
<pin_list>
<pin id="3374" dir="0" index="0" bw="11" slack="1"/>
<pin id="3375" dir="1" index="1" bw="11" slack="1"/>
</pin_list>
<bind>
<opset="in_tile_1_0_addr_79 "/>
</bind>
</comp>

<comp id="3378" class="1005" name="in_tile_1_0_addr_80_reg_3378">
<pin_list>
<pin id="3379" dir="0" index="0" bw="11" slack="1"/>
<pin id="3380" dir="1" index="1" bw="11" slack="1"/>
</pin_list>
<bind>
<opset="in_tile_1_0_addr_80 "/>
</bind>
</comp>

<comp id="3383" class="1005" name="in_tile_1_0_load_77_reg_3383">
<pin_list>
<pin id="3384" dir="0" index="0" bw="32" slack="1"/>
<pin id="3385" dir="1" index="1" bw="32" slack="1"/>
</pin_list>
<bind>
<opset="in_tile_1_0_load_77 "/>
</bind>
</comp>

<comp id="3388" class="1005" name="in_tile_1_0_load_78_reg_3388">
<pin_list>
<pin id="3389" dir="0" index="0" bw="32" slack="1"/>
<pin id="3390" dir="1" index="1" bw="32" slack="1"/>
</pin_list>
<bind>
<opset="in_tile_1_0_load_78 "/>
</bind>
</comp>

<comp id="3393" class="1005" name="in_tile_1_0_load_79_reg_3393">
<pin_list>
<pin id="3394" dir="0" index="0" bw="32" slack="1"/>
<pin id="3395" dir="1" index="1" bw="32" slack="1"/>
</pin_list>
<bind>
<opset="in_tile_1_0_load_79 "/>
</bind>
</comp>

<comp id="3398" class="1005" name="in_tile_1_0_load_80_reg_3398">
<pin_list>
<pin id="3399" dir="0" index="0" bw="32" slack="1"/>
<pin id="3400" dir="1" index="1" bw="32" slack="1"/>
</pin_list>
<bind>
<opset="in_tile_1_0_load_80 "/>
</bind>
</comp>

</comp_list>

<net_list>
<net id="219"><net_src comp="170" pin="0"/><net_sink comp="216" pin=0"/></net>

<net id="224"><net_src comp="172" pin="0"/><net_sink comp="220" pin=0"/></net>

<net id="225"><net_src comp="2" pin="0"/><net_sink comp="220" pin=1"/></net>

<net id="230"><net_src comp="172" pin="0"/><net_sink comp="226" pin=0"/></net>

<net id="231"><net_src comp="0" pin="0"/><net_sink comp="226" pin=1"/></net>

<net id="237"><net_src comp="4" pin="0"/><net_sink comp="232" pin=0"/></net>

<net id="238"><net_src comp="210" pin="0"/><net_sink comp="232" pin=1"/></net>

<net id="244"><net_src comp="4" pin="0"/><net_sink comp="239" pin=0"/></net>

<net id="245"><net_src comp="210" pin="0"/><net_sink comp="239" pin=1"/></net>

<net id="251"><net_src comp="4" pin="0"/><net_sink comp="246" pin=0"/></net>

<net id="252"><net_src comp="210" pin="0"/><net_sink comp="246" pin=1"/></net>

<net id="258"><net_src comp="4" pin="0"/><net_sink comp="253" pin=0"/></net>

<net id="259"><net_src comp="210" pin="0"/><net_sink comp="253" pin=1"/></net>

<net id="265"><net_src comp="4" pin="0"/><net_sink comp="260" pin=0"/></net>

<net id="266"><net_src comp="210" pin="0"/><net_sink comp="260" pin=1"/></net>

<net id="272"><net_src comp="4" pin="0"/><net_sink comp="267" pin=0"/></net>

<net id="273"><net_src comp="210" pin="0"/><net_sink comp="267" pin=1"/></net>

<net id="279"><net_src comp="4" pin="0"/><net_sink comp="274" pin=0"/></net>

<net id="280"><net_src comp="210" pin="0"/><net_sink comp="274" pin=1"/></net>

<net id="286"><net_src comp="4" pin="0"/><net_sink comp="281" pin=0"/></net>

<net id="287"><net_src comp="210" pin="0"/><net_sink comp="281" pin=1"/></net>

<net id="293"><net_src comp="4" pin="0"/><net_sink comp="288" pin=0"/></net>

<net id="294"><net_src comp="210" pin="0"/><net_sink comp="288" pin=1"/></net>

<net id="300"><net_src comp="4" pin="0"/><net_sink comp="295" pin=0"/></net>

<net id="301"><net_src comp="210" pin="0"/><net_sink comp="295" pin=1"/></net>

<net id="307"><net_src comp="4" pin="0"/><net_sink comp="302" pin=0"/></net>

<net id="308"><net_src comp="210" pin="0"/><net_sink comp="302" pin=1"/></net>

<net id="314"><net_src comp="4" pin="0"/><net_sink comp="309" pin=0"/></net>

<net id="315"><net_src comp="210" pin="0"/><net_sink comp="309" pin=1"/></net>

<net id="321"><net_src comp="4" pin="0"/><net_sink comp="316" pin=0"/></net>

<net id="322"><net_src comp="210" pin="0"/><net_sink comp="316" pin=1"/></net>

<net id="328"><net_src comp="4" pin="0"/><net_sink comp="323" pin=0"/></net>

<net id="329"><net_src comp="210" pin="0"/><net_sink comp="323" pin=1"/></net>

<net id="335"><net_src comp="4" pin="0"/><net_sink comp="330" pin=0"/></net>

<net id="336"><net_src comp="210" pin="0"/><net_sink comp="330" pin=1"/></net>

<net id="342"><net_src comp="4" pin="0"/><net_sink comp="337" pin=0"/></net>

<net id="343"><net_src comp="210" pin="0"/><net_sink comp="337" pin=1"/></net>

<net id="349"><net_src comp="4" pin="0"/><net_sink comp="344" pin=0"/></net>

<net id="350"><net_src comp="210" pin="0"/><net_sink comp="344" pin=1"/></net>

<net id="356"><net_src comp="4" pin="0"/><net_sink comp="351" pin=0"/></net>

<net id="357"><net_src comp="210" pin="0"/><net_sink comp="351" pin=1"/></net>

<net id="363"><net_src comp="232" pin="3"/><net_sink comp="358" pin=0"/></net>

<net id="369"><net_src comp="4" pin="0"/><net_sink comp="364" pin=0"/></net>

<net id="370"><net_src comp="210" pin="0"/><net_sink comp="364" pin=1"/></net>

<net id="375"><net_src comp="364" pin="3"/><net_sink comp="358" pin=0"/></net>

<net id="381"><net_src comp="4" pin="0"/><net_sink comp="376" pin=0"/></net>

<net id="382"><net_src comp="210" pin="0"/><net_sink comp="376" pin=1"/></net>

<net id="388"><net_src comp="4" pin="0"/><net_sink comp="383" pin=0"/></net>

<net id="389"><net_src comp="210" pin="0"/><net_sink comp="383" pin=1"/></net>

<net id="390"><net_src comp="376" pin="3"/><net_sink comp="358" pin=0"/></net>

<net id="391"><net_src comp="383" pin="3"/><net_sink comp="358" pin=2"/></net>

<net id="397"><net_src comp="4" pin="0"/><net_sink comp="392" pin=0"/></net>

<net id="398"><net_src comp="210" pin="0"/><net_sink comp="392" pin=1"/></net>

<net id="404"><net_src comp="4" pin="0"/><net_sink comp="399" pin=0"/></net>

<net id="405"><net_src comp="210" pin="0"/><net_sink comp="399" pin=1"/></net>

<net id="406"><net_src comp="392" pin="3"/><net_sink comp="358" pin=0"/></net>

<net id="407"><net_src comp="399" pin="3"/><net_sink comp="358" pin=2"/></net>

<net id="413"><net_src comp="4" pin="0"/><net_sink comp="408" pin=0"/></net>

<net id="414"><net_src comp="210" pin="0"/><net_sink comp="408" pin=1"/></net>

<net id="420"><net_src comp="4" pin="0"/><net_sink comp="415" pin=0"/></net>

<net id="421"><net_src comp="210" pin="0"/><net_sink comp="415" pin=1"/></net>

<net id="422"><net_src comp="408" pin="3"/><net_sink comp="358" pin=0"/></net>

<net id="423"><net_src comp="415" pin="3"/><net_sink comp="358" pin=2"/></net>

<net id="429"><net_src comp="4" pin="0"/><net_sink comp="424" pin=0"/></net>

<net id="430"><net_src comp="210" pin="0"/><net_sink comp="424" pin=1"/></net>

<net id="436"><net_src comp="4" pin="0"/><net_sink comp="431" pin=0"/></net>

<net id="437"><net_src comp="210" pin="0"/><net_sink comp="431" pin=1"/></net>

<net id="438"><net_src comp="424" pin="3"/><net_sink comp="358" pin=0"/></net>

<net id="439"><net_src comp="431" pin="3"/><net_sink comp="358" pin=2"/></net>

<net id="445"><net_src comp="4" pin="0"/><net_sink comp="440" pin=0"/></net>

<net id="446"><net_src comp="210" pin="0"/><net_sink comp="440" pin=1"/></net>

<net id="452"><net_src comp="4" pin="0"/><net_sink comp="447" pin=0"/></net>

<net id="453"><net_src comp="210" pin="0"/><net_sink comp="447" pin=1"/></net>

<net id="454"><net_src comp="440" pin="3"/><net_sink comp="358" pin=0"/></net>

<net id="455"><net_src comp="447" pin="3"/><net_sink comp="358" pin=2"/></net>

<net id="461"><net_src comp="4" pin="0"/><net_sink comp="456" pin=0"/></net>

<net id="462"><net_src comp="210" pin="0"/><net_sink comp="456" pin=1"/></net>

<net id="468"><net_src comp="4" pin="0"/><net_sink comp="463" pin=0"/></net>

<net id="469"><net_src comp="210" pin="0"/><net_sink comp="463" pin=1"/></net>

<net id="470"><net_src comp="456" pin="3"/><net_sink comp="358" pin=0"/></net>

<net id="471"><net_src comp="463" pin="3"/><net_sink comp="358" pin=2"/></net>

<net id="477"><net_src comp="4" pin="0"/><net_sink comp="472" pin=0"/></net>

<net id="478"><net_src comp="210" pin="0"/><net_sink comp="472" pin=1"/></net>

<net id="479"><net_src comp="472" pin="3"/><net_sink comp="358" pin=0"/></net>

<net id="485"><net_src comp="4" pin="0"/><net_sink comp="480" pin=0"/></net>

<net id="486"><net_src comp="210" pin="0"/><net_sink comp="480" pin=1"/></net>

<net id="487"><net_src comp="480" pin="3"/><net_sink comp="358" pin=2"/></net>

<net id="493"><net_src comp="4" pin="0"/><net_sink comp="488" pin=0"/></net>

<net id="494"><net_src comp="210" pin="0"/><net_sink comp="488" pin=1"/></net>

<net id="500"><net_src comp="4" pin="0"/><net_sink comp="495" pin=0"/></net>

<net id="501"><net_src comp="210" pin="0"/><net_sink comp="495" pin=1"/></net>

<net id="502"><net_src comp="488" pin="3"/><net_sink comp="358" pin=0"/></net>

<net id="503"><net_src comp="495" pin="3"/><net_sink comp="358" pin=2"/></net>

<net id="509"><net_src comp="4" pin="0"/><net_sink comp="504" pin=0"/></net>

<net id="510"><net_src comp="210" pin="0"/><net_sink comp="504" pin=1"/></net>

<net id="516"><net_src comp="4" pin="0"/><net_sink comp="511" pin=0"/></net>

<net id="517"><net_src comp="210" pin="0"/><net_sink comp="511" pin=1"/></net>

<net id="518"><net_src comp="504" pin="3"/><net_sink comp="358" pin=0"/></net>

<net id="519"><net_src comp="511" pin="3"/><net_sink comp="358" pin=2"/></net>

<net id="525"><net_src comp="4" pin="0"/><net_sink comp="520" pin=0"/></net>

<net id="526"><net_src comp="210" pin="0"/><net_sink comp="520" pin=1"/></net>

<net id="532"><net_src comp="4" pin="0"/><net_sink comp="527" pin=0"/></net>

<net id="533"><net_src comp="210" pin="0"/><net_sink comp="527" pin=1"/></net>

<net id="534"><net_src comp="520" pin="3"/><net_sink comp="358" pin=0"/></net>

<net id="535"><net_src comp="527" pin="3"/><net_sink comp="358" pin=2"/></net>

<net id="541"><net_src comp="4" pin="0"/><net_sink comp="536" pin=0"/></net>

<net id="542"><net_src comp="210" pin="0"/><net_sink comp="536" pin=1"/></net>

<net id="548"><net_src comp="4" pin="0"/><net_sink comp="543" pin=0"/></net>

<net id="549"><net_src comp="210" pin="0"/><net_sink comp="543" pin=1"/></net>

<net id="550"><net_src comp="536" pin="3"/><net_sink comp="358" pin=0"/></net>

<net id="551"><net_src comp="543" pin="3"/><net_sink comp="358" pin=2"/></net>

<net id="557"><net_src comp="4" pin="0"/><net_sink comp="552" pin=0"/></net>

<net id="558"><net_src comp="210" pin="0"/><net_sink comp="552" pin=1"/></net>

<net id="564"><net_src comp="4" pin="0"/><net_sink comp="559" pin=0"/></net>

<net id="565"><net_src comp="210" pin="0"/><net_sink comp="559" pin=1"/></net>

<net id="566"><net_src comp="552" pin="3"/><net_sink comp="358" pin=0"/></net>

<net id="567"><net_src comp="559" pin="3"/><net_sink comp="358" pin=2"/></net>

<net id="573"><net_src comp="4" pin="0"/><net_sink comp="568" pin=0"/></net>

<net id="574"><net_src comp="210" pin="0"/><net_sink comp="568" pin=1"/></net>

<net id="580"><net_src comp="4" pin="0"/><net_sink comp="575" pin=0"/></net>

<net id="581"><net_src comp="210" pin="0"/><net_sink comp="575" pin=1"/></net>

<net id="582"><net_src comp="568" pin="3"/><net_sink comp="358" pin=0"/></net>

<net id="583"><net_src comp="575" pin="3"/><net_sink comp="358" pin=2"/></net>

<net id="589"><net_src comp="4" pin="0"/><net_sink comp="584" pin=0"/></net>

<net id="590"><net_src comp="210" pin="0"/><net_sink comp="584" pin=1"/></net>

<net id="591"><net_src comp="584" pin="3"/><net_sink comp="358" pin=0"/></net>

<net id="597"><net_src comp="4" pin="0"/><net_sink comp="592" pin=0"/></net>

<net id="598"><net_src comp="210" pin="0"/><net_sink comp="592" pin=1"/></net>

<net id="599"><net_src comp="592" pin="3"/><net_sink comp="358" pin=2"/></net>

<net id="605"><net_src comp="4" pin="0"/><net_sink comp="600" pin=0"/></net>

<net id="606"><net_src comp="210" pin="0"/><net_sink comp="600" pin=1"/></net>

<net id="612"><net_src comp="4" pin="0"/><net_sink comp="607" pin=0"/></net>

<net id="613"><net_src comp="210" pin="0"/><net_sink comp="607" pin=1"/></net>

<net id="614"><net_src comp="600" pin="3"/><net_sink comp="358" pin=0"/></net>

<net id="615"><net_src comp="607" pin="3"/><net_sink comp="358" pin=2"/></net>

<net id="621"><net_src comp="4" pin="0"/><net_sink comp="616" pin=0"/></net>

<net id="622"><net_src comp="210" pin="0"/><net_sink comp="616" pin=1"/></net>

<net id="628"><net_src comp="4" pin="0"/><net_sink comp="623" pin=0"/></net>

<net id="629"><net_src comp="210" pin="0"/><net_sink comp="623" pin=1"/></net>

<net id="630"><net_src comp="616" pin="3"/><net_sink comp="358" pin=0"/></net>

<net id="631"><net_src comp="623" pin="3"/><net_sink comp="358" pin=2"/></net>

<net id="637"><net_src comp="4" pin="0"/><net_sink comp="632" pin=0"/></net>

<net id="638"><net_src comp="210" pin="0"/><net_sink comp="632" pin=1"/></net>

<net id="644"><net_src comp="4" pin="0"/><net_sink comp="639" pin=0"/></net>

<net id="645"><net_src comp="210" pin="0"/><net_sink comp="639" pin=1"/></net>

<net id="646"><net_src comp="632" pin="3"/><net_sink comp="358" pin=0"/></net>

<net id="647"><net_src comp="639" pin="3"/><net_sink comp="358" pin=2"/></net>

<net id="653"><net_src comp="4" pin="0"/><net_sink comp="648" pin=0"/></net>

<net id="654"><net_src comp="210" pin="0"/><net_sink comp="648" pin=1"/></net>

<net id="660"><net_src comp="4" pin="0"/><net_sink comp="655" pin=0"/></net>

<net id="661"><net_src comp="210" pin="0"/><net_sink comp="655" pin=1"/></net>

<net id="662"><net_src comp="648" pin="3"/><net_sink comp="358" pin=0"/></net>

<net id="663"><net_src comp="655" pin="3"/><net_sink comp="358" pin=2"/></net>

<net id="669"><net_src comp="4" pin="0"/><net_sink comp="664" pin=0"/></net>

<net id="670"><net_src comp="210" pin="0"/><net_sink comp="664" pin=1"/></net>

<net id="676"><net_src comp="4" pin="0"/><net_sink comp="671" pin=0"/></net>

<net id="677"><net_src comp="210" pin="0"/><net_sink comp="671" pin=1"/></net>

<net id="678"><net_src comp="664" pin="3"/><net_sink comp="358" pin=0"/></net>

<net id="679"><net_src comp="671" pin="3"/><net_sink comp="358" pin=2"/></net>

<net id="685"><net_src comp="4" pin="0"/><net_sink comp="680" pin=0"/></net>

<net id="686"><net_src comp="210" pin="0"/><net_sink comp="680" pin=1"/></net>

<net id="692"><net_src comp="4" pin="0"/><net_sink comp="687" pin=0"/></net>

<net id="693"><net_src comp="210" pin="0"/><net_sink comp="687" pin=1"/></net>

<net id="694"><net_src comp="680" pin="3"/><net_sink comp="358" pin=0"/></net>

<net id="695"><net_src comp="687" pin="3"/><net_sink comp="358" pin=2"/></net>

<net id="701"><net_src comp="4" pin="0"/><net_sink comp="696" pin=0"/></net>

<net id="702"><net_src comp="210" pin="0"/><net_sink comp="696" pin=1"/></net>

<net id="703"><net_src comp="696" pin="3"/><net_sink comp="358" pin=0"/></net>

<net id="709"><net_src comp="4" pin="0"/><net_sink comp="704" pin=0"/></net>

<net id="710"><net_src comp="210" pin="0"/><net_sink comp="704" pin=1"/></net>

<net id="711"><net_src comp="704" pin="3"/><net_sink comp="358" pin=2"/></net>

<net id="717"><net_src comp="4" pin="0"/><net_sink comp="712" pin=0"/></net>

<net id="718"><net_src comp="210" pin="0"/><net_sink comp="712" pin=1"/></net>

<net id="724"><net_src comp="4" pin="0"/><net_sink comp="719" pin=0"/></net>

<net id="725"><net_src comp="210" pin="0"/><net_sink comp="719" pin=1"/></net>

<net id="726"><net_src comp="712" pin="3"/><net_sink comp="358" pin=0"/></net>

<net id="727"><net_src comp="719" pin="3"/><net_sink comp="358" pin=2"/></net>

<net id="733"><net_src comp="4" pin="0"/><net_sink comp="728" pin=0"/></net>

<net id="734"><net_src comp="210" pin="0"/><net_sink comp="728" pin=1"/></net>

<net id="740"><net_src comp="4" pin="0"/><net_sink comp="735" pin=0"/></net>

<net id="741"><net_src comp="210" pin="0"/><net_sink comp="735" pin=1"/></net>

<net id="742"><net_src comp="728" pin="3"/><net_sink comp="358" pin=0"/></net>

<net id="743"><net_src comp="735" pin="3"/><net_sink comp="358" pin=2"/></net>

<net id="749"><net_src comp="4" pin="0"/><net_sink comp="744" pin=0"/></net>

<net id="750"><net_src comp="210" pin="0"/><net_sink comp="744" pin=1"/></net>

<net id="756"><net_src comp="4" pin="0"/><net_sink comp="751" pin=0"/></net>

<net id="757"><net_src comp="210" pin="0"/><net_sink comp="751" pin=1"/></net>

<net id="758"><net_src comp="744" pin="3"/><net_sink comp="358" pin=0"/></net>

<net id="759"><net_src comp="751" pin="3"/><net_sink comp="358" pin=2"/></net>

<net id="765"><net_src comp="4" pin="0"/><net_sink comp="760" pin=0"/></net>

<net id="766"><net_src comp="210" pin="0"/><net_sink comp="760" pin=1"/></net>

<net id="772"><net_src comp="4" pin="0"/><net_sink comp="767" pin=0"/></net>

<net id="773"><net_src comp="210" pin="0"/><net_sink comp="767" pin=1"/></net>

<net id="774"><net_src comp="760" pin="3"/><net_sink comp="358" pin=0"/></net>

<net id="775"><net_src comp="767" pin="3"/><net_sink comp="358" pin=2"/></net>

<net id="781"><net_src comp="4" pin="0"/><net_sink comp="776" pin=0"/></net>

<net id="782"><net_src comp="210" pin="0"/><net_sink comp="776" pin=1"/></net>

<net id="788"><net_src comp="4" pin="0"/><net_sink comp="783" pin=0"/></net>

<net id="789"><net_src comp="210" pin="0"/><net_sink comp="783" pin=1"/></net>

<net id="790"><net_src comp="776" pin="3"/><net_sink comp="358" pin=0"/></net>

<net id="791"><net_src comp="783" pin="3"/><net_sink comp="358" pin=2"/></net>

<net id="797"><net_src comp="4" pin="0"/><net_sink comp="792" pin=0"/></net>

<net id="798"><net_src comp="210" pin="0"/><net_sink comp="792" pin=1"/></net>

<net id="804"><net_src comp="4" pin="0"/><net_sink comp="799" pin=0"/></net>

<net id="805"><net_src comp="210" pin="0"/><net_sink comp="799" pin=1"/></net>

<net id="806"><net_src comp="792" pin="3"/><net_sink comp="358" pin=0"/></net>

<net id="807"><net_src comp="799" pin="3"/><net_sink comp="358" pin=2"/></net>

<net id="813"><net_src comp="4" pin="0"/><net_sink comp="808" pin=0"/></net>

<net id="814"><net_src comp="210" pin="0"/><net_sink comp="808" pin=1"/></net>

<net id="815"><net_src comp="808" pin="3"/><net_sink comp="358" pin=0"/></net>

<net id="821"><net_src comp="4" pin="0"/><net_sink comp="816" pin=0"/></net>

<net id="822"><net_src comp="210" pin="0"/><net_sink comp="816" pin=1"/></net>

<net id="823"><net_src comp="816" pin="3"/><net_sink comp="358" pin=2"/></net>

<net id="829"><net_src comp="4" pin="0"/><net_sink comp="824" pin=0"/></net>

<net id="830"><net_src comp="210" pin="0"/><net_sink comp="824" pin=1"/></net>

<net id="836"><net_src comp="4" pin="0"/><net_sink comp="831" pin=0"/></net>

<net id="837"><net_src comp="210" pin="0"/><net_sink comp="831" pin=1"/></net>

<net id="838"><net_src comp="824" pin="3"/><net_sink comp="358" pin=0"/></net>

<net id="839"><net_src comp="831" pin="3"/><net_sink comp="358" pin=2"/></net>

<net id="845"><net_src comp="4" pin="0"/><net_sink comp="840" pin=0"/></net>

<net id="846"><net_src comp="210" pin="0"/><net_sink comp="840" pin=1"/></net>

<net id="852"><net_src comp="4" pin="0"/><net_sink comp="847" pin=0"/></net>

<net id="853"><net_src comp="210" pin="0"/><net_sink comp="847" pin=1"/></net>

<net id="854"><net_src comp="840" pin="3"/><net_sink comp="358" pin=0"/></net>

<net id="855"><net_src comp="847" pin="3"/><net_sink comp="358" pin=2"/></net>

<net id="861"><net_src comp="4" pin="0"/><net_sink comp="856" pin=0"/></net>

<net id="862"><net_src comp="210" pin="0"/><net_sink comp="856" pin=1"/></net>

<net id="868"><net_src comp="4" pin="0"/><net_sink comp="863" pin=0"/></net>

<net id="869"><net_src comp="210" pin="0"/><net_sink comp="863" pin=1"/></net>

<net id="870"><net_src comp="856" pin="3"/><net_sink comp="358" pin=0"/></net>

<net id="871"><net_src comp="863" pin="3"/><net_sink comp="358" pin=2"/></net>

<net id="875"><net_src comp="174" pin="0"/><net_sink comp="872" pin=0"/></net>

<net id="882"><net_src comp="872" pin="1"/><net_sink comp="876" pin=0"/></net>

<net id="883"><net_src comp="876" pin="4"/><net_sink comp="872" pin=0"/></net>

<net id="1052"><net_src comp="214" pin="0"/><net_sink comp="884" pin=0"/></net>

<net id="1053"><net_src comp="358" pin="3"/><net_sink comp="884" pin=82"/></net>

<net id="1054"><net_src comp="358" pin="7"/><net_sink comp="884" pin=83"/></net>

<net id="1055"><net_src comp="6" pin="0"/><net_sink comp="884" pin=84"/></net>

<net id="1056"><net_src comp="8" pin="0"/><net_sink comp="884" pin=85"/></net>

<net id="1057"><net_src comp="10" pin="0"/><net_sink comp="884" pin=86"/></net>

<net id="1058"><net_src comp="12" pin="0"/><net_sink comp="884" pin=87"/></net>

<net id="1059"><net_src comp="14" pin="0"/><net_sink comp="884" pin=88"/></net>

<net id="1060"><net_src comp="16" pin="0"/><net_sink comp="884" pin=89"/></net>

<net id="1061"><net_src comp="18" pin="0"/><net_sink comp="884" pin=90"/></net>

<net id="1062"><net_src comp="20" pin="0"/><net_sink comp="884" pin=91"/></net>

<net id="1063"><net_src comp="22" pin="0"/><net_sink comp="884" pin=92"/></net>

<net id="1064"><net_src comp="24" pin="0"/><net_sink comp="884" pin=93"/></net>

<net id="1065"><net_src comp="26" pin="0"/><net_sink comp="884" pin=94"/></net>

<net id="1066"><net_src comp="28" pin="0"/><net_sink comp="884" pin=95"/></net>

<net id="1067"><net_src comp="30" pin="0"/><net_sink comp="884" pin=96"/></net>

<net id="1068"><net_src comp="32" pin="0"/><net_sink comp="884" pin=97"/></net>

<net id="1069"><net_src comp="34" pin="0"/><net_sink comp="884" pin=98"/></net>

<net id="1070"><net_src comp="36" pin="0"/><net_sink comp="884" pin=99"/></net>

<net id="1071"><net_src comp="38" pin="0"/><net_sink comp="884" pin=100"/></net>

<net id="1072"><net_src comp="40" pin="0"/><net_sink comp="884" pin=101"/></net>

<net id="1073"><net_src comp="42" pin="0"/><net_sink comp="884" pin=102"/></net>

<net id="1074"><net_src comp="44" pin="0"/><net_sink comp="884" pin=103"/></net>

<net id="1075"><net_src comp="46" pin="0"/><net_sink comp="884" pin=104"/></net>

<net id="1076"><net_src comp="48" pin="0"/><net_sink comp="884" pin=105"/></net>

<net id="1077"><net_src comp="50" pin="0"/><net_sink comp="884" pin=106"/></net>

<net id="1078"><net_src comp="52" pin="0"/><net_sink comp="884" pin=107"/></net>

<net id="1079"><net_src comp="54" pin="0"/><net_sink comp="884" pin=108"/></net>

<net id="1080"><net_src comp="56" pin="0"/><net_sink comp="884" pin=109"/></net>

<net id="1081"><net_src comp="58" pin="0"/><net_sink comp="884" pin=110"/></net>

<net id="1082"><net_src comp="60" pin="0"/><net_sink comp="884" pin=111"/></net>

<net id="1083"><net_src comp="62" pin="0"/><net_sink comp="884" pin=112"/></net>

<net id="1084"><net_src comp="64" pin="0"/><net_sink comp="884" pin=113"/></net>

<net id="1085"><net_src comp="66" pin="0"/><net_sink comp="884" pin=114"/></net>

<net id="1086"><net_src comp="68" pin="0"/><net_sink comp="884" pin=115"/></net>

<net id="1087"><net_src comp="70" pin="0"/><net_sink comp="884" pin=116"/></net>

<net id="1088"><net_src comp="72" pin="0"/><net_sink comp="884" pin=117"/></net>

<net id="1089"><net_src comp="74" pin="0"/><net_sink comp="884" pin=118"/></net>

<net id="1090"><net_src comp="76" pin="0"/><net_sink comp="884" pin=119"/></net>

<net id="1091"><net_src comp="78" pin="0"/><net_sink comp="884" pin=120"/></net>

<net id="1092"><net_src comp="80" pin="0"/><net_sink comp="884" pin=121"/></net>

<net id="1093"><net_src comp="82" pin="0"/><net_sink comp="884" pin=122"/></net>

<net id="1094"><net_src comp="84" pin="0"/><net_sink comp="884" pin=123"/></net>

<net id="1095"><net_src comp="86" pin="0"/><net_sink comp="884" pin=124"/></net>

<net id="1096"><net_src comp="88" pin="0"/><net_sink comp="884" pin=125"/></net>

<net id="1097"><net_src comp="90" pin="0"/><net_sink comp="884" pin=126"/></net>

<net id="1098"><net_src comp="92" pin="0"/><net_sink comp="884" pin=127"/></net>

<net id="1099"><net_src comp="94" pin="0"/><net_sink comp="884" pin=128"/></net>

<net id="1100"><net_src comp="96" pin="0"/><net_sink comp="884" pin=129"/></net>

<net id="1101"><net_src comp="98" pin="0"/><net_sink comp="884" pin=130"/></net>

<net id="1102"><net_src comp="100" pin="0"/><net_sink comp="884" pin=131"/></net>

<net id="1103"><net_src comp="102" pin="0"/><net_sink comp="884" pin=132"/></net>

<net id="1104"><net_src comp="104" pin="0"/><net_sink comp="884" pin=133"/></net>

<net id="1105"><net_src comp="106" pin="0"/><net_sink comp="884" pin=134"/></net>

<net id="1106"><net_src comp="108" pin="0"/><net_sink comp="884" pin=135"/></net>

<net id="1107"><net_src comp="110" pin="0"/><net_sink comp="884" pin=136"/></net>

<net id="1108"><net_src comp="112" pin="0"/><net_sink comp="884" pin=137"/></net>

<net id="1109"><net_src comp="114" pin="0"/><net_sink comp="884" pin=138"/></net>

<net id="1110"><net_src comp="116" pin="0"/><net_sink comp="884" pin=139"/></net>

<net id="1111"><net_src comp="118" pin="0"/><net_sink comp="884" pin=140"/></net>

<net id="1112"><net_src comp="120" pin="0"/><net_sink comp="884" pin=141"/></net>

<net id="1113"><net_src comp="122" pin="0"/><net_sink comp="884" pin=142"/></net>

<net id="1114"><net_src comp="124" pin="0"/><net_sink comp="884" pin=143"/></net>

<net id="1115"><net_src comp="126" pin="0"/><net_sink comp="884" pin=144"/></net>

<net id="1116"><net_src comp="128" pin="0"/><net_sink comp="884" pin=145"/></net>

<net id="1117"><net_src comp="130" pin="0"/><net_sink comp="884" pin=146"/></net>

<net id="1118"><net_src comp="132" pin="0"/><net_sink comp="884" pin=147"/></net>

<net id="1119"><net_src comp="134" pin="0"/><net_sink comp="884" pin=148"/></net>

<net id="1120"><net_src comp="136" pin="0"/><net_sink comp="884" pin=149"/></net>

<net id="1121"><net_src comp="138" pin="0"/><net_sink comp="884" pin=150"/></net>

<net id="1122"><net_src comp="140" pin="0"/><net_sink comp="884" pin=151"/></net>

<net id="1123"><net_src comp="142" pin="0"/><net_sink comp="884" pin=152"/></net>

<net id="1124"><net_src comp="144" pin="0"/><net_sink comp="884" pin=153"/></net>

<net id="1125"><net_src comp="146" pin="0"/><net_sink comp="884" pin=154"/></net>

<net id="1126"><net_src comp="148" pin="0"/><net_sink comp="884" pin=155"/></net>

<net id="1127"><net_src comp="150" pin="0"/><net_sink comp="884" pin=156"/></net>

<net id="1128"><net_src comp="152" pin="0"/><net_sink comp="884" pin=157"/></net>

<net id="1129"><net_src comp="154" pin="0"/><net_sink comp="884" pin=158"/></net>

<net id="1130"><net_src comp="156" pin="0"/><net_sink comp="884" pin=159"/></net>

<net id="1131"><net_src comp="158" pin="0"/><net_sink comp="884" pin=160"/></net>

<net id="1132"><net_src comp="160" pin="0"/><net_sink comp="884" pin=161"/></net>

<net id="1133"><net_src comp="162" pin="0"/><net_sink comp="884" pin=162"/></net>

<net id="1134"><net_src comp="164" pin="0"/><net_sink comp="884" pin=163"/></net>

<net id="1135"><net_src comp="166" pin="0"/><net_sink comp="884" pin=164"/></net>

<net id="1136"><net_src comp="168" pin="0"/><net_sink comp="884" pin=165"/></net>

<net id="1141"><net_src comp="174" pin="0"/><net_sink comp="1137" pin=0"/></net>

<net id="1150"><net_src comp="176" pin="0"/><net_sink comp="1145" pin=0"/></net>

<net id="1151"><net_src comp="1142" pin="1"/><net_sink comp="1145" pin=1"/></net>

<net id="1152"><net_src comp="178" pin="0"/><net_sink comp="1145" pin=2"/></net>

<net id="1158"><net_src comp="180" pin="0"/><net_sink comp="1153" pin=0"/></net>

<net id="1159"><net_src comp="1142" pin="1"/><net_sink comp="1153" pin=1"/></net>

<net id="1160"><net_src comp="182" pin="0"/><net_sink comp="1153" pin=2"/></net>

<net id="1164"><net_src comp="1153" pin="3"/><net_sink comp="1161" pin=0"/></net>

<net id="1169"><net_src comp="1145" pin="3"/><net_sink comp="1165" pin=0"/></net>

<net id="1170"><net_src comp="1161" pin="1"/><net_sink comp="1165" pin=1"/></net>

<net id="1174"><net_src comp="1142" pin="1"/><net_sink comp="1171" pin=0"/></net>

<net id="1179"><net_src comp="1142" pin="1"/><net_sink comp="1175" pin=0"/></net>

<net id="1180"><net_src comp="184" pin="0"/><net_sink comp="1175" pin=1"/></net>

<net id="1185"><net_src comp="1142" pin="1"/><net_sink comp="1181" pin=0"/></net>

<net id="1186"><net_src comp="186" pin="0"/><net_sink comp="1181" pin=1"/></net>

<net id="1191"><net_src comp="1171" pin="1"/><net_sink comp="1187" pin=0"/></net>

<net id="1197"><net_src comp="176" pin="0"/><net_sink comp="1192" pin=0"/></net>

<net id="1198"><net_src comp="1181" pin="2"/><net_sink comp="1192" pin=1"/></net>

<net id="1199"><net_src comp="178" pin="0"/><net_sink comp="1192" pin=2"/></net>

<net id="1205"><net_src comp="180" pin="0"/><net_sink comp="1200" pin=0"/></net>

<net id="1206"><net_src comp="1181" pin="2"/><net_sink comp="1200" pin=1"/></net>

<net id="1207"><net_src comp="182" pin="0"/><net_sink comp="1200" pin=2"/></net>

<net id="1211"><net_src comp="1200" pin="3"/><net_sink comp="1208" pin=0"/></net>

<net id="1216"><net_src comp="1192" pin="3"/><net_sink comp="1212" pin=0"/></net>

<net id="1217"><net_src comp="1208" pin="1"/><net_sink comp="1212" pin=1"/></net>

<net id="1222"><net_src comp="1142" pin="1"/><net_sink comp="1218" pin=0"/></net>

<net id="1223"><net_src comp="196" pin="0"/><net_sink comp="1218" pin=1"/></net>

<net id="1229"><net_src comp="176" pin="0"/><net_sink comp="1224" pin=0"/></net>

<net id="1230"><net_src comp="1218" pin="2"/><net_sink comp="1224" pin=1"/></net>

<net id="1231"><net_src comp="178" pin="0"/><net_sink comp="1224" pin=2"/></net>

<net id="1237"><net_src comp="180" pin="0"/><net_sink comp="1232" pin=0"/></net>

<net id="1238"><net_src comp="1218" pin="2"/><net_sink comp="1232" pin=1"/></net>

<net id="1239"><net_src comp="182" pin="0"/><net_sink comp="1232" pin=2"/></net>

<net id="1243"><net_src comp="1232" pin="3"/><net_sink comp="1240" pin=0"/></net>

<net id="1248"><net_src comp="1224" pin="3"/><net_sink comp="1244" pin=0"/></net>

<net id="1249"><net_src comp="1240" pin="1"/><net_sink comp="1244" pin=1"/></net>

<net id="1254"><net_src comp="1142" pin="1"/><net_sink comp="1250" pin=0"/></net>

<net id="1255"><net_src comp="198" pin="0"/><net_sink comp="1250" pin=1"/></net>

<net id="1261"><net_src comp="176" pin="0"/><net_sink comp="1256" pin=0"/></net>

<net id="1262"><net_src comp="1250" pin="2"/><net_sink comp="1256" pin=1"/></net>

<net id="1263"><net_src comp="178" pin="0"/><net_sink comp="1256" pin=2"/></net>

<net id="1269"><net_src comp="180" pin="0"/><net_sink comp="1264" pin=0"/></net>

<net id="1270"><net_src comp="1250" pin="2"/><net_sink comp="1264" pin=1"/></net>

<net id="1271"><net_src comp="182" pin="0"/><net_sink comp="1264" pin=2"/></net>

<net id="1275"><net_src comp="1264" pin="3"/><net_sink comp="1272" pin=0"/></net>

<net id="1280"><net_src comp="1256" pin="3"/><net_sink comp="1276" pin=0"/></net>

<net id="1281"><net_src comp="1272" pin="1"/><net_sink comp="1276" pin=1"/></net>

<net id="1286"><net_src comp="1142" pin="1"/><net_sink comp="1282" pin=0"/></net>

<net id="1287"><net_src comp="200" pin="0"/><net_sink comp="1282" pin=1"/></net>

<net id="1293"><net_src comp="176" pin="0"/><net_sink comp="1288" pin=0"/></net>

<net id="1294"><net_src comp="1282" pin="2"/><net_sink comp="1288" pin=1"/></net>

<net id="1295"><net_src comp="178" pin="0"/><net_sink comp="1288" pin=2"/></net>

<net id="1301"><net_src comp="180" pin="0"/><net_sink comp="1296" pin=0"/></net>

<net id="1302"><net_src comp="1282" pin="2"/><net_sink comp="1296" pin=1"/></net>

<net id="1303"><net_src comp="182" pin="0"/><net_sink comp="1296" pin=2"/></net>

<net id="1307"><net_src comp="1296" pin="3"/><net_sink comp="1304" pin=0"/></net>

<net id="1312"><net_src comp="1288" pin="3"/><net_sink comp="1308" pin=0"/></net>

<net id="1313"><net_src comp="1304" pin="1"/><net_sink comp="1308" pin=1"/></net>

<net id="1318"><net_src comp="1142" pin="1"/><net_sink comp="1314" pin=0"/></net>

<net id="1319"><net_src comp="202" pin="0"/><net_sink comp="1314" pin=1"/></net>

<net id="1325"><net_src comp="176" pin="0"/><net_sink comp="1320" pin=0"/></net>

<net id="1326"><net_src comp="1314" pin="2"/><net_sink comp="1320" pin=1"/></net>

<net id="1327"><net_src comp="178" pin="0"/><net_sink comp="1320" pin=2"/></net>

<net id="1333"><net_src comp="180" pin="0"/><net_sink comp="1328" pin=0"/></net>

<net id="1334"><net_src comp="1314" pin="2"/><net_sink comp="1328" pin=1"/></net>

<net id="1335"><net_src comp="182" pin="0"/><net_sink comp="1328" pin=2"/></net>

<net id="1339"><net_src comp="1328" pin="3"/><net_sink comp="1336" pin=0"/></net>

<net id="1344"><net_src comp="1320" pin="3"/><net_sink comp="1340" pin=0"/></net>

<net id="1345"><net_src comp="1336" pin="1"/><net_sink comp="1340" pin=1"/></net>

<net id="1350"><net_src comp="1142" pin="1"/><net_sink comp="1346" pin=0"/></net>

<net id="1351"><net_src comp="204" pin="0"/><net_sink comp="1346" pin=1"/></net>

<net id="1357"><net_src comp="176" pin="0"/><net_sink comp="1352" pin=0"/></net>

<net id="1358"><net_src comp="1346" pin="2"/><net_sink comp="1352" pin=1"/></net>

<net id="1359"><net_src comp="178" pin="0"/><net_sink comp="1352" pin=2"/></net>

<net id="1365"><net_src comp="180" pin="0"/><net_sink comp="1360" pin=0"/></net>

<net id="1366"><net_src comp="1346" pin="2"/><net_sink comp="1360" pin=1"/></net>

<net id="1367"><net_src comp="182" pin="0"/><net_sink comp="1360" pin=2"/></net>

<net id="1371"><net_src comp="1360" pin="3"/><net_sink comp="1368" pin=0"/></net>

<net id="1376"><net_src comp="1352" pin="3"/><net_sink comp="1372" pin=0"/></net>

<net id="1377"><net_src comp="1368" pin="1"/><net_sink comp="1372" pin=1"/></net>

<net id="1382"><net_src comp="1142" pin="1"/><net_sink comp="1378" pin=0"/></net>

<net id="1383"><net_src comp="206" pin="0"/><net_sink comp="1378" pin=1"/></net>

<net id="1389"><net_src comp="176" pin="0"/><net_sink comp="1384" pin=0"/></net>

<net id="1390"><net_src comp="1378" pin="2"/><net_sink comp="1384" pin=1"/></net>

<net id="1391"><net_src comp="178" pin="0"/><net_sink comp="1384" pin=2"/></net>

<net id="1397"><net_src comp="180" pin="0"/><net_sink comp="1392" pin=0"/></net>

<net id="1398"><net_src comp="1378" pin="2"/><net_sink comp="1392" pin=1"/></net>

<net id="1399"><net_src comp="182" pin="0"/><net_sink comp="1392" pin=2"/></net>

<net id="1403"><net_src comp="1392" pin="3"/><net_sink comp="1400" pin=0"/></net>

<net id="1408"><net_src comp="1384" pin="3"/><net_sink comp="1404" pin=0"/></net>

<net id="1409"><net_src comp="1400" pin="1"/><net_sink comp="1404" pin=1"/></net>

<net id="1414"><net_src comp="1142" pin="1"/><net_sink comp="1410" pin=0"/></net>

<net id="1415"><net_src comp="208" pin="0"/><net_sink comp="1410" pin=1"/></net>

<net id="1421"><net_src comp="176" pin="0"/><net_sink comp="1416" pin=0"/></net>

<net id="1422"><net_src comp="1410" pin="2"/><net_sink comp="1416" pin=1"/></net>

<net id="1423"><net_src comp="178" pin="0"/><net_sink comp="1416" pin=2"/></net>

<net id="1429"><net_src comp="180" pin="0"/><net_sink comp="1424" pin=0"/></net>

<net id="1430"><net_src comp="1410" pin="2"/><net_sink comp="1424" pin=1"/></net>

<net id="1431"><net_src comp="182" pin="0"/><net_sink comp="1424" pin=2"/></net>

<net id="1435"><net_src comp="1424" pin="3"/><net_sink comp="1432" pin=0"/></net>

<net id="1440"><net_src comp="1416" pin="3"/><net_sink comp="1436" pin=0"/></net>

<net id="1441"><net_src comp="1432" pin="1"/><net_sink comp="1436" pin=1"/></net>

<net id="1445"><net_src comp="876" pin="4"/><net_sink comp="1442" pin=0"/></net>

<net id="1449"><net_src comp="876" pin="4"/><net_sink comp="1446" pin=0"/></net>

<net id="1454"><net_src comp="1446" pin="1"/><net_sink comp="1450" pin=1"/></net>

<net id="1458"><net_src comp="1450" pin="2"/><net_sink comp="1455" pin=0"/></net>

<net id="1459"><net_src comp="1455" pin="1"/><net_sink comp="232" pin=2"/></net>

<net id="1464"><net_src comp="1446" pin="1"/><net_sink comp="1460" pin=1"/></net>

<net id="1468"><net_src comp="1460" pin="2"/><net_sink comp="1465" pin=0"/></net>

<net id="1469"><net_src comp="1465" pin="1"/><net_sink comp="239" pin=2"/></net>

<net id="1474"><net_src comp="1446" pin="1"/><net_sink comp="1470" pin=1"/></net>

<net id="1478"><net_src comp="1470" pin="2"/><net_sink comp="1475" pin=0"/></net>

<net id="1479"><net_src comp="1475" pin="1"/><net_sink comp="246" pin=2"/></net>

<net id="1484"><net_src comp="1446" pin="1"/><net_sink comp="1480" pin=1"/></net>

<net id="1488"><net_src comp="1480" pin="2"/><net_sink comp="1485" pin=0"/></net>

<net id="1489"><net_src comp="1485" pin="1"/><net_sink comp="253" pin=2"/></net>

<net id="1494"><net_src comp="1446" pin="1"/><net_sink comp="1490" pin=1"/></net>

<net id="1498"><net_src comp="1490" pin="2"/><net_sink comp="1495" pin=0"/></net>

<net id="1499"><net_src comp="1495" pin="1"/><net_sink comp="260" pin=2"/></net>

<net id="1504"><net_src comp="1446" pin="1"/><net_sink comp="1500" pin=1"/></net>

<net id="1508"><net_src comp="1500" pin="2"/><net_sink comp="1505" pin=0"/></net>

<net id="1509"><net_src comp="1505" pin="1"/><net_sink comp="267" pin=2"/></net>

<net id="1514"><net_src comp="1446" pin="1"/><net_sink comp="1510" pin=1"/></net>

<net id="1518"><net_src comp="1510" pin="2"/><net_sink comp="1515" pin=0"/></net>

<net id="1519"><net_src comp="1515" pin="1"/><net_sink comp="274" pin=2"/></net>

<net id="1524"><net_src comp="1446" pin="1"/><net_sink comp="1520" pin=1"/></net>

<net id="1528"><net_src comp="1520" pin="2"/><net_sink comp="1525" pin=0"/></net>

<net id="1529"><net_src comp="1525" pin="1"/><net_sink comp="281" pin=2"/></net>

<net id="1534"><net_src comp="1446" pin="1"/><net_sink comp="1530" pin=1"/></net>

<net id="1538"><net_src comp="1530" pin="2"/><net_sink comp="1535" pin=0"/></net>

<net id="1539"><net_src comp="1535" pin="1"/><net_sink comp="288" pin=2"/></net>

<net id="1543"><net_src comp="876" pin="4"/><net_sink comp="1540" pin=0"/></net>

<net id="1548"><net_src comp="876" pin="4"/><net_sink comp="1544" pin=0"/></net>

<net id="1549"><net_src comp="184" pin="0"/><net_sink comp="1544" pin=1"/></net>

<net id="1554"><net_src comp="876" pin="4"/><net_sink comp="1550" pin=0"/></net>

<net id="1555"><net_src comp="186" pin="0"/><net_sink comp="1550" pin=1"/></net>

<net id="1560"><net_src comp="1540" pin="1"/><net_sink comp="1556" pin=0"/></net>

<net id="1565"><net_src comp="1556" pin="2"/><net_sink comp="1561" pin=1"/></net>

<net id="1569"><net_src comp="1550" pin="2"/><net_sink comp="1566" pin=0"/></net>

<net id="1574"><net_src comp="1566" pin="1"/><net_sink comp="1570" pin=1"/></net>

<net id="1578"><net_src comp="1570" pin="2"/><net_sink comp="1575" pin=0"/></net>

<net id="1579"><net_src comp="1575" pin="1"/><net_sink comp="295" pin=2"/></net>

<net id="1584"><net_src comp="1566" pin="1"/><net_sink comp="1580" pin=1"/></net>

<net id="1588"><net_src comp="1580" pin="2"/><net_sink comp="1585" pin=0"/></net>

<net id="1589"><net_src comp="1585" pin="1"/><net_sink comp="302" pin=2"/></net>

<net id="1594"><net_src comp="1566" pin="1"/><net_sink comp="1590" pin=1"/></net>

<net id="1598"><net_src comp="1590" pin="2"/><net_sink comp="1595" pin=0"/></net>

<net id="1599"><net_src comp="1595" pin="1"/><net_sink comp="309" pin=2"/></net>

<net id="1604"><net_src comp="1566" pin="1"/><net_sink comp="1600" pin=1"/></net>

<net id="1608"><net_src comp="1600" pin="2"/><net_sink comp="1605" pin=0"/></net>

<net id="1609"><net_src comp="1605" pin="1"/><net_sink comp="316" pin=2"/></net>

<net id="1614"><net_src comp="1566" pin="1"/><net_sink comp="1610" pin=1"/></net>

<net id="1618"><net_src comp="1610" pin="2"/><net_sink comp="1615" pin=0"/></net>

<net id="1619"><net_src comp="1615" pin="1"/><net_sink comp="323" pin=2"/></net>

<net id="1624"><net_src comp="1566" pin="1"/><net_sink comp="1620" pin=1"/></net>

<net id="1628"><net_src comp="1620" pin="2"/><net_sink comp="1625" pin=0"/></net>

<net id="1629"><net_src comp="1625" pin="1"/><net_sink comp="330" pin=2"/></net>

<net id="1634"><net_src comp="1566" pin="1"/><net_sink comp="1630" pin=1"/></net>

<net id="1638"><net_src comp="1630" pin="2"/><net_sink comp="1635" pin=0"/></net>

<net id="1639"><net_src comp="1635" pin="1"/><net_sink comp="337" pin=2"/></net>

<net id="1644"><net_src comp="1566" pin="1"/><net_sink comp="1640" pin=1"/></net>

<net id="1648"><net_src comp="1640" pin="2"/><net_sink comp="1645" pin=0"/></net>

<net id="1649"><net_src comp="1645" pin="1"/><net_sink comp="344" pin=2"/></net>

<net id="1654"><net_src comp="1566" pin="1"/><net_sink comp="1650" pin=1"/></net>

<net id="1658"><net_src comp="1650" pin="2"/><net_sink comp="1655" pin=0"/></net>

<net id="1659"><net_src comp="1655" pin="1"/><net_sink comp="351" pin=2"/></net>

<net id="1668"><net_src comp="872" pin="1"/><net_sink comp="1664" pin=0"/></net>

<net id="1669"><net_src comp="196" pin="0"/><net_sink comp="1664" pin=1"/></net>

<net id="1673"><net_src comp="1664" pin="2"/><net_sink comp="1670" pin=0"/></net>

<net id="1678"><net_src comp="1670" pin="1"/><net_sink comp="1674" pin=1"/></net>

<net id="1682"><net_src comp="1674" pin="2"/><net_sink comp="1679" pin=0"/></net>

<net id="1683"><net_src comp="1679" pin="1"/><net_sink comp="364" pin=2"/></net>

<net id="1688"><net_src comp="872" pin="1"/><net_sink comp="1684" pin=0"/></net>

<net id="1689"><net_src comp="198" pin="0"/><net_sink comp="1684" pin=1"/></net>

<net id="1693"><net_src comp="1684" pin="2"/><net_sink comp="1690" pin=0"/></net>

<net id="1698"><net_src comp="1690" pin="1"/><net_sink comp="1694" pin=1"/></net>

<net id="1702"><net_src comp="1694" pin="2"/><net_sink comp="1699" pin=0"/></net>

<net id="1703"><net_src comp="1699" pin="1"/><net_sink comp="376" pin=2"/></net>

<net id="1708"><net_src comp="872" pin="1"/><net_sink comp="1704" pin=0"/></net>

<net id="1709"><net_src comp="200" pin="0"/><net_sink comp="1704" pin=1"/></net>

<net id="1713"><net_src comp="1704" pin="2"/><net_sink comp="1710" pin=0"/></net>

<net id="1718"><net_src comp="1710" pin="1"/><net_sink comp="1714" pin=1"/></net>

<net id="1722"><net_src comp="1714" pin="2"/><net_sink comp="1719" pin=0"/></net>

<net id="1723"><net_src comp="1719" pin="1"/><net_sink comp="383" pin=2"/></net>

<net id="1728"><net_src comp="872" pin="1"/><net_sink comp="1724" pin=0"/></net>

<net id="1729"><net_src comp="202" pin="0"/><net_sink comp="1724" pin=1"/></net>

<net id="1733"><net_src comp="1724" pin="2"/><net_sink comp="1730" pin=0"/></net>

<net id="1738"><net_src comp="1730" pin="1"/><net_sink comp="1734" pin=1"/></net>

<net id="1742"><net_src comp="1734" pin="2"/><net_sink comp="1739" pin=0"/></net>

<net id="1743"><net_src comp="1739" pin="1"/><net_sink comp="392" pin=2"/></net>

<net id="1748"><net_src comp="872" pin="1"/><net_sink comp="1744" pin=0"/></net>

<net id="1749"><net_src comp="204" pin="0"/><net_sink comp="1744" pin=1"/></net>

<net id="1753"><net_src comp="1744" pin="2"/><net_sink comp="1750" pin=0"/></net>

<net id="1758"><net_src comp="1750" pin="1"/><net_sink comp="1754" pin=1"/></net>

<net id="1762"><net_src comp="1754" pin="2"/><net_sink comp="1759" pin=0"/></net>

<net id="1763"><net_src comp="1759" pin="1"/><net_sink comp="399" pin=2"/></net>

<net id="1768"><net_src comp="872" pin="1"/><net_sink comp="1764" pin=0"/></net>

<net id="1769"><net_src comp="206" pin="0"/><net_sink comp="1764" pin=1"/></net>

<net id="1773"><net_src comp="1764" pin="2"/><net_sink comp="1770" pin=0"/></net>

<net id="1778"><net_src comp="1770" pin="1"/><net_sink comp="1774" pin=1"/></net>

<net id="1782"><net_src comp="1774" pin="2"/><net_sink comp="1779" pin=0"/></net>

<net id="1783"><net_src comp="1779" pin="1"/><net_sink comp="408" pin=2"/></net>

<net id="1788"><net_src comp="872" pin="1"/><net_sink comp="1784" pin=0"/></net>

<net id="1789"><net_src comp="208" pin="0"/><net_sink comp="1784" pin=1"/></net>

<net id="1793"><net_src comp="1784" pin="2"/><net_sink comp="1790" pin=0"/></net>

<net id="1798"><net_src comp="1790" pin="1"/><net_sink comp="1794" pin=1"/></net>

<net id="1802"><net_src comp="1794" pin="2"/><net_sink comp="1799" pin=0"/></net>

<net id="1803"><net_src comp="1799" pin="1"/><net_sink comp="415" pin=2"/></net>

<net id="1811"><net_src comp="1804" pin="2"/><net_sink comp="1808" pin=0"/></net>

<net id="1812"><net_src comp="1808" pin="1"/><net_sink comp="424" pin=2"/></net>

<net id="1820"><net_src comp="1813" pin="2"/><net_sink comp="1817" pin=0"/></net>

<net id="1821"><net_src comp="1817" pin="1"/><net_sink comp="431" pin=2"/></net>

<net id="1829"><net_src comp="1822" pin="2"/><net_sink comp="1826" pin=0"/></net>

<net id="1830"><net_src comp="1826" pin="1"/><net_sink comp="440" pin=2"/></net>

<net id="1838"><net_src comp="1831" pin="2"/><net_sink comp="1835" pin=0"/></net>

<net id="1839"><net_src comp="1835" pin="1"/><net_sink comp="447" pin=2"/></net>

<net id="1847"><net_src comp="1840" pin="2"/><net_sink comp="1844" pin=0"/></net>

<net id="1848"><net_src comp="1844" pin="1"/><net_sink comp="456" pin=2"/></net>

<net id="1856"><net_src comp="1849" pin="2"/><net_sink comp="1853" pin=0"/></net>

<net id="1857"><net_src comp="1853" pin="1"/><net_sink comp="463" pin=2"/></net>

<net id="1865"><net_src comp="1858" pin="2"/><net_sink comp="1862" pin=0"/></net>

<net id="1866"><net_src comp="1862" pin="1"/><net_sink comp="472" pin=2"/></net>

<net id="1874"><net_src comp="1867" pin="2"/><net_sink comp="1871" pin=0"/></net>

<net id="1875"><net_src comp="1871" pin="1"/><net_sink comp="480" pin=2"/></net>

<net id="1883"><net_src comp="1876" pin="2"/><net_sink comp="1880" pin=0"/></net>

<net id="1884"><net_src comp="1880" pin="1"/><net_sink comp="488" pin=2"/></net>

<net id="1892"><net_src comp="1885" pin="2"/><net_sink comp="1889" pin=0"/></net>

<net id="1893"><net_src comp="1889" pin="1"/><net_sink comp="495" pin=2"/></net>

<net id="1901"><net_src comp="1894" pin="2"/><net_sink comp="1898" pin=0"/></net>

<net id="1902"><net_src comp="1898" pin="1"/><net_sink comp="504" pin=2"/></net>

<net id="1910"><net_src comp="1903" pin="2"/><net_sink comp="1907" pin=0"/></net>

<net id="1911"><net_src comp="1907" pin="1"/><net_sink comp="511" pin=2"/></net>

<net id="1919"><net_src comp="1912" pin="2"/><net_sink comp="1916" pin=0"/></net>

<net id="1920"><net_src comp="1916" pin="1"/><net_sink comp="520" pin=2"/></net>

<net id="1928"><net_src comp="1921" pin="2"/><net_sink comp="1925" pin=0"/></net>

<net id="1929"><net_src comp="1925" pin="1"/><net_sink comp="527" pin=2"/></net>

<net id="1937"><net_src comp="1930" pin="2"/><net_sink comp="1934" pin=0"/></net>

<net id="1938"><net_src comp="1934" pin="1"/><net_sink comp="536" pin=2"/></net>

<net id="1946"><net_src comp="1939" pin="2"/><net_sink comp="1943" pin=0"/></net>

<net id="1947"><net_src comp="1943" pin="1"/><net_sink comp="543" pin=2"/></net>

<net id="1955"><net_src comp="1948" pin="2"/><net_sink comp="1952" pin=0"/></net>

<net id="1956"><net_src comp="1952" pin="1"/><net_sink comp="552" pin=2"/></net>

<net id="1964"><net_src comp="1957" pin="2"/><net_sink comp="1961" pin=0"/></net>

<net id="1965"><net_src comp="1961" pin="1"/><net_sink comp="559" pin=2"/></net>

<net id="1973"><net_src comp="1966" pin="2"/><net_sink comp="1970" pin=0"/></net>

<net id="1974"><net_src comp="1970" pin="1"/><net_sink comp="568" pin=2"/></net>

<net id="1982"><net_src comp="1975" pin="2"/><net_sink comp="1979" pin=0"/></net>

<net id="1983"><net_src comp="1979" pin="1"/><net_sink comp="575" pin=2"/></net>

<net id="1991"><net_src comp="1984" pin="2"/><net_sink comp="1988" pin=0"/></net>

<net id="1992"><net_src comp="1988" pin="1"/><net_sink comp="584" pin=2"/></net>

<net id="2000"><net_src comp="1993" pin="2"/><net_sink comp="1997" pin=0"/></net>

<net id="2001"><net_src comp="1997" pin="1"/><net_sink comp="592" pin=2"/></net>

<net id="2009"><net_src comp="2002" pin="2"/><net_sink comp="2006" pin=0"/></net>

<net id="2010"><net_src comp="2006" pin="1"/><net_sink comp="600" pin=2"/></net>

<net id="2018"><net_src comp="2011" pin="2"/><net_sink comp="2015" pin=0"/></net>

<net id="2019"><net_src comp="2015" pin="1"/><net_sink comp="607" pin=2"/></net>

<net id="2027"><net_src comp="2020" pin="2"/><net_sink comp="2024" pin=0"/></net>

<net id="2028"><net_src comp="2024" pin="1"/><net_sink comp="616" pin=2"/></net>

<net id="2036"><net_src comp="2029" pin="2"/><net_sink comp="2033" pin=0"/></net>

<net id="2037"><net_src comp="2033" pin="1"/><net_sink comp="623" pin=2"/></net>

<net id="2045"><net_src comp="2038" pin="2"/><net_sink comp="2042" pin=0"/></net>

<net id="2046"><net_src comp="2042" pin="1"/><net_sink comp="632" pin=2"/></net>

<net id="2054"><net_src comp="2047" pin="2"/><net_sink comp="2051" pin=0"/></net>

<net id="2055"><net_src comp="2051" pin="1"/><net_sink comp="639" pin=2"/></net>

<net id="2063"><net_src comp="2056" pin="2"/><net_sink comp="2060" pin=0"/></net>

<net id="2064"><net_src comp="2060" pin="1"/><net_sink comp="648" pin=2"/></net>

<net id="2072"><net_src comp="2065" pin="2"/><net_sink comp="2069" pin=0"/></net>

<net id="2073"><net_src comp="2069" pin="1"/><net_sink comp="655" pin=2"/></net>

<net id="2081"><net_src comp="2074" pin="2"/><net_sink comp="2078" pin=0"/></net>

<net id="2082"><net_src comp="2078" pin="1"/><net_sink comp="664" pin=2"/></net>

<net id="2090"><net_src comp="2083" pin="2"/><net_sink comp="2087" pin=0"/></net>

<net id="2091"><net_src comp="2087" pin="1"/><net_sink comp="671" pin=2"/></net>

<net id="2099"><net_src comp="2092" pin="2"/><net_sink comp="2096" pin=0"/></net>

<net id="2100"><net_src comp="2096" pin="1"/><net_sink comp="680" pin=2"/></net>

<net id="2108"><net_src comp="2101" pin="2"/><net_sink comp="2105" pin=0"/></net>

<net id="2109"><net_src comp="2105" pin="1"/><net_sink comp="687" pin=2"/></net>

<net id="2117"><net_src comp="2110" pin="2"/><net_sink comp="2114" pin=0"/></net>

<net id="2118"><net_src comp="2114" pin="1"/><net_sink comp="696" pin=2"/></net>

<net id="2126"><net_src comp="2119" pin="2"/><net_sink comp="2123" pin=0"/></net>

<net id="2127"><net_src comp="2123" pin="1"/><net_sink comp="704" pin=2"/></net>

<net id="2135"><net_src comp="2128" pin="2"/><net_sink comp="2132" pin=0"/></net>

<net id="2136"><net_src comp="2132" pin="1"/><net_sink comp="712" pin=2"/></net>

<net id="2144"><net_src comp="2137" pin="2"/><net_sink comp="2141" pin=0"/></net>

<net id="2145"><net_src comp="2141" pin="1"/><net_sink comp="719" pin=2"/></net>

<net id="2153"><net_src comp="2146" pin="2"/><net_sink comp="2150" pin=0"/></net>

<net id="2154"><net_src comp="2150" pin="1"/><net_sink comp="728" pin=2"/></net>

<net id="2162"><net_src comp="2155" pin="2"/><net_sink comp="2159" pin=0"/></net>

<net id="2163"><net_src comp="2159" pin="1"/><net_sink comp="735" pin=2"/></net>

<net id="2171"><net_src comp="2164" pin="2"/><net_sink comp="2168" pin=0"/></net>

<net id="2172"><net_src comp="2168" pin="1"/><net_sink comp="744" pin=2"/></net>

<net id="2180"><net_src comp="2173" pin="2"/><net_sink comp="2177" pin=0"/></net>

<net id="2181"><net_src comp="2177" pin="1"/><net_sink comp="751" pin=2"/></net>

<net id="2189"><net_src comp="2182" pin="2"/><net_sink comp="2186" pin=0"/></net>

<net id="2190"><net_src comp="2186" pin="1"/><net_sink comp="760" pin=2"/></net>

<net id="2198"><net_src comp="2191" pin="2"/><net_sink comp="2195" pin=0"/></net>

<net id="2199"><net_src comp="2195" pin="1"/><net_sink comp="767" pin=2"/></net>

<net id="2207"><net_src comp="2200" pin="2"/><net_sink comp="2204" pin=0"/></net>

<net id="2208"><net_src comp="2204" pin="1"/><net_sink comp="776" pin=2"/></net>

<net id="2216"><net_src comp="2209" pin="2"/><net_sink comp="2213" pin=0"/></net>

<net id="2217"><net_src comp="2213" pin="1"/><net_sink comp="783" pin=2"/></net>

<net id="2241"><net_src comp="2234" pin="2"/><net_sink comp="2238" pin=0"/></net>

<net id="2242"><net_src comp="2238" pin="1"/><net_sink comp="792" pin=2"/></net>

<net id="2254"><net_src comp="2247" pin="2"/><net_sink comp="2251" pin=0"/></net>

<net id="2255"><net_src comp="2251" pin="1"/><net_sink comp="799" pin=2"/></net>

<net id="2271"><net_src comp="2268" pin="1"/><net_sink comp="808" pin=2"/></net>

<net id="2275"><net_src comp="2272" pin="1"/><net_sink comp="816" pin=2"/></net>

<net id="2279"><net_src comp="2276" pin="1"/><net_sink comp="824" pin=2"/></net>

<net id="2283"><net_src comp="2280" pin="1"/><net_sink comp="831" pin=2"/></net>

<net id="2287"><net_src comp="2284" pin="1"/><net_sink comp="840" pin=2"/></net>

<net id="2291"><net_src comp="2288" pin="1"/><net_sink comp="847" pin=2"/></net>

<net id="2295"><net_src comp="2292" pin="1"/><net_sink comp="856" pin=2"/></net>

<net id="2299"><net_src comp="2296" pin="1"/><net_sink comp="863" pin=2"/></net>

<net id="2303"><net_src comp="216" pin="1"/><net_sink comp="2300" pin=0"/></net>

<net id="2304"><net_src comp="2300" pin="1"/><net_sink comp="1137" pin=1"/></net>

<net id="2305"><net_src comp="2300" pin="1"/><net_sink comp="1142" pin=0"/></net>

<net id="2306"><net_src comp="2300" pin="1"/><net_sink comp="1660" pin=1"/></net>

<net id="2310"><net_src comp="220" pin="2"/><net_sink comp="2307" pin=0"/></net>

<net id="2311"><net_src comp="2307" pin="1"/><net_sink comp="1187" pin=1"/></net>

<net id="2315"><net_src comp="226" pin="2"/><net_sink comp="2312" pin=0"/></net>

<net id="2316"><net_src comp="2312" pin="1"/><net_sink comp="1556" pin=1"/></net>

<net id="2320"><net_src comp="1142" pin="1"/><net_sink comp="2317" pin=0"/></net>

<net id="2321"><net_src comp="2317" pin="1"/><net_sink comp="884" pin=1"/></net>

<net id="2325"><net_src comp="1165" pin="2"/><net_sink comp="2322" pin=0"/></net>

<net id="2326"><net_src comp="2322" pin="1"/><net_sink comp="1450" pin=0"/></net>

<net id="2327"><net_src comp="2322" pin="1"/><net_sink comp="1570" pin=0"/></net>

<net id="2328"><net_src comp="2322" pin="1"/><net_sink comp="1674" pin=0"/></net>

<net id="2329"><net_src comp="2322" pin="1"/><net_sink comp="1694" pin=0"/></net>

<net id="2330"><net_src comp="2322" pin="1"/><net_sink comp="1714" pin=0"/></net>

<net id="2331"><net_src comp="2322" pin="1"/><net_sink comp="1734" pin=0"/></net>

<net id="2332"><net_src comp="2322" pin="1"/><net_sink comp="1754" pin=0"/></net>

<net id="2333"><net_src comp="2322" pin="1"/><net_sink comp="1774" pin=0"/></net>

<net id="2334"><net_src comp="2322" pin="1"/><net_sink comp="1794" pin=0"/></net>

<net id="2341"><net_src comp="1181" pin="2"/><net_sink comp="2338" pin=0"/></net>

<net id="2342"><net_src comp="2338" pin="1"/><net_sink comp="1660" pin=0"/></net>

<net id="2346"><net_src comp="1187" pin="2"/><net_sink comp="2343" pin=0"/></net>

<net id="2347"><net_src comp="2343" pin="1"/><net_sink comp="1561" pin=0"/></net>

<net id="2351"><net_src comp="1212" pin="2"/><net_sink comp="2348" pin=0"/></net>

<net id="2352"><net_src comp="2348" pin="1"/><net_sink comp="1460" pin=0"/></net>

<net id="2353"><net_src comp="2348" pin="1"/><net_sink comp="1580" pin=0"/></net>

<net id="2354"><net_src comp="2348" pin="1"/><net_sink comp="1804" pin=0"/></net>

<net id="2355"><net_src comp="2348" pin="1"/><net_sink comp="1813" pin=0"/></net>

<net id="2356"><net_src comp="2348" pin="1"/><net_sink comp="1822" pin=0"/></net>

<net id="2357"><net_src comp="2348" pin="1"/><net_sink comp="1831" pin=0"/></net>

<net id="2358"><net_src comp="2348" pin="1"/><net_sink comp="1840" pin=0"/></net>

<net id="2359"><net_src comp="2348" pin="1"/><net_sink comp="1849" pin=0"/></net>

<net id="2360"><net_src comp="2348" pin="1"/><net_sink comp="1858" pin=0"/></net>

<net id="2364"><net_src comp="1244" pin="2"/><net_sink comp="2361" pin=0"/></net>

<net id="2365"><net_src comp="2361" pin="1"/><net_sink comp="1470" pin=0"/></net>

<net id="2366"><net_src comp="2361" pin="1"/><net_sink comp="1590" pin=0"/></net>

<net id="2367"><net_src comp="2361" pin="1"/><net_sink comp="1867" pin=0"/></net>

<net id="2368"><net_src comp="2361" pin="1"/><net_sink comp="1876" pin=0"/></net>

<net id="2369"><net_src comp="2361" pin="1"/><net_sink comp="1885" pin=0"/></net>

<net id="2370"><net_src comp="2361" pin="1"/><net_sink comp="1894" pin=0"/></net>

<net id="2371"><net_src comp="2361" pin="1"/><net_sink comp="1903" pin=0"/></net>

<net id="2372"><net_src comp="2361" pin="1"/><net_sink comp="1912" pin=0"/></net>

<net id="2373"><net_src comp="2361" pin="1"/><net_sink comp="1921" pin=0"/></net>

<net id="2377"><net_src comp="1276" pin="2"/><net_sink comp="2374" pin=0"/></net>

<net id="2378"><net_src comp="2374" pin="1"/><net_sink comp="1480" pin=0"/></net>

<net id="2379"><net_src comp="2374" pin="1"/><net_sink comp="1600" pin=0"/></net>

<net id="2380"><net_src comp="2374" pin="1"/><net_sink comp="1930" pin=0"/></net>

<net id="2381"><net_src comp="2374" pin="1"/><net_sink comp="1939" pin=0"/></net>

<net id="2382"><net_src comp="2374" pin="1"/><net_sink comp="1948" pin=0"/></net>

<net id="2383"><net_src comp="2374" pin="1"/><net_sink comp="1957" pin=0"/></net>

<net id="2384"><net_src comp="2374" pin="1"/><net_sink comp="1966" pin=0"/></net>

<net id="2385"><net_src comp="2374" pin="1"/><net_sink comp="1975" pin=0"/></net>

<net id="2386"><net_src comp="2374" pin="1"/><net_sink comp="1984" pin=0"/></net>

<net id="2390"><net_src comp="1308" pin="2"/><net_sink comp="2387" pin=0"/></net>

<net id="2391"><net_src comp="2387" pin="1"/><net_sink comp="1490" pin=0"/></net>

<net id="2392"><net_src comp="2387" pin="1"/><net_sink comp="1610" pin=0"/></net>

<net id="2393"><net_src comp="2387" pin="1"/><net_sink comp="1993" pin=0"/></net>

<net id="2394"><net_src comp="2387" pin="1"/><net_sink comp="2002" pin=0"/></net>

<net id="2395"><net_src comp="2387" pin="1"/><net_sink comp="2011" pin=0"/></net>

<net id="2396"><net_src comp="2387" pin="1"/><net_sink comp="2020" pin=0"/></net>

<net id="2397"><net_src comp="2387" pin="1"/><net_sink comp="2029" pin=0"/></net>

<net id="2398"><net_src comp="2387" pin="1"/><net_sink comp="2038" pin=0"/></net>

<net id="2399"><net_src comp="2387" pin="1"/><net_sink comp="2047" pin=0"/></net>

<net id="2403"><net_src comp="1340" pin="2"/><net_sink comp="2400" pin=0"/></net>

<net id="2404"><net_src comp="2400" pin="1"/><net_sink comp="1500" pin=0"/></net>

<net id="2405"><net_src comp="2400" pin="1"/><net_sink comp="1620" pin=0"/></net>

<net id="2406"><net_src comp="2400" pin="1"/><net_sink comp="2056" pin=0"/></net>

<net id="2407"><net_src comp="2400" pin="1"/><net_sink comp="2065" pin=0"/></net>

<net id="2408"><net_src comp="2400" pin="1"/><net_sink comp="2074" pin=0"/></net>

<net id="2409"><net_src comp="2400" pin="1"/><net_sink comp="2083" pin=0"/></net>

<net id="2410"><net_src comp="2400" pin="1"/><net_sink comp="2092" pin=0"/></net>

<net id="2411"><net_src comp="2400" pin="1"/><net_sink comp="2101" pin=0"/></net>

<net id="2412"><net_src comp="2400" pin="1"/><net_sink comp="2110" pin=0"/></net>

<net id="2416"><net_src comp="1372" pin="2"/><net_sink comp="2413" pin=0"/></net>

<net id="2417"><net_src comp="2413" pin="1"/><net_sink comp="1510" pin=0"/></net>

<net id="2418"><net_src comp="2413" pin="1"/><net_sink comp="1630" pin=0"/></net>

<net id="2419"><net_src comp="2413" pin="1"/><net_sink comp="2119" pin=0"/></net>

<net id="2420"><net_src comp="2413" pin="1"/><net_sink comp="2128" pin=0"/></net>

<net id="2421"><net_src comp="2413" pin="1"/><net_sink comp="2137" pin=0"/></net>

<net id="2422"><net_src comp="2413" pin="1"/><net_sink comp="2146" pin=0"/></net>

<net id="2423"><net_src comp="2413" pin="1"/><net_sink comp="2155" pin=0"/></net>

<net id="2424"><net_src comp="2413" pin="1"/><net_sink comp="2164" pin=0"/></net>

<net id="2425"><net_src comp="2413" pin="1"/><net_sink comp="2173" pin=0"/></net>

<net id="2429"><net_src comp="1404" pin="2"/><net_sink comp="2426" pin=0"/></net>

<net id="2430"><net_src comp="2426" pin="1"/><net_sink comp="1520" pin=0"/></net>

<net id="2431"><net_src comp="2426" pin="1"/><net_sink comp="1640" pin=0"/></net>

<net id="2432"><net_src comp="2426" pin="1"/><net_sink comp="2182" pin=0"/></net>

<net id="2433"><net_src comp="2426" pin="1"/><net_sink comp="2191" pin=0"/></net>

<net id="2434"><net_src comp="2426" pin="1"/><net_sink comp="2200" pin=0"/></net>

<net id="2435"><net_src comp="2426" pin="1"/><net_sink comp="2209" pin=0"/></net>

<net id="2436"><net_src comp="2426" pin="1"/><net_sink comp="2234" pin=0"/></net>

<net id="2437"><net_src comp="2426" pin="1"/><net_sink comp="2247" pin=0"/></net>

<net id="2438"><net_src comp="2426" pin="1"/><net_sink comp="2260" pin=0"/></net>

<net id="2442"><net_src comp="1436" pin="2"/><net_sink comp="2439" pin=0"/></net>

<net id="2443"><net_src comp="2439" pin="1"/><net_sink comp="1530" pin=0"/></net>

<net id="2444"><net_src comp="2439" pin="1"/><net_sink comp="1650" pin=0"/></net>

<net id="2445"><net_src comp="2439" pin="1"/><net_sink comp="2218" pin=0"/></net>

<net id="2446"><net_src comp="2439" pin="1"/><net_sink comp="2222" pin=0"/></net>

<net id="2447"><net_src comp="2439" pin="1"/><net_sink comp="2226" pin=0"/></net>

<net id="2448"><net_src comp="2439" pin="1"/><net_sink comp="2230" pin=0"/></net>

<net id="2449"><net_src comp="2439" pin="1"/><net_sink comp="2243" pin=0"/></net>

<net id="2450"><net_src comp="2439" pin="1"/><net_sink comp="2256" pin=0"/></net>

<net id="2451"><net_src comp="2439" pin="1"/><net_sink comp="2264" pin=0"/></net>

<net id="2455"><net_src comp="1442" pin="1"/><net_sink comp="2452" pin=0"/></net>

<net id="2456"><net_src comp="2452" pin="1"/><net_sink comp="884" pin=2"/></net>

<net id="2460"><net_src comp="232" pin="3"/><net_sink comp="2457" pin=0"/></net>

<net id="2461"><net_src comp="2457" pin="1"/><net_sink comp="358" pin=0"/></net>

<net id="2465"><net_src comp="239" pin="3"/><net_sink comp="2462" pin=0"/></net>

<net id="2466"><net_src comp="2462" pin="1"/><net_sink comp="358" pin=0"/></net>

<net id="2470"><net_src comp="246" pin="3"/><net_sink comp="2467" pin=0"/></net>

<net id="2471"><net_src comp="2467" pin="1"/><net_sink comp="358" pin=2"/></net>

<net id="2475"><net_src comp="253" pin="3"/><net_sink comp="2472" pin=0"/></net>

<net id="2476"><net_src comp="2472" pin="1"/><net_sink comp="358" pin=0"/></net>

<net id="2480"><net_src comp="260" pin="3"/><net_sink comp="2477" pin=0"/></net>

<net id="2481"><net_src comp="2477" pin="1"/><net_sink comp="358" pin=2"/></net>

<net id="2485"><net_src comp="267" pin="3"/><net_sink comp="2482" pin=0"/></net>

<net id="2486"><net_src comp="2482" pin="1"/><net_sink comp="358" pin=0"/></net>

<net id="2490"><net_src comp="274" pin="3"/><net_sink comp="2487" pin=0"/></net>

<net id="2491"><net_src comp="2487" pin="1"/><net_sink comp="358" pin=2"/></net>

<net id="2495"><net_src comp="281" pin="3"/><net_sink comp="2492" pin=0"/></net>

<net id="2496"><net_src comp="2492" pin="1"/><net_sink comp="358" pin=0"/></net>

<net id="2500"><net_src comp="288" pin="3"/><net_sink comp="2497" pin=0"/></net>

<net id="2501"><net_src comp="2497" pin="1"/><net_sink comp="358" pin=2"/></net>

<net id="2508"><net_src comp="1550" pin="2"/><net_sink comp="2505" pin=0"/></net>

<net id="2509"><net_src comp="2505" pin="1"/><net_sink comp="876" pin=2"/></net>

<net id="2513"><net_src comp="1561" pin="2"/><net_sink comp="2510" pin=0"/></net>

<net id="2517"><net_src comp="295" pin="3"/><net_sink comp="2514" pin=0"/></net>

<net id="2518"><net_src comp="2514" pin="1"/><net_sink comp="358" pin=2"/></net>

<net id="2522"><net_src comp="302" pin="3"/><net_sink comp="2519" pin=0"/></net>

<net id="2523"><net_src comp="2519" pin="1"/><net_sink comp="358" pin=2"/></net>

<net id="2527"><net_src comp="309" pin="3"/><net_sink comp="2524" pin=0"/></net>

<net id="2528"><net_src comp="2524" pin="1"/><net_sink comp="358" pin=0"/></net>

<net id="2532"><net_src comp="316" pin="3"/><net_sink comp="2529" pin=0"/></net>

<net id="2533"><net_src comp="2529" pin="1"/><net_sink comp="358" pin=2"/></net>

<net id="2537"><net_src comp="323" pin="3"/><net_sink comp="2534" pin=0"/></net>

<net id="2538"><net_src comp="2534" pin="1"/><net_sink comp="358" pin=0"/></net>

<net id="2542"><net_src comp="330" pin="3"/><net_sink comp="2539" pin=0"/></net>

<net id="2543"><net_src comp="2539" pin="1"/><net_sink comp="358" pin=2"/></net>

<net id="2547"><net_src comp="337" pin="3"/><net_sink comp="2544" pin=0"/></net>

<net id="2548"><net_src comp="2544" pin="1"/><net_sink comp="358" pin=0"/></net>

<net id="2552"><net_src comp="344" pin="3"/><net_sink comp="2549" pin=0"/></net>

<net id="2553"><net_src comp="2549" pin="1"/><net_sink comp="358" pin=2"/></net>

<net id="2557"><net_src comp="351" pin="3"/><net_sink comp="2554" pin=0"/></net>

<net id="2558"><net_src comp="2554" pin="1"/><net_sink comp="358" pin=0"/></net>

<net id="2562"><net_src comp="1670" pin="1"/><net_sink comp="2559" pin=0"/></net>

<net id="2563"><net_src comp="2559" pin="1"/><net_sink comp="1804" pin=1"/></net>

<net id="2564"><net_src comp="2559" pin="1"/><net_sink comp="1867" pin=1"/></net>

<net id="2565"><net_src comp="2559" pin="1"/><net_sink comp="1930" pin=1"/></net>

<net id="2566"><net_src comp="2559" pin="1"/><net_sink comp="1993" pin=1"/></net>

<net id="2567"><net_src comp="2559" pin="1"/><net_sink comp="2056" pin=1"/></net>

<net id="2568"><net_src comp="2559" pin="1"/><net_sink comp="2119" pin=1"/></net>

<net id="2569"><net_src comp="2559" pin="1"/><net_sink comp="2182" pin=1"/></net>

<net id="2570"><net_src comp="2559" pin="1"/><net_sink comp="2218" pin=1"/></net>

<net id="2574"><net_src comp="364" pin="3"/><net_sink comp="2571" pin=0"/></net>

<net id="2575"><net_src comp="2571" pin="1"/><net_sink comp="358" pin=0"/></net>

<net id="2579"><net_src comp="358" pin="3"/><net_sink comp="2576" pin=0"/></net>

<net id="2580"><net_src comp="2576" pin="1"/><net_sink comp="884" pin=3"/></net>

<net id="2584"><net_src comp="1690" pin="1"/><net_sink comp="2581" pin=0"/></net>

<net id="2585"><net_src comp="2581" pin="1"/><net_sink comp="1813" pin=1"/></net>

<net id="2586"><net_src comp="2581" pin="1"/><net_sink comp="1876" pin=1"/></net>

<net id="2587"><net_src comp="2581" pin="1"/><net_sink comp="1939" pin=1"/></net>

<net id="2588"><net_src comp="2581" pin="1"/><net_sink comp="2002" pin=1"/></net>

<net id="2589"><net_src comp="2581" pin="1"/><net_sink comp="2065" pin=1"/></net>

<net id="2590"><net_src comp="2581" pin="1"/><net_sink comp="2128" pin=1"/></net>

<net id="2591"><net_src comp="2581" pin="1"/><net_sink comp="2191" pin=1"/></net>

<net id="2592"><net_src comp="2581" pin="1"/><net_sink comp="2222" pin=1"/></net>

<net id="2596"><net_src comp="376" pin="3"/><net_sink comp="2593" pin=0"/></net>

<net id="2597"><net_src comp="2593" pin="1"/><net_sink comp="358" pin=0"/></net>

<net id="2601"><net_src comp="1710" pin="1"/><net_sink comp="2598" pin=0"/></net>

<net id="2602"><net_src comp="2598" pin="1"/><net_sink comp="1822" pin=1"/></net>

<net id="2603"><net_src comp="2598" pin="1"/><net_sink comp="1885" pin=1"/></net>

<net id="2604"><net_src comp="2598" pin="1"/><net_sink comp="1948" pin=1"/></net>

<net id="2605"><net_src comp="2598" pin="1"/><net_sink comp="2011" pin=1"/></net>

<net id="2606"><net_src comp="2598" pin="1"/><net_sink comp="2074" pin=1"/></net>

<net id="2607"><net_src comp="2598" pin="1"/><net_sink comp="2137" pin=1"/></net>

<net id="2608"><net_src comp="2598" pin="1"/><net_sink comp="2200" pin=1"/></net>

<net id="2609"><net_src comp="2598" pin="1"/><net_sink comp="2226" pin=1"/></net>

<net id="2613"><net_src comp="383" pin="3"/><net_sink comp="2610" pin=0"/></net>

<net id="2614"><net_src comp="2610" pin="1"/><net_sink comp="358" pin=2"/></net>

<net id="2618"><net_src comp="358" pin="7"/><net_sink comp="2615" pin=0"/></net>

<net id="2619"><net_src comp="2615" pin="1"/><net_sink comp="884" pin=4"/></net>

<net id="2623"><net_src comp="358" pin="3"/><net_sink comp="2620" pin=0"/></net>

<net id="2624"><net_src comp="2620" pin="1"/><net_sink comp="884" pin=5"/></net>

<net id="2628"><net_src comp="1730" pin="1"/><net_sink comp="2625" pin=0"/></net>

<net id="2629"><net_src comp="2625" pin="1"/><net_sink comp="1831" pin=1"/></net>

<net id="2630"><net_src comp="2625" pin="1"/><net_sink comp="1894" pin=1"/></net>

<net id="2631"><net_src comp="2625" pin="1"/><net_sink comp="1957" pin=1"/></net>

<net id="2632"><net_src comp="2625" pin="1"/><net_sink comp="2020" pin=1"/></net>

<net id="2633"><net_src comp="2625" pin="1"/><net_sink comp="2083" pin=1"/></net>

<net id="2634"><net_src comp="2625" pin="1"/><net_sink comp="2146" pin=1"/></net>

<net id="2635"><net_src comp="2625" pin="1"/><net_sink comp="2209" pin=1"/></net>

<net id="2636"><net_src comp="2625" pin="1"/><net_sink comp="2230" pin=1"/></net>

<net id="2640"><net_src comp="392" pin="3"/><net_sink comp="2637" pin=0"/></net>

<net id="2641"><net_src comp="2637" pin="1"/><net_sink comp="358" pin=0"/></net>

<net id="2645"><net_src comp="1750" pin="1"/><net_sink comp="2642" pin=0"/></net>

<net id="2646"><net_src comp="2642" pin="1"/><net_sink comp="1840" pin=1"/></net>

<net id="2647"><net_src comp="2642" pin="1"/><net_sink comp="1903" pin=1"/></net>

<net id="2648"><net_src comp="2642" pin="1"/><net_sink comp="1966" pin=1"/></net>

<net id="2649"><net_src comp="2642" pin="1"/><net_sink comp="2029" pin=1"/></net>

<net id="2650"><net_src comp="2642" pin="1"/><net_sink comp="2092" pin=1"/></net>

<net id="2651"><net_src comp="2642" pin="1"/><net_sink comp="2155" pin=1"/></net>

<net id="2652"><net_src comp="2642" pin="1"/><net_sink comp="2234" pin=1"/></net>

<net id="2653"><net_src comp="2642" pin="1"/><net_sink comp="2243" pin=1"/></net>

<net id="2657"><net_src comp="399" pin="3"/><net_sink comp="2654" pin=0"/></net>

<net id="2658"><net_src comp="2654" pin="1"/><net_sink comp="358" pin=2"/></net>

<net id="2662"><net_src comp="358" pin="3"/><net_sink comp="2659" pin=0"/></net>

<net id="2663"><net_src comp="2659" pin="1"/><net_sink comp="884" pin=6"/></net>

<net id="2667"><net_src comp="358" pin="7"/><net_sink comp="2664" pin=0"/></net>

<net id="2668"><net_src comp="2664" pin="1"/><net_sink comp="884" pin=7"/></net>

<net id="2672"><net_src comp="1770" pin="1"/><net_sink comp="2669" pin=0"/></net>

<net id="2673"><net_src comp="2669" pin="1"/><net_sink comp="1849" pin=1"/></net>

<net id="2674"><net_src comp="2669" pin="1"/><net_sink comp="1912" pin=1"/></net>

<net id="2675"><net_src comp="2669" pin="1"/><net_sink comp="1975" pin=1"/></net>

<net id="2676"><net_src comp="2669" pin="1"/><net_sink comp="2038" pin=1"/></net>

<net id="2677"><net_src comp="2669" pin="1"/><net_sink comp="2101" pin=1"/></net>

<net id="2678"><net_src comp="2669" pin="1"/><net_sink comp="2164" pin=1"/></net>

<net id="2679"><net_src comp="2669" pin="1"/><net_sink comp="2247" pin=1"/></net>

<net id="2680"><net_src comp="2669" pin="1"/><net_sink comp="2256" pin=1"/></net>

<net id="2684"><net_src comp="408" pin="3"/><net_sink comp="2681" pin=0"/></net>

<net id="2685"><net_src comp="2681" pin="1"/><net_sink comp="358" pin=0"/></net>

<net id="2689"><net_src comp="1790" pin="1"/><net_sink comp="2686" pin=0"/></net>

<net id="2690"><net_src comp="2686" pin="1"/><net_sink comp="1858" pin=1"/></net>

<net id="2691"><net_src comp="2686" pin="1"/><net_sink comp="1921" pin=1"/></net>

<net id="2692"><net_src comp="2686" pin="1"/><net_sink comp="1984" pin=1"/></net>

<net id="2693"><net_src comp="2686" pin="1"/><net_sink comp="2047" pin=1"/></net>

<net id="2694"><net_src comp="2686" pin="1"/><net_sink comp="2110" pin=1"/></net>

<net id="2695"><net_src comp="2686" pin="1"/><net_sink comp="2173" pin=1"/></net>

<net id="2696"><net_src comp="2686" pin="1"/><net_sink comp="2260" pin=1"/></net>

<net id="2697"><net_src comp="2686" pin="1"/><net_sink comp="2264" pin=1"/></net>

<net id="2701"><net_src comp="415" pin="3"/><net_sink comp="2698" pin=0"/></net>

<net id="2702"><net_src comp="2698" pin="1"/><net_sink comp="358" pin=2"/></net>

<net id="2706"><net_src comp="358" pin="3"/><net_sink comp="2703" pin=0"/></net>

<net id="2707"><net_src comp="2703" pin="1"/><net_sink comp="884" pin=8"/></net>

<net id="2711"><net_src comp="358" pin="7"/><net_sink comp="2708" pin=0"/></net>

<net id="2712"><net_src comp="2708" pin="1"/><net_sink comp="884" pin=9"/></net>

<net id="2716"><net_src comp="358" pin="3"/><net_sink comp="2713" pin=0"/></net>

<net id="2717"><net_src comp="2713" pin="1"/><net_sink comp="884" pin=10"/></net>

<net id="2721"><net_src comp="358" pin="7"/><net_sink comp="2718" pin=0"/></net>

<net id="2722"><net_src comp="2718" pin="1"/><net_sink comp="884" pin=11"/></net>

<net id="2726"><net_src comp="424" pin="3"/><net_sink comp="2723" pin=0"/></net>

<net id="2727"><net_src comp="2723" pin="1"/><net_sink comp="358" pin=0"/></net>

<net id="2731"><net_src comp="431" pin="3"/><net_sink comp="2728" pin=0"/></net>

<net id="2732"><net_src comp="2728" pin="1"/><net_sink comp="358" pin=2"/></net>

<net id="2736"><net_src comp="358" pin="3"/><net_sink comp="2733" pin=0"/></net>

<net id="2737"><net_src comp="2733" pin="1"/><net_sink comp="884" pin=12"/></net>

<net id="2741"><net_src comp="358" pin="7"/><net_sink comp="2738" pin=0"/></net>

<net id="2742"><net_src comp="2738" pin="1"/><net_sink comp="884" pin=13"/></net>

<net id="2746"><net_src comp="440" pin="3"/><net_sink comp="2743" pin=0"/></net>

<net id="2747"><net_src comp="2743" pin="1"/><net_sink comp="358" pin=0"/></net>

<net id="2751"><net_src comp="447" pin="3"/><net_sink comp="2748" pin=0"/></net>

<net id="2752"><net_src comp="2748" pin="1"/><net_sink comp="358" pin=2"/></net>

<net id="2756"><net_src comp="358" pin="3"/><net_sink comp="2753" pin=0"/></net>

<net id="2757"><net_src comp="2753" pin="1"/><net_sink comp="884" pin=14"/></net>

<net id="2761"><net_src comp="358" pin="7"/><net_sink comp="2758" pin=0"/></net>

<net id="2762"><net_src comp="2758" pin="1"/><net_sink comp="884" pin=15"/></net>

<net id="2766"><net_src comp="456" pin="3"/><net_sink comp="2763" pin=0"/></net>

<net id="2767"><net_src comp="2763" pin="1"/><net_sink comp="358" pin=0"/></net>

<net id="2771"><net_src comp="463" pin="3"/><net_sink comp="2768" pin=0"/></net>

<net id="2772"><net_src comp="2768" pin="1"/><net_sink comp="358" pin=2"/></net>

<net id="2776"><net_src comp="358" pin="3"/><net_sink comp="2773" pin=0"/></net>

<net id="2777"><net_src comp="2773" pin="1"/><net_sink comp="884" pin=16"/></net>

<net id="2781"><net_src comp="358" pin="7"/><net_sink comp="2778" pin=0"/></net>

<net id="2782"><net_src comp="2778" pin="1"/><net_sink comp="884" pin=17"/></net>

<net id="2786"><net_src comp="472" pin="3"/><net_sink comp="2783" pin=0"/></net>

<net id="2787"><net_src comp="2783" pin="1"/><net_sink comp="358" pin=0"/></net>

<net id="2791"><net_src comp="358" pin="3"/><net_sink comp="2788" pin=0"/></net>

<net id="2792"><net_src comp="2788" pin="1"/><net_sink comp="884" pin=18"/></net>

<net id="2796"><net_src comp="358" pin="7"/><net_sink comp="2793" pin=0"/></net>

<net id="2797"><net_src comp="2793" pin="1"/><net_sink comp="884" pin=19"/></net>

<net id="2801"><net_src comp="480" pin="3"/><net_sink comp="2798" pin=0"/></net>

<net id="2802"><net_src comp="2798" pin="1"/><net_sink comp="358" pin=2"/></net>

<net id="2806"><net_src comp="358" pin="3"/><net_sink comp="2803" pin=0"/></net>

<net id="2807"><net_src comp="2803" pin="1"/><net_sink comp="884" pin=20"/></net>

<net id="2811"><net_src comp="358" pin="7"/><net_sink comp="2808" pin=0"/></net>

<net id="2812"><net_src comp="2808" pin="1"/><net_sink comp="884" pin=21"/></net>

<net id="2816"><net_src comp="488" pin="3"/><net_sink comp="2813" pin=0"/></net>

<net id="2817"><net_src comp="2813" pin="1"/><net_sink comp="358" pin=0"/></net>

<net id="2821"><net_src comp="495" pin="3"/><net_sink comp="2818" pin=0"/></net>

<net id="2822"><net_src comp="2818" pin="1"/><net_sink comp="358" pin=2"/></net>

<net id="2826"><net_src comp="358" pin="3"/><net_sink comp="2823" pin=0"/></net>

<net id="2827"><net_src comp="2823" pin="1"/><net_sink comp="884" pin=22"/></net>

<net id="2831"><net_src comp="358" pin="7"/><net_sink comp="2828" pin=0"/></net>

<net id="2832"><net_src comp="2828" pin="1"/><net_sink comp="884" pin=23"/></net>

<net id="2836"><net_src comp="504" pin="3"/><net_sink comp="2833" pin=0"/></net>

<net id="2837"><net_src comp="2833" pin="1"/><net_sink comp="358" pin=0"/></net>

<net id="2841"><net_src comp="511" pin="3"/><net_sink comp="2838" pin=0"/></net>

<net id="2842"><net_src comp="2838" pin="1"/><net_sink comp="358" pin=2"/></net>

<net id="2846"><net_src comp="358" pin="3"/><net_sink comp="2843" pin=0"/></net>

<net id="2847"><net_src comp="2843" pin="1"/><net_sink comp="884" pin=24"/></net>

<net id="2851"><net_src comp="358" pin="7"/><net_sink comp="2848" pin=0"/></net>

<net id="2852"><net_src comp="2848" pin="1"/><net_sink comp="884" pin=25"/></net>

<net id="2856"><net_src comp="520" pin="3"/><net_sink comp="2853" pin=0"/></net>

<net id="2857"><net_src comp="2853" pin="1"/><net_sink comp="358" pin=0"/></net>

<net id="2861"><net_src comp="527" pin="3"/><net_sink comp="2858" pin=0"/></net>

<net id="2862"><net_src comp="2858" pin="1"/><net_sink comp="358" pin=2"/></net>

<net id="2866"><net_src comp="358" pin="3"/><net_sink comp="2863" pin=0"/></net>

<net id="2867"><net_src comp="2863" pin="1"/><net_sink comp="884" pin=26"/></net>

<net id="2871"><net_src comp="358" pin="7"/><net_sink comp="2868" pin=0"/></net>

<net id="2872"><net_src comp="2868" pin="1"/><net_sink comp="884" pin=27"/></net>

<net id="2876"><net_src comp="358" pin="3"/><net_sink comp="2873" pin=0"/></net>

<net id="2877"><net_src comp="2873" pin="1"/><net_sink comp="884" pin=28"/></net>

<net id="2881"><net_src comp="358" pin="7"/><net_sink comp="2878" pin=0"/></net>

<net id="2882"><net_src comp="2878" pin="1"/><net_sink comp="884" pin=29"/></net>

<net id="2886"><net_src comp="536" pin="3"/><net_sink comp="2883" pin=0"/></net>

<net id="2887"><net_src comp="2883" pin="1"/><net_sink comp="358" pin=0"/></net>

<net id="2891"><net_src comp="543" pin="3"/><net_sink comp="2888" pin=0"/></net>

<net id="2892"><net_src comp="2888" pin="1"/><net_sink comp="358" pin=2"/></net>

<net id="2896"><net_src comp="358" pin="3"/><net_sink comp="2893" pin=0"/></net>

<net id="2897"><net_src comp="2893" pin="1"/><net_sink comp="884" pin=30"/></net>

<net id="2901"><net_src comp="358" pin="7"/><net_sink comp="2898" pin=0"/></net>

<net id="2902"><net_src comp="2898" pin="1"/><net_sink comp="884" pin=31"/></net>

<net id="2906"><net_src comp="552" pin="3"/><net_sink comp="2903" pin=0"/></net>

<net id="2907"><net_src comp="2903" pin="1"/><net_sink comp="358" pin=0"/></net>

<net id="2911"><net_src comp="559" pin="3"/><net_sink comp="2908" pin=0"/></net>

<net id="2912"><net_src comp="2908" pin="1"/><net_sink comp="358" pin=2"/></net>

<net id="2916"><net_src comp="358" pin="3"/><net_sink comp="2913" pin=0"/></net>

<net id="2917"><net_src comp="2913" pin="1"/><net_sink comp="884" pin=32"/></net>

<net id="2921"><net_src comp="358" pin="7"/><net_sink comp="2918" pin=0"/></net>

<net id="2922"><net_src comp="2918" pin="1"/><net_sink comp="884" pin=33"/></net>

<net id="2926"><net_src comp="568" pin="3"/><net_sink comp="2923" pin=0"/></net>

<net id="2927"><net_src comp="2923" pin="1"/><net_sink comp="358" pin=0"/></net>

<net id="2931"><net_src comp="575" pin="3"/><net_sink comp="2928" pin=0"/></net>

<net id="2932"><net_src comp="2928" pin="1"/><net_sink comp="358" pin=2"/></net>

<net id="2936"><net_src comp="358" pin="3"/><net_sink comp="2933" pin=0"/></net>

<net id="2937"><net_src comp="2933" pin="1"/><net_sink comp="884" pin=34"/></net>

<net id="2941"><net_src comp="358" pin="7"/><net_sink comp="2938" pin=0"/></net>

<net id="2942"><net_src comp="2938" pin="1"/><net_sink comp="884" pin=35"/></net>

<net id="2946"><net_src comp="584" pin="3"/><net_sink comp="2943" pin=0"/></net>

<net id="2947"><net_src comp="2943" pin="1"/><net_sink comp="358" pin=0"/></net>

<net id="2951"><net_src comp="358" pin="3"/><net_sink comp="2948" pin=0"/></net>

<net id="2952"><net_src comp="2948" pin="1"/><net_sink comp="884" pin=36"/></net>

<net id="2956"><net_src comp="358" pin="7"/><net_sink comp="2953" pin=0"/></net>

<net id="2957"><net_src comp="2953" pin="1"/><net_sink comp="884" pin=37"/></net>

<net id="2961"><net_src comp="592" pin="3"/><net_sink comp="2958" pin=0"/></net>

<net id="2962"><net_src comp="2958" pin="1"/><net_sink comp="358" pin=2"/></net>

<net id="2966"><net_src comp="358" pin="3"/><net_sink comp="2963" pin=0"/></net>

<net id="2967"><net_src comp="2963" pin="1"/><net_sink comp="884" pin=38"/></net>

<net id="2971"><net_src comp="358" pin="7"/><net_sink comp="2968" pin=0"/></net>

<net id="2972"><net_src comp="2968" pin="1"/><net_sink comp="884" pin=39"/></net>

<net id="2976"><net_src comp="600" pin="3"/><net_sink comp="2973" pin=0"/></net>

<net id="2977"><net_src comp="2973" pin="1"/><net_sink comp="358" pin=0"/></net>

<net id="2981"><net_src comp="607" pin="3"/><net_sink comp="2978" pin=0"/></net>

<net id="2982"><net_src comp="2978" pin="1"/><net_sink comp="358" pin=2"/></net>

<net id="2986"><net_src comp="358" pin="3"/><net_sink comp="2983" pin=0"/></net>

<net id="2987"><net_src comp="2983" pin="1"/><net_sink comp="884" pin=40"/></net>

<net id="2991"><net_src comp="358" pin="7"/><net_sink comp="2988" pin=0"/></net>

<net id="2992"><net_src comp="2988" pin="1"/><net_sink comp="884" pin=41"/></net>

<net id="2996"><net_src comp="616" pin="3"/><net_sink comp="2993" pin=0"/></net>

<net id="2997"><net_src comp="2993" pin="1"/><net_sink comp="358" pin=0"/></net>

<net id="3001"><net_src comp="623" pin="3"/><net_sink comp="2998" pin=0"/></net>

<net id="3002"><net_src comp="2998" pin="1"/><net_sink comp="358" pin=2"/></net>

<net id="3006"><net_src comp="358" pin="3"/><net_sink comp="3003" pin=0"/></net>

<net id="3007"><net_src comp="3003" pin="1"/><net_sink comp="884" pin=42"/></net>

<net id="3011"><net_src comp="358" pin="7"/><net_sink comp="3008" pin=0"/></net>

<net id="3012"><net_src comp="3008" pin="1"/><net_sink comp="884" pin=43"/></net>

<net id="3016"><net_src comp="632" pin="3"/><net_sink comp="3013" pin=0"/></net>

<net id="3017"><net_src comp="3013" pin="1"/><net_sink comp="358" pin=0"/></net>

<net id="3021"><net_src comp="639" pin="3"/><net_sink comp="3018" pin=0"/></net>

<net id="3022"><net_src comp="3018" pin="1"/><net_sink comp="358" pin=2"/></net>

<net id="3026"><net_src comp="358" pin="3"/><net_sink comp="3023" pin=0"/></net>

<net id="3027"><net_src comp="3023" pin="1"/><net_sink comp="884" pin=44"/></net>

<net id="3031"><net_src comp="358" pin="7"/><net_sink comp="3028" pin=0"/></net>

<net id="3032"><net_src comp="3028" pin="1"/><net_sink comp="884" pin=45"/></net>

<net id="3036"><net_src comp="358" pin="3"/><net_sink comp="3033" pin=0"/></net>

<net id="3037"><net_src comp="3033" pin="1"/><net_sink comp="884" pin=46"/></net>

<net id="3041"><net_src comp="358" pin="7"/><net_sink comp="3038" pin=0"/></net>

<net id="3042"><net_src comp="3038" pin="1"/><net_sink comp="884" pin=47"/></net>

<net id="3046"><net_src comp="648" pin="3"/><net_sink comp="3043" pin=0"/></net>

<net id="3047"><net_src comp="3043" pin="1"/><net_sink comp="358" pin=0"/></net>

<net id="3051"><net_src comp="655" pin="3"/><net_sink comp="3048" pin=0"/></net>

<net id="3052"><net_src comp="3048" pin="1"/><net_sink comp="358" pin=2"/></net>

<net id="3056"><net_src comp="358" pin="3"/><net_sink comp="3053" pin=0"/></net>

<net id="3057"><net_src comp="3053" pin="1"/><net_sink comp="884" pin=48"/></net>

<net id="3061"><net_src comp="358" pin="7"/><net_sink comp="3058" pin=0"/></net>

<net id="3062"><net_src comp="3058" pin="1"/><net_sink comp="884" pin=49"/></net>

<net id="3066"><net_src comp="664" pin="3"/><net_sink comp="3063" pin=0"/></net>

<net id="3067"><net_src comp="3063" pin="1"/><net_sink comp="358" pin=0"/></net>

<net id="3071"><net_src comp="671" pin="3"/><net_sink comp="3068" pin=0"/></net>

<net id="3072"><net_src comp="3068" pin="1"/><net_sink comp="358" pin=2"/></net>

<net id="3076"><net_src comp="358" pin="3"/><net_sink comp="3073" pin=0"/></net>

<net id="3077"><net_src comp="3073" pin="1"/><net_sink comp="884" pin=50"/></net>

<net id="3081"><net_src comp="358" pin="7"/><net_sink comp="3078" pin=0"/></net>

<net id="3082"><net_src comp="3078" pin="1"/><net_sink comp="884" pin=51"/></net>

<net id="3086"><net_src comp="680" pin="3"/><net_sink comp="3083" pin=0"/></net>

<net id="3087"><net_src comp="3083" pin="1"/><net_sink comp="358" pin=0"/></net>

<net id="3091"><net_src comp="687" pin="3"/><net_sink comp="3088" pin=0"/></net>

<net id="3092"><net_src comp="3088" pin="1"/><net_sink comp="358" pin=2"/></net>

<net id="3096"><net_src comp="358" pin="3"/><net_sink comp="3093" pin=0"/></net>

<net id="3097"><net_src comp="3093" pin="1"/><net_sink comp="884" pin=52"/></net>

<net id="3101"><net_src comp="358" pin="7"/><net_sink comp="3098" pin=0"/></net>

<net id="3102"><net_src comp="3098" pin="1"/><net_sink comp="884" pin=53"/></net>

<net id="3106"><net_src comp="696" pin="3"/><net_sink comp="3103" pin=0"/></net>

<net id="3107"><net_src comp="3103" pin="1"/><net_sink comp="358" pin=0"/></net>

<net id="3111"><net_src comp="358" pin="3"/><net_sink comp="3108" pin=0"/></net>

<net id="3112"><net_src comp="3108" pin="1"/><net_sink comp="884" pin=54"/></net>

<net id="3116"><net_src comp="358" pin="7"/><net_sink comp="3113" pin=0"/></net>

<net id="3117"><net_src comp="3113" pin="1"/><net_sink comp="884" pin=55"/></net>

<net id="3121"><net_src comp="704" pin="3"/><net_sink comp="3118" pin=0"/></net>

<net id="3122"><net_src comp="3118" pin="1"/><net_sink comp="358" pin=2"/></net>

<net id="3126"><net_src comp="358" pin="3"/><net_sink comp="3123" pin=0"/></net>

<net id="3127"><net_src comp="3123" pin="1"/><net_sink comp="884" pin=56"/></net>

<net id="3131"><net_src comp="358" pin="7"/><net_sink comp="3128" pin=0"/></net>

<net id="3132"><net_src comp="3128" pin="1"/><net_sink comp="884" pin=57"/></net>

<net id="3136"><net_src comp="712" pin="3"/><net_sink comp="3133" pin=0"/></net>

<net id="3137"><net_src comp="3133" pin="1"/><net_sink comp="358" pin=0"/></net>

<net id="3141"><net_src comp="719" pin="3"/><net_sink comp="3138" pin=0"/></net>

<net id="3142"><net_src comp="3138" pin="1"/><net_sink comp="358" pin=2"/></net>

<net id="3146"><net_src comp="358" pin="3"/><net_sink comp="3143" pin=0"/></net>

<net id="3147"><net_src comp="3143" pin="1"/><net_sink comp="884" pin=58"/></net>

<net id="3151"><net_src comp="358" pin="7"/><net_sink comp="3148" pin=0"/></net>

<net id="3152"><net_src comp="3148" pin="1"/><net_sink comp="884" pin=59"/></net>

<net id="3156"><net_src comp="728" pin="3"/><net_sink comp="3153" pin=0"/></net>

<net id="3157"><net_src comp="3153" pin="1"/><net_sink comp="358" pin=0"/></net>

<net id="3161"><net_src comp="735" pin="3"/><net_sink comp="3158" pin=0"/></net>

<net id="3162"><net_src comp="3158" pin="1"/><net_sink comp="358" pin=2"/></net>

<net id="3166"><net_src comp="358" pin="3"/><net_sink comp="3163" pin=0"/></net>

<net id="3167"><net_src comp="3163" pin="1"/><net_sink comp="884" pin=60"/></net>

<net id="3171"><net_src comp="358" pin="7"/><net_sink comp="3168" pin=0"/></net>

<net id="3172"><net_src comp="3168" pin="1"/><net_sink comp="884" pin=61"/></net>

<net id="3176"><net_src comp="744" pin="3"/><net_sink comp="3173" pin=0"/></net>

<net id="3177"><net_src comp="3173" pin="1"/><net_sink comp="358" pin=0"/></net>

<net id="3181"><net_src comp="751" pin="3"/><net_sink comp="3178" pin=0"/></net>

<net id="3182"><net_src comp="3178" pin="1"/><net_sink comp="358" pin=2"/></net>

<net id="3186"><net_src comp="358" pin="3"/><net_sink comp="3183" pin=0"/></net>

<net id="3187"><net_src comp="3183" pin="1"/><net_sink comp="884" pin=62"/></net>

<net id="3191"><net_src comp="358" pin="7"/><net_sink comp="3188" pin=0"/></net>

<net id="3192"><net_src comp="3188" pin="1"/><net_sink comp="884" pin=63"/></net>

<net id="3196"><net_src comp="358" pin="3"/><net_sink comp="3193" pin=0"/></net>

<net id="3197"><net_src comp="3193" pin="1"/><net_sink comp="884" pin=64"/></net>

<net id="3201"><net_src comp="358" pin="7"/><net_sink comp="3198" pin=0"/></net>

<net id="3202"><net_src comp="3198" pin="1"/><net_sink comp="884" pin=65"/></net>

<net id="3206"><net_src comp="760" pin="3"/><net_sink comp="3203" pin=0"/></net>

<net id="3207"><net_src comp="3203" pin="1"/><net_sink comp="358" pin=0"/></net>

<net id="3211"><net_src comp="767" pin="3"/><net_sink comp="3208" pin=0"/></net>

<net id="3212"><net_src comp="3208" pin="1"/><net_sink comp="358" pin=2"/></net>

<net id="3216"><net_src comp="358" pin="3"/><net_sink comp="3213" pin=0"/></net>

<net id="3217"><net_src comp="3213" pin="1"/><net_sink comp="884" pin=66"/></net>

<net id="3221"><net_src comp="358" pin="7"/><net_sink comp="3218" pin=0"/></net>

<net id="3222"><net_src comp="3218" pin="1"/><net_sink comp="884" pin=67"/></net>

<net id="3226"><net_src comp="776" pin="3"/><net_sink comp="3223" pin=0"/></net>

<net id="3227"><net_src comp="3223" pin="1"/><net_sink comp="358" pin=0"/></net>

<net id="3231"><net_src comp="783" pin="3"/><net_sink comp="3228" pin=0"/></net>

<net id="3232"><net_src comp="3228" pin="1"/><net_sink comp="358" pin=2"/></net>

<net id="3236"><net_src comp="358" pin="3"/><net_sink comp="3233" pin=0"/></net>

<net id="3237"><net_src comp="3233" pin="1"/><net_sink comp="884" pin=68"/></net>

<net id="3241"><net_src comp="358" pin="7"/><net_sink comp="3238" pin=0"/></net>

<net id="3242"><net_src comp="3238" pin="1"/><net_sink comp="884" pin=69"/></net>

<net id="3246"><net_src comp="2218" pin="2"/><net_sink comp="3243" pin=0"/></net>

<net id="3247"><net_src comp="3243" pin="1"/><net_sink comp="2272" pin=0"/></net>

<net id="3251"><net_src comp="2222" pin="2"/><net_sink comp="3248" pin=0"/></net>

<net id="3252"><net_src comp="3248" pin="1"/><net_sink comp="2276" pin=0"/></net>

<net id="3256"><net_src comp="2226" pin="2"/><net_sink comp="3253" pin=0"/></net>

<net id="3257"><net_src comp="3253" pin="1"/><net_sink comp="2280" pin=0"/></net>

<net id="3261"><net_src comp="2230" pin="2"/><net_sink comp="3258" pin=0"/></net>

<net id="3262"><net_src comp="3258" pin="1"/><net_sink comp="2284" pin=0"/></net>

<net id="3266"><net_src comp="792" pin="3"/><net_sink comp="3263" pin=0"/></net>

<net id="3267"><net_src comp="3263" pin="1"/><net_sink comp="358" pin=0"/></net>

<net id="3271"><net_src comp="2243" pin="2"/><net_sink comp="3268" pin=0"/></net>

<net id="3272"><net_src comp="3268" pin="1"/><net_sink comp="2288" pin=0"/></net>

<net id="3276"><net_src comp="799" pin="3"/><net_sink comp="3273" pin=0"/></net>

<net id="3277"><net_src comp="3273" pin="1"/><net_sink comp="358" pin=2"/></net>

<net id="3281"><net_src comp="2256" pin="2"/><net_sink comp="3278" pin=0"/></net>

<net id="3282"><net_src comp="3278" pin="1"/><net_sink comp="2292" pin=0"/></net>

<net id="3286"><net_src comp="2260" pin="2"/><net_sink comp="3283" pin=0"/></net>

<net id="3287"><net_src comp="3283" pin="1"/><net_sink comp="2268" pin=0"/></net>

<net id="3291"><net_src comp="2264" pin="2"/><net_sink comp="3288" pin=0"/></net>

<net id="3292"><net_src comp="3288" pin="1"/><net_sink comp="2296" pin=0"/></net>

<net id="3296"><net_src comp="358" pin="3"/><net_sink comp="3293" pin=0"/></net>

<net id="3297"><net_src comp="3293" pin="1"/><net_sink comp="884" pin=70"/></net>

<net id="3301"><net_src comp="358" pin="7"/><net_sink comp="3298" pin=0"/></net>

<net id="3302"><net_src comp="3298" pin="1"/><net_sink comp="884" pin=71"/></net>

<net id="3306"><net_src comp="808" pin="3"/><net_sink comp="3303" pin=0"/></net>

<net id="3307"><net_src comp="3303" pin="1"/><net_sink comp="358" pin=0"/></net>

<net id="3311"><net_src comp="358" pin="3"/><net_sink comp="3308" pin=0"/></net>

<net id="3312"><net_src comp="3308" pin="1"/><net_sink comp="884" pin=72"/></net>

<net id="3316"><net_src comp="358" pin="7"/><net_sink comp="3313" pin=0"/></net>

<net id="3317"><net_src comp="3313" pin="1"/><net_sink comp="884" pin=73"/></net>

<net id="3321"><net_src comp="816" pin="3"/><net_sink comp="3318" pin=0"/></net>

<net id="3322"><net_src comp="3318" pin="1"/><net_sink comp="358" pin=2"/></net>

<net id="3326"><net_src comp="358" pin="3"/><net_sink comp="3323" pin=0"/></net>

<net id="3327"><net_src comp="3323" pin="1"/><net_sink comp="884" pin=74"/></net>

<net id="3331"><net_src comp="358" pin="7"/><net_sink comp="3328" pin=0"/></net>

<net id="3332"><net_src comp="3328" pin="1"/><net_sink comp="884" pin=75"/></net>

<net id="3336"><net_src comp="824" pin="3"/><net_sink comp="3333" pin=0"/></net>

<net id="3337"><net_src comp="3333" pin="1"/><net_sink comp="358" pin=0"/></net>

<net id="3341"><net_src comp="831" pin="3"/><net_sink comp="3338" pin=0"/></net>

<net id="3342"><net_src comp="3338" pin="1"/><net_sink comp="358" pin=2"/></net>

<net id="3346"><net_src comp="358" pin="3"/><net_sink comp="3343" pin=0"/></net>

<net id="3347"><net_src comp="3343" pin="1"/><net_sink comp="884" pin=76"/></net>

<net id="3351"><net_src comp="358" pin="7"/><net_sink comp="3348" pin=0"/></net>

<net id="3352"><net_src comp="3348" pin="1"/><net_sink comp="884" pin=77"/></net>

<net id="3356"><net_src comp="840" pin="3"/><net_sink comp="3353" pin=0"/></net>

<net id="3357"><net_src comp="3353" pin="1"/><net_sink comp="358" pin=0"/></net>

<net id="3361"><net_src comp="847" pin="3"/><net_sink comp="3358" pin=0"/></net>

<net id="3362"><net_src comp="3358" pin="1"/><net_sink comp="358" pin=2"/></net>

<net id="3366"><net_src comp="358" pin="3"/><net_sink comp="3363" pin=0"/></net>

<net id="3367"><net_src comp="3363" pin="1"/><net_sink comp="884" pin=78"/></net>

<net id="3371"><net_src comp="358" pin="7"/><net_sink comp="3368" pin=0"/></net>

<net id="3372"><net_src comp="3368" pin="1"/><net_sink comp="884" pin=79"/></net>

<net id="3376"><net_src comp="856" pin="3"/><net_sink comp="3373" pin=0"/></net>

<net id="3377"><net_src comp="3373" pin="1"/><net_sink comp="358" pin=0"/></net>

<net id="3381"><net_src comp="863" pin="3"/><net_sink comp="3378" pin=0"/></net>

<net id="3382"><net_src comp="3378" pin="1"/><net_sink comp="358" pin=2"/></net>

<net id="3386"><net_src comp="358" pin="3"/><net_sink comp="3383" pin=0"/></net>

<net id="3387"><net_src comp="3383" pin="1"/><net_sink comp="884" pin=80"/></net>

<net id="3391"><net_src comp="358" pin="7"/><net_sink comp="3388" pin=0"/></net>

<net id="3392"><net_src comp="3388" pin="1"/><net_sink comp="884" pin=81"/></net>

<net id="3396"><net_src comp="358" pin="3"/><net_sink comp="3393" pin=0"/></net>

<net id="3397"><net_src comp="3393" pin="1"/><net_sink comp="884" pin=82"/></net>

<net id="3401"><net_src comp="358" pin="7"/><net_sink comp="3398" pin=0"/></net>

<net id="3402"><net_src comp="3398" pin="1"/><net_sink comp="884" pin=83"/></net>

</net_list>

</model> 
---------------- Datapath Model END ------------------

* FSMD analyzer results:
  - Output states:
	Port: out_tile_2 | {44 45 }
 - Input state : 
	Port: compute_tile_c1 : tW | {1 }
	Port: compute_tile_c1 : tH | {1 }
	Port: compute_tile_c1 : in_tile_1_0 | {3 4 5 6 7 8 9 10 11 12 13 14 15 16 17 18 19 20 21 22 23 24 25 26 27 28 29 30 31 32 33 34 35 36 37 38 39 40 41 42 43 44 }
	Port: compute_tile_c1 : out_tile_2 | {44 45 }
	Port: compute_tile_c1 : p_ZZ5conv1PA255_A255_fPA1_A9_A9_fPfS1_E6w_tile_0_0_0 | {44 45 }
	Port: compute_tile_c1 : p_ZZ5conv1PA255_A255_fPA1_A9_A9_fPfS1_E6w_tile_0_1_0 | {44 45 }
	Port: compute_tile_c1 : p_ZZ5conv1PA255_A255_fPA1_A9_A9_fPfS1_E6w_tile_0_2_0 | {44 45 }
	Port: compute_tile_c1 : p_ZZ5conv1PA255_A255_fPA1_A9_A9_fPfS1_E6w_tile_0_3_0 | {44 45 }
	Port: compute_tile_c1 : p_ZZ5conv1PA255_A255_fPA1_A9_A9_fPfS1_E6w_tile_0_4_0 | {44 45 }
	Port: compute_tile_c1 : p_ZZ5conv1PA255_A255_fPA1_A9_A9_fPfS1_E6w_tile_0_5_0 | {44 45 }
	Port: compute_tile_c1 : p_ZZ5conv1PA255_A255_fPA1_A9_A9_fPfS1_E6w_tile_0_6_0 | {44 45 }
	Port: compute_tile_c1 : p_ZZ5conv1PA255_A255_fPA1_A9_A9_fPfS1_E6w_tile_0_7_0 | {44 45 }
	Port: compute_tile_c1 : p_ZZ5conv1PA255_A255_fPA1_A9_A9_fPfS1_E6w_tile_0_8_0 | {44 45 }
	Port: compute_tile_c1 : p_ZZ5conv1PA255_A255_fPA1_A9_A9_fPfS1_E6w_tile_1_0_0 | {44 45 }
	Port: compute_tile_c1 : p_ZZ5conv1PA255_A255_fPA1_A9_A9_fPfS1_E6w_tile_1_1_0 | {44 45 }
	Port: compute_tile_c1 : p_ZZ5conv1PA255_A255_fPA1_A9_A9_fPfS1_E6w_tile_1_2_0 | {44 45 }
	Port: compute_tile_c1 : p_ZZ5conv1PA255_A255_fPA1_A9_A9_fPfS1_E6w_tile_1_3_0 | {44 45 }
	Port: compute_tile_c1 : p_ZZ5conv1PA255_A255_fPA1_A9_A9_fPfS1_E6w_tile_1_4_0 | {44 45 }
	Port: compute_tile_c1 : p_ZZ5conv1PA255_A255_fPA1_A9_A9_fPfS1_E6w_tile_1_5_0 | {44 45 }
	Port: compute_tile_c1 : p_ZZ5conv1PA255_A255_fPA1_A9_A9_fPfS1_E6w_tile_1_6_0 | {44 45 }
	Port: compute_tile_c1 : p_ZZ5conv1PA255_A255_fPA1_A9_A9_fPfS1_E6w_tile_1_7_0 | {44 45 }
	Port: compute_tile_c1 : p_ZZ5conv1PA255_A255_fPA1_A9_A9_fPfS1_E6w_tile_1_8_0 | {44 45 }
	Port: compute_tile_c1 : p_ZZ5conv1PA255_A255_fPA1_A9_A9_fPfS1_E6w_tile_2_0_0 | {44 45 }
	Port: compute_tile_c1 : p_ZZ5conv1PA255_A255_fPA1_A9_A9_fPfS1_E6w_tile_2_1_0 | {44 45 }
	Port: compute_tile_c1 : p_ZZ5conv1PA255_A255_fPA1_A9_A9_fPfS1_E6w_tile_2_2_0 | {44 45 }
	Port: compute_tile_c1 : p_ZZ5conv1PA255_A255_fPA1_A9_A9_fPfS1_E6w_tile_2_3_0 | {44 45 }
	Port: compute_tile_c1 : p_ZZ5conv1PA255_A255_fPA1_A9_A9_fPfS1_E6w_tile_2_4_0 | {44 45 }
	Port: compute_tile_c1 : p_ZZ5conv1PA255_A255_fPA1_A9_A9_fPfS1_E6w_tile_2_5_0 | {44 45 }
	Port: compute_tile_c1 : p_ZZ5conv1PA255_A255_fPA1_A9_A9_fPfS1_E6w_tile_2_6_0 | {44 45 }
	Port: compute_tile_c1 : p_ZZ5conv1PA255_A255_fPA1_A9_A9_fPfS1_E6w_tile_2_7_0 | {44 45 }
	Port: compute_tile_c1 : p_ZZ5conv1PA255_A255_fPA1_A9_A9_fPfS1_E6w_tile_2_8_0 | {44 45 }
	Port: compute_tile_c1 : p_ZZ5conv1PA255_A255_fPA1_A9_A9_fPfS1_E6w_tile_3_0_0 | {44 45 }
	Port: compute_tile_c1 : p_ZZ5conv1PA255_A255_fPA1_A9_A9_fPfS1_E6w_tile_3_1_0 | {44 45 }
	Port: compute_tile_c1 : p_ZZ5conv1PA255_A255_fPA1_A9_A9_fPfS1_E6w_tile_3_2_0 | {44 45 }
	Port: compute_tile_c1 : p_ZZ5conv1PA255_A255_fPA1_A9_A9_fPfS1_E6w_tile_3_3_0 | {44 45 }
	Port: compute_tile_c1 : p_ZZ5conv1PA255_A255_fPA1_A9_A9_fPfS1_E6w_tile_3_4_0 | {44 45 }
	Port: compute_tile_c1 : p_ZZ5conv1PA255_A255_fPA1_A9_A9_fPfS1_E6w_tile_3_5_0 | {44 45 }
	Port: compute_tile_c1 : p_ZZ5conv1PA255_A255_fPA1_A9_A9_fPfS1_E6w_tile_3_6_0 | {44 45 }
	Port: compute_tile_c1 : p_ZZ5conv1PA255_A255_fPA1_A9_A9_fPfS1_E6w_tile_3_7_0 | {44 45 }
	Port: compute_tile_c1 : p_ZZ5conv1PA255_A255_fPA1_A9_A9_fPfS1_E6w_tile_3_8_0 | {44 45 }
	Port: compute_tile_c1 : p_ZZ5conv1PA255_A255_fPA1_A9_A9_fPfS1_E6w_tile_4_0_0 | {44 45 }
	Port: compute_tile_c1 : p_ZZ5conv1PA255_A255_fPA1_A9_A9_fPfS1_E6w_tile_4_1_0 | {44 45 }
	Port: compute_tile_c1 : p_ZZ5conv1PA255_A255_fPA1_A9_A9_fPfS1_E6w_tile_4_2_0 | {44 45 }
	Port: compute_tile_c1 : p_ZZ5conv1PA255_A255_fPA1_A9_A9_fPfS1_E6w_tile_4_3_0 | {44 45 }
	Port: compute_tile_c1 : p_ZZ5conv1PA255_A255_fPA1_A9_A9_fPfS1_E6w_tile_4_4_0 | {44 45 }
	Port: compute_tile_c1 : p_ZZ5conv1PA255_A255_fPA1_A9_A9_fPfS1_E6w_tile_4_5_0 | {44 45 }
	Port: compute_tile_c1 : p_ZZ5conv1PA255_A255_fPA1_A9_A9_fPfS1_E6w_tile_4_6_0 | {44 45 }
	Port: compute_tile_c1 : p_ZZ5conv1PA255_A255_fPA1_A9_A9_fPfS1_E6w_tile_4_7_0 | {44 45 }
	Port: compute_tile_c1 : p_ZZ5conv1PA255_A255_fPA1_A9_A9_fPfS1_E6w_tile_4_8_0 | {44 45 }
	Port: compute_tile_c1 : p_ZZ5conv1PA255_A255_fPA1_A9_A9_fPfS1_E6w_tile_5_0_0 | {44 45 }
	Port: compute_tile_c1 : p_ZZ5conv1PA255_A255_fPA1_A9_A9_fPfS1_E6w_tile_5_1_0 | {44 45 }
	Port: compute_tile_c1 : p_ZZ5conv1PA255_A255_fPA1_A9_A9_fPfS1_E6w_tile_5_2_0 | {44 45 }
	Port: compute_tile_c1 : p_ZZ5conv1PA255_A255_fPA1_A9_A9_fPfS1_E6w_tile_5_3_0 | {44 45 }
	Port: compute_tile_c1 : p_ZZ5conv1PA255_A255_fPA1_A9_A9_fPfS1_E6w_tile_5_4_0 | {44 45 }
	Port: compute_tile_c1 : p_ZZ5conv1PA255_A255_fPA1_A9_A9_fPfS1_E6w_tile_5_5_0 | {44 45 }
	Port: compute_tile_c1 : p_ZZ5conv1PA255_A255_fPA1_A9_A9_fPfS1_E6w_tile_5_6_0 | {44 45 }
	Port: compute_tile_c1 : p_ZZ5conv1PA255_A255_fPA1_A9_A9_fPfS1_E6w_tile_5_7_0 | {44 45 }
	Port: compute_tile_c1 : p_ZZ5conv1PA255_A255_fPA1_A9_A9_fPfS1_E6w_tile_5_8_0 | {44 45 }
	Port: compute_tile_c1 : p_ZZ5conv1PA255_A255_fPA1_A9_A9_fPfS1_E6w_tile_6_0_0 | {44 45 }
	Port: compute_tile_c1 : p_ZZ5conv1PA255_A255_fPA1_A9_A9_fPfS1_E6w_tile_6_1_0 | {44 45 }
	Port: compute_tile_c1 : p_ZZ5conv1PA255_A255_fPA1_A9_A9_fPfS1_E6w_tile_6_2_0 | {44 45 }
	Port: compute_tile_c1 : p_ZZ5conv1PA255_A255_fPA1_A9_A9_fPfS1_E6w_tile_6_3_0 | {44 45 }
	Port: compute_tile_c1 : p_ZZ5conv1PA255_A255_fPA1_A9_A9_fPfS1_E6w_tile_6_4_0 | {44 45 }
	Port: compute_tile_c1 : p_ZZ5conv1PA255_A255_fPA1_A9_A9_fPfS1_E6w_tile_6_5_0 | {44 45 }
	Port: compute_tile_c1 : p_ZZ5conv1PA255_A255_fPA1_A9_A9_fPfS1_E6w_tile_6_6_0 | {44 45 }
	Port: compute_tile_c1 : p_ZZ5conv1PA255_A255_fPA1_A9_A9_fPfS1_E6w_tile_6_7_0 | {44 45 }
	Port: compute_tile_c1 : p_ZZ5conv1PA255_A255_fPA1_A9_A9_fPfS1_E6w_tile_6_8_0 | {44 45 }
	Port: compute_tile_c1 : p_ZZ5conv1PA255_A255_fPA1_A9_A9_fPfS1_E6w_tile_7_0_0 | {44 45 }
	Port: compute_tile_c1 : p_ZZ5conv1PA255_A255_fPA1_A9_A9_fPfS1_E6w_tile_7_1_0 | {44 45 }
	Port: compute_tile_c1 : p_ZZ5conv1PA255_A255_fPA1_A9_A9_fPfS1_E6w_tile_7_2_0 | {44 45 }
	Port: compute_tile_c1 : p_ZZ5conv1PA255_A255_fPA1_A9_A9_fPfS1_E6w_tile_7_3_0 | {44 45 }
	Port: compute_tile_c1 : p_ZZ5conv1PA255_A255_fPA1_A9_A9_fPfS1_E6w_tile_7_4_0 | {44 45 }
	Port: compute_tile_c1 : p_ZZ5conv1PA255_A255_fPA1_A9_A9_fPfS1_E6w_tile_7_5_0 | {44 45 }
	Port: compute_tile_c1 : p_ZZ5conv1PA255_A255_fPA1_A9_A9_fPfS1_E6w_tile_7_6_0 | {44 45 }
	Port: compute_tile_c1 : p_ZZ5conv1PA255_A255_fPA1_A9_A9_fPfS1_E6w_tile_7_7_0 | {44 45 }
	Port: compute_tile_c1 : p_ZZ5conv1PA255_A255_fPA1_A9_A9_fPfS1_E6w_tile_7_8_0 | {44 45 }
	Port: compute_tile_c1 : p_ZZ5conv1PA255_A255_fPA1_A9_A9_fPfS1_E6w_tile_8_0_0 | {44 45 }
	Port: compute_tile_c1 : p_ZZ5conv1PA255_A255_fPA1_A9_A9_fPfS1_E6w_tile_8_1_0 | {44 45 }
	Port: compute_tile_c1 : p_ZZ5conv1PA255_A255_fPA1_A9_A9_fPfS1_E6w_tile_8_2_0 | {44 45 }
	Port: compute_tile_c1 : p_ZZ5conv1PA255_A255_fPA1_A9_A9_fPfS1_E6w_tile_8_3_0 | {44 45 }
	Port: compute_tile_c1 : p_ZZ5conv1PA255_A255_fPA1_A9_A9_fPfS1_E6w_tile_8_4_0 | {44 45 }
	Port: compute_tile_c1 : p_ZZ5conv1PA255_A255_fPA1_A9_A9_fPfS1_E6w_tile_8_5_0 | {44 45 }
	Port: compute_tile_c1 : p_ZZ5conv1PA255_A255_fPA1_A9_A9_fPfS1_E6w_tile_8_6_0 | {44 45 }
	Port: compute_tile_c1 : p_ZZ5conv1PA255_A255_fPA1_A9_A9_fPfS1_E6w_tile_8_7_0 | {44 45 }
	Port: compute_tile_c1 : p_ZZ5conv1PA255_A255_fPA1_A9_A9_fPfS1_E6w_tile_8_8_0 | {44 45 }
  - Chain level:
	State 1
		store_ln68 : 1
	State 2
		tmp : 1
		tmp_s : 1
		tmp_167_cast : 2
		empty : 3
		zext_ln68 : 1
		icmp_ln68 : 1
		indvars_iv_next82 : 1
		br_ln68 : 2
		cmp5 : 2
		tmp_154 : 2
		tmp_155 : 2
		tmp_169_cast : 3
		empty_108 : 4
		empty_109 : 1
		tmp_156 : 2
		tmp_157 : 2
		tmp_171_cast : 3
		empty_110 : 4
		empty_111 : 1
		tmp_158 : 2
		tmp_159 : 2
		tmp_173_cast : 3
		empty_112 : 4
		empty_113 : 1
		tmp_160 : 2
		tmp_161 : 2
		tmp_175_cast : 3
		empty_114 : 4
		empty_115 : 1
		tmp_162 : 2
		tmp_163 : 2
		tmp_177_cast : 3
		empty_116 : 4
		empty_117 : 1
		tmp_164 : 2
		tmp_165 : 2
		tmp_179_cast : 3
		empty_118 : 4
		empty_119 : 1
		tmp_166 : 2
		tmp_167 : 2
		tmp_181_cast : 3
		empty_120 : 4
		empty_121 : 1
		tmp_168 : 2
		tmp_169 : 2
		tmp_183_cast : 3
		empty_122 : 4
	State 3
		empty_123 : 1
		tw_cast : 1
		empty_124 : 2
		p_cast1000 : 3
		in_tile_1_0_addr : 4
		empty_125 : 2
		p_cast1001 : 3
		in_tile_1_0_addr_9 : 4
		empty_126 : 2
		p_cast1002 : 3
		in_tile_1_0_addr_18 : 4
		empty_127 : 2
		p_cast1003 : 3
		in_tile_1_0_addr_27 : 4
		empty_128 : 2
		p_cast1004 : 3
		in_tile_1_0_addr_36 : 4
		empty_129 : 2
		p_cast1005 : 3
		in_tile_1_0_addr_45 : 4
		empty_130 : 2
		p_cast1006 : 3
		in_tile_1_0_addr_54 : 4
		empty_131 : 2
		p_cast1007 : 3
		in_tile_1_0_addr_63 : 4
		empty_132 : 2
		p_cast1008 : 3
		in_tile_1_0_addr_72 : 4
		zext_ln69 : 1
		icmp_ln69 : 1
		add_ln69 : 1
		br_ln69 : 2
		icmp_ln70 : 2
		and_ln70 : 3
		add_ln69_cast : 2
		empty_133 : 3
		p_cast1009 : 4
		in_tile_1_0_addr_1 : 5
		empty_134 : 3
		p_cast1010 : 4
		in_tile_1_0_addr_10 : 5
		empty_135 : 3
		p_cast1011 : 4
		in_tile_1_0_addr_19 : 5
		empty_136 : 3
		p_cast1012 : 4
		in_tile_1_0_addr_28 : 5
		empty_137 : 3
		p_cast1013 : 4
		in_tile_1_0_addr_37 : 5
		empty_138 : 3
		p_cast1014 : 4
		in_tile_1_0_addr_46 : 5
		empty_139 : 3
		p_cast1015 : 4
		in_tile_1_0_addr_55 : 5
		empty_140 : 3
		p_cast1016 : 4
		in_tile_1_0_addr_64 : 5
		empty_141 : 3
		p_cast1017 : 4
		in_tile_1_0_addr_73 : 5
		br_ln70 : 3
		in_tile_1_0_load : 5
	State 4
		p_cast : 1
		empty_143 : 2
		p_cast1018 : 3
		in_tile_1_0_addr_2 : 4
		in_tile_1_0_load_2 : 5
	State 5
		p_cast993 : 1
		empty_153 : 2
		p_cast1027 : 3
		in_tile_1_0_addr_3 : 4
		p_cast994 : 1
		empty_163 : 2
		p_cast1036 : 3
		in_tile_1_0_addr_4 : 4
		in_tile_1_0_load_3 : 5
		in_tile_1_0_load_4 : 5
	State 6
		p_cast995 : 1
		empty_173 : 2
		p_cast1045 : 3
		in_tile_1_0_addr_5 : 4
		p_cast996 : 1
		empty_183 : 2
		p_cast1054 : 3
		in_tile_1_0_addr_6 : 4
		in_tile_1_0_load_5 : 5
		in_tile_1_0_load_6 : 5
	State 7
		p_cast997 : 1
		empty_193 : 2
		p_cast1063 : 3
		in_tile_1_0_addr_7 : 4
		p_cast998 : 1
		empty_203 : 2
		p_cast1072 : 3
		in_tile_1_0_addr_8 : 4
		in_tile_1_0_load_7 : 5
		in_tile_1_0_load_8 : 5
	State 8
	State 9
		p_cast1019 : 1
		in_tile_1_0_addr_11 : 2
		p_cast1028 : 1
		in_tile_1_0_addr_12 : 2
		in_tile_1_0_load_11 : 3
		in_tile_1_0_load_12 : 3
	State 10
		p_cast1037 : 1
		in_tile_1_0_addr_13 : 2
		p_cast1046 : 1
		in_tile_1_0_addr_14 : 2
		in_tile_1_0_load_13 : 3
		in_tile_1_0_load_14 : 3
	State 11
		p_cast1055 : 1
		in_tile_1_0_addr_15 : 2
		p_cast1064 : 1
		in_tile_1_0_addr_16 : 2
		in_tile_1_0_load_15 : 3
		in_tile_1_0_load_16 : 3
	State 12
		p_cast1073 : 1
		in_tile_1_0_addr_17 : 2
		in_tile_1_0_load_17 : 3
	State 13
		p_cast1020 : 1
		in_tile_1_0_addr_20 : 2
		in_tile_1_0_load_20 : 3
	State 14
		p_cast1029 : 1
		in_tile_1_0_addr_21 : 2
		p_cast1038 : 1
		in_tile_1_0_addr_22 : 2
		in_tile_1_0_load_21 : 3
		in_tile_1_0_load_22 : 3
	State 15
		p_cast1047 : 1
		in_tile_1_0_addr_23 : 2
		p_cast1056 : 1
		in_tile_1_0_addr_24 : 2
		in_tile_1_0_load_23 : 3
		in_tile_1_0_load_24 : 3
	State 16
		p_cast1065 : 1
		in_tile_1_0_addr_25 : 2
		p_cast1074 : 1
		in_tile_1_0_addr_26 : 2
		in_tile_1_0_load_25 : 3
		in_tile_1_0_load_26 : 3
	State 17
	State 18
		p_cast1021 : 1
		in_tile_1_0_addr_29 : 2
		p_cast1030 : 1
		in_tile_1_0_addr_30 : 2
		in_tile_1_0_load_29 : 3
		in_tile_1_0_load_30 : 3
	State 19
		p_cast1039 : 1
		in_tile_1_0_addr_31 : 2
		p_cast1048 : 1
		in_tile_1_0_addr_32 : 2
		in_tile_1_0_load_31 : 3
		in_tile_1_0_load_32 : 3
	State 20
		p_cast1057 : 1
		in_tile_1_0_addr_33 : 2
		p_cast1066 : 1
		in_tile_1_0_addr_34 : 2
		in_tile_1_0_load_33 : 3
		in_tile_1_0_load_34 : 3
	State 21
		p_cast1075 : 1
		in_tile_1_0_addr_35 : 2
		in_tile_1_0_load_35 : 3
	State 22
		p_cast1022 : 1
		in_tile_1_0_addr_38 : 2
		in_tile_1_0_load_38 : 3
	State 23
		p_cast1031 : 1
		in_tile_1_0_addr_39 : 2
		p_cast1040 : 1
		in_tile_1_0_addr_40 : 2
		in_tile_1_0_load_39 : 3
		in_tile_1_0_load_40 : 3
	State 24
		p_cast1049 : 1
		in_tile_1_0_addr_41 : 2
		p_cast1058 : 1
		in_tile_1_0_addr_42 : 2
		in_tile_1_0_load_41 : 3
		in_tile_1_0_load_42 : 3
	State 25
		p_cast1067 : 1
		in_tile_1_0_addr_43 : 2
		p_cast1076 : 1
		in_tile_1_0_addr_44 : 2
		in_tile_1_0_load_43 : 3
		in_tile_1_0_load_44 : 3
	State 26
	State 27
		p_cast1023 : 1
		in_tile_1_0_addr_47 : 2
		p_cast1032 : 1
		in_tile_1_0_addr_48 : 2
		in_tile_1_0_load_47 : 3
		in_tile_1_0_load_48 : 3
	State 28
		p_cast1041 : 1
		in_tile_1_0_addr_49 : 2
		p_cast1050 : 1
		in_tile_1_0_addr_50 : 2
		in_tile_1_0_load_49 : 3
		in_tile_1_0_load_50 : 3
	State 29
		p_cast1059 : 1
		in_tile_1_0_addr_51 : 2
		p_cast1068 : 1
		in_tile_1_0_addr_52 : 2
		in_tile_1_0_load_51 : 3
		in_tile_1_0_load_52 : 3
	State 30
		p_cast1077 : 1
		in_tile_1_0_addr_53 : 2
		in_tile_1_0_load_53 : 3
	State 31
		p_cast1024 : 1
		in_tile_1_0_addr_56 : 2
		in_tile_1_0_load_56 : 3
	State 32
		p_cast1033 : 1
		in_tile_1_0_addr_57 : 2
		p_cast1042 : 1
		in_tile_1_0_addr_58 : 2
		in_tile_1_0_load_57 : 3
		in_tile_1_0_load_58 : 3
	State 33
		p_cast1051 : 1
		in_tile_1_0_addr_59 : 2
		p_cast1060 : 1
		in_tile_1_0_addr_60 : 2
		in_tile_1_0_load_59 : 3
		in_tile_1_0_load_60 : 3
	State 34
		p_cast1069 : 1
		in_tile_1_0_addr_61 : 2
		p_cast1078 : 1
		in_tile_1_0_addr_62 : 2
		in_tile_1_0_load_61 : 3
		in_tile_1_0_load_62 : 3
	State 35
	State 36
		p_cast1025 : 1
		in_tile_1_0_addr_65 : 2
		p_cast1034 : 1
		in_tile_1_0_addr_66 : 2
		in_tile_1_0_load_65 : 3
		in_tile_1_0_load_66 : 3
	State 37
		p_cast1043 : 1
		in_tile_1_0_addr_67 : 2
		p_cast1052 : 1
		in_tile_1_0_addr_68 : 2
		in_tile_1_0_load_67 : 3
		in_tile_1_0_load_68 : 3
	State 38
		p_cast1061 : 1
		in_tile_1_0_addr_69 : 2
		p_cast1070 : 1
		in_tile_1_0_addr_70 : 2
		in_tile_1_0_load_69 : 3
		in_tile_1_0_load_70 : 3
	State 39
		in_tile_1_0_addr_71 : 1
		in_tile_1_0_load_71 : 2
	State 40
		in_tile_1_0_addr_74 : 1
		in_tile_1_0_load_74 : 2
	State 41
		in_tile_1_0_addr_75 : 1
		in_tile_1_0_addr_76 : 1
		in_tile_1_0_load_75 : 2
		in_tile_1_0_load_76 : 2
	State 42
		in_tile_1_0_addr_77 : 1
		in_tile_1_0_addr_78 : 1
		in_tile_1_0_load_77 : 2
		in_tile_1_0_load_78 : 2
	State 43
		in_tile_1_0_addr_79 : 1
		in_tile_1_0_addr_80 : 1
		in_tile_1_0_load_79 : 2
		in_tile_1_0_load_80 : 2
	State 44
		call_ln69 : 1
	State 45


============================================================
+ Verbose Summary: Datapath Resource usage 
============================================================

* Functional unit list:
|----------|-----------------------------------------------------|---------|---------|---------|---------|
| Operation|                   Functional Unit                   |   DSP   |  Delay  |    FF   |   LUT   |
|----------|-----------------------------------------------------|---------|---------|---------|---------|
|   call   | grp_compute_tile_c1_Pipeline_VITIS_LOOP_71_3_fu_884 |   405   |  35.014 |  39496  |  29046  |
|----------|-----------------------------------------------------|---------|---------|---------|---------|
|          |                    empty_fu_1165                    |    0    |    0    |    0    |    18   |
|          |              indvars_iv_next82_fu_1181              |    0    |    0    |    0    |    13   |
|          |                  empty_108_fu_1212                  |    0    |    0    |    0    |    18   |
|          |                  empty_109_fu_1218                  |    0    |    0    |    0    |    13   |
|          |                  empty_110_fu_1244                  |    0    |    0    |    0    |    18   |
|          |                  empty_111_fu_1250                  |    0    |    0    |    0    |    13   |
|          |                  empty_112_fu_1276                  |    0    |    0    |    0    |    18   |
|          |                  empty_113_fu_1282                  |    0    |    0    |    0    |    13   |
|          |                  empty_114_fu_1308                  |    0    |    0    |    0    |    18   |
|          |                  empty_115_fu_1314                  |    0    |    0    |    0    |    13   |
|          |                  empty_116_fu_1340                  |    0    |    0    |    0    |    18   |
|          |                  empty_117_fu_1346                  |    0    |    0    |    0    |    13   |
|          |                  empty_118_fu_1372                  |    0    |    0    |    0    |    18   |
|          |                  empty_119_fu_1378                  |    0    |    0    |    0    |    13   |
|          |                  empty_120_fu_1404                  |    0    |    0    |    0    |    18   |
|          |                  empty_121_fu_1410                  |    0    |    0    |    0    |    13   |
|          |                  empty_122_fu_1436                  |    0    |    0    |    0    |    18   |
|          |                  empty_124_fu_1450                  |    0    |    0    |    0    |    18   |
|          |                  empty_125_fu_1460                  |    0    |    0    |    0    |    18   |
|          |                  empty_126_fu_1470                  |    0    |    0    |    0    |    18   |
|          |                  empty_127_fu_1480                  |    0    |    0    |    0    |    18   |
|          |                  empty_128_fu_1490                  |    0    |    0    |    0    |    18   |
|          |                  empty_129_fu_1500                  |    0    |    0    |    0    |    18   |
|          |                  empty_130_fu_1510                  |    0    |    0    |    0    |    18   |
|          |                  empty_131_fu_1520                  |    0    |    0    |    0    |    18   |
|          |                  empty_132_fu_1530                  |    0    |    0    |    0    |    18   |
|          |                   add_ln69_fu_1550                  |    0    |    0    |    0    |    13   |
|          |                  empty_133_fu_1570                  |    0    |    0    |    0    |    18   |
|          |                  empty_134_fu_1580                  |    0    |    0    |    0    |    18   |
|          |                  empty_135_fu_1590                  |    0    |    0    |    0    |    18   |
|          |                  empty_136_fu_1600                  |    0    |    0    |    0    |    18   |
|          |                  empty_137_fu_1610                  |    0    |    0    |    0    |    18   |
|          |                  empty_138_fu_1620                  |    0    |    0    |    0    |    18   |
|          |                  empty_139_fu_1630                  |    0    |    0    |    0    |    18   |
|          |                  empty_140_fu_1640                  |    0    |    0    |    0    |    18   |
|          |                  empty_141_fu_1650                  |    0    |    0    |    0    |    18   |
|          |                  empty_142_fu_1664                  |    0    |    0    |    0    |    13   |
|          |                  empty_143_fu_1674                  |    0    |    0    |    0    |    18   |
|          |                  empty_152_fu_1684                  |    0    |    0    |    0    |    13   |
|          |                  empty_153_fu_1694                  |    0    |    0    |    0    |    18   |
|          |                  empty_162_fu_1704                  |    0    |    0    |    0    |    13   |
|          |                  empty_163_fu_1714                  |    0    |    0    |    0    |    18   |
|          |                  empty_172_fu_1724                  |    0    |    0    |    0    |    13   |
|          |                  empty_173_fu_1734                  |    0    |    0    |    0    |    18   |
|          |                  empty_182_fu_1744                  |    0    |    0    |    0    |    13   |
|          |                  empty_183_fu_1754                  |    0    |    0    |    0    |    18   |
|          |                  empty_192_fu_1764                  |    0    |    0    |    0    |    13   |
|          |                  empty_193_fu_1774                  |    0    |    0    |    0    |    18   |
|          |                  empty_202_fu_1784                  |    0    |    0    |    0    |    13   |
|          |                  empty_203_fu_1794                  |    0    |    0    |    0    |    18   |
|          |                  empty_144_fu_1804                  |    0    |    0    |    0    |    18   |
|          |                  empty_154_fu_1813                  |    0    |    0    |    0    |    18   |
|    add   |                  empty_164_fu_1822                  |    0    |    0    |    0    |    18   |
|          |                  empty_174_fu_1831                  |    0    |    0    |    0    |    18   |
|          |                  empty_184_fu_1840                  |    0    |    0    |    0    |    18   |
|          |                  empty_194_fu_1849                  |    0    |    0    |    0    |    18   |
|          |                  empty_204_fu_1858                  |    0    |    0    |    0    |    18   |
|          |                  empty_145_fu_1867                  |    0    |    0    |    0    |    18   |
|          |                  empty_155_fu_1876                  |    0    |    0    |    0    |    18   |
|          |                  empty_165_fu_1885                  |    0    |    0    |    0    |    18   |
|          |                  empty_175_fu_1894                  |    0    |    0    |    0    |    18   |
|          |                  empty_185_fu_1903                  |    0    |    0    |    0    |    18   |
|          |                  empty_195_fu_1912                  |    0    |    0    |    0    |    18   |
|          |                  empty_205_fu_1921                  |    0    |    0    |    0    |    18   |
|          |                  empty_146_fu_1930                  |    0    |    0    |    0    |    18   |
|          |                  empty_156_fu_1939                  |    0    |    0    |    0    |    18   |
|          |                  empty_166_fu_1948                  |    0    |    0    |    0    |    18   |
|          |                  empty_176_fu_1957                  |    0    |    0    |    0    |    18   |
|          |                  empty_186_fu_1966                  |    0    |    0    |    0    |    18   |
|          |                  empty_196_fu_1975                  |    0    |    0    |    0    |    18   |
|          |                  empty_206_fu_1984                  |    0    |    0    |    0    |    18   |
|          |                  empty_147_fu_1993                  |    0    |    0    |    0    |    18   |
|          |                  empty_157_fu_2002                  |    0    |    0    |    0    |    18   |
|          |                  empty_167_fu_2011                  |    0    |    0    |    0    |    18   |
|          |                  empty_177_fu_2020                  |    0    |    0    |    0    |    18   |
|          |                  empty_187_fu_2029                  |    0    |    0    |    0    |    18   |
|          |                  empty_197_fu_2038                  |    0    |    0    |    0    |    18   |
|          |                  empty_207_fu_2047                  |    0    |    0    |    0    |    18   |
|          |                  empty_148_fu_2056                  |    0    |    0    |    0    |    18   |
|          |                  empty_158_fu_2065                  |    0    |    0    |    0    |    18   |
|          |                  empty_168_fu_2074                  |    0    |    0    |    0    |    18   |
|          |                  empty_178_fu_2083                  |    0    |    0    |    0    |    18   |
|          |                  empty_188_fu_2092                  |    0    |    0    |    0    |    18   |
|          |                  empty_198_fu_2101                  |    0    |    0    |    0    |    18   |
|          |                  empty_208_fu_2110                  |    0    |    0    |    0    |    18   |
|          |                  empty_149_fu_2119                  |    0    |    0    |    0    |    18   |
|          |                  empty_159_fu_2128                  |    0    |    0    |    0    |    18   |
|          |                  empty_169_fu_2137                  |    0    |    0    |    0    |    18   |
|          |                  empty_179_fu_2146                  |    0    |    0    |    0    |    18   |
|          |                  empty_189_fu_2155                  |    0    |    0    |    0    |    18   |
|          |                  empty_199_fu_2164                  |    0    |    0    |    0    |    18   |
|          |                  empty_209_fu_2173                  |    0    |    0    |    0    |    18   |
|          |                  empty_150_fu_2182                  |    0    |    0    |    0    |    18   |
|          |                  empty_160_fu_2191                  |    0    |    0    |    0    |    18   |
|          |                  empty_170_fu_2200                  |    0    |    0    |    0    |    18   |
|          |                  empty_180_fu_2209                  |    0    |    0    |    0    |    18   |
|          |                  empty_151_fu_2218                  |    0    |    0    |    0    |    18   |
|          |                  empty_161_fu_2222                  |    0    |    0    |    0    |    18   |
|          |                  empty_171_fu_2226                  |    0    |    0    |    0    |    18   |
|          |                  empty_181_fu_2230                  |    0    |    0    |    0    |    18   |
|          |                  empty_190_fu_2234                  |    0    |    0    |    0    |    18   |
|          |                  empty_191_fu_2243                  |    0    |    0    |    0    |    18   |
|          |                  empty_200_fu_2247                  |    0    |    0    |    0    |    18   |
|          |                  empty_201_fu_2256                  |    0    |    0    |    0    |    18   |
|          |                  empty_210_fu_2260                  |    0    |    0    |    0    |    18   |
|          |                  empty_211_fu_2264                  |    0    |    0    |    0    |    18   |
|----------|-----------------------------------------------------|---------|---------|---------|---------|
|          |                  icmp_ln68_fu_1175                  |    0    |    0    |    0    |    13   |
|   icmp   |                     cmp5_fu_1187                    |    0    |    0    |    0    |    15   |
|          |                  icmp_ln69_fu_1544                  |    0    |    0    |    0    |    13   |
|          |                  icmp_ln70_fu_1556                  |    0    |    0    |    0    |    15   |
|----------|-----------------------------------------------------|---------|---------|---------|---------|
|    and   |                   and_ln70_fu_1561                  |    0    |    0    |    0    |    2    |
|----------|-----------------------------------------------------|---------|---------|---------|---------|
|   read   |                 tH_read_read_fu_220                 |    0    |    0    |    0    |    0    |
|          |                 tW_read_read_fu_226                 |    0    |    0    |    0    |    0    |
|----------|-----------------------------------------------------|---------|---------|---------|---------|
|          |                     tmp_fu_1145                     |    0    |    0    |    0    |    0    |
|          |                    tmp_s_fu_1153                    |    0    |    0    |    0    |    0    |
|          |                   tmp_154_fu_1192                   |    0    |    0    |    0    |    0    |
|          |                   tmp_155_fu_1200                   |    0    |    0    |    0    |    0    |
|          |                   tmp_156_fu_1224                   |    0    |    0    |    0    |    0    |
|          |                   tmp_157_fu_1232                   |    0    |    0    |    0    |    0    |
|          |                   tmp_158_fu_1256                   |    0    |    0    |    0    |    0    |
|          |                   tmp_159_fu_1264                   |    0    |    0    |    0    |    0    |
|bitconcatenate|                   tmp_160_fu_1288                   |    0    |    0    |    0    |    0    |
|          |                   tmp_161_fu_1296                   |    0    |    0    |    0    |    0    |
|          |                   tmp_162_fu_1320                   |    0    |    0    |    0    |    0    |
|          |                   tmp_163_fu_1328                   |    0    |    0    |    0    |    0    |
|          |                   tmp_164_fu_1352                   |    0    |    0    |    0    |    0    |
|          |                   tmp_165_fu_1360                   |    0    |    0    |    0    |    0    |
|          |                   tmp_166_fu_1384                   |    0    |    0    |    0    |    0    |
|          |                   tmp_167_fu_1392                   |    0    |    0    |    0    |    0    |
|          |                   tmp_168_fu_1416                   |    0    |    0    |    0    |    0    |
|          |                   tmp_169_fu_1424                   |    0    |    0    |    0    |    0    |
|----------|-----------------------------------------------------|---------|---------|---------|---------|
|          |                 tmp_167_cast_fu_1161                |    0    |    0    |    0    |    0    |
|          |                  zext_ln68_fu_1171                  |    0    |    0    |    0    |    0    |
|          |                 tmp_169_cast_fu_1208                |    0    |    0    |    0    |    0    |
|          |                 tmp_171_cast_fu_1240                |    0    |    0    |    0    |    0    |
|          |                 tmp_173_cast_fu_1272                |    0    |    0    |    0    |    0    |
|          |                 tmp_175_cast_fu_1304                |    0    |    0    |    0    |    0    |
|          |                 tmp_177_cast_fu_1336                |    0    |    0    |    0    |    0    |
|          |                 tmp_179_cast_fu_1368                |    0    |    0    |    0    |    0    |
|          |                 tmp_181_cast_fu_1400                |    0    |    0    |    0    |    0    |
|          |                 tmp_183_cast_fu_1432                |    0    |    0    |    0    |    0    |
|          |                   tw_cast_fu_1446                   |    0    |    0    |    0    |    0    |
|          |                  p_cast1000_fu_1455                 |    0    |    0    |    0    |    0    |
|          |                  p_cast1001_fu_1465                 |    0    |    0    |    0    |    0    |
|          |                  p_cast1002_fu_1475                 |    0    |    0    |    0    |    0    |
|          |                  p_cast1003_fu_1485                 |    0    |    0    |    0    |    0    |
|          |                  p_cast1004_fu_1495                 |    0    |    0    |    0    |    0    |
|          |                  p_cast1005_fu_1505                 |    0    |    0    |    0    |    0    |
|          |                  p_cast1006_fu_1515                 |    0    |    0    |    0    |    0    |
|          |                  p_cast1007_fu_1525                 |    0    |    0    |    0    |    0    |
|          |                  p_cast1008_fu_1535                 |    0    |    0    |    0    |    0    |
|          |                  zext_ln69_fu_1540                  |    0    |    0    |    0    |    0    |
|          |                add_ln69_cast_fu_1566                |    0    |    0    |    0    |    0    |
|          |                  p_cast1009_fu_1575                 |    0    |    0    |    0    |    0    |
|          |                  p_cast1010_fu_1585                 |    0    |    0    |    0    |    0    |
|          |                  p_cast1011_fu_1595                 |    0    |    0    |    0    |    0    |
|          |                  p_cast1012_fu_1605                 |    0    |    0    |    0    |    0    |
|          |                  p_cast1013_fu_1615                 |    0    |    0    |    0    |    0    |
|          |                  p_cast1014_fu_1625                 |    0    |    0    |    0    |    0    |
|          |                  p_cast1015_fu_1635                 |    0    |    0    |    0    |    0    |
|          |                  p_cast1016_fu_1645                 |    0    |    0    |    0    |    0    |
|          |                  p_cast1017_fu_1655                 |    0    |    0    |    0    |    0    |
|          |                    p_cast_fu_1670                   |    0    |    0    |    0    |    0    |
|          |                  p_cast1018_fu_1679                 |    0    |    0    |    0    |    0    |
|          |                  p_cast993_fu_1690                  |    0    |    0    |    0    |    0    |
|          |                  p_cast1027_fu_1699                 |    0    |    0    |    0    |    0    |
|          |                  p_cast994_fu_1710                  |    0    |    0    |    0    |    0    |
|          |                  p_cast1036_fu_1719                 |    0    |    0    |    0    |    0    |
|          |                  p_cast995_fu_1730                  |    0    |    0    |    0    |    0    |
|          |                  p_cast1045_fu_1739                 |    0    |    0    |    0    |    0    |
|          |                  p_cast996_fu_1750                  |    0    |    0    |    0    |    0    |
|          |                  p_cast1054_fu_1759                 |    0    |    0    |    0    |    0    |
|          |                  p_cast997_fu_1770                  |    0    |    0    |    0    |    0    |
|          |                  p_cast1063_fu_1779                 |    0    |    0    |    0    |    0    |
|          |                  p_cast998_fu_1790                  |    0    |    0    |    0    |    0    |
|          |                  p_cast1072_fu_1799                 |    0    |    0    |    0    |    0    |
|          |                  p_cast1019_fu_1808                 |    0    |    0    |    0    |    0    |
|          |                  p_cast1028_fu_1817                 |    0    |    0    |    0    |    0    |
|          |                  p_cast1037_fu_1826                 |    0    |    0    |    0    |    0    |
|          |                  p_cast1046_fu_1835                 |    0    |    0    |    0    |    0    |
|          |                  p_cast1055_fu_1844                 |    0    |    0    |    0    |    0    |
|   zext   |                  p_cast1064_fu_1853                 |    0    |    0    |    0    |    0    |
|          |                  p_cast1073_fu_1862                 |    0    |    0    |    0    |    0    |
|          |                  p_cast1020_fu_1871                 |    0    |    0    |    0    |    0    |
|          |                  p_cast1029_fu_1880                 |    0    |    0    |    0    |    0    |
|          |                  p_cast1038_fu_1889                 |    0    |    0    |    0    |    0    |
|          |                  p_cast1047_fu_1898                 |    0    |    0    |    0    |    0    |
|          |                  p_cast1056_fu_1907                 |    0    |    0    |    0    |    0    |
|          |                  p_cast1065_fu_1916                 |    0    |    0    |    0    |    0    |
|          |                  p_cast1074_fu_1925                 |    0    |    0    |    0    |    0    |
|          |                  p_cast1021_fu_1934                 |    0    |    0    |    0    |    0    |
|          |                  p_cast1030_fu_1943                 |    0    |    0    |    0    |    0    |
|          |                  p_cast1039_fu_1952                 |    0    |    0    |    0    |    0    |
|          |                  p_cast1048_fu_1961                 |    0    |    0    |    0    |    0    |
|          |                  p_cast1057_fu_1970                 |    0    |    0    |    0    |    0    |
|          |                  p_cast1066_fu_1979                 |    0    |    0    |    0    |    0    |
|          |                  p_cast1075_fu_1988                 |    0    |    0    |    0    |    0    |
|          |                  p_cast1022_fu_1997                 |    0    |    0    |    0    |    0    |
|          |                  p_cast1031_fu_2006                 |    0    |    0    |    0    |    0    |
|          |                  p_cast1040_fu_2015                 |    0    |    0    |    0    |    0    |
|          |                  p_cast1049_fu_2024                 |    0    |    0    |    0    |    0    |
|          |                  p_cast1058_fu_2033                 |    0    |    0    |    0    |    0    |
|          |                  p_cast1067_fu_2042                 |    0    |    0    |    0    |    0    |
|          |                  p_cast1076_fu_2051                 |    0    |    0    |    0    |    0    |
|          |                  p_cast1023_fu_2060                 |    0    |    0    |    0    |    0    |
|          |                  p_cast1032_fu_2069                 |    0    |    0    |    0    |    0    |
|          |                  p_cast1041_fu_2078                 |    0    |    0    |    0    |    0    |
|          |                  p_cast1050_fu_2087                 |    0    |    0    |    0    |    0    |
|          |                  p_cast1059_fu_2096                 |    0    |    0    |    0    |    0    |
|          |                  p_cast1068_fu_2105                 |    0    |    0    |    0    |    0    |
|          |                  p_cast1077_fu_2114                 |    0    |    0    |    0    |    0    |
|          |                  p_cast1024_fu_2123                 |    0    |    0    |    0    |    0    |
|          |                  p_cast1033_fu_2132                 |    0    |    0    |    0    |    0    |
|          |                  p_cast1042_fu_2141                 |    0    |    0    |    0    |    0    |
|          |                  p_cast1051_fu_2150                 |    0    |    0    |    0    |    0    |
|          |                  p_cast1060_fu_2159                 |    0    |    0    |    0    |    0    |
|          |                  p_cast1069_fu_2168                 |    0    |    0    |    0    |    0    |
|          |                  p_cast1078_fu_2177                 |    0    |    0    |    0    |    0    |
|          |                  p_cast1025_fu_2186                 |    0    |    0    |    0    |    0    |
|          |                  p_cast1034_fu_2195                 |    0    |    0    |    0    |    0    |
|          |                  p_cast1043_fu_2204                 |    0    |    0    |    0    |    0    |
|          |                  p_cast1052_fu_2213                 |    0    |    0    |    0    |    0    |
|          |                  p_cast1061_fu_2238                 |    0    |    0    |    0    |    0    |
|          |                  p_cast1070_fu_2251                 |    0    |    0    |    0    |    0    |
|          |                  p_cast1079_fu_2268                 |    0    |    0    |    0    |    0    |
|          |                  p_cast1026_fu_2272                 |    0    |    0    |    0    |    0    |
|          |                  p_cast1035_fu_2276                 |    0    |    0    |    0    |    0    |
|          |                  p_cast1044_fu_2280                 |    0    |    0    |    0    |    0    |
|          |                  p_cast1053_fu_2284                 |    0    |    0    |    0    |    0    |
|          |                  p_cast1062_fu_2288                 |    0    |    0    |    0    |    0    |
|          |                  p_cast1071_fu_2292                 |    0    |    0    |    0    |    0    |
|          |                  p_cast1080_fu_2296                 |    0    |    0    |    0    |    0    |
|----------|-----------------------------------------------------|---------|---------|---------|---------|
|   trunc  |                  empty_123_fu_1442                  |    0    |    0    |    0    |    0    |
|----------|-----------------------------------------------------|---------|---------|---------|---------|
|   Total  |                                                     |   405   |  35.014 |  39496  |  30932  |
|----------|-----------------------------------------------------|---------|---------|---------|---------|

Memories:
N/A

* Register list:
+----------------------------+--------+
|                            |   FF   |
+----------------------------+--------+
|      add_ln69_reg_2505     |    6   |
|      and_ln70_reg_2510     |    1   |
|        cmp5_reg_2343       |    1   |
|     empty_108_reg_2348     |   11   |
|     empty_110_reg_2361     |   11   |
|     empty_112_reg_2374     |   11   |
|     empty_114_reg_2387     |   11   |
|     empty_116_reg_2400     |   11   |
|     empty_118_reg_2413     |   11   |
|     empty_120_reg_2426     |   11   |
|     empty_122_reg_2439     |   11   |
|     empty_123_reg_2452     |    5   |
|     empty_151_reg_3243     |   11   |
|     empty_161_reg_3248     |   11   |
|     empty_171_reg_3253     |   11   |
|     empty_181_reg_3258     |   11   |
|     empty_191_reg_3268     |   11   |
|     empty_201_reg_3278     |   11   |
|     empty_210_reg_3283     |   11   |
|     empty_211_reg_3288     |   11   |
|       empty_reg_2322       |   11   |
|in_tile_1_0_addr_10_reg_2519|   11   |
|in_tile_1_0_addr_11_reg_2723|   11   |
|in_tile_1_0_addr_12_reg_2728|   11   |
|in_tile_1_0_addr_13_reg_2743|   11   |
|in_tile_1_0_addr_14_reg_2748|   11   |
|in_tile_1_0_addr_15_reg_2763|   11   |
|in_tile_1_0_addr_16_reg_2768|   11   |
|in_tile_1_0_addr_17_reg_2783|   11   |
|in_tile_1_0_addr_18_reg_2467|   11   |
|in_tile_1_0_addr_19_reg_2524|   11   |
| in_tile_1_0_addr_1_reg_2514|   11   |
|in_tile_1_0_addr_20_reg_2798|   11   |
|in_tile_1_0_addr_21_reg_2813|   11   |
|in_tile_1_0_addr_22_reg_2818|   11   |
|in_tile_1_0_addr_23_reg_2833|   11   |
|in_tile_1_0_addr_24_reg_2838|   11   |
|in_tile_1_0_addr_25_reg_2853|   11   |
|in_tile_1_0_addr_26_reg_2858|   11   |
|in_tile_1_0_addr_27_reg_2472|   11   |
|in_tile_1_0_addr_28_reg_2529|   11   |
|in_tile_1_0_addr_29_reg_2883|   11   |
| in_tile_1_0_addr_2_reg_2571|   11   |
|in_tile_1_0_addr_30_reg_2888|   11   |
|in_tile_1_0_addr_31_reg_2903|   11   |
|in_tile_1_0_addr_32_reg_2908|   11   |
|in_tile_1_0_addr_33_reg_2923|   11   |
|in_tile_1_0_addr_34_reg_2928|   11   |
|in_tile_1_0_addr_35_reg_2943|   11   |
|in_tile_1_0_addr_36_reg_2477|   11   |
|in_tile_1_0_addr_37_reg_2534|   11   |
|in_tile_1_0_addr_38_reg_2958|   11   |
|in_tile_1_0_addr_39_reg_2973|   11   |
| in_tile_1_0_addr_3_reg_2593|   11   |
|in_tile_1_0_addr_40_reg_2978|   11   |
|in_tile_1_0_addr_41_reg_2993|   11   |
|in_tile_1_0_addr_42_reg_2998|   11   |
|in_tile_1_0_addr_43_reg_3013|   11   |
|in_tile_1_0_addr_44_reg_3018|   11   |
|in_tile_1_0_addr_45_reg_2482|   11   |
|in_tile_1_0_addr_46_reg_2539|   11   |
|in_tile_1_0_addr_47_reg_3043|   11   |
|in_tile_1_0_addr_48_reg_3048|   11   |
|in_tile_1_0_addr_49_reg_3063|   11   |
| in_tile_1_0_addr_4_reg_2610|   11   |
|in_tile_1_0_addr_50_reg_3068|   11   |
|in_tile_1_0_addr_51_reg_3083|   11   |
|in_tile_1_0_addr_52_reg_3088|   11   |
|in_tile_1_0_addr_53_reg_3103|   11   |
|in_tile_1_0_addr_54_reg_2487|   11   |
|in_tile_1_0_addr_55_reg_2544|   11   |
|in_tile_1_0_addr_56_reg_3118|   11   |
|in_tile_1_0_addr_57_reg_3133|   11   |
|in_tile_1_0_addr_58_reg_3138|   11   |
|in_tile_1_0_addr_59_reg_3153|   11   |
| in_tile_1_0_addr_5_reg_2637|   11   |
|in_tile_1_0_addr_60_reg_3158|   11   |
|in_tile_1_0_addr_61_reg_3173|   11   |
|in_tile_1_0_addr_62_reg_3178|   11   |
|in_tile_1_0_addr_63_reg_2492|   11   |
|in_tile_1_0_addr_64_reg_2549|   11   |
|in_tile_1_0_addr_65_reg_3203|   11   |
|in_tile_1_0_addr_66_reg_3208|   11   |
|in_tile_1_0_addr_67_reg_3223|   11   |
|in_tile_1_0_addr_68_reg_3228|   11   |
|in_tile_1_0_addr_69_reg_3263|   11   |
| in_tile_1_0_addr_6_reg_2654|   11   |
|in_tile_1_0_addr_70_reg_3273|   11   |
|in_tile_1_0_addr_71_reg_3303|   11   |
|in_tile_1_0_addr_72_reg_2497|   11   |
|in_tile_1_0_addr_73_reg_2554|   11   |
|in_tile_1_0_addr_74_reg_3318|   11   |
|in_tile_1_0_addr_75_reg_3333|   11   |
|in_tile_1_0_addr_76_reg_3338|   11   |
|in_tile_1_0_addr_77_reg_3353|   11   |
|in_tile_1_0_addr_78_reg_3358|   11   |
|in_tile_1_0_addr_79_reg_3373|   11   |
| in_tile_1_0_addr_7_reg_2681|   11   |
|in_tile_1_0_addr_80_reg_3378|   11   |
| in_tile_1_0_addr_8_reg_2698|   11   |
| in_tile_1_0_addr_9_reg_2462|   11   |
|  in_tile_1_0_addr_reg_2457 |   11   |
|in_tile_1_0_load_10_reg_2738|   32   |
|in_tile_1_0_load_11_reg_2753|   32   |
|in_tile_1_0_load_12_reg_2758|   32   |
|in_tile_1_0_load_13_reg_2773|   32   |
|in_tile_1_0_load_14_reg_2778|   32   |
|in_tile_1_0_load_15_reg_2788|   32   |
|in_tile_1_0_load_16_reg_2793|   32   |
|in_tile_1_0_load_17_reg_2803|   32   |
|in_tile_1_0_load_18_reg_2808|   32   |
|in_tile_1_0_load_19_reg_2823|   32   |
| in_tile_1_0_load_1_reg_2615|   32   |
|in_tile_1_0_load_20_reg_2828|   32   |
|in_tile_1_0_load_21_reg_2843|   32   |
|in_tile_1_0_load_22_reg_2848|   32   |
|in_tile_1_0_load_23_reg_2863|   32   |
|in_tile_1_0_load_24_reg_2868|   32   |
|in_tile_1_0_load_25_reg_2873|   32   |
|in_tile_1_0_load_26_reg_2878|   32   |
|in_tile_1_0_load_27_reg_2893|   32   |
|in_tile_1_0_load_28_reg_2898|   32   |
|in_tile_1_0_load_29_reg_2913|   32   |
| in_tile_1_0_load_2_reg_2620|   32   |
|in_tile_1_0_load_30_reg_2918|   32   |
|in_tile_1_0_load_31_reg_2933|   32   |
|in_tile_1_0_load_32_reg_2938|   32   |
|in_tile_1_0_load_33_reg_2948|   32   |
|in_tile_1_0_load_34_reg_2953|   32   |
|in_tile_1_0_load_35_reg_2963|   32   |
|in_tile_1_0_load_36_reg_2968|   32   |
|in_tile_1_0_load_37_reg_2983|   32   |
|in_tile_1_0_load_38_reg_2988|   32   |
|in_tile_1_0_load_39_reg_3003|   32   |
| in_tile_1_0_load_3_reg_2659|   32   |
|in_tile_1_0_load_40_reg_3008|   32   |
|in_tile_1_0_load_41_reg_3023|   32   |
|in_tile_1_0_load_42_reg_3028|   32   |
|in_tile_1_0_load_43_reg_3033|   32   |
|in_tile_1_0_load_44_reg_3038|   32   |
|in_tile_1_0_load_45_reg_3053|   32   |
|in_tile_1_0_load_46_reg_3058|   32   |
|in_tile_1_0_load_47_reg_3073|   32   |
|in_tile_1_0_load_48_reg_3078|   32   |
|in_tile_1_0_load_49_reg_3093|   32   |
| in_tile_1_0_load_4_reg_2664|   32   |
|in_tile_1_0_load_50_reg_3098|   32   |
|in_tile_1_0_load_51_reg_3108|   32   |
|in_tile_1_0_load_52_reg_3113|   32   |
|in_tile_1_0_load_53_reg_3123|   32   |
|in_tile_1_0_load_54_reg_3128|   32   |
|in_tile_1_0_load_55_reg_3143|   32   |
|in_tile_1_0_load_56_reg_3148|   32   |
|in_tile_1_0_load_57_reg_3163|   32   |
|in_tile_1_0_load_58_reg_3168|   32   |
|in_tile_1_0_load_59_reg_3183|   32   |
| in_tile_1_0_load_5_reg_2703|   32   |
|in_tile_1_0_load_60_reg_3188|   32   |
|in_tile_1_0_load_61_reg_3193|   32   |
|in_tile_1_0_load_62_reg_3198|   32   |
|in_tile_1_0_load_63_reg_3213|   32   |
|in_tile_1_0_load_64_reg_3218|   32   |
|in_tile_1_0_load_65_reg_3233|   32   |
|in_tile_1_0_load_66_reg_3238|   32   |
|in_tile_1_0_load_67_reg_3293|   32   |
|in_tile_1_0_load_68_reg_3298|   32   |
|in_tile_1_0_load_69_reg_3308|   32   |
| in_tile_1_0_load_6_reg_2708|   32   |
|in_tile_1_0_load_70_reg_3313|   32   |
|in_tile_1_0_load_71_reg_3323|   32   |
|in_tile_1_0_load_72_reg_3328|   32   |
|in_tile_1_0_load_73_reg_3343|   32   |
|in_tile_1_0_load_74_reg_3348|   32   |
|in_tile_1_0_load_75_reg_3363|   32   |
|in_tile_1_0_load_76_reg_3368|   32   |
|in_tile_1_0_load_77_reg_3383|   32   |
|in_tile_1_0_load_78_reg_3388|   32   |
|in_tile_1_0_load_79_reg_3393|   32   |
| in_tile_1_0_load_7_reg_2713|   32   |
|in_tile_1_0_load_80_reg_3398|   32   |
| in_tile_1_0_load_8_reg_2718|   32   |
| in_tile_1_0_load_9_reg_2733|   32   |
|  in_tile_1_0_load_reg_2576 |   32   |
| indvars_iv_next82_reg_2338 |    6   |
|     p_cast993_reg_2581     |   11   |
|     p_cast994_reg_2598     |   11   |
|     p_cast995_reg_2625     |   11   |
|     p_cast996_reg_2642     |   11   |
|     p_cast997_reg_2669     |   11   |
|     p_cast998_reg_2686     |   11   |
|       p_cast_reg_2559      |   11   |
|      tH_read_reg_2307      |    8   |
|      tW_read_reg_2312      |    8   |
|        th_7_reg_2317       |    6   |
|         th_reg_2300        |    6   |
|         tw_reg_872         |    6   |
+----------------------------+--------+
|            Total           |  3800  |
+----------------------------+--------+

* Multiplexer (MUX) list: 
|-----------------------------------------------------|------|------|------|--------||---------||---------|
|                         Comp                        |  Pin | Size |  BW  | S x BW ||  Delay  ||   LUT   |
|-----------------------------------------------------|------|------|------|--------||---------||---------|
|                  grp_access_fu_358                  |  p0  |  74  |  11  |   814  ||   389   |
|                  grp_access_fu_358                  |  p2  |  71  |   0  |    0   ||   354   |
|                      tw_reg_872                     |  p0  |   2  |   6  |   12   ||    9    |
| grp_compute_tile_c1_Pipeline_VITIS_LOOP_71_3_fu_884 |  p82 |   2  |  32  |   64   ||    9    |
| grp_compute_tile_c1_Pipeline_VITIS_LOOP_71_3_fu_884 |  p83 |   2  |  32  |   64   ||    9    |
|-----------------------------------------------------|------|------|------|--------||---------||---------|
|                        Total                        |      |      |      |   954  || 3.60564 ||   770   |
|-----------------------------------------------------|------|------|------|--------||---------||---------|



* Summary:
+-----------+--------+--------+--------+--------+
|           |   DSP  |  Delay |   FF   |   LUT  |
+-----------+--------+--------+--------+--------+
|  Function |   405  |   35   |  39496 |  30932 |
|   Memory  |    -   |    -   |    -   |    -   |
|Multiplexer|    -   |    3   |    -   |   770  |
|  Register |    -   |    -   |  3800  |    -   |
+-----------+--------+--------+--------+--------+
|   Total   |   405  |   38   |  43296 |  31702 |
+-----------+--------+--------+--------+--------+
