

================================================================
== Vitis HLS Report for 'compute_tile_c3_Pipeline_VITIS_LOOP_77_3'
================================================================
* Date:           Fri Oct 31 01:54:52 2025

* Version:        2023.1 (Build 3854077 on May  4 2023)
* Project:        srcnn_hls
* Solution:       solution1 (Vivado IP Flow Target)
* Product family: zynquplus
* Target device:  xck26-sfvc784-2LV-c


================================================================
== Performance Estimates
================================================================
+ Timing: 
    * Summary: 
    +--------+----------+----------+------------+
    |  Clock |  Target  | Estimated| Uncertainty|
    +--------+----------+----------+------------+
    |ap_clk  |  10.00 ns|  7.016 ns|     2.70 ns|
    +--------+----------+----------+------------+

+ Latency: 
    * Summary: 
    +---------+---------+----------+----------+-----+-----+---------+
    |  Latency (cycles) |  Latency (absolute) |  Interval | Pipeline|
    |   min   |   max   |    min   |    max   | min | max |   Type  |
    +---------+---------+----------+----------+-----+-----+---------+
    |      114|      114|  1.140 us|  1.140 us|  114|  114|       no|
    +---------+---------+----------+----------+-----+-----+---------+

    + Detail: 
        * Instance: 
        N/A

        * Loop: 
        +-------------------+---------+---------+----------+-----------+-----------+------+----------+
        |                   |  Latency (cycles) | Iteration|  Initiation Interval  | Trip |          |
        |     Loop Name     |   min   |   max   |  Latency |  achieved |   target  | Count| Pipelined|
        +-------------------+---------+---------+----------+-----------+-----------+------+----------+
        |- VITIS_LOOP_77_3  |      112|      112|       106|          1|          1|     8|       yes|
        +-------------------+---------+---------+----------+-----------+-----------+------+----------+

============================================================
+ Verbose Summary: Synthesis Manager
============================================================
InlineROM: 1
ExposeGlobal: 0
============================================================
+ Verbose Summary: CDFG Model
============================================================
IsTopModel: 0
ResetActiveHigh: 1
IsCombinational: 0
IsDatapathOnly: 0
HasWiredReturn: 1
HasMFsm: 2
HasVarLatency: 1
IsPipeline: 0
IsRtlPipelined: 0
IsInstanceOverlapped: 0
IsDontTouch: 0
HasImplIP: 0
IsGatedGlobalClock: 0

+ Individual pipeline summary: 
  * Pipeline-0: initiation interval (II) = 1, depth = 106


============================================================
+ Verbose Summary: Schedule
============================================================
* Number of FSM states : 106
* Pipeline : 1
  Pipeline-0 : II = 1, D = 106, States = { 1 2 3 4 5 6 7 8 9 10 11 12 13 14 15 16 17 18 19 20 21 22 23 24 25 26 27 28 29 30 31 32 33 34 35 36 37 38 39 40 41 42 43 44 45 46 47 48 49 50 51 52 53 54 55 56 57 58 59 60 61 62 63 64 65 66 67 68 69 70 71 72 73 74 75 76 77 78 79 80 81 82 83 84 85 86 87 88 89 90 91 92 93 94 95 96 97 98 99 100 101 102 103 104 105 106 }
* Dataflow Pipeline: 0

* FSM state transitions: 
1 --> 2 
2 --> 3 
3 --> 4 
4 --> 5 
5 --> 6 
6 --> 7 
7 --> 8 
8 --> 9 
9 --> 10 
10 --> 11 
11 --> 12 
12 --> 13 
13 --> 14 
14 --> 15 
15 --> 16 
16 --> 17 
17 --> 18 
18 --> 19 
19 --> 20 
20 --> 21 
21 --> 22 
22 --> 23 
23 --> 24 
24 --> 25 
25 --> 26 
26 --> 27 
27 --> 28 
28 --> 29 
29 --> 30 
30 --> 31 
31 --> 32 
32 --> 33 
33 --> 34 
34 --> 35 
35 --> 36 
36 --> 37 
37 --> 38 
38 --> 39 
39 --> 40 
40 --> 41 
41 --> 42 
42 --> 43 
43 --> 44 
44 --> 45 
45 --> 46 
46 --> 47 
47 --> 48 
48 --> 49 
49 --> 50 
50 --> 51 
51 --> 52 
52 --> 53 
53 --> 54 
54 --> 55 
55 --> 56 
56 --> 57 
57 --> 58 
58 --> 59 
59 --> 60 
60 --> 61 
61 --> 62 
62 --> 63 
63 --> 64 
64 --> 65 
65 --> 66 
66 --> 67 
67 --> 68 
68 --> 69 
69 --> 70 
70 --> 71 
71 --> 72 
72 --> 73 
73 --> 74 
74 --> 75 
75 --> 76 
76 --> 77 
77 --> 78 
78 --> 79 
79 --> 80 
80 --> 81 
81 --> 82 
82 --> 83 
83 --> 84 
84 --> 85 
85 --> 86 
86 --> 87 
87 --> 88 
88 --> 89 
89 --> 90 
90 --> 91 
91 --> 92 
92 --> 93 
93 --> 94 
94 --> 95 
95 --> 96 
96 --> 97 
97 --> 98 
98 --> 99 
99 --> 100 
100 --> 101 
101 --> 102 
102 --> 103 
103 --> 104 
104 --> 105 
105 --> 106 
106 --> 

* FSM state operations: 

State 1 <SV = 0> <Delay = 1.22>
ST_1 : Operation 109 [1/1] (0.00ns)   --->   "%tn = alloca i32 1"   --->   Operation 109 'alloca' 'tn' <Predicate = true> <Delay = 0.00>
ST_1 : Operation 110 [1/1] (0.00ns)   --->   "%p_ZZ5conv3PA255_A255_fPA32_A5_A5_fPfS1_E7in_tile_4_3_0_load_24_read = read i32 @_ssdm_op_Read.ap_auto.float, i32 %p_ZZ5conv3PA255_A255_fPA32_A5_A5_fPfS1_E7in_tile_4_3_0_load_24"   --->   Operation 110 'read' 'p_ZZ5conv3PA255_A255_fPA32_A5_A5_fPfS1_E7in_tile_4_3_0_load_24_read' <Predicate = true> <Delay = 0.00>
ST_1 : Operation 111 [1/1] (0.00ns)   --->   "%p_ZZ5conv3PA255_A255_fPA32_A5_A5_fPfS1_E7in_tile_4_2_0_load_24_read = read i32 @_ssdm_op_Read.ap_auto.float, i32 %p_ZZ5conv3PA255_A255_fPA32_A5_A5_fPfS1_E7in_tile_4_2_0_load_24"   --->   Operation 111 'read' 'p_ZZ5conv3PA255_A255_fPA32_A5_A5_fPfS1_E7in_tile_4_2_0_load_24_read' <Predicate = true> <Delay = 0.00>
ST_1 : Operation 112 [1/1] (0.00ns)   --->   "%p_ZZ5conv3PA255_A255_fPA32_A5_A5_fPfS1_E7in_tile_4_1_0_load_24_read = read i32 @_ssdm_op_Read.ap_auto.float, i32 %p_ZZ5conv3PA255_A255_fPA32_A5_A5_fPfS1_E7in_tile_4_1_0_load_24"   --->   Operation 112 'read' 'p_ZZ5conv3PA255_A255_fPA32_A5_A5_fPfS1_E7in_tile_4_1_0_load_24_read' <Predicate = true> <Delay = 0.00>
ST_1 : Operation 113 [1/1] (0.00ns)   --->   "%p_ZZ5conv3PA255_A255_fPA32_A5_A5_fPfS1_E7in_tile_4_0_0_load_24_read = read i32 @_ssdm_op_Read.ap_auto.float, i32 %p_ZZ5conv3PA255_A255_fPA32_A5_A5_fPfS1_E7in_tile_4_0_0_load_24"   --->   Operation 113 'read' 'p_ZZ5conv3PA255_A255_fPA32_A5_A5_fPfS1_E7in_tile_4_0_0_load_24_read' <Predicate = true> <Delay = 0.00>
ST_1 : Operation 114 [1/1] (0.00ns)   --->   "%p_ZZ5conv3PA255_A255_fPA32_A5_A5_fPfS1_E7in_tile_4_4_0_load_24_read = read i32 @_ssdm_op_Read.ap_auto.float, i32 %p_ZZ5conv3PA255_A255_fPA32_A5_A5_fPfS1_E7in_tile_4_4_0_load_24"   --->   Operation 114 'read' 'p_ZZ5conv3PA255_A255_fPA32_A5_A5_fPfS1_E7in_tile_4_4_0_load_24_read' <Predicate = true> <Delay = 0.00>
ST_1 : Operation 115 [1/1] (0.00ns)   --->   "%p_ZZ5conv3PA255_A255_fPA32_A5_A5_fPfS1_E7in_tile_3_3_0_load_24_read = read i32 @_ssdm_op_Read.ap_auto.float, i32 %p_ZZ5conv3PA255_A255_fPA32_A5_A5_fPfS1_E7in_tile_3_3_0_load_24"   --->   Operation 115 'read' 'p_ZZ5conv3PA255_A255_fPA32_A5_A5_fPfS1_E7in_tile_3_3_0_load_24_read' <Predicate = true> <Delay = 0.00>
ST_1 : Operation 116 [1/1] (0.00ns)   --->   "%p_ZZ5conv3PA255_A255_fPA32_A5_A5_fPfS1_E7in_tile_3_2_0_load_24_read = read i32 @_ssdm_op_Read.ap_auto.float, i32 %p_ZZ5conv3PA255_A255_fPA32_A5_A5_fPfS1_E7in_tile_3_2_0_load_24"   --->   Operation 116 'read' 'p_ZZ5conv3PA255_A255_fPA32_A5_A5_fPfS1_E7in_tile_3_2_0_load_24_read' <Predicate = true> <Delay = 0.00>
ST_1 : Operation 117 [1/1] (0.00ns)   --->   "%p_ZZ5conv3PA255_A255_fPA32_A5_A5_fPfS1_E7in_tile_3_1_0_load_24_read = read i32 @_ssdm_op_Read.ap_auto.float, i32 %p_ZZ5conv3PA255_A255_fPA32_A5_A5_fPfS1_E7in_tile_3_1_0_load_24"   --->   Operation 117 'read' 'p_ZZ5conv3PA255_A255_fPA32_A5_A5_fPfS1_E7in_tile_3_1_0_load_24_read' <Predicate = true> <Delay = 0.00>
ST_1 : Operation 118 [1/1] (0.00ns)   --->   "%p_ZZ5conv3PA255_A255_fPA32_A5_A5_fPfS1_E7in_tile_3_0_0_load_24_read = read i32 @_ssdm_op_Read.ap_auto.float, i32 %p_ZZ5conv3PA255_A255_fPA32_A5_A5_fPfS1_E7in_tile_3_0_0_load_24"   --->   Operation 118 'read' 'p_ZZ5conv3PA255_A255_fPA32_A5_A5_fPfS1_E7in_tile_3_0_0_load_24_read' <Predicate = true> <Delay = 0.00>
ST_1 : Operation 119 [1/1] (0.00ns)   --->   "%p_ZZ5conv3PA255_A255_fPA32_A5_A5_fPfS1_E7in_tile_3_4_0_load_24_read = read i32 @_ssdm_op_Read.ap_auto.float, i32 %p_ZZ5conv3PA255_A255_fPA32_A5_A5_fPfS1_E7in_tile_3_4_0_load_24"   --->   Operation 119 'read' 'p_ZZ5conv3PA255_A255_fPA32_A5_A5_fPfS1_E7in_tile_3_4_0_load_24_read' <Predicate = true> <Delay = 0.00>
ST_1 : Operation 120 [1/1] (0.00ns)   --->   "%p_ZZ5conv3PA255_A255_fPA32_A5_A5_fPfS1_E7in_tile_2_3_0_load_24_read = read i32 @_ssdm_op_Read.ap_auto.float, i32 %p_ZZ5conv3PA255_A255_fPA32_A5_A5_fPfS1_E7in_tile_2_3_0_load_24"   --->   Operation 120 'read' 'p_ZZ5conv3PA255_A255_fPA32_A5_A5_fPfS1_E7in_tile_2_3_0_load_24_read' <Predicate = true> <Delay = 0.00>
ST_1 : Operation 121 [1/1] (0.00ns)   --->   "%p_ZZ5conv3PA255_A255_fPA32_A5_A5_fPfS1_E7in_tile_2_2_0_load_24_read = read i32 @_ssdm_op_Read.ap_auto.float, i32 %p_ZZ5conv3PA255_A255_fPA32_A5_A5_fPfS1_E7in_tile_2_2_0_load_24"   --->   Operation 121 'read' 'p_ZZ5conv3PA255_A255_fPA32_A5_A5_fPfS1_E7in_tile_2_2_0_load_24_read' <Predicate = true> <Delay = 0.00>
ST_1 : Operation 122 [1/1] (0.00ns)   --->   "%p_ZZ5conv3PA255_A255_fPA32_A5_A5_fPfS1_E7in_tile_2_1_0_load_24_read = read i32 @_ssdm_op_Read.ap_auto.float, i32 %p_ZZ5conv3PA255_A255_fPA32_A5_A5_fPfS1_E7in_tile_2_1_0_load_24"   --->   Operation 122 'read' 'p_ZZ5conv3PA255_A255_fPA32_A5_A5_fPfS1_E7in_tile_2_1_0_load_24_read' <Predicate = true> <Delay = 0.00>
ST_1 : Operation 123 [1/1] (0.00ns)   --->   "%p_ZZ5conv3PA255_A255_fPA32_A5_A5_fPfS1_E7in_tile_2_0_0_load_24_read = read i32 @_ssdm_op_Read.ap_auto.float, i32 %p_ZZ5conv3PA255_A255_fPA32_A5_A5_fPfS1_E7in_tile_2_0_0_load_24"   --->   Operation 123 'read' 'p_ZZ5conv3PA255_A255_fPA32_A5_A5_fPfS1_E7in_tile_2_0_0_load_24_read' <Predicate = true> <Delay = 0.00>
ST_1 : Operation 124 [1/1] (0.00ns)   --->   "%p_ZZ5conv3PA255_A255_fPA32_A5_A5_fPfS1_E7in_tile_2_4_0_load_24_read = read i32 @_ssdm_op_Read.ap_auto.float, i32 %p_ZZ5conv3PA255_A255_fPA32_A5_A5_fPfS1_E7in_tile_2_4_0_load_24"   --->   Operation 124 'read' 'p_ZZ5conv3PA255_A255_fPA32_A5_A5_fPfS1_E7in_tile_2_4_0_load_24_read' <Predicate = true> <Delay = 0.00>
ST_1 : Operation 125 [1/1] (0.00ns)   --->   "%p_ZZ5conv3PA255_A255_fPA32_A5_A5_fPfS1_E7in_tile_1_3_0_load_24_read = read i32 @_ssdm_op_Read.ap_auto.float, i32 %p_ZZ5conv3PA255_A255_fPA32_A5_A5_fPfS1_E7in_tile_1_3_0_load_24"   --->   Operation 125 'read' 'p_ZZ5conv3PA255_A255_fPA32_A5_A5_fPfS1_E7in_tile_1_3_0_load_24_read' <Predicate = true> <Delay = 0.00>
ST_1 : Operation 126 [1/1] (0.00ns)   --->   "%p_ZZ5conv3PA255_A255_fPA32_A5_A5_fPfS1_E7in_tile_1_2_0_load_24_read = read i32 @_ssdm_op_Read.ap_auto.float, i32 %p_ZZ5conv3PA255_A255_fPA32_A5_A5_fPfS1_E7in_tile_1_2_0_load_24"   --->   Operation 126 'read' 'p_ZZ5conv3PA255_A255_fPA32_A5_A5_fPfS1_E7in_tile_1_2_0_load_24_read' <Predicate = true> <Delay = 0.00>
ST_1 : Operation 127 [1/1] (0.00ns)   --->   "%p_ZZ5conv3PA255_A255_fPA32_A5_A5_fPfS1_E7in_tile_1_1_0_load_24_read = read i32 @_ssdm_op_Read.ap_auto.float, i32 %p_ZZ5conv3PA255_A255_fPA32_A5_A5_fPfS1_E7in_tile_1_1_0_load_24"   --->   Operation 127 'read' 'p_ZZ5conv3PA255_A255_fPA32_A5_A5_fPfS1_E7in_tile_1_1_0_load_24_read' <Predicate = true> <Delay = 0.00>
ST_1 : Operation 128 [1/1] (0.00ns)   --->   "%p_ZZ5conv3PA255_A255_fPA32_A5_A5_fPfS1_E7in_tile_1_0_0_load_24_read = read i32 @_ssdm_op_Read.ap_auto.float, i32 %p_ZZ5conv3PA255_A255_fPA32_A5_A5_fPfS1_E7in_tile_1_0_0_load_24"   --->   Operation 128 'read' 'p_ZZ5conv3PA255_A255_fPA32_A5_A5_fPfS1_E7in_tile_1_0_0_load_24_read' <Predicate = true> <Delay = 0.00>
ST_1 : Operation 129 [1/1] (0.00ns)   --->   "%p_ZZ5conv3PA255_A255_fPA32_A5_A5_fPfS1_E7in_tile_1_4_0_load_24_read = read i32 @_ssdm_op_Read.ap_auto.float, i32 %p_ZZ5conv3PA255_A255_fPA32_A5_A5_fPfS1_E7in_tile_1_4_0_load_24"   --->   Operation 129 'read' 'p_ZZ5conv3PA255_A255_fPA32_A5_A5_fPfS1_E7in_tile_1_4_0_load_24_read' <Predicate = true> <Delay = 0.00>
ST_1 : Operation 130 [1/1] (0.00ns)   --->   "%p_ZZ5conv3PA255_A255_fPA32_A5_A5_fPfS1_E7in_tile_0_3_0_load_24_read = read i32 @_ssdm_op_Read.ap_auto.float, i32 %p_ZZ5conv3PA255_A255_fPA32_A5_A5_fPfS1_E7in_tile_0_3_0_load_24"   --->   Operation 130 'read' 'p_ZZ5conv3PA255_A255_fPA32_A5_A5_fPfS1_E7in_tile_0_3_0_load_24_read' <Predicate = true> <Delay = 0.00>
ST_1 : Operation 131 [1/1] (0.00ns)   --->   "%p_ZZ5conv3PA255_A255_fPA32_A5_A5_fPfS1_E7in_tile_0_2_0_load_24_read = read i32 @_ssdm_op_Read.ap_auto.float, i32 %p_ZZ5conv3PA255_A255_fPA32_A5_A5_fPfS1_E7in_tile_0_2_0_load_24"   --->   Operation 131 'read' 'p_ZZ5conv3PA255_A255_fPA32_A5_A5_fPfS1_E7in_tile_0_2_0_load_24_read' <Predicate = true> <Delay = 0.00>
ST_1 : Operation 132 [1/1] (0.00ns)   --->   "%p_ZZ5conv3PA255_A255_fPA32_A5_A5_fPfS1_E7in_tile_0_1_0_load_24_read = read i32 @_ssdm_op_Read.ap_auto.float, i32 %p_ZZ5conv3PA255_A255_fPA32_A5_A5_fPfS1_E7in_tile_0_1_0_load_24"   --->   Operation 132 'read' 'p_ZZ5conv3PA255_A255_fPA32_A5_A5_fPfS1_E7in_tile_0_1_0_load_24_read' <Predicate = true> <Delay = 0.00>
ST_1 : Operation 133 [1/1] (0.00ns)   --->   "%p_ZZ5conv3PA255_A255_fPA32_A5_A5_fPfS1_E7in_tile_0_0_0_load_24_read = read i32 @_ssdm_op_Read.ap_auto.float, i32 %p_ZZ5conv3PA255_A255_fPA32_A5_A5_fPfS1_E7in_tile_0_0_0_load_24"   --->   Operation 133 'read' 'p_ZZ5conv3PA255_A255_fPA32_A5_A5_fPfS1_E7in_tile_0_0_0_load_24_read' <Predicate = true> <Delay = 0.00>
ST_1 : Operation 134 [1/1] (0.00ns)   --->   "%p_ZZ5conv3PA255_A255_fPA32_A5_A5_fPfS1_E7in_tile_0_4_0_load_24_read = read i32 @_ssdm_op_Read.ap_auto.float, i32 %p_ZZ5conv3PA255_A255_fPA32_A5_A5_fPfS1_E7in_tile_0_4_0_load_24"   --->   Operation 134 'read' 'p_ZZ5conv3PA255_A255_fPA32_A5_A5_fPfS1_E7in_tile_0_4_0_load_24_read' <Predicate = true> <Delay = 0.00>
ST_1 : Operation 135 [1/1] (0.00ns)   --->   "%p_ZZ5conv3PA255_A255_fPA32_A5_A5_fPfS1_E7in_tile_4_2_0_load_23_read = read i32 @_ssdm_op_Read.ap_auto.float, i32 %p_ZZ5conv3PA255_A255_fPA32_A5_A5_fPfS1_E7in_tile_4_2_0_load_23"   --->   Operation 135 'read' 'p_ZZ5conv3PA255_A255_fPA32_A5_A5_fPfS1_E7in_tile_4_2_0_load_23_read' <Predicate = true> <Delay = 0.00>
ST_1 : Operation 136 [1/1] (0.00ns)   --->   "%p_ZZ5conv3PA255_A255_fPA32_A5_A5_fPfS1_E7in_tile_4_1_0_load_23_read = read i32 @_ssdm_op_Read.ap_auto.float, i32 %p_ZZ5conv3PA255_A255_fPA32_A5_A5_fPfS1_E7in_tile_4_1_0_load_23"   --->   Operation 136 'read' 'p_ZZ5conv3PA255_A255_fPA32_A5_A5_fPfS1_E7in_tile_4_1_0_load_23_read' <Predicate = true> <Delay = 0.00>
ST_1 : Operation 137 [1/1] (0.00ns)   --->   "%p_ZZ5conv3PA255_A255_fPA32_A5_A5_fPfS1_E7in_tile_4_0_0_load_23_read = read i32 @_ssdm_op_Read.ap_auto.float, i32 %p_ZZ5conv3PA255_A255_fPA32_A5_A5_fPfS1_E7in_tile_4_0_0_load_23"   --->   Operation 137 'read' 'p_ZZ5conv3PA255_A255_fPA32_A5_A5_fPfS1_E7in_tile_4_0_0_load_23_read' <Predicate = true> <Delay = 0.00>
ST_1 : Operation 138 [1/1] (0.00ns)   --->   "%p_ZZ5conv3PA255_A255_fPA32_A5_A5_fPfS1_E7in_tile_4_4_0_load_23_read = read i32 @_ssdm_op_Read.ap_auto.float, i32 %p_ZZ5conv3PA255_A255_fPA32_A5_A5_fPfS1_E7in_tile_4_4_0_load_23"   --->   Operation 138 'read' 'p_ZZ5conv3PA255_A255_fPA32_A5_A5_fPfS1_E7in_tile_4_4_0_load_23_read' <Predicate = true> <Delay = 0.00>
ST_1 : Operation 139 [1/1] (0.00ns)   --->   "%p_ZZ5conv3PA255_A255_fPA32_A5_A5_fPfS1_E7in_tile_4_3_0_load_23_read = read i32 @_ssdm_op_Read.ap_auto.float, i32 %p_ZZ5conv3PA255_A255_fPA32_A5_A5_fPfS1_E7in_tile_4_3_0_load_23"   --->   Operation 139 'read' 'p_ZZ5conv3PA255_A255_fPA32_A5_A5_fPfS1_E7in_tile_4_3_0_load_23_read' <Predicate = true> <Delay = 0.00>
ST_1 : Operation 140 [1/1] (0.00ns)   --->   "%p_ZZ5conv3PA255_A255_fPA32_A5_A5_fPfS1_E7in_tile_3_2_0_load_23_read = read i32 @_ssdm_op_Read.ap_auto.float, i32 %p_ZZ5conv3PA255_A255_fPA32_A5_A5_fPfS1_E7in_tile_3_2_0_load_23"   --->   Operation 140 'read' 'p_ZZ5conv3PA255_A255_fPA32_A5_A5_fPfS1_E7in_tile_3_2_0_load_23_read' <Predicate = true> <Delay = 0.00>
ST_1 : Operation 141 [1/1] (0.00ns)   --->   "%p_ZZ5conv3PA255_A255_fPA32_A5_A5_fPfS1_E7in_tile_3_1_0_load_23_read = read i32 @_ssdm_op_Read.ap_auto.float, i32 %p_ZZ5conv3PA255_A255_fPA32_A5_A5_fPfS1_E7in_tile_3_1_0_load_23"   --->   Operation 141 'read' 'p_ZZ5conv3PA255_A255_fPA32_A5_A5_fPfS1_E7in_tile_3_1_0_load_23_read' <Predicate = true> <Delay = 0.00>
ST_1 : Operation 142 [1/1] (0.00ns)   --->   "%p_ZZ5conv3PA255_A255_fPA32_A5_A5_fPfS1_E7in_tile_3_0_0_load_23_read = read i32 @_ssdm_op_Read.ap_auto.float, i32 %p_ZZ5conv3PA255_A255_fPA32_A5_A5_fPfS1_E7in_tile_3_0_0_load_23"   --->   Operation 142 'read' 'p_ZZ5conv3PA255_A255_fPA32_A5_A5_fPfS1_E7in_tile_3_0_0_load_23_read' <Predicate = true> <Delay = 0.00>
ST_1 : Operation 143 [1/1] (0.00ns)   --->   "%p_ZZ5conv3PA255_A255_fPA32_A5_A5_fPfS1_E7in_tile_3_4_0_load_23_read = read i32 @_ssdm_op_Read.ap_auto.float, i32 %p_ZZ5conv3PA255_A255_fPA32_A5_A5_fPfS1_E7in_tile_3_4_0_load_23"   --->   Operation 143 'read' 'p_ZZ5conv3PA255_A255_fPA32_A5_A5_fPfS1_E7in_tile_3_4_0_load_23_read' <Predicate = true> <Delay = 0.00>
ST_1 : Operation 144 [1/1] (0.00ns)   --->   "%p_ZZ5conv3PA255_A255_fPA32_A5_A5_fPfS1_E7in_tile_3_3_0_load_23_read = read i32 @_ssdm_op_Read.ap_auto.float, i32 %p_ZZ5conv3PA255_A255_fPA32_A5_A5_fPfS1_E7in_tile_3_3_0_load_23"   --->   Operation 144 'read' 'p_ZZ5conv3PA255_A255_fPA32_A5_A5_fPfS1_E7in_tile_3_3_0_load_23_read' <Predicate = true> <Delay = 0.00>
ST_1 : Operation 145 [1/1] (0.00ns)   --->   "%p_ZZ5conv3PA255_A255_fPA32_A5_A5_fPfS1_E7in_tile_2_2_0_load_23_read = read i32 @_ssdm_op_Read.ap_auto.float, i32 %p_ZZ5conv3PA255_A255_fPA32_A5_A5_fPfS1_E7in_tile_2_2_0_load_23"   --->   Operation 145 'read' 'p_ZZ5conv3PA255_A255_fPA32_A5_A5_fPfS1_E7in_tile_2_2_0_load_23_read' <Predicate = true> <Delay = 0.00>
ST_1 : Operation 146 [1/1] (0.00ns)   --->   "%p_ZZ5conv3PA255_A255_fPA32_A5_A5_fPfS1_E7in_tile_2_1_0_load_23_read = read i32 @_ssdm_op_Read.ap_auto.float, i32 %p_ZZ5conv3PA255_A255_fPA32_A5_A5_fPfS1_E7in_tile_2_1_0_load_23"   --->   Operation 146 'read' 'p_ZZ5conv3PA255_A255_fPA32_A5_A5_fPfS1_E7in_tile_2_1_0_load_23_read' <Predicate = true> <Delay = 0.00>
ST_1 : Operation 147 [1/1] (0.00ns)   --->   "%p_ZZ5conv3PA255_A255_fPA32_A5_A5_fPfS1_E7in_tile_2_0_0_load_23_read = read i32 @_ssdm_op_Read.ap_auto.float, i32 %p_ZZ5conv3PA255_A255_fPA32_A5_A5_fPfS1_E7in_tile_2_0_0_load_23"   --->   Operation 147 'read' 'p_ZZ5conv3PA255_A255_fPA32_A5_A5_fPfS1_E7in_tile_2_0_0_load_23_read' <Predicate = true> <Delay = 0.00>
ST_1 : Operation 148 [1/1] (0.00ns)   --->   "%p_ZZ5conv3PA255_A255_fPA32_A5_A5_fPfS1_E7in_tile_2_4_0_load_23_read = read i32 @_ssdm_op_Read.ap_auto.float, i32 %p_ZZ5conv3PA255_A255_fPA32_A5_A5_fPfS1_E7in_tile_2_4_0_load_23"   --->   Operation 148 'read' 'p_ZZ5conv3PA255_A255_fPA32_A5_A5_fPfS1_E7in_tile_2_4_0_load_23_read' <Predicate = true> <Delay = 0.00>
ST_1 : Operation 149 [1/1] (0.00ns)   --->   "%p_ZZ5conv3PA255_A255_fPA32_A5_A5_fPfS1_E7in_tile_2_3_0_load_23_read = read i32 @_ssdm_op_Read.ap_auto.float, i32 %p_ZZ5conv3PA255_A255_fPA32_A5_A5_fPfS1_E7in_tile_2_3_0_load_23"   --->   Operation 149 'read' 'p_ZZ5conv3PA255_A255_fPA32_A5_A5_fPfS1_E7in_tile_2_3_0_load_23_read' <Predicate = true> <Delay = 0.00>
ST_1 : Operation 150 [1/1] (0.00ns)   --->   "%p_ZZ5conv3PA255_A255_fPA32_A5_A5_fPfS1_E7in_tile_1_2_0_load_23_read = read i32 @_ssdm_op_Read.ap_auto.float, i32 %p_ZZ5conv3PA255_A255_fPA32_A5_A5_fPfS1_E7in_tile_1_2_0_load_23"   --->   Operation 150 'read' 'p_ZZ5conv3PA255_A255_fPA32_A5_A5_fPfS1_E7in_tile_1_2_0_load_23_read' <Predicate = true> <Delay = 0.00>
ST_1 : Operation 151 [1/1] (0.00ns)   --->   "%p_ZZ5conv3PA255_A255_fPA32_A5_A5_fPfS1_E7in_tile_1_1_0_load_23_read = read i32 @_ssdm_op_Read.ap_auto.float, i32 %p_ZZ5conv3PA255_A255_fPA32_A5_A5_fPfS1_E7in_tile_1_1_0_load_23"   --->   Operation 151 'read' 'p_ZZ5conv3PA255_A255_fPA32_A5_A5_fPfS1_E7in_tile_1_1_0_load_23_read' <Predicate = true> <Delay = 0.00>
ST_1 : Operation 152 [1/1] (0.00ns)   --->   "%p_ZZ5conv3PA255_A255_fPA32_A5_A5_fPfS1_E7in_tile_1_0_0_load_23_read = read i32 @_ssdm_op_Read.ap_auto.float, i32 %p_ZZ5conv3PA255_A255_fPA32_A5_A5_fPfS1_E7in_tile_1_0_0_load_23"   --->   Operation 152 'read' 'p_ZZ5conv3PA255_A255_fPA32_A5_A5_fPfS1_E7in_tile_1_0_0_load_23_read' <Predicate = true> <Delay = 0.00>
ST_1 : Operation 153 [1/1] (0.00ns)   --->   "%p_ZZ5conv3PA255_A255_fPA32_A5_A5_fPfS1_E7in_tile_1_4_0_load_23_read = read i32 @_ssdm_op_Read.ap_auto.float, i32 %p_ZZ5conv3PA255_A255_fPA32_A5_A5_fPfS1_E7in_tile_1_4_0_load_23"   --->   Operation 153 'read' 'p_ZZ5conv3PA255_A255_fPA32_A5_A5_fPfS1_E7in_tile_1_4_0_load_23_read' <Predicate = true> <Delay = 0.00>
ST_1 : Operation 154 [1/1] (0.00ns)   --->   "%p_ZZ5conv3PA255_A255_fPA32_A5_A5_fPfS1_E7in_tile_1_3_0_load_23_read = read i32 @_ssdm_op_Read.ap_auto.float, i32 %p_ZZ5conv3PA255_A255_fPA32_A5_A5_fPfS1_E7in_tile_1_3_0_load_23"   --->   Operation 154 'read' 'p_ZZ5conv3PA255_A255_fPA32_A5_A5_fPfS1_E7in_tile_1_3_0_load_23_read' <Predicate = true> <Delay = 0.00>
ST_1 : Operation 155 [1/1] (0.00ns)   --->   "%p_ZZ5conv3PA255_A255_fPA32_A5_A5_fPfS1_E7in_tile_0_2_0_load_23_read = read i32 @_ssdm_op_Read.ap_auto.float, i32 %p_ZZ5conv3PA255_A255_fPA32_A5_A5_fPfS1_E7in_tile_0_2_0_load_23"   --->   Operation 155 'read' 'p_ZZ5conv3PA255_A255_fPA32_A5_A5_fPfS1_E7in_tile_0_2_0_load_23_read' <Predicate = true> <Delay = 0.00>
ST_1 : Operation 156 [1/1] (0.00ns)   --->   "%p_ZZ5conv3PA255_A255_fPA32_A5_A5_fPfS1_E7in_tile_0_1_0_load_23_read = read i32 @_ssdm_op_Read.ap_auto.float, i32 %p_ZZ5conv3PA255_A255_fPA32_A5_A5_fPfS1_E7in_tile_0_1_0_load_23"   --->   Operation 156 'read' 'p_ZZ5conv3PA255_A255_fPA32_A5_A5_fPfS1_E7in_tile_0_1_0_load_23_read' <Predicate = true> <Delay = 0.00>
ST_1 : Operation 157 [1/1] (0.00ns)   --->   "%p_ZZ5conv3PA255_A255_fPA32_A5_A5_fPfS1_E7in_tile_0_0_0_load_23_read = read i32 @_ssdm_op_Read.ap_auto.float, i32 %p_ZZ5conv3PA255_A255_fPA32_A5_A5_fPfS1_E7in_tile_0_0_0_load_23"   --->   Operation 157 'read' 'p_ZZ5conv3PA255_A255_fPA32_A5_A5_fPfS1_E7in_tile_0_0_0_load_23_read' <Predicate = true> <Delay = 0.00>
ST_1 : Operation 158 [1/1] (0.00ns)   --->   "%p_ZZ5conv3PA255_A255_fPA32_A5_A5_fPfS1_E7in_tile_0_4_0_load_23_read = read i32 @_ssdm_op_Read.ap_auto.float, i32 %p_ZZ5conv3PA255_A255_fPA32_A5_A5_fPfS1_E7in_tile_0_4_0_load_23"   --->   Operation 158 'read' 'p_ZZ5conv3PA255_A255_fPA32_A5_A5_fPfS1_E7in_tile_0_4_0_load_23_read' <Predicate = true> <Delay = 0.00>
ST_1 : Operation 159 [1/1] (0.00ns)   --->   "%p_ZZ5conv3PA255_A255_fPA32_A5_A5_fPfS1_E7in_tile_0_3_0_load_23_read = read i32 @_ssdm_op_Read.ap_auto.float, i32 %p_ZZ5conv3PA255_A255_fPA32_A5_A5_fPfS1_E7in_tile_0_3_0_load_23"   --->   Operation 159 'read' 'p_ZZ5conv3PA255_A255_fPA32_A5_A5_fPfS1_E7in_tile_0_3_0_load_23_read' <Predicate = true> <Delay = 0.00>
ST_1 : Operation 160 [1/1] (0.00ns)   --->   "%p_ZZ5conv3PA255_A255_fPA32_A5_A5_fPfS1_E7in_tile_4_1_0_load_22_read = read i32 @_ssdm_op_Read.ap_auto.float, i32 %p_ZZ5conv3PA255_A255_fPA32_A5_A5_fPfS1_E7in_tile_4_1_0_load_22"   --->   Operation 160 'read' 'p_ZZ5conv3PA255_A255_fPA32_A5_A5_fPfS1_E7in_tile_4_1_0_load_22_read' <Predicate = true> <Delay = 0.00>
ST_1 : Operation 161 [1/1] (0.00ns)   --->   "%p_ZZ5conv3PA255_A255_fPA32_A5_A5_fPfS1_E7in_tile_4_0_0_load_22_read = read i32 @_ssdm_op_Read.ap_auto.float, i32 %p_ZZ5conv3PA255_A255_fPA32_A5_A5_fPfS1_E7in_tile_4_0_0_load_22"   --->   Operation 161 'read' 'p_ZZ5conv3PA255_A255_fPA32_A5_A5_fPfS1_E7in_tile_4_0_0_load_22_read' <Predicate = true> <Delay = 0.00>
ST_1 : Operation 162 [1/1] (0.00ns)   --->   "%p_ZZ5conv3PA255_A255_fPA32_A5_A5_fPfS1_E7in_tile_4_4_0_load_22_read = read i32 @_ssdm_op_Read.ap_auto.float, i32 %p_ZZ5conv3PA255_A255_fPA32_A5_A5_fPfS1_E7in_tile_4_4_0_load_22"   --->   Operation 162 'read' 'p_ZZ5conv3PA255_A255_fPA32_A5_A5_fPfS1_E7in_tile_4_4_0_load_22_read' <Predicate = true> <Delay = 0.00>
ST_1 : Operation 163 [1/1] (0.00ns)   --->   "%p_ZZ5conv3PA255_A255_fPA32_A5_A5_fPfS1_E7in_tile_4_3_0_load_22_read = read i32 @_ssdm_op_Read.ap_auto.float, i32 %p_ZZ5conv3PA255_A255_fPA32_A5_A5_fPfS1_E7in_tile_4_3_0_load_22"   --->   Operation 163 'read' 'p_ZZ5conv3PA255_A255_fPA32_A5_A5_fPfS1_E7in_tile_4_3_0_load_22_read' <Predicate = true> <Delay = 0.00>
ST_1 : Operation 164 [1/1] (0.00ns)   --->   "%p_ZZ5conv3PA255_A255_fPA32_A5_A5_fPfS1_E7in_tile_4_2_0_load_22_read = read i32 @_ssdm_op_Read.ap_auto.float, i32 %p_ZZ5conv3PA255_A255_fPA32_A5_A5_fPfS1_E7in_tile_4_2_0_load_22"   --->   Operation 164 'read' 'p_ZZ5conv3PA255_A255_fPA32_A5_A5_fPfS1_E7in_tile_4_2_0_load_22_read' <Predicate = true> <Delay = 0.00>
ST_1 : Operation 165 [1/1] (0.00ns)   --->   "%p_ZZ5conv3PA255_A255_fPA32_A5_A5_fPfS1_E7in_tile_3_1_0_load_22_read = read i32 @_ssdm_op_Read.ap_auto.float, i32 %p_ZZ5conv3PA255_A255_fPA32_A5_A5_fPfS1_E7in_tile_3_1_0_load_22"   --->   Operation 165 'read' 'p_ZZ5conv3PA255_A255_fPA32_A5_A5_fPfS1_E7in_tile_3_1_0_load_22_read' <Predicate = true> <Delay = 0.00>
ST_1 : Operation 166 [1/1] (0.00ns)   --->   "%p_ZZ5conv3PA255_A255_fPA32_A5_A5_fPfS1_E7in_tile_3_0_0_load_22_read = read i32 @_ssdm_op_Read.ap_auto.float, i32 %p_ZZ5conv3PA255_A255_fPA32_A5_A5_fPfS1_E7in_tile_3_0_0_load_22"   --->   Operation 166 'read' 'p_ZZ5conv3PA255_A255_fPA32_A5_A5_fPfS1_E7in_tile_3_0_0_load_22_read' <Predicate = true> <Delay = 0.00>
ST_1 : Operation 167 [1/1] (0.00ns)   --->   "%p_ZZ5conv3PA255_A255_fPA32_A5_A5_fPfS1_E7in_tile_3_4_0_load_22_read = read i32 @_ssdm_op_Read.ap_auto.float, i32 %p_ZZ5conv3PA255_A255_fPA32_A5_A5_fPfS1_E7in_tile_3_4_0_load_22"   --->   Operation 167 'read' 'p_ZZ5conv3PA255_A255_fPA32_A5_A5_fPfS1_E7in_tile_3_4_0_load_22_read' <Predicate = true> <Delay = 0.00>
ST_1 : Operation 168 [1/1] (0.00ns)   --->   "%p_ZZ5conv3PA255_A255_fPA32_A5_A5_fPfS1_E7in_tile_3_3_0_load_22_read = read i32 @_ssdm_op_Read.ap_auto.float, i32 %p_ZZ5conv3PA255_A255_fPA32_A5_A5_fPfS1_E7in_tile_3_3_0_load_22"   --->   Operation 168 'read' 'p_ZZ5conv3PA255_A255_fPA32_A5_A5_fPfS1_E7in_tile_3_3_0_load_22_read' <Predicate = true> <Delay = 0.00>
ST_1 : Operation 169 [1/1] (0.00ns)   --->   "%p_ZZ5conv3PA255_A255_fPA32_A5_A5_fPfS1_E7in_tile_3_2_0_load_22_read = read i32 @_ssdm_op_Read.ap_auto.float, i32 %p_ZZ5conv3PA255_A255_fPA32_A5_A5_fPfS1_E7in_tile_3_2_0_load_22"   --->   Operation 169 'read' 'p_ZZ5conv3PA255_A255_fPA32_A5_A5_fPfS1_E7in_tile_3_2_0_load_22_read' <Predicate = true> <Delay = 0.00>
ST_1 : Operation 170 [1/1] (0.00ns)   --->   "%p_ZZ5conv3PA255_A255_fPA32_A5_A5_fPfS1_E7in_tile_2_1_0_load_22_read = read i32 @_ssdm_op_Read.ap_auto.float, i32 %p_ZZ5conv3PA255_A255_fPA32_A5_A5_fPfS1_E7in_tile_2_1_0_load_22"   --->   Operation 170 'read' 'p_ZZ5conv3PA255_A255_fPA32_A5_A5_fPfS1_E7in_tile_2_1_0_load_22_read' <Predicate = true> <Delay = 0.00>
ST_1 : Operation 171 [1/1] (0.00ns)   --->   "%p_ZZ5conv3PA255_A255_fPA32_A5_A5_fPfS1_E7in_tile_2_0_0_load_22_read = read i32 @_ssdm_op_Read.ap_auto.float, i32 %p_ZZ5conv3PA255_A255_fPA32_A5_A5_fPfS1_E7in_tile_2_0_0_load_22"   --->   Operation 171 'read' 'p_ZZ5conv3PA255_A255_fPA32_A5_A5_fPfS1_E7in_tile_2_0_0_load_22_read' <Predicate = true> <Delay = 0.00>
ST_1 : Operation 172 [1/1] (0.00ns)   --->   "%p_ZZ5conv3PA255_A255_fPA32_A5_A5_fPfS1_E7in_tile_2_4_0_load_22_read = read i32 @_ssdm_op_Read.ap_auto.float, i32 %p_ZZ5conv3PA255_A255_fPA32_A5_A5_fPfS1_E7in_tile_2_4_0_load_22"   --->   Operation 172 'read' 'p_ZZ5conv3PA255_A255_fPA32_A5_A5_fPfS1_E7in_tile_2_4_0_load_22_read' <Predicate = true> <Delay = 0.00>
ST_1 : Operation 173 [1/1] (0.00ns)   --->   "%p_ZZ5conv3PA255_A255_fPA32_A5_A5_fPfS1_E7in_tile_2_3_0_load_22_read = read i32 @_ssdm_op_Read.ap_auto.float, i32 %p_ZZ5conv3PA255_A255_fPA32_A5_A5_fPfS1_E7in_tile_2_3_0_load_22"   --->   Operation 173 'read' 'p_ZZ5conv3PA255_A255_fPA32_A5_A5_fPfS1_E7in_tile_2_3_0_load_22_read' <Predicate = true> <Delay = 0.00>
ST_1 : Operation 174 [1/1] (0.00ns)   --->   "%p_ZZ5conv3PA255_A255_fPA32_A5_A5_fPfS1_E7in_tile_2_2_0_load_22_read = read i32 @_ssdm_op_Read.ap_auto.float, i32 %p_ZZ5conv3PA255_A255_fPA32_A5_A5_fPfS1_E7in_tile_2_2_0_load_22"   --->   Operation 174 'read' 'p_ZZ5conv3PA255_A255_fPA32_A5_A5_fPfS1_E7in_tile_2_2_0_load_22_read' <Predicate = true> <Delay = 0.00>
ST_1 : Operation 175 [1/1] (0.00ns)   --->   "%p_ZZ5conv3PA255_A255_fPA32_A5_A5_fPfS1_E7in_tile_1_1_0_load_22_read = read i32 @_ssdm_op_Read.ap_auto.float, i32 %p_ZZ5conv3PA255_A255_fPA32_A5_A5_fPfS1_E7in_tile_1_1_0_load_22"   --->   Operation 175 'read' 'p_ZZ5conv3PA255_A255_fPA32_A5_A5_fPfS1_E7in_tile_1_1_0_load_22_read' <Predicate = true> <Delay = 0.00>
ST_1 : Operation 176 [1/1] (0.00ns)   --->   "%p_ZZ5conv3PA255_A255_fPA32_A5_A5_fPfS1_E7in_tile_1_0_0_load_22_read = read i32 @_ssdm_op_Read.ap_auto.float, i32 %p_ZZ5conv3PA255_A255_fPA32_A5_A5_fPfS1_E7in_tile_1_0_0_load_22"   --->   Operation 176 'read' 'p_ZZ5conv3PA255_A255_fPA32_A5_A5_fPfS1_E7in_tile_1_0_0_load_22_read' <Predicate = true> <Delay = 0.00>
ST_1 : Operation 177 [1/1] (0.00ns)   --->   "%p_ZZ5conv3PA255_A255_fPA32_A5_A5_fPfS1_E7in_tile_1_4_0_load_22_read = read i32 @_ssdm_op_Read.ap_auto.float, i32 %p_ZZ5conv3PA255_A255_fPA32_A5_A5_fPfS1_E7in_tile_1_4_0_load_22"   --->   Operation 177 'read' 'p_ZZ5conv3PA255_A255_fPA32_A5_A5_fPfS1_E7in_tile_1_4_0_load_22_read' <Predicate = true> <Delay = 0.00>
ST_1 : Operation 178 [1/1] (0.00ns)   --->   "%p_ZZ5conv3PA255_A255_fPA32_A5_A5_fPfS1_E7in_tile_1_3_0_load_22_read = read i32 @_ssdm_op_Read.ap_auto.float, i32 %p_ZZ5conv3PA255_A255_fPA32_A5_A5_fPfS1_E7in_tile_1_3_0_load_22"   --->   Operation 178 'read' 'p_ZZ5conv3PA255_A255_fPA32_A5_A5_fPfS1_E7in_tile_1_3_0_load_22_read' <Predicate = true> <Delay = 0.00>
ST_1 : Operation 179 [1/1] (0.00ns)   --->   "%p_ZZ5conv3PA255_A255_fPA32_A5_A5_fPfS1_E7in_tile_1_2_0_load_22_read = read i32 @_ssdm_op_Read.ap_auto.float, i32 %p_ZZ5conv3PA255_A255_fPA32_A5_A5_fPfS1_E7in_tile_1_2_0_load_22"   --->   Operation 179 'read' 'p_ZZ5conv3PA255_A255_fPA32_A5_A5_fPfS1_E7in_tile_1_2_0_load_22_read' <Predicate = true> <Delay = 0.00>
ST_1 : Operation 180 [1/1] (0.00ns)   --->   "%p_ZZ5conv3PA255_A255_fPA32_A5_A5_fPfS1_E7in_tile_0_1_0_load_22_read = read i32 @_ssdm_op_Read.ap_auto.float, i32 %p_ZZ5conv3PA255_A255_fPA32_A5_A5_fPfS1_E7in_tile_0_1_0_load_22"   --->   Operation 180 'read' 'p_ZZ5conv3PA255_A255_fPA32_A5_A5_fPfS1_E7in_tile_0_1_0_load_22_read' <Predicate = true> <Delay = 0.00>
ST_1 : Operation 181 [1/1] (0.00ns)   --->   "%p_ZZ5conv3PA255_A255_fPA32_A5_A5_fPfS1_E7in_tile_0_0_0_load_22_read = read i32 @_ssdm_op_Read.ap_auto.float, i32 %p_ZZ5conv3PA255_A255_fPA32_A5_A5_fPfS1_E7in_tile_0_0_0_load_22"   --->   Operation 181 'read' 'p_ZZ5conv3PA255_A255_fPA32_A5_A5_fPfS1_E7in_tile_0_0_0_load_22_read' <Predicate = true> <Delay = 0.00>
ST_1 : Operation 182 [1/1] (0.00ns)   --->   "%p_ZZ5conv3PA255_A255_fPA32_A5_A5_fPfS1_E7in_tile_0_4_0_load_22_read = read i32 @_ssdm_op_Read.ap_auto.float, i32 %p_ZZ5conv3PA255_A255_fPA32_A5_A5_fPfS1_E7in_tile_0_4_0_load_22"   --->   Operation 182 'read' 'p_ZZ5conv3PA255_A255_fPA32_A5_A5_fPfS1_E7in_tile_0_4_0_load_22_read' <Predicate = true> <Delay = 0.00>
ST_1 : Operation 183 [1/1] (0.00ns)   --->   "%p_ZZ5conv3PA255_A255_fPA32_A5_A5_fPfS1_E7in_tile_0_3_0_load_22_read = read i32 @_ssdm_op_Read.ap_auto.float, i32 %p_ZZ5conv3PA255_A255_fPA32_A5_A5_fPfS1_E7in_tile_0_3_0_load_22"   --->   Operation 183 'read' 'p_ZZ5conv3PA255_A255_fPA32_A5_A5_fPfS1_E7in_tile_0_3_0_load_22_read' <Predicate = true> <Delay = 0.00>
ST_1 : Operation 184 [1/1] (0.00ns)   --->   "%p_ZZ5conv3PA255_A255_fPA32_A5_A5_fPfS1_E7in_tile_0_2_0_load_22_read = read i32 @_ssdm_op_Read.ap_auto.float, i32 %p_ZZ5conv3PA255_A255_fPA32_A5_A5_fPfS1_E7in_tile_0_2_0_load_22"   --->   Operation 184 'read' 'p_ZZ5conv3PA255_A255_fPA32_A5_A5_fPfS1_E7in_tile_0_2_0_load_22_read' <Predicate = true> <Delay = 0.00>
ST_1 : Operation 185 [1/1] (0.00ns)   --->   "%p_ZZ5conv3PA255_A255_fPA32_A5_A5_fPfS1_E7in_tile_4_0_0_load_21_read = read i32 @_ssdm_op_Read.ap_auto.float, i32 %p_ZZ5conv3PA255_A255_fPA32_A5_A5_fPfS1_E7in_tile_4_0_0_load_21"   --->   Operation 185 'read' 'p_ZZ5conv3PA255_A255_fPA32_A5_A5_fPfS1_E7in_tile_4_0_0_load_21_read' <Predicate = true> <Delay = 0.00>
ST_1 : Operation 186 [1/1] (0.00ns)   --->   "%p_ZZ5conv3PA255_A255_fPA32_A5_A5_fPfS1_E7in_tile_4_4_0_load_21_read = read i32 @_ssdm_op_Read.ap_auto.float, i32 %p_ZZ5conv3PA255_A255_fPA32_A5_A5_fPfS1_E7in_tile_4_4_0_load_21"   --->   Operation 186 'read' 'p_ZZ5conv3PA255_A255_fPA32_A5_A5_fPfS1_E7in_tile_4_4_0_load_21_read' <Predicate = true> <Delay = 0.00>
ST_1 : Operation 187 [1/1] (0.00ns)   --->   "%p_ZZ5conv3PA255_A255_fPA32_A5_A5_fPfS1_E7in_tile_4_3_0_load_21_read = read i32 @_ssdm_op_Read.ap_auto.float, i32 %p_ZZ5conv3PA255_A255_fPA32_A5_A5_fPfS1_E7in_tile_4_3_0_load_21"   --->   Operation 187 'read' 'p_ZZ5conv3PA255_A255_fPA32_A5_A5_fPfS1_E7in_tile_4_3_0_load_21_read' <Predicate = true> <Delay = 0.00>
ST_1 : Operation 188 [1/1] (0.00ns)   --->   "%p_ZZ5conv3PA255_A255_fPA32_A5_A5_fPfS1_E7in_tile_4_2_0_load_21_read = read i32 @_ssdm_op_Read.ap_auto.float, i32 %p_ZZ5conv3PA255_A255_fPA32_A5_A5_fPfS1_E7in_tile_4_2_0_load_21"   --->   Operation 188 'read' 'p_ZZ5conv3PA255_A255_fPA32_A5_A5_fPfS1_E7in_tile_4_2_0_load_21_read' <Predicate = true> <Delay = 0.00>
ST_1 : Operation 189 [1/1] (0.00ns)   --->   "%p_ZZ5conv3PA255_A255_fPA32_A5_A5_fPfS1_E7in_tile_4_1_0_load_21_read = read i32 @_ssdm_op_Read.ap_auto.float, i32 %p_ZZ5conv3PA255_A255_fPA32_A5_A5_fPfS1_E7in_tile_4_1_0_load_21"   --->   Operation 189 'read' 'p_ZZ5conv3PA255_A255_fPA32_A5_A5_fPfS1_E7in_tile_4_1_0_load_21_read' <Predicate = true> <Delay = 0.00>
ST_1 : Operation 190 [1/1] (0.00ns)   --->   "%p_ZZ5conv3PA255_A255_fPA32_A5_A5_fPfS1_E7in_tile_3_0_0_load_21_read = read i32 @_ssdm_op_Read.ap_auto.float, i32 %p_ZZ5conv3PA255_A255_fPA32_A5_A5_fPfS1_E7in_tile_3_0_0_load_21"   --->   Operation 190 'read' 'p_ZZ5conv3PA255_A255_fPA32_A5_A5_fPfS1_E7in_tile_3_0_0_load_21_read' <Predicate = true> <Delay = 0.00>
ST_1 : Operation 191 [1/1] (0.00ns)   --->   "%p_ZZ5conv3PA255_A255_fPA32_A5_A5_fPfS1_E7in_tile_3_4_0_load_21_read = read i32 @_ssdm_op_Read.ap_auto.float, i32 %p_ZZ5conv3PA255_A255_fPA32_A5_A5_fPfS1_E7in_tile_3_4_0_load_21"   --->   Operation 191 'read' 'p_ZZ5conv3PA255_A255_fPA32_A5_A5_fPfS1_E7in_tile_3_4_0_load_21_read' <Predicate = true> <Delay = 0.00>
ST_1 : Operation 192 [1/1] (0.00ns)   --->   "%p_ZZ5conv3PA255_A255_fPA32_A5_A5_fPfS1_E7in_tile_3_3_0_load_21_read = read i32 @_ssdm_op_Read.ap_auto.float, i32 %p_ZZ5conv3PA255_A255_fPA32_A5_A5_fPfS1_E7in_tile_3_3_0_load_21"   --->   Operation 192 'read' 'p_ZZ5conv3PA255_A255_fPA32_A5_A5_fPfS1_E7in_tile_3_3_0_load_21_read' <Predicate = true> <Delay = 0.00>
ST_1 : Operation 193 [1/1] (0.00ns)   --->   "%p_ZZ5conv3PA255_A255_fPA32_A5_A5_fPfS1_E7in_tile_3_2_0_load_21_read = read i32 @_ssdm_op_Read.ap_auto.float, i32 %p_ZZ5conv3PA255_A255_fPA32_A5_A5_fPfS1_E7in_tile_3_2_0_load_21"   --->   Operation 193 'read' 'p_ZZ5conv3PA255_A255_fPA32_A5_A5_fPfS1_E7in_tile_3_2_0_load_21_read' <Predicate = true> <Delay = 0.00>
ST_1 : Operation 194 [1/1] (0.00ns)   --->   "%p_ZZ5conv3PA255_A255_fPA32_A5_A5_fPfS1_E7in_tile_3_1_0_load_21_read = read i32 @_ssdm_op_Read.ap_auto.float, i32 %p_ZZ5conv3PA255_A255_fPA32_A5_A5_fPfS1_E7in_tile_3_1_0_load_21"   --->   Operation 194 'read' 'p_ZZ5conv3PA255_A255_fPA32_A5_A5_fPfS1_E7in_tile_3_1_0_load_21_read' <Predicate = true> <Delay = 0.00>
ST_1 : Operation 195 [1/1] (0.00ns)   --->   "%p_ZZ5conv3PA255_A255_fPA32_A5_A5_fPfS1_E7in_tile_2_0_0_load_21_read = read i32 @_ssdm_op_Read.ap_auto.float, i32 %p_ZZ5conv3PA255_A255_fPA32_A5_A5_fPfS1_E7in_tile_2_0_0_load_21"   --->   Operation 195 'read' 'p_ZZ5conv3PA255_A255_fPA32_A5_A5_fPfS1_E7in_tile_2_0_0_load_21_read' <Predicate = true> <Delay = 0.00>
ST_1 : Operation 196 [1/1] (0.00ns)   --->   "%p_ZZ5conv3PA255_A255_fPA32_A5_A5_fPfS1_E7in_tile_2_4_0_load_21_read = read i32 @_ssdm_op_Read.ap_auto.float, i32 %p_ZZ5conv3PA255_A255_fPA32_A5_A5_fPfS1_E7in_tile_2_4_0_load_21"   --->   Operation 196 'read' 'p_ZZ5conv3PA255_A255_fPA32_A5_A5_fPfS1_E7in_tile_2_4_0_load_21_read' <Predicate = true> <Delay = 0.00>
ST_1 : Operation 197 [1/1] (0.00ns)   --->   "%p_ZZ5conv3PA255_A255_fPA32_A5_A5_fPfS1_E7in_tile_2_3_0_load_21_read = read i32 @_ssdm_op_Read.ap_auto.float, i32 %p_ZZ5conv3PA255_A255_fPA32_A5_A5_fPfS1_E7in_tile_2_3_0_load_21"   --->   Operation 197 'read' 'p_ZZ5conv3PA255_A255_fPA32_A5_A5_fPfS1_E7in_tile_2_3_0_load_21_read' <Predicate = true> <Delay = 0.00>
ST_1 : Operation 198 [1/1] (0.00ns)   --->   "%p_ZZ5conv3PA255_A255_fPA32_A5_A5_fPfS1_E7in_tile_2_2_0_load_21_read = read i32 @_ssdm_op_Read.ap_auto.float, i32 %p_ZZ5conv3PA255_A255_fPA32_A5_A5_fPfS1_E7in_tile_2_2_0_load_21"   --->   Operation 198 'read' 'p_ZZ5conv3PA255_A255_fPA32_A5_A5_fPfS1_E7in_tile_2_2_0_load_21_read' <Predicate = true> <Delay = 0.00>
ST_1 : Operation 199 [1/1] (0.00ns)   --->   "%p_ZZ5conv3PA255_A255_fPA32_A5_A5_fPfS1_E7in_tile_2_1_0_load_21_read = read i32 @_ssdm_op_Read.ap_auto.float, i32 %p_ZZ5conv3PA255_A255_fPA32_A5_A5_fPfS1_E7in_tile_2_1_0_load_21"   --->   Operation 199 'read' 'p_ZZ5conv3PA255_A255_fPA32_A5_A5_fPfS1_E7in_tile_2_1_0_load_21_read' <Predicate = true> <Delay = 0.00>
ST_1 : Operation 200 [1/1] (0.00ns)   --->   "%p_ZZ5conv3PA255_A255_fPA32_A5_A5_fPfS1_E7in_tile_1_0_0_load_21_read = read i32 @_ssdm_op_Read.ap_auto.float, i32 %p_ZZ5conv3PA255_A255_fPA32_A5_A5_fPfS1_E7in_tile_1_0_0_load_21"   --->   Operation 200 'read' 'p_ZZ5conv3PA255_A255_fPA32_A5_A5_fPfS1_E7in_tile_1_0_0_load_21_read' <Predicate = true> <Delay = 0.00>
ST_1 : Operation 201 [1/1] (0.00ns)   --->   "%p_ZZ5conv3PA255_A255_fPA32_A5_A5_fPfS1_E7in_tile_1_4_0_load_21_read = read i32 @_ssdm_op_Read.ap_auto.float, i32 %p_ZZ5conv3PA255_A255_fPA32_A5_A5_fPfS1_E7in_tile_1_4_0_load_21"   --->   Operation 201 'read' 'p_ZZ5conv3PA255_A255_fPA32_A5_A5_fPfS1_E7in_tile_1_4_0_load_21_read' <Predicate = true> <Delay = 0.00>
ST_1 : Operation 202 [1/1] (0.00ns)   --->   "%p_ZZ5conv3PA255_A255_fPA32_A5_A5_fPfS1_E7in_tile_1_3_0_load_21_read = read i32 @_ssdm_op_Read.ap_auto.float, i32 %p_ZZ5conv3PA255_A255_fPA32_A5_A5_fPfS1_E7in_tile_1_3_0_load_21"   --->   Operation 202 'read' 'p_ZZ5conv3PA255_A255_fPA32_A5_A5_fPfS1_E7in_tile_1_3_0_load_21_read' <Predicate = true> <Delay = 0.00>
ST_1 : Operation 203 [1/1] (0.00ns)   --->   "%p_ZZ5conv3PA255_A255_fPA32_A5_A5_fPfS1_E7in_tile_1_2_0_load_21_read = read i32 @_ssdm_op_Read.ap_auto.float, i32 %p_ZZ5conv3PA255_A255_fPA32_A5_A5_fPfS1_E7in_tile_1_2_0_load_21"   --->   Operation 203 'read' 'p_ZZ5conv3PA255_A255_fPA32_A5_A5_fPfS1_E7in_tile_1_2_0_load_21_read' <Predicate = true> <Delay = 0.00>
ST_1 : Operation 204 [1/1] (0.00ns)   --->   "%p_ZZ5conv3PA255_A255_fPA32_A5_A5_fPfS1_E7in_tile_1_1_0_load_21_read = read i32 @_ssdm_op_Read.ap_auto.float, i32 %p_ZZ5conv3PA255_A255_fPA32_A5_A5_fPfS1_E7in_tile_1_1_0_load_21"   --->   Operation 204 'read' 'p_ZZ5conv3PA255_A255_fPA32_A5_A5_fPfS1_E7in_tile_1_1_0_load_21_read' <Predicate = true> <Delay = 0.00>
ST_1 : Operation 205 [1/1] (0.00ns)   --->   "%p_ZZ5conv3PA255_A255_fPA32_A5_A5_fPfS1_E7in_tile_0_0_0_load_21_read = read i32 @_ssdm_op_Read.ap_auto.float, i32 %p_ZZ5conv3PA255_A255_fPA32_A5_A5_fPfS1_E7in_tile_0_0_0_load_21"   --->   Operation 205 'read' 'p_ZZ5conv3PA255_A255_fPA32_A5_A5_fPfS1_E7in_tile_0_0_0_load_21_read' <Predicate = true> <Delay = 0.00>
ST_1 : Operation 206 [1/1] (0.00ns)   --->   "%p_ZZ5conv3PA255_A255_fPA32_A5_A5_fPfS1_E7in_tile_0_4_0_load_21_read = read i32 @_ssdm_op_Read.ap_auto.float, i32 %p_ZZ5conv3PA255_A255_fPA32_A5_A5_fPfS1_E7in_tile_0_4_0_load_21"   --->   Operation 206 'read' 'p_ZZ5conv3PA255_A255_fPA32_A5_A5_fPfS1_E7in_tile_0_4_0_load_21_read' <Predicate = true> <Delay = 0.00>
ST_1 : Operation 207 [1/1] (0.00ns)   --->   "%p_ZZ5conv3PA255_A255_fPA32_A5_A5_fPfS1_E7in_tile_0_3_0_load_21_read = read i32 @_ssdm_op_Read.ap_auto.float, i32 %p_ZZ5conv3PA255_A255_fPA32_A5_A5_fPfS1_E7in_tile_0_3_0_load_21"   --->   Operation 207 'read' 'p_ZZ5conv3PA255_A255_fPA32_A5_A5_fPfS1_E7in_tile_0_3_0_load_21_read' <Predicate = true> <Delay = 0.00>
ST_1 : Operation 208 [1/1] (0.00ns)   --->   "%p_ZZ5conv3PA255_A255_fPA32_A5_A5_fPfS1_E7in_tile_0_2_0_load_21_read = read i32 @_ssdm_op_Read.ap_auto.float, i32 %p_ZZ5conv3PA255_A255_fPA32_A5_A5_fPfS1_E7in_tile_0_2_0_load_21"   --->   Operation 208 'read' 'p_ZZ5conv3PA255_A255_fPA32_A5_A5_fPfS1_E7in_tile_0_2_0_load_21_read' <Predicate = true> <Delay = 0.00>
ST_1 : Operation 209 [1/1] (0.00ns)   --->   "%p_ZZ5conv3PA255_A255_fPA32_A5_A5_fPfS1_E7in_tile_0_1_0_load_21_read = read i32 @_ssdm_op_Read.ap_auto.float, i32 %p_ZZ5conv3PA255_A255_fPA32_A5_A5_fPfS1_E7in_tile_0_1_0_load_21"   --->   Operation 209 'read' 'p_ZZ5conv3PA255_A255_fPA32_A5_A5_fPfS1_E7in_tile_0_1_0_load_21_read' <Predicate = true> <Delay = 0.00>
ST_1 : Operation 210 [1/1] (0.00ns)   --->   "%p_ZZ5conv3PA255_A255_fPA32_A5_A5_fPfS1_E7in_tile_4_4_0_load_20_read = read i32 @_ssdm_op_Read.ap_auto.float, i32 %p_ZZ5conv3PA255_A255_fPA32_A5_A5_fPfS1_E7in_tile_4_4_0_load_20"   --->   Operation 210 'read' 'p_ZZ5conv3PA255_A255_fPA32_A5_A5_fPfS1_E7in_tile_4_4_0_load_20_read' <Predicate = true> <Delay = 0.00>
ST_1 : Operation 211 [1/1] (0.00ns)   --->   "%p_ZZ5conv3PA255_A255_fPA32_A5_A5_fPfS1_E7in_tile_4_3_0_load_20_read = read i32 @_ssdm_op_Read.ap_auto.float, i32 %p_ZZ5conv3PA255_A255_fPA32_A5_A5_fPfS1_E7in_tile_4_3_0_load_20"   --->   Operation 211 'read' 'p_ZZ5conv3PA255_A255_fPA32_A5_A5_fPfS1_E7in_tile_4_3_0_load_20_read' <Predicate = true> <Delay = 0.00>
ST_1 : Operation 212 [1/1] (0.00ns)   --->   "%p_ZZ5conv3PA255_A255_fPA32_A5_A5_fPfS1_E7in_tile_4_2_0_load_20_read = read i32 @_ssdm_op_Read.ap_auto.float, i32 %p_ZZ5conv3PA255_A255_fPA32_A5_A5_fPfS1_E7in_tile_4_2_0_load_20"   --->   Operation 212 'read' 'p_ZZ5conv3PA255_A255_fPA32_A5_A5_fPfS1_E7in_tile_4_2_0_load_20_read' <Predicate = true> <Delay = 0.00>
ST_1 : Operation 213 [1/1] (0.00ns)   --->   "%p_ZZ5conv3PA255_A255_fPA32_A5_A5_fPfS1_E7in_tile_4_1_0_load_20_read = read i32 @_ssdm_op_Read.ap_auto.float, i32 %p_ZZ5conv3PA255_A255_fPA32_A5_A5_fPfS1_E7in_tile_4_1_0_load_20"   --->   Operation 213 'read' 'p_ZZ5conv3PA255_A255_fPA32_A5_A5_fPfS1_E7in_tile_4_1_0_load_20_read' <Predicate = true> <Delay = 0.00>
ST_1 : Operation 214 [1/1] (0.00ns)   --->   "%p_ZZ5conv3PA255_A255_fPA32_A5_A5_fPfS1_E7in_tile_4_0_0_load_20_read = read i32 @_ssdm_op_Read.ap_auto.float, i32 %p_ZZ5conv3PA255_A255_fPA32_A5_A5_fPfS1_E7in_tile_4_0_0_load_20"   --->   Operation 214 'read' 'p_ZZ5conv3PA255_A255_fPA32_A5_A5_fPfS1_E7in_tile_4_0_0_load_20_read' <Predicate = true> <Delay = 0.00>
ST_1 : Operation 215 [1/1] (0.00ns)   --->   "%p_ZZ5conv3PA255_A255_fPA32_A5_A5_fPfS1_E7in_tile_3_4_0_load_20_read = read i32 @_ssdm_op_Read.ap_auto.float, i32 %p_ZZ5conv3PA255_A255_fPA32_A5_A5_fPfS1_E7in_tile_3_4_0_load_20"   --->   Operation 215 'read' 'p_ZZ5conv3PA255_A255_fPA32_A5_A5_fPfS1_E7in_tile_3_4_0_load_20_read' <Predicate = true> <Delay = 0.00>
ST_1 : Operation 216 [1/1] (0.00ns)   --->   "%p_ZZ5conv3PA255_A255_fPA32_A5_A5_fPfS1_E7in_tile_3_3_0_load_20_read = read i32 @_ssdm_op_Read.ap_auto.float, i32 %p_ZZ5conv3PA255_A255_fPA32_A5_A5_fPfS1_E7in_tile_3_3_0_load_20"   --->   Operation 216 'read' 'p_ZZ5conv3PA255_A255_fPA32_A5_A5_fPfS1_E7in_tile_3_3_0_load_20_read' <Predicate = true> <Delay = 0.00>
ST_1 : Operation 217 [1/1] (0.00ns)   --->   "%p_ZZ5conv3PA255_A255_fPA32_A5_A5_fPfS1_E7in_tile_3_2_0_load_20_read = read i32 @_ssdm_op_Read.ap_auto.float, i32 %p_ZZ5conv3PA255_A255_fPA32_A5_A5_fPfS1_E7in_tile_3_2_0_load_20"   --->   Operation 217 'read' 'p_ZZ5conv3PA255_A255_fPA32_A5_A5_fPfS1_E7in_tile_3_2_0_load_20_read' <Predicate = true> <Delay = 0.00>
ST_1 : Operation 218 [1/1] (0.00ns)   --->   "%p_ZZ5conv3PA255_A255_fPA32_A5_A5_fPfS1_E7in_tile_3_1_0_load_20_read = read i32 @_ssdm_op_Read.ap_auto.float, i32 %p_ZZ5conv3PA255_A255_fPA32_A5_A5_fPfS1_E7in_tile_3_1_0_load_20"   --->   Operation 218 'read' 'p_ZZ5conv3PA255_A255_fPA32_A5_A5_fPfS1_E7in_tile_3_1_0_load_20_read' <Predicate = true> <Delay = 0.00>
ST_1 : Operation 219 [1/1] (0.00ns)   --->   "%p_ZZ5conv3PA255_A255_fPA32_A5_A5_fPfS1_E7in_tile_3_0_0_load_20_read = read i32 @_ssdm_op_Read.ap_auto.float, i32 %p_ZZ5conv3PA255_A255_fPA32_A5_A5_fPfS1_E7in_tile_3_0_0_load_20"   --->   Operation 219 'read' 'p_ZZ5conv3PA255_A255_fPA32_A5_A5_fPfS1_E7in_tile_3_0_0_load_20_read' <Predicate = true> <Delay = 0.00>
ST_1 : Operation 220 [1/1] (0.00ns)   --->   "%p_ZZ5conv3PA255_A255_fPA32_A5_A5_fPfS1_E7in_tile_2_4_0_load_20_read = read i32 @_ssdm_op_Read.ap_auto.float, i32 %p_ZZ5conv3PA255_A255_fPA32_A5_A5_fPfS1_E7in_tile_2_4_0_load_20"   --->   Operation 220 'read' 'p_ZZ5conv3PA255_A255_fPA32_A5_A5_fPfS1_E7in_tile_2_4_0_load_20_read' <Predicate = true> <Delay = 0.00>
ST_1 : Operation 221 [1/1] (0.00ns)   --->   "%p_ZZ5conv3PA255_A255_fPA32_A5_A5_fPfS1_E7in_tile_2_3_0_load_20_read = read i32 @_ssdm_op_Read.ap_auto.float, i32 %p_ZZ5conv3PA255_A255_fPA32_A5_A5_fPfS1_E7in_tile_2_3_0_load_20"   --->   Operation 221 'read' 'p_ZZ5conv3PA255_A255_fPA32_A5_A5_fPfS1_E7in_tile_2_3_0_load_20_read' <Predicate = true> <Delay = 0.00>
ST_1 : Operation 222 [1/1] (0.00ns)   --->   "%p_ZZ5conv3PA255_A255_fPA32_A5_A5_fPfS1_E7in_tile_2_2_0_load_20_read = read i32 @_ssdm_op_Read.ap_auto.float, i32 %p_ZZ5conv3PA255_A255_fPA32_A5_A5_fPfS1_E7in_tile_2_2_0_load_20"   --->   Operation 222 'read' 'p_ZZ5conv3PA255_A255_fPA32_A5_A5_fPfS1_E7in_tile_2_2_0_load_20_read' <Predicate = true> <Delay = 0.00>
ST_1 : Operation 223 [1/1] (0.00ns)   --->   "%p_ZZ5conv3PA255_A255_fPA32_A5_A5_fPfS1_E7in_tile_2_1_0_load_20_read = read i32 @_ssdm_op_Read.ap_auto.float, i32 %p_ZZ5conv3PA255_A255_fPA32_A5_A5_fPfS1_E7in_tile_2_1_0_load_20"   --->   Operation 223 'read' 'p_ZZ5conv3PA255_A255_fPA32_A5_A5_fPfS1_E7in_tile_2_1_0_load_20_read' <Predicate = true> <Delay = 0.00>
ST_1 : Operation 224 [1/1] (0.00ns)   --->   "%p_ZZ5conv3PA255_A255_fPA32_A5_A5_fPfS1_E7in_tile_2_0_0_load_20_read = read i32 @_ssdm_op_Read.ap_auto.float, i32 %p_ZZ5conv3PA255_A255_fPA32_A5_A5_fPfS1_E7in_tile_2_0_0_load_20"   --->   Operation 224 'read' 'p_ZZ5conv3PA255_A255_fPA32_A5_A5_fPfS1_E7in_tile_2_0_0_load_20_read' <Predicate = true> <Delay = 0.00>
ST_1 : Operation 225 [1/1] (0.00ns)   --->   "%p_ZZ5conv3PA255_A255_fPA32_A5_A5_fPfS1_E7in_tile_1_4_0_load_20_read = read i32 @_ssdm_op_Read.ap_auto.float, i32 %p_ZZ5conv3PA255_A255_fPA32_A5_A5_fPfS1_E7in_tile_1_4_0_load_20"   --->   Operation 225 'read' 'p_ZZ5conv3PA255_A255_fPA32_A5_A5_fPfS1_E7in_tile_1_4_0_load_20_read' <Predicate = true> <Delay = 0.00>
ST_1 : Operation 226 [1/1] (0.00ns)   --->   "%p_ZZ5conv3PA255_A255_fPA32_A5_A5_fPfS1_E7in_tile_1_3_0_load_20_read = read i32 @_ssdm_op_Read.ap_auto.float, i32 %p_ZZ5conv3PA255_A255_fPA32_A5_A5_fPfS1_E7in_tile_1_3_0_load_20"   --->   Operation 226 'read' 'p_ZZ5conv3PA255_A255_fPA32_A5_A5_fPfS1_E7in_tile_1_3_0_load_20_read' <Predicate = true> <Delay = 0.00>
ST_1 : Operation 227 [1/1] (0.00ns)   --->   "%p_ZZ5conv3PA255_A255_fPA32_A5_A5_fPfS1_E7in_tile_1_2_0_load_20_read = read i32 @_ssdm_op_Read.ap_auto.float, i32 %p_ZZ5conv3PA255_A255_fPA32_A5_A5_fPfS1_E7in_tile_1_2_0_load_20"   --->   Operation 227 'read' 'p_ZZ5conv3PA255_A255_fPA32_A5_A5_fPfS1_E7in_tile_1_2_0_load_20_read' <Predicate = true> <Delay = 0.00>
ST_1 : Operation 228 [1/1] (0.00ns)   --->   "%p_ZZ5conv3PA255_A255_fPA32_A5_A5_fPfS1_E7in_tile_1_1_0_load_20_read = read i32 @_ssdm_op_Read.ap_auto.float, i32 %p_ZZ5conv3PA255_A255_fPA32_A5_A5_fPfS1_E7in_tile_1_1_0_load_20"   --->   Operation 228 'read' 'p_ZZ5conv3PA255_A255_fPA32_A5_A5_fPfS1_E7in_tile_1_1_0_load_20_read' <Predicate = true> <Delay = 0.00>
ST_1 : Operation 229 [1/1] (0.00ns)   --->   "%p_ZZ5conv3PA255_A255_fPA32_A5_A5_fPfS1_E7in_tile_1_0_0_load_20_read = read i32 @_ssdm_op_Read.ap_auto.float, i32 %p_ZZ5conv3PA255_A255_fPA32_A5_A5_fPfS1_E7in_tile_1_0_0_load_20"   --->   Operation 229 'read' 'p_ZZ5conv3PA255_A255_fPA32_A5_A5_fPfS1_E7in_tile_1_0_0_load_20_read' <Predicate = true> <Delay = 0.00>
ST_1 : Operation 230 [1/1] (0.00ns)   --->   "%p_ZZ5conv3PA255_A255_fPA32_A5_A5_fPfS1_E7in_tile_0_4_0_load_20_read = read i32 @_ssdm_op_Read.ap_auto.float, i32 %p_ZZ5conv3PA255_A255_fPA32_A5_A5_fPfS1_E7in_tile_0_4_0_load_20"   --->   Operation 230 'read' 'p_ZZ5conv3PA255_A255_fPA32_A5_A5_fPfS1_E7in_tile_0_4_0_load_20_read' <Predicate = true> <Delay = 0.00>
ST_1 : Operation 231 [1/1] (0.00ns)   --->   "%p_ZZ5conv3PA255_A255_fPA32_A5_A5_fPfS1_E7in_tile_0_3_0_load_20_read = read i32 @_ssdm_op_Read.ap_auto.float, i32 %p_ZZ5conv3PA255_A255_fPA32_A5_A5_fPfS1_E7in_tile_0_3_0_load_20"   --->   Operation 231 'read' 'p_ZZ5conv3PA255_A255_fPA32_A5_A5_fPfS1_E7in_tile_0_3_0_load_20_read' <Predicate = true> <Delay = 0.00>
ST_1 : Operation 232 [1/1] (0.00ns)   --->   "%p_ZZ5conv3PA255_A255_fPA32_A5_A5_fPfS1_E7in_tile_0_2_0_load_20_read = read i32 @_ssdm_op_Read.ap_auto.float, i32 %p_ZZ5conv3PA255_A255_fPA32_A5_A5_fPfS1_E7in_tile_0_2_0_load_20"   --->   Operation 232 'read' 'p_ZZ5conv3PA255_A255_fPA32_A5_A5_fPfS1_E7in_tile_0_2_0_load_20_read' <Predicate = true> <Delay = 0.00>
ST_1 : Operation 233 [1/1] (0.00ns)   --->   "%p_ZZ5conv3PA255_A255_fPA32_A5_A5_fPfS1_E7in_tile_0_1_0_load_20_read = read i32 @_ssdm_op_Read.ap_auto.float, i32 %p_ZZ5conv3PA255_A255_fPA32_A5_A5_fPfS1_E7in_tile_0_1_0_load_20"   --->   Operation 233 'read' 'p_ZZ5conv3PA255_A255_fPA32_A5_A5_fPfS1_E7in_tile_0_1_0_load_20_read' <Predicate = true> <Delay = 0.00>
ST_1 : Operation 234 [1/1] (0.00ns)   --->   "%p_ZZ5conv3PA255_A255_fPA32_A5_A5_fPfS1_E7in_tile_0_0_0_load_20_read = read i32 @_ssdm_op_Read.ap_auto.float, i32 %p_ZZ5conv3PA255_A255_fPA32_A5_A5_fPfS1_E7in_tile_0_0_0_load_20"   --->   Operation 234 'read' 'p_ZZ5conv3PA255_A255_fPA32_A5_A5_fPfS1_E7in_tile_0_0_0_load_20_read' <Predicate = true> <Delay = 0.00>
ST_1 : Operation 235 [1/1] (0.00ns)   --->   "%p_ZZ5conv3PA255_A255_fPA32_A5_A5_fPfS1_E7in_tile_4_3_0_load_19_read = read i32 @_ssdm_op_Read.ap_auto.float, i32 %p_ZZ5conv3PA255_A255_fPA32_A5_A5_fPfS1_E7in_tile_4_3_0_load_19"   --->   Operation 235 'read' 'p_ZZ5conv3PA255_A255_fPA32_A5_A5_fPfS1_E7in_tile_4_3_0_load_19_read' <Predicate = true> <Delay = 0.00>
ST_1 : Operation 236 [1/1] (0.00ns)   --->   "%p_ZZ5conv3PA255_A255_fPA32_A5_A5_fPfS1_E7in_tile_4_2_0_load_19_read = read i32 @_ssdm_op_Read.ap_auto.float, i32 %p_ZZ5conv3PA255_A255_fPA32_A5_A5_fPfS1_E7in_tile_4_2_0_load_19"   --->   Operation 236 'read' 'p_ZZ5conv3PA255_A255_fPA32_A5_A5_fPfS1_E7in_tile_4_2_0_load_19_read' <Predicate = true> <Delay = 0.00>
ST_1 : Operation 237 [1/1] (0.00ns)   --->   "%p_ZZ5conv3PA255_A255_fPA32_A5_A5_fPfS1_E7in_tile_4_1_0_load_19_read = read i32 @_ssdm_op_Read.ap_auto.float, i32 %p_ZZ5conv3PA255_A255_fPA32_A5_A5_fPfS1_E7in_tile_4_1_0_load_19"   --->   Operation 237 'read' 'p_ZZ5conv3PA255_A255_fPA32_A5_A5_fPfS1_E7in_tile_4_1_0_load_19_read' <Predicate = true> <Delay = 0.00>
ST_1 : Operation 238 [1/1] (0.00ns)   --->   "%p_ZZ5conv3PA255_A255_fPA32_A5_A5_fPfS1_E7in_tile_4_0_0_load_19_read = read i32 @_ssdm_op_Read.ap_auto.float, i32 %p_ZZ5conv3PA255_A255_fPA32_A5_A5_fPfS1_E7in_tile_4_0_0_load_19"   --->   Operation 238 'read' 'p_ZZ5conv3PA255_A255_fPA32_A5_A5_fPfS1_E7in_tile_4_0_0_load_19_read' <Predicate = true> <Delay = 0.00>
ST_1 : Operation 239 [1/1] (0.00ns)   --->   "%p_ZZ5conv3PA255_A255_fPA32_A5_A5_fPfS1_E7in_tile_4_4_0_load_19_read = read i32 @_ssdm_op_Read.ap_auto.float, i32 %p_ZZ5conv3PA255_A255_fPA32_A5_A5_fPfS1_E7in_tile_4_4_0_load_19"   --->   Operation 239 'read' 'p_ZZ5conv3PA255_A255_fPA32_A5_A5_fPfS1_E7in_tile_4_4_0_load_19_read' <Predicate = true> <Delay = 0.00>
ST_1 : Operation 240 [1/1] (0.00ns)   --->   "%p_ZZ5conv3PA255_A255_fPA32_A5_A5_fPfS1_E7in_tile_3_3_0_load_19_read = read i32 @_ssdm_op_Read.ap_auto.float, i32 %p_ZZ5conv3PA255_A255_fPA32_A5_A5_fPfS1_E7in_tile_3_3_0_load_19"   --->   Operation 240 'read' 'p_ZZ5conv3PA255_A255_fPA32_A5_A5_fPfS1_E7in_tile_3_3_0_load_19_read' <Predicate = true> <Delay = 0.00>
ST_1 : Operation 241 [1/1] (0.00ns)   --->   "%p_ZZ5conv3PA255_A255_fPA32_A5_A5_fPfS1_E7in_tile_3_2_0_load_19_read = read i32 @_ssdm_op_Read.ap_auto.float, i32 %p_ZZ5conv3PA255_A255_fPA32_A5_A5_fPfS1_E7in_tile_3_2_0_load_19"   --->   Operation 241 'read' 'p_ZZ5conv3PA255_A255_fPA32_A5_A5_fPfS1_E7in_tile_3_2_0_load_19_read' <Predicate = true> <Delay = 0.00>
ST_1 : Operation 242 [1/1] (0.00ns)   --->   "%p_ZZ5conv3PA255_A255_fPA32_A5_A5_fPfS1_E7in_tile_3_1_0_load_19_read = read i32 @_ssdm_op_Read.ap_auto.float, i32 %p_ZZ5conv3PA255_A255_fPA32_A5_A5_fPfS1_E7in_tile_3_1_0_load_19"   --->   Operation 242 'read' 'p_ZZ5conv3PA255_A255_fPA32_A5_A5_fPfS1_E7in_tile_3_1_0_load_19_read' <Predicate = true> <Delay = 0.00>
ST_1 : Operation 243 [1/1] (0.00ns)   --->   "%p_ZZ5conv3PA255_A255_fPA32_A5_A5_fPfS1_E7in_tile_3_0_0_load_19_read = read i32 @_ssdm_op_Read.ap_auto.float, i32 %p_ZZ5conv3PA255_A255_fPA32_A5_A5_fPfS1_E7in_tile_3_0_0_load_19"   --->   Operation 243 'read' 'p_ZZ5conv3PA255_A255_fPA32_A5_A5_fPfS1_E7in_tile_3_0_0_load_19_read' <Predicate = true> <Delay = 0.00>
ST_1 : Operation 244 [1/1] (0.00ns)   --->   "%p_ZZ5conv3PA255_A255_fPA32_A5_A5_fPfS1_E7in_tile_3_4_0_load_19_read = read i32 @_ssdm_op_Read.ap_auto.float, i32 %p_ZZ5conv3PA255_A255_fPA32_A5_A5_fPfS1_E7in_tile_3_4_0_load_19"   --->   Operation 244 'read' 'p_ZZ5conv3PA255_A255_fPA32_A5_A5_fPfS1_E7in_tile_3_4_0_load_19_read' <Predicate = true> <Delay = 0.00>
ST_1 : Operation 245 [1/1] (0.00ns)   --->   "%p_ZZ5conv3PA255_A255_fPA32_A5_A5_fPfS1_E7in_tile_2_3_0_load_19_read = read i32 @_ssdm_op_Read.ap_auto.float, i32 %p_ZZ5conv3PA255_A255_fPA32_A5_A5_fPfS1_E7in_tile_2_3_0_load_19"   --->   Operation 245 'read' 'p_ZZ5conv3PA255_A255_fPA32_A5_A5_fPfS1_E7in_tile_2_3_0_load_19_read' <Predicate = true> <Delay = 0.00>
ST_1 : Operation 246 [1/1] (0.00ns)   --->   "%p_ZZ5conv3PA255_A255_fPA32_A5_A5_fPfS1_E7in_tile_2_2_0_load_19_read = read i32 @_ssdm_op_Read.ap_auto.float, i32 %p_ZZ5conv3PA255_A255_fPA32_A5_A5_fPfS1_E7in_tile_2_2_0_load_19"   --->   Operation 246 'read' 'p_ZZ5conv3PA255_A255_fPA32_A5_A5_fPfS1_E7in_tile_2_2_0_load_19_read' <Predicate = true> <Delay = 0.00>
ST_1 : Operation 247 [1/1] (0.00ns)   --->   "%p_ZZ5conv3PA255_A255_fPA32_A5_A5_fPfS1_E7in_tile_2_1_0_load_19_read = read i32 @_ssdm_op_Read.ap_auto.float, i32 %p_ZZ5conv3PA255_A255_fPA32_A5_A5_fPfS1_E7in_tile_2_1_0_load_19"   --->   Operation 247 'read' 'p_ZZ5conv3PA255_A255_fPA32_A5_A5_fPfS1_E7in_tile_2_1_0_load_19_read' <Predicate = true> <Delay = 0.00>
ST_1 : Operation 248 [1/1] (0.00ns)   --->   "%p_ZZ5conv3PA255_A255_fPA32_A5_A5_fPfS1_E7in_tile_2_0_0_load_19_read = read i32 @_ssdm_op_Read.ap_auto.float, i32 %p_ZZ5conv3PA255_A255_fPA32_A5_A5_fPfS1_E7in_tile_2_0_0_load_19"   --->   Operation 248 'read' 'p_ZZ5conv3PA255_A255_fPA32_A5_A5_fPfS1_E7in_tile_2_0_0_load_19_read' <Predicate = true> <Delay = 0.00>
ST_1 : Operation 249 [1/1] (0.00ns)   --->   "%p_ZZ5conv3PA255_A255_fPA32_A5_A5_fPfS1_E7in_tile_2_4_0_load_19_read = read i32 @_ssdm_op_Read.ap_auto.float, i32 %p_ZZ5conv3PA255_A255_fPA32_A5_A5_fPfS1_E7in_tile_2_4_0_load_19"   --->   Operation 249 'read' 'p_ZZ5conv3PA255_A255_fPA32_A5_A5_fPfS1_E7in_tile_2_4_0_load_19_read' <Predicate = true> <Delay = 0.00>
ST_1 : Operation 250 [1/1] (0.00ns)   --->   "%p_ZZ5conv3PA255_A255_fPA32_A5_A5_fPfS1_E7in_tile_1_3_0_load_19_read = read i32 @_ssdm_op_Read.ap_auto.float, i32 %p_ZZ5conv3PA255_A255_fPA32_A5_A5_fPfS1_E7in_tile_1_3_0_load_19"   --->   Operation 250 'read' 'p_ZZ5conv3PA255_A255_fPA32_A5_A5_fPfS1_E7in_tile_1_3_0_load_19_read' <Predicate = true> <Delay = 0.00>
ST_1 : Operation 251 [1/1] (0.00ns)   --->   "%p_ZZ5conv3PA255_A255_fPA32_A5_A5_fPfS1_E7in_tile_1_2_0_load_19_read = read i32 @_ssdm_op_Read.ap_auto.float, i32 %p_ZZ5conv3PA255_A255_fPA32_A5_A5_fPfS1_E7in_tile_1_2_0_load_19"   --->   Operation 251 'read' 'p_ZZ5conv3PA255_A255_fPA32_A5_A5_fPfS1_E7in_tile_1_2_0_load_19_read' <Predicate = true> <Delay = 0.00>
ST_1 : Operation 252 [1/1] (0.00ns)   --->   "%p_ZZ5conv3PA255_A255_fPA32_A5_A5_fPfS1_E7in_tile_1_1_0_load_19_read = read i32 @_ssdm_op_Read.ap_auto.float, i32 %p_ZZ5conv3PA255_A255_fPA32_A5_A5_fPfS1_E7in_tile_1_1_0_load_19"   --->   Operation 252 'read' 'p_ZZ5conv3PA255_A255_fPA32_A5_A5_fPfS1_E7in_tile_1_1_0_load_19_read' <Predicate = true> <Delay = 0.00>
ST_1 : Operation 253 [1/1] (0.00ns)   --->   "%p_ZZ5conv3PA255_A255_fPA32_A5_A5_fPfS1_E7in_tile_1_0_0_load_19_read = read i32 @_ssdm_op_Read.ap_auto.float, i32 %p_ZZ5conv3PA255_A255_fPA32_A5_A5_fPfS1_E7in_tile_1_0_0_load_19"   --->   Operation 253 'read' 'p_ZZ5conv3PA255_A255_fPA32_A5_A5_fPfS1_E7in_tile_1_0_0_load_19_read' <Predicate = true> <Delay = 0.00>
ST_1 : Operation 254 [1/1] (0.00ns)   --->   "%p_ZZ5conv3PA255_A255_fPA32_A5_A5_fPfS1_E7in_tile_1_4_0_load_19_read = read i32 @_ssdm_op_Read.ap_auto.float, i32 %p_ZZ5conv3PA255_A255_fPA32_A5_A5_fPfS1_E7in_tile_1_4_0_load_19"   --->   Operation 254 'read' 'p_ZZ5conv3PA255_A255_fPA32_A5_A5_fPfS1_E7in_tile_1_4_0_load_19_read' <Predicate = true> <Delay = 0.00>
ST_1 : Operation 255 [1/1] (0.00ns)   --->   "%p_ZZ5conv3PA255_A255_fPA32_A5_A5_fPfS1_E7in_tile_0_3_0_load_19_read = read i32 @_ssdm_op_Read.ap_auto.float, i32 %p_ZZ5conv3PA255_A255_fPA32_A5_A5_fPfS1_E7in_tile_0_3_0_load_19"   --->   Operation 255 'read' 'p_ZZ5conv3PA255_A255_fPA32_A5_A5_fPfS1_E7in_tile_0_3_0_load_19_read' <Predicate = true> <Delay = 0.00>
ST_1 : Operation 256 [1/1] (0.00ns)   --->   "%p_ZZ5conv3PA255_A255_fPA32_A5_A5_fPfS1_E7in_tile_0_2_0_load_19_read = read i32 @_ssdm_op_Read.ap_auto.float, i32 %p_ZZ5conv3PA255_A255_fPA32_A5_A5_fPfS1_E7in_tile_0_2_0_load_19"   --->   Operation 256 'read' 'p_ZZ5conv3PA255_A255_fPA32_A5_A5_fPfS1_E7in_tile_0_2_0_load_19_read' <Predicate = true> <Delay = 0.00>
ST_1 : Operation 257 [1/1] (0.00ns)   --->   "%p_ZZ5conv3PA255_A255_fPA32_A5_A5_fPfS1_E7in_tile_0_1_0_load_19_read = read i32 @_ssdm_op_Read.ap_auto.float, i32 %p_ZZ5conv3PA255_A255_fPA32_A5_A5_fPfS1_E7in_tile_0_1_0_load_19"   --->   Operation 257 'read' 'p_ZZ5conv3PA255_A255_fPA32_A5_A5_fPfS1_E7in_tile_0_1_0_load_19_read' <Predicate = true> <Delay = 0.00>
ST_1 : Operation 258 [1/1] (0.00ns)   --->   "%p_ZZ5conv3PA255_A255_fPA32_A5_A5_fPfS1_E7in_tile_0_0_0_load_19_read = read i32 @_ssdm_op_Read.ap_auto.float, i32 %p_ZZ5conv3PA255_A255_fPA32_A5_A5_fPfS1_E7in_tile_0_0_0_load_19"   --->   Operation 258 'read' 'p_ZZ5conv3PA255_A255_fPA32_A5_A5_fPfS1_E7in_tile_0_0_0_load_19_read' <Predicate = true> <Delay = 0.00>
ST_1 : Operation 259 [1/1] (0.00ns)   --->   "%p_ZZ5conv3PA255_A255_fPA32_A5_A5_fPfS1_E7in_tile_0_4_0_load_19_read = read i32 @_ssdm_op_Read.ap_auto.float, i32 %p_ZZ5conv3PA255_A255_fPA32_A5_A5_fPfS1_E7in_tile_0_4_0_load_19"   --->   Operation 259 'read' 'p_ZZ5conv3PA255_A255_fPA32_A5_A5_fPfS1_E7in_tile_0_4_0_load_19_read' <Predicate = true> <Delay = 0.00>
ST_1 : Operation 260 [1/1] (0.00ns)   --->   "%p_ZZ5conv3PA255_A255_fPA32_A5_A5_fPfS1_E7in_tile_4_2_0_load_18_read = read i32 @_ssdm_op_Read.ap_auto.float, i32 %p_ZZ5conv3PA255_A255_fPA32_A5_A5_fPfS1_E7in_tile_4_2_0_load_18"   --->   Operation 260 'read' 'p_ZZ5conv3PA255_A255_fPA32_A5_A5_fPfS1_E7in_tile_4_2_0_load_18_read' <Predicate = true> <Delay = 0.00>
ST_1 : Operation 261 [1/1] (0.00ns)   --->   "%p_ZZ5conv3PA255_A255_fPA32_A5_A5_fPfS1_E7in_tile_4_1_0_load_18_read = read i32 @_ssdm_op_Read.ap_auto.float, i32 %p_ZZ5conv3PA255_A255_fPA32_A5_A5_fPfS1_E7in_tile_4_1_0_load_18"   --->   Operation 261 'read' 'p_ZZ5conv3PA255_A255_fPA32_A5_A5_fPfS1_E7in_tile_4_1_0_load_18_read' <Predicate = true> <Delay = 0.00>
ST_1 : Operation 262 [1/1] (0.00ns)   --->   "%p_ZZ5conv3PA255_A255_fPA32_A5_A5_fPfS1_E7in_tile_4_0_0_load_18_read = read i32 @_ssdm_op_Read.ap_auto.float, i32 %p_ZZ5conv3PA255_A255_fPA32_A5_A5_fPfS1_E7in_tile_4_0_0_load_18"   --->   Operation 262 'read' 'p_ZZ5conv3PA255_A255_fPA32_A5_A5_fPfS1_E7in_tile_4_0_0_load_18_read' <Predicate = true> <Delay = 0.00>
ST_1 : Operation 263 [1/1] (0.00ns)   --->   "%p_ZZ5conv3PA255_A255_fPA32_A5_A5_fPfS1_E7in_tile_4_4_0_load_18_read = read i32 @_ssdm_op_Read.ap_auto.float, i32 %p_ZZ5conv3PA255_A255_fPA32_A5_A5_fPfS1_E7in_tile_4_4_0_load_18"   --->   Operation 263 'read' 'p_ZZ5conv3PA255_A255_fPA32_A5_A5_fPfS1_E7in_tile_4_4_0_load_18_read' <Predicate = true> <Delay = 0.00>
ST_1 : Operation 264 [1/1] (0.00ns)   --->   "%p_ZZ5conv3PA255_A255_fPA32_A5_A5_fPfS1_E7in_tile_4_3_0_load_18_read = read i32 @_ssdm_op_Read.ap_auto.float, i32 %p_ZZ5conv3PA255_A255_fPA32_A5_A5_fPfS1_E7in_tile_4_3_0_load_18"   --->   Operation 264 'read' 'p_ZZ5conv3PA255_A255_fPA32_A5_A5_fPfS1_E7in_tile_4_3_0_load_18_read' <Predicate = true> <Delay = 0.00>
ST_1 : Operation 265 [1/1] (0.00ns)   --->   "%p_ZZ5conv3PA255_A255_fPA32_A5_A5_fPfS1_E7in_tile_3_2_0_load_18_read = read i32 @_ssdm_op_Read.ap_auto.float, i32 %p_ZZ5conv3PA255_A255_fPA32_A5_A5_fPfS1_E7in_tile_3_2_0_load_18"   --->   Operation 265 'read' 'p_ZZ5conv3PA255_A255_fPA32_A5_A5_fPfS1_E7in_tile_3_2_0_load_18_read' <Predicate = true> <Delay = 0.00>
ST_1 : Operation 266 [1/1] (0.00ns)   --->   "%p_ZZ5conv3PA255_A255_fPA32_A5_A5_fPfS1_E7in_tile_3_1_0_load_18_read = read i32 @_ssdm_op_Read.ap_auto.float, i32 %p_ZZ5conv3PA255_A255_fPA32_A5_A5_fPfS1_E7in_tile_3_1_0_load_18"   --->   Operation 266 'read' 'p_ZZ5conv3PA255_A255_fPA32_A5_A5_fPfS1_E7in_tile_3_1_0_load_18_read' <Predicate = true> <Delay = 0.00>
ST_1 : Operation 267 [1/1] (0.00ns)   --->   "%p_ZZ5conv3PA255_A255_fPA32_A5_A5_fPfS1_E7in_tile_3_0_0_load_18_read = read i32 @_ssdm_op_Read.ap_auto.float, i32 %p_ZZ5conv3PA255_A255_fPA32_A5_A5_fPfS1_E7in_tile_3_0_0_load_18"   --->   Operation 267 'read' 'p_ZZ5conv3PA255_A255_fPA32_A5_A5_fPfS1_E7in_tile_3_0_0_load_18_read' <Predicate = true> <Delay = 0.00>
ST_1 : Operation 268 [1/1] (0.00ns)   --->   "%p_ZZ5conv3PA255_A255_fPA32_A5_A5_fPfS1_E7in_tile_3_4_0_load_18_read = read i32 @_ssdm_op_Read.ap_auto.float, i32 %p_ZZ5conv3PA255_A255_fPA32_A5_A5_fPfS1_E7in_tile_3_4_0_load_18"   --->   Operation 268 'read' 'p_ZZ5conv3PA255_A255_fPA32_A5_A5_fPfS1_E7in_tile_3_4_0_load_18_read' <Predicate = true> <Delay = 0.00>
ST_1 : Operation 269 [1/1] (0.00ns)   --->   "%p_ZZ5conv3PA255_A255_fPA32_A5_A5_fPfS1_E7in_tile_3_3_0_load_18_read = read i32 @_ssdm_op_Read.ap_auto.float, i32 %p_ZZ5conv3PA255_A255_fPA32_A5_A5_fPfS1_E7in_tile_3_3_0_load_18"   --->   Operation 269 'read' 'p_ZZ5conv3PA255_A255_fPA32_A5_A5_fPfS1_E7in_tile_3_3_0_load_18_read' <Predicate = true> <Delay = 0.00>
ST_1 : Operation 270 [1/1] (0.00ns)   --->   "%p_ZZ5conv3PA255_A255_fPA32_A5_A5_fPfS1_E7in_tile_2_2_0_load_18_read = read i32 @_ssdm_op_Read.ap_auto.float, i32 %p_ZZ5conv3PA255_A255_fPA32_A5_A5_fPfS1_E7in_tile_2_2_0_load_18"   --->   Operation 270 'read' 'p_ZZ5conv3PA255_A255_fPA32_A5_A5_fPfS1_E7in_tile_2_2_0_load_18_read' <Predicate = true> <Delay = 0.00>
ST_1 : Operation 271 [1/1] (0.00ns)   --->   "%p_ZZ5conv3PA255_A255_fPA32_A5_A5_fPfS1_E7in_tile_2_1_0_load_18_read = read i32 @_ssdm_op_Read.ap_auto.float, i32 %p_ZZ5conv3PA255_A255_fPA32_A5_A5_fPfS1_E7in_tile_2_1_0_load_18"   --->   Operation 271 'read' 'p_ZZ5conv3PA255_A255_fPA32_A5_A5_fPfS1_E7in_tile_2_1_0_load_18_read' <Predicate = true> <Delay = 0.00>
ST_1 : Operation 272 [1/1] (0.00ns)   --->   "%p_ZZ5conv3PA255_A255_fPA32_A5_A5_fPfS1_E7in_tile_2_0_0_load_18_read = read i32 @_ssdm_op_Read.ap_auto.float, i32 %p_ZZ5conv3PA255_A255_fPA32_A5_A5_fPfS1_E7in_tile_2_0_0_load_18"   --->   Operation 272 'read' 'p_ZZ5conv3PA255_A255_fPA32_A5_A5_fPfS1_E7in_tile_2_0_0_load_18_read' <Predicate = true> <Delay = 0.00>
ST_1 : Operation 273 [1/1] (0.00ns)   --->   "%p_ZZ5conv3PA255_A255_fPA32_A5_A5_fPfS1_E7in_tile_2_4_0_load_18_read = read i32 @_ssdm_op_Read.ap_auto.float, i32 %p_ZZ5conv3PA255_A255_fPA32_A5_A5_fPfS1_E7in_tile_2_4_0_load_18"   --->   Operation 273 'read' 'p_ZZ5conv3PA255_A255_fPA32_A5_A5_fPfS1_E7in_tile_2_4_0_load_18_read' <Predicate = true> <Delay = 0.00>
ST_1 : Operation 274 [1/1] (0.00ns)   --->   "%p_ZZ5conv3PA255_A255_fPA32_A5_A5_fPfS1_E7in_tile_2_3_0_load_18_read = read i32 @_ssdm_op_Read.ap_auto.float, i32 %p_ZZ5conv3PA255_A255_fPA32_A5_A5_fPfS1_E7in_tile_2_3_0_load_18"   --->   Operation 274 'read' 'p_ZZ5conv3PA255_A255_fPA32_A5_A5_fPfS1_E7in_tile_2_3_0_load_18_read' <Predicate = true> <Delay = 0.00>
ST_1 : Operation 275 [1/1] (0.00ns)   --->   "%p_ZZ5conv3PA255_A255_fPA32_A5_A5_fPfS1_E7in_tile_1_2_0_load_18_read = read i32 @_ssdm_op_Read.ap_auto.float, i32 %p_ZZ5conv3PA255_A255_fPA32_A5_A5_fPfS1_E7in_tile_1_2_0_load_18"   --->   Operation 275 'read' 'p_ZZ5conv3PA255_A255_fPA32_A5_A5_fPfS1_E7in_tile_1_2_0_load_18_read' <Predicate = true> <Delay = 0.00>
ST_1 : Operation 276 [1/1] (0.00ns)   --->   "%p_ZZ5conv3PA255_A255_fPA32_A5_A5_fPfS1_E7in_tile_1_1_0_load_18_read = read i32 @_ssdm_op_Read.ap_auto.float, i32 %p_ZZ5conv3PA255_A255_fPA32_A5_A5_fPfS1_E7in_tile_1_1_0_load_18"   --->   Operation 276 'read' 'p_ZZ5conv3PA255_A255_fPA32_A5_A5_fPfS1_E7in_tile_1_1_0_load_18_read' <Predicate = true> <Delay = 0.00>
ST_1 : Operation 277 [1/1] (0.00ns)   --->   "%p_ZZ5conv3PA255_A255_fPA32_A5_A5_fPfS1_E7in_tile_1_0_0_load_18_read = read i32 @_ssdm_op_Read.ap_auto.float, i32 %p_ZZ5conv3PA255_A255_fPA32_A5_A5_fPfS1_E7in_tile_1_0_0_load_18"   --->   Operation 277 'read' 'p_ZZ5conv3PA255_A255_fPA32_A5_A5_fPfS1_E7in_tile_1_0_0_load_18_read' <Predicate = true> <Delay = 0.00>
ST_1 : Operation 278 [1/1] (0.00ns)   --->   "%p_ZZ5conv3PA255_A255_fPA32_A5_A5_fPfS1_E7in_tile_1_4_0_load_18_read = read i32 @_ssdm_op_Read.ap_auto.float, i32 %p_ZZ5conv3PA255_A255_fPA32_A5_A5_fPfS1_E7in_tile_1_4_0_load_18"   --->   Operation 278 'read' 'p_ZZ5conv3PA255_A255_fPA32_A5_A5_fPfS1_E7in_tile_1_4_0_load_18_read' <Predicate = true> <Delay = 0.00>
ST_1 : Operation 279 [1/1] (0.00ns)   --->   "%p_ZZ5conv3PA255_A255_fPA32_A5_A5_fPfS1_E7in_tile_1_3_0_load_18_read = read i32 @_ssdm_op_Read.ap_auto.float, i32 %p_ZZ5conv3PA255_A255_fPA32_A5_A5_fPfS1_E7in_tile_1_3_0_load_18"   --->   Operation 279 'read' 'p_ZZ5conv3PA255_A255_fPA32_A5_A5_fPfS1_E7in_tile_1_3_0_load_18_read' <Predicate = true> <Delay = 0.00>
ST_1 : Operation 280 [1/1] (0.00ns)   --->   "%p_ZZ5conv3PA255_A255_fPA32_A5_A5_fPfS1_E7in_tile_0_2_0_load_18_read = read i32 @_ssdm_op_Read.ap_auto.float, i32 %p_ZZ5conv3PA255_A255_fPA32_A5_A5_fPfS1_E7in_tile_0_2_0_load_18"   --->   Operation 280 'read' 'p_ZZ5conv3PA255_A255_fPA32_A5_A5_fPfS1_E7in_tile_0_2_0_load_18_read' <Predicate = true> <Delay = 0.00>
ST_1 : Operation 281 [1/1] (0.00ns)   --->   "%p_ZZ5conv3PA255_A255_fPA32_A5_A5_fPfS1_E7in_tile_0_1_0_load_18_read = read i32 @_ssdm_op_Read.ap_auto.float, i32 %p_ZZ5conv3PA255_A255_fPA32_A5_A5_fPfS1_E7in_tile_0_1_0_load_18"   --->   Operation 281 'read' 'p_ZZ5conv3PA255_A255_fPA32_A5_A5_fPfS1_E7in_tile_0_1_0_load_18_read' <Predicate = true> <Delay = 0.00>
ST_1 : Operation 282 [1/1] (0.00ns)   --->   "%p_ZZ5conv3PA255_A255_fPA32_A5_A5_fPfS1_E7in_tile_0_0_0_load_18_read = read i32 @_ssdm_op_Read.ap_auto.float, i32 %p_ZZ5conv3PA255_A255_fPA32_A5_A5_fPfS1_E7in_tile_0_0_0_load_18"   --->   Operation 282 'read' 'p_ZZ5conv3PA255_A255_fPA32_A5_A5_fPfS1_E7in_tile_0_0_0_load_18_read' <Predicate = true> <Delay = 0.00>
ST_1 : Operation 283 [1/1] (0.00ns)   --->   "%p_ZZ5conv3PA255_A255_fPA32_A5_A5_fPfS1_E7in_tile_0_4_0_load_18_read = read i32 @_ssdm_op_Read.ap_auto.float, i32 %p_ZZ5conv3PA255_A255_fPA32_A5_A5_fPfS1_E7in_tile_0_4_0_load_18"   --->   Operation 283 'read' 'p_ZZ5conv3PA255_A255_fPA32_A5_A5_fPfS1_E7in_tile_0_4_0_load_18_read' <Predicate = true> <Delay = 0.00>
ST_1 : Operation 284 [1/1] (0.00ns)   --->   "%p_ZZ5conv3PA255_A255_fPA32_A5_A5_fPfS1_E7in_tile_0_3_0_load_18_read = read i32 @_ssdm_op_Read.ap_auto.float, i32 %p_ZZ5conv3PA255_A255_fPA32_A5_A5_fPfS1_E7in_tile_0_3_0_load_18"   --->   Operation 284 'read' 'p_ZZ5conv3PA255_A255_fPA32_A5_A5_fPfS1_E7in_tile_0_3_0_load_18_read' <Predicate = true> <Delay = 0.00>
ST_1 : Operation 285 [1/1] (0.00ns)   --->   "%p_ZZ5conv3PA255_A255_fPA32_A5_A5_fPfS1_E7in_tile_4_1_0_load_17_read = read i32 @_ssdm_op_Read.ap_auto.float, i32 %p_ZZ5conv3PA255_A255_fPA32_A5_A5_fPfS1_E7in_tile_4_1_0_load_17"   --->   Operation 285 'read' 'p_ZZ5conv3PA255_A255_fPA32_A5_A5_fPfS1_E7in_tile_4_1_0_load_17_read' <Predicate = true> <Delay = 0.00>
ST_1 : Operation 286 [1/1] (0.00ns)   --->   "%p_ZZ5conv3PA255_A255_fPA32_A5_A5_fPfS1_E7in_tile_4_0_0_load_17_read = read i32 @_ssdm_op_Read.ap_auto.float, i32 %p_ZZ5conv3PA255_A255_fPA32_A5_A5_fPfS1_E7in_tile_4_0_0_load_17"   --->   Operation 286 'read' 'p_ZZ5conv3PA255_A255_fPA32_A5_A5_fPfS1_E7in_tile_4_0_0_load_17_read' <Predicate = true> <Delay = 0.00>
ST_1 : Operation 287 [1/1] (0.00ns)   --->   "%p_ZZ5conv3PA255_A255_fPA32_A5_A5_fPfS1_E7in_tile_4_4_0_load_17_read = read i32 @_ssdm_op_Read.ap_auto.float, i32 %p_ZZ5conv3PA255_A255_fPA32_A5_A5_fPfS1_E7in_tile_4_4_0_load_17"   --->   Operation 287 'read' 'p_ZZ5conv3PA255_A255_fPA32_A5_A5_fPfS1_E7in_tile_4_4_0_load_17_read' <Predicate = true> <Delay = 0.00>
ST_1 : Operation 288 [1/1] (0.00ns)   --->   "%p_ZZ5conv3PA255_A255_fPA32_A5_A5_fPfS1_E7in_tile_4_3_0_load_17_read = read i32 @_ssdm_op_Read.ap_auto.float, i32 %p_ZZ5conv3PA255_A255_fPA32_A5_A5_fPfS1_E7in_tile_4_3_0_load_17"   --->   Operation 288 'read' 'p_ZZ5conv3PA255_A255_fPA32_A5_A5_fPfS1_E7in_tile_4_3_0_load_17_read' <Predicate = true> <Delay = 0.00>
ST_1 : Operation 289 [1/1] (0.00ns)   --->   "%p_ZZ5conv3PA255_A255_fPA32_A5_A5_fPfS1_E7in_tile_4_2_0_load_17_read = read i32 @_ssdm_op_Read.ap_auto.float, i32 %p_ZZ5conv3PA255_A255_fPA32_A5_A5_fPfS1_E7in_tile_4_2_0_load_17"   --->   Operation 289 'read' 'p_ZZ5conv3PA255_A255_fPA32_A5_A5_fPfS1_E7in_tile_4_2_0_load_17_read' <Predicate = true> <Delay = 0.00>
ST_1 : Operation 290 [1/1] (0.00ns)   --->   "%p_ZZ5conv3PA255_A255_fPA32_A5_A5_fPfS1_E7in_tile_3_1_0_load_17_read = read i32 @_ssdm_op_Read.ap_auto.float, i32 %p_ZZ5conv3PA255_A255_fPA32_A5_A5_fPfS1_E7in_tile_3_1_0_load_17"   --->   Operation 290 'read' 'p_ZZ5conv3PA255_A255_fPA32_A5_A5_fPfS1_E7in_tile_3_1_0_load_17_read' <Predicate = true> <Delay = 0.00>
ST_1 : Operation 291 [1/1] (0.00ns)   --->   "%p_ZZ5conv3PA255_A255_fPA32_A5_A5_fPfS1_E7in_tile_3_0_0_load_17_read = read i32 @_ssdm_op_Read.ap_auto.float, i32 %p_ZZ5conv3PA255_A255_fPA32_A5_A5_fPfS1_E7in_tile_3_0_0_load_17"   --->   Operation 291 'read' 'p_ZZ5conv3PA255_A255_fPA32_A5_A5_fPfS1_E7in_tile_3_0_0_load_17_read' <Predicate = true> <Delay = 0.00>
ST_1 : Operation 292 [1/1] (0.00ns)   --->   "%p_ZZ5conv3PA255_A255_fPA32_A5_A5_fPfS1_E7in_tile_3_4_0_load_17_read = read i32 @_ssdm_op_Read.ap_auto.float, i32 %p_ZZ5conv3PA255_A255_fPA32_A5_A5_fPfS1_E7in_tile_3_4_0_load_17"   --->   Operation 292 'read' 'p_ZZ5conv3PA255_A255_fPA32_A5_A5_fPfS1_E7in_tile_3_4_0_load_17_read' <Predicate = true> <Delay = 0.00>
ST_1 : Operation 293 [1/1] (0.00ns)   --->   "%p_ZZ5conv3PA255_A255_fPA32_A5_A5_fPfS1_E7in_tile_3_3_0_load_17_read = read i32 @_ssdm_op_Read.ap_auto.float, i32 %p_ZZ5conv3PA255_A255_fPA32_A5_A5_fPfS1_E7in_tile_3_3_0_load_17"   --->   Operation 293 'read' 'p_ZZ5conv3PA255_A255_fPA32_A5_A5_fPfS1_E7in_tile_3_3_0_load_17_read' <Predicate = true> <Delay = 0.00>
ST_1 : Operation 294 [1/1] (0.00ns)   --->   "%p_ZZ5conv3PA255_A255_fPA32_A5_A5_fPfS1_E7in_tile_3_2_0_load_17_read = read i32 @_ssdm_op_Read.ap_auto.float, i32 %p_ZZ5conv3PA255_A255_fPA32_A5_A5_fPfS1_E7in_tile_3_2_0_load_17"   --->   Operation 294 'read' 'p_ZZ5conv3PA255_A255_fPA32_A5_A5_fPfS1_E7in_tile_3_2_0_load_17_read' <Predicate = true> <Delay = 0.00>
ST_1 : Operation 295 [1/1] (0.00ns)   --->   "%p_ZZ5conv3PA255_A255_fPA32_A5_A5_fPfS1_E7in_tile_2_1_0_load_17_read = read i32 @_ssdm_op_Read.ap_auto.float, i32 %p_ZZ5conv3PA255_A255_fPA32_A5_A5_fPfS1_E7in_tile_2_1_0_load_17"   --->   Operation 295 'read' 'p_ZZ5conv3PA255_A255_fPA32_A5_A5_fPfS1_E7in_tile_2_1_0_load_17_read' <Predicate = true> <Delay = 0.00>
ST_1 : Operation 296 [1/1] (0.00ns)   --->   "%p_ZZ5conv3PA255_A255_fPA32_A5_A5_fPfS1_E7in_tile_2_0_0_load_17_read = read i32 @_ssdm_op_Read.ap_auto.float, i32 %p_ZZ5conv3PA255_A255_fPA32_A5_A5_fPfS1_E7in_tile_2_0_0_load_17"   --->   Operation 296 'read' 'p_ZZ5conv3PA255_A255_fPA32_A5_A5_fPfS1_E7in_tile_2_0_0_load_17_read' <Predicate = true> <Delay = 0.00>
ST_1 : Operation 297 [1/1] (0.00ns)   --->   "%p_ZZ5conv3PA255_A255_fPA32_A5_A5_fPfS1_E7in_tile_2_4_0_load_17_read = read i32 @_ssdm_op_Read.ap_auto.float, i32 %p_ZZ5conv3PA255_A255_fPA32_A5_A5_fPfS1_E7in_tile_2_4_0_load_17"   --->   Operation 297 'read' 'p_ZZ5conv3PA255_A255_fPA32_A5_A5_fPfS1_E7in_tile_2_4_0_load_17_read' <Predicate = true> <Delay = 0.00>
ST_1 : Operation 298 [1/1] (0.00ns)   --->   "%p_ZZ5conv3PA255_A255_fPA32_A5_A5_fPfS1_E7in_tile_2_3_0_load_17_read = read i32 @_ssdm_op_Read.ap_auto.float, i32 %p_ZZ5conv3PA255_A255_fPA32_A5_A5_fPfS1_E7in_tile_2_3_0_load_17"   --->   Operation 298 'read' 'p_ZZ5conv3PA255_A255_fPA32_A5_A5_fPfS1_E7in_tile_2_3_0_load_17_read' <Predicate = true> <Delay = 0.00>
ST_1 : Operation 299 [1/1] (0.00ns)   --->   "%p_ZZ5conv3PA255_A255_fPA32_A5_A5_fPfS1_E7in_tile_2_2_0_load_17_read = read i32 @_ssdm_op_Read.ap_auto.float, i32 %p_ZZ5conv3PA255_A255_fPA32_A5_A5_fPfS1_E7in_tile_2_2_0_load_17"   --->   Operation 299 'read' 'p_ZZ5conv3PA255_A255_fPA32_A5_A5_fPfS1_E7in_tile_2_2_0_load_17_read' <Predicate = true> <Delay = 0.00>
ST_1 : Operation 300 [1/1] (0.00ns)   --->   "%p_ZZ5conv3PA255_A255_fPA32_A5_A5_fPfS1_E7in_tile_1_1_0_load_17_read = read i32 @_ssdm_op_Read.ap_auto.float, i32 %p_ZZ5conv3PA255_A255_fPA32_A5_A5_fPfS1_E7in_tile_1_1_0_load_17"   --->   Operation 300 'read' 'p_ZZ5conv3PA255_A255_fPA32_A5_A5_fPfS1_E7in_tile_1_1_0_load_17_read' <Predicate = true> <Delay = 0.00>
ST_1 : Operation 301 [1/1] (0.00ns)   --->   "%p_ZZ5conv3PA255_A255_fPA32_A5_A5_fPfS1_E7in_tile_1_0_0_load_17_read = read i32 @_ssdm_op_Read.ap_auto.float, i32 %p_ZZ5conv3PA255_A255_fPA32_A5_A5_fPfS1_E7in_tile_1_0_0_load_17"   --->   Operation 301 'read' 'p_ZZ5conv3PA255_A255_fPA32_A5_A5_fPfS1_E7in_tile_1_0_0_load_17_read' <Predicate = true> <Delay = 0.00>
ST_1 : Operation 302 [1/1] (0.00ns)   --->   "%p_ZZ5conv3PA255_A255_fPA32_A5_A5_fPfS1_E7in_tile_1_4_0_load_17_read = read i32 @_ssdm_op_Read.ap_auto.float, i32 %p_ZZ5conv3PA255_A255_fPA32_A5_A5_fPfS1_E7in_tile_1_4_0_load_17"   --->   Operation 302 'read' 'p_ZZ5conv3PA255_A255_fPA32_A5_A5_fPfS1_E7in_tile_1_4_0_load_17_read' <Predicate = true> <Delay = 0.00>
ST_1 : Operation 303 [1/1] (0.00ns)   --->   "%p_ZZ5conv3PA255_A255_fPA32_A5_A5_fPfS1_E7in_tile_1_3_0_load_17_read = read i32 @_ssdm_op_Read.ap_auto.float, i32 %p_ZZ5conv3PA255_A255_fPA32_A5_A5_fPfS1_E7in_tile_1_3_0_load_17"   --->   Operation 303 'read' 'p_ZZ5conv3PA255_A255_fPA32_A5_A5_fPfS1_E7in_tile_1_3_0_load_17_read' <Predicate = true> <Delay = 0.00>
ST_1 : Operation 304 [1/1] (0.00ns)   --->   "%p_ZZ5conv3PA255_A255_fPA32_A5_A5_fPfS1_E7in_tile_1_2_0_load_17_read = read i32 @_ssdm_op_Read.ap_auto.float, i32 %p_ZZ5conv3PA255_A255_fPA32_A5_A5_fPfS1_E7in_tile_1_2_0_load_17"   --->   Operation 304 'read' 'p_ZZ5conv3PA255_A255_fPA32_A5_A5_fPfS1_E7in_tile_1_2_0_load_17_read' <Predicate = true> <Delay = 0.00>
ST_1 : Operation 305 [1/1] (0.00ns)   --->   "%p_ZZ5conv3PA255_A255_fPA32_A5_A5_fPfS1_E7in_tile_0_1_0_load_17_read = read i32 @_ssdm_op_Read.ap_auto.float, i32 %p_ZZ5conv3PA255_A255_fPA32_A5_A5_fPfS1_E7in_tile_0_1_0_load_17"   --->   Operation 305 'read' 'p_ZZ5conv3PA255_A255_fPA32_A5_A5_fPfS1_E7in_tile_0_1_0_load_17_read' <Predicate = true> <Delay = 0.00>
ST_1 : Operation 306 [1/1] (0.00ns)   --->   "%p_ZZ5conv3PA255_A255_fPA32_A5_A5_fPfS1_E7in_tile_0_0_0_load_17_read = read i32 @_ssdm_op_Read.ap_auto.float, i32 %p_ZZ5conv3PA255_A255_fPA32_A5_A5_fPfS1_E7in_tile_0_0_0_load_17"   --->   Operation 306 'read' 'p_ZZ5conv3PA255_A255_fPA32_A5_A5_fPfS1_E7in_tile_0_0_0_load_17_read' <Predicate = true> <Delay = 0.00>
ST_1 : Operation 307 [1/1] (0.00ns)   --->   "%p_ZZ5conv3PA255_A255_fPA32_A5_A5_fPfS1_E7in_tile_0_4_0_load_17_read = read i32 @_ssdm_op_Read.ap_auto.float, i32 %p_ZZ5conv3PA255_A255_fPA32_A5_A5_fPfS1_E7in_tile_0_4_0_load_17"   --->   Operation 307 'read' 'p_ZZ5conv3PA255_A255_fPA32_A5_A5_fPfS1_E7in_tile_0_4_0_load_17_read' <Predicate = true> <Delay = 0.00>
ST_1 : Operation 308 [1/1] (0.00ns)   --->   "%p_ZZ5conv3PA255_A255_fPA32_A5_A5_fPfS1_E7in_tile_0_3_0_load_17_read = read i32 @_ssdm_op_Read.ap_auto.float, i32 %p_ZZ5conv3PA255_A255_fPA32_A5_A5_fPfS1_E7in_tile_0_3_0_load_17"   --->   Operation 308 'read' 'p_ZZ5conv3PA255_A255_fPA32_A5_A5_fPfS1_E7in_tile_0_3_0_load_17_read' <Predicate = true> <Delay = 0.00>
ST_1 : Operation 309 [1/1] (0.00ns)   --->   "%p_ZZ5conv3PA255_A255_fPA32_A5_A5_fPfS1_E7in_tile_0_2_0_load_17_read = read i32 @_ssdm_op_Read.ap_auto.float, i32 %p_ZZ5conv3PA255_A255_fPA32_A5_A5_fPfS1_E7in_tile_0_2_0_load_17"   --->   Operation 309 'read' 'p_ZZ5conv3PA255_A255_fPA32_A5_A5_fPfS1_E7in_tile_0_2_0_load_17_read' <Predicate = true> <Delay = 0.00>
ST_1 : Operation 310 [1/1] (0.00ns)   --->   "%p_ZZ5conv3PA255_A255_fPA32_A5_A5_fPfS1_E7in_tile_4_0_0_load_16_read = read i32 @_ssdm_op_Read.ap_auto.float, i32 %p_ZZ5conv3PA255_A255_fPA32_A5_A5_fPfS1_E7in_tile_4_0_0_load_16"   --->   Operation 310 'read' 'p_ZZ5conv3PA255_A255_fPA32_A5_A5_fPfS1_E7in_tile_4_0_0_load_16_read' <Predicate = true> <Delay = 0.00>
ST_1 : Operation 311 [1/1] (0.00ns)   --->   "%p_ZZ5conv3PA255_A255_fPA32_A5_A5_fPfS1_E7in_tile_4_4_0_load_16_read = read i32 @_ssdm_op_Read.ap_auto.float, i32 %p_ZZ5conv3PA255_A255_fPA32_A5_A5_fPfS1_E7in_tile_4_4_0_load_16"   --->   Operation 311 'read' 'p_ZZ5conv3PA255_A255_fPA32_A5_A5_fPfS1_E7in_tile_4_4_0_load_16_read' <Predicate = true> <Delay = 0.00>
ST_1 : Operation 312 [1/1] (0.00ns)   --->   "%p_ZZ5conv3PA255_A255_fPA32_A5_A5_fPfS1_E7in_tile_4_3_0_load_16_read = read i32 @_ssdm_op_Read.ap_auto.float, i32 %p_ZZ5conv3PA255_A255_fPA32_A5_A5_fPfS1_E7in_tile_4_3_0_load_16"   --->   Operation 312 'read' 'p_ZZ5conv3PA255_A255_fPA32_A5_A5_fPfS1_E7in_tile_4_3_0_load_16_read' <Predicate = true> <Delay = 0.00>
ST_1 : Operation 313 [1/1] (0.00ns)   --->   "%p_ZZ5conv3PA255_A255_fPA32_A5_A5_fPfS1_E7in_tile_4_2_0_load_16_read = read i32 @_ssdm_op_Read.ap_auto.float, i32 %p_ZZ5conv3PA255_A255_fPA32_A5_A5_fPfS1_E7in_tile_4_2_0_load_16"   --->   Operation 313 'read' 'p_ZZ5conv3PA255_A255_fPA32_A5_A5_fPfS1_E7in_tile_4_2_0_load_16_read' <Predicate = true> <Delay = 0.00>
ST_1 : Operation 314 [1/1] (0.00ns)   --->   "%p_ZZ5conv3PA255_A255_fPA32_A5_A5_fPfS1_E7in_tile_4_1_0_load_16_read = read i32 @_ssdm_op_Read.ap_auto.float, i32 %p_ZZ5conv3PA255_A255_fPA32_A5_A5_fPfS1_E7in_tile_4_1_0_load_16"   --->   Operation 314 'read' 'p_ZZ5conv3PA255_A255_fPA32_A5_A5_fPfS1_E7in_tile_4_1_0_load_16_read' <Predicate = true> <Delay = 0.00>
ST_1 : Operation 315 [1/1] (0.00ns)   --->   "%p_ZZ5conv3PA255_A255_fPA32_A5_A5_fPfS1_E7in_tile_3_0_0_load_16_read = read i32 @_ssdm_op_Read.ap_auto.float, i32 %p_ZZ5conv3PA255_A255_fPA32_A5_A5_fPfS1_E7in_tile_3_0_0_load_16"   --->   Operation 315 'read' 'p_ZZ5conv3PA255_A255_fPA32_A5_A5_fPfS1_E7in_tile_3_0_0_load_16_read' <Predicate = true> <Delay = 0.00>
ST_1 : Operation 316 [1/1] (0.00ns)   --->   "%p_ZZ5conv3PA255_A255_fPA32_A5_A5_fPfS1_E7in_tile_3_4_0_load_16_read = read i32 @_ssdm_op_Read.ap_auto.float, i32 %p_ZZ5conv3PA255_A255_fPA32_A5_A5_fPfS1_E7in_tile_3_4_0_load_16"   --->   Operation 316 'read' 'p_ZZ5conv3PA255_A255_fPA32_A5_A5_fPfS1_E7in_tile_3_4_0_load_16_read' <Predicate = true> <Delay = 0.00>
ST_1 : Operation 317 [1/1] (0.00ns)   --->   "%p_ZZ5conv3PA255_A255_fPA32_A5_A5_fPfS1_E7in_tile_3_3_0_load_16_read = read i32 @_ssdm_op_Read.ap_auto.float, i32 %p_ZZ5conv3PA255_A255_fPA32_A5_A5_fPfS1_E7in_tile_3_3_0_load_16"   --->   Operation 317 'read' 'p_ZZ5conv3PA255_A255_fPA32_A5_A5_fPfS1_E7in_tile_3_3_0_load_16_read' <Predicate = true> <Delay = 0.00>
ST_1 : Operation 318 [1/1] (0.00ns)   --->   "%p_ZZ5conv3PA255_A255_fPA32_A5_A5_fPfS1_E7in_tile_3_2_0_load_16_read = read i32 @_ssdm_op_Read.ap_auto.float, i32 %p_ZZ5conv3PA255_A255_fPA32_A5_A5_fPfS1_E7in_tile_3_2_0_load_16"   --->   Operation 318 'read' 'p_ZZ5conv3PA255_A255_fPA32_A5_A5_fPfS1_E7in_tile_3_2_0_load_16_read' <Predicate = true> <Delay = 0.00>
ST_1 : Operation 319 [1/1] (0.00ns)   --->   "%p_ZZ5conv3PA255_A255_fPA32_A5_A5_fPfS1_E7in_tile_3_1_0_load_16_read = read i32 @_ssdm_op_Read.ap_auto.float, i32 %p_ZZ5conv3PA255_A255_fPA32_A5_A5_fPfS1_E7in_tile_3_1_0_load_16"   --->   Operation 319 'read' 'p_ZZ5conv3PA255_A255_fPA32_A5_A5_fPfS1_E7in_tile_3_1_0_load_16_read' <Predicate = true> <Delay = 0.00>
ST_1 : Operation 320 [1/1] (0.00ns)   --->   "%p_ZZ5conv3PA255_A255_fPA32_A5_A5_fPfS1_E7in_tile_2_0_0_load_16_read = read i32 @_ssdm_op_Read.ap_auto.float, i32 %p_ZZ5conv3PA255_A255_fPA32_A5_A5_fPfS1_E7in_tile_2_0_0_load_16"   --->   Operation 320 'read' 'p_ZZ5conv3PA255_A255_fPA32_A5_A5_fPfS1_E7in_tile_2_0_0_load_16_read' <Predicate = true> <Delay = 0.00>
ST_1 : Operation 321 [1/1] (0.00ns)   --->   "%p_ZZ5conv3PA255_A255_fPA32_A5_A5_fPfS1_E7in_tile_2_4_0_load_16_read = read i32 @_ssdm_op_Read.ap_auto.float, i32 %p_ZZ5conv3PA255_A255_fPA32_A5_A5_fPfS1_E7in_tile_2_4_0_load_16"   --->   Operation 321 'read' 'p_ZZ5conv3PA255_A255_fPA32_A5_A5_fPfS1_E7in_tile_2_4_0_load_16_read' <Predicate = true> <Delay = 0.00>
ST_1 : Operation 322 [1/1] (0.00ns)   --->   "%p_ZZ5conv3PA255_A255_fPA32_A5_A5_fPfS1_E7in_tile_2_3_0_load_16_read = read i32 @_ssdm_op_Read.ap_auto.float, i32 %p_ZZ5conv3PA255_A255_fPA32_A5_A5_fPfS1_E7in_tile_2_3_0_load_16"   --->   Operation 322 'read' 'p_ZZ5conv3PA255_A255_fPA32_A5_A5_fPfS1_E7in_tile_2_3_0_load_16_read' <Predicate = true> <Delay = 0.00>
ST_1 : Operation 323 [1/1] (0.00ns)   --->   "%p_ZZ5conv3PA255_A255_fPA32_A5_A5_fPfS1_E7in_tile_2_2_0_load_16_read = read i32 @_ssdm_op_Read.ap_auto.float, i32 %p_ZZ5conv3PA255_A255_fPA32_A5_A5_fPfS1_E7in_tile_2_2_0_load_16"   --->   Operation 323 'read' 'p_ZZ5conv3PA255_A255_fPA32_A5_A5_fPfS1_E7in_tile_2_2_0_load_16_read' <Predicate = true> <Delay = 0.00>
ST_1 : Operation 324 [1/1] (0.00ns)   --->   "%p_ZZ5conv3PA255_A255_fPA32_A5_A5_fPfS1_E7in_tile_2_1_0_load_16_read = read i32 @_ssdm_op_Read.ap_auto.float, i32 %p_ZZ5conv3PA255_A255_fPA32_A5_A5_fPfS1_E7in_tile_2_1_0_load_16"   --->   Operation 324 'read' 'p_ZZ5conv3PA255_A255_fPA32_A5_A5_fPfS1_E7in_tile_2_1_0_load_16_read' <Predicate = true> <Delay = 0.00>
ST_1 : Operation 325 [1/1] (0.00ns)   --->   "%p_ZZ5conv3PA255_A255_fPA32_A5_A5_fPfS1_E7in_tile_1_0_0_load_16_read = read i32 @_ssdm_op_Read.ap_auto.float, i32 %p_ZZ5conv3PA255_A255_fPA32_A5_A5_fPfS1_E7in_tile_1_0_0_load_16"   --->   Operation 325 'read' 'p_ZZ5conv3PA255_A255_fPA32_A5_A5_fPfS1_E7in_tile_1_0_0_load_16_read' <Predicate = true> <Delay = 0.00>
ST_1 : Operation 326 [1/1] (0.00ns)   --->   "%p_ZZ5conv3PA255_A255_fPA32_A5_A5_fPfS1_E7in_tile_1_4_0_load_16_read = read i32 @_ssdm_op_Read.ap_auto.float, i32 %p_ZZ5conv3PA255_A255_fPA32_A5_A5_fPfS1_E7in_tile_1_4_0_load_16"   --->   Operation 326 'read' 'p_ZZ5conv3PA255_A255_fPA32_A5_A5_fPfS1_E7in_tile_1_4_0_load_16_read' <Predicate = true> <Delay = 0.00>
ST_1 : Operation 327 [1/1] (0.00ns)   --->   "%p_ZZ5conv3PA255_A255_fPA32_A5_A5_fPfS1_E7in_tile_1_3_0_load_16_read = read i32 @_ssdm_op_Read.ap_auto.float, i32 %p_ZZ5conv3PA255_A255_fPA32_A5_A5_fPfS1_E7in_tile_1_3_0_load_16"   --->   Operation 327 'read' 'p_ZZ5conv3PA255_A255_fPA32_A5_A5_fPfS1_E7in_tile_1_3_0_load_16_read' <Predicate = true> <Delay = 0.00>
ST_1 : Operation 328 [1/1] (0.00ns)   --->   "%p_ZZ5conv3PA255_A255_fPA32_A5_A5_fPfS1_E7in_tile_1_2_0_load_16_read = read i32 @_ssdm_op_Read.ap_auto.float, i32 %p_ZZ5conv3PA255_A255_fPA32_A5_A5_fPfS1_E7in_tile_1_2_0_load_16"   --->   Operation 328 'read' 'p_ZZ5conv3PA255_A255_fPA32_A5_A5_fPfS1_E7in_tile_1_2_0_load_16_read' <Predicate = true> <Delay = 0.00>
ST_1 : Operation 329 [1/1] (0.00ns)   --->   "%p_ZZ5conv3PA255_A255_fPA32_A5_A5_fPfS1_E7in_tile_1_1_0_load_16_read = read i32 @_ssdm_op_Read.ap_auto.float, i32 %p_ZZ5conv3PA255_A255_fPA32_A5_A5_fPfS1_E7in_tile_1_1_0_load_16"   --->   Operation 329 'read' 'p_ZZ5conv3PA255_A255_fPA32_A5_A5_fPfS1_E7in_tile_1_1_0_load_16_read' <Predicate = true> <Delay = 0.00>
ST_1 : Operation 330 [1/1] (0.00ns)   --->   "%p_ZZ5conv3PA255_A255_fPA32_A5_A5_fPfS1_E7in_tile_0_0_0_load_16_read = read i32 @_ssdm_op_Read.ap_auto.float, i32 %p_ZZ5conv3PA255_A255_fPA32_A5_A5_fPfS1_E7in_tile_0_0_0_load_16"   --->   Operation 330 'read' 'p_ZZ5conv3PA255_A255_fPA32_A5_A5_fPfS1_E7in_tile_0_0_0_load_16_read' <Predicate = true> <Delay = 0.00>
ST_1 : Operation 331 [1/1] (0.00ns)   --->   "%p_ZZ5conv3PA255_A255_fPA32_A5_A5_fPfS1_E7in_tile_0_4_0_load_16_read = read i32 @_ssdm_op_Read.ap_auto.float, i32 %p_ZZ5conv3PA255_A255_fPA32_A5_A5_fPfS1_E7in_tile_0_4_0_load_16"   --->   Operation 331 'read' 'p_ZZ5conv3PA255_A255_fPA32_A5_A5_fPfS1_E7in_tile_0_4_0_load_16_read' <Predicate = true> <Delay = 0.00>
ST_1 : Operation 332 [1/1] (0.00ns)   --->   "%p_ZZ5conv3PA255_A255_fPA32_A5_A5_fPfS1_E7in_tile_0_3_0_load_16_read = read i32 @_ssdm_op_Read.ap_auto.float, i32 %p_ZZ5conv3PA255_A255_fPA32_A5_A5_fPfS1_E7in_tile_0_3_0_load_16"   --->   Operation 332 'read' 'p_ZZ5conv3PA255_A255_fPA32_A5_A5_fPfS1_E7in_tile_0_3_0_load_16_read' <Predicate = true> <Delay = 0.00>
ST_1 : Operation 333 [1/1] (0.00ns)   --->   "%p_ZZ5conv3PA255_A255_fPA32_A5_A5_fPfS1_E7in_tile_0_2_0_load_16_read = read i32 @_ssdm_op_Read.ap_auto.float, i32 %p_ZZ5conv3PA255_A255_fPA32_A5_A5_fPfS1_E7in_tile_0_2_0_load_16"   --->   Operation 333 'read' 'p_ZZ5conv3PA255_A255_fPA32_A5_A5_fPfS1_E7in_tile_0_2_0_load_16_read' <Predicate = true> <Delay = 0.00>
ST_1 : Operation 334 [1/1] (0.00ns)   --->   "%p_ZZ5conv3PA255_A255_fPA32_A5_A5_fPfS1_E7in_tile_0_1_0_load_16_read = read i32 @_ssdm_op_Read.ap_auto.float, i32 %p_ZZ5conv3PA255_A255_fPA32_A5_A5_fPfS1_E7in_tile_0_1_0_load_16"   --->   Operation 334 'read' 'p_ZZ5conv3PA255_A255_fPA32_A5_A5_fPfS1_E7in_tile_0_1_0_load_16_read' <Predicate = true> <Delay = 0.00>
ST_1 : Operation 335 [1/1] (0.00ns)   --->   "%p_ZZ5conv3PA255_A255_fPA32_A5_A5_fPfS1_E7in_tile_4_4_0_load_15_read = read i32 @_ssdm_op_Read.ap_auto.float, i32 %p_ZZ5conv3PA255_A255_fPA32_A5_A5_fPfS1_E7in_tile_4_4_0_load_15"   --->   Operation 335 'read' 'p_ZZ5conv3PA255_A255_fPA32_A5_A5_fPfS1_E7in_tile_4_4_0_load_15_read' <Predicate = true> <Delay = 0.00>
ST_1 : Operation 336 [1/1] (0.00ns)   --->   "%p_ZZ5conv3PA255_A255_fPA32_A5_A5_fPfS1_E7in_tile_4_3_0_load_15_read = read i32 @_ssdm_op_Read.ap_auto.float, i32 %p_ZZ5conv3PA255_A255_fPA32_A5_A5_fPfS1_E7in_tile_4_3_0_load_15"   --->   Operation 336 'read' 'p_ZZ5conv3PA255_A255_fPA32_A5_A5_fPfS1_E7in_tile_4_3_0_load_15_read' <Predicate = true> <Delay = 0.00>
ST_1 : Operation 337 [1/1] (0.00ns)   --->   "%p_ZZ5conv3PA255_A255_fPA32_A5_A5_fPfS1_E7in_tile_4_2_0_load_15_read = read i32 @_ssdm_op_Read.ap_auto.float, i32 %p_ZZ5conv3PA255_A255_fPA32_A5_A5_fPfS1_E7in_tile_4_2_0_load_15"   --->   Operation 337 'read' 'p_ZZ5conv3PA255_A255_fPA32_A5_A5_fPfS1_E7in_tile_4_2_0_load_15_read' <Predicate = true> <Delay = 0.00>
ST_1 : Operation 338 [1/1] (0.00ns)   --->   "%p_ZZ5conv3PA255_A255_fPA32_A5_A5_fPfS1_E7in_tile_4_1_0_load_15_read = read i32 @_ssdm_op_Read.ap_auto.float, i32 %p_ZZ5conv3PA255_A255_fPA32_A5_A5_fPfS1_E7in_tile_4_1_0_load_15"   --->   Operation 338 'read' 'p_ZZ5conv3PA255_A255_fPA32_A5_A5_fPfS1_E7in_tile_4_1_0_load_15_read' <Predicate = true> <Delay = 0.00>
ST_1 : Operation 339 [1/1] (0.00ns)   --->   "%p_ZZ5conv3PA255_A255_fPA32_A5_A5_fPfS1_E7in_tile_4_0_0_load_15_read = read i32 @_ssdm_op_Read.ap_auto.float, i32 %p_ZZ5conv3PA255_A255_fPA32_A5_A5_fPfS1_E7in_tile_4_0_0_load_15"   --->   Operation 339 'read' 'p_ZZ5conv3PA255_A255_fPA32_A5_A5_fPfS1_E7in_tile_4_0_0_load_15_read' <Predicate = true> <Delay = 0.00>
ST_1 : Operation 340 [1/1] (0.00ns)   --->   "%p_ZZ5conv3PA255_A255_fPA32_A5_A5_fPfS1_E7in_tile_3_4_0_load_15_read = read i32 @_ssdm_op_Read.ap_auto.float, i32 %p_ZZ5conv3PA255_A255_fPA32_A5_A5_fPfS1_E7in_tile_3_4_0_load_15"   --->   Operation 340 'read' 'p_ZZ5conv3PA255_A255_fPA32_A5_A5_fPfS1_E7in_tile_3_4_0_load_15_read' <Predicate = true> <Delay = 0.00>
ST_1 : Operation 341 [1/1] (0.00ns)   --->   "%p_ZZ5conv3PA255_A255_fPA32_A5_A5_fPfS1_E7in_tile_3_3_0_load_15_read = read i32 @_ssdm_op_Read.ap_auto.float, i32 %p_ZZ5conv3PA255_A255_fPA32_A5_A5_fPfS1_E7in_tile_3_3_0_load_15"   --->   Operation 341 'read' 'p_ZZ5conv3PA255_A255_fPA32_A5_A5_fPfS1_E7in_tile_3_3_0_load_15_read' <Predicate = true> <Delay = 0.00>
ST_1 : Operation 342 [1/1] (0.00ns)   --->   "%p_ZZ5conv3PA255_A255_fPA32_A5_A5_fPfS1_E7in_tile_3_2_0_load_15_read = read i32 @_ssdm_op_Read.ap_auto.float, i32 %p_ZZ5conv3PA255_A255_fPA32_A5_A5_fPfS1_E7in_tile_3_2_0_load_15"   --->   Operation 342 'read' 'p_ZZ5conv3PA255_A255_fPA32_A5_A5_fPfS1_E7in_tile_3_2_0_load_15_read' <Predicate = true> <Delay = 0.00>
ST_1 : Operation 343 [1/1] (0.00ns)   --->   "%p_ZZ5conv3PA255_A255_fPA32_A5_A5_fPfS1_E7in_tile_3_1_0_load_15_read = read i32 @_ssdm_op_Read.ap_auto.float, i32 %p_ZZ5conv3PA255_A255_fPA32_A5_A5_fPfS1_E7in_tile_3_1_0_load_15"   --->   Operation 343 'read' 'p_ZZ5conv3PA255_A255_fPA32_A5_A5_fPfS1_E7in_tile_3_1_0_load_15_read' <Predicate = true> <Delay = 0.00>
ST_1 : Operation 344 [1/1] (0.00ns)   --->   "%p_ZZ5conv3PA255_A255_fPA32_A5_A5_fPfS1_E7in_tile_3_0_0_load_15_read = read i32 @_ssdm_op_Read.ap_auto.float, i32 %p_ZZ5conv3PA255_A255_fPA32_A5_A5_fPfS1_E7in_tile_3_0_0_load_15"   --->   Operation 344 'read' 'p_ZZ5conv3PA255_A255_fPA32_A5_A5_fPfS1_E7in_tile_3_0_0_load_15_read' <Predicate = true> <Delay = 0.00>
ST_1 : Operation 345 [1/1] (0.00ns)   --->   "%p_ZZ5conv3PA255_A255_fPA32_A5_A5_fPfS1_E7in_tile_2_4_0_load_15_read = read i32 @_ssdm_op_Read.ap_auto.float, i32 %p_ZZ5conv3PA255_A255_fPA32_A5_A5_fPfS1_E7in_tile_2_4_0_load_15"   --->   Operation 345 'read' 'p_ZZ5conv3PA255_A255_fPA32_A5_A5_fPfS1_E7in_tile_2_4_0_load_15_read' <Predicate = true> <Delay = 0.00>
ST_1 : Operation 346 [1/1] (0.00ns)   --->   "%p_ZZ5conv3PA255_A255_fPA32_A5_A5_fPfS1_E7in_tile_2_3_0_load_15_read = read i32 @_ssdm_op_Read.ap_auto.float, i32 %p_ZZ5conv3PA255_A255_fPA32_A5_A5_fPfS1_E7in_tile_2_3_0_load_15"   --->   Operation 346 'read' 'p_ZZ5conv3PA255_A255_fPA32_A5_A5_fPfS1_E7in_tile_2_3_0_load_15_read' <Predicate = true> <Delay = 0.00>
ST_1 : Operation 347 [1/1] (0.00ns)   --->   "%p_ZZ5conv3PA255_A255_fPA32_A5_A5_fPfS1_E7in_tile_2_2_0_load_15_read = read i32 @_ssdm_op_Read.ap_auto.float, i32 %p_ZZ5conv3PA255_A255_fPA32_A5_A5_fPfS1_E7in_tile_2_2_0_load_15"   --->   Operation 347 'read' 'p_ZZ5conv3PA255_A255_fPA32_A5_A5_fPfS1_E7in_tile_2_2_0_load_15_read' <Predicate = true> <Delay = 0.00>
ST_1 : Operation 348 [1/1] (0.00ns)   --->   "%p_ZZ5conv3PA255_A255_fPA32_A5_A5_fPfS1_E7in_tile_2_1_0_load_15_read = read i32 @_ssdm_op_Read.ap_auto.float, i32 %p_ZZ5conv3PA255_A255_fPA32_A5_A5_fPfS1_E7in_tile_2_1_0_load_15"   --->   Operation 348 'read' 'p_ZZ5conv3PA255_A255_fPA32_A5_A5_fPfS1_E7in_tile_2_1_0_load_15_read' <Predicate = true> <Delay = 0.00>
ST_1 : Operation 349 [1/1] (0.00ns)   --->   "%p_ZZ5conv3PA255_A255_fPA32_A5_A5_fPfS1_E7in_tile_2_0_0_load_15_read = read i32 @_ssdm_op_Read.ap_auto.float, i32 %p_ZZ5conv3PA255_A255_fPA32_A5_A5_fPfS1_E7in_tile_2_0_0_load_15"   --->   Operation 349 'read' 'p_ZZ5conv3PA255_A255_fPA32_A5_A5_fPfS1_E7in_tile_2_0_0_load_15_read' <Predicate = true> <Delay = 0.00>
ST_1 : Operation 350 [1/1] (0.00ns)   --->   "%p_ZZ5conv3PA255_A255_fPA32_A5_A5_fPfS1_E7in_tile_1_4_0_load_15_read = read i32 @_ssdm_op_Read.ap_auto.float, i32 %p_ZZ5conv3PA255_A255_fPA32_A5_A5_fPfS1_E7in_tile_1_4_0_load_15"   --->   Operation 350 'read' 'p_ZZ5conv3PA255_A255_fPA32_A5_A5_fPfS1_E7in_tile_1_4_0_load_15_read' <Predicate = true> <Delay = 0.00>
ST_1 : Operation 351 [1/1] (0.00ns)   --->   "%p_ZZ5conv3PA255_A255_fPA32_A5_A5_fPfS1_E7in_tile_1_3_0_load_15_read = read i32 @_ssdm_op_Read.ap_auto.float, i32 %p_ZZ5conv3PA255_A255_fPA32_A5_A5_fPfS1_E7in_tile_1_3_0_load_15"   --->   Operation 351 'read' 'p_ZZ5conv3PA255_A255_fPA32_A5_A5_fPfS1_E7in_tile_1_3_0_load_15_read' <Predicate = true> <Delay = 0.00>
ST_1 : Operation 352 [1/1] (0.00ns)   --->   "%p_ZZ5conv3PA255_A255_fPA32_A5_A5_fPfS1_E7in_tile_1_2_0_load_15_read = read i32 @_ssdm_op_Read.ap_auto.float, i32 %p_ZZ5conv3PA255_A255_fPA32_A5_A5_fPfS1_E7in_tile_1_2_0_load_15"   --->   Operation 352 'read' 'p_ZZ5conv3PA255_A255_fPA32_A5_A5_fPfS1_E7in_tile_1_2_0_load_15_read' <Predicate = true> <Delay = 0.00>
ST_1 : Operation 353 [1/1] (0.00ns)   --->   "%p_ZZ5conv3PA255_A255_fPA32_A5_A5_fPfS1_E7in_tile_1_1_0_load_15_read = read i32 @_ssdm_op_Read.ap_auto.float, i32 %p_ZZ5conv3PA255_A255_fPA32_A5_A5_fPfS1_E7in_tile_1_1_0_load_15"   --->   Operation 353 'read' 'p_ZZ5conv3PA255_A255_fPA32_A5_A5_fPfS1_E7in_tile_1_1_0_load_15_read' <Predicate = true> <Delay = 0.00>
ST_1 : Operation 354 [1/1] (0.00ns)   --->   "%p_ZZ5conv3PA255_A255_fPA32_A5_A5_fPfS1_E7in_tile_1_0_0_load_15_read = read i32 @_ssdm_op_Read.ap_auto.float, i32 %p_ZZ5conv3PA255_A255_fPA32_A5_A5_fPfS1_E7in_tile_1_0_0_load_15"   --->   Operation 354 'read' 'p_ZZ5conv3PA255_A255_fPA32_A5_A5_fPfS1_E7in_tile_1_0_0_load_15_read' <Predicate = true> <Delay = 0.00>
ST_1 : Operation 355 [1/1] (0.00ns)   --->   "%p_ZZ5conv3PA255_A255_fPA32_A5_A5_fPfS1_E7in_tile_0_4_0_load_15_read = read i32 @_ssdm_op_Read.ap_auto.float, i32 %p_ZZ5conv3PA255_A255_fPA32_A5_A5_fPfS1_E7in_tile_0_4_0_load_15"   --->   Operation 355 'read' 'p_ZZ5conv3PA255_A255_fPA32_A5_A5_fPfS1_E7in_tile_0_4_0_load_15_read' <Predicate = true> <Delay = 0.00>
ST_1 : Operation 356 [1/1] (0.00ns)   --->   "%p_ZZ5conv3PA255_A255_fPA32_A5_A5_fPfS1_E7in_tile_0_3_0_load_15_read = read i32 @_ssdm_op_Read.ap_auto.float, i32 %p_ZZ5conv3PA255_A255_fPA32_A5_A5_fPfS1_E7in_tile_0_3_0_load_15"   --->   Operation 356 'read' 'p_ZZ5conv3PA255_A255_fPA32_A5_A5_fPfS1_E7in_tile_0_3_0_load_15_read' <Predicate = true> <Delay = 0.00>
ST_1 : Operation 357 [1/1] (0.00ns)   --->   "%p_ZZ5conv3PA255_A255_fPA32_A5_A5_fPfS1_E7in_tile_0_2_0_load_15_read = read i32 @_ssdm_op_Read.ap_auto.float, i32 %p_ZZ5conv3PA255_A255_fPA32_A5_A5_fPfS1_E7in_tile_0_2_0_load_15"   --->   Operation 357 'read' 'p_ZZ5conv3PA255_A255_fPA32_A5_A5_fPfS1_E7in_tile_0_2_0_load_15_read' <Predicate = true> <Delay = 0.00>
ST_1 : Operation 358 [1/1] (0.00ns)   --->   "%p_ZZ5conv3PA255_A255_fPA32_A5_A5_fPfS1_E7in_tile_0_1_0_load_15_read = read i32 @_ssdm_op_Read.ap_auto.float, i32 %p_ZZ5conv3PA255_A255_fPA32_A5_A5_fPfS1_E7in_tile_0_1_0_load_15"   --->   Operation 358 'read' 'p_ZZ5conv3PA255_A255_fPA32_A5_A5_fPfS1_E7in_tile_0_1_0_load_15_read' <Predicate = true> <Delay = 0.00>
ST_1 : Operation 359 [1/1] (0.00ns)   --->   "%p_ZZ5conv3PA255_A255_fPA32_A5_A5_fPfS1_E7in_tile_0_0_0_load_15_read = read i32 @_ssdm_op_Read.ap_auto.float, i32 %p_ZZ5conv3PA255_A255_fPA32_A5_A5_fPfS1_E7in_tile_0_0_0_load_15"   --->   Operation 359 'read' 'p_ZZ5conv3PA255_A255_fPA32_A5_A5_fPfS1_E7in_tile_0_0_0_load_15_read' <Predicate = true> <Delay = 0.00>
ST_1 : Operation 360 [1/1] (0.00ns)   --->   "%p_ZZ5conv3PA255_A255_fPA32_A5_A5_fPfS1_E7in_tile_4_3_0_load_14_read = read i32 @_ssdm_op_Read.ap_auto.float, i32 %p_ZZ5conv3PA255_A255_fPA32_A5_A5_fPfS1_E7in_tile_4_3_0_load_14"   --->   Operation 360 'read' 'p_ZZ5conv3PA255_A255_fPA32_A5_A5_fPfS1_E7in_tile_4_3_0_load_14_read' <Predicate = true> <Delay = 0.00>
ST_1 : Operation 361 [1/1] (0.00ns)   --->   "%p_ZZ5conv3PA255_A255_fPA32_A5_A5_fPfS1_E7in_tile_4_2_0_load_14_read = read i32 @_ssdm_op_Read.ap_auto.float, i32 %p_ZZ5conv3PA255_A255_fPA32_A5_A5_fPfS1_E7in_tile_4_2_0_load_14"   --->   Operation 361 'read' 'p_ZZ5conv3PA255_A255_fPA32_A5_A5_fPfS1_E7in_tile_4_2_0_load_14_read' <Predicate = true> <Delay = 0.00>
ST_1 : Operation 362 [1/1] (0.00ns)   --->   "%p_ZZ5conv3PA255_A255_fPA32_A5_A5_fPfS1_E7in_tile_4_1_0_load_14_read = read i32 @_ssdm_op_Read.ap_auto.float, i32 %p_ZZ5conv3PA255_A255_fPA32_A5_A5_fPfS1_E7in_tile_4_1_0_load_14"   --->   Operation 362 'read' 'p_ZZ5conv3PA255_A255_fPA32_A5_A5_fPfS1_E7in_tile_4_1_0_load_14_read' <Predicate = true> <Delay = 0.00>
ST_1 : Operation 363 [1/1] (0.00ns)   --->   "%p_ZZ5conv3PA255_A255_fPA32_A5_A5_fPfS1_E7in_tile_4_0_0_load_14_read = read i32 @_ssdm_op_Read.ap_auto.float, i32 %p_ZZ5conv3PA255_A255_fPA32_A5_A5_fPfS1_E7in_tile_4_0_0_load_14"   --->   Operation 363 'read' 'p_ZZ5conv3PA255_A255_fPA32_A5_A5_fPfS1_E7in_tile_4_0_0_load_14_read' <Predicate = true> <Delay = 0.00>
ST_1 : Operation 364 [1/1] (0.00ns)   --->   "%p_ZZ5conv3PA255_A255_fPA32_A5_A5_fPfS1_E7in_tile_4_4_0_load_14_read = read i32 @_ssdm_op_Read.ap_auto.float, i32 %p_ZZ5conv3PA255_A255_fPA32_A5_A5_fPfS1_E7in_tile_4_4_0_load_14"   --->   Operation 364 'read' 'p_ZZ5conv3PA255_A255_fPA32_A5_A5_fPfS1_E7in_tile_4_4_0_load_14_read' <Predicate = true> <Delay = 0.00>
ST_1 : Operation 365 [1/1] (0.00ns)   --->   "%p_ZZ5conv3PA255_A255_fPA32_A5_A5_fPfS1_E7in_tile_3_3_0_load_14_read = read i32 @_ssdm_op_Read.ap_auto.float, i32 %p_ZZ5conv3PA255_A255_fPA32_A5_A5_fPfS1_E7in_tile_3_3_0_load_14"   --->   Operation 365 'read' 'p_ZZ5conv3PA255_A255_fPA32_A5_A5_fPfS1_E7in_tile_3_3_0_load_14_read' <Predicate = true> <Delay = 0.00>
ST_1 : Operation 366 [1/1] (0.00ns)   --->   "%p_ZZ5conv3PA255_A255_fPA32_A5_A5_fPfS1_E7in_tile_3_2_0_load_14_read = read i32 @_ssdm_op_Read.ap_auto.float, i32 %p_ZZ5conv3PA255_A255_fPA32_A5_A5_fPfS1_E7in_tile_3_2_0_load_14"   --->   Operation 366 'read' 'p_ZZ5conv3PA255_A255_fPA32_A5_A5_fPfS1_E7in_tile_3_2_0_load_14_read' <Predicate = true> <Delay = 0.00>
ST_1 : Operation 367 [1/1] (0.00ns)   --->   "%p_ZZ5conv3PA255_A255_fPA32_A5_A5_fPfS1_E7in_tile_3_1_0_load_14_read = read i32 @_ssdm_op_Read.ap_auto.float, i32 %p_ZZ5conv3PA255_A255_fPA32_A5_A5_fPfS1_E7in_tile_3_1_0_load_14"   --->   Operation 367 'read' 'p_ZZ5conv3PA255_A255_fPA32_A5_A5_fPfS1_E7in_tile_3_1_0_load_14_read' <Predicate = true> <Delay = 0.00>
ST_1 : Operation 368 [1/1] (0.00ns)   --->   "%p_ZZ5conv3PA255_A255_fPA32_A5_A5_fPfS1_E7in_tile_3_0_0_load_14_read = read i32 @_ssdm_op_Read.ap_auto.float, i32 %p_ZZ5conv3PA255_A255_fPA32_A5_A5_fPfS1_E7in_tile_3_0_0_load_14"   --->   Operation 368 'read' 'p_ZZ5conv3PA255_A255_fPA32_A5_A5_fPfS1_E7in_tile_3_0_0_load_14_read' <Predicate = true> <Delay = 0.00>
ST_1 : Operation 369 [1/1] (0.00ns)   --->   "%p_ZZ5conv3PA255_A255_fPA32_A5_A5_fPfS1_E7in_tile_3_4_0_load_14_read = read i32 @_ssdm_op_Read.ap_auto.float, i32 %p_ZZ5conv3PA255_A255_fPA32_A5_A5_fPfS1_E7in_tile_3_4_0_load_14"   --->   Operation 369 'read' 'p_ZZ5conv3PA255_A255_fPA32_A5_A5_fPfS1_E7in_tile_3_4_0_load_14_read' <Predicate = true> <Delay = 0.00>
ST_1 : Operation 370 [1/1] (0.00ns)   --->   "%p_ZZ5conv3PA255_A255_fPA32_A5_A5_fPfS1_E7in_tile_2_3_0_load_14_read = read i32 @_ssdm_op_Read.ap_auto.float, i32 %p_ZZ5conv3PA255_A255_fPA32_A5_A5_fPfS1_E7in_tile_2_3_0_load_14"   --->   Operation 370 'read' 'p_ZZ5conv3PA255_A255_fPA32_A5_A5_fPfS1_E7in_tile_2_3_0_load_14_read' <Predicate = true> <Delay = 0.00>
ST_1 : Operation 371 [1/1] (0.00ns)   --->   "%p_ZZ5conv3PA255_A255_fPA32_A5_A5_fPfS1_E7in_tile_2_2_0_load_14_read = read i32 @_ssdm_op_Read.ap_auto.float, i32 %p_ZZ5conv3PA255_A255_fPA32_A5_A5_fPfS1_E7in_tile_2_2_0_load_14"   --->   Operation 371 'read' 'p_ZZ5conv3PA255_A255_fPA32_A5_A5_fPfS1_E7in_tile_2_2_0_load_14_read' <Predicate = true> <Delay = 0.00>
ST_1 : Operation 372 [1/1] (0.00ns)   --->   "%p_ZZ5conv3PA255_A255_fPA32_A5_A5_fPfS1_E7in_tile_2_1_0_load_14_read = read i32 @_ssdm_op_Read.ap_auto.float, i32 %p_ZZ5conv3PA255_A255_fPA32_A5_A5_fPfS1_E7in_tile_2_1_0_load_14"   --->   Operation 372 'read' 'p_ZZ5conv3PA255_A255_fPA32_A5_A5_fPfS1_E7in_tile_2_1_0_load_14_read' <Predicate = true> <Delay = 0.00>
ST_1 : Operation 373 [1/1] (0.00ns)   --->   "%p_ZZ5conv3PA255_A255_fPA32_A5_A5_fPfS1_E7in_tile_2_0_0_load_14_read = read i32 @_ssdm_op_Read.ap_auto.float, i32 %p_ZZ5conv3PA255_A255_fPA32_A5_A5_fPfS1_E7in_tile_2_0_0_load_14"   --->   Operation 373 'read' 'p_ZZ5conv3PA255_A255_fPA32_A5_A5_fPfS1_E7in_tile_2_0_0_load_14_read' <Predicate = true> <Delay = 0.00>
ST_1 : Operation 374 [1/1] (0.00ns)   --->   "%p_ZZ5conv3PA255_A255_fPA32_A5_A5_fPfS1_E7in_tile_2_4_0_load_14_read = read i32 @_ssdm_op_Read.ap_auto.float, i32 %p_ZZ5conv3PA255_A255_fPA32_A5_A5_fPfS1_E7in_tile_2_4_0_load_14"   --->   Operation 374 'read' 'p_ZZ5conv3PA255_A255_fPA32_A5_A5_fPfS1_E7in_tile_2_4_0_load_14_read' <Predicate = true> <Delay = 0.00>
ST_1 : Operation 375 [1/1] (0.00ns)   --->   "%p_ZZ5conv3PA255_A255_fPA32_A5_A5_fPfS1_E7in_tile_1_3_0_load_14_read = read i32 @_ssdm_op_Read.ap_auto.float, i32 %p_ZZ5conv3PA255_A255_fPA32_A5_A5_fPfS1_E7in_tile_1_3_0_load_14"   --->   Operation 375 'read' 'p_ZZ5conv3PA255_A255_fPA32_A5_A5_fPfS1_E7in_tile_1_3_0_load_14_read' <Predicate = true> <Delay = 0.00>
ST_1 : Operation 376 [1/1] (0.00ns)   --->   "%p_ZZ5conv3PA255_A255_fPA32_A5_A5_fPfS1_E7in_tile_1_2_0_load_14_read = read i32 @_ssdm_op_Read.ap_auto.float, i32 %p_ZZ5conv3PA255_A255_fPA32_A5_A5_fPfS1_E7in_tile_1_2_0_load_14"   --->   Operation 376 'read' 'p_ZZ5conv3PA255_A255_fPA32_A5_A5_fPfS1_E7in_tile_1_2_0_load_14_read' <Predicate = true> <Delay = 0.00>
ST_1 : Operation 377 [1/1] (0.00ns)   --->   "%p_ZZ5conv3PA255_A255_fPA32_A5_A5_fPfS1_E7in_tile_1_1_0_load_14_read = read i32 @_ssdm_op_Read.ap_auto.float, i32 %p_ZZ5conv3PA255_A255_fPA32_A5_A5_fPfS1_E7in_tile_1_1_0_load_14"   --->   Operation 377 'read' 'p_ZZ5conv3PA255_A255_fPA32_A5_A5_fPfS1_E7in_tile_1_1_0_load_14_read' <Predicate = true> <Delay = 0.00>
ST_1 : Operation 378 [1/1] (0.00ns)   --->   "%p_ZZ5conv3PA255_A255_fPA32_A5_A5_fPfS1_E7in_tile_1_0_0_load_14_read = read i32 @_ssdm_op_Read.ap_auto.float, i32 %p_ZZ5conv3PA255_A255_fPA32_A5_A5_fPfS1_E7in_tile_1_0_0_load_14"   --->   Operation 378 'read' 'p_ZZ5conv3PA255_A255_fPA32_A5_A5_fPfS1_E7in_tile_1_0_0_load_14_read' <Predicate = true> <Delay = 0.00>
ST_1 : Operation 379 [1/1] (0.00ns)   --->   "%p_ZZ5conv3PA255_A255_fPA32_A5_A5_fPfS1_E7in_tile_1_4_0_load_14_read = read i32 @_ssdm_op_Read.ap_auto.float, i32 %p_ZZ5conv3PA255_A255_fPA32_A5_A5_fPfS1_E7in_tile_1_4_0_load_14"   --->   Operation 379 'read' 'p_ZZ5conv3PA255_A255_fPA32_A5_A5_fPfS1_E7in_tile_1_4_0_load_14_read' <Predicate = true> <Delay = 0.00>
ST_1 : Operation 380 [1/1] (0.00ns)   --->   "%p_ZZ5conv3PA255_A255_fPA32_A5_A5_fPfS1_E7in_tile_0_3_0_load_14_read = read i32 @_ssdm_op_Read.ap_auto.float, i32 %p_ZZ5conv3PA255_A255_fPA32_A5_A5_fPfS1_E7in_tile_0_3_0_load_14"   --->   Operation 380 'read' 'p_ZZ5conv3PA255_A255_fPA32_A5_A5_fPfS1_E7in_tile_0_3_0_load_14_read' <Predicate = true> <Delay = 0.00>
ST_1 : Operation 381 [1/1] (0.00ns)   --->   "%p_ZZ5conv3PA255_A255_fPA32_A5_A5_fPfS1_E7in_tile_0_2_0_load_14_read = read i32 @_ssdm_op_Read.ap_auto.float, i32 %p_ZZ5conv3PA255_A255_fPA32_A5_A5_fPfS1_E7in_tile_0_2_0_load_14"   --->   Operation 381 'read' 'p_ZZ5conv3PA255_A255_fPA32_A5_A5_fPfS1_E7in_tile_0_2_0_load_14_read' <Predicate = true> <Delay = 0.00>
ST_1 : Operation 382 [1/1] (0.00ns)   --->   "%p_ZZ5conv3PA255_A255_fPA32_A5_A5_fPfS1_E7in_tile_0_1_0_load_14_read = read i32 @_ssdm_op_Read.ap_auto.float, i32 %p_ZZ5conv3PA255_A255_fPA32_A5_A5_fPfS1_E7in_tile_0_1_0_load_14"   --->   Operation 382 'read' 'p_ZZ5conv3PA255_A255_fPA32_A5_A5_fPfS1_E7in_tile_0_1_0_load_14_read' <Predicate = true> <Delay = 0.00>
ST_1 : Operation 383 [1/1] (0.00ns)   --->   "%p_ZZ5conv3PA255_A255_fPA32_A5_A5_fPfS1_E7in_tile_0_0_0_load_14_read = read i32 @_ssdm_op_Read.ap_auto.float, i32 %p_ZZ5conv3PA255_A255_fPA32_A5_A5_fPfS1_E7in_tile_0_0_0_load_14"   --->   Operation 383 'read' 'p_ZZ5conv3PA255_A255_fPA32_A5_A5_fPfS1_E7in_tile_0_0_0_load_14_read' <Predicate = true> <Delay = 0.00>
ST_1 : Operation 384 [1/1] (0.00ns)   --->   "%p_ZZ5conv3PA255_A255_fPA32_A5_A5_fPfS1_E7in_tile_0_4_0_load_14_read = read i32 @_ssdm_op_Read.ap_auto.float, i32 %p_ZZ5conv3PA255_A255_fPA32_A5_A5_fPfS1_E7in_tile_0_4_0_load_14"   --->   Operation 384 'read' 'p_ZZ5conv3PA255_A255_fPA32_A5_A5_fPfS1_E7in_tile_0_4_0_load_14_read' <Predicate = true> <Delay = 0.00>
ST_1 : Operation 385 [1/1] (0.00ns)   --->   "%p_ZZ5conv3PA255_A255_fPA32_A5_A5_fPfS1_E7in_tile_4_2_0_load_13_read = read i32 @_ssdm_op_Read.ap_auto.float, i32 %p_ZZ5conv3PA255_A255_fPA32_A5_A5_fPfS1_E7in_tile_4_2_0_load_13"   --->   Operation 385 'read' 'p_ZZ5conv3PA255_A255_fPA32_A5_A5_fPfS1_E7in_tile_4_2_0_load_13_read' <Predicate = true> <Delay = 0.00>
ST_1 : Operation 386 [1/1] (0.00ns)   --->   "%p_ZZ5conv3PA255_A255_fPA32_A5_A5_fPfS1_E7in_tile_4_1_0_load_13_read = read i32 @_ssdm_op_Read.ap_auto.float, i32 %p_ZZ5conv3PA255_A255_fPA32_A5_A5_fPfS1_E7in_tile_4_1_0_load_13"   --->   Operation 386 'read' 'p_ZZ5conv3PA255_A255_fPA32_A5_A5_fPfS1_E7in_tile_4_1_0_load_13_read' <Predicate = true> <Delay = 0.00>
ST_1 : Operation 387 [1/1] (0.00ns)   --->   "%p_ZZ5conv3PA255_A255_fPA32_A5_A5_fPfS1_E7in_tile_4_0_0_load_13_read = read i32 @_ssdm_op_Read.ap_auto.float, i32 %p_ZZ5conv3PA255_A255_fPA32_A5_A5_fPfS1_E7in_tile_4_0_0_load_13"   --->   Operation 387 'read' 'p_ZZ5conv3PA255_A255_fPA32_A5_A5_fPfS1_E7in_tile_4_0_0_load_13_read' <Predicate = true> <Delay = 0.00>
ST_1 : Operation 388 [1/1] (0.00ns)   --->   "%p_ZZ5conv3PA255_A255_fPA32_A5_A5_fPfS1_E7in_tile_4_4_0_load_13_read = read i32 @_ssdm_op_Read.ap_auto.float, i32 %p_ZZ5conv3PA255_A255_fPA32_A5_A5_fPfS1_E7in_tile_4_4_0_load_13"   --->   Operation 388 'read' 'p_ZZ5conv3PA255_A255_fPA32_A5_A5_fPfS1_E7in_tile_4_4_0_load_13_read' <Predicate = true> <Delay = 0.00>
ST_1 : Operation 389 [1/1] (0.00ns)   --->   "%p_ZZ5conv3PA255_A255_fPA32_A5_A5_fPfS1_E7in_tile_4_3_0_load_13_read = read i32 @_ssdm_op_Read.ap_auto.float, i32 %p_ZZ5conv3PA255_A255_fPA32_A5_A5_fPfS1_E7in_tile_4_3_0_load_13"   --->   Operation 389 'read' 'p_ZZ5conv3PA255_A255_fPA32_A5_A5_fPfS1_E7in_tile_4_3_0_load_13_read' <Predicate = true> <Delay = 0.00>
ST_1 : Operation 390 [1/1] (0.00ns)   --->   "%p_ZZ5conv3PA255_A255_fPA32_A5_A5_fPfS1_E7in_tile_3_2_0_load_13_read = read i32 @_ssdm_op_Read.ap_auto.float, i32 %p_ZZ5conv3PA255_A255_fPA32_A5_A5_fPfS1_E7in_tile_3_2_0_load_13"   --->   Operation 390 'read' 'p_ZZ5conv3PA255_A255_fPA32_A5_A5_fPfS1_E7in_tile_3_2_0_load_13_read' <Predicate = true> <Delay = 0.00>
ST_1 : Operation 391 [1/1] (0.00ns)   --->   "%p_ZZ5conv3PA255_A255_fPA32_A5_A5_fPfS1_E7in_tile_3_1_0_load_13_read = read i32 @_ssdm_op_Read.ap_auto.float, i32 %p_ZZ5conv3PA255_A255_fPA32_A5_A5_fPfS1_E7in_tile_3_1_0_load_13"   --->   Operation 391 'read' 'p_ZZ5conv3PA255_A255_fPA32_A5_A5_fPfS1_E7in_tile_3_1_0_load_13_read' <Predicate = true> <Delay = 0.00>
ST_1 : Operation 392 [1/1] (0.00ns)   --->   "%p_ZZ5conv3PA255_A255_fPA32_A5_A5_fPfS1_E7in_tile_3_0_0_load_13_read = read i32 @_ssdm_op_Read.ap_auto.float, i32 %p_ZZ5conv3PA255_A255_fPA32_A5_A5_fPfS1_E7in_tile_3_0_0_load_13"   --->   Operation 392 'read' 'p_ZZ5conv3PA255_A255_fPA32_A5_A5_fPfS1_E7in_tile_3_0_0_load_13_read' <Predicate = true> <Delay = 0.00>
ST_1 : Operation 393 [1/1] (0.00ns)   --->   "%p_ZZ5conv3PA255_A255_fPA32_A5_A5_fPfS1_E7in_tile_3_4_0_load_13_read = read i32 @_ssdm_op_Read.ap_auto.float, i32 %p_ZZ5conv3PA255_A255_fPA32_A5_A5_fPfS1_E7in_tile_3_4_0_load_13"   --->   Operation 393 'read' 'p_ZZ5conv3PA255_A255_fPA32_A5_A5_fPfS1_E7in_tile_3_4_0_load_13_read' <Predicate = true> <Delay = 0.00>
ST_1 : Operation 394 [1/1] (0.00ns)   --->   "%p_ZZ5conv3PA255_A255_fPA32_A5_A5_fPfS1_E7in_tile_3_3_0_load_13_read = read i32 @_ssdm_op_Read.ap_auto.float, i32 %p_ZZ5conv3PA255_A255_fPA32_A5_A5_fPfS1_E7in_tile_3_3_0_load_13"   --->   Operation 394 'read' 'p_ZZ5conv3PA255_A255_fPA32_A5_A5_fPfS1_E7in_tile_3_3_0_load_13_read' <Predicate = true> <Delay = 0.00>
ST_1 : Operation 395 [1/1] (0.00ns)   --->   "%p_ZZ5conv3PA255_A255_fPA32_A5_A5_fPfS1_E7in_tile_2_2_0_load_13_read = read i32 @_ssdm_op_Read.ap_auto.float, i32 %p_ZZ5conv3PA255_A255_fPA32_A5_A5_fPfS1_E7in_tile_2_2_0_load_13"   --->   Operation 395 'read' 'p_ZZ5conv3PA255_A255_fPA32_A5_A5_fPfS1_E7in_tile_2_2_0_load_13_read' <Predicate = true> <Delay = 0.00>
ST_1 : Operation 396 [1/1] (0.00ns)   --->   "%p_ZZ5conv3PA255_A255_fPA32_A5_A5_fPfS1_E7in_tile_2_1_0_load_13_read = read i32 @_ssdm_op_Read.ap_auto.float, i32 %p_ZZ5conv3PA255_A255_fPA32_A5_A5_fPfS1_E7in_tile_2_1_0_load_13"   --->   Operation 396 'read' 'p_ZZ5conv3PA255_A255_fPA32_A5_A5_fPfS1_E7in_tile_2_1_0_load_13_read' <Predicate = true> <Delay = 0.00>
ST_1 : Operation 397 [1/1] (0.00ns)   --->   "%p_ZZ5conv3PA255_A255_fPA32_A5_A5_fPfS1_E7in_tile_2_0_0_load_13_read = read i32 @_ssdm_op_Read.ap_auto.float, i32 %p_ZZ5conv3PA255_A255_fPA32_A5_A5_fPfS1_E7in_tile_2_0_0_load_13"   --->   Operation 397 'read' 'p_ZZ5conv3PA255_A255_fPA32_A5_A5_fPfS1_E7in_tile_2_0_0_load_13_read' <Predicate = true> <Delay = 0.00>
ST_1 : Operation 398 [1/1] (0.00ns)   --->   "%p_ZZ5conv3PA255_A255_fPA32_A5_A5_fPfS1_E7in_tile_2_4_0_load_13_read = read i32 @_ssdm_op_Read.ap_auto.float, i32 %p_ZZ5conv3PA255_A255_fPA32_A5_A5_fPfS1_E7in_tile_2_4_0_load_13"   --->   Operation 398 'read' 'p_ZZ5conv3PA255_A255_fPA32_A5_A5_fPfS1_E7in_tile_2_4_0_load_13_read' <Predicate = true> <Delay = 0.00>
ST_1 : Operation 399 [1/1] (0.00ns)   --->   "%p_ZZ5conv3PA255_A255_fPA32_A5_A5_fPfS1_E7in_tile_2_3_0_load_13_read = read i32 @_ssdm_op_Read.ap_auto.float, i32 %p_ZZ5conv3PA255_A255_fPA32_A5_A5_fPfS1_E7in_tile_2_3_0_load_13"   --->   Operation 399 'read' 'p_ZZ5conv3PA255_A255_fPA32_A5_A5_fPfS1_E7in_tile_2_3_0_load_13_read' <Predicate = true> <Delay = 0.00>
ST_1 : Operation 400 [1/1] (0.00ns)   --->   "%p_ZZ5conv3PA255_A255_fPA32_A5_A5_fPfS1_E7in_tile_1_2_0_load_13_read = read i32 @_ssdm_op_Read.ap_auto.float, i32 %p_ZZ5conv3PA255_A255_fPA32_A5_A5_fPfS1_E7in_tile_1_2_0_load_13"   --->   Operation 400 'read' 'p_ZZ5conv3PA255_A255_fPA32_A5_A5_fPfS1_E7in_tile_1_2_0_load_13_read' <Predicate = true> <Delay = 0.00>
ST_1 : Operation 401 [1/1] (0.00ns)   --->   "%p_ZZ5conv3PA255_A255_fPA32_A5_A5_fPfS1_E7in_tile_1_1_0_load_13_read = read i32 @_ssdm_op_Read.ap_auto.float, i32 %p_ZZ5conv3PA255_A255_fPA32_A5_A5_fPfS1_E7in_tile_1_1_0_load_13"   --->   Operation 401 'read' 'p_ZZ5conv3PA255_A255_fPA32_A5_A5_fPfS1_E7in_tile_1_1_0_load_13_read' <Predicate = true> <Delay = 0.00>
ST_1 : Operation 402 [1/1] (0.00ns)   --->   "%p_ZZ5conv3PA255_A255_fPA32_A5_A5_fPfS1_E7in_tile_1_0_0_load_13_read = read i32 @_ssdm_op_Read.ap_auto.float, i32 %p_ZZ5conv3PA255_A255_fPA32_A5_A5_fPfS1_E7in_tile_1_0_0_load_13"   --->   Operation 402 'read' 'p_ZZ5conv3PA255_A255_fPA32_A5_A5_fPfS1_E7in_tile_1_0_0_load_13_read' <Predicate = true> <Delay = 0.00>
ST_1 : Operation 403 [1/1] (0.00ns)   --->   "%p_ZZ5conv3PA255_A255_fPA32_A5_A5_fPfS1_E7in_tile_1_4_0_load_13_read = read i32 @_ssdm_op_Read.ap_auto.float, i32 %p_ZZ5conv3PA255_A255_fPA32_A5_A5_fPfS1_E7in_tile_1_4_0_load_13"   --->   Operation 403 'read' 'p_ZZ5conv3PA255_A255_fPA32_A5_A5_fPfS1_E7in_tile_1_4_0_load_13_read' <Predicate = true> <Delay = 0.00>
ST_1 : Operation 404 [1/1] (0.00ns)   --->   "%p_ZZ5conv3PA255_A255_fPA32_A5_A5_fPfS1_E7in_tile_1_3_0_load_13_read = read i32 @_ssdm_op_Read.ap_auto.float, i32 %p_ZZ5conv3PA255_A255_fPA32_A5_A5_fPfS1_E7in_tile_1_3_0_load_13"   --->   Operation 404 'read' 'p_ZZ5conv3PA255_A255_fPA32_A5_A5_fPfS1_E7in_tile_1_3_0_load_13_read' <Predicate = true> <Delay = 0.00>
ST_1 : Operation 405 [1/1] (0.00ns)   --->   "%p_ZZ5conv3PA255_A255_fPA32_A5_A5_fPfS1_E7in_tile_0_2_0_load_13_read = read i32 @_ssdm_op_Read.ap_auto.float, i32 %p_ZZ5conv3PA255_A255_fPA32_A5_A5_fPfS1_E7in_tile_0_2_0_load_13"   --->   Operation 405 'read' 'p_ZZ5conv3PA255_A255_fPA32_A5_A5_fPfS1_E7in_tile_0_2_0_load_13_read' <Predicate = true> <Delay = 0.00>
ST_1 : Operation 406 [1/1] (0.00ns)   --->   "%p_ZZ5conv3PA255_A255_fPA32_A5_A5_fPfS1_E7in_tile_0_1_0_load_13_read = read i32 @_ssdm_op_Read.ap_auto.float, i32 %p_ZZ5conv3PA255_A255_fPA32_A5_A5_fPfS1_E7in_tile_0_1_0_load_13"   --->   Operation 406 'read' 'p_ZZ5conv3PA255_A255_fPA32_A5_A5_fPfS1_E7in_tile_0_1_0_load_13_read' <Predicate = true> <Delay = 0.00>
ST_1 : Operation 407 [1/1] (0.00ns)   --->   "%p_ZZ5conv3PA255_A255_fPA32_A5_A5_fPfS1_E7in_tile_0_0_0_load_13_read = read i32 @_ssdm_op_Read.ap_auto.float, i32 %p_ZZ5conv3PA255_A255_fPA32_A5_A5_fPfS1_E7in_tile_0_0_0_load_13"   --->   Operation 407 'read' 'p_ZZ5conv3PA255_A255_fPA32_A5_A5_fPfS1_E7in_tile_0_0_0_load_13_read' <Predicate = true> <Delay = 0.00>
ST_1 : Operation 408 [1/1] (0.00ns)   --->   "%p_ZZ5conv3PA255_A255_fPA32_A5_A5_fPfS1_E7in_tile_0_4_0_load_13_read = read i32 @_ssdm_op_Read.ap_auto.float, i32 %p_ZZ5conv3PA255_A255_fPA32_A5_A5_fPfS1_E7in_tile_0_4_0_load_13"   --->   Operation 408 'read' 'p_ZZ5conv3PA255_A255_fPA32_A5_A5_fPfS1_E7in_tile_0_4_0_load_13_read' <Predicate = true> <Delay = 0.00>
ST_1 : Operation 409 [1/1] (0.00ns)   --->   "%p_ZZ5conv3PA255_A255_fPA32_A5_A5_fPfS1_E7in_tile_0_3_0_load_13_read = read i32 @_ssdm_op_Read.ap_auto.float, i32 %p_ZZ5conv3PA255_A255_fPA32_A5_A5_fPfS1_E7in_tile_0_3_0_load_13"   --->   Operation 409 'read' 'p_ZZ5conv3PA255_A255_fPA32_A5_A5_fPfS1_E7in_tile_0_3_0_load_13_read' <Predicate = true> <Delay = 0.00>
ST_1 : Operation 410 [1/1] (0.00ns)   --->   "%p_ZZ5conv3PA255_A255_fPA32_A5_A5_fPfS1_E7in_tile_4_1_0_load_12_read = read i32 @_ssdm_op_Read.ap_auto.float, i32 %p_ZZ5conv3PA255_A255_fPA32_A5_A5_fPfS1_E7in_tile_4_1_0_load_12"   --->   Operation 410 'read' 'p_ZZ5conv3PA255_A255_fPA32_A5_A5_fPfS1_E7in_tile_4_1_0_load_12_read' <Predicate = true> <Delay = 0.00>
ST_1 : Operation 411 [1/1] (0.00ns)   --->   "%p_ZZ5conv3PA255_A255_fPA32_A5_A5_fPfS1_E7in_tile_4_0_0_load_12_read = read i32 @_ssdm_op_Read.ap_auto.float, i32 %p_ZZ5conv3PA255_A255_fPA32_A5_A5_fPfS1_E7in_tile_4_0_0_load_12"   --->   Operation 411 'read' 'p_ZZ5conv3PA255_A255_fPA32_A5_A5_fPfS1_E7in_tile_4_0_0_load_12_read' <Predicate = true> <Delay = 0.00>
ST_1 : Operation 412 [1/1] (0.00ns)   --->   "%p_ZZ5conv3PA255_A255_fPA32_A5_A5_fPfS1_E7in_tile_4_4_0_load_12_read = read i32 @_ssdm_op_Read.ap_auto.float, i32 %p_ZZ5conv3PA255_A255_fPA32_A5_A5_fPfS1_E7in_tile_4_4_0_load_12"   --->   Operation 412 'read' 'p_ZZ5conv3PA255_A255_fPA32_A5_A5_fPfS1_E7in_tile_4_4_0_load_12_read' <Predicate = true> <Delay = 0.00>
ST_1 : Operation 413 [1/1] (0.00ns)   --->   "%p_ZZ5conv3PA255_A255_fPA32_A5_A5_fPfS1_E7in_tile_4_3_0_load_12_read = read i32 @_ssdm_op_Read.ap_auto.float, i32 %p_ZZ5conv3PA255_A255_fPA32_A5_A5_fPfS1_E7in_tile_4_3_0_load_12"   --->   Operation 413 'read' 'p_ZZ5conv3PA255_A255_fPA32_A5_A5_fPfS1_E7in_tile_4_3_0_load_12_read' <Predicate = true> <Delay = 0.00>
ST_1 : Operation 414 [1/1] (0.00ns)   --->   "%p_ZZ5conv3PA255_A255_fPA32_A5_A5_fPfS1_E7in_tile_4_2_0_load_12_read = read i32 @_ssdm_op_Read.ap_auto.float, i32 %p_ZZ5conv3PA255_A255_fPA32_A5_A5_fPfS1_E7in_tile_4_2_0_load_12"   --->   Operation 414 'read' 'p_ZZ5conv3PA255_A255_fPA32_A5_A5_fPfS1_E7in_tile_4_2_0_load_12_read' <Predicate = true> <Delay = 0.00>
ST_1 : Operation 415 [1/1] (0.00ns)   --->   "%p_ZZ5conv3PA255_A255_fPA32_A5_A5_fPfS1_E7in_tile_3_1_0_load_12_read = read i32 @_ssdm_op_Read.ap_auto.float, i32 %p_ZZ5conv3PA255_A255_fPA32_A5_A5_fPfS1_E7in_tile_3_1_0_load_12"   --->   Operation 415 'read' 'p_ZZ5conv3PA255_A255_fPA32_A5_A5_fPfS1_E7in_tile_3_1_0_load_12_read' <Predicate = true> <Delay = 0.00>
ST_1 : Operation 416 [1/1] (0.00ns)   --->   "%p_ZZ5conv3PA255_A255_fPA32_A5_A5_fPfS1_E7in_tile_3_0_0_load_12_read = read i32 @_ssdm_op_Read.ap_auto.float, i32 %p_ZZ5conv3PA255_A255_fPA32_A5_A5_fPfS1_E7in_tile_3_0_0_load_12"   --->   Operation 416 'read' 'p_ZZ5conv3PA255_A255_fPA32_A5_A5_fPfS1_E7in_tile_3_0_0_load_12_read' <Predicate = true> <Delay = 0.00>
ST_1 : Operation 417 [1/1] (0.00ns)   --->   "%p_ZZ5conv3PA255_A255_fPA32_A5_A5_fPfS1_E7in_tile_3_4_0_load_12_read = read i32 @_ssdm_op_Read.ap_auto.float, i32 %p_ZZ5conv3PA255_A255_fPA32_A5_A5_fPfS1_E7in_tile_3_4_0_load_12"   --->   Operation 417 'read' 'p_ZZ5conv3PA255_A255_fPA32_A5_A5_fPfS1_E7in_tile_3_4_0_load_12_read' <Predicate = true> <Delay = 0.00>
ST_1 : Operation 418 [1/1] (0.00ns)   --->   "%p_ZZ5conv3PA255_A255_fPA32_A5_A5_fPfS1_E7in_tile_3_3_0_load_12_read = read i32 @_ssdm_op_Read.ap_auto.float, i32 %p_ZZ5conv3PA255_A255_fPA32_A5_A5_fPfS1_E7in_tile_3_3_0_load_12"   --->   Operation 418 'read' 'p_ZZ5conv3PA255_A255_fPA32_A5_A5_fPfS1_E7in_tile_3_3_0_load_12_read' <Predicate = true> <Delay = 0.00>
ST_1 : Operation 419 [1/1] (0.00ns)   --->   "%p_ZZ5conv3PA255_A255_fPA32_A5_A5_fPfS1_E7in_tile_3_2_0_load_12_read = read i32 @_ssdm_op_Read.ap_auto.float, i32 %p_ZZ5conv3PA255_A255_fPA32_A5_A5_fPfS1_E7in_tile_3_2_0_load_12"   --->   Operation 419 'read' 'p_ZZ5conv3PA255_A255_fPA32_A5_A5_fPfS1_E7in_tile_3_2_0_load_12_read' <Predicate = true> <Delay = 0.00>
ST_1 : Operation 420 [1/1] (0.00ns)   --->   "%p_ZZ5conv3PA255_A255_fPA32_A5_A5_fPfS1_E7in_tile_2_1_0_load_12_read = read i32 @_ssdm_op_Read.ap_auto.float, i32 %p_ZZ5conv3PA255_A255_fPA32_A5_A5_fPfS1_E7in_tile_2_1_0_load_12"   --->   Operation 420 'read' 'p_ZZ5conv3PA255_A255_fPA32_A5_A5_fPfS1_E7in_tile_2_1_0_load_12_read' <Predicate = true> <Delay = 0.00>
ST_1 : Operation 421 [1/1] (0.00ns)   --->   "%p_ZZ5conv3PA255_A255_fPA32_A5_A5_fPfS1_E7in_tile_2_0_0_load_12_read = read i32 @_ssdm_op_Read.ap_auto.float, i32 %p_ZZ5conv3PA255_A255_fPA32_A5_A5_fPfS1_E7in_tile_2_0_0_load_12"   --->   Operation 421 'read' 'p_ZZ5conv3PA255_A255_fPA32_A5_A5_fPfS1_E7in_tile_2_0_0_load_12_read' <Predicate = true> <Delay = 0.00>
ST_1 : Operation 422 [1/1] (0.00ns)   --->   "%p_ZZ5conv3PA255_A255_fPA32_A5_A5_fPfS1_E7in_tile_2_4_0_load_12_read = read i32 @_ssdm_op_Read.ap_auto.float, i32 %p_ZZ5conv3PA255_A255_fPA32_A5_A5_fPfS1_E7in_tile_2_4_0_load_12"   --->   Operation 422 'read' 'p_ZZ5conv3PA255_A255_fPA32_A5_A5_fPfS1_E7in_tile_2_4_0_load_12_read' <Predicate = true> <Delay = 0.00>
ST_1 : Operation 423 [1/1] (0.00ns)   --->   "%p_ZZ5conv3PA255_A255_fPA32_A5_A5_fPfS1_E7in_tile_2_3_0_load_12_read = read i32 @_ssdm_op_Read.ap_auto.float, i32 %p_ZZ5conv3PA255_A255_fPA32_A5_A5_fPfS1_E7in_tile_2_3_0_load_12"   --->   Operation 423 'read' 'p_ZZ5conv3PA255_A255_fPA32_A5_A5_fPfS1_E7in_tile_2_3_0_load_12_read' <Predicate = true> <Delay = 0.00>
ST_1 : Operation 424 [1/1] (0.00ns)   --->   "%p_ZZ5conv3PA255_A255_fPA32_A5_A5_fPfS1_E7in_tile_2_2_0_load_12_read = read i32 @_ssdm_op_Read.ap_auto.float, i32 %p_ZZ5conv3PA255_A255_fPA32_A5_A5_fPfS1_E7in_tile_2_2_0_load_12"   --->   Operation 424 'read' 'p_ZZ5conv3PA255_A255_fPA32_A5_A5_fPfS1_E7in_tile_2_2_0_load_12_read' <Predicate = true> <Delay = 0.00>
ST_1 : Operation 425 [1/1] (0.00ns)   --->   "%p_ZZ5conv3PA255_A255_fPA32_A5_A5_fPfS1_E7in_tile_1_1_0_load_12_read = read i32 @_ssdm_op_Read.ap_auto.float, i32 %p_ZZ5conv3PA255_A255_fPA32_A5_A5_fPfS1_E7in_tile_1_1_0_load_12"   --->   Operation 425 'read' 'p_ZZ5conv3PA255_A255_fPA32_A5_A5_fPfS1_E7in_tile_1_1_0_load_12_read' <Predicate = true> <Delay = 0.00>
ST_1 : Operation 426 [1/1] (0.00ns)   --->   "%p_ZZ5conv3PA255_A255_fPA32_A5_A5_fPfS1_E7in_tile_1_0_0_load_12_read = read i32 @_ssdm_op_Read.ap_auto.float, i32 %p_ZZ5conv3PA255_A255_fPA32_A5_A5_fPfS1_E7in_tile_1_0_0_load_12"   --->   Operation 426 'read' 'p_ZZ5conv3PA255_A255_fPA32_A5_A5_fPfS1_E7in_tile_1_0_0_load_12_read' <Predicate = true> <Delay = 0.00>
ST_1 : Operation 427 [1/1] (0.00ns)   --->   "%p_ZZ5conv3PA255_A255_fPA32_A5_A5_fPfS1_E7in_tile_1_4_0_load_12_read = read i32 @_ssdm_op_Read.ap_auto.float, i32 %p_ZZ5conv3PA255_A255_fPA32_A5_A5_fPfS1_E7in_tile_1_4_0_load_12"   --->   Operation 427 'read' 'p_ZZ5conv3PA255_A255_fPA32_A5_A5_fPfS1_E7in_tile_1_4_0_load_12_read' <Predicate = true> <Delay = 0.00>
ST_1 : Operation 428 [1/1] (0.00ns)   --->   "%p_ZZ5conv3PA255_A255_fPA32_A5_A5_fPfS1_E7in_tile_1_3_0_load_12_read = read i32 @_ssdm_op_Read.ap_auto.float, i32 %p_ZZ5conv3PA255_A255_fPA32_A5_A5_fPfS1_E7in_tile_1_3_0_load_12"   --->   Operation 428 'read' 'p_ZZ5conv3PA255_A255_fPA32_A5_A5_fPfS1_E7in_tile_1_3_0_load_12_read' <Predicate = true> <Delay = 0.00>
ST_1 : Operation 429 [1/1] (0.00ns)   --->   "%p_ZZ5conv3PA255_A255_fPA32_A5_A5_fPfS1_E7in_tile_1_2_0_load_12_read = read i32 @_ssdm_op_Read.ap_auto.float, i32 %p_ZZ5conv3PA255_A255_fPA32_A5_A5_fPfS1_E7in_tile_1_2_0_load_12"   --->   Operation 429 'read' 'p_ZZ5conv3PA255_A255_fPA32_A5_A5_fPfS1_E7in_tile_1_2_0_load_12_read' <Predicate = true> <Delay = 0.00>
ST_1 : Operation 430 [1/1] (0.00ns)   --->   "%p_ZZ5conv3PA255_A255_fPA32_A5_A5_fPfS1_E7in_tile_0_1_0_load_12_read = read i32 @_ssdm_op_Read.ap_auto.float, i32 %p_ZZ5conv3PA255_A255_fPA32_A5_A5_fPfS1_E7in_tile_0_1_0_load_12"   --->   Operation 430 'read' 'p_ZZ5conv3PA255_A255_fPA32_A5_A5_fPfS1_E7in_tile_0_1_0_load_12_read' <Predicate = true> <Delay = 0.00>
ST_1 : Operation 431 [1/1] (0.00ns)   --->   "%p_ZZ5conv3PA255_A255_fPA32_A5_A5_fPfS1_E7in_tile_0_0_0_load_12_read = read i32 @_ssdm_op_Read.ap_auto.float, i32 %p_ZZ5conv3PA255_A255_fPA32_A5_A5_fPfS1_E7in_tile_0_0_0_load_12"   --->   Operation 431 'read' 'p_ZZ5conv3PA255_A255_fPA32_A5_A5_fPfS1_E7in_tile_0_0_0_load_12_read' <Predicate = true> <Delay = 0.00>
ST_1 : Operation 432 [1/1] (0.00ns)   --->   "%p_ZZ5conv3PA255_A255_fPA32_A5_A5_fPfS1_E7in_tile_0_4_0_load_12_read = read i32 @_ssdm_op_Read.ap_auto.float, i32 %p_ZZ5conv3PA255_A255_fPA32_A5_A5_fPfS1_E7in_tile_0_4_0_load_12"   --->   Operation 432 'read' 'p_ZZ5conv3PA255_A255_fPA32_A5_A5_fPfS1_E7in_tile_0_4_0_load_12_read' <Predicate = true> <Delay = 0.00>
ST_1 : Operation 433 [1/1] (0.00ns)   --->   "%p_ZZ5conv3PA255_A255_fPA32_A5_A5_fPfS1_E7in_tile_0_3_0_load_12_read = read i32 @_ssdm_op_Read.ap_auto.float, i32 %p_ZZ5conv3PA255_A255_fPA32_A5_A5_fPfS1_E7in_tile_0_3_0_load_12"   --->   Operation 433 'read' 'p_ZZ5conv3PA255_A255_fPA32_A5_A5_fPfS1_E7in_tile_0_3_0_load_12_read' <Predicate = true> <Delay = 0.00>
ST_1 : Operation 434 [1/1] (0.00ns)   --->   "%p_ZZ5conv3PA255_A255_fPA32_A5_A5_fPfS1_E7in_tile_0_2_0_load_12_read = read i32 @_ssdm_op_Read.ap_auto.float, i32 %p_ZZ5conv3PA255_A255_fPA32_A5_A5_fPfS1_E7in_tile_0_2_0_load_12"   --->   Operation 434 'read' 'p_ZZ5conv3PA255_A255_fPA32_A5_A5_fPfS1_E7in_tile_0_2_0_load_12_read' <Predicate = true> <Delay = 0.00>
ST_1 : Operation 435 [1/1] (0.00ns)   --->   "%p_ZZ5conv3PA255_A255_fPA32_A5_A5_fPfS1_E7in_tile_4_0_0_load_11_read = read i32 @_ssdm_op_Read.ap_auto.float, i32 %p_ZZ5conv3PA255_A255_fPA32_A5_A5_fPfS1_E7in_tile_4_0_0_load_11"   --->   Operation 435 'read' 'p_ZZ5conv3PA255_A255_fPA32_A5_A5_fPfS1_E7in_tile_4_0_0_load_11_read' <Predicate = true> <Delay = 0.00>
ST_1 : Operation 436 [1/1] (0.00ns)   --->   "%p_ZZ5conv3PA255_A255_fPA32_A5_A5_fPfS1_E7in_tile_4_4_0_load_11_read = read i32 @_ssdm_op_Read.ap_auto.float, i32 %p_ZZ5conv3PA255_A255_fPA32_A5_A5_fPfS1_E7in_tile_4_4_0_load_11"   --->   Operation 436 'read' 'p_ZZ5conv3PA255_A255_fPA32_A5_A5_fPfS1_E7in_tile_4_4_0_load_11_read' <Predicate = true> <Delay = 0.00>
ST_1 : Operation 437 [1/1] (0.00ns)   --->   "%p_ZZ5conv3PA255_A255_fPA32_A5_A5_fPfS1_E7in_tile_4_3_0_load_11_read = read i32 @_ssdm_op_Read.ap_auto.float, i32 %p_ZZ5conv3PA255_A255_fPA32_A5_A5_fPfS1_E7in_tile_4_3_0_load_11"   --->   Operation 437 'read' 'p_ZZ5conv3PA255_A255_fPA32_A5_A5_fPfS1_E7in_tile_4_3_0_load_11_read' <Predicate = true> <Delay = 0.00>
ST_1 : Operation 438 [1/1] (0.00ns)   --->   "%p_ZZ5conv3PA255_A255_fPA32_A5_A5_fPfS1_E7in_tile_4_2_0_load_11_read = read i32 @_ssdm_op_Read.ap_auto.float, i32 %p_ZZ5conv3PA255_A255_fPA32_A5_A5_fPfS1_E7in_tile_4_2_0_load_11"   --->   Operation 438 'read' 'p_ZZ5conv3PA255_A255_fPA32_A5_A5_fPfS1_E7in_tile_4_2_0_load_11_read' <Predicate = true> <Delay = 0.00>
ST_1 : Operation 439 [1/1] (0.00ns)   --->   "%p_ZZ5conv3PA255_A255_fPA32_A5_A5_fPfS1_E7in_tile_4_1_0_load_11_read = read i32 @_ssdm_op_Read.ap_auto.float, i32 %p_ZZ5conv3PA255_A255_fPA32_A5_A5_fPfS1_E7in_tile_4_1_0_load_11"   --->   Operation 439 'read' 'p_ZZ5conv3PA255_A255_fPA32_A5_A5_fPfS1_E7in_tile_4_1_0_load_11_read' <Predicate = true> <Delay = 0.00>
ST_1 : Operation 440 [1/1] (0.00ns)   --->   "%p_ZZ5conv3PA255_A255_fPA32_A5_A5_fPfS1_E7in_tile_3_0_0_load_11_read = read i32 @_ssdm_op_Read.ap_auto.float, i32 %p_ZZ5conv3PA255_A255_fPA32_A5_A5_fPfS1_E7in_tile_3_0_0_load_11"   --->   Operation 440 'read' 'p_ZZ5conv3PA255_A255_fPA32_A5_A5_fPfS1_E7in_tile_3_0_0_load_11_read' <Predicate = true> <Delay = 0.00>
ST_1 : Operation 441 [1/1] (0.00ns)   --->   "%p_ZZ5conv3PA255_A255_fPA32_A5_A5_fPfS1_E7in_tile_3_4_0_load_11_read = read i32 @_ssdm_op_Read.ap_auto.float, i32 %p_ZZ5conv3PA255_A255_fPA32_A5_A5_fPfS1_E7in_tile_3_4_0_load_11"   --->   Operation 441 'read' 'p_ZZ5conv3PA255_A255_fPA32_A5_A5_fPfS1_E7in_tile_3_4_0_load_11_read' <Predicate = true> <Delay = 0.00>
ST_1 : Operation 442 [1/1] (0.00ns)   --->   "%p_ZZ5conv3PA255_A255_fPA32_A5_A5_fPfS1_E7in_tile_3_3_0_load_11_read = read i32 @_ssdm_op_Read.ap_auto.float, i32 %p_ZZ5conv3PA255_A255_fPA32_A5_A5_fPfS1_E7in_tile_3_3_0_load_11"   --->   Operation 442 'read' 'p_ZZ5conv3PA255_A255_fPA32_A5_A5_fPfS1_E7in_tile_3_3_0_load_11_read' <Predicate = true> <Delay = 0.00>
ST_1 : Operation 443 [1/1] (0.00ns)   --->   "%p_ZZ5conv3PA255_A255_fPA32_A5_A5_fPfS1_E7in_tile_3_2_0_load_11_read = read i32 @_ssdm_op_Read.ap_auto.float, i32 %p_ZZ5conv3PA255_A255_fPA32_A5_A5_fPfS1_E7in_tile_3_2_0_load_11"   --->   Operation 443 'read' 'p_ZZ5conv3PA255_A255_fPA32_A5_A5_fPfS1_E7in_tile_3_2_0_load_11_read' <Predicate = true> <Delay = 0.00>
ST_1 : Operation 444 [1/1] (0.00ns)   --->   "%p_ZZ5conv3PA255_A255_fPA32_A5_A5_fPfS1_E7in_tile_3_1_0_load_11_read = read i32 @_ssdm_op_Read.ap_auto.float, i32 %p_ZZ5conv3PA255_A255_fPA32_A5_A5_fPfS1_E7in_tile_3_1_0_load_11"   --->   Operation 444 'read' 'p_ZZ5conv3PA255_A255_fPA32_A5_A5_fPfS1_E7in_tile_3_1_0_load_11_read' <Predicate = true> <Delay = 0.00>
ST_1 : Operation 445 [1/1] (0.00ns)   --->   "%p_ZZ5conv3PA255_A255_fPA32_A5_A5_fPfS1_E7in_tile_2_0_0_load_11_read = read i32 @_ssdm_op_Read.ap_auto.float, i32 %p_ZZ5conv3PA255_A255_fPA32_A5_A5_fPfS1_E7in_tile_2_0_0_load_11"   --->   Operation 445 'read' 'p_ZZ5conv3PA255_A255_fPA32_A5_A5_fPfS1_E7in_tile_2_0_0_load_11_read' <Predicate = true> <Delay = 0.00>
ST_1 : Operation 446 [1/1] (0.00ns)   --->   "%p_ZZ5conv3PA255_A255_fPA32_A5_A5_fPfS1_E7in_tile_2_4_0_load_11_read = read i32 @_ssdm_op_Read.ap_auto.float, i32 %p_ZZ5conv3PA255_A255_fPA32_A5_A5_fPfS1_E7in_tile_2_4_0_load_11"   --->   Operation 446 'read' 'p_ZZ5conv3PA255_A255_fPA32_A5_A5_fPfS1_E7in_tile_2_4_0_load_11_read' <Predicate = true> <Delay = 0.00>
ST_1 : Operation 447 [1/1] (0.00ns)   --->   "%p_ZZ5conv3PA255_A255_fPA32_A5_A5_fPfS1_E7in_tile_2_3_0_load_11_read = read i32 @_ssdm_op_Read.ap_auto.float, i32 %p_ZZ5conv3PA255_A255_fPA32_A5_A5_fPfS1_E7in_tile_2_3_0_load_11"   --->   Operation 447 'read' 'p_ZZ5conv3PA255_A255_fPA32_A5_A5_fPfS1_E7in_tile_2_3_0_load_11_read' <Predicate = true> <Delay = 0.00>
ST_1 : Operation 448 [1/1] (0.00ns)   --->   "%p_ZZ5conv3PA255_A255_fPA32_A5_A5_fPfS1_E7in_tile_2_2_0_load_11_read = read i32 @_ssdm_op_Read.ap_auto.float, i32 %p_ZZ5conv3PA255_A255_fPA32_A5_A5_fPfS1_E7in_tile_2_2_0_load_11"   --->   Operation 448 'read' 'p_ZZ5conv3PA255_A255_fPA32_A5_A5_fPfS1_E7in_tile_2_2_0_load_11_read' <Predicate = true> <Delay = 0.00>
ST_1 : Operation 449 [1/1] (0.00ns)   --->   "%p_ZZ5conv3PA255_A255_fPA32_A5_A5_fPfS1_E7in_tile_2_1_0_load_11_read = read i32 @_ssdm_op_Read.ap_auto.float, i32 %p_ZZ5conv3PA255_A255_fPA32_A5_A5_fPfS1_E7in_tile_2_1_0_load_11"   --->   Operation 449 'read' 'p_ZZ5conv3PA255_A255_fPA32_A5_A5_fPfS1_E7in_tile_2_1_0_load_11_read' <Predicate = true> <Delay = 0.00>
ST_1 : Operation 450 [1/1] (0.00ns)   --->   "%p_ZZ5conv3PA255_A255_fPA32_A5_A5_fPfS1_E7in_tile_1_0_0_load_11_read = read i32 @_ssdm_op_Read.ap_auto.float, i32 %p_ZZ5conv3PA255_A255_fPA32_A5_A5_fPfS1_E7in_tile_1_0_0_load_11"   --->   Operation 450 'read' 'p_ZZ5conv3PA255_A255_fPA32_A5_A5_fPfS1_E7in_tile_1_0_0_load_11_read' <Predicate = true> <Delay = 0.00>
ST_1 : Operation 451 [1/1] (0.00ns)   --->   "%p_ZZ5conv3PA255_A255_fPA32_A5_A5_fPfS1_E7in_tile_1_4_0_load_11_read = read i32 @_ssdm_op_Read.ap_auto.float, i32 %p_ZZ5conv3PA255_A255_fPA32_A5_A5_fPfS1_E7in_tile_1_4_0_load_11"   --->   Operation 451 'read' 'p_ZZ5conv3PA255_A255_fPA32_A5_A5_fPfS1_E7in_tile_1_4_0_load_11_read' <Predicate = true> <Delay = 0.00>
ST_1 : Operation 452 [1/1] (0.00ns)   --->   "%p_ZZ5conv3PA255_A255_fPA32_A5_A5_fPfS1_E7in_tile_1_3_0_load_11_read = read i32 @_ssdm_op_Read.ap_auto.float, i32 %p_ZZ5conv3PA255_A255_fPA32_A5_A5_fPfS1_E7in_tile_1_3_0_load_11"   --->   Operation 452 'read' 'p_ZZ5conv3PA255_A255_fPA32_A5_A5_fPfS1_E7in_tile_1_3_0_load_11_read' <Predicate = true> <Delay = 0.00>
ST_1 : Operation 453 [1/1] (0.00ns)   --->   "%p_ZZ5conv3PA255_A255_fPA32_A5_A5_fPfS1_E7in_tile_1_2_0_load_11_read = read i32 @_ssdm_op_Read.ap_auto.float, i32 %p_ZZ5conv3PA255_A255_fPA32_A5_A5_fPfS1_E7in_tile_1_2_0_load_11"   --->   Operation 453 'read' 'p_ZZ5conv3PA255_A255_fPA32_A5_A5_fPfS1_E7in_tile_1_2_0_load_11_read' <Predicate = true> <Delay = 0.00>
ST_1 : Operation 454 [1/1] (0.00ns)   --->   "%p_ZZ5conv3PA255_A255_fPA32_A5_A5_fPfS1_E7in_tile_1_1_0_load_11_read = read i32 @_ssdm_op_Read.ap_auto.float, i32 %p_ZZ5conv3PA255_A255_fPA32_A5_A5_fPfS1_E7in_tile_1_1_0_load_11"   --->   Operation 454 'read' 'p_ZZ5conv3PA255_A255_fPA32_A5_A5_fPfS1_E7in_tile_1_1_0_load_11_read' <Predicate = true> <Delay = 0.00>
ST_1 : Operation 455 [1/1] (0.00ns)   --->   "%p_ZZ5conv3PA255_A255_fPA32_A5_A5_fPfS1_E7in_tile_0_0_0_load_11_read = read i32 @_ssdm_op_Read.ap_auto.float, i32 %p_ZZ5conv3PA255_A255_fPA32_A5_A5_fPfS1_E7in_tile_0_0_0_load_11"   --->   Operation 455 'read' 'p_ZZ5conv3PA255_A255_fPA32_A5_A5_fPfS1_E7in_tile_0_0_0_load_11_read' <Predicate = true> <Delay = 0.00>
ST_1 : Operation 456 [1/1] (0.00ns)   --->   "%p_ZZ5conv3PA255_A255_fPA32_A5_A5_fPfS1_E7in_tile_0_4_0_load_11_read = read i32 @_ssdm_op_Read.ap_auto.float, i32 %p_ZZ5conv3PA255_A255_fPA32_A5_A5_fPfS1_E7in_tile_0_4_0_load_11"   --->   Operation 456 'read' 'p_ZZ5conv3PA255_A255_fPA32_A5_A5_fPfS1_E7in_tile_0_4_0_load_11_read' <Predicate = true> <Delay = 0.00>
ST_1 : Operation 457 [1/1] (0.00ns)   --->   "%p_ZZ5conv3PA255_A255_fPA32_A5_A5_fPfS1_E7in_tile_0_3_0_load_11_read = read i32 @_ssdm_op_Read.ap_auto.float, i32 %p_ZZ5conv3PA255_A255_fPA32_A5_A5_fPfS1_E7in_tile_0_3_0_load_11"   --->   Operation 457 'read' 'p_ZZ5conv3PA255_A255_fPA32_A5_A5_fPfS1_E7in_tile_0_3_0_load_11_read' <Predicate = true> <Delay = 0.00>
ST_1 : Operation 458 [1/1] (0.00ns)   --->   "%p_ZZ5conv3PA255_A255_fPA32_A5_A5_fPfS1_E7in_tile_0_2_0_load_11_read = read i32 @_ssdm_op_Read.ap_auto.float, i32 %p_ZZ5conv3PA255_A255_fPA32_A5_A5_fPfS1_E7in_tile_0_2_0_load_11"   --->   Operation 458 'read' 'p_ZZ5conv3PA255_A255_fPA32_A5_A5_fPfS1_E7in_tile_0_2_0_load_11_read' <Predicate = true> <Delay = 0.00>
ST_1 : Operation 459 [1/1] (0.00ns)   --->   "%p_ZZ5conv3PA255_A255_fPA32_A5_A5_fPfS1_E7in_tile_0_1_0_load_11_read = read i32 @_ssdm_op_Read.ap_auto.float, i32 %p_ZZ5conv3PA255_A255_fPA32_A5_A5_fPfS1_E7in_tile_0_1_0_load_11"   --->   Operation 459 'read' 'p_ZZ5conv3PA255_A255_fPA32_A5_A5_fPfS1_E7in_tile_0_1_0_load_11_read' <Predicate = true> <Delay = 0.00>
ST_1 : Operation 460 [1/1] (0.00ns)   --->   "%p_ZZ5conv3PA255_A255_fPA32_A5_A5_fPfS1_E7in_tile_4_4_0_load_10_read = read i32 @_ssdm_op_Read.ap_auto.float, i32 %p_ZZ5conv3PA255_A255_fPA32_A5_A5_fPfS1_E7in_tile_4_4_0_load_10"   --->   Operation 460 'read' 'p_ZZ5conv3PA255_A255_fPA32_A5_A5_fPfS1_E7in_tile_4_4_0_load_10_read' <Predicate = true> <Delay = 0.00>
ST_1 : Operation 461 [1/1] (0.00ns)   --->   "%p_ZZ5conv3PA255_A255_fPA32_A5_A5_fPfS1_E7in_tile_4_3_0_load_10_read = read i32 @_ssdm_op_Read.ap_auto.float, i32 %p_ZZ5conv3PA255_A255_fPA32_A5_A5_fPfS1_E7in_tile_4_3_0_load_10"   --->   Operation 461 'read' 'p_ZZ5conv3PA255_A255_fPA32_A5_A5_fPfS1_E7in_tile_4_3_0_load_10_read' <Predicate = true> <Delay = 0.00>
ST_1 : Operation 462 [1/1] (0.00ns)   --->   "%p_ZZ5conv3PA255_A255_fPA32_A5_A5_fPfS1_E7in_tile_4_2_0_load_10_read = read i32 @_ssdm_op_Read.ap_auto.float, i32 %p_ZZ5conv3PA255_A255_fPA32_A5_A5_fPfS1_E7in_tile_4_2_0_load_10"   --->   Operation 462 'read' 'p_ZZ5conv3PA255_A255_fPA32_A5_A5_fPfS1_E7in_tile_4_2_0_load_10_read' <Predicate = true> <Delay = 0.00>
ST_1 : Operation 463 [1/1] (0.00ns)   --->   "%p_ZZ5conv3PA255_A255_fPA32_A5_A5_fPfS1_E7in_tile_4_1_0_load_10_read = read i32 @_ssdm_op_Read.ap_auto.float, i32 %p_ZZ5conv3PA255_A255_fPA32_A5_A5_fPfS1_E7in_tile_4_1_0_load_10"   --->   Operation 463 'read' 'p_ZZ5conv3PA255_A255_fPA32_A5_A5_fPfS1_E7in_tile_4_1_0_load_10_read' <Predicate = true> <Delay = 0.00>
ST_1 : Operation 464 [1/1] (0.00ns)   --->   "%p_ZZ5conv3PA255_A255_fPA32_A5_A5_fPfS1_E7in_tile_4_0_0_load_10_read = read i32 @_ssdm_op_Read.ap_auto.float, i32 %p_ZZ5conv3PA255_A255_fPA32_A5_A5_fPfS1_E7in_tile_4_0_0_load_10"   --->   Operation 464 'read' 'p_ZZ5conv3PA255_A255_fPA32_A5_A5_fPfS1_E7in_tile_4_0_0_load_10_read' <Predicate = true> <Delay = 0.00>
ST_1 : Operation 465 [1/1] (0.00ns)   --->   "%p_ZZ5conv3PA255_A255_fPA32_A5_A5_fPfS1_E7in_tile_3_4_0_load_10_read = read i32 @_ssdm_op_Read.ap_auto.float, i32 %p_ZZ5conv3PA255_A255_fPA32_A5_A5_fPfS1_E7in_tile_3_4_0_load_10"   --->   Operation 465 'read' 'p_ZZ5conv3PA255_A255_fPA32_A5_A5_fPfS1_E7in_tile_3_4_0_load_10_read' <Predicate = true> <Delay = 0.00>
ST_1 : Operation 466 [1/1] (0.00ns)   --->   "%p_ZZ5conv3PA255_A255_fPA32_A5_A5_fPfS1_E7in_tile_3_3_0_load_10_read = read i32 @_ssdm_op_Read.ap_auto.float, i32 %p_ZZ5conv3PA255_A255_fPA32_A5_A5_fPfS1_E7in_tile_3_3_0_load_10"   --->   Operation 466 'read' 'p_ZZ5conv3PA255_A255_fPA32_A5_A5_fPfS1_E7in_tile_3_3_0_load_10_read' <Predicate = true> <Delay = 0.00>
ST_1 : Operation 467 [1/1] (0.00ns)   --->   "%p_ZZ5conv3PA255_A255_fPA32_A5_A5_fPfS1_E7in_tile_3_2_0_load_10_read = read i32 @_ssdm_op_Read.ap_auto.float, i32 %p_ZZ5conv3PA255_A255_fPA32_A5_A5_fPfS1_E7in_tile_3_2_0_load_10"   --->   Operation 467 'read' 'p_ZZ5conv3PA255_A255_fPA32_A5_A5_fPfS1_E7in_tile_3_2_0_load_10_read' <Predicate = true> <Delay = 0.00>
ST_1 : Operation 468 [1/1] (0.00ns)   --->   "%p_ZZ5conv3PA255_A255_fPA32_A5_A5_fPfS1_E7in_tile_3_1_0_load_10_read = read i32 @_ssdm_op_Read.ap_auto.float, i32 %p_ZZ5conv3PA255_A255_fPA32_A5_A5_fPfS1_E7in_tile_3_1_0_load_10"   --->   Operation 468 'read' 'p_ZZ5conv3PA255_A255_fPA32_A5_A5_fPfS1_E7in_tile_3_1_0_load_10_read' <Predicate = true> <Delay = 0.00>
ST_1 : Operation 469 [1/1] (0.00ns)   --->   "%p_ZZ5conv3PA255_A255_fPA32_A5_A5_fPfS1_E7in_tile_3_0_0_load_10_read = read i32 @_ssdm_op_Read.ap_auto.float, i32 %p_ZZ5conv3PA255_A255_fPA32_A5_A5_fPfS1_E7in_tile_3_0_0_load_10"   --->   Operation 469 'read' 'p_ZZ5conv3PA255_A255_fPA32_A5_A5_fPfS1_E7in_tile_3_0_0_load_10_read' <Predicate = true> <Delay = 0.00>
ST_1 : Operation 470 [1/1] (0.00ns)   --->   "%p_ZZ5conv3PA255_A255_fPA32_A5_A5_fPfS1_E7in_tile_2_4_0_load_10_read = read i32 @_ssdm_op_Read.ap_auto.float, i32 %p_ZZ5conv3PA255_A255_fPA32_A5_A5_fPfS1_E7in_tile_2_4_0_load_10"   --->   Operation 470 'read' 'p_ZZ5conv3PA255_A255_fPA32_A5_A5_fPfS1_E7in_tile_2_4_0_load_10_read' <Predicate = true> <Delay = 0.00>
ST_1 : Operation 471 [1/1] (0.00ns)   --->   "%p_ZZ5conv3PA255_A255_fPA32_A5_A5_fPfS1_E7in_tile_2_3_0_load_10_read = read i32 @_ssdm_op_Read.ap_auto.float, i32 %p_ZZ5conv3PA255_A255_fPA32_A5_A5_fPfS1_E7in_tile_2_3_0_load_10"   --->   Operation 471 'read' 'p_ZZ5conv3PA255_A255_fPA32_A5_A5_fPfS1_E7in_tile_2_3_0_load_10_read' <Predicate = true> <Delay = 0.00>
ST_1 : Operation 472 [1/1] (0.00ns)   --->   "%p_ZZ5conv3PA255_A255_fPA32_A5_A5_fPfS1_E7in_tile_2_2_0_load_10_read = read i32 @_ssdm_op_Read.ap_auto.float, i32 %p_ZZ5conv3PA255_A255_fPA32_A5_A5_fPfS1_E7in_tile_2_2_0_load_10"   --->   Operation 472 'read' 'p_ZZ5conv3PA255_A255_fPA32_A5_A5_fPfS1_E7in_tile_2_2_0_load_10_read' <Predicate = true> <Delay = 0.00>
ST_1 : Operation 473 [1/1] (0.00ns)   --->   "%p_ZZ5conv3PA255_A255_fPA32_A5_A5_fPfS1_E7in_tile_2_1_0_load_10_read = read i32 @_ssdm_op_Read.ap_auto.float, i32 %p_ZZ5conv3PA255_A255_fPA32_A5_A5_fPfS1_E7in_tile_2_1_0_load_10"   --->   Operation 473 'read' 'p_ZZ5conv3PA255_A255_fPA32_A5_A5_fPfS1_E7in_tile_2_1_0_load_10_read' <Predicate = true> <Delay = 0.00>
ST_1 : Operation 474 [1/1] (0.00ns)   --->   "%p_ZZ5conv3PA255_A255_fPA32_A5_A5_fPfS1_E7in_tile_2_0_0_load_10_read = read i32 @_ssdm_op_Read.ap_auto.float, i32 %p_ZZ5conv3PA255_A255_fPA32_A5_A5_fPfS1_E7in_tile_2_0_0_load_10"   --->   Operation 474 'read' 'p_ZZ5conv3PA255_A255_fPA32_A5_A5_fPfS1_E7in_tile_2_0_0_load_10_read' <Predicate = true> <Delay = 0.00>
ST_1 : Operation 475 [1/1] (0.00ns)   --->   "%p_ZZ5conv3PA255_A255_fPA32_A5_A5_fPfS1_E7in_tile_1_4_0_load_10_read = read i32 @_ssdm_op_Read.ap_auto.float, i32 %p_ZZ5conv3PA255_A255_fPA32_A5_A5_fPfS1_E7in_tile_1_4_0_load_10"   --->   Operation 475 'read' 'p_ZZ5conv3PA255_A255_fPA32_A5_A5_fPfS1_E7in_tile_1_4_0_load_10_read' <Predicate = true> <Delay = 0.00>
ST_1 : Operation 476 [1/1] (0.00ns)   --->   "%p_ZZ5conv3PA255_A255_fPA32_A5_A5_fPfS1_E7in_tile_1_3_0_load_10_read = read i32 @_ssdm_op_Read.ap_auto.float, i32 %p_ZZ5conv3PA255_A255_fPA32_A5_A5_fPfS1_E7in_tile_1_3_0_load_10"   --->   Operation 476 'read' 'p_ZZ5conv3PA255_A255_fPA32_A5_A5_fPfS1_E7in_tile_1_3_0_load_10_read' <Predicate = true> <Delay = 0.00>
ST_1 : Operation 477 [1/1] (0.00ns)   --->   "%p_ZZ5conv3PA255_A255_fPA32_A5_A5_fPfS1_E7in_tile_1_2_0_load_10_read = read i32 @_ssdm_op_Read.ap_auto.float, i32 %p_ZZ5conv3PA255_A255_fPA32_A5_A5_fPfS1_E7in_tile_1_2_0_load_10"   --->   Operation 477 'read' 'p_ZZ5conv3PA255_A255_fPA32_A5_A5_fPfS1_E7in_tile_1_2_0_load_10_read' <Predicate = true> <Delay = 0.00>
ST_1 : Operation 478 [1/1] (0.00ns)   --->   "%p_ZZ5conv3PA255_A255_fPA32_A5_A5_fPfS1_E7in_tile_1_1_0_load_10_read = read i32 @_ssdm_op_Read.ap_auto.float, i32 %p_ZZ5conv3PA255_A255_fPA32_A5_A5_fPfS1_E7in_tile_1_1_0_load_10"   --->   Operation 478 'read' 'p_ZZ5conv3PA255_A255_fPA32_A5_A5_fPfS1_E7in_tile_1_1_0_load_10_read' <Predicate = true> <Delay = 0.00>
ST_1 : Operation 479 [1/1] (0.00ns)   --->   "%p_ZZ5conv3PA255_A255_fPA32_A5_A5_fPfS1_E7in_tile_1_0_0_load_10_read = read i32 @_ssdm_op_Read.ap_auto.float, i32 %p_ZZ5conv3PA255_A255_fPA32_A5_A5_fPfS1_E7in_tile_1_0_0_load_10"   --->   Operation 479 'read' 'p_ZZ5conv3PA255_A255_fPA32_A5_A5_fPfS1_E7in_tile_1_0_0_load_10_read' <Predicate = true> <Delay = 0.00>
ST_1 : Operation 480 [1/1] (0.00ns)   --->   "%p_ZZ5conv3PA255_A255_fPA32_A5_A5_fPfS1_E7in_tile_0_4_0_load_10_read = read i32 @_ssdm_op_Read.ap_auto.float, i32 %p_ZZ5conv3PA255_A255_fPA32_A5_A5_fPfS1_E7in_tile_0_4_0_load_10"   --->   Operation 480 'read' 'p_ZZ5conv3PA255_A255_fPA32_A5_A5_fPfS1_E7in_tile_0_4_0_load_10_read' <Predicate = true> <Delay = 0.00>
ST_1 : Operation 481 [1/1] (0.00ns)   --->   "%p_ZZ5conv3PA255_A255_fPA32_A5_A5_fPfS1_E7in_tile_0_3_0_load_10_read = read i32 @_ssdm_op_Read.ap_auto.float, i32 %p_ZZ5conv3PA255_A255_fPA32_A5_A5_fPfS1_E7in_tile_0_3_0_load_10"   --->   Operation 481 'read' 'p_ZZ5conv3PA255_A255_fPA32_A5_A5_fPfS1_E7in_tile_0_3_0_load_10_read' <Predicate = true> <Delay = 0.00>
ST_1 : Operation 482 [1/1] (0.00ns)   --->   "%p_ZZ5conv3PA255_A255_fPA32_A5_A5_fPfS1_E7in_tile_0_2_0_load_10_read = read i32 @_ssdm_op_Read.ap_auto.float, i32 %p_ZZ5conv3PA255_A255_fPA32_A5_A5_fPfS1_E7in_tile_0_2_0_load_10"   --->   Operation 482 'read' 'p_ZZ5conv3PA255_A255_fPA32_A5_A5_fPfS1_E7in_tile_0_2_0_load_10_read' <Predicate = true> <Delay = 0.00>
ST_1 : Operation 483 [1/1] (0.00ns)   --->   "%p_ZZ5conv3PA255_A255_fPA32_A5_A5_fPfS1_E7in_tile_0_1_0_load_10_read = read i32 @_ssdm_op_Read.ap_auto.float, i32 %p_ZZ5conv3PA255_A255_fPA32_A5_A5_fPfS1_E7in_tile_0_1_0_load_10"   --->   Operation 483 'read' 'p_ZZ5conv3PA255_A255_fPA32_A5_A5_fPfS1_E7in_tile_0_1_0_load_10_read' <Predicate = true> <Delay = 0.00>
ST_1 : Operation 484 [1/1] (0.00ns)   --->   "%p_ZZ5conv3PA255_A255_fPA32_A5_A5_fPfS1_E7in_tile_0_0_0_load_10_read = read i32 @_ssdm_op_Read.ap_auto.float, i32 %p_ZZ5conv3PA255_A255_fPA32_A5_A5_fPfS1_E7in_tile_0_0_0_load_10"   --->   Operation 484 'read' 'p_ZZ5conv3PA255_A255_fPA32_A5_A5_fPfS1_E7in_tile_0_0_0_load_10_read' <Predicate = true> <Delay = 0.00>
ST_1 : Operation 485 [1/1] (0.00ns)   --->   "%p_ZZ5conv3PA255_A255_fPA32_A5_A5_fPfS1_E7in_tile_4_3_0_load_9_read = read i32 @_ssdm_op_Read.ap_auto.float, i32 %p_ZZ5conv3PA255_A255_fPA32_A5_A5_fPfS1_E7in_tile_4_3_0_load_9"   --->   Operation 485 'read' 'p_ZZ5conv3PA255_A255_fPA32_A5_A5_fPfS1_E7in_tile_4_3_0_load_9_read' <Predicate = true> <Delay = 0.00>
ST_1 : Operation 486 [1/1] (0.00ns)   --->   "%p_ZZ5conv3PA255_A255_fPA32_A5_A5_fPfS1_E7in_tile_4_2_0_load_9_read = read i32 @_ssdm_op_Read.ap_auto.float, i32 %p_ZZ5conv3PA255_A255_fPA32_A5_A5_fPfS1_E7in_tile_4_2_0_load_9"   --->   Operation 486 'read' 'p_ZZ5conv3PA255_A255_fPA32_A5_A5_fPfS1_E7in_tile_4_2_0_load_9_read' <Predicate = true> <Delay = 0.00>
ST_1 : Operation 487 [1/1] (0.00ns)   --->   "%p_ZZ5conv3PA255_A255_fPA32_A5_A5_fPfS1_E7in_tile_4_1_0_load_9_read = read i32 @_ssdm_op_Read.ap_auto.float, i32 %p_ZZ5conv3PA255_A255_fPA32_A5_A5_fPfS1_E7in_tile_4_1_0_load_9"   --->   Operation 487 'read' 'p_ZZ5conv3PA255_A255_fPA32_A5_A5_fPfS1_E7in_tile_4_1_0_load_9_read' <Predicate = true> <Delay = 0.00>
ST_1 : Operation 488 [1/1] (0.00ns)   --->   "%p_ZZ5conv3PA255_A255_fPA32_A5_A5_fPfS1_E7in_tile_4_0_0_load_9_read = read i32 @_ssdm_op_Read.ap_auto.float, i32 %p_ZZ5conv3PA255_A255_fPA32_A5_A5_fPfS1_E7in_tile_4_0_0_load_9"   --->   Operation 488 'read' 'p_ZZ5conv3PA255_A255_fPA32_A5_A5_fPfS1_E7in_tile_4_0_0_load_9_read' <Predicate = true> <Delay = 0.00>
ST_1 : Operation 489 [1/1] (0.00ns)   --->   "%p_ZZ5conv3PA255_A255_fPA32_A5_A5_fPfS1_E7in_tile_4_4_0_load_9_read = read i32 @_ssdm_op_Read.ap_auto.float, i32 %p_ZZ5conv3PA255_A255_fPA32_A5_A5_fPfS1_E7in_tile_4_4_0_load_9"   --->   Operation 489 'read' 'p_ZZ5conv3PA255_A255_fPA32_A5_A5_fPfS1_E7in_tile_4_4_0_load_9_read' <Predicate = true> <Delay = 0.00>
ST_1 : Operation 490 [1/1] (0.00ns)   --->   "%p_ZZ5conv3PA255_A255_fPA32_A5_A5_fPfS1_E7in_tile_3_3_0_load_9_read = read i32 @_ssdm_op_Read.ap_auto.float, i32 %p_ZZ5conv3PA255_A255_fPA32_A5_A5_fPfS1_E7in_tile_3_3_0_load_9"   --->   Operation 490 'read' 'p_ZZ5conv3PA255_A255_fPA32_A5_A5_fPfS1_E7in_tile_3_3_0_load_9_read' <Predicate = true> <Delay = 0.00>
ST_1 : Operation 491 [1/1] (0.00ns)   --->   "%p_ZZ5conv3PA255_A255_fPA32_A5_A5_fPfS1_E7in_tile_3_2_0_load_9_read = read i32 @_ssdm_op_Read.ap_auto.float, i32 %p_ZZ5conv3PA255_A255_fPA32_A5_A5_fPfS1_E7in_tile_3_2_0_load_9"   --->   Operation 491 'read' 'p_ZZ5conv3PA255_A255_fPA32_A5_A5_fPfS1_E7in_tile_3_2_0_load_9_read' <Predicate = true> <Delay = 0.00>
ST_1 : Operation 492 [1/1] (0.00ns)   --->   "%p_ZZ5conv3PA255_A255_fPA32_A5_A5_fPfS1_E7in_tile_3_1_0_load_9_read = read i32 @_ssdm_op_Read.ap_auto.float, i32 %p_ZZ5conv3PA255_A255_fPA32_A5_A5_fPfS1_E7in_tile_3_1_0_load_9"   --->   Operation 492 'read' 'p_ZZ5conv3PA255_A255_fPA32_A5_A5_fPfS1_E7in_tile_3_1_0_load_9_read' <Predicate = true> <Delay = 0.00>
ST_1 : Operation 493 [1/1] (0.00ns)   --->   "%p_ZZ5conv3PA255_A255_fPA32_A5_A5_fPfS1_E7in_tile_3_0_0_load_9_read = read i32 @_ssdm_op_Read.ap_auto.float, i32 %p_ZZ5conv3PA255_A255_fPA32_A5_A5_fPfS1_E7in_tile_3_0_0_load_9"   --->   Operation 493 'read' 'p_ZZ5conv3PA255_A255_fPA32_A5_A5_fPfS1_E7in_tile_3_0_0_load_9_read' <Predicate = true> <Delay = 0.00>
ST_1 : Operation 494 [1/1] (0.00ns)   --->   "%p_ZZ5conv3PA255_A255_fPA32_A5_A5_fPfS1_E7in_tile_3_4_0_load_9_read = read i32 @_ssdm_op_Read.ap_auto.float, i32 %p_ZZ5conv3PA255_A255_fPA32_A5_A5_fPfS1_E7in_tile_3_4_0_load_9"   --->   Operation 494 'read' 'p_ZZ5conv3PA255_A255_fPA32_A5_A5_fPfS1_E7in_tile_3_4_0_load_9_read' <Predicate = true> <Delay = 0.00>
ST_1 : Operation 495 [1/1] (0.00ns)   --->   "%p_ZZ5conv3PA255_A255_fPA32_A5_A5_fPfS1_E7in_tile_2_3_0_load_9_read = read i32 @_ssdm_op_Read.ap_auto.float, i32 %p_ZZ5conv3PA255_A255_fPA32_A5_A5_fPfS1_E7in_tile_2_3_0_load_9"   --->   Operation 495 'read' 'p_ZZ5conv3PA255_A255_fPA32_A5_A5_fPfS1_E7in_tile_2_3_0_load_9_read' <Predicate = true> <Delay = 0.00>
ST_1 : Operation 496 [1/1] (0.00ns)   --->   "%p_ZZ5conv3PA255_A255_fPA32_A5_A5_fPfS1_E7in_tile_2_2_0_load_9_read = read i32 @_ssdm_op_Read.ap_auto.float, i32 %p_ZZ5conv3PA255_A255_fPA32_A5_A5_fPfS1_E7in_tile_2_2_0_load_9"   --->   Operation 496 'read' 'p_ZZ5conv3PA255_A255_fPA32_A5_A5_fPfS1_E7in_tile_2_2_0_load_9_read' <Predicate = true> <Delay = 0.00>
ST_1 : Operation 497 [1/1] (0.00ns)   --->   "%p_ZZ5conv3PA255_A255_fPA32_A5_A5_fPfS1_E7in_tile_2_1_0_load_9_read = read i32 @_ssdm_op_Read.ap_auto.float, i32 %p_ZZ5conv3PA255_A255_fPA32_A5_A5_fPfS1_E7in_tile_2_1_0_load_9"   --->   Operation 497 'read' 'p_ZZ5conv3PA255_A255_fPA32_A5_A5_fPfS1_E7in_tile_2_1_0_load_9_read' <Predicate = true> <Delay = 0.00>
ST_1 : Operation 498 [1/1] (0.00ns)   --->   "%p_ZZ5conv3PA255_A255_fPA32_A5_A5_fPfS1_E7in_tile_2_0_0_load_9_read = read i32 @_ssdm_op_Read.ap_auto.float, i32 %p_ZZ5conv3PA255_A255_fPA32_A5_A5_fPfS1_E7in_tile_2_0_0_load_9"   --->   Operation 498 'read' 'p_ZZ5conv3PA255_A255_fPA32_A5_A5_fPfS1_E7in_tile_2_0_0_load_9_read' <Predicate = true> <Delay = 0.00>
ST_1 : Operation 499 [1/1] (0.00ns)   --->   "%p_ZZ5conv3PA255_A255_fPA32_A5_A5_fPfS1_E7in_tile_2_4_0_load_9_read = read i32 @_ssdm_op_Read.ap_auto.float, i32 %p_ZZ5conv3PA255_A255_fPA32_A5_A5_fPfS1_E7in_tile_2_4_0_load_9"   --->   Operation 499 'read' 'p_ZZ5conv3PA255_A255_fPA32_A5_A5_fPfS1_E7in_tile_2_4_0_load_9_read' <Predicate = true> <Delay = 0.00>
ST_1 : Operation 500 [1/1] (0.00ns)   --->   "%p_ZZ5conv3PA255_A255_fPA32_A5_A5_fPfS1_E7in_tile_1_3_0_load_9_read = read i32 @_ssdm_op_Read.ap_auto.float, i32 %p_ZZ5conv3PA255_A255_fPA32_A5_A5_fPfS1_E7in_tile_1_3_0_load_9"   --->   Operation 500 'read' 'p_ZZ5conv3PA255_A255_fPA32_A5_A5_fPfS1_E7in_tile_1_3_0_load_9_read' <Predicate = true> <Delay = 0.00>
ST_1 : Operation 501 [1/1] (0.00ns)   --->   "%p_ZZ5conv3PA255_A255_fPA32_A5_A5_fPfS1_E7in_tile_1_2_0_load_9_read = read i32 @_ssdm_op_Read.ap_auto.float, i32 %p_ZZ5conv3PA255_A255_fPA32_A5_A5_fPfS1_E7in_tile_1_2_0_load_9"   --->   Operation 501 'read' 'p_ZZ5conv3PA255_A255_fPA32_A5_A5_fPfS1_E7in_tile_1_2_0_load_9_read' <Predicate = true> <Delay = 0.00>
ST_1 : Operation 502 [1/1] (0.00ns)   --->   "%p_ZZ5conv3PA255_A255_fPA32_A5_A5_fPfS1_E7in_tile_1_1_0_load_9_read = read i32 @_ssdm_op_Read.ap_auto.float, i32 %p_ZZ5conv3PA255_A255_fPA32_A5_A5_fPfS1_E7in_tile_1_1_0_load_9"   --->   Operation 502 'read' 'p_ZZ5conv3PA255_A255_fPA32_A5_A5_fPfS1_E7in_tile_1_1_0_load_9_read' <Predicate = true> <Delay = 0.00>
ST_1 : Operation 503 [1/1] (0.00ns)   --->   "%p_ZZ5conv3PA255_A255_fPA32_A5_A5_fPfS1_E7in_tile_1_0_0_load_9_read = read i32 @_ssdm_op_Read.ap_auto.float, i32 %p_ZZ5conv3PA255_A255_fPA32_A5_A5_fPfS1_E7in_tile_1_0_0_load_9"   --->   Operation 503 'read' 'p_ZZ5conv3PA255_A255_fPA32_A5_A5_fPfS1_E7in_tile_1_0_0_load_9_read' <Predicate = true> <Delay = 0.00>
ST_1 : Operation 504 [1/1] (0.00ns)   --->   "%p_ZZ5conv3PA255_A255_fPA32_A5_A5_fPfS1_E7in_tile_1_4_0_load_9_read = read i32 @_ssdm_op_Read.ap_auto.float, i32 %p_ZZ5conv3PA255_A255_fPA32_A5_A5_fPfS1_E7in_tile_1_4_0_load_9"   --->   Operation 504 'read' 'p_ZZ5conv3PA255_A255_fPA32_A5_A5_fPfS1_E7in_tile_1_4_0_load_9_read' <Predicate = true> <Delay = 0.00>
ST_1 : Operation 505 [1/1] (0.00ns)   --->   "%p_ZZ5conv3PA255_A255_fPA32_A5_A5_fPfS1_E7in_tile_0_3_0_load_9_read = read i32 @_ssdm_op_Read.ap_auto.float, i32 %p_ZZ5conv3PA255_A255_fPA32_A5_A5_fPfS1_E7in_tile_0_3_0_load_9"   --->   Operation 505 'read' 'p_ZZ5conv3PA255_A255_fPA32_A5_A5_fPfS1_E7in_tile_0_3_0_load_9_read' <Predicate = true> <Delay = 0.00>
ST_1 : Operation 506 [1/1] (0.00ns)   --->   "%p_ZZ5conv3PA255_A255_fPA32_A5_A5_fPfS1_E7in_tile_0_2_0_load_9_read = read i32 @_ssdm_op_Read.ap_auto.float, i32 %p_ZZ5conv3PA255_A255_fPA32_A5_A5_fPfS1_E7in_tile_0_2_0_load_9"   --->   Operation 506 'read' 'p_ZZ5conv3PA255_A255_fPA32_A5_A5_fPfS1_E7in_tile_0_2_0_load_9_read' <Predicate = true> <Delay = 0.00>
ST_1 : Operation 507 [1/1] (0.00ns)   --->   "%p_ZZ5conv3PA255_A255_fPA32_A5_A5_fPfS1_E7in_tile_0_1_0_load_9_read = read i32 @_ssdm_op_Read.ap_auto.float, i32 %p_ZZ5conv3PA255_A255_fPA32_A5_A5_fPfS1_E7in_tile_0_1_0_load_9"   --->   Operation 507 'read' 'p_ZZ5conv3PA255_A255_fPA32_A5_A5_fPfS1_E7in_tile_0_1_0_load_9_read' <Predicate = true> <Delay = 0.00>
ST_1 : Operation 508 [1/1] (0.00ns)   --->   "%p_ZZ5conv3PA255_A255_fPA32_A5_A5_fPfS1_E7in_tile_0_0_0_load_9_read = read i32 @_ssdm_op_Read.ap_auto.float, i32 %p_ZZ5conv3PA255_A255_fPA32_A5_A5_fPfS1_E7in_tile_0_0_0_load_9"   --->   Operation 508 'read' 'p_ZZ5conv3PA255_A255_fPA32_A5_A5_fPfS1_E7in_tile_0_0_0_load_9_read' <Predicate = true> <Delay = 0.00>
ST_1 : Operation 509 [1/1] (0.00ns)   --->   "%p_ZZ5conv3PA255_A255_fPA32_A5_A5_fPfS1_E7in_tile_0_4_0_load_9_read = read i32 @_ssdm_op_Read.ap_auto.float, i32 %p_ZZ5conv3PA255_A255_fPA32_A5_A5_fPfS1_E7in_tile_0_4_0_load_9"   --->   Operation 509 'read' 'p_ZZ5conv3PA255_A255_fPA32_A5_A5_fPfS1_E7in_tile_0_4_0_load_9_read' <Predicate = true> <Delay = 0.00>
ST_1 : Operation 510 [1/1] (0.00ns)   --->   "%p_ZZ5conv3PA255_A255_fPA32_A5_A5_fPfS1_E7in_tile_4_2_0_load_8_read = read i32 @_ssdm_op_Read.ap_auto.float, i32 %p_ZZ5conv3PA255_A255_fPA32_A5_A5_fPfS1_E7in_tile_4_2_0_load_8"   --->   Operation 510 'read' 'p_ZZ5conv3PA255_A255_fPA32_A5_A5_fPfS1_E7in_tile_4_2_0_load_8_read' <Predicate = true> <Delay = 0.00>
ST_1 : Operation 511 [1/1] (0.00ns)   --->   "%p_ZZ5conv3PA255_A255_fPA32_A5_A5_fPfS1_E7in_tile_4_1_0_load_8_read = read i32 @_ssdm_op_Read.ap_auto.float, i32 %p_ZZ5conv3PA255_A255_fPA32_A5_A5_fPfS1_E7in_tile_4_1_0_load_8"   --->   Operation 511 'read' 'p_ZZ5conv3PA255_A255_fPA32_A5_A5_fPfS1_E7in_tile_4_1_0_load_8_read' <Predicate = true> <Delay = 0.00>
ST_1 : Operation 512 [1/1] (0.00ns)   --->   "%p_ZZ5conv3PA255_A255_fPA32_A5_A5_fPfS1_E7in_tile_4_0_0_load_8_read = read i32 @_ssdm_op_Read.ap_auto.float, i32 %p_ZZ5conv3PA255_A255_fPA32_A5_A5_fPfS1_E7in_tile_4_0_0_load_8"   --->   Operation 512 'read' 'p_ZZ5conv3PA255_A255_fPA32_A5_A5_fPfS1_E7in_tile_4_0_0_load_8_read' <Predicate = true> <Delay = 0.00>
ST_1 : Operation 513 [1/1] (0.00ns)   --->   "%p_ZZ5conv3PA255_A255_fPA32_A5_A5_fPfS1_E7in_tile_4_4_0_load_8_read = read i32 @_ssdm_op_Read.ap_auto.float, i32 %p_ZZ5conv3PA255_A255_fPA32_A5_A5_fPfS1_E7in_tile_4_4_0_load_8"   --->   Operation 513 'read' 'p_ZZ5conv3PA255_A255_fPA32_A5_A5_fPfS1_E7in_tile_4_4_0_load_8_read' <Predicate = true> <Delay = 0.00>
ST_1 : Operation 514 [1/1] (0.00ns)   --->   "%p_ZZ5conv3PA255_A255_fPA32_A5_A5_fPfS1_E7in_tile_4_3_0_load_8_read = read i32 @_ssdm_op_Read.ap_auto.float, i32 %p_ZZ5conv3PA255_A255_fPA32_A5_A5_fPfS1_E7in_tile_4_3_0_load_8"   --->   Operation 514 'read' 'p_ZZ5conv3PA255_A255_fPA32_A5_A5_fPfS1_E7in_tile_4_3_0_load_8_read' <Predicate = true> <Delay = 0.00>
ST_1 : Operation 515 [1/1] (0.00ns)   --->   "%p_ZZ5conv3PA255_A255_fPA32_A5_A5_fPfS1_E7in_tile_3_2_0_load_8_read = read i32 @_ssdm_op_Read.ap_auto.float, i32 %p_ZZ5conv3PA255_A255_fPA32_A5_A5_fPfS1_E7in_tile_3_2_0_load_8"   --->   Operation 515 'read' 'p_ZZ5conv3PA255_A255_fPA32_A5_A5_fPfS1_E7in_tile_3_2_0_load_8_read' <Predicate = true> <Delay = 0.00>
ST_1 : Operation 516 [1/1] (0.00ns)   --->   "%p_ZZ5conv3PA255_A255_fPA32_A5_A5_fPfS1_E7in_tile_3_1_0_load_8_read = read i32 @_ssdm_op_Read.ap_auto.float, i32 %p_ZZ5conv3PA255_A255_fPA32_A5_A5_fPfS1_E7in_tile_3_1_0_load_8"   --->   Operation 516 'read' 'p_ZZ5conv3PA255_A255_fPA32_A5_A5_fPfS1_E7in_tile_3_1_0_load_8_read' <Predicate = true> <Delay = 0.00>
ST_1 : Operation 517 [1/1] (0.00ns)   --->   "%p_ZZ5conv3PA255_A255_fPA32_A5_A5_fPfS1_E7in_tile_3_0_0_load_8_read = read i32 @_ssdm_op_Read.ap_auto.float, i32 %p_ZZ5conv3PA255_A255_fPA32_A5_A5_fPfS1_E7in_tile_3_0_0_load_8"   --->   Operation 517 'read' 'p_ZZ5conv3PA255_A255_fPA32_A5_A5_fPfS1_E7in_tile_3_0_0_load_8_read' <Predicate = true> <Delay = 0.00>
ST_1 : Operation 518 [1/1] (0.00ns)   --->   "%p_ZZ5conv3PA255_A255_fPA32_A5_A5_fPfS1_E7in_tile_3_4_0_load_8_read = read i32 @_ssdm_op_Read.ap_auto.float, i32 %p_ZZ5conv3PA255_A255_fPA32_A5_A5_fPfS1_E7in_tile_3_4_0_load_8"   --->   Operation 518 'read' 'p_ZZ5conv3PA255_A255_fPA32_A5_A5_fPfS1_E7in_tile_3_4_0_load_8_read' <Predicate = true> <Delay = 0.00>
ST_1 : Operation 519 [1/1] (0.00ns)   --->   "%p_ZZ5conv3PA255_A255_fPA32_A5_A5_fPfS1_E7in_tile_3_3_0_load_8_read = read i32 @_ssdm_op_Read.ap_auto.float, i32 %p_ZZ5conv3PA255_A255_fPA32_A5_A5_fPfS1_E7in_tile_3_3_0_load_8"   --->   Operation 519 'read' 'p_ZZ5conv3PA255_A255_fPA32_A5_A5_fPfS1_E7in_tile_3_3_0_load_8_read' <Predicate = true> <Delay = 0.00>
ST_1 : Operation 520 [1/1] (0.00ns)   --->   "%p_ZZ5conv3PA255_A255_fPA32_A5_A5_fPfS1_E7in_tile_2_2_0_load_8_read = read i32 @_ssdm_op_Read.ap_auto.float, i32 %p_ZZ5conv3PA255_A255_fPA32_A5_A5_fPfS1_E7in_tile_2_2_0_load_8"   --->   Operation 520 'read' 'p_ZZ5conv3PA255_A255_fPA32_A5_A5_fPfS1_E7in_tile_2_2_0_load_8_read' <Predicate = true> <Delay = 0.00>
ST_1 : Operation 521 [1/1] (0.00ns)   --->   "%p_ZZ5conv3PA255_A255_fPA32_A5_A5_fPfS1_E7in_tile_2_1_0_load_8_read = read i32 @_ssdm_op_Read.ap_auto.float, i32 %p_ZZ5conv3PA255_A255_fPA32_A5_A5_fPfS1_E7in_tile_2_1_0_load_8"   --->   Operation 521 'read' 'p_ZZ5conv3PA255_A255_fPA32_A5_A5_fPfS1_E7in_tile_2_1_0_load_8_read' <Predicate = true> <Delay = 0.00>
ST_1 : Operation 522 [1/1] (0.00ns)   --->   "%p_ZZ5conv3PA255_A255_fPA32_A5_A5_fPfS1_E7in_tile_2_0_0_load_8_read = read i32 @_ssdm_op_Read.ap_auto.float, i32 %p_ZZ5conv3PA255_A255_fPA32_A5_A5_fPfS1_E7in_tile_2_0_0_load_8"   --->   Operation 522 'read' 'p_ZZ5conv3PA255_A255_fPA32_A5_A5_fPfS1_E7in_tile_2_0_0_load_8_read' <Predicate = true> <Delay = 0.00>
ST_1 : Operation 523 [1/1] (0.00ns)   --->   "%p_ZZ5conv3PA255_A255_fPA32_A5_A5_fPfS1_E7in_tile_2_4_0_load_8_read = read i32 @_ssdm_op_Read.ap_auto.float, i32 %p_ZZ5conv3PA255_A255_fPA32_A5_A5_fPfS1_E7in_tile_2_4_0_load_8"   --->   Operation 523 'read' 'p_ZZ5conv3PA255_A255_fPA32_A5_A5_fPfS1_E7in_tile_2_4_0_load_8_read' <Predicate = true> <Delay = 0.00>
ST_1 : Operation 524 [1/1] (0.00ns)   --->   "%p_ZZ5conv3PA255_A255_fPA32_A5_A5_fPfS1_E7in_tile_2_3_0_load_8_read = read i32 @_ssdm_op_Read.ap_auto.float, i32 %p_ZZ5conv3PA255_A255_fPA32_A5_A5_fPfS1_E7in_tile_2_3_0_load_8"   --->   Operation 524 'read' 'p_ZZ5conv3PA255_A255_fPA32_A5_A5_fPfS1_E7in_tile_2_3_0_load_8_read' <Predicate = true> <Delay = 0.00>
ST_1 : Operation 525 [1/1] (0.00ns)   --->   "%p_ZZ5conv3PA255_A255_fPA32_A5_A5_fPfS1_E7in_tile_1_2_0_load_8_read = read i32 @_ssdm_op_Read.ap_auto.float, i32 %p_ZZ5conv3PA255_A255_fPA32_A5_A5_fPfS1_E7in_tile_1_2_0_load_8"   --->   Operation 525 'read' 'p_ZZ5conv3PA255_A255_fPA32_A5_A5_fPfS1_E7in_tile_1_2_0_load_8_read' <Predicate = true> <Delay = 0.00>
ST_1 : Operation 526 [1/1] (0.00ns)   --->   "%p_ZZ5conv3PA255_A255_fPA32_A5_A5_fPfS1_E7in_tile_1_1_0_load_8_read = read i32 @_ssdm_op_Read.ap_auto.float, i32 %p_ZZ5conv3PA255_A255_fPA32_A5_A5_fPfS1_E7in_tile_1_1_0_load_8"   --->   Operation 526 'read' 'p_ZZ5conv3PA255_A255_fPA32_A5_A5_fPfS1_E7in_tile_1_1_0_load_8_read' <Predicate = true> <Delay = 0.00>
ST_1 : Operation 527 [1/1] (0.00ns)   --->   "%p_ZZ5conv3PA255_A255_fPA32_A5_A5_fPfS1_E7in_tile_1_0_0_load_8_read = read i32 @_ssdm_op_Read.ap_auto.float, i32 %p_ZZ5conv3PA255_A255_fPA32_A5_A5_fPfS1_E7in_tile_1_0_0_load_8"   --->   Operation 527 'read' 'p_ZZ5conv3PA255_A255_fPA32_A5_A5_fPfS1_E7in_tile_1_0_0_load_8_read' <Predicate = true> <Delay = 0.00>
ST_1 : Operation 528 [1/1] (0.00ns)   --->   "%p_ZZ5conv3PA255_A255_fPA32_A5_A5_fPfS1_E7in_tile_1_4_0_load_8_read = read i32 @_ssdm_op_Read.ap_auto.float, i32 %p_ZZ5conv3PA255_A255_fPA32_A5_A5_fPfS1_E7in_tile_1_4_0_load_8"   --->   Operation 528 'read' 'p_ZZ5conv3PA255_A255_fPA32_A5_A5_fPfS1_E7in_tile_1_4_0_load_8_read' <Predicate = true> <Delay = 0.00>
ST_1 : Operation 529 [1/1] (0.00ns)   --->   "%p_ZZ5conv3PA255_A255_fPA32_A5_A5_fPfS1_E7in_tile_1_3_0_load_8_read = read i32 @_ssdm_op_Read.ap_auto.float, i32 %p_ZZ5conv3PA255_A255_fPA32_A5_A5_fPfS1_E7in_tile_1_3_0_load_8"   --->   Operation 529 'read' 'p_ZZ5conv3PA255_A255_fPA32_A5_A5_fPfS1_E7in_tile_1_3_0_load_8_read' <Predicate = true> <Delay = 0.00>
ST_1 : Operation 530 [1/1] (0.00ns)   --->   "%p_ZZ5conv3PA255_A255_fPA32_A5_A5_fPfS1_E7in_tile_0_2_0_load_8_read = read i32 @_ssdm_op_Read.ap_auto.float, i32 %p_ZZ5conv3PA255_A255_fPA32_A5_A5_fPfS1_E7in_tile_0_2_0_load_8"   --->   Operation 530 'read' 'p_ZZ5conv3PA255_A255_fPA32_A5_A5_fPfS1_E7in_tile_0_2_0_load_8_read' <Predicate = true> <Delay = 0.00>
ST_1 : Operation 531 [1/1] (0.00ns)   --->   "%p_ZZ5conv3PA255_A255_fPA32_A5_A5_fPfS1_E7in_tile_0_1_0_load_8_read = read i32 @_ssdm_op_Read.ap_auto.float, i32 %p_ZZ5conv3PA255_A255_fPA32_A5_A5_fPfS1_E7in_tile_0_1_0_load_8"   --->   Operation 531 'read' 'p_ZZ5conv3PA255_A255_fPA32_A5_A5_fPfS1_E7in_tile_0_1_0_load_8_read' <Predicate = true> <Delay = 0.00>
ST_1 : Operation 532 [1/1] (0.00ns)   --->   "%p_ZZ5conv3PA255_A255_fPA32_A5_A5_fPfS1_E7in_tile_0_0_0_load_8_read = read i32 @_ssdm_op_Read.ap_auto.float, i32 %p_ZZ5conv3PA255_A255_fPA32_A5_A5_fPfS1_E7in_tile_0_0_0_load_8"   --->   Operation 532 'read' 'p_ZZ5conv3PA255_A255_fPA32_A5_A5_fPfS1_E7in_tile_0_0_0_load_8_read' <Predicate = true> <Delay = 0.00>
ST_1 : Operation 533 [1/1] (0.00ns)   --->   "%p_ZZ5conv3PA255_A255_fPA32_A5_A5_fPfS1_E7in_tile_0_4_0_load_8_read = read i32 @_ssdm_op_Read.ap_auto.float, i32 %p_ZZ5conv3PA255_A255_fPA32_A5_A5_fPfS1_E7in_tile_0_4_0_load_8"   --->   Operation 533 'read' 'p_ZZ5conv3PA255_A255_fPA32_A5_A5_fPfS1_E7in_tile_0_4_0_load_8_read' <Predicate = true> <Delay = 0.00>
ST_1 : Operation 534 [1/1] (0.00ns)   --->   "%p_ZZ5conv3PA255_A255_fPA32_A5_A5_fPfS1_E7in_tile_0_3_0_load_8_read = read i32 @_ssdm_op_Read.ap_auto.float, i32 %p_ZZ5conv3PA255_A255_fPA32_A5_A5_fPfS1_E7in_tile_0_3_0_load_8"   --->   Operation 534 'read' 'p_ZZ5conv3PA255_A255_fPA32_A5_A5_fPfS1_E7in_tile_0_3_0_load_8_read' <Predicate = true> <Delay = 0.00>
ST_1 : Operation 535 [1/1] (0.00ns)   --->   "%p_ZZ5conv3PA255_A255_fPA32_A5_A5_fPfS1_E7in_tile_4_1_0_load_7_read = read i32 @_ssdm_op_Read.ap_auto.float, i32 %p_ZZ5conv3PA255_A255_fPA32_A5_A5_fPfS1_E7in_tile_4_1_0_load_7"   --->   Operation 535 'read' 'p_ZZ5conv3PA255_A255_fPA32_A5_A5_fPfS1_E7in_tile_4_1_0_load_7_read' <Predicate = true> <Delay = 0.00>
ST_1 : Operation 536 [1/1] (0.00ns)   --->   "%p_ZZ5conv3PA255_A255_fPA32_A5_A5_fPfS1_E7in_tile_4_0_0_load_7_read = read i32 @_ssdm_op_Read.ap_auto.float, i32 %p_ZZ5conv3PA255_A255_fPA32_A5_A5_fPfS1_E7in_tile_4_0_0_load_7"   --->   Operation 536 'read' 'p_ZZ5conv3PA255_A255_fPA32_A5_A5_fPfS1_E7in_tile_4_0_0_load_7_read' <Predicate = true> <Delay = 0.00>
ST_1 : Operation 537 [1/1] (0.00ns)   --->   "%p_ZZ5conv3PA255_A255_fPA32_A5_A5_fPfS1_E7in_tile_4_4_0_load_7_read = read i32 @_ssdm_op_Read.ap_auto.float, i32 %p_ZZ5conv3PA255_A255_fPA32_A5_A5_fPfS1_E7in_tile_4_4_0_load_7"   --->   Operation 537 'read' 'p_ZZ5conv3PA255_A255_fPA32_A5_A5_fPfS1_E7in_tile_4_4_0_load_7_read' <Predicate = true> <Delay = 0.00>
ST_1 : Operation 538 [1/1] (0.00ns)   --->   "%p_ZZ5conv3PA255_A255_fPA32_A5_A5_fPfS1_E7in_tile_4_3_0_load_7_read = read i32 @_ssdm_op_Read.ap_auto.float, i32 %p_ZZ5conv3PA255_A255_fPA32_A5_A5_fPfS1_E7in_tile_4_3_0_load_7"   --->   Operation 538 'read' 'p_ZZ5conv3PA255_A255_fPA32_A5_A5_fPfS1_E7in_tile_4_3_0_load_7_read' <Predicate = true> <Delay = 0.00>
ST_1 : Operation 539 [1/1] (0.00ns)   --->   "%p_ZZ5conv3PA255_A255_fPA32_A5_A5_fPfS1_E7in_tile_4_2_0_load_7_read = read i32 @_ssdm_op_Read.ap_auto.float, i32 %p_ZZ5conv3PA255_A255_fPA32_A5_A5_fPfS1_E7in_tile_4_2_0_load_7"   --->   Operation 539 'read' 'p_ZZ5conv3PA255_A255_fPA32_A5_A5_fPfS1_E7in_tile_4_2_0_load_7_read' <Predicate = true> <Delay = 0.00>
ST_1 : Operation 540 [1/1] (0.00ns)   --->   "%p_ZZ5conv3PA255_A255_fPA32_A5_A5_fPfS1_E7in_tile_3_1_0_load_7_read = read i32 @_ssdm_op_Read.ap_auto.float, i32 %p_ZZ5conv3PA255_A255_fPA32_A5_A5_fPfS1_E7in_tile_3_1_0_load_7"   --->   Operation 540 'read' 'p_ZZ5conv3PA255_A255_fPA32_A5_A5_fPfS1_E7in_tile_3_1_0_load_7_read' <Predicate = true> <Delay = 0.00>
ST_1 : Operation 541 [1/1] (0.00ns)   --->   "%p_ZZ5conv3PA255_A255_fPA32_A5_A5_fPfS1_E7in_tile_3_0_0_load_7_read = read i32 @_ssdm_op_Read.ap_auto.float, i32 %p_ZZ5conv3PA255_A255_fPA32_A5_A5_fPfS1_E7in_tile_3_0_0_load_7"   --->   Operation 541 'read' 'p_ZZ5conv3PA255_A255_fPA32_A5_A5_fPfS1_E7in_tile_3_0_0_load_7_read' <Predicate = true> <Delay = 0.00>
ST_1 : Operation 542 [1/1] (0.00ns)   --->   "%p_ZZ5conv3PA255_A255_fPA32_A5_A5_fPfS1_E7in_tile_3_4_0_load_7_read = read i32 @_ssdm_op_Read.ap_auto.float, i32 %p_ZZ5conv3PA255_A255_fPA32_A5_A5_fPfS1_E7in_tile_3_4_0_load_7"   --->   Operation 542 'read' 'p_ZZ5conv3PA255_A255_fPA32_A5_A5_fPfS1_E7in_tile_3_4_0_load_7_read' <Predicate = true> <Delay = 0.00>
ST_1 : Operation 543 [1/1] (0.00ns)   --->   "%p_ZZ5conv3PA255_A255_fPA32_A5_A5_fPfS1_E7in_tile_3_3_0_load_7_read = read i32 @_ssdm_op_Read.ap_auto.float, i32 %p_ZZ5conv3PA255_A255_fPA32_A5_A5_fPfS1_E7in_tile_3_3_0_load_7"   --->   Operation 543 'read' 'p_ZZ5conv3PA255_A255_fPA32_A5_A5_fPfS1_E7in_tile_3_3_0_load_7_read' <Predicate = true> <Delay = 0.00>
ST_1 : Operation 544 [1/1] (0.00ns)   --->   "%p_ZZ5conv3PA255_A255_fPA32_A5_A5_fPfS1_E7in_tile_3_2_0_load_7_read = read i32 @_ssdm_op_Read.ap_auto.float, i32 %p_ZZ5conv3PA255_A255_fPA32_A5_A5_fPfS1_E7in_tile_3_2_0_load_7"   --->   Operation 544 'read' 'p_ZZ5conv3PA255_A255_fPA32_A5_A5_fPfS1_E7in_tile_3_2_0_load_7_read' <Predicate = true> <Delay = 0.00>
ST_1 : Operation 545 [1/1] (0.00ns)   --->   "%p_ZZ5conv3PA255_A255_fPA32_A5_A5_fPfS1_E7in_tile_2_1_0_load_7_read = read i32 @_ssdm_op_Read.ap_auto.float, i32 %p_ZZ5conv3PA255_A255_fPA32_A5_A5_fPfS1_E7in_tile_2_1_0_load_7"   --->   Operation 545 'read' 'p_ZZ5conv3PA255_A255_fPA32_A5_A5_fPfS1_E7in_tile_2_1_0_load_7_read' <Predicate = true> <Delay = 0.00>
ST_1 : Operation 546 [1/1] (0.00ns)   --->   "%p_ZZ5conv3PA255_A255_fPA32_A5_A5_fPfS1_E7in_tile_2_0_0_load_7_read = read i32 @_ssdm_op_Read.ap_auto.float, i32 %p_ZZ5conv3PA255_A255_fPA32_A5_A5_fPfS1_E7in_tile_2_0_0_load_7"   --->   Operation 546 'read' 'p_ZZ5conv3PA255_A255_fPA32_A5_A5_fPfS1_E7in_tile_2_0_0_load_7_read' <Predicate = true> <Delay = 0.00>
ST_1 : Operation 547 [1/1] (0.00ns)   --->   "%p_ZZ5conv3PA255_A255_fPA32_A5_A5_fPfS1_E7in_tile_2_4_0_load_7_read = read i32 @_ssdm_op_Read.ap_auto.float, i32 %p_ZZ5conv3PA255_A255_fPA32_A5_A5_fPfS1_E7in_tile_2_4_0_load_7"   --->   Operation 547 'read' 'p_ZZ5conv3PA255_A255_fPA32_A5_A5_fPfS1_E7in_tile_2_4_0_load_7_read' <Predicate = true> <Delay = 0.00>
ST_1 : Operation 548 [1/1] (0.00ns)   --->   "%p_ZZ5conv3PA255_A255_fPA32_A5_A5_fPfS1_E7in_tile_2_3_0_load_7_read = read i32 @_ssdm_op_Read.ap_auto.float, i32 %p_ZZ5conv3PA255_A255_fPA32_A5_A5_fPfS1_E7in_tile_2_3_0_load_7"   --->   Operation 548 'read' 'p_ZZ5conv3PA255_A255_fPA32_A5_A5_fPfS1_E7in_tile_2_3_0_load_7_read' <Predicate = true> <Delay = 0.00>
ST_1 : Operation 549 [1/1] (0.00ns)   --->   "%p_ZZ5conv3PA255_A255_fPA32_A5_A5_fPfS1_E7in_tile_2_2_0_load_7_read = read i32 @_ssdm_op_Read.ap_auto.float, i32 %p_ZZ5conv3PA255_A255_fPA32_A5_A5_fPfS1_E7in_tile_2_2_0_load_7"   --->   Operation 549 'read' 'p_ZZ5conv3PA255_A255_fPA32_A5_A5_fPfS1_E7in_tile_2_2_0_load_7_read' <Predicate = true> <Delay = 0.00>
ST_1 : Operation 550 [1/1] (0.00ns)   --->   "%p_ZZ5conv3PA255_A255_fPA32_A5_A5_fPfS1_E7in_tile_1_1_0_load_7_read = read i32 @_ssdm_op_Read.ap_auto.float, i32 %p_ZZ5conv3PA255_A255_fPA32_A5_A5_fPfS1_E7in_tile_1_1_0_load_7"   --->   Operation 550 'read' 'p_ZZ5conv3PA255_A255_fPA32_A5_A5_fPfS1_E7in_tile_1_1_0_load_7_read' <Predicate = true> <Delay = 0.00>
ST_1 : Operation 551 [1/1] (0.00ns)   --->   "%p_ZZ5conv3PA255_A255_fPA32_A5_A5_fPfS1_E7in_tile_1_0_0_load_7_read = read i32 @_ssdm_op_Read.ap_auto.float, i32 %p_ZZ5conv3PA255_A255_fPA32_A5_A5_fPfS1_E7in_tile_1_0_0_load_7"   --->   Operation 551 'read' 'p_ZZ5conv3PA255_A255_fPA32_A5_A5_fPfS1_E7in_tile_1_0_0_load_7_read' <Predicate = true> <Delay = 0.00>
ST_1 : Operation 552 [1/1] (0.00ns)   --->   "%p_ZZ5conv3PA255_A255_fPA32_A5_A5_fPfS1_E7in_tile_1_4_0_load_7_read = read i32 @_ssdm_op_Read.ap_auto.float, i32 %p_ZZ5conv3PA255_A255_fPA32_A5_A5_fPfS1_E7in_tile_1_4_0_load_7"   --->   Operation 552 'read' 'p_ZZ5conv3PA255_A255_fPA32_A5_A5_fPfS1_E7in_tile_1_4_0_load_7_read' <Predicate = true> <Delay = 0.00>
ST_1 : Operation 553 [1/1] (0.00ns)   --->   "%p_ZZ5conv3PA255_A255_fPA32_A5_A5_fPfS1_E7in_tile_1_3_0_load_7_read = read i32 @_ssdm_op_Read.ap_auto.float, i32 %p_ZZ5conv3PA255_A255_fPA32_A5_A5_fPfS1_E7in_tile_1_3_0_load_7"   --->   Operation 553 'read' 'p_ZZ5conv3PA255_A255_fPA32_A5_A5_fPfS1_E7in_tile_1_3_0_load_7_read' <Predicate = true> <Delay = 0.00>
ST_1 : Operation 554 [1/1] (0.00ns)   --->   "%p_ZZ5conv3PA255_A255_fPA32_A5_A5_fPfS1_E7in_tile_1_2_0_load_7_read = read i32 @_ssdm_op_Read.ap_auto.float, i32 %p_ZZ5conv3PA255_A255_fPA32_A5_A5_fPfS1_E7in_tile_1_2_0_load_7"   --->   Operation 554 'read' 'p_ZZ5conv3PA255_A255_fPA32_A5_A5_fPfS1_E7in_tile_1_2_0_load_7_read' <Predicate = true> <Delay = 0.00>
ST_1 : Operation 555 [1/1] (0.00ns)   --->   "%p_ZZ5conv3PA255_A255_fPA32_A5_A5_fPfS1_E7in_tile_0_1_0_load_7_read = read i32 @_ssdm_op_Read.ap_auto.float, i32 %p_ZZ5conv3PA255_A255_fPA32_A5_A5_fPfS1_E7in_tile_0_1_0_load_7"   --->   Operation 555 'read' 'p_ZZ5conv3PA255_A255_fPA32_A5_A5_fPfS1_E7in_tile_0_1_0_load_7_read' <Predicate = true> <Delay = 0.00>
ST_1 : Operation 556 [1/1] (0.00ns)   --->   "%p_ZZ5conv3PA255_A255_fPA32_A5_A5_fPfS1_E7in_tile_0_0_0_load_7_read = read i32 @_ssdm_op_Read.ap_auto.float, i32 %p_ZZ5conv3PA255_A255_fPA32_A5_A5_fPfS1_E7in_tile_0_0_0_load_7"   --->   Operation 556 'read' 'p_ZZ5conv3PA255_A255_fPA32_A5_A5_fPfS1_E7in_tile_0_0_0_load_7_read' <Predicate = true> <Delay = 0.00>
ST_1 : Operation 557 [1/1] (0.00ns)   --->   "%p_ZZ5conv3PA255_A255_fPA32_A5_A5_fPfS1_E7in_tile_0_4_0_load_7_read = read i32 @_ssdm_op_Read.ap_auto.float, i32 %p_ZZ5conv3PA255_A255_fPA32_A5_A5_fPfS1_E7in_tile_0_4_0_load_7"   --->   Operation 557 'read' 'p_ZZ5conv3PA255_A255_fPA32_A5_A5_fPfS1_E7in_tile_0_4_0_load_7_read' <Predicate = true> <Delay = 0.00>
ST_1 : Operation 558 [1/1] (0.00ns)   --->   "%p_ZZ5conv3PA255_A255_fPA32_A5_A5_fPfS1_E7in_tile_0_3_0_load_7_read = read i32 @_ssdm_op_Read.ap_auto.float, i32 %p_ZZ5conv3PA255_A255_fPA32_A5_A5_fPfS1_E7in_tile_0_3_0_load_7"   --->   Operation 558 'read' 'p_ZZ5conv3PA255_A255_fPA32_A5_A5_fPfS1_E7in_tile_0_3_0_load_7_read' <Predicate = true> <Delay = 0.00>
ST_1 : Operation 559 [1/1] (0.00ns)   --->   "%p_ZZ5conv3PA255_A255_fPA32_A5_A5_fPfS1_E7in_tile_0_2_0_load_7_read = read i32 @_ssdm_op_Read.ap_auto.float, i32 %p_ZZ5conv3PA255_A255_fPA32_A5_A5_fPfS1_E7in_tile_0_2_0_load_7"   --->   Operation 559 'read' 'p_ZZ5conv3PA255_A255_fPA32_A5_A5_fPfS1_E7in_tile_0_2_0_load_7_read' <Predicate = true> <Delay = 0.00>
ST_1 : Operation 560 [1/1] (0.00ns)   --->   "%p_ZZ5conv3PA255_A255_fPA32_A5_A5_fPfS1_E7in_tile_4_0_0_load_6_read = read i32 @_ssdm_op_Read.ap_auto.float, i32 %p_ZZ5conv3PA255_A255_fPA32_A5_A5_fPfS1_E7in_tile_4_0_0_load_6"   --->   Operation 560 'read' 'p_ZZ5conv3PA255_A255_fPA32_A5_A5_fPfS1_E7in_tile_4_0_0_load_6_read' <Predicate = true> <Delay = 0.00>
ST_1 : Operation 561 [1/1] (0.00ns)   --->   "%p_ZZ5conv3PA255_A255_fPA32_A5_A5_fPfS1_E7in_tile_4_4_0_load_6_read = read i32 @_ssdm_op_Read.ap_auto.float, i32 %p_ZZ5conv3PA255_A255_fPA32_A5_A5_fPfS1_E7in_tile_4_4_0_load_6"   --->   Operation 561 'read' 'p_ZZ5conv3PA255_A255_fPA32_A5_A5_fPfS1_E7in_tile_4_4_0_load_6_read' <Predicate = true> <Delay = 0.00>
ST_1 : Operation 562 [1/1] (0.00ns)   --->   "%p_ZZ5conv3PA255_A255_fPA32_A5_A5_fPfS1_E7in_tile_4_3_0_load_6_read = read i32 @_ssdm_op_Read.ap_auto.float, i32 %p_ZZ5conv3PA255_A255_fPA32_A5_A5_fPfS1_E7in_tile_4_3_0_load_6"   --->   Operation 562 'read' 'p_ZZ5conv3PA255_A255_fPA32_A5_A5_fPfS1_E7in_tile_4_3_0_load_6_read' <Predicate = true> <Delay = 0.00>
ST_1 : Operation 563 [1/1] (0.00ns)   --->   "%p_ZZ5conv3PA255_A255_fPA32_A5_A5_fPfS1_E7in_tile_4_2_0_load_6_read = read i32 @_ssdm_op_Read.ap_auto.float, i32 %p_ZZ5conv3PA255_A255_fPA32_A5_A5_fPfS1_E7in_tile_4_2_0_load_6"   --->   Operation 563 'read' 'p_ZZ5conv3PA255_A255_fPA32_A5_A5_fPfS1_E7in_tile_4_2_0_load_6_read' <Predicate = true> <Delay = 0.00>
ST_1 : Operation 564 [1/1] (0.00ns)   --->   "%p_ZZ5conv3PA255_A255_fPA32_A5_A5_fPfS1_E7in_tile_4_1_0_load_6_read = read i32 @_ssdm_op_Read.ap_auto.float, i32 %p_ZZ5conv3PA255_A255_fPA32_A5_A5_fPfS1_E7in_tile_4_1_0_load_6"   --->   Operation 564 'read' 'p_ZZ5conv3PA255_A255_fPA32_A5_A5_fPfS1_E7in_tile_4_1_0_load_6_read' <Predicate = true> <Delay = 0.00>
ST_1 : Operation 565 [1/1] (0.00ns)   --->   "%p_ZZ5conv3PA255_A255_fPA32_A5_A5_fPfS1_E7in_tile_3_0_0_load_6_read = read i32 @_ssdm_op_Read.ap_auto.float, i32 %p_ZZ5conv3PA255_A255_fPA32_A5_A5_fPfS1_E7in_tile_3_0_0_load_6"   --->   Operation 565 'read' 'p_ZZ5conv3PA255_A255_fPA32_A5_A5_fPfS1_E7in_tile_3_0_0_load_6_read' <Predicate = true> <Delay = 0.00>
ST_1 : Operation 566 [1/1] (0.00ns)   --->   "%p_ZZ5conv3PA255_A255_fPA32_A5_A5_fPfS1_E7in_tile_3_4_0_load_6_read = read i32 @_ssdm_op_Read.ap_auto.float, i32 %p_ZZ5conv3PA255_A255_fPA32_A5_A5_fPfS1_E7in_tile_3_4_0_load_6"   --->   Operation 566 'read' 'p_ZZ5conv3PA255_A255_fPA32_A5_A5_fPfS1_E7in_tile_3_4_0_load_6_read' <Predicate = true> <Delay = 0.00>
ST_1 : Operation 567 [1/1] (0.00ns)   --->   "%p_ZZ5conv3PA255_A255_fPA32_A5_A5_fPfS1_E7in_tile_3_3_0_load_6_read = read i32 @_ssdm_op_Read.ap_auto.float, i32 %p_ZZ5conv3PA255_A255_fPA32_A5_A5_fPfS1_E7in_tile_3_3_0_load_6"   --->   Operation 567 'read' 'p_ZZ5conv3PA255_A255_fPA32_A5_A5_fPfS1_E7in_tile_3_3_0_load_6_read' <Predicate = true> <Delay = 0.00>
ST_1 : Operation 568 [1/1] (0.00ns)   --->   "%p_ZZ5conv3PA255_A255_fPA32_A5_A5_fPfS1_E7in_tile_3_2_0_load_6_read = read i32 @_ssdm_op_Read.ap_auto.float, i32 %p_ZZ5conv3PA255_A255_fPA32_A5_A5_fPfS1_E7in_tile_3_2_0_load_6"   --->   Operation 568 'read' 'p_ZZ5conv3PA255_A255_fPA32_A5_A5_fPfS1_E7in_tile_3_2_0_load_6_read' <Predicate = true> <Delay = 0.00>
ST_1 : Operation 569 [1/1] (0.00ns)   --->   "%p_ZZ5conv3PA255_A255_fPA32_A5_A5_fPfS1_E7in_tile_3_1_0_load_6_read = read i32 @_ssdm_op_Read.ap_auto.float, i32 %p_ZZ5conv3PA255_A255_fPA32_A5_A5_fPfS1_E7in_tile_3_1_0_load_6"   --->   Operation 569 'read' 'p_ZZ5conv3PA255_A255_fPA32_A5_A5_fPfS1_E7in_tile_3_1_0_load_6_read' <Predicate = true> <Delay = 0.00>
ST_1 : Operation 570 [1/1] (0.00ns)   --->   "%p_ZZ5conv3PA255_A255_fPA32_A5_A5_fPfS1_E7in_tile_2_0_0_load_6_read = read i32 @_ssdm_op_Read.ap_auto.float, i32 %p_ZZ5conv3PA255_A255_fPA32_A5_A5_fPfS1_E7in_tile_2_0_0_load_6"   --->   Operation 570 'read' 'p_ZZ5conv3PA255_A255_fPA32_A5_A5_fPfS1_E7in_tile_2_0_0_load_6_read' <Predicate = true> <Delay = 0.00>
ST_1 : Operation 571 [1/1] (0.00ns)   --->   "%p_ZZ5conv3PA255_A255_fPA32_A5_A5_fPfS1_E7in_tile_2_4_0_load_6_read = read i32 @_ssdm_op_Read.ap_auto.float, i32 %p_ZZ5conv3PA255_A255_fPA32_A5_A5_fPfS1_E7in_tile_2_4_0_load_6"   --->   Operation 571 'read' 'p_ZZ5conv3PA255_A255_fPA32_A5_A5_fPfS1_E7in_tile_2_4_0_load_6_read' <Predicate = true> <Delay = 0.00>
ST_1 : Operation 572 [1/1] (0.00ns)   --->   "%p_ZZ5conv3PA255_A255_fPA32_A5_A5_fPfS1_E7in_tile_2_3_0_load_6_read = read i32 @_ssdm_op_Read.ap_auto.float, i32 %p_ZZ5conv3PA255_A255_fPA32_A5_A5_fPfS1_E7in_tile_2_3_0_load_6"   --->   Operation 572 'read' 'p_ZZ5conv3PA255_A255_fPA32_A5_A5_fPfS1_E7in_tile_2_3_0_load_6_read' <Predicate = true> <Delay = 0.00>
ST_1 : Operation 573 [1/1] (0.00ns)   --->   "%p_ZZ5conv3PA255_A255_fPA32_A5_A5_fPfS1_E7in_tile_2_2_0_load_6_read = read i32 @_ssdm_op_Read.ap_auto.float, i32 %p_ZZ5conv3PA255_A255_fPA32_A5_A5_fPfS1_E7in_tile_2_2_0_load_6"   --->   Operation 573 'read' 'p_ZZ5conv3PA255_A255_fPA32_A5_A5_fPfS1_E7in_tile_2_2_0_load_6_read' <Predicate = true> <Delay = 0.00>
ST_1 : Operation 574 [1/1] (0.00ns)   --->   "%p_ZZ5conv3PA255_A255_fPA32_A5_A5_fPfS1_E7in_tile_2_1_0_load_6_read = read i32 @_ssdm_op_Read.ap_auto.float, i32 %p_ZZ5conv3PA255_A255_fPA32_A5_A5_fPfS1_E7in_tile_2_1_0_load_6"   --->   Operation 574 'read' 'p_ZZ5conv3PA255_A255_fPA32_A5_A5_fPfS1_E7in_tile_2_1_0_load_6_read' <Predicate = true> <Delay = 0.00>
ST_1 : Operation 575 [1/1] (0.00ns)   --->   "%p_ZZ5conv3PA255_A255_fPA32_A5_A5_fPfS1_E7in_tile_1_0_0_load_6_read = read i32 @_ssdm_op_Read.ap_auto.float, i32 %p_ZZ5conv3PA255_A255_fPA32_A5_A5_fPfS1_E7in_tile_1_0_0_load_6"   --->   Operation 575 'read' 'p_ZZ5conv3PA255_A255_fPA32_A5_A5_fPfS1_E7in_tile_1_0_0_load_6_read' <Predicate = true> <Delay = 0.00>
ST_1 : Operation 576 [1/1] (0.00ns)   --->   "%p_ZZ5conv3PA255_A255_fPA32_A5_A5_fPfS1_E7in_tile_1_4_0_load_6_read = read i32 @_ssdm_op_Read.ap_auto.float, i32 %p_ZZ5conv3PA255_A255_fPA32_A5_A5_fPfS1_E7in_tile_1_4_0_load_6"   --->   Operation 576 'read' 'p_ZZ5conv3PA255_A255_fPA32_A5_A5_fPfS1_E7in_tile_1_4_0_load_6_read' <Predicate = true> <Delay = 0.00>
ST_1 : Operation 577 [1/1] (0.00ns)   --->   "%p_ZZ5conv3PA255_A255_fPA32_A5_A5_fPfS1_E7in_tile_1_3_0_load_6_read = read i32 @_ssdm_op_Read.ap_auto.float, i32 %p_ZZ5conv3PA255_A255_fPA32_A5_A5_fPfS1_E7in_tile_1_3_0_load_6"   --->   Operation 577 'read' 'p_ZZ5conv3PA255_A255_fPA32_A5_A5_fPfS1_E7in_tile_1_3_0_load_6_read' <Predicate = true> <Delay = 0.00>
ST_1 : Operation 578 [1/1] (0.00ns)   --->   "%p_ZZ5conv3PA255_A255_fPA32_A5_A5_fPfS1_E7in_tile_1_2_0_load_6_read = read i32 @_ssdm_op_Read.ap_auto.float, i32 %p_ZZ5conv3PA255_A255_fPA32_A5_A5_fPfS1_E7in_tile_1_2_0_load_6"   --->   Operation 578 'read' 'p_ZZ5conv3PA255_A255_fPA32_A5_A5_fPfS1_E7in_tile_1_2_0_load_6_read' <Predicate = true> <Delay = 0.00>
ST_1 : Operation 579 [1/1] (0.00ns)   --->   "%p_ZZ5conv3PA255_A255_fPA32_A5_A5_fPfS1_E7in_tile_1_1_0_load_6_read = read i32 @_ssdm_op_Read.ap_auto.float, i32 %p_ZZ5conv3PA255_A255_fPA32_A5_A5_fPfS1_E7in_tile_1_1_0_load_6"   --->   Operation 579 'read' 'p_ZZ5conv3PA255_A255_fPA32_A5_A5_fPfS1_E7in_tile_1_1_0_load_6_read' <Predicate = true> <Delay = 0.00>
ST_1 : Operation 580 [1/1] (0.00ns)   --->   "%p_ZZ5conv3PA255_A255_fPA32_A5_A5_fPfS1_E7in_tile_0_0_0_load_6_read = read i32 @_ssdm_op_Read.ap_auto.float, i32 %p_ZZ5conv3PA255_A255_fPA32_A5_A5_fPfS1_E7in_tile_0_0_0_load_6"   --->   Operation 580 'read' 'p_ZZ5conv3PA255_A255_fPA32_A5_A5_fPfS1_E7in_tile_0_0_0_load_6_read' <Predicate = true> <Delay = 0.00>
ST_1 : Operation 581 [1/1] (0.00ns)   --->   "%p_ZZ5conv3PA255_A255_fPA32_A5_A5_fPfS1_E7in_tile_0_4_0_load_6_read = read i32 @_ssdm_op_Read.ap_auto.float, i32 %p_ZZ5conv3PA255_A255_fPA32_A5_A5_fPfS1_E7in_tile_0_4_0_load_6"   --->   Operation 581 'read' 'p_ZZ5conv3PA255_A255_fPA32_A5_A5_fPfS1_E7in_tile_0_4_0_load_6_read' <Predicate = true> <Delay = 0.00>
ST_1 : Operation 582 [1/1] (0.00ns)   --->   "%p_ZZ5conv3PA255_A255_fPA32_A5_A5_fPfS1_E7in_tile_0_3_0_load_6_read = read i32 @_ssdm_op_Read.ap_auto.float, i32 %p_ZZ5conv3PA255_A255_fPA32_A5_A5_fPfS1_E7in_tile_0_3_0_load_6"   --->   Operation 582 'read' 'p_ZZ5conv3PA255_A255_fPA32_A5_A5_fPfS1_E7in_tile_0_3_0_load_6_read' <Predicate = true> <Delay = 0.00>
ST_1 : Operation 583 [1/1] (0.00ns)   --->   "%p_ZZ5conv3PA255_A255_fPA32_A5_A5_fPfS1_E7in_tile_0_2_0_load_6_read = read i32 @_ssdm_op_Read.ap_auto.float, i32 %p_ZZ5conv3PA255_A255_fPA32_A5_A5_fPfS1_E7in_tile_0_2_0_load_6"   --->   Operation 583 'read' 'p_ZZ5conv3PA255_A255_fPA32_A5_A5_fPfS1_E7in_tile_0_2_0_load_6_read' <Predicate = true> <Delay = 0.00>
ST_1 : Operation 584 [1/1] (0.00ns)   --->   "%p_ZZ5conv3PA255_A255_fPA32_A5_A5_fPfS1_E7in_tile_0_1_0_load_6_read = read i32 @_ssdm_op_Read.ap_auto.float, i32 %p_ZZ5conv3PA255_A255_fPA32_A5_A5_fPfS1_E7in_tile_0_1_0_load_6"   --->   Operation 584 'read' 'p_ZZ5conv3PA255_A255_fPA32_A5_A5_fPfS1_E7in_tile_0_1_0_load_6_read' <Predicate = true> <Delay = 0.00>
ST_1 : Operation 585 [1/1] (0.00ns)   --->   "%p_ZZ5conv3PA255_A255_fPA32_A5_A5_fPfS1_E7in_tile_4_4_0_load_5_read = read i32 @_ssdm_op_Read.ap_auto.float, i32 %p_ZZ5conv3PA255_A255_fPA32_A5_A5_fPfS1_E7in_tile_4_4_0_load_5"   --->   Operation 585 'read' 'p_ZZ5conv3PA255_A255_fPA32_A5_A5_fPfS1_E7in_tile_4_4_0_load_5_read' <Predicate = true> <Delay = 0.00>
ST_1 : Operation 586 [1/1] (0.00ns)   --->   "%p_ZZ5conv3PA255_A255_fPA32_A5_A5_fPfS1_E7in_tile_4_3_0_load_5_read = read i32 @_ssdm_op_Read.ap_auto.float, i32 %p_ZZ5conv3PA255_A255_fPA32_A5_A5_fPfS1_E7in_tile_4_3_0_load_5"   --->   Operation 586 'read' 'p_ZZ5conv3PA255_A255_fPA32_A5_A5_fPfS1_E7in_tile_4_3_0_load_5_read' <Predicate = true> <Delay = 0.00>
ST_1 : Operation 587 [1/1] (0.00ns)   --->   "%p_ZZ5conv3PA255_A255_fPA32_A5_A5_fPfS1_E7in_tile_4_2_0_load_5_read = read i32 @_ssdm_op_Read.ap_auto.float, i32 %p_ZZ5conv3PA255_A255_fPA32_A5_A5_fPfS1_E7in_tile_4_2_0_load_5"   --->   Operation 587 'read' 'p_ZZ5conv3PA255_A255_fPA32_A5_A5_fPfS1_E7in_tile_4_2_0_load_5_read' <Predicate = true> <Delay = 0.00>
ST_1 : Operation 588 [1/1] (0.00ns)   --->   "%p_ZZ5conv3PA255_A255_fPA32_A5_A5_fPfS1_E7in_tile_4_1_0_load_5_read = read i32 @_ssdm_op_Read.ap_auto.float, i32 %p_ZZ5conv3PA255_A255_fPA32_A5_A5_fPfS1_E7in_tile_4_1_0_load_5"   --->   Operation 588 'read' 'p_ZZ5conv3PA255_A255_fPA32_A5_A5_fPfS1_E7in_tile_4_1_0_load_5_read' <Predicate = true> <Delay = 0.00>
ST_1 : Operation 589 [1/1] (0.00ns)   --->   "%p_ZZ5conv3PA255_A255_fPA32_A5_A5_fPfS1_E7in_tile_4_0_0_load_5_read = read i32 @_ssdm_op_Read.ap_auto.float, i32 %p_ZZ5conv3PA255_A255_fPA32_A5_A5_fPfS1_E7in_tile_4_0_0_load_5"   --->   Operation 589 'read' 'p_ZZ5conv3PA255_A255_fPA32_A5_A5_fPfS1_E7in_tile_4_0_0_load_5_read' <Predicate = true> <Delay = 0.00>
ST_1 : Operation 590 [1/1] (0.00ns)   --->   "%p_ZZ5conv3PA255_A255_fPA32_A5_A5_fPfS1_E7in_tile_3_4_0_load_5_read = read i32 @_ssdm_op_Read.ap_auto.float, i32 %p_ZZ5conv3PA255_A255_fPA32_A5_A5_fPfS1_E7in_tile_3_4_0_load_5"   --->   Operation 590 'read' 'p_ZZ5conv3PA255_A255_fPA32_A5_A5_fPfS1_E7in_tile_3_4_0_load_5_read' <Predicate = true> <Delay = 0.00>
ST_1 : Operation 591 [1/1] (0.00ns)   --->   "%p_ZZ5conv3PA255_A255_fPA32_A5_A5_fPfS1_E7in_tile_3_3_0_load_5_read = read i32 @_ssdm_op_Read.ap_auto.float, i32 %p_ZZ5conv3PA255_A255_fPA32_A5_A5_fPfS1_E7in_tile_3_3_0_load_5"   --->   Operation 591 'read' 'p_ZZ5conv3PA255_A255_fPA32_A5_A5_fPfS1_E7in_tile_3_3_0_load_5_read' <Predicate = true> <Delay = 0.00>
ST_1 : Operation 592 [1/1] (0.00ns)   --->   "%p_ZZ5conv3PA255_A255_fPA32_A5_A5_fPfS1_E7in_tile_3_2_0_load_5_read = read i32 @_ssdm_op_Read.ap_auto.float, i32 %p_ZZ5conv3PA255_A255_fPA32_A5_A5_fPfS1_E7in_tile_3_2_0_load_5"   --->   Operation 592 'read' 'p_ZZ5conv3PA255_A255_fPA32_A5_A5_fPfS1_E7in_tile_3_2_0_load_5_read' <Predicate = true> <Delay = 0.00>
ST_1 : Operation 593 [1/1] (0.00ns)   --->   "%p_ZZ5conv3PA255_A255_fPA32_A5_A5_fPfS1_E7in_tile_3_1_0_load_5_read = read i32 @_ssdm_op_Read.ap_auto.float, i32 %p_ZZ5conv3PA255_A255_fPA32_A5_A5_fPfS1_E7in_tile_3_1_0_load_5"   --->   Operation 593 'read' 'p_ZZ5conv3PA255_A255_fPA32_A5_A5_fPfS1_E7in_tile_3_1_0_load_5_read' <Predicate = true> <Delay = 0.00>
ST_1 : Operation 594 [1/1] (0.00ns)   --->   "%p_ZZ5conv3PA255_A255_fPA32_A5_A5_fPfS1_E7in_tile_3_0_0_load_5_read = read i32 @_ssdm_op_Read.ap_auto.float, i32 %p_ZZ5conv3PA255_A255_fPA32_A5_A5_fPfS1_E7in_tile_3_0_0_load_5"   --->   Operation 594 'read' 'p_ZZ5conv3PA255_A255_fPA32_A5_A5_fPfS1_E7in_tile_3_0_0_load_5_read' <Predicate = true> <Delay = 0.00>
ST_1 : Operation 595 [1/1] (0.00ns)   --->   "%p_ZZ5conv3PA255_A255_fPA32_A5_A5_fPfS1_E7in_tile_2_4_0_load_5_read = read i32 @_ssdm_op_Read.ap_auto.float, i32 %p_ZZ5conv3PA255_A255_fPA32_A5_A5_fPfS1_E7in_tile_2_4_0_load_5"   --->   Operation 595 'read' 'p_ZZ5conv3PA255_A255_fPA32_A5_A5_fPfS1_E7in_tile_2_4_0_load_5_read' <Predicate = true> <Delay = 0.00>
ST_1 : Operation 596 [1/1] (0.00ns)   --->   "%p_ZZ5conv3PA255_A255_fPA32_A5_A5_fPfS1_E7in_tile_2_3_0_load_5_read = read i32 @_ssdm_op_Read.ap_auto.float, i32 %p_ZZ5conv3PA255_A255_fPA32_A5_A5_fPfS1_E7in_tile_2_3_0_load_5"   --->   Operation 596 'read' 'p_ZZ5conv3PA255_A255_fPA32_A5_A5_fPfS1_E7in_tile_2_3_0_load_5_read' <Predicate = true> <Delay = 0.00>
ST_1 : Operation 597 [1/1] (0.00ns)   --->   "%p_ZZ5conv3PA255_A255_fPA32_A5_A5_fPfS1_E7in_tile_2_2_0_load_5_read = read i32 @_ssdm_op_Read.ap_auto.float, i32 %p_ZZ5conv3PA255_A255_fPA32_A5_A5_fPfS1_E7in_tile_2_2_0_load_5"   --->   Operation 597 'read' 'p_ZZ5conv3PA255_A255_fPA32_A5_A5_fPfS1_E7in_tile_2_2_0_load_5_read' <Predicate = true> <Delay = 0.00>
ST_1 : Operation 598 [1/1] (0.00ns)   --->   "%p_ZZ5conv3PA255_A255_fPA32_A5_A5_fPfS1_E7in_tile_2_1_0_load_5_read = read i32 @_ssdm_op_Read.ap_auto.float, i32 %p_ZZ5conv3PA255_A255_fPA32_A5_A5_fPfS1_E7in_tile_2_1_0_load_5"   --->   Operation 598 'read' 'p_ZZ5conv3PA255_A255_fPA32_A5_A5_fPfS1_E7in_tile_2_1_0_load_5_read' <Predicate = true> <Delay = 0.00>
ST_1 : Operation 599 [1/1] (0.00ns)   --->   "%p_ZZ5conv3PA255_A255_fPA32_A5_A5_fPfS1_E7in_tile_2_0_0_load_5_read = read i32 @_ssdm_op_Read.ap_auto.float, i32 %p_ZZ5conv3PA255_A255_fPA32_A5_A5_fPfS1_E7in_tile_2_0_0_load_5"   --->   Operation 599 'read' 'p_ZZ5conv3PA255_A255_fPA32_A5_A5_fPfS1_E7in_tile_2_0_0_load_5_read' <Predicate = true> <Delay = 0.00>
ST_1 : Operation 600 [1/1] (0.00ns)   --->   "%p_ZZ5conv3PA255_A255_fPA32_A5_A5_fPfS1_E7in_tile_1_4_0_load_5_read = read i32 @_ssdm_op_Read.ap_auto.float, i32 %p_ZZ5conv3PA255_A255_fPA32_A5_A5_fPfS1_E7in_tile_1_4_0_load_5"   --->   Operation 600 'read' 'p_ZZ5conv3PA255_A255_fPA32_A5_A5_fPfS1_E7in_tile_1_4_0_load_5_read' <Predicate = true> <Delay = 0.00>
ST_1 : Operation 601 [1/1] (0.00ns)   --->   "%p_ZZ5conv3PA255_A255_fPA32_A5_A5_fPfS1_E7in_tile_1_3_0_load_5_read = read i32 @_ssdm_op_Read.ap_auto.float, i32 %p_ZZ5conv3PA255_A255_fPA32_A5_A5_fPfS1_E7in_tile_1_3_0_load_5"   --->   Operation 601 'read' 'p_ZZ5conv3PA255_A255_fPA32_A5_A5_fPfS1_E7in_tile_1_3_0_load_5_read' <Predicate = true> <Delay = 0.00>
ST_1 : Operation 602 [1/1] (0.00ns)   --->   "%p_ZZ5conv3PA255_A255_fPA32_A5_A5_fPfS1_E7in_tile_1_2_0_load_5_read = read i32 @_ssdm_op_Read.ap_auto.float, i32 %p_ZZ5conv3PA255_A255_fPA32_A5_A5_fPfS1_E7in_tile_1_2_0_load_5"   --->   Operation 602 'read' 'p_ZZ5conv3PA255_A255_fPA32_A5_A5_fPfS1_E7in_tile_1_2_0_load_5_read' <Predicate = true> <Delay = 0.00>
ST_1 : Operation 603 [1/1] (0.00ns)   --->   "%p_ZZ5conv3PA255_A255_fPA32_A5_A5_fPfS1_E7in_tile_1_1_0_load_5_read = read i32 @_ssdm_op_Read.ap_auto.float, i32 %p_ZZ5conv3PA255_A255_fPA32_A5_A5_fPfS1_E7in_tile_1_1_0_load_5"   --->   Operation 603 'read' 'p_ZZ5conv3PA255_A255_fPA32_A5_A5_fPfS1_E7in_tile_1_1_0_load_5_read' <Predicate = true> <Delay = 0.00>
ST_1 : Operation 604 [1/1] (0.00ns)   --->   "%p_ZZ5conv3PA255_A255_fPA32_A5_A5_fPfS1_E7in_tile_1_0_0_load_5_read = read i32 @_ssdm_op_Read.ap_auto.float, i32 %p_ZZ5conv3PA255_A255_fPA32_A5_A5_fPfS1_E7in_tile_1_0_0_load_5"   --->   Operation 604 'read' 'p_ZZ5conv3PA255_A255_fPA32_A5_A5_fPfS1_E7in_tile_1_0_0_load_5_read' <Predicate = true> <Delay = 0.00>
ST_1 : Operation 605 [1/1] (0.00ns)   --->   "%p_ZZ5conv3PA255_A255_fPA32_A5_A5_fPfS1_E7in_tile_0_4_0_load_5_read = read i32 @_ssdm_op_Read.ap_auto.float, i32 %p_ZZ5conv3PA255_A255_fPA32_A5_A5_fPfS1_E7in_tile_0_4_0_load_5"   --->   Operation 605 'read' 'p_ZZ5conv3PA255_A255_fPA32_A5_A5_fPfS1_E7in_tile_0_4_0_load_5_read' <Predicate = true> <Delay = 0.00>
ST_1 : Operation 606 [1/1] (0.00ns)   --->   "%p_ZZ5conv3PA255_A255_fPA32_A5_A5_fPfS1_E7in_tile_0_3_0_load_5_read = read i32 @_ssdm_op_Read.ap_auto.float, i32 %p_ZZ5conv3PA255_A255_fPA32_A5_A5_fPfS1_E7in_tile_0_3_0_load_5"   --->   Operation 606 'read' 'p_ZZ5conv3PA255_A255_fPA32_A5_A5_fPfS1_E7in_tile_0_3_0_load_5_read' <Predicate = true> <Delay = 0.00>
ST_1 : Operation 607 [1/1] (0.00ns)   --->   "%p_ZZ5conv3PA255_A255_fPA32_A5_A5_fPfS1_E7in_tile_0_2_0_load_5_read = read i32 @_ssdm_op_Read.ap_auto.float, i32 %p_ZZ5conv3PA255_A255_fPA32_A5_A5_fPfS1_E7in_tile_0_2_0_load_5"   --->   Operation 607 'read' 'p_ZZ5conv3PA255_A255_fPA32_A5_A5_fPfS1_E7in_tile_0_2_0_load_5_read' <Predicate = true> <Delay = 0.00>
ST_1 : Operation 608 [1/1] (0.00ns)   --->   "%p_ZZ5conv3PA255_A255_fPA32_A5_A5_fPfS1_E7in_tile_0_1_0_load_5_read = read i32 @_ssdm_op_Read.ap_auto.float, i32 %p_ZZ5conv3PA255_A255_fPA32_A5_A5_fPfS1_E7in_tile_0_1_0_load_5"   --->   Operation 608 'read' 'p_ZZ5conv3PA255_A255_fPA32_A5_A5_fPfS1_E7in_tile_0_1_0_load_5_read' <Predicate = true> <Delay = 0.00>
ST_1 : Operation 609 [1/1] (0.00ns)   --->   "%p_ZZ5conv3PA255_A255_fPA32_A5_A5_fPfS1_E7in_tile_0_0_0_load_5_read = read i32 @_ssdm_op_Read.ap_auto.float, i32 %p_ZZ5conv3PA255_A255_fPA32_A5_A5_fPfS1_E7in_tile_0_0_0_load_5"   --->   Operation 609 'read' 'p_ZZ5conv3PA255_A255_fPA32_A5_A5_fPfS1_E7in_tile_0_0_0_load_5_read' <Predicate = true> <Delay = 0.00>
ST_1 : Operation 610 [1/1] (0.00ns)   --->   "%p_ZZ5conv3PA255_A255_fPA32_A5_A5_fPfS1_E7in_tile_4_3_0_load_4_read = read i32 @_ssdm_op_Read.ap_auto.float, i32 %p_ZZ5conv3PA255_A255_fPA32_A5_A5_fPfS1_E7in_tile_4_3_0_load_4"   --->   Operation 610 'read' 'p_ZZ5conv3PA255_A255_fPA32_A5_A5_fPfS1_E7in_tile_4_3_0_load_4_read' <Predicate = true> <Delay = 0.00>
ST_1 : Operation 611 [1/1] (0.00ns)   --->   "%p_ZZ5conv3PA255_A255_fPA32_A5_A5_fPfS1_E7in_tile_4_2_0_load_4_read = read i32 @_ssdm_op_Read.ap_auto.float, i32 %p_ZZ5conv3PA255_A255_fPA32_A5_A5_fPfS1_E7in_tile_4_2_0_load_4"   --->   Operation 611 'read' 'p_ZZ5conv3PA255_A255_fPA32_A5_A5_fPfS1_E7in_tile_4_2_0_load_4_read' <Predicate = true> <Delay = 0.00>
ST_1 : Operation 612 [1/1] (0.00ns)   --->   "%p_ZZ5conv3PA255_A255_fPA32_A5_A5_fPfS1_E7in_tile_4_1_0_load_4_read = read i32 @_ssdm_op_Read.ap_auto.float, i32 %p_ZZ5conv3PA255_A255_fPA32_A5_A5_fPfS1_E7in_tile_4_1_0_load_4"   --->   Operation 612 'read' 'p_ZZ5conv3PA255_A255_fPA32_A5_A5_fPfS1_E7in_tile_4_1_0_load_4_read' <Predicate = true> <Delay = 0.00>
ST_1 : Operation 613 [1/1] (0.00ns)   --->   "%p_ZZ5conv3PA255_A255_fPA32_A5_A5_fPfS1_E7in_tile_4_0_0_load_4_read = read i32 @_ssdm_op_Read.ap_auto.float, i32 %p_ZZ5conv3PA255_A255_fPA32_A5_A5_fPfS1_E7in_tile_4_0_0_load_4"   --->   Operation 613 'read' 'p_ZZ5conv3PA255_A255_fPA32_A5_A5_fPfS1_E7in_tile_4_0_0_load_4_read' <Predicate = true> <Delay = 0.00>
ST_1 : Operation 614 [1/1] (0.00ns)   --->   "%p_ZZ5conv3PA255_A255_fPA32_A5_A5_fPfS1_E7in_tile_4_4_0_load_4_read = read i32 @_ssdm_op_Read.ap_auto.float, i32 %p_ZZ5conv3PA255_A255_fPA32_A5_A5_fPfS1_E7in_tile_4_4_0_load_4"   --->   Operation 614 'read' 'p_ZZ5conv3PA255_A255_fPA32_A5_A5_fPfS1_E7in_tile_4_4_0_load_4_read' <Predicate = true> <Delay = 0.00>
ST_1 : Operation 615 [1/1] (0.00ns)   --->   "%p_ZZ5conv3PA255_A255_fPA32_A5_A5_fPfS1_E7in_tile_3_3_0_load_4_read = read i32 @_ssdm_op_Read.ap_auto.float, i32 %p_ZZ5conv3PA255_A255_fPA32_A5_A5_fPfS1_E7in_tile_3_3_0_load_4"   --->   Operation 615 'read' 'p_ZZ5conv3PA255_A255_fPA32_A5_A5_fPfS1_E7in_tile_3_3_0_load_4_read' <Predicate = true> <Delay = 0.00>
ST_1 : Operation 616 [1/1] (0.00ns)   --->   "%p_ZZ5conv3PA255_A255_fPA32_A5_A5_fPfS1_E7in_tile_3_2_0_load_4_read = read i32 @_ssdm_op_Read.ap_auto.float, i32 %p_ZZ5conv3PA255_A255_fPA32_A5_A5_fPfS1_E7in_tile_3_2_0_load_4"   --->   Operation 616 'read' 'p_ZZ5conv3PA255_A255_fPA32_A5_A5_fPfS1_E7in_tile_3_2_0_load_4_read' <Predicate = true> <Delay = 0.00>
ST_1 : Operation 617 [1/1] (0.00ns)   --->   "%p_ZZ5conv3PA255_A255_fPA32_A5_A5_fPfS1_E7in_tile_3_1_0_load_4_read = read i32 @_ssdm_op_Read.ap_auto.float, i32 %p_ZZ5conv3PA255_A255_fPA32_A5_A5_fPfS1_E7in_tile_3_1_0_load_4"   --->   Operation 617 'read' 'p_ZZ5conv3PA255_A255_fPA32_A5_A5_fPfS1_E7in_tile_3_1_0_load_4_read' <Predicate = true> <Delay = 0.00>
ST_1 : Operation 618 [1/1] (0.00ns)   --->   "%p_ZZ5conv3PA255_A255_fPA32_A5_A5_fPfS1_E7in_tile_3_0_0_load_4_read = read i32 @_ssdm_op_Read.ap_auto.float, i32 %p_ZZ5conv3PA255_A255_fPA32_A5_A5_fPfS1_E7in_tile_3_0_0_load_4"   --->   Operation 618 'read' 'p_ZZ5conv3PA255_A255_fPA32_A5_A5_fPfS1_E7in_tile_3_0_0_load_4_read' <Predicate = true> <Delay = 0.00>
ST_1 : Operation 619 [1/1] (0.00ns)   --->   "%p_ZZ5conv3PA255_A255_fPA32_A5_A5_fPfS1_E7in_tile_3_4_0_load_4_read = read i32 @_ssdm_op_Read.ap_auto.float, i32 %p_ZZ5conv3PA255_A255_fPA32_A5_A5_fPfS1_E7in_tile_3_4_0_load_4"   --->   Operation 619 'read' 'p_ZZ5conv3PA255_A255_fPA32_A5_A5_fPfS1_E7in_tile_3_4_0_load_4_read' <Predicate = true> <Delay = 0.00>
ST_1 : Operation 620 [1/1] (0.00ns)   --->   "%p_ZZ5conv3PA255_A255_fPA32_A5_A5_fPfS1_E7in_tile_2_3_0_load_4_read = read i32 @_ssdm_op_Read.ap_auto.float, i32 %p_ZZ5conv3PA255_A255_fPA32_A5_A5_fPfS1_E7in_tile_2_3_0_load_4"   --->   Operation 620 'read' 'p_ZZ5conv3PA255_A255_fPA32_A5_A5_fPfS1_E7in_tile_2_3_0_load_4_read' <Predicate = true> <Delay = 0.00>
ST_1 : Operation 621 [1/1] (0.00ns)   --->   "%p_ZZ5conv3PA255_A255_fPA32_A5_A5_fPfS1_E7in_tile_2_2_0_load_4_read = read i32 @_ssdm_op_Read.ap_auto.float, i32 %p_ZZ5conv3PA255_A255_fPA32_A5_A5_fPfS1_E7in_tile_2_2_0_load_4"   --->   Operation 621 'read' 'p_ZZ5conv3PA255_A255_fPA32_A5_A5_fPfS1_E7in_tile_2_2_0_load_4_read' <Predicate = true> <Delay = 0.00>
ST_1 : Operation 622 [1/1] (0.00ns)   --->   "%p_ZZ5conv3PA255_A255_fPA32_A5_A5_fPfS1_E7in_tile_2_1_0_load_4_read = read i32 @_ssdm_op_Read.ap_auto.float, i32 %p_ZZ5conv3PA255_A255_fPA32_A5_A5_fPfS1_E7in_tile_2_1_0_load_4"   --->   Operation 622 'read' 'p_ZZ5conv3PA255_A255_fPA32_A5_A5_fPfS1_E7in_tile_2_1_0_load_4_read' <Predicate = true> <Delay = 0.00>
ST_1 : Operation 623 [1/1] (0.00ns)   --->   "%p_ZZ5conv3PA255_A255_fPA32_A5_A5_fPfS1_E7in_tile_2_0_0_load_4_read = read i32 @_ssdm_op_Read.ap_auto.float, i32 %p_ZZ5conv3PA255_A255_fPA32_A5_A5_fPfS1_E7in_tile_2_0_0_load_4"   --->   Operation 623 'read' 'p_ZZ5conv3PA255_A255_fPA32_A5_A5_fPfS1_E7in_tile_2_0_0_load_4_read' <Predicate = true> <Delay = 0.00>
ST_1 : Operation 624 [1/1] (0.00ns)   --->   "%p_ZZ5conv3PA255_A255_fPA32_A5_A5_fPfS1_E7in_tile_2_4_0_load_4_read = read i32 @_ssdm_op_Read.ap_auto.float, i32 %p_ZZ5conv3PA255_A255_fPA32_A5_A5_fPfS1_E7in_tile_2_4_0_load_4"   --->   Operation 624 'read' 'p_ZZ5conv3PA255_A255_fPA32_A5_A5_fPfS1_E7in_tile_2_4_0_load_4_read' <Predicate = true> <Delay = 0.00>
ST_1 : Operation 625 [1/1] (0.00ns)   --->   "%p_ZZ5conv3PA255_A255_fPA32_A5_A5_fPfS1_E7in_tile_1_3_0_load_4_read = read i32 @_ssdm_op_Read.ap_auto.float, i32 %p_ZZ5conv3PA255_A255_fPA32_A5_A5_fPfS1_E7in_tile_1_3_0_load_4"   --->   Operation 625 'read' 'p_ZZ5conv3PA255_A255_fPA32_A5_A5_fPfS1_E7in_tile_1_3_0_load_4_read' <Predicate = true> <Delay = 0.00>
ST_1 : Operation 626 [1/1] (0.00ns)   --->   "%p_ZZ5conv3PA255_A255_fPA32_A5_A5_fPfS1_E7in_tile_1_2_0_load_4_read = read i32 @_ssdm_op_Read.ap_auto.float, i32 %p_ZZ5conv3PA255_A255_fPA32_A5_A5_fPfS1_E7in_tile_1_2_0_load_4"   --->   Operation 626 'read' 'p_ZZ5conv3PA255_A255_fPA32_A5_A5_fPfS1_E7in_tile_1_2_0_load_4_read' <Predicate = true> <Delay = 0.00>
ST_1 : Operation 627 [1/1] (0.00ns)   --->   "%p_ZZ5conv3PA255_A255_fPA32_A5_A5_fPfS1_E7in_tile_1_1_0_load_4_read = read i32 @_ssdm_op_Read.ap_auto.float, i32 %p_ZZ5conv3PA255_A255_fPA32_A5_A5_fPfS1_E7in_tile_1_1_0_load_4"   --->   Operation 627 'read' 'p_ZZ5conv3PA255_A255_fPA32_A5_A5_fPfS1_E7in_tile_1_1_0_load_4_read' <Predicate = true> <Delay = 0.00>
ST_1 : Operation 628 [1/1] (0.00ns)   --->   "%p_ZZ5conv3PA255_A255_fPA32_A5_A5_fPfS1_E7in_tile_1_0_0_load_4_read = read i32 @_ssdm_op_Read.ap_auto.float, i32 %p_ZZ5conv3PA255_A255_fPA32_A5_A5_fPfS1_E7in_tile_1_0_0_load_4"   --->   Operation 628 'read' 'p_ZZ5conv3PA255_A255_fPA32_A5_A5_fPfS1_E7in_tile_1_0_0_load_4_read' <Predicate = true> <Delay = 0.00>
ST_1 : Operation 629 [1/1] (0.00ns)   --->   "%p_ZZ5conv3PA255_A255_fPA32_A5_A5_fPfS1_E7in_tile_1_4_0_load_4_read = read i32 @_ssdm_op_Read.ap_auto.float, i32 %p_ZZ5conv3PA255_A255_fPA32_A5_A5_fPfS1_E7in_tile_1_4_0_load_4"   --->   Operation 629 'read' 'p_ZZ5conv3PA255_A255_fPA32_A5_A5_fPfS1_E7in_tile_1_4_0_load_4_read' <Predicate = true> <Delay = 0.00>
ST_1 : Operation 630 [1/1] (0.00ns)   --->   "%p_ZZ5conv3PA255_A255_fPA32_A5_A5_fPfS1_E7in_tile_0_3_0_load_4_read = read i32 @_ssdm_op_Read.ap_auto.float, i32 %p_ZZ5conv3PA255_A255_fPA32_A5_A5_fPfS1_E7in_tile_0_3_0_load_4"   --->   Operation 630 'read' 'p_ZZ5conv3PA255_A255_fPA32_A5_A5_fPfS1_E7in_tile_0_3_0_load_4_read' <Predicate = true> <Delay = 0.00>
ST_1 : Operation 631 [1/1] (0.00ns)   --->   "%p_ZZ5conv3PA255_A255_fPA32_A5_A5_fPfS1_E7in_tile_0_2_0_load_4_read = read i32 @_ssdm_op_Read.ap_auto.float, i32 %p_ZZ5conv3PA255_A255_fPA32_A5_A5_fPfS1_E7in_tile_0_2_0_load_4"   --->   Operation 631 'read' 'p_ZZ5conv3PA255_A255_fPA32_A5_A5_fPfS1_E7in_tile_0_2_0_load_4_read' <Predicate = true> <Delay = 0.00>
ST_1 : Operation 632 [1/1] (0.00ns)   --->   "%p_ZZ5conv3PA255_A255_fPA32_A5_A5_fPfS1_E7in_tile_0_1_0_load_4_read = read i32 @_ssdm_op_Read.ap_auto.float, i32 %p_ZZ5conv3PA255_A255_fPA32_A5_A5_fPfS1_E7in_tile_0_1_0_load_4"   --->   Operation 632 'read' 'p_ZZ5conv3PA255_A255_fPA32_A5_A5_fPfS1_E7in_tile_0_1_0_load_4_read' <Predicate = true> <Delay = 0.00>
ST_1 : Operation 633 [1/1] (0.00ns)   --->   "%p_ZZ5conv3PA255_A255_fPA32_A5_A5_fPfS1_E7in_tile_0_0_0_load_4_read = read i32 @_ssdm_op_Read.ap_auto.float, i32 %p_ZZ5conv3PA255_A255_fPA32_A5_A5_fPfS1_E7in_tile_0_0_0_load_4"   --->   Operation 633 'read' 'p_ZZ5conv3PA255_A255_fPA32_A5_A5_fPfS1_E7in_tile_0_0_0_load_4_read' <Predicate = true> <Delay = 0.00>
ST_1 : Operation 634 [1/1] (0.00ns)   --->   "%p_ZZ5conv3PA255_A255_fPA32_A5_A5_fPfS1_E7in_tile_0_4_0_load_4_read = read i32 @_ssdm_op_Read.ap_auto.float, i32 %p_ZZ5conv3PA255_A255_fPA32_A5_A5_fPfS1_E7in_tile_0_4_0_load_4"   --->   Operation 634 'read' 'p_ZZ5conv3PA255_A255_fPA32_A5_A5_fPfS1_E7in_tile_0_4_0_load_4_read' <Predicate = true> <Delay = 0.00>
ST_1 : Operation 635 [1/1] (0.00ns)   --->   "%p_ZZ5conv3PA255_A255_fPA32_A5_A5_fPfS1_E7in_tile_4_2_0_load_3_read = read i32 @_ssdm_op_Read.ap_auto.float, i32 %p_ZZ5conv3PA255_A255_fPA32_A5_A5_fPfS1_E7in_tile_4_2_0_load_3"   --->   Operation 635 'read' 'p_ZZ5conv3PA255_A255_fPA32_A5_A5_fPfS1_E7in_tile_4_2_0_load_3_read' <Predicate = true> <Delay = 0.00>
ST_1 : Operation 636 [1/1] (0.00ns)   --->   "%p_ZZ5conv3PA255_A255_fPA32_A5_A5_fPfS1_E7in_tile_4_1_0_load_3_read = read i32 @_ssdm_op_Read.ap_auto.float, i32 %p_ZZ5conv3PA255_A255_fPA32_A5_A5_fPfS1_E7in_tile_4_1_0_load_3"   --->   Operation 636 'read' 'p_ZZ5conv3PA255_A255_fPA32_A5_A5_fPfS1_E7in_tile_4_1_0_load_3_read' <Predicate = true> <Delay = 0.00>
ST_1 : Operation 637 [1/1] (0.00ns)   --->   "%p_ZZ5conv3PA255_A255_fPA32_A5_A5_fPfS1_E7in_tile_4_0_0_load_3_read = read i32 @_ssdm_op_Read.ap_auto.float, i32 %p_ZZ5conv3PA255_A255_fPA32_A5_A5_fPfS1_E7in_tile_4_0_0_load_3"   --->   Operation 637 'read' 'p_ZZ5conv3PA255_A255_fPA32_A5_A5_fPfS1_E7in_tile_4_0_0_load_3_read' <Predicate = true> <Delay = 0.00>
ST_1 : Operation 638 [1/1] (0.00ns)   --->   "%p_ZZ5conv3PA255_A255_fPA32_A5_A5_fPfS1_E7in_tile_4_4_0_load_3_read = read i32 @_ssdm_op_Read.ap_auto.float, i32 %p_ZZ5conv3PA255_A255_fPA32_A5_A5_fPfS1_E7in_tile_4_4_0_load_3"   --->   Operation 638 'read' 'p_ZZ5conv3PA255_A255_fPA32_A5_A5_fPfS1_E7in_tile_4_4_0_load_3_read' <Predicate = true> <Delay = 0.00>
ST_1 : Operation 639 [1/1] (0.00ns)   --->   "%p_ZZ5conv3PA255_A255_fPA32_A5_A5_fPfS1_E7in_tile_4_3_0_load_3_read = read i32 @_ssdm_op_Read.ap_auto.float, i32 %p_ZZ5conv3PA255_A255_fPA32_A5_A5_fPfS1_E7in_tile_4_3_0_load_3"   --->   Operation 639 'read' 'p_ZZ5conv3PA255_A255_fPA32_A5_A5_fPfS1_E7in_tile_4_3_0_load_3_read' <Predicate = true> <Delay = 0.00>
ST_1 : Operation 640 [1/1] (0.00ns)   --->   "%p_ZZ5conv3PA255_A255_fPA32_A5_A5_fPfS1_E7in_tile_3_2_0_load_3_read = read i32 @_ssdm_op_Read.ap_auto.float, i32 %p_ZZ5conv3PA255_A255_fPA32_A5_A5_fPfS1_E7in_tile_3_2_0_load_3"   --->   Operation 640 'read' 'p_ZZ5conv3PA255_A255_fPA32_A5_A5_fPfS1_E7in_tile_3_2_0_load_3_read' <Predicate = true> <Delay = 0.00>
ST_1 : Operation 641 [1/1] (0.00ns)   --->   "%p_ZZ5conv3PA255_A255_fPA32_A5_A5_fPfS1_E7in_tile_3_1_0_load_3_read = read i32 @_ssdm_op_Read.ap_auto.float, i32 %p_ZZ5conv3PA255_A255_fPA32_A5_A5_fPfS1_E7in_tile_3_1_0_load_3"   --->   Operation 641 'read' 'p_ZZ5conv3PA255_A255_fPA32_A5_A5_fPfS1_E7in_tile_3_1_0_load_3_read' <Predicate = true> <Delay = 0.00>
ST_1 : Operation 642 [1/1] (0.00ns)   --->   "%p_ZZ5conv3PA255_A255_fPA32_A5_A5_fPfS1_E7in_tile_3_0_0_load_3_read = read i32 @_ssdm_op_Read.ap_auto.float, i32 %p_ZZ5conv3PA255_A255_fPA32_A5_A5_fPfS1_E7in_tile_3_0_0_load_3"   --->   Operation 642 'read' 'p_ZZ5conv3PA255_A255_fPA32_A5_A5_fPfS1_E7in_tile_3_0_0_load_3_read' <Predicate = true> <Delay = 0.00>
ST_1 : Operation 643 [1/1] (0.00ns)   --->   "%p_ZZ5conv3PA255_A255_fPA32_A5_A5_fPfS1_E7in_tile_3_4_0_load_3_read = read i32 @_ssdm_op_Read.ap_auto.float, i32 %p_ZZ5conv3PA255_A255_fPA32_A5_A5_fPfS1_E7in_tile_3_4_0_load_3"   --->   Operation 643 'read' 'p_ZZ5conv3PA255_A255_fPA32_A5_A5_fPfS1_E7in_tile_3_4_0_load_3_read' <Predicate = true> <Delay = 0.00>
ST_1 : Operation 644 [1/1] (0.00ns)   --->   "%p_ZZ5conv3PA255_A255_fPA32_A5_A5_fPfS1_E7in_tile_3_3_0_load_3_read = read i32 @_ssdm_op_Read.ap_auto.float, i32 %p_ZZ5conv3PA255_A255_fPA32_A5_A5_fPfS1_E7in_tile_3_3_0_load_3"   --->   Operation 644 'read' 'p_ZZ5conv3PA255_A255_fPA32_A5_A5_fPfS1_E7in_tile_3_3_0_load_3_read' <Predicate = true> <Delay = 0.00>
ST_1 : Operation 645 [1/1] (0.00ns)   --->   "%p_ZZ5conv3PA255_A255_fPA32_A5_A5_fPfS1_E7in_tile_2_2_0_load_3_read = read i32 @_ssdm_op_Read.ap_auto.float, i32 %p_ZZ5conv3PA255_A255_fPA32_A5_A5_fPfS1_E7in_tile_2_2_0_load_3"   --->   Operation 645 'read' 'p_ZZ5conv3PA255_A255_fPA32_A5_A5_fPfS1_E7in_tile_2_2_0_load_3_read' <Predicate = true> <Delay = 0.00>
ST_1 : Operation 646 [1/1] (0.00ns)   --->   "%p_ZZ5conv3PA255_A255_fPA32_A5_A5_fPfS1_E7in_tile_2_1_0_load_3_read = read i32 @_ssdm_op_Read.ap_auto.float, i32 %p_ZZ5conv3PA255_A255_fPA32_A5_A5_fPfS1_E7in_tile_2_1_0_load_3"   --->   Operation 646 'read' 'p_ZZ5conv3PA255_A255_fPA32_A5_A5_fPfS1_E7in_tile_2_1_0_load_3_read' <Predicate = true> <Delay = 0.00>
ST_1 : Operation 647 [1/1] (0.00ns)   --->   "%p_ZZ5conv3PA255_A255_fPA32_A5_A5_fPfS1_E7in_tile_2_0_0_load_3_read = read i32 @_ssdm_op_Read.ap_auto.float, i32 %p_ZZ5conv3PA255_A255_fPA32_A5_A5_fPfS1_E7in_tile_2_0_0_load_3"   --->   Operation 647 'read' 'p_ZZ5conv3PA255_A255_fPA32_A5_A5_fPfS1_E7in_tile_2_0_0_load_3_read' <Predicate = true> <Delay = 0.00>
ST_1 : Operation 648 [1/1] (0.00ns)   --->   "%p_ZZ5conv3PA255_A255_fPA32_A5_A5_fPfS1_E7in_tile_2_4_0_load_3_read = read i32 @_ssdm_op_Read.ap_auto.float, i32 %p_ZZ5conv3PA255_A255_fPA32_A5_A5_fPfS1_E7in_tile_2_4_0_load_3"   --->   Operation 648 'read' 'p_ZZ5conv3PA255_A255_fPA32_A5_A5_fPfS1_E7in_tile_2_4_0_load_3_read' <Predicate = true> <Delay = 0.00>
ST_1 : Operation 649 [1/1] (0.00ns)   --->   "%p_ZZ5conv3PA255_A255_fPA32_A5_A5_fPfS1_E7in_tile_2_3_0_load_3_read = read i32 @_ssdm_op_Read.ap_auto.float, i32 %p_ZZ5conv3PA255_A255_fPA32_A5_A5_fPfS1_E7in_tile_2_3_0_load_3"   --->   Operation 649 'read' 'p_ZZ5conv3PA255_A255_fPA32_A5_A5_fPfS1_E7in_tile_2_3_0_load_3_read' <Predicate = true> <Delay = 0.00>
ST_1 : Operation 650 [1/1] (0.00ns)   --->   "%p_ZZ5conv3PA255_A255_fPA32_A5_A5_fPfS1_E7in_tile_1_2_0_load_3_read = read i32 @_ssdm_op_Read.ap_auto.float, i32 %p_ZZ5conv3PA255_A255_fPA32_A5_A5_fPfS1_E7in_tile_1_2_0_load_3"   --->   Operation 650 'read' 'p_ZZ5conv3PA255_A255_fPA32_A5_A5_fPfS1_E7in_tile_1_2_0_load_3_read' <Predicate = true> <Delay = 0.00>
ST_1 : Operation 651 [1/1] (0.00ns)   --->   "%p_ZZ5conv3PA255_A255_fPA32_A5_A5_fPfS1_E7in_tile_1_1_0_load_3_read = read i32 @_ssdm_op_Read.ap_auto.float, i32 %p_ZZ5conv3PA255_A255_fPA32_A5_A5_fPfS1_E7in_tile_1_1_0_load_3"   --->   Operation 651 'read' 'p_ZZ5conv3PA255_A255_fPA32_A5_A5_fPfS1_E7in_tile_1_1_0_load_3_read' <Predicate = true> <Delay = 0.00>
ST_1 : Operation 652 [1/1] (0.00ns)   --->   "%p_ZZ5conv3PA255_A255_fPA32_A5_A5_fPfS1_E7in_tile_1_0_0_load_3_read = read i32 @_ssdm_op_Read.ap_auto.float, i32 %p_ZZ5conv3PA255_A255_fPA32_A5_A5_fPfS1_E7in_tile_1_0_0_load_3"   --->   Operation 652 'read' 'p_ZZ5conv3PA255_A255_fPA32_A5_A5_fPfS1_E7in_tile_1_0_0_load_3_read' <Predicate = true> <Delay = 0.00>
ST_1 : Operation 653 [1/1] (0.00ns)   --->   "%p_ZZ5conv3PA255_A255_fPA32_A5_A5_fPfS1_E7in_tile_1_4_0_load_3_read = read i32 @_ssdm_op_Read.ap_auto.float, i32 %p_ZZ5conv3PA255_A255_fPA32_A5_A5_fPfS1_E7in_tile_1_4_0_load_3"   --->   Operation 653 'read' 'p_ZZ5conv3PA255_A255_fPA32_A5_A5_fPfS1_E7in_tile_1_4_0_load_3_read' <Predicate = true> <Delay = 0.00>
ST_1 : Operation 654 [1/1] (0.00ns)   --->   "%p_ZZ5conv3PA255_A255_fPA32_A5_A5_fPfS1_E7in_tile_1_3_0_load_3_read = read i32 @_ssdm_op_Read.ap_auto.float, i32 %p_ZZ5conv3PA255_A255_fPA32_A5_A5_fPfS1_E7in_tile_1_3_0_load_3"   --->   Operation 654 'read' 'p_ZZ5conv3PA255_A255_fPA32_A5_A5_fPfS1_E7in_tile_1_3_0_load_3_read' <Predicate = true> <Delay = 0.00>
ST_1 : Operation 655 [1/1] (0.00ns)   --->   "%p_ZZ5conv3PA255_A255_fPA32_A5_A5_fPfS1_E7in_tile_0_2_0_load_3_read = read i32 @_ssdm_op_Read.ap_auto.float, i32 %p_ZZ5conv3PA255_A255_fPA32_A5_A5_fPfS1_E7in_tile_0_2_0_load_3"   --->   Operation 655 'read' 'p_ZZ5conv3PA255_A255_fPA32_A5_A5_fPfS1_E7in_tile_0_2_0_load_3_read' <Predicate = true> <Delay = 0.00>
ST_1 : Operation 656 [1/1] (0.00ns)   --->   "%p_ZZ5conv3PA255_A255_fPA32_A5_A5_fPfS1_E7in_tile_0_1_0_load_3_read = read i32 @_ssdm_op_Read.ap_auto.float, i32 %p_ZZ5conv3PA255_A255_fPA32_A5_A5_fPfS1_E7in_tile_0_1_0_load_3"   --->   Operation 656 'read' 'p_ZZ5conv3PA255_A255_fPA32_A5_A5_fPfS1_E7in_tile_0_1_0_load_3_read' <Predicate = true> <Delay = 0.00>
ST_1 : Operation 657 [1/1] (0.00ns)   --->   "%p_ZZ5conv3PA255_A255_fPA32_A5_A5_fPfS1_E7in_tile_0_0_0_load_3_read = read i32 @_ssdm_op_Read.ap_auto.float, i32 %p_ZZ5conv3PA255_A255_fPA32_A5_A5_fPfS1_E7in_tile_0_0_0_load_3"   --->   Operation 657 'read' 'p_ZZ5conv3PA255_A255_fPA32_A5_A5_fPfS1_E7in_tile_0_0_0_load_3_read' <Predicate = true> <Delay = 0.00>
ST_1 : Operation 658 [1/1] (0.00ns)   --->   "%p_ZZ5conv3PA255_A255_fPA32_A5_A5_fPfS1_E7in_tile_0_4_0_load_3_read = read i32 @_ssdm_op_Read.ap_auto.float, i32 %p_ZZ5conv3PA255_A255_fPA32_A5_A5_fPfS1_E7in_tile_0_4_0_load_3"   --->   Operation 658 'read' 'p_ZZ5conv3PA255_A255_fPA32_A5_A5_fPfS1_E7in_tile_0_4_0_load_3_read' <Predicate = true> <Delay = 0.00>
ST_1 : Operation 659 [1/1] (0.00ns)   --->   "%p_ZZ5conv3PA255_A255_fPA32_A5_A5_fPfS1_E7in_tile_0_3_0_load_3_read = read i32 @_ssdm_op_Read.ap_auto.float, i32 %p_ZZ5conv3PA255_A255_fPA32_A5_A5_fPfS1_E7in_tile_0_3_0_load_3"   --->   Operation 659 'read' 'p_ZZ5conv3PA255_A255_fPA32_A5_A5_fPfS1_E7in_tile_0_3_0_load_3_read' <Predicate = true> <Delay = 0.00>
ST_1 : Operation 660 [1/1] (0.00ns)   --->   "%p_ZZ5conv3PA255_A255_fPA32_A5_A5_fPfS1_E7in_tile_4_1_0_load_2_read = read i32 @_ssdm_op_Read.ap_auto.float, i32 %p_ZZ5conv3PA255_A255_fPA32_A5_A5_fPfS1_E7in_tile_4_1_0_load_2"   --->   Operation 660 'read' 'p_ZZ5conv3PA255_A255_fPA32_A5_A5_fPfS1_E7in_tile_4_1_0_load_2_read' <Predicate = true> <Delay = 0.00>
ST_1 : Operation 661 [1/1] (0.00ns)   --->   "%p_ZZ5conv3PA255_A255_fPA32_A5_A5_fPfS1_E7in_tile_4_0_0_load_2_read = read i32 @_ssdm_op_Read.ap_auto.float, i32 %p_ZZ5conv3PA255_A255_fPA32_A5_A5_fPfS1_E7in_tile_4_0_0_load_2"   --->   Operation 661 'read' 'p_ZZ5conv3PA255_A255_fPA32_A5_A5_fPfS1_E7in_tile_4_0_0_load_2_read' <Predicate = true> <Delay = 0.00>
ST_1 : Operation 662 [1/1] (0.00ns)   --->   "%p_ZZ5conv3PA255_A255_fPA32_A5_A5_fPfS1_E7in_tile_4_4_0_load_2_read = read i32 @_ssdm_op_Read.ap_auto.float, i32 %p_ZZ5conv3PA255_A255_fPA32_A5_A5_fPfS1_E7in_tile_4_4_0_load_2"   --->   Operation 662 'read' 'p_ZZ5conv3PA255_A255_fPA32_A5_A5_fPfS1_E7in_tile_4_4_0_load_2_read' <Predicate = true> <Delay = 0.00>
ST_1 : Operation 663 [1/1] (0.00ns)   --->   "%p_ZZ5conv3PA255_A255_fPA32_A5_A5_fPfS1_E7in_tile_4_3_0_load_2_read = read i32 @_ssdm_op_Read.ap_auto.float, i32 %p_ZZ5conv3PA255_A255_fPA32_A5_A5_fPfS1_E7in_tile_4_3_0_load_2"   --->   Operation 663 'read' 'p_ZZ5conv3PA255_A255_fPA32_A5_A5_fPfS1_E7in_tile_4_3_0_load_2_read' <Predicate = true> <Delay = 0.00>
ST_1 : Operation 664 [1/1] (0.00ns)   --->   "%p_ZZ5conv3PA255_A255_fPA32_A5_A5_fPfS1_E7in_tile_4_2_0_load_2_read = read i32 @_ssdm_op_Read.ap_auto.float, i32 %p_ZZ5conv3PA255_A255_fPA32_A5_A5_fPfS1_E7in_tile_4_2_0_load_2"   --->   Operation 664 'read' 'p_ZZ5conv3PA255_A255_fPA32_A5_A5_fPfS1_E7in_tile_4_2_0_load_2_read' <Predicate = true> <Delay = 0.00>
ST_1 : Operation 665 [1/1] (0.00ns)   --->   "%p_ZZ5conv3PA255_A255_fPA32_A5_A5_fPfS1_E7in_tile_3_1_0_load_2_read = read i32 @_ssdm_op_Read.ap_auto.float, i32 %p_ZZ5conv3PA255_A255_fPA32_A5_A5_fPfS1_E7in_tile_3_1_0_load_2"   --->   Operation 665 'read' 'p_ZZ5conv3PA255_A255_fPA32_A5_A5_fPfS1_E7in_tile_3_1_0_load_2_read' <Predicate = true> <Delay = 0.00>
ST_1 : Operation 666 [1/1] (0.00ns)   --->   "%p_ZZ5conv3PA255_A255_fPA32_A5_A5_fPfS1_E7in_tile_3_0_0_load_2_read = read i32 @_ssdm_op_Read.ap_auto.float, i32 %p_ZZ5conv3PA255_A255_fPA32_A5_A5_fPfS1_E7in_tile_3_0_0_load_2"   --->   Operation 666 'read' 'p_ZZ5conv3PA255_A255_fPA32_A5_A5_fPfS1_E7in_tile_3_0_0_load_2_read' <Predicate = true> <Delay = 0.00>
ST_1 : Operation 667 [1/1] (0.00ns)   --->   "%p_ZZ5conv3PA255_A255_fPA32_A5_A5_fPfS1_E7in_tile_3_4_0_load_2_read = read i32 @_ssdm_op_Read.ap_auto.float, i32 %p_ZZ5conv3PA255_A255_fPA32_A5_A5_fPfS1_E7in_tile_3_4_0_load_2"   --->   Operation 667 'read' 'p_ZZ5conv3PA255_A255_fPA32_A5_A5_fPfS1_E7in_tile_3_4_0_load_2_read' <Predicate = true> <Delay = 0.00>
ST_1 : Operation 668 [1/1] (0.00ns)   --->   "%p_ZZ5conv3PA255_A255_fPA32_A5_A5_fPfS1_E7in_tile_3_3_0_load_2_read = read i32 @_ssdm_op_Read.ap_auto.float, i32 %p_ZZ5conv3PA255_A255_fPA32_A5_A5_fPfS1_E7in_tile_3_3_0_load_2"   --->   Operation 668 'read' 'p_ZZ5conv3PA255_A255_fPA32_A5_A5_fPfS1_E7in_tile_3_3_0_load_2_read' <Predicate = true> <Delay = 0.00>
ST_1 : Operation 669 [1/1] (0.00ns)   --->   "%p_ZZ5conv3PA255_A255_fPA32_A5_A5_fPfS1_E7in_tile_3_2_0_load_2_read = read i32 @_ssdm_op_Read.ap_auto.float, i32 %p_ZZ5conv3PA255_A255_fPA32_A5_A5_fPfS1_E7in_tile_3_2_0_load_2"   --->   Operation 669 'read' 'p_ZZ5conv3PA255_A255_fPA32_A5_A5_fPfS1_E7in_tile_3_2_0_load_2_read' <Predicate = true> <Delay = 0.00>
ST_1 : Operation 670 [1/1] (0.00ns)   --->   "%p_ZZ5conv3PA255_A255_fPA32_A5_A5_fPfS1_E7in_tile_2_1_0_load_2_read = read i32 @_ssdm_op_Read.ap_auto.float, i32 %p_ZZ5conv3PA255_A255_fPA32_A5_A5_fPfS1_E7in_tile_2_1_0_load_2"   --->   Operation 670 'read' 'p_ZZ5conv3PA255_A255_fPA32_A5_A5_fPfS1_E7in_tile_2_1_0_load_2_read' <Predicate = true> <Delay = 0.00>
ST_1 : Operation 671 [1/1] (0.00ns)   --->   "%p_ZZ5conv3PA255_A255_fPA32_A5_A5_fPfS1_E7in_tile_2_0_0_load_2_read = read i32 @_ssdm_op_Read.ap_auto.float, i32 %p_ZZ5conv3PA255_A255_fPA32_A5_A5_fPfS1_E7in_tile_2_0_0_load_2"   --->   Operation 671 'read' 'p_ZZ5conv3PA255_A255_fPA32_A5_A5_fPfS1_E7in_tile_2_0_0_load_2_read' <Predicate = true> <Delay = 0.00>
ST_1 : Operation 672 [1/1] (0.00ns)   --->   "%p_ZZ5conv3PA255_A255_fPA32_A5_A5_fPfS1_E7in_tile_2_4_0_load_2_read = read i32 @_ssdm_op_Read.ap_auto.float, i32 %p_ZZ5conv3PA255_A255_fPA32_A5_A5_fPfS1_E7in_tile_2_4_0_load_2"   --->   Operation 672 'read' 'p_ZZ5conv3PA255_A255_fPA32_A5_A5_fPfS1_E7in_tile_2_4_0_load_2_read' <Predicate = true> <Delay = 0.00>
ST_1 : Operation 673 [1/1] (0.00ns)   --->   "%p_ZZ5conv3PA255_A255_fPA32_A5_A5_fPfS1_E7in_tile_2_3_0_load_2_read = read i32 @_ssdm_op_Read.ap_auto.float, i32 %p_ZZ5conv3PA255_A255_fPA32_A5_A5_fPfS1_E7in_tile_2_3_0_load_2"   --->   Operation 673 'read' 'p_ZZ5conv3PA255_A255_fPA32_A5_A5_fPfS1_E7in_tile_2_3_0_load_2_read' <Predicate = true> <Delay = 0.00>
ST_1 : Operation 674 [1/1] (0.00ns)   --->   "%p_ZZ5conv3PA255_A255_fPA32_A5_A5_fPfS1_E7in_tile_2_2_0_load_2_read = read i32 @_ssdm_op_Read.ap_auto.float, i32 %p_ZZ5conv3PA255_A255_fPA32_A5_A5_fPfS1_E7in_tile_2_2_0_load_2"   --->   Operation 674 'read' 'p_ZZ5conv3PA255_A255_fPA32_A5_A5_fPfS1_E7in_tile_2_2_0_load_2_read' <Predicate = true> <Delay = 0.00>
ST_1 : Operation 675 [1/1] (0.00ns)   --->   "%p_ZZ5conv3PA255_A255_fPA32_A5_A5_fPfS1_E7in_tile_1_1_0_load_2_read = read i32 @_ssdm_op_Read.ap_auto.float, i32 %p_ZZ5conv3PA255_A255_fPA32_A5_A5_fPfS1_E7in_tile_1_1_0_load_2"   --->   Operation 675 'read' 'p_ZZ5conv3PA255_A255_fPA32_A5_A5_fPfS1_E7in_tile_1_1_0_load_2_read' <Predicate = true> <Delay = 0.00>
ST_1 : Operation 676 [1/1] (0.00ns)   --->   "%p_ZZ5conv3PA255_A255_fPA32_A5_A5_fPfS1_E7in_tile_1_0_0_load_2_read = read i32 @_ssdm_op_Read.ap_auto.float, i32 %p_ZZ5conv3PA255_A255_fPA32_A5_A5_fPfS1_E7in_tile_1_0_0_load_2"   --->   Operation 676 'read' 'p_ZZ5conv3PA255_A255_fPA32_A5_A5_fPfS1_E7in_tile_1_0_0_load_2_read' <Predicate = true> <Delay = 0.00>
ST_1 : Operation 677 [1/1] (0.00ns)   --->   "%p_ZZ5conv3PA255_A255_fPA32_A5_A5_fPfS1_E7in_tile_1_4_0_load_2_read = read i32 @_ssdm_op_Read.ap_auto.float, i32 %p_ZZ5conv3PA255_A255_fPA32_A5_A5_fPfS1_E7in_tile_1_4_0_load_2"   --->   Operation 677 'read' 'p_ZZ5conv3PA255_A255_fPA32_A5_A5_fPfS1_E7in_tile_1_4_0_load_2_read' <Predicate = true> <Delay = 0.00>
ST_1 : Operation 678 [1/1] (0.00ns)   --->   "%p_ZZ5conv3PA255_A255_fPA32_A5_A5_fPfS1_E7in_tile_1_3_0_load_2_read = read i32 @_ssdm_op_Read.ap_auto.float, i32 %p_ZZ5conv3PA255_A255_fPA32_A5_A5_fPfS1_E7in_tile_1_3_0_load_2"   --->   Operation 678 'read' 'p_ZZ5conv3PA255_A255_fPA32_A5_A5_fPfS1_E7in_tile_1_3_0_load_2_read' <Predicate = true> <Delay = 0.00>
ST_1 : Operation 679 [1/1] (0.00ns)   --->   "%p_ZZ5conv3PA255_A255_fPA32_A5_A5_fPfS1_E7in_tile_1_2_0_load_2_read = read i32 @_ssdm_op_Read.ap_auto.float, i32 %p_ZZ5conv3PA255_A255_fPA32_A5_A5_fPfS1_E7in_tile_1_2_0_load_2"   --->   Operation 679 'read' 'p_ZZ5conv3PA255_A255_fPA32_A5_A5_fPfS1_E7in_tile_1_2_0_load_2_read' <Predicate = true> <Delay = 0.00>
ST_1 : Operation 680 [1/1] (0.00ns)   --->   "%p_ZZ5conv3PA255_A255_fPA32_A5_A5_fPfS1_E7in_tile_0_1_0_load_2_read = read i32 @_ssdm_op_Read.ap_auto.float, i32 %p_ZZ5conv3PA255_A255_fPA32_A5_A5_fPfS1_E7in_tile_0_1_0_load_2"   --->   Operation 680 'read' 'p_ZZ5conv3PA255_A255_fPA32_A5_A5_fPfS1_E7in_tile_0_1_0_load_2_read' <Predicate = true> <Delay = 0.00>
ST_1 : Operation 681 [1/1] (0.00ns)   --->   "%p_ZZ5conv3PA255_A255_fPA32_A5_A5_fPfS1_E7in_tile_0_0_0_load_2_read = read i32 @_ssdm_op_Read.ap_auto.float, i32 %p_ZZ5conv3PA255_A255_fPA32_A5_A5_fPfS1_E7in_tile_0_0_0_load_2"   --->   Operation 681 'read' 'p_ZZ5conv3PA255_A255_fPA32_A5_A5_fPfS1_E7in_tile_0_0_0_load_2_read' <Predicate = true> <Delay = 0.00>
ST_1 : Operation 682 [1/1] (0.00ns)   --->   "%p_ZZ5conv3PA255_A255_fPA32_A5_A5_fPfS1_E7in_tile_0_4_0_load_2_read = read i32 @_ssdm_op_Read.ap_auto.float, i32 %p_ZZ5conv3PA255_A255_fPA32_A5_A5_fPfS1_E7in_tile_0_4_0_load_2"   --->   Operation 682 'read' 'p_ZZ5conv3PA255_A255_fPA32_A5_A5_fPfS1_E7in_tile_0_4_0_load_2_read' <Predicate = true> <Delay = 0.00>
ST_1 : Operation 683 [1/1] (0.00ns)   --->   "%p_ZZ5conv3PA255_A255_fPA32_A5_A5_fPfS1_E7in_tile_0_3_0_load_2_read = read i32 @_ssdm_op_Read.ap_auto.float, i32 %p_ZZ5conv3PA255_A255_fPA32_A5_A5_fPfS1_E7in_tile_0_3_0_load_2"   --->   Operation 683 'read' 'p_ZZ5conv3PA255_A255_fPA32_A5_A5_fPfS1_E7in_tile_0_3_0_load_2_read' <Predicate = true> <Delay = 0.00>
ST_1 : Operation 684 [1/1] (0.00ns)   --->   "%p_ZZ5conv3PA255_A255_fPA32_A5_A5_fPfS1_E7in_tile_0_2_0_load_2_read = read i32 @_ssdm_op_Read.ap_auto.float, i32 %p_ZZ5conv3PA255_A255_fPA32_A5_A5_fPfS1_E7in_tile_0_2_0_load_2"   --->   Operation 684 'read' 'p_ZZ5conv3PA255_A255_fPA32_A5_A5_fPfS1_E7in_tile_0_2_0_load_2_read' <Predicate = true> <Delay = 0.00>
ST_1 : Operation 685 [1/1] (0.00ns)   --->   "%p_ZZ5conv3PA255_A255_fPA32_A5_A5_fPfS1_E7in_tile_4_0_0_load_1_read = read i32 @_ssdm_op_Read.ap_auto.float, i32 %p_ZZ5conv3PA255_A255_fPA32_A5_A5_fPfS1_E7in_tile_4_0_0_load_1"   --->   Operation 685 'read' 'p_ZZ5conv3PA255_A255_fPA32_A5_A5_fPfS1_E7in_tile_4_0_0_load_1_read' <Predicate = true> <Delay = 0.00>
ST_1 : Operation 686 [1/1] (0.00ns)   --->   "%p_ZZ5conv3PA255_A255_fPA32_A5_A5_fPfS1_E7in_tile_4_4_0_load_1_read = read i32 @_ssdm_op_Read.ap_auto.float, i32 %p_ZZ5conv3PA255_A255_fPA32_A5_A5_fPfS1_E7in_tile_4_4_0_load_1"   --->   Operation 686 'read' 'p_ZZ5conv3PA255_A255_fPA32_A5_A5_fPfS1_E7in_tile_4_4_0_load_1_read' <Predicate = true> <Delay = 0.00>
ST_1 : Operation 687 [1/1] (0.00ns)   --->   "%p_ZZ5conv3PA255_A255_fPA32_A5_A5_fPfS1_E7in_tile_4_3_0_load_1_read = read i32 @_ssdm_op_Read.ap_auto.float, i32 %p_ZZ5conv3PA255_A255_fPA32_A5_A5_fPfS1_E7in_tile_4_3_0_load_1"   --->   Operation 687 'read' 'p_ZZ5conv3PA255_A255_fPA32_A5_A5_fPfS1_E7in_tile_4_3_0_load_1_read' <Predicate = true> <Delay = 0.00>
ST_1 : Operation 688 [1/1] (0.00ns)   --->   "%p_ZZ5conv3PA255_A255_fPA32_A5_A5_fPfS1_E7in_tile_4_2_0_load_1_read = read i32 @_ssdm_op_Read.ap_auto.float, i32 %p_ZZ5conv3PA255_A255_fPA32_A5_A5_fPfS1_E7in_tile_4_2_0_load_1"   --->   Operation 688 'read' 'p_ZZ5conv3PA255_A255_fPA32_A5_A5_fPfS1_E7in_tile_4_2_0_load_1_read' <Predicate = true> <Delay = 0.00>
ST_1 : Operation 689 [1/1] (0.00ns)   --->   "%p_ZZ5conv3PA255_A255_fPA32_A5_A5_fPfS1_E7in_tile_4_1_0_load_1_read = read i32 @_ssdm_op_Read.ap_auto.float, i32 %p_ZZ5conv3PA255_A255_fPA32_A5_A5_fPfS1_E7in_tile_4_1_0_load_1"   --->   Operation 689 'read' 'p_ZZ5conv3PA255_A255_fPA32_A5_A5_fPfS1_E7in_tile_4_1_0_load_1_read' <Predicate = true> <Delay = 0.00>
ST_1 : Operation 690 [1/1] (0.00ns)   --->   "%p_ZZ5conv3PA255_A255_fPA32_A5_A5_fPfS1_E7in_tile_3_0_0_load_1_read = read i32 @_ssdm_op_Read.ap_auto.float, i32 %p_ZZ5conv3PA255_A255_fPA32_A5_A5_fPfS1_E7in_tile_3_0_0_load_1"   --->   Operation 690 'read' 'p_ZZ5conv3PA255_A255_fPA32_A5_A5_fPfS1_E7in_tile_3_0_0_load_1_read' <Predicate = true> <Delay = 0.00>
ST_1 : Operation 691 [1/1] (0.00ns)   --->   "%p_ZZ5conv3PA255_A255_fPA32_A5_A5_fPfS1_E7in_tile_3_4_0_load_1_read = read i32 @_ssdm_op_Read.ap_auto.float, i32 %p_ZZ5conv3PA255_A255_fPA32_A5_A5_fPfS1_E7in_tile_3_4_0_load_1"   --->   Operation 691 'read' 'p_ZZ5conv3PA255_A255_fPA32_A5_A5_fPfS1_E7in_tile_3_4_0_load_1_read' <Predicate = true> <Delay = 0.00>
ST_1 : Operation 692 [1/1] (0.00ns)   --->   "%p_ZZ5conv3PA255_A255_fPA32_A5_A5_fPfS1_E7in_tile_3_3_0_load_1_read = read i32 @_ssdm_op_Read.ap_auto.float, i32 %p_ZZ5conv3PA255_A255_fPA32_A5_A5_fPfS1_E7in_tile_3_3_0_load_1"   --->   Operation 692 'read' 'p_ZZ5conv3PA255_A255_fPA32_A5_A5_fPfS1_E7in_tile_3_3_0_load_1_read' <Predicate = true> <Delay = 0.00>
ST_1 : Operation 693 [1/1] (0.00ns)   --->   "%p_ZZ5conv3PA255_A255_fPA32_A5_A5_fPfS1_E7in_tile_3_2_0_load_1_read = read i32 @_ssdm_op_Read.ap_auto.float, i32 %p_ZZ5conv3PA255_A255_fPA32_A5_A5_fPfS1_E7in_tile_3_2_0_load_1"   --->   Operation 693 'read' 'p_ZZ5conv3PA255_A255_fPA32_A5_A5_fPfS1_E7in_tile_3_2_0_load_1_read' <Predicate = true> <Delay = 0.00>
ST_1 : Operation 694 [1/1] (0.00ns)   --->   "%p_ZZ5conv3PA255_A255_fPA32_A5_A5_fPfS1_E7in_tile_3_1_0_load_1_read = read i32 @_ssdm_op_Read.ap_auto.float, i32 %p_ZZ5conv3PA255_A255_fPA32_A5_A5_fPfS1_E7in_tile_3_1_0_load_1"   --->   Operation 694 'read' 'p_ZZ5conv3PA255_A255_fPA32_A5_A5_fPfS1_E7in_tile_3_1_0_load_1_read' <Predicate = true> <Delay = 0.00>
ST_1 : Operation 695 [1/1] (0.00ns)   --->   "%p_ZZ5conv3PA255_A255_fPA32_A5_A5_fPfS1_E7in_tile_2_0_0_load_1_read = read i32 @_ssdm_op_Read.ap_auto.float, i32 %p_ZZ5conv3PA255_A255_fPA32_A5_A5_fPfS1_E7in_tile_2_0_0_load_1"   --->   Operation 695 'read' 'p_ZZ5conv3PA255_A255_fPA32_A5_A5_fPfS1_E7in_tile_2_0_0_load_1_read' <Predicate = true> <Delay = 0.00>
ST_1 : Operation 696 [1/1] (0.00ns)   --->   "%p_ZZ5conv3PA255_A255_fPA32_A5_A5_fPfS1_E7in_tile_2_4_0_load_1_read = read i32 @_ssdm_op_Read.ap_auto.float, i32 %p_ZZ5conv3PA255_A255_fPA32_A5_A5_fPfS1_E7in_tile_2_4_0_load_1"   --->   Operation 696 'read' 'p_ZZ5conv3PA255_A255_fPA32_A5_A5_fPfS1_E7in_tile_2_4_0_load_1_read' <Predicate = true> <Delay = 0.00>
ST_1 : Operation 697 [1/1] (0.00ns)   --->   "%p_ZZ5conv3PA255_A255_fPA32_A5_A5_fPfS1_E7in_tile_2_3_0_load_1_read = read i32 @_ssdm_op_Read.ap_auto.float, i32 %p_ZZ5conv3PA255_A255_fPA32_A5_A5_fPfS1_E7in_tile_2_3_0_load_1"   --->   Operation 697 'read' 'p_ZZ5conv3PA255_A255_fPA32_A5_A5_fPfS1_E7in_tile_2_3_0_load_1_read' <Predicate = true> <Delay = 0.00>
ST_1 : Operation 698 [1/1] (0.00ns)   --->   "%p_ZZ5conv3PA255_A255_fPA32_A5_A5_fPfS1_E7in_tile_2_2_0_load_1_read = read i32 @_ssdm_op_Read.ap_auto.float, i32 %p_ZZ5conv3PA255_A255_fPA32_A5_A5_fPfS1_E7in_tile_2_2_0_load_1"   --->   Operation 698 'read' 'p_ZZ5conv3PA255_A255_fPA32_A5_A5_fPfS1_E7in_tile_2_2_0_load_1_read' <Predicate = true> <Delay = 0.00>
ST_1 : Operation 699 [1/1] (0.00ns)   --->   "%p_ZZ5conv3PA255_A255_fPA32_A5_A5_fPfS1_E7in_tile_2_1_0_load_1_read = read i32 @_ssdm_op_Read.ap_auto.float, i32 %p_ZZ5conv3PA255_A255_fPA32_A5_A5_fPfS1_E7in_tile_2_1_0_load_1"   --->   Operation 699 'read' 'p_ZZ5conv3PA255_A255_fPA32_A5_A5_fPfS1_E7in_tile_2_1_0_load_1_read' <Predicate = true> <Delay = 0.00>
ST_1 : Operation 700 [1/1] (0.00ns)   --->   "%p_ZZ5conv3PA255_A255_fPA32_A5_A5_fPfS1_E7in_tile_1_0_0_load_1_read = read i32 @_ssdm_op_Read.ap_auto.float, i32 %p_ZZ5conv3PA255_A255_fPA32_A5_A5_fPfS1_E7in_tile_1_0_0_load_1"   --->   Operation 700 'read' 'p_ZZ5conv3PA255_A255_fPA32_A5_A5_fPfS1_E7in_tile_1_0_0_load_1_read' <Predicate = true> <Delay = 0.00>
ST_1 : Operation 701 [1/1] (0.00ns)   --->   "%p_ZZ5conv3PA255_A255_fPA32_A5_A5_fPfS1_E7in_tile_1_4_0_load_1_read = read i32 @_ssdm_op_Read.ap_auto.float, i32 %p_ZZ5conv3PA255_A255_fPA32_A5_A5_fPfS1_E7in_tile_1_4_0_load_1"   --->   Operation 701 'read' 'p_ZZ5conv3PA255_A255_fPA32_A5_A5_fPfS1_E7in_tile_1_4_0_load_1_read' <Predicate = true> <Delay = 0.00>
ST_1 : Operation 702 [1/1] (0.00ns)   --->   "%p_ZZ5conv3PA255_A255_fPA32_A5_A5_fPfS1_E7in_tile_1_3_0_load_1_read = read i32 @_ssdm_op_Read.ap_auto.float, i32 %p_ZZ5conv3PA255_A255_fPA32_A5_A5_fPfS1_E7in_tile_1_3_0_load_1"   --->   Operation 702 'read' 'p_ZZ5conv3PA255_A255_fPA32_A5_A5_fPfS1_E7in_tile_1_3_0_load_1_read' <Predicate = true> <Delay = 0.00>
ST_1 : Operation 703 [1/1] (0.00ns)   --->   "%p_ZZ5conv3PA255_A255_fPA32_A5_A5_fPfS1_E7in_tile_1_2_0_load_1_read = read i32 @_ssdm_op_Read.ap_auto.float, i32 %p_ZZ5conv3PA255_A255_fPA32_A5_A5_fPfS1_E7in_tile_1_2_0_load_1"   --->   Operation 703 'read' 'p_ZZ5conv3PA255_A255_fPA32_A5_A5_fPfS1_E7in_tile_1_2_0_load_1_read' <Predicate = true> <Delay = 0.00>
ST_1 : Operation 704 [1/1] (0.00ns)   --->   "%p_ZZ5conv3PA255_A255_fPA32_A5_A5_fPfS1_E7in_tile_1_1_0_load_1_read = read i32 @_ssdm_op_Read.ap_auto.float, i32 %p_ZZ5conv3PA255_A255_fPA32_A5_A5_fPfS1_E7in_tile_1_1_0_load_1"   --->   Operation 704 'read' 'p_ZZ5conv3PA255_A255_fPA32_A5_A5_fPfS1_E7in_tile_1_1_0_load_1_read' <Predicate = true> <Delay = 0.00>
ST_1 : Operation 705 [1/1] (0.00ns)   --->   "%p_ZZ5conv3PA255_A255_fPA32_A5_A5_fPfS1_E7in_tile_0_0_0_load_1_read = read i32 @_ssdm_op_Read.ap_auto.float, i32 %p_ZZ5conv3PA255_A255_fPA32_A5_A5_fPfS1_E7in_tile_0_0_0_load_1"   --->   Operation 705 'read' 'p_ZZ5conv3PA255_A255_fPA32_A5_A5_fPfS1_E7in_tile_0_0_0_load_1_read' <Predicate = true> <Delay = 0.00>
ST_1 : Operation 706 [1/1] (0.00ns)   --->   "%p_ZZ5conv3PA255_A255_fPA32_A5_A5_fPfS1_E7in_tile_0_4_0_load_1_read = read i32 @_ssdm_op_Read.ap_auto.float, i32 %p_ZZ5conv3PA255_A255_fPA32_A5_A5_fPfS1_E7in_tile_0_4_0_load_1"   --->   Operation 706 'read' 'p_ZZ5conv3PA255_A255_fPA32_A5_A5_fPfS1_E7in_tile_0_4_0_load_1_read' <Predicate = true> <Delay = 0.00>
ST_1 : Operation 707 [1/1] (0.00ns)   --->   "%p_ZZ5conv3PA255_A255_fPA32_A5_A5_fPfS1_E7in_tile_0_3_0_load_1_read = read i32 @_ssdm_op_Read.ap_auto.float, i32 %p_ZZ5conv3PA255_A255_fPA32_A5_A5_fPfS1_E7in_tile_0_3_0_load_1"   --->   Operation 707 'read' 'p_ZZ5conv3PA255_A255_fPA32_A5_A5_fPfS1_E7in_tile_0_3_0_load_1_read' <Predicate = true> <Delay = 0.00>
ST_1 : Operation 708 [1/1] (0.00ns)   --->   "%p_ZZ5conv3PA255_A255_fPA32_A5_A5_fPfS1_E7in_tile_0_2_0_load_1_read = read i32 @_ssdm_op_Read.ap_auto.float, i32 %p_ZZ5conv3PA255_A255_fPA32_A5_A5_fPfS1_E7in_tile_0_2_0_load_1"   --->   Operation 708 'read' 'p_ZZ5conv3PA255_A255_fPA32_A5_A5_fPfS1_E7in_tile_0_2_0_load_1_read' <Predicate = true> <Delay = 0.00>
ST_1 : Operation 709 [1/1] (0.00ns)   --->   "%p_ZZ5conv3PA255_A255_fPA32_A5_A5_fPfS1_E7in_tile_0_1_0_load_1_read = read i32 @_ssdm_op_Read.ap_auto.float, i32 %p_ZZ5conv3PA255_A255_fPA32_A5_A5_fPfS1_E7in_tile_0_1_0_load_1"   --->   Operation 709 'read' 'p_ZZ5conv3PA255_A255_fPA32_A5_A5_fPfS1_E7in_tile_0_1_0_load_1_read' <Predicate = true> <Delay = 0.00>
ST_1 : Operation 710 [1/1] (0.00ns)   --->   "%trunc_ln74_mid2_read = read i3 @_ssdm_op_Read.ap_auto.i3, i3 %trunc_ln74_mid2"   --->   Operation 710 'read' 'trunc_ln74_mid2_read' <Predicate = true> <Delay = 0.00>
ST_1 : Operation 711 [1/1] (0.00ns)   --->   "%p_ZZ5conv3PA255_A255_fPA32_A5_A5_fPfS1_E7in_tile_4_4_0_load_read = read i32 @_ssdm_op_Read.ap_auto.float, i32 %p_ZZ5conv3PA255_A255_fPA32_A5_A5_fPfS1_E7in_tile_4_4_0_load"   --->   Operation 711 'read' 'p_ZZ5conv3PA255_A255_fPA32_A5_A5_fPfS1_E7in_tile_4_4_0_load_read' <Predicate = true> <Delay = 0.00>
ST_1 : Operation 712 [1/1] (0.00ns)   --->   "%p_ZZ5conv3PA255_A255_fPA32_A5_A5_fPfS1_E7in_tile_4_3_0_load_read = read i32 @_ssdm_op_Read.ap_auto.float, i32 %p_ZZ5conv3PA255_A255_fPA32_A5_A5_fPfS1_E7in_tile_4_3_0_load"   --->   Operation 712 'read' 'p_ZZ5conv3PA255_A255_fPA32_A5_A5_fPfS1_E7in_tile_4_3_0_load_read' <Predicate = true> <Delay = 0.00>
ST_1 : Operation 713 [1/1] (0.00ns)   --->   "%p_ZZ5conv3PA255_A255_fPA32_A5_A5_fPfS1_E7in_tile_4_2_0_load_read = read i32 @_ssdm_op_Read.ap_auto.float, i32 %p_ZZ5conv3PA255_A255_fPA32_A5_A5_fPfS1_E7in_tile_4_2_0_load"   --->   Operation 713 'read' 'p_ZZ5conv3PA255_A255_fPA32_A5_A5_fPfS1_E7in_tile_4_2_0_load_read' <Predicate = true> <Delay = 0.00>
ST_1 : Operation 714 [1/1] (0.00ns)   --->   "%p_ZZ5conv3PA255_A255_fPA32_A5_A5_fPfS1_E7in_tile_4_1_0_load_read = read i32 @_ssdm_op_Read.ap_auto.float, i32 %p_ZZ5conv3PA255_A255_fPA32_A5_A5_fPfS1_E7in_tile_4_1_0_load"   --->   Operation 714 'read' 'p_ZZ5conv3PA255_A255_fPA32_A5_A5_fPfS1_E7in_tile_4_1_0_load_read' <Predicate = true> <Delay = 0.00>
ST_1 : Operation 715 [1/1] (0.00ns)   --->   "%p_ZZ5conv3PA255_A255_fPA32_A5_A5_fPfS1_E7in_tile_4_0_0_load_read = read i32 @_ssdm_op_Read.ap_auto.float, i32 %p_ZZ5conv3PA255_A255_fPA32_A5_A5_fPfS1_E7in_tile_4_0_0_load"   --->   Operation 715 'read' 'p_ZZ5conv3PA255_A255_fPA32_A5_A5_fPfS1_E7in_tile_4_0_0_load_read' <Predicate = true> <Delay = 0.00>
ST_1 : Operation 716 [1/1] (0.00ns)   --->   "%p_ZZ5conv3PA255_A255_fPA32_A5_A5_fPfS1_E7in_tile_3_4_0_load_read = read i32 @_ssdm_op_Read.ap_auto.float, i32 %p_ZZ5conv3PA255_A255_fPA32_A5_A5_fPfS1_E7in_tile_3_4_0_load"   --->   Operation 716 'read' 'p_ZZ5conv3PA255_A255_fPA32_A5_A5_fPfS1_E7in_tile_3_4_0_load_read' <Predicate = true> <Delay = 0.00>
ST_1 : Operation 717 [1/1] (0.00ns)   --->   "%p_ZZ5conv3PA255_A255_fPA32_A5_A5_fPfS1_E7in_tile_3_3_0_load_read = read i32 @_ssdm_op_Read.ap_auto.float, i32 %p_ZZ5conv3PA255_A255_fPA32_A5_A5_fPfS1_E7in_tile_3_3_0_load"   --->   Operation 717 'read' 'p_ZZ5conv3PA255_A255_fPA32_A5_A5_fPfS1_E7in_tile_3_3_0_load_read' <Predicate = true> <Delay = 0.00>
ST_1 : Operation 718 [1/1] (0.00ns)   --->   "%p_ZZ5conv3PA255_A255_fPA32_A5_A5_fPfS1_E7in_tile_3_2_0_load_read = read i32 @_ssdm_op_Read.ap_auto.float, i32 %p_ZZ5conv3PA255_A255_fPA32_A5_A5_fPfS1_E7in_tile_3_2_0_load"   --->   Operation 718 'read' 'p_ZZ5conv3PA255_A255_fPA32_A5_A5_fPfS1_E7in_tile_3_2_0_load_read' <Predicate = true> <Delay = 0.00>
ST_1 : Operation 719 [1/1] (0.00ns)   --->   "%p_ZZ5conv3PA255_A255_fPA32_A5_A5_fPfS1_E7in_tile_3_1_0_load_read = read i32 @_ssdm_op_Read.ap_auto.float, i32 %p_ZZ5conv3PA255_A255_fPA32_A5_A5_fPfS1_E7in_tile_3_1_0_load"   --->   Operation 719 'read' 'p_ZZ5conv3PA255_A255_fPA32_A5_A5_fPfS1_E7in_tile_3_1_0_load_read' <Predicate = true> <Delay = 0.00>
ST_1 : Operation 720 [1/1] (0.00ns)   --->   "%p_ZZ5conv3PA255_A255_fPA32_A5_A5_fPfS1_E7in_tile_3_0_0_load_read = read i32 @_ssdm_op_Read.ap_auto.float, i32 %p_ZZ5conv3PA255_A255_fPA32_A5_A5_fPfS1_E7in_tile_3_0_0_load"   --->   Operation 720 'read' 'p_ZZ5conv3PA255_A255_fPA32_A5_A5_fPfS1_E7in_tile_3_0_0_load_read' <Predicate = true> <Delay = 0.00>
ST_1 : Operation 721 [1/1] (0.00ns)   --->   "%p_ZZ5conv3PA255_A255_fPA32_A5_A5_fPfS1_E7in_tile_2_4_0_load_read = read i32 @_ssdm_op_Read.ap_auto.float, i32 %p_ZZ5conv3PA255_A255_fPA32_A5_A5_fPfS1_E7in_tile_2_4_0_load"   --->   Operation 721 'read' 'p_ZZ5conv3PA255_A255_fPA32_A5_A5_fPfS1_E7in_tile_2_4_0_load_read' <Predicate = true> <Delay = 0.00>
ST_1 : Operation 722 [1/1] (0.00ns)   --->   "%p_ZZ5conv3PA255_A255_fPA32_A5_A5_fPfS1_E7in_tile_2_3_0_load_read = read i32 @_ssdm_op_Read.ap_auto.float, i32 %p_ZZ5conv3PA255_A255_fPA32_A5_A5_fPfS1_E7in_tile_2_3_0_load"   --->   Operation 722 'read' 'p_ZZ5conv3PA255_A255_fPA32_A5_A5_fPfS1_E7in_tile_2_3_0_load_read' <Predicate = true> <Delay = 0.00>
ST_1 : Operation 723 [1/1] (0.00ns)   --->   "%p_ZZ5conv3PA255_A255_fPA32_A5_A5_fPfS1_E7in_tile_2_2_0_load_read = read i32 @_ssdm_op_Read.ap_auto.float, i32 %p_ZZ5conv3PA255_A255_fPA32_A5_A5_fPfS1_E7in_tile_2_2_0_load"   --->   Operation 723 'read' 'p_ZZ5conv3PA255_A255_fPA32_A5_A5_fPfS1_E7in_tile_2_2_0_load_read' <Predicate = true> <Delay = 0.00>
ST_1 : Operation 724 [1/1] (0.00ns)   --->   "%p_ZZ5conv3PA255_A255_fPA32_A5_A5_fPfS1_E7in_tile_2_1_0_load_read = read i32 @_ssdm_op_Read.ap_auto.float, i32 %p_ZZ5conv3PA255_A255_fPA32_A5_A5_fPfS1_E7in_tile_2_1_0_load"   --->   Operation 724 'read' 'p_ZZ5conv3PA255_A255_fPA32_A5_A5_fPfS1_E7in_tile_2_1_0_load_read' <Predicate = true> <Delay = 0.00>
ST_1 : Operation 725 [1/1] (0.00ns)   --->   "%p_ZZ5conv3PA255_A255_fPA32_A5_A5_fPfS1_E7in_tile_2_0_0_load_read = read i32 @_ssdm_op_Read.ap_auto.float, i32 %p_ZZ5conv3PA255_A255_fPA32_A5_A5_fPfS1_E7in_tile_2_0_0_load"   --->   Operation 725 'read' 'p_ZZ5conv3PA255_A255_fPA32_A5_A5_fPfS1_E7in_tile_2_0_0_load_read' <Predicate = true> <Delay = 0.00>
ST_1 : Operation 726 [1/1] (0.00ns)   --->   "%p_ZZ5conv3PA255_A255_fPA32_A5_A5_fPfS1_E7in_tile_1_4_0_load_read = read i32 @_ssdm_op_Read.ap_auto.float, i32 %p_ZZ5conv3PA255_A255_fPA32_A5_A5_fPfS1_E7in_tile_1_4_0_load"   --->   Operation 726 'read' 'p_ZZ5conv3PA255_A255_fPA32_A5_A5_fPfS1_E7in_tile_1_4_0_load_read' <Predicate = true> <Delay = 0.00>
ST_1 : Operation 727 [1/1] (0.00ns)   --->   "%p_ZZ5conv3PA255_A255_fPA32_A5_A5_fPfS1_E7in_tile_1_3_0_load_read = read i32 @_ssdm_op_Read.ap_auto.float, i32 %p_ZZ5conv3PA255_A255_fPA32_A5_A5_fPfS1_E7in_tile_1_3_0_load"   --->   Operation 727 'read' 'p_ZZ5conv3PA255_A255_fPA32_A5_A5_fPfS1_E7in_tile_1_3_0_load_read' <Predicate = true> <Delay = 0.00>
ST_1 : Operation 728 [1/1] (0.00ns)   --->   "%p_ZZ5conv3PA255_A255_fPA32_A5_A5_fPfS1_E7in_tile_1_2_0_load_read = read i32 @_ssdm_op_Read.ap_auto.float, i32 %p_ZZ5conv3PA255_A255_fPA32_A5_A5_fPfS1_E7in_tile_1_2_0_load"   --->   Operation 728 'read' 'p_ZZ5conv3PA255_A255_fPA32_A5_A5_fPfS1_E7in_tile_1_2_0_load_read' <Predicate = true> <Delay = 0.00>
ST_1 : Operation 729 [1/1] (0.00ns)   --->   "%p_ZZ5conv3PA255_A255_fPA32_A5_A5_fPfS1_E7in_tile_1_1_0_load_read = read i32 @_ssdm_op_Read.ap_auto.float, i32 %p_ZZ5conv3PA255_A255_fPA32_A5_A5_fPfS1_E7in_tile_1_1_0_load"   --->   Operation 729 'read' 'p_ZZ5conv3PA255_A255_fPA32_A5_A5_fPfS1_E7in_tile_1_1_0_load_read' <Predicate = true> <Delay = 0.00>
ST_1 : Operation 730 [1/1] (0.00ns)   --->   "%p_ZZ5conv3PA255_A255_fPA32_A5_A5_fPfS1_E7in_tile_1_0_0_load_read = read i32 @_ssdm_op_Read.ap_auto.float, i32 %p_ZZ5conv3PA255_A255_fPA32_A5_A5_fPfS1_E7in_tile_1_0_0_load"   --->   Operation 730 'read' 'p_ZZ5conv3PA255_A255_fPA32_A5_A5_fPfS1_E7in_tile_1_0_0_load_read' <Predicate = true> <Delay = 0.00>
ST_1 : Operation 731 [1/1] (0.00ns)   --->   "%trunc_ln_read = read i3 @_ssdm_op_Read.ap_auto.i3, i3 %trunc_ln"   --->   Operation 731 'read' 'trunc_ln_read' <Predicate = true> <Delay = 0.00>
ST_1 : Operation 732 [1/1] (0.00ns)   --->   "%p_ZZ5conv3PA255_A255_fPA32_A5_A5_fPfS1_E7in_tile_0_4_0_load_read = read i32 @_ssdm_op_Read.ap_auto.float, i32 %p_ZZ5conv3PA255_A255_fPA32_A5_A5_fPfS1_E7in_tile_0_4_0_load"   --->   Operation 732 'read' 'p_ZZ5conv3PA255_A255_fPA32_A5_A5_fPfS1_E7in_tile_0_4_0_load_read' <Predicate = true> <Delay = 0.00>
ST_1 : Operation 733 [1/1] (0.00ns)   --->   "%p_ZZ5conv3PA255_A255_fPA32_A5_A5_fPfS1_E7in_tile_0_3_0_load_read = read i32 @_ssdm_op_Read.ap_auto.float, i32 %p_ZZ5conv3PA255_A255_fPA32_A5_A5_fPfS1_E7in_tile_0_3_0_load"   --->   Operation 733 'read' 'p_ZZ5conv3PA255_A255_fPA32_A5_A5_fPfS1_E7in_tile_0_3_0_load_read' <Predicate = true> <Delay = 0.00>
ST_1 : Operation 734 [1/1] (0.00ns)   --->   "%p_ZZ5conv3PA255_A255_fPA32_A5_A5_fPfS1_E7in_tile_0_2_0_load_read = read i32 @_ssdm_op_Read.ap_auto.float, i32 %p_ZZ5conv3PA255_A255_fPA32_A5_A5_fPfS1_E7in_tile_0_2_0_load"   --->   Operation 734 'read' 'p_ZZ5conv3PA255_A255_fPA32_A5_A5_fPfS1_E7in_tile_0_2_0_load_read' <Predicate = true> <Delay = 0.00>
ST_1 : Operation 735 [1/1] (0.00ns)   --->   "%p_ZZ5conv3PA255_A255_fPA32_A5_A5_fPfS1_E7in_tile_0_1_0_load_read = read i32 @_ssdm_op_Read.ap_auto.float, i32 %p_ZZ5conv3PA255_A255_fPA32_A5_A5_fPfS1_E7in_tile_0_1_0_load"   --->   Operation 735 'read' 'p_ZZ5conv3PA255_A255_fPA32_A5_A5_fPfS1_E7in_tile_0_1_0_load_read' <Predicate = true> <Delay = 0.00>
ST_1 : Operation 736 [1/1] (0.00ns)   --->   "%p_ZZ5conv3PA255_A255_fPA32_A5_A5_fPfS1_E7in_tile_0_0_0_load_read = read i32 @_ssdm_op_Read.ap_auto.float, i32 %p_ZZ5conv3PA255_A255_fPA32_A5_A5_fPfS1_E7in_tile_0_0_0_load"   --->   Operation 736 'read' 'p_ZZ5conv3PA255_A255_fPA32_A5_A5_fPfS1_E7in_tile_0_0_0_load_read' <Predicate = true> <Delay = 0.00>
ST_1 : Operation 737 [1/1] (0.00ns)   --->   "%zext_ln75_read = read i6 @_ssdm_op_Read.ap_auto.i6, i6 %zext_ln75"   --->   Operation 737 'read' 'zext_ln75_read' <Predicate = true> <Delay = 0.00>
ST_1 : Operation 738 [1/1] (0.00ns)   --->   "%zext_ln74_4_read = read i6 @_ssdm_op_Read.ap_auto.i6, i6 %zext_ln74_4"   --->   Operation 738 'read' 'zext_ln74_4_read' <Predicate = true> <Delay = 0.00>
ST_1 : Operation 739 [1/1] (0.00ns)   --->   "%zext_ln75_cast = zext i6 %zext_ln75_read"   --->   Operation 739 'zext' 'zext_ln75_cast' <Predicate = true> <Delay = 0.00>
ST_1 : Operation 740 [1/1] (0.00ns)   --->   "%zext_ln80 = zext i6 %zext_ln74_4_read" [src/conv3.cpp:80]   --->   Operation 740 'zext' 'zext_ln80' <Predicate = true> <Delay = 0.00>
ST_1 : Operation 741 [1/1] (0.42ns)   --->   "%store_ln0 = store i4 0, i4 %tn"   --->   Operation 741 'store' 'store_ln0' <Predicate = true> <Delay = 0.42>
ST_1 : Operation 742 [1/1] (0.00ns)   --->   "%br_ln0 = br void %for.body10"   --->   Operation 742 'br' 'br_ln0' <Predicate = true> <Delay = 0.00>
ST_1 : Operation 743 [1/1] (0.00ns)   --->   "%tn_4 = load i4 %tn" [src/conv3.cpp:77]   --->   Operation 743 'load' 'tn_4' <Predicate = true> <Delay = 0.00>
ST_1 : Operation 744 [1/1] (0.79ns)   --->   "%icmp_ln77 = icmp_eq  i4 %tn_4, i4 8" [src/conv3.cpp:77]   --->   Operation 744 'icmp' 'icmp_ln77' <Predicate = true> <Delay = 0.79> <CoreInst = "Cmp">   --->   Core 9 'Cmp' <Latency = 0> <II = 1> <Delay = 0.79> <FuncUnit> <Opcode : 'icmp'> <InPorts = 2> <OutPorts = 1>
ST_1 : Operation 745 [1/1] (0.79ns)   --->   "%add_ln77 = add i4 %tn_4, i4 1" [src/conv3.cpp:77]   --->   Operation 745 'add' 'add_ln77' <Predicate = true> <Delay = 0.79> <CoreInst = "Adder">   --->   Core 1 'Adder' <Latency = 0> <II = 1> <Delay = 0.79> <FuncUnit> <Opcode : 'add' 'sub'> <InPorts = 2> <OutPorts = 1>
ST_1 : Operation 746 [1/1] (0.00ns)   --->   "%br_ln77 = br i1 %icmp_ln77, void %for.body10.split, void %for.inc64.loopexit.exitStub" [src/conv3.cpp:77]   --->   Operation 746 'br' 'br_ln77' <Predicate = true> <Delay = 0.00>
ST_1 : Operation 747 [1/1] (0.00ns)   --->   "%zext_ln77 = zext i4 %tn_4" [src/conv3.cpp:77]   --->   Operation 747 'zext' 'zext_ln77' <Predicate = (!icmp_ln77)> <Delay = 0.00>
ST_1 : Operation 748 [1/1] (0.00ns)   --->   "%trunc_ln80 = trunc i4 %tn_4" [src/conv3.cpp:80]   --->   Operation 748 'trunc' 'trunc_ln80' <Predicate = (!icmp_ln77)> <Delay = 0.00>
ST_1 : Operation 749 [1/1] (0.79ns)   --->   "%icmp_ln79 = icmp_eq  i4 %tn_4, i4 0" [src/conv3.cpp:79]   --->   Operation 749 'icmp' 'icmp_ln79' <Predicate = (!icmp_ln77)> <Delay = 0.79> <CoreInst = "Cmp">   --->   Core 9 'Cmp' <Latency = 0> <II = 1> <Delay = 0.79> <FuncUnit> <Opcode : 'icmp'> <InPorts = 2> <OutPorts = 1>
ST_1 : Operation 750 [1/1] (0.00ns)   --->   "%br_ln79 = br i1 %icmp_ln79, void %for.inc60, void %for.body20" [src/conv3.cpp:79]   --->   Operation 750 'br' 'br_ln79' <Predicate = (!icmp_ln77)> <Delay = 0.00>
ST_1 : Operation 751 [1/1] (0.00ns)   --->   "%p_ZZ5conv3PA255_A255_fPA32_A5_A5_fPfS1_E6w_tile_0_0_0_addr = getelementptr i32 %p_ZZ5conv3PA255_A255_fPA32_A5_A5_fPfS1_E6w_tile_0_0_0, i64 0, i64 %zext_ln77" [src/conv3.cpp:85]   --->   Operation 751 'getelementptr' 'p_ZZ5conv3PA255_A255_fPA32_A5_A5_fPfS1_E6w_tile_0_0_0_addr' <Predicate = (!icmp_ln77 & icmp_ln79)> <Delay = 0.00>
ST_1 : Operation 752 [2/2] (0.67ns)   --->   "%p_ZZ5conv3PA255_A255_fPA32_A5_A5_fPfS1_E6w_tile_0_0_0_load = load i3 %p_ZZ5conv3PA255_A255_fPA32_A5_A5_fPfS1_E6w_tile_0_0_0_addr" [src/conv3.cpp:85]   --->   Operation 752 'load' 'p_ZZ5conv3PA255_A255_fPA32_A5_A5_fPfS1_E6w_tile_0_0_0_load' <Predicate = (!icmp_ln77 & icmp_ln79)> <Delay = 0.67> <CoreInst = "RAM">   --->   Core 83 'RAM' <Latency = 1> <II = 1> <Delay = 0.67> <Storage> <Opcode : 'load' 'store'> <Ports = 2> <Width = 32> <Depth = 8> <RAM>
ST_1 : Operation 753 [1/1] (0.42ns)   --->   "%store_ln77 = store i4 %add_ln77, i4 %tn" [src/conv3.cpp:77]   --->   Operation 753 'store' 'store_ln77' <Predicate = (!icmp_ln77)> <Delay = 0.42>
ST_1 : Operation 754 [1/1] (0.00ns)   --->   "%br_ln77 = br void %for.body10" [src/conv3.cpp:77]   --->   Operation 754 'br' 'br_ln77' <Predicate = (!icmp_ln77)> <Delay = 0.00>

State 2 <SV = 1> <Delay = 1.14>
ST_2 : Operation 755 [1/2] (0.67ns)   --->   "%p_ZZ5conv3PA255_A255_fPA32_A5_A5_fPfS1_E6w_tile_0_0_0_load = load i3 %p_ZZ5conv3PA255_A255_fPA32_A5_A5_fPfS1_E6w_tile_0_0_0_addr" [src/conv3.cpp:85]   --->   Operation 755 'load' 'p_ZZ5conv3PA255_A255_fPA32_A5_A5_fPfS1_E6w_tile_0_0_0_load' <Predicate = (icmp_ln79)> <Delay = 0.67> <CoreInst = "RAM">   --->   Core 83 'RAM' <Latency = 1> <II = 1> <Delay = 0.67> <Storage> <Opcode : 'load' 'store'> <Ports = 2> <Width = 32> <Depth = 8> <RAM>
ST_2 : Operation 756 [1/1] (0.57ns)   --->   "%tmp = mux i32 @_ssdm_op_Mux.ap_auto.5float.i3, i32 %p_ZZ5conv3PA255_A255_fPA32_A5_A5_fPfS1_E7in_tile_0_0_0_load_read, i32 %p_ZZ5conv3PA255_A255_fPA32_A5_A5_fPfS1_E7in_tile_0_1_0_load_read, i32 %p_ZZ5conv3PA255_A255_fPA32_A5_A5_fPfS1_E7in_tile_0_2_0_load_read, i32 %p_ZZ5conv3PA255_A255_fPA32_A5_A5_fPfS1_E7in_tile_0_3_0_load_read, i32 %p_ZZ5conv3PA255_A255_fPA32_A5_A5_fPfS1_E7in_tile_0_4_0_load_read, i3 %trunc_ln_read" [src/conv3.cpp:86]   --->   Operation 756 'mux' 'tmp' <Predicate = (icmp_ln79)> <Delay = 0.57> <CoreInst = "Multiplexer">   --->   Core 76 'Multiplexer' <Latency = 0> <II = 1> <Delay = 0.57> <FuncUnit> <Opcode : 'mux'> <InPorts = 2> <OutPorts = 1>
ST_2 : Operation 757 [1/1] (0.57ns)   --->   "%tmp_1 = mux i32 @_ssdm_op_Mux.ap_auto.5float.i3, i32 %p_ZZ5conv3PA255_A255_fPA32_A5_A5_fPfS1_E7in_tile_1_0_0_load_read, i32 %p_ZZ5conv3PA255_A255_fPA32_A5_A5_fPfS1_E7in_tile_1_1_0_load_read, i32 %p_ZZ5conv3PA255_A255_fPA32_A5_A5_fPfS1_E7in_tile_1_2_0_load_read, i32 %p_ZZ5conv3PA255_A255_fPA32_A5_A5_fPfS1_E7in_tile_1_3_0_load_read, i32 %p_ZZ5conv3PA255_A255_fPA32_A5_A5_fPfS1_E7in_tile_1_4_0_load_read, i3 %trunc_ln_read" [src/conv3.cpp:86]   --->   Operation 757 'mux' 'tmp_1' <Predicate = (icmp_ln79)> <Delay = 0.57> <CoreInst = "Multiplexer">   --->   Core 76 'Multiplexer' <Latency = 0> <II = 1> <Delay = 0.57> <FuncUnit> <Opcode : 'mux'> <InPorts = 2> <OutPorts = 1>
ST_2 : Operation 758 [1/1] (0.57ns)   --->   "%tmp_2 = mux i32 @_ssdm_op_Mux.ap_auto.5float.i3, i32 %p_ZZ5conv3PA255_A255_fPA32_A5_A5_fPfS1_E7in_tile_2_0_0_load_read, i32 %p_ZZ5conv3PA255_A255_fPA32_A5_A5_fPfS1_E7in_tile_2_1_0_load_read, i32 %p_ZZ5conv3PA255_A255_fPA32_A5_A5_fPfS1_E7in_tile_2_2_0_load_read, i32 %p_ZZ5conv3PA255_A255_fPA32_A5_A5_fPfS1_E7in_tile_2_3_0_load_read, i32 %p_ZZ5conv3PA255_A255_fPA32_A5_A5_fPfS1_E7in_tile_2_4_0_load_read, i3 %trunc_ln_read" [src/conv3.cpp:86]   --->   Operation 758 'mux' 'tmp_2' <Predicate = (icmp_ln79)> <Delay = 0.57> <CoreInst = "Multiplexer">   --->   Core 76 'Multiplexer' <Latency = 0> <II = 1> <Delay = 0.57> <FuncUnit> <Opcode : 'mux'> <InPorts = 2> <OutPorts = 1>
ST_2 : Operation 759 [1/1] (0.57ns)   --->   "%tmp_3 = mux i32 @_ssdm_op_Mux.ap_auto.5float.i3, i32 %p_ZZ5conv3PA255_A255_fPA32_A5_A5_fPfS1_E7in_tile_3_0_0_load_read, i32 %p_ZZ5conv3PA255_A255_fPA32_A5_A5_fPfS1_E7in_tile_3_1_0_load_read, i32 %p_ZZ5conv3PA255_A255_fPA32_A5_A5_fPfS1_E7in_tile_3_2_0_load_read, i32 %p_ZZ5conv3PA255_A255_fPA32_A5_A5_fPfS1_E7in_tile_3_3_0_load_read, i32 %p_ZZ5conv3PA255_A255_fPA32_A5_A5_fPfS1_E7in_tile_3_4_0_load_read, i3 %trunc_ln_read" [src/conv3.cpp:86]   --->   Operation 759 'mux' 'tmp_3' <Predicate = (icmp_ln79)> <Delay = 0.57> <CoreInst = "Multiplexer">   --->   Core 76 'Multiplexer' <Latency = 0> <II = 1> <Delay = 0.57> <FuncUnit> <Opcode : 'mux'> <InPorts = 2> <OutPorts = 1>
ST_2 : Operation 760 [1/1] (0.57ns)   --->   "%tmp_4 = mux i32 @_ssdm_op_Mux.ap_auto.5float.i3, i32 %p_ZZ5conv3PA255_A255_fPA32_A5_A5_fPfS1_E7in_tile_4_0_0_load_read, i32 %p_ZZ5conv3PA255_A255_fPA32_A5_A5_fPfS1_E7in_tile_4_1_0_load_read, i32 %p_ZZ5conv3PA255_A255_fPA32_A5_A5_fPfS1_E7in_tile_4_2_0_load_read, i32 %p_ZZ5conv3PA255_A255_fPA32_A5_A5_fPfS1_E7in_tile_4_3_0_load_read, i32 %p_ZZ5conv3PA255_A255_fPA32_A5_A5_fPfS1_E7in_tile_4_4_0_load_read, i3 %trunc_ln_read" [src/conv3.cpp:86]   --->   Operation 760 'mux' 'tmp_4' <Predicate = (icmp_ln79)> <Delay = 0.57> <CoreInst = "Multiplexer">   --->   Core 76 'Multiplexer' <Latency = 0> <II = 1> <Delay = 0.57> <FuncUnit> <Opcode : 'mux'> <InPorts = 2> <OutPorts = 1>
ST_2 : Operation 761 [1/1] (0.57ns)   --->   "%tmp_5 = mux i32 @_ssdm_op_Mux.ap_auto.5float.i3, i32 %tmp, i32 %tmp_1, i32 %tmp_2, i32 %tmp_3, i32 %tmp_4, i3 %trunc_ln74_mid2_read" [src/conv3.cpp:86]   --->   Operation 761 'mux' 'tmp_5' <Predicate = (icmp_ln79)> <Delay = 0.57> <CoreInst = "Multiplexer">   --->   Core 76 'Multiplexer' <Latency = 0> <II = 1> <Delay = 0.57> <FuncUnit> <Opcode : 'mux'> <InPorts = 2> <OutPorts = 1>

State 3 <SV = 2> <Delay = 7.01>
ST_3 : [1/1] (1.18ns)   --->   Input mux for Operation 762 '%mul = fmul i32 %p_ZZ5conv3PA255_A255_fPA32_A5_A5_fPfS1_E6w_tile_0_0_0_load, i32 %tmp_5'
ST_3 : Operation 762 [3/3] (5.83ns)   --->   "%mul = fmul i32 %p_ZZ5conv3PA255_A255_fPA32_A5_A5_fPfS1_E6w_tile_0_0_0_load, i32 %tmp_5" [src/conv3.cpp:85]   --->   Operation 762 'fmul' 'mul' <Predicate = (icmp_ln79)> <Delay = 5.83> <CoreInst = "FMul_maxdsp">   --->   Core 30 'FMul_maxdsp' <Latency = 2> <II = 1> <Delay = 7.01> <FuncUnit> <Opcode : 'fmul'> <InPorts = 2> <OutPorts = 1>

State 4 <SV = 3> <Delay = 7.01>
ST_4 : Operation 763 [1/1] (0.00ns)   --->   "%tmp_164_cast = bitconcatenate i8 @_ssdm_op_BitConcatenate.i8.i3.i5, i3 %trunc_ln80, i5 0" [src/conv3.cpp:80]   --->   Operation 763 'bitconcatenate' 'tmp_164_cast' <Predicate = true> <Delay = 0.00>
ST_4 : Operation 764 [1/1] (0.76ns)   --->   "%add_ln80 = add i8 %tmp_164_cast, i8 %zext_ln80" [src/conv3.cpp:80]   --->   Operation 764 'add' 'add_ln80' <Predicate = true> <Delay = 0.76> <CoreInst = "Adder">   --->   Core 1 'Adder' <Latency = 0> <II = 1> <Delay = 0.76> <FuncUnit> <Opcode : 'add' 'sub'> <InPorts = 2> <OutPorts = 1>
ST_4 : Operation 765 [1/1] (0.00ns)   --->   "%tmp_149 = bitconcatenate i13 @_ssdm_op_BitConcatenate.i13.i8.i5, i8 %add_ln80, i5 0" [src/conv3.cpp:80]   --->   Operation 765 'bitconcatenate' 'tmp_149' <Predicate = true> <Delay = 0.00>
ST_4 : Operation 766 [1/1] (0.82ns)   --->   "%add_ln80_1 = add i13 %tmp_149, i13 %zext_ln75_cast" [src/conv3.cpp:80]   --->   Operation 766 'add' 'add_ln80_1' <Predicate = true> <Delay = 0.82> <CoreInst = "Adder">   --->   Core 1 'Adder' <Latency = 0> <II = 1> <Delay = 0.82> <FuncUnit> <Opcode : 'add' 'sub'> <InPorts = 2> <OutPorts = 1>
ST_4 : Operation 767 [1/1] (0.00ns)   --->   "%zext_ln80_1 = zext i13 %add_ln80_1" [src/conv3.cpp:80]   --->   Operation 767 'zext' 'zext_ln80_1' <Predicate = true> <Delay = 0.00>
ST_4 : Operation 768 [1/1] (0.00ns)   --->   "%out_tile_addr = getelementptr i32 %out_tile, i64 0, i64 %zext_ln80_1" [src/conv3.cpp:80]   --->   Operation 768 'getelementptr' 'out_tile_addr' <Predicate = true> <Delay = 0.00>
ST_4 : Operation 769 [1/1] (0.00ns)   --->   "%specpipeline_ln78 = specpipeline void @_ssdm_op_SpecPipeline, i32 1, i32 0, i32 0, i32 0, void @empty_40" [src/conv3.cpp:78]   --->   Operation 769 'specpipeline' 'specpipeline_ln78' <Predicate = true> <Delay = 0.00>
ST_4 : Operation 770 [1/1] (0.00ns)   --->   "%speclooptripcount_ln77 = speclooptripcount void @_ssdm_op_SpecLoopTripCount, i64 8, i64 8, i64 8" [src/conv3.cpp:77]   --->   Operation 770 'speclooptripcount' 'speclooptripcount_ln77' <Predicate = true> <Delay = 0.00>
ST_4 : Operation 771 [1/1] (0.00ns)   --->   "%specloopname_ln77 = specloopname void @_ssdm_op_SpecLoopName, void @empty_18" [src/conv3.cpp:77]   --->   Operation 771 'specloopname' 'specloopname_ln77' <Predicate = true> <Delay = 0.00>
ST_4 : Operation 772 [2/2] (1.23ns)   --->   "%acc = load i13 %out_tile_addr" [src/conv3.cpp:80]   --->   Operation 772 'load' 'acc' <Predicate = (icmp_ln79)> <Delay = 1.23> <CoreInst = "RAM">   --->   Core 83 'RAM' <Latency = 1> <II = 1> <Delay = 1.23> <Storage> <Opcode : 'load' 'store'> <Ports = 2> <Width = 32> <Depth = 8192> <RAM>
ST_4 : Operation 773 [2/3] (7.01ns)   --->   "%mul = fmul i32 %p_ZZ5conv3PA255_A255_fPA32_A5_A5_fPfS1_E6w_tile_0_0_0_load, i32 %tmp_5" [src/conv3.cpp:85]   --->   Operation 773 'fmul' 'mul' <Predicate = (icmp_ln79)> <Delay = 7.01> <CoreInst = "FMul_maxdsp">   --->   Core 30 'FMul_maxdsp' <Latency = 2> <II = 1> <Delay = 7.01> <FuncUnit> <Opcode : 'fmul'> <InPorts = 2> <OutPorts = 1>

State 5 <SV = 4> <Delay = 7.01>
ST_5 : Operation 774 [1/2] (1.23ns)   --->   "%acc = load i13 %out_tile_addr" [src/conv3.cpp:80]   --->   Operation 774 'load' 'acc' <Predicate = (icmp_ln79)> <Delay = 1.23> <CoreInst = "RAM">   --->   Core 83 'RAM' <Latency = 1> <II = 1> <Delay = 1.23> <Storage> <Opcode : 'load' 'store'> <Ports = 2> <Width = 32> <Depth = 8192> <RAM>
ST_5 : Operation 775 [1/3] (7.01ns)   --->   "%mul = fmul i32 %p_ZZ5conv3PA255_A255_fPA32_A5_A5_fPfS1_E6w_tile_0_0_0_load, i32 %tmp_5" [src/conv3.cpp:85]   --->   Operation 775 'fmul' 'mul' <Predicate = (icmp_ln79)> <Delay = 7.01> <CoreInst = "FMul_maxdsp">   --->   Core 30 'FMul_maxdsp' <Latency = 2> <II = 1> <Delay = 7.01> <FuncUnit> <Opcode : 'fmul'> <InPorts = 2> <OutPorts = 1>
ST_5 : Operation 776 [1/1] (0.00ns)   --->   "%p_ZZ5conv3PA255_A255_fPA32_A5_A5_fPfS1_E6w_tile_0_1_0_addr = getelementptr i32 %p_ZZ5conv3PA255_A255_fPA32_A5_A5_fPfS1_E6w_tile_0_1_0, i64 0, i64 %zext_ln77" [src/conv3.cpp:85]   --->   Operation 776 'getelementptr' 'p_ZZ5conv3PA255_A255_fPA32_A5_A5_fPfS1_E6w_tile_0_1_0_addr' <Predicate = (icmp_ln79)> <Delay = 0.00>
ST_5 : Operation 777 [2/2] (0.67ns)   --->   "%p_ZZ5conv3PA255_A255_fPA32_A5_A5_fPfS1_E6w_tile_0_1_0_load = load i3 %p_ZZ5conv3PA255_A255_fPA32_A5_A5_fPfS1_E6w_tile_0_1_0_addr" [src/conv3.cpp:85]   --->   Operation 777 'load' 'p_ZZ5conv3PA255_A255_fPA32_A5_A5_fPfS1_E6w_tile_0_1_0_load' <Predicate = (icmp_ln79)> <Delay = 0.67> <CoreInst = "RAM">   --->   Core 83 'RAM' <Latency = 1> <II = 1> <Delay = 0.67> <Storage> <Opcode : 'load' 'store'> <Ports = 2> <Width = 32> <Depth = 8> <RAM>

State 6 <SV = 5> <Delay = 6.43>
ST_6 : [1/1] (1.18ns)   --->   Input mux for Operation 778 '%acc_2 = fadd i32 %acc, i32 %mul'
ST_6 : Operation 778 [4/4] (5.25ns)   --->   "%acc_2 = fadd i32 %acc, i32 %mul" [src/conv3.cpp:85]   --->   Operation 778 'fadd' 'acc_2' <Predicate = (icmp_ln79)> <Delay = 5.25> <CoreInst = "FAddSub_fulldsp">   --->   Core 18 'FAddSub_fulldsp' <Latency = 3> <II = 1> <Delay = 6.43> <FuncUnit> <Opcode : 'fadd' 'fsub'> <InPorts = 2> <OutPorts = 1>
ST_6 : Operation 779 [1/2] (0.67ns)   --->   "%p_ZZ5conv3PA255_A255_fPA32_A5_A5_fPfS1_E6w_tile_0_1_0_load = load i3 %p_ZZ5conv3PA255_A255_fPA32_A5_A5_fPfS1_E6w_tile_0_1_0_addr" [src/conv3.cpp:85]   --->   Operation 779 'load' 'p_ZZ5conv3PA255_A255_fPA32_A5_A5_fPfS1_E6w_tile_0_1_0_load' <Predicate = (icmp_ln79)> <Delay = 0.67> <CoreInst = "RAM">   --->   Core 83 'RAM' <Latency = 1> <II = 1> <Delay = 0.67> <Storage> <Opcode : 'load' 'store'> <Ports = 2> <Width = 32> <Depth = 8> <RAM>
ST_6 : Operation 780 [1/1] (0.57ns)   --->   "%tmp_6 = mux i32 @_ssdm_op_Mux.ap_auto.5float.i3, i32 %p_ZZ5conv3PA255_A255_fPA32_A5_A5_fPfS1_E7in_tile_0_1_0_load_1_read, i32 %p_ZZ5conv3PA255_A255_fPA32_A5_A5_fPfS1_E7in_tile_0_2_0_load_1_read, i32 %p_ZZ5conv3PA255_A255_fPA32_A5_A5_fPfS1_E7in_tile_0_3_0_load_1_read, i32 %p_ZZ5conv3PA255_A255_fPA32_A5_A5_fPfS1_E7in_tile_0_4_0_load_1_read, i32 %p_ZZ5conv3PA255_A255_fPA32_A5_A5_fPfS1_E7in_tile_0_0_0_load_1_read, i3 %trunc_ln_read" [src/conv3.cpp:86]   --->   Operation 780 'mux' 'tmp_6' <Predicate = (icmp_ln79)> <Delay = 0.57> <CoreInst = "Multiplexer">   --->   Core 76 'Multiplexer' <Latency = 0> <II = 1> <Delay = 0.57> <FuncUnit> <Opcode : 'mux'> <InPorts = 2> <OutPorts = 1>
ST_6 : Operation 781 [1/1] (0.57ns)   --->   "%tmp_7 = mux i32 @_ssdm_op_Mux.ap_auto.5float.i3, i32 %p_ZZ5conv3PA255_A255_fPA32_A5_A5_fPfS1_E7in_tile_1_1_0_load_1_read, i32 %p_ZZ5conv3PA255_A255_fPA32_A5_A5_fPfS1_E7in_tile_1_2_0_load_1_read, i32 %p_ZZ5conv3PA255_A255_fPA32_A5_A5_fPfS1_E7in_tile_1_3_0_load_1_read, i32 %p_ZZ5conv3PA255_A255_fPA32_A5_A5_fPfS1_E7in_tile_1_4_0_load_1_read, i32 %p_ZZ5conv3PA255_A255_fPA32_A5_A5_fPfS1_E7in_tile_1_0_0_load_1_read, i3 %trunc_ln_read" [src/conv3.cpp:86]   --->   Operation 781 'mux' 'tmp_7' <Predicate = (icmp_ln79)> <Delay = 0.57> <CoreInst = "Multiplexer">   --->   Core 76 'Multiplexer' <Latency = 0> <II = 1> <Delay = 0.57> <FuncUnit> <Opcode : 'mux'> <InPorts = 2> <OutPorts = 1>
ST_6 : Operation 782 [1/1] (0.57ns)   --->   "%tmp_8 = mux i32 @_ssdm_op_Mux.ap_auto.5float.i3, i32 %p_ZZ5conv3PA255_A255_fPA32_A5_A5_fPfS1_E7in_tile_2_1_0_load_1_read, i32 %p_ZZ5conv3PA255_A255_fPA32_A5_A5_fPfS1_E7in_tile_2_2_0_load_1_read, i32 %p_ZZ5conv3PA255_A255_fPA32_A5_A5_fPfS1_E7in_tile_2_3_0_load_1_read, i32 %p_ZZ5conv3PA255_A255_fPA32_A5_A5_fPfS1_E7in_tile_2_4_0_load_1_read, i32 %p_ZZ5conv3PA255_A255_fPA32_A5_A5_fPfS1_E7in_tile_2_0_0_load_1_read, i3 %trunc_ln_read" [src/conv3.cpp:86]   --->   Operation 782 'mux' 'tmp_8' <Predicate = (icmp_ln79)> <Delay = 0.57> <CoreInst = "Multiplexer">   --->   Core 76 'Multiplexer' <Latency = 0> <II = 1> <Delay = 0.57> <FuncUnit> <Opcode : 'mux'> <InPorts = 2> <OutPorts = 1>
ST_6 : Operation 783 [1/1] (0.57ns)   --->   "%tmp_9 = mux i32 @_ssdm_op_Mux.ap_auto.5float.i3, i32 %p_ZZ5conv3PA255_A255_fPA32_A5_A5_fPfS1_E7in_tile_3_1_0_load_1_read, i32 %p_ZZ5conv3PA255_A255_fPA32_A5_A5_fPfS1_E7in_tile_3_2_0_load_1_read, i32 %p_ZZ5conv3PA255_A255_fPA32_A5_A5_fPfS1_E7in_tile_3_3_0_load_1_read, i32 %p_ZZ5conv3PA255_A255_fPA32_A5_A5_fPfS1_E7in_tile_3_4_0_load_1_read, i32 %p_ZZ5conv3PA255_A255_fPA32_A5_A5_fPfS1_E7in_tile_3_0_0_load_1_read, i3 %trunc_ln_read" [src/conv3.cpp:86]   --->   Operation 783 'mux' 'tmp_9' <Predicate = (icmp_ln79)> <Delay = 0.57> <CoreInst = "Multiplexer">   --->   Core 76 'Multiplexer' <Latency = 0> <II = 1> <Delay = 0.57> <FuncUnit> <Opcode : 'mux'> <InPorts = 2> <OutPorts = 1>
ST_6 : Operation 784 [1/1] (0.57ns)   --->   "%tmp_s = mux i32 @_ssdm_op_Mux.ap_auto.5float.i3, i32 %p_ZZ5conv3PA255_A255_fPA32_A5_A5_fPfS1_E7in_tile_4_1_0_load_1_read, i32 %p_ZZ5conv3PA255_A255_fPA32_A5_A5_fPfS1_E7in_tile_4_2_0_load_1_read, i32 %p_ZZ5conv3PA255_A255_fPA32_A5_A5_fPfS1_E7in_tile_4_3_0_load_1_read, i32 %p_ZZ5conv3PA255_A255_fPA32_A5_A5_fPfS1_E7in_tile_4_4_0_load_1_read, i32 %p_ZZ5conv3PA255_A255_fPA32_A5_A5_fPfS1_E7in_tile_4_0_0_load_1_read, i3 %trunc_ln_read" [src/conv3.cpp:86]   --->   Operation 784 'mux' 'tmp_s' <Predicate = (icmp_ln79)> <Delay = 0.57> <CoreInst = "Multiplexer">   --->   Core 76 'Multiplexer' <Latency = 0> <II = 1> <Delay = 0.57> <FuncUnit> <Opcode : 'mux'> <InPorts = 2> <OutPorts = 1>
ST_6 : Operation 785 [1/1] (0.57ns)   --->   "%tmp_10 = mux i32 @_ssdm_op_Mux.ap_auto.5float.i3, i32 %tmp_6, i32 %tmp_7, i32 %tmp_8, i32 %tmp_9, i32 %tmp_s, i3 %trunc_ln74_mid2_read" [src/conv3.cpp:86]   --->   Operation 785 'mux' 'tmp_10' <Predicate = (icmp_ln79)> <Delay = 0.57> <CoreInst = "Multiplexer">   --->   Core 76 'Multiplexer' <Latency = 0> <II = 1> <Delay = 0.57> <FuncUnit> <Opcode : 'mux'> <InPorts = 2> <OutPorts = 1>

State 7 <SV = 6> <Delay = 7.01>
ST_7 : Operation 786 [3/4] (6.43ns)   --->   "%acc_2 = fadd i32 %acc, i32 %mul" [src/conv3.cpp:85]   --->   Operation 786 'fadd' 'acc_2' <Predicate = (icmp_ln79)> <Delay = 6.43> <CoreInst = "FAddSub_fulldsp">   --->   Core 18 'FAddSub_fulldsp' <Latency = 3> <II = 1> <Delay = 6.43> <FuncUnit> <Opcode : 'fadd' 'fsub'> <InPorts = 2> <OutPorts = 1>
ST_7 : [1/1] (1.18ns)   --->   Input mux for Operation 787 '%mul_s = fmul i32 %p_ZZ5conv3PA255_A255_fPA32_A5_A5_fPfS1_E6w_tile_0_1_0_load, i32 %tmp_10'
ST_7 : Operation 787 [3/3] (5.83ns)   --->   "%mul_s = fmul i32 %p_ZZ5conv3PA255_A255_fPA32_A5_A5_fPfS1_E6w_tile_0_1_0_load, i32 %tmp_10" [src/conv3.cpp:85]   --->   Operation 787 'fmul' 'mul_s' <Predicate = (icmp_ln79)> <Delay = 5.83> <CoreInst = "FMul_maxdsp">   --->   Core 30 'FMul_maxdsp' <Latency = 2> <II = 1> <Delay = 7.01> <FuncUnit> <Opcode : 'fmul'> <InPorts = 2> <OutPorts = 1>

State 8 <SV = 7> <Delay = 7.01>
ST_8 : Operation 788 [2/4] (6.43ns)   --->   "%acc_2 = fadd i32 %acc, i32 %mul" [src/conv3.cpp:85]   --->   Operation 788 'fadd' 'acc_2' <Predicate = (icmp_ln79)> <Delay = 6.43> <CoreInst = "FAddSub_fulldsp">   --->   Core 18 'FAddSub_fulldsp' <Latency = 3> <II = 1> <Delay = 6.43> <FuncUnit> <Opcode : 'fadd' 'fsub'> <InPorts = 2> <OutPorts = 1>
ST_8 : Operation 789 [2/3] (7.01ns)   --->   "%mul_s = fmul i32 %p_ZZ5conv3PA255_A255_fPA32_A5_A5_fPfS1_E6w_tile_0_1_0_load, i32 %tmp_10" [src/conv3.cpp:85]   --->   Operation 789 'fmul' 'mul_s' <Predicate = (icmp_ln79)> <Delay = 7.01> <CoreInst = "FMul_maxdsp">   --->   Core 30 'FMul_maxdsp' <Latency = 2> <II = 1> <Delay = 7.01> <FuncUnit> <Opcode : 'fmul'> <InPorts = 2> <OutPorts = 1>

State 9 <SV = 8> <Delay = 7.01>
ST_9 : Operation 790 [1/4] (6.43ns)   --->   "%acc_2 = fadd i32 %acc, i32 %mul" [src/conv3.cpp:85]   --->   Operation 790 'fadd' 'acc_2' <Predicate = (icmp_ln79)> <Delay = 6.43> <CoreInst = "FAddSub_fulldsp">   --->   Core 18 'FAddSub_fulldsp' <Latency = 3> <II = 1> <Delay = 6.43> <FuncUnit> <Opcode : 'fadd' 'fsub'> <InPorts = 2> <OutPorts = 1>
ST_9 : Operation 791 [1/3] (7.01ns)   --->   "%mul_s = fmul i32 %p_ZZ5conv3PA255_A255_fPA32_A5_A5_fPfS1_E6w_tile_0_1_0_load, i32 %tmp_10" [src/conv3.cpp:85]   --->   Operation 791 'fmul' 'mul_s' <Predicate = (icmp_ln79)> <Delay = 7.01> <CoreInst = "FMul_maxdsp">   --->   Core 30 'FMul_maxdsp' <Latency = 2> <II = 1> <Delay = 7.01> <FuncUnit> <Opcode : 'fmul'> <InPorts = 2> <OutPorts = 1>
ST_9 : Operation 792 [1/1] (0.00ns)   --->   "%p_ZZ5conv3PA255_A255_fPA32_A5_A5_fPfS1_E6w_tile_0_2_0_addr = getelementptr i32 %p_ZZ5conv3PA255_A255_fPA32_A5_A5_fPfS1_E6w_tile_0_2_0, i64 0, i64 %zext_ln77" [src/conv3.cpp:85]   --->   Operation 792 'getelementptr' 'p_ZZ5conv3PA255_A255_fPA32_A5_A5_fPfS1_E6w_tile_0_2_0_addr' <Predicate = (icmp_ln79)> <Delay = 0.00>
ST_9 : Operation 793 [2/2] (0.67ns)   --->   "%p_ZZ5conv3PA255_A255_fPA32_A5_A5_fPfS1_E6w_tile_0_2_0_load = load i3 %p_ZZ5conv3PA255_A255_fPA32_A5_A5_fPfS1_E6w_tile_0_2_0_addr" [src/conv3.cpp:85]   --->   Operation 793 'load' 'p_ZZ5conv3PA255_A255_fPA32_A5_A5_fPfS1_E6w_tile_0_2_0_load' <Predicate = (icmp_ln79)> <Delay = 0.67> <CoreInst = "RAM">   --->   Core 83 'RAM' <Latency = 1> <II = 1> <Delay = 0.67> <Storage> <Opcode : 'load' 'store'> <Ports = 2> <Width = 32> <Depth = 8> <RAM>

State 10 <SV = 9> <Delay = 6.43>
ST_10 : [1/1] (1.18ns)   --->   Input mux for Operation 794 '%acc_3 = fadd i32 %acc_2, i32 %mul_s'
ST_10 : Operation 794 [4/4] (5.25ns)   --->   "%acc_3 = fadd i32 %acc_2, i32 %mul_s" [src/conv3.cpp:85]   --->   Operation 794 'fadd' 'acc_3' <Predicate = (icmp_ln79)> <Delay = 5.25> <CoreInst = "FAddSub_fulldsp">   --->   Core 18 'FAddSub_fulldsp' <Latency = 3> <II = 1> <Delay = 6.43> <FuncUnit> <Opcode : 'fadd' 'fsub'> <InPorts = 2> <OutPorts = 1>
ST_10 : Operation 795 [1/2] (0.67ns)   --->   "%p_ZZ5conv3PA255_A255_fPA32_A5_A5_fPfS1_E6w_tile_0_2_0_load = load i3 %p_ZZ5conv3PA255_A255_fPA32_A5_A5_fPfS1_E6w_tile_0_2_0_addr" [src/conv3.cpp:85]   --->   Operation 795 'load' 'p_ZZ5conv3PA255_A255_fPA32_A5_A5_fPfS1_E6w_tile_0_2_0_load' <Predicate = (icmp_ln79)> <Delay = 0.67> <CoreInst = "RAM">   --->   Core 83 'RAM' <Latency = 1> <II = 1> <Delay = 0.67> <Storage> <Opcode : 'load' 'store'> <Ports = 2> <Width = 32> <Depth = 8> <RAM>
ST_10 : Operation 796 [1/1] (0.57ns)   --->   "%tmp_11 = mux i32 @_ssdm_op_Mux.ap_auto.5float.i3, i32 %p_ZZ5conv3PA255_A255_fPA32_A5_A5_fPfS1_E7in_tile_0_2_0_load_2_read, i32 %p_ZZ5conv3PA255_A255_fPA32_A5_A5_fPfS1_E7in_tile_0_3_0_load_2_read, i32 %p_ZZ5conv3PA255_A255_fPA32_A5_A5_fPfS1_E7in_tile_0_4_0_load_2_read, i32 %p_ZZ5conv3PA255_A255_fPA32_A5_A5_fPfS1_E7in_tile_0_0_0_load_2_read, i32 %p_ZZ5conv3PA255_A255_fPA32_A5_A5_fPfS1_E7in_tile_0_1_0_load_2_read, i3 %trunc_ln_read" [src/conv3.cpp:86]   --->   Operation 796 'mux' 'tmp_11' <Predicate = (icmp_ln79)> <Delay = 0.57> <CoreInst = "Multiplexer">   --->   Core 76 'Multiplexer' <Latency = 0> <II = 1> <Delay = 0.57> <FuncUnit> <Opcode : 'mux'> <InPorts = 2> <OutPorts = 1>
ST_10 : Operation 797 [1/1] (0.57ns)   --->   "%tmp_12 = mux i32 @_ssdm_op_Mux.ap_auto.5float.i3, i32 %p_ZZ5conv3PA255_A255_fPA32_A5_A5_fPfS1_E7in_tile_1_2_0_load_2_read, i32 %p_ZZ5conv3PA255_A255_fPA32_A5_A5_fPfS1_E7in_tile_1_3_0_load_2_read, i32 %p_ZZ5conv3PA255_A255_fPA32_A5_A5_fPfS1_E7in_tile_1_4_0_load_2_read, i32 %p_ZZ5conv3PA255_A255_fPA32_A5_A5_fPfS1_E7in_tile_1_0_0_load_2_read, i32 %p_ZZ5conv3PA255_A255_fPA32_A5_A5_fPfS1_E7in_tile_1_1_0_load_2_read, i3 %trunc_ln_read" [src/conv3.cpp:86]   --->   Operation 797 'mux' 'tmp_12' <Predicate = (icmp_ln79)> <Delay = 0.57> <CoreInst = "Multiplexer">   --->   Core 76 'Multiplexer' <Latency = 0> <II = 1> <Delay = 0.57> <FuncUnit> <Opcode : 'mux'> <InPorts = 2> <OutPorts = 1>
ST_10 : Operation 798 [1/1] (0.57ns)   --->   "%tmp_13 = mux i32 @_ssdm_op_Mux.ap_auto.5float.i3, i32 %p_ZZ5conv3PA255_A255_fPA32_A5_A5_fPfS1_E7in_tile_2_2_0_load_2_read, i32 %p_ZZ5conv3PA255_A255_fPA32_A5_A5_fPfS1_E7in_tile_2_3_0_load_2_read, i32 %p_ZZ5conv3PA255_A255_fPA32_A5_A5_fPfS1_E7in_tile_2_4_0_load_2_read, i32 %p_ZZ5conv3PA255_A255_fPA32_A5_A5_fPfS1_E7in_tile_2_0_0_load_2_read, i32 %p_ZZ5conv3PA255_A255_fPA32_A5_A5_fPfS1_E7in_tile_2_1_0_load_2_read, i3 %trunc_ln_read" [src/conv3.cpp:86]   --->   Operation 798 'mux' 'tmp_13' <Predicate = (icmp_ln79)> <Delay = 0.57> <CoreInst = "Multiplexer">   --->   Core 76 'Multiplexer' <Latency = 0> <II = 1> <Delay = 0.57> <FuncUnit> <Opcode : 'mux'> <InPorts = 2> <OutPorts = 1>
ST_10 : Operation 799 [1/1] (0.57ns)   --->   "%tmp_14 = mux i32 @_ssdm_op_Mux.ap_auto.5float.i3, i32 %p_ZZ5conv3PA255_A255_fPA32_A5_A5_fPfS1_E7in_tile_3_2_0_load_2_read, i32 %p_ZZ5conv3PA255_A255_fPA32_A5_A5_fPfS1_E7in_tile_3_3_0_load_2_read, i32 %p_ZZ5conv3PA255_A255_fPA32_A5_A5_fPfS1_E7in_tile_3_4_0_load_2_read, i32 %p_ZZ5conv3PA255_A255_fPA32_A5_A5_fPfS1_E7in_tile_3_0_0_load_2_read, i32 %p_ZZ5conv3PA255_A255_fPA32_A5_A5_fPfS1_E7in_tile_3_1_0_load_2_read, i3 %trunc_ln_read" [src/conv3.cpp:86]   --->   Operation 799 'mux' 'tmp_14' <Predicate = (icmp_ln79)> <Delay = 0.57> <CoreInst = "Multiplexer">   --->   Core 76 'Multiplexer' <Latency = 0> <II = 1> <Delay = 0.57> <FuncUnit> <Opcode : 'mux'> <InPorts = 2> <OutPorts = 1>
ST_10 : Operation 800 [1/1] (0.57ns)   --->   "%tmp_15 = mux i32 @_ssdm_op_Mux.ap_auto.5float.i3, i32 %p_ZZ5conv3PA255_A255_fPA32_A5_A5_fPfS1_E7in_tile_4_2_0_load_2_read, i32 %p_ZZ5conv3PA255_A255_fPA32_A5_A5_fPfS1_E7in_tile_4_3_0_load_2_read, i32 %p_ZZ5conv3PA255_A255_fPA32_A5_A5_fPfS1_E7in_tile_4_4_0_load_2_read, i32 %p_ZZ5conv3PA255_A255_fPA32_A5_A5_fPfS1_E7in_tile_4_0_0_load_2_read, i32 %p_ZZ5conv3PA255_A255_fPA32_A5_A5_fPfS1_E7in_tile_4_1_0_load_2_read, i3 %trunc_ln_read" [src/conv3.cpp:86]   --->   Operation 800 'mux' 'tmp_15' <Predicate = (icmp_ln79)> <Delay = 0.57> <CoreInst = "Multiplexer">   --->   Core 76 'Multiplexer' <Latency = 0> <II = 1> <Delay = 0.57> <FuncUnit> <Opcode : 'mux'> <InPorts = 2> <OutPorts = 1>
ST_10 : Operation 801 [1/1] (0.57ns)   --->   "%tmp_16 = mux i32 @_ssdm_op_Mux.ap_auto.5float.i3, i32 %tmp_11, i32 %tmp_12, i32 %tmp_13, i32 %tmp_14, i32 %tmp_15, i3 %trunc_ln74_mid2_read" [src/conv3.cpp:86]   --->   Operation 801 'mux' 'tmp_16' <Predicate = (icmp_ln79)> <Delay = 0.57> <CoreInst = "Multiplexer">   --->   Core 76 'Multiplexer' <Latency = 0> <II = 1> <Delay = 0.57> <FuncUnit> <Opcode : 'mux'> <InPorts = 2> <OutPorts = 1>

State 11 <SV = 10> <Delay = 7.01>
ST_11 : Operation 802 [3/4] (6.43ns)   --->   "%acc_3 = fadd i32 %acc_2, i32 %mul_s" [src/conv3.cpp:85]   --->   Operation 802 'fadd' 'acc_3' <Predicate = (icmp_ln79)> <Delay = 6.43> <CoreInst = "FAddSub_fulldsp">   --->   Core 18 'FAddSub_fulldsp' <Latency = 3> <II = 1> <Delay = 6.43> <FuncUnit> <Opcode : 'fadd' 'fsub'> <InPorts = 2> <OutPorts = 1>
ST_11 : [1/1] (1.18ns)   --->   Input mux for Operation 803 '%mul_5 = fmul i32 %p_ZZ5conv3PA255_A255_fPA32_A5_A5_fPfS1_E6w_tile_0_2_0_load, i32 %tmp_16'
ST_11 : Operation 803 [3/3] (5.83ns)   --->   "%mul_5 = fmul i32 %p_ZZ5conv3PA255_A255_fPA32_A5_A5_fPfS1_E6w_tile_0_2_0_load, i32 %tmp_16" [src/conv3.cpp:85]   --->   Operation 803 'fmul' 'mul_5' <Predicate = (icmp_ln79)> <Delay = 5.83> <CoreInst = "FMul_maxdsp">   --->   Core 30 'FMul_maxdsp' <Latency = 2> <II = 1> <Delay = 7.01> <FuncUnit> <Opcode : 'fmul'> <InPorts = 2> <OutPorts = 1>

State 12 <SV = 11> <Delay = 7.01>
ST_12 : Operation 804 [2/4] (6.43ns)   --->   "%acc_3 = fadd i32 %acc_2, i32 %mul_s" [src/conv3.cpp:85]   --->   Operation 804 'fadd' 'acc_3' <Predicate = (icmp_ln79)> <Delay = 6.43> <CoreInst = "FAddSub_fulldsp">   --->   Core 18 'FAddSub_fulldsp' <Latency = 3> <II = 1> <Delay = 6.43> <FuncUnit> <Opcode : 'fadd' 'fsub'> <InPorts = 2> <OutPorts = 1>
ST_12 : Operation 805 [2/3] (7.01ns)   --->   "%mul_5 = fmul i32 %p_ZZ5conv3PA255_A255_fPA32_A5_A5_fPfS1_E6w_tile_0_2_0_load, i32 %tmp_16" [src/conv3.cpp:85]   --->   Operation 805 'fmul' 'mul_5' <Predicate = (icmp_ln79)> <Delay = 7.01> <CoreInst = "FMul_maxdsp">   --->   Core 30 'FMul_maxdsp' <Latency = 2> <II = 1> <Delay = 7.01> <FuncUnit> <Opcode : 'fmul'> <InPorts = 2> <OutPorts = 1>

State 13 <SV = 12> <Delay = 7.01>
ST_13 : Operation 806 [1/4] (6.43ns)   --->   "%acc_3 = fadd i32 %acc_2, i32 %mul_s" [src/conv3.cpp:85]   --->   Operation 806 'fadd' 'acc_3' <Predicate = (icmp_ln79)> <Delay = 6.43> <CoreInst = "FAddSub_fulldsp">   --->   Core 18 'FAddSub_fulldsp' <Latency = 3> <II = 1> <Delay = 6.43> <FuncUnit> <Opcode : 'fadd' 'fsub'> <InPorts = 2> <OutPorts = 1>
ST_13 : Operation 807 [1/3] (7.01ns)   --->   "%mul_5 = fmul i32 %p_ZZ5conv3PA255_A255_fPA32_A5_A5_fPfS1_E6w_tile_0_2_0_load, i32 %tmp_16" [src/conv3.cpp:85]   --->   Operation 807 'fmul' 'mul_5' <Predicate = (icmp_ln79)> <Delay = 7.01> <CoreInst = "FMul_maxdsp">   --->   Core 30 'FMul_maxdsp' <Latency = 2> <II = 1> <Delay = 7.01> <FuncUnit> <Opcode : 'fmul'> <InPorts = 2> <OutPorts = 1>
ST_13 : Operation 808 [1/1] (0.00ns)   --->   "%p_ZZ5conv3PA255_A255_fPA32_A5_A5_fPfS1_E6w_tile_0_3_0_addr = getelementptr i32 %p_ZZ5conv3PA255_A255_fPA32_A5_A5_fPfS1_E6w_tile_0_3_0, i64 0, i64 %zext_ln77" [src/conv3.cpp:85]   --->   Operation 808 'getelementptr' 'p_ZZ5conv3PA255_A255_fPA32_A5_A5_fPfS1_E6w_tile_0_3_0_addr' <Predicate = (icmp_ln79)> <Delay = 0.00>
ST_13 : Operation 809 [2/2] (0.67ns)   --->   "%p_ZZ5conv3PA255_A255_fPA32_A5_A5_fPfS1_E6w_tile_0_3_0_load = load i3 %p_ZZ5conv3PA255_A255_fPA32_A5_A5_fPfS1_E6w_tile_0_3_0_addr" [src/conv3.cpp:85]   --->   Operation 809 'load' 'p_ZZ5conv3PA255_A255_fPA32_A5_A5_fPfS1_E6w_tile_0_3_0_load' <Predicate = (icmp_ln79)> <Delay = 0.67> <CoreInst = "RAM">   --->   Core 83 'RAM' <Latency = 1> <II = 1> <Delay = 0.67> <Storage> <Opcode : 'load' 'store'> <Ports = 2> <Width = 32> <Depth = 8> <RAM>

State 14 <SV = 13> <Delay = 6.43>
ST_14 : [1/1] (1.18ns)   --->   Input mux for Operation 810 '%acc_4 = fadd i32 %acc_3, i32 %mul_5'
ST_14 : Operation 810 [4/4] (5.25ns)   --->   "%acc_4 = fadd i32 %acc_3, i32 %mul_5" [src/conv3.cpp:85]   --->   Operation 810 'fadd' 'acc_4' <Predicate = (icmp_ln79)> <Delay = 5.25> <CoreInst = "FAddSub_fulldsp">   --->   Core 18 'FAddSub_fulldsp' <Latency = 3> <II = 1> <Delay = 6.43> <FuncUnit> <Opcode : 'fadd' 'fsub'> <InPorts = 2> <OutPorts = 1>
ST_14 : Operation 811 [1/2] (0.67ns)   --->   "%p_ZZ5conv3PA255_A255_fPA32_A5_A5_fPfS1_E6w_tile_0_3_0_load = load i3 %p_ZZ5conv3PA255_A255_fPA32_A5_A5_fPfS1_E6w_tile_0_3_0_addr" [src/conv3.cpp:85]   --->   Operation 811 'load' 'p_ZZ5conv3PA255_A255_fPA32_A5_A5_fPfS1_E6w_tile_0_3_0_load' <Predicate = (icmp_ln79)> <Delay = 0.67> <CoreInst = "RAM">   --->   Core 83 'RAM' <Latency = 1> <II = 1> <Delay = 0.67> <Storage> <Opcode : 'load' 'store'> <Ports = 2> <Width = 32> <Depth = 8> <RAM>
ST_14 : Operation 812 [1/1] (0.57ns)   --->   "%tmp_17 = mux i32 @_ssdm_op_Mux.ap_auto.5float.i3, i32 %p_ZZ5conv3PA255_A255_fPA32_A5_A5_fPfS1_E7in_tile_0_3_0_load_3_read, i32 %p_ZZ5conv3PA255_A255_fPA32_A5_A5_fPfS1_E7in_tile_0_4_0_load_3_read, i32 %p_ZZ5conv3PA255_A255_fPA32_A5_A5_fPfS1_E7in_tile_0_0_0_load_3_read, i32 %p_ZZ5conv3PA255_A255_fPA32_A5_A5_fPfS1_E7in_tile_0_1_0_load_3_read, i32 %p_ZZ5conv3PA255_A255_fPA32_A5_A5_fPfS1_E7in_tile_0_2_0_load_3_read, i3 %trunc_ln_read" [src/conv3.cpp:86]   --->   Operation 812 'mux' 'tmp_17' <Predicate = (icmp_ln79)> <Delay = 0.57> <CoreInst = "Multiplexer">   --->   Core 76 'Multiplexer' <Latency = 0> <II = 1> <Delay = 0.57> <FuncUnit> <Opcode : 'mux'> <InPorts = 2> <OutPorts = 1>
ST_14 : Operation 813 [1/1] (0.57ns)   --->   "%tmp_18 = mux i32 @_ssdm_op_Mux.ap_auto.5float.i3, i32 %p_ZZ5conv3PA255_A255_fPA32_A5_A5_fPfS1_E7in_tile_1_3_0_load_3_read, i32 %p_ZZ5conv3PA255_A255_fPA32_A5_A5_fPfS1_E7in_tile_1_4_0_load_3_read, i32 %p_ZZ5conv3PA255_A255_fPA32_A5_A5_fPfS1_E7in_tile_1_0_0_load_3_read, i32 %p_ZZ5conv3PA255_A255_fPA32_A5_A5_fPfS1_E7in_tile_1_1_0_load_3_read, i32 %p_ZZ5conv3PA255_A255_fPA32_A5_A5_fPfS1_E7in_tile_1_2_0_load_3_read, i3 %trunc_ln_read" [src/conv3.cpp:86]   --->   Operation 813 'mux' 'tmp_18' <Predicate = (icmp_ln79)> <Delay = 0.57> <CoreInst = "Multiplexer">   --->   Core 76 'Multiplexer' <Latency = 0> <II = 1> <Delay = 0.57> <FuncUnit> <Opcode : 'mux'> <InPorts = 2> <OutPorts = 1>
ST_14 : Operation 814 [1/1] (0.57ns)   --->   "%tmp_19 = mux i32 @_ssdm_op_Mux.ap_auto.5float.i3, i32 %p_ZZ5conv3PA255_A255_fPA32_A5_A5_fPfS1_E7in_tile_2_3_0_load_3_read, i32 %p_ZZ5conv3PA255_A255_fPA32_A5_A5_fPfS1_E7in_tile_2_4_0_load_3_read, i32 %p_ZZ5conv3PA255_A255_fPA32_A5_A5_fPfS1_E7in_tile_2_0_0_load_3_read, i32 %p_ZZ5conv3PA255_A255_fPA32_A5_A5_fPfS1_E7in_tile_2_1_0_load_3_read, i32 %p_ZZ5conv3PA255_A255_fPA32_A5_A5_fPfS1_E7in_tile_2_2_0_load_3_read, i3 %trunc_ln_read" [src/conv3.cpp:86]   --->   Operation 814 'mux' 'tmp_19' <Predicate = (icmp_ln79)> <Delay = 0.57> <CoreInst = "Multiplexer">   --->   Core 76 'Multiplexer' <Latency = 0> <II = 1> <Delay = 0.57> <FuncUnit> <Opcode : 'mux'> <InPorts = 2> <OutPorts = 1>
ST_14 : Operation 815 [1/1] (0.57ns)   --->   "%tmp_20 = mux i32 @_ssdm_op_Mux.ap_auto.5float.i3, i32 %p_ZZ5conv3PA255_A255_fPA32_A5_A5_fPfS1_E7in_tile_3_3_0_load_3_read, i32 %p_ZZ5conv3PA255_A255_fPA32_A5_A5_fPfS1_E7in_tile_3_4_0_load_3_read, i32 %p_ZZ5conv3PA255_A255_fPA32_A5_A5_fPfS1_E7in_tile_3_0_0_load_3_read, i32 %p_ZZ5conv3PA255_A255_fPA32_A5_A5_fPfS1_E7in_tile_3_1_0_load_3_read, i32 %p_ZZ5conv3PA255_A255_fPA32_A5_A5_fPfS1_E7in_tile_3_2_0_load_3_read, i3 %trunc_ln_read" [src/conv3.cpp:86]   --->   Operation 815 'mux' 'tmp_20' <Predicate = (icmp_ln79)> <Delay = 0.57> <CoreInst = "Multiplexer">   --->   Core 76 'Multiplexer' <Latency = 0> <II = 1> <Delay = 0.57> <FuncUnit> <Opcode : 'mux'> <InPorts = 2> <OutPorts = 1>
ST_14 : Operation 816 [1/1] (0.57ns)   --->   "%tmp_21 = mux i32 @_ssdm_op_Mux.ap_auto.5float.i3, i32 %p_ZZ5conv3PA255_A255_fPA32_A5_A5_fPfS1_E7in_tile_4_3_0_load_3_read, i32 %p_ZZ5conv3PA255_A255_fPA32_A5_A5_fPfS1_E7in_tile_4_4_0_load_3_read, i32 %p_ZZ5conv3PA255_A255_fPA32_A5_A5_fPfS1_E7in_tile_4_0_0_load_3_read, i32 %p_ZZ5conv3PA255_A255_fPA32_A5_A5_fPfS1_E7in_tile_4_1_0_load_3_read, i32 %p_ZZ5conv3PA255_A255_fPA32_A5_A5_fPfS1_E7in_tile_4_2_0_load_3_read, i3 %trunc_ln_read" [src/conv3.cpp:86]   --->   Operation 816 'mux' 'tmp_21' <Predicate = (icmp_ln79)> <Delay = 0.57> <CoreInst = "Multiplexer">   --->   Core 76 'Multiplexer' <Latency = 0> <II = 1> <Delay = 0.57> <FuncUnit> <Opcode : 'mux'> <InPorts = 2> <OutPorts = 1>
ST_14 : Operation 817 [1/1] (0.57ns)   --->   "%tmp_22 = mux i32 @_ssdm_op_Mux.ap_auto.5float.i3, i32 %tmp_17, i32 %tmp_18, i32 %tmp_19, i32 %tmp_20, i32 %tmp_21, i3 %trunc_ln74_mid2_read" [src/conv3.cpp:86]   --->   Operation 817 'mux' 'tmp_22' <Predicate = (icmp_ln79)> <Delay = 0.57> <CoreInst = "Multiplexer">   --->   Core 76 'Multiplexer' <Latency = 0> <II = 1> <Delay = 0.57> <FuncUnit> <Opcode : 'mux'> <InPorts = 2> <OutPorts = 1>

State 15 <SV = 14> <Delay = 7.01>
ST_15 : Operation 818 [3/4] (6.43ns)   --->   "%acc_4 = fadd i32 %acc_3, i32 %mul_5" [src/conv3.cpp:85]   --->   Operation 818 'fadd' 'acc_4' <Predicate = (icmp_ln79)> <Delay = 6.43> <CoreInst = "FAddSub_fulldsp">   --->   Core 18 'FAddSub_fulldsp' <Latency = 3> <II = 1> <Delay = 6.43> <FuncUnit> <Opcode : 'fadd' 'fsub'> <InPorts = 2> <OutPorts = 1>
ST_15 : [1/1] (1.18ns)   --->   Input mux for Operation 819 '%mul_6 = fmul i32 %p_ZZ5conv3PA255_A255_fPA32_A5_A5_fPfS1_E6w_tile_0_3_0_load, i32 %tmp_22'
ST_15 : Operation 819 [3/3] (5.83ns)   --->   "%mul_6 = fmul i32 %p_ZZ5conv3PA255_A255_fPA32_A5_A5_fPfS1_E6w_tile_0_3_0_load, i32 %tmp_22" [src/conv3.cpp:85]   --->   Operation 819 'fmul' 'mul_6' <Predicate = (icmp_ln79)> <Delay = 5.83> <CoreInst = "FMul_maxdsp">   --->   Core 30 'FMul_maxdsp' <Latency = 2> <II = 1> <Delay = 7.01> <FuncUnit> <Opcode : 'fmul'> <InPorts = 2> <OutPorts = 1>

State 16 <SV = 15> <Delay = 7.01>
ST_16 : Operation 820 [2/4] (6.43ns)   --->   "%acc_4 = fadd i32 %acc_3, i32 %mul_5" [src/conv3.cpp:85]   --->   Operation 820 'fadd' 'acc_4' <Predicate = (icmp_ln79)> <Delay = 6.43> <CoreInst = "FAddSub_fulldsp">   --->   Core 18 'FAddSub_fulldsp' <Latency = 3> <II = 1> <Delay = 6.43> <FuncUnit> <Opcode : 'fadd' 'fsub'> <InPorts = 2> <OutPorts = 1>
ST_16 : Operation 821 [2/3] (7.01ns)   --->   "%mul_6 = fmul i32 %p_ZZ5conv3PA255_A255_fPA32_A5_A5_fPfS1_E6w_tile_0_3_0_load, i32 %tmp_22" [src/conv3.cpp:85]   --->   Operation 821 'fmul' 'mul_6' <Predicate = (icmp_ln79)> <Delay = 7.01> <CoreInst = "FMul_maxdsp">   --->   Core 30 'FMul_maxdsp' <Latency = 2> <II = 1> <Delay = 7.01> <FuncUnit> <Opcode : 'fmul'> <InPorts = 2> <OutPorts = 1>

State 17 <SV = 16> <Delay = 7.01>
ST_17 : Operation 822 [1/4] (6.43ns)   --->   "%acc_4 = fadd i32 %acc_3, i32 %mul_5" [src/conv3.cpp:85]   --->   Operation 822 'fadd' 'acc_4' <Predicate = (icmp_ln79)> <Delay = 6.43> <CoreInst = "FAddSub_fulldsp">   --->   Core 18 'FAddSub_fulldsp' <Latency = 3> <II = 1> <Delay = 6.43> <FuncUnit> <Opcode : 'fadd' 'fsub'> <InPorts = 2> <OutPorts = 1>
ST_17 : Operation 823 [1/3] (7.01ns)   --->   "%mul_6 = fmul i32 %p_ZZ5conv3PA255_A255_fPA32_A5_A5_fPfS1_E6w_tile_0_3_0_load, i32 %tmp_22" [src/conv3.cpp:85]   --->   Operation 823 'fmul' 'mul_6' <Predicate = (icmp_ln79)> <Delay = 7.01> <CoreInst = "FMul_maxdsp">   --->   Core 30 'FMul_maxdsp' <Latency = 2> <II = 1> <Delay = 7.01> <FuncUnit> <Opcode : 'fmul'> <InPorts = 2> <OutPorts = 1>
ST_17 : Operation 824 [1/1] (0.00ns)   --->   "%p_ZZ5conv3PA255_A255_fPA32_A5_A5_fPfS1_E6w_tile_0_4_0_addr = getelementptr i32 %p_ZZ5conv3PA255_A255_fPA32_A5_A5_fPfS1_E6w_tile_0_4_0, i64 0, i64 %zext_ln77" [src/conv3.cpp:85]   --->   Operation 824 'getelementptr' 'p_ZZ5conv3PA255_A255_fPA32_A5_A5_fPfS1_E6w_tile_0_4_0_addr' <Predicate = (icmp_ln79)> <Delay = 0.00>
ST_17 : Operation 825 [2/2] (0.67ns)   --->   "%p_ZZ5conv3PA255_A255_fPA32_A5_A5_fPfS1_E6w_tile_0_4_0_load = load i3 %p_ZZ5conv3PA255_A255_fPA32_A5_A5_fPfS1_E6w_tile_0_4_0_addr" [src/conv3.cpp:85]   --->   Operation 825 'load' 'p_ZZ5conv3PA255_A255_fPA32_A5_A5_fPfS1_E6w_tile_0_4_0_load' <Predicate = (icmp_ln79)> <Delay = 0.67> <CoreInst = "RAM">   --->   Core 83 'RAM' <Latency = 1> <II = 1> <Delay = 0.67> <Storage> <Opcode : 'load' 'store'> <Ports = 2> <Width = 32> <Depth = 8> <RAM>

State 18 <SV = 17> <Delay = 6.43>
ST_18 : [1/1] (1.18ns)   --->   Input mux for Operation 826 '%acc_5 = fadd i32 %acc_4, i32 %mul_6'
ST_18 : Operation 826 [4/4] (5.25ns)   --->   "%acc_5 = fadd i32 %acc_4, i32 %mul_6" [src/conv3.cpp:85]   --->   Operation 826 'fadd' 'acc_5' <Predicate = (icmp_ln79)> <Delay = 5.25> <CoreInst = "FAddSub_fulldsp">   --->   Core 18 'FAddSub_fulldsp' <Latency = 3> <II = 1> <Delay = 6.43> <FuncUnit> <Opcode : 'fadd' 'fsub'> <InPorts = 2> <OutPorts = 1>
ST_18 : Operation 827 [1/2] (0.67ns)   --->   "%p_ZZ5conv3PA255_A255_fPA32_A5_A5_fPfS1_E6w_tile_0_4_0_load = load i3 %p_ZZ5conv3PA255_A255_fPA32_A5_A5_fPfS1_E6w_tile_0_4_0_addr" [src/conv3.cpp:85]   --->   Operation 827 'load' 'p_ZZ5conv3PA255_A255_fPA32_A5_A5_fPfS1_E6w_tile_0_4_0_load' <Predicate = (icmp_ln79)> <Delay = 0.67> <CoreInst = "RAM">   --->   Core 83 'RAM' <Latency = 1> <II = 1> <Delay = 0.67> <Storage> <Opcode : 'load' 'store'> <Ports = 2> <Width = 32> <Depth = 8> <RAM>
ST_18 : Operation 828 [1/1] (0.57ns)   --->   "%tmp_23 = mux i32 @_ssdm_op_Mux.ap_auto.5float.i3, i32 %p_ZZ5conv3PA255_A255_fPA32_A5_A5_fPfS1_E7in_tile_0_4_0_load_4_read, i32 %p_ZZ5conv3PA255_A255_fPA32_A5_A5_fPfS1_E7in_tile_0_0_0_load_4_read, i32 %p_ZZ5conv3PA255_A255_fPA32_A5_A5_fPfS1_E7in_tile_0_1_0_load_4_read, i32 %p_ZZ5conv3PA255_A255_fPA32_A5_A5_fPfS1_E7in_tile_0_2_0_load_4_read, i32 %p_ZZ5conv3PA255_A255_fPA32_A5_A5_fPfS1_E7in_tile_0_3_0_load_4_read, i3 %trunc_ln_read" [src/conv3.cpp:86]   --->   Operation 828 'mux' 'tmp_23' <Predicate = (icmp_ln79)> <Delay = 0.57> <CoreInst = "Multiplexer">   --->   Core 76 'Multiplexer' <Latency = 0> <II = 1> <Delay = 0.57> <FuncUnit> <Opcode : 'mux'> <InPorts = 2> <OutPorts = 1>
ST_18 : Operation 829 [1/1] (0.57ns)   --->   "%tmp_24 = mux i32 @_ssdm_op_Mux.ap_auto.5float.i3, i32 %p_ZZ5conv3PA255_A255_fPA32_A5_A5_fPfS1_E7in_tile_1_4_0_load_4_read, i32 %p_ZZ5conv3PA255_A255_fPA32_A5_A5_fPfS1_E7in_tile_1_0_0_load_4_read, i32 %p_ZZ5conv3PA255_A255_fPA32_A5_A5_fPfS1_E7in_tile_1_1_0_load_4_read, i32 %p_ZZ5conv3PA255_A255_fPA32_A5_A5_fPfS1_E7in_tile_1_2_0_load_4_read, i32 %p_ZZ5conv3PA255_A255_fPA32_A5_A5_fPfS1_E7in_tile_1_3_0_load_4_read, i3 %trunc_ln_read" [src/conv3.cpp:86]   --->   Operation 829 'mux' 'tmp_24' <Predicate = (icmp_ln79)> <Delay = 0.57> <CoreInst = "Multiplexer">   --->   Core 76 'Multiplexer' <Latency = 0> <II = 1> <Delay = 0.57> <FuncUnit> <Opcode : 'mux'> <InPorts = 2> <OutPorts = 1>
ST_18 : Operation 830 [1/1] (0.57ns)   --->   "%tmp_25 = mux i32 @_ssdm_op_Mux.ap_auto.5float.i3, i32 %p_ZZ5conv3PA255_A255_fPA32_A5_A5_fPfS1_E7in_tile_2_4_0_load_4_read, i32 %p_ZZ5conv3PA255_A255_fPA32_A5_A5_fPfS1_E7in_tile_2_0_0_load_4_read, i32 %p_ZZ5conv3PA255_A255_fPA32_A5_A5_fPfS1_E7in_tile_2_1_0_load_4_read, i32 %p_ZZ5conv3PA255_A255_fPA32_A5_A5_fPfS1_E7in_tile_2_2_0_load_4_read, i32 %p_ZZ5conv3PA255_A255_fPA32_A5_A5_fPfS1_E7in_tile_2_3_0_load_4_read, i3 %trunc_ln_read" [src/conv3.cpp:86]   --->   Operation 830 'mux' 'tmp_25' <Predicate = (icmp_ln79)> <Delay = 0.57> <CoreInst = "Multiplexer">   --->   Core 76 'Multiplexer' <Latency = 0> <II = 1> <Delay = 0.57> <FuncUnit> <Opcode : 'mux'> <InPorts = 2> <OutPorts = 1>
ST_18 : Operation 831 [1/1] (0.57ns)   --->   "%tmp_26 = mux i32 @_ssdm_op_Mux.ap_auto.5float.i3, i32 %p_ZZ5conv3PA255_A255_fPA32_A5_A5_fPfS1_E7in_tile_3_4_0_load_4_read, i32 %p_ZZ5conv3PA255_A255_fPA32_A5_A5_fPfS1_E7in_tile_3_0_0_load_4_read, i32 %p_ZZ5conv3PA255_A255_fPA32_A5_A5_fPfS1_E7in_tile_3_1_0_load_4_read, i32 %p_ZZ5conv3PA255_A255_fPA32_A5_A5_fPfS1_E7in_tile_3_2_0_load_4_read, i32 %p_ZZ5conv3PA255_A255_fPA32_A5_A5_fPfS1_E7in_tile_3_3_0_load_4_read, i3 %trunc_ln_read" [src/conv3.cpp:86]   --->   Operation 831 'mux' 'tmp_26' <Predicate = (icmp_ln79)> <Delay = 0.57> <CoreInst = "Multiplexer">   --->   Core 76 'Multiplexer' <Latency = 0> <II = 1> <Delay = 0.57> <FuncUnit> <Opcode : 'mux'> <InPorts = 2> <OutPorts = 1>
ST_18 : Operation 832 [1/1] (0.57ns)   --->   "%tmp_27 = mux i32 @_ssdm_op_Mux.ap_auto.5float.i3, i32 %p_ZZ5conv3PA255_A255_fPA32_A5_A5_fPfS1_E7in_tile_4_4_0_load_4_read, i32 %p_ZZ5conv3PA255_A255_fPA32_A5_A5_fPfS1_E7in_tile_4_0_0_load_4_read, i32 %p_ZZ5conv3PA255_A255_fPA32_A5_A5_fPfS1_E7in_tile_4_1_0_load_4_read, i32 %p_ZZ5conv3PA255_A255_fPA32_A5_A5_fPfS1_E7in_tile_4_2_0_load_4_read, i32 %p_ZZ5conv3PA255_A255_fPA32_A5_A5_fPfS1_E7in_tile_4_3_0_load_4_read, i3 %trunc_ln_read" [src/conv3.cpp:86]   --->   Operation 832 'mux' 'tmp_27' <Predicate = (icmp_ln79)> <Delay = 0.57> <CoreInst = "Multiplexer">   --->   Core 76 'Multiplexer' <Latency = 0> <II = 1> <Delay = 0.57> <FuncUnit> <Opcode : 'mux'> <InPorts = 2> <OutPorts = 1>
ST_18 : Operation 833 [1/1] (0.57ns)   --->   "%tmp_28 = mux i32 @_ssdm_op_Mux.ap_auto.5float.i3, i32 %tmp_23, i32 %tmp_24, i32 %tmp_25, i32 %tmp_26, i32 %tmp_27, i3 %trunc_ln74_mid2_read" [src/conv3.cpp:86]   --->   Operation 833 'mux' 'tmp_28' <Predicate = (icmp_ln79)> <Delay = 0.57> <CoreInst = "Multiplexer">   --->   Core 76 'Multiplexer' <Latency = 0> <II = 1> <Delay = 0.57> <FuncUnit> <Opcode : 'mux'> <InPorts = 2> <OutPorts = 1>

State 19 <SV = 18> <Delay = 7.01>
ST_19 : Operation 834 [3/4] (6.43ns)   --->   "%acc_5 = fadd i32 %acc_4, i32 %mul_6" [src/conv3.cpp:85]   --->   Operation 834 'fadd' 'acc_5' <Predicate = (icmp_ln79)> <Delay = 6.43> <CoreInst = "FAddSub_fulldsp">   --->   Core 18 'FAddSub_fulldsp' <Latency = 3> <II = 1> <Delay = 6.43> <FuncUnit> <Opcode : 'fadd' 'fsub'> <InPorts = 2> <OutPorts = 1>
ST_19 : [1/1] (1.18ns)   --->   Input mux for Operation 835 '%mul_7 = fmul i32 %p_ZZ5conv3PA255_A255_fPA32_A5_A5_fPfS1_E6w_tile_0_4_0_load, i32 %tmp_28'
ST_19 : Operation 835 [3/3] (5.83ns)   --->   "%mul_7 = fmul i32 %p_ZZ5conv3PA255_A255_fPA32_A5_A5_fPfS1_E6w_tile_0_4_0_load, i32 %tmp_28" [src/conv3.cpp:85]   --->   Operation 835 'fmul' 'mul_7' <Predicate = (icmp_ln79)> <Delay = 5.83> <CoreInst = "FMul_maxdsp">   --->   Core 30 'FMul_maxdsp' <Latency = 2> <II = 1> <Delay = 7.01> <FuncUnit> <Opcode : 'fmul'> <InPorts = 2> <OutPorts = 1>

State 20 <SV = 19> <Delay = 7.01>
ST_20 : Operation 836 [2/4] (6.43ns)   --->   "%acc_5 = fadd i32 %acc_4, i32 %mul_6" [src/conv3.cpp:85]   --->   Operation 836 'fadd' 'acc_5' <Predicate = (icmp_ln79)> <Delay = 6.43> <CoreInst = "FAddSub_fulldsp">   --->   Core 18 'FAddSub_fulldsp' <Latency = 3> <II = 1> <Delay = 6.43> <FuncUnit> <Opcode : 'fadd' 'fsub'> <InPorts = 2> <OutPorts = 1>
ST_20 : Operation 837 [2/3] (7.01ns)   --->   "%mul_7 = fmul i32 %p_ZZ5conv3PA255_A255_fPA32_A5_A5_fPfS1_E6w_tile_0_4_0_load, i32 %tmp_28" [src/conv3.cpp:85]   --->   Operation 837 'fmul' 'mul_7' <Predicate = (icmp_ln79)> <Delay = 7.01> <CoreInst = "FMul_maxdsp">   --->   Core 30 'FMul_maxdsp' <Latency = 2> <II = 1> <Delay = 7.01> <FuncUnit> <Opcode : 'fmul'> <InPorts = 2> <OutPorts = 1>

State 21 <SV = 20> <Delay = 7.01>
ST_21 : Operation 838 [1/4] (6.43ns)   --->   "%acc_5 = fadd i32 %acc_4, i32 %mul_6" [src/conv3.cpp:85]   --->   Operation 838 'fadd' 'acc_5' <Predicate = (icmp_ln79)> <Delay = 6.43> <CoreInst = "FAddSub_fulldsp">   --->   Core 18 'FAddSub_fulldsp' <Latency = 3> <II = 1> <Delay = 6.43> <FuncUnit> <Opcode : 'fadd' 'fsub'> <InPorts = 2> <OutPorts = 1>
ST_21 : Operation 839 [1/3] (7.01ns)   --->   "%mul_7 = fmul i32 %p_ZZ5conv3PA255_A255_fPA32_A5_A5_fPfS1_E6w_tile_0_4_0_load, i32 %tmp_28" [src/conv3.cpp:85]   --->   Operation 839 'fmul' 'mul_7' <Predicate = (icmp_ln79)> <Delay = 7.01> <CoreInst = "FMul_maxdsp">   --->   Core 30 'FMul_maxdsp' <Latency = 2> <II = 1> <Delay = 7.01> <FuncUnit> <Opcode : 'fmul'> <InPorts = 2> <OutPorts = 1>
ST_21 : Operation 840 [1/1] (0.00ns)   --->   "%p_ZZ5conv3PA255_A255_fPA32_A5_A5_fPfS1_E6w_tile_1_0_0_addr = getelementptr i32 %p_ZZ5conv3PA255_A255_fPA32_A5_A5_fPfS1_E6w_tile_1_0_0, i64 0, i64 %zext_ln77" [src/conv3.cpp:85]   --->   Operation 840 'getelementptr' 'p_ZZ5conv3PA255_A255_fPA32_A5_A5_fPfS1_E6w_tile_1_0_0_addr' <Predicate = (icmp_ln79)> <Delay = 0.00>
ST_21 : Operation 841 [2/2] (0.67ns)   --->   "%p_ZZ5conv3PA255_A255_fPA32_A5_A5_fPfS1_E6w_tile_1_0_0_load = load i3 %p_ZZ5conv3PA255_A255_fPA32_A5_A5_fPfS1_E6w_tile_1_0_0_addr" [src/conv3.cpp:85]   --->   Operation 841 'load' 'p_ZZ5conv3PA255_A255_fPA32_A5_A5_fPfS1_E6w_tile_1_0_0_load' <Predicate = (icmp_ln79)> <Delay = 0.67> <CoreInst = "RAM">   --->   Core 83 'RAM' <Latency = 1> <II = 1> <Delay = 0.67> <Storage> <Opcode : 'load' 'store'> <Ports = 2> <Width = 32> <Depth = 8> <RAM>

State 22 <SV = 21> <Delay = 6.43>
ST_22 : [1/1] (1.18ns)   --->   Input mux for Operation 842 '%acc_6 = fadd i32 %acc_5, i32 %mul_7'
ST_22 : Operation 842 [4/4] (5.25ns)   --->   "%acc_6 = fadd i32 %acc_5, i32 %mul_7" [src/conv3.cpp:85]   --->   Operation 842 'fadd' 'acc_6' <Predicate = (icmp_ln79)> <Delay = 5.25> <CoreInst = "FAddSub_fulldsp">   --->   Core 18 'FAddSub_fulldsp' <Latency = 3> <II = 1> <Delay = 6.43> <FuncUnit> <Opcode : 'fadd' 'fsub'> <InPorts = 2> <OutPorts = 1>
ST_22 : Operation 843 [1/2] (0.67ns)   --->   "%p_ZZ5conv3PA255_A255_fPA32_A5_A5_fPfS1_E6w_tile_1_0_0_load = load i3 %p_ZZ5conv3PA255_A255_fPA32_A5_A5_fPfS1_E6w_tile_1_0_0_addr" [src/conv3.cpp:85]   --->   Operation 843 'load' 'p_ZZ5conv3PA255_A255_fPA32_A5_A5_fPfS1_E6w_tile_1_0_0_load' <Predicate = (icmp_ln79)> <Delay = 0.67> <CoreInst = "RAM">   --->   Core 83 'RAM' <Latency = 1> <II = 1> <Delay = 0.67> <Storage> <Opcode : 'load' 'store'> <Ports = 2> <Width = 32> <Depth = 8> <RAM>
ST_22 : Operation 844 [1/1] (0.57ns)   --->   "%tmp_29 = mux i32 @_ssdm_op_Mux.ap_auto.5float.i3, i32 %p_ZZ5conv3PA255_A255_fPA32_A5_A5_fPfS1_E7in_tile_0_0_0_load_5_read, i32 %p_ZZ5conv3PA255_A255_fPA32_A5_A5_fPfS1_E7in_tile_0_1_0_load_5_read, i32 %p_ZZ5conv3PA255_A255_fPA32_A5_A5_fPfS1_E7in_tile_0_2_0_load_5_read, i32 %p_ZZ5conv3PA255_A255_fPA32_A5_A5_fPfS1_E7in_tile_0_3_0_load_5_read, i32 %p_ZZ5conv3PA255_A255_fPA32_A5_A5_fPfS1_E7in_tile_0_4_0_load_5_read, i3 %trunc_ln_read" [src/conv3.cpp:86]   --->   Operation 844 'mux' 'tmp_29' <Predicate = (icmp_ln79)> <Delay = 0.57> <CoreInst = "Multiplexer">   --->   Core 76 'Multiplexer' <Latency = 0> <II = 1> <Delay = 0.57> <FuncUnit> <Opcode : 'mux'> <InPorts = 2> <OutPorts = 1>
ST_22 : Operation 845 [1/1] (0.57ns)   --->   "%tmp_30 = mux i32 @_ssdm_op_Mux.ap_auto.5float.i3, i32 %p_ZZ5conv3PA255_A255_fPA32_A5_A5_fPfS1_E7in_tile_1_0_0_load_5_read, i32 %p_ZZ5conv3PA255_A255_fPA32_A5_A5_fPfS1_E7in_tile_1_1_0_load_5_read, i32 %p_ZZ5conv3PA255_A255_fPA32_A5_A5_fPfS1_E7in_tile_1_2_0_load_5_read, i32 %p_ZZ5conv3PA255_A255_fPA32_A5_A5_fPfS1_E7in_tile_1_3_0_load_5_read, i32 %p_ZZ5conv3PA255_A255_fPA32_A5_A5_fPfS1_E7in_tile_1_4_0_load_5_read, i3 %trunc_ln_read" [src/conv3.cpp:86]   --->   Operation 845 'mux' 'tmp_30' <Predicate = (icmp_ln79)> <Delay = 0.57> <CoreInst = "Multiplexer">   --->   Core 76 'Multiplexer' <Latency = 0> <II = 1> <Delay = 0.57> <FuncUnit> <Opcode : 'mux'> <InPorts = 2> <OutPorts = 1>
ST_22 : Operation 846 [1/1] (0.57ns)   --->   "%tmp_31 = mux i32 @_ssdm_op_Mux.ap_auto.5float.i3, i32 %p_ZZ5conv3PA255_A255_fPA32_A5_A5_fPfS1_E7in_tile_2_0_0_load_5_read, i32 %p_ZZ5conv3PA255_A255_fPA32_A5_A5_fPfS1_E7in_tile_2_1_0_load_5_read, i32 %p_ZZ5conv3PA255_A255_fPA32_A5_A5_fPfS1_E7in_tile_2_2_0_load_5_read, i32 %p_ZZ5conv3PA255_A255_fPA32_A5_A5_fPfS1_E7in_tile_2_3_0_load_5_read, i32 %p_ZZ5conv3PA255_A255_fPA32_A5_A5_fPfS1_E7in_tile_2_4_0_load_5_read, i3 %trunc_ln_read" [src/conv3.cpp:86]   --->   Operation 846 'mux' 'tmp_31' <Predicate = (icmp_ln79)> <Delay = 0.57> <CoreInst = "Multiplexer">   --->   Core 76 'Multiplexer' <Latency = 0> <II = 1> <Delay = 0.57> <FuncUnit> <Opcode : 'mux'> <InPorts = 2> <OutPorts = 1>
ST_22 : Operation 847 [1/1] (0.57ns)   --->   "%tmp_32 = mux i32 @_ssdm_op_Mux.ap_auto.5float.i3, i32 %p_ZZ5conv3PA255_A255_fPA32_A5_A5_fPfS1_E7in_tile_3_0_0_load_5_read, i32 %p_ZZ5conv3PA255_A255_fPA32_A5_A5_fPfS1_E7in_tile_3_1_0_load_5_read, i32 %p_ZZ5conv3PA255_A255_fPA32_A5_A5_fPfS1_E7in_tile_3_2_0_load_5_read, i32 %p_ZZ5conv3PA255_A255_fPA32_A5_A5_fPfS1_E7in_tile_3_3_0_load_5_read, i32 %p_ZZ5conv3PA255_A255_fPA32_A5_A5_fPfS1_E7in_tile_3_4_0_load_5_read, i3 %trunc_ln_read" [src/conv3.cpp:86]   --->   Operation 847 'mux' 'tmp_32' <Predicate = (icmp_ln79)> <Delay = 0.57> <CoreInst = "Multiplexer">   --->   Core 76 'Multiplexer' <Latency = 0> <II = 1> <Delay = 0.57> <FuncUnit> <Opcode : 'mux'> <InPorts = 2> <OutPorts = 1>
ST_22 : Operation 848 [1/1] (0.57ns)   --->   "%tmp_33 = mux i32 @_ssdm_op_Mux.ap_auto.5float.i3, i32 %p_ZZ5conv3PA255_A255_fPA32_A5_A5_fPfS1_E7in_tile_4_0_0_load_5_read, i32 %p_ZZ5conv3PA255_A255_fPA32_A5_A5_fPfS1_E7in_tile_4_1_0_load_5_read, i32 %p_ZZ5conv3PA255_A255_fPA32_A5_A5_fPfS1_E7in_tile_4_2_0_load_5_read, i32 %p_ZZ5conv3PA255_A255_fPA32_A5_A5_fPfS1_E7in_tile_4_3_0_load_5_read, i32 %p_ZZ5conv3PA255_A255_fPA32_A5_A5_fPfS1_E7in_tile_4_4_0_load_5_read, i3 %trunc_ln_read" [src/conv3.cpp:86]   --->   Operation 848 'mux' 'tmp_33' <Predicate = (icmp_ln79)> <Delay = 0.57> <CoreInst = "Multiplexer">   --->   Core 76 'Multiplexer' <Latency = 0> <II = 1> <Delay = 0.57> <FuncUnit> <Opcode : 'mux'> <InPorts = 2> <OutPorts = 1>
ST_22 : Operation 849 [1/1] (0.57ns)   --->   "%tmp_34 = mux i32 @_ssdm_op_Mux.ap_auto.5float.i3, i32 %tmp_30, i32 %tmp_31, i32 %tmp_32, i32 %tmp_33, i32 %tmp_29, i3 %trunc_ln74_mid2_read" [src/conv3.cpp:86]   --->   Operation 849 'mux' 'tmp_34' <Predicate = (icmp_ln79)> <Delay = 0.57> <CoreInst = "Multiplexer">   --->   Core 76 'Multiplexer' <Latency = 0> <II = 1> <Delay = 0.57> <FuncUnit> <Opcode : 'mux'> <InPorts = 2> <OutPorts = 1>

State 23 <SV = 22> <Delay = 7.01>
ST_23 : Operation 850 [3/4] (6.43ns)   --->   "%acc_6 = fadd i32 %acc_5, i32 %mul_7" [src/conv3.cpp:85]   --->   Operation 850 'fadd' 'acc_6' <Predicate = (icmp_ln79)> <Delay = 6.43> <CoreInst = "FAddSub_fulldsp">   --->   Core 18 'FAddSub_fulldsp' <Latency = 3> <II = 1> <Delay = 6.43> <FuncUnit> <Opcode : 'fadd' 'fsub'> <InPorts = 2> <OutPorts = 1>
ST_23 : [1/1] (1.18ns)   --->   Input mux for Operation 851 '%mul_1 = fmul i32 %p_ZZ5conv3PA255_A255_fPA32_A5_A5_fPfS1_E6w_tile_1_0_0_load, i32 %tmp_34'
ST_23 : Operation 851 [3/3] (5.83ns)   --->   "%mul_1 = fmul i32 %p_ZZ5conv3PA255_A255_fPA32_A5_A5_fPfS1_E6w_tile_1_0_0_load, i32 %tmp_34" [src/conv3.cpp:85]   --->   Operation 851 'fmul' 'mul_1' <Predicate = (icmp_ln79)> <Delay = 5.83> <CoreInst = "FMul_maxdsp">   --->   Core 30 'FMul_maxdsp' <Latency = 2> <II = 1> <Delay = 7.01> <FuncUnit> <Opcode : 'fmul'> <InPorts = 2> <OutPorts = 1>

State 24 <SV = 23> <Delay = 7.01>
ST_24 : Operation 852 [2/4] (6.43ns)   --->   "%acc_6 = fadd i32 %acc_5, i32 %mul_7" [src/conv3.cpp:85]   --->   Operation 852 'fadd' 'acc_6' <Predicate = (icmp_ln79)> <Delay = 6.43> <CoreInst = "FAddSub_fulldsp">   --->   Core 18 'FAddSub_fulldsp' <Latency = 3> <II = 1> <Delay = 6.43> <FuncUnit> <Opcode : 'fadd' 'fsub'> <InPorts = 2> <OutPorts = 1>
ST_24 : Operation 853 [2/3] (7.01ns)   --->   "%mul_1 = fmul i32 %p_ZZ5conv3PA255_A255_fPA32_A5_A5_fPfS1_E6w_tile_1_0_0_load, i32 %tmp_34" [src/conv3.cpp:85]   --->   Operation 853 'fmul' 'mul_1' <Predicate = (icmp_ln79)> <Delay = 7.01> <CoreInst = "FMul_maxdsp">   --->   Core 30 'FMul_maxdsp' <Latency = 2> <II = 1> <Delay = 7.01> <FuncUnit> <Opcode : 'fmul'> <InPorts = 2> <OutPorts = 1>

State 25 <SV = 24> <Delay = 7.01>
ST_25 : Operation 854 [1/4] (6.43ns)   --->   "%acc_6 = fadd i32 %acc_5, i32 %mul_7" [src/conv3.cpp:85]   --->   Operation 854 'fadd' 'acc_6' <Predicate = (icmp_ln79)> <Delay = 6.43> <CoreInst = "FAddSub_fulldsp">   --->   Core 18 'FAddSub_fulldsp' <Latency = 3> <II = 1> <Delay = 6.43> <FuncUnit> <Opcode : 'fadd' 'fsub'> <InPorts = 2> <OutPorts = 1>
ST_25 : Operation 855 [1/3] (7.01ns)   --->   "%mul_1 = fmul i32 %p_ZZ5conv3PA255_A255_fPA32_A5_A5_fPfS1_E6w_tile_1_0_0_load, i32 %tmp_34" [src/conv3.cpp:85]   --->   Operation 855 'fmul' 'mul_1' <Predicate = (icmp_ln79)> <Delay = 7.01> <CoreInst = "FMul_maxdsp">   --->   Core 30 'FMul_maxdsp' <Latency = 2> <II = 1> <Delay = 7.01> <FuncUnit> <Opcode : 'fmul'> <InPorts = 2> <OutPorts = 1>
ST_25 : Operation 856 [1/1] (0.00ns)   --->   "%p_ZZ5conv3PA255_A255_fPA32_A5_A5_fPfS1_E6w_tile_1_1_0_addr = getelementptr i32 %p_ZZ5conv3PA255_A255_fPA32_A5_A5_fPfS1_E6w_tile_1_1_0, i64 0, i64 %zext_ln77" [src/conv3.cpp:85]   --->   Operation 856 'getelementptr' 'p_ZZ5conv3PA255_A255_fPA32_A5_A5_fPfS1_E6w_tile_1_1_0_addr' <Predicate = (icmp_ln79)> <Delay = 0.00>
ST_25 : Operation 857 [2/2] (0.67ns)   --->   "%p_ZZ5conv3PA255_A255_fPA32_A5_A5_fPfS1_E6w_tile_1_1_0_load = load i3 %p_ZZ5conv3PA255_A255_fPA32_A5_A5_fPfS1_E6w_tile_1_1_0_addr" [src/conv3.cpp:85]   --->   Operation 857 'load' 'p_ZZ5conv3PA255_A255_fPA32_A5_A5_fPfS1_E6w_tile_1_1_0_load' <Predicate = (icmp_ln79)> <Delay = 0.67> <CoreInst = "RAM">   --->   Core 83 'RAM' <Latency = 1> <II = 1> <Delay = 0.67> <Storage> <Opcode : 'load' 'store'> <Ports = 2> <Width = 32> <Depth = 8> <RAM>

State 26 <SV = 25> <Delay = 6.43>
ST_26 : [1/1] (1.18ns)   --->   Input mux for Operation 858 '%acc_7 = fadd i32 %acc_6, i32 %mul_1'
ST_26 : Operation 858 [4/4] (5.25ns)   --->   "%acc_7 = fadd i32 %acc_6, i32 %mul_1" [src/conv3.cpp:85]   --->   Operation 858 'fadd' 'acc_7' <Predicate = (icmp_ln79)> <Delay = 5.25> <CoreInst = "FAddSub_fulldsp">   --->   Core 18 'FAddSub_fulldsp' <Latency = 3> <II = 1> <Delay = 6.43> <FuncUnit> <Opcode : 'fadd' 'fsub'> <InPorts = 2> <OutPorts = 1>
ST_26 : Operation 859 [1/2] (0.67ns)   --->   "%p_ZZ5conv3PA255_A255_fPA32_A5_A5_fPfS1_E6w_tile_1_1_0_load = load i3 %p_ZZ5conv3PA255_A255_fPA32_A5_A5_fPfS1_E6w_tile_1_1_0_addr" [src/conv3.cpp:85]   --->   Operation 859 'load' 'p_ZZ5conv3PA255_A255_fPA32_A5_A5_fPfS1_E6w_tile_1_1_0_load' <Predicate = (icmp_ln79)> <Delay = 0.67> <CoreInst = "RAM">   --->   Core 83 'RAM' <Latency = 1> <II = 1> <Delay = 0.67> <Storage> <Opcode : 'load' 'store'> <Ports = 2> <Width = 32> <Depth = 8> <RAM>
ST_26 : Operation 860 [1/1] (0.57ns)   --->   "%tmp_35 = mux i32 @_ssdm_op_Mux.ap_auto.5float.i3, i32 %p_ZZ5conv3PA255_A255_fPA32_A5_A5_fPfS1_E7in_tile_0_1_0_load_6_read, i32 %p_ZZ5conv3PA255_A255_fPA32_A5_A5_fPfS1_E7in_tile_0_2_0_load_6_read, i32 %p_ZZ5conv3PA255_A255_fPA32_A5_A5_fPfS1_E7in_tile_0_3_0_load_6_read, i32 %p_ZZ5conv3PA255_A255_fPA32_A5_A5_fPfS1_E7in_tile_0_4_0_load_6_read, i32 %p_ZZ5conv3PA255_A255_fPA32_A5_A5_fPfS1_E7in_tile_0_0_0_load_6_read, i3 %trunc_ln_read" [src/conv3.cpp:86]   --->   Operation 860 'mux' 'tmp_35' <Predicate = (icmp_ln79)> <Delay = 0.57> <CoreInst = "Multiplexer">   --->   Core 76 'Multiplexer' <Latency = 0> <II = 1> <Delay = 0.57> <FuncUnit> <Opcode : 'mux'> <InPorts = 2> <OutPorts = 1>
ST_26 : Operation 861 [1/1] (0.57ns)   --->   "%tmp_36 = mux i32 @_ssdm_op_Mux.ap_auto.5float.i3, i32 %p_ZZ5conv3PA255_A255_fPA32_A5_A5_fPfS1_E7in_tile_1_1_0_load_6_read, i32 %p_ZZ5conv3PA255_A255_fPA32_A5_A5_fPfS1_E7in_tile_1_2_0_load_6_read, i32 %p_ZZ5conv3PA255_A255_fPA32_A5_A5_fPfS1_E7in_tile_1_3_0_load_6_read, i32 %p_ZZ5conv3PA255_A255_fPA32_A5_A5_fPfS1_E7in_tile_1_4_0_load_6_read, i32 %p_ZZ5conv3PA255_A255_fPA32_A5_A5_fPfS1_E7in_tile_1_0_0_load_6_read, i3 %trunc_ln_read" [src/conv3.cpp:86]   --->   Operation 861 'mux' 'tmp_36' <Predicate = (icmp_ln79)> <Delay = 0.57> <CoreInst = "Multiplexer">   --->   Core 76 'Multiplexer' <Latency = 0> <II = 1> <Delay = 0.57> <FuncUnit> <Opcode : 'mux'> <InPorts = 2> <OutPorts = 1>
ST_26 : Operation 862 [1/1] (0.57ns)   --->   "%tmp_37 = mux i32 @_ssdm_op_Mux.ap_auto.5float.i3, i32 %p_ZZ5conv3PA255_A255_fPA32_A5_A5_fPfS1_E7in_tile_2_1_0_load_6_read, i32 %p_ZZ5conv3PA255_A255_fPA32_A5_A5_fPfS1_E7in_tile_2_2_0_load_6_read, i32 %p_ZZ5conv3PA255_A255_fPA32_A5_A5_fPfS1_E7in_tile_2_3_0_load_6_read, i32 %p_ZZ5conv3PA255_A255_fPA32_A5_A5_fPfS1_E7in_tile_2_4_0_load_6_read, i32 %p_ZZ5conv3PA255_A255_fPA32_A5_A5_fPfS1_E7in_tile_2_0_0_load_6_read, i3 %trunc_ln_read" [src/conv3.cpp:86]   --->   Operation 862 'mux' 'tmp_37' <Predicate = (icmp_ln79)> <Delay = 0.57> <CoreInst = "Multiplexer">   --->   Core 76 'Multiplexer' <Latency = 0> <II = 1> <Delay = 0.57> <FuncUnit> <Opcode : 'mux'> <InPorts = 2> <OutPorts = 1>
ST_26 : Operation 863 [1/1] (0.57ns)   --->   "%tmp_38 = mux i32 @_ssdm_op_Mux.ap_auto.5float.i3, i32 %p_ZZ5conv3PA255_A255_fPA32_A5_A5_fPfS1_E7in_tile_3_1_0_load_6_read, i32 %p_ZZ5conv3PA255_A255_fPA32_A5_A5_fPfS1_E7in_tile_3_2_0_load_6_read, i32 %p_ZZ5conv3PA255_A255_fPA32_A5_A5_fPfS1_E7in_tile_3_3_0_load_6_read, i32 %p_ZZ5conv3PA255_A255_fPA32_A5_A5_fPfS1_E7in_tile_3_4_0_load_6_read, i32 %p_ZZ5conv3PA255_A255_fPA32_A5_A5_fPfS1_E7in_tile_3_0_0_load_6_read, i3 %trunc_ln_read" [src/conv3.cpp:86]   --->   Operation 863 'mux' 'tmp_38' <Predicate = (icmp_ln79)> <Delay = 0.57> <CoreInst = "Multiplexer">   --->   Core 76 'Multiplexer' <Latency = 0> <II = 1> <Delay = 0.57> <FuncUnit> <Opcode : 'mux'> <InPorts = 2> <OutPorts = 1>
ST_26 : Operation 864 [1/1] (0.57ns)   --->   "%tmp_39 = mux i32 @_ssdm_op_Mux.ap_auto.5float.i3, i32 %p_ZZ5conv3PA255_A255_fPA32_A5_A5_fPfS1_E7in_tile_4_1_0_load_6_read, i32 %p_ZZ5conv3PA255_A255_fPA32_A5_A5_fPfS1_E7in_tile_4_2_0_load_6_read, i32 %p_ZZ5conv3PA255_A255_fPA32_A5_A5_fPfS1_E7in_tile_4_3_0_load_6_read, i32 %p_ZZ5conv3PA255_A255_fPA32_A5_A5_fPfS1_E7in_tile_4_4_0_load_6_read, i32 %p_ZZ5conv3PA255_A255_fPA32_A5_A5_fPfS1_E7in_tile_4_0_0_load_6_read, i3 %trunc_ln_read" [src/conv3.cpp:86]   --->   Operation 864 'mux' 'tmp_39' <Predicate = (icmp_ln79)> <Delay = 0.57> <CoreInst = "Multiplexer">   --->   Core 76 'Multiplexer' <Latency = 0> <II = 1> <Delay = 0.57> <FuncUnit> <Opcode : 'mux'> <InPorts = 2> <OutPorts = 1>
ST_26 : Operation 865 [1/1] (0.57ns)   --->   "%tmp_40 = mux i32 @_ssdm_op_Mux.ap_auto.5float.i3, i32 %tmp_36, i32 %tmp_37, i32 %tmp_38, i32 %tmp_39, i32 %tmp_35, i3 %trunc_ln74_mid2_read" [src/conv3.cpp:86]   --->   Operation 865 'mux' 'tmp_40' <Predicate = (icmp_ln79)> <Delay = 0.57> <CoreInst = "Multiplexer">   --->   Core 76 'Multiplexer' <Latency = 0> <II = 1> <Delay = 0.57> <FuncUnit> <Opcode : 'mux'> <InPorts = 2> <OutPorts = 1>

State 27 <SV = 26> <Delay = 7.01>
ST_27 : Operation 866 [3/4] (6.43ns)   --->   "%acc_7 = fadd i32 %acc_6, i32 %mul_1" [src/conv3.cpp:85]   --->   Operation 866 'fadd' 'acc_7' <Predicate = (icmp_ln79)> <Delay = 6.43> <CoreInst = "FAddSub_fulldsp">   --->   Core 18 'FAddSub_fulldsp' <Latency = 3> <II = 1> <Delay = 6.43> <FuncUnit> <Opcode : 'fadd' 'fsub'> <InPorts = 2> <OutPorts = 1>
ST_27 : [1/1] (1.18ns)   --->   Input mux for Operation 867 '%mul_1_1 = fmul i32 %p_ZZ5conv3PA255_A255_fPA32_A5_A5_fPfS1_E6w_tile_1_1_0_load, i32 %tmp_40'
ST_27 : Operation 867 [3/3] (5.83ns)   --->   "%mul_1_1 = fmul i32 %p_ZZ5conv3PA255_A255_fPA32_A5_A5_fPfS1_E6w_tile_1_1_0_load, i32 %tmp_40" [src/conv3.cpp:85]   --->   Operation 867 'fmul' 'mul_1_1' <Predicate = (icmp_ln79)> <Delay = 5.83> <CoreInst = "FMul_maxdsp">   --->   Core 30 'FMul_maxdsp' <Latency = 2> <II = 1> <Delay = 7.01> <FuncUnit> <Opcode : 'fmul'> <InPorts = 2> <OutPorts = 1>

State 28 <SV = 27> <Delay = 7.01>
ST_28 : Operation 868 [2/4] (6.43ns)   --->   "%acc_7 = fadd i32 %acc_6, i32 %mul_1" [src/conv3.cpp:85]   --->   Operation 868 'fadd' 'acc_7' <Predicate = (icmp_ln79)> <Delay = 6.43> <CoreInst = "FAddSub_fulldsp">   --->   Core 18 'FAddSub_fulldsp' <Latency = 3> <II = 1> <Delay = 6.43> <FuncUnit> <Opcode : 'fadd' 'fsub'> <InPorts = 2> <OutPorts = 1>
ST_28 : Operation 869 [2/3] (7.01ns)   --->   "%mul_1_1 = fmul i32 %p_ZZ5conv3PA255_A255_fPA32_A5_A5_fPfS1_E6w_tile_1_1_0_load, i32 %tmp_40" [src/conv3.cpp:85]   --->   Operation 869 'fmul' 'mul_1_1' <Predicate = (icmp_ln79)> <Delay = 7.01> <CoreInst = "FMul_maxdsp">   --->   Core 30 'FMul_maxdsp' <Latency = 2> <II = 1> <Delay = 7.01> <FuncUnit> <Opcode : 'fmul'> <InPorts = 2> <OutPorts = 1>

State 29 <SV = 28> <Delay = 7.01>
ST_29 : Operation 870 [1/4] (6.43ns)   --->   "%acc_7 = fadd i32 %acc_6, i32 %mul_1" [src/conv3.cpp:85]   --->   Operation 870 'fadd' 'acc_7' <Predicate = (icmp_ln79)> <Delay = 6.43> <CoreInst = "FAddSub_fulldsp">   --->   Core 18 'FAddSub_fulldsp' <Latency = 3> <II = 1> <Delay = 6.43> <FuncUnit> <Opcode : 'fadd' 'fsub'> <InPorts = 2> <OutPorts = 1>
ST_29 : Operation 871 [1/3] (7.01ns)   --->   "%mul_1_1 = fmul i32 %p_ZZ5conv3PA255_A255_fPA32_A5_A5_fPfS1_E6w_tile_1_1_0_load, i32 %tmp_40" [src/conv3.cpp:85]   --->   Operation 871 'fmul' 'mul_1_1' <Predicate = (icmp_ln79)> <Delay = 7.01> <CoreInst = "FMul_maxdsp">   --->   Core 30 'FMul_maxdsp' <Latency = 2> <II = 1> <Delay = 7.01> <FuncUnit> <Opcode : 'fmul'> <InPorts = 2> <OutPorts = 1>
ST_29 : Operation 872 [1/1] (0.00ns)   --->   "%p_ZZ5conv3PA255_A255_fPA32_A5_A5_fPfS1_E6w_tile_1_2_0_addr = getelementptr i32 %p_ZZ5conv3PA255_A255_fPA32_A5_A5_fPfS1_E6w_tile_1_2_0, i64 0, i64 %zext_ln77" [src/conv3.cpp:85]   --->   Operation 872 'getelementptr' 'p_ZZ5conv3PA255_A255_fPA32_A5_A5_fPfS1_E6w_tile_1_2_0_addr' <Predicate = (icmp_ln79)> <Delay = 0.00>
ST_29 : Operation 873 [2/2] (0.67ns)   --->   "%p_ZZ5conv3PA255_A255_fPA32_A5_A5_fPfS1_E6w_tile_1_2_0_load = load i3 %p_ZZ5conv3PA255_A255_fPA32_A5_A5_fPfS1_E6w_tile_1_2_0_addr" [src/conv3.cpp:85]   --->   Operation 873 'load' 'p_ZZ5conv3PA255_A255_fPA32_A5_A5_fPfS1_E6w_tile_1_2_0_load' <Predicate = (icmp_ln79)> <Delay = 0.67> <CoreInst = "RAM">   --->   Core 83 'RAM' <Latency = 1> <II = 1> <Delay = 0.67> <Storage> <Opcode : 'load' 'store'> <Ports = 2> <Width = 32> <Depth = 8> <RAM>

State 30 <SV = 29> <Delay = 6.43>
ST_30 : [1/1] (1.18ns)   --->   Input mux for Operation 874 '%acc_8 = fadd i32 %acc_7, i32 %mul_1_1'
ST_30 : Operation 874 [4/4] (5.25ns)   --->   "%acc_8 = fadd i32 %acc_7, i32 %mul_1_1" [src/conv3.cpp:85]   --->   Operation 874 'fadd' 'acc_8' <Predicate = (icmp_ln79)> <Delay = 5.25> <CoreInst = "FAddSub_fulldsp">   --->   Core 18 'FAddSub_fulldsp' <Latency = 3> <II = 1> <Delay = 6.43> <FuncUnit> <Opcode : 'fadd' 'fsub'> <InPorts = 2> <OutPorts = 1>
ST_30 : Operation 875 [1/2] (0.67ns)   --->   "%p_ZZ5conv3PA255_A255_fPA32_A5_A5_fPfS1_E6w_tile_1_2_0_load = load i3 %p_ZZ5conv3PA255_A255_fPA32_A5_A5_fPfS1_E6w_tile_1_2_0_addr" [src/conv3.cpp:85]   --->   Operation 875 'load' 'p_ZZ5conv3PA255_A255_fPA32_A5_A5_fPfS1_E6w_tile_1_2_0_load' <Predicate = (icmp_ln79)> <Delay = 0.67> <CoreInst = "RAM">   --->   Core 83 'RAM' <Latency = 1> <II = 1> <Delay = 0.67> <Storage> <Opcode : 'load' 'store'> <Ports = 2> <Width = 32> <Depth = 8> <RAM>
ST_30 : Operation 876 [1/1] (0.57ns)   --->   "%tmp_41 = mux i32 @_ssdm_op_Mux.ap_auto.5float.i3, i32 %p_ZZ5conv3PA255_A255_fPA32_A5_A5_fPfS1_E7in_tile_0_2_0_load_7_read, i32 %p_ZZ5conv3PA255_A255_fPA32_A5_A5_fPfS1_E7in_tile_0_3_0_load_7_read, i32 %p_ZZ5conv3PA255_A255_fPA32_A5_A5_fPfS1_E7in_tile_0_4_0_load_7_read, i32 %p_ZZ5conv3PA255_A255_fPA32_A5_A5_fPfS1_E7in_tile_0_0_0_load_7_read, i32 %p_ZZ5conv3PA255_A255_fPA32_A5_A5_fPfS1_E7in_tile_0_1_0_load_7_read, i3 %trunc_ln_read" [src/conv3.cpp:86]   --->   Operation 876 'mux' 'tmp_41' <Predicate = (icmp_ln79)> <Delay = 0.57> <CoreInst = "Multiplexer">   --->   Core 76 'Multiplexer' <Latency = 0> <II = 1> <Delay = 0.57> <FuncUnit> <Opcode : 'mux'> <InPorts = 2> <OutPorts = 1>
ST_30 : Operation 877 [1/1] (0.57ns)   --->   "%tmp_42 = mux i32 @_ssdm_op_Mux.ap_auto.5float.i3, i32 %p_ZZ5conv3PA255_A255_fPA32_A5_A5_fPfS1_E7in_tile_1_2_0_load_7_read, i32 %p_ZZ5conv3PA255_A255_fPA32_A5_A5_fPfS1_E7in_tile_1_3_0_load_7_read, i32 %p_ZZ5conv3PA255_A255_fPA32_A5_A5_fPfS1_E7in_tile_1_4_0_load_7_read, i32 %p_ZZ5conv3PA255_A255_fPA32_A5_A5_fPfS1_E7in_tile_1_0_0_load_7_read, i32 %p_ZZ5conv3PA255_A255_fPA32_A5_A5_fPfS1_E7in_tile_1_1_0_load_7_read, i3 %trunc_ln_read" [src/conv3.cpp:86]   --->   Operation 877 'mux' 'tmp_42' <Predicate = (icmp_ln79)> <Delay = 0.57> <CoreInst = "Multiplexer">   --->   Core 76 'Multiplexer' <Latency = 0> <II = 1> <Delay = 0.57> <FuncUnit> <Opcode : 'mux'> <InPorts = 2> <OutPorts = 1>
ST_30 : Operation 878 [1/1] (0.57ns)   --->   "%tmp_43 = mux i32 @_ssdm_op_Mux.ap_auto.5float.i3, i32 %p_ZZ5conv3PA255_A255_fPA32_A5_A5_fPfS1_E7in_tile_2_2_0_load_7_read, i32 %p_ZZ5conv3PA255_A255_fPA32_A5_A5_fPfS1_E7in_tile_2_3_0_load_7_read, i32 %p_ZZ5conv3PA255_A255_fPA32_A5_A5_fPfS1_E7in_tile_2_4_0_load_7_read, i32 %p_ZZ5conv3PA255_A255_fPA32_A5_A5_fPfS1_E7in_tile_2_0_0_load_7_read, i32 %p_ZZ5conv3PA255_A255_fPA32_A5_A5_fPfS1_E7in_tile_2_1_0_load_7_read, i3 %trunc_ln_read" [src/conv3.cpp:86]   --->   Operation 878 'mux' 'tmp_43' <Predicate = (icmp_ln79)> <Delay = 0.57> <CoreInst = "Multiplexer">   --->   Core 76 'Multiplexer' <Latency = 0> <II = 1> <Delay = 0.57> <FuncUnit> <Opcode : 'mux'> <InPorts = 2> <OutPorts = 1>
ST_30 : Operation 879 [1/1] (0.57ns)   --->   "%tmp_44 = mux i32 @_ssdm_op_Mux.ap_auto.5float.i3, i32 %p_ZZ5conv3PA255_A255_fPA32_A5_A5_fPfS1_E7in_tile_3_2_0_load_7_read, i32 %p_ZZ5conv3PA255_A255_fPA32_A5_A5_fPfS1_E7in_tile_3_3_0_load_7_read, i32 %p_ZZ5conv3PA255_A255_fPA32_A5_A5_fPfS1_E7in_tile_3_4_0_load_7_read, i32 %p_ZZ5conv3PA255_A255_fPA32_A5_A5_fPfS1_E7in_tile_3_0_0_load_7_read, i32 %p_ZZ5conv3PA255_A255_fPA32_A5_A5_fPfS1_E7in_tile_3_1_0_load_7_read, i3 %trunc_ln_read" [src/conv3.cpp:86]   --->   Operation 879 'mux' 'tmp_44' <Predicate = (icmp_ln79)> <Delay = 0.57> <CoreInst = "Multiplexer">   --->   Core 76 'Multiplexer' <Latency = 0> <II = 1> <Delay = 0.57> <FuncUnit> <Opcode : 'mux'> <InPorts = 2> <OutPorts = 1>
ST_30 : Operation 880 [1/1] (0.57ns)   --->   "%tmp_45 = mux i32 @_ssdm_op_Mux.ap_auto.5float.i3, i32 %p_ZZ5conv3PA255_A255_fPA32_A5_A5_fPfS1_E7in_tile_4_2_0_load_7_read, i32 %p_ZZ5conv3PA255_A255_fPA32_A5_A5_fPfS1_E7in_tile_4_3_0_load_7_read, i32 %p_ZZ5conv3PA255_A255_fPA32_A5_A5_fPfS1_E7in_tile_4_4_0_load_7_read, i32 %p_ZZ5conv3PA255_A255_fPA32_A5_A5_fPfS1_E7in_tile_4_0_0_load_7_read, i32 %p_ZZ5conv3PA255_A255_fPA32_A5_A5_fPfS1_E7in_tile_4_1_0_load_7_read, i3 %trunc_ln_read" [src/conv3.cpp:86]   --->   Operation 880 'mux' 'tmp_45' <Predicate = (icmp_ln79)> <Delay = 0.57> <CoreInst = "Multiplexer">   --->   Core 76 'Multiplexer' <Latency = 0> <II = 1> <Delay = 0.57> <FuncUnit> <Opcode : 'mux'> <InPorts = 2> <OutPorts = 1>
ST_30 : Operation 881 [1/1] (0.57ns)   --->   "%tmp_46 = mux i32 @_ssdm_op_Mux.ap_auto.5float.i3, i32 %tmp_42, i32 %tmp_43, i32 %tmp_44, i32 %tmp_45, i32 %tmp_41, i3 %trunc_ln74_mid2_read" [src/conv3.cpp:86]   --->   Operation 881 'mux' 'tmp_46' <Predicate = (icmp_ln79)> <Delay = 0.57> <CoreInst = "Multiplexer">   --->   Core 76 'Multiplexer' <Latency = 0> <II = 1> <Delay = 0.57> <FuncUnit> <Opcode : 'mux'> <InPorts = 2> <OutPorts = 1>

State 31 <SV = 30> <Delay = 7.01>
ST_31 : Operation 882 [3/4] (6.43ns)   --->   "%acc_8 = fadd i32 %acc_7, i32 %mul_1_1" [src/conv3.cpp:85]   --->   Operation 882 'fadd' 'acc_8' <Predicate = (icmp_ln79)> <Delay = 6.43> <CoreInst = "FAddSub_fulldsp">   --->   Core 18 'FAddSub_fulldsp' <Latency = 3> <II = 1> <Delay = 6.43> <FuncUnit> <Opcode : 'fadd' 'fsub'> <InPorts = 2> <OutPorts = 1>
ST_31 : [1/1] (1.18ns)   --->   Input mux for Operation 883 '%mul_1_2 = fmul i32 %p_ZZ5conv3PA255_A255_fPA32_A5_A5_fPfS1_E6w_tile_1_2_0_load, i32 %tmp_46'
ST_31 : Operation 883 [3/3] (5.83ns)   --->   "%mul_1_2 = fmul i32 %p_ZZ5conv3PA255_A255_fPA32_A5_A5_fPfS1_E6w_tile_1_2_0_load, i32 %tmp_46" [src/conv3.cpp:85]   --->   Operation 883 'fmul' 'mul_1_2' <Predicate = (icmp_ln79)> <Delay = 5.83> <CoreInst = "FMul_maxdsp">   --->   Core 30 'FMul_maxdsp' <Latency = 2> <II = 1> <Delay = 7.01> <FuncUnit> <Opcode : 'fmul'> <InPorts = 2> <OutPorts = 1>

State 32 <SV = 31> <Delay = 7.01>
ST_32 : Operation 884 [2/4] (6.43ns)   --->   "%acc_8 = fadd i32 %acc_7, i32 %mul_1_1" [src/conv3.cpp:85]   --->   Operation 884 'fadd' 'acc_8' <Predicate = (icmp_ln79)> <Delay = 6.43> <CoreInst = "FAddSub_fulldsp">   --->   Core 18 'FAddSub_fulldsp' <Latency = 3> <II = 1> <Delay = 6.43> <FuncUnit> <Opcode : 'fadd' 'fsub'> <InPorts = 2> <OutPorts = 1>
ST_32 : Operation 885 [2/3] (7.01ns)   --->   "%mul_1_2 = fmul i32 %p_ZZ5conv3PA255_A255_fPA32_A5_A5_fPfS1_E6w_tile_1_2_0_load, i32 %tmp_46" [src/conv3.cpp:85]   --->   Operation 885 'fmul' 'mul_1_2' <Predicate = (icmp_ln79)> <Delay = 7.01> <CoreInst = "FMul_maxdsp">   --->   Core 30 'FMul_maxdsp' <Latency = 2> <II = 1> <Delay = 7.01> <FuncUnit> <Opcode : 'fmul'> <InPorts = 2> <OutPorts = 1>

State 33 <SV = 32> <Delay = 7.01>
ST_33 : Operation 886 [1/4] (6.43ns)   --->   "%acc_8 = fadd i32 %acc_7, i32 %mul_1_1" [src/conv3.cpp:85]   --->   Operation 886 'fadd' 'acc_8' <Predicate = (icmp_ln79)> <Delay = 6.43> <CoreInst = "FAddSub_fulldsp">   --->   Core 18 'FAddSub_fulldsp' <Latency = 3> <II = 1> <Delay = 6.43> <FuncUnit> <Opcode : 'fadd' 'fsub'> <InPorts = 2> <OutPorts = 1>
ST_33 : Operation 887 [1/3] (7.01ns)   --->   "%mul_1_2 = fmul i32 %p_ZZ5conv3PA255_A255_fPA32_A5_A5_fPfS1_E6w_tile_1_2_0_load, i32 %tmp_46" [src/conv3.cpp:85]   --->   Operation 887 'fmul' 'mul_1_2' <Predicate = (icmp_ln79)> <Delay = 7.01> <CoreInst = "FMul_maxdsp">   --->   Core 30 'FMul_maxdsp' <Latency = 2> <II = 1> <Delay = 7.01> <FuncUnit> <Opcode : 'fmul'> <InPorts = 2> <OutPorts = 1>
ST_33 : Operation 888 [1/1] (0.00ns)   --->   "%p_ZZ5conv3PA255_A255_fPA32_A5_A5_fPfS1_E6w_tile_1_3_0_addr = getelementptr i32 %p_ZZ5conv3PA255_A255_fPA32_A5_A5_fPfS1_E6w_tile_1_3_0, i64 0, i64 %zext_ln77" [src/conv3.cpp:85]   --->   Operation 888 'getelementptr' 'p_ZZ5conv3PA255_A255_fPA32_A5_A5_fPfS1_E6w_tile_1_3_0_addr' <Predicate = (icmp_ln79)> <Delay = 0.00>
ST_33 : Operation 889 [2/2] (0.67ns)   --->   "%p_ZZ5conv3PA255_A255_fPA32_A5_A5_fPfS1_E6w_tile_1_3_0_load = load i3 %p_ZZ5conv3PA255_A255_fPA32_A5_A5_fPfS1_E6w_tile_1_3_0_addr" [src/conv3.cpp:85]   --->   Operation 889 'load' 'p_ZZ5conv3PA255_A255_fPA32_A5_A5_fPfS1_E6w_tile_1_3_0_load' <Predicate = (icmp_ln79)> <Delay = 0.67> <CoreInst = "RAM">   --->   Core 83 'RAM' <Latency = 1> <II = 1> <Delay = 0.67> <Storage> <Opcode : 'load' 'store'> <Ports = 2> <Width = 32> <Depth = 8> <RAM>

State 34 <SV = 33> <Delay = 6.43>
ST_34 : [1/1] (1.18ns)   --->   Input mux for Operation 890 '%acc_9 = fadd i32 %acc_8, i32 %mul_1_2'
ST_34 : Operation 890 [4/4] (5.25ns)   --->   "%acc_9 = fadd i32 %acc_8, i32 %mul_1_2" [src/conv3.cpp:85]   --->   Operation 890 'fadd' 'acc_9' <Predicate = (icmp_ln79)> <Delay = 5.25> <CoreInst = "FAddSub_fulldsp">   --->   Core 18 'FAddSub_fulldsp' <Latency = 3> <II = 1> <Delay = 6.43> <FuncUnit> <Opcode : 'fadd' 'fsub'> <InPorts = 2> <OutPorts = 1>
ST_34 : Operation 891 [1/2] (0.67ns)   --->   "%p_ZZ5conv3PA255_A255_fPA32_A5_A5_fPfS1_E6w_tile_1_3_0_load = load i3 %p_ZZ5conv3PA255_A255_fPA32_A5_A5_fPfS1_E6w_tile_1_3_0_addr" [src/conv3.cpp:85]   --->   Operation 891 'load' 'p_ZZ5conv3PA255_A255_fPA32_A5_A5_fPfS1_E6w_tile_1_3_0_load' <Predicate = (icmp_ln79)> <Delay = 0.67> <CoreInst = "RAM">   --->   Core 83 'RAM' <Latency = 1> <II = 1> <Delay = 0.67> <Storage> <Opcode : 'load' 'store'> <Ports = 2> <Width = 32> <Depth = 8> <RAM>
ST_34 : Operation 892 [1/1] (0.57ns)   --->   "%tmp_47 = mux i32 @_ssdm_op_Mux.ap_auto.5float.i3, i32 %p_ZZ5conv3PA255_A255_fPA32_A5_A5_fPfS1_E7in_tile_0_3_0_load_8_read, i32 %p_ZZ5conv3PA255_A255_fPA32_A5_A5_fPfS1_E7in_tile_0_4_0_load_8_read, i32 %p_ZZ5conv3PA255_A255_fPA32_A5_A5_fPfS1_E7in_tile_0_0_0_load_8_read, i32 %p_ZZ5conv3PA255_A255_fPA32_A5_A5_fPfS1_E7in_tile_0_1_0_load_8_read, i32 %p_ZZ5conv3PA255_A255_fPA32_A5_A5_fPfS1_E7in_tile_0_2_0_load_8_read, i3 %trunc_ln_read" [src/conv3.cpp:86]   --->   Operation 892 'mux' 'tmp_47' <Predicate = (icmp_ln79)> <Delay = 0.57> <CoreInst = "Multiplexer">   --->   Core 76 'Multiplexer' <Latency = 0> <II = 1> <Delay = 0.57> <FuncUnit> <Opcode : 'mux'> <InPorts = 2> <OutPorts = 1>
ST_34 : Operation 893 [1/1] (0.57ns)   --->   "%tmp_48 = mux i32 @_ssdm_op_Mux.ap_auto.5float.i3, i32 %p_ZZ5conv3PA255_A255_fPA32_A5_A5_fPfS1_E7in_tile_1_3_0_load_8_read, i32 %p_ZZ5conv3PA255_A255_fPA32_A5_A5_fPfS1_E7in_tile_1_4_0_load_8_read, i32 %p_ZZ5conv3PA255_A255_fPA32_A5_A5_fPfS1_E7in_tile_1_0_0_load_8_read, i32 %p_ZZ5conv3PA255_A255_fPA32_A5_A5_fPfS1_E7in_tile_1_1_0_load_8_read, i32 %p_ZZ5conv3PA255_A255_fPA32_A5_A5_fPfS1_E7in_tile_1_2_0_load_8_read, i3 %trunc_ln_read" [src/conv3.cpp:86]   --->   Operation 893 'mux' 'tmp_48' <Predicate = (icmp_ln79)> <Delay = 0.57> <CoreInst = "Multiplexer">   --->   Core 76 'Multiplexer' <Latency = 0> <II = 1> <Delay = 0.57> <FuncUnit> <Opcode : 'mux'> <InPorts = 2> <OutPorts = 1>
ST_34 : Operation 894 [1/1] (0.57ns)   --->   "%tmp_49 = mux i32 @_ssdm_op_Mux.ap_auto.5float.i3, i32 %p_ZZ5conv3PA255_A255_fPA32_A5_A5_fPfS1_E7in_tile_2_3_0_load_8_read, i32 %p_ZZ5conv3PA255_A255_fPA32_A5_A5_fPfS1_E7in_tile_2_4_0_load_8_read, i32 %p_ZZ5conv3PA255_A255_fPA32_A5_A5_fPfS1_E7in_tile_2_0_0_load_8_read, i32 %p_ZZ5conv3PA255_A255_fPA32_A5_A5_fPfS1_E7in_tile_2_1_0_load_8_read, i32 %p_ZZ5conv3PA255_A255_fPA32_A5_A5_fPfS1_E7in_tile_2_2_0_load_8_read, i3 %trunc_ln_read" [src/conv3.cpp:86]   --->   Operation 894 'mux' 'tmp_49' <Predicate = (icmp_ln79)> <Delay = 0.57> <CoreInst = "Multiplexer">   --->   Core 76 'Multiplexer' <Latency = 0> <II = 1> <Delay = 0.57> <FuncUnit> <Opcode : 'mux'> <InPorts = 2> <OutPorts = 1>
ST_34 : Operation 895 [1/1] (0.57ns)   --->   "%tmp_50 = mux i32 @_ssdm_op_Mux.ap_auto.5float.i3, i32 %p_ZZ5conv3PA255_A255_fPA32_A5_A5_fPfS1_E7in_tile_3_3_0_load_8_read, i32 %p_ZZ5conv3PA255_A255_fPA32_A5_A5_fPfS1_E7in_tile_3_4_0_load_8_read, i32 %p_ZZ5conv3PA255_A255_fPA32_A5_A5_fPfS1_E7in_tile_3_0_0_load_8_read, i32 %p_ZZ5conv3PA255_A255_fPA32_A5_A5_fPfS1_E7in_tile_3_1_0_load_8_read, i32 %p_ZZ5conv3PA255_A255_fPA32_A5_A5_fPfS1_E7in_tile_3_2_0_load_8_read, i3 %trunc_ln_read" [src/conv3.cpp:86]   --->   Operation 895 'mux' 'tmp_50' <Predicate = (icmp_ln79)> <Delay = 0.57> <CoreInst = "Multiplexer">   --->   Core 76 'Multiplexer' <Latency = 0> <II = 1> <Delay = 0.57> <FuncUnit> <Opcode : 'mux'> <InPorts = 2> <OutPorts = 1>
ST_34 : Operation 896 [1/1] (0.57ns)   --->   "%tmp_51 = mux i32 @_ssdm_op_Mux.ap_auto.5float.i3, i32 %p_ZZ5conv3PA255_A255_fPA32_A5_A5_fPfS1_E7in_tile_4_3_0_load_8_read, i32 %p_ZZ5conv3PA255_A255_fPA32_A5_A5_fPfS1_E7in_tile_4_4_0_load_8_read, i32 %p_ZZ5conv3PA255_A255_fPA32_A5_A5_fPfS1_E7in_tile_4_0_0_load_8_read, i32 %p_ZZ5conv3PA255_A255_fPA32_A5_A5_fPfS1_E7in_tile_4_1_0_load_8_read, i32 %p_ZZ5conv3PA255_A255_fPA32_A5_A5_fPfS1_E7in_tile_4_2_0_load_8_read, i3 %trunc_ln_read" [src/conv3.cpp:86]   --->   Operation 896 'mux' 'tmp_51' <Predicate = (icmp_ln79)> <Delay = 0.57> <CoreInst = "Multiplexer">   --->   Core 76 'Multiplexer' <Latency = 0> <II = 1> <Delay = 0.57> <FuncUnit> <Opcode : 'mux'> <InPorts = 2> <OutPorts = 1>
ST_34 : Operation 897 [1/1] (0.57ns)   --->   "%tmp_52 = mux i32 @_ssdm_op_Mux.ap_auto.5float.i3, i32 %tmp_48, i32 %tmp_49, i32 %tmp_50, i32 %tmp_51, i32 %tmp_47, i3 %trunc_ln74_mid2_read" [src/conv3.cpp:86]   --->   Operation 897 'mux' 'tmp_52' <Predicate = (icmp_ln79)> <Delay = 0.57> <CoreInst = "Multiplexer">   --->   Core 76 'Multiplexer' <Latency = 0> <II = 1> <Delay = 0.57> <FuncUnit> <Opcode : 'mux'> <InPorts = 2> <OutPorts = 1>

State 35 <SV = 34> <Delay = 7.01>
ST_35 : Operation 898 [3/4] (6.43ns)   --->   "%acc_9 = fadd i32 %acc_8, i32 %mul_1_2" [src/conv3.cpp:85]   --->   Operation 898 'fadd' 'acc_9' <Predicate = (icmp_ln79)> <Delay = 6.43> <CoreInst = "FAddSub_fulldsp">   --->   Core 18 'FAddSub_fulldsp' <Latency = 3> <II = 1> <Delay = 6.43> <FuncUnit> <Opcode : 'fadd' 'fsub'> <InPorts = 2> <OutPorts = 1>
ST_35 : [1/1] (1.18ns)   --->   Input mux for Operation 899 '%mul_1_3 = fmul i32 %p_ZZ5conv3PA255_A255_fPA32_A5_A5_fPfS1_E6w_tile_1_3_0_load, i32 %tmp_52'
ST_35 : Operation 899 [3/3] (5.83ns)   --->   "%mul_1_3 = fmul i32 %p_ZZ5conv3PA255_A255_fPA32_A5_A5_fPfS1_E6w_tile_1_3_0_load, i32 %tmp_52" [src/conv3.cpp:85]   --->   Operation 899 'fmul' 'mul_1_3' <Predicate = (icmp_ln79)> <Delay = 5.83> <CoreInst = "FMul_maxdsp">   --->   Core 30 'FMul_maxdsp' <Latency = 2> <II = 1> <Delay = 7.01> <FuncUnit> <Opcode : 'fmul'> <InPorts = 2> <OutPorts = 1>

State 36 <SV = 35> <Delay = 7.01>
ST_36 : Operation 900 [2/4] (6.43ns)   --->   "%acc_9 = fadd i32 %acc_8, i32 %mul_1_2" [src/conv3.cpp:85]   --->   Operation 900 'fadd' 'acc_9' <Predicate = (icmp_ln79)> <Delay = 6.43> <CoreInst = "FAddSub_fulldsp">   --->   Core 18 'FAddSub_fulldsp' <Latency = 3> <II = 1> <Delay = 6.43> <FuncUnit> <Opcode : 'fadd' 'fsub'> <InPorts = 2> <OutPorts = 1>
ST_36 : Operation 901 [2/3] (7.01ns)   --->   "%mul_1_3 = fmul i32 %p_ZZ5conv3PA255_A255_fPA32_A5_A5_fPfS1_E6w_tile_1_3_0_load, i32 %tmp_52" [src/conv3.cpp:85]   --->   Operation 901 'fmul' 'mul_1_3' <Predicate = (icmp_ln79)> <Delay = 7.01> <CoreInst = "FMul_maxdsp">   --->   Core 30 'FMul_maxdsp' <Latency = 2> <II = 1> <Delay = 7.01> <FuncUnit> <Opcode : 'fmul'> <InPorts = 2> <OutPorts = 1>

State 37 <SV = 36> <Delay = 7.01>
ST_37 : Operation 902 [1/4] (6.43ns)   --->   "%acc_9 = fadd i32 %acc_8, i32 %mul_1_2" [src/conv3.cpp:85]   --->   Operation 902 'fadd' 'acc_9' <Predicate = (icmp_ln79)> <Delay = 6.43> <CoreInst = "FAddSub_fulldsp">   --->   Core 18 'FAddSub_fulldsp' <Latency = 3> <II = 1> <Delay = 6.43> <FuncUnit> <Opcode : 'fadd' 'fsub'> <InPorts = 2> <OutPorts = 1>
ST_37 : Operation 903 [1/3] (7.01ns)   --->   "%mul_1_3 = fmul i32 %p_ZZ5conv3PA255_A255_fPA32_A5_A5_fPfS1_E6w_tile_1_3_0_load, i32 %tmp_52" [src/conv3.cpp:85]   --->   Operation 903 'fmul' 'mul_1_3' <Predicate = (icmp_ln79)> <Delay = 7.01> <CoreInst = "FMul_maxdsp">   --->   Core 30 'FMul_maxdsp' <Latency = 2> <II = 1> <Delay = 7.01> <FuncUnit> <Opcode : 'fmul'> <InPorts = 2> <OutPorts = 1>
ST_37 : Operation 904 [1/1] (0.00ns)   --->   "%p_ZZ5conv3PA255_A255_fPA32_A5_A5_fPfS1_E6w_tile_1_4_0_addr = getelementptr i32 %p_ZZ5conv3PA255_A255_fPA32_A5_A5_fPfS1_E6w_tile_1_4_0, i64 0, i64 %zext_ln77" [src/conv3.cpp:85]   --->   Operation 904 'getelementptr' 'p_ZZ5conv3PA255_A255_fPA32_A5_A5_fPfS1_E6w_tile_1_4_0_addr' <Predicate = (icmp_ln79)> <Delay = 0.00>
ST_37 : Operation 905 [2/2] (0.67ns)   --->   "%p_ZZ5conv3PA255_A255_fPA32_A5_A5_fPfS1_E6w_tile_1_4_0_load = load i3 %p_ZZ5conv3PA255_A255_fPA32_A5_A5_fPfS1_E6w_tile_1_4_0_addr" [src/conv3.cpp:85]   --->   Operation 905 'load' 'p_ZZ5conv3PA255_A255_fPA32_A5_A5_fPfS1_E6w_tile_1_4_0_load' <Predicate = (icmp_ln79)> <Delay = 0.67> <CoreInst = "RAM">   --->   Core 83 'RAM' <Latency = 1> <II = 1> <Delay = 0.67> <Storage> <Opcode : 'load' 'store'> <Ports = 2> <Width = 32> <Depth = 8> <RAM>

State 38 <SV = 37> <Delay = 6.43>
ST_38 : [1/1] (1.18ns)   --->   Input mux for Operation 906 '%acc_10 = fadd i32 %acc_9, i32 %mul_1_3'
ST_38 : Operation 906 [4/4] (5.25ns)   --->   "%acc_10 = fadd i32 %acc_9, i32 %mul_1_3" [src/conv3.cpp:85]   --->   Operation 906 'fadd' 'acc_10' <Predicate = (icmp_ln79)> <Delay = 5.25> <CoreInst = "FAddSub_fulldsp">   --->   Core 18 'FAddSub_fulldsp' <Latency = 3> <II = 1> <Delay = 6.43> <FuncUnit> <Opcode : 'fadd' 'fsub'> <InPorts = 2> <OutPorts = 1>
ST_38 : Operation 907 [1/2] (0.67ns)   --->   "%p_ZZ5conv3PA255_A255_fPA32_A5_A5_fPfS1_E6w_tile_1_4_0_load = load i3 %p_ZZ5conv3PA255_A255_fPA32_A5_A5_fPfS1_E6w_tile_1_4_0_addr" [src/conv3.cpp:85]   --->   Operation 907 'load' 'p_ZZ5conv3PA255_A255_fPA32_A5_A5_fPfS1_E6w_tile_1_4_0_load' <Predicate = (icmp_ln79)> <Delay = 0.67> <CoreInst = "RAM">   --->   Core 83 'RAM' <Latency = 1> <II = 1> <Delay = 0.67> <Storage> <Opcode : 'load' 'store'> <Ports = 2> <Width = 32> <Depth = 8> <RAM>
ST_38 : Operation 908 [1/1] (0.57ns)   --->   "%tmp_53 = mux i32 @_ssdm_op_Mux.ap_auto.5float.i3, i32 %p_ZZ5conv3PA255_A255_fPA32_A5_A5_fPfS1_E7in_tile_0_4_0_load_9_read, i32 %p_ZZ5conv3PA255_A255_fPA32_A5_A5_fPfS1_E7in_tile_0_0_0_load_9_read, i32 %p_ZZ5conv3PA255_A255_fPA32_A5_A5_fPfS1_E7in_tile_0_1_0_load_9_read, i32 %p_ZZ5conv3PA255_A255_fPA32_A5_A5_fPfS1_E7in_tile_0_2_0_load_9_read, i32 %p_ZZ5conv3PA255_A255_fPA32_A5_A5_fPfS1_E7in_tile_0_3_0_load_9_read, i3 %trunc_ln_read" [src/conv3.cpp:86]   --->   Operation 908 'mux' 'tmp_53' <Predicate = (icmp_ln79)> <Delay = 0.57> <CoreInst = "Multiplexer">   --->   Core 76 'Multiplexer' <Latency = 0> <II = 1> <Delay = 0.57> <FuncUnit> <Opcode : 'mux'> <InPorts = 2> <OutPorts = 1>
ST_38 : Operation 909 [1/1] (0.57ns)   --->   "%tmp_54 = mux i32 @_ssdm_op_Mux.ap_auto.5float.i3, i32 %p_ZZ5conv3PA255_A255_fPA32_A5_A5_fPfS1_E7in_tile_1_4_0_load_9_read, i32 %p_ZZ5conv3PA255_A255_fPA32_A5_A5_fPfS1_E7in_tile_1_0_0_load_9_read, i32 %p_ZZ5conv3PA255_A255_fPA32_A5_A5_fPfS1_E7in_tile_1_1_0_load_9_read, i32 %p_ZZ5conv3PA255_A255_fPA32_A5_A5_fPfS1_E7in_tile_1_2_0_load_9_read, i32 %p_ZZ5conv3PA255_A255_fPA32_A5_A5_fPfS1_E7in_tile_1_3_0_load_9_read, i3 %trunc_ln_read" [src/conv3.cpp:86]   --->   Operation 909 'mux' 'tmp_54' <Predicate = (icmp_ln79)> <Delay = 0.57> <CoreInst = "Multiplexer">   --->   Core 76 'Multiplexer' <Latency = 0> <II = 1> <Delay = 0.57> <FuncUnit> <Opcode : 'mux'> <InPorts = 2> <OutPorts = 1>
ST_38 : Operation 910 [1/1] (0.57ns)   --->   "%tmp_55 = mux i32 @_ssdm_op_Mux.ap_auto.5float.i3, i32 %p_ZZ5conv3PA255_A255_fPA32_A5_A5_fPfS1_E7in_tile_2_4_0_load_9_read, i32 %p_ZZ5conv3PA255_A255_fPA32_A5_A5_fPfS1_E7in_tile_2_0_0_load_9_read, i32 %p_ZZ5conv3PA255_A255_fPA32_A5_A5_fPfS1_E7in_tile_2_1_0_load_9_read, i32 %p_ZZ5conv3PA255_A255_fPA32_A5_A5_fPfS1_E7in_tile_2_2_0_load_9_read, i32 %p_ZZ5conv3PA255_A255_fPA32_A5_A5_fPfS1_E7in_tile_2_3_0_load_9_read, i3 %trunc_ln_read" [src/conv3.cpp:86]   --->   Operation 910 'mux' 'tmp_55' <Predicate = (icmp_ln79)> <Delay = 0.57> <CoreInst = "Multiplexer">   --->   Core 76 'Multiplexer' <Latency = 0> <II = 1> <Delay = 0.57> <FuncUnit> <Opcode : 'mux'> <InPorts = 2> <OutPorts = 1>
ST_38 : Operation 911 [1/1] (0.57ns)   --->   "%tmp_56 = mux i32 @_ssdm_op_Mux.ap_auto.5float.i3, i32 %p_ZZ5conv3PA255_A255_fPA32_A5_A5_fPfS1_E7in_tile_3_4_0_load_9_read, i32 %p_ZZ5conv3PA255_A255_fPA32_A5_A5_fPfS1_E7in_tile_3_0_0_load_9_read, i32 %p_ZZ5conv3PA255_A255_fPA32_A5_A5_fPfS1_E7in_tile_3_1_0_load_9_read, i32 %p_ZZ5conv3PA255_A255_fPA32_A5_A5_fPfS1_E7in_tile_3_2_0_load_9_read, i32 %p_ZZ5conv3PA255_A255_fPA32_A5_A5_fPfS1_E7in_tile_3_3_0_load_9_read, i3 %trunc_ln_read" [src/conv3.cpp:86]   --->   Operation 911 'mux' 'tmp_56' <Predicate = (icmp_ln79)> <Delay = 0.57> <CoreInst = "Multiplexer">   --->   Core 76 'Multiplexer' <Latency = 0> <II = 1> <Delay = 0.57> <FuncUnit> <Opcode : 'mux'> <InPorts = 2> <OutPorts = 1>
ST_38 : Operation 912 [1/1] (0.57ns)   --->   "%tmp_57 = mux i32 @_ssdm_op_Mux.ap_auto.5float.i3, i32 %p_ZZ5conv3PA255_A255_fPA32_A5_A5_fPfS1_E7in_tile_4_4_0_load_9_read, i32 %p_ZZ5conv3PA255_A255_fPA32_A5_A5_fPfS1_E7in_tile_4_0_0_load_9_read, i32 %p_ZZ5conv3PA255_A255_fPA32_A5_A5_fPfS1_E7in_tile_4_1_0_load_9_read, i32 %p_ZZ5conv3PA255_A255_fPA32_A5_A5_fPfS1_E7in_tile_4_2_0_load_9_read, i32 %p_ZZ5conv3PA255_A255_fPA32_A5_A5_fPfS1_E7in_tile_4_3_0_load_9_read, i3 %trunc_ln_read" [src/conv3.cpp:86]   --->   Operation 912 'mux' 'tmp_57' <Predicate = (icmp_ln79)> <Delay = 0.57> <CoreInst = "Multiplexer">   --->   Core 76 'Multiplexer' <Latency = 0> <II = 1> <Delay = 0.57> <FuncUnit> <Opcode : 'mux'> <InPorts = 2> <OutPorts = 1>
ST_38 : Operation 913 [1/1] (0.57ns)   --->   "%tmp_58 = mux i32 @_ssdm_op_Mux.ap_auto.5float.i3, i32 %tmp_54, i32 %tmp_55, i32 %tmp_56, i32 %tmp_57, i32 %tmp_53, i3 %trunc_ln74_mid2_read" [src/conv3.cpp:86]   --->   Operation 913 'mux' 'tmp_58' <Predicate = (icmp_ln79)> <Delay = 0.57> <CoreInst = "Multiplexer">   --->   Core 76 'Multiplexer' <Latency = 0> <II = 1> <Delay = 0.57> <FuncUnit> <Opcode : 'mux'> <InPorts = 2> <OutPorts = 1>

State 39 <SV = 38> <Delay = 7.01>
ST_39 : Operation 914 [3/4] (6.43ns)   --->   "%acc_10 = fadd i32 %acc_9, i32 %mul_1_3" [src/conv3.cpp:85]   --->   Operation 914 'fadd' 'acc_10' <Predicate = (icmp_ln79)> <Delay = 6.43> <CoreInst = "FAddSub_fulldsp">   --->   Core 18 'FAddSub_fulldsp' <Latency = 3> <II = 1> <Delay = 6.43> <FuncUnit> <Opcode : 'fadd' 'fsub'> <InPorts = 2> <OutPorts = 1>
ST_39 : [1/1] (1.18ns)   --->   Input mux for Operation 915 '%mul_1_4 = fmul i32 %p_ZZ5conv3PA255_A255_fPA32_A5_A5_fPfS1_E6w_tile_1_4_0_load, i32 %tmp_58'
ST_39 : Operation 915 [3/3] (5.83ns)   --->   "%mul_1_4 = fmul i32 %p_ZZ5conv3PA255_A255_fPA32_A5_A5_fPfS1_E6w_tile_1_4_0_load, i32 %tmp_58" [src/conv3.cpp:85]   --->   Operation 915 'fmul' 'mul_1_4' <Predicate = (icmp_ln79)> <Delay = 5.83> <CoreInst = "FMul_maxdsp">   --->   Core 30 'FMul_maxdsp' <Latency = 2> <II = 1> <Delay = 7.01> <FuncUnit> <Opcode : 'fmul'> <InPorts = 2> <OutPorts = 1>

State 40 <SV = 39> <Delay = 7.01>
ST_40 : Operation 916 [2/4] (6.43ns)   --->   "%acc_10 = fadd i32 %acc_9, i32 %mul_1_3" [src/conv3.cpp:85]   --->   Operation 916 'fadd' 'acc_10' <Predicate = (icmp_ln79)> <Delay = 6.43> <CoreInst = "FAddSub_fulldsp">   --->   Core 18 'FAddSub_fulldsp' <Latency = 3> <II = 1> <Delay = 6.43> <FuncUnit> <Opcode : 'fadd' 'fsub'> <InPorts = 2> <OutPorts = 1>
ST_40 : Operation 917 [2/3] (7.01ns)   --->   "%mul_1_4 = fmul i32 %p_ZZ5conv3PA255_A255_fPA32_A5_A5_fPfS1_E6w_tile_1_4_0_load, i32 %tmp_58" [src/conv3.cpp:85]   --->   Operation 917 'fmul' 'mul_1_4' <Predicate = (icmp_ln79)> <Delay = 7.01> <CoreInst = "FMul_maxdsp">   --->   Core 30 'FMul_maxdsp' <Latency = 2> <II = 1> <Delay = 7.01> <FuncUnit> <Opcode : 'fmul'> <InPorts = 2> <OutPorts = 1>

State 41 <SV = 40> <Delay = 7.01>
ST_41 : Operation 918 [1/4] (6.43ns)   --->   "%acc_10 = fadd i32 %acc_9, i32 %mul_1_3" [src/conv3.cpp:85]   --->   Operation 918 'fadd' 'acc_10' <Predicate = (icmp_ln79)> <Delay = 6.43> <CoreInst = "FAddSub_fulldsp">   --->   Core 18 'FAddSub_fulldsp' <Latency = 3> <II = 1> <Delay = 6.43> <FuncUnit> <Opcode : 'fadd' 'fsub'> <InPorts = 2> <OutPorts = 1>
ST_41 : Operation 919 [1/3] (7.01ns)   --->   "%mul_1_4 = fmul i32 %p_ZZ5conv3PA255_A255_fPA32_A5_A5_fPfS1_E6w_tile_1_4_0_load, i32 %tmp_58" [src/conv3.cpp:85]   --->   Operation 919 'fmul' 'mul_1_4' <Predicate = (icmp_ln79)> <Delay = 7.01> <CoreInst = "FMul_maxdsp">   --->   Core 30 'FMul_maxdsp' <Latency = 2> <II = 1> <Delay = 7.01> <FuncUnit> <Opcode : 'fmul'> <InPorts = 2> <OutPorts = 1>
ST_41 : Operation 920 [1/1] (0.00ns)   --->   "%p_ZZ5conv3PA255_A255_fPA32_A5_A5_fPfS1_E6w_tile_2_0_0_addr = getelementptr i32 %p_ZZ5conv3PA255_A255_fPA32_A5_A5_fPfS1_E6w_tile_2_0_0, i64 0, i64 %zext_ln77" [src/conv3.cpp:85]   --->   Operation 920 'getelementptr' 'p_ZZ5conv3PA255_A255_fPA32_A5_A5_fPfS1_E6w_tile_2_0_0_addr' <Predicate = (icmp_ln79)> <Delay = 0.00>
ST_41 : Operation 921 [2/2] (0.67ns)   --->   "%p_ZZ5conv3PA255_A255_fPA32_A5_A5_fPfS1_E6w_tile_2_0_0_load = load i3 %p_ZZ5conv3PA255_A255_fPA32_A5_A5_fPfS1_E6w_tile_2_0_0_addr" [src/conv3.cpp:85]   --->   Operation 921 'load' 'p_ZZ5conv3PA255_A255_fPA32_A5_A5_fPfS1_E6w_tile_2_0_0_load' <Predicate = (icmp_ln79)> <Delay = 0.67> <CoreInst = "RAM">   --->   Core 83 'RAM' <Latency = 1> <II = 1> <Delay = 0.67> <Storage> <Opcode : 'load' 'store'> <Ports = 2> <Width = 32> <Depth = 8> <RAM>

State 42 <SV = 41> <Delay = 6.43>
ST_42 : [1/1] (1.18ns)   --->   Input mux for Operation 922 '%acc_11 = fadd i32 %acc_10, i32 %mul_1_4'
ST_42 : Operation 922 [4/4] (5.25ns)   --->   "%acc_11 = fadd i32 %acc_10, i32 %mul_1_4" [src/conv3.cpp:85]   --->   Operation 922 'fadd' 'acc_11' <Predicate = (icmp_ln79)> <Delay = 5.25> <CoreInst = "FAddSub_fulldsp">   --->   Core 18 'FAddSub_fulldsp' <Latency = 3> <II = 1> <Delay = 6.43> <FuncUnit> <Opcode : 'fadd' 'fsub'> <InPorts = 2> <OutPorts = 1>
ST_42 : Operation 923 [1/2] (0.67ns)   --->   "%p_ZZ5conv3PA255_A255_fPA32_A5_A5_fPfS1_E6w_tile_2_0_0_load = load i3 %p_ZZ5conv3PA255_A255_fPA32_A5_A5_fPfS1_E6w_tile_2_0_0_addr" [src/conv3.cpp:85]   --->   Operation 923 'load' 'p_ZZ5conv3PA255_A255_fPA32_A5_A5_fPfS1_E6w_tile_2_0_0_load' <Predicate = (icmp_ln79)> <Delay = 0.67> <CoreInst = "RAM">   --->   Core 83 'RAM' <Latency = 1> <II = 1> <Delay = 0.67> <Storage> <Opcode : 'load' 'store'> <Ports = 2> <Width = 32> <Depth = 8> <RAM>
ST_42 : Operation 924 [1/1] (0.57ns)   --->   "%tmp_59 = mux i32 @_ssdm_op_Mux.ap_auto.5float.i3, i32 %p_ZZ5conv3PA255_A255_fPA32_A5_A5_fPfS1_E7in_tile_0_0_0_load_10_read, i32 %p_ZZ5conv3PA255_A255_fPA32_A5_A5_fPfS1_E7in_tile_0_1_0_load_10_read, i32 %p_ZZ5conv3PA255_A255_fPA32_A5_A5_fPfS1_E7in_tile_0_2_0_load_10_read, i32 %p_ZZ5conv3PA255_A255_fPA32_A5_A5_fPfS1_E7in_tile_0_3_0_load_10_read, i32 %p_ZZ5conv3PA255_A255_fPA32_A5_A5_fPfS1_E7in_tile_0_4_0_load_10_read, i3 %trunc_ln_read" [src/conv3.cpp:86]   --->   Operation 924 'mux' 'tmp_59' <Predicate = (icmp_ln79)> <Delay = 0.57> <CoreInst = "Multiplexer">   --->   Core 76 'Multiplexer' <Latency = 0> <II = 1> <Delay = 0.57> <FuncUnit> <Opcode : 'mux'> <InPorts = 2> <OutPorts = 1>
ST_42 : Operation 925 [1/1] (0.57ns)   --->   "%tmp_60 = mux i32 @_ssdm_op_Mux.ap_auto.5float.i3, i32 %p_ZZ5conv3PA255_A255_fPA32_A5_A5_fPfS1_E7in_tile_1_0_0_load_10_read, i32 %p_ZZ5conv3PA255_A255_fPA32_A5_A5_fPfS1_E7in_tile_1_1_0_load_10_read, i32 %p_ZZ5conv3PA255_A255_fPA32_A5_A5_fPfS1_E7in_tile_1_2_0_load_10_read, i32 %p_ZZ5conv3PA255_A255_fPA32_A5_A5_fPfS1_E7in_tile_1_3_0_load_10_read, i32 %p_ZZ5conv3PA255_A255_fPA32_A5_A5_fPfS1_E7in_tile_1_4_0_load_10_read, i3 %trunc_ln_read" [src/conv3.cpp:86]   --->   Operation 925 'mux' 'tmp_60' <Predicate = (icmp_ln79)> <Delay = 0.57> <CoreInst = "Multiplexer">   --->   Core 76 'Multiplexer' <Latency = 0> <II = 1> <Delay = 0.57> <FuncUnit> <Opcode : 'mux'> <InPorts = 2> <OutPorts = 1>
ST_42 : Operation 926 [1/1] (0.57ns)   --->   "%tmp_61 = mux i32 @_ssdm_op_Mux.ap_auto.5float.i3, i32 %p_ZZ5conv3PA255_A255_fPA32_A5_A5_fPfS1_E7in_tile_2_0_0_load_10_read, i32 %p_ZZ5conv3PA255_A255_fPA32_A5_A5_fPfS1_E7in_tile_2_1_0_load_10_read, i32 %p_ZZ5conv3PA255_A255_fPA32_A5_A5_fPfS1_E7in_tile_2_2_0_load_10_read, i32 %p_ZZ5conv3PA255_A255_fPA32_A5_A5_fPfS1_E7in_tile_2_3_0_load_10_read, i32 %p_ZZ5conv3PA255_A255_fPA32_A5_A5_fPfS1_E7in_tile_2_4_0_load_10_read, i3 %trunc_ln_read" [src/conv3.cpp:86]   --->   Operation 926 'mux' 'tmp_61' <Predicate = (icmp_ln79)> <Delay = 0.57> <CoreInst = "Multiplexer">   --->   Core 76 'Multiplexer' <Latency = 0> <II = 1> <Delay = 0.57> <FuncUnit> <Opcode : 'mux'> <InPorts = 2> <OutPorts = 1>
ST_42 : Operation 927 [1/1] (0.57ns)   --->   "%tmp_62 = mux i32 @_ssdm_op_Mux.ap_auto.5float.i3, i32 %p_ZZ5conv3PA255_A255_fPA32_A5_A5_fPfS1_E7in_tile_3_0_0_load_10_read, i32 %p_ZZ5conv3PA255_A255_fPA32_A5_A5_fPfS1_E7in_tile_3_1_0_load_10_read, i32 %p_ZZ5conv3PA255_A255_fPA32_A5_A5_fPfS1_E7in_tile_3_2_0_load_10_read, i32 %p_ZZ5conv3PA255_A255_fPA32_A5_A5_fPfS1_E7in_tile_3_3_0_load_10_read, i32 %p_ZZ5conv3PA255_A255_fPA32_A5_A5_fPfS1_E7in_tile_3_4_0_load_10_read, i3 %trunc_ln_read" [src/conv3.cpp:86]   --->   Operation 927 'mux' 'tmp_62' <Predicate = (icmp_ln79)> <Delay = 0.57> <CoreInst = "Multiplexer">   --->   Core 76 'Multiplexer' <Latency = 0> <II = 1> <Delay = 0.57> <FuncUnit> <Opcode : 'mux'> <InPorts = 2> <OutPorts = 1>
ST_42 : Operation 928 [1/1] (0.57ns)   --->   "%tmp_63 = mux i32 @_ssdm_op_Mux.ap_auto.5float.i3, i32 %p_ZZ5conv3PA255_A255_fPA32_A5_A5_fPfS1_E7in_tile_4_0_0_load_10_read, i32 %p_ZZ5conv3PA255_A255_fPA32_A5_A5_fPfS1_E7in_tile_4_1_0_load_10_read, i32 %p_ZZ5conv3PA255_A255_fPA32_A5_A5_fPfS1_E7in_tile_4_2_0_load_10_read, i32 %p_ZZ5conv3PA255_A255_fPA32_A5_A5_fPfS1_E7in_tile_4_3_0_load_10_read, i32 %p_ZZ5conv3PA255_A255_fPA32_A5_A5_fPfS1_E7in_tile_4_4_0_load_10_read, i3 %trunc_ln_read" [src/conv3.cpp:86]   --->   Operation 928 'mux' 'tmp_63' <Predicate = (icmp_ln79)> <Delay = 0.57> <CoreInst = "Multiplexer">   --->   Core 76 'Multiplexer' <Latency = 0> <II = 1> <Delay = 0.57> <FuncUnit> <Opcode : 'mux'> <InPorts = 2> <OutPorts = 1>
ST_42 : Operation 929 [1/1] (0.57ns)   --->   "%tmp_64 = mux i32 @_ssdm_op_Mux.ap_auto.5float.i3, i32 %tmp_61, i32 %tmp_62, i32 %tmp_63, i32 %tmp_59, i32 %tmp_60, i3 %trunc_ln74_mid2_read" [src/conv3.cpp:86]   --->   Operation 929 'mux' 'tmp_64' <Predicate = (icmp_ln79)> <Delay = 0.57> <CoreInst = "Multiplexer">   --->   Core 76 'Multiplexer' <Latency = 0> <II = 1> <Delay = 0.57> <FuncUnit> <Opcode : 'mux'> <InPorts = 2> <OutPorts = 1>

State 43 <SV = 42> <Delay = 7.01>
ST_43 : Operation 930 [3/4] (6.43ns)   --->   "%acc_11 = fadd i32 %acc_10, i32 %mul_1_4" [src/conv3.cpp:85]   --->   Operation 930 'fadd' 'acc_11' <Predicate = (icmp_ln79)> <Delay = 6.43> <CoreInst = "FAddSub_fulldsp">   --->   Core 18 'FAddSub_fulldsp' <Latency = 3> <II = 1> <Delay = 6.43> <FuncUnit> <Opcode : 'fadd' 'fsub'> <InPorts = 2> <OutPorts = 1>
ST_43 : [1/1] (1.18ns)   --->   Input mux for Operation 931 '%mul_2 = fmul i32 %p_ZZ5conv3PA255_A255_fPA32_A5_A5_fPfS1_E6w_tile_2_0_0_load, i32 %tmp_64'
ST_43 : Operation 931 [3/3] (5.83ns)   --->   "%mul_2 = fmul i32 %p_ZZ5conv3PA255_A255_fPA32_A5_A5_fPfS1_E6w_tile_2_0_0_load, i32 %tmp_64" [src/conv3.cpp:85]   --->   Operation 931 'fmul' 'mul_2' <Predicate = (icmp_ln79)> <Delay = 5.83> <CoreInst = "FMul_maxdsp">   --->   Core 30 'FMul_maxdsp' <Latency = 2> <II = 1> <Delay = 7.01> <FuncUnit> <Opcode : 'fmul'> <InPorts = 2> <OutPorts = 1>

State 44 <SV = 43> <Delay = 7.01>
ST_44 : Operation 932 [2/4] (6.43ns)   --->   "%acc_11 = fadd i32 %acc_10, i32 %mul_1_4" [src/conv3.cpp:85]   --->   Operation 932 'fadd' 'acc_11' <Predicate = (icmp_ln79)> <Delay = 6.43> <CoreInst = "FAddSub_fulldsp">   --->   Core 18 'FAddSub_fulldsp' <Latency = 3> <II = 1> <Delay = 6.43> <FuncUnit> <Opcode : 'fadd' 'fsub'> <InPorts = 2> <OutPorts = 1>
ST_44 : Operation 933 [2/3] (7.01ns)   --->   "%mul_2 = fmul i32 %p_ZZ5conv3PA255_A255_fPA32_A5_A5_fPfS1_E6w_tile_2_0_0_load, i32 %tmp_64" [src/conv3.cpp:85]   --->   Operation 933 'fmul' 'mul_2' <Predicate = (icmp_ln79)> <Delay = 7.01> <CoreInst = "FMul_maxdsp">   --->   Core 30 'FMul_maxdsp' <Latency = 2> <II = 1> <Delay = 7.01> <FuncUnit> <Opcode : 'fmul'> <InPorts = 2> <OutPorts = 1>

State 45 <SV = 44> <Delay = 7.01>
ST_45 : Operation 934 [1/4] (6.43ns)   --->   "%acc_11 = fadd i32 %acc_10, i32 %mul_1_4" [src/conv3.cpp:85]   --->   Operation 934 'fadd' 'acc_11' <Predicate = (icmp_ln79)> <Delay = 6.43> <CoreInst = "FAddSub_fulldsp">   --->   Core 18 'FAddSub_fulldsp' <Latency = 3> <II = 1> <Delay = 6.43> <FuncUnit> <Opcode : 'fadd' 'fsub'> <InPorts = 2> <OutPorts = 1>
ST_45 : Operation 935 [1/3] (7.01ns)   --->   "%mul_2 = fmul i32 %p_ZZ5conv3PA255_A255_fPA32_A5_A5_fPfS1_E6w_tile_2_0_0_load, i32 %tmp_64" [src/conv3.cpp:85]   --->   Operation 935 'fmul' 'mul_2' <Predicate = (icmp_ln79)> <Delay = 7.01> <CoreInst = "FMul_maxdsp">   --->   Core 30 'FMul_maxdsp' <Latency = 2> <II = 1> <Delay = 7.01> <FuncUnit> <Opcode : 'fmul'> <InPorts = 2> <OutPorts = 1>
ST_45 : Operation 936 [1/1] (0.00ns)   --->   "%p_ZZ5conv3PA255_A255_fPA32_A5_A5_fPfS1_E6w_tile_2_1_0_addr = getelementptr i32 %p_ZZ5conv3PA255_A255_fPA32_A5_A5_fPfS1_E6w_tile_2_1_0, i64 0, i64 %zext_ln77" [src/conv3.cpp:85]   --->   Operation 936 'getelementptr' 'p_ZZ5conv3PA255_A255_fPA32_A5_A5_fPfS1_E6w_tile_2_1_0_addr' <Predicate = (icmp_ln79)> <Delay = 0.00>
ST_45 : Operation 937 [2/2] (0.67ns)   --->   "%p_ZZ5conv3PA255_A255_fPA32_A5_A5_fPfS1_E6w_tile_2_1_0_load = load i3 %p_ZZ5conv3PA255_A255_fPA32_A5_A5_fPfS1_E6w_tile_2_1_0_addr" [src/conv3.cpp:85]   --->   Operation 937 'load' 'p_ZZ5conv3PA255_A255_fPA32_A5_A5_fPfS1_E6w_tile_2_1_0_load' <Predicate = (icmp_ln79)> <Delay = 0.67> <CoreInst = "RAM">   --->   Core 83 'RAM' <Latency = 1> <II = 1> <Delay = 0.67> <Storage> <Opcode : 'load' 'store'> <Ports = 2> <Width = 32> <Depth = 8> <RAM>

State 46 <SV = 45> <Delay = 6.43>
ST_46 : [1/1] (1.18ns)   --->   Input mux for Operation 938 '%acc_12 = fadd i32 %acc_11, i32 %mul_2'
ST_46 : Operation 938 [4/4] (5.25ns)   --->   "%acc_12 = fadd i32 %acc_11, i32 %mul_2" [src/conv3.cpp:85]   --->   Operation 938 'fadd' 'acc_12' <Predicate = (icmp_ln79)> <Delay = 5.25> <CoreInst = "FAddSub_fulldsp">   --->   Core 18 'FAddSub_fulldsp' <Latency = 3> <II = 1> <Delay = 6.43> <FuncUnit> <Opcode : 'fadd' 'fsub'> <InPorts = 2> <OutPorts = 1>
ST_46 : Operation 939 [1/2] (0.67ns)   --->   "%p_ZZ5conv3PA255_A255_fPA32_A5_A5_fPfS1_E6w_tile_2_1_0_load = load i3 %p_ZZ5conv3PA255_A255_fPA32_A5_A5_fPfS1_E6w_tile_2_1_0_addr" [src/conv3.cpp:85]   --->   Operation 939 'load' 'p_ZZ5conv3PA255_A255_fPA32_A5_A5_fPfS1_E6w_tile_2_1_0_load' <Predicate = (icmp_ln79)> <Delay = 0.67> <CoreInst = "RAM">   --->   Core 83 'RAM' <Latency = 1> <II = 1> <Delay = 0.67> <Storage> <Opcode : 'load' 'store'> <Ports = 2> <Width = 32> <Depth = 8> <RAM>
ST_46 : Operation 940 [1/1] (0.57ns)   --->   "%tmp_65 = mux i32 @_ssdm_op_Mux.ap_auto.5float.i3, i32 %p_ZZ5conv3PA255_A255_fPA32_A5_A5_fPfS1_E7in_tile_0_1_0_load_11_read, i32 %p_ZZ5conv3PA255_A255_fPA32_A5_A5_fPfS1_E7in_tile_0_2_0_load_11_read, i32 %p_ZZ5conv3PA255_A255_fPA32_A5_A5_fPfS1_E7in_tile_0_3_0_load_11_read, i32 %p_ZZ5conv3PA255_A255_fPA32_A5_A5_fPfS1_E7in_tile_0_4_0_load_11_read, i32 %p_ZZ5conv3PA255_A255_fPA32_A5_A5_fPfS1_E7in_tile_0_0_0_load_11_read, i3 %trunc_ln_read" [src/conv3.cpp:86]   --->   Operation 940 'mux' 'tmp_65' <Predicate = (icmp_ln79)> <Delay = 0.57> <CoreInst = "Multiplexer">   --->   Core 76 'Multiplexer' <Latency = 0> <II = 1> <Delay = 0.57> <FuncUnit> <Opcode : 'mux'> <InPorts = 2> <OutPorts = 1>
ST_46 : Operation 941 [1/1] (0.57ns)   --->   "%tmp_66 = mux i32 @_ssdm_op_Mux.ap_auto.5float.i3, i32 %p_ZZ5conv3PA255_A255_fPA32_A5_A5_fPfS1_E7in_tile_1_1_0_load_11_read, i32 %p_ZZ5conv3PA255_A255_fPA32_A5_A5_fPfS1_E7in_tile_1_2_0_load_11_read, i32 %p_ZZ5conv3PA255_A255_fPA32_A5_A5_fPfS1_E7in_tile_1_3_0_load_11_read, i32 %p_ZZ5conv3PA255_A255_fPA32_A5_A5_fPfS1_E7in_tile_1_4_0_load_11_read, i32 %p_ZZ5conv3PA255_A255_fPA32_A5_A5_fPfS1_E7in_tile_1_0_0_load_11_read, i3 %trunc_ln_read" [src/conv3.cpp:86]   --->   Operation 941 'mux' 'tmp_66' <Predicate = (icmp_ln79)> <Delay = 0.57> <CoreInst = "Multiplexer">   --->   Core 76 'Multiplexer' <Latency = 0> <II = 1> <Delay = 0.57> <FuncUnit> <Opcode : 'mux'> <InPorts = 2> <OutPorts = 1>
ST_46 : Operation 942 [1/1] (0.57ns)   --->   "%tmp_67 = mux i32 @_ssdm_op_Mux.ap_auto.5float.i3, i32 %p_ZZ5conv3PA255_A255_fPA32_A5_A5_fPfS1_E7in_tile_2_1_0_load_11_read, i32 %p_ZZ5conv3PA255_A255_fPA32_A5_A5_fPfS1_E7in_tile_2_2_0_load_11_read, i32 %p_ZZ5conv3PA255_A255_fPA32_A5_A5_fPfS1_E7in_tile_2_3_0_load_11_read, i32 %p_ZZ5conv3PA255_A255_fPA32_A5_A5_fPfS1_E7in_tile_2_4_0_load_11_read, i32 %p_ZZ5conv3PA255_A255_fPA32_A5_A5_fPfS1_E7in_tile_2_0_0_load_11_read, i3 %trunc_ln_read" [src/conv3.cpp:86]   --->   Operation 942 'mux' 'tmp_67' <Predicate = (icmp_ln79)> <Delay = 0.57> <CoreInst = "Multiplexer">   --->   Core 76 'Multiplexer' <Latency = 0> <II = 1> <Delay = 0.57> <FuncUnit> <Opcode : 'mux'> <InPorts = 2> <OutPorts = 1>
ST_46 : Operation 943 [1/1] (0.57ns)   --->   "%tmp_68 = mux i32 @_ssdm_op_Mux.ap_auto.5float.i3, i32 %p_ZZ5conv3PA255_A255_fPA32_A5_A5_fPfS1_E7in_tile_3_1_0_load_11_read, i32 %p_ZZ5conv3PA255_A255_fPA32_A5_A5_fPfS1_E7in_tile_3_2_0_load_11_read, i32 %p_ZZ5conv3PA255_A255_fPA32_A5_A5_fPfS1_E7in_tile_3_3_0_load_11_read, i32 %p_ZZ5conv3PA255_A255_fPA32_A5_A5_fPfS1_E7in_tile_3_4_0_load_11_read, i32 %p_ZZ5conv3PA255_A255_fPA32_A5_A5_fPfS1_E7in_tile_3_0_0_load_11_read, i3 %trunc_ln_read" [src/conv3.cpp:86]   --->   Operation 943 'mux' 'tmp_68' <Predicate = (icmp_ln79)> <Delay = 0.57> <CoreInst = "Multiplexer">   --->   Core 76 'Multiplexer' <Latency = 0> <II = 1> <Delay = 0.57> <FuncUnit> <Opcode : 'mux'> <InPorts = 2> <OutPorts = 1>
ST_46 : Operation 944 [1/1] (0.57ns)   --->   "%tmp_69 = mux i32 @_ssdm_op_Mux.ap_auto.5float.i3, i32 %p_ZZ5conv3PA255_A255_fPA32_A5_A5_fPfS1_E7in_tile_4_1_0_load_11_read, i32 %p_ZZ5conv3PA255_A255_fPA32_A5_A5_fPfS1_E7in_tile_4_2_0_load_11_read, i32 %p_ZZ5conv3PA255_A255_fPA32_A5_A5_fPfS1_E7in_tile_4_3_0_load_11_read, i32 %p_ZZ5conv3PA255_A255_fPA32_A5_A5_fPfS1_E7in_tile_4_4_0_load_11_read, i32 %p_ZZ5conv3PA255_A255_fPA32_A5_A5_fPfS1_E7in_tile_4_0_0_load_11_read, i3 %trunc_ln_read" [src/conv3.cpp:86]   --->   Operation 944 'mux' 'tmp_69' <Predicate = (icmp_ln79)> <Delay = 0.57> <CoreInst = "Multiplexer">   --->   Core 76 'Multiplexer' <Latency = 0> <II = 1> <Delay = 0.57> <FuncUnit> <Opcode : 'mux'> <InPorts = 2> <OutPorts = 1>
ST_46 : Operation 945 [1/1] (0.57ns)   --->   "%tmp_70 = mux i32 @_ssdm_op_Mux.ap_auto.5float.i3, i32 %tmp_67, i32 %tmp_68, i32 %tmp_69, i32 %tmp_65, i32 %tmp_66, i3 %trunc_ln74_mid2_read" [src/conv3.cpp:86]   --->   Operation 945 'mux' 'tmp_70' <Predicate = (icmp_ln79)> <Delay = 0.57> <CoreInst = "Multiplexer">   --->   Core 76 'Multiplexer' <Latency = 0> <II = 1> <Delay = 0.57> <FuncUnit> <Opcode : 'mux'> <InPorts = 2> <OutPorts = 1>

State 47 <SV = 46> <Delay = 7.01>
ST_47 : Operation 946 [3/4] (6.43ns)   --->   "%acc_12 = fadd i32 %acc_11, i32 %mul_2" [src/conv3.cpp:85]   --->   Operation 946 'fadd' 'acc_12' <Predicate = (icmp_ln79)> <Delay = 6.43> <CoreInst = "FAddSub_fulldsp">   --->   Core 18 'FAddSub_fulldsp' <Latency = 3> <II = 1> <Delay = 6.43> <FuncUnit> <Opcode : 'fadd' 'fsub'> <InPorts = 2> <OutPorts = 1>
ST_47 : [1/1] (1.18ns)   --->   Input mux for Operation 947 '%mul_2_1 = fmul i32 %p_ZZ5conv3PA255_A255_fPA32_A5_A5_fPfS1_E6w_tile_2_1_0_load, i32 %tmp_70'
ST_47 : Operation 947 [3/3] (5.83ns)   --->   "%mul_2_1 = fmul i32 %p_ZZ5conv3PA255_A255_fPA32_A5_A5_fPfS1_E6w_tile_2_1_0_load, i32 %tmp_70" [src/conv3.cpp:85]   --->   Operation 947 'fmul' 'mul_2_1' <Predicate = (icmp_ln79)> <Delay = 5.83> <CoreInst = "FMul_maxdsp">   --->   Core 30 'FMul_maxdsp' <Latency = 2> <II = 1> <Delay = 7.01> <FuncUnit> <Opcode : 'fmul'> <InPorts = 2> <OutPorts = 1>

State 48 <SV = 47> <Delay = 7.01>
ST_48 : Operation 948 [2/4] (6.43ns)   --->   "%acc_12 = fadd i32 %acc_11, i32 %mul_2" [src/conv3.cpp:85]   --->   Operation 948 'fadd' 'acc_12' <Predicate = (icmp_ln79)> <Delay = 6.43> <CoreInst = "FAddSub_fulldsp">   --->   Core 18 'FAddSub_fulldsp' <Latency = 3> <II = 1> <Delay = 6.43> <FuncUnit> <Opcode : 'fadd' 'fsub'> <InPorts = 2> <OutPorts = 1>
ST_48 : Operation 949 [2/3] (7.01ns)   --->   "%mul_2_1 = fmul i32 %p_ZZ5conv3PA255_A255_fPA32_A5_A5_fPfS1_E6w_tile_2_1_0_load, i32 %tmp_70" [src/conv3.cpp:85]   --->   Operation 949 'fmul' 'mul_2_1' <Predicate = (icmp_ln79)> <Delay = 7.01> <CoreInst = "FMul_maxdsp">   --->   Core 30 'FMul_maxdsp' <Latency = 2> <II = 1> <Delay = 7.01> <FuncUnit> <Opcode : 'fmul'> <InPorts = 2> <OutPorts = 1>

State 49 <SV = 48> <Delay = 7.01>
ST_49 : Operation 950 [1/4] (6.43ns)   --->   "%acc_12 = fadd i32 %acc_11, i32 %mul_2" [src/conv3.cpp:85]   --->   Operation 950 'fadd' 'acc_12' <Predicate = (icmp_ln79)> <Delay = 6.43> <CoreInst = "FAddSub_fulldsp">   --->   Core 18 'FAddSub_fulldsp' <Latency = 3> <II = 1> <Delay = 6.43> <FuncUnit> <Opcode : 'fadd' 'fsub'> <InPorts = 2> <OutPorts = 1>
ST_49 : Operation 951 [1/3] (7.01ns)   --->   "%mul_2_1 = fmul i32 %p_ZZ5conv3PA255_A255_fPA32_A5_A5_fPfS1_E6w_tile_2_1_0_load, i32 %tmp_70" [src/conv3.cpp:85]   --->   Operation 951 'fmul' 'mul_2_1' <Predicate = (icmp_ln79)> <Delay = 7.01> <CoreInst = "FMul_maxdsp">   --->   Core 30 'FMul_maxdsp' <Latency = 2> <II = 1> <Delay = 7.01> <FuncUnit> <Opcode : 'fmul'> <InPorts = 2> <OutPorts = 1>
ST_49 : Operation 952 [1/1] (0.00ns)   --->   "%p_ZZ5conv3PA255_A255_fPA32_A5_A5_fPfS1_E6w_tile_2_2_0_addr = getelementptr i32 %p_ZZ5conv3PA255_A255_fPA32_A5_A5_fPfS1_E6w_tile_2_2_0, i64 0, i64 %zext_ln77" [src/conv3.cpp:85]   --->   Operation 952 'getelementptr' 'p_ZZ5conv3PA255_A255_fPA32_A5_A5_fPfS1_E6w_tile_2_2_0_addr' <Predicate = (icmp_ln79)> <Delay = 0.00>
ST_49 : Operation 953 [2/2] (0.67ns)   --->   "%p_ZZ5conv3PA255_A255_fPA32_A5_A5_fPfS1_E6w_tile_2_2_0_load = load i3 %p_ZZ5conv3PA255_A255_fPA32_A5_A5_fPfS1_E6w_tile_2_2_0_addr" [src/conv3.cpp:85]   --->   Operation 953 'load' 'p_ZZ5conv3PA255_A255_fPA32_A5_A5_fPfS1_E6w_tile_2_2_0_load' <Predicate = (icmp_ln79)> <Delay = 0.67> <CoreInst = "RAM">   --->   Core 83 'RAM' <Latency = 1> <II = 1> <Delay = 0.67> <Storage> <Opcode : 'load' 'store'> <Ports = 2> <Width = 32> <Depth = 8> <RAM>

State 50 <SV = 49> <Delay = 6.43>
ST_50 : [1/1] (1.18ns)   --->   Input mux for Operation 954 '%acc_13 = fadd i32 %acc_12, i32 %mul_2_1'
ST_50 : Operation 954 [4/4] (5.25ns)   --->   "%acc_13 = fadd i32 %acc_12, i32 %mul_2_1" [src/conv3.cpp:85]   --->   Operation 954 'fadd' 'acc_13' <Predicate = (icmp_ln79)> <Delay = 5.25> <CoreInst = "FAddSub_fulldsp">   --->   Core 18 'FAddSub_fulldsp' <Latency = 3> <II = 1> <Delay = 6.43> <FuncUnit> <Opcode : 'fadd' 'fsub'> <InPorts = 2> <OutPorts = 1>
ST_50 : Operation 955 [1/2] (0.67ns)   --->   "%p_ZZ5conv3PA255_A255_fPA32_A5_A5_fPfS1_E6w_tile_2_2_0_load = load i3 %p_ZZ5conv3PA255_A255_fPA32_A5_A5_fPfS1_E6w_tile_2_2_0_addr" [src/conv3.cpp:85]   --->   Operation 955 'load' 'p_ZZ5conv3PA255_A255_fPA32_A5_A5_fPfS1_E6w_tile_2_2_0_load' <Predicate = (icmp_ln79)> <Delay = 0.67> <CoreInst = "RAM">   --->   Core 83 'RAM' <Latency = 1> <II = 1> <Delay = 0.67> <Storage> <Opcode : 'load' 'store'> <Ports = 2> <Width = 32> <Depth = 8> <RAM>
ST_50 : Operation 956 [1/1] (0.57ns)   --->   "%tmp_71 = mux i32 @_ssdm_op_Mux.ap_auto.5float.i3, i32 %p_ZZ5conv3PA255_A255_fPA32_A5_A5_fPfS1_E7in_tile_0_2_0_load_12_read, i32 %p_ZZ5conv3PA255_A255_fPA32_A5_A5_fPfS1_E7in_tile_0_3_0_load_12_read, i32 %p_ZZ5conv3PA255_A255_fPA32_A5_A5_fPfS1_E7in_tile_0_4_0_load_12_read, i32 %p_ZZ5conv3PA255_A255_fPA32_A5_A5_fPfS1_E7in_tile_0_0_0_load_12_read, i32 %p_ZZ5conv3PA255_A255_fPA32_A5_A5_fPfS1_E7in_tile_0_1_0_load_12_read, i3 %trunc_ln_read" [src/conv3.cpp:86]   --->   Operation 956 'mux' 'tmp_71' <Predicate = (icmp_ln79)> <Delay = 0.57> <CoreInst = "Multiplexer">   --->   Core 76 'Multiplexer' <Latency = 0> <II = 1> <Delay = 0.57> <FuncUnit> <Opcode : 'mux'> <InPorts = 2> <OutPorts = 1>
ST_50 : Operation 957 [1/1] (0.57ns)   --->   "%tmp_72 = mux i32 @_ssdm_op_Mux.ap_auto.5float.i3, i32 %p_ZZ5conv3PA255_A255_fPA32_A5_A5_fPfS1_E7in_tile_1_2_0_load_12_read, i32 %p_ZZ5conv3PA255_A255_fPA32_A5_A5_fPfS1_E7in_tile_1_3_0_load_12_read, i32 %p_ZZ5conv3PA255_A255_fPA32_A5_A5_fPfS1_E7in_tile_1_4_0_load_12_read, i32 %p_ZZ5conv3PA255_A255_fPA32_A5_A5_fPfS1_E7in_tile_1_0_0_load_12_read, i32 %p_ZZ5conv3PA255_A255_fPA32_A5_A5_fPfS1_E7in_tile_1_1_0_load_12_read, i3 %trunc_ln_read" [src/conv3.cpp:86]   --->   Operation 957 'mux' 'tmp_72' <Predicate = (icmp_ln79)> <Delay = 0.57> <CoreInst = "Multiplexer">   --->   Core 76 'Multiplexer' <Latency = 0> <II = 1> <Delay = 0.57> <FuncUnit> <Opcode : 'mux'> <InPorts = 2> <OutPorts = 1>
ST_50 : Operation 958 [1/1] (0.57ns)   --->   "%tmp_73 = mux i32 @_ssdm_op_Mux.ap_auto.5float.i3, i32 %p_ZZ5conv3PA255_A255_fPA32_A5_A5_fPfS1_E7in_tile_2_2_0_load_12_read, i32 %p_ZZ5conv3PA255_A255_fPA32_A5_A5_fPfS1_E7in_tile_2_3_0_load_12_read, i32 %p_ZZ5conv3PA255_A255_fPA32_A5_A5_fPfS1_E7in_tile_2_4_0_load_12_read, i32 %p_ZZ5conv3PA255_A255_fPA32_A5_A5_fPfS1_E7in_tile_2_0_0_load_12_read, i32 %p_ZZ5conv3PA255_A255_fPA32_A5_A5_fPfS1_E7in_tile_2_1_0_load_12_read, i3 %trunc_ln_read" [src/conv3.cpp:86]   --->   Operation 958 'mux' 'tmp_73' <Predicate = (icmp_ln79)> <Delay = 0.57> <CoreInst = "Multiplexer">   --->   Core 76 'Multiplexer' <Latency = 0> <II = 1> <Delay = 0.57> <FuncUnit> <Opcode : 'mux'> <InPorts = 2> <OutPorts = 1>
ST_50 : Operation 959 [1/1] (0.57ns)   --->   "%tmp_74 = mux i32 @_ssdm_op_Mux.ap_auto.5float.i3, i32 %p_ZZ5conv3PA255_A255_fPA32_A5_A5_fPfS1_E7in_tile_3_2_0_load_12_read, i32 %p_ZZ5conv3PA255_A255_fPA32_A5_A5_fPfS1_E7in_tile_3_3_0_load_12_read, i32 %p_ZZ5conv3PA255_A255_fPA32_A5_A5_fPfS1_E7in_tile_3_4_0_load_12_read, i32 %p_ZZ5conv3PA255_A255_fPA32_A5_A5_fPfS1_E7in_tile_3_0_0_load_12_read, i32 %p_ZZ5conv3PA255_A255_fPA32_A5_A5_fPfS1_E7in_tile_3_1_0_load_12_read, i3 %trunc_ln_read" [src/conv3.cpp:86]   --->   Operation 959 'mux' 'tmp_74' <Predicate = (icmp_ln79)> <Delay = 0.57> <CoreInst = "Multiplexer">   --->   Core 76 'Multiplexer' <Latency = 0> <II = 1> <Delay = 0.57> <FuncUnit> <Opcode : 'mux'> <InPorts = 2> <OutPorts = 1>
ST_50 : Operation 960 [1/1] (0.57ns)   --->   "%tmp_75 = mux i32 @_ssdm_op_Mux.ap_auto.5float.i3, i32 %p_ZZ5conv3PA255_A255_fPA32_A5_A5_fPfS1_E7in_tile_4_2_0_load_12_read, i32 %p_ZZ5conv3PA255_A255_fPA32_A5_A5_fPfS1_E7in_tile_4_3_0_load_12_read, i32 %p_ZZ5conv3PA255_A255_fPA32_A5_A5_fPfS1_E7in_tile_4_4_0_load_12_read, i32 %p_ZZ5conv3PA255_A255_fPA32_A5_A5_fPfS1_E7in_tile_4_0_0_load_12_read, i32 %p_ZZ5conv3PA255_A255_fPA32_A5_A5_fPfS1_E7in_tile_4_1_0_load_12_read, i3 %trunc_ln_read" [src/conv3.cpp:86]   --->   Operation 960 'mux' 'tmp_75' <Predicate = (icmp_ln79)> <Delay = 0.57> <CoreInst = "Multiplexer">   --->   Core 76 'Multiplexer' <Latency = 0> <II = 1> <Delay = 0.57> <FuncUnit> <Opcode : 'mux'> <InPorts = 2> <OutPorts = 1>
ST_50 : Operation 961 [1/1] (0.57ns)   --->   "%tmp_76 = mux i32 @_ssdm_op_Mux.ap_auto.5float.i3, i32 %tmp_73, i32 %tmp_74, i32 %tmp_75, i32 %tmp_71, i32 %tmp_72, i3 %trunc_ln74_mid2_read" [src/conv3.cpp:86]   --->   Operation 961 'mux' 'tmp_76' <Predicate = (icmp_ln79)> <Delay = 0.57> <CoreInst = "Multiplexer">   --->   Core 76 'Multiplexer' <Latency = 0> <II = 1> <Delay = 0.57> <FuncUnit> <Opcode : 'mux'> <InPorts = 2> <OutPorts = 1>

State 51 <SV = 50> <Delay = 7.01>
ST_51 : Operation 962 [3/4] (6.43ns)   --->   "%acc_13 = fadd i32 %acc_12, i32 %mul_2_1" [src/conv3.cpp:85]   --->   Operation 962 'fadd' 'acc_13' <Predicate = (icmp_ln79)> <Delay = 6.43> <CoreInst = "FAddSub_fulldsp">   --->   Core 18 'FAddSub_fulldsp' <Latency = 3> <II = 1> <Delay = 6.43> <FuncUnit> <Opcode : 'fadd' 'fsub'> <InPorts = 2> <OutPorts = 1>
ST_51 : [1/1] (1.18ns)   --->   Input mux for Operation 963 '%mul_2_2 = fmul i32 %p_ZZ5conv3PA255_A255_fPA32_A5_A5_fPfS1_E6w_tile_2_2_0_load, i32 %tmp_76'
ST_51 : Operation 963 [3/3] (5.83ns)   --->   "%mul_2_2 = fmul i32 %p_ZZ5conv3PA255_A255_fPA32_A5_A5_fPfS1_E6w_tile_2_2_0_load, i32 %tmp_76" [src/conv3.cpp:85]   --->   Operation 963 'fmul' 'mul_2_2' <Predicate = (icmp_ln79)> <Delay = 5.83> <CoreInst = "FMul_maxdsp">   --->   Core 30 'FMul_maxdsp' <Latency = 2> <II = 1> <Delay = 7.01> <FuncUnit> <Opcode : 'fmul'> <InPorts = 2> <OutPorts = 1>

State 52 <SV = 51> <Delay = 7.01>
ST_52 : Operation 964 [2/4] (6.43ns)   --->   "%acc_13 = fadd i32 %acc_12, i32 %mul_2_1" [src/conv3.cpp:85]   --->   Operation 964 'fadd' 'acc_13' <Predicate = (icmp_ln79)> <Delay = 6.43> <CoreInst = "FAddSub_fulldsp">   --->   Core 18 'FAddSub_fulldsp' <Latency = 3> <II = 1> <Delay = 6.43> <FuncUnit> <Opcode : 'fadd' 'fsub'> <InPorts = 2> <OutPorts = 1>
ST_52 : Operation 965 [2/3] (7.01ns)   --->   "%mul_2_2 = fmul i32 %p_ZZ5conv3PA255_A255_fPA32_A5_A5_fPfS1_E6w_tile_2_2_0_load, i32 %tmp_76" [src/conv3.cpp:85]   --->   Operation 965 'fmul' 'mul_2_2' <Predicate = (icmp_ln79)> <Delay = 7.01> <CoreInst = "FMul_maxdsp">   --->   Core 30 'FMul_maxdsp' <Latency = 2> <II = 1> <Delay = 7.01> <FuncUnit> <Opcode : 'fmul'> <InPorts = 2> <OutPorts = 1>

State 53 <SV = 52> <Delay = 7.01>
ST_53 : Operation 966 [1/4] (6.43ns)   --->   "%acc_13 = fadd i32 %acc_12, i32 %mul_2_1" [src/conv3.cpp:85]   --->   Operation 966 'fadd' 'acc_13' <Predicate = (icmp_ln79)> <Delay = 6.43> <CoreInst = "FAddSub_fulldsp">   --->   Core 18 'FAddSub_fulldsp' <Latency = 3> <II = 1> <Delay = 6.43> <FuncUnit> <Opcode : 'fadd' 'fsub'> <InPorts = 2> <OutPorts = 1>
ST_53 : Operation 967 [1/3] (7.01ns)   --->   "%mul_2_2 = fmul i32 %p_ZZ5conv3PA255_A255_fPA32_A5_A5_fPfS1_E6w_tile_2_2_0_load, i32 %tmp_76" [src/conv3.cpp:85]   --->   Operation 967 'fmul' 'mul_2_2' <Predicate = (icmp_ln79)> <Delay = 7.01> <CoreInst = "FMul_maxdsp">   --->   Core 30 'FMul_maxdsp' <Latency = 2> <II = 1> <Delay = 7.01> <FuncUnit> <Opcode : 'fmul'> <InPorts = 2> <OutPorts = 1>
ST_53 : Operation 968 [1/1] (0.00ns)   --->   "%p_ZZ5conv3PA255_A255_fPA32_A5_A5_fPfS1_E6w_tile_2_3_0_addr = getelementptr i32 %p_ZZ5conv3PA255_A255_fPA32_A5_A5_fPfS1_E6w_tile_2_3_0, i64 0, i64 %zext_ln77" [src/conv3.cpp:85]   --->   Operation 968 'getelementptr' 'p_ZZ5conv3PA255_A255_fPA32_A5_A5_fPfS1_E6w_tile_2_3_0_addr' <Predicate = (icmp_ln79)> <Delay = 0.00>
ST_53 : Operation 969 [2/2] (0.67ns)   --->   "%p_ZZ5conv3PA255_A255_fPA32_A5_A5_fPfS1_E6w_tile_2_3_0_load = load i3 %p_ZZ5conv3PA255_A255_fPA32_A5_A5_fPfS1_E6w_tile_2_3_0_addr" [src/conv3.cpp:85]   --->   Operation 969 'load' 'p_ZZ5conv3PA255_A255_fPA32_A5_A5_fPfS1_E6w_tile_2_3_0_load' <Predicate = (icmp_ln79)> <Delay = 0.67> <CoreInst = "RAM">   --->   Core 83 'RAM' <Latency = 1> <II = 1> <Delay = 0.67> <Storage> <Opcode : 'load' 'store'> <Ports = 2> <Width = 32> <Depth = 8> <RAM>

State 54 <SV = 53> <Delay = 6.43>
ST_54 : [1/1] (1.18ns)   --->   Input mux for Operation 970 '%acc_14 = fadd i32 %acc_13, i32 %mul_2_2'
ST_54 : Operation 970 [4/4] (5.25ns)   --->   "%acc_14 = fadd i32 %acc_13, i32 %mul_2_2" [src/conv3.cpp:85]   --->   Operation 970 'fadd' 'acc_14' <Predicate = (icmp_ln79)> <Delay = 5.25> <CoreInst = "FAddSub_fulldsp">   --->   Core 18 'FAddSub_fulldsp' <Latency = 3> <II = 1> <Delay = 6.43> <FuncUnit> <Opcode : 'fadd' 'fsub'> <InPorts = 2> <OutPorts = 1>
ST_54 : Operation 971 [1/2] (0.67ns)   --->   "%p_ZZ5conv3PA255_A255_fPA32_A5_A5_fPfS1_E6w_tile_2_3_0_load = load i3 %p_ZZ5conv3PA255_A255_fPA32_A5_A5_fPfS1_E6w_tile_2_3_0_addr" [src/conv3.cpp:85]   --->   Operation 971 'load' 'p_ZZ5conv3PA255_A255_fPA32_A5_A5_fPfS1_E6w_tile_2_3_0_load' <Predicate = (icmp_ln79)> <Delay = 0.67> <CoreInst = "RAM">   --->   Core 83 'RAM' <Latency = 1> <II = 1> <Delay = 0.67> <Storage> <Opcode : 'load' 'store'> <Ports = 2> <Width = 32> <Depth = 8> <RAM>
ST_54 : Operation 972 [1/1] (0.57ns)   --->   "%tmp_77 = mux i32 @_ssdm_op_Mux.ap_auto.5float.i3, i32 %p_ZZ5conv3PA255_A255_fPA32_A5_A5_fPfS1_E7in_tile_0_3_0_load_13_read, i32 %p_ZZ5conv3PA255_A255_fPA32_A5_A5_fPfS1_E7in_tile_0_4_0_load_13_read, i32 %p_ZZ5conv3PA255_A255_fPA32_A5_A5_fPfS1_E7in_tile_0_0_0_load_13_read, i32 %p_ZZ5conv3PA255_A255_fPA32_A5_A5_fPfS1_E7in_tile_0_1_0_load_13_read, i32 %p_ZZ5conv3PA255_A255_fPA32_A5_A5_fPfS1_E7in_tile_0_2_0_load_13_read, i3 %trunc_ln_read" [src/conv3.cpp:86]   --->   Operation 972 'mux' 'tmp_77' <Predicate = (icmp_ln79)> <Delay = 0.57> <CoreInst = "Multiplexer">   --->   Core 76 'Multiplexer' <Latency = 0> <II = 1> <Delay = 0.57> <FuncUnit> <Opcode : 'mux'> <InPorts = 2> <OutPorts = 1>
ST_54 : Operation 973 [1/1] (0.57ns)   --->   "%tmp_78 = mux i32 @_ssdm_op_Mux.ap_auto.5float.i3, i32 %p_ZZ5conv3PA255_A255_fPA32_A5_A5_fPfS1_E7in_tile_1_3_0_load_13_read, i32 %p_ZZ5conv3PA255_A255_fPA32_A5_A5_fPfS1_E7in_tile_1_4_0_load_13_read, i32 %p_ZZ5conv3PA255_A255_fPA32_A5_A5_fPfS1_E7in_tile_1_0_0_load_13_read, i32 %p_ZZ5conv3PA255_A255_fPA32_A5_A5_fPfS1_E7in_tile_1_1_0_load_13_read, i32 %p_ZZ5conv3PA255_A255_fPA32_A5_A5_fPfS1_E7in_tile_1_2_0_load_13_read, i3 %trunc_ln_read" [src/conv3.cpp:86]   --->   Operation 973 'mux' 'tmp_78' <Predicate = (icmp_ln79)> <Delay = 0.57> <CoreInst = "Multiplexer">   --->   Core 76 'Multiplexer' <Latency = 0> <II = 1> <Delay = 0.57> <FuncUnit> <Opcode : 'mux'> <InPorts = 2> <OutPorts = 1>
ST_54 : Operation 974 [1/1] (0.57ns)   --->   "%tmp_79 = mux i32 @_ssdm_op_Mux.ap_auto.5float.i3, i32 %p_ZZ5conv3PA255_A255_fPA32_A5_A5_fPfS1_E7in_tile_2_3_0_load_13_read, i32 %p_ZZ5conv3PA255_A255_fPA32_A5_A5_fPfS1_E7in_tile_2_4_0_load_13_read, i32 %p_ZZ5conv3PA255_A255_fPA32_A5_A5_fPfS1_E7in_tile_2_0_0_load_13_read, i32 %p_ZZ5conv3PA255_A255_fPA32_A5_A5_fPfS1_E7in_tile_2_1_0_load_13_read, i32 %p_ZZ5conv3PA255_A255_fPA32_A5_A5_fPfS1_E7in_tile_2_2_0_load_13_read, i3 %trunc_ln_read" [src/conv3.cpp:86]   --->   Operation 974 'mux' 'tmp_79' <Predicate = (icmp_ln79)> <Delay = 0.57> <CoreInst = "Multiplexer">   --->   Core 76 'Multiplexer' <Latency = 0> <II = 1> <Delay = 0.57> <FuncUnit> <Opcode : 'mux'> <InPorts = 2> <OutPorts = 1>
ST_54 : Operation 975 [1/1] (0.57ns)   --->   "%tmp_80 = mux i32 @_ssdm_op_Mux.ap_auto.5float.i3, i32 %p_ZZ5conv3PA255_A255_fPA32_A5_A5_fPfS1_E7in_tile_3_3_0_load_13_read, i32 %p_ZZ5conv3PA255_A255_fPA32_A5_A5_fPfS1_E7in_tile_3_4_0_load_13_read, i32 %p_ZZ5conv3PA255_A255_fPA32_A5_A5_fPfS1_E7in_tile_3_0_0_load_13_read, i32 %p_ZZ5conv3PA255_A255_fPA32_A5_A5_fPfS1_E7in_tile_3_1_0_load_13_read, i32 %p_ZZ5conv3PA255_A255_fPA32_A5_A5_fPfS1_E7in_tile_3_2_0_load_13_read, i3 %trunc_ln_read" [src/conv3.cpp:86]   --->   Operation 975 'mux' 'tmp_80' <Predicate = (icmp_ln79)> <Delay = 0.57> <CoreInst = "Multiplexer">   --->   Core 76 'Multiplexer' <Latency = 0> <II = 1> <Delay = 0.57> <FuncUnit> <Opcode : 'mux'> <InPorts = 2> <OutPorts = 1>
ST_54 : Operation 976 [1/1] (0.57ns)   --->   "%tmp_81 = mux i32 @_ssdm_op_Mux.ap_auto.5float.i3, i32 %p_ZZ5conv3PA255_A255_fPA32_A5_A5_fPfS1_E7in_tile_4_3_0_load_13_read, i32 %p_ZZ5conv3PA255_A255_fPA32_A5_A5_fPfS1_E7in_tile_4_4_0_load_13_read, i32 %p_ZZ5conv3PA255_A255_fPA32_A5_A5_fPfS1_E7in_tile_4_0_0_load_13_read, i32 %p_ZZ5conv3PA255_A255_fPA32_A5_A5_fPfS1_E7in_tile_4_1_0_load_13_read, i32 %p_ZZ5conv3PA255_A255_fPA32_A5_A5_fPfS1_E7in_tile_4_2_0_load_13_read, i3 %trunc_ln_read" [src/conv3.cpp:86]   --->   Operation 976 'mux' 'tmp_81' <Predicate = (icmp_ln79)> <Delay = 0.57> <CoreInst = "Multiplexer">   --->   Core 76 'Multiplexer' <Latency = 0> <II = 1> <Delay = 0.57> <FuncUnit> <Opcode : 'mux'> <InPorts = 2> <OutPorts = 1>
ST_54 : Operation 977 [1/1] (0.57ns)   --->   "%tmp_82 = mux i32 @_ssdm_op_Mux.ap_auto.5float.i3, i32 %tmp_79, i32 %tmp_80, i32 %tmp_81, i32 %tmp_77, i32 %tmp_78, i3 %trunc_ln74_mid2_read" [src/conv3.cpp:86]   --->   Operation 977 'mux' 'tmp_82' <Predicate = (icmp_ln79)> <Delay = 0.57> <CoreInst = "Multiplexer">   --->   Core 76 'Multiplexer' <Latency = 0> <II = 1> <Delay = 0.57> <FuncUnit> <Opcode : 'mux'> <InPorts = 2> <OutPorts = 1>

State 55 <SV = 54> <Delay = 7.01>
ST_55 : Operation 978 [3/4] (6.43ns)   --->   "%acc_14 = fadd i32 %acc_13, i32 %mul_2_2" [src/conv3.cpp:85]   --->   Operation 978 'fadd' 'acc_14' <Predicate = (icmp_ln79)> <Delay = 6.43> <CoreInst = "FAddSub_fulldsp">   --->   Core 18 'FAddSub_fulldsp' <Latency = 3> <II = 1> <Delay = 6.43> <FuncUnit> <Opcode : 'fadd' 'fsub'> <InPorts = 2> <OutPorts = 1>
ST_55 : [1/1] (1.18ns)   --->   Input mux for Operation 979 '%mul_2_3 = fmul i32 %p_ZZ5conv3PA255_A255_fPA32_A5_A5_fPfS1_E6w_tile_2_3_0_load, i32 %tmp_82'
ST_55 : Operation 979 [3/3] (5.83ns)   --->   "%mul_2_3 = fmul i32 %p_ZZ5conv3PA255_A255_fPA32_A5_A5_fPfS1_E6w_tile_2_3_0_load, i32 %tmp_82" [src/conv3.cpp:85]   --->   Operation 979 'fmul' 'mul_2_3' <Predicate = (icmp_ln79)> <Delay = 5.83> <CoreInst = "FMul_maxdsp">   --->   Core 30 'FMul_maxdsp' <Latency = 2> <II = 1> <Delay = 7.01> <FuncUnit> <Opcode : 'fmul'> <InPorts = 2> <OutPorts = 1>

State 56 <SV = 55> <Delay = 7.01>
ST_56 : Operation 980 [2/4] (6.43ns)   --->   "%acc_14 = fadd i32 %acc_13, i32 %mul_2_2" [src/conv3.cpp:85]   --->   Operation 980 'fadd' 'acc_14' <Predicate = (icmp_ln79)> <Delay = 6.43> <CoreInst = "FAddSub_fulldsp">   --->   Core 18 'FAddSub_fulldsp' <Latency = 3> <II = 1> <Delay = 6.43> <FuncUnit> <Opcode : 'fadd' 'fsub'> <InPorts = 2> <OutPorts = 1>
ST_56 : Operation 981 [2/3] (7.01ns)   --->   "%mul_2_3 = fmul i32 %p_ZZ5conv3PA255_A255_fPA32_A5_A5_fPfS1_E6w_tile_2_3_0_load, i32 %tmp_82" [src/conv3.cpp:85]   --->   Operation 981 'fmul' 'mul_2_3' <Predicate = (icmp_ln79)> <Delay = 7.01> <CoreInst = "FMul_maxdsp">   --->   Core 30 'FMul_maxdsp' <Latency = 2> <II = 1> <Delay = 7.01> <FuncUnit> <Opcode : 'fmul'> <InPorts = 2> <OutPorts = 1>

State 57 <SV = 56> <Delay = 7.01>
ST_57 : Operation 982 [1/4] (6.43ns)   --->   "%acc_14 = fadd i32 %acc_13, i32 %mul_2_2" [src/conv3.cpp:85]   --->   Operation 982 'fadd' 'acc_14' <Predicate = (icmp_ln79)> <Delay = 6.43> <CoreInst = "FAddSub_fulldsp">   --->   Core 18 'FAddSub_fulldsp' <Latency = 3> <II = 1> <Delay = 6.43> <FuncUnit> <Opcode : 'fadd' 'fsub'> <InPorts = 2> <OutPorts = 1>
ST_57 : Operation 983 [1/3] (7.01ns)   --->   "%mul_2_3 = fmul i32 %p_ZZ5conv3PA255_A255_fPA32_A5_A5_fPfS1_E6w_tile_2_3_0_load, i32 %tmp_82" [src/conv3.cpp:85]   --->   Operation 983 'fmul' 'mul_2_3' <Predicate = (icmp_ln79)> <Delay = 7.01> <CoreInst = "FMul_maxdsp">   --->   Core 30 'FMul_maxdsp' <Latency = 2> <II = 1> <Delay = 7.01> <FuncUnit> <Opcode : 'fmul'> <InPorts = 2> <OutPorts = 1>
ST_57 : Operation 984 [1/1] (0.00ns)   --->   "%p_ZZ5conv3PA255_A255_fPA32_A5_A5_fPfS1_E6w_tile_2_4_0_addr = getelementptr i32 %p_ZZ5conv3PA255_A255_fPA32_A5_A5_fPfS1_E6w_tile_2_4_0, i64 0, i64 %zext_ln77" [src/conv3.cpp:85]   --->   Operation 984 'getelementptr' 'p_ZZ5conv3PA255_A255_fPA32_A5_A5_fPfS1_E6w_tile_2_4_0_addr' <Predicate = (icmp_ln79)> <Delay = 0.00>
ST_57 : Operation 985 [2/2] (0.67ns)   --->   "%p_ZZ5conv3PA255_A255_fPA32_A5_A5_fPfS1_E6w_tile_2_4_0_load = load i3 %p_ZZ5conv3PA255_A255_fPA32_A5_A5_fPfS1_E6w_tile_2_4_0_addr" [src/conv3.cpp:85]   --->   Operation 985 'load' 'p_ZZ5conv3PA255_A255_fPA32_A5_A5_fPfS1_E6w_tile_2_4_0_load' <Predicate = (icmp_ln79)> <Delay = 0.67> <CoreInst = "RAM">   --->   Core 83 'RAM' <Latency = 1> <II = 1> <Delay = 0.67> <Storage> <Opcode : 'load' 'store'> <Ports = 2> <Width = 32> <Depth = 8> <RAM>

State 58 <SV = 57> <Delay = 6.43>
ST_58 : [1/1] (1.18ns)   --->   Input mux for Operation 986 '%acc_15 = fadd i32 %acc_14, i32 %mul_2_3'
ST_58 : Operation 986 [4/4] (5.25ns)   --->   "%acc_15 = fadd i32 %acc_14, i32 %mul_2_3" [src/conv3.cpp:85]   --->   Operation 986 'fadd' 'acc_15' <Predicate = (icmp_ln79)> <Delay = 5.25> <CoreInst = "FAddSub_fulldsp">   --->   Core 18 'FAddSub_fulldsp' <Latency = 3> <II = 1> <Delay = 6.43> <FuncUnit> <Opcode : 'fadd' 'fsub'> <InPorts = 2> <OutPorts = 1>
ST_58 : Operation 987 [1/2] (0.67ns)   --->   "%p_ZZ5conv3PA255_A255_fPA32_A5_A5_fPfS1_E6w_tile_2_4_0_load = load i3 %p_ZZ5conv3PA255_A255_fPA32_A5_A5_fPfS1_E6w_tile_2_4_0_addr" [src/conv3.cpp:85]   --->   Operation 987 'load' 'p_ZZ5conv3PA255_A255_fPA32_A5_A5_fPfS1_E6w_tile_2_4_0_load' <Predicate = (icmp_ln79)> <Delay = 0.67> <CoreInst = "RAM">   --->   Core 83 'RAM' <Latency = 1> <II = 1> <Delay = 0.67> <Storage> <Opcode : 'load' 'store'> <Ports = 2> <Width = 32> <Depth = 8> <RAM>
ST_58 : Operation 988 [1/1] (0.57ns)   --->   "%tmp_83 = mux i32 @_ssdm_op_Mux.ap_auto.5float.i3, i32 %p_ZZ5conv3PA255_A255_fPA32_A5_A5_fPfS1_E7in_tile_0_4_0_load_14_read, i32 %p_ZZ5conv3PA255_A255_fPA32_A5_A5_fPfS1_E7in_tile_0_0_0_load_14_read, i32 %p_ZZ5conv3PA255_A255_fPA32_A5_A5_fPfS1_E7in_tile_0_1_0_load_14_read, i32 %p_ZZ5conv3PA255_A255_fPA32_A5_A5_fPfS1_E7in_tile_0_2_0_load_14_read, i32 %p_ZZ5conv3PA255_A255_fPA32_A5_A5_fPfS1_E7in_tile_0_3_0_load_14_read, i3 %trunc_ln_read" [src/conv3.cpp:86]   --->   Operation 988 'mux' 'tmp_83' <Predicate = (icmp_ln79)> <Delay = 0.57> <CoreInst = "Multiplexer">   --->   Core 76 'Multiplexer' <Latency = 0> <II = 1> <Delay = 0.57> <FuncUnit> <Opcode : 'mux'> <InPorts = 2> <OutPorts = 1>
ST_58 : Operation 989 [1/1] (0.57ns)   --->   "%tmp_84 = mux i32 @_ssdm_op_Mux.ap_auto.5float.i3, i32 %p_ZZ5conv3PA255_A255_fPA32_A5_A5_fPfS1_E7in_tile_1_4_0_load_14_read, i32 %p_ZZ5conv3PA255_A255_fPA32_A5_A5_fPfS1_E7in_tile_1_0_0_load_14_read, i32 %p_ZZ5conv3PA255_A255_fPA32_A5_A5_fPfS1_E7in_tile_1_1_0_load_14_read, i32 %p_ZZ5conv3PA255_A255_fPA32_A5_A5_fPfS1_E7in_tile_1_2_0_load_14_read, i32 %p_ZZ5conv3PA255_A255_fPA32_A5_A5_fPfS1_E7in_tile_1_3_0_load_14_read, i3 %trunc_ln_read" [src/conv3.cpp:86]   --->   Operation 989 'mux' 'tmp_84' <Predicate = (icmp_ln79)> <Delay = 0.57> <CoreInst = "Multiplexer">   --->   Core 76 'Multiplexer' <Latency = 0> <II = 1> <Delay = 0.57> <FuncUnit> <Opcode : 'mux'> <InPorts = 2> <OutPorts = 1>
ST_58 : Operation 990 [1/1] (0.57ns)   --->   "%tmp_85 = mux i32 @_ssdm_op_Mux.ap_auto.5float.i3, i32 %p_ZZ5conv3PA255_A255_fPA32_A5_A5_fPfS1_E7in_tile_2_4_0_load_14_read, i32 %p_ZZ5conv3PA255_A255_fPA32_A5_A5_fPfS1_E7in_tile_2_0_0_load_14_read, i32 %p_ZZ5conv3PA255_A255_fPA32_A5_A5_fPfS1_E7in_tile_2_1_0_load_14_read, i32 %p_ZZ5conv3PA255_A255_fPA32_A5_A5_fPfS1_E7in_tile_2_2_0_load_14_read, i32 %p_ZZ5conv3PA255_A255_fPA32_A5_A5_fPfS1_E7in_tile_2_3_0_load_14_read, i3 %trunc_ln_read" [src/conv3.cpp:86]   --->   Operation 990 'mux' 'tmp_85' <Predicate = (icmp_ln79)> <Delay = 0.57> <CoreInst = "Multiplexer">   --->   Core 76 'Multiplexer' <Latency = 0> <II = 1> <Delay = 0.57> <FuncUnit> <Opcode : 'mux'> <InPorts = 2> <OutPorts = 1>
ST_58 : Operation 991 [1/1] (0.57ns)   --->   "%tmp_86 = mux i32 @_ssdm_op_Mux.ap_auto.5float.i3, i32 %p_ZZ5conv3PA255_A255_fPA32_A5_A5_fPfS1_E7in_tile_3_4_0_load_14_read, i32 %p_ZZ5conv3PA255_A255_fPA32_A5_A5_fPfS1_E7in_tile_3_0_0_load_14_read, i32 %p_ZZ5conv3PA255_A255_fPA32_A5_A5_fPfS1_E7in_tile_3_1_0_load_14_read, i32 %p_ZZ5conv3PA255_A255_fPA32_A5_A5_fPfS1_E7in_tile_3_2_0_load_14_read, i32 %p_ZZ5conv3PA255_A255_fPA32_A5_A5_fPfS1_E7in_tile_3_3_0_load_14_read, i3 %trunc_ln_read" [src/conv3.cpp:86]   --->   Operation 991 'mux' 'tmp_86' <Predicate = (icmp_ln79)> <Delay = 0.57> <CoreInst = "Multiplexer">   --->   Core 76 'Multiplexer' <Latency = 0> <II = 1> <Delay = 0.57> <FuncUnit> <Opcode : 'mux'> <InPorts = 2> <OutPorts = 1>
ST_58 : Operation 992 [1/1] (0.57ns)   --->   "%tmp_87 = mux i32 @_ssdm_op_Mux.ap_auto.5float.i3, i32 %p_ZZ5conv3PA255_A255_fPA32_A5_A5_fPfS1_E7in_tile_4_4_0_load_14_read, i32 %p_ZZ5conv3PA255_A255_fPA32_A5_A5_fPfS1_E7in_tile_4_0_0_load_14_read, i32 %p_ZZ5conv3PA255_A255_fPA32_A5_A5_fPfS1_E7in_tile_4_1_0_load_14_read, i32 %p_ZZ5conv3PA255_A255_fPA32_A5_A5_fPfS1_E7in_tile_4_2_0_load_14_read, i32 %p_ZZ5conv3PA255_A255_fPA32_A5_A5_fPfS1_E7in_tile_4_3_0_load_14_read, i3 %trunc_ln_read" [src/conv3.cpp:86]   --->   Operation 992 'mux' 'tmp_87' <Predicate = (icmp_ln79)> <Delay = 0.57> <CoreInst = "Multiplexer">   --->   Core 76 'Multiplexer' <Latency = 0> <II = 1> <Delay = 0.57> <FuncUnit> <Opcode : 'mux'> <InPorts = 2> <OutPorts = 1>
ST_58 : Operation 993 [1/1] (0.57ns)   --->   "%tmp_88 = mux i32 @_ssdm_op_Mux.ap_auto.5float.i3, i32 %tmp_85, i32 %tmp_86, i32 %tmp_87, i32 %tmp_83, i32 %tmp_84, i3 %trunc_ln74_mid2_read" [src/conv3.cpp:86]   --->   Operation 993 'mux' 'tmp_88' <Predicate = (icmp_ln79)> <Delay = 0.57> <CoreInst = "Multiplexer">   --->   Core 76 'Multiplexer' <Latency = 0> <II = 1> <Delay = 0.57> <FuncUnit> <Opcode : 'mux'> <InPorts = 2> <OutPorts = 1>

State 59 <SV = 58> <Delay = 7.01>
ST_59 : Operation 994 [3/4] (6.43ns)   --->   "%acc_15 = fadd i32 %acc_14, i32 %mul_2_3" [src/conv3.cpp:85]   --->   Operation 994 'fadd' 'acc_15' <Predicate = (icmp_ln79)> <Delay = 6.43> <CoreInst = "FAddSub_fulldsp">   --->   Core 18 'FAddSub_fulldsp' <Latency = 3> <II = 1> <Delay = 6.43> <FuncUnit> <Opcode : 'fadd' 'fsub'> <InPorts = 2> <OutPorts = 1>
ST_59 : [1/1] (1.18ns)   --->   Input mux for Operation 995 '%mul_2_4 = fmul i32 %p_ZZ5conv3PA255_A255_fPA32_A5_A5_fPfS1_E6w_tile_2_4_0_load, i32 %tmp_88'
ST_59 : Operation 995 [3/3] (5.83ns)   --->   "%mul_2_4 = fmul i32 %p_ZZ5conv3PA255_A255_fPA32_A5_A5_fPfS1_E6w_tile_2_4_0_load, i32 %tmp_88" [src/conv3.cpp:85]   --->   Operation 995 'fmul' 'mul_2_4' <Predicate = (icmp_ln79)> <Delay = 5.83> <CoreInst = "FMul_maxdsp">   --->   Core 30 'FMul_maxdsp' <Latency = 2> <II = 1> <Delay = 7.01> <FuncUnit> <Opcode : 'fmul'> <InPorts = 2> <OutPorts = 1>

State 60 <SV = 59> <Delay = 7.01>
ST_60 : Operation 996 [2/4] (6.43ns)   --->   "%acc_15 = fadd i32 %acc_14, i32 %mul_2_3" [src/conv3.cpp:85]   --->   Operation 996 'fadd' 'acc_15' <Predicate = (icmp_ln79)> <Delay = 6.43> <CoreInst = "FAddSub_fulldsp">   --->   Core 18 'FAddSub_fulldsp' <Latency = 3> <II = 1> <Delay = 6.43> <FuncUnit> <Opcode : 'fadd' 'fsub'> <InPorts = 2> <OutPorts = 1>
ST_60 : Operation 997 [2/3] (7.01ns)   --->   "%mul_2_4 = fmul i32 %p_ZZ5conv3PA255_A255_fPA32_A5_A5_fPfS1_E6w_tile_2_4_0_load, i32 %tmp_88" [src/conv3.cpp:85]   --->   Operation 997 'fmul' 'mul_2_4' <Predicate = (icmp_ln79)> <Delay = 7.01> <CoreInst = "FMul_maxdsp">   --->   Core 30 'FMul_maxdsp' <Latency = 2> <II = 1> <Delay = 7.01> <FuncUnit> <Opcode : 'fmul'> <InPorts = 2> <OutPorts = 1>

State 61 <SV = 60> <Delay = 7.01>
ST_61 : Operation 998 [1/4] (6.43ns)   --->   "%acc_15 = fadd i32 %acc_14, i32 %mul_2_3" [src/conv3.cpp:85]   --->   Operation 998 'fadd' 'acc_15' <Predicate = (icmp_ln79)> <Delay = 6.43> <CoreInst = "FAddSub_fulldsp">   --->   Core 18 'FAddSub_fulldsp' <Latency = 3> <II = 1> <Delay = 6.43> <FuncUnit> <Opcode : 'fadd' 'fsub'> <InPorts = 2> <OutPorts = 1>
ST_61 : Operation 999 [1/3] (7.01ns)   --->   "%mul_2_4 = fmul i32 %p_ZZ5conv3PA255_A255_fPA32_A5_A5_fPfS1_E6w_tile_2_4_0_load, i32 %tmp_88" [src/conv3.cpp:85]   --->   Operation 999 'fmul' 'mul_2_4' <Predicate = (icmp_ln79)> <Delay = 7.01> <CoreInst = "FMul_maxdsp">   --->   Core 30 'FMul_maxdsp' <Latency = 2> <II = 1> <Delay = 7.01> <FuncUnit> <Opcode : 'fmul'> <InPorts = 2> <OutPorts = 1>
ST_61 : Operation 1000 [1/1] (0.00ns)   --->   "%p_ZZ5conv3PA255_A255_fPA32_A5_A5_fPfS1_E6w_tile_3_0_0_addr = getelementptr i32 %p_ZZ5conv3PA255_A255_fPA32_A5_A5_fPfS1_E6w_tile_3_0_0, i64 0, i64 %zext_ln77" [src/conv3.cpp:85]   --->   Operation 1000 'getelementptr' 'p_ZZ5conv3PA255_A255_fPA32_A5_A5_fPfS1_E6w_tile_3_0_0_addr' <Predicate = (icmp_ln79)> <Delay = 0.00>
ST_61 : Operation 1001 [2/2] (0.67ns)   --->   "%p_ZZ5conv3PA255_A255_fPA32_A5_A5_fPfS1_E6w_tile_3_0_0_load = load i3 %p_ZZ5conv3PA255_A255_fPA32_A5_A5_fPfS1_E6w_tile_3_0_0_addr" [src/conv3.cpp:85]   --->   Operation 1001 'load' 'p_ZZ5conv3PA255_A255_fPA32_A5_A5_fPfS1_E6w_tile_3_0_0_load' <Predicate = (icmp_ln79)> <Delay = 0.67> <CoreInst = "RAM">   --->   Core 83 'RAM' <Latency = 1> <II = 1> <Delay = 0.67> <Storage> <Opcode : 'load' 'store'> <Ports = 2> <Width = 32> <Depth = 8> <RAM>

State 62 <SV = 61> <Delay = 6.43>
ST_62 : [1/1] (1.18ns)   --->   Input mux for Operation 1002 '%acc_16 = fadd i32 %acc_15, i32 %mul_2_4'
ST_62 : Operation 1002 [4/4] (5.25ns)   --->   "%acc_16 = fadd i32 %acc_15, i32 %mul_2_4" [src/conv3.cpp:85]   --->   Operation 1002 'fadd' 'acc_16' <Predicate = (icmp_ln79)> <Delay = 5.25> <CoreInst = "FAddSub_fulldsp">   --->   Core 18 'FAddSub_fulldsp' <Latency = 3> <II = 1> <Delay = 6.43> <FuncUnit> <Opcode : 'fadd' 'fsub'> <InPorts = 2> <OutPorts = 1>
ST_62 : Operation 1003 [1/2] (0.67ns)   --->   "%p_ZZ5conv3PA255_A255_fPA32_A5_A5_fPfS1_E6w_tile_3_0_0_load = load i3 %p_ZZ5conv3PA255_A255_fPA32_A5_A5_fPfS1_E6w_tile_3_0_0_addr" [src/conv3.cpp:85]   --->   Operation 1003 'load' 'p_ZZ5conv3PA255_A255_fPA32_A5_A5_fPfS1_E6w_tile_3_0_0_load' <Predicate = (icmp_ln79)> <Delay = 0.67> <CoreInst = "RAM">   --->   Core 83 'RAM' <Latency = 1> <II = 1> <Delay = 0.67> <Storage> <Opcode : 'load' 'store'> <Ports = 2> <Width = 32> <Depth = 8> <RAM>
ST_62 : Operation 1004 [1/1] (0.57ns)   --->   "%tmp_89 = mux i32 @_ssdm_op_Mux.ap_auto.5float.i3, i32 %p_ZZ5conv3PA255_A255_fPA32_A5_A5_fPfS1_E7in_tile_0_0_0_load_15_read, i32 %p_ZZ5conv3PA255_A255_fPA32_A5_A5_fPfS1_E7in_tile_0_1_0_load_15_read, i32 %p_ZZ5conv3PA255_A255_fPA32_A5_A5_fPfS1_E7in_tile_0_2_0_load_15_read, i32 %p_ZZ5conv3PA255_A255_fPA32_A5_A5_fPfS1_E7in_tile_0_3_0_load_15_read, i32 %p_ZZ5conv3PA255_A255_fPA32_A5_A5_fPfS1_E7in_tile_0_4_0_load_15_read, i3 %trunc_ln_read" [src/conv3.cpp:86]   --->   Operation 1004 'mux' 'tmp_89' <Predicate = (icmp_ln79)> <Delay = 0.57> <CoreInst = "Multiplexer">   --->   Core 76 'Multiplexer' <Latency = 0> <II = 1> <Delay = 0.57> <FuncUnit> <Opcode : 'mux'> <InPorts = 2> <OutPorts = 1>
ST_62 : Operation 1005 [1/1] (0.57ns)   --->   "%tmp_90 = mux i32 @_ssdm_op_Mux.ap_auto.5float.i3, i32 %p_ZZ5conv3PA255_A255_fPA32_A5_A5_fPfS1_E7in_tile_1_0_0_load_15_read, i32 %p_ZZ5conv3PA255_A255_fPA32_A5_A5_fPfS1_E7in_tile_1_1_0_load_15_read, i32 %p_ZZ5conv3PA255_A255_fPA32_A5_A5_fPfS1_E7in_tile_1_2_0_load_15_read, i32 %p_ZZ5conv3PA255_A255_fPA32_A5_A5_fPfS1_E7in_tile_1_3_0_load_15_read, i32 %p_ZZ5conv3PA255_A255_fPA32_A5_A5_fPfS1_E7in_tile_1_4_0_load_15_read, i3 %trunc_ln_read" [src/conv3.cpp:86]   --->   Operation 1005 'mux' 'tmp_90' <Predicate = (icmp_ln79)> <Delay = 0.57> <CoreInst = "Multiplexer">   --->   Core 76 'Multiplexer' <Latency = 0> <II = 1> <Delay = 0.57> <FuncUnit> <Opcode : 'mux'> <InPorts = 2> <OutPorts = 1>
ST_62 : Operation 1006 [1/1] (0.57ns)   --->   "%tmp_91 = mux i32 @_ssdm_op_Mux.ap_auto.5float.i3, i32 %p_ZZ5conv3PA255_A255_fPA32_A5_A5_fPfS1_E7in_tile_2_0_0_load_15_read, i32 %p_ZZ5conv3PA255_A255_fPA32_A5_A5_fPfS1_E7in_tile_2_1_0_load_15_read, i32 %p_ZZ5conv3PA255_A255_fPA32_A5_A5_fPfS1_E7in_tile_2_2_0_load_15_read, i32 %p_ZZ5conv3PA255_A255_fPA32_A5_A5_fPfS1_E7in_tile_2_3_0_load_15_read, i32 %p_ZZ5conv3PA255_A255_fPA32_A5_A5_fPfS1_E7in_tile_2_4_0_load_15_read, i3 %trunc_ln_read" [src/conv3.cpp:86]   --->   Operation 1006 'mux' 'tmp_91' <Predicate = (icmp_ln79)> <Delay = 0.57> <CoreInst = "Multiplexer">   --->   Core 76 'Multiplexer' <Latency = 0> <II = 1> <Delay = 0.57> <FuncUnit> <Opcode : 'mux'> <InPorts = 2> <OutPorts = 1>
ST_62 : Operation 1007 [1/1] (0.57ns)   --->   "%tmp_92 = mux i32 @_ssdm_op_Mux.ap_auto.5float.i3, i32 %p_ZZ5conv3PA255_A255_fPA32_A5_A5_fPfS1_E7in_tile_3_0_0_load_15_read, i32 %p_ZZ5conv3PA255_A255_fPA32_A5_A5_fPfS1_E7in_tile_3_1_0_load_15_read, i32 %p_ZZ5conv3PA255_A255_fPA32_A5_A5_fPfS1_E7in_tile_3_2_0_load_15_read, i32 %p_ZZ5conv3PA255_A255_fPA32_A5_A5_fPfS1_E7in_tile_3_3_0_load_15_read, i32 %p_ZZ5conv3PA255_A255_fPA32_A5_A5_fPfS1_E7in_tile_3_4_0_load_15_read, i3 %trunc_ln_read" [src/conv3.cpp:86]   --->   Operation 1007 'mux' 'tmp_92' <Predicate = (icmp_ln79)> <Delay = 0.57> <CoreInst = "Multiplexer">   --->   Core 76 'Multiplexer' <Latency = 0> <II = 1> <Delay = 0.57> <FuncUnit> <Opcode : 'mux'> <InPorts = 2> <OutPorts = 1>
ST_62 : Operation 1008 [1/1] (0.57ns)   --->   "%tmp_93 = mux i32 @_ssdm_op_Mux.ap_auto.5float.i3, i32 %p_ZZ5conv3PA255_A255_fPA32_A5_A5_fPfS1_E7in_tile_4_0_0_load_15_read, i32 %p_ZZ5conv3PA255_A255_fPA32_A5_A5_fPfS1_E7in_tile_4_1_0_load_15_read, i32 %p_ZZ5conv3PA255_A255_fPA32_A5_A5_fPfS1_E7in_tile_4_2_0_load_15_read, i32 %p_ZZ5conv3PA255_A255_fPA32_A5_A5_fPfS1_E7in_tile_4_3_0_load_15_read, i32 %p_ZZ5conv3PA255_A255_fPA32_A5_A5_fPfS1_E7in_tile_4_4_0_load_15_read, i3 %trunc_ln_read" [src/conv3.cpp:86]   --->   Operation 1008 'mux' 'tmp_93' <Predicate = (icmp_ln79)> <Delay = 0.57> <CoreInst = "Multiplexer">   --->   Core 76 'Multiplexer' <Latency = 0> <II = 1> <Delay = 0.57> <FuncUnit> <Opcode : 'mux'> <InPorts = 2> <OutPorts = 1>
ST_62 : Operation 1009 [1/1] (0.57ns)   --->   "%tmp_94 = mux i32 @_ssdm_op_Mux.ap_auto.5float.i3, i32 %tmp_92, i32 %tmp_93, i32 %tmp_89, i32 %tmp_90, i32 %tmp_91, i3 %trunc_ln74_mid2_read" [src/conv3.cpp:86]   --->   Operation 1009 'mux' 'tmp_94' <Predicate = (icmp_ln79)> <Delay = 0.57> <CoreInst = "Multiplexer">   --->   Core 76 'Multiplexer' <Latency = 0> <II = 1> <Delay = 0.57> <FuncUnit> <Opcode : 'mux'> <InPorts = 2> <OutPorts = 1>

State 63 <SV = 62> <Delay = 7.01>
ST_63 : Operation 1010 [3/4] (6.43ns)   --->   "%acc_16 = fadd i32 %acc_15, i32 %mul_2_4" [src/conv3.cpp:85]   --->   Operation 1010 'fadd' 'acc_16' <Predicate = (icmp_ln79)> <Delay = 6.43> <CoreInst = "FAddSub_fulldsp">   --->   Core 18 'FAddSub_fulldsp' <Latency = 3> <II = 1> <Delay = 6.43> <FuncUnit> <Opcode : 'fadd' 'fsub'> <InPorts = 2> <OutPorts = 1>
ST_63 : [1/1] (1.18ns)   --->   Input mux for Operation 1011 '%mul_3 = fmul i32 %p_ZZ5conv3PA255_A255_fPA32_A5_A5_fPfS1_E6w_tile_3_0_0_load, i32 %tmp_94'
ST_63 : Operation 1011 [3/3] (5.83ns)   --->   "%mul_3 = fmul i32 %p_ZZ5conv3PA255_A255_fPA32_A5_A5_fPfS1_E6w_tile_3_0_0_load, i32 %tmp_94" [src/conv3.cpp:85]   --->   Operation 1011 'fmul' 'mul_3' <Predicate = (icmp_ln79)> <Delay = 5.83> <CoreInst = "FMul_maxdsp">   --->   Core 30 'FMul_maxdsp' <Latency = 2> <II = 1> <Delay = 7.01> <FuncUnit> <Opcode : 'fmul'> <InPorts = 2> <OutPorts = 1>

State 64 <SV = 63> <Delay = 7.01>
ST_64 : Operation 1012 [2/4] (6.43ns)   --->   "%acc_16 = fadd i32 %acc_15, i32 %mul_2_4" [src/conv3.cpp:85]   --->   Operation 1012 'fadd' 'acc_16' <Predicate = (icmp_ln79)> <Delay = 6.43> <CoreInst = "FAddSub_fulldsp">   --->   Core 18 'FAddSub_fulldsp' <Latency = 3> <II = 1> <Delay = 6.43> <FuncUnit> <Opcode : 'fadd' 'fsub'> <InPorts = 2> <OutPorts = 1>
ST_64 : Operation 1013 [2/3] (7.01ns)   --->   "%mul_3 = fmul i32 %p_ZZ5conv3PA255_A255_fPA32_A5_A5_fPfS1_E6w_tile_3_0_0_load, i32 %tmp_94" [src/conv3.cpp:85]   --->   Operation 1013 'fmul' 'mul_3' <Predicate = (icmp_ln79)> <Delay = 7.01> <CoreInst = "FMul_maxdsp">   --->   Core 30 'FMul_maxdsp' <Latency = 2> <II = 1> <Delay = 7.01> <FuncUnit> <Opcode : 'fmul'> <InPorts = 2> <OutPorts = 1>

State 65 <SV = 64> <Delay = 7.01>
ST_65 : Operation 1014 [1/4] (6.43ns)   --->   "%acc_16 = fadd i32 %acc_15, i32 %mul_2_4" [src/conv3.cpp:85]   --->   Operation 1014 'fadd' 'acc_16' <Predicate = (icmp_ln79)> <Delay = 6.43> <CoreInst = "FAddSub_fulldsp">   --->   Core 18 'FAddSub_fulldsp' <Latency = 3> <II = 1> <Delay = 6.43> <FuncUnit> <Opcode : 'fadd' 'fsub'> <InPorts = 2> <OutPorts = 1>
ST_65 : Operation 1015 [1/3] (7.01ns)   --->   "%mul_3 = fmul i32 %p_ZZ5conv3PA255_A255_fPA32_A5_A5_fPfS1_E6w_tile_3_0_0_load, i32 %tmp_94" [src/conv3.cpp:85]   --->   Operation 1015 'fmul' 'mul_3' <Predicate = (icmp_ln79)> <Delay = 7.01> <CoreInst = "FMul_maxdsp">   --->   Core 30 'FMul_maxdsp' <Latency = 2> <II = 1> <Delay = 7.01> <FuncUnit> <Opcode : 'fmul'> <InPorts = 2> <OutPorts = 1>
ST_65 : Operation 1016 [1/1] (0.00ns)   --->   "%p_ZZ5conv3PA255_A255_fPA32_A5_A5_fPfS1_E6w_tile_3_1_0_addr = getelementptr i32 %p_ZZ5conv3PA255_A255_fPA32_A5_A5_fPfS1_E6w_tile_3_1_0, i64 0, i64 %zext_ln77" [src/conv3.cpp:85]   --->   Operation 1016 'getelementptr' 'p_ZZ5conv3PA255_A255_fPA32_A5_A5_fPfS1_E6w_tile_3_1_0_addr' <Predicate = (icmp_ln79)> <Delay = 0.00>
ST_65 : Operation 1017 [2/2] (0.67ns)   --->   "%p_ZZ5conv3PA255_A255_fPA32_A5_A5_fPfS1_E6w_tile_3_1_0_load = load i3 %p_ZZ5conv3PA255_A255_fPA32_A5_A5_fPfS1_E6w_tile_3_1_0_addr" [src/conv3.cpp:85]   --->   Operation 1017 'load' 'p_ZZ5conv3PA255_A255_fPA32_A5_A5_fPfS1_E6w_tile_3_1_0_load' <Predicate = (icmp_ln79)> <Delay = 0.67> <CoreInst = "RAM">   --->   Core 83 'RAM' <Latency = 1> <II = 1> <Delay = 0.67> <Storage> <Opcode : 'load' 'store'> <Ports = 2> <Width = 32> <Depth = 8> <RAM>

State 66 <SV = 65> <Delay = 6.43>
ST_66 : [1/1] (1.18ns)   --->   Input mux for Operation 1018 '%acc_17 = fadd i32 %acc_16, i32 %mul_3'
ST_66 : Operation 1018 [4/4] (5.25ns)   --->   "%acc_17 = fadd i32 %acc_16, i32 %mul_3" [src/conv3.cpp:85]   --->   Operation 1018 'fadd' 'acc_17' <Predicate = (icmp_ln79)> <Delay = 5.25> <CoreInst = "FAddSub_fulldsp">   --->   Core 18 'FAddSub_fulldsp' <Latency = 3> <II = 1> <Delay = 6.43> <FuncUnit> <Opcode : 'fadd' 'fsub'> <InPorts = 2> <OutPorts = 1>
ST_66 : Operation 1019 [1/2] (0.67ns)   --->   "%p_ZZ5conv3PA255_A255_fPA32_A5_A5_fPfS1_E6w_tile_3_1_0_load = load i3 %p_ZZ5conv3PA255_A255_fPA32_A5_A5_fPfS1_E6w_tile_3_1_0_addr" [src/conv3.cpp:85]   --->   Operation 1019 'load' 'p_ZZ5conv3PA255_A255_fPA32_A5_A5_fPfS1_E6w_tile_3_1_0_load' <Predicate = (icmp_ln79)> <Delay = 0.67> <CoreInst = "RAM">   --->   Core 83 'RAM' <Latency = 1> <II = 1> <Delay = 0.67> <Storage> <Opcode : 'load' 'store'> <Ports = 2> <Width = 32> <Depth = 8> <RAM>
ST_66 : Operation 1020 [1/1] (0.57ns)   --->   "%tmp_95 = mux i32 @_ssdm_op_Mux.ap_auto.5float.i3, i32 %p_ZZ5conv3PA255_A255_fPA32_A5_A5_fPfS1_E7in_tile_0_1_0_load_16_read, i32 %p_ZZ5conv3PA255_A255_fPA32_A5_A5_fPfS1_E7in_tile_0_2_0_load_16_read, i32 %p_ZZ5conv3PA255_A255_fPA32_A5_A5_fPfS1_E7in_tile_0_3_0_load_16_read, i32 %p_ZZ5conv3PA255_A255_fPA32_A5_A5_fPfS1_E7in_tile_0_4_0_load_16_read, i32 %p_ZZ5conv3PA255_A255_fPA32_A5_A5_fPfS1_E7in_tile_0_0_0_load_16_read, i3 %trunc_ln_read" [src/conv3.cpp:86]   --->   Operation 1020 'mux' 'tmp_95' <Predicate = (icmp_ln79)> <Delay = 0.57> <CoreInst = "Multiplexer">   --->   Core 76 'Multiplexer' <Latency = 0> <II = 1> <Delay = 0.57> <FuncUnit> <Opcode : 'mux'> <InPorts = 2> <OutPorts = 1>
ST_66 : Operation 1021 [1/1] (0.57ns)   --->   "%tmp_96 = mux i32 @_ssdm_op_Mux.ap_auto.5float.i3, i32 %p_ZZ5conv3PA255_A255_fPA32_A5_A5_fPfS1_E7in_tile_1_1_0_load_16_read, i32 %p_ZZ5conv3PA255_A255_fPA32_A5_A5_fPfS1_E7in_tile_1_2_0_load_16_read, i32 %p_ZZ5conv3PA255_A255_fPA32_A5_A5_fPfS1_E7in_tile_1_3_0_load_16_read, i32 %p_ZZ5conv3PA255_A255_fPA32_A5_A5_fPfS1_E7in_tile_1_4_0_load_16_read, i32 %p_ZZ5conv3PA255_A255_fPA32_A5_A5_fPfS1_E7in_tile_1_0_0_load_16_read, i3 %trunc_ln_read" [src/conv3.cpp:86]   --->   Operation 1021 'mux' 'tmp_96' <Predicate = (icmp_ln79)> <Delay = 0.57> <CoreInst = "Multiplexer">   --->   Core 76 'Multiplexer' <Latency = 0> <II = 1> <Delay = 0.57> <FuncUnit> <Opcode : 'mux'> <InPorts = 2> <OutPorts = 1>
ST_66 : Operation 1022 [1/1] (0.57ns)   --->   "%tmp_97 = mux i32 @_ssdm_op_Mux.ap_auto.5float.i3, i32 %p_ZZ5conv3PA255_A255_fPA32_A5_A5_fPfS1_E7in_tile_2_1_0_load_16_read, i32 %p_ZZ5conv3PA255_A255_fPA32_A5_A5_fPfS1_E7in_tile_2_2_0_load_16_read, i32 %p_ZZ5conv3PA255_A255_fPA32_A5_A5_fPfS1_E7in_tile_2_3_0_load_16_read, i32 %p_ZZ5conv3PA255_A255_fPA32_A5_A5_fPfS1_E7in_tile_2_4_0_load_16_read, i32 %p_ZZ5conv3PA255_A255_fPA32_A5_A5_fPfS1_E7in_tile_2_0_0_load_16_read, i3 %trunc_ln_read" [src/conv3.cpp:86]   --->   Operation 1022 'mux' 'tmp_97' <Predicate = (icmp_ln79)> <Delay = 0.57> <CoreInst = "Multiplexer">   --->   Core 76 'Multiplexer' <Latency = 0> <II = 1> <Delay = 0.57> <FuncUnit> <Opcode : 'mux'> <InPorts = 2> <OutPorts = 1>
ST_66 : Operation 1023 [1/1] (0.57ns)   --->   "%tmp_98 = mux i32 @_ssdm_op_Mux.ap_auto.5float.i3, i32 %p_ZZ5conv3PA255_A255_fPA32_A5_A5_fPfS1_E7in_tile_3_1_0_load_16_read, i32 %p_ZZ5conv3PA255_A255_fPA32_A5_A5_fPfS1_E7in_tile_3_2_0_load_16_read, i32 %p_ZZ5conv3PA255_A255_fPA32_A5_A5_fPfS1_E7in_tile_3_3_0_load_16_read, i32 %p_ZZ5conv3PA255_A255_fPA32_A5_A5_fPfS1_E7in_tile_3_4_0_load_16_read, i32 %p_ZZ5conv3PA255_A255_fPA32_A5_A5_fPfS1_E7in_tile_3_0_0_load_16_read, i3 %trunc_ln_read" [src/conv3.cpp:86]   --->   Operation 1023 'mux' 'tmp_98' <Predicate = (icmp_ln79)> <Delay = 0.57> <CoreInst = "Multiplexer">   --->   Core 76 'Multiplexer' <Latency = 0> <II = 1> <Delay = 0.57> <FuncUnit> <Opcode : 'mux'> <InPorts = 2> <OutPorts = 1>
ST_66 : Operation 1024 [1/1] (0.57ns)   --->   "%tmp_99 = mux i32 @_ssdm_op_Mux.ap_auto.5float.i3, i32 %p_ZZ5conv3PA255_A255_fPA32_A5_A5_fPfS1_E7in_tile_4_1_0_load_16_read, i32 %p_ZZ5conv3PA255_A255_fPA32_A5_A5_fPfS1_E7in_tile_4_2_0_load_16_read, i32 %p_ZZ5conv3PA255_A255_fPA32_A5_A5_fPfS1_E7in_tile_4_3_0_load_16_read, i32 %p_ZZ5conv3PA255_A255_fPA32_A5_A5_fPfS1_E7in_tile_4_4_0_load_16_read, i32 %p_ZZ5conv3PA255_A255_fPA32_A5_A5_fPfS1_E7in_tile_4_0_0_load_16_read, i3 %trunc_ln_read" [src/conv3.cpp:86]   --->   Operation 1024 'mux' 'tmp_99' <Predicate = (icmp_ln79)> <Delay = 0.57> <CoreInst = "Multiplexer">   --->   Core 76 'Multiplexer' <Latency = 0> <II = 1> <Delay = 0.57> <FuncUnit> <Opcode : 'mux'> <InPorts = 2> <OutPorts = 1>
ST_66 : Operation 1025 [1/1] (0.57ns)   --->   "%tmp_100 = mux i32 @_ssdm_op_Mux.ap_auto.5float.i3, i32 %tmp_98, i32 %tmp_99, i32 %tmp_95, i32 %tmp_96, i32 %tmp_97, i3 %trunc_ln74_mid2_read" [src/conv3.cpp:86]   --->   Operation 1025 'mux' 'tmp_100' <Predicate = (icmp_ln79)> <Delay = 0.57> <CoreInst = "Multiplexer">   --->   Core 76 'Multiplexer' <Latency = 0> <II = 1> <Delay = 0.57> <FuncUnit> <Opcode : 'mux'> <InPorts = 2> <OutPorts = 1>

State 67 <SV = 66> <Delay = 7.01>
ST_67 : Operation 1026 [3/4] (6.43ns)   --->   "%acc_17 = fadd i32 %acc_16, i32 %mul_3" [src/conv3.cpp:85]   --->   Operation 1026 'fadd' 'acc_17' <Predicate = (icmp_ln79)> <Delay = 6.43> <CoreInst = "FAddSub_fulldsp">   --->   Core 18 'FAddSub_fulldsp' <Latency = 3> <II = 1> <Delay = 6.43> <FuncUnit> <Opcode : 'fadd' 'fsub'> <InPorts = 2> <OutPorts = 1>
ST_67 : [1/1] (1.18ns)   --->   Input mux for Operation 1027 '%mul_3_1 = fmul i32 %p_ZZ5conv3PA255_A255_fPA32_A5_A5_fPfS1_E6w_tile_3_1_0_load, i32 %tmp_100'
ST_67 : Operation 1027 [3/3] (5.83ns)   --->   "%mul_3_1 = fmul i32 %p_ZZ5conv3PA255_A255_fPA32_A5_A5_fPfS1_E6w_tile_3_1_0_load, i32 %tmp_100" [src/conv3.cpp:85]   --->   Operation 1027 'fmul' 'mul_3_1' <Predicate = (icmp_ln79)> <Delay = 5.83> <CoreInst = "FMul_maxdsp">   --->   Core 30 'FMul_maxdsp' <Latency = 2> <II = 1> <Delay = 7.01> <FuncUnit> <Opcode : 'fmul'> <InPorts = 2> <OutPorts = 1>

State 68 <SV = 67> <Delay = 7.01>
ST_68 : Operation 1028 [2/4] (6.43ns)   --->   "%acc_17 = fadd i32 %acc_16, i32 %mul_3" [src/conv3.cpp:85]   --->   Operation 1028 'fadd' 'acc_17' <Predicate = (icmp_ln79)> <Delay = 6.43> <CoreInst = "FAddSub_fulldsp">   --->   Core 18 'FAddSub_fulldsp' <Latency = 3> <II = 1> <Delay = 6.43> <FuncUnit> <Opcode : 'fadd' 'fsub'> <InPorts = 2> <OutPorts = 1>
ST_68 : Operation 1029 [2/3] (7.01ns)   --->   "%mul_3_1 = fmul i32 %p_ZZ5conv3PA255_A255_fPA32_A5_A5_fPfS1_E6w_tile_3_1_0_load, i32 %tmp_100" [src/conv3.cpp:85]   --->   Operation 1029 'fmul' 'mul_3_1' <Predicate = (icmp_ln79)> <Delay = 7.01> <CoreInst = "FMul_maxdsp">   --->   Core 30 'FMul_maxdsp' <Latency = 2> <II = 1> <Delay = 7.01> <FuncUnit> <Opcode : 'fmul'> <InPorts = 2> <OutPorts = 1>

State 69 <SV = 68> <Delay = 7.01>
ST_69 : Operation 1030 [1/4] (6.43ns)   --->   "%acc_17 = fadd i32 %acc_16, i32 %mul_3" [src/conv3.cpp:85]   --->   Operation 1030 'fadd' 'acc_17' <Predicate = (icmp_ln79)> <Delay = 6.43> <CoreInst = "FAddSub_fulldsp">   --->   Core 18 'FAddSub_fulldsp' <Latency = 3> <II = 1> <Delay = 6.43> <FuncUnit> <Opcode : 'fadd' 'fsub'> <InPorts = 2> <OutPorts = 1>
ST_69 : Operation 1031 [1/3] (7.01ns)   --->   "%mul_3_1 = fmul i32 %p_ZZ5conv3PA255_A255_fPA32_A5_A5_fPfS1_E6w_tile_3_1_0_load, i32 %tmp_100" [src/conv3.cpp:85]   --->   Operation 1031 'fmul' 'mul_3_1' <Predicate = (icmp_ln79)> <Delay = 7.01> <CoreInst = "FMul_maxdsp">   --->   Core 30 'FMul_maxdsp' <Latency = 2> <II = 1> <Delay = 7.01> <FuncUnit> <Opcode : 'fmul'> <InPorts = 2> <OutPorts = 1>
ST_69 : Operation 1032 [1/1] (0.00ns)   --->   "%p_ZZ5conv3PA255_A255_fPA32_A5_A5_fPfS1_E6w_tile_3_2_0_addr = getelementptr i32 %p_ZZ5conv3PA255_A255_fPA32_A5_A5_fPfS1_E6w_tile_3_2_0, i64 0, i64 %zext_ln77" [src/conv3.cpp:85]   --->   Operation 1032 'getelementptr' 'p_ZZ5conv3PA255_A255_fPA32_A5_A5_fPfS1_E6w_tile_3_2_0_addr' <Predicate = (icmp_ln79)> <Delay = 0.00>
ST_69 : Operation 1033 [2/2] (0.67ns)   --->   "%p_ZZ5conv3PA255_A255_fPA32_A5_A5_fPfS1_E6w_tile_3_2_0_load = load i3 %p_ZZ5conv3PA255_A255_fPA32_A5_A5_fPfS1_E6w_tile_3_2_0_addr" [src/conv3.cpp:85]   --->   Operation 1033 'load' 'p_ZZ5conv3PA255_A255_fPA32_A5_A5_fPfS1_E6w_tile_3_2_0_load' <Predicate = (icmp_ln79)> <Delay = 0.67> <CoreInst = "RAM">   --->   Core 83 'RAM' <Latency = 1> <II = 1> <Delay = 0.67> <Storage> <Opcode : 'load' 'store'> <Ports = 2> <Width = 32> <Depth = 8> <RAM>

State 70 <SV = 69> <Delay = 6.43>
ST_70 : [1/1] (1.18ns)   --->   Input mux for Operation 1034 '%acc_18 = fadd i32 %acc_17, i32 %mul_3_1'
ST_70 : Operation 1034 [4/4] (5.25ns)   --->   "%acc_18 = fadd i32 %acc_17, i32 %mul_3_1" [src/conv3.cpp:85]   --->   Operation 1034 'fadd' 'acc_18' <Predicate = (icmp_ln79)> <Delay = 5.25> <CoreInst = "FAddSub_fulldsp">   --->   Core 18 'FAddSub_fulldsp' <Latency = 3> <II = 1> <Delay = 6.43> <FuncUnit> <Opcode : 'fadd' 'fsub'> <InPorts = 2> <OutPorts = 1>
ST_70 : Operation 1035 [1/2] (0.67ns)   --->   "%p_ZZ5conv3PA255_A255_fPA32_A5_A5_fPfS1_E6w_tile_3_2_0_load = load i3 %p_ZZ5conv3PA255_A255_fPA32_A5_A5_fPfS1_E6w_tile_3_2_0_addr" [src/conv3.cpp:85]   --->   Operation 1035 'load' 'p_ZZ5conv3PA255_A255_fPA32_A5_A5_fPfS1_E6w_tile_3_2_0_load' <Predicate = (icmp_ln79)> <Delay = 0.67> <CoreInst = "RAM">   --->   Core 83 'RAM' <Latency = 1> <II = 1> <Delay = 0.67> <Storage> <Opcode : 'load' 'store'> <Ports = 2> <Width = 32> <Depth = 8> <RAM>
ST_70 : Operation 1036 [1/1] (0.57ns)   --->   "%tmp_101 = mux i32 @_ssdm_op_Mux.ap_auto.5float.i3, i32 %p_ZZ5conv3PA255_A255_fPA32_A5_A5_fPfS1_E7in_tile_0_2_0_load_17_read, i32 %p_ZZ5conv3PA255_A255_fPA32_A5_A5_fPfS1_E7in_tile_0_3_0_load_17_read, i32 %p_ZZ5conv3PA255_A255_fPA32_A5_A5_fPfS1_E7in_tile_0_4_0_load_17_read, i32 %p_ZZ5conv3PA255_A255_fPA32_A5_A5_fPfS1_E7in_tile_0_0_0_load_17_read, i32 %p_ZZ5conv3PA255_A255_fPA32_A5_A5_fPfS1_E7in_tile_0_1_0_load_17_read, i3 %trunc_ln_read" [src/conv3.cpp:86]   --->   Operation 1036 'mux' 'tmp_101' <Predicate = (icmp_ln79)> <Delay = 0.57> <CoreInst = "Multiplexer">   --->   Core 76 'Multiplexer' <Latency = 0> <II = 1> <Delay = 0.57> <FuncUnit> <Opcode : 'mux'> <InPorts = 2> <OutPorts = 1>
ST_70 : Operation 1037 [1/1] (0.57ns)   --->   "%tmp_102 = mux i32 @_ssdm_op_Mux.ap_auto.5float.i3, i32 %p_ZZ5conv3PA255_A255_fPA32_A5_A5_fPfS1_E7in_tile_1_2_0_load_17_read, i32 %p_ZZ5conv3PA255_A255_fPA32_A5_A5_fPfS1_E7in_tile_1_3_0_load_17_read, i32 %p_ZZ5conv3PA255_A255_fPA32_A5_A5_fPfS1_E7in_tile_1_4_0_load_17_read, i32 %p_ZZ5conv3PA255_A255_fPA32_A5_A5_fPfS1_E7in_tile_1_0_0_load_17_read, i32 %p_ZZ5conv3PA255_A255_fPA32_A5_A5_fPfS1_E7in_tile_1_1_0_load_17_read, i3 %trunc_ln_read" [src/conv3.cpp:86]   --->   Operation 1037 'mux' 'tmp_102' <Predicate = (icmp_ln79)> <Delay = 0.57> <CoreInst = "Multiplexer">   --->   Core 76 'Multiplexer' <Latency = 0> <II = 1> <Delay = 0.57> <FuncUnit> <Opcode : 'mux'> <InPorts = 2> <OutPorts = 1>
ST_70 : Operation 1038 [1/1] (0.57ns)   --->   "%tmp_103 = mux i32 @_ssdm_op_Mux.ap_auto.5float.i3, i32 %p_ZZ5conv3PA255_A255_fPA32_A5_A5_fPfS1_E7in_tile_2_2_0_load_17_read, i32 %p_ZZ5conv3PA255_A255_fPA32_A5_A5_fPfS1_E7in_tile_2_3_0_load_17_read, i32 %p_ZZ5conv3PA255_A255_fPA32_A5_A5_fPfS1_E7in_tile_2_4_0_load_17_read, i32 %p_ZZ5conv3PA255_A255_fPA32_A5_A5_fPfS1_E7in_tile_2_0_0_load_17_read, i32 %p_ZZ5conv3PA255_A255_fPA32_A5_A5_fPfS1_E7in_tile_2_1_0_load_17_read, i3 %trunc_ln_read" [src/conv3.cpp:86]   --->   Operation 1038 'mux' 'tmp_103' <Predicate = (icmp_ln79)> <Delay = 0.57> <CoreInst = "Multiplexer">   --->   Core 76 'Multiplexer' <Latency = 0> <II = 1> <Delay = 0.57> <FuncUnit> <Opcode : 'mux'> <InPorts = 2> <OutPorts = 1>
ST_70 : Operation 1039 [1/1] (0.57ns)   --->   "%tmp_104 = mux i32 @_ssdm_op_Mux.ap_auto.5float.i3, i32 %p_ZZ5conv3PA255_A255_fPA32_A5_A5_fPfS1_E7in_tile_3_2_0_load_17_read, i32 %p_ZZ5conv3PA255_A255_fPA32_A5_A5_fPfS1_E7in_tile_3_3_0_load_17_read, i32 %p_ZZ5conv3PA255_A255_fPA32_A5_A5_fPfS1_E7in_tile_3_4_0_load_17_read, i32 %p_ZZ5conv3PA255_A255_fPA32_A5_A5_fPfS1_E7in_tile_3_0_0_load_17_read, i32 %p_ZZ5conv3PA255_A255_fPA32_A5_A5_fPfS1_E7in_tile_3_1_0_load_17_read, i3 %trunc_ln_read" [src/conv3.cpp:86]   --->   Operation 1039 'mux' 'tmp_104' <Predicate = (icmp_ln79)> <Delay = 0.57> <CoreInst = "Multiplexer">   --->   Core 76 'Multiplexer' <Latency = 0> <II = 1> <Delay = 0.57> <FuncUnit> <Opcode : 'mux'> <InPorts = 2> <OutPorts = 1>
ST_70 : Operation 1040 [1/1] (0.57ns)   --->   "%tmp_105 = mux i32 @_ssdm_op_Mux.ap_auto.5float.i3, i32 %p_ZZ5conv3PA255_A255_fPA32_A5_A5_fPfS1_E7in_tile_4_2_0_load_17_read, i32 %p_ZZ5conv3PA255_A255_fPA32_A5_A5_fPfS1_E7in_tile_4_3_0_load_17_read, i32 %p_ZZ5conv3PA255_A255_fPA32_A5_A5_fPfS1_E7in_tile_4_4_0_load_17_read, i32 %p_ZZ5conv3PA255_A255_fPA32_A5_A5_fPfS1_E7in_tile_4_0_0_load_17_read, i32 %p_ZZ5conv3PA255_A255_fPA32_A5_A5_fPfS1_E7in_tile_4_1_0_load_17_read, i3 %trunc_ln_read" [src/conv3.cpp:86]   --->   Operation 1040 'mux' 'tmp_105' <Predicate = (icmp_ln79)> <Delay = 0.57> <CoreInst = "Multiplexer">   --->   Core 76 'Multiplexer' <Latency = 0> <II = 1> <Delay = 0.57> <FuncUnit> <Opcode : 'mux'> <InPorts = 2> <OutPorts = 1>
ST_70 : Operation 1041 [1/1] (0.57ns)   --->   "%tmp_106 = mux i32 @_ssdm_op_Mux.ap_auto.5float.i3, i32 %tmp_104, i32 %tmp_105, i32 %tmp_101, i32 %tmp_102, i32 %tmp_103, i3 %trunc_ln74_mid2_read" [src/conv3.cpp:86]   --->   Operation 1041 'mux' 'tmp_106' <Predicate = (icmp_ln79)> <Delay = 0.57> <CoreInst = "Multiplexer">   --->   Core 76 'Multiplexer' <Latency = 0> <II = 1> <Delay = 0.57> <FuncUnit> <Opcode : 'mux'> <InPorts = 2> <OutPorts = 1>

State 71 <SV = 70> <Delay = 7.01>
ST_71 : Operation 1042 [3/4] (6.43ns)   --->   "%acc_18 = fadd i32 %acc_17, i32 %mul_3_1" [src/conv3.cpp:85]   --->   Operation 1042 'fadd' 'acc_18' <Predicate = (icmp_ln79)> <Delay = 6.43> <CoreInst = "FAddSub_fulldsp">   --->   Core 18 'FAddSub_fulldsp' <Latency = 3> <II = 1> <Delay = 6.43> <FuncUnit> <Opcode : 'fadd' 'fsub'> <InPorts = 2> <OutPorts = 1>
ST_71 : [1/1] (1.18ns)   --->   Input mux for Operation 1043 '%mul_3_2 = fmul i32 %p_ZZ5conv3PA255_A255_fPA32_A5_A5_fPfS1_E6w_tile_3_2_0_load, i32 %tmp_106'
ST_71 : Operation 1043 [3/3] (5.83ns)   --->   "%mul_3_2 = fmul i32 %p_ZZ5conv3PA255_A255_fPA32_A5_A5_fPfS1_E6w_tile_3_2_0_load, i32 %tmp_106" [src/conv3.cpp:85]   --->   Operation 1043 'fmul' 'mul_3_2' <Predicate = (icmp_ln79)> <Delay = 5.83> <CoreInst = "FMul_maxdsp">   --->   Core 30 'FMul_maxdsp' <Latency = 2> <II = 1> <Delay = 7.01> <FuncUnit> <Opcode : 'fmul'> <InPorts = 2> <OutPorts = 1>

State 72 <SV = 71> <Delay = 7.01>
ST_72 : Operation 1044 [2/4] (6.43ns)   --->   "%acc_18 = fadd i32 %acc_17, i32 %mul_3_1" [src/conv3.cpp:85]   --->   Operation 1044 'fadd' 'acc_18' <Predicate = (icmp_ln79)> <Delay = 6.43> <CoreInst = "FAddSub_fulldsp">   --->   Core 18 'FAddSub_fulldsp' <Latency = 3> <II = 1> <Delay = 6.43> <FuncUnit> <Opcode : 'fadd' 'fsub'> <InPorts = 2> <OutPorts = 1>
ST_72 : Operation 1045 [2/3] (7.01ns)   --->   "%mul_3_2 = fmul i32 %p_ZZ5conv3PA255_A255_fPA32_A5_A5_fPfS1_E6w_tile_3_2_0_load, i32 %tmp_106" [src/conv3.cpp:85]   --->   Operation 1045 'fmul' 'mul_3_2' <Predicate = (icmp_ln79)> <Delay = 7.01> <CoreInst = "FMul_maxdsp">   --->   Core 30 'FMul_maxdsp' <Latency = 2> <II = 1> <Delay = 7.01> <FuncUnit> <Opcode : 'fmul'> <InPorts = 2> <OutPorts = 1>

State 73 <SV = 72> <Delay = 7.01>
ST_73 : Operation 1046 [1/4] (6.43ns)   --->   "%acc_18 = fadd i32 %acc_17, i32 %mul_3_1" [src/conv3.cpp:85]   --->   Operation 1046 'fadd' 'acc_18' <Predicate = (icmp_ln79)> <Delay = 6.43> <CoreInst = "FAddSub_fulldsp">   --->   Core 18 'FAddSub_fulldsp' <Latency = 3> <II = 1> <Delay = 6.43> <FuncUnit> <Opcode : 'fadd' 'fsub'> <InPorts = 2> <OutPorts = 1>
ST_73 : Operation 1047 [1/3] (7.01ns)   --->   "%mul_3_2 = fmul i32 %p_ZZ5conv3PA255_A255_fPA32_A5_A5_fPfS1_E6w_tile_3_2_0_load, i32 %tmp_106" [src/conv3.cpp:85]   --->   Operation 1047 'fmul' 'mul_3_2' <Predicate = (icmp_ln79)> <Delay = 7.01> <CoreInst = "FMul_maxdsp">   --->   Core 30 'FMul_maxdsp' <Latency = 2> <II = 1> <Delay = 7.01> <FuncUnit> <Opcode : 'fmul'> <InPorts = 2> <OutPorts = 1>
ST_73 : Operation 1048 [1/1] (0.00ns)   --->   "%p_ZZ5conv3PA255_A255_fPA32_A5_A5_fPfS1_E6w_tile_3_3_0_addr = getelementptr i32 %p_ZZ5conv3PA255_A255_fPA32_A5_A5_fPfS1_E6w_tile_3_3_0, i64 0, i64 %zext_ln77" [src/conv3.cpp:85]   --->   Operation 1048 'getelementptr' 'p_ZZ5conv3PA255_A255_fPA32_A5_A5_fPfS1_E6w_tile_3_3_0_addr' <Predicate = (icmp_ln79)> <Delay = 0.00>
ST_73 : Operation 1049 [2/2] (0.67ns)   --->   "%p_ZZ5conv3PA255_A255_fPA32_A5_A5_fPfS1_E6w_tile_3_3_0_load = load i3 %p_ZZ5conv3PA255_A255_fPA32_A5_A5_fPfS1_E6w_tile_3_3_0_addr" [src/conv3.cpp:85]   --->   Operation 1049 'load' 'p_ZZ5conv3PA255_A255_fPA32_A5_A5_fPfS1_E6w_tile_3_3_0_load' <Predicate = (icmp_ln79)> <Delay = 0.67> <CoreInst = "RAM">   --->   Core 83 'RAM' <Latency = 1> <II = 1> <Delay = 0.67> <Storage> <Opcode : 'load' 'store'> <Ports = 2> <Width = 32> <Depth = 8> <RAM>

State 74 <SV = 73> <Delay = 6.43>
ST_74 : [1/1] (1.18ns)   --->   Input mux for Operation 1050 '%acc_19 = fadd i32 %acc_18, i32 %mul_3_2'
ST_74 : Operation 1050 [4/4] (5.25ns)   --->   "%acc_19 = fadd i32 %acc_18, i32 %mul_3_2" [src/conv3.cpp:85]   --->   Operation 1050 'fadd' 'acc_19' <Predicate = (icmp_ln79)> <Delay = 5.25> <CoreInst = "FAddSub_fulldsp">   --->   Core 18 'FAddSub_fulldsp' <Latency = 3> <II = 1> <Delay = 6.43> <FuncUnit> <Opcode : 'fadd' 'fsub'> <InPorts = 2> <OutPorts = 1>
ST_74 : Operation 1051 [1/2] (0.67ns)   --->   "%p_ZZ5conv3PA255_A255_fPA32_A5_A5_fPfS1_E6w_tile_3_3_0_load = load i3 %p_ZZ5conv3PA255_A255_fPA32_A5_A5_fPfS1_E6w_tile_3_3_0_addr" [src/conv3.cpp:85]   --->   Operation 1051 'load' 'p_ZZ5conv3PA255_A255_fPA32_A5_A5_fPfS1_E6w_tile_3_3_0_load' <Predicate = (icmp_ln79)> <Delay = 0.67> <CoreInst = "RAM">   --->   Core 83 'RAM' <Latency = 1> <II = 1> <Delay = 0.67> <Storage> <Opcode : 'load' 'store'> <Ports = 2> <Width = 32> <Depth = 8> <RAM>
ST_74 : Operation 1052 [1/1] (0.57ns)   --->   "%tmp_107 = mux i32 @_ssdm_op_Mux.ap_auto.5float.i3, i32 %p_ZZ5conv3PA255_A255_fPA32_A5_A5_fPfS1_E7in_tile_0_3_0_load_18_read, i32 %p_ZZ5conv3PA255_A255_fPA32_A5_A5_fPfS1_E7in_tile_0_4_0_load_18_read, i32 %p_ZZ5conv3PA255_A255_fPA32_A5_A5_fPfS1_E7in_tile_0_0_0_load_18_read, i32 %p_ZZ5conv3PA255_A255_fPA32_A5_A5_fPfS1_E7in_tile_0_1_0_load_18_read, i32 %p_ZZ5conv3PA255_A255_fPA32_A5_A5_fPfS1_E7in_tile_0_2_0_load_18_read, i3 %trunc_ln_read" [src/conv3.cpp:86]   --->   Operation 1052 'mux' 'tmp_107' <Predicate = (icmp_ln79)> <Delay = 0.57> <CoreInst = "Multiplexer">   --->   Core 76 'Multiplexer' <Latency = 0> <II = 1> <Delay = 0.57> <FuncUnit> <Opcode : 'mux'> <InPorts = 2> <OutPorts = 1>
ST_74 : Operation 1053 [1/1] (0.57ns)   --->   "%tmp_108 = mux i32 @_ssdm_op_Mux.ap_auto.5float.i3, i32 %p_ZZ5conv3PA255_A255_fPA32_A5_A5_fPfS1_E7in_tile_1_3_0_load_18_read, i32 %p_ZZ5conv3PA255_A255_fPA32_A5_A5_fPfS1_E7in_tile_1_4_0_load_18_read, i32 %p_ZZ5conv3PA255_A255_fPA32_A5_A5_fPfS1_E7in_tile_1_0_0_load_18_read, i32 %p_ZZ5conv3PA255_A255_fPA32_A5_A5_fPfS1_E7in_tile_1_1_0_load_18_read, i32 %p_ZZ5conv3PA255_A255_fPA32_A5_A5_fPfS1_E7in_tile_1_2_0_load_18_read, i3 %trunc_ln_read" [src/conv3.cpp:86]   --->   Operation 1053 'mux' 'tmp_108' <Predicate = (icmp_ln79)> <Delay = 0.57> <CoreInst = "Multiplexer">   --->   Core 76 'Multiplexer' <Latency = 0> <II = 1> <Delay = 0.57> <FuncUnit> <Opcode : 'mux'> <InPorts = 2> <OutPorts = 1>
ST_74 : Operation 1054 [1/1] (0.57ns)   --->   "%tmp_109 = mux i32 @_ssdm_op_Mux.ap_auto.5float.i3, i32 %p_ZZ5conv3PA255_A255_fPA32_A5_A5_fPfS1_E7in_tile_2_3_0_load_18_read, i32 %p_ZZ5conv3PA255_A255_fPA32_A5_A5_fPfS1_E7in_tile_2_4_0_load_18_read, i32 %p_ZZ5conv3PA255_A255_fPA32_A5_A5_fPfS1_E7in_tile_2_0_0_load_18_read, i32 %p_ZZ5conv3PA255_A255_fPA32_A5_A5_fPfS1_E7in_tile_2_1_0_load_18_read, i32 %p_ZZ5conv3PA255_A255_fPA32_A5_A5_fPfS1_E7in_tile_2_2_0_load_18_read, i3 %trunc_ln_read" [src/conv3.cpp:86]   --->   Operation 1054 'mux' 'tmp_109' <Predicate = (icmp_ln79)> <Delay = 0.57> <CoreInst = "Multiplexer">   --->   Core 76 'Multiplexer' <Latency = 0> <II = 1> <Delay = 0.57> <FuncUnit> <Opcode : 'mux'> <InPorts = 2> <OutPorts = 1>
ST_74 : Operation 1055 [1/1] (0.57ns)   --->   "%tmp_110 = mux i32 @_ssdm_op_Mux.ap_auto.5float.i3, i32 %p_ZZ5conv3PA255_A255_fPA32_A5_A5_fPfS1_E7in_tile_3_3_0_load_18_read, i32 %p_ZZ5conv3PA255_A255_fPA32_A5_A5_fPfS1_E7in_tile_3_4_0_load_18_read, i32 %p_ZZ5conv3PA255_A255_fPA32_A5_A5_fPfS1_E7in_tile_3_0_0_load_18_read, i32 %p_ZZ5conv3PA255_A255_fPA32_A5_A5_fPfS1_E7in_tile_3_1_0_load_18_read, i32 %p_ZZ5conv3PA255_A255_fPA32_A5_A5_fPfS1_E7in_tile_3_2_0_load_18_read, i3 %trunc_ln_read" [src/conv3.cpp:86]   --->   Operation 1055 'mux' 'tmp_110' <Predicate = (icmp_ln79)> <Delay = 0.57> <CoreInst = "Multiplexer">   --->   Core 76 'Multiplexer' <Latency = 0> <II = 1> <Delay = 0.57> <FuncUnit> <Opcode : 'mux'> <InPorts = 2> <OutPorts = 1>
ST_74 : Operation 1056 [1/1] (0.57ns)   --->   "%tmp_111 = mux i32 @_ssdm_op_Mux.ap_auto.5float.i3, i32 %p_ZZ5conv3PA255_A255_fPA32_A5_A5_fPfS1_E7in_tile_4_3_0_load_18_read, i32 %p_ZZ5conv3PA255_A255_fPA32_A5_A5_fPfS1_E7in_tile_4_4_0_load_18_read, i32 %p_ZZ5conv3PA255_A255_fPA32_A5_A5_fPfS1_E7in_tile_4_0_0_load_18_read, i32 %p_ZZ5conv3PA255_A255_fPA32_A5_A5_fPfS1_E7in_tile_4_1_0_load_18_read, i32 %p_ZZ5conv3PA255_A255_fPA32_A5_A5_fPfS1_E7in_tile_4_2_0_load_18_read, i3 %trunc_ln_read" [src/conv3.cpp:86]   --->   Operation 1056 'mux' 'tmp_111' <Predicate = (icmp_ln79)> <Delay = 0.57> <CoreInst = "Multiplexer">   --->   Core 76 'Multiplexer' <Latency = 0> <II = 1> <Delay = 0.57> <FuncUnit> <Opcode : 'mux'> <InPorts = 2> <OutPorts = 1>
ST_74 : Operation 1057 [1/1] (0.57ns)   --->   "%tmp_112 = mux i32 @_ssdm_op_Mux.ap_auto.5float.i3, i32 %tmp_110, i32 %tmp_111, i32 %tmp_107, i32 %tmp_108, i32 %tmp_109, i3 %trunc_ln74_mid2_read" [src/conv3.cpp:86]   --->   Operation 1057 'mux' 'tmp_112' <Predicate = (icmp_ln79)> <Delay = 0.57> <CoreInst = "Multiplexer">   --->   Core 76 'Multiplexer' <Latency = 0> <II = 1> <Delay = 0.57> <FuncUnit> <Opcode : 'mux'> <InPorts = 2> <OutPorts = 1>

State 75 <SV = 74> <Delay = 7.01>
ST_75 : Operation 1058 [3/4] (6.43ns)   --->   "%acc_19 = fadd i32 %acc_18, i32 %mul_3_2" [src/conv3.cpp:85]   --->   Operation 1058 'fadd' 'acc_19' <Predicate = (icmp_ln79)> <Delay = 6.43> <CoreInst = "FAddSub_fulldsp">   --->   Core 18 'FAddSub_fulldsp' <Latency = 3> <II = 1> <Delay = 6.43> <FuncUnit> <Opcode : 'fadd' 'fsub'> <InPorts = 2> <OutPorts = 1>
ST_75 : [1/1] (1.18ns)   --->   Input mux for Operation 1059 '%mul_3_3 = fmul i32 %p_ZZ5conv3PA255_A255_fPA32_A5_A5_fPfS1_E6w_tile_3_3_0_load, i32 %tmp_112'
ST_75 : Operation 1059 [3/3] (5.83ns)   --->   "%mul_3_3 = fmul i32 %p_ZZ5conv3PA255_A255_fPA32_A5_A5_fPfS1_E6w_tile_3_3_0_load, i32 %tmp_112" [src/conv3.cpp:85]   --->   Operation 1059 'fmul' 'mul_3_3' <Predicate = (icmp_ln79)> <Delay = 5.83> <CoreInst = "FMul_maxdsp">   --->   Core 30 'FMul_maxdsp' <Latency = 2> <II = 1> <Delay = 7.01> <FuncUnit> <Opcode : 'fmul'> <InPorts = 2> <OutPorts = 1>

State 76 <SV = 75> <Delay = 7.01>
ST_76 : Operation 1060 [2/4] (6.43ns)   --->   "%acc_19 = fadd i32 %acc_18, i32 %mul_3_2" [src/conv3.cpp:85]   --->   Operation 1060 'fadd' 'acc_19' <Predicate = (icmp_ln79)> <Delay = 6.43> <CoreInst = "FAddSub_fulldsp">   --->   Core 18 'FAddSub_fulldsp' <Latency = 3> <II = 1> <Delay = 6.43> <FuncUnit> <Opcode : 'fadd' 'fsub'> <InPorts = 2> <OutPorts = 1>
ST_76 : Operation 1061 [2/3] (7.01ns)   --->   "%mul_3_3 = fmul i32 %p_ZZ5conv3PA255_A255_fPA32_A5_A5_fPfS1_E6w_tile_3_3_0_load, i32 %tmp_112" [src/conv3.cpp:85]   --->   Operation 1061 'fmul' 'mul_3_3' <Predicate = (icmp_ln79)> <Delay = 7.01> <CoreInst = "FMul_maxdsp">   --->   Core 30 'FMul_maxdsp' <Latency = 2> <II = 1> <Delay = 7.01> <FuncUnit> <Opcode : 'fmul'> <InPorts = 2> <OutPorts = 1>

State 77 <SV = 76> <Delay = 7.01>
ST_77 : Operation 1062 [1/4] (6.43ns)   --->   "%acc_19 = fadd i32 %acc_18, i32 %mul_3_2" [src/conv3.cpp:85]   --->   Operation 1062 'fadd' 'acc_19' <Predicate = (icmp_ln79)> <Delay = 6.43> <CoreInst = "FAddSub_fulldsp">   --->   Core 18 'FAddSub_fulldsp' <Latency = 3> <II = 1> <Delay = 6.43> <FuncUnit> <Opcode : 'fadd' 'fsub'> <InPorts = 2> <OutPorts = 1>
ST_77 : Operation 1063 [1/3] (7.01ns)   --->   "%mul_3_3 = fmul i32 %p_ZZ5conv3PA255_A255_fPA32_A5_A5_fPfS1_E6w_tile_3_3_0_load, i32 %tmp_112" [src/conv3.cpp:85]   --->   Operation 1063 'fmul' 'mul_3_3' <Predicate = (icmp_ln79)> <Delay = 7.01> <CoreInst = "FMul_maxdsp">   --->   Core 30 'FMul_maxdsp' <Latency = 2> <II = 1> <Delay = 7.01> <FuncUnit> <Opcode : 'fmul'> <InPorts = 2> <OutPorts = 1>
ST_77 : Operation 1064 [1/1] (0.00ns)   --->   "%p_ZZ5conv3PA255_A255_fPA32_A5_A5_fPfS1_E6w_tile_3_4_0_addr = getelementptr i32 %p_ZZ5conv3PA255_A255_fPA32_A5_A5_fPfS1_E6w_tile_3_4_0, i64 0, i64 %zext_ln77" [src/conv3.cpp:85]   --->   Operation 1064 'getelementptr' 'p_ZZ5conv3PA255_A255_fPA32_A5_A5_fPfS1_E6w_tile_3_4_0_addr' <Predicate = (icmp_ln79)> <Delay = 0.00>
ST_77 : Operation 1065 [2/2] (0.67ns)   --->   "%p_ZZ5conv3PA255_A255_fPA32_A5_A5_fPfS1_E6w_tile_3_4_0_load = load i3 %p_ZZ5conv3PA255_A255_fPA32_A5_A5_fPfS1_E6w_tile_3_4_0_addr" [src/conv3.cpp:85]   --->   Operation 1065 'load' 'p_ZZ5conv3PA255_A255_fPA32_A5_A5_fPfS1_E6w_tile_3_4_0_load' <Predicate = (icmp_ln79)> <Delay = 0.67> <CoreInst = "RAM">   --->   Core 83 'RAM' <Latency = 1> <II = 1> <Delay = 0.67> <Storage> <Opcode : 'load' 'store'> <Ports = 2> <Width = 32> <Depth = 8> <RAM>

State 78 <SV = 77> <Delay = 6.43>
ST_78 : [1/1] (1.18ns)   --->   Input mux for Operation 1066 '%acc_20 = fadd i32 %acc_19, i32 %mul_3_3'
ST_78 : Operation 1066 [4/4] (5.25ns)   --->   "%acc_20 = fadd i32 %acc_19, i32 %mul_3_3" [src/conv3.cpp:85]   --->   Operation 1066 'fadd' 'acc_20' <Predicate = (icmp_ln79)> <Delay = 5.25> <CoreInst = "FAddSub_fulldsp">   --->   Core 18 'FAddSub_fulldsp' <Latency = 3> <II = 1> <Delay = 6.43> <FuncUnit> <Opcode : 'fadd' 'fsub'> <InPorts = 2> <OutPorts = 1>
ST_78 : Operation 1067 [1/2] (0.67ns)   --->   "%p_ZZ5conv3PA255_A255_fPA32_A5_A5_fPfS1_E6w_tile_3_4_0_load = load i3 %p_ZZ5conv3PA255_A255_fPA32_A5_A5_fPfS1_E6w_tile_3_4_0_addr" [src/conv3.cpp:85]   --->   Operation 1067 'load' 'p_ZZ5conv3PA255_A255_fPA32_A5_A5_fPfS1_E6w_tile_3_4_0_load' <Predicate = (icmp_ln79)> <Delay = 0.67> <CoreInst = "RAM">   --->   Core 83 'RAM' <Latency = 1> <II = 1> <Delay = 0.67> <Storage> <Opcode : 'load' 'store'> <Ports = 2> <Width = 32> <Depth = 8> <RAM>
ST_78 : Operation 1068 [1/1] (0.57ns)   --->   "%tmp_113 = mux i32 @_ssdm_op_Mux.ap_auto.5float.i3, i32 %p_ZZ5conv3PA255_A255_fPA32_A5_A5_fPfS1_E7in_tile_0_4_0_load_19_read, i32 %p_ZZ5conv3PA255_A255_fPA32_A5_A5_fPfS1_E7in_tile_0_0_0_load_19_read, i32 %p_ZZ5conv3PA255_A255_fPA32_A5_A5_fPfS1_E7in_tile_0_1_0_load_19_read, i32 %p_ZZ5conv3PA255_A255_fPA32_A5_A5_fPfS1_E7in_tile_0_2_0_load_19_read, i32 %p_ZZ5conv3PA255_A255_fPA32_A5_A5_fPfS1_E7in_tile_0_3_0_load_19_read, i3 %trunc_ln_read" [src/conv3.cpp:86]   --->   Operation 1068 'mux' 'tmp_113' <Predicate = (icmp_ln79)> <Delay = 0.57> <CoreInst = "Multiplexer">   --->   Core 76 'Multiplexer' <Latency = 0> <II = 1> <Delay = 0.57> <FuncUnit> <Opcode : 'mux'> <InPorts = 2> <OutPorts = 1>
ST_78 : Operation 1069 [1/1] (0.57ns)   --->   "%tmp_114 = mux i32 @_ssdm_op_Mux.ap_auto.5float.i3, i32 %p_ZZ5conv3PA255_A255_fPA32_A5_A5_fPfS1_E7in_tile_1_4_0_load_19_read, i32 %p_ZZ5conv3PA255_A255_fPA32_A5_A5_fPfS1_E7in_tile_1_0_0_load_19_read, i32 %p_ZZ5conv3PA255_A255_fPA32_A5_A5_fPfS1_E7in_tile_1_1_0_load_19_read, i32 %p_ZZ5conv3PA255_A255_fPA32_A5_A5_fPfS1_E7in_tile_1_2_0_load_19_read, i32 %p_ZZ5conv3PA255_A255_fPA32_A5_A5_fPfS1_E7in_tile_1_3_0_load_19_read, i3 %trunc_ln_read" [src/conv3.cpp:86]   --->   Operation 1069 'mux' 'tmp_114' <Predicate = (icmp_ln79)> <Delay = 0.57> <CoreInst = "Multiplexer">   --->   Core 76 'Multiplexer' <Latency = 0> <II = 1> <Delay = 0.57> <FuncUnit> <Opcode : 'mux'> <InPorts = 2> <OutPorts = 1>
ST_78 : Operation 1070 [1/1] (0.57ns)   --->   "%tmp_115 = mux i32 @_ssdm_op_Mux.ap_auto.5float.i3, i32 %p_ZZ5conv3PA255_A255_fPA32_A5_A5_fPfS1_E7in_tile_2_4_0_load_19_read, i32 %p_ZZ5conv3PA255_A255_fPA32_A5_A5_fPfS1_E7in_tile_2_0_0_load_19_read, i32 %p_ZZ5conv3PA255_A255_fPA32_A5_A5_fPfS1_E7in_tile_2_1_0_load_19_read, i32 %p_ZZ5conv3PA255_A255_fPA32_A5_A5_fPfS1_E7in_tile_2_2_0_load_19_read, i32 %p_ZZ5conv3PA255_A255_fPA32_A5_A5_fPfS1_E7in_tile_2_3_0_load_19_read, i3 %trunc_ln_read" [src/conv3.cpp:86]   --->   Operation 1070 'mux' 'tmp_115' <Predicate = (icmp_ln79)> <Delay = 0.57> <CoreInst = "Multiplexer">   --->   Core 76 'Multiplexer' <Latency = 0> <II = 1> <Delay = 0.57> <FuncUnit> <Opcode : 'mux'> <InPorts = 2> <OutPorts = 1>
ST_78 : Operation 1071 [1/1] (0.57ns)   --->   "%tmp_116 = mux i32 @_ssdm_op_Mux.ap_auto.5float.i3, i32 %p_ZZ5conv3PA255_A255_fPA32_A5_A5_fPfS1_E7in_tile_3_4_0_load_19_read, i32 %p_ZZ5conv3PA255_A255_fPA32_A5_A5_fPfS1_E7in_tile_3_0_0_load_19_read, i32 %p_ZZ5conv3PA255_A255_fPA32_A5_A5_fPfS1_E7in_tile_3_1_0_load_19_read, i32 %p_ZZ5conv3PA255_A255_fPA32_A5_A5_fPfS1_E7in_tile_3_2_0_load_19_read, i32 %p_ZZ5conv3PA255_A255_fPA32_A5_A5_fPfS1_E7in_tile_3_3_0_load_19_read, i3 %trunc_ln_read" [src/conv3.cpp:86]   --->   Operation 1071 'mux' 'tmp_116' <Predicate = (icmp_ln79)> <Delay = 0.57> <CoreInst = "Multiplexer">   --->   Core 76 'Multiplexer' <Latency = 0> <II = 1> <Delay = 0.57> <FuncUnit> <Opcode : 'mux'> <InPorts = 2> <OutPorts = 1>
ST_78 : Operation 1072 [1/1] (0.57ns)   --->   "%tmp_117 = mux i32 @_ssdm_op_Mux.ap_auto.5float.i3, i32 %p_ZZ5conv3PA255_A255_fPA32_A5_A5_fPfS1_E7in_tile_4_4_0_load_19_read, i32 %p_ZZ5conv3PA255_A255_fPA32_A5_A5_fPfS1_E7in_tile_4_0_0_load_19_read, i32 %p_ZZ5conv3PA255_A255_fPA32_A5_A5_fPfS1_E7in_tile_4_1_0_load_19_read, i32 %p_ZZ5conv3PA255_A255_fPA32_A5_A5_fPfS1_E7in_tile_4_2_0_load_19_read, i32 %p_ZZ5conv3PA255_A255_fPA32_A5_A5_fPfS1_E7in_tile_4_3_0_load_19_read, i3 %trunc_ln_read" [src/conv3.cpp:86]   --->   Operation 1072 'mux' 'tmp_117' <Predicate = (icmp_ln79)> <Delay = 0.57> <CoreInst = "Multiplexer">   --->   Core 76 'Multiplexer' <Latency = 0> <II = 1> <Delay = 0.57> <FuncUnit> <Opcode : 'mux'> <InPorts = 2> <OutPorts = 1>
ST_78 : Operation 1073 [1/1] (0.57ns)   --->   "%tmp_118 = mux i32 @_ssdm_op_Mux.ap_auto.5float.i3, i32 %tmp_116, i32 %tmp_117, i32 %tmp_113, i32 %tmp_114, i32 %tmp_115, i3 %trunc_ln74_mid2_read" [src/conv3.cpp:86]   --->   Operation 1073 'mux' 'tmp_118' <Predicate = (icmp_ln79)> <Delay = 0.57> <CoreInst = "Multiplexer">   --->   Core 76 'Multiplexer' <Latency = 0> <II = 1> <Delay = 0.57> <FuncUnit> <Opcode : 'mux'> <InPorts = 2> <OutPorts = 1>

State 79 <SV = 78> <Delay = 7.01>
ST_79 : Operation 1074 [3/4] (6.43ns)   --->   "%acc_20 = fadd i32 %acc_19, i32 %mul_3_3" [src/conv3.cpp:85]   --->   Operation 1074 'fadd' 'acc_20' <Predicate = (icmp_ln79)> <Delay = 6.43> <CoreInst = "FAddSub_fulldsp">   --->   Core 18 'FAddSub_fulldsp' <Latency = 3> <II = 1> <Delay = 6.43> <FuncUnit> <Opcode : 'fadd' 'fsub'> <InPorts = 2> <OutPorts = 1>
ST_79 : [1/1] (1.18ns)   --->   Input mux for Operation 1075 '%mul_3_4 = fmul i32 %p_ZZ5conv3PA255_A255_fPA32_A5_A5_fPfS1_E6w_tile_3_4_0_load, i32 %tmp_118'
ST_79 : Operation 1075 [3/3] (5.83ns)   --->   "%mul_3_4 = fmul i32 %p_ZZ5conv3PA255_A255_fPA32_A5_A5_fPfS1_E6w_tile_3_4_0_load, i32 %tmp_118" [src/conv3.cpp:85]   --->   Operation 1075 'fmul' 'mul_3_4' <Predicate = (icmp_ln79)> <Delay = 5.83> <CoreInst = "FMul_maxdsp">   --->   Core 30 'FMul_maxdsp' <Latency = 2> <II = 1> <Delay = 7.01> <FuncUnit> <Opcode : 'fmul'> <InPorts = 2> <OutPorts = 1>

State 80 <SV = 79> <Delay = 7.01>
ST_80 : Operation 1076 [2/4] (6.43ns)   --->   "%acc_20 = fadd i32 %acc_19, i32 %mul_3_3" [src/conv3.cpp:85]   --->   Operation 1076 'fadd' 'acc_20' <Predicate = (icmp_ln79)> <Delay = 6.43> <CoreInst = "FAddSub_fulldsp">   --->   Core 18 'FAddSub_fulldsp' <Latency = 3> <II = 1> <Delay = 6.43> <FuncUnit> <Opcode : 'fadd' 'fsub'> <InPorts = 2> <OutPorts = 1>
ST_80 : Operation 1077 [2/3] (7.01ns)   --->   "%mul_3_4 = fmul i32 %p_ZZ5conv3PA255_A255_fPA32_A5_A5_fPfS1_E6w_tile_3_4_0_load, i32 %tmp_118" [src/conv3.cpp:85]   --->   Operation 1077 'fmul' 'mul_3_4' <Predicate = (icmp_ln79)> <Delay = 7.01> <CoreInst = "FMul_maxdsp">   --->   Core 30 'FMul_maxdsp' <Latency = 2> <II = 1> <Delay = 7.01> <FuncUnit> <Opcode : 'fmul'> <InPorts = 2> <OutPorts = 1>

State 81 <SV = 80> <Delay = 7.01>
ST_81 : Operation 1078 [1/4] (6.43ns)   --->   "%acc_20 = fadd i32 %acc_19, i32 %mul_3_3" [src/conv3.cpp:85]   --->   Operation 1078 'fadd' 'acc_20' <Predicate = (icmp_ln79)> <Delay = 6.43> <CoreInst = "FAddSub_fulldsp">   --->   Core 18 'FAddSub_fulldsp' <Latency = 3> <II = 1> <Delay = 6.43> <FuncUnit> <Opcode : 'fadd' 'fsub'> <InPorts = 2> <OutPorts = 1>
ST_81 : Operation 1079 [1/3] (7.01ns)   --->   "%mul_3_4 = fmul i32 %p_ZZ5conv3PA255_A255_fPA32_A5_A5_fPfS1_E6w_tile_3_4_0_load, i32 %tmp_118" [src/conv3.cpp:85]   --->   Operation 1079 'fmul' 'mul_3_4' <Predicate = (icmp_ln79)> <Delay = 7.01> <CoreInst = "FMul_maxdsp">   --->   Core 30 'FMul_maxdsp' <Latency = 2> <II = 1> <Delay = 7.01> <FuncUnit> <Opcode : 'fmul'> <InPorts = 2> <OutPorts = 1>
ST_81 : Operation 1080 [1/1] (0.00ns)   --->   "%p_ZZ5conv3PA255_A255_fPA32_A5_A5_fPfS1_E6w_tile_4_0_0_addr = getelementptr i32 %p_ZZ5conv3PA255_A255_fPA32_A5_A5_fPfS1_E6w_tile_4_0_0, i64 0, i64 %zext_ln77" [src/conv3.cpp:85]   --->   Operation 1080 'getelementptr' 'p_ZZ5conv3PA255_A255_fPA32_A5_A5_fPfS1_E6w_tile_4_0_0_addr' <Predicate = (icmp_ln79)> <Delay = 0.00>
ST_81 : Operation 1081 [2/2] (0.67ns)   --->   "%p_ZZ5conv3PA255_A255_fPA32_A5_A5_fPfS1_E6w_tile_4_0_0_load = load i3 %p_ZZ5conv3PA255_A255_fPA32_A5_A5_fPfS1_E6w_tile_4_0_0_addr" [src/conv3.cpp:85]   --->   Operation 1081 'load' 'p_ZZ5conv3PA255_A255_fPA32_A5_A5_fPfS1_E6w_tile_4_0_0_load' <Predicate = (icmp_ln79)> <Delay = 0.67> <CoreInst = "RAM">   --->   Core 83 'RAM' <Latency = 1> <II = 1> <Delay = 0.67> <Storage> <Opcode : 'load' 'store'> <Ports = 2> <Width = 32> <Depth = 8> <RAM>

State 82 <SV = 81> <Delay = 6.43>
ST_82 : [1/1] (1.18ns)   --->   Input mux for Operation 1082 '%acc_21 = fadd i32 %acc_20, i32 %mul_3_4'
ST_82 : Operation 1082 [4/4] (5.25ns)   --->   "%acc_21 = fadd i32 %acc_20, i32 %mul_3_4" [src/conv3.cpp:85]   --->   Operation 1082 'fadd' 'acc_21' <Predicate = (icmp_ln79)> <Delay = 5.25> <CoreInst = "FAddSub_fulldsp">   --->   Core 18 'FAddSub_fulldsp' <Latency = 3> <II = 1> <Delay = 6.43> <FuncUnit> <Opcode : 'fadd' 'fsub'> <InPorts = 2> <OutPorts = 1>
ST_82 : Operation 1083 [1/2] (0.67ns)   --->   "%p_ZZ5conv3PA255_A255_fPA32_A5_A5_fPfS1_E6w_tile_4_0_0_load = load i3 %p_ZZ5conv3PA255_A255_fPA32_A5_A5_fPfS1_E6w_tile_4_0_0_addr" [src/conv3.cpp:85]   --->   Operation 1083 'load' 'p_ZZ5conv3PA255_A255_fPA32_A5_A5_fPfS1_E6w_tile_4_0_0_load' <Predicate = (icmp_ln79)> <Delay = 0.67> <CoreInst = "RAM">   --->   Core 83 'RAM' <Latency = 1> <II = 1> <Delay = 0.67> <Storage> <Opcode : 'load' 'store'> <Ports = 2> <Width = 32> <Depth = 8> <RAM>
ST_82 : Operation 1084 [1/1] (0.57ns)   --->   "%tmp_119 = mux i32 @_ssdm_op_Mux.ap_auto.5float.i3, i32 %p_ZZ5conv3PA255_A255_fPA32_A5_A5_fPfS1_E7in_tile_0_0_0_load_20_read, i32 %p_ZZ5conv3PA255_A255_fPA32_A5_A5_fPfS1_E7in_tile_0_1_0_load_20_read, i32 %p_ZZ5conv3PA255_A255_fPA32_A5_A5_fPfS1_E7in_tile_0_2_0_load_20_read, i32 %p_ZZ5conv3PA255_A255_fPA32_A5_A5_fPfS1_E7in_tile_0_3_0_load_20_read, i32 %p_ZZ5conv3PA255_A255_fPA32_A5_A5_fPfS1_E7in_tile_0_4_0_load_20_read, i3 %trunc_ln_read" [src/conv3.cpp:86]   --->   Operation 1084 'mux' 'tmp_119' <Predicate = (icmp_ln79)> <Delay = 0.57> <CoreInst = "Multiplexer">   --->   Core 76 'Multiplexer' <Latency = 0> <II = 1> <Delay = 0.57> <FuncUnit> <Opcode : 'mux'> <InPorts = 2> <OutPorts = 1>
ST_82 : Operation 1085 [1/1] (0.57ns)   --->   "%tmp_120 = mux i32 @_ssdm_op_Mux.ap_auto.5float.i3, i32 %p_ZZ5conv3PA255_A255_fPA32_A5_A5_fPfS1_E7in_tile_1_0_0_load_20_read, i32 %p_ZZ5conv3PA255_A255_fPA32_A5_A5_fPfS1_E7in_tile_1_1_0_load_20_read, i32 %p_ZZ5conv3PA255_A255_fPA32_A5_A5_fPfS1_E7in_tile_1_2_0_load_20_read, i32 %p_ZZ5conv3PA255_A255_fPA32_A5_A5_fPfS1_E7in_tile_1_3_0_load_20_read, i32 %p_ZZ5conv3PA255_A255_fPA32_A5_A5_fPfS1_E7in_tile_1_4_0_load_20_read, i3 %trunc_ln_read" [src/conv3.cpp:86]   --->   Operation 1085 'mux' 'tmp_120' <Predicate = (icmp_ln79)> <Delay = 0.57> <CoreInst = "Multiplexer">   --->   Core 76 'Multiplexer' <Latency = 0> <II = 1> <Delay = 0.57> <FuncUnit> <Opcode : 'mux'> <InPorts = 2> <OutPorts = 1>
ST_82 : Operation 1086 [1/1] (0.57ns)   --->   "%tmp_121 = mux i32 @_ssdm_op_Mux.ap_auto.5float.i3, i32 %p_ZZ5conv3PA255_A255_fPA32_A5_A5_fPfS1_E7in_tile_2_0_0_load_20_read, i32 %p_ZZ5conv3PA255_A255_fPA32_A5_A5_fPfS1_E7in_tile_2_1_0_load_20_read, i32 %p_ZZ5conv3PA255_A255_fPA32_A5_A5_fPfS1_E7in_tile_2_2_0_load_20_read, i32 %p_ZZ5conv3PA255_A255_fPA32_A5_A5_fPfS1_E7in_tile_2_3_0_load_20_read, i32 %p_ZZ5conv3PA255_A255_fPA32_A5_A5_fPfS1_E7in_tile_2_4_0_load_20_read, i3 %trunc_ln_read" [src/conv3.cpp:86]   --->   Operation 1086 'mux' 'tmp_121' <Predicate = (icmp_ln79)> <Delay = 0.57> <CoreInst = "Multiplexer">   --->   Core 76 'Multiplexer' <Latency = 0> <II = 1> <Delay = 0.57> <FuncUnit> <Opcode : 'mux'> <InPorts = 2> <OutPorts = 1>
ST_82 : Operation 1087 [1/1] (0.57ns)   --->   "%tmp_122 = mux i32 @_ssdm_op_Mux.ap_auto.5float.i3, i32 %p_ZZ5conv3PA255_A255_fPA32_A5_A5_fPfS1_E7in_tile_3_0_0_load_20_read, i32 %p_ZZ5conv3PA255_A255_fPA32_A5_A5_fPfS1_E7in_tile_3_1_0_load_20_read, i32 %p_ZZ5conv3PA255_A255_fPA32_A5_A5_fPfS1_E7in_tile_3_2_0_load_20_read, i32 %p_ZZ5conv3PA255_A255_fPA32_A5_A5_fPfS1_E7in_tile_3_3_0_load_20_read, i32 %p_ZZ5conv3PA255_A255_fPA32_A5_A5_fPfS1_E7in_tile_3_4_0_load_20_read, i3 %trunc_ln_read" [src/conv3.cpp:86]   --->   Operation 1087 'mux' 'tmp_122' <Predicate = (icmp_ln79)> <Delay = 0.57> <CoreInst = "Multiplexer">   --->   Core 76 'Multiplexer' <Latency = 0> <II = 1> <Delay = 0.57> <FuncUnit> <Opcode : 'mux'> <InPorts = 2> <OutPorts = 1>
ST_82 : Operation 1088 [1/1] (0.57ns)   --->   "%tmp_123 = mux i32 @_ssdm_op_Mux.ap_auto.5float.i3, i32 %p_ZZ5conv3PA255_A255_fPA32_A5_A5_fPfS1_E7in_tile_4_0_0_load_20_read, i32 %p_ZZ5conv3PA255_A255_fPA32_A5_A5_fPfS1_E7in_tile_4_1_0_load_20_read, i32 %p_ZZ5conv3PA255_A255_fPA32_A5_A5_fPfS1_E7in_tile_4_2_0_load_20_read, i32 %p_ZZ5conv3PA255_A255_fPA32_A5_A5_fPfS1_E7in_tile_4_3_0_load_20_read, i32 %p_ZZ5conv3PA255_A255_fPA32_A5_A5_fPfS1_E7in_tile_4_4_0_load_20_read, i3 %trunc_ln_read" [src/conv3.cpp:86]   --->   Operation 1088 'mux' 'tmp_123' <Predicate = (icmp_ln79)> <Delay = 0.57> <CoreInst = "Multiplexer">   --->   Core 76 'Multiplexer' <Latency = 0> <II = 1> <Delay = 0.57> <FuncUnit> <Opcode : 'mux'> <InPorts = 2> <OutPorts = 1>
ST_82 : Operation 1089 [1/1] (0.57ns)   --->   "%tmp_124 = mux i32 @_ssdm_op_Mux.ap_auto.5float.i3, i32 %tmp_123, i32 %tmp_119, i32 %tmp_120, i32 %tmp_121, i32 %tmp_122, i3 %trunc_ln74_mid2_read" [src/conv3.cpp:86]   --->   Operation 1089 'mux' 'tmp_124' <Predicate = (icmp_ln79)> <Delay = 0.57> <CoreInst = "Multiplexer">   --->   Core 76 'Multiplexer' <Latency = 0> <II = 1> <Delay = 0.57> <FuncUnit> <Opcode : 'mux'> <InPorts = 2> <OutPorts = 1>

State 83 <SV = 82> <Delay = 7.01>
ST_83 : Operation 1090 [3/4] (6.43ns)   --->   "%acc_21 = fadd i32 %acc_20, i32 %mul_3_4" [src/conv3.cpp:85]   --->   Operation 1090 'fadd' 'acc_21' <Predicate = (icmp_ln79)> <Delay = 6.43> <CoreInst = "FAddSub_fulldsp">   --->   Core 18 'FAddSub_fulldsp' <Latency = 3> <II = 1> <Delay = 6.43> <FuncUnit> <Opcode : 'fadd' 'fsub'> <InPorts = 2> <OutPorts = 1>
ST_83 : [1/1] (1.18ns)   --->   Input mux for Operation 1091 '%mul_4 = fmul i32 %p_ZZ5conv3PA255_A255_fPA32_A5_A5_fPfS1_E6w_tile_4_0_0_load, i32 %tmp_124'
ST_83 : Operation 1091 [3/3] (5.83ns)   --->   "%mul_4 = fmul i32 %p_ZZ5conv3PA255_A255_fPA32_A5_A5_fPfS1_E6w_tile_4_0_0_load, i32 %tmp_124" [src/conv3.cpp:85]   --->   Operation 1091 'fmul' 'mul_4' <Predicate = (icmp_ln79)> <Delay = 5.83> <CoreInst = "FMul_maxdsp">   --->   Core 30 'FMul_maxdsp' <Latency = 2> <II = 1> <Delay = 7.01> <FuncUnit> <Opcode : 'fmul'> <InPorts = 2> <OutPorts = 1>

State 84 <SV = 83> <Delay = 7.01>
ST_84 : Operation 1092 [2/4] (6.43ns)   --->   "%acc_21 = fadd i32 %acc_20, i32 %mul_3_4" [src/conv3.cpp:85]   --->   Operation 1092 'fadd' 'acc_21' <Predicate = (icmp_ln79)> <Delay = 6.43> <CoreInst = "FAddSub_fulldsp">   --->   Core 18 'FAddSub_fulldsp' <Latency = 3> <II = 1> <Delay = 6.43> <FuncUnit> <Opcode : 'fadd' 'fsub'> <InPorts = 2> <OutPorts = 1>
ST_84 : Operation 1093 [2/3] (7.01ns)   --->   "%mul_4 = fmul i32 %p_ZZ5conv3PA255_A255_fPA32_A5_A5_fPfS1_E6w_tile_4_0_0_load, i32 %tmp_124" [src/conv3.cpp:85]   --->   Operation 1093 'fmul' 'mul_4' <Predicate = (icmp_ln79)> <Delay = 7.01> <CoreInst = "FMul_maxdsp">   --->   Core 30 'FMul_maxdsp' <Latency = 2> <II = 1> <Delay = 7.01> <FuncUnit> <Opcode : 'fmul'> <InPorts = 2> <OutPorts = 1>

State 85 <SV = 84> <Delay = 7.01>
ST_85 : Operation 1094 [1/4] (6.43ns)   --->   "%acc_21 = fadd i32 %acc_20, i32 %mul_3_4" [src/conv3.cpp:85]   --->   Operation 1094 'fadd' 'acc_21' <Predicate = (icmp_ln79)> <Delay = 6.43> <CoreInst = "FAddSub_fulldsp">   --->   Core 18 'FAddSub_fulldsp' <Latency = 3> <II = 1> <Delay = 6.43> <FuncUnit> <Opcode : 'fadd' 'fsub'> <InPorts = 2> <OutPorts = 1>
ST_85 : Operation 1095 [1/3] (7.01ns)   --->   "%mul_4 = fmul i32 %p_ZZ5conv3PA255_A255_fPA32_A5_A5_fPfS1_E6w_tile_4_0_0_load, i32 %tmp_124" [src/conv3.cpp:85]   --->   Operation 1095 'fmul' 'mul_4' <Predicate = (icmp_ln79)> <Delay = 7.01> <CoreInst = "FMul_maxdsp">   --->   Core 30 'FMul_maxdsp' <Latency = 2> <II = 1> <Delay = 7.01> <FuncUnit> <Opcode : 'fmul'> <InPorts = 2> <OutPorts = 1>
ST_85 : Operation 1096 [1/1] (0.00ns)   --->   "%p_ZZ5conv3PA255_A255_fPA32_A5_A5_fPfS1_E6w_tile_4_1_0_addr = getelementptr i32 %p_ZZ5conv3PA255_A255_fPA32_A5_A5_fPfS1_E6w_tile_4_1_0, i64 0, i64 %zext_ln77" [src/conv3.cpp:85]   --->   Operation 1096 'getelementptr' 'p_ZZ5conv3PA255_A255_fPA32_A5_A5_fPfS1_E6w_tile_4_1_0_addr' <Predicate = (icmp_ln79)> <Delay = 0.00>
ST_85 : Operation 1097 [2/2] (0.67ns)   --->   "%p_ZZ5conv3PA255_A255_fPA32_A5_A5_fPfS1_E6w_tile_4_1_0_load = load i3 %p_ZZ5conv3PA255_A255_fPA32_A5_A5_fPfS1_E6w_tile_4_1_0_addr" [src/conv3.cpp:85]   --->   Operation 1097 'load' 'p_ZZ5conv3PA255_A255_fPA32_A5_A5_fPfS1_E6w_tile_4_1_0_load' <Predicate = (icmp_ln79)> <Delay = 0.67> <CoreInst = "RAM">   --->   Core 83 'RAM' <Latency = 1> <II = 1> <Delay = 0.67> <Storage> <Opcode : 'load' 'store'> <Ports = 2> <Width = 32> <Depth = 8> <RAM>

State 86 <SV = 85> <Delay = 6.43>
ST_86 : [1/1] (1.18ns)   --->   Input mux for Operation 1098 '%acc_22 = fadd i32 %acc_21, i32 %mul_4'
ST_86 : Operation 1098 [4/4] (5.25ns)   --->   "%acc_22 = fadd i32 %acc_21, i32 %mul_4" [src/conv3.cpp:85]   --->   Operation 1098 'fadd' 'acc_22' <Predicate = (icmp_ln79)> <Delay = 5.25> <CoreInst = "FAddSub_fulldsp">   --->   Core 18 'FAddSub_fulldsp' <Latency = 3> <II = 1> <Delay = 6.43> <FuncUnit> <Opcode : 'fadd' 'fsub'> <InPorts = 2> <OutPorts = 1>
ST_86 : Operation 1099 [1/2] (0.67ns)   --->   "%p_ZZ5conv3PA255_A255_fPA32_A5_A5_fPfS1_E6w_tile_4_1_0_load = load i3 %p_ZZ5conv3PA255_A255_fPA32_A5_A5_fPfS1_E6w_tile_4_1_0_addr" [src/conv3.cpp:85]   --->   Operation 1099 'load' 'p_ZZ5conv3PA255_A255_fPA32_A5_A5_fPfS1_E6w_tile_4_1_0_load' <Predicate = (icmp_ln79)> <Delay = 0.67> <CoreInst = "RAM">   --->   Core 83 'RAM' <Latency = 1> <II = 1> <Delay = 0.67> <Storage> <Opcode : 'load' 'store'> <Ports = 2> <Width = 32> <Depth = 8> <RAM>
ST_86 : Operation 1100 [1/1] (0.57ns)   --->   "%tmp_125 = mux i32 @_ssdm_op_Mux.ap_auto.5float.i3, i32 %p_ZZ5conv3PA255_A255_fPA32_A5_A5_fPfS1_E7in_tile_0_1_0_load_21_read, i32 %p_ZZ5conv3PA255_A255_fPA32_A5_A5_fPfS1_E7in_tile_0_2_0_load_21_read, i32 %p_ZZ5conv3PA255_A255_fPA32_A5_A5_fPfS1_E7in_tile_0_3_0_load_21_read, i32 %p_ZZ5conv3PA255_A255_fPA32_A5_A5_fPfS1_E7in_tile_0_4_0_load_21_read, i32 %p_ZZ5conv3PA255_A255_fPA32_A5_A5_fPfS1_E7in_tile_0_0_0_load_21_read, i3 %trunc_ln_read" [src/conv3.cpp:86]   --->   Operation 1100 'mux' 'tmp_125' <Predicate = (icmp_ln79)> <Delay = 0.57> <CoreInst = "Multiplexer">   --->   Core 76 'Multiplexer' <Latency = 0> <II = 1> <Delay = 0.57> <FuncUnit> <Opcode : 'mux'> <InPorts = 2> <OutPorts = 1>
ST_86 : Operation 1101 [1/1] (0.57ns)   --->   "%tmp_126 = mux i32 @_ssdm_op_Mux.ap_auto.5float.i3, i32 %p_ZZ5conv3PA255_A255_fPA32_A5_A5_fPfS1_E7in_tile_1_1_0_load_21_read, i32 %p_ZZ5conv3PA255_A255_fPA32_A5_A5_fPfS1_E7in_tile_1_2_0_load_21_read, i32 %p_ZZ5conv3PA255_A255_fPA32_A5_A5_fPfS1_E7in_tile_1_3_0_load_21_read, i32 %p_ZZ5conv3PA255_A255_fPA32_A5_A5_fPfS1_E7in_tile_1_4_0_load_21_read, i32 %p_ZZ5conv3PA255_A255_fPA32_A5_A5_fPfS1_E7in_tile_1_0_0_load_21_read, i3 %trunc_ln_read" [src/conv3.cpp:86]   --->   Operation 1101 'mux' 'tmp_126' <Predicate = (icmp_ln79)> <Delay = 0.57> <CoreInst = "Multiplexer">   --->   Core 76 'Multiplexer' <Latency = 0> <II = 1> <Delay = 0.57> <FuncUnit> <Opcode : 'mux'> <InPorts = 2> <OutPorts = 1>
ST_86 : Operation 1102 [1/1] (0.57ns)   --->   "%tmp_127 = mux i32 @_ssdm_op_Mux.ap_auto.5float.i3, i32 %p_ZZ5conv3PA255_A255_fPA32_A5_A5_fPfS1_E7in_tile_2_1_0_load_21_read, i32 %p_ZZ5conv3PA255_A255_fPA32_A5_A5_fPfS1_E7in_tile_2_2_0_load_21_read, i32 %p_ZZ5conv3PA255_A255_fPA32_A5_A5_fPfS1_E7in_tile_2_3_0_load_21_read, i32 %p_ZZ5conv3PA255_A255_fPA32_A5_A5_fPfS1_E7in_tile_2_4_0_load_21_read, i32 %p_ZZ5conv3PA255_A255_fPA32_A5_A5_fPfS1_E7in_tile_2_0_0_load_21_read, i3 %trunc_ln_read" [src/conv3.cpp:86]   --->   Operation 1102 'mux' 'tmp_127' <Predicate = (icmp_ln79)> <Delay = 0.57> <CoreInst = "Multiplexer">   --->   Core 76 'Multiplexer' <Latency = 0> <II = 1> <Delay = 0.57> <FuncUnit> <Opcode : 'mux'> <InPorts = 2> <OutPorts = 1>
ST_86 : Operation 1103 [1/1] (0.57ns)   --->   "%tmp_128 = mux i32 @_ssdm_op_Mux.ap_auto.5float.i3, i32 %p_ZZ5conv3PA255_A255_fPA32_A5_A5_fPfS1_E7in_tile_3_1_0_load_21_read, i32 %p_ZZ5conv3PA255_A255_fPA32_A5_A5_fPfS1_E7in_tile_3_2_0_load_21_read, i32 %p_ZZ5conv3PA255_A255_fPA32_A5_A5_fPfS1_E7in_tile_3_3_0_load_21_read, i32 %p_ZZ5conv3PA255_A255_fPA32_A5_A5_fPfS1_E7in_tile_3_4_0_load_21_read, i32 %p_ZZ5conv3PA255_A255_fPA32_A5_A5_fPfS1_E7in_tile_3_0_0_load_21_read, i3 %trunc_ln_read" [src/conv3.cpp:86]   --->   Operation 1103 'mux' 'tmp_128' <Predicate = (icmp_ln79)> <Delay = 0.57> <CoreInst = "Multiplexer">   --->   Core 76 'Multiplexer' <Latency = 0> <II = 1> <Delay = 0.57> <FuncUnit> <Opcode : 'mux'> <InPorts = 2> <OutPorts = 1>
ST_86 : Operation 1104 [1/1] (0.57ns)   --->   "%tmp_129 = mux i32 @_ssdm_op_Mux.ap_auto.5float.i3, i32 %p_ZZ5conv3PA255_A255_fPA32_A5_A5_fPfS1_E7in_tile_4_1_0_load_21_read, i32 %p_ZZ5conv3PA255_A255_fPA32_A5_A5_fPfS1_E7in_tile_4_2_0_load_21_read, i32 %p_ZZ5conv3PA255_A255_fPA32_A5_A5_fPfS1_E7in_tile_4_3_0_load_21_read, i32 %p_ZZ5conv3PA255_A255_fPA32_A5_A5_fPfS1_E7in_tile_4_4_0_load_21_read, i32 %p_ZZ5conv3PA255_A255_fPA32_A5_A5_fPfS1_E7in_tile_4_0_0_load_21_read, i3 %trunc_ln_read" [src/conv3.cpp:86]   --->   Operation 1104 'mux' 'tmp_129' <Predicate = (icmp_ln79)> <Delay = 0.57> <CoreInst = "Multiplexer">   --->   Core 76 'Multiplexer' <Latency = 0> <II = 1> <Delay = 0.57> <FuncUnit> <Opcode : 'mux'> <InPorts = 2> <OutPorts = 1>
ST_86 : Operation 1105 [1/1] (0.57ns)   --->   "%tmp_130 = mux i32 @_ssdm_op_Mux.ap_auto.5float.i3, i32 %tmp_129, i32 %tmp_125, i32 %tmp_126, i32 %tmp_127, i32 %tmp_128, i3 %trunc_ln74_mid2_read" [src/conv3.cpp:86]   --->   Operation 1105 'mux' 'tmp_130' <Predicate = (icmp_ln79)> <Delay = 0.57> <CoreInst = "Multiplexer">   --->   Core 76 'Multiplexer' <Latency = 0> <II = 1> <Delay = 0.57> <FuncUnit> <Opcode : 'mux'> <InPorts = 2> <OutPorts = 1>

State 87 <SV = 86> <Delay = 7.01>
ST_87 : Operation 1106 [3/4] (6.43ns)   --->   "%acc_22 = fadd i32 %acc_21, i32 %mul_4" [src/conv3.cpp:85]   --->   Operation 1106 'fadd' 'acc_22' <Predicate = (icmp_ln79)> <Delay = 6.43> <CoreInst = "FAddSub_fulldsp">   --->   Core 18 'FAddSub_fulldsp' <Latency = 3> <II = 1> <Delay = 6.43> <FuncUnit> <Opcode : 'fadd' 'fsub'> <InPorts = 2> <OutPorts = 1>
ST_87 : [1/1] (1.18ns)   --->   Input mux for Operation 1107 '%mul_4_1 = fmul i32 %p_ZZ5conv3PA255_A255_fPA32_A5_A5_fPfS1_E6w_tile_4_1_0_load, i32 %tmp_130'
ST_87 : Operation 1107 [3/3] (5.83ns)   --->   "%mul_4_1 = fmul i32 %p_ZZ5conv3PA255_A255_fPA32_A5_A5_fPfS1_E6w_tile_4_1_0_load, i32 %tmp_130" [src/conv3.cpp:85]   --->   Operation 1107 'fmul' 'mul_4_1' <Predicate = (icmp_ln79)> <Delay = 5.83> <CoreInst = "FMul_maxdsp">   --->   Core 30 'FMul_maxdsp' <Latency = 2> <II = 1> <Delay = 7.01> <FuncUnit> <Opcode : 'fmul'> <InPorts = 2> <OutPorts = 1>

State 88 <SV = 87> <Delay = 7.01>
ST_88 : Operation 1108 [2/4] (6.43ns)   --->   "%acc_22 = fadd i32 %acc_21, i32 %mul_4" [src/conv3.cpp:85]   --->   Operation 1108 'fadd' 'acc_22' <Predicate = (icmp_ln79)> <Delay = 6.43> <CoreInst = "FAddSub_fulldsp">   --->   Core 18 'FAddSub_fulldsp' <Latency = 3> <II = 1> <Delay = 6.43> <FuncUnit> <Opcode : 'fadd' 'fsub'> <InPorts = 2> <OutPorts = 1>
ST_88 : Operation 1109 [2/3] (7.01ns)   --->   "%mul_4_1 = fmul i32 %p_ZZ5conv3PA255_A255_fPA32_A5_A5_fPfS1_E6w_tile_4_1_0_load, i32 %tmp_130" [src/conv3.cpp:85]   --->   Operation 1109 'fmul' 'mul_4_1' <Predicate = (icmp_ln79)> <Delay = 7.01> <CoreInst = "FMul_maxdsp">   --->   Core 30 'FMul_maxdsp' <Latency = 2> <II = 1> <Delay = 7.01> <FuncUnit> <Opcode : 'fmul'> <InPorts = 2> <OutPorts = 1>

State 89 <SV = 88> <Delay = 7.01>
ST_89 : Operation 1110 [1/4] (6.43ns)   --->   "%acc_22 = fadd i32 %acc_21, i32 %mul_4" [src/conv3.cpp:85]   --->   Operation 1110 'fadd' 'acc_22' <Predicate = (icmp_ln79)> <Delay = 6.43> <CoreInst = "FAddSub_fulldsp">   --->   Core 18 'FAddSub_fulldsp' <Latency = 3> <II = 1> <Delay = 6.43> <FuncUnit> <Opcode : 'fadd' 'fsub'> <InPorts = 2> <OutPorts = 1>
ST_89 : Operation 1111 [1/3] (7.01ns)   --->   "%mul_4_1 = fmul i32 %p_ZZ5conv3PA255_A255_fPA32_A5_A5_fPfS1_E6w_tile_4_1_0_load, i32 %tmp_130" [src/conv3.cpp:85]   --->   Operation 1111 'fmul' 'mul_4_1' <Predicate = (icmp_ln79)> <Delay = 7.01> <CoreInst = "FMul_maxdsp">   --->   Core 30 'FMul_maxdsp' <Latency = 2> <II = 1> <Delay = 7.01> <FuncUnit> <Opcode : 'fmul'> <InPorts = 2> <OutPorts = 1>
ST_89 : Operation 1112 [1/1] (0.00ns)   --->   "%p_ZZ5conv3PA255_A255_fPA32_A5_A5_fPfS1_E6w_tile_4_2_0_addr = getelementptr i32 %p_ZZ5conv3PA255_A255_fPA32_A5_A5_fPfS1_E6w_tile_4_2_0, i64 0, i64 %zext_ln77" [src/conv3.cpp:85]   --->   Operation 1112 'getelementptr' 'p_ZZ5conv3PA255_A255_fPA32_A5_A5_fPfS1_E6w_tile_4_2_0_addr' <Predicate = (icmp_ln79)> <Delay = 0.00>
ST_89 : Operation 1113 [2/2] (0.67ns)   --->   "%p_ZZ5conv3PA255_A255_fPA32_A5_A5_fPfS1_E6w_tile_4_2_0_load = load i3 %p_ZZ5conv3PA255_A255_fPA32_A5_A5_fPfS1_E6w_tile_4_2_0_addr" [src/conv3.cpp:85]   --->   Operation 1113 'load' 'p_ZZ5conv3PA255_A255_fPA32_A5_A5_fPfS1_E6w_tile_4_2_0_load' <Predicate = (icmp_ln79)> <Delay = 0.67> <CoreInst = "RAM">   --->   Core 83 'RAM' <Latency = 1> <II = 1> <Delay = 0.67> <Storage> <Opcode : 'load' 'store'> <Ports = 2> <Width = 32> <Depth = 8> <RAM>

State 90 <SV = 89> <Delay = 6.43>
ST_90 : [1/1] (1.18ns)   --->   Input mux for Operation 1114 '%acc_23 = fadd i32 %acc_22, i32 %mul_4_1'
ST_90 : Operation 1114 [4/4] (5.25ns)   --->   "%acc_23 = fadd i32 %acc_22, i32 %mul_4_1" [src/conv3.cpp:85]   --->   Operation 1114 'fadd' 'acc_23' <Predicate = (icmp_ln79)> <Delay = 5.25> <CoreInst = "FAddSub_fulldsp">   --->   Core 18 'FAddSub_fulldsp' <Latency = 3> <II = 1> <Delay = 6.43> <FuncUnit> <Opcode : 'fadd' 'fsub'> <InPorts = 2> <OutPorts = 1>
ST_90 : Operation 1115 [1/2] (0.67ns)   --->   "%p_ZZ5conv3PA255_A255_fPA32_A5_A5_fPfS1_E6w_tile_4_2_0_load = load i3 %p_ZZ5conv3PA255_A255_fPA32_A5_A5_fPfS1_E6w_tile_4_2_0_addr" [src/conv3.cpp:85]   --->   Operation 1115 'load' 'p_ZZ5conv3PA255_A255_fPA32_A5_A5_fPfS1_E6w_tile_4_2_0_load' <Predicate = (icmp_ln79)> <Delay = 0.67> <CoreInst = "RAM">   --->   Core 83 'RAM' <Latency = 1> <II = 1> <Delay = 0.67> <Storage> <Opcode : 'load' 'store'> <Ports = 2> <Width = 32> <Depth = 8> <RAM>
ST_90 : Operation 1116 [1/1] (0.57ns)   --->   "%tmp_131 = mux i32 @_ssdm_op_Mux.ap_auto.5float.i3, i32 %p_ZZ5conv3PA255_A255_fPA32_A5_A5_fPfS1_E7in_tile_0_2_0_load_22_read, i32 %p_ZZ5conv3PA255_A255_fPA32_A5_A5_fPfS1_E7in_tile_0_3_0_load_22_read, i32 %p_ZZ5conv3PA255_A255_fPA32_A5_A5_fPfS1_E7in_tile_0_4_0_load_22_read, i32 %p_ZZ5conv3PA255_A255_fPA32_A5_A5_fPfS1_E7in_tile_0_0_0_load_22_read, i32 %p_ZZ5conv3PA255_A255_fPA32_A5_A5_fPfS1_E7in_tile_0_1_0_load_22_read, i3 %trunc_ln_read" [src/conv3.cpp:86]   --->   Operation 1116 'mux' 'tmp_131' <Predicate = (icmp_ln79)> <Delay = 0.57> <CoreInst = "Multiplexer">   --->   Core 76 'Multiplexer' <Latency = 0> <II = 1> <Delay = 0.57> <FuncUnit> <Opcode : 'mux'> <InPorts = 2> <OutPorts = 1>
ST_90 : Operation 1117 [1/1] (0.57ns)   --->   "%tmp_132 = mux i32 @_ssdm_op_Mux.ap_auto.5float.i3, i32 %p_ZZ5conv3PA255_A255_fPA32_A5_A5_fPfS1_E7in_tile_1_2_0_load_22_read, i32 %p_ZZ5conv3PA255_A255_fPA32_A5_A5_fPfS1_E7in_tile_1_3_0_load_22_read, i32 %p_ZZ5conv3PA255_A255_fPA32_A5_A5_fPfS1_E7in_tile_1_4_0_load_22_read, i32 %p_ZZ5conv3PA255_A255_fPA32_A5_A5_fPfS1_E7in_tile_1_0_0_load_22_read, i32 %p_ZZ5conv3PA255_A255_fPA32_A5_A5_fPfS1_E7in_tile_1_1_0_load_22_read, i3 %trunc_ln_read" [src/conv3.cpp:86]   --->   Operation 1117 'mux' 'tmp_132' <Predicate = (icmp_ln79)> <Delay = 0.57> <CoreInst = "Multiplexer">   --->   Core 76 'Multiplexer' <Latency = 0> <II = 1> <Delay = 0.57> <FuncUnit> <Opcode : 'mux'> <InPorts = 2> <OutPorts = 1>
ST_90 : Operation 1118 [1/1] (0.57ns)   --->   "%tmp_133 = mux i32 @_ssdm_op_Mux.ap_auto.5float.i3, i32 %p_ZZ5conv3PA255_A255_fPA32_A5_A5_fPfS1_E7in_tile_2_2_0_load_22_read, i32 %p_ZZ5conv3PA255_A255_fPA32_A5_A5_fPfS1_E7in_tile_2_3_0_load_22_read, i32 %p_ZZ5conv3PA255_A255_fPA32_A5_A5_fPfS1_E7in_tile_2_4_0_load_22_read, i32 %p_ZZ5conv3PA255_A255_fPA32_A5_A5_fPfS1_E7in_tile_2_0_0_load_22_read, i32 %p_ZZ5conv3PA255_A255_fPA32_A5_A5_fPfS1_E7in_tile_2_1_0_load_22_read, i3 %trunc_ln_read" [src/conv3.cpp:86]   --->   Operation 1118 'mux' 'tmp_133' <Predicate = (icmp_ln79)> <Delay = 0.57> <CoreInst = "Multiplexer">   --->   Core 76 'Multiplexer' <Latency = 0> <II = 1> <Delay = 0.57> <FuncUnit> <Opcode : 'mux'> <InPorts = 2> <OutPorts = 1>
ST_90 : Operation 1119 [1/1] (0.57ns)   --->   "%tmp_134 = mux i32 @_ssdm_op_Mux.ap_auto.5float.i3, i32 %p_ZZ5conv3PA255_A255_fPA32_A5_A5_fPfS1_E7in_tile_3_2_0_load_22_read, i32 %p_ZZ5conv3PA255_A255_fPA32_A5_A5_fPfS1_E7in_tile_3_3_0_load_22_read, i32 %p_ZZ5conv3PA255_A255_fPA32_A5_A5_fPfS1_E7in_tile_3_4_0_load_22_read, i32 %p_ZZ5conv3PA255_A255_fPA32_A5_A5_fPfS1_E7in_tile_3_0_0_load_22_read, i32 %p_ZZ5conv3PA255_A255_fPA32_A5_A5_fPfS1_E7in_tile_3_1_0_load_22_read, i3 %trunc_ln_read" [src/conv3.cpp:86]   --->   Operation 1119 'mux' 'tmp_134' <Predicate = (icmp_ln79)> <Delay = 0.57> <CoreInst = "Multiplexer">   --->   Core 76 'Multiplexer' <Latency = 0> <II = 1> <Delay = 0.57> <FuncUnit> <Opcode : 'mux'> <InPorts = 2> <OutPorts = 1>
ST_90 : Operation 1120 [1/1] (0.57ns)   --->   "%tmp_135 = mux i32 @_ssdm_op_Mux.ap_auto.5float.i3, i32 %p_ZZ5conv3PA255_A255_fPA32_A5_A5_fPfS1_E7in_tile_4_2_0_load_22_read, i32 %p_ZZ5conv3PA255_A255_fPA32_A5_A5_fPfS1_E7in_tile_4_3_0_load_22_read, i32 %p_ZZ5conv3PA255_A255_fPA32_A5_A5_fPfS1_E7in_tile_4_4_0_load_22_read, i32 %p_ZZ5conv3PA255_A255_fPA32_A5_A5_fPfS1_E7in_tile_4_0_0_load_22_read, i32 %p_ZZ5conv3PA255_A255_fPA32_A5_A5_fPfS1_E7in_tile_4_1_0_load_22_read, i3 %trunc_ln_read" [src/conv3.cpp:86]   --->   Operation 1120 'mux' 'tmp_135' <Predicate = (icmp_ln79)> <Delay = 0.57> <CoreInst = "Multiplexer">   --->   Core 76 'Multiplexer' <Latency = 0> <II = 1> <Delay = 0.57> <FuncUnit> <Opcode : 'mux'> <InPorts = 2> <OutPorts = 1>
ST_90 : Operation 1121 [1/1] (0.57ns)   --->   "%tmp_136 = mux i32 @_ssdm_op_Mux.ap_auto.5float.i3, i32 %tmp_135, i32 %tmp_131, i32 %tmp_132, i32 %tmp_133, i32 %tmp_134, i3 %trunc_ln74_mid2_read" [src/conv3.cpp:86]   --->   Operation 1121 'mux' 'tmp_136' <Predicate = (icmp_ln79)> <Delay = 0.57> <CoreInst = "Multiplexer">   --->   Core 76 'Multiplexer' <Latency = 0> <II = 1> <Delay = 0.57> <FuncUnit> <Opcode : 'mux'> <InPorts = 2> <OutPorts = 1>

State 91 <SV = 90> <Delay = 7.01>
ST_91 : Operation 1122 [3/4] (6.43ns)   --->   "%acc_23 = fadd i32 %acc_22, i32 %mul_4_1" [src/conv3.cpp:85]   --->   Operation 1122 'fadd' 'acc_23' <Predicate = (icmp_ln79)> <Delay = 6.43> <CoreInst = "FAddSub_fulldsp">   --->   Core 18 'FAddSub_fulldsp' <Latency = 3> <II = 1> <Delay = 6.43> <FuncUnit> <Opcode : 'fadd' 'fsub'> <InPorts = 2> <OutPorts = 1>
ST_91 : [1/1] (1.18ns)   --->   Input mux for Operation 1123 '%mul_4_2 = fmul i32 %p_ZZ5conv3PA255_A255_fPA32_A5_A5_fPfS1_E6w_tile_4_2_0_load, i32 %tmp_136'
ST_91 : Operation 1123 [3/3] (5.83ns)   --->   "%mul_4_2 = fmul i32 %p_ZZ5conv3PA255_A255_fPA32_A5_A5_fPfS1_E6w_tile_4_2_0_load, i32 %tmp_136" [src/conv3.cpp:85]   --->   Operation 1123 'fmul' 'mul_4_2' <Predicate = (icmp_ln79)> <Delay = 5.83> <CoreInst = "FMul_maxdsp">   --->   Core 30 'FMul_maxdsp' <Latency = 2> <II = 1> <Delay = 7.01> <FuncUnit> <Opcode : 'fmul'> <InPorts = 2> <OutPorts = 1>

State 92 <SV = 91> <Delay = 7.01>
ST_92 : Operation 1124 [2/4] (6.43ns)   --->   "%acc_23 = fadd i32 %acc_22, i32 %mul_4_1" [src/conv3.cpp:85]   --->   Operation 1124 'fadd' 'acc_23' <Predicate = (icmp_ln79)> <Delay = 6.43> <CoreInst = "FAddSub_fulldsp">   --->   Core 18 'FAddSub_fulldsp' <Latency = 3> <II = 1> <Delay = 6.43> <FuncUnit> <Opcode : 'fadd' 'fsub'> <InPorts = 2> <OutPorts = 1>
ST_92 : Operation 1125 [2/3] (7.01ns)   --->   "%mul_4_2 = fmul i32 %p_ZZ5conv3PA255_A255_fPA32_A5_A5_fPfS1_E6w_tile_4_2_0_load, i32 %tmp_136" [src/conv3.cpp:85]   --->   Operation 1125 'fmul' 'mul_4_2' <Predicate = (icmp_ln79)> <Delay = 7.01> <CoreInst = "FMul_maxdsp">   --->   Core 30 'FMul_maxdsp' <Latency = 2> <II = 1> <Delay = 7.01> <FuncUnit> <Opcode : 'fmul'> <InPorts = 2> <OutPorts = 1>

State 93 <SV = 92> <Delay = 7.01>
ST_93 : Operation 1126 [1/4] (6.43ns)   --->   "%acc_23 = fadd i32 %acc_22, i32 %mul_4_1" [src/conv3.cpp:85]   --->   Operation 1126 'fadd' 'acc_23' <Predicate = (icmp_ln79)> <Delay = 6.43> <CoreInst = "FAddSub_fulldsp">   --->   Core 18 'FAddSub_fulldsp' <Latency = 3> <II = 1> <Delay = 6.43> <FuncUnit> <Opcode : 'fadd' 'fsub'> <InPorts = 2> <OutPorts = 1>
ST_93 : Operation 1127 [1/3] (7.01ns)   --->   "%mul_4_2 = fmul i32 %p_ZZ5conv3PA255_A255_fPA32_A5_A5_fPfS1_E6w_tile_4_2_0_load, i32 %tmp_136" [src/conv3.cpp:85]   --->   Operation 1127 'fmul' 'mul_4_2' <Predicate = (icmp_ln79)> <Delay = 7.01> <CoreInst = "FMul_maxdsp">   --->   Core 30 'FMul_maxdsp' <Latency = 2> <II = 1> <Delay = 7.01> <FuncUnit> <Opcode : 'fmul'> <InPorts = 2> <OutPorts = 1>
ST_93 : Operation 1128 [1/1] (0.00ns)   --->   "%p_ZZ5conv3PA255_A255_fPA32_A5_A5_fPfS1_E6w_tile_4_3_0_addr = getelementptr i32 %p_ZZ5conv3PA255_A255_fPA32_A5_A5_fPfS1_E6w_tile_4_3_0, i64 0, i64 %zext_ln77" [src/conv3.cpp:85]   --->   Operation 1128 'getelementptr' 'p_ZZ5conv3PA255_A255_fPA32_A5_A5_fPfS1_E6w_tile_4_3_0_addr' <Predicate = (icmp_ln79)> <Delay = 0.00>
ST_93 : Operation 1129 [2/2] (0.67ns)   --->   "%p_ZZ5conv3PA255_A255_fPA32_A5_A5_fPfS1_E6w_tile_4_3_0_load = load i3 %p_ZZ5conv3PA255_A255_fPA32_A5_A5_fPfS1_E6w_tile_4_3_0_addr" [src/conv3.cpp:85]   --->   Operation 1129 'load' 'p_ZZ5conv3PA255_A255_fPA32_A5_A5_fPfS1_E6w_tile_4_3_0_load' <Predicate = (icmp_ln79)> <Delay = 0.67> <CoreInst = "RAM">   --->   Core 83 'RAM' <Latency = 1> <II = 1> <Delay = 0.67> <Storage> <Opcode : 'load' 'store'> <Ports = 2> <Width = 32> <Depth = 8> <RAM>

State 94 <SV = 93> <Delay = 6.43>
ST_94 : [1/1] (1.18ns)   --->   Input mux for Operation 1130 '%acc_24 = fadd i32 %acc_23, i32 %mul_4_2'
ST_94 : Operation 1130 [4/4] (5.25ns)   --->   "%acc_24 = fadd i32 %acc_23, i32 %mul_4_2" [src/conv3.cpp:85]   --->   Operation 1130 'fadd' 'acc_24' <Predicate = (icmp_ln79)> <Delay = 5.25> <CoreInst = "FAddSub_fulldsp">   --->   Core 18 'FAddSub_fulldsp' <Latency = 3> <II = 1> <Delay = 6.43> <FuncUnit> <Opcode : 'fadd' 'fsub'> <InPorts = 2> <OutPorts = 1>
ST_94 : Operation 1131 [1/2] (0.67ns)   --->   "%p_ZZ5conv3PA255_A255_fPA32_A5_A5_fPfS1_E6w_tile_4_3_0_load = load i3 %p_ZZ5conv3PA255_A255_fPA32_A5_A5_fPfS1_E6w_tile_4_3_0_addr" [src/conv3.cpp:85]   --->   Operation 1131 'load' 'p_ZZ5conv3PA255_A255_fPA32_A5_A5_fPfS1_E6w_tile_4_3_0_load' <Predicate = (icmp_ln79)> <Delay = 0.67> <CoreInst = "RAM">   --->   Core 83 'RAM' <Latency = 1> <II = 1> <Delay = 0.67> <Storage> <Opcode : 'load' 'store'> <Ports = 2> <Width = 32> <Depth = 8> <RAM>
ST_94 : Operation 1132 [1/1] (0.57ns)   --->   "%tmp_137 = mux i32 @_ssdm_op_Mux.ap_auto.5float.i3, i32 %p_ZZ5conv3PA255_A255_fPA32_A5_A5_fPfS1_E7in_tile_0_3_0_load_23_read, i32 %p_ZZ5conv3PA255_A255_fPA32_A5_A5_fPfS1_E7in_tile_0_4_0_load_23_read, i32 %p_ZZ5conv3PA255_A255_fPA32_A5_A5_fPfS1_E7in_tile_0_0_0_load_23_read, i32 %p_ZZ5conv3PA255_A255_fPA32_A5_A5_fPfS1_E7in_tile_0_1_0_load_23_read, i32 %p_ZZ5conv3PA255_A255_fPA32_A5_A5_fPfS1_E7in_tile_0_2_0_load_23_read, i3 %trunc_ln_read" [src/conv3.cpp:86]   --->   Operation 1132 'mux' 'tmp_137' <Predicate = (icmp_ln79)> <Delay = 0.57> <CoreInst = "Multiplexer">   --->   Core 76 'Multiplexer' <Latency = 0> <II = 1> <Delay = 0.57> <FuncUnit> <Opcode : 'mux'> <InPorts = 2> <OutPorts = 1>
ST_94 : Operation 1133 [1/1] (0.57ns)   --->   "%tmp_138 = mux i32 @_ssdm_op_Mux.ap_auto.5float.i3, i32 %p_ZZ5conv3PA255_A255_fPA32_A5_A5_fPfS1_E7in_tile_1_3_0_load_23_read, i32 %p_ZZ5conv3PA255_A255_fPA32_A5_A5_fPfS1_E7in_tile_1_4_0_load_23_read, i32 %p_ZZ5conv3PA255_A255_fPA32_A5_A5_fPfS1_E7in_tile_1_0_0_load_23_read, i32 %p_ZZ5conv3PA255_A255_fPA32_A5_A5_fPfS1_E7in_tile_1_1_0_load_23_read, i32 %p_ZZ5conv3PA255_A255_fPA32_A5_A5_fPfS1_E7in_tile_1_2_0_load_23_read, i3 %trunc_ln_read" [src/conv3.cpp:86]   --->   Operation 1133 'mux' 'tmp_138' <Predicate = (icmp_ln79)> <Delay = 0.57> <CoreInst = "Multiplexer">   --->   Core 76 'Multiplexer' <Latency = 0> <II = 1> <Delay = 0.57> <FuncUnit> <Opcode : 'mux'> <InPorts = 2> <OutPorts = 1>
ST_94 : Operation 1134 [1/1] (0.57ns)   --->   "%tmp_139 = mux i32 @_ssdm_op_Mux.ap_auto.5float.i3, i32 %p_ZZ5conv3PA255_A255_fPA32_A5_A5_fPfS1_E7in_tile_2_3_0_load_23_read, i32 %p_ZZ5conv3PA255_A255_fPA32_A5_A5_fPfS1_E7in_tile_2_4_0_load_23_read, i32 %p_ZZ5conv3PA255_A255_fPA32_A5_A5_fPfS1_E7in_tile_2_0_0_load_23_read, i32 %p_ZZ5conv3PA255_A255_fPA32_A5_A5_fPfS1_E7in_tile_2_1_0_load_23_read, i32 %p_ZZ5conv3PA255_A255_fPA32_A5_A5_fPfS1_E7in_tile_2_2_0_load_23_read, i3 %trunc_ln_read" [src/conv3.cpp:86]   --->   Operation 1134 'mux' 'tmp_139' <Predicate = (icmp_ln79)> <Delay = 0.57> <CoreInst = "Multiplexer">   --->   Core 76 'Multiplexer' <Latency = 0> <II = 1> <Delay = 0.57> <FuncUnit> <Opcode : 'mux'> <InPorts = 2> <OutPorts = 1>
ST_94 : Operation 1135 [1/1] (0.57ns)   --->   "%tmp_140 = mux i32 @_ssdm_op_Mux.ap_auto.5float.i3, i32 %p_ZZ5conv3PA255_A255_fPA32_A5_A5_fPfS1_E7in_tile_3_3_0_load_23_read, i32 %p_ZZ5conv3PA255_A255_fPA32_A5_A5_fPfS1_E7in_tile_3_4_0_load_23_read, i32 %p_ZZ5conv3PA255_A255_fPA32_A5_A5_fPfS1_E7in_tile_3_0_0_load_23_read, i32 %p_ZZ5conv3PA255_A255_fPA32_A5_A5_fPfS1_E7in_tile_3_1_0_load_23_read, i32 %p_ZZ5conv3PA255_A255_fPA32_A5_A5_fPfS1_E7in_tile_3_2_0_load_23_read, i3 %trunc_ln_read" [src/conv3.cpp:86]   --->   Operation 1135 'mux' 'tmp_140' <Predicate = (icmp_ln79)> <Delay = 0.57> <CoreInst = "Multiplexer">   --->   Core 76 'Multiplexer' <Latency = 0> <II = 1> <Delay = 0.57> <FuncUnit> <Opcode : 'mux'> <InPorts = 2> <OutPorts = 1>
ST_94 : Operation 1136 [1/1] (0.57ns)   --->   "%tmp_141 = mux i32 @_ssdm_op_Mux.ap_auto.5float.i3, i32 %p_ZZ5conv3PA255_A255_fPA32_A5_A5_fPfS1_E7in_tile_4_3_0_load_23_read, i32 %p_ZZ5conv3PA255_A255_fPA32_A5_A5_fPfS1_E7in_tile_4_4_0_load_23_read, i32 %p_ZZ5conv3PA255_A255_fPA32_A5_A5_fPfS1_E7in_tile_4_0_0_load_23_read, i32 %p_ZZ5conv3PA255_A255_fPA32_A5_A5_fPfS1_E7in_tile_4_1_0_load_23_read, i32 %p_ZZ5conv3PA255_A255_fPA32_A5_A5_fPfS1_E7in_tile_4_2_0_load_23_read, i3 %trunc_ln_read" [src/conv3.cpp:86]   --->   Operation 1136 'mux' 'tmp_141' <Predicate = (icmp_ln79)> <Delay = 0.57> <CoreInst = "Multiplexer">   --->   Core 76 'Multiplexer' <Latency = 0> <II = 1> <Delay = 0.57> <FuncUnit> <Opcode : 'mux'> <InPorts = 2> <OutPorts = 1>
ST_94 : Operation 1137 [1/1] (0.57ns)   --->   "%tmp_142 = mux i32 @_ssdm_op_Mux.ap_auto.5float.i3, i32 %tmp_141, i32 %tmp_137, i32 %tmp_138, i32 %tmp_139, i32 %tmp_140, i3 %trunc_ln74_mid2_read" [src/conv3.cpp:86]   --->   Operation 1137 'mux' 'tmp_142' <Predicate = (icmp_ln79)> <Delay = 0.57> <CoreInst = "Multiplexer">   --->   Core 76 'Multiplexer' <Latency = 0> <II = 1> <Delay = 0.57> <FuncUnit> <Opcode : 'mux'> <InPorts = 2> <OutPorts = 1>

State 95 <SV = 94> <Delay = 7.01>
ST_95 : Operation 1138 [3/4] (6.43ns)   --->   "%acc_24 = fadd i32 %acc_23, i32 %mul_4_2" [src/conv3.cpp:85]   --->   Operation 1138 'fadd' 'acc_24' <Predicate = (icmp_ln79)> <Delay = 6.43> <CoreInst = "FAddSub_fulldsp">   --->   Core 18 'FAddSub_fulldsp' <Latency = 3> <II = 1> <Delay = 6.43> <FuncUnit> <Opcode : 'fadd' 'fsub'> <InPorts = 2> <OutPorts = 1>
ST_95 : [1/1] (1.18ns)   --->   Input mux for Operation 1139 '%mul_4_3 = fmul i32 %p_ZZ5conv3PA255_A255_fPA32_A5_A5_fPfS1_E6w_tile_4_3_0_load, i32 %tmp_142'
ST_95 : Operation 1139 [3/3] (5.83ns)   --->   "%mul_4_3 = fmul i32 %p_ZZ5conv3PA255_A255_fPA32_A5_A5_fPfS1_E6w_tile_4_3_0_load, i32 %tmp_142" [src/conv3.cpp:85]   --->   Operation 1139 'fmul' 'mul_4_3' <Predicate = (icmp_ln79)> <Delay = 5.83> <CoreInst = "FMul_maxdsp">   --->   Core 30 'FMul_maxdsp' <Latency = 2> <II = 1> <Delay = 7.01> <FuncUnit> <Opcode : 'fmul'> <InPorts = 2> <OutPorts = 1>

State 96 <SV = 95> <Delay = 7.01>
ST_96 : Operation 1140 [2/4] (6.43ns)   --->   "%acc_24 = fadd i32 %acc_23, i32 %mul_4_2" [src/conv3.cpp:85]   --->   Operation 1140 'fadd' 'acc_24' <Predicate = (icmp_ln79)> <Delay = 6.43> <CoreInst = "FAddSub_fulldsp">   --->   Core 18 'FAddSub_fulldsp' <Latency = 3> <II = 1> <Delay = 6.43> <FuncUnit> <Opcode : 'fadd' 'fsub'> <InPorts = 2> <OutPorts = 1>
ST_96 : Operation 1141 [2/3] (7.01ns)   --->   "%mul_4_3 = fmul i32 %p_ZZ5conv3PA255_A255_fPA32_A5_A5_fPfS1_E6w_tile_4_3_0_load, i32 %tmp_142" [src/conv3.cpp:85]   --->   Operation 1141 'fmul' 'mul_4_3' <Predicate = (icmp_ln79)> <Delay = 7.01> <CoreInst = "FMul_maxdsp">   --->   Core 30 'FMul_maxdsp' <Latency = 2> <II = 1> <Delay = 7.01> <FuncUnit> <Opcode : 'fmul'> <InPorts = 2> <OutPorts = 1>

State 97 <SV = 96> <Delay = 7.01>
ST_97 : Operation 1142 [1/4] (6.43ns)   --->   "%acc_24 = fadd i32 %acc_23, i32 %mul_4_2" [src/conv3.cpp:85]   --->   Operation 1142 'fadd' 'acc_24' <Predicate = (icmp_ln79)> <Delay = 6.43> <CoreInst = "FAddSub_fulldsp">   --->   Core 18 'FAddSub_fulldsp' <Latency = 3> <II = 1> <Delay = 6.43> <FuncUnit> <Opcode : 'fadd' 'fsub'> <InPorts = 2> <OutPorts = 1>
ST_97 : Operation 1143 [1/3] (7.01ns)   --->   "%mul_4_3 = fmul i32 %p_ZZ5conv3PA255_A255_fPA32_A5_A5_fPfS1_E6w_tile_4_3_0_load, i32 %tmp_142" [src/conv3.cpp:85]   --->   Operation 1143 'fmul' 'mul_4_3' <Predicate = (icmp_ln79)> <Delay = 7.01> <CoreInst = "FMul_maxdsp">   --->   Core 30 'FMul_maxdsp' <Latency = 2> <II = 1> <Delay = 7.01> <FuncUnit> <Opcode : 'fmul'> <InPorts = 2> <OutPorts = 1>
ST_97 : Operation 1144 [1/1] (0.00ns)   --->   "%p_ZZ5conv3PA255_A255_fPA32_A5_A5_fPfS1_E6w_tile_4_4_0_addr = getelementptr i32 %p_ZZ5conv3PA255_A255_fPA32_A5_A5_fPfS1_E6w_tile_4_4_0, i64 0, i64 %zext_ln77" [src/conv3.cpp:85]   --->   Operation 1144 'getelementptr' 'p_ZZ5conv3PA255_A255_fPA32_A5_A5_fPfS1_E6w_tile_4_4_0_addr' <Predicate = (icmp_ln79)> <Delay = 0.00>
ST_97 : Operation 1145 [2/2] (0.67ns)   --->   "%p_ZZ5conv3PA255_A255_fPA32_A5_A5_fPfS1_E6w_tile_4_4_0_load = load i3 %p_ZZ5conv3PA255_A255_fPA32_A5_A5_fPfS1_E6w_tile_4_4_0_addr" [src/conv3.cpp:85]   --->   Operation 1145 'load' 'p_ZZ5conv3PA255_A255_fPA32_A5_A5_fPfS1_E6w_tile_4_4_0_load' <Predicate = (icmp_ln79)> <Delay = 0.67> <CoreInst = "RAM">   --->   Core 83 'RAM' <Latency = 1> <II = 1> <Delay = 0.67> <Storage> <Opcode : 'load' 'store'> <Ports = 2> <Width = 32> <Depth = 8> <RAM>

State 98 <SV = 97> <Delay = 6.43>
ST_98 : [1/1] (1.18ns)   --->   Input mux for Operation 1146 '%acc_25 = fadd i32 %acc_24, i32 %mul_4_3'
ST_98 : Operation 1146 [4/4] (5.25ns)   --->   "%acc_25 = fadd i32 %acc_24, i32 %mul_4_3" [src/conv3.cpp:85]   --->   Operation 1146 'fadd' 'acc_25' <Predicate = (icmp_ln79)> <Delay = 5.25> <CoreInst = "FAddSub_fulldsp">   --->   Core 18 'FAddSub_fulldsp' <Latency = 3> <II = 1> <Delay = 6.43> <FuncUnit> <Opcode : 'fadd' 'fsub'> <InPorts = 2> <OutPorts = 1>
ST_98 : Operation 1147 [1/2] (0.67ns)   --->   "%p_ZZ5conv3PA255_A255_fPA32_A5_A5_fPfS1_E6w_tile_4_4_0_load = load i3 %p_ZZ5conv3PA255_A255_fPA32_A5_A5_fPfS1_E6w_tile_4_4_0_addr" [src/conv3.cpp:85]   --->   Operation 1147 'load' 'p_ZZ5conv3PA255_A255_fPA32_A5_A5_fPfS1_E6w_tile_4_4_0_load' <Predicate = (icmp_ln79)> <Delay = 0.67> <CoreInst = "RAM">   --->   Core 83 'RAM' <Latency = 1> <II = 1> <Delay = 0.67> <Storage> <Opcode : 'load' 'store'> <Ports = 2> <Width = 32> <Depth = 8> <RAM>
ST_98 : Operation 1148 [1/1] (0.57ns)   --->   "%tmp_143 = mux i32 @_ssdm_op_Mux.ap_auto.5float.i3, i32 %p_ZZ5conv3PA255_A255_fPA32_A5_A5_fPfS1_E7in_tile_0_4_0_load_24_read, i32 %p_ZZ5conv3PA255_A255_fPA32_A5_A5_fPfS1_E7in_tile_0_0_0_load_24_read, i32 %p_ZZ5conv3PA255_A255_fPA32_A5_A5_fPfS1_E7in_tile_0_1_0_load_24_read, i32 %p_ZZ5conv3PA255_A255_fPA32_A5_A5_fPfS1_E7in_tile_0_2_0_load_24_read, i32 %p_ZZ5conv3PA255_A255_fPA32_A5_A5_fPfS1_E7in_tile_0_3_0_load_24_read, i3 %trunc_ln_read" [src/conv3.cpp:86]   --->   Operation 1148 'mux' 'tmp_143' <Predicate = (icmp_ln79)> <Delay = 0.57> <CoreInst = "Multiplexer">   --->   Core 76 'Multiplexer' <Latency = 0> <II = 1> <Delay = 0.57> <FuncUnit> <Opcode : 'mux'> <InPorts = 2> <OutPorts = 1>
ST_98 : Operation 1149 [1/1] (0.57ns)   --->   "%tmp_144 = mux i32 @_ssdm_op_Mux.ap_auto.5float.i3, i32 %p_ZZ5conv3PA255_A255_fPA32_A5_A5_fPfS1_E7in_tile_1_4_0_load_24_read, i32 %p_ZZ5conv3PA255_A255_fPA32_A5_A5_fPfS1_E7in_tile_1_0_0_load_24_read, i32 %p_ZZ5conv3PA255_A255_fPA32_A5_A5_fPfS1_E7in_tile_1_1_0_load_24_read, i32 %p_ZZ5conv3PA255_A255_fPA32_A5_A5_fPfS1_E7in_tile_1_2_0_load_24_read, i32 %p_ZZ5conv3PA255_A255_fPA32_A5_A5_fPfS1_E7in_tile_1_3_0_load_24_read, i3 %trunc_ln_read" [src/conv3.cpp:86]   --->   Operation 1149 'mux' 'tmp_144' <Predicate = (icmp_ln79)> <Delay = 0.57> <CoreInst = "Multiplexer">   --->   Core 76 'Multiplexer' <Latency = 0> <II = 1> <Delay = 0.57> <FuncUnit> <Opcode : 'mux'> <InPorts = 2> <OutPorts = 1>
ST_98 : Operation 1150 [1/1] (0.57ns)   --->   "%tmp_145 = mux i32 @_ssdm_op_Mux.ap_auto.5float.i3, i32 %p_ZZ5conv3PA255_A255_fPA32_A5_A5_fPfS1_E7in_tile_2_4_0_load_24_read, i32 %p_ZZ5conv3PA255_A255_fPA32_A5_A5_fPfS1_E7in_tile_2_0_0_load_24_read, i32 %p_ZZ5conv3PA255_A255_fPA32_A5_A5_fPfS1_E7in_tile_2_1_0_load_24_read, i32 %p_ZZ5conv3PA255_A255_fPA32_A5_A5_fPfS1_E7in_tile_2_2_0_load_24_read, i32 %p_ZZ5conv3PA255_A255_fPA32_A5_A5_fPfS1_E7in_tile_2_3_0_load_24_read, i3 %trunc_ln_read" [src/conv3.cpp:86]   --->   Operation 1150 'mux' 'tmp_145' <Predicate = (icmp_ln79)> <Delay = 0.57> <CoreInst = "Multiplexer">   --->   Core 76 'Multiplexer' <Latency = 0> <II = 1> <Delay = 0.57> <FuncUnit> <Opcode : 'mux'> <InPorts = 2> <OutPorts = 1>
ST_98 : Operation 1151 [1/1] (0.57ns)   --->   "%tmp_146 = mux i32 @_ssdm_op_Mux.ap_auto.5float.i3, i32 %p_ZZ5conv3PA255_A255_fPA32_A5_A5_fPfS1_E7in_tile_3_4_0_load_24_read, i32 %p_ZZ5conv3PA255_A255_fPA32_A5_A5_fPfS1_E7in_tile_3_0_0_load_24_read, i32 %p_ZZ5conv3PA255_A255_fPA32_A5_A5_fPfS1_E7in_tile_3_1_0_load_24_read, i32 %p_ZZ5conv3PA255_A255_fPA32_A5_A5_fPfS1_E7in_tile_3_2_0_load_24_read, i32 %p_ZZ5conv3PA255_A255_fPA32_A5_A5_fPfS1_E7in_tile_3_3_0_load_24_read, i3 %trunc_ln_read" [src/conv3.cpp:86]   --->   Operation 1151 'mux' 'tmp_146' <Predicate = (icmp_ln79)> <Delay = 0.57> <CoreInst = "Multiplexer">   --->   Core 76 'Multiplexer' <Latency = 0> <II = 1> <Delay = 0.57> <FuncUnit> <Opcode : 'mux'> <InPorts = 2> <OutPorts = 1>
ST_98 : Operation 1152 [1/1] (0.57ns)   --->   "%tmp_147 = mux i32 @_ssdm_op_Mux.ap_auto.5float.i3, i32 %p_ZZ5conv3PA255_A255_fPA32_A5_A5_fPfS1_E7in_tile_4_4_0_load_24_read, i32 %p_ZZ5conv3PA255_A255_fPA32_A5_A5_fPfS1_E7in_tile_4_0_0_load_24_read, i32 %p_ZZ5conv3PA255_A255_fPA32_A5_A5_fPfS1_E7in_tile_4_1_0_load_24_read, i32 %p_ZZ5conv3PA255_A255_fPA32_A5_A5_fPfS1_E7in_tile_4_2_0_load_24_read, i32 %p_ZZ5conv3PA255_A255_fPA32_A5_A5_fPfS1_E7in_tile_4_3_0_load_24_read, i3 %trunc_ln_read" [src/conv3.cpp:86]   --->   Operation 1152 'mux' 'tmp_147' <Predicate = (icmp_ln79)> <Delay = 0.57> <CoreInst = "Multiplexer">   --->   Core 76 'Multiplexer' <Latency = 0> <II = 1> <Delay = 0.57> <FuncUnit> <Opcode : 'mux'> <InPorts = 2> <OutPorts = 1>
ST_98 : Operation 1153 [1/1] (0.57ns)   --->   "%tmp_148 = mux i32 @_ssdm_op_Mux.ap_auto.5float.i3, i32 %tmp_147, i32 %tmp_143, i32 %tmp_144, i32 %tmp_145, i32 %tmp_146, i3 %trunc_ln74_mid2_read" [src/conv3.cpp:86]   --->   Operation 1153 'mux' 'tmp_148' <Predicate = (icmp_ln79)> <Delay = 0.57> <CoreInst = "Multiplexer">   --->   Core 76 'Multiplexer' <Latency = 0> <II = 1> <Delay = 0.57> <FuncUnit> <Opcode : 'mux'> <InPorts = 2> <OutPorts = 1>

State 99 <SV = 98> <Delay = 7.01>
ST_99 : Operation 1154 [3/4] (6.43ns)   --->   "%acc_25 = fadd i32 %acc_24, i32 %mul_4_3" [src/conv3.cpp:85]   --->   Operation 1154 'fadd' 'acc_25' <Predicate = (icmp_ln79)> <Delay = 6.43> <CoreInst = "FAddSub_fulldsp">   --->   Core 18 'FAddSub_fulldsp' <Latency = 3> <II = 1> <Delay = 6.43> <FuncUnit> <Opcode : 'fadd' 'fsub'> <InPorts = 2> <OutPorts = 1>
ST_99 : [1/1] (1.18ns)   --->   Input mux for Operation 1155 '%mul_4_4 = fmul i32 %p_ZZ5conv3PA255_A255_fPA32_A5_A5_fPfS1_E6w_tile_4_4_0_load, i32 %tmp_148'
ST_99 : Operation 1155 [3/3] (5.83ns)   --->   "%mul_4_4 = fmul i32 %p_ZZ5conv3PA255_A255_fPA32_A5_A5_fPfS1_E6w_tile_4_4_0_load, i32 %tmp_148" [src/conv3.cpp:85]   --->   Operation 1155 'fmul' 'mul_4_4' <Predicate = (icmp_ln79)> <Delay = 5.83> <CoreInst = "FMul_maxdsp">   --->   Core 30 'FMul_maxdsp' <Latency = 2> <II = 1> <Delay = 7.01> <FuncUnit> <Opcode : 'fmul'> <InPorts = 2> <OutPorts = 1>

State 100 <SV = 99> <Delay = 7.01>
ST_100 : Operation 1156 [2/4] (6.43ns)   --->   "%acc_25 = fadd i32 %acc_24, i32 %mul_4_3" [src/conv3.cpp:85]   --->   Operation 1156 'fadd' 'acc_25' <Predicate = (icmp_ln79)> <Delay = 6.43> <CoreInst = "FAddSub_fulldsp">   --->   Core 18 'FAddSub_fulldsp' <Latency = 3> <II = 1> <Delay = 6.43> <FuncUnit> <Opcode : 'fadd' 'fsub'> <InPorts = 2> <OutPorts = 1>
ST_100 : Operation 1157 [2/3] (7.01ns)   --->   "%mul_4_4 = fmul i32 %p_ZZ5conv3PA255_A255_fPA32_A5_A5_fPfS1_E6w_tile_4_4_0_load, i32 %tmp_148" [src/conv3.cpp:85]   --->   Operation 1157 'fmul' 'mul_4_4' <Predicate = (icmp_ln79)> <Delay = 7.01> <CoreInst = "FMul_maxdsp">   --->   Core 30 'FMul_maxdsp' <Latency = 2> <II = 1> <Delay = 7.01> <FuncUnit> <Opcode : 'fmul'> <InPorts = 2> <OutPorts = 1>

State 101 <SV = 100> <Delay = 7.01>
ST_101 : Operation 1158 [1/4] (6.43ns)   --->   "%acc_25 = fadd i32 %acc_24, i32 %mul_4_3" [src/conv3.cpp:85]   --->   Operation 1158 'fadd' 'acc_25' <Predicate = (icmp_ln79)> <Delay = 6.43> <CoreInst = "FAddSub_fulldsp">   --->   Core 18 'FAddSub_fulldsp' <Latency = 3> <II = 1> <Delay = 6.43> <FuncUnit> <Opcode : 'fadd' 'fsub'> <InPorts = 2> <OutPorts = 1>
ST_101 : Operation 1159 [1/3] (7.01ns)   --->   "%mul_4_4 = fmul i32 %p_ZZ5conv3PA255_A255_fPA32_A5_A5_fPfS1_E6w_tile_4_4_0_load, i32 %tmp_148" [src/conv3.cpp:85]   --->   Operation 1159 'fmul' 'mul_4_4' <Predicate = (icmp_ln79)> <Delay = 7.01> <CoreInst = "FMul_maxdsp">   --->   Core 30 'FMul_maxdsp' <Latency = 2> <II = 1> <Delay = 7.01> <FuncUnit> <Opcode : 'fmul'> <InPorts = 2> <OutPorts = 1>

State 102 <SV = 101> <Delay = 6.43>
ST_102 : [1/1] (1.18ns)   --->   Input mux for Operation 1160 '%acc_26 = fadd i32 %acc_25, i32 %mul_4_4'
ST_102 : Operation 1160 [4/4] (5.25ns)   --->   "%acc_26 = fadd i32 %acc_25, i32 %mul_4_4" [src/conv3.cpp:85]   --->   Operation 1160 'fadd' 'acc_26' <Predicate = (icmp_ln79)> <Delay = 5.25> <CoreInst = "FAddSub_fulldsp">   --->   Core 18 'FAddSub_fulldsp' <Latency = 3> <II = 1> <Delay = 6.43> <FuncUnit> <Opcode : 'fadd' 'fsub'> <InPorts = 2> <OutPorts = 1>

State 103 <SV = 102> <Delay = 6.43>
ST_103 : Operation 1161 [3/4] (6.43ns)   --->   "%acc_26 = fadd i32 %acc_25, i32 %mul_4_4" [src/conv3.cpp:85]   --->   Operation 1161 'fadd' 'acc_26' <Predicate = (icmp_ln79)> <Delay = 6.43> <CoreInst = "FAddSub_fulldsp">   --->   Core 18 'FAddSub_fulldsp' <Latency = 3> <II = 1> <Delay = 6.43> <FuncUnit> <Opcode : 'fadd' 'fsub'> <InPorts = 2> <OutPorts = 1>

State 104 <SV = 103> <Delay = 6.43>
ST_104 : Operation 1162 [2/4] (6.43ns)   --->   "%acc_26 = fadd i32 %acc_25, i32 %mul_4_4" [src/conv3.cpp:85]   --->   Operation 1162 'fadd' 'acc_26' <Predicate = (icmp_ln79)> <Delay = 6.43> <CoreInst = "FAddSub_fulldsp">   --->   Core 18 'FAddSub_fulldsp' <Latency = 3> <II = 1> <Delay = 6.43> <FuncUnit> <Opcode : 'fadd' 'fsub'> <InPorts = 2> <OutPorts = 1>

State 105 <SV = 104> <Delay = 6.43>
ST_105 : Operation 1163 [1/4] (6.43ns)   --->   "%acc_26 = fadd i32 %acc_25, i32 %mul_4_4" [src/conv3.cpp:85]   --->   Operation 1163 'fadd' 'acc_26' <Predicate = (icmp_ln79)> <Delay = 6.43> <CoreInst = "FAddSub_fulldsp">   --->   Core 18 'FAddSub_fulldsp' <Latency = 3> <II = 1> <Delay = 6.43> <FuncUnit> <Opcode : 'fadd' 'fsub'> <InPorts = 2> <OutPorts = 1>
ST_105 : Operation 1166 [1/1] (0.00ns)   --->   "%ret_ln0 = ret"   --->   Operation 1166 'ret' 'ret_ln0' <Predicate = (icmp_ln77)> <Delay = 0.00>

State 106 <SV = 105> <Delay = 1.23>
ST_106 : Operation 1164 [1/1] (1.23ns)   --->   "%store_ln91 = store i32 %acc_26, i13 %out_tile_addr" [src/conv3.cpp:91]   --->   Operation 1164 'store' 'store_ln91' <Predicate = (icmp_ln79)> <Delay = 1.23> <CoreInst = "RAM">   --->   Core 83 'RAM' <Latency = 1> <II = 1> <Delay = 1.23> <Storage> <Opcode : 'load' 'store'> <Ports = 2> <Width = 32> <Depth = 8192> <RAM>
ST_106 : Operation 1165 [1/1] (0.00ns)   --->   "%br_ln92 = br void %for.inc60" [src/conv3.cpp:92]   --->   Operation 1165 'br' 'br_ln92' <Predicate = (icmp_ln79)> <Delay = 0.00>


============================================================
+ Verbose Summary: Timing violations
============================================================
Target clock period: 10.000ns, clock uncertainty: 2.700ns.

 <State 1>: 1.224ns
The critical path consists of the following:
	'alloca' operation ('tn') [656]  (0.000 ns)
	'load' operation ('tn', src/conv3.cpp:77) on local variable 'tn' [1291]  (0.000 ns)
	'add' operation ('add_ln77', src/conv3.cpp:77) [1293]  (0.797 ns)
	'store' operation ('store_ln77', src/conv3.cpp:77) of variable 'add_ln77', src/conv3.cpp:77 on local variable 'tn' [1564]  (0.427 ns)

 <State 2>: 1.148ns
The critical path consists of the following:
	'mux' operation ('tmp', src/conv3.cpp:86) [1313]  (0.574 ns)
	'mux' operation ('tmp_5', src/conv3.cpp:86) [1318]  (0.574 ns)

 <State 3>: 7.016ns
The critical path consists of the following:
	multiplexor before operation 'fmul' with delay (1.181 ns)
'fmul' operation ('mul', src/conv3.cpp:85) [1319]  (5.835 ns)

 <State 4>: 7.016ns
The critical path consists of the following:
	'fmul' operation ('mul', src/conv3.cpp:85) [1319]  (7.016 ns)

 <State 5>: 7.016ns
The critical path consists of the following:
	'fmul' operation ('mul', src/conv3.cpp:85) [1319]  (7.016 ns)

 <State 6>: 6.437ns
The critical path consists of the following:
	multiplexor before operation 'fadd' with delay (1.181 ns)
'fadd' operation ('acc', src/conv3.cpp:85) [1320]  (5.256 ns)

 <State 7>: 7.016ns
The critical path consists of the following:
	multiplexor before operation 'fmul' with delay (1.181 ns)
'fmul' operation ('mul_s', src/conv3.cpp:85) [1329]  (5.835 ns)

 <State 8>: 7.016ns
The critical path consists of the following:
	'fmul' operation ('mul_s', src/conv3.cpp:85) [1329]  (7.016 ns)

 <State 9>: 7.016ns
The critical path consists of the following:
	'fmul' operation ('mul_s', src/conv3.cpp:85) [1329]  (7.016 ns)

 <State 10>: 6.437ns
The critical path consists of the following:
	multiplexor before operation 'fadd' with delay (1.181 ns)
'fadd' operation ('acc', src/conv3.cpp:85) [1330]  (5.256 ns)

 <State 11>: 7.016ns
The critical path consists of the following:
	multiplexor before operation 'fmul' with delay (1.181 ns)
'fmul' operation ('mul_5', src/conv3.cpp:85) [1339]  (5.835 ns)

 <State 12>: 7.016ns
The critical path consists of the following:
	'fmul' operation ('mul_5', src/conv3.cpp:85) [1339]  (7.016 ns)

 <State 13>: 7.016ns
The critical path consists of the following:
	'fmul' operation ('mul_5', src/conv3.cpp:85) [1339]  (7.016 ns)

 <State 14>: 6.437ns
The critical path consists of the following:
	multiplexor before operation 'fadd' with delay (1.181 ns)
'fadd' operation ('acc', src/conv3.cpp:85) [1340]  (5.256 ns)

 <State 15>: 7.016ns
The critical path consists of the following:
	multiplexor before operation 'fmul' with delay (1.181 ns)
'fmul' operation ('mul_6', src/conv3.cpp:85) [1349]  (5.835 ns)

 <State 16>: 7.016ns
The critical path consists of the following:
	'fmul' operation ('mul_6', src/conv3.cpp:85) [1349]  (7.016 ns)

 <State 17>: 7.016ns
The critical path consists of the following:
	'fmul' operation ('mul_6', src/conv3.cpp:85) [1349]  (7.016 ns)

 <State 18>: 6.437ns
The critical path consists of the following:
	multiplexor before operation 'fadd' with delay (1.181 ns)
'fadd' operation ('acc', src/conv3.cpp:85) [1350]  (5.256 ns)

 <State 19>: 7.016ns
The critical path consists of the following:
	multiplexor before operation 'fmul' with delay (1.181 ns)
'fmul' operation ('mul_7', src/conv3.cpp:85) [1359]  (5.835 ns)

 <State 20>: 7.016ns
The critical path consists of the following:
	'fmul' operation ('mul_7', src/conv3.cpp:85) [1359]  (7.016 ns)

 <State 21>: 7.016ns
The critical path consists of the following:
	'fmul' operation ('mul_7', src/conv3.cpp:85) [1359]  (7.016 ns)

 <State 22>: 6.437ns
The critical path consists of the following:
	multiplexor before operation 'fadd' with delay (1.181 ns)
'fadd' operation ('acc', src/conv3.cpp:85) [1360]  (5.256 ns)

 <State 23>: 7.016ns
The critical path consists of the following:
	multiplexor before operation 'fmul' with delay (1.181 ns)
'fmul' operation ('mul_1', src/conv3.cpp:85) [1369]  (5.835 ns)

 <State 24>: 7.016ns
The critical path consists of the following:
	'fmul' operation ('mul_1', src/conv3.cpp:85) [1369]  (7.016 ns)

 <State 25>: 7.016ns
The critical path consists of the following:
	'fmul' operation ('mul_1', src/conv3.cpp:85) [1369]  (7.016 ns)

 <State 26>: 6.437ns
The critical path consists of the following:
	multiplexor before operation 'fadd' with delay (1.181 ns)
'fadd' operation ('acc', src/conv3.cpp:85) [1370]  (5.256 ns)

 <State 27>: 7.016ns
The critical path consists of the following:
	multiplexor before operation 'fmul' with delay (1.181 ns)
'fmul' operation ('mul_1_1', src/conv3.cpp:85) [1379]  (5.835 ns)

 <State 28>: 7.016ns
The critical path consists of the following:
	'fmul' operation ('mul_1_1', src/conv3.cpp:85) [1379]  (7.016 ns)

 <State 29>: 7.016ns
The critical path consists of the following:
	'fmul' operation ('mul_1_1', src/conv3.cpp:85) [1379]  (7.016 ns)

 <State 30>: 6.437ns
The critical path consists of the following:
	multiplexor before operation 'fadd' with delay (1.181 ns)
'fadd' operation ('acc', src/conv3.cpp:85) [1380]  (5.256 ns)

 <State 31>: 7.016ns
The critical path consists of the following:
	multiplexor before operation 'fmul' with delay (1.181 ns)
'fmul' operation ('mul_1_2', src/conv3.cpp:85) [1389]  (5.835 ns)

 <State 32>: 7.016ns
The critical path consists of the following:
	'fmul' operation ('mul_1_2', src/conv3.cpp:85) [1389]  (7.016 ns)

 <State 33>: 7.016ns
The critical path consists of the following:
	'fmul' operation ('mul_1_2', src/conv3.cpp:85) [1389]  (7.016 ns)

 <State 34>: 6.437ns
The critical path consists of the following:
	multiplexor before operation 'fadd' with delay (1.181 ns)
'fadd' operation ('acc', src/conv3.cpp:85) [1390]  (5.256 ns)

 <State 35>: 7.016ns
The critical path consists of the following:
	multiplexor before operation 'fmul' with delay (1.181 ns)
'fmul' operation ('mul_1_3', src/conv3.cpp:85) [1399]  (5.835 ns)

 <State 36>: 7.016ns
The critical path consists of the following:
	'fmul' operation ('mul_1_3', src/conv3.cpp:85) [1399]  (7.016 ns)

 <State 37>: 7.016ns
The critical path consists of the following:
	'fmul' operation ('mul_1_3', src/conv3.cpp:85) [1399]  (7.016 ns)

 <State 38>: 6.437ns
The critical path consists of the following:
	multiplexor before operation 'fadd' with delay (1.181 ns)
'fadd' operation ('acc', src/conv3.cpp:85) [1400]  (5.256 ns)

 <State 39>: 7.016ns
The critical path consists of the following:
	multiplexor before operation 'fmul' with delay (1.181 ns)
'fmul' operation ('mul_1_4', src/conv3.cpp:85) [1409]  (5.835 ns)

 <State 40>: 7.016ns
The critical path consists of the following:
	'fmul' operation ('mul_1_4', src/conv3.cpp:85) [1409]  (7.016 ns)

 <State 41>: 7.016ns
The critical path consists of the following:
	'fmul' operation ('mul_1_4', src/conv3.cpp:85) [1409]  (7.016 ns)

 <State 42>: 6.437ns
The critical path consists of the following:
	multiplexor before operation 'fadd' with delay (1.181 ns)
'fadd' operation ('acc', src/conv3.cpp:85) [1410]  (5.256 ns)

 <State 43>: 7.016ns
The critical path consists of the following:
	multiplexor before operation 'fmul' with delay (1.181 ns)
'fmul' operation ('mul_2', src/conv3.cpp:85) [1419]  (5.835 ns)

 <State 44>: 7.016ns
The critical path consists of the following:
	'fmul' operation ('mul_2', src/conv3.cpp:85) [1419]  (7.016 ns)

 <State 45>: 7.016ns
The critical path consists of the following:
	'fmul' operation ('mul_2', src/conv3.cpp:85) [1419]  (7.016 ns)

 <State 46>: 6.437ns
The critical path consists of the following:
	multiplexor before operation 'fadd' with delay (1.181 ns)
'fadd' operation ('acc', src/conv3.cpp:85) [1420]  (5.256 ns)

 <State 47>: 7.016ns
The critical path consists of the following:
	multiplexor before operation 'fmul' with delay (1.181 ns)
'fmul' operation ('mul_2_1', src/conv3.cpp:85) [1429]  (5.835 ns)

 <State 48>: 7.016ns
The critical path consists of the following:
	'fmul' operation ('mul_2_1', src/conv3.cpp:85) [1429]  (7.016 ns)

 <State 49>: 7.016ns
The critical path consists of the following:
	'fmul' operation ('mul_2_1', src/conv3.cpp:85) [1429]  (7.016 ns)

 <State 50>: 6.437ns
The critical path consists of the following:
	multiplexor before operation 'fadd' with delay (1.181 ns)
'fadd' operation ('acc', src/conv3.cpp:85) [1430]  (5.256 ns)

 <State 51>: 7.016ns
The critical path consists of the following:
	multiplexor before operation 'fmul' with delay (1.181 ns)
'fmul' operation ('mul_2_2', src/conv3.cpp:85) [1439]  (5.835 ns)

 <State 52>: 7.016ns
The critical path consists of the following:
	'fmul' operation ('mul_2_2', src/conv3.cpp:85) [1439]  (7.016 ns)

 <State 53>: 7.016ns
The critical path consists of the following:
	'fmul' operation ('mul_2_2', src/conv3.cpp:85) [1439]  (7.016 ns)

 <State 54>: 6.437ns
The critical path consists of the following:
	multiplexor before operation 'fadd' with delay (1.181 ns)
'fadd' operation ('acc', src/conv3.cpp:85) [1440]  (5.256 ns)

 <State 55>: 7.016ns
The critical path consists of the following:
	multiplexor before operation 'fmul' with delay (1.181 ns)
'fmul' operation ('mul_2_3', src/conv3.cpp:85) [1449]  (5.835 ns)

 <State 56>: 7.016ns
The critical path consists of the following:
	'fmul' operation ('mul_2_3', src/conv3.cpp:85) [1449]  (7.016 ns)

 <State 57>: 7.016ns
The critical path consists of the following:
	'fmul' operation ('mul_2_3', src/conv3.cpp:85) [1449]  (7.016 ns)

 <State 58>: 6.437ns
The critical path consists of the following:
	multiplexor before operation 'fadd' with delay (1.181 ns)
'fadd' operation ('acc', src/conv3.cpp:85) [1450]  (5.256 ns)

 <State 59>: 7.016ns
The critical path consists of the following:
	multiplexor before operation 'fmul' with delay (1.181 ns)
'fmul' operation ('mul_2_4', src/conv3.cpp:85) [1459]  (5.835 ns)

 <State 60>: 7.016ns
The critical path consists of the following:
	'fmul' operation ('mul_2_4', src/conv3.cpp:85) [1459]  (7.016 ns)

 <State 61>: 7.016ns
The critical path consists of the following:
	'fmul' operation ('mul_2_4', src/conv3.cpp:85) [1459]  (7.016 ns)

 <State 62>: 6.437ns
The critical path consists of the following:
	multiplexor before operation 'fadd' with delay (1.181 ns)
'fadd' operation ('acc', src/conv3.cpp:85) [1460]  (5.256 ns)

 <State 63>: 7.016ns
The critical path consists of the following:
	multiplexor before operation 'fmul' with delay (1.181 ns)
'fmul' operation ('mul_3', src/conv3.cpp:85) [1469]  (5.835 ns)

 <State 64>: 7.016ns
The critical path consists of the following:
	'fmul' operation ('mul_3', src/conv3.cpp:85) [1469]  (7.016 ns)

 <State 65>: 7.016ns
The critical path consists of the following:
	'fmul' operation ('mul_3', src/conv3.cpp:85) [1469]  (7.016 ns)

 <State 66>: 6.437ns
The critical path consists of the following:
	multiplexor before operation 'fadd' with delay (1.181 ns)
'fadd' operation ('acc', src/conv3.cpp:85) [1470]  (5.256 ns)

 <State 67>: 7.016ns
The critical path consists of the following:
	multiplexor before operation 'fmul' with delay (1.181 ns)
'fmul' operation ('mul_3_1', src/conv3.cpp:85) [1479]  (5.835 ns)

 <State 68>: 7.016ns
The critical path consists of the following:
	'fmul' operation ('mul_3_1', src/conv3.cpp:85) [1479]  (7.016 ns)

 <State 69>: 7.016ns
The critical path consists of the following:
	'fmul' operation ('mul_3_1', src/conv3.cpp:85) [1479]  (7.016 ns)

 <State 70>: 6.437ns
The critical path consists of the following:
	multiplexor before operation 'fadd' with delay (1.181 ns)
'fadd' operation ('acc', src/conv3.cpp:85) [1480]  (5.256 ns)

 <State 71>: 7.016ns
The critical path consists of the following:
	multiplexor before operation 'fmul' with delay (1.181 ns)
'fmul' operation ('mul_3_2', src/conv3.cpp:85) [1489]  (5.835 ns)

 <State 72>: 7.016ns
The critical path consists of the following:
	'fmul' operation ('mul_3_2', src/conv3.cpp:85) [1489]  (7.016 ns)

 <State 73>: 7.016ns
The critical path consists of the following:
	'fmul' operation ('mul_3_2', src/conv3.cpp:85) [1489]  (7.016 ns)

 <State 74>: 6.437ns
The critical path consists of the following:
	multiplexor before operation 'fadd' with delay (1.181 ns)
'fadd' operation ('acc', src/conv3.cpp:85) [1490]  (5.256 ns)

 <State 75>: 7.016ns
The critical path consists of the following:
	multiplexor before operation 'fmul' with delay (1.181 ns)
'fmul' operation ('mul_3_3', src/conv3.cpp:85) [1499]  (5.835 ns)

 <State 76>: 7.016ns
The critical path consists of the following:
	'fmul' operation ('mul_3_3', src/conv3.cpp:85) [1499]  (7.016 ns)

 <State 77>: 7.016ns
The critical path consists of the following:
	'fmul' operation ('mul_3_3', src/conv3.cpp:85) [1499]  (7.016 ns)

 <State 78>: 6.437ns
The critical path consists of the following:
	multiplexor before operation 'fadd' with delay (1.181 ns)
'fadd' operation ('acc', src/conv3.cpp:85) [1500]  (5.256 ns)

 <State 79>: 7.016ns
The critical path consists of the following:
	multiplexor before operation 'fmul' with delay (1.181 ns)
'fmul' operation ('mul_3_4', src/conv3.cpp:85) [1509]  (5.835 ns)

 <State 80>: 7.016ns
The critical path consists of the following:
	'fmul' operation ('mul_3_4', src/conv3.cpp:85) [1509]  (7.016 ns)

 <State 81>: 7.016ns
The critical path consists of the following:
	'fmul' operation ('mul_3_4', src/conv3.cpp:85) [1509]  (7.016 ns)

 <State 82>: 6.437ns
The critical path consists of the following:
	multiplexor before operation 'fadd' with delay (1.181 ns)
'fadd' operation ('acc', src/conv3.cpp:85) [1510]  (5.256 ns)

 <State 83>: 7.016ns
The critical path consists of the following:
	multiplexor before operation 'fmul' with delay (1.181 ns)
'fmul' operation ('mul_4', src/conv3.cpp:85) [1519]  (5.835 ns)

 <State 84>: 7.016ns
The critical path consists of the following:
	'fmul' operation ('mul_4', src/conv3.cpp:85) [1519]  (7.016 ns)

 <State 85>: 7.016ns
The critical path consists of the following:
	'fmul' operation ('mul_4', src/conv3.cpp:85) [1519]  (7.016 ns)

 <State 86>: 6.437ns
The critical path consists of the following:
	multiplexor before operation 'fadd' with delay (1.181 ns)
'fadd' operation ('acc', src/conv3.cpp:85) [1520]  (5.256 ns)

 <State 87>: 7.016ns
The critical path consists of the following:
	multiplexor before operation 'fmul' with delay (1.181 ns)
'fmul' operation ('mul_4_1', src/conv3.cpp:85) [1529]  (5.835 ns)

 <State 88>: 7.016ns
The critical path consists of the following:
	'fmul' operation ('mul_4_1', src/conv3.cpp:85) [1529]  (7.016 ns)

 <State 89>: 7.016ns
The critical path consists of the following:
	'fmul' operation ('mul_4_1', src/conv3.cpp:85) [1529]  (7.016 ns)

 <State 90>: 6.437ns
The critical path consists of the following:
	multiplexor before operation 'fadd' with delay (1.181 ns)
'fadd' operation ('acc', src/conv3.cpp:85) [1530]  (5.256 ns)

 <State 91>: 7.016ns
The critical path consists of the following:
	multiplexor before operation 'fmul' with delay (1.181 ns)
'fmul' operation ('mul_4_2', src/conv3.cpp:85) [1539]  (5.835 ns)

 <State 92>: 7.016ns
The critical path consists of the following:
	'fmul' operation ('mul_4_2', src/conv3.cpp:85) [1539]  (7.016 ns)

 <State 93>: 7.016ns
The critical path consists of the following:
	'fmul' operation ('mul_4_2', src/conv3.cpp:85) [1539]  (7.016 ns)

 <State 94>: 6.437ns
The critical path consists of the following:
	multiplexor before operation 'fadd' with delay (1.181 ns)
'fadd' operation ('acc', src/conv3.cpp:85) [1540]  (5.256 ns)

 <State 95>: 7.016ns
The critical path consists of the following:
	multiplexor before operation 'fmul' with delay (1.181 ns)
'fmul' operation ('mul_4_3', src/conv3.cpp:85) [1549]  (5.835 ns)

 <State 96>: 7.016ns
The critical path consists of the following:
	'fmul' operation ('mul_4_3', src/conv3.cpp:85) [1549]  (7.016 ns)

 <State 97>: 7.016ns
The critical path consists of the following:
	'fmul' operation ('mul_4_3', src/conv3.cpp:85) [1549]  (7.016 ns)

 <State 98>: 6.437ns
The critical path consists of the following:
	multiplexor before operation 'fadd' with delay (1.181 ns)
'fadd' operation ('acc', src/conv3.cpp:85) [1550]  (5.256 ns)

 <State 99>: 7.016ns
The critical path consists of the following:
	multiplexor before operation 'fmul' with delay (1.181 ns)
'fmul' operation ('mul_4_4', src/conv3.cpp:85) [1559]  (5.835 ns)

 <State 100>: 7.016ns
The critical path consists of the following:
	'fmul' operation ('mul_4_4', src/conv3.cpp:85) [1559]  (7.016 ns)

 <State 101>: 7.016ns
The critical path consists of the following:
	'fmul' operation ('mul_4_4', src/conv3.cpp:85) [1559]  (7.016 ns)

 <State 102>: 6.437ns
The critical path consists of the following:
	multiplexor before operation 'fadd' with delay (1.181 ns)
'fadd' operation ('acc', src/conv3.cpp:85) [1560]  (5.256 ns)

 <State 103>: 6.437ns
The critical path consists of the following:
	'fadd' operation ('acc', src/conv3.cpp:85) [1560]  (6.437 ns)

 <State 104>: 6.437ns
The critical path consists of the following:
	'fadd' operation ('acc', src/conv3.cpp:85) [1560]  (6.437 ns)

 <State 105>: 6.437ns
The critical path consists of the following:
	'fadd' operation ('acc', src/conv3.cpp:85) [1560]  (6.437 ns)

 <State 106>: 1.237ns
The critical path consists of the following:
	'store' operation ('store_ln91', src/conv3.cpp:91) of variable 'acc', src/conv3.cpp:85 on array 'out_tile' [1561]  (1.237 ns)


============================================================
+ Verbose Summary: Binding
============================================================
N/A
* FSMD analyzer results:
  - Output states:
 - Input state : 
  - Chain level:
	State 1
	State 2
	State 3
	State 4
	State 5
	State 6
	State 7
	State 8
	State 9
	State 10
	State 11
	State 12
	State 13
	State 14
	State 15
	State 16
	State 17
	State 18
	State 19
	State 20
	State 21
	State 22
	State 23
	State 24
	State 25
	State 26
	State 27
	State 28
	State 29
	State 30
	State 31
	State 32
	State 33
	State 34
	State 35
	State 36
	State 37
	State 38
	State 39
	State 40
	State 41
	State 42
	State 43
	State 44
	State 45
	State 46
	State 47
	State 48
	State 49
	State 50
	State 51
	State 52
	State 53
	State 54
	State 55
	State 56
	State 57
	State 58
	State 59
	State 60
	State 61
	State 62
	State 63
	State 64
	State 65
	State 66
	State 67
	State 68
	State 69
	State 70
	State 71
	State 72
	State 73
	State 74
	State 75
	State 76
	State 77
	State 78
	State 79
	State 80
	State 81
	State 82
	State 83
	State 84
	State 85
	State 86
	State 87
	State 88
	State 89
	State 90
	State 91
	State 92
	State 93
	State 94
	State 95
	State 96
	State 97
	State 98
	State 99
	State 100
	State 101
	State 102
	State 103
	State 104
	State 105
	State 106


============================================================
+ Verbose Summary: Datapath Resource usage 
============================================================
N/A
