

================================================================
== Vitis HLS Report for 'conv1_Pipeline_VITIS_LOOP_50_1_VITIS_LOOP_53_3_VITIS_LOOP_54_4'
================================================================
* Date:           Fri Oct 31 01:54:24 2025

* Version:        2023.1 (Build 3854077 on May  4 2023)
* Project:        srcnn_hls
* Solution:       solution1 (Vivado IP Flow Target)
* Product family: zynquplus
* Target device:  xck26-sfvc784-2LV-c


================================================================
== Performance Estimates
================================================================
+ Timing: 
    * Summary: 
    +--------+----------+----------+------------+
    |  Clock |  Target  | Estimated| Uncertainty|
    +--------+----------+----------+------------+
    |ap_clk  |  10.00 ns|  7.300 ns|     2.70 ns|
    +--------+----------+----------+------------+

+ Latency: 
    * Summary: 
    +---------+---------+----------+----------+-----+-----+---------+
    |  Latency (cycles) |  Latency (absolute) |  Interval | Pipeline|
    |   min   |   max   |    min   |    max   | min | max |   Type  |
    +---------+---------+----------+----------+-----+-----+---------+
    |      651|      651|  6.510 us|  6.510 us|  651|  651|       no|
    +---------+---------+----------+----------+-----+-----+---------+

    + Detail: 
        * Instance: 
        N/A

        * Loop: 
        +---------------------------------------------------+---------+---------+----------+-----------+-----------+------+----------+
        |                                                   |  Latency (cycles) | Iteration|  Initiation Interval  | Trip |          |
        |                     Loop Name                     |   min   |   max   |  Latency |  achieved |   target  | Count| Pipelined|
        +---------------------------------------------------+---------+---------+----------+-----------+-----------+------+----------+
        |- VITIS_LOOP_50_1_VITIS_LOOP_53_3_VITIS_LOOP_54_4  |      649|      649|         3|          1|          1|   648|       yes|
        +---------------------------------------------------+---------+---------+----------+-----------+-----------+------+----------+

============================================================
+ Verbose Summary: Synthesis Manager
============================================================
InlineROM: 1
ExposeGlobal: 0
============================================================
+ Verbose Summary: CDFG Model
============================================================
IsTopModel: 0
ResetActiveHigh: 1
IsCombinational: 0
IsDatapathOnly: 0
HasWiredReturn: 1
HasMFsm: 2
HasVarLatency: 1
IsPipeline: 0
IsRtlPipelined: 0
IsInstanceOverlapped: 0
IsDontTouch: 0
HasImplIP: 0
IsGatedGlobalClock: 0

+ Individual pipeline summary: 
  * Pipeline-0: initiation interval (II) = 1, depth = 3


============================================================
+ Verbose Summary: Schedule
============================================================
* Number of FSM states : 3
* Pipeline : 1
  Pipeline-0 : II = 1, D = 3, States = { 1 2 3 }
* Dataflow Pipeline: 0

* FSM state transitions: 
1 --> 2 
2 --> 3 
3 --> 

* FSM state operations: 

State 1 <SV = 0> <Delay = 1.21>
ST_1 : Operation 6 [1/1] (0.00ns)   --->   "%kw = alloca i32 1"   --->   Operation 6 'alloca' 'kw' <Predicate = true> <Delay = 0.00>
ST_1 : Operation 7 [1/1] (0.00ns)   --->   "%kh = alloca i32 1"   --->   Operation 7 'alloca' 'kh' <Predicate = true> <Delay = 0.00>
ST_1 : Operation 8 [1/1] (0.00ns)   --->   "%indvar_flatten45 = alloca i32 1"   --->   Operation 8 'alloca' 'indvar_flatten45' <Predicate = true> <Delay = 0.00>
ST_1 : Operation 9 [1/1] (0.00ns)   --->   "%tn = alloca i32 1"   --->   Operation 9 'alloca' 'tn' <Predicate = true> <Delay = 0.00>
ST_1 : Operation 10 [1/1] (0.00ns)   --->   "%indvar_flatten137 = alloca i32 1"   --->   Operation 10 'alloca' 'indvar_flatten137' <Predicate = true> <Delay = 0.00>
ST_1 : Operation 11 [1/1] (0.00ns)   --->   "%sext_ln117_read = read i62 @_ssdm_op_Read.ap_auto.i62, i62 %sext_ln117"   --->   Operation 11 'read' 'sext_ln117_read' <Predicate = true> <Delay = 0.00>
ST_1 : Operation 12 [1/1] (0.00ns)   --->   "%sext_ln117_cast = sext i62 %sext_ln117_read"   --->   Operation 12 'sext' 'sext_ln117_cast' <Predicate = true> <Delay = 0.00>
ST_1 : Operation 13 [1/1] (0.00ns)   --->   "%specinterface_ln0 = specinterface void @_ssdm_op_SpecInterface, i32 %w1, void @empty_39, i32 0, i32 0, void @empty_40, i32 0, i32 5184, void @empty_43, void @empty_42, void @empty_40, i32 16, i32 16, i32 16, i32 16, void @empty_40, void @empty_40, i32 4294967295, i32 0"   --->   Operation 13 'specinterface' 'specinterface_ln0' <Predicate = true> <Delay = 0.00>
ST_1 : Operation 14 [1/1] (0.42ns)   --->   "%store_ln0 = store i10 0, i10 %indvar_flatten137"   --->   Operation 14 'store' 'store_ln0' <Predicate = true> <Delay = 0.42>
ST_1 : Operation 15 [1/1] (0.42ns)   --->   "%store_ln0 = store i4 0, i4 %tn"   --->   Operation 15 'store' 'store_ln0' <Predicate = true> <Delay = 0.42>
ST_1 : Operation 16 [1/1] (0.42ns)   --->   "%store_ln0 = store i8 0, i8 %indvar_flatten45"   --->   Operation 16 'store' 'store_ln0' <Predicate = true> <Delay = 0.42>
ST_1 : Operation 17 [1/1] (0.42ns)   --->   "%store_ln0 = store i4 0, i4 %kh"   --->   Operation 17 'store' 'store_ln0' <Predicate = true> <Delay = 0.42>
ST_1 : Operation 18 [1/1] (0.42ns)   --->   "%store_ln0 = store i4 0, i4 %kw"   --->   Operation 18 'store' 'store_ln0' <Predicate = true> <Delay = 0.42>
ST_1 : Operation 19 [1/1] (0.00ns)   --->   "%br_ln0 = br void %for.inc.i"   --->   Operation 19 'br' 'br_ln0' <Predicate = true> <Delay = 0.00>
ST_1 : Operation 20 [1/1] (0.00ns)   --->   "%indvar_flatten137_load = load i10 %indvar_flatten137" [src/conv1.cpp:50->src/conv1.cpp:139]   --->   Operation 20 'load' 'indvar_flatten137_load' <Predicate = true> <Delay = 0.00>
ST_1 : Operation 21 [1/1] (0.78ns)   --->   "%icmp_ln50 = icmp_eq  i10 %indvar_flatten137_load, i10 648" [src/conv1.cpp:50->src/conv1.cpp:139]   --->   Operation 21 'icmp' 'icmp_ln50' <Predicate = true> <Delay = 0.78> <CoreInst = "Cmp">   --->   Core 9 'Cmp' <Latency = 0> <II = 1> <Delay = 0.78> <FuncUnit> <Opcode : 'icmp'> <InPorts = 2> <OutPorts = 1>
ST_1 : Operation 22 [1/1] (0.78ns)   --->   "%add_ln50_2 = add i10 %indvar_flatten137_load, i10 1" [src/conv1.cpp:50->src/conv1.cpp:139]   --->   Operation 22 'add' 'add_ln50_2' <Predicate = true> <Delay = 0.78> <CoreInst = "Adder">   --->   Core 1 'Adder' <Latency = 0> <II = 1> <Delay = 0.78> <FuncUnit> <Opcode : 'add' 'sub'> <InPorts = 2> <OutPorts = 1>
ST_1 : Operation 23 [1/1] (0.00ns)   --->   "%br_ln50 = br i1 %icmp_ln50, void %for.inc36.i, void %_ZL14load_w_tile_c1PA1_A9_A9_fS2_iiii.exit.exitStub" [src/conv1.cpp:50->src/conv1.cpp:139]   --->   Operation 23 'br' 'br_ln50' <Predicate = true> <Delay = 0.00>
ST_1 : Operation 24 [1/1] (0.42ns)   --->   "%store_ln54 = store i10 %add_ln50_2, i10 %indvar_flatten137" [src/conv1.cpp:54->src/conv1.cpp:139]   --->   Operation 24 'store' 'store_ln54' <Predicate = (!icmp_ln50)> <Delay = 0.42>

State 2 <SV = 1> <Delay = 7.30>
ST_2 : Operation 25 [1/1] (0.00ns)   --->   "%indvar_flatten45_load = load i8 %indvar_flatten45" [src/conv1.cpp:53->src/conv1.cpp:139]   --->   Operation 25 'load' 'indvar_flatten45_load' <Predicate = true> <Delay = 0.00>
ST_2 : Operation 26 [1/1] (0.00ns)   --->   "%w1_addr = getelementptr i32 %w1, i64 %sext_ln117_cast" [src/conv1.cpp:50->src/conv1.cpp:139]   --->   Operation 26 'getelementptr' 'w1_addr' <Predicate = true> <Delay = 0.00>
ST_2 : Operation 27 [1/1] (0.00ns)   --->   "%kw_load = load i4 %kw" [src/conv1.cpp:54->src/conv1.cpp:139]   --->   Operation 27 'load' 'kw_load' <Predicate = (!icmp_ln50)> <Delay = 0.00>
ST_2 : Operation 28 [1/1] (0.00ns)   --->   "%kh_load = load i4 %kh" [src/conv1.cpp:50->src/conv1.cpp:139]   --->   Operation 28 'load' 'kh_load' <Predicate = (!icmp_ln50)> <Delay = 0.00>
ST_2 : Operation 29 [1/1] (0.76ns)   --->   "%icmp_ln53 = icmp_eq  i8 %indvar_flatten45_load, i8 81" [src/conv1.cpp:53->src/conv1.cpp:139]   --->   Operation 29 'icmp' 'icmp_ln53' <Predicate = (!icmp_ln50)> <Delay = 0.76> <CoreInst = "Cmp">   --->   Core 9 'Cmp' <Latency = 0> <II = 1> <Delay = 0.76> <FuncUnit> <Opcode : 'icmp'> <InPorts = 2> <OutPorts = 1>
ST_2 : Operation 30 [1/1] (0.39ns)   --->   "%select_ln50 = select i1 %icmp_ln53, i4 0, i4 %kh_load" [src/conv1.cpp:50->src/conv1.cpp:139]   --->   Operation 30 'select' 'select_ln50' <Predicate = (!icmp_ln50)> <Delay = 0.39> <CoreInst = "Sel">   --->   Core 73 'Sel' <Latency = 0> <II = 1> <Delay = 0.39> <FuncUnit> <Opcode : 'select'> <InPorts = 3> <OutPorts = 1>
ST_2 : Operation 31 [1/1] (0.00ns) (grouped into LUT with out node and_ln50)   --->   "%xor_ln50 = xor i1 %icmp_ln53, i1 1" [src/conv1.cpp:50->src/conv1.cpp:139]   --->   Operation 31 'xor' 'xor_ln50' <Predicate = (!icmp_ln50)> <Delay = 0.00> <CoreInst = "LogicGate">   --->   Core 74 'LogicGate' <Latency = 0> <II = 1> <Delay = 0.28> <FuncUnit> <Opcode : 'and' 'or' 'xor'> <InPorts = 2> <OutPorts = 1>
ST_2 : Operation 32 [1/1] (0.79ns)   --->   "%icmp_ln54 = icmp_eq  i4 %kw_load, i4 9" [src/conv1.cpp:54->src/conv1.cpp:139]   --->   Operation 32 'icmp' 'icmp_ln54' <Predicate = (!icmp_ln50)> <Delay = 0.79> <CoreInst = "Cmp">   --->   Core 9 'Cmp' <Latency = 0> <II = 1> <Delay = 0.79> <FuncUnit> <Opcode : 'icmp'> <InPorts = 2> <OutPorts = 1>
ST_2 : Operation 33 [1/1] (0.28ns) (out node of the LUT)   --->   "%and_ln50 = and i1 %icmp_ln54, i1 %xor_ln50" [src/conv1.cpp:50->src/conv1.cpp:139]   --->   Operation 33 'and' 'and_ln50' <Predicate = (!icmp_ln50)> <Delay = 0.28> <CoreInst = "LogicGate">   --->   Core 74 'LogicGate' <Latency = 0> <II = 1> <Delay = 0.28> <FuncUnit> <Opcode : 'and' 'or' 'xor'> <InPorts = 2> <OutPorts = 1>
ST_2 : Operation 34 [1/1] (0.79ns)   --->   "%add_ln53 = add i4 %select_ln50, i4 1" [src/conv1.cpp:53->src/conv1.cpp:139]   --->   Operation 34 'add' 'add_ln53' <Predicate = (!icmp_ln50)> <Delay = 0.79> <CoreInst = "Adder">   --->   Core 1 'Adder' <Latency = 0> <II = 1> <Delay = 0.79> <FuncUnit> <Opcode : 'add' 'sub'> <InPorts = 2> <OutPorts = 1>
ST_2 : Operation 35 [1/1] (0.00ns) (grouped into LUT with out node select_ln53)   --->   "%or_ln53 = or i1 %and_ln50, i1 %icmp_ln53" [src/conv1.cpp:53->src/conv1.cpp:139]   --->   Operation 35 'or' 'or_ln53' <Predicate = (!icmp_ln50)> <Delay = 0.00> <CoreInst = "LogicGate">   --->   Core 74 'LogicGate' <Latency = 0> <II = 1> <Delay = 0.28> <FuncUnit> <Opcode : 'and' 'or' 'xor'> <InPorts = 2> <OutPorts = 1>
ST_2 : Operation 36 [1/1] (0.39ns) (out node of the LUT)   --->   "%select_ln53 = select i1 %or_ln53, i4 0, i4 %kw_load" [src/conv1.cpp:53->src/conv1.cpp:139]   --->   Operation 36 'select' 'select_ln53' <Predicate = (!icmp_ln50)> <Delay = 0.39> <CoreInst = "Sel">   --->   Core 73 'Sel' <Latency = 0> <II = 1> <Delay = 0.39> <FuncUnit> <Opcode : 'select'> <InPorts = 3> <OutPorts = 1>
ST_2 : Operation 37 [1/1] (0.39ns)   --->   "%select_ln53_1 = select i1 %and_ln50, i4 %add_ln53, i4 %select_ln50" [src/conv1.cpp:53->src/conv1.cpp:139]   --->   Operation 37 'select' 'select_ln53_1' <Predicate = (!icmp_ln50)> <Delay = 0.39> <CoreInst = "Sel">   --->   Core 73 'Sel' <Latency = 0> <II = 1> <Delay = 0.39> <FuncUnit> <Opcode : 'select'> <InPorts = 3> <OutPorts = 1>
ST_2 : Operation 38 [1/1] (7.30ns)   --->   "%w1_addr_read = read i32 @_ssdm_op_Read.m_axi.p1i32, i32 %w1_addr" [src/conv1.cpp:56->src/conv1.cpp:139]   --->   Operation 38 'read' 'w1_addr_read' <Predicate = (!icmp_ln50)> <Delay = 7.30> <CoreInst = "m_axi">   --->   Core 121 'm_axi' <Latency = 0> <II = 1> <Delay = 1.00> <Adapter> <Opcode : 'read' 'write' 'readreq' 'writereq' 'writeresp'>
ST_2 : Operation 39 [1/1] (0.00ns)   --->   "%bitcast_ln56 = bitcast i32 %w1_addr_read" [src/conv1.cpp:56->src/conv1.cpp:139]   --->   Operation 39 'bitcast' 'bitcast_ln56' <Predicate = (!icmp_ln50)> <Delay = 0.00>
ST_2 : Operation 40 [1/1] (0.74ns)   --->   "%switch_ln56 = switch i4 %select_ln53_1, void %arrayidx2967.i.case.8, i4 0, void %arrayidx2967.i.case.0, i4 1, void %arrayidx2967.i.case.1, i4 2, void %arrayidx2967.i.case.2, i4 3, void %arrayidx2967.i.case.3, i4 4, void %arrayidx2967.i.case.4, i4 5, void %arrayidx2967.i.case.5, i4 6, void %arrayidx2967.i.case.6, i4 7, void %arrayidx2967.i.case.7" [src/conv1.cpp:56->src/conv1.cpp:139]   --->   Operation 40 'switch' 'switch_ln56' <Predicate = (!icmp_ln50)> <Delay = 0.74>
ST_2 : Operation 41 [1/1] (0.74ns)   --->   "%switch_ln56 = switch i4 %select_ln53, void %arrayidx2967.i.case.894, i4 0, void %arrayidx2967.i.case.086, i4 1, void %arrayidx2967.i.case.187, i4 2, void %arrayidx2967.i.case.288, i4 3, void %arrayidx2967.i.case.389, i4 4, void %arrayidx2967.i.case.490, i4 5, void %arrayidx2967.i.case.591, i4 6, void %arrayidx2967.i.case.692, i4 7, void %arrayidx2967.i.case.793" [src/conv1.cpp:56->src/conv1.cpp:139]   --->   Operation 41 'switch' 'switch_ln56' <Predicate = (!icmp_ln50 & select_ln53_1 == 7)> <Delay = 0.74>
ST_2 : Operation 42 [1/1] (0.00ns)   --->   "%br_ln56 = br void %arrayidx2967.i.exit85" [src/conv1.cpp:56->src/conv1.cpp:139]   --->   Operation 42 'br' 'br_ln56' <Predicate = (!icmp_ln50 & select_ln53_1 == 7 & select_ln53 == 7)> <Delay = 0.00>
ST_2 : Operation 43 [1/1] (0.00ns)   --->   "%br_ln56 = br void %arrayidx2967.i.exit85" [src/conv1.cpp:56->src/conv1.cpp:139]   --->   Operation 43 'br' 'br_ln56' <Predicate = (!icmp_ln50 & select_ln53_1 == 7 & select_ln53 == 6)> <Delay = 0.00>
ST_2 : Operation 44 [1/1] (0.00ns)   --->   "%br_ln56 = br void %arrayidx2967.i.exit85" [src/conv1.cpp:56->src/conv1.cpp:139]   --->   Operation 44 'br' 'br_ln56' <Predicate = (!icmp_ln50 & select_ln53_1 == 7 & select_ln53 == 5)> <Delay = 0.00>
ST_2 : Operation 45 [1/1] (0.00ns)   --->   "%br_ln56 = br void %arrayidx2967.i.exit85" [src/conv1.cpp:56->src/conv1.cpp:139]   --->   Operation 45 'br' 'br_ln56' <Predicate = (!icmp_ln50 & select_ln53_1 == 7 & select_ln53 == 4)> <Delay = 0.00>
ST_2 : Operation 46 [1/1] (0.00ns)   --->   "%br_ln56 = br void %arrayidx2967.i.exit85" [src/conv1.cpp:56->src/conv1.cpp:139]   --->   Operation 46 'br' 'br_ln56' <Predicate = (!icmp_ln50 & select_ln53_1 == 7 & select_ln53 == 3)> <Delay = 0.00>
ST_2 : Operation 47 [1/1] (0.00ns)   --->   "%br_ln56 = br void %arrayidx2967.i.exit85" [src/conv1.cpp:56->src/conv1.cpp:139]   --->   Operation 47 'br' 'br_ln56' <Predicate = (!icmp_ln50 & select_ln53_1 == 7 & select_ln53 == 2)> <Delay = 0.00>
ST_2 : Operation 48 [1/1] (0.00ns)   --->   "%br_ln56 = br void %arrayidx2967.i.exit85" [src/conv1.cpp:56->src/conv1.cpp:139]   --->   Operation 48 'br' 'br_ln56' <Predicate = (!icmp_ln50 & select_ln53_1 == 7 & select_ln53 == 1)> <Delay = 0.00>
ST_2 : Operation 49 [1/1] (0.00ns)   --->   "%br_ln56 = br void %arrayidx2967.i.exit85" [src/conv1.cpp:56->src/conv1.cpp:139]   --->   Operation 49 'br' 'br_ln56' <Predicate = (!icmp_ln50 & select_ln53_1 == 7 & select_ln53 == 0)> <Delay = 0.00>
ST_2 : Operation 50 [1/1] (0.00ns)   --->   "%br_ln56 = br void %arrayidx2967.i.exit85" [src/conv1.cpp:56->src/conv1.cpp:139]   --->   Operation 50 'br' 'br_ln56' <Predicate = (!icmp_ln50 & select_ln53_1 == 7 & select_ln53 != 0 & select_ln53 != 1 & select_ln53 != 2 & select_ln53 != 3 & select_ln53 != 4 & select_ln53 != 5 & select_ln53 != 6 & select_ln53 != 7)> <Delay = 0.00>
ST_2 : Operation 51 [1/1] (0.74ns)   --->   "%switch_ln56 = switch i4 %select_ln53, void %arrayidx2967.i.case.883, i4 0, void %arrayidx2967.i.case.075, i4 1, void %arrayidx2967.i.case.176, i4 2, void %arrayidx2967.i.case.277, i4 3, void %arrayidx2967.i.case.378, i4 4, void %arrayidx2967.i.case.479, i4 5, void %arrayidx2967.i.case.580, i4 6, void %arrayidx2967.i.case.681, i4 7, void %arrayidx2967.i.case.782" [src/conv1.cpp:56->src/conv1.cpp:139]   --->   Operation 51 'switch' 'switch_ln56' <Predicate = (!icmp_ln50 & select_ln53_1 == 6)> <Delay = 0.74>
ST_2 : Operation 52 [1/1] (0.00ns)   --->   "%br_ln56 = br void %arrayidx2967.i.exit74" [src/conv1.cpp:56->src/conv1.cpp:139]   --->   Operation 52 'br' 'br_ln56' <Predicate = (!icmp_ln50 & select_ln53_1 == 6 & select_ln53 == 7)> <Delay = 0.00>
ST_2 : Operation 53 [1/1] (0.00ns)   --->   "%br_ln56 = br void %arrayidx2967.i.exit74" [src/conv1.cpp:56->src/conv1.cpp:139]   --->   Operation 53 'br' 'br_ln56' <Predicate = (!icmp_ln50 & select_ln53_1 == 6 & select_ln53 == 6)> <Delay = 0.00>
ST_2 : Operation 54 [1/1] (0.00ns)   --->   "%br_ln56 = br void %arrayidx2967.i.exit74" [src/conv1.cpp:56->src/conv1.cpp:139]   --->   Operation 54 'br' 'br_ln56' <Predicate = (!icmp_ln50 & select_ln53_1 == 6 & select_ln53 == 5)> <Delay = 0.00>
ST_2 : Operation 55 [1/1] (0.00ns)   --->   "%br_ln56 = br void %arrayidx2967.i.exit74" [src/conv1.cpp:56->src/conv1.cpp:139]   --->   Operation 55 'br' 'br_ln56' <Predicate = (!icmp_ln50 & select_ln53_1 == 6 & select_ln53 == 4)> <Delay = 0.00>
ST_2 : Operation 56 [1/1] (0.00ns)   --->   "%br_ln56 = br void %arrayidx2967.i.exit74" [src/conv1.cpp:56->src/conv1.cpp:139]   --->   Operation 56 'br' 'br_ln56' <Predicate = (!icmp_ln50 & select_ln53_1 == 6 & select_ln53 == 3)> <Delay = 0.00>
ST_2 : Operation 57 [1/1] (0.00ns)   --->   "%br_ln56 = br void %arrayidx2967.i.exit74" [src/conv1.cpp:56->src/conv1.cpp:139]   --->   Operation 57 'br' 'br_ln56' <Predicate = (!icmp_ln50 & select_ln53_1 == 6 & select_ln53 == 2)> <Delay = 0.00>
ST_2 : Operation 58 [1/1] (0.00ns)   --->   "%br_ln56 = br void %arrayidx2967.i.exit74" [src/conv1.cpp:56->src/conv1.cpp:139]   --->   Operation 58 'br' 'br_ln56' <Predicate = (!icmp_ln50 & select_ln53_1 == 6 & select_ln53 == 1)> <Delay = 0.00>
ST_2 : Operation 59 [1/1] (0.00ns)   --->   "%br_ln56 = br void %arrayidx2967.i.exit74" [src/conv1.cpp:56->src/conv1.cpp:139]   --->   Operation 59 'br' 'br_ln56' <Predicate = (!icmp_ln50 & select_ln53_1 == 6 & select_ln53 == 0)> <Delay = 0.00>
ST_2 : Operation 60 [1/1] (0.00ns)   --->   "%br_ln56 = br void %arrayidx2967.i.exit74" [src/conv1.cpp:56->src/conv1.cpp:139]   --->   Operation 60 'br' 'br_ln56' <Predicate = (!icmp_ln50 & select_ln53_1 == 6 & select_ln53 != 0 & select_ln53 != 1 & select_ln53 != 2 & select_ln53 != 3 & select_ln53 != 4 & select_ln53 != 5 & select_ln53 != 6 & select_ln53 != 7)> <Delay = 0.00>
ST_2 : Operation 61 [1/1] (0.74ns)   --->   "%switch_ln56 = switch i4 %select_ln53, void %arrayidx2967.i.case.872, i4 0, void %arrayidx2967.i.case.064, i4 1, void %arrayidx2967.i.case.165, i4 2, void %arrayidx2967.i.case.266, i4 3, void %arrayidx2967.i.case.367, i4 4, void %arrayidx2967.i.case.468, i4 5, void %arrayidx2967.i.case.569, i4 6, void %arrayidx2967.i.case.670, i4 7, void %arrayidx2967.i.case.771" [src/conv1.cpp:56->src/conv1.cpp:139]   --->   Operation 61 'switch' 'switch_ln56' <Predicate = (!icmp_ln50 & select_ln53_1 == 5)> <Delay = 0.74>
ST_2 : Operation 62 [1/1] (0.00ns)   --->   "%br_ln56 = br void %arrayidx2967.i.exit63" [src/conv1.cpp:56->src/conv1.cpp:139]   --->   Operation 62 'br' 'br_ln56' <Predicate = (!icmp_ln50 & select_ln53_1 == 5 & select_ln53 == 7)> <Delay = 0.00>
ST_2 : Operation 63 [1/1] (0.00ns)   --->   "%br_ln56 = br void %arrayidx2967.i.exit63" [src/conv1.cpp:56->src/conv1.cpp:139]   --->   Operation 63 'br' 'br_ln56' <Predicate = (!icmp_ln50 & select_ln53_1 == 5 & select_ln53 == 6)> <Delay = 0.00>
ST_2 : Operation 64 [1/1] (0.00ns)   --->   "%br_ln56 = br void %arrayidx2967.i.exit63" [src/conv1.cpp:56->src/conv1.cpp:139]   --->   Operation 64 'br' 'br_ln56' <Predicate = (!icmp_ln50 & select_ln53_1 == 5 & select_ln53 == 5)> <Delay = 0.00>
ST_2 : Operation 65 [1/1] (0.00ns)   --->   "%br_ln56 = br void %arrayidx2967.i.exit63" [src/conv1.cpp:56->src/conv1.cpp:139]   --->   Operation 65 'br' 'br_ln56' <Predicate = (!icmp_ln50 & select_ln53_1 == 5 & select_ln53 == 4)> <Delay = 0.00>
ST_2 : Operation 66 [1/1] (0.00ns)   --->   "%br_ln56 = br void %arrayidx2967.i.exit63" [src/conv1.cpp:56->src/conv1.cpp:139]   --->   Operation 66 'br' 'br_ln56' <Predicate = (!icmp_ln50 & select_ln53_1 == 5 & select_ln53 == 3)> <Delay = 0.00>
ST_2 : Operation 67 [1/1] (0.00ns)   --->   "%br_ln56 = br void %arrayidx2967.i.exit63" [src/conv1.cpp:56->src/conv1.cpp:139]   --->   Operation 67 'br' 'br_ln56' <Predicate = (!icmp_ln50 & select_ln53_1 == 5 & select_ln53 == 2)> <Delay = 0.00>
ST_2 : Operation 68 [1/1] (0.00ns)   --->   "%br_ln56 = br void %arrayidx2967.i.exit63" [src/conv1.cpp:56->src/conv1.cpp:139]   --->   Operation 68 'br' 'br_ln56' <Predicate = (!icmp_ln50 & select_ln53_1 == 5 & select_ln53 == 1)> <Delay = 0.00>
ST_2 : Operation 69 [1/1] (0.00ns)   --->   "%br_ln56 = br void %arrayidx2967.i.exit63" [src/conv1.cpp:56->src/conv1.cpp:139]   --->   Operation 69 'br' 'br_ln56' <Predicate = (!icmp_ln50 & select_ln53_1 == 5 & select_ln53 == 0)> <Delay = 0.00>
ST_2 : Operation 70 [1/1] (0.00ns)   --->   "%br_ln56 = br void %arrayidx2967.i.exit63" [src/conv1.cpp:56->src/conv1.cpp:139]   --->   Operation 70 'br' 'br_ln56' <Predicate = (!icmp_ln50 & select_ln53_1 == 5 & select_ln53 != 0 & select_ln53 != 1 & select_ln53 != 2 & select_ln53 != 3 & select_ln53 != 4 & select_ln53 != 5 & select_ln53 != 6 & select_ln53 != 7)> <Delay = 0.00>
ST_2 : Operation 71 [1/1] (0.74ns)   --->   "%switch_ln56 = switch i4 %select_ln53, void %arrayidx2967.i.case.861, i4 0, void %arrayidx2967.i.case.053, i4 1, void %arrayidx2967.i.case.154, i4 2, void %arrayidx2967.i.case.255, i4 3, void %arrayidx2967.i.case.356, i4 4, void %arrayidx2967.i.case.457, i4 5, void %arrayidx2967.i.case.558, i4 6, void %arrayidx2967.i.case.659, i4 7, void %arrayidx2967.i.case.760" [src/conv1.cpp:56->src/conv1.cpp:139]   --->   Operation 71 'switch' 'switch_ln56' <Predicate = (!icmp_ln50 & select_ln53_1 == 4)> <Delay = 0.74>
ST_2 : Operation 72 [1/1] (0.00ns)   --->   "%br_ln56 = br void %arrayidx2967.i.exit52" [src/conv1.cpp:56->src/conv1.cpp:139]   --->   Operation 72 'br' 'br_ln56' <Predicate = (!icmp_ln50 & select_ln53_1 == 4 & select_ln53 == 7)> <Delay = 0.00>
ST_2 : Operation 73 [1/1] (0.00ns)   --->   "%br_ln56 = br void %arrayidx2967.i.exit52" [src/conv1.cpp:56->src/conv1.cpp:139]   --->   Operation 73 'br' 'br_ln56' <Predicate = (!icmp_ln50 & select_ln53_1 == 4 & select_ln53 == 6)> <Delay = 0.00>
ST_2 : Operation 74 [1/1] (0.00ns)   --->   "%br_ln56 = br void %arrayidx2967.i.exit52" [src/conv1.cpp:56->src/conv1.cpp:139]   --->   Operation 74 'br' 'br_ln56' <Predicate = (!icmp_ln50 & select_ln53_1 == 4 & select_ln53 == 5)> <Delay = 0.00>
ST_2 : Operation 75 [1/1] (0.00ns)   --->   "%br_ln56 = br void %arrayidx2967.i.exit52" [src/conv1.cpp:56->src/conv1.cpp:139]   --->   Operation 75 'br' 'br_ln56' <Predicate = (!icmp_ln50 & select_ln53_1 == 4 & select_ln53 == 4)> <Delay = 0.00>
ST_2 : Operation 76 [1/1] (0.00ns)   --->   "%br_ln56 = br void %arrayidx2967.i.exit52" [src/conv1.cpp:56->src/conv1.cpp:139]   --->   Operation 76 'br' 'br_ln56' <Predicate = (!icmp_ln50 & select_ln53_1 == 4 & select_ln53 == 3)> <Delay = 0.00>
ST_2 : Operation 77 [1/1] (0.00ns)   --->   "%br_ln56 = br void %arrayidx2967.i.exit52" [src/conv1.cpp:56->src/conv1.cpp:139]   --->   Operation 77 'br' 'br_ln56' <Predicate = (!icmp_ln50 & select_ln53_1 == 4 & select_ln53 == 2)> <Delay = 0.00>
ST_2 : Operation 78 [1/1] (0.00ns)   --->   "%br_ln56 = br void %arrayidx2967.i.exit52" [src/conv1.cpp:56->src/conv1.cpp:139]   --->   Operation 78 'br' 'br_ln56' <Predicate = (!icmp_ln50 & select_ln53_1 == 4 & select_ln53 == 1)> <Delay = 0.00>
ST_2 : Operation 79 [1/1] (0.00ns)   --->   "%br_ln56 = br void %arrayidx2967.i.exit52" [src/conv1.cpp:56->src/conv1.cpp:139]   --->   Operation 79 'br' 'br_ln56' <Predicate = (!icmp_ln50 & select_ln53_1 == 4 & select_ln53 == 0)> <Delay = 0.00>
ST_2 : Operation 80 [1/1] (0.00ns)   --->   "%br_ln56 = br void %arrayidx2967.i.exit52" [src/conv1.cpp:56->src/conv1.cpp:139]   --->   Operation 80 'br' 'br_ln56' <Predicate = (!icmp_ln50 & select_ln53_1 == 4 & select_ln53 != 0 & select_ln53 != 1 & select_ln53 != 2 & select_ln53 != 3 & select_ln53 != 4 & select_ln53 != 5 & select_ln53 != 6 & select_ln53 != 7)> <Delay = 0.00>
ST_2 : Operation 81 [1/1] (0.74ns)   --->   "%switch_ln56 = switch i4 %select_ln53, void %arrayidx2967.i.case.850, i4 0, void %arrayidx2967.i.case.042, i4 1, void %arrayidx2967.i.case.143, i4 2, void %arrayidx2967.i.case.244, i4 3, void %arrayidx2967.i.case.345, i4 4, void %arrayidx2967.i.case.446, i4 5, void %arrayidx2967.i.case.547, i4 6, void %arrayidx2967.i.case.648, i4 7, void %arrayidx2967.i.case.749" [src/conv1.cpp:56->src/conv1.cpp:139]   --->   Operation 81 'switch' 'switch_ln56' <Predicate = (!icmp_ln50 & select_ln53_1 == 3)> <Delay = 0.74>
ST_2 : Operation 82 [1/1] (0.00ns)   --->   "%br_ln56 = br void %arrayidx2967.i.exit41" [src/conv1.cpp:56->src/conv1.cpp:139]   --->   Operation 82 'br' 'br_ln56' <Predicate = (!icmp_ln50 & select_ln53_1 == 3 & select_ln53 == 7)> <Delay = 0.00>
ST_2 : Operation 83 [1/1] (0.00ns)   --->   "%br_ln56 = br void %arrayidx2967.i.exit41" [src/conv1.cpp:56->src/conv1.cpp:139]   --->   Operation 83 'br' 'br_ln56' <Predicate = (!icmp_ln50 & select_ln53_1 == 3 & select_ln53 == 6)> <Delay = 0.00>
ST_2 : Operation 84 [1/1] (0.00ns)   --->   "%br_ln56 = br void %arrayidx2967.i.exit41" [src/conv1.cpp:56->src/conv1.cpp:139]   --->   Operation 84 'br' 'br_ln56' <Predicate = (!icmp_ln50 & select_ln53_1 == 3 & select_ln53 == 5)> <Delay = 0.00>
ST_2 : Operation 85 [1/1] (0.00ns)   --->   "%br_ln56 = br void %arrayidx2967.i.exit41" [src/conv1.cpp:56->src/conv1.cpp:139]   --->   Operation 85 'br' 'br_ln56' <Predicate = (!icmp_ln50 & select_ln53_1 == 3 & select_ln53 == 4)> <Delay = 0.00>
ST_2 : Operation 86 [1/1] (0.00ns)   --->   "%br_ln56 = br void %arrayidx2967.i.exit41" [src/conv1.cpp:56->src/conv1.cpp:139]   --->   Operation 86 'br' 'br_ln56' <Predicate = (!icmp_ln50 & select_ln53_1 == 3 & select_ln53 == 3)> <Delay = 0.00>
ST_2 : Operation 87 [1/1] (0.00ns)   --->   "%br_ln56 = br void %arrayidx2967.i.exit41" [src/conv1.cpp:56->src/conv1.cpp:139]   --->   Operation 87 'br' 'br_ln56' <Predicate = (!icmp_ln50 & select_ln53_1 == 3 & select_ln53 == 2)> <Delay = 0.00>
ST_2 : Operation 88 [1/1] (0.00ns)   --->   "%br_ln56 = br void %arrayidx2967.i.exit41" [src/conv1.cpp:56->src/conv1.cpp:139]   --->   Operation 88 'br' 'br_ln56' <Predicate = (!icmp_ln50 & select_ln53_1 == 3 & select_ln53 == 1)> <Delay = 0.00>
ST_2 : Operation 89 [1/1] (0.00ns)   --->   "%br_ln56 = br void %arrayidx2967.i.exit41" [src/conv1.cpp:56->src/conv1.cpp:139]   --->   Operation 89 'br' 'br_ln56' <Predicate = (!icmp_ln50 & select_ln53_1 == 3 & select_ln53 == 0)> <Delay = 0.00>
ST_2 : Operation 90 [1/1] (0.00ns)   --->   "%br_ln56 = br void %arrayidx2967.i.exit41" [src/conv1.cpp:56->src/conv1.cpp:139]   --->   Operation 90 'br' 'br_ln56' <Predicate = (!icmp_ln50 & select_ln53_1 == 3 & select_ln53 != 0 & select_ln53 != 1 & select_ln53 != 2 & select_ln53 != 3 & select_ln53 != 4 & select_ln53 != 5 & select_ln53 != 6 & select_ln53 != 7)> <Delay = 0.00>
ST_2 : Operation 91 [1/1] (0.74ns)   --->   "%switch_ln56 = switch i4 %select_ln53, void %arrayidx2967.i.case.839, i4 0, void %arrayidx2967.i.case.031, i4 1, void %arrayidx2967.i.case.132, i4 2, void %arrayidx2967.i.case.233, i4 3, void %arrayidx2967.i.case.334, i4 4, void %arrayidx2967.i.case.435, i4 5, void %arrayidx2967.i.case.536, i4 6, void %arrayidx2967.i.case.637, i4 7, void %arrayidx2967.i.case.738" [src/conv1.cpp:56->src/conv1.cpp:139]   --->   Operation 91 'switch' 'switch_ln56' <Predicate = (!icmp_ln50 & select_ln53_1 == 2)> <Delay = 0.74>
ST_2 : Operation 92 [1/1] (0.00ns)   --->   "%br_ln56 = br void %arrayidx2967.i.exit30" [src/conv1.cpp:56->src/conv1.cpp:139]   --->   Operation 92 'br' 'br_ln56' <Predicate = (!icmp_ln50 & select_ln53_1 == 2 & select_ln53 == 7)> <Delay = 0.00>
ST_2 : Operation 93 [1/1] (0.00ns)   --->   "%br_ln56 = br void %arrayidx2967.i.exit30" [src/conv1.cpp:56->src/conv1.cpp:139]   --->   Operation 93 'br' 'br_ln56' <Predicate = (!icmp_ln50 & select_ln53_1 == 2 & select_ln53 == 6)> <Delay = 0.00>
ST_2 : Operation 94 [1/1] (0.00ns)   --->   "%br_ln56 = br void %arrayidx2967.i.exit30" [src/conv1.cpp:56->src/conv1.cpp:139]   --->   Operation 94 'br' 'br_ln56' <Predicate = (!icmp_ln50 & select_ln53_1 == 2 & select_ln53 == 5)> <Delay = 0.00>
ST_2 : Operation 95 [1/1] (0.00ns)   --->   "%br_ln56 = br void %arrayidx2967.i.exit30" [src/conv1.cpp:56->src/conv1.cpp:139]   --->   Operation 95 'br' 'br_ln56' <Predicate = (!icmp_ln50 & select_ln53_1 == 2 & select_ln53 == 4)> <Delay = 0.00>
ST_2 : Operation 96 [1/1] (0.00ns)   --->   "%br_ln56 = br void %arrayidx2967.i.exit30" [src/conv1.cpp:56->src/conv1.cpp:139]   --->   Operation 96 'br' 'br_ln56' <Predicate = (!icmp_ln50 & select_ln53_1 == 2 & select_ln53 == 3)> <Delay = 0.00>
ST_2 : Operation 97 [1/1] (0.00ns)   --->   "%br_ln56 = br void %arrayidx2967.i.exit30" [src/conv1.cpp:56->src/conv1.cpp:139]   --->   Operation 97 'br' 'br_ln56' <Predicate = (!icmp_ln50 & select_ln53_1 == 2 & select_ln53 == 2)> <Delay = 0.00>
ST_2 : Operation 98 [1/1] (0.00ns)   --->   "%br_ln56 = br void %arrayidx2967.i.exit30" [src/conv1.cpp:56->src/conv1.cpp:139]   --->   Operation 98 'br' 'br_ln56' <Predicate = (!icmp_ln50 & select_ln53_1 == 2 & select_ln53 == 1)> <Delay = 0.00>
ST_2 : Operation 99 [1/1] (0.00ns)   --->   "%br_ln56 = br void %arrayidx2967.i.exit30" [src/conv1.cpp:56->src/conv1.cpp:139]   --->   Operation 99 'br' 'br_ln56' <Predicate = (!icmp_ln50 & select_ln53_1 == 2 & select_ln53 == 0)> <Delay = 0.00>
ST_2 : Operation 100 [1/1] (0.00ns)   --->   "%br_ln56 = br void %arrayidx2967.i.exit30" [src/conv1.cpp:56->src/conv1.cpp:139]   --->   Operation 100 'br' 'br_ln56' <Predicate = (!icmp_ln50 & select_ln53_1 == 2 & select_ln53 != 0 & select_ln53 != 1 & select_ln53 != 2 & select_ln53 != 3 & select_ln53 != 4 & select_ln53 != 5 & select_ln53 != 6 & select_ln53 != 7)> <Delay = 0.00>
ST_2 : Operation 101 [1/1] (0.74ns)   --->   "%switch_ln56 = switch i4 %select_ln53, void %arrayidx2967.i.case.828, i4 0, void %arrayidx2967.i.case.020, i4 1, void %arrayidx2967.i.case.121, i4 2, void %arrayidx2967.i.case.222, i4 3, void %arrayidx2967.i.case.323, i4 4, void %arrayidx2967.i.case.424, i4 5, void %arrayidx2967.i.case.525, i4 6, void %arrayidx2967.i.case.626, i4 7, void %arrayidx2967.i.case.727" [src/conv1.cpp:56->src/conv1.cpp:139]   --->   Operation 101 'switch' 'switch_ln56' <Predicate = (!icmp_ln50 & select_ln53_1 == 1)> <Delay = 0.74>
ST_2 : Operation 102 [1/1] (0.00ns)   --->   "%br_ln56 = br void %arrayidx2967.i.exit19" [src/conv1.cpp:56->src/conv1.cpp:139]   --->   Operation 102 'br' 'br_ln56' <Predicate = (!icmp_ln50 & select_ln53_1 == 1 & select_ln53 == 7)> <Delay = 0.00>
ST_2 : Operation 103 [1/1] (0.00ns)   --->   "%br_ln56 = br void %arrayidx2967.i.exit19" [src/conv1.cpp:56->src/conv1.cpp:139]   --->   Operation 103 'br' 'br_ln56' <Predicate = (!icmp_ln50 & select_ln53_1 == 1 & select_ln53 == 6)> <Delay = 0.00>
ST_2 : Operation 104 [1/1] (0.00ns)   --->   "%br_ln56 = br void %arrayidx2967.i.exit19" [src/conv1.cpp:56->src/conv1.cpp:139]   --->   Operation 104 'br' 'br_ln56' <Predicate = (!icmp_ln50 & select_ln53_1 == 1 & select_ln53 == 5)> <Delay = 0.00>
ST_2 : Operation 105 [1/1] (0.00ns)   --->   "%br_ln56 = br void %arrayidx2967.i.exit19" [src/conv1.cpp:56->src/conv1.cpp:139]   --->   Operation 105 'br' 'br_ln56' <Predicate = (!icmp_ln50 & select_ln53_1 == 1 & select_ln53 == 4)> <Delay = 0.00>
ST_2 : Operation 106 [1/1] (0.00ns)   --->   "%br_ln56 = br void %arrayidx2967.i.exit19" [src/conv1.cpp:56->src/conv1.cpp:139]   --->   Operation 106 'br' 'br_ln56' <Predicate = (!icmp_ln50 & select_ln53_1 == 1 & select_ln53 == 3)> <Delay = 0.00>
ST_2 : Operation 107 [1/1] (0.00ns)   --->   "%br_ln56 = br void %arrayidx2967.i.exit19" [src/conv1.cpp:56->src/conv1.cpp:139]   --->   Operation 107 'br' 'br_ln56' <Predicate = (!icmp_ln50 & select_ln53_1 == 1 & select_ln53 == 2)> <Delay = 0.00>
ST_2 : Operation 108 [1/1] (0.00ns)   --->   "%br_ln56 = br void %arrayidx2967.i.exit19" [src/conv1.cpp:56->src/conv1.cpp:139]   --->   Operation 108 'br' 'br_ln56' <Predicate = (!icmp_ln50 & select_ln53_1 == 1 & select_ln53 == 1)> <Delay = 0.00>
ST_2 : Operation 109 [1/1] (0.00ns)   --->   "%br_ln56 = br void %arrayidx2967.i.exit19" [src/conv1.cpp:56->src/conv1.cpp:139]   --->   Operation 109 'br' 'br_ln56' <Predicate = (!icmp_ln50 & select_ln53_1 == 1 & select_ln53 == 0)> <Delay = 0.00>
ST_2 : Operation 110 [1/1] (0.00ns)   --->   "%br_ln56 = br void %arrayidx2967.i.exit19" [src/conv1.cpp:56->src/conv1.cpp:139]   --->   Operation 110 'br' 'br_ln56' <Predicate = (!icmp_ln50 & select_ln53_1 == 1 & select_ln53 != 0 & select_ln53 != 1 & select_ln53 != 2 & select_ln53 != 3 & select_ln53 != 4 & select_ln53 != 5 & select_ln53 != 6 & select_ln53 != 7)> <Delay = 0.00>
ST_2 : Operation 111 [1/1] (0.74ns)   --->   "%switch_ln56 = switch i4 %select_ln53, void %arrayidx2967.i.case.817, i4 0, void %arrayidx2967.i.case.09, i4 1, void %arrayidx2967.i.case.110, i4 2, void %arrayidx2967.i.case.211, i4 3, void %arrayidx2967.i.case.312, i4 4, void %arrayidx2967.i.case.413, i4 5, void %arrayidx2967.i.case.514, i4 6, void %arrayidx2967.i.case.615, i4 7, void %arrayidx2967.i.case.716" [src/conv1.cpp:56->src/conv1.cpp:139]   --->   Operation 111 'switch' 'switch_ln56' <Predicate = (!icmp_ln50 & select_ln53_1 == 0)> <Delay = 0.74>
ST_2 : Operation 112 [1/1] (0.00ns)   --->   "%br_ln56 = br void %arrayidx2967.i.exit8" [src/conv1.cpp:56->src/conv1.cpp:139]   --->   Operation 112 'br' 'br_ln56' <Predicate = (!icmp_ln50 & select_ln53_1 == 0 & select_ln53 == 7)> <Delay = 0.00>
ST_2 : Operation 113 [1/1] (0.00ns)   --->   "%br_ln56 = br void %arrayidx2967.i.exit8" [src/conv1.cpp:56->src/conv1.cpp:139]   --->   Operation 113 'br' 'br_ln56' <Predicate = (!icmp_ln50 & select_ln53_1 == 0 & select_ln53 == 6)> <Delay = 0.00>
ST_2 : Operation 114 [1/1] (0.00ns)   --->   "%br_ln56 = br void %arrayidx2967.i.exit8" [src/conv1.cpp:56->src/conv1.cpp:139]   --->   Operation 114 'br' 'br_ln56' <Predicate = (!icmp_ln50 & select_ln53_1 == 0 & select_ln53 == 5)> <Delay = 0.00>
ST_2 : Operation 115 [1/1] (0.00ns)   --->   "%br_ln56 = br void %arrayidx2967.i.exit8" [src/conv1.cpp:56->src/conv1.cpp:139]   --->   Operation 115 'br' 'br_ln56' <Predicate = (!icmp_ln50 & select_ln53_1 == 0 & select_ln53 == 4)> <Delay = 0.00>
ST_2 : Operation 116 [1/1] (0.00ns)   --->   "%br_ln56 = br void %arrayidx2967.i.exit8" [src/conv1.cpp:56->src/conv1.cpp:139]   --->   Operation 116 'br' 'br_ln56' <Predicate = (!icmp_ln50 & select_ln53_1 == 0 & select_ln53 == 3)> <Delay = 0.00>
ST_2 : Operation 117 [1/1] (0.00ns)   --->   "%br_ln56 = br void %arrayidx2967.i.exit8" [src/conv1.cpp:56->src/conv1.cpp:139]   --->   Operation 117 'br' 'br_ln56' <Predicate = (!icmp_ln50 & select_ln53_1 == 0 & select_ln53 == 2)> <Delay = 0.00>
ST_2 : Operation 118 [1/1] (0.00ns)   --->   "%br_ln56 = br void %arrayidx2967.i.exit8" [src/conv1.cpp:56->src/conv1.cpp:139]   --->   Operation 118 'br' 'br_ln56' <Predicate = (!icmp_ln50 & select_ln53_1 == 0 & select_ln53 == 1)> <Delay = 0.00>
ST_2 : Operation 119 [1/1] (0.00ns)   --->   "%br_ln56 = br void %arrayidx2967.i.exit8" [src/conv1.cpp:56->src/conv1.cpp:139]   --->   Operation 119 'br' 'br_ln56' <Predicate = (!icmp_ln50 & select_ln53_1 == 0 & select_ln53 == 0)> <Delay = 0.00>
ST_2 : Operation 120 [1/1] (0.00ns)   --->   "%br_ln56 = br void %arrayidx2967.i.exit8" [src/conv1.cpp:56->src/conv1.cpp:139]   --->   Operation 120 'br' 'br_ln56' <Predicate = (!icmp_ln50 & select_ln53_1 == 0 & select_ln53 != 0 & select_ln53 != 1 & select_ln53 != 2 & select_ln53 != 3 & select_ln53 != 4 & select_ln53 != 5 & select_ln53 != 6 & select_ln53 != 7)> <Delay = 0.00>
ST_2 : Operation 121 [1/1] (0.74ns)   --->   "%switch_ln56 = switch i4 %select_ln53, void %arrayidx2967.i.case.8105, i4 0, void %arrayidx2967.i.case.097, i4 1, void %arrayidx2967.i.case.198, i4 2, void %arrayidx2967.i.case.299, i4 3, void %arrayidx2967.i.case.3100, i4 4, void %arrayidx2967.i.case.4101, i4 5, void %arrayidx2967.i.case.5102, i4 6, void %arrayidx2967.i.case.6103, i4 7, void %arrayidx2967.i.case.7104" [src/conv1.cpp:56->src/conv1.cpp:139]   --->   Operation 121 'switch' 'switch_ln56' <Predicate = (!icmp_ln50 & select_ln53_1 != 0 & select_ln53_1 != 1 & select_ln53_1 != 2 & select_ln53_1 != 3 & select_ln53_1 != 4 & select_ln53_1 != 5 & select_ln53_1 != 6 & select_ln53_1 != 7)> <Delay = 0.74>
ST_2 : Operation 122 [1/1] (0.00ns)   --->   "%br_ln56 = br void %arrayidx2967.i.exit96" [src/conv1.cpp:56->src/conv1.cpp:139]   --->   Operation 122 'br' 'br_ln56' <Predicate = (!icmp_ln50 & select_ln53_1 != 0 & select_ln53_1 != 1 & select_ln53_1 != 2 & select_ln53_1 != 3 & select_ln53_1 != 4 & select_ln53_1 != 5 & select_ln53_1 != 6 & select_ln53_1 != 7 & select_ln53 == 7)> <Delay = 0.00>
ST_2 : Operation 123 [1/1] (0.00ns)   --->   "%br_ln56 = br void %arrayidx2967.i.exit96" [src/conv1.cpp:56->src/conv1.cpp:139]   --->   Operation 123 'br' 'br_ln56' <Predicate = (!icmp_ln50 & select_ln53_1 != 0 & select_ln53_1 != 1 & select_ln53_1 != 2 & select_ln53_1 != 3 & select_ln53_1 != 4 & select_ln53_1 != 5 & select_ln53_1 != 6 & select_ln53_1 != 7 & select_ln53 == 6)> <Delay = 0.00>
ST_2 : Operation 124 [1/1] (0.00ns)   --->   "%br_ln56 = br void %arrayidx2967.i.exit96" [src/conv1.cpp:56->src/conv1.cpp:139]   --->   Operation 124 'br' 'br_ln56' <Predicate = (!icmp_ln50 & select_ln53_1 != 0 & select_ln53_1 != 1 & select_ln53_1 != 2 & select_ln53_1 != 3 & select_ln53_1 != 4 & select_ln53_1 != 5 & select_ln53_1 != 6 & select_ln53_1 != 7 & select_ln53 == 5)> <Delay = 0.00>
ST_2 : Operation 125 [1/1] (0.00ns)   --->   "%br_ln56 = br void %arrayidx2967.i.exit96" [src/conv1.cpp:56->src/conv1.cpp:139]   --->   Operation 125 'br' 'br_ln56' <Predicate = (!icmp_ln50 & select_ln53_1 != 0 & select_ln53_1 != 1 & select_ln53_1 != 2 & select_ln53_1 != 3 & select_ln53_1 != 4 & select_ln53_1 != 5 & select_ln53_1 != 6 & select_ln53_1 != 7 & select_ln53 == 4)> <Delay = 0.00>
ST_2 : Operation 126 [1/1] (0.00ns)   --->   "%br_ln56 = br void %arrayidx2967.i.exit96" [src/conv1.cpp:56->src/conv1.cpp:139]   --->   Operation 126 'br' 'br_ln56' <Predicate = (!icmp_ln50 & select_ln53_1 != 0 & select_ln53_1 != 1 & select_ln53_1 != 2 & select_ln53_1 != 3 & select_ln53_1 != 4 & select_ln53_1 != 5 & select_ln53_1 != 6 & select_ln53_1 != 7 & select_ln53 == 3)> <Delay = 0.00>
ST_2 : Operation 127 [1/1] (0.00ns)   --->   "%br_ln56 = br void %arrayidx2967.i.exit96" [src/conv1.cpp:56->src/conv1.cpp:139]   --->   Operation 127 'br' 'br_ln56' <Predicate = (!icmp_ln50 & select_ln53_1 != 0 & select_ln53_1 != 1 & select_ln53_1 != 2 & select_ln53_1 != 3 & select_ln53_1 != 4 & select_ln53_1 != 5 & select_ln53_1 != 6 & select_ln53_1 != 7 & select_ln53 == 2)> <Delay = 0.00>
ST_2 : Operation 128 [1/1] (0.00ns)   --->   "%br_ln56 = br void %arrayidx2967.i.exit96" [src/conv1.cpp:56->src/conv1.cpp:139]   --->   Operation 128 'br' 'br_ln56' <Predicate = (!icmp_ln50 & select_ln53_1 != 0 & select_ln53_1 != 1 & select_ln53_1 != 2 & select_ln53_1 != 3 & select_ln53_1 != 4 & select_ln53_1 != 5 & select_ln53_1 != 6 & select_ln53_1 != 7 & select_ln53 == 1)> <Delay = 0.00>
ST_2 : Operation 129 [1/1] (0.00ns)   --->   "%br_ln56 = br void %arrayidx2967.i.exit96" [src/conv1.cpp:56->src/conv1.cpp:139]   --->   Operation 129 'br' 'br_ln56' <Predicate = (!icmp_ln50 & select_ln53_1 != 0 & select_ln53_1 != 1 & select_ln53_1 != 2 & select_ln53_1 != 3 & select_ln53_1 != 4 & select_ln53_1 != 5 & select_ln53_1 != 6 & select_ln53_1 != 7 & select_ln53 == 0)> <Delay = 0.00>
ST_2 : Operation 130 [1/1] (0.00ns)   --->   "%br_ln56 = br void %arrayidx2967.i.exit96" [src/conv1.cpp:56->src/conv1.cpp:139]   --->   Operation 130 'br' 'br_ln56' <Predicate = (!icmp_ln50 & select_ln53_1 != 0 & select_ln53_1 != 1 & select_ln53_1 != 2 & select_ln53_1 != 3 & select_ln53_1 != 4 & select_ln53_1 != 5 & select_ln53_1 != 6 & select_ln53_1 != 7 & select_ln53 != 0 & select_ln53 != 1 & select_ln53 != 2 & select_ln53 != 3 & select_ln53 != 4 & select_ln53 != 5 & select_ln53 != 6 & select_ln53 != 7)> <Delay = 0.00>
ST_2 : Operation 131 [1/1] (0.79ns)   --->   "%add_ln54 = add i4 %select_ln53, i4 1" [src/conv1.cpp:54->src/conv1.cpp:139]   --->   Operation 131 'add' 'add_ln54' <Predicate = (!icmp_ln50)> <Delay = 0.79> <CoreInst = "Adder">   --->   Core 1 'Adder' <Latency = 0> <II = 1> <Delay = 0.79> <FuncUnit> <Opcode : 'add' 'sub'> <InPorts = 2> <OutPorts = 1>
ST_2 : Operation 132 [1/1] (0.76ns)   --->   "%add_ln53_1 = add i8 %indvar_flatten45_load, i8 1" [src/conv1.cpp:53->src/conv1.cpp:139]   --->   Operation 132 'add' 'add_ln53_1' <Predicate = (!icmp_ln50)> <Delay = 0.76> <CoreInst = "Adder">   --->   Core 1 'Adder' <Latency = 0> <II = 1> <Delay = 0.76> <FuncUnit> <Opcode : 'add' 'sub'> <InPorts = 2> <OutPorts = 1>
ST_2 : Operation 133 [1/1] (0.39ns)   --->   "%select_ln53_2 = select i1 %icmp_ln53, i8 1, i8 %add_ln53_1" [src/conv1.cpp:53->src/conv1.cpp:139]   --->   Operation 133 'select' 'select_ln53_2' <Predicate = (!icmp_ln50)> <Delay = 0.39> <CoreInst = "Sel">   --->   Core 73 'Sel' <Latency = 0> <II = 1> <Delay = 0.39> <FuncUnit> <Opcode : 'select'> <InPorts = 3> <OutPorts = 1>
ST_2 : Operation 134 [1/1] (0.42ns)   --->   "%store_ln54 = store i8 %select_ln53_2, i8 %indvar_flatten45" [src/conv1.cpp:54->src/conv1.cpp:139]   --->   Operation 134 'store' 'store_ln54' <Predicate = (!icmp_ln50)> <Delay = 0.42>
ST_2 : Operation 135 [1/1] (0.42ns)   --->   "%store_ln54 = store i4 %select_ln53_1, i4 %kh" [src/conv1.cpp:54->src/conv1.cpp:139]   --->   Operation 135 'store' 'store_ln54' <Predicate = (!icmp_ln50)> <Delay = 0.42>
ST_2 : Operation 136 [1/1] (0.42ns)   --->   "%store_ln54 = store i4 %add_ln54, i4 %kw" [src/conv1.cpp:54->src/conv1.cpp:139]   --->   Operation 136 'store' 'store_ln54' <Predicate = (!icmp_ln50)> <Delay = 0.42>
ST_2 : Operation 319 [1/1] (0.00ns)   --->   "%ret_ln0 = ret"   --->   Operation 319 'ret' 'ret_ln0' <Predicate = (icmp_ln50)> <Delay = 0.00>

State 3 <SV = 2> <Delay = 1.86>
ST_3 : Operation 137 [1/1] (0.00ns)   --->   "%tn_load = load i4 %tn" [src/conv1.cpp:50->src/conv1.cpp:139]   --->   Operation 137 'load' 'tn_load' <Predicate = true> <Delay = 0.00>
ST_3 : Operation 138 [1/1] (0.79ns)   --->   "%add_ln50 = add i4 %tn_load, i4 1" [src/conv1.cpp:50->src/conv1.cpp:139]   --->   Operation 138 'add' 'add_ln50' <Predicate = (icmp_ln53)> <Delay = 0.79> <CoreInst = "Adder">   --->   Core 1 'Adder' <Latency = 0> <II = 1> <Delay = 0.79> <FuncUnit> <Opcode : 'add' 'sub'> <InPorts = 2> <OutPorts = 1>
ST_3 : Operation 139 [1/1] (0.00ns)   --->   "%specloopname_ln0 = specloopname void @_ssdm_op_SpecLoopName, void @VITIS_LOOP_50_1_VITIS_LOOP_53_3_VITIS_LOOP_54_4_str"   --->   Operation 139 'specloopname' 'specloopname_ln0' <Predicate = true> <Delay = 0.00>
ST_3 : Operation 140 [1/1] (0.00ns)   --->   "%speclooptripcount_ln0 = speclooptripcount void @_ssdm_op_SpecLoopTripCount, i64 648, i64 648, i64 648"   --->   Operation 140 'speclooptripcount' 'speclooptripcount_ln0' <Predicate = true> <Delay = 0.00>
ST_3 : Operation 141 [1/1] (0.39ns)   --->   "%select_ln50_3 = select i1 %icmp_ln53, i4 %add_ln50, i4 %tn_load" [src/conv1.cpp:50->src/conv1.cpp:139]   --->   Operation 141 'select' 'select_ln50_3' <Predicate = true> <Delay = 0.39> <CoreInst = "Sel">   --->   Core 73 'Sel' <Latency = 0> <II = 1> <Delay = 0.39> <FuncUnit> <Opcode : 'select'> <InPorts = 3> <OutPorts = 1>
ST_3 : Operation 142 [1/1] (0.00ns)   --->   "%zext_ln50 = zext i4 %select_ln50_3" [src/conv1.cpp:50->src/conv1.cpp:139]   --->   Operation 142 'zext' 'zext_ln50' <Predicate = true> <Delay = 0.00>
ST_3 : Operation 143 [1/1] (0.00ns)   --->   "%specloopname_ln0 = specloopname void @_ssdm_op_SpecLoopName, void @VITIS_LOOP_53_3_VITIS_LOOP_54_4_str"   --->   Operation 143 'specloopname' 'specloopname_ln0' <Predicate = true> <Delay = 0.00>
ST_3 : Operation 144 [1/1] (0.00ns)   --->   "%specpipeline_ln55 = specpipeline void @_ssdm_op_SpecPipeline, i32 1, i32 0, i32 0, i32 0, void @empty_40" [src/conv1.cpp:55->src/conv1.cpp:139]   --->   Operation 144 'specpipeline' 'specpipeline_ln55' <Predicate = true> <Delay = 0.00>
ST_3 : Operation 145 [1/1] (0.00ns)   --->   "%specloopname_ln54 = specloopname void @_ssdm_op_SpecLoopName, void @empty_23" [src/conv1.cpp:54->src/conv1.cpp:139]   --->   Operation 145 'specloopname' 'specloopname_ln54' <Predicate = true> <Delay = 0.00>
ST_3 : Operation 146 [1/1] (0.00ns)   --->   "%p_ZZ5conv1PA255_A255_fPA1_A9_A9_fPfS1_E6w_tile_7_7_0_addr = getelementptr i32 %p_ZZ5conv1PA255_A255_fPA1_A9_A9_fPfS1_E6w_tile_7_7_0, i64 0, i64 %zext_ln50" [src/conv1.cpp:56->src/conv1.cpp:139]   --->   Operation 146 'getelementptr' 'p_ZZ5conv1PA255_A255_fPA1_A9_A9_fPfS1_E6w_tile_7_7_0_addr' <Predicate = (select_ln53_1 == 7 & select_ln53 == 7)> <Delay = 0.00>
ST_3 : Operation 147 [1/1] (0.67ns)   --->   "%store_ln56 = store i32 %bitcast_ln56, i3 %p_ZZ5conv1PA255_A255_fPA1_A9_A9_fPfS1_E6w_tile_7_7_0_addr" [src/conv1.cpp:56->src/conv1.cpp:139]   --->   Operation 147 'store' 'store_ln56' <Predicate = (select_ln53_1 == 7 & select_ln53 == 7)> <Delay = 0.67> <CoreInst = "RAM">   --->   Core 83 'RAM' <Latency = 1> <II = 1> <Delay = 0.67> <Storage> <Opcode : 'load' 'store'> <Ports = 2> <Width = 32> <Depth = 8> <RAM>
ST_3 : Operation 148 [1/1] (0.00ns)   --->   "%p_ZZ5conv1PA255_A255_fPA1_A9_A9_fPfS1_E6w_tile_7_6_0_addr = getelementptr i32 %p_ZZ5conv1PA255_A255_fPA1_A9_A9_fPfS1_E6w_tile_7_6_0, i64 0, i64 %zext_ln50" [src/conv1.cpp:56->src/conv1.cpp:139]   --->   Operation 148 'getelementptr' 'p_ZZ5conv1PA255_A255_fPA1_A9_A9_fPfS1_E6w_tile_7_6_0_addr' <Predicate = (select_ln53_1 == 7 & select_ln53 == 6)> <Delay = 0.00>
ST_3 : Operation 149 [1/1] (0.67ns)   --->   "%store_ln56 = store i32 %bitcast_ln56, i3 %p_ZZ5conv1PA255_A255_fPA1_A9_A9_fPfS1_E6w_tile_7_6_0_addr" [src/conv1.cpp:56->src/conv1.cpp:139]   --->   Operation 149 'store' 'store_ln56' <Predicate = (select_ln53_1 == 7 & select_ln53 == 6)> <Delay = 0.67> <CoreInst = "RAM">   --->   Core 83 'RAM' <Latency = 1> <II = 1> <Delay = 0.67> <Storage> <Opcode : 'load' 'store'> <Ports = 2> <Width = 32> <Depth = 8> <RAM>
ST_3 : Operation 150 [1/1] (0.00ns)   --->   "%p_ZZ5conv1PA255_A255_fPA1_A9_A9_fPfS1_E6w_tile_7_5_0_addr = getelementptr i32 %p_ZZ5conv1PA255_A255_fPA1_A9_A9_fPfS1_E6w_tile_7_5_0, i64 0, i64 %zext_ln50" [src/conv1.cpp:56->src/conv1.cpp:139]   --->   Operation 150 'getelementptr' 'p_ZZ5conv1PA255_A255_fPA1_A9_A9_fPfS1_E6w_tile_7_5_0_addr' <Predicate = (select_ln53_1 == 7 & select_ln53 == 5)> <Delay = 0.00>
ST_3 : Operation 151 [1/1] (0.67ns)   --->   "%store_ln56 = store i32 %bitcast_ln56, i3 %p_ZZ5conv1PA255_A255_fPA1_A9_A9_fPfS1_E6w_tile_7_5_0_addr" [src/conv1.cpp:56->src/conv1.cpp:139]   --->   Operation 151 'store' 'store_ln56' <Predicate = (select_ln53_1 == 7 & select_ln53 == 5)> <Delay = 0.67> <CoreInst = "RAM">   --->   Core 83 'RAM' <Latency = 1> <II = 1> <Delay = 0.67> <Storage> <Opcode : 'load' 'store'> <Ports = 2> <Width = 32> <Depth = 8> <RAM>
ST_3 : Operation 152 [1/1] (0.00ns)   --->   "%p_ZZ5conv1PA255_A255_fPA1_A9_A9_fPfS1_E6w_tile_7_4_0_addr = getelementptr i32 %p_ZZ5conv1PA255_A255_fPA1_A9_A9_fPfS1_E6w_tile_7_4_0, i64 0, i64 %zext_ln50" [src/conv1.cpp:56->src/conv1.cpp:139]   --->   Operation 152 'getelementptr' 'p_ZZ5conv1PA255_A255_fPA1_A9_A9_fPfS1_E6w_tile_7_4_0_addr' <Predicate = (select_ln53_1 == 7 & select_ln53 == 4)> <Delay = 0.00>
ST_3 : Operation 153 [1/1] (0.67ns)   --->   "%store_ln56 = store i32 %bitcast_ln56, i3 %p_ZZ5conv1PA255_A255_fPA1_A9_A9_fPfS1_E6w_tile_7_4_0_addr" [src/conv1.cpp:56->src/conv1.cpp:139]   --->   Operation 153 'store' 'store_ln56' <Predicate = (select_ln53_1 == 7 & select_ln53 == 4)> <Delay = 0.67> <CoreInst = "RAM">   --->   Core 83 'RAM' <Latency = 1> <II = 1> <Delay = 0.67> <Storage> <Opcode : 'load' 'store'> <Ports = 2> <Width = 32> <Depth = 8> <RAM>
ST_3 : Operation 154 [1/1] (0.00ns)   --->   "%p_ZZ5conv1PA255_A255_fPA1_A9_A9_fPfS1_E6w_tile_7_3_0_addr = getelementptr i32 %p_ZZ5conv1PA255_A255_fPA1_A9_A9_fPfS1_E6w_tile_7_3_0, i64 0, i64 %zext_ln50" [src/conv1.cpp:56->src/conv1.cpp:139]   --->   Operation 154 'getelementptr' 'p_ZZ5conv1PA255_A255_fPA1_A9_A9_fPfS1_E6w_tile_7_3_0_addr' <Predicate = (select_ln53_1 == 7 & select_ln53 == 3)> <Delay = 0.00>
ST_3 : Operation 155 [1/1] (0.67ns)   --->   "%store_ln56 = store i32 %bitcast_ln56, i3 %p_ZZ5conv1PA255_A255_fPA1_A9_A9_fPfS1_E6w_tile_7_3_0_addr" [src/conv1.cpp:56->src/conv1.cpp:139]   --->   Operation 155 'store' 'store_ln56' <Predicate = (select_ln53_1 == 7 & select_ln53 == 3)> <Delay = 0.67> <CoreInst = "RAM">   --->   Core 83 'RAM' <Latency = 1> <II = 1> <Delay = 0.67> <Storage> <Opcode : 'load' 'store'> <Ports = 2> <Width = 32> <Depth = 8> <RAM>
ST_3 : Operation 156 [1/1] (0.00ns)   --->   "%p_ZZ5conv1PA255_A255_fPA1_A9_A9_fPfS1_E6w_tile_7_2_0_addr = getelementptr i32 %p_ZZ5conv1PA255_A255_fPA1_A9_A9_fPfS1_E6w_tile_7_2_0, i64 0, i64 %zext_ln50" [src/conv1.cpp:56->src/conv1.cpp:139]   --->   Operation 156 'getelementptr' 'p_ZZ5conv1PA255_A255_fPA1_A9_A9_fPfS1_E6w_tile_7_2_0_addr' <Predicate = (select_ln53_1 == 7 & select_ln53 == 2)> <Delay = 0.00>
ST_3 : Operation 157 [1/1] (0.67ns)   --->   "%store_ln56 = store i32 %bitcast_ln56, i3 %p_ZZ5conv1PA255_A255_fPA1_A9_A9_fPfS1_E6w_tile_7_2_0_addr" [src/conv1.cpp:56->src/conv1.cpp:139]   --->   Operation 157 'store' 'store_ln56' <Predicate = (select_ln53_1 == 7 & select_ln53 == 2)> <Delay = 0.67> <CoreInst = "RAM">   --->   Core 83 'RAM' <Latency = 1> <II = 1> <Delay = 0.67> <Storage> <Opcode : 'load' 'store'> <Ports = 2> <Width = 32> <Depth = 8> <RAM>
ST_3 : Operation 158 [1/1] (0.00ns)   --->   "%p_ZZ5conv1PA255_A255_fPA1_A9_A9_fPfS1_E6w_tile_7_1_0_addr = getelementptr i32 %p_ZZ5conv1PA255_A255_fPA1_A9_A9_fPfS1_E6w_tile_7_1_0, i64 0, i64 %zext_ln50" [src/conv1.cpp:56->src/conv1.cpp:139]   --->   Operation 158 'getelementptr' 'p_ZZ5conv1PA255_A255_fPA1_A9_A9_fPfS1_E6w_tile_7_1_0_addr' <Predicate = (select_ln53_1 == 7 & select_ln53 == 1)> <Delay = 0.00>
ST_3 : Operation 159 [1/1] (0.67ns)   --->   "%store_ln56 = store i32 %bitcast_ln56, i3 %p_ZZ5conv1PA255_A255_fPA1_A9_A9_fPfS1_E6w_tile_7_1_0_addr" [src/conv1.cpp:56->src/conv1.cpp:139]   --->   Operation 159 'store' 'store_ln56' <Predicate = (select_ln53_1 == 7 & select_ln53 == 1)> <Delay = 0.67> <CoreInst = "RAM">   --->   Core 83 'RAM' <Latency = 1> <II = 1> <Delay = 0.67> <Storage> <Opcode : 'load' 'store'> <Ports = 2> <Width = 32> <Depth = 8> <RAM>
ST_3 : Operation 160 [1/1] (0.00ns)   --->   "%p_ZZ5conv1PA255_A255_fPA1_A9_A9_fPfS1_E6w_tile_7_0_0_addr = getelementptr i32 %p_ZZ5conv1PA255_A255_fPA1_A9_A9_fPfS1_E6w_tile_7_0_0, i64 0, i64 %zext_ln50" [src/conv1.cpp:56->src/conv1.cpp:139]   --->   Operation 160 'getelementptr' 'p_ZZ5conv1PA255_A255_fPA1_A9_A9_fPfS1_E6w_tile_7_0_0_addr' <Predicate = (select_ln53_1 == 7 & select_ln53 == 0)> <Delay = 0.00>
ST_3 : Operation 161 [1/1] (0.67ns)   --->   "%store_ln56 = store i32 %bitcast_ln56, i3 %p_ZZ5conv1PA255_A255_fPA1_A9_A9_fPfS1_E6w_tile_7_0_0_addr" [src/conv1.cpp:56->src/conv1.cpp:139]   --->   Operation 161 'store' 'store_ln56' <Predicate = (select_ln53_1 == 7 & select_ln53 == 0)> <Delay = 0.67> <CoreInst = "RAM">   --->   Core 83 'RAM' <Latency = 1> <II = 1> <Delay = 0.67> <Storage> <Opcode : 'load' 'store'> <Ports = 2> <Width = 32> <Depth = 8> <RAM>
ST_3 : Operation 162 [1/1] (0.00ns)   --->   "%p_ZZ5conv1PA255_A255_fPA1_A9_A9_fPfS1_E6w_tile_7_8_0_addr = getelementptr i32 %p_ZZ5conv1PA255_A255_fPA1_A9_A9_fPfS1_E6w_tile_7_8_0, i64 0, i64 %zext_ln50" [src/conv1.cpp:56->src/conv1.cpp:139]   --->   Operation 162 'getelementptr' 'p_ZZ5conv1PA255_A255_fPA1_A9_A9_fPfS1_E6w_tile_7_8_0_addr' <Predicate = (select_ln53_1 == 7 & select_ln53 != 0 & select_ln53 != 1 & select_ln53 != 2 & select_ln53 != 3 & select_ln53 != 4 & select_ln53 != 5 & select_ln53 != 6 & select_ln53 != 7)> <Delay = 0.00>
ST_3 : Operation 163 [1/1] (0.67ns)   --->   "%store_ln56 = store i32 %bitcast_ln56, i3 %p_ZZ5conv1PA255_A255_fPA1_A9_A9_fPfS1_E6w_tile_7_8_0_addr" [src/conv1.cpp:56->src/conv1.cpp:139]   --->   Operation 163 'store' 'store_ln56' <Predicate = (select_ln53_1 == 7 & select_ln53 != 0 & select_ln53 != 1 & select_ln53 != 2 & select_ln53 != 3 & select_ln53 != 4 & select_ln53 != 5 & select_ln53 != 6 & select_ln53 != 7)> <Delay = 0.67> <CoreInst = "RAM">   --->   Core 83 'RAM' <Latency = 1> <II = 1> <Delay = 0.67> <Storage> <Opcode : 'load' 'store'> <Ports = 2> <Width = 32> <Depth = 8> <RAM>
ST_3 : Operation 164 [1/1] (0.00ns)   --->   "%br_ln56 = br void %arrayidx2967.i.exit" [src/conv1.cpp:56->src/conv1.cpp:139]   --->   Operation 164 'br' 'br_ln56' <Predicate = (select_ln53_1 == 7)> <Delay = 0.00>
ST_3 : Operation 165 [1/1] (0.00ns)   --->   "%p_ZZ5conv1PA255_A255_fPA1_A9_A9_fPfS1_E6w_tile_6_7_0_addr = getelementptr i32 %p_ZZ5conv1PA255_A255_fPA1_A9_A9_fPfS1_E6w_tile_6_7_0, i64 0, i64 %zext_ln50" [src/conv1.cpp:56->src/conv1.cpp:139]   --->   Operation 165 'getelementptr' 'p_ZZ5conv1PA255_A255_fPA1_A9_A9_fPfS1_E6w_tile_6_7_0_addr' <Predicate = (select_ln53_1 == 6 & select_ln53 == 7)> <Delay = 0.00>
ST_3 : Operation 166 [1/1] (0.67ns)   --->   "%store_ln56 = store i32 %bitcast_ln56, i3 %p_ZZ5conv1PA255_A255_fPA1_A9_A9_fPfS1_E6w_tile_6_7_0_addr" [src/conv1.cpp:56->src/conv1.cpp:139]   --->   Operation 166 'store' 'store_ln56' <Predicate = (select_ln53_1 == 6 & select_ln53 == 7)> <Delay = 0.67> <CoreInst = "RAM">   --->   Core 83 'RAM' <Latency = 1> <II = 1> <Delay = 0.67> <Storage> <Opcode : 'load' 'store'> <Ports = 2> <Width = 32> <Depth = 8> <RAM>
ST_3 : Operation 167 [1/1] (0.00ns)   --->   "%p_ZZ5conv1PA255_A255_fPA1_A9_A9_fPfS1_E6w_tile_6_6_0_addr = getelementptr i32 %p_ZZ5conv1PA255_A255_fPA1_A9_A9_fPfS1_E6w_tile_6_6_0, i64 0, i64 %zext_ln50" [src/conv1.cpp:56->src/conv1.cpp:139]   --->   Operation 167 'getelementptr' 'p_ZZ5conv1PA255_A255_fPA1_A9_A9_fPfS1_E6w_tile_6_6_0_addr' <Predicate = (select_ln53_1 == 6 & select_ln53 == 6)> <Delay = 0.00>
ST_3 : Operation 168 [1/1] (0.67ns)   --->   "%store_ln56 = store i32 %bitcast_ln56, i3 %p_ZZ5conv1PA255_A255_fPA1_A9_A9_fPfS1_E6w_tile_6_6_0_addr" [src/conv1.cpp:56->src/conv1.cpp:139]   --->   Operation 168 'store' 'store_ln56' <Predicate = (select_ln53_1 == 6 & select_ln53 == 6)> <Delay = 0.67> <CoreInst = "RAM">   --->   Core 83 'RAM' <Latency = 1> <II = 1> <Delay = 0.67> <Storage> <Opcode : 'load' 'store'> <Ports = 2> <Width = 32> <Depth = 8> <RAM>
ST_3 : Operation 169 [1/1] (0.00ns)   --->   "%p_ZZ5conv1PA255_A255_fPA1_A9_A9_fPfS1_E6w_tile_6_5_0_addr = getelementptr i32 %p_ZZ5conv1PA255_A255_fPA1_A9_A9_fPfS1_E6w_tile_6_5_0, i64 0, i64 %zext_ln50" [src/conv1.cpp:56->src/conv1.cpp:139]   --->   Operation 169 'getelementptr' 'p_ZZ5conv1PA255_A255_fPA1_A9_A9_fPfS1_E6w_tile_6_5_0_addr' <Predicate = (select_ln53_1 == 6 & select_ln53 == 5)> <Delay = 0.00>
ST_3 : Operation 170 [1/1] (0.67ns)   --->   "%store_ln56 = store i32 %bitcast_ln56, i3 %p_ZZ5conv1PA255_A255_fPA1_A9_A9_fPfS1_E6w_tile_6_5_0_addr" [src/conv1.cpp:56->src/conv1.cpp:139]   --->   Operation 170 'store' 'store_ln56' <Predicate = (select_ln53_1 == 6 & select_ln53 == 5)> <Delay = 0.67> <CoreInst = "RAM">   --->   Core 83 'RAM' <Latency = 1> <II = 1> <Delay = 0.67> <Storage> <Opcode : 'load' 'store'> <Ports = 2> <Width = 32> <Depth = 8> <RAM>
ST_3 : Operation 171 [1/1] (0.00ns)   --->   "%p_ZZ5conv1PA255_A255_fPA1_A9_A9_fPfS1_E6w_tile_6_4_0_addr = getelementptr i32 %p_ZZ5conv1PA255_A255_fPA1_A9_A9_fPfS1_E6w_tile_6_4_0, i64 0, i64 %zext_ln50" [src/conv1.cpp:56->src/conv1.cpp:139]   --->   Operation 171 'getelementptr' 'p_ZZ5conv1PA255_A255_fPA1_A9_A9_fPfS1_E6w_tile_6_4_0_addr' <Predicate = (select_ln53_1 == 6 & select_ln53 == 4)> <Delay = 0.00>
ST_3 : Operation 172 [1/1] (0.67ns)   --->   "%store_ln56 = store i32 %bitcast_ln56, i3 %p_ZZ5conv1PA255_A255_fPA1_A9_A9_fPfS1_E6w_tile_6_4_0_addr" [src/conv1.cpp:56->src/conv1.cpp:139]   --->   Operation 172 'store' 'store_ln56' <Predicate = (select_ln53_1 == 6 & select_ln53 == 4)> <Delay = 0.67> <CoreInst = "RAM">   --->   Core 83 'RAM' <Latency = 1> <II = 1> <Delay = 0.67> <Storage> <Opcode : 'load' 'store'> <Ports = 2> <Width = 32> <Depth = 8> <RAM>
ST_3 : Operation 173 [1/1] (0.00ns)   --->   "%p_ZZ5conv1PA255_A255_fPA1_A9_A9_fPfS1_E6w_tile_6_3_0_addr = getelementptr i32 %p_ZZ5conv1PA255_A255_fPA1_A9_A9_fPfS1_E6w_tile_6_3_0, i64 0, i64 %zext_ln50" [src/conv1.cpp:56->src/conv1.cpp:139]   --->   Operation 173 'getelementptr' 'p_ZZ5conv1PA255_A255_fPA1_A9_A9_fPfS1_E6w_tile_6_3_0_addr' <Predicate = (select_ln53_1 == 6 & select_ln53 == 3)> <Delay = 0.00>
ST_3 : Operation 174 [1/1] (0.67ns)   --->   "%store_ln56 = store i32 %bitcast_ln56, i3 %p_ZZ5conv1PA255_A255_fPA1_A9_A9_fPfS1_E6w_tile_6_3_0_addr" [src/conv1.cpp:56->src/conv1.cpp:139]   --->   Operation 174 'store' 'store_ln56' <Predicate = (select_ln53_1 == 6 & select_ln53 == 3)> <Delay = 0.67> <CoreInst = "RAM">   --->   Core 83 'RAM' <Latency = 1> <II = 1> <Delay = 0.67> <Storage> <Opcode : 'load' 'store'> <Ports = 2> <Width = 32> <Depth = 8> <RAM>
ST_3 : Operation 175 [1/1] (0.00ns)   --->   "%p_ZZ5conv1PA255_A255_fPA1_A9_A9_fPfS1_E6w_tile_6_2_0_addr = getelementptr i32 %p_ZZ5conv1PA255_A255_fPA1_A9_A9_fPfS1_E6w_tile_6_2_0, i64 0, i64 %zext_ln50" [src/conv1.cpp:56->src/conv1.cpp:139]   --->   Operation 175 'getelementptr' 'p_ZZ5conv1PA255_A255_fPA1_A9_A9_fPfS1_E6w_tile_6_2_0_addr' <Predicate = (select_ln53_1 == 6 & select_ln53 == 2)> <Delay = 0.00>
ST_3 : Operation 176 [1/1] (0.67ns)   --->   "%store_ln56 = store i32 %bitcast_ln56, i3 %p_ZZ5conv1PA255_A255_fPA1_A9_A9_fPfS1_E6w_tile_6_2_0_addr" [src/conv1.cpp:56->src/conv1.cpp:139]   --->   Operation 176 'store' 'store_ln56' <Predicate = (select_ln53_1 == 6 & select_ln53 == 2)> <Delay = 0.67> <CoreInst = "RAM">   --->   Core 83 'RAM' <Latency = 1> <II = 1> <Delay = 0.67> <Storage> <Opcode : 'load' 'store'> <Ports = 2> <Width = 32> <Depth = 8> <RAM>
ST_3 : Operation 177 [1/1] (0.00ns)   --->   "%p_ZZ5conv1PA255_A255_fPA1_A9_A9_fPfS1_E6w_tile_6_1_0_addr = getelementptr i32 %p_ZZ5conv1PA255_A255_fPA1_A9_A9_fPfS1_E6w_tile_6_1_0, i64 0, i64 %zext_ln50" [src/conv1.cpp:56->src/conv1.cpp:139]   --->   Operation 177 'getelementptr' 'p_ZZ5conv1PA255_A255_fPA1_A9_A9_fPfS1_E6w_tile_6_1_0_addr' <Predicate = (select_ln53_1 == 6 & select_ln53 == 1)> <Delay = 0.00>
ST_3 : Operation 178 [1/1] (0.67ns)   --->   "%store_ln56 = store i32 %bitcast_ln56, i3 %p_ZZ5conv1PA255_A255_fPA1_A9_A9_fPfS1_E6w_tile_6_1_0_addr" [src/conv1.cpp:56->src/conv1.cpp:139]   --->   Operation 178 'store' 'store_ln56' <Predicate = (select_ln53_1 == 6 & select_ln53 == 1)> <Delay = 0.67> <CoreInst = "RAM">   --->   Core 83 'RAM' <Latency = 1> <II = 1> <Delay = 0.67> <Storage> <Opcode : 'load' 'store'> <Ports = 2> <Width = 32> <Depth = 8> <RAM>
ST_3 : Operation 179 [1/1] (0.00ns)   --->   "%p_ZZ5conv1PA255_A255_fPA1_A9_A9_fPfS1_E6w_tile_6_0_0_addr = getelementptr i32 %p_ZZ5conv1PA255_A255_fPA1_A9_A9_fPfS1_E6w_tile_6_0_0, i64 0, i64 %zext_ln50" [src/conv1.cpp:56->src/conv1.cpp:139]   --->   Operation 179 'getelementptr' 'p_ZZ5conv1PA255_A255_fPA1_A9_A9_fPfS1_E6w_tile_6_0_0_addr' <Predicate = (select_ln53_1 == 6 & select_ln53 == 0)> <Delay = 0.00>
ST_3 : Operation 180 [1/1] (0.67ns)   --->   "%store_ln56 = store i32 %bitcast_ln56, i3 %p_ZZ5conv1PA255_A255_fPA1_A9_A9_fPfS1_E6w_tile_6_0_0_addr" [src/conv1.cpp:56->src/conv1.cpp:139]   --->   Operation 180 'store' 'store_ln56' <Predicate = (select_ln53_1 == 6 & select_ln53 == 0)> <Delay = 0.67> <CoreInst = "RAM">   --->   Core 83 'RAM' <Latency = 1> <II = 1> <Delay = 0.67> <Storage> <Opcode : 'load' 'store'> <Ports = 2> <Width = 32> <Depth = 8> <RAM>
ST_3 : Operation 181 [1/1] (0.00ns)   --->   "%p_ZZ5conv1PA255_A255_fPA1_A9_A9_fPfS1_E6w_tile_6_8_0_addr = getelementptr i32 %p_ZZ5conv1PA255_A255_fPA1_A9_A9_fPfS1_E6w_tile_6_8_0, i64 0, i64 %zext_ln50" [src/conv1.cpp:56->src/conv1.cpp:139]   --->   Operation 181 'getelementptr' 'p_ZZ5conv1PA255_A255_fPA1_A9_A9_fPfS1_E6w_tile_6_8_0_addr' <Predicate = (select_ln53_1 == 6 & select_ln53 != 0 & select_ln53 != 1 & select_ln53 != 2 & select_ln53 != 3 & select_ln53 != 4 & select_ln53 != 5 & select_ln53 != 6 & select_ln53 != 7)> <Delay = 0.00>
ST_3 : Operation 182 [1/1] (0.67ns)   --->   "%store_ln56 = store i32 %bitcast_ln56, i3 %p_ZZ5conv1PA255_A255_fPA1_A9_A9_fPfS1_E6w_tile_6_8_0_addr" [src/conv1.cpp:56->src/conv1.cpp:139]   --->   Operation 182 'store' 'store_ln56' <Predicate = (select_ln53_1 == 6 & select_ln53 != 0 & select_ln53 != 1 & select_ln53 != 2 & select_ln53 != 3 & select_ln53 != 4 & select_ln53 != 5 & select_ln53 != 6 & select_ln53 != 7)> <Delay = 0.67> <CoreInst = "RAM">   --->   Core 83 'RAM' <Latency = 1> <II = 1> <Delay = 0.67> <Storage> <Opcode : 'load' 'store'> <Ports = 2> <Width = 32> <Depth = 8> <RAM>
ST_3 : Operation 183 [1/1] (0.00ns)   --->   "%br_ln56 = br void %arrayidx2967.i.exit" [src/conv1.cpp:56->src/conv1.cpp:139]   --->   Operation 183 'br' 'br_ln56' <Predicate = (select_ln53_1 == 6)> <Delay = 0.00>
ST_3 : Operation 184 [1/1] (0.00ns)   --->   "%p_ZZ5conv1PA255_A255_fPA1_A9_A9_fPfS1_E6w_tile_5_7_0_addr = getelementptr i32 %p_ZZ5conv1PA255_A255_fPA1_A9_A9_fPfS1_E6w_tile_5_7_0, i64 0, i64 %zext_ln50" [src/conv1.cpp:56->src/conv1.cpp:139]   --->   Operation 184 'getelementptr' 'p_ZZ5conv1PA255_A255_fPA1_A9_A9_fPfS1_E6w_tile_5_7_0_addr' <Predicate = (select_ln53_1 == 5 & select_ln53 == 7)> <Delay = 0.00>
ST_3 : Operation 185 [1/1] (0.67ns)   --->   "%store_ln56 = store i32 %bitcast_ln56, i3 %p_ZZ5conv1PA255_A255_fPA1_A9_A9_fPfS1_E6w_tile_5_7_0_addr" [src/conv1.cpp:56->src/conv1.cpp:139]   --->   Operation 185 'store' 'store_ln56' <Predicate = (select_ln53_1 == 5 & select_ln53 == 7)> <Delay = 0.67> <CoreInst = "RAM">   --->   Core 83 'RAM' <Latency = 1> <II = 1> <Delay = 0.67> <Storage> <Opcode : 'load' 'store'> <Ports = 2> <Width = 32> <Depth = 8> <RAM>
ST_3 : Operation 186 [1/1] (0.00ns)   --->   "%p_ZZ5conv1PA255_A255_fPA1_A9_A9_fPfS1_E6w_tile_5_6_0_addr = getelementptr i32 %p_ZZ5conv1PA255_A255_fPA1_A9_A9_fPfS1_E6w_tile_5_6_0, i64 0, i64 %zext_ln50" [src/conv1.cpp:56->src/conv1.cpp:139]   --->   Operation 186 'getelementptr' 'p_ZZ5conv1PA255_A255_fPA1_A9_A9_fPfS1_E6w_tile_5_6_0_addr' <Predicate = (select_ln53_1 == 5 & select_ln53 == 6)> <Delay = 0.00>
ST_3 : Operation 187 [1/1] (0.67ns)   --->   "%store_ln56 = store i32 %bitcast_ln56, i3 %p_ZZ5conv1PA255_A255_fPA1_A9_A9_fPfS1_E6w_tile_5_6_0_addr" [src/conv1.cpp:56->src/conv1.cpp:139]   --->   Operation 187 'store' 'store_ln56' <Predicate = (select_ln53_1 == 5 & select_ln53 == 6)> <Delay = 0.67> <CoreInst = "RAM">   --->   Core 83 'RAM' <Latency = 1> <II = 1> <Delay = 0.67> <Storage> <Opcode : 'load' 'store'> <Ports = 2> <Width = 32> <Depth = 8> <RAM>
ST_3 : Operation 188 [1/1] (0.00ns)   --->   "%p_ZZ5conv1PA255_A255_fPA1_A9_A9_fPfS1_E6w_tile_5_5_0_addr = getelementptr i32 %p_ZZ5conv1PA255_A255_fPA1_A9_A9_fPfS1_E6w_tile_5_5_0, i64 0, i64 %zext_ln50" [src/conv1.cpp:56->src/conv1.cpp:139]   --->   Operation 188 'getelementptr' 'p_ZZ5conv1PA255_A255_fPA1_A9_A9_fPfS1_E6w_tile_5_5_0_addr' <Predicate = (select_ln53_1 == 5 & select_ln53 == 5)> <Delay = 0.00>
ST_3 : Operation 189 [1/1] (0.67ns)   --->   "%store_ln56 = store i32 %bitcast_ln56, i3 %p_ZZ5conv1PA255_A255_fPA1_A9_A9_fPfS1_E6w_tile_5_5_0_addr" [src/conv1.cpp:56->src/conv1.cpp:139]   --->   Operation 189 'store' 'store_ln56' <Predicate = (select_ln53_1 == 5 & select_ln53 == 5)> <Delay = 0.67> <CoreInst = "RAM">   --->   Core 83 'RAM' <Latency = 1> <II = 1> <Delay = 0.67> <Storage> <Opcode : 'load' 'store'> <Ports = 2> <Width = 32> <Depth = 8> <RAM>
ST_3 : Operation 190 [1/1] (0.00ns)   --->   "%p_ZZ5conv1PA255_A255_fPA1_A9_A9_fPfS1_E6w_tile_5_4_0_addr = getelementptr i32 %p_ZZ5conv1PA255_A255_fPA1_A9_A9_fPfS1_E6w_tile_5_4_0, i64 0, i64 %zext_ln50" [src/conv1.cpp:56->src/conv1.cpp:139]   --->   Operation 190 'getelementptr' 'p_ZZ5conv1PA255_A255_fPA1_A9_A9_fPfS1_E6w_tile_5_4_0_addr' <Predicate = (select_ln53_1 == 5 & select_ln53 == 4)> <Delay = 0.00>
ST_3 : Operation 191 [1/1] (0.67ns)   --->   "%store_ln56 = store i32 %bitcast_ln56, i3 %p_ZZ5conv1PA255_A255_fPA1_A9_A9_fPfS1_E6w_tile_5_4_0_addr" [src/conv1.cpp:56->src/conv1.cpp:139]   --->   Operation 191 'store' 'store_ln56' <Predicate = (select_ln53_1 == 5 & select_ln53 == 4)> <Delay = 0.67> <CoreInst = "RAM">   --->   Core 83 'RAM' <Latency = 1> <II = 1> <Delay = 0.67> <Storage> <Opcode : 'load' 'store'> <Ports = 2> <Width = 32> <Depth = 8> <RAM>
ST_3 : Operation 192 [1/1] (0.00ns)   --->   "%p_ZZ5conv1PA255_A255_fPA1_A9_A9_fPfS1_E6w_tile_5_3_0_addr = getelementptr i32 %p_ZZ5conv1PA255_A255_fPA1_A9_A9_fPfS1_E6w_tile_5_3_0, i64 0, i64 %zext_ln50" [src/conv1.cpp:56->src/conv1.cpp:139]   --->   Operation 192 'getelementptr' 'p_ZZ5conv1PA255_A255_fPA1_A9_A9_fPfS1_E6w_tile_5_3_0_addr' <Predicate = (select_ln53_1 == 5 & select_ln53 == 3)> <Delay = 0.00>
ST_3 : Operation 193 [1/1] (0.67ns)   --->   "%store_ln56 = store i32 %bitcast_ln56, i3 %p_ZZ5conv1PA255_A255_fPA1_A9_A9_fPfS1_E6w_tile_5_3_0_addr" [src/conv1.cpp:56->src/conv1.cpp:139]   --->   Operation 193 'store' 'store_ln56' <Predicate = (select_ln53_1 == 5 & select_ln53 == 3)> <Delay = 0.67> <CoreInst = "RAM">   --->   Core 83 'RAM' <Latency = 1> <II = 1> <Delay = 0.67> <Storage> <Opcode : 'load' 'store'> <Ports = 2> <Width = 32> <Depth = 8> <RAM>
ST_3 : Operation 194 [1/1] (0.00ns)   --->   "%p_ZZ5conv1PA255_A255_fPA1_A9_A9_fPfS1_E6w_tile_5_2_0_addr = getelementptr i32 %p_ZZ5conv1PA255_A255_fPA1_A9_A9_fPfS1_E6w_tile_5_2_0, i64 0, i64 %zext_ln50" [src/conv1.cpp:56->src/conv1.cpp:139]   --->   Operation 194 'getelementptr' 'p_ZZ5conv1PA255_A255_fPA1_A9_A9_fPfS1_E6w_tile_5_2_0_addr' <Predicate = (select_ln53_1 == 5 & select_ln53 == 2)> <Delay = 0.00>
ST_3 : Operation 195 [1/1] (0.67ns)   --->   "%store_ln56 = store i32 %bitcast_ln56, i3 %p_ZZ5conv1PA255_A255_fPA1_A9_A9_fPfS1_E6w_tile_5_2_0_addr" [src/conv1.cpp:56->src/conv1.cpp:139]   --->   Operation 195 'store' 'store_ln56' <Predicate = (select_ln53_1 == 5 & select_ln53 == 2)> <Delay = 0.67> <CoreInst = "RAM">   --->   Core 83 'RAM' <Latency = 1> <II = 1> <Delay = 0.67> <Storage> <Opcode : 'load' 'store'> <Ports = 2> <Width = 32> <Depth = 8> <RAM>
ST_3 : Operation 196 [1/1] (0.00ns)   --->   "%p_ZZ5conv1PA255_A255_fPA1_A9_A9_fPfS1_E6w_tile_5_1_0_addr = getelementptr i32 %p_ZZ5conv1PA255_A255_fPA1_A9_A9_fPfS1_E6w_tile_5_1_0, i64 0, i64 %zext_ln50" [src/conv1.cpp:56->src/conv1.cpp:139]   --->   Operation 196 'getelementptr' 'p_ZZ5conv1PA255_A255_fPA1_A9_A9_fPfS1_E6w_tile_5_1_0_addr' <Predicate = (select_ln53_1 == 5 & select_ln53 == 1)> <Delay = 0.00>
ST_3 : Operation 197 [1/1] (0.67ns)   --->   "%store_ln56 = store i32 %bitcast_ln56, i3 %p_ZZ5conv1PA255_A255_fPA1_A9_A9_fPfS1_E6w_tile_5_1_0_addr" [src/conv1.cpp:56->src/conv1.cpp:139]   --->   Operation 197 'store' 'store_ln56' <Predicate = (select_ln53_1 == 5 & select_ln53 == 1)> <Delay = 0.67> <CoreInst = "RAM">   --->   Core 83 'RAM' <Latency = 1> <II = 1> <Delay = 0.67> <Storage> <Opcode : 'load' 'store'> <Ports = 2> <Width = 32> <Depth = 8> <RAM>
ST_3 : Operation 198 [1/1] (0.00ns)   --->   "%p_ZZ5conv1PA255_A255_fPA1_A9_A9_fPfS1_E6w_tile_5_0_0_addr = getelementptr i32 %p_ZZ5conv1PA255_A255_fPA1_A9_A9_fPfS1_E6w_tile_5_0_0, i64 0, i64 %zext_ln50" [src/conv1.cpp:56->src/conv1.cpp:139]   --->   Operation 198 'getelementptr' 'p_ZZ5conv1PA255_A255_fPA1_A9_A9_fPfS1_E6w_tile_5_0_0_addr' <Predicate = (select_ln53_1 == 5 & select_ln53 == 0)> <Delay = 0.00>
ST_3 : Operation 199 [1/1] (0.67ns)   --->   "%store_ln56 = store i32 %bitcast_ln56, i3 %p_ZZ5conv1PA255_A255_fPA1_A9_A9_fPfS1_E6w_tile_5_0_0_addr" [src/conv1.cpp:56->src/conv1.cpp:139]   --->   Operation 199 'store' 'store_ln56' <Predicate = (select_ln53_1 == 5 & select_ln53 == 0)> <Delay = 0.67> <CoreInst = "RAM">   --->   Core 83 'RAM' <Latency = 1> <II = 1> <Delay = 0.67> <Storage> <Opcode : 'load' 'store'> <Ports = 2> <Width = 32> <Depth = 8> <RAM>
ST_3 : Operation 200 [1/1] (0.00ns)   --->   "%p_ZZ5conv1PA255_A255_fPA1_A9_A9_fPfS1_E6w_tile_5_8_0_addr = getelementptr i32 %p_ZZ5conv1PA255_A255_fPA1_A9_A9_fPfS1_E6w_tile_5_8_0, i64 0, i64 %zext_ln50" [src/conv1.cpp:56->src/conv1.cpp:139]   --->   Operation 200 'getelementptr' 'p_ZZ5conv1PA255_A255_fPA1_A9_A9_fPfS1_E6w_tile_5_8_0_addr' <Predicate = (select_ln53_1 == 5 & select_ln53 != 0 & select_ln53 != 1 & select_ln53 != 2 & select_ln53 != 3 & select_ln53 != 4 & select_ln53 != 5 & select_ln53 != 6 & select_ln53 != 7)> <Delay = 0.00>
ST_3 : Operation 201 [1/1] (0.67ns)   --->   "%store_ln56 = store i32 %bitcast_ln56, i3 %p_ZZ5conv1PA255_A255_fPA1_A9_A9_fPfS1_E6w_tile_5_8_0_addr" [src/conv1.cpp:56->src/conv1.cpp:139]   --->   Operation 201 'store' 'store_ln56' <Predicate = (select_ln53_1 == 5 & select_ln53 != 0 & select_ln53 != 1 & select_ln53 != 2 & select_ln53 != 3 & select_ln53 != 4 & select_ln53 != 5 & select_ln53 != 6 & select_ln53 != 7)> <Delay = 0.67> <CoreInst = "RAM">   --->   Core 83 'RAM' <Latency = 1> <II = 1> <Delay = 0.67> <Storage> <Opcode : 'load' 'store'> <Ports = 2> <Width = 32> <Depth = 8> <RAM>
ST_3 : Operation 202 [1/1] (0.00ns)   --->   "%br_ln56 = br void %arrayidx2967.i.exit" [src/conv1.cpp:56->src/conv1.cpp:139]   --->   Operation 202 'br' 'br_ln56' <Predicate = (select_ln53_1 == 5)> <Delay = 0.00>
ST_3 : Operation 203 [1/1] (0.00ns)   --->   "%p_ZZ5conv1PA255_A255_fPA1_A9_A9_fPfS1_E6w_tile_4_7_0_addr = getelementptr i32 %p_ZZ5conv1PA255_A255_fPA1_A9_A9_fPfS1_E6w_tile_4_7_0, i64 0, i64 %zext_ln50" [src/conv1.cpp:56->src/conv1.cpp:139]   --->   Operation 203 'getelementptr' 'p_ZZ5conv1PA255_A255_fPA1_A9_A9_fPfS1_E6w_tile_4_7_0_addr' <Predicate = (select_ln53_1 == 4 & select_ln53 == 7)> <Delay = 0.00>
ST_3 : Operation 204 [1/1] (0.67ns)   --->   "%store_ln56 = store i32 %bitcast_ln56, i3 %p_ZZ5conv1PA255_A255_fPA1_A9_A9_fPfS1_E6w_tile_4_7_0_addr" [src/conv1.cpp:56->src/conv1.cpp:139]   --->   Operation 204 'store' 'store_ln56' <Predicate = (select_ln53_1 == 4 & select_ln53 == 7)> <Delay = 0.67> <CoreInst = "RAM">   --->   Core 83 'RAM' <Latency = 1> <II = 1> <Delay = 0.67> <Storage> <Opcode : 'load' 'store'> <Ports = 2> <Width = 32> <Depth = 8> <RAM>
ST_3 : Operation 205 [1/1] (0.00ns)   --->   "%p_ZZ5conv1PA255_A255_fPA1_A9_A9_fPfS1_E6w_tile_4_6_0_addr = getelementptr i32 %p_ZZ5conv1PA255_A255_fPA1_A9_A9_fPfS1_E6w_tile_4_6_0, i64 0, i64 %zext_ln50" [src/conv1.cpp:56->src/conv1.cpp:139]   --->   Operation 205 'getelementptr' 'p_ZZ5conv1PA255_A255_fPA1_A9_A9_fPfS1_E6w_tile_4_6_0_addr' <Predicate = (select_ln53_1 == 4 & select_ln53 == 6)> <Delay = 0.00>
ST_3 : Operation 206 [1/1] (0.67ns)   --->   "%store_ln56 = store i32 %bitcast_ln56, i3 %p_ZZ5conv1PA255_A255_fPA1_A9_A9_fPfS1_E6w_tile_4_6_0_addr" [src/conv1.cpp:56->src/conv1.cpp:139]   --->   Operation 206 'store' 'store_ln56' <Predicate = (select_ln53_1 == 4 & select_ln53 == 6)> <Delay = 0.67> <CoreInst = "RAM">   --->   Core 83 'RAM' <Latency = 1> <II = 1> <Delay = 0.67> <Storage> <Opcode : 'load' 'store'> <Ports = 2> <Width = 32> <Depth = 8> <RAM>
ST_3 : Operation 207 [1/1] (0.00ns)   --->   "%p_ZZ5conv1PA255_A255_fPA1_A9_A9_fPfS1_E6w_tile_4_5_0_addr = getelementptr i32 %p_ZZ5conv1PA255_A255_fPA1_A9_A9_fPfS1_E6w_tile_4_5_0, i64 0, i64 %zext_ln50" [src/conv1.cpp:56->src/conv1.cpp:139]   --->   Operation 207 'getelementptr' 'p_ZZ5conv1PA255_A255_fPA1_A9_A9_fPfS1_E6w_tile_4_5_0_addr' <Predicate = (select_ln53_1 == 4 & select_ln53 == 5)> <Delay = 0.00>
ST_3 : Operation 208 [1/1] (0.67ns)   --->   "%store_ln56 = store i32 %bitcast_ln56, i3 %p_ZZ5conv1PA255_A255_fPA1_A9_A9_fPfS1_E6w_tile_4_5_0_addr" [src/conv1.cpp:56->src/conv1.cpp:139]   --->   Operation 208 'store' 'store_ln56' <Predicate = (select_ln53_1 == 4 & select_ln53 == 5)> <Delay = 0.67> <CoreInst = "RAM">   --->   Core 83 'RAM' <Latency = 1> <II = 1> <Delay = 0.67> <Storage> <Opcode : 'load' 'store'> <Ports = 2> <Width = 32> <Depth = 8> <RAM>
ST_3 : Operation 209 [1/1] (0.00ns)   --->   "%p_ZZ5conv1PA255_A255_fPA1_A9_A9_fPfS1_E6w_tile_4_4_0_addr = getelementptr i32 %p_ZZ5conv1PA255_A255_fPA1_A9_A9_fPfS1_E6w_tile_4_4_0, i64 0, i64 %zext_ln50" [src/conv1.cpp:56->src/conv1.cpp:139]   --->   Operation 209 'getelementptr' 'p_ZZ5conv1PA255_A255_fPA1_A9_A9_fPfS1_E6w_tile_4_4_0_addr' <Predicate = (select_ln53_1 == 4 & select_ln53 == 4)> <Delay = 0.00>
ST_3 : Operation 210 [1/1] (0.67ns)   --->   "%store_ln56 = store i32 %bitcast_ln56, i3 %p_ZZ5conv1PA255_A255_fPA1_A9_A9_fPfS1_E6w_tile_4_4_0_addr" [src/conv1.cpp:56->src/conv1.cpp:139]   --->   Operation 210 'store' 'store_ln56' <Predicate = (select_ln53_1 == 4 & select_ln53 == 4)> <Delay = 0.67> <CoreInst = "RAM">   --->   Core 83 'RAM' <Latency = 1> <II = 1> <Delay = 0.67> <Storage> <Opcode : 'load' 'store'> <Ports = 2> <Width = 32> <Depth = 8> <RAM>
ST_3 : Operation 211 [1/1] (0.00ns)   --->   "%p_ZZ5conv1PA255_A255_fPA1_A9_A9_fPfS1_E6w_tile_4_3_0_addr = getelementptr i32 %p_ZZ5conv1PA255_A255_fPA1_A9_A9_fPfS1_E6w_tile_4_3_0, i64 0, i64 %zext_ln50" [src/conv1.cpp:56->src/conv1.cpp:139]   --->   Operation 211 'getelementptr' 'p_ZZ5conv1PA255_A255_fPA1_A9_A9_fPfS1_E6w_tile_4_3_0_addr' <Predicate = (select_ln53_1 == 4 & select_ln53 == 3)> <Delay = 0.00>
ST_3 : Operation 212 [1/1] (0.67ns)   --->   "%store_ln56 = store i32 %bitcast_ln56, i3 %p_ZZ5conv1PA255_A255_fPA1_A9_A9_fPfS1_E6w_tile_4_3_0_addr" [src/conv1.cpp:56->src/conv1.cpp:139]   --->   Operation 212 'store' 'store_ln56' <Predicate = (select_ln53_1 == 4 & select_ln53 == 3)> <Delay = 0.67> <CoreInst = "RAM">   --->   Core 83 'RAM' <Latency = 1> <II = 1> <Delay = 0.67> <Storage> <Opcode : 'load' 'store'> <Ports = 2> <Width = 32> <Depth = 8> <RAM>
ST_3 : Operation 213 [1/1] (0.00ns)   --->   "%p_ZZ5conv1PA255_A255_fPA1_A9_A9_fPfS1_E6w_tile_4_2_0_addr = getelementptr i32 %p_ZZ5conv1PA255_A255_fPA1_A9_A9_fPfS1_E6w_tile_4_2_0, i64 0, i64 %zext_ln50" [src/conv1.cpp:56->src/conv1.cpp:139]   --->   Operation 213 'getelementptr' 'p_ZZ5conv1PA255_A255_fPA1_A9_A9_fPfS1_E6w_tile_4_2_0_addr' <Predicate = (select_ln53_1 == 4 & select_ln53 == 2)> <Delay = 0.00>
ST_3 : Operation 214 [1/1] (0.67ns)   --->   "%store_ln56 = store i32 %bitcast_ln56, i3 %p_ZZ5conv1PA255_A255_fPA1_A9_A9_fPfS1_E6w_tile_4_2_0_addr" [src/conv1.cpp:56->src/conv1.cpp:139]   --->   Operation 214 'store' 'store_ln56' <Predicate = (select_ln53_1 == 4 & select_ln53 == 2)> <Delay = 0.67> <CoreInst = "RAM">   --->   Core 83 'RAM' <Latency = 1> <II = 1> <Delay = 0.67> <Storage> <Opcode : 'load' 'store'> <Ports = 2> <Width = 32> <Depth = 8> <RAM>
ST_3 : Operation 215 [1/1] (0.00ns)   --->   "%p_ZZ5conv1PA255_A255_fPA1_A9_A9_fPfS1_E6w_tile_4_1_0_addr = getelementptr i32 %p_ZZ5conv1PA255_A255_fPA1_A9_A9_fPfS1_E6w_tile_4_1_0, i64 0, i64 %zext_ln50" [src/conv1.cpp:56->src/conv1.cpp:139]   --->   Operation 215 'getelementptr' 'p_ZZ5conv1PA255_A255_fPA1_A9_A9_fPfS1_E6w_tile_4_1_0_addr' <Predicate = (select_ln53_1 == 4 & select_ln53 == 1)> <Delay = 0.00>
ST_3 : Operation 216 [1/1] (0.67ns)   --->   "%store_ln56 = store i32 %bitcast_ln56, i3 %p_ZZ5conv1PA255_A255_fPA1_A9_A9_fPfS1_E6w_tile_4_1_0_addr" [src/conv1.cpp:56->src/conv1.cpp:139]   --->   Operation 216 'store' 'store_ln56' <Predicate = (select_ln53_1 == 4 & select_ln53 == 1)> <Delay = 0.67> <CoreInst = "RAM">   --->   Core 83 'RAM' <Latency = 1> <II = 1> <Delay = 0.67> <Storage> <Opcode : 'load' 'store'> <Ports = 2> <Width = 32> <Depth = 8> <RAM>
ST_3 : Operation 217 [1/1] (0.00ns)   --->   "%p_ZZ5conv1PA255_A255_fPA1_A9_A9_fPfS1_E6w_tile_4_0_0_addr = getelementptr i32 %p_ZZ5conv1PA255_A255_fPA1_A9_A9_fPfS1_E6w_tile_4_0_0, i64 0, i64 %zext_ln50" [src/conv1.cpp:56->src/conv1.cpp:139]   --->   Operation 217 'getelementptr' 'p_ZZ5conv1PA255_A255_fPA1_A9_A9_fPfS1_E6w_tile_4_0_0_addr' <Predicate = (select_ln53_1 == 4 & select_ln53 == 0)> <Delay = 0.00>
ST_3 : Operation 218 [1/1] (0.67ns)   --->   "%store_ln56 = store i32 %bitcast_ln56, i3 %p_ZZ5conv1PA255_A255_fPA1_A9_A9_fPfS1_E6w_tile_4_0_0_addr" [src/conv1.cpp:56->src/conv1.cpp:139]   --->   Operation 218 'store' 'store_ln56' <Predicate = (select_ln53_1 == 4 & select_ln53 == 0)> <Delay = 0.67> <CoreInst = "RAM">   --->   Core 83 'RAM' <Latency = 1> <II = 1> <Delay = 0.67> <Storage> <Opcode : 'load' 'store'> <Ports = 2> <Width = 32> <Depth = 8> <RAM>
ST_3 : Operation 219 [1/1] (0.00ns)   --->   "%p_ZZ5conv1PA255_A255_fPA1_A9_A9_fPfS1_E6w_tile_4_8_0_addr = getelementptr i32 %p_ZZ5conv1PA255_A255_fPA1_A9_A9_fPfS1_E6w_tile_4_8_0, i64 0, i64 %zext_ln50" [src/conv1.cpp:56->src/conv1.cpp:139]   --->   Operation 219 'getelementptr' 'p_ZZ5conv1PA255_A255_fPA1_A9_A9_fPfS1_E6w_tile_4_8_0_addr' <Predicate = (select_ln53_1 == 4 & select_ln53 != 0 & select_ln53 != 1 & select_ln53 != 2 & select_ln53 != 3 & select_ln53 != 4 & select_ln53 != 5 & select_ln53 != 6 & select_ln53 != 7)> <Delay = 0.00>
ST_3 : Operation 220 [1/1] (0.67ns)   --->   "%store_ln56 = store i32 %bitcast_ln56, i3 %p_ZZ5conv1PA255_A255_fPA1_A9_A9_fPfS1_E6w_tile_4_8_0_addr" [src/conv1.cpp:56->src/conv1.cpp:139]   --->   Operation 220 'store' 'store_ln56' <Predicate = (select_ln53_1 == 4 & select_ln53 != 0 & select_ln53 != 1 & select_ln53 != 2 & select_ln53 != 3 & select_ln53 != 4 & select_ln53 != 5 & select_ln53 != 6 & select_ln53 != 7)> <Delay = 0.67> <CoreInst = "RAM">   --->   Core 83 'RAM' <Latency = 1> <II = 1> <Delay = 0.67> <Storage> <Opcode : 'load' 'store'> <Ports = 2> <Width = 32> <Depth = 8> <RAM>
ST_3 : Operation 221 [1/1] (0.00ns)   --->   "%br_ln56 = br void %arrayidx2967.i.exit" [src/conv1.cpp:56->src/conv1.cpp:139]   --->   Operation 221 'br' 'br_ln56' <Predicate = (select_ln53_1 == 4)> <Delay = 0.00>
ST_3 : Operation 222 [1/1] (0.00ns)   --->   "%p_ZZ5conv1PA255_A255_fPA1_A9_A9_fPfS1_E6w_tile_3_7_0_addr = getelementptr i32 %p_ZZ5conv1PA255_A255_fPA1_A9_A9_fPfS1_E6w_tile_3_7_0, i64 0, i64 %zext_ln50" [src/conv1.cpp:56->src/conv1.cpp:139]   --->   Operation 222 'getelementptr' 'p_ZZ5conv1PA255_A255_fPA1_A9_A9_fPfS1_E6w_tile_3_7_0_addr' <Predicate = (select_ln53_1 == 3 & select_ln53 == 7)> <Delay = 0.00>
ST_3 : Operation 223 [1/1] (0.67ns)   --->   "%store_ln56 = store i32 %bitcast_ln56, i3 %p_ZZ5conv1PA255_A255_fPA1_A9_A9_fPfS1_E6w_tile_3_7_0_addr" [src/conv1.cpp:56->src/conv1.cpp:139]   --->   Operation 223 'store' 'store_ln56' <Predicate = (select_ln53_1 == 3 & select_ln53 == 7)> <Delay = 0.67> <CoreInst = "RAM">   --->   Core 83 'RAM' <Latency = 1> <II = 1> <Delay = 0.67> <Storage> <Opcode : 'load' 'store'> <Ports = 2> <Width = 32> <Depth = 8> <RAM>
ST_3 : Operation 224 [1/1] (0.00ns)   --->   "%p_ZZ5conv1PA255_A255_fPA1_A9_A9_fPfS1_E6w_tile_3_6_0_addr = getelementptr i32 %p_ZZ5conv1PA255_A255_fPA1_A9_A9_fPfS1_E6w_tile_3_6_0, i64 0, i64 %zext_ln50" [src/conv1.cpp:56->src/conv1.cpp:139]   --->   Operation 224 'getelementptr' 'p_ZZ5conv1PA255_A255_fPA1_A9_A9_fPfS1_E6w_tile_3_6_0_addr' <Predicate = (select_ln53_1 == 3 & select_ln53 == 6)> <Delay = 0.00>
ST_3 : Operation 225 [1/1] (0.67ns)   --->   "%store_ln56 = store i32 %bitcast_ln56, i3 %p_ZZ5conv1PA255_A255_fPA1_A9_A9_fPfS1_E6w_tile_3_6_0_addr" [src/conv1.cpp:56->src/conv1.cpp:139]   --->   Operation 225 'store' 'store_ln56' <Predicate = (select_ln53_1 == 3 & select_ln53 == 6)> <Delay = 0.67> <CoreInst = "RAM">   --->   Core 83 'RAM' <Latency = 1> <II = 1> <Delay = 0.67> <Storage> <Opcode : 'load' 'store'> <Ports = 2> <Width = 32> <Depth = 8> <RAM>
ST_3 : Operation 226 [1/1] (0.00ns)   --->   "%p_ZZ5conv1PA255_A255_fPA1_A9_A9_fPfS1_E6w_tile_3_5_0_addr = getelementptr i32 %p_ZZ5conv1PA255_A255_fPA1_A9_A9_fPfS1_E6w_tile_3_5_0, i64 0, i64 %zext_ln50" [src/conv1.cpp:56->src/conv1.cpp:139]   --->   Operation 226 'getelementptr' 'p_ZZ5conv1PA255_A255_fPA1_A9_A9_fPfS1_E6w_tile_3_5_0_addr' <Predicate = (select_ln53_1 == 3 & select_ln53 == 5)> <Delay = 0.00>
ST_3 : Operation 227 [1/1] (0.67ns)   --->   "%store_ln56 = store i32 %bitcast_ln56, i3 %p_ZZ5conv1PA255_A255_fPA1_A9_A9_fPfS1_E6w_tile_3_5_0_addr" [src/conv1.cpp:56->src/conv1.cpp:139]   --->   Operation 227 'store' 'store_ln56' <Predicate = (select_ln53_1 == 3 & select_ln53 == 5)> <Delay = 0.67> <CoreInst = "RAM">   --->   Core 83 'RAM' <Latency = 1> <II = 1> <Delay = 0.67> <Storage> <Opcode : 'load' 'store'> <Ports = 2> <Width = 32> <Depth = 8> <RAM>
ST_3 : Operation 228 [1/1] (0.00ns)   --->   "%p_ZZ5conv1PA255_A255_fPA1_A9_A9_fPfS1_E6w_tile_3_4_0_addr = getelementptr i32 %p_ZZ5conv1PA255_A255_fPA1_A9_A9_fPfS1_E6w_tile_3_4_0, i64 0, i64 %zext_ln50" [src/conv1.cpp:56->src/conv1.cpp:139]   --->   Operation 228 'getelementptr' 'p_ZZ5conv1PA255_A255_fPA1_A9_A9_fPfS1_E6w_tile_3_4_0_addr' <Predicate = (select_ln53_1 == 3 & select_ln53 == 4)> <Delay = 0.00>
ST_3 : Operation 229 [1/1] (0.67ns)   --->   "%store_ln56 = store i32 %bitcast_ln56, i3 %p_ZZ5conv1PA255_A255_fPA1_A9_A9_fPfS1_E6w_tile_3_4_0_addr" [src/conv1.cpp:56->src/conv1.cpp:139]   --->   Operation 229 'store' 'store_ln56' <Predicate = (select_ln53_1 == 3 & select_ln53 == 4)> <Delay = 0.67> <CoreInst = "RAM">   --->   Core 83 'RAM' <Latency = 1> <II = 1> <Delay = 0.67> <Storage> <Opcode : 'load' 'store'> <Ports = 2> <Width = 32> <Depth = 8> <RAM>
ST_3 : Operation 230 [1/1] (0.00ns)   --->   "%p_ZZ5conv1PA255_A255_fPA1_A9_A9_fPfS1_E6w_tile_3_3_0_addr = getelementptr i32 %p_ZZ5conv1PA255_A255_fPA1_A9_A9_fPfS1_E6w_tile_3_3_0, i64 0, i64 %zext_ln50" [src/conv1.cpp:56->src/conv1.cpp:139]   --->   Operation 230 'getelementptr' 'p_ZZ5conv1PA255_A255_fPA1_A9_A9_fPfS1_E6w_tile_3_3_0_addr' <Predicate = (select_ln53_1 == 3 & select_ln53 == 3)> <Delay = 0.00>
ST_3 : Operation 231 [1/1] (0.67ns)   --->   "%store_ln56 = store i32 %bitcast_ln56, i3 %p_ZZ5conv1PA255_A255_fPA1_A9_A9_fPfS1_E6w_tile_3_3_0_addr" [src/conv1.cpp:56->src/conv1.cpp:139]   --->   Operation 231 'store' 'store_ln56' <Predicate = (select_ln53_1 == 3 & select_ln53 == 3)> <Delay = 0.67> <CoreInst = "RAM">   --->   Core 83 'RAM' <Latency = 1> <II = 1> <Delay = 0.67> <Storage> <Opcode : 'load' 'store'> <Ports = 2> <Width = 32> <Depth = 8> <RAM>
ST_3 : Operation 232 [1/1] (0.00ns)   --->   "%p_ZZ5conv1PA255_A255_fPA1_A9_A9_fPfS1_E6w_tile_3_2_0_addr = getelementptr i32 %p_ZZ5conv1PA255_A255_fPA1_A9_A9_fPfS1_E6w_tile_3_2_0, i64 0, i64 %zext_ln50" [src/conv1.cpp:56->src/conv1.cpp:139]   --->   Operation 232 'getelementptr' 'p_ZZ5conv1PA255_A255_fPA1_A9_A9_fPfS1_E6w_tile_3_2_0_addr' <Predicate = (select_ln53_1 == 3 & select_ln53 == 2)> <Delay = 0.00>
ST_3 : Operation 233 [1/1] (0.67ns)   --->   "%store_ln56 = store i32 %bitcast_ln56, i3 %p_ZZ5conv1PA255_A255_fPA1_A9_A9_fPfS1_E6w_tile_3_2_0_addr" [src/conv1.cpp:56->src/conv1.cpp:139]   --->   Operation 233 'store' 'store_ln56' <Predicate = (select_ln53_1 == 3 & select_ln53 == 2)> <Delay = 0.67> <CoreInst = "RAM">   --->   Core 83 'RAM' <Latency = 1> <II = 1> <Delay = 0.67> <Storage> <Opcode : 'load' 'store'> <Ports = 2> <Width = 32> <Depth = 8> <RAM>
ST_3 : Operation 234 [1/1] (0.00ns)   --->   "%p_ZZ5conv1PA255_A255_fPA1_A9_A9_fPfS1_E6w_tile_3_1_0_addr = getelementptr i32 %p_ZZ5conv1PA255_A255_fPA1_A9_A9_fPfS1_E6w_tile_3_1_0, i64 0, i64 %zext_ln50" [src/conv1.cpp:56->src/conv1.cpp:139]   --->   Operation 234 'getelementptr' 'p_ZZ5conv1PA255_A255_fPA1_A9_A9_fPfS1_E6w_tile_3_1_0_addr' <Predicate = (select_ln53_1 == 3 & select_ln53 == 1)> <Delay = 0.00>
ST_3 : Operation 235 [1/1] (0.67ns)   --->   "%store_ln56 = store i32 %bitcast_ln56, i3 %p_ZZ5conv1PA255_A255_fPA1_A9_A9_fPfS1_E6w_tile_3_1_0_addr" [src/conv1.cpp:56->src/conv1.cpp:139]   --->   Operation 235 'store' 'store_ln56' <Predicate = (select_ln53_1 == 3 & select_ln53 == 1)> <Delay = 0.67> <CoreInst = "RAM">   --->   Core 83 'RAM' <Latency = 1> <II = 1> <Delay = 0.67> <Storage> <Opcode : 'load' 'store'> <Ports = 2> <Width = 32> <Depth = 8> <RAM>
ST_3 : Operation 236 [1/1] (0.00ns)   --->   "%p_ZZ5conv1PA255_A255_fPA1_A9_A9_fPfS1_E6w_tile_3_0_0_addr = getelementptr i32 %p_ZZ5conv1PA255_A255_fPA1_A9_A9_fPfS1_E6w_tile_3_0_0, i64 0, i64 %zext_ln50" [src/conv1.cpp:56->src/conv1.cpp:139]   --->   Operation 236 'getelementptr' 'p_ZZ5conv1PA255_A255_fPA1_A9_A9_fPfS1_E6w_tile_3_0_0_addr' <Predicate = (select_ln53_1 == 3 & select_ln53 == 0)> <Delay = 0.00>
ST_3 : Operation 237 [1/1] (0.67ns)   --->   "%store_ln56 = store i32 %bitcast_ln56, i3 %p_ZZ5conv1PA255_A255_fPA1_A9_A9_fPfS1_E6w_tile_3_0_0_addr" [src/conv1.cpp:56->src/conv1.cpp:139]   --->   Operation 237 'store' 'store_ln56' <Predicate = (select_ln53_1 == 3 & select_ln53 == 0)> <Delay = 0.67> <CoreInst = "RAM">   --->   Core 83 'RAM' <Latency = 1> <II = 1> <Delay = 0.67> <Storage> <Opcode : 'load' 'store'> <Ports = 2> <Width = 32> <Depth = 8> <RAM>
ST_3 : Operation 238 [1/1] (0.00ns)   --->   "%p_ZZ5conv1PA255_A255_fPA1_A9_A9_fPfS1_E6w_tile_3_8_0_addr = getelementptr i32 %p_ZZ5conv1PA255_A255_fPA1_A9_A9_fPfS1_E6w_tile_3_8_0, i64 0, i64 %zext_ln50" [src/conv1.cpp:56->src/conv1.cpp:139]   --->   Operation 238 'getelementptr' 'p_ZZ5conv1PA255_A255_fPA1_A9_A9_fPfS1_E6w_tile_3_8_0_addr' <Predicate = (select_ln53_1 == 3 & select_ln53 != 0 & select_ln53 != 1 & select_ln53 != 2 & select_ln53 != 3 & select_ln53 != 4 & select_ln53 != 5 & select_ln53 != 6 & select_ln53 != 7)> <Delay = 0.00>
ST_3 : Operation 239 [1/1] (0.67ns)   --->   "%store_ln56 = store i32 %bitcast_ln56, i3 %p_ZZ5conv1PA255_A255_fPA1_A9_A9_fPfS1_E6w_tile_3_8_0_addr" [src/conv1.cpp:56->src/conv1.cpp:139]   --->   Operation 239 'store' 'store_ln56' <Predicate = (select_ln53_1 == 3 & select_ln53 != 0 & select_ln53 != 1 & select_ln53 != 2 & select_ln53 != 3 & select_ln53 != 4 & select_ln53 != 5 & select_ln53 != 6 & select_ln53 != 7)> <Delay = 0.67> <CoreInst = "RAM">   --->   Core 83 'RAM' <Latency = 1> <II = 1> <Delay = 0.67> <Storage> <Opcode : 'load' 'store'> <Ports = 2> <Width = 32> <Depth = 8> <RAM>
ST_3 : Operation 240 [1/1] (0.00ns)   --->   "%br_ln56 = br void %arrayidx2967.i.exit" [src/conv1.cpp:56->src/conv1.cpp:139]   --->   Operation 240 'br' 'br_ln56' <Predicate = (select_ln53_1 == 3)> <Delay = 0.00>
ST_3 : Operation 241 [1/1] (0.00ns)   --->   "%p_ZZ5conv1PA255_A255_fPA1_A9_A9_fPfS1_E6w_tile_2_7_0_addr = getelementptr i32 %p_ZZ5conv1PA255_A255_fPA1_A9_A9_fPfS1_E6w_tile_2_7_0, i64 0, i64 %zext_ln50" [src/conv1.cpp:56->src/conv1.cpp:139]   --->   Operation 241 'getelementptr' 'p_ZZ5conv1PA255_A255_fPA1_A9_A9_fPfS1_E6w_tile_2_7_0_addr' <Predicate = (select_ln53_1 == 2 & select_ln53 == 7)> <Delay = 0.00>
ST_3 : Operation 242 [1/1] (0.67ns)   --->   "%store_ln56 = store i32 %bitcast_ln56, i3 %p_ZZ5conv1PA255_A255_fPA1_A9_A9_fPfS1_E6w_tile_2_7_0_addr" [src/conv1.cpp:56->src/conv1.cpp:139]   --->   Operation 242 'store' 'store_ln56' <Predicate = (select_ln53_1 == 2 & select_ln53 == 7)> <Delay = 0.67> <CoreInst = "RAM">   --->   Core 83 'RAM' <Latency = 1> <II = 1> <Delay = 0.67> <Storage> <Opcode : 'load' 'store'> <Ports = 2> <Width = 32> <Depth = 8> <RAM>
ST_3 : Operation 243 [1/1] (0.00ns)   --->   "%p_ZZ5conv1PA255_A255_fPA1_A9_A9_fPfS1_E6w_tile_2_6_0_addr = getelementptr i32 %p_ZZ5conv1PA255_A255_fPA1_A9_A9_fPfS1_E6w_tile_2_6_0, i64 0, i64 %zext_ln50" [src/conv1.cpp:56->src/conv1.cpp:139]   --->   Operation 243 'getelementptr' 'p_ZZ5conv1PA255_A255_fPA1_A9_A9_fPfS1_E6w_tile_2_6_0_addr' <Predicate = (select_ln53_1 == 2 & select_ln53 == 6)> <Delay = 0.00>
ST_3 : Operation 244 [1/1] (0.67ns)   --->   "%store_ln56 = store i32 %bitcast_ln56, i3 %p_ZZ5conv1PA255_A255_fPA1_A9_A9_fPfS1_E6w_tile_2_6_0_addr" [src/conv1.cpp:56->src/conv1.cpp:139]   --->   Operation 244 'store' 'store_ln56' <Predicate = (select_ln53_1 == 2 & select_ln53 == 6)> <Delay = 0.67> <CoreInst = "RAM">   --->   Core 83 'RAM' <Latency = 1> <II = 1> <Delay = 0.67> <Storage> <Opcode : 'load' 'store'> <Ports = 2> <Width = 32> <Depth = 8> <RAM>
ST_3 : Operation 245 [1/1] (0.00ns)   --->   "%p_ZZ5conv1PA255_A255_fPA1_A9_A9_fPfS1_E6w_tile_2_5_0_addr = getelementptr i32 %p_ZZ5conv1PA255_A255_fPA1_A9_A9_fPfS1_E6w_tile_2_5_0, i64 0, i64 %zext_ln50" [src/conv1.cpp:56->src/conv1.cpp:139]   --->   Operation 245 'getelementptr' 'p_ZZ5conv1PA255_A255_fPA1_A9_A9_fPfS1_E6w_tile_2_5_0_addr' <Predicate = (select_ln53_1 == 2 & select_ln53 == 5)> <Delay = 0.00>
ST_3 : Operation 246 [1/1] (0.67ns)   --->   "%store_ln56 = store i32 %bitcast_ln56, i3 %p_ZZ5conv1PA255_A255_fPA1_A9_A9_fPfS1_E6w_tile_2_5_0_addr" [src/conv1.cpp:56->src/conv1.cpp:139]   --->   Operation 246 'store' 'store_ln56' <Predicate = (select_ln53_1 == 2 & select_ln53 == 5)> <Delay = 0.67> <CoreInst = "RAM">   --->   Core 83 'RAM' <Latency = 1> <II = 1> <Delay = 0.67> <Storage> <Opcode : 'load' 'store'> <Ports = 2> <Width = 32> <Depth = 8> <RAM>
ST_3 : Operation 247 [1/1] (0.00ns)   --->   "%p_ZZ5conv1PA255_A255_fPA1_A9_A9_fPfS1_E6w_tile_2_4_0_addr = getelementptr i32 %p_ZZ5conv1PA255_A255_fPA1_A9_A9_fPfS1_E6w_tile_2_4_0, i64 0, i64 %zext_ln50" [src/conv1.cpp:56->src/conv1.cpp:139]   --->   Operation 247 'getelementptr' 'p_ZZ5conv1PA255_A255_fPA1_A9_A9_fPfS1_E6w_tile_2_4_0_addr' <Predicate = (select_ln53_1 == 2 & select_ln53 == 4)> <Delay = 0.00>
ST_3 : Operation 248 [1/1] (0.67ns)   --->   "%store_ln56 = store i32 %bitcast_ln56, i3 %p_ZZ5conv1PA255_A255_fPA1_A9_A9_fPfS1_E6w_tile_2_4_0_addr" [src/conv1.cpp:56->src/conv1.cpp:139]   --->   Operation 248 'store' 'store_ln56' <Predicate = (select_ln53_1 == 2 & select_ln53 == 4)> <Delay = 0.67> <CoreInst = "RAM">   --->   Core 83 'RAM' <Latency = 1> <II = 1> <Delay = 0.67> <Storage> <Opcode : 'load' 'store'> <Ports = 2> <Width = 32> <Depth = 8> <RAM>
ST_3 : Operation 249 [1/1] (0.00ns)   --->   "%p_ZZ5conv1PA255_A255_fPA1_A9_A9_fPfS1_E6w_tile_2_3_0_addr = getelementptr i32 %p_ZZ5conv1PA255_A255_fPA1_A9_A9_fPfS1_E6w_tile_2_3_0, i64 0, i64 %zext_ln50" [src/conv1.cpp:56->src/conv1.cpp:139]   --->   Operation 249 'getelementptr' 'p_ZZ5conv1PA255_A255_fPA1_A9_A9_fPfS1_E6w_tile_2_3_0_addr' <Predicate = (select_ln53_1 == 2 & select_ln53 == 3)> <Delay = 0.00>
ST_3 : Operation 250 [1/1] (0.67ns)   --->   "%store_ln56 = store i32 %bitcast_ln56, i3 %p_ZZ5conv1PA255_A255_fPA1_A9_A9_fPfS1_E6w_tile_2_3_0_addr" [src/conv1.cpp:56->src/conv1.cpp:139]   --->   Operation 250 'store' 'store_ln56' <Predicate = (select_ln53_1 == 2 & select_ln53 == 3)> <Delay = 0.67> <CoreInst = "RAM">   --->   Core 83 'RAM' <Latency = 1> <II = 1> <Delay = 0.67> <Storage> <Opcode : 'load' 'store'> <Ports = 2> <Width = 32> <Depth = 8> <RAM>
ST_3 : Operation 251 [1/1] (0.00ns)   --->   "%p_ZZ5conv1PA255_A255_fPA1_A9_A9_fPfS1_E6w_tile_2_2_0_addr = getelementptr i32 %p_ZZ5conv1PA255_A255_fPA1_A9_A9_fPfS1_E6w_tile_2_2_0, i64 0, i64 %zext_ln50" [src/conv1.cpp:56->src/conv1.cpp:139]   --->   Operation 251 'getelementptr' 'p_ZZ5conv1PA255_A255_fPA1_A9_A9_fPfS1_E6w_tile_2_2_0_addr' <Predicate = (select_ln53_1 == 2 & select_ln53 == 2)> <Delay = 0.00>
ST_3 : Operation 252 [1/1] (0.67ns)   --->   "%store_ln56 = store i32 %bitcast_ln56, i3 %p_ZZ5conv1PA255_A255_fPA1_A9_A9_fPfS1_E6w_tile_2_2_0_addr" [src/conv1.cpp:56->src/conv1.cpp:139]   --->   Operation 252 'store' 'store_ln56' <Predicate = (select_ln53_1 == 2 & select_ln53 == 2)> <Delay = 0.67> <CoreInst = "RAM">   --->   Core 83 'RAM' <Latency = 1> <II = 1> <Delay = 0.67> <Storage> <Opcode : 'load' 'store'> <Ports = 2> <Width = 32> <Depth = 8> <RAM>
ST_3 : Operation 253 [1/1] (0.00ns)   --->   "%p_ZZ5conv1PA255_A255_fPA1_A9_A9_fPfS1_E6w_tile_2_1_0_addr = getelementptr i32 %p_ZZ5conv1PA255_A255_fPA1_A9_A9_fPfS1_E6w_tile_2_1_0, i64 0, i64 %zext_ln50" [src/conv1.cpp:56->src/conv1.cpp:139]   --->   Operation 253 'getelementptr' 'p_ZZ5conv1PA255_A255_fPA1_A9_A9_fPfS1_E6w_tile_2_1_0_addr' <Predicate = (select_ln53_1 == 2 & select_ln53 == 1)> <Delay = 0.00>
ST_3 : Operation 254 [1/1] (0.67ns)   --->   "%store_ln56 = store i32 %bitcast_ln56, i3 %p_ZZ5conv1PA255_A255_fPA1_A9_A9_fPfS1_E6w_tile_2_1_0_addr" [src/conv1.cpp:56->src/conv1.cpp:139]   --->   Operation 254 'store' 'store_ln56' <Predicate = (select_ln53_1 == 2 & select_ln53 == 1)> <Delay = 0.67> <CoreInst = "RAM">   --->   Core 83 'RAM' <Latency = 1> <II = 1> <Delay = 0.67> <Storage> <Opcode : 'load' 'store'> <Ports = 2> <Width = 32> <Depth = 8> <RAM>
ST_3 : Operation 255 [1/1] (0.00ns)   --->   "%p_ZZ5conv1PA255_A255_fPA1_A9_A9_fPfS1_E6w_tile_2_0_0_addr = getelementptr i32 %p_ZZ5conv1PA255_A255_fPA1_A9_A9_fPfS1_E6w_tile_2_0_0, i64 0, i64 %zext_ln50" [src/conv1.cpp:56->src/conv1.cpp:139]   --->   Operation 255 'getelementptr' 'p_ZZ5conv1PA255_A255_fPA1_A9_A9_fPfS1_E6w_tile_2_0_0_addr' <Predicate = (select_ln53_1 == 2 & select_ln53 == 0)> <Delay = 0.00>
ST_3 : Operation 256 [1/1] (0.67ns)   --->   "%store_ln56 = store i32 %bitcast_ln56, i3 %p_ZZ5conv1PA255_A255_fPA1_A9_A9_fPfS1_E6w_tile_2_0_0_addr" [src/conv1.cpp:56->src/conv1.cpp:139]   --->   Operation 256 'store' 'store_ln56' <Predicate = (select_ln53_1 == 2 & select_ln53 == 0)> <Delay = 0.67> <CoreInst = "RAM">   --->   Core 83 'RAM' <Latency = 1> <II = 1> <Delay = 0.67> <Storage> <Opcode : 'load' 'store'> <Ports = 2> <Width = 32> <Depth = 8> <RAM>
ST_3 : Operation 257 [1/1] (0.00ns)   --->   "%p_ZZ5conv1PA255_A255_fPA1_A9_A9_fPfS1_E6w_tile_2_8_0_addr = getelementptr i32 %p_ZZ5conv1PA255_A255_fPA1_A9_A9_fPfS1_E6w_tile_2_8_0, i64 0, i64 %zext_ln50" [src/conv1.cpp:56->src/conv1.cpp:139]   --->   Operation 257 'getelementptr' 'p_ZZ5conv1PA255_A255_fPA1_A9_A9_fPfS1_E6w_tile_2_8_0_addr' <Predicate = (select_ln53_1 == 2 & select_ln53 != 0 & select_ln53 != 1 & select_ln53 != 2 & select_ln53 != 3 & select_ln53 != 4 & select_ln53 != 5 & select_ln53 != 6 & select_ln53 != 7)> <Delay = 0.00>
ST_3 : Operation 258 [1/1] (0.67ns)   --->   "%store_ln56 = store i32 %bitcast_ln56, i3 %p_ZZ5conv1PA255_A255_fPA1_A9_A9_fPfS1_E6w_tile_2_8_0_addr" [src/conv1.cpp:56->src/conv1.cpp:139]   --->   Operation 258 'store' 'store_ln56' <Predicate = (select_ln53_1 == 2 & select_ln53 != 0 & select_ln53 != 1 & select_ln53 != 2 & select_ln53 != 3 & select_ln53 != 4 & select_ln53 != 5 & select_ln53 != 6 & select_ln53 != 7)> <Delay = 0.67> <CoreInst = "RAM">   --->   Core 83 'RAM' <Latency = 1> <II = 1> <Delay = 0.67> <Storage> <Opcode : 'load' 'store'> <Ports = 2> <Width = 32> <Depth = 8> <RAM>
ST_3 : Operation 259 [1/1] (0.00ns)   --->   "%br_ln56 = br void %arrayidx2967.i.exit" [src/conv1.cpp:56->src/conv1.cpp:139]   --->   Operation 259 'br' 'br_ln56' <Predicate = (select_ln53_1 == 2)> <Delay = 0.00>
ST_3 : Operation 260 [1/1] (0.00ns)   --->   "%p_ZZ5conv1PA255_A255_fPA1_A9_A9_fPfS1_E6w_tile_1_7_0_addr = getelementptr i32 %p_ZZ5conv1PA255_A255_fPA1_A9_A9_fPfS1_E6w_tile_1_7_0, i64 0, i64 %zext_ln50" [src/conv1.cpp:56->src/conv1.cpp:139]   --->   Operation 260 'getelementptr' 'p_ZZ5conv1PA255_A255_fPA1_A9_A9_fPfS1_E6w_tile_1_7_0_addr' <Predicate = (select_ln53_1 == 1 & select_ln53 == 7)> <Delay = 0.00>
ST_3 : Operation 261 [1/1] (0.67ns)   --->   "%store_ln56 = store i32 %bitcast_ln56, i3 %p_ZZ5conv1PA255_A255_fPA1_A9_A9_fPfS1_E6w_tile_1_7_0_addr" [src/conv1.cpp:56->src/conv1.cpp:139]   --->   Operation 261 'store' 'store_ln56' <Predicate = (select_ln53_1 == 1 & select_ln53 == 7)> <Delay = 0.67> <CoreInst = "RAM">   --->   Core 83 'RAM' <Latency = 1> <II = 1> <Delay = 0.67> <Storage> <Opcode : 'load' 'store'> <Ports = 2> <Width = 32> <Depth = 8> <RAM>
ST_3 : Operation 262 [1/1] (0.00ns)   --->   "%p_ZZ5conv1PA255_A255_fPA1_A9_A9_fPfS1_E6w_tile_1_6_0_addr = getelementptr i32 %p_ZZ5conv1PA255_A255_fPA1_A9_A9_fPfS1_E6w_tile_1_6_0, i64 0, i64 %zext_ln50" [src/conv1.cpp:56->src/conv1.cpp:139]   --->   Operation 262 'getelementptr' 'p_ZZ5conv1PA255_A255_fPA1_A9_A9_fPfS1_E6w_tile_1_6_0_addr' <Predicate = (select_ln53_1 == 1 & select_ln53 == 6)> <Delay = 0.00>
ST_3 : Operation 263 [1/1] (0.67ns)   --->   "%store_ln56 = store i32 %bitcast_ln56, i3 %p_ZZ5conv1PA255_A255_fPA1_A9_A9_fPfS1_E6w_tile_1_6_0_addr" [src/conv1.cpp:56->src/conv1.cpp:139]   --->   Operation 263 'store' 'store_ln56' <Predicate = (select_ln53_1 == 1 & select_ln53 == 6)> <Delay = 0.67> <CoreInst = "RAM">   --->   Core 83 'RAM' <Latency = 1> <II = 1> <Delay = 0.67> <Storage> <Opcode : 'load' 'store'> <Ports = 2> <Width = 32> <Depth = 8> <RAM>
ST_3 : Operation 264 [1/1] (0.00ns)   --->   "%p_ZZ5conv1PA255_A255_fPA1_A9_A9_fPfS1_E6w_tile_1_5_0_addr = getelementptr i32 %p_ZZ5conv1PA255_A255_fPA1_A9_A9_fPfS1_E6w_tile_1_5_0, i64 0, i64 %zext_ln50" [src/conv1.cpp:56->src/conv1.cpp:139]   --->   Operation 264 'getelementptr' 'p_ZZ5conv1PA255_A255_fPA1_A9_A9_fPfS1_E6w_tile_1_5_0_addr' <Predicate = (select_ln53_1 == 1 & select_ln53 == 5)> <Delay = 0.00>
ST_3 : Operation 265 [1/1] (0.67ns)   --->   "%store_ln56 = store i32 %bitcast_ln56, i3 %p_ZZ5conv1PA255_A255_fPA1_A9_A9_fPfS1_E6w_tile_1_5_0_addr" [src/conv1.cpp:56->src/conv1.cpp:139]   --->   Operation 265 'store' 'store_ln56' <Predicate = (select_ln53_1 == 1 & select_ln53 == 5)> <Delay = 0.67> <CoreInst = "RAM">   --->   Core 83 'RAM' <Latency = 1> <II = 1> <Delay = 0.67> <Storage> <Opcode : 'load' 'store'> <Ports = 2> <Width = 32> <Depth = 8> <RAM>
ST_3 : Operation 266 [1/1] (0.00ns)   --->   "%p_ZZ5conv1PA255_A255_fPA1_A9_A9_fPfS1_E6w_tile_1_4_0_addr = getelementptr i32 %p_ZZ5conv1PA255_A255_fPA1_A9_A9_fPfS1_E6w_tile_1_4_0, i64 0, i64 %zext_ln50" [src/conv1.cpp:56->src/conv1.cpp:139]   --->   Operation 266 'getelementptr' 'p_ZZ5conv1PA255_A255_fPA1_A9_A9_fPfS1_E6w_tile_1_4_0_addr' <Predicate = (select_ln53_1 == 1 & select_ln53 == 4)> <Delay = 0.00>
ST_3 : Operation 267 [1/1] (0.67ns)   --->   "%store_ln56 = store i32 %bitcast_ln56, i3 %p_ZZ5conv1PA255_A255_fPA1_A9_A9_fPfS1_E6w_tile_1_4_0_addr" [src/conv1.cpp:56->src/conv1.cpp:139]   --->   Operation 267 'store' 'store_ln56' <Predicate = (select_ln53_1 == 1 & select_ln53 == 4)> <Delay = 0.67> <CoreInst = "RAM">   --->   Core 83 'RAM' <Latency = 1> <II = 1> <Delay = 0.67> <Storage> <Opcode : 'load' 'store'> <Ports = 2> <Width = 32> <Depth = 8> <RAM>
ST_3 : Operation 268 [1/1] (0.00ns)   --->   "%p_ZZ5conv1PA255_A255_fPA1_A9_A9_fPfS1_E6w_tile_1_3_0_addr = getelementptr i32 %p_ZZ5conv1PA255_A255_fPA1_A9_A9_fPfS1_E6w_tile_1_3_0, i64 0, i64 %zext_ln50" [src/conv1.cpp:56->src/conv1.cpp:139]   --->   Operation 268 'getelementptr' 'p_ZZ5conv1PA255_A255_fPA1_A9_A9_fPfS1_E6w_tile_1_3_0_addr' <Predicate = (select_ln53_1 == 1 & select_ln53 == 3)> <Delay = 0.00>
ST_3 : Operation 269 [1/1] (0.67ns)   --->   "%store_ln56 = store i32 %bitcast_ln56, i3 %p_ZZ5conv1PA255_A255_fPA1_A9_A9_fPfS1_E6w_tile_1_3_0_addr" [src/conv1.cpp:56->src/conv1.cpp:139]   --->   Operation 269 'store' 'store_ln56' <Predicate = (select_ln53_1 == 1 & select_ln53 == 3)> <Delay = 0.67> <CoreInst = "RAM">   --->   Core 83 'RAM' <Latency = 1> <II = 1> <Delay = 0.67> <Storage> <Opcode : 'load' 'store'> <Ports = 2> <Width = 32> <Depth = 8> <RAM>
ST_3 : Operation 270 [1/1] (0.00ns)   --->   "%p_ZZ5conv1PA255_A255_fPA1_A9_A9_fPfS1_E6w_tile_1_2_0_addr = getelementptr i32 %p_ZZ5conv1PA255_A255_fPA1_A9_A9_fPfS1_E6w_tile_1_2_0, i64 0, i64 %zext_ln50" [src/conv1.cpp:56->src/conv1.cpp:139]   --->   Operation 270 'getelementptr' 'p_ZZ5conv1PA255_A255_fPA1_A9_A9_fPfS1_E6w_tile_1_2_0_addr' <Predicate = (select_ln53_1 == 1 & select_ln53 == 2)> <Delay = 0.00>
ST_3 : Operation 271 [1/1] (0.67ns)   --->   "%store_ln56 = store i32 %bitcast_ln56, i3 %p_ZZ5conv1PA255_A255_fPA1_A9_A9_fPfS1_E6w_tile_1_2_0_addr" [src/conv1.cpp:56->src/conv1.cpp:139]   --->   Operation 271 'store' 'store_ln56' <Predicate = (select_ln53_1 == 1 & select_ln53 == 2)> <Delay = 0.67> <CoreInst = "RAM">   --->   Core 83 'RAM' <Latency = 1> <II = 1> <Delay = 0.67> <Storage> <Opcode : 'load' 'store'> <Ports = 2> <Width = 32> <Depth = 8> <RAM>
ST_3 : Operation 272 [1/1] (0.00ns)   --->   "%p_ZZ5conv1PA255_A255_fPA1_A9_A9_fPfS1_E6w_tile_1_1_0_addr = getelementptr i32 %p_ZZ5conv1PA255_A255_fPA1_A9_A9_fPfS1_E6w_tile_1_1_0, i64 0, i64 %zext_ln50" [src/conv1.cpp:56->src/conv1.cpp:139]   --->   Operation 272 'getelementptr' 'p_ZZ5conv1PA255_A255_fPA1_A9_A9_fPfS1_E6w_tile_1_1_0_addr' <Predicate = (select_ln53_1 == 1 & select_ln53 == 1)> <Delay = 0.00>
ST_3 : Operation 273 [1/1] (0.67ns)   --->   "%store_ln56 = store i32 %bitcast_ln56, i3 %p_ZZ5conv1PA255_A255_fPA1_A9_A9_fPfS1_E6w_tile_1_1_0_addr" [src/conv1.cpp:56->src/conv1.cpp:139]   --->   Operation 273 'store' 'store_ln56' <Predicate = (select_ln53_1 == 1 & select_ln53 == 1)> <Delay = 0.67> <CoreInst = "RAM">   --->   Core 83 'RAM' <Latency = 1> <II = 1> <Delay = 0.67> <Storage> <Opcode : 'load' 'store'> <Ports = 2> <Width = 32> <Depth = 8> <RAM>
ST_3 : Operation 274 [1/1] (0.00ns)   --->   "%p_ZZ5conv1PA255_A255_fPA1_A9_A9_fPfS1_E6w_tile_1_0_0_addr = getelementptr i32 %p_ZZ5conv1PA255_A255_fPA1_A9_A9_fPfS1_E6w_tile_1_0_0, i64 0, i64 %zext_ln50" [src/conv1.cpp:56->src/conv1.cpp:139]   --->   Operation 274 'getelementptr' 'p_ZZ5conv1PA255_A255_fPA1_A9_A9_fPfS1_E6w_tile_1_0_0_addr' <Predicate = (select_ln53_1 == 1 & select_ln53 == 0)> <Delay = 0.00>
ST_3 : Operation 275 [1/1] (0.67ns)   --->   "%store_ln56 = store i32 %bitcast_ln56, i3 %p_ZZ5conv1PA255_A255_fPA1_A9_A9_fPfS1_E6w_tile_1_0_0_addr" [src/conv1.cpp:56->src/conv1.cpp:139]   --->   Operation 275 'store' 'store_ln56' <Predicate = (select_ln53_1 == 1 & select_ln53 == 0)> <Delay = 0.67> <CoreInst = "RAM">   --->   Core 83 'RAM' <Latency = 1> <II = 1> <Delay = 0.67> <Storage> <Opcode : 'load' 'store'> <Ports = 2> <Width = 32> <Depth = 8> <RAM>
ST_3 : Operation 276 [1/1] (0.00ns)   --->   "%p_ZZ5conv1PA255_A255_fPA1_A9_A9_fPfS1_E6w_tile_1_8_0_addr = getelementptr i32 %p_ZZ5conv1PA255_A255_fPA1_A9_A9_fPfS1_E6w_tile_1_8_0, i64 0, i64 %zext_ln50" [src/conv1.cpp:56->src/conv1.cpp:139]   --->   Operation 276 'getelementptr' 'p_ZZ5conv1PA255_A255_fPA1_A9_A9_fPfS1_E6w_tile_1_8_0_addr' <Predicate = (select_ln53_1 == 1 & select_ln53 != 0 & select_ln53 != 1 & select_ln53 != 2 & select_ln53 != 3 & select_ln53 != 4 & select_ln53 != 5 & select_ln53 != 6 & select_ln53 != 7)> <Delay = 0.00>
ST_3 : Operation 277 [1/1] (0.67ns)   --->   "%store_ln56 = store i32 %bitcast_ln56, i3 %p_ZZ5conv1PA255_A255_fPA1_A9_A9_fPfS1_E6w_tile_1_8_0_addr" [src/conv1.cpp:56->src/conv1.cpp:139]   --->   Operation 277 'store' 'store_ln56' <Predicate = (select_ln53_1 == 1 & select_ln53 != 0 & select_ln53 != 1 & select_ln53 != 2 & select_ln53 != 3 & select_ln53 != 4 & select_ln53 != 5 & select_ln53 != 6 & select_ln53 != 7)> <Delay = 0.67> <CoreInst = "RAM">   --->   Core 83 'RAM' <Latency = 1> <II = 1> <Delay = 0.67> <Storage> <Opcode : 'load' 'store'> <Ports = 2> <Width = 32> <Depth = 8> <RAM>
ST_3 : Operation 278 [1/1] (0.00ns)   --->   "%br_ln56 = br void %arrayidx2967.i.exit" [src/conv1.cpp:56->src/conv1.cpp:139]   --->   Operation 278 'br' 'br_ln56' <Predicate = (select_ln53_1 == 1)> <Delay = 0.00>
ST_3 : Operation 279 [1/1] (0.00ns)   --->   "%p_ZZ5conv1PA255_A255_fPA1_A9_A9_fPfS1_E6w_tile_0_7_0_addr = getelementptr i32 %p_ZZ5conv1PA255_A255_fPA1_A9_A9_fPfS1_E6w_tile_0_7_0, i64 0, i64 %zext_ln50" [src/conv1.cpp:56->src/conv1.cpp:139]   --->   Operation 279 'getelementptr' 'p_ZZ5conv1PA255_A255_fPA1_A9_A9_fPfS1_E6w_tile_0_7_0_addr' <Predicate = (select_ln53_1 == 0 & select_ln53 == 7)> <Delay = 0.00>
ST_3 : Operation 280 [1/1] (0.67ns)   --->   "%store_ln56 = store i32 %bitcast_ln56, i3 %p_ZZ5conv1PA255_A255_fPA1_A9_A9_fPfS1_E6w_tile_0_7_0_addr" [src/conv1.cpp:56->src/conv1.cpp:139]   --->   Operation 280 'store' 'store_ln56' <Predicate = (select_ln53_1 == 0 & select_ln53 == 7)> <Delay = 0.67> <CoreInst = "RAM">   --->   Core 83 'RAM' <Latency = 1> <II = 1> <Delay = 0.67> <Storage> <Opcode : 'load' 'store'> <Ports = 2> <Width = 32> <Depth = 8> <RAM>
ST_3 : Operation 281 [1/1] (0.00ns)   --->   "%p_ZZ5conv1PA255_A255_fPA1_A9_A9_fPfS1_E6w_tile_0_6_0_addr = getelementptr i32 %p_ZZ5conv1PA255_A255_fPA1_A9_A9_fPfS1_E6w_tile_0_6_0, i64 0, i64 %zext_ln50" [src/conv1.cpp:56->src/conv1.cpp:139]   --->   Operation 281 'getelementptr' 'p_ZZ5conv1PA255_A255_fPA1_A9_A9_fPfS1_E6w_tile_0_6_0_addr' <Predicate = (select_ln53_1 == 0 & select_ln53 == 6)> <Delay = 0.00>
ST_3 : Operation 282 [1/1] (0.67ns)   --->   "%store_ln56 = store i32 %bitcast_ln56, i3 %p_ZZ5conv1PA255_A255_fPA1_A9_A9_fPfS1_E6w_tile_0_6_0_addr" [src/conv1.cpp:56->src/conv1.cpp:139]   --->   Operation 282 'store' 'store_ln56' <Predicate = (select_ln53_1 == 0 & select_ln53 == 6)> <Delay = 0.67> <CoreInst = "RAM">   --->   Core 83 'RAM' <Latency = 1> <II = 1> <Delay = 0.67> <Storage> <Opcode : 'load' 'store'> <Ports = 2> <Width = 32> <Depth = 8> <RAM>
ST_3 : Operation 283 [1/1] (0.00ns)   --->   "%p_ZZ5conv1PA255_A255_fPA1_A9_A9_fPfS1_E6w_tile_0_5_0_addr = getelementptr i32 %p_ZZ5conv1PA255_A255_fPA1_A9_A9_fPfS1_E6w_tile_0_5_0, i64 0, i64 %zext_ln50" [src/conv1.cpp:56->src/conv1.cpp:139]   --->   Operation 283 'getelementptr' 'p_ZZ5conv1PA255_A255_fPA1_A9_A9_fPfS1_E6w_tile_0_5_0_addr' <Predicate = (select_ln53_1 == 0 & select_ln53 == 5)> <Delay = 0.00>
ST_3 : Operation 284 [1/1] (0.67ns)   --->   "%store_ln56 = store i32 %bitcast_ln56, i3 %p_ZZ5conv1PA255_A255_fPA1_A9_A9_fPfS1_E6w_tile_0_5_0_addr" [src/conv1.cpp:56->src/conv1.cpp:139]   --->   Operation 284 'store' 'store_ln56' <Predicate = (select_ln53_1 == 0 & select_ln53 == 5)> <Delay = 0.67> <CoreInst = "RAM">   --->   Core 83 'RAM' <Latency = 1> <II = 1> <Delay = 0.67> <Storage> <Opcode : 'load' 'store'> <Ports = 2> <Width = 32> <Depth = 8> <RAM>
ST_3 : Operation 285 [1/1] (0.00ns)   --->   "%p_ZZ5conv1PA255_A255_fPA1_A9_A9_fPfS1_E6w_tile_0_4_0_addr = getelementptr i32 %p_ZZ5conv1PA255_A255_fPA1_A9_A9_fPfS1_E6w_tile_0_4_0, i64 0, i64 %zext_ln50" [src/conv1.cpp:56->src/conv1.cpp:139]   --->   Operation 285 'getelementptr' 'p_ZZ5conv1PA255_A255_fPA1_A9_A9_fPfS1_E6w_tile_0_4_0_addr' <Predicate = (select_ln53_1 == 0 & select_ln53 == 4)> <Delay = 0.00>
ST_3 : Operation 286 [1/1] (0.67ns)   --->   "%store_ln56 = store i32 %bitcast_ln56, i3 %p_ZZ5conv1PA255_A255_fPA1_A9_A9_fPfS1_E6w_tile_0_4_0_addr" [src/conv1.cpp:56->src/conv1.cpp:139]   --->   Operation 286 'store' 'store_ln56' <Predicate = (select_ln53_1 == 0 & select_ln53 == 4)> <Delay = 0.67> <CoreInst = "RAM">   --->   Core 83 'RAM' <Latency = 1> <II = 1> <Delay = 0.67> <Storage> <Opcode : 'load' 'store'> <Ports = 2> <Width = 32> <Depth = 8> <RAM>
ST_3 : Operation 287 [1/1] (0.00ns)   --->   "%p_ZZ5conv1PA255_A255_fPA1_A9_A9_fPfS1_E6w_tile_0_3_0_addr = getelementptr i32 %p_ZZ5conv1PA255_A255_fPA1_A9_A9_fPfS1_E6w_tile_0_3_0, i64 0, i64 %zext_ln50" [src/conv1.cpp:56->src/conv1.cpp:139]   --->   Operation 287 'getelementptr' 'p_ZZ5conv1PA255_A255_fPA1_A9_A9_fPfS1_E6w_tile_0_3_0_addr' <Predicate = (select_ln53_1 == 0 & select_ln53 == 3)> <Delay = 0.00>
ST_3 : Operation 288 [1/1] (0.67ns)   --->   "%store_ln56 = store i32 %bitcast_ln56, i3 %p_ZZ5conv1PA255_A255_fPA1_A9_A9_fPfS1_E6w_tile_0_3_0_addr" [src/conv1.cpp:56->src/conv1.cpp:139]   --->   Operation 288 'store' 'store_ln56' <Predicate = (select_ln53_1 == 0 & select_ln53 == 3)> <Delay = 0.67> <CoreInst = "RAM">   --->   Core 83 'RAM' <Latency = 1> <II = 1> <Delay = 0.67> <Storage> <Opcode : 'load' 'store'> <Ports = 2> <Width = 32> <Depth = 8> <RAM>
ST_3 : Operation 289 [1/1] (0.00ns)   --->   "%p_ZZ5conv1PA255_A255_fPA1_A9_A9_fPfS1_E6w_tile_0_2_0_addr = getelementptr i32 %p_ZZ5conv1PA255_A255_fPA1_A9_A9_fPfS1_E6w_tile_0_2_0, i64 0, i64 %zext_ln50" [src/conv1.cpp:56->src/conv1.cpp:139]   --->   Operation 289 'getelementptr' 'p_ZZ5conv1PA255_A255_fPA1_A9_A9_fPfS1_E6w_tile_0_2_0_addr' <Predicate = (select_ln53_1 == 0 & select_ln53 == 2)> <Delay = 0.00>
ST_3 : Operation 290 [1/1] (0.67ns)   --->   "%store_ln56 = store i32 %bitcast_ln56, i3 %p_ZZ5conv1PA255_A255_fPA1_A9_A9_fPfS1_E6w_tile_0_2_0_addr" [src/conv1.cpp:56->src/conv1.cpp:139]   --->   Operation 290 'store' 'store_ln56' <Predicate = (select_ln53_1 == 0 & select_ln53 == 2)> <Delay = 0.67> <CoreInst = "RAM">   --->   Core 83 'RAM' <Latency = 1> <II = 1> <Delay = 0.67> <Storage> <Opcode : 'load' 'store'> <Ports = 2> <Width = 32> <Depth = 8> <RAM>
ST_3 : Operation 291 [1/1] (0.00ns)   --->   "%p_ZZ5conv1PA255_A255_fPA1_A9_A9_fPfS1_E6w_tile_0_1_0_addr = getelementptr i32 %p_ZZ5conv1PA255_A255_fPA1_A9_A9_fPfS1_E6w_tile_0_1_0, i64 0, i64 %zext_ln50" [src/conv1.cpp:56->src/conv1.cpp:139]   --->   Operation 291 'getelementptr' 'p_ZZ5conv1PA255_A255_fPA1_A9_A9_fPfS1_E6w_tile_0_1_0_addr' <Predicate = (select_ln53_1 == 0 & select_ln53 == 1)> <Delay = 0.00>
ST_3 : Operation 292 [1/1] (0.67ns)   --->   "%store_ln56 = store i32 %bitcast_ln56, i3 %p_ZZ5conv1PA255_A255_fPA1_A9_A9_fPfS1_E6w_tile_0_1_0_addr" [src/conv1.cpp:56->src/conv1.cpp:139]   --->   Operation 292 'store' 'store_ln56' <Predicate = (select_ln53_1 == 0 & select_ln53 == 1)> <Delay = 0.67> <CoreInst = "RAM">   --->   Core 83 'RAM' <Latency = 1> <II = 1> <Delay = 0.67> <Storage> <Opcode : 'load' 'store'> <Ports = 2> <Width = 32> <Depth = 8> <RAM>
ST_3 : Operation 293 [1/1] (0.00ns)   --->   "%p_ZZ5conv1PA255_A255_fPA1_A9_A9_fPfS1_E6w_tile_0_0_0_addr = getelementptr i32 %p_ZZ5conv1PA255_A255_fPA1_A9_A9_fPfS1_E6w_tile_0_0_0, i64 0, i64 %zext_ln50" [src/conv1.cpp:56->src/conv1.cpp:139]   --->   Operation 293 'getelementptr' 'p_ZZ5conv1PA255_A255_fPA1_A9_A9_fPfS1_E6w_tile_0_0_0_addr' <Predicate = (select_ln53_1 == 0 & select_ln53 == 0)> <Delay = 0.00>
ST_3 : Operation 294 [1/1] (0.67ns)   --->   "%store_ln56 = store i32 %bitcast_ln56, i3 %p_ZZ5conv1PA255_A255_fPA1_A9_A9_fPfS1_E6w_tile_0_0_0_addr" [src/conv1.cpp:56->src/conv1.cpp:139]   --->   Operation 294 'store' 'store_ln56' <Predicate = (select_ln53_1 == 0 & select_ln53 == 0)> <Delay = 0.67> <CoreInst = "RAM">   --->   Core 83 'RAM' <Latency = 1> <II = 1> <Delay = 0.67> <Storage> <Opcode : 'load' 'store'> <Ports = 2> <Width = 32> <Depth = 8> <RAM>
ST_3 : Operation 295 [1/1] (0.00ns)   --->   "%p_ZZ5conv1PA255_A255_fPA1_A9_A9_fPfS1_E6w_tile_0_8_0_addr = getelementptr i32 %p_ZZ5conv1PA255_A255_fPA1_A9_A9_fPfS1_E6w_tile_0_8_0, i64 0, i64 %zext_ln50" [src/conv1.cpp:56->src/conv1.cpp:139]   --->   Operation 295 'getelementptr' 'p_ZZ5conv1PA255_A255_fPA1_A9_A9_fPfS1_E6w_tile_0_8_0_addr' <Predicate = (select_ln53_1 == 0 & select_ln53 != 0 & select_ln53 != 1 & select_ln53 != 2 & select_ln53 != 3 & select_ln53 != 4 & select_ln53 != 5 & select_ln53 != 6 & select_ln53 != 7)> <Delay = 0.00>
ST_3 : Operation 296 [1/1] (0.67ns)   --->   "%store_ln56 = store i32 %bitcast_ln56, i3 %p_ZZ5conv1PA255_A255_fPA1_A9_A9_fPfS1_E6w_tile_0_8_0_addr" [src/conv1.cpp:56->src/conv1.cpp:139]   --->   Operation 296 'store' 'store_ln56' <Predicate = (select_ln53_1 == 0 & select_ln53 != 0 & select_ln53 != 1 & select_ln53 != 2 & select_ln53 != 3 & select_ln53 != 4 & select_ln53 != 5 & select_ln53 != 6 & select_ln53 != 7)> <Delay = 0.67> <CoreInst = "RAM">   --->   Core 83 'RAM' <Latency = 1> <II = 1> <Delay = 0.67> <Storage> <Opcode : 'load' 'store'> <Ports = 2> <Width = 32> <Depth = 8> <RAM>
ST_3 : Operation 297 [1/1] (0.00ns)   --->   "%br_ln56 = br void %arrayidx2967.i.exit" [src/conv1.cpp:56->src/conv1.cpp:139]   --->   Operation 297 'br' 'br_ln56' <Predicate = (select_ln53_1 == 0)> <Delay = 0.00>
ST_3 : Operation 298 [1/1] (0.00ns)   --->   "%p_ZZ5conv1PA255_A255_fPA1_A9_A9_fPfS1_E6w_tile_8_7_0_addr = getelementptr i32 %p_ZZ5conv1PA255_A255_fPA1_A9_A9_fPfS1_E6w_tile_8_7_0, i64 0, i64 %zext_ln50" [src/conv1.cpp:56->src/conv1.cpp:139]   --->   Operation 298 'getelementptr' 'p_ZZ5conv1PA255_A255_fPA1_A9_A9_fPfS1_E6w_tile_8_7_0_addr' <Predicate = (select_ln53_1 != 0 & select_ln53_1 != 1 & select_ln53_1 != 2 & select_ln53_1 != 3 & select_ln53_1 != 4 & select_ln53_1 != 5 & select_ln53_1 != 6 & select_ln53_1 != 7 & select_ln53 == 7)> <Delay = 0.00>
ST_3 : Operation 299 [1/1] (0.67ns)   --->   "%store_ln56 = store i32 %bitcast_ln56, i3 %p_ZZ5conv1PA255_A255_fPA1_A9_A9_fPfS1_E6w_tile_8_7_0_addr" [src/conv1.cpp:56->src/conv1.cpp:139]   --->   Operation 299 'store' 'store_ln56' <Predicate = (select_ln53_1 != 0 & select_ln53_1 != 1 & select_ln53_1 != 2 & select_ln53_1 != 3 & select_ln53_1 != 4 & select_ln53_1 != 5 & select_ln53_1 != 6 & select_ln53_1 != 7 & select_ln53 == 7)> <Delay = 0.67> <CoreInst = "RAM">   --->   Core 83 'RAM' <Latency = 1> <II = 1> <Delay = 0.67> <Storage> <Opcode : 'load' 'store'> <Ports = 2> <Width = 32> <Depth = 8> <RAM>
ST_3 : Operation 300 [1/1] (0.00ns)   --->   "%p_ZZ5conv1PA255_A255_fPA1_A9_A9_fPfS1_E6w_tile_8_6_0_addr = getelementptr i32 %p_ZZ5conv1PA255_A255_fPA1_A9_A9_fPfS1_E6w_tile_8_6_0, i64 0, i64 %zext_ln50" [src/conv1.cpp:56->src/conv1.cpp:139]   --->   Operation 300 'getelementptr' 'p_ZZ5conv1PA255_A255_fPA1_A9_A9_fPfS1_E6w_tile_8_6_0_addr' <Predicate = (select_ln53_1 != 0 & select_ln53_1 != 1 & select_ln53_1 != 2 & select_ln53_1 != 3 & select_ln53_1 != 4 & select_ln53_1 != 5 & select_ln53_1 != 6 & select_ln53_1 != 7 & select_ln53 == 6)> <Delay = 0.00>
ST_3 : Operation 301 [1/1] (0.67ns)   --->   "%store_ln56 = store i32 %bitcast_ln56, i3 %p_ZZ5conv1PA255_A255_fPA1_A9_A9_fPfS1_E6w_tile_8_6_0_addr" [src/conv1.cpp:56->src/conv1.cpp:139]   --->   Operation 301 'store' 'store_ln56' <Predicate = (select_ln53_1 != 0 & select_ln53_1 != 1 & select_ln53_1 != 2 & select_ln53_1 != 3 & select_ln53_1 != 4 & select_ln53_1 != 5 & select_ln53_1 != 6 & select_ln53_1 != 7 & select_ln53 == 6)> <Delay = 0.67> <CoreInst = "RAM">   --->   Core 83 'RAM' <Latency = 1> <II = 1> <Delay = 0.67> <Storage> <Opcode : 'load' 'store'> <Ports = 2> <Width = 32> <Depth = 8> <RAM>
ST_3 : Operation 302 [1/1] (0.00ns)   --->   "%p_ZZ5conv1PA255_A255_fPA1_A9_A9_fPfS1_E6w_tile_8_5_0_addr = getelementptr i32 %p_ZZ5conv1PA255_A255_fPA1_A9_A9_fPfS1_E6w_tile_8_5_0, i64 0, i64 %zext_ln50" [src/conv1.cpp:56->src/conv1.cpp:139]   --->   Operation 302 'getelementptr' 'p_ZZ5conv1PA255_A255_fPA1_A9_A9_fPfS1_E6w_tile_8_5_0_addr' <Predicate = (select_ln53_1 != 0 & select_ln53_1 != 1 & select_ln53_1 != 2 & select_ln53_1 != 3 & select_ln53_1 != 4 & select_ln53_1 != 5 & select_ln53_1 != 6 & select_ln53_1 != 7 & select_ln53 == 5)> <Delay = 0.00>
ST_3 : Operation 303 [1/1] (0.67ns)   --->   "%store_ln56 = store i32 %bitcast_ln56, i3 %p_ZZ5conv1PA255_A255_fPA1_A9_A9_fPfS1_E6w_tile_8_5_0_addr" [src/conv1.cpp:56->src/conv1.cpp:139]   --->   Operation 303 'store' 'store_ln56' <Predicate = (select_ln53_1 != 0 & select_ln53_1 != 1 & select_ln53_1 != 2 & select_ln53_1 != 3 & select_ln53_1 != 4 & select_ln53_1 != 5 & select_ln53_1 != 6 & select_ln53_1 != 7 & select_ln53 == 5)> <Delay = 0.67> <CoreInst = "RAM">   --->   Core 83 'RAM' <Latency = 1> <II = 1> <Delay = 0.67> <Storage> <Opcode : 'load' 'store'> <Ports = 2> <Width = 32> <Depth = 8> <RAM>
ST_3 : Operation 304 [1/1] (0.00ns)   --->   "%p_ZZ5conv1PA255_A255_fPA1_A9_A9_fPfS1_E6w_tile_8_4_0_addr = getelementptr i32 %p_ZZ5conv1PA255_A255_fPA1_A9_A9_fPfS1_E6w_tile_8_4_0, i64 0, i64 %zext_ln50" [src/conv1.cpp:56->src/conv1.cpp:139]   --->   Operation 304 'getelementptr' 'p_ZZ5conv1PA255_A255_fPA1_A9_A9_fPfS1_E6w_tile_8_4_0_addr' <Predicate = (select_ln53_1 != 0 & select_ln53_1 != 1 & select_ln53_1 != 2 & select_ln53_1 != 3 & select_ln53_1 != 4 & select_ln53_1 != 5 & select_ln53_1 != 6 & select_ln53_1 != 7 & select_ln53 == 4)> <Delay = 0.00>
ST_3 : Operation 305 [1/1] (0.67ns)   --->   "%store_ln56 = store i32 %bitcast_ln56, i3 %p_ZZ5conv1PA255_A255_fPA1_A9_A9_fPfS1_E6w_tile_8_4_0_addr" [src/conv1.cpp:56->src/conv1.cpp:139]   --->   Operation 305 'store' 'store_ln56' <Predicate = (select_ln53_1 != 0 & select_ln53_1 != 1 & select_ln53_1 != 2 & select_ln53_1 != 3 & select_ln53_1 != 4 & select_ln53_1 != 5 & select_ln53_1 != 6 & select_ln53_1 != 7 & select_ln53 == 4)> <Delay = 0.67> <CoreInst = "RAM">   --->   Core 83 'RAM' <Latency = 1> <II = 1> <Delay = 0.67> <Storage> <Opcode : 'load' 'store'> <Ports = 2> <Width = 32> <Depth = 8> <RAM>
ST_3 : Operation 306 [1/1] (0.00ns)   --->   "%p_ZZ5conv1PA255_A255_fPA1_A9_A9_fPfS1_E6w_tile_8_3_0_addr = getelementptr i32 %p_ZZ5conv1PA255_A255_fPA1_A9_A9_fPfS1_E6w_tile_8_3_0, i64 0, i64 %zext_ln50" [src/conv1.cpp:56->src/conv1.cpp:139]   --->   Operation 306 'getelementptr' 'p_ZZ5conv1PA255_A255_fPA1_A9_A9_fPfS1_E6w_tile_8_3_0_addr' <Predicate = (select_ln53_1 != 0 & select_ln53_1 != 1 & select_ln53_1 != 2 & select_ln53_1 != 3 & select_ln53_1 != 4 & select_ln53_1 != 5 & select_ln53_1 != 6 & select_ln53_1 != 7 & select_ln53 == 3)> <Delay = 0.00>
ST_3 : Operation 307 [1/1] (0.67ns)   --->   "%store_ln56 = store i32 %bitcast_ln56, i3 %p_ZZ5conv1PA255_A255_fPA1_A9_A9_fPfS1_E6w_tile_8_3_0_addr" [src/conv1.cpp:56->src/conv1.cpp:139]   --->   Operation 307 'store' 'store_ln56' <Predicate = (select_ln53_1 != 0 & select_ln53_1 != 1 & select_ln53_1 != 2 & select_ln53_1 != 3 & select_ln53_1 != 4 & select_ln53_1 != 5 & select_ln53_1 != 6 & select_ln53_1 != 7 & select_ln53 == 3)> <Delay = 0.67> <CoreInst = "RAM">   --->   Core 83 'RAM' <Latency = 1> <II = 1> <Delay = 0.67> <Storage> <Opcode : 'load' 'store'> <Ports = 2> <Width = 32> <Depth = 8> <RAM>
ST_3 : Operation 308 [1/1] (0.00ns)   --->   "%p_ZZ5conv1PA255_A255_fPA1_A9_A9_fPfS1_E6w_tile_8_2_0_addr = getelementptr i32 %p_ZZ5conv1PA255_A255_fPA1_A9_A9_fPfS1_E6w_tile_8_2_0, i64 0, i64 %zext_ln50" [src/conv1.cpp:56->src/conv1.cpp:139]   --->   Operation 308 'getelementptr' 'p_ZZ5conv1PA255_A255_fPA1_A9_A9_fPfS1_E6w_tile_8_2_0_addr' <Predicate = (select_ln53_1 != 0 & select_ln53_1 != 1 & select_ln53_1 != 2 & select_ln53_1 != 3 & select_ln53_1 != 4 & select_ln53_1 != 5 & select_ln53_1 != 6 & select_ln53_1 != 7 & select_ln53 == 2)> <Delay = 0.00>
ST_3 : Operation 309 [1/1] (0.67ns)   --->   "%store_ln56 = store i32 %bitcast_ln56, i3 %p_ZZ5conv1PA255_A255_fPA1_A9_A9_fPfS1_E6w_tile_8_2_0_addr" [src/conv1.cpp:56->src/conv1.cpp:139]   --->   Operation 309 'store' 'store_ln56' <Predicate = (select_ln53_1 != 0 & select_ln53_1 != 1 & select_ln53_1 != 2 & select_ln53_1 != 3 & select_ln53_1 != 4 & select_ln53_1 != 5 & select_ln53_1 != 6 & select_ln53_1 != 7 & select_ln53 == 2)> <Delay = 0.67> <CoreInst = "RAM">   --->   Core 83 'RAM' <Latency = 1> <II = 1> <Delay = 0.67> <Storage> <Opcode : 'load' 'store'> <Ports = 2> <Width = 32> <Depth = 8> <RAM>
ST_3 : Operation 310 [1/1] (0.00ns)   --->   "%p_ZZ5conv1PA255_A255_fPA1_A9_A9_fPfS1_E6w_tile_8_1_0_addr = getelementptr i32 %p_ZZ5conv1PA255_A255_fPA1_A9_A9_fPfS1_E6w_tile_8_1_0, i64 0, i64 %zext_ln50" [src/conv1.cpp:56->src/conv1.cpp:139]   --->   Operation 310 'getelementptr' 'p_ZZ5conv1PA255_A255_fPA1_A9_A9_fPfS1_E6w_tile_8_1_0_addr' <Predicate = (select_ln53_1 != 0 & select_ln53_1 != 1 & select_ln53_1 != 2 & select_ln53_1 != 3 & select_ln53_1 != 4 & select_ln53_1 != 5 & select_ln53_1 != 6 & select_ln53_1 != 7 & select_ln53 == 1)> <Delay = 0.00>
ST_3 : Operation 311 [1/1] (0.67ns)   --->   "%store_ln56 = store i32 %bitcast_ln56, i3 %p_ZZ5conv1PA255_A255_fPA1_A9_A9_fPfS1_E6w_tile_8_1_0_addr" [src/conv1.cpp:56->src/conv1.cpp:139]   --->   Operation 311 'store' 'store_ln56' <Predicate = (select_ln53_1 != 0 & select_ln53_1 != 1 & select_ln53_1 != 2 & select_ln53_1 != 3 & select_ln53_1 != 4 & select_ln53_1 != 5 & select_ln53_1 != 6 & select_ln53_1 != 7 & select_ln53 == 1)> <Delay = 0.67> <CoreInst = "RAM">   --->   Core 83 'RAM' <Latency = 1> <II = 1> <Delay = 0.67> <Storage> <Opcode : 'load' 'store'> <Ports = 2> <Width = 32> <Depth = 8> <RAM>
ST_3 : Operation 312 [1/1] (0.00ns)   --->   "%p_ZZ5conv1PA255_A255_fPA1_A9_A9_fPfS1_E6w_tile_8_0_0_addr = getelementptr i32 %p_ZZ5conv1PA255_A255_fPA1_A9_A9_fPfS1_E6w_tile_8_0_0, i64 0, i64 %zext_ln50" [src/conv1.cpp:56->src/conv1.cpp:139]   --->   Operation 312 'getelementptr' 'p_ZZ5conv1PA255_A255_fPA1_A9_A9_fPfS1_E6w_tile_8_0_0_addr' <Predicate = (select_ln53_1 != 0 & select_ln53_1 != 1 & select_ln53_1 != 2 & select_ln53_1 != 3 & select_ln53_1 != 4 & select_ln53_1 != 5 & select_ln53_1 != 6 & select_ln53_1 != 7 & select_ln53 == 0)> <Delay = 0.00>
ST_3 : Operation 313 [1/1] (0.67ns)   --->   "%store_ln56 = store i32 %bitcast_ln56, i3 %p_ZZ5conv1PA255_A255_fPA1_A9_A9_fPfS1_E6w_tile_8_0_0_addr" [src/conv1.cpp:56->src/conv1.cpp:139]   --->   Operation 313 'store' 'store_ln56' <Predicate = (select_ln53_1 != 0 & select_ln53_1 != 1 & select_ln53_1 != 2 & select_ln53_1 != 3 & select_ln53_1 != 4 & select_ln53_1 != 5 & select_ln53_1 != 6 & select_ln53_1 != 7 & select_ln53 == 0)> <Delay = 0.67> <CoreInst = "RAM">   --->   Core 83 'RAM' <Latency = 1> <II = 1> <Delay = 0.67> <Storage> <Opcode : 'load' 'store'> <Ports = 2> <Width = 32> <Depth = 8> <RAM>
ST_3 : Operation 314 [1/1] (0.00ns)   --->   "%p_ZZ5conv1PA255_A255_fPA1_A9_A9_fPfS1_E6w_tile_8_8_0_addr = getelementptr i32 %p_ZZ5conv1PA255_A255_fPA1_A9_A9_fPfS1_E6w_tile_8_8_0, i64 0, i64 %zext_ln50" [src/conv1.cpp:56->src/conv1.cpp:139]   --->   Operation 314 'getelementptr' 'p_ZZ5conv1PA255_A255_fPA1_A9_A9_fPfS1_E6w_tile_8_8_0_addr' <Predicate = (select_ln53_1 != 0 & select_ln53_1 != 1 & select_ln53_1 != 2 & select_ln53_1 != 3 & select_ln53_1 != 4 & select_ln53_1 != 5 & select_ln53_1 != 6 & select_ln53_1 != 7 & select_ln53 != 0 & select_ln53 != 1 & select_ln53 != 2 & select_ln53 != 3 & select_ln53 != 4 & select_ln53 != 5 & select_ln53 != 6 & select_ln53 != 7)> <Delay = 0.00>
ST_3 : Operation 315 [1/1] (0.67ns)   --->   "%store_ln56 = store i32 %bitcast_ln56, i3 %p_ZZ5conv1PA255_A255_fPA1_A9_A9_fPfS1_E6w_tile_8_8_0_addr" [src/conv1.cpp:56->src/conv1.cpp:139]   --->   Operation 315 'store' 'store_ln56' <Predicate = (select_ln53_1 != 0 & select_ln53_1 != 1 & select_ln53_1 != 2 & select_ln53_1 != 3 & select_ln53_1 != 4 & select_ln53_1 != 5 & select_ln53_1 != 6 & select_ln53_1 != 7 & select_ln53 != 0 & select_ln53 != 1 & select_ln53 != 2 & select_ln53 != 3 & select_ln53 != 4 & select_ln53 != 5 & select_ln53 != 6 & select_ln53 != 7)> <Delay = 0.67> <CoreInst = "RAM">   --->   Core 83 'RAM' <Latency = 1> <II = 1> <Delay = 0.67> <Storage> <Opcode : 'load' 'store'> <Ports = 2> <Width = 32> <Depth = 8> <RAM>
ST_3 : Operation 316 [1/1] (0.00ns)   --->   "%br_ln56 = br void %arrayidx2967.i.exit" [src/conv1.cpp:56->src/conv1.cpp:139]   --->   Operation 316 'br' 'br_ln56' <Predicate = (select_ln53_1 != 0 & select_ln53_1 != 1 & select_ln53_1 != 2 & select_ln53_1 != 3 & select_ln53_1 != 4 & select_ln53_1 != 5 & select_ln53_1 != 6 & select_ln53_1 != 7)> <Delay = 0.00>
ST_3 : Operation 317 [1/1] (0.42ns)   --->   "%store_ln54 = store i4 %select_ln50_3, i4 %tn" [src/conv1.cpp:54->src/conv1.cpp:139]   --->   Operation 317 'store' 'store_ln54' <Predicate = true> <Delay = 0.42>
ST_3 : Operation 318 [1/1] (0.00ns)   --->   "%br_ln54 = br void %for.inc.i" [src/conv1.cpp:54->src/conv1.cpp:139]   --->   Operation 318 'br' 'br_ln54' <Predicate = true> <Delay = 0.00>


============================================================
+ Verbose Summary: Binding
============================================================
STG Binding: 
---------------- STG Properties BEGIN ----------------
- Is combinational: 0
- Is one-state seq: 0
- Is datapath-only: 0
- Is pipelined: 0
- Is top level: 0
Port [ Return ] is wired: 1; IO mode=ap_ctrl_hs:ce=0
Port [ w1]:  wired=1; compound=1; hidden=0; nouse=0; global=0; static=0; extern=0; dir=0; type=4; pingpong=0; private_global=0; IO mode=m_axi:ce=0
Port [ sext_ln117]:  wired=1; compound=0; hidden=0; nouse=0; global=0; static=0; extern=0; dir=0; type=0; pingpong=0; private_global=0; IO mode=ap_none:ce=0
Port [ p_ZZ5conv1PA255_A255_fPA1_A9_A9_fPfS1_E6w_tile_0_0_0]:  wired=1; compound=1; hidden=0; nouse=0; global=1; static=1; extern=0; dir=1; type=1; pingpong=0; private_global=0; MemPort=[03]; IO mode=ap_memory:ce=0
Port [ p_ZZ5conv1PA255_A255_fPA1_A9_A9_fPfS1_E6w_tile_0_1_0]:  wired=1; compound=1; hidden=0; nouse=0; global=1; static=1; extern=0; dir=1; type=1; pingpong=0; private_global=0; MemPort=[03]; IO mode=ap_memory:ce=0
Port [ p_ZZ5conv1PA255_A255_fPA1_A9_A9_fPfS1_E6w_tile_0_2_0]:  wired=1; compound=1; hidden=0; nouse=0; global=1; static=1; extern=0; dir=1; type=1; pingpong=0; private_global=0; MemPort=[03]; IO mode=ap_memory:ce=0
Port [ p_ZZ5conv1PA255_A255_fPA1_A9_A9_fPfS1_E6w_tile_0_3_0]:  wired=1; compound=1; hidden=0; nouse=0; global=1; static=1; extern=0; dir=1; type=1; pingpong=0; private_global=0; MemPort=[03]; IO mode=ap_memory:ce=0
Port [ p_ZZ5conv1PA255_A255_fPA1_A9_A9_fPfS1_E6w_tile_0_4_0]:  wired=1; compound=1; hidden=0; nouse=0; global=1; static=1; extern=0; dir=1; type=1; pingpong=0; private_global=0; MemPort=[03]; IO mode=ap_memory:ce=0
Port [ p_ZZ5conv1PA255_A255_fPA1_A9_A9_fPfS1_E6w_tile_0_5_0]:  wired=1; compound=1; hidden=0; nouse=0; global=1; static=1; extern=0; dir=1; type=1; pingpong=0; private_global=0; MemPort=[03]; IO mode=ap_memory:ce=0
Port [ p_ZZ5conv1PA255_A255_fPA1_A9_A9_fPfS1_E6w_tile_0_6_0]:  wired=1; compound=1; hidden=0; nouse=0; global=1; static=1; extern=0; dir=1; type=1; pingpong=0; private_global=0; MemPort=[03]; IO mode=ap_memory:ce=0
Port [ p_ZZ5conv1PA255_A255_fPA1_A9_A9_fPfS1_E6w_tile_0_7_0]:  wired=1; compound=1; hidden=0; nouse=0; global=1; static=1; extern=0; dir=1; type=1; pingpong=0; private_global=0; MemPort=[03]; IO mode=ap_memory:ce=0
Port [ p_ZZ5conv1PA255_A255_fPA1_A9_A9_fPfS1_E6w_tile_0_8_0]:  wired=1; compound=1; hidden=0; nouse=0; global=1; static=1; extern=0; dir=1; type=1; pingpong=0; private_global=0; MemPort=[03]; IO mode=ap_memory:ce=0
Port [ p_ZZ5conv1PA255_A255_fPA1_A9_A9_fPfS1_E6w_tile_1_0_0]:  wired=1; compound=1; hidden=0; nouse=0; global=1; static=1; extern=0; dir=1; type=1; pingpong=0; private_global=0; MemPort=[03]; IO mode=ap_memory:ce=0
Port [ p_ZZ5conv1PA255_A255_fPA1_A9_A9_fPfS1_E6w_tile_1_1_0]:  wired=1; compound=1; hidden=0; nouse=0; global=1; static=1; extern=0; dir=1; type=1; pingpong=0; private_global=0; MemPort=[03]; IO mode=ap_memory:ce=0
Port [ p_ZZ5conv1PA255_A255_fPA1_A9_A9_fPfS1_E6w_tile_1_2_0]:  wired=1; compound=1; hidden=0; nouse=0; global=1; static=1; extern=0; dir=1; type=1; pingpong=0; private_global=0; MemPort=[03]; IO mode=ap_memory:ce=0
Port [ p_ZZ5conv1PA255_A255_fPA1_A9_A9_fPfS1_E6w_tile_1_3_0]:  wired=1; compound=1; hidden=0; nouse=0; global=1; static=1; extern=0; dir=1; type=1; pingpong=0; private_global=0; MemPort=[03]; IO mode=ap_memory:ce=0
Port [ p_ZZ5conv1PA255_A255_fPA1_A9_A9_fPfS1_E6w_tile_1_4_0]:  wired=1; compound=1; hidden=0; nouse=0; global=1; static=1; extern=0; dir=1; type=1; pingpong=0; private_global=0; MemPort=[03]; IO mode=ap_memory:ce=0
Port [ p_ZZ5conv1PA255_A255_fPA1_A9_A9_fPfS1_E6w_tile_1_5_0]:  wired=1; compound=1; hidden=0; nouse=0; global=1; static=1; extern=0; dir=1; type=1; pingpong=0; private_global=0; MemPort=[03]; IO mode=ap_memory:ce=0
Port [ p_ZZ5conv1PA255_A255_fPA1_A9_A9_fPfS1_E6w_tile_1_6_0]:  wired=1; compound=1; hidden=0; nouse=0; global=1; static=1; extern=0; dir=1; type=1; pingpong=0; private_global=0; MemPort=[03]; IO mode=ap_memory:ce=0
Port [ p_ZZ5conv1PA255_A255_fPA1_A9_A9_fPfS1_E6w_tile_1_7_0]:  wired=1; compound=1; hidden=0; nouse=0; global=1; static=1; extern=0; dir=1; type=1; pingpong=0; private_global=0; MemPort=[03]; IO mode=ap_memory:ce=0
Port [ p_ZZ5conv1PA255_A255_fPA1_A9_A9_fPfS1_E6w_tile_1_8_0]:  wired=1; compound=1; hidden=0; nouse=0; global=1; static=1; extern=0; dir=1; type=1; pingpong=0; private_global=0; MemPort=[03]; IO mode=ap_memory:ce=0
Port [ p_ZZ5conv1PA255_A255_fPA1_A9_A9_fPfS1_E6w_tile_2_0_0]:  wired=1; compound=1; hidden=0; nouse=0; global=1; static=1; extern=0; dir=1; type=1; pingpong=0; private_global=0; MemPort=[03]; IO mode=ap_memory:ce=0
Port [ p_ZZ5conv1PA255_A255_fPA1_A9_A9_fPfS1_E6w_tile_2_1_0]:  wired=1; compound=1; hidden=0; nouse=0; global=1; static=1; extern=0; dir=1; type=1; pingpong=0; private_global=0; MemPort=[03]; IO mode=ap_memory:ce=0
Port [ p_ZZ5conv1PA255_A255_fPA1_A9_A9_fPfS1_E6w_tile_2_2_0]:  wired=1; compound=1; hidden=0; nouse=0; global=1; static=1; extern=0; dir=1; type=1; pingpong=0; private_global=0; MemPort=[03]; IO mode=ap_memory:ce=0
Port [ p_ZZ5conv1PA255_A255_fPA1_A9_A9_fPfS1_E6w_tile_2_3_0]:  wired=1; compound=1; hidden=0; nouse=0; global=1; static=1; extern=0; dir=1; type=1; pingpong=0; private_global=0; MemPort=[03]; IO mode=ap_memory:ce=0
Port [ p_ZZ5conv1PA255_A255_fPA1_A9_A9_fPfS1_E6w_tile_2_4_0]:  wired=1; compound=1; hidden=0; nouse=0; global=1; static=1; extern=0; dir=1; type=1; pingpong=0; private_global=0; MemPort=[03]; IO mode=ap_memory:ce=0
Port [ p_ZZ5conv1PA255_A255_fPA1_A9_A9_fPfS1_E6w_tile_2_5_0]:  wired=1; compound=1; hidden=0; nouse=0; global=1; static=1; extern=0; dir=1; type=1; pingpong=0; private_global=0; MemPort=[03]; IO mode=ap_memory:ce=0
Port [ p_ZZ5conv1PA255_A255_fPA1_A9_A9_fPfS1_E6w_tile_2_6_0]:  wired=1; compound=1; hidden=0; nouse=0; global=1; static=1; extern=0; dir=1; type=1; pingpong=0; private_global=0; MemPort=[03]; IO mode=ap_memory:ce=0
Port [ p_ZZ5conv1PA255_A255_fPA1_A9_A9_fPfS1_E6w_tile_2_7_0]:  wired=1; compound=1; hidden=0; nouse=0; global=1; static=1; extern=0; dir=1; type=1; pingpong=0; private_global=0; MemPort=[03]; IO mode=ap_memory:ce=0
Port [ p_ZZ5conv1PA255_A255_fPA1_A9_A9_fPfS1_E6w_tile_2_8_0]:  wired=1; compound=1; hidden=0; nouse=0; global=1; static=1; extern=0; dir=1; type=1; pingpong=0; private_global=0; MemPort=[03]; IO mode=ap_memory:ce=0
Port [ p_ZZ5conv1PA255_A255_fPA1_A9_A9_fPfS1_E6w_tile_3_0_0]:  wired=1; compound=1; hidden=0; nouse=0; global=1; static=1; extern=0; dir=1; type=1; pingpong=0; private_global=0; MemPort=[03]; IO mode=ap_memory:ce=0
Port [ p_ZZ5conv1PA255_A255_fPA1_A9_A9_fPfS1_E6w_tile_3_1_0]:  wired=1; compound=1; hidden=0; nouse=0; global=1; static=1; extern=0; dir=1; type=1; pingpong=0; private_global=0; MemPort=[03]; IO mode=ap_memory:ce=0
Port [ p_ZZ5conv1PA255_A255_fPA1_A9_A9_fPfS1_E6w_tile_3_2_0]:  wired=1; compound=1; hidden=0; nouse=0; global=1; static=1; extern=0; dir=1; type=1; pingpong=0; private_global=0; MemPort=[03]; IO mode=ap_memory:ce=0
Port [ p_ZZ5conv1PA255_A255_fPA1_A9_A9_fPfS1_E6w_tile_3_3_0]:  wired=1; compound=1; hidden=0; nouse=0; global=1; static=1; extern=0; dir=1; type=1; pingpong=0; private_global=0; MemPort=[03]; IO mode=ap_memory:ce=0
Port [ p_ZZ5conv1PA255_A255_fPA1_A9_A9_fPfS1_E6w_tile_3_4_0]:  wired=1; compound=1; hidden=0; nouse=0; global=1; static=1; extern=0; dir=1; type=1; pingpong=0; private_global=0; MemPort=[03]; IO mode=ap_memory:ce=0
Port [ p_ZZ5conv1PA255_A255_fPA1_A9_A9_fPfS1_E6w_tile_3_5_0]:  wired=1; compound=1; hidden=0; nouse=0; global=1; static=1; extern=0; dir=1; type=1; pingpong=0; private_global=0; MemPort=[03]; IO mode=ap_memory:ce=0
Port [ p_ZZ5conv1PA255_A255_fPA1_A9_A9_fPfS1_E6w_tile_3_6_0]:  wired=1; compound=1; hidden=0; nouse=0; global=1; static=1; extern=0; dir=1; type=1; pingpong=0; private_global=0; MemPort=[03]; IO mode=ap_memory:ce=0
Port [ p_ZZ5conv1PA255_A255_fPA1_A9_A9_fPfS1_E6w_tile_3_7_0]:  wired=1; compound=1; hidden=0; nouse=0; global=1; static=1; extern=0; dir=1; type=1; pingpong=0; private_global=0; MemPort=[03]; IO mode=ap_memory:ce=0
Port [ p_ZZ5conv1PA255_A255_fPA1_A9_A9_fPfS1_E6w_tile_3_8_0]:  wired=1; compound=1; hidden=0; nouse=0; global=1; static=1; extern=0; dir=1; type=1; pingpong=0; private_global=0; MemPort=[03]; IO mode=ap_memory:ce=0
Port [ p_ZZ5conv1PA255_A255_fPA1_A9_A9_fPfS1_E6w_tile_4_0_0]:  wired=1; compound=1; hidden=0; nouse=0; global=1; static=1; extern=0; dir=1; type=1; pingpong=0; private_global=0; MemPort=[03]; IO mode=ap_memory:ce=0
Port [ p_ZZ5conv1PA255_A255_fPA1_A9_A9_fPfS1_E6w_tile_4_1_0]:  wired=1; compound=1; hidden=0; nouse=0; global=1; static=1; extern=0; dir=1; type=1; pingpong=0; private_global=0; MemPort=[03]; IO mode=ap_memory:ce=0
Port [ p_ZZ5conv1PA255_A255_fPA1_A9_A9_fPfS1_E6w_tile_4_2_0]:  wired=1; compound=1; hidden=0; nouse=0; global=1; static=1; extern=0; dir=1; type=1; pingpong=0; private_global=0; MemPort=[03]; IO mode=ap_memory:ce=0
Port [ p_ZZ5conv1PA255_A255_fPA1_A9_A9_fPfS1_E6w_tile_4_3_0]:  wired=1; compound=1; hidden=0; nouse=0; global=1; static=1; extern=0; dir=1; type=1; pingpong=0; private_global=0; MemPort=[03]; IO mode=ap_memory:ce=0
Port [ p_ZZ5conv1PA255_A255_fPA1_A9_A9_fPfS1_E6w_tile_4_4_0]:  wired=1; compound=1; hidden=0; nouse=0; global=1; static=1; extern=0; dir=1; type=1; pingpong=0; private_global=0; MemPort=[03]; IO mode=ap_memory:ce=0
Port [ p_ZZ5conv1PA255_A255_fPA1_A9_A9_fPfS1_E6w_tile_4_5_0]:  wired=1; compound=1; hidden=0; nouse=0; global=1; static=1; extern=0; dir=1; type=1; pingpong=0; private_global=0; MemPort=[03]; IO mode=ap_memory:ce=0
Port [ p_ZZ5conv1PA255_A255_fPA1_A9_A9_fPfS1_E6w_tile_4_6_0]:  wired=1; compound=1; hidden=0; nouse=0; global=1; static=1; extern=0; dir=1; type=1; pingpong=0; private_global=0; MemPort=[03]; IO mode=ap_memory:ce=0
Port [ p_ZZ5conv1PA255_A255_fPA1_A9_A9_fPfS1_E6w_tile_4_7_0]:  wired=1; compound=1; hidden=0; nouse=0; global=1; static=1; extern=0; dir=1; type=1; pingpong=0; private_global=0; MemPort=[03]; IO mode=ap_memory:ce=0
Port [ p_ZZ5conv1PA255_A255_fPA1_A9_A9_fPfS1_E6w_tile_4_8_0]:  wired=1; compound=1; hidden=0; nouse=0; global=1; static=1; extern=0; dir=1; type=1; pingpong=0; private_global=0; MemPort=[03]; IO mode=ap_memory:ce=0
Port [ p_ZZ5conv1PA255_A255_fPA1_A9_A9_fPfS1_E6w_tile_5_0_0]:  wired=1; compound=1; hidden=0; nouse=0; global=1; static=1; extern=0; dir=1; type=1; pingpong=0; private_global=0; MemPort=[03]; IO mode=ap_memory:ce=0
Port [ p_ZZ5conv1PA255_A255_fPA1_A9_A9_fPfS1_E6w_tile_5_1_0]:  wired=1; compound=1; hidden=0; nouse=0; global=1; static=1; extern=0; dir=1; type=1; pingpong=0; private_global=0; MemPort=[03]; IO mode=ap_memory:ce=0
Port [ p_ZZ5conv1PA255_A255_fPA1_A9_A9_fPfS1_E6w_tile_5_2_0]:  wired=1; compound=1; hidden=0; nouse=0; global=1; static=1; extern=0; dir=1; type=1; pingpong=0; private_global=0; MemPort=[03]; IO mode=ap_memory:ce=0
Port [ p_ZZ5conv1PA255_A255_fPA1_A9_A9_fPfS1_E6w_tile_5_3_0]:  wired=1; compound=1; hidden=0; nouse=0; global=1; static=1; extern=0; dir=1; type=1; pingpong=0; private_global=0; MemPort=[03]; IO mode=ap_memory:ce=0
Port [ p_ZZ5conv1PA255_A255_fPA1_A9_A9_fPfS1_E6w_tile_5_4_0]:  wired=1; compound=1; hidden=0; nouse=0; global=1; static=1; extern=0; dir=1; type=1; pingpong=0; private_global=0; MemPort=[03]; IO mode=ap_memory:ce=0
Port [ p_ZZ5conv1PA255_A255_fPA1_A9_A9_fPfS1_E6w_tile_5_5_0]:  wired=1; compound=1; hidden=0; nouse=0; global=1; static=1; extern=0; dir=1; type=1; pingpong=0; private_global=0; MemPort=[03]; IO mode=ap_memory:ce=0
Port [ p_ZZ5conv1PA255_A255_fPA1_A9_A9_fPfS1_E6w_tile_5_6_0]:  wired=1; compound=1; hidden=0; nouse=0; global=1; static=1; extern=0; dir=1; type=1; pingpong=0; private_global=0; MemPort=[03]; IO mode=ap_memory:ce=0
Port [ p_ZZ5conv1PA255_A255_fPA1_A9_A9_fPfS1_E6w_tile_5_7_0]:  wired=1; compound=1; hidden=0; nouse=0; global=1; static=1; extern=0; dir=1; type=1; pingpong=0; private_global=0; MemPort=[03]; IO mode=ap_memory:ce=0
Port [ p_ZZ5conv1PA255_A255_fPA1_A9_A9_fPfS1_E6w_tile_5_8_0]:  wired=1; compound=1; hidden=0; nouse=0; global=1; static=1; extern=0; dir=1; type=1; pingpong=0; private_global=0; MemPort=[03]; IO mode=ap_memory:ce=0
Port [ p_ZZ5conv1PA255_A255_fPA1_A9_A9_fPfS1_E6w_tile_6_0_0]:  wired=1; compound=1; hidden=0; nouse=0; global=1; static=1; extern=0; dir=1; type=1; pingpong=0; private_global=0; MemPort=[03]; IO mode=ap_memory:ce=0
Port [ p_ZZ5conv1PA255_A255_fPA1_A9_A9_fPfS1_E6w_tile_6_1_0]:  wired=1; compound=1; hidden=0; nouse=0; global=1; static=1; extern=0; dir=1; type=1; pingpong=0; private_global=0; MemPort=[03]; IO mode=ap_memory:ce=0
Port [ p_ZZ5conv1PA255_A255_fPA1_A9_A9_fPfS1_E6w_tile_6_2_0]:  wired=1; compound=1; hidden=0; nouse=0; global=1; static=1; extern=0; dir=1; type=1; pingpong=0; private_global=0; MemPort=[03]; IO mode=ap_memory:ce=0
Port [ p_ZZ5conv1PA255_A255_fPA1_A9_A9_fPfS1_E6w_tile_6_3_0]:  wired=1; compound=1; hidden=0; nouse=0; global=1; static=1; extern=0; dir=1; type=1; pingpong=0; private_global=0; MemPort=[03]; IO mode=ap_memory:ce=0
Port [ p_ZZ5conv1PA255_A255_fPA1_A9_A9_fPfS1_E6w_tile_6_4_0]:  wired=1; compound=1; hidden=0; nouse=0; global=1; static=1; extern=0; dir=1; type=1; pingpong=0; private_global=0; MemPort=[03]; IO mode=ap_memory:ce=0
Port [ p_ZZ5conv1PA255_A255_fPA1_A9_A9_fPfS1_E6w_tile_6_5_0]:  wired=1; compound=1; hidden=0; nouse=0; global=1; static=1; extern=0; dir=1; type=1; pingpong=0; private_global=0; MemPort=[03]; IO mode=ap_memory:ce=0
Port [ p_ZZ5conv1PA255_A255_fPA1_A9_A9_fPfS1_E6w_tile_6_6_0]:  wired=1; compound=1; hidden=0; nouse=0; global=1; static=1; extern=0; dir=1; type=1; pingpong=0; private_global=0; MemPort=[03]; IO mode=ap_memory:ce=0
Port [ p_ZZ5conv1PA255_A255_fPA1_A9_A9_fPfS1_E6w_tile_6_7_0]:  wired=1; compound=1; hidden=0; nouse=0; global=1; static=1; extern=0; dir=1; type=1; pingpong=0; private_global=0; MemPort=[03]; IO mode=ap_memory:ce=0
Port [ p_ZZ5conv1PA255_A255_fPA1_A9_A9_fPfS1_E6w_tile_6_8_0]:  wired=1; compound=1; hidden=0; nouse=0; global=1; static=1; extern=0; dir=1; type=1; pingpong=0; private_global=0; MemPort=[03]; IO mode=ap_memory:ce=0
Port [ p_ZZ5conv1PA255_A255_fPA1_A9_A9_fPfS1_E6w_tile_7_0_0]:  wired=1; compound=1; hidden=0; nouse=0; global=1; static=1; extern=0; dir=1; type=1; pingpong=0; private_global=0; MemPort=[03]; IO mode=ap_memory:ce=0
Port [ p_ZZ5conv1PA255_A255_fPA1_A9_A9_fPfS1_E6w_tile_7_1_0]:  wired=1; compound=1; hidden=0; nouse=0; global=1; static=1; extern=0; dir=1; type=1; pingpong=0; private_global=0; MemPort=[03]; IO mode=ap_memory:ce=0
Port [ p_ZZ5conv1PA255_A255_fPA1_A9_A9_fPfS1_E6w_tile_7_2_0]:  wired=1; compound=1; hidden=0; nouse=0; global=1; static=1; extern=0; dir=1; type=1; pingpong=0; private_global=0; MemPort=[03]; IO mode=ap_memory:ce=0
Port [ p_ZZ5conv1PA255_A255_fPA1_A9_A9_fPfS1_E6w_tile_7_3_0]:  wired=1; compound=1; hidden=0; nouse=0; global=1; static=1; extern=0; dir=1; type=1; pingpong=0; private_global=0; MemPort=[03]; IO mode=ap_memory:ce=0
Port [ p_ZZ5conv1PA255_A255_fPA1_A9_A9_fPfS1_E6w_tile_7_4_0]:  wired=1; compound=1; hidden=0; nouse=0; global=1; static=1; extern=0; dir=1; type=1; pingpong=0; private_global=0; MemPort=[03]; IO mode=ap_memory:ce=0
Port [ p_ZZ5conv1PA255_A255_fPA1_A9_A9_fPfS1_E6w_tile_7_5_0]:  wired=1; compound=1; hidden=0; nouse=0; global=1; static=1; extern=0; dir=1; type=1; pingpong=0; private_global=0; MemPort=[03]; IO mode=ap_memory:ce=0
Port [ p_ZZ5conv1PA255_A255_fPA1_A9_A9_fPfS1_E6w_tile_7_6_0]:  wired=1; compound=1; hidden=0; nouse=0; global=1; static=1; extern=0; dir=1; type=1; pingpong=0; private_global=0; MemPort=[03]; IO mode=ap_memory:ce=0
Port [ p_ZZ5conv1PA255_A255_fPA1_A9_A9_fPfS1_E6w_tile_7_7_0]:  wired=1; compound=1; hidden=0; nouse=0; global=1; static=1; extern=0; dir=1; type=1; pingpong=0; private_global=0; MemPort=[03]; IO mode=ap_memory:ce=0
Port [ p_ZZ5conv1PA255_A255_fPA1_A9_A9_fPfS1_E6w_tile_7_8_0]:  wired=1; compound=1; hidden=0; nouse=0; global=1; static=1; extern=0; dir=1; type=1; pingpong=0; private_global=0; MemPort=[03]; IO mode=ap_memory:ce=0
Port [ p_ZZ5conv1PA255_A255_fPA1_A9_A9_fPfS1_E6w_tile_8_0_0]:  wired=1; compound=1; hidden=0; nouse=0; global=1; static=1; extern=0; dir=1; type=1; pingpong=0; private_global=0; MemPort=[03]; IO mode=ap_memory:ce=0
Port [ p_ZZ5conv1PA255_A255_fPA1_A9_A9_fPfS1_E6w_tile_8_1_0]:  wired=1; compound=1; hidden=0; nouse=0; global=1; static=1; extern=0; dir=1; type=1; pingpong=0; private_global=0; MemPort=[03]; IO mode=ap_memory:ce=0
Port [ p_ZZ5conv1PA255_A255_fPA1_A9_A9_fPfS1_E6w_tile_8_2_0]:  wired=1; compound=1; hidden=0; nouse=0; global=1; static=1; extern=0; dir=1; type=1; pingpong=0; private_global=0; MemPort=[03]; IO mode=ap_memory:ce=0
Port [ p_ZZ5conv1PA255_A255_fPA1_A9_A9_fPfS1_E6w_tile_8_3_0]:  wired=1; compound=1; hidden=0; nouse=0; global=1; static=1; extern=0; dir=1; type=1; pingpong=0; private_global=0; MemPort=[03]; IO mode=ap_memory:ce=0
Port [ p_ZZ5conv1PA255_A255_fPA1_A9_A9_fPfS1_E6w_tile_8_4_0]:  wired=1; compound=1; hidden=0; nouse=0; global=1; static=1; extern=0; dir=1; type=1; pingpong=0; private_global=0; MemPort=[03]; IO mode=ap_memory:ce=0
Port [ p_ZZ5conv1PA255_A255_fPA1_A9_A9_fPfS1_E6w_tile_8_5_0]:  wired=1; compound=1; hidden=0; nouse=0; global=1; static=1; extern=0; dir=1; type=1; pingpong=0; private_global=0; MemPort=[03]; IO mode=ap_memory:ce=0
Port [ p_ZZ5conv1PA255_A255_fPA1_A9_A9_fPfS1_E6w_tile_8_6_0]:  wired=1; compound=1; hidden=0; nouse=0; global=1; static=1; extern=0; dir=1; type=1; pingpong=0; private_global=0; MemPort=[03]; IO mode=ap_memory:ce=0
Port [ p_ZZ5conv1PA255_A255_fPA1_A9_A9_fPfS1_E6w_tile_8_7_0]:  wired=1; compound=1; hidden=0; nouse=0; global=1; static=1; extern=0; dir=1; type=1; pingpong=0; private_global=0; MemPort=[03]; IO mode=ap_memory:ce=0
Port [ p_ZZ5conv1PA255_A255_fPA1_A9_A9_fPfS1_E6w_tile_8_8_0]:  wired=1; compound=1; hidden=0; nouse=0; global=1; static=1; extern=0; dir=1; type=1; pingpong=0; private_global=0; MemPort=[03]; IO mode=ap_memory:ce=0
---------------- STG Properties END ------------------

---------------- Datapath Model BEGIN ----------------

<LifeTime>
<method=bitvector/>
kw                                                        (alloca           ) [ 0110]
kh                                                        (alloca           ) [ 0110]
indvar_flatten45                                          (alloca           ) [ 0110]
tn                                                        (alloca           ) [ 0111]
indvar_flatten137                                         (alloca           ) [ 0100]
sext_ln117_read                                           (read             ) [ 0000]
sext_ln117_cast                                           (sext             ) [ 0110]
specinterface_ln0                                         (specinterface    ) [ 0000]
store_ln0                                                 (store            ) [ 0000]
store_ln0                                                 (store            ) [ 0000]
store_ln0                                                 (store            ) [ 0000]
store_ln0                                                 (store            ) [ 0000]
store_ln0                                                 (store            ) [ 0000]
br_ln0                                                    (br               ) [ 0000]
indvar_flatten137_load                                    (load             ) [ 0000]
icmp_ln50                                                 (icmp             ) [ 0110]
add_ln50_2                                                (add              ) [ 0000]
br_ln50                                                   (br               ) [ 0000]
store_ln54                                                (store            ) [ 0000]
indvar_flatten45_load                                     (load             ) [ 0000]
w1_addr                                                   (getelementptr    ) [ 0000]
kw_load                                                   (load             ) [ 0000]
kh_load                                                   (load             ) [ 0000]
icmp_ln53                                                 (icmp             ) [ 0101]
select_ln50                                               (select           ) [ 0000]
xor_ln50                                                  (xor              ) [ 0000]
icmp_ln54                                                 (icmp             ) [ 0000]
and_ln50                                                  (and              ) [ 0000]
add_ln53                                                  (add              ) [ 0000]
or_ln53                                                   (or               ) [ 0000]
select_ln53                                               (select           ) [ 0111]
select_ln53_1                                             (select           ) [ 0111]
w1_addr_read                                              (read             ) [ 0000]
bitcast_ln56                                              (bitcast          ) [ 0101]
switch_ln56                                               (switch           ) [ 0000]
switch_ln56                                               (switch           ) [ 0000]
br_ln56                                                   (br               ) [ 0000]
br_ln56                                                   (br               ) [ 0000]
br_ln56                                                   (br               ) [ 0000]
br_ln56                                                   (br               ) [ 0000]
br_ln56                                                   (br               ) [ 0000]
br_ln56                                                   (br               ) [ 0000]
br_ln56                                                   (br               ) [ 0000]
br_ln56                                                   (br               ) [ 0000]
br_ln56                                                   (br               ) [ 0000]
switch_ln56                                               (switch           ) [ 0000]
br_ln56                                                   (br               ) [ 0000]
br_ln56                                                   (br               ) [ 0000]
br_ln56                                                   (br               ) [ 0000]
br_ln56                                                   (br               ) [ 0000]
br_ln56                                                   (br               ) [ 0000]
br_ln56                                                   (br               ) [ 0000]
br_ln56                                                   (br               ) [ 0000]
br_ln56                                                   (br               ) [ 0000]
br_ln56                                                   (br               ) [ 0000]
switch_ln56                                               (switch           ) [ 0000]
br_ln56                                                   (br               ) [ 0000]
br_ln56                                                   (br               ) [ 0000]
br_ln56                                                   (br               ) [ 0000]
br_ln56                                                   (br               ) [ 0000]
br_ln56                                                   (br               ) [ 0000]
br_ln56                                                   (br               ) [ 0000]
br_ln56                                                   (br               ) [ 0000]
br_ln56                                                   (br               ) [ 0000]
br_ln56                                                   (br               ) [ 0000]
switch_ln56                                               (switch           ) [ 0000]
br_ln56                                                   (br               ) [ 0000]
br_ln56                                                   (br               ) [ 0000]
br_ln56                                                   (br               ) [ 0000]
br_ln56                                                   (br               ) [ 0000]
br_ln56                                                   (br               ) [ 0000]
br_ln56                                                   (br               ) [ 0000]
br_ln56                                                   (br               ) [ 0000]
br_ln56                                                   (br               ) [ 0000]
br_ln56                                                   (br               ) [ 0000]
switch_ln56                                               (switch           ) [ 0000]
br_ln56                                                   (br               ) [ 0000]
br_ln56                                                   (br               ) [ 0000]
br_ln56                                                   (br               ) [ 0000]
br_ln56                                                   (br               ) [ 0000]
br_ln56                                                   (br               ) [ 0000]
br_ln56                                                   (br               ) [ 0000]
br_ln56                                                   (br               ) [ 0000]
br_ln56                                                   (br               ) [ 0000]
br_ln56                                                   (br               ) [ 0000]
switch_ln56                                               (switch           ) [ 0000]
br_ln56                                                   (br               ) [ 0000]
br_ln56                                                   (br               ) [ 0000]
br_ln56                                                   (br               ) [ 0000]
br_ln56                                                   (br               ) [ 0000]
br_ln56                                                   (br               ) [ 0000]
br_ln56                                                   (br               ) [ 0000]
br_ln56                                                   (br               ) [ 0000]
br_ln56                                                   (br               ) [ 0000]
br_ln56                                                   (br               ) [ 0000]
switch_ln56                                               (switch           ) [ 0000]
br_ln56                                                   (br               ) [ 0000]
br_ln56                                                   (br               ) [ 0000]
br_ln56                                                   (br               ) [ 0000]
br_ln56                                                   (br               ) [ 0000]
br_ln56                                                   (br               ) [ 0000]
br_ln56                                                   (br               ) [ 0000]
br_ln56                                                   (br               ) [ 0000]
br_ln56                                                   (br               ) [ 0000]
br_ln56                                                   (br               ) [ 0000]
switch_ln56                                               (switch           ) [ 0000]
br_ln56                                                   (br               ) [ 0000]
br_ln56                                                   (br               ) [ 0000]
br_ln56                                                   (br               ) [ 0000]
br_ln56                                                   (br               ) [ 0000]
br_ln56                                                   (br               ) [ 0000]
br_ln56                                                   (br               ) [ 0000]
br_ln56                                                   (br               ) [ 0000]
br_ln56                                                   (br               ) [ 0000]
br_ln56                                                   (br               ) [ 0000]
switch_ln56                                               (switch           ) [ 0000]
br_ln56                                                   (br               ) [ 0000]
br_ln56                                                   (br               ) [ 0000]
br_ln56                                                   (br               ) [ 0000]
br_ln56                                                   (br               ) [ 0000]
br_ln56                                                   (br               ) [ 0000]
br_ln56                                                   (br               ) [ 0000]
br_ln56                                                   (br               ) [ 0000]
br_ln56                                                   (br               ) [ 0000]
br_ln56                                                   (br               ) [ 0000]
add_ln54                                                  (add              ) [ 0000]
add_ln53_1                                                (add              ) [ 0000]
select_ln53_2                                             (select           ) [ 0000]
store_ln54                                                (store            ) [ 0000]
store_ln54                                                (store            ) [ 0000]
store_ln54                                                (store            ) [ 0000]
tn_load                                                   (load             ) [ 0000]
add_ln50                                                  (add              ) [ 0000]
specloopname_ln0                                          (specloopname     ) [ 0000]
speclooptripcount_ln0                                     (speclooptripcount) [ 0000]
select_ln50_3                                             (select           ) [ 0000]
zext_ln50                                                 (zext             ) [ 0000]
specloopname_ln0                                          (specloopname     ) [ 0000]
specpipeline_ln55                                         (specpipeline     ) [ 0000]
specloopname_ln54                                         (specloopname     ) [ 0000]
p_ZZ5conv1PA255_A255_fPA1_A9_A9_fPfS1_E6w_tile_7_7_0_addr (getelementptr    ) [ 0000]
store_ln56                                                (store            ) [ 0000]
p_ZZ5conv1PA255_A255_fPA1_A9_A9_fPfS1_E6w_tile_7_6_0_addr (getelementptr    ) [ 0000]
store_ln56                                                (store            ) [ 0000]
p_ZZ5conv1PA255_A255_fPA1_A9_A9_fPfS1_E6w_tile_7_5_0_addr (getelementptr    ) [ 0000]
store_ln56                                                (store            ) [ 0000]
p_ZZ5conv1PA255_A255_fPA1_A9_A9_fPfS1_E6w_tile_7_4_0_addr (getelementptr    ) [ 0000]
store_ln56                                                (store            ) [ 0000]
p_ZZ5conv1PA255_A255_fPA1_A9_A9_fPfS1_E6w_tile_7_3_0_addr (getelementptr    ) [ 0000]
store_ln56                                                (store            ) [ 0000]
p_ZZ5conv1PA255_A255_fPA1_A9_A9_fPfS1_E6w_tile_7_2_0_addr (getelementptr    ) [ 0000]
store_ln56                                                (store            ) [ 0000]
p_ZZ5conv1PA255_A255_fPA1_A9_A9_fPfS1_E6w_tile_7_1_0_addr (getelementptr    ) [ 0000]
store_ln56                                                (store            ) [ 0000]
p_ZZ5conv1PA255_A255_fPA1_A9_A9_fPfS1_E6w_tile_7_0_0_addr (getelementptr    ) [ 0000]
store_ln56                                                (store            ) [ 0000]
p_ZZ5conv1PA255_A255_fPA1_A9_A9_fPfS1_E6w_tile_7_8_0_addr (getelementptr    ) [ 0000]
store_ln56                                                (store            ) [ 0000]
br_ln56                                                   (br               ) [ 0000]
p_ZZ5conv1PA255_A255_fPA1_A9_A9_fPfS1_E6w_tile_6_7_0_addr (getelementptr    ) [ 0000]
store_ln56                                                (store            ) [ 0000]
p_ZZ5conv1PA255_A255_fPA1_A9_A9_fPfS1_E6w_tile_6_6_0_addr (getelementptr    ) [ 0000]
store_ln56                                                (store            ) [ 0000]
p_ZZ5conv1PA255_A255_fPA1_A9_A9_fPfS1_E6w_tile_6_5_0_addr (getelementptr    ) [ 0000]
store_ln56                                                (store            ) [ 0000]
p_ZZ5conv1PA255_A255_fPA1_A9_A9_fPfS1_E6w_tile_6_4_0_addr (getelementptr    ) [ 0000]
store_ln56                                                (store            ) [ 0000]
p_ZZ5conv1PA255_A255_fPA1_A9_A9_fPfS1_E6w_tile_6_3_0_addr (getelementptr    ) [ 0000]
store_ln56                                                (store            ) [ 0000]
p_ZZ5conv1PA255_A255_fPA1_A9_A9_fPfS1_E6w_tile_6_2_0_addr (getelementptr    ) [ 0000]
store_ln56                                                (store            ) [ 0000]
p_ZZ5conv1PA255_A255_fPA1_A9_A9_fPfS1_E6w_tile_6_1_0_addr (getelementptr    ) [ 0000]
store_ln56                                                (store            ) [ 0000]
p_ZZ5conv1PA255_A255_fPA1_A9_A9_fPfS1_E6w_tile_6_0_0_addr (getelementptr    ) [ 0000]
store_ln56                                                (store            ) [ 0000]
p_ZZ5conv1PA255_A255_fPA1_A9_A9_fPfS1_E6w_tile_6_8_0_addr (getelementptr    ) [ 0000]
store_ln56                                                (store            ) [ 0000]
br_ln56                                                   (br               ) [ 0000]
p_ZZ5conv1PA255_A255_fPA1_A9_A9_fPfS1_E6w_tile_5_7_0_addr (getelementptr    ) [ 0000]
store_ln56                                                (store            ) [ 0000]
p_ZZ5conv1PA255_A255_fPA1_A9_A9_fPfS1_E6w_tile_5_6_0_addr (getelementptr    ) [ 0000]
store_ln56                                                (store            ) [ 0000]
p_ZZ5conv1PA255_A255_fPA1_A9_A9_fPfS1_E6w_tile_5_5_0_addr (getelementptr    ) [ 0000]
store_ln56                                                (store            ) [ 0000]
p_ZZ5conv1PA255_A255_fPA1_A9_A9_fPfS1_E6w_tile_5_4_0_addr (getelementptr    ) [ 0000]
store_ln56                                                (store            ) [ 0000]
p_ZZ5conv1PA255_A255_fPA1_A9_A9_fPfS1_E6w_tile_5_3_0_addr (getelementptr    ) [ 0000]
store_ln56                                                (store            ) [ 0000]
p_ZZ5conv1PA255_A255_fPA1_A9_A9_fPfS1_E6w_tile_5_2_0_addr (getelementptr    ) [ 0000]
store_ln56                                                (store            ) [ 0000]
p_ZZ5conv1PA255_A255_fPA1_A9_A9_fPfS1_E6w_tile_5_1_0_addr (getelementptr    ) [ 0000]
store_ln56                                                (store            ) [ 0000]
p_ZZ5conv1PA255_A255_fPA1_A9_A9_fPfS1_E6w_tile_5_0_0_addr (getelementptr    ) [ 0000]
store_ln56                                                (store            ) [ 0000]
p_ZZ5conv1PA255_A255_fPA1_A9_A9_fPfS1_E6w_tile_5_8_0_addr (getelementptr    ) [ 0000]
store_ln56                                                (store            ) [ 0000]
br_ln56                                                   (br               ) [ 0000]
p_ZZ5conv1PA255_A255_fPA1_A9_A9_fPfS1_E6w_tile_4_7_0_addr (getelementptr    ) [ 0000]
store_ln56                                                (store            ) [ 0000]
p_ZZ5conv1PA255_A255_fPA1_A9_A9_fPfS1_E6w_tile_4_6_0_addr (getelementptr    ) [ 0000]
store_ln56                                                (store            ) [ 0000]
p_ZZ5conv1PA255_A255_fPA1_A9_A9_fPfS1_E6w_tile_4_5_0_addr (getelementptr    ) [ 0000]
store_ln56                                                (store            ) [ 0000]
p_ZZ5conv1PA255_A255_fPA1_A9_A9_fPfS1_E6w_tile_4_4_0_addr (getelementptr    ) [ 0000]
store_ln56                                                (store            ) [ 0000]
p_ZZ5conv1PA255_A255_fPA1_A9_A9_fPfS1_E6w_tile_4_3_0_addr (getelementptr    ) [ 0000]
store_ln56                                                (store            ) [ 0000]
p_ZZ5conv1PA255_A255_fPA1_A9_A9_fPfS1_E6w_tile_4_2_0_addr (getelementptr    ) [ 0000]
store_ln56                                                (store            ) [ 0000]
p_ZZ5conv1PA255_A255_fPA1_A9_A9_fPfS1_E6w_tile_4_1_0_addr (getelementptr    ) [ 0000]
store_ln56                                                (store            ) [ 0000]
p_ZZ5conv1PA255_A255_fPA1_A9_A9_fPfS1_E6w_tile_4_0_0_addr (getelementptr    ) [ 0000]
store_ln56                                                (store            ) [ 0000]
p_ZZ5conv1PA255_A255_fPA1_A9_A9_fPfS1_E6w_tile_4_8_0_addr (getelementptr    ) [ 0000]
store_ln56                                                (store            ) [ 0000]
br_ln56                                                   (br               ) [ 0000]
p_ZZ5conv1PA255_A255_fPA1_A9_A9_fPfS1_E6w_tile_3_7_0_addr (getelementptr    ) [ 0000]
store_ln56                                                (store            ) [ 0000]
p_ZZ5conv1PA255_A255_fPA1_A9_A9_fPfS1_E6w_tile_3_6_0_addr (getelementptr    ) [ 0000]
store_ln56                                                (store            ) [ 0000]
p_ZZ5conv1PA255_A255_fPA1_A9_A9_fPfS1_E6w_tile_3_5_0_addr (getelementptr    ) [ 0000]
store_ln56                                                (store            ) [ 0000]
p_ZZ5conv1PA255_A255_fPA1_A9_A9_fPfS1_E6w_tile_3_4_0_addr (getelementptr    ) [ 0000]
store_ln56                                                (store            ) [ 0000]
p_ZZ5conv1PA255_A255_fPA1_A9_A9_fPfS1_E6w_tile_3_3_0_addr (getelementptr    ) [ 0000]
store_ln56                                                (store            ) [ 0000]
p_ZZ5conv1PA255_A255_fPA1_A9_A9_fPfS1_E6w_tile_3_2_0_addr (getelementptr    ) [ 0000]
store_ln56                                                (store            ) [ 0000]
p_ZZ5conv1PA255_A255_fPA1_A9_A9_fPfS1_E6w_tile_3_1_0_addr (getelementptr    ) [ 0000]
store_ln56                                                (store            ) [ 0000]
p_ZZ5conv1PA255_A255_fPA1_A9_A9_fPfS1_E6w_tile_3_0_0_addr (getelementptr    ) [ 0000]
store_ln56                                                (store            ) [ 0000]
p_ZZ5conv1PA255_A255_fPA1_A9_A9_fPfS1_E6w_tile_3_8_0_addr (getelementptr    ) [ 0000]
store_ln56                                                (store            ) [ 0000]
br_ln56                                                   (br               ) [ 0000]
p_ZZ5conv1PA255_A255_fPA1_A9_A9_fPfS1_E6w_tile_2_7_0_addr (getelementptr    ) [ 0000]
store_ln56                                                (store            ) [ 0000]
p_ZZ5conv1PA255_A255_fPA1_A9_A9_fPfS1_E6w_tile_2_6_0_addr (getelementptr    ) [ 0000]
store_ln56                                                (store            ) [ 0000]
p_ZZ5conv1PA255_A255_fPA1_A9_A9_fPfS1_E6w_tile_2_5_0_addr (getelementptr    ) [ 0000]
store_ln56                                                (store            ) [ 0000]
p_ZZ5conv1PA255_A255_fPA1_A9_A9_fPfS1_E6w_tile_2_4_0_addr (getelementptr    ) [ 0000]
store_ln56                                                (store            ) [ 0000]
p_ZZ5conv1PA255_A255_fPA1_A9_A9_fPfS1_E6w_tile_2_3_0_addr (getelementptr    ) [ 0000]
store_ln56                                                (store            ) [ 0000]
p_ZZ5conv1PA255_A255_fPA1_A9_A9_fPfS1_E6w_tile_2_2_0_addr (getelementptr    ) [ 0000]
store_ln56                                                (store            ) [ 0000]
p_ZZ5conv1PA255_A255_fPA1_A9_A9_fPfS1_E6w_tile_2_1_0_addr (getelementptr    ) [ 0000]
store_ln56                                                (store            ) [ 0000]
p_ZZ5conv1PA255_A255_fPA1_A9_A9_fPfS1_E6w_tile_2_0_0_addr (getelementptr    ) [ 0000]
store_ln56                                                (store            ) [ 0000]
p_ZZ5conv1PA255_A255_fPA1_A9_A9_fPfS1_E6w_tile_2_8_0_addr (getelementptr    ) [ 0000]
store_ln56                                                (store            ) [ 0000]
br_ln56                                                   (br               ) [ 0000]
p_ZZ5conv1PA255_A255_fPA1_A9_A9_fPfS1_E6w_tile_1_7_0_addr (getelementptr    ) [ 0000]
store_ln56                                                (store            ) [ 0000]
p_ZZ5conv1PA255_A255_fPA1_A9_A9_fPfS1_E6w_tile_1_6_0_addr (getelementptr    ) [ 0000]
store_ln56                                                (store            ) [ 0000]
p_ZZ5conv1PA255_A255_fPA1_A9_A9_fPfS1_E6w_tile_1_5_0_addr (getelementptr    ) [ 0000]
store_ln56                                                (store            ) [ 0000]
p_ZZ5conv1PA255_A255_fPA1_A9_A9_fPfS1_E6w_tile_1_4_0_addr (getelementptr    ) [ 0000]
store_ln56                                                (store            ) [ 0000]
p_ZZ5conv1PA255_A255_fPA1_A9_A9_fPfS1_E6w_tile_1_3_0_addr (getelementptr    ) [ 0000]
store_ln56                                                (store            ) [ 0000]
p_ZZ5conv1PA255_A255_fPA1_A9_A9_fPfS1_E6w_tile_1_2_0_addr (getelementptr    ) [ 0000]
store_ln56                                                (store            ) [ 0000]
p_ZZ5conv1PA255_A255_fPA1_A9_A9_fPfS1_E6w_tile_1_1_0_addr (getelementptr    ) [ 0000]
store_ln56                                                (store            ) [ 0000]
p_ZZ5conv1PA255_A255_fPA1_A9_A9_fPfS1_E6w_tile_1_0_0_addr (getelementptr    ) [ 0000]
store_ln56                                                (store            ) [ 0000]
p_ZZ5conv1PA255_A255_fPA1_A9_A9_fPfS1_E6w_tile_1_8_0_addr (getelementptr    ) [ 0000]
store_ln56                                                (store            ) [ 0000]
br_ln56                                                   (br               ) [ 0000]
p_ZZ5conv1PA255_A255_fPA1_A9_A9_fPfS1_E6w_tile_0_7_0_addr (getelementptr    ) [ 0000]
store_ln56                                                (store            ) [ 0000]
p_ZZ5conv1PA255_A255_fPA1_A9_A9_fPfS1_E6w_tile_0_6_0_addr (getelementptr    ) [ 0000]
store_ln56                                                (store            ) [ 0000]
p_ZZ5conv1PA255_A255_fPA1_A9_A9_fPfS1_E6w_tile_0_5_0_addr (getelementptr    ) [ 0000]
store_ln56                                                (store            ) [ 0000]
p_ZZ5conv1PA255_A255_fPA1_A9_A9_fPfS1_E6w_tile_0_4_0_addr (getelementptr    ) [ 0000]
store_ln56                                                (store            ) [ 0000]
p_ZZ5conv1PA255_A255_fPA1_A9_A9_fPfS1_E6w_tile_0_3_0_addr (getelementptr    ) [ 0000]
store_ln56                                                (store            ) [ 0000]
p_ZZ5conv1PA255_A255_fPA1_A9_A9_fPfS1_E6w_tile_0_2_0_addr (getelementptr    ) [ 0000]
store_ln56                                                (store            ) [ 0000]
p_ZZ5conv1PA255_A255_fPA1_A9_A9_fPfS1_E6w_tile_0_1_0_addr (getelementptr    ) [ 0000]
store_ln56                                                (store            ) [ 0000]
p_ZZ5conv1PA255_A255_fPA1_A9_A9_fPfS1_E6w_tile_0_0_0_addr (getelementptr    ) [ 0000]
store_ln56                                                (store            ) [ 0000]
p_ZZ5conv1PA255_A255_fPA1_A9_A9_fPfS1_E6w_tile_0_8_0_addr (getelementptr    ) [ 0000]
store_ln56                                                (store            ) [ 0000]
br_ln56                                                   (br               ) [ 0000]
p_ZZ5conv1PA255_A255_fPA1_A9_A9_fPfS1_E6w_tile_8_7_0_addr (getelementptr    ) [ 0000]
store_ln56                                                (store            ) [ 0000]
p_ZZ5conv1PA255_A255_fPA1_A9_A9_fPfS1_E6w_tile_8_6_0_addr (getelementptr    ) [ 0000]
store_ln56                                                (store            ) [ 0000]
p_ZZ5conv1PA255_A255_fPA1_A9_A9_fPfS1_E6w_tile_8_5_0_addr (getelementptr    ) [ 0000]
store_ln56                                                (store            ) [ 0000]
p_ZZ5conv1PA255_A255_fPA1_A9_A9_fPfS1_E6w_tile_8_4_0_addr (getelementptr    ) [ 0000]
store_ln56                                                (store            ) [ 0000]
p_ZZ5conv1PA255_A255_fPA1_A9_A9_fPfS1_E6w_tile_8_3_0_addr (getelementptr    ) [ 0000]
store_ln56                                                (store            ) [ 0000]
p_ZZ5conv1PA255_A255_fPA1_A9_A9_fPfS1_E6w_tile_8_2_0_addr (getelementptr    ) [ 0000]
store_ln56                                                (store            ) [ 0000]
p_ZZ5conv1PA255_A255_fPA1_A9_A9_fPfS1_E6w_tile_8_1_0_addr (getelementptr    ) [ 0000]
store_ln56                                                (store            ) [ 0000]
p_ZZ5conv1PA255_A255_fPA1_A9_A9_fPfS1_E6w_tile_8_0_0_addr (getelementptr    ) [ 0000]
store_ln56                                                (store            ) [ 0000]
p_ZZ5conv1PA255_A255_fPA1_A9_A9_fPfS1_E6w_tile_8_8_0_addr (getelementptr    ) [ 0000]
store_ln56                                                (store            ) [ 0000]
br_ln56                                                   (br               ) [ 0000]
store_ln54                                                (store            ) [ 0000]
br_ln54                                                   (br               ) [ 0000]
ret_ln0                                                   (ret              ) [ 0000]
</LifeTime>

<model>

<comp_list>
<comp id="0" class="1000" name="w1">
<pin_list>
<pin id="1" dir="1" index="0" bw="1" slack="0"/>
</pin_list>
<bind>
<StgValue><ssdm name="w1"/></StgValue>
</bind>
</comp>

<comp id="2" class="1000" name="sext_ln117">
<pin_list>
<pin id="3" dir="1" index="0" bw="1" slack="0"/>
</pin_list>
<bind>
<StgValue><ssdm name="sext_ln117"/></StgValue>
</bind>
</comp>

<comp id="4" class="1000" name="p_ZZ5conv1PA255_A255_fPA1_A9_A9_fPfS1_E6w_tile_0_0_0">
<pin_list>
<pin id="5" dir="1" index="0" bw="1" slack="0"/>
</pin_list>
<bind>
<StgValue><ssdm name="p_ZZ5conv1PA255_A255_fPA1_A9_A9_fPfS1_E6w_tile_0_0_0"/><MemPortTyVec>0 3 </MemPortTyVec>
</StgValue>
</bind>
</comp>

<comp id="6" class="1000" name="p_ZZ5conv1PA255_A255_fPA1_A9_A9_fPfS1_E6w_tile_0_1_0">
<pin_list>
<pin id="7" dir="1" index="0" bw="1" slack="0"/>
</pin_list>
<bind>
<StgValue><ssdm name="p_ZZ5conv1PA255_A255_fPA1_A9_A9_fPfS1_E6w_tile_0_1_0"/><MemPortTyVec>0 3 </MemPortTyVec>
</StgValue>
</bind>
</comp>

<comp id="8" class="1000" name="p_ZZ5conv1PA255_A255_fPA1_A9_A9_fPfS1_E6w_tile_0_2_0">
<pin_list>
<pin id="9" dir="1" index="0" bw="1" slack="0"/>
</pin_list>
<bind>
<StgValue><ssdm name="p_ZZ5conv1PA255_A255_fPA1_A9_A9_fPfS1_E6w_tile_0_2_0"/><MemPortTyVec>0 3 </MemPortTyVec>
</StgValue>
</bind>
</comp>

<comp id="10" class="1000" name="p_ZZ5conv1PA255_A255_fPA1_A9_A9_fPfS1_E6w_tile_0_3_0">
<pin_list>
<pin id="11" dir="1" index="0" bw="1" slack="0"/>
</pin_list>
<bind>
<StgValue><ssdm name="p_ZZ5conv1PA255_A255_fPA1_A9_A9_fPfS1_E6w_tile_0_3_0"/><MemPortTyVec>0 3 </MemPortTyVec>
</StgValue>
</bind>
</comp>

<comp id="12" class="1000" name="p_ZZ5conv1PA255_A255_fPA1_A9_A9_fPfS1_E6w_tile_0_4_0">
<pin_list>
<pin id="13" dir="1" index="0" bw="1" slack="0"/>
</pin_list>
<bind>
<StgValue><ssdm name="p_ZZ5conv1PA255_A255_fPA1_A9_A9_fPfS1_E6w_tile_0_4_0"/><MemPortTyVec>0 3 </MemPortTyVec>
</StgValue>
</bind>
</comp>

<comp id="14" class="1000" name="p_ZZ5conv1PA255_A255_fPA1_A9_A9_fPfS1_E6w_tile_0_5_0">
<pin_list>
<pin id="15" dir="1" index="0" bw="1" slack="0"/>
</pin_list>
<bind>
<StgValue><ssdm name="p_ZZ5conv1PA255_A255_fPA1_A9_A9_fPfS1_E6w_tile_0_5_0"/><MemPortTyVec>0 3 </MemPortTyVec>
</StgValue>
</bind>
</comp>

<comp id="16" class="1000" name="p_ZZ5conv1PA255_A255_fPA1_A9_A9_fPfS1_E6w_tile_0_6_0">
<pin_list>
<pin id="17" dir="1" index="0" bw="1" slack="0"/>
</pin_list>
<bind>
<StgValue><ssdm name="p_ZZ5conv1PA255_A255_fPA1_A9_A9_fPfS1_E6w_tile_0_6_0"/><MemPortTyVec>0 3 </MemPortTyVec>
</StgValue>
</bind>
</comp>

<comp id="18" class="1000" name="p_ZZ5conv1PA255_A255_fPA1_A9_A9_fPfS1_E6w_tile_0_7_0">
<pin_list>
<pin id="19" dir="1" index="0" bw="1" slack="0"/>
</pin_list>
<bind>
<StgValue><ssdm name="p_ZZ5conv1PA255_A255_fPA1_A9_A9_fPfS1_E6w_tile_0_7_0"/><MemPortTyVec>0 3 </MemPortTyVec>
</StgValue>
</bind>
</comp>

<comp id="20" class="1000" name="p_ZZ5conv1PA255_A255_fPA1_A9_A9_fPfS1_E6w_tile_0_8_0">
<pin_list>
<pin id="21" dir="1" index="0" bw="1" slack="0"/>
</pin_list>
<bind>
<StgValue><ssdm name="p_ZZ5conv1PA255_A255_fPA1_A9_A9_fPfS1_E6w_tile_0_8_0"/><MemPortTyVec>0 3 </MemPortTyVec>
</StgValue>
</bind>
</comp>

<comp id="22" class="1000" name="p_ZZ5conv1PA255_A255_fPA1_A9_A9_fPfS1_E6w_tile_1_0_0">
<pin_list>
<pin id="23" dir="1" index="0" bw="1" slack="0"/>
</pin_list>
<bind>
<StgValue><ssdm name="p_ZZ5conv1PA255_A255_fPA1_A9_A9_fPfS1_E6w_tile_1_0_0"/><MemPortTyVec>0 3 </MemPortTyVec>
</StgValue>
</bind>
</comp>

<comp id="24" class="1000" name="p_ZZ5conv1PA255_A255_fPA1_A9_A9_fPfS1_E6w_tile_1_1_0">
<pin_list>
<pin id="25" dir="1" index="0" bw="1" slack="0"/>
</pin_list>
<bind>
<StgValue><ssdm name="p_ZZ5conv1PA255_A255_fPA1_A9_A9_fPfS1_E6w_tile_1_1_0"/><MemPortTyVec>0 3 </MemPortTyVec>
</StgValue>
</bind>
</comp>

<comp id="26" class="1000" name="p_ZZ5conv1PA255_A255_fPA1_A9_A9_fPfS1_E6w_tile_1_2_0">
<pin_list>
<pin id="27" dir="1" index="0" bw="1" slack="0"/>
</pin_list>
<bind>
<StgValue><ssdm name="p_ZZ5conv1PA255_A255_fPA1_A9_A9_fPfS1_E6w_tile_1_2_0"/><MemPortTyVec>0 3 </MemPortTyVec>
</StgValue>
</bind>
</comp>

<comp id="28" class="1000" name="p_ZZ5conv1PA255_A255_fPA1_A9_A9_fPfS1_E6w_tile_1_3_0">
<pin_list>
<pin id="29" dir="1" index="0" bw="1" slack="0"/>
</pin_list>
<bind>
<StgValue><ssdm name="p_ZZ5conv1PA255_A255_fPA1_A9_A9_fPfS1_E6w_tile_1_3_0"/><MemPortTyVec>0 3 </MemPortTyVec>
</StgValue>
</bind>
</comp>

<comp id="30" class="1000" name="p_ZZ5conv1PA255_A255_fPA1_A9_A9_fPfS1_E6w_tile_1_4_0">
<pin_list>
<pin id="31" dir="1" index="0" bw="1" slack="0"/>
</pin_list>
<bind>
<StgValue><ssdm name="p_ZZ5conv1PA255_A255_fPA1_A9_A9_fPfS1_E6w_tile_1_4_0"/><MemPortTyVec>0 3 </MemPortTyVec>
</StgValue>
</bind>
</comp>

<comp id="32" class="1000" name="p_ZZ5conv1PA255_A255_fPA1_A9_A9_fPfS1_E6w_tile_1_5_0">
<pin_list>
<pin id="33" dir="1" index="0" bw="1" slack="0"/>
</pin_list>
<bind>
<StgValue><ssdm name="p_ZZ5conv1PA255_A255_fPA1_A9_A9_fPfS1_E6w_tile_1_5_0"/><MemPortTyVec>0 3 </MemPortTyVec>
</StgValue>
</bind>
</comp>

<comp id="34" class="1000" name="p_ZZ5conv1PA255_A255_fPA1_A9_A9_fPfS1_E6w_tile_1_6_0">
<pin_list>
<pin id="35" dir="1" index="0" bw="1" slack="0"/>
</pin_list>
<bind>
<StgValue><ssdm name="p_ZZ5conv1PA255_A255_fPA1_A9_A9_fPfS1_E6w_tile_1_6_0"/><MemPortTyVec>0 3 </MemPortTyVec>
</StgValue>
</bind>
</comp>

<comp id="36" class="1000" name="p_ZZ5conv1PA255_A255_fPA1_A9_A9_fPfS1_E6w_tile_1_7_0">
<pin_list>
<pin id="37" dir="1" index="0" bw="1" slack="0"/>
</pin_list>
<bind>
<StgValue><ssdm name="p_ZZ5conv1PA255_A255_fPA1_A9_A9_fPfS1_E6w_tile_1_7_0"/><MemPortTyVec>0 3 </MemPortTyVec>
</StgValue>
</bind>
</comp>

<comp id="38" class="1000" name="p_ZZ5conv1PA255_A255_fPA1_A9_A9_fPfS1_E6w_tile_1_8_0">
<pin_list>
<pin id="39" dir="1" index="0" bw="1" slack="0"/>
</pin_list>
<bind>
<StgValue><ssdm name="p_ZZ5conv1PA255_A255_fPA1_A9_A9_fPfS1_E6w_tile_1_8_0"/><MemPortTyVec>0 3 </MemPortTyVec>
</StgValue>
</bind>
</comp>

<comp id="40" class="1000" name="p_ZZ5conv1PA255_A255_fPA1_A9_A9_fPfS1_E6w_tile_2_0_0">
<pin_list>
<pin id="41" dir="1" index="0" bw="1" slack="0"/>
</pin_list>
<bind>
<StgValue><ssdm name="p_ZZ5conv1PA255_A255_fPA1_A9_A9_fPfS1_E6w_tile_2_0_0"/><MemPortTyVec>0 3 </MemPortTyVec>
</StgValue>
</bind>
</comp>

<comp id="42" class="1000" name="p_ZZ5conv1PA255_A255_fPA1_A9_A9_fPfS1_E6w_tile_2_1_0">
<pin_list>
<pin id="43" dir="1" index="0" bw="1" slack="0"/>
</pin_list>
<bind>
<StgValue><ssdm name="p_ZZ5conv1PA255_A255_fPA1_A9_A9_fPfS1_E6w_tile_2_1_0"/><MemPortTyVec>0 3 </MemPortTyVec>
</StgValue>
</bind>
</comp>

<comp id="44" class="1000" name="p_ZZ5conv1PA255_A255_fPA1_A9_A9_fPfS1_E6w_tile_2_2_0">
<pin_list>
<pin id="45" dir="1" index="0" bw="1" slack="0"/>
</pin_list>
<bind>
<StgValue><ssdm name="p_ZZ5conv1PA255_A255_fPA1_A9_A9_fPfS1_E6w_tile_2_2_0"/><MemPortTyVec>0 3 </MemPortTyVec>
</StgValue>
</bind>
</comp>

<comp id="46" class="1000" name="p_ZZ5conv1PA255_A255_fPA1_A9_A9_fPfS1_E6w_tile_2_3_0">
<pin_list>
<pin id="47" dir="1" index="0" bw="1" slack="0"/>
</pin_list>
<bind>
<StgValue><ssdm name="p_ZZ5conv1PA255_A255_fPA1_A9_A9_fPfS1_E6w_tile_2_3_0"/><MemPortTyVec>0 3 </MemPortTyVec>
</StgValue>
</bind>
</comp>

<comp id="48" class="1000" name="p_ZZ5conv1PA255_A255_fPA1_A9_A9_fPfS1_E6w_tile_2_4_0">
<pin_list>
<pin id="49" dir="1" index="0" bw="1" slack="0"/>
</pin_list>
<bind>
<StgValue><ssdm name="p_ZZ5conv1PA255_A255_fPA1_A9_A9_fPfS1_E6w_tile_2_4_0"/><MemPortTyVec>0 3 </MemPortTyVec>
</StgValue>
</bind>
</comp>

<comp id="50" class="1000" name="p_ZZ5conv1PA255_A255_fPA1_A9_A9_fPfS1_E6w_tile_2_5_0">
<pin_list>
<pin id="51" dir="1" index="0" bw="1" slack="0"/>
</pin_list>
<bind>
<StgValue><ssdm name="p_ZZ5conv1PA255_A255_fPA1_A9_A9_fPfS1_E6w_tile_2_5_0"/><MemPortTyVec>0 3 </MemPortTyVec>
</StgValue>
</bind>
</comp>

<comp id="52" class="1000" name="p_ZZ5conv1PA255_A255_fPA1_A9_A9_fPfS1_E6w_tile_2_6_0">
<pin_list>
<pin id="53" dir="1" index="0" bw="1" slack="0"/>
</pin_list>
<bind>
<StgValue><ssdm name="p_ZZ5conv1PA255_A255_fPA1_A9_A9_fPfS1_E6w_tile_2_6_0"/><MemPortTyVec>0 3 </MemPortTyVec>
</StgValue>
</bind>
</comp>

<comp id="54" class="1000" name="p_ZZ5conv1PA255_A255_fPA1_A9_A9_fPfS1_E6w_tile_2_7_0">
<pin_list>
<pin id="55" dir="1" index="0" bw="1" slack="0"/>
</pin_list>
<bind>
<StgValue><ssdm name="p_ZZ5conv1PA255_A255_fPA1_A9_A9_fPfS1_E6w_tile_2_7_0"/><MemPortTyVec>0 3 </MemPortTyVec>
</StgValue>
</bind>
</comp>

<comp id="56" class="1000" name="p_ZZ5conv1PA255_A255_fPA1_A9_A9_fPfS1_E6w_tile_2_8_0">
<pin_list>
<pin id="57" dir="1" index="0" bw="1" slack="0"/>
</pin_list>
<bind>
<StgValue><ssdm name="p_ZZ5conv1PA255_A255_fPA1_A9_A9_fPfS1_E6w_tile_2_8_0"/><MemPortTyVec>0 3 </MemPortTyVec>
</StgValue>
</bind>
</comp>

<comp id="58" class="1000" name="p_ZZ5conv1PA255_A255_fPA1_A9_A9_fPfS1_E6w_tile_3_0_0">
<pin_list>
<pin id="59" dir="1" index="0" bw="1" slack="0"/>
</pin_list>
<bind>
<StgValue><ssdm name="p_ZZ5conv1PA255_A255_fPA1_A9_A9_fPfS1_E6w_tile_3_0_0"/><MemPortTyVec>0 3 </MemPortTyVec>
</StgValue>
</bind>
</comp>

<comp id="60" class="1000" name="p_ZZ5conv1PA255_A255_fPA1_A9_A9_fPfS1_E6w_tile_3_1_0">
<pin_list>
<pin id="61" dir="1" index="0" bw="1" slack="0"/>
</pin_list>
<bind>
<StgValue><ssdm name="p_ZZ5conv1PA255_A255_fPA1_A9_A9_fPfS1_E6w_tile_3_1_0"/><MemPortTyVec>0 3 </MemPortTyVec>
</StgValue>
</bind>
</comp>

<comp id="62" class="1000" name="p_ZZ5conv1PA255_A255_fPA1_A9_A9_fPfS1_E6w_tile_3_2_0">
<pin_list>
<pin id="63" dir="1" index="0" bw="1" slack="0"/>
</pin_list>
<bind>
<StgValue><ssdm name="p_ZZ5conv1PA255_A255_fPA1_A9_A9_fPfS1_E6w_tile_3_2_0"/><MemPortTyVec>0 3 </MemPortTyVec>
</StgValue>
</bind>
</comp>

<comp id="64" class="1000" name="p_ZZ5conv1PA255_A255_fPA1_A9_A9_fPfS1_E6w_tile_3_3_0">
<pin_list>
<pin id="65" dir="1" index="0" bw="1" slack="0"/>
</pin_list>
<bind>
<StgValue><ssdm name="p_ZZ5conv1PA255_A255_fPA1_A9_A9_fPfS1_E6w_tile_3_3_0"/><MemPortTyVec>0 3 </MemPortTyVec>
</StgValue>
</bind>
</comp>

<comp id="66" class="1000" name="p_ZZ5conv1PA255_A255_fPA1_A9_A9_fPfS1_E6w_tile_3_4_0">
<pin_list>
<pin id="67" dir="1" index="0" bw="1" slack="0"/>
</pin_list>
<bind>
<StgValue><ssdm name="p_ZZ5conv1PA255_A255_fPA1_A9_A9_fPfS1_E6w_tile_3_4_0"/><MemPortTyVec>0 3 </MemPortTyVec>
</StgValue>
</bind>
</comp>

<comp id="68" class="1000" name="p_ZZ5conv1PA255_A255_fPA1_A9_A9_fPfS1_E6w_tile_3_5_0">
<pin_list>
<pin id="69" dir="1" index="0" bw="1" slack="0"/>
</pin_list>
<bind>
<StgValue><ssdm name="p_ZZ5conv1PA255_A255_fPA1_A9_A9_fPfS1_E6w_tile_3_5_0"/><MemPortTyVec>0 3 </MemPortTyVec>
</StgValue>
</bind>
</comp>

<comp id="70" class="1000" name="p_ZZ5conv1PA255_A255_fPA1_A9_A9_fPfS1_E6w_tile_3_6_0">
<pin_list>
<pin id="71" dir="1" index="0" bw="1" slack="0"/>
</pin_list>
<bind>
<StgValue><ssdm name="p_ZZ5conv1PA255_A255_fPA1_A9_A9_fPfS1_E6w_tile_3_6_0"/><MemPortTyVec>0 3 </MemPortTyVec>
</StgValue>
</bind>
</comp>

<comp id="72" class="1000" name="p_ZZ5conv1PA255_A255_fPA1_A9_A9_fPfS1_E6w_tile_3_7_0">
<pin_list>
<pin id="73" dir="1" index="0" bw="1" slack="0"/>
</pin_list>
<bind>
<StgValue><ssdm name="p_ZZ5conv1PA255_A255_fPA1_A9_A9_fPfS1_E6w_tile_3_7_0"/><MemPortTyVec>0 3 </MemPortTyVec>
</StgValue>
</bind>
</comp>

<comp id="74" class="1000" name="p_ZZ5conv1PA255_A255_fPA1_A9_A9_fPfS1_E6w_tile_3_8_0">
<pin_list>
<pin id="75" dir="1" index="0" bw="1" slack="0"/>
</pin_list>
<bind>
<StgValue><ssdm name="p_ZZ5conv1PA255_A255_fPA1_A9_A9_fPfS1_E6w_tile_3_8_0"/><MemPortTyVec>0 3 </MemPortTyVec>
</StgValue>
</bind>
</comp>

<comp id="76" class="1000" name="p_ZZ5conv1PA255_A255_fPA1_A9_A9_fPfS1_E6w_tile_4_0_0">
<pin_list>
<pin id="77" dir="1" index="0" bw="1" slack="0"/>
</pin_list>
<bind>
<StgValue><ssdm name="p_ZZ5conv1PA255_A255_fPA1_A9_A9_fPfS1_E6w_tile_4_0_0"/><MemPortTyVec>0 3 </MemPortTyVec>
</StgValue>
</bind>
</comp>

<comp id="78" class="1000" name="p_ZZ5conv1PA255_A255_fPA1_A9_A9_fPfS1_E6w_tile_4_1_0">
<pin_list>
<pin id="79" dir="1" index="0" bw="1" slack="0"/>
</pin_list>
<bind>
<StgValue><ssdm name="p_ZZ5conv1PA255_A255_fPA1_A9_A9_fPfS1_E6w_tile_4_1_0"/><MemPortTyVec>0 3 </MemPortTyVec>
</StgValue>
</bind>
</comp>

<comp id="80" class="1000" name="p_ZZ5conv1PA255_A255_fPA1_A9_A9_fPfS1_E6w_tile_4_2_0">
<pin_list>
<pin id="81" dir="1" index="0" bw="1" slack="0"/>
</pin_list>
<bind>
<StgValue><ssdm name="p_ZZ5conv1PA255_A255_fPA1_A9_A9_fPfS1_E6w_tile_4_2_0"/><MemPortTyVec>0 3 </MemPortTyVec>
</StgValue>
</bind>
</comp>

<comp id="82" class="1000" name="p_ZZ5conv1PA255_A255_fPA1_A9_A9_fPfS1_E6w_tile_4_3_0">
<pin_list>
<pin id="83" dir="1" index="0" bw="1" slack="0"/>
</pin_list>
<bind>
<StgValue><ssdm name="p_ZZ5conv1PA255_A255_fPA1_A9_A9_fPfS1_E6w_tile_4_3_0"/><MemPortTyVec>0 3 </MemPortTyVec>
</StgValue>
</bind>
</comp>

<comp id="84" class="1000" name="p_ZZ5conv1PA255_A255_fPA1_A9_A9_fPfS1_E6w_tile_4_4_0">
<pin_list>
<pin id="85" dir="1" index="0" bw="1" slack="0"/>
</pin_list>
<bind>
<StgValue><ssdm name="p_ZZ5conv1PA255_A255_fPA1_A9_A9_fPfS1_E6w_tile_4_4_0"/><MemPortTyVec>0 3 </MemPortTyVec>
</StgValue>
</bind>
</comp>

<comp id="86" class="1000" name="p_ZZ5conv1PA255_A255_fPA1_A9_A9_fPfS1_E6w_tile_4_5_0">
<pin_list>
<pin id="87" dir="1" index="0" bw="1" slack="0"/>
</pin_list>
<bind>
<StgValue><ssdm name="p_ZZ5conv1PA255_A255_fPA1_A9_A9_fPfS1_E6w_tile_4_5_0"/><MemPortTyVec>0 3 </MemPortTyVec>
</StgValue>
</bind>
</comp>

<comp id="88" class="1000" name="p_ZZ5conv1PA255_A255_fPA1_A9_A9_fPfS1_E6w_tile_4_6_0">
<pin_list>
<pin id="89" dir="1" index="0" bw="1" slack="0"/>
</pin_list>
<bind>
<StgValue><ssdm name="p_ZZ5conv1PA255_A255_fPA1_A9_A9_fPfS1_E6w_tile_4_6_0"/><MemPortTyVec>0 3 </MemPortTyVec>
</StgValue>
</bind>
</comp>

<comp id="90" class="1000" name="p_ZZ5conv1PA255_A255_fPA1_A9_A9_fPfS1_E6w_tile_4_7_0">
<pin_list>
<pin id="91" dir="1" index="0" bw="1" slack="0"/>
</pin_list>
<bind>
<StgValue><ssdm name="p_ZZ5conv1PA255_A255_fPA1_A9_A9_fPfS1_E6w_tile_4_7_0"/><MemPortTyVec>0 3 </MemPortTyVec>
</StgValue>
</bind>
</comp>

<comp id="92" class="1000" name="p_ZZ5conv1PA255_A255_fPA1_A9_A9_fPfS1_E6w_tile_4_8_0">
<pin_list>
<pin id="93" dir="1" index="0" bw="1" slack="0"/>
</pin_list>
<bind>
<StgValue><ssdm name="p_ZZ5conv1PA255_A255_fPA1_A9_A9_fPfS1_E6w_tile_4_8_0"/><MemPortTyVec>0 3 </MemPortTyVec>
</StgValue>
</bind>
</comp>

<comp id="94" class="1000" name="p_ZZ5conv1PA255_A255_fPA1_A9_A9_fPfS1_E6w_tile_5_0_0">
<pin_list>
<pin id="95" dir="1" index="0" bw="1" slack="0"/>
</pin_list>
<bind>
<StgValue><ssdm name="p_ZZ5conv1PA255_A255_fPA1_A9_A9_fPfS1_E6w_tile_5_0_0"/><MemPortTyVec>0 3 </MemPortTyVec>
</StgValue>
</bind>
</comp>

<comp id="96" class="1000" name="p_ZZ5conv1PA255_A255_fPA1_A9_A9_fPfS1_E6w_tile_5_1_0">
<pin_list>
<pin id="97" dir="1" index="0" bw="1" slack="0"/>
</pin_list>
<bind>
<StgValue><ssdm name="p_ZZ5conv1PA255_A255_fPA1_A9_A9_fPfS1_E6w_tile_5_1_0"/><MemPortTyVec>0 3 </MemPortTyVec>
</StgValue>
</bind>
</comp>

<comp id="98" class="1000" name="p_ZZ5conv1PA255_A255_fPA1_A9_A9_fPfS1_E6w_tile_5_2_0">
<pin_list>
<pin id="99" dir="1" index="0" bw="1" slack="0"/>
</pin_list>
<bind>
<StgValue><ssdm name="p_ZZ5conv1PA255_A255_fPA1_A9_A9_fPfS1_E6w_tile_5_2_0"/><MemPortTyVec>0 3 </MemPortTyVec>
</StgValue>
</bind>
</comp>

<comp id="100" class="1000" name="p_ZZ5conv1PA255_A255_fPA1_A9_A9_fPfS1_E6w_tile_5_3_0">
<pin_list>
<pin id="101" dir="1" index="0" bw="1" slack="0"/>
</pin_list>
<bind>
<StgValue><ssdm name="p_ZZ5conv1PA255_A255_fPA1_A9_A9_fPfS1_E6w_tile_5_3_0"/><MemPortTyVec>0 3 </MemPortTyVec>
</StgValue>
</bind>
</comp>

<comp id="102" class="1000" name="p_ZZ5conv1PA255_A255_fPA1_A9_A9_fPfS1_E6w_tile_5_4_0">
<pin_list>
<pin id="103" dir="1" index="0" bw="1" slack="0"/>
</pin_list>
<bind>
<StgValue><ssdm name="p_ZZ5conv1PA255_A255_fPA1_A9_A9_fPfS1_E6w_tile_5_4_0"/><MemPortTyVec>0 3 </MemPortTyVec>
</StgValue>
</bind>
</comp>

<comp id="104" class="1000" name="p_ZZ5conv1PA255_A255_fPA1_A9_A9_fPfS1_E6w_tile_5_5_0">
<pin_list>
<pin id="105" dir="1" index="0" bw="1" slack="0"/>
</pin_list>
<bind>
<StgValue><ssdm name="p_ZZ5conv1PA255_A255_fPA1_A9_A9_fPfS1_E6w_tile_5_5_0"/><MemPortTyVec>0 3 </MemPortTyVec>
</StgValue>
</bind>
</comp>

<comp id="106" class="1000" name="p_ZZ5conv1PA255_A255_fPA1_A9_A9_fPfS1_E6w_tile_5_6_0">
<pin_list>
<pin id="107" dir="1" index="0" bw="1" slack="0"/>
</pin_list>
<bind>
<StgValue><ssdm name="p_ZZ5conv1PA255_A255_fPA1_A9_A9_fPfS1_E6w_tile_5_6_0"/><MemPortTyVec>0 3 </MemPortTyVec>
</StgValue>
</bind>
</comp>

<comp id="108" class="1000" name="p_ZZ5conv1PA255_A255_fPA1_A9_A9_fPfS1_E6w_tile_5_7_0">
<pin_list>
<pin id="109" dir="1" index="0" bw="1" slack="0"/>
</pin_list>
<bind>
<StgValue><ssdm name="p_ZZ5conv1PA255_A255_fPA1_A9_A9_fPfS1_E6w_tile_5_7_0"/><MemPortTyVec>0 3 </MemPortTyVec>
</StgValue>
</bind>
</comp>

<comp id="110" class="1000" name="p_ZZ5conv1PA255_A255_fPA1_A9_A9_fPfS1_E6w_tile_5_8_0">
<pin_list>
<pin id="111" dir="1" index="0" bw="1" slack="0"/>
</pin_list>
<bind>
<StgValue><ssdm name="p_ZZ5conv1PA255_A255_fPA1_A9_A9_fPfS1_E6w_tile_5_8_0"/><MemPortTyVec>0 3 </MemPortTyVec>
</StgValue>
</bind>
</comp>

<comp id="112" class="1000" name="p_ZZ5conv1PA255_A255_fPA1_A9_A9_fPfS1_E6w_tile_6_0_0">
<pin_list>
<pin id="113" dir="1" index="0" bw="1" slack="0"/>
</pin_list>
<bind>
<StgValue><ssdm name="p_ZZ5conv1PA255_A255_fPA1_A9_A9_fPfS1_E6w_tile_6_0_0"/><MemPortTyVec>0 3 </MemPortTyVec>
</StgValue>
</bind>
</comp>

<comp id="114" class="1000" name="p_ZZ5conv1PA255_A255_fPA1_A9_A9_fPfS1_E6w_tile_6_1_0">
<pin_list>
<pin id="115" dir="1" index="0" bw="1" slack="0"/>
</pin_list>
<bind>
<StgValue><ssdm name="p_ZZ5conv1PA255_A255_fPA1_A9_A9_fPfS1_E6w_tile_6_1_0"/><MemPortTyVec>0 3 </MemPortTyVec>
</StgValue>
</bind>
</comp>

<comp id="116" class="1000" name="p_ZZ5conv1PA255_A255_fPA1_A9_A9_fPfS1_E6w_tile_6_2_0">
<pin_list>
<pin id="117" dir="1" index="0" bw="1" slack="0"/>
</pin_list>
<bind>
<StgValue><ssdm name="p_ZZ5conv1PA255_A255_fPA1_A9_A9_fPfS1_E6w_tile_6_2_0"/><MemPortTyVec>0 3 </MemPortTyVec>
</StgValue>
</bind>
</comp>

<comp id="118" class="1000" name="p_ZZ5conv1PA255_A255_fPA1_A9_A9_fPfS1_E6w_tile_6_3_0">
<pin_list>
<pin id="119" dir="1" index="0" bw="1" slack="0"/>
</pin_list>
<bind>
<StgValue><ssdm name="p_ZZ5conv1PA255_A255_fPA1_A9_A9_fPfS1_E6w_tile_6_3_0"/><MemPortTyVec>0 3 </MemPortTyVec>
</StgValue>
</bind>
</comp>

<comp id="120" class="1000" name="p_ZZ5conv1PA255_A255_fPA1_A9_A9_fPfS1_E6w_tile_6_4_0">
<pin_list>
<pin id="121" dir="1" index="0" bw="1" slack="0"/>
</pin_list>
<bind>
<StgValue><ssdm name="p_ZZ5conv1PA255_A255_fPA1_A9_A9_fPfS1_E6w_tile_6_4_0"/><MemPortTyVec>0 3 </MemPortTyVec>
</StgValue>
</bind>
</comp>

<comp id="122" class="1000" name="p_ZZ5conv1PA255_A255_fPA1_A9_A9_fPfS1_E6w_tile_6_5_0">
<pin_list>
<pin id="123" dir="1" index="0" bw="1" slack="0"/>
</pin_list>
<bind>
<StgValue><ssdm name="p_ZZ5conv1PA255_A255_fPA1_A9_A9_fPfS1_E6w_tile_6_5_0"/><MemPortTyVec>0 3 </MemPortTyVec>
</StgValue>
</bind>
</comp>

<comp id="124" class="1000" name="p_ZZ5conv1PA255_A255_fPA1_A9_A9_fPfS1_E6w_tile_6_6_0">
<pin_list>
<pin id="125" dir="1" index="0" bw="1" slack="0"/>
</pin_list>
<bind>
<StgValue><ssdm name="p_ZZ5conv1PA255_A255_fPA1_A9_A9_fPfS1_E6w_tile_6_6_0"/><MemPortTyVec>0 3 </MemPortTyVec>
</StgValue>
</bind>
</comp>

<comp id="126" class="1000" name="p_ZZ5conv1PA255_A255_fPA1_A9_A9_fPfS1_E6w_tile_6_7_0">
<pin_list>
<pin id="127" dir="1" index="0" bw="1" slack="0"/>
</pin_list>
<bind>
<StgValue><ssdm name="p_ZZ5conv1PA255_A255_fPA1_A9_A9_fPfS1_E6w_tile_6_7_0"/><MemPortTyVec>0 3 </MemPortTyVec>
</StgValue>
</bind>
</comp>

<comp id="128" class="1000" name="p_ZZ5conv1PA255_A255_fPA1_A9_A9_fPfS1_E6w_tile_6_8_0">
<pin_list>
<pin id="129" dir="1" index="0" bw="1" slack="0"/>
</pin_list>
<bind>
<StgValue><ssdm name="p_ZZ5conv1PA255_A255_fPA1_A9_A9_fPfS1_E6w_tile_6_8_0"/><MemPortTyVec>0 3 </MemPortTyVec>
</StgValue>
</bind>
</comp>

<comp id="130" class="1000" name="p_ZZ5conv1PA255_A255_fPA1_A9_A9_fPfS1_E6w_tile_7_0_0">
<pin_list>
<pin id="131" dir="1" index="0" bw="1" slack="0"/>
</pin_list>
<bind>
<StgValue><ssdm name="p_ZZ5conv1PA255_A255_fPA1_A9_A9_fPfS1_E6w_tile_7_0_0"/><MemPortTyVec>0 3 </MemPortTyVec>
</StgValue>
</bind>
</comp>

<comp id="132" class="1000" name="p_ZZ5conv1PA255_A255_fPA1_A9_A9_fPfS1_E6w_tile_7_1_0">
<pin_list>
<pin id="133" dir="1" index="0" bw="1" slack="0"/>
</pin_list>
<bind>
<StgValue><ssdm name="p_ZZ5conv1PA255_A255_fPA1_A9_A9_fPfS1_E6w_tile_7_1_0"/><MemPortTyVec>0 3 </MemPortTyVec>
</StgValue>
</bind>
</comp>

<comp id="134" class="1000" name="p_ZZ5conv1PA255_A255_fPA1_A9_A9_fPfS1_E6w_tile_7_2_0">
<pin_list>
<pin id="135" dir="1" index="0" bw="1" slack="0"/>
</pin_list>
<bind>
<StgValue><ssdm name="p_ZZ5conv1PA255_A255_fPA1_A9_A9_fPfS1_E6w_tile_7_2_0"/><MemPortTyVec>0 3 </MemPortTyVec>
</StgValue>
</bind>
</comp>

<comp id="136" class="1000" name="p_ZZ5conv1PA255_A255_fPA1_A9_A9_fPfS1_E6w_tile_7_3_0">
<pin_list>
<pin id="137" dir="1" index="0" bw="1" slack="0"/>
</pin_list>
<bind>
<StgValue><ssdm name="p_ZZ5conv1PA255_A255_fPA1_A9_A9_fPfS1_E6w_tile_7_3_0"/><MemPortTyVec>0 3 </MemPortTyVec>
</StgValue>
</bind>
</comp>

<comp id="138" class="1000" name="p_ZZ5conv1PA255_A255_fPA1_A9_A9_fPfS1_E6w_tile_7_4_0">
<pin_list>
<pin id="139" dir="1" index="0" bw="1" slack="0"/>
</pin_list>
<bind>
<StgValue><ssdm name="p_ZZ5conv1PA255_A255_fPA1_A9_A9_fPfS1_E6w_tile_7_4_0"/><MemPortTyVec>0 3 </MemPortTyVec>
</StgValue>
</bind>
</comp>

<comp id="140" class="1000" name="p_ZZ5conv1PA255_A255_fPA1_A9_A9_fPfS1_E6w_tile_7_5_0">
<pin_list>
<pin id="141" dir="1" index="0" bw="1" slack="0"/>
</pin_list>
<bind>
<StgValue><ssdm name="p_ZZ5conv1PA255_A255_fPA1_A9_A9_fPfS1_E6w_tile_7_5_0"/><MemPortTyVec>0 3 </MemPortTyVec>
</StgValue>
</bind>
</comp>

<comp id="142" class="1000" name="p_ZZ5conv1PA255_A255_fPA1_A9_A9_fPfS1_E6w_tile_7_6_0">
<pin_list>
<pin id="143" dir="1" index="0" bw="1" slack="0"/>
</pin_list>
<bind>
<StgValue><ssdm name="p_ZZ5conv1PA255_A255_fPA1_A9_A9_fPfS1_E6w_tile_7_6_0"/><MemPortTyVec>0 3 </MemPortTyVec>
</StgValue>
</bind>
</comp>

<comp id="144" class="1000" name="p_ZZ5conv1PA255_A255_fPA1_A9_A9_fPfS1_E6w_tile_7_7_0">
<pin_list>
<pin id="145" dir="1" index="0" bw="1" slack="0"/>
</pin_list>
<bind>
<StgValue><ssdm name="p_ZZ5conv1PA255_A255_fPA1_A9_A9_fPfS1_E6w_tile_7_7_0"/><MemPortTyVec>0 3 </MemPortTyVec>
</StgValue>
</bind>
</comp>

<comp id="146" class="1000" name="p_ZZ5conv1PA255_A255_fPA1_A9_A9_fPfS1_E6w_tile_7_8_0">
<pin_list>
<pin id="147" dir="1" index="0" bw="1" slack="0"/>
</pin_list>
<bind>
<StgValue><ssdm name="p_ZZ5conv1PA255_A255_fPA1_A9_A9_fPfS1_E6w_tile_7_8_0"/><MemPortTyVec>0 3 </MemPortTyVec>
</StgValue>
</bind>
</comp>

<comp id="148" class="1000" name="p_ZZ5conv1PA255_A255_fPA1_A9_A9_fPfS1_E6w_tile_8_0_0">
<pin_list>
<pin id="149" dir="1" index="0" bw="1" slack="0"/>
</pin_list>
<bind>
<StgValue><ssdm name="p_ZZ5conv1PA255_A255_fPA1_A9_A9_fPfS1_E6w_tile_8_0_0"/><MemPortTyVec>0 3 </MemPortTyVec>
</StgValue>
</bind>
</comp>

<comp id="150" class="1000" name="p_ZZ5conv1PA255_A255_fPA1_A9_A9_fPfS1_E6w_tile_8_1_0">
<pin_list>
<pin id="151" dir="1" index="0" bw="1" slack="0"/>
</pin_list>
<bind>
<StgValue><ssdm name="p_ZZ5conv1PA255_A255_fPA1_A9_A9_fPfS1_E6w_tile_8_1_0"/><MemPortTyVec>0 3 </MemPortTyVec>
</StgValue>
</bind>
</comp>

<comp id="152" class="1000" name="p_ZZ5conv1PA255_A255_fPA1_A9_A9_fPfS1_E6w_tile_8_2_0">
<pin_list>
<pin id="153" dir="1" index="0" bw="1" slack="0"/>
</pin_list>
<bind>
<StgValue><ssdm name="p_ZZ5conv1PA255_A255_fPA1_A9_A9_fPfS1_E6w_tile_8_2_0"/><MemPortTyVec>0 3 </MemPortTyVec>
</StgValue>
</bind>
</comp>

<comp id="154" class="1000" name="p_ZZ5conv1PA255_A255_fPA1_A9_A9_fPfS1_E6w_tile_8_3_0">
<pin_list>
<pin id="155" dir="1" index="0" bw="1" slack="0"/>
</pin_list>
<bind>
<StgValue><ssdm name="p_ZZ5conv1PA255_A255_fPA1_A9_A9_fPfS1_E6w_tile_8_3_0"/><MemPortTyVec>0 3 </MemPortTyVec>
</StgValue>
</bind>
</comp>

<comp id="156" class="1000" name="p_ZZ5conv1PA255_A255_fPA1_A9_A9_fPfS1_E6w_tile_8_4_0">
<pin_list>
<pin id="157" dir="1" index="0" bw="1" slack="0"/>
</pin_list>
<bind>
<StgValue><ssdm name="p_ZZ5conv1PA255_A255_fPA1_A9_A9_fPfS1_E6w_tile_8_4_0"/><MemPortTyVec>0 3 </MemPortTyVec>
</StgValue>
</bind>
</comp>

<comp id="158" class="1000" name="p_ZZ5conv1PA255_A255_fPA1_A9_A9_fPfS1_E6w_tile_8_5_0">
<pin_list>
<pin id="159" dir="1" index="0" bw="1" slack="0"/>
</pin_list>
<bind>
<StgValue><ssdm name="p_ZZ5conv1PA255_A255_fPA1_A9_A9_fPfS1_E6w_tile_8_5_0"/><MemPortTyVec>0 3 </MemPortTyVec>
</StgValue>
</bind>
</comp>

<comp id="160" class="1000" name="p_ZZ5conv1PA255_A255_fPA1_A9_A9_fPfS1_E6w_tile_8_6_0">
<pin_list>
<pin id="161" dir="1" index="0" bw="1" slack="0"/>
</pin_list>
<bind>
<StgValue><ssdm name="p_ZZ5conv1PA255_A255_fPA1_A9_A9_fPfS1_E6w_tile_8_6_0"/><MemPortTyVec>0 3 </MemPortTyVec>
</StgValue>
</bind>
</comp>

<comp id="162" class="1000" name="p_ZZ5conv1PA255_A255_fPA1_A9_A9_fPfS1_E6w_tile_8_7_0">
<pin_list>
<pin id="163" dir="1" index="0" bw="1" slack="0"/>
</pin_list>
<bind>
<StgValue><ssdm name="p_ZZ5conv1PA255_A255_fPA1_A9_A9_fPfS1_E6w_tile_8_7_0"/><MemPortTyVec>0 3 </MemPortTyVec>
</StgValue>
</bind>
</comp>

<comp id="164" class="1000" name="p_ZZ5conv1PA255_A255_fPA1_A9_A9_fPfS1_E6w_tile_8_8_0">
<pin_list>
<pin id="165" dir="1" index="0" bw="1" slack="0"/>
</pin_list>
<bind>
<StgValue><ssdm name="p_ZZ5conv1PA255_A255_fPA1_A9_A9_fPfS1_E6w_tile_8_8_0"/><MemPortTyVec>0 3 </MemPortTyVec>
</StgValue>
</bind>
</comp>

<comp id="166" class="1001" name="const_166">
<pin_list>
<pin id="167" dir="1" index="0" bw="1" slack="0"/>
</pin_list>
<bind>
<StgValue><ssdm name=""/></StgValue>
</bind>
</comp>

<comp id="168" class="1001" name="const_168">
<pin_list>
<pin id="169" dir="1" index="0" bw="1" slack="0"/>
</pin_list>
<bind>
<StgValue><ssdm name="_ssdm_op_Read.ap_auto.i62"/></StgValue>
</bind>
</comp>

<comp id="170" class="1001" name="const_170">
<pin_list>
<pin id="171" dir="1" index="0" bw="1" slack="2147483647"/>
</pin_list>
<bind>
<StgValue><ssdm name="_ssdm_op_SpecInterface"/></StgValue>
</bind>
</comp>

<comp id="172" class="1001" name="const_172">
<pin_list>
<pin id="173" dir="1" index="0" bw="1" slack="2147483647"/>
</pin_list>
<bind>
<StgValue><ssdm name="empty_39"/></StgValue>
</bind>
</comp>

<comp id="174" class="1001" name="const_174">
<pin_list>
<pin id="175" dir="1" index="0" bw="1" slack="2147483647"/>
</pin_list>
<bind>
<StgValue><ssdm name=""/></StgValue>
</bind>
</comp>

<comp id="176" class="1001" name="const_176">
<pin_list>
<pin id="177" dir="1" index="0" bw="1" slack="2147483647"/>
</pin_list>
<bind>
<StgValue><ssdm name="empty_40"/></StgValue>
</bind>
</comp>

<comp id="178" class="1001" name="const_178">
<pin_list>
<pin id="179" dir="1" index="0" bw="1" slack="2147483647"/>
</pin_list>
<bind>
<StgValue><ssdm name=""/></StgValue>
</bind>
</comp>

<comp id="180" class="1001" name="const_180">
<pin_list>
<pin id="181" dir="1" index="0" bw="1" slack="2147483647"/>
</pin_list>
<bind>
<StgValue><ssdm name="empty_43"/></StgValue>
</bind>
</comp>

<comp id="182" class="1001" name="const_182">
<pin_list>
<pin id="183" dir="1" index="0" bw="1" slack="2147483647"/>
</pin_list>
<bind>
<StgValue><ssdm name="empty_42"/></StgValue>
</bind>
</comp>

<comp id="184" class="1001" name="const_184">
<pin_list>
<pin id="185" dir="1" index="0" bw="1" slack="2147483647"/>
</pin_list>
<bind>
<StgValue><ssdm name=""/></StgValue>
</bind>
</comp>

<comp id="186" class="1001" name="const_186">
<pin_list>
<pin id="187" dir="1" index="0" bw="1" slack="2147483647"/>
</pin_list>
<bind>
<StgValue><ssdm name=""/></StgValue>
</bind>
</comp>

<comp id="188" class="1001" name="const_188">
<pin_list>
<pin id="189" dir="1" index="0" bw="1" slack="0"/>
</pin_list>
<bind>
<StgValue><ssdm name=""/></StgValue>
</bind>
</comp>

<comp id="190" class="1001" name="const_190">
<pin_list>
<pin id="191" dir="1" index="0" bw="1" slack="0"/>
</pin_list>
<bind>
<StgValue><ssdm name=""/></StgValue>
</bind>
</comp>

<comp id="192" class="1001" name="const_192">
<pin_list>
<pin id="193" dir="1" index="0" bw="1" slack="0"/>
</pin_list>
<bind>
<StgValue><ssdm name=""/></StgValue>
</bind>
</comp>

<comp id="194" class="1001" name="const_194">
<pin_list>
<pin id="195" dir="1" index="0" bw="1" slack="0"/>
</pin_list>
<bind>
<StgValue><ssdm name=""/></StgValue>
</bind>
</comp>

<comp id="196" class="1001" name="const_196">
<pin_list>
<pin id="197" dir="1" index="0" bw="1" slack="0"/>
</pin_list>
<bind>
<StgValue><ssdm name=""/></StgValue>
</bind>
</comp>

<comp id="198" class="1001" name="const_198">
<pin_list>
<pin id="199" dir="1" index="0" bw="1" slack="0"/>
</pin_list>
<bind>
<StgValue><ssdm name=""/></StgValue>
</bind>
</comp>

<comp id="200" class="1001" name="const_200">
<pin_list>
<pin id="201" dir="1" index="0" bw="1" slack="0"/>
</pin_list>
<bind>
<StgValue><ssdm name=""/></StgValue>
</bind>
</comp>

<comp id="202" class="1001" name="const_202">
<pin_list>
<pin id="203" dir="1" index="0" bw="1" slack="0"/>
</pin_list>
<bind>
<StgValue><ssdm name=""/></StgValue>
</bind>
</comp>

<comp id="204" class="1001" name="const_204">
<pin_list>
<pin id="205" dir="1" index="0" bw="1" slack="0"/>
</pin_list>
<bind>
<StgValue><ssdm name=""/></StgValue>
</bind>
</comp>

<comp id="206" class="1001" name="const_206">
<pin_list>
<pin id="207" dir="1" index="0" bw="1" slack="0"/>
</pin_list>
<bind>
<StgValue><ssdm name="_ssdm_op_Read.m_axi.p1i32"/></StgValue>
</bind>
</comp>

<comp id="208" class="1001" name="const_208">
<pin_list>
<pin id="209" dir="1" index="0" bw="1" slack="2147483647"/>
</pin_list>
<bind>
<StgValue><ssdm name=""/></StgValue>
</bind>
</comp>

<comp id="210" class="1001" name="const_210">
<pin_list>
<pin id="211" dir="1" index="0" bw="1" slack="2147483647"/>
</pin_list>
<bind>
<StgValue><ssdm name=""/></StgValue>
</bind>
</comp>

<comp id="212" class="1001" name="const_212">
<pin_list>
<pin id="213" dir="1" index="0" bw="1" slack="2147483647"/>
</pin_list>
<bind>
<StgValue><ssdm name=""/></StgValue>
</bind>
</comp>

<comp id="214" class="1001" name="const_214">
<pin_list>
<pin id="215" dir="1" index="0" bw="1" slack="2147483647"/>
</pin_list>
<bind>
<StgValue><ssdm name=""/></StgValue>
</bind>
</comp>

<comp id="216" class="1001" name="const_216">
<pin_list>
<pin id="217" dir="1" index="0" bw="1" slack="2147483647"/>
</pin_list>
<bind>
<StgValue><ssdm name=""/></StgValue>
</bind>
</comp>

<comp id="218" class="1001" name="const_218">
<pin_list>
<pin id="219" dir="1" index="0" bw="1" slack="2147483647"/>
</pin_list>
<bind>
<StgValue><ssdm name=""/></StgValue>
</bind>
</comp>

<comp id="220" class="1001" name="const_220">
<pin_list>
<pin id="221" dir="1" index="0" bw="1" slack="0"/>
</pin_list>
<bind>
<StgValue><ssdm name=""/></StgValue>
</bind>
</comp>

<comp id="222" class="1001" name="const_222">
<pin_list>
<pin id="223" dir="1" index="0" bw="1" slack="2147483647"/>
</pin_list>
<bind>
<StgValue><ssdm name="_ssdm_op_SpecLoopName"/></StgValue>
</bind>
</comp>

<comp id="224" class="1001" name="const_224">
<pin_list>
<pin id="225" dir="1" index="0" bw="1" slack="2147483647"/>
</pin_list>
<bind>
<StgValue><ssdm name="VITIS_LOOP_50_1_VITIS_LOOP_53_3_VITIS_LOOP_54_4_str"/></StgValue>
</bind>
</comp>

<comp id="226" class="1001" name="const_226">
<pin_list>
<pin id="227" dir="1" index="0" bw="1" slack="2147483647"/>
</pin_list>
<bind>
<StgValue><ssdm name="_ssdm_op_SpecLoopTripCount"/></StgValue>
</bind>
</comp>

<comp id="228" class="1001" name="const_228">
<pin_list>
<pin id="229" dir="1" index="0" bw="1" slack="2147483647"/>
</pin_list>
<bind>
<StgValue><ssdm name=""/></StgValue>
</bind>
</comp>

<comp id="230" class="1001" name="const_230">
<pin_list>
<pin id="231" dir="1" index="0" bw="1" slack="2147483647"/>
</pin_list>
<bind>
<StgValue><ssdm name="VITIS_LOOP_53_3_VITIS_LOOP_54_4_str"/></StgValue>
</bind>
</comp>

<comp id="232" class="1001" name="const_232">
<pin_list>
<pin id="233" dir="1" index="0" bw="1" slack="2147483647"/>
</pin_list>
<bind>
<StgValue><ssdm name="_ssdm_op_SpecPipeline"/></StgValue>
</bind>
</comp>

<comp id="234" class="1001" name="const_234">
<pin_list>
<pin id="235" dir="1" index="0" bw="1" slack="2147483647"/>
</pin_list>
<bind>
<StgValue><ssdm name="empty_23"/></StgValue>
</bind>
</comp>

<comp id="236" class="1001" name="const_236">
<pin_list>
<pin id="237" dir="1" index="0" bw="1" slack="0"/>
</pin_list>
<bind>
<StgValue><ssdm name=""/></StgValue>
</bind>
</comp>

<comp id="238" class="1004" name="kw_fu_238">
<pin_list>
<pin id="239" dir="0" index="0" bw="1" slack="0"/>
<pin id="240" dir="1" index="1" bw="4" slack="0"/>
</pin_list>
<bind>
<opcode="alloca(26) " fcode="alloca"/>
<opset="kw/1 "/>
</bind>
</comp>

<comp id="242" class="1004" name="kh_fu_242">
<pin_list>
<pin id="243" dir="0" index="0" bw="1" slack="0"/>
<pin id="244" dir="1" index="1" bw="4" slack="0"/>
</pin_list>
<bind>
<opcode="alloca(26) " fcode="alloca"/>
<opset="kh/1 "/>
</bind>
</comp>

<comp id="246" class="1004" name="indvar_flatten45_fu_246">
<pin_list>
<pin id="247" dir="0" index="0" bw="1" slack="0"/>
<pin id="248" dir="1" index="1" bw="8" slack="0"/>
</pin_list>
<bind>
<opcode="alloca(26) " fcode="alloca"/>
<opset="indvar_flatten45/1 "/>
</bind>
</comp>

<comp id="250" class="1004" name="tn_fu_250">
<pin_list>
<pin id="251" dir="0" index="0" bw="1" slack="0"/>
<pin id="252" dir="1" index="1" bw="4" slack="0"/>
</pin_list>
<bind>
<opcode="alloca(26) " fcode="alloca"/>
<opset="tn/1 "/>
</bind>
</comp>

<comp id="254" class="1004" name="indvar_flatten137_fu_254">
<pin_list>
<pin id="255" dir="0" index="0" bw="1" slack="0"/>
<pin id="256" dir="1" index="1" bw="10" slack="0"/>
</pin_list>
<bind>
<opcode="alloca(26) " fcode="alloca"/>
<opset="indvar_flatten137/1 "/>
</bind>
</comp>

<comp id="258" class="1004" name="sext_ln117_read_read_fu_258">
<pin_list>
<pin id="259" dir="0" index="0" bw="62" slack="0"/>
<pin id="260" dir="0" index="1" bw="62" slack="0"/>
<pin id="261" dir="1" index="2" bw="62" slack="0"/>
</pin_list>
<bind>
<opcode="read(1150) " fcode="read"/>
<opset="sext_ln117_read/1 "/>
</bind>
</comp>

<comp id="264" class="1004" name="w1_addr_read_read_fu_264">
<pin_list>
<pin id="265" dir="0" index="0" bw="32" slack="0"/>
<pin id="266" dir="0" index="1" bw="32" slack="0"/>
<pin id="267" dir="1" index="2" bw="32" slack="0"/>
</pin_list>
<bind>
<opcode="read(1150) " fcode="read"/>
<opset="w1_addr_read/2 "/>
</bind>
</comp>

<comp id="269" class="1004" name="p_ZZ5conv1PA255_A255_fPA1_A9_A9_fPfS1_E6w_tile_7_7_0_addr_gep_fu_269">
<pin_list>
<pin id="270" dir="0" index="0" bw="32" slack="0"/>
<pin id="271" dir="0" index="1" bw="1" slack="0"/>
<pin id="272" dir="0" index="2" bw="4" slack="0"/>
<pin id="273" dir="1" index="3" bw="3" slack="0"/>
</pin_list>
<bind>
<opcode="getelementptr(29) " fcode="getelementptr"/>
<opset="p_ZZ5conv1PA255_A255_fPA1_A9_A9_fPfS1_E6w_tile_7_7_0_addr/3 "/>
</bind>
</comp>

<comp id="276" class="1004" name="store_ln56_access_fu_276">
<pin_list>
<pin id="277" dir="0" index="0" bw="3" slack="0"/>
<pin id="278" dir="0" index="1" bw="32" slack="1"/>
<pin id="279" dir="0" index="2" bw="0" slack="2147483647"/>
<pin id="280" dir="1" index="3" bw="32" slack="2147483647"/>
</pin_list>
<bind>
<opcode="store(28) " fcode="store"/>
<opset="store_ln56/3 "/>
</bind>
</comp>

<comp id="282" class="1004" name="p_ZZ5conv1PA255_A255_fPA1_A9_A9_fPfS1_E6w_tile_7_6_0_addr_gep_fu_282">
<pin_list>
<pin id="283" dir="0" index="0" bw="32" slack="0"/>
<pin id="284" dir="0" index="1" bw="1" slack="0"/>
<pin id="285" dir="0" index="2" bw="4" slack="0"/>
<pin id="286" dir="1" index="3" bw="3" slack="0"/>
</pin_list>
<bind>
<opcode="getelementptr(29) " fcode="getelementptr"/>
<opset="p_ZZ5conv1PA255_A255_fPA1_A9_A9_fPfS1_E6w_tile_7_6_0_addr/3 "/>
</bind>
</comp>

<comp id="289" class="1004" name="store_ln56_access_fu_289">
<pin_list>
<pin id="290" dir="0" index="0" bw="3" slack="0"/>
<pin id="291" dir="0" index="1" bw="32" slack="1"/>
<pin id="292" dir="0" index="2" bw="0" slack="2147483647"/>
<pin id="293" dir="1" index="3" bw="32" slack="2147483647"/>
</pin_list>
<bind>
<opcode="store(28) " fcode="store"/>
<opset="store_ln56/3 "/>
</bind>
</comp>

<comp id="295" class="1004" name="p_ZZ5conv1PA255_A255_fPA1_A9_A9_fPfS1_E6w_tile_7_5_0_addr_gep_fu_295">
<pin_list>
<pin id="296" dir="0" index="0" bw="32" slack="0"/>
<pin id="297" dir="0" index="1" bw="1" slack="0"/>
<pin id="298" dir="0" index="2" bw="4" slack="0"/>
<pin id="299" dir="1" index="3" bw="3" slack="0"/>
</pin_list>
<bind>
<opcode="getelementptr(29) " fcode="getelementptr"/>
<opset="p_ZZ5conv1PA255_A255_fPA1_A9_A9_fPfS1_E6w_tile_7_5_0_addr/3 "/>
</bind>
</comp>

<comp id="302" class="1004" name="store_ln56_access_fu_302">
<pin_list>
<pin id="303" dir="0" index="0" bw="3" slack="0"/>
<pin id="304" dir="0" index="1" bw="32" slack="1"/>
<pin id="305" dir="0" index="2" bw="0" slack="2147483647"/>
<pin id="306" dir="1" index="3" bw="32" slack="2147483647"/>
</pin_list>
<bind>
<opcode="store(28) " fcode="store"/>
<opset="store_ln56/3 "/>
</bind>
</comp>

<comp id="308" class="1004" name="p_ZZ5conv1PA255_A255_fPA1_A9_A9_fPfS1_E6w_tile_7_4_0_addr_gep_fu_308">
<pin_list>
<pin id="309" dir="0" index="0" bw="32" slack="0"/>
<pin id="310" dir="0" index="1" bw="1" slack="0"/>
<pin id="311" dir="0" index="2" bw="4" slack="0"/>
<pin id="312" dir="1" index="3" bw="3" slack="0"/>
</pin_list>
<bind>
<opcode="getelementptr(29) " fcode="getelementptr"/>
<opset="p_ZZ5conv1PA255_A255_fPA1_A9_A9_fPfS1_E6w_tile_7_4_0_addr/3 "/>
</bind>
</comp>

<comp id="315" class="1004" name="store_ln56_access_fu_315">
<pin_list>
<pin id="316" dir="0" index="0" bw="3" slack="0"/>
<pin id="317" dir="0" index="1" bw="32" slack="1"/>
<pin id="318" dir="0" index="2" bw="0" slack="2147483647"/>
<pin id="319" dir="1" index="3" bw="32" slack="2147483647"/>
</pin_list>
<bind>
<opcode="store(28) " fcode="store"/>
<opset="store_ln56/3 "/>
</bind>
</comp>

<comp id="321" class="1004" name="p_ZZ5conv1PA255_A255_fPA1_A9_A9_fPfS1_E6w_tile_7_3_0_addr_gep_fu_321">
<pin_list>
<pin id="322" dir="0" index="0" bw="32" slack="0"/>
<pin id="323" dir="0" index="1" bw="1" slack="0"/>
<pin id="324" dir="0" index="2" bw="4" slack="0"/>
<pin id="325" dir="1" index="3" bw="3" slack="0"/>
</pin_list>
<bind>
<opcode="getelementptr(29) " fcode="getelementptr"/>
<opset="p_ZZ5conv1PA255_A255_fPA1_A9_A9_fPfS1_E6w_tile_7_3_0_addr/3 "/>
</bind>
</comp>

<comp id="328" class="1004" name="store_ln56_access_fu_328">
<pin_list>
<pin id="329" dir="0" index="0" bw="3" slack="0"/>
<pin id="330" dir="0" index="1" bw="32" slack="1"/>
<pin id="331" dir="0" index="2" bw="0" slack="2147483647"/>
<pin id="332" dir="1" index="3" bw="32" slack="2147483647"/>
</pin_list>
<bind>
<opcode="store(28) " fcode="store"/>
<opset="store_ln56/3 "/>
</bind>
</comp>

<comp id="334" class="1004" name="p_ZZ5conv1PA255_A255_fPA1_A9_A9_fPfS1_E6w_tile_7_2_0_addr_gep_fu_334">
<pin_list>
<pin id="335" dir="0" index="0" bw="32" slack="0"/>
<pin id="336" dir="0" index="1" bw="1" slack="0"/>
<pin id="337" dir="0" index="2" bw="4" slack="0"/>
<pin id="338" dir="1" index="3" bw="3" slack="0"/>
</pin_list>
<bind>
<opcode="getelementptr(29) " fcode="getelementptr"/>
<opset="p_ZZ5conv1PA255_A255_fPA1_A9_A9_fPfS1_E6w_tile_7_2_0_addr/3 "/>
</bind>
</comp>

<comp id="341" class="1004" name="store_ln56_access_fu_341">
<pin_list>
<pin id="342" dir="0" index="0" bw="3" slack="0"/>
<pin id="343" dir="0" index="1" bw="32" slack="1"/>
<pin id="344" dir="0" index="2" bw="0" slack="2147483647"/>
<pin id="345" dir="1" index="3" bw="32" slack="2147483647"/>
</pin_list>
<bind>
<opcode="store(28) " fcode="store"/>
<opset="store_ln56/3 "/>
</bind>
</comp>

<comp id="347" class="1004" name="p_ZZ5conv1PA255_A255_fPA1_A9_A9_fPfS1_E6w_tile_7_1_0_addr_gep_fu_347">
<pin_list>
<pin id="348" dir="0" index="0" bw="32" slack="0"/>
<pin id="349" dir="0" index="1" bw="1" slack="0"/>
<pin id="350" dir="0" index="2" bw="4" slack="0"/>
<pin id="351" dir="1" index="3" bw="3" slack="0"/>
</pin_list>
<bind>
<opcode="getelementptr(29) " fcode="getelementptr"/>
<opset="p_ZZ5conv1PA255_A255_fPA1_A9_A9_fPfS1_E6w_tile_7_1_0_addr/3 "/>
</bind>
</comp>

<comp id="354" class="1004" name="store_ln56_access_fu_354">
<pin_list>
<pin id="355" dir="0" index="0" bw="3" slack="0"/>
<pin id="356" dir="0" index="1" bw="32" slack="1"/>
<pin id="357" dir="0" index="2" bw="0" slack="2147483647"/>
<pin id="358" dir="1" index="3" bw="32" slack="2147483647"/>
</pin_list>
<bind>
<opcode="store(28) " fcode="store"/>
<opset="store_ln56/3 "/>
</bind>
</comp>

<comp id="360" class="1004" name="p_ZZ5conv1PA255_A255_fPA1_A9_A9_fPfS1_E6w_tile_7_0_0_addr_gep_fu_360">
<pin_list>
<pin id="361" dir="0" index="0" bw="32" slack="0"/>
<pin id="362" dir="0" index="1" bw="1" slack="0"/>
<pin id="363" dir="0" index="2" bw="4" slack="0"/>
<pin id="364" dir="1" index="3" bw="3" slack="0"/>
</pin_list>
<bind>
<opcode="getelementptr(29) " fcode="getelementptr"/>
<opset="p_ZZ5conv1PA255_A255_fPA1_A9_A9_fPfS1_E6w_tile_7_0_0_addr/3 "/>
</bind>
</comp>

<comp id="367" class="1004" name="store_ln56_access_fu_367">
<pin_list>
<pin id="368" dir="0" index="0" bw="3" slack="0"/>
<pin id="369" dir="0" index="1" bw="32" slack="1"/>
<pin id="370" dir="0" index="2" bw="0" slack="2147483647"/>
<pin id="371" dir="1" index="3" bw="32" slack="2147483647"/>
</pin_list>
<bind>
<opcode="store(28) " fcode="store"/>
<opset="store_ln56/3 "/>
</bind>
</comp>

<comp id="373" class="1004" name="p_ZZ5conv1PA255_A255_fPA1_A9_A9_fPfS1_E6w_tile_7_8_0_addr_gep_fu_373">
<pin_list>
<pin id="374" dir="0" index="0" bw="32" slack="0"/>
<pin id="375" dir="0" index="1" bw="1" slack="0"/>
<pin id="376" dir="0" index="2" bw="4" slack="0"/>
<pin id="377" dir="1" index="3" bw="3" slack="0"/>
</pin_list>
<bind>
<opcode="getelementptr(29) " fcode="getelementptr"/>
<opset="p_ZZ5conv1PA255_A255_fPA1_A9_A9_fPfS1_E6w_tile_7_8_0_addr/3 "/>
</bind>
</comp>

<comp id="380" class="1004" name="store_ln56_access_fu_380">
<pin_list>
<pin id="381" dir="0" index="0" bw="3" slack="0"/>
<pin id="382" dir="0" index="1" bw="32" slack="1"/>
<pin id="383" dir="0" index="2" bw="0" slack="2147483647"/>
<pin id="384" dir="1" index="3" bw="32" slack="2147483647"/>
</pin_list>
<bind>
<opcode="store(28) " fcode="store"/>
<opset="store_ln56/3 "/>
</bind>
</comp>

<comp id="386" class="1004" name="p_ZZ5conv1PA255_A255_fPA1_A9_A9_fPfS1_E6w_tile_6_7_0_addr_gep_fu_386">
<pin_list>
<pin id="387" dir="0" index="0" bw="32" slack="0"/>
<pin id="388" dir="0" index="1" bw="1" slack="0"/>
<pin id="389" dir="0" index="2" bw="4" slack="0"/>
<pin id="390" dir="1" index="3" bw="3" slack="0"/>
</pin_list>
<bind>
<opcode="getelementptr(29) " fcode="getelementptr"/>
<opset="p_ZZ5conv1PA255_A255_fPA1_A9_A9_fPfS1_E6w_tile_6_7_0_addr/3 "/>
</bind>
</comp>

<comp id="393" class="1004" name="store_ln56_access_fu_393">
<pin_list>
<pin id="394" dir="0" index="0" bw="3" slack="0"/>
<pin id="395" dir="0" index="1" bw="32" slack="1"/>
<pin id="396" dir="0" index="2" bw="0" slack="2147483647"/>
<pin id="397" dir="1" index="3" bw="32" slack="2147483647"/>
</pin_list>
<bind>
<opcode="store(28) " fcode="store"/>
<opset="store_ln56/3 "/>
</bind>
</comp>

<comp id="399" class="1004" name="p_ZZ5conv1PA255_A255_fPA1_A9_A9_fPfS1_E6w_tile_6_6_0_addr_gep_fu_399">
<pin_list>
<pin id="400" dir="0" index="0" bw="32" slack="0"/>
<pin id="401" dir="0" index="1" bw="1" slack="0"/>
<pin id="402" dir="0" index="2" bw="4" slack="0"/>
<pin id="403" dir="1" index="3" bw="3" slack="0"/>
</pin_list>
<bind>
<opcode="getelementptr(29) " fcode="getelementptr"/>
<opset="p_ZZ5conv1PA255_A255_fPA1_A9_A9_fPfS1_E6w_tile_6_6_0_addr/3 "/>
</bind>
</comp>

<comp id="406" class="1004" name="store_ln56_access_fu_406">
<pin_list>
<pin id="407" dir="0" index="0" bw="3" slack="0"/>
<pin id="408" dir="0" index="1" bw="32" slack="1"/>
<pin id="409" dir="0" index="2" bw="0" slack="2147483647"/>
<pin id="410" dir="1" index="3" bw="32" slack="2147483647"/>
</pin_list>
<bind>
<opcode="store(28) " fcode="store"/>
<opset="store_ln56/3 "/>
</bind>
</comp>

<comp id="412" class="1004" name="p_ZZ5conv1PA255_A255_fPA1_A9_A9_fPfS1_E6w_tile_6_5_0_addr_gep_fu_412">
<pin_list>
<pin id="413" dir="0" index="0" bw="32" slack="0"/>
<pin id="414" dir="0" index="1" bw="1" slack="0"/>
<pin id="415" dir="0" index="2" bw="4" slack="0"/>
<pin id="416" dir="1" index="3" bw="3" slack="0"/>
</pin_list>
<bind>
<opcode="getelementptr(29) " fcode="getelementptr"/>
<opset="p_ZZ5conv1PA255_A255_fPA1_A9_A9_fPfS1_E6w_tile_6_5_0_addr/3 "/>
</bind>
</comp>

<comp id="419" class="1004" name="store_ln56_access_fu_419">
<pin_list>
<pin id="420" dir="0" index="0" bw="3" slack="0"/>
<pin id="421" dir="0" index="1" bw="32" slack="1"/>
<pin id="422" dir="0" index="2" bw="0" slack="2147483647"/>
<pin id="423" dir="1" index="3" bw="32" slack="2147483647"/>
</pin_list>
<bind>
<opcode="store(28) " fcode="store"/>
<opset="store_ln56/3 "/>
</bind>
</comp>

<comp id="425" class="1004" name="p_ZZ5conv1PA255_A255_fPA1_A9_A9_fPfS1_E6w_tile_6_4_0_addr_gep_fu_425">
<pin_list>
<pin id="426" dir="0" index="0" bw="32" slack="0"/>
<pin id="427" dir="0" index="1" bw="1" slack="0"/>
<pin id="428" dir="0" index="2" bw="4" slack="0"/>
<pin id="429" dir="1" index="3" bw="3" slack="0"/>
</pin_list>
<bind>
<opcode="getelementptr(29) " fcode="getelementptr"/>
<opset="p_ZZ5conv1PA255_A255_fPA1_A9_A9_fPfS1_E6w_tile_6_4_0_addr/3 "/>
</bind>
</comp>

<comp id="432" class="1004" name="store_ln56_access_fu_432">
<pin_list>
<pin id="433" dir="0" index="0" bw="3" slack="0"/>
<pin id="434" dir="0" index="1" bw="32" slack="1"/>
<pin id="435" dir="0" index="2" bw="0" slack="2147483647"/>
<pin id="436" dir="1" index="3" bw="32" slack="2147483647"/>
</pin_list>
<bind>
<opcode="store(28) " fcode="store"/>
<opset="store_ln56/3 "/>
</bind>
</comp>

<comp id="438" class="1004" name="p_ZZ5conv1PA255_A255_fPA1_A9_A9_fPfS1_E6w_tile_6_3_0_addr_gep_fu_438">
<pin_list>
<pin id="439" dir="0" index="0" bw="32" slack="0"/>
<pin id="440" dir="0" index="1" bw="1" slack="0"/>
<pin id="441" dir="0" index="2" bw="4" slack="0"/>
<pin id="442" dir="1" index="3" bw="3" slack="0"/>
</pin_list>
<bind>
<opcode="getelementptr(29) " fcode="getelementptr"/>
<opset="p_ZZ5conv1PA255_A255_fPA1_A9_A9_fPfS1_E6w_tile_6_3_0_addr/3 "/>
</bind>
</comp>

<comp id="445" class="1004" name="store_ln56_access_fu_445">
<pin_list>
<pin id="446" dir="0" index="0" bw="3" slack="0"/>
<pin id="447" dir="0" index="1" bw="32" slack="1"/>
<pin id="448" dir="0" index="2" bw="0" slack="2147483647"/>
<pin id="449" dir="1" index="3" bw="32" slack="2147483647"/>
</pin_list>
<bind>
<opcode="store(28) " fcode="store"/>
<opset="store_ln56/3 "/>
</bind>
</comp>

<comp id="451" class="1004" name="p_ZZ5conv1PA255_A255_fPA1_A9_A9_fPfS1_E6w_tile_6_2_0_addr_gep_fu_451">
<pin_list>
<pin id="452" dir="0" index="0" bw="32" slack="0"/>
<pin id="453" dir="0" index="1" bw="1" slack="0"/>
<pin id="454" dir="0" index="2" bw="4" slack="0"/>
<pin id="455" dir="1" index="3" bw="3" slack="0"/>
</pin_list>
<bind>
<opcode="getelementptr(29) " fcode="getelementptr"/>
<opset="p_ZZ5conv1PA255_A255_fPA1_A9_A9_fPfS1_E6w_tile_6_2_0_addr/3 "/>
</bind>
</comp>

<comp id="458" class="1004" name="store_ln56_access_fu_458">
<pin_list>
<pin id="459" dir="0" index="0" bw="3" slack="0"/>
<pin id="460" dir="0" index="1" bw="32" slack="1"/>
<pin id="461" dir="0" index="2" bw="0" slack="2147483647"/>
<pin id="462" dir="1" index="3" bw="32" slack="2147483647"/>
</pin_list>
<bind>
<opcode="store(28) " fcode="store"/>
<opset="store_ln56/3 "/>
</bind>
</comp>

<comp id="464" class="1004" name="p_ZZ5conv1PA255_A255_fPA1_A9_A9_fPfS1_E6w_tile_6_1_0_addr_gep_fu_464">
<pin_list>
<pin id="465" dir="0" index="0" bw="32" slack="0"/>
<pin id="466" dir="0" index="1" bw="1" slack="0"/>
<pin id="467" dir="0" index="2" bw="4" slack="0"/>
<pin id="468" dir="1" index="3" bw="3" slack="0"/>
</pin_list>
<bind>
<opcode="getelementptr(29) " fcode="getelementptr"/>
<opset="p_ZZ5conv1PA255_A255_fPA1_A9_A9_fPfS1_E6w_tile_6_1_0_addr/3 "/>
</bind>
</comp>

<comp id="471" class="1004" name="store_ln56_access_fu_471">
<pin_list>
<pin id="472" dir="0" index="0" bw="3" slack="0"/>
<pin id="473" dir="0" index="1" bw="32" slack="1"/>
<pin id="474" dir="0" index="2" bw="0" slack="2147483647"/>
<pin id="475" dir="1" index="3" bw="32" slack="2147483647"/>
</pin_list>
<bind>
<opcode="store(28) " fcode="store"/>
<opset="store_ln56/3 "/>
</bind>
</comp>

<comp id="477" class="1004" name="p_ZZ5conv1PA255_A255_fPA1_A9_A9_fPfS1_E6w_tile_6_0_0_addr_gep_fu_477">
<pin_list>
<pin id="478" dir="0" index="0" bw="32" slack="0"/>
<pin id="479" dir="0" index="1" bw="1" slack="0"/>
<pin id="480" dir="0" index="2" bw="4" slack="0"/>
<pin id="481" dir="1" index="3" bw="3" slack="0"/>
</pin_list>
<bind>
<opcode="getelementptr(29) " fcode="getelementptr"/>
<opset="p_ZZ5conv1PA255_A255_fPA1_A9_A9_fPfS1_E6w_tile_6_0_0_addr/3 "/>
</bind>
</comp>

<comp id="484" class="1004" name="store_ln56_access_fu_484">
<pin_list>
<pin id="485" dir="0" index="0" bw="3" slack="0"/>
<pin id="486" dir="0" index="1" bw="32" slack="1"/>
<pin id="487" dir="0" index="2" bw="0" slack="2147483647"/>
<pin id="488" dir="1" index="3" bw="32" slack="2147483647"/>
</pin_list>
<bind>
<opcode="store(28) " fcode="store"/>
<opset="store_ln56/3 "/>
</bind>
</comp>

<comp id="490" class="1004" name="p_ZZ5conv1PA255_A255_fPA1_A9_A9_fPfS1_E6w_tile_6_8_0_addr_gep_fu_490">
<pin_list>
<pin id="491" dir="0" index="0" bw="32" slack="0"/>
<pin id="492" dir="0" index="1" bw="1" slack="0"/>
<pin id="493" dir="0" index="2" bw="4" slack="0"/>
<pin id="494" dir="1" index="3" bw="3" slack="0"/>
</pin_list>
<bind>
<opcode="getelementptr(29) " fcode="getelementptr"/>
<opset="p_ZZ5conv1PA255_A255_fPA1_A9_A9_fPfS1_E6w_tile_6_8_0_addr/3 "/>
</bind>
</comp>

<comp id="497" class="1004" name="store_ln56_access_fu_497">
<pin_list>
<pin id="498" dir="0" index="0" bw="3" slack="0"/>
<pin id="499" dir="0" index="1" bw="32" slack="1"/>
<pin id="500" dir="0" index="2" bw="0" slack="2147483647"/>
<pin id="501" dir="1" index="3" bw="32" slack="2147483647"/>
</pin_list>
<bind>
<opcode="store(28) " fcode="store"/>
<opset="store_ln56/3 "/>
</bind>
</comp>

<comp id="503" class="1004" name="p_ZZ5conv1PA255_A255_fPA1_A9_A9_fPfS1_E6w_tile_5_7_0_addr_gep_fu_503">
<pin_list>
<pin id="504" dir="0" index="0" bw="32" slack="0"/>
<pin id="505" dir="0" index="1" bw="1" slack="0"/>
<pin id="506" dir="0" index="2" bw="4" slack="0"/>
<pin id="507" dir="1" index="3" bw="3" slack="0"/>
</pin_list>
<bind>
<opcode="getelementptr(29) " fcode="getelementptr"/>
<opset="p_ZZ5conv1PA255_A255_fPA1_A9_A9_fPfS1_E6w_tile_5_7_0_addr/3 "/>
</bind>
</comp>

<comp id="510" class="1004" name="store_ln56_access_fu_510">
<pin_list>
<pin id="511" dir="0" index="0" bw="3" slack="0"/>
<pin id="512" dir="0" index="1" bw="32" slack="1"/>
<pin id="513" dir="0" index="2" bw="0" slack="2147483647"/>
<pin id="514" dir="1" index="3" bw="32" slack="2147483647"/>
</pin_list>
<bind>
<opcode="store(28) " fcode="store"/>
<opset="store_ln56/3 "/>
</bind>
</comp>

<comp id="516" class="1004" name="p_ZZ5conv1PA255_A255_fPA1_A9_A9_fPfS1_E6w_tile_5_6_0_addr_gep_fu_516">
<pin_list>
<pin id="517" dir="0" index="0" bw="32" slack="0"/>
<pin id="518" dir="0" index="1" bw="1" slack="0"/>
<pin id="519" dir="0" index="2" bw="4" slack="0"/>
<pin id="520" dir="1" index="3" bw="3" slack="0"/>
</pin_list>
<bind>
<opcode="getelementptr(29) " fcode="getelementptr"/>
<opset="p_ZZ5conv1PA255_A255_fPA1_A9_A9_fPfS1_E6w_tile_5_6_0_addr/3 "/>
</bind>
</comp>

<comp id="523" class="1004" name="store_ln56_access_fu_523">
<pin_list>
<pin id="524" dir="0" index="0" bw="3" slack="0"/>
<pin id="525" dir="0" index="1" bw="32" slack="1"/>
<pin id="526" dir="0" index="2" bw="0" slack="2147483647"/>
<pin id="527" dir="1" index="3" bw="32" slack="2147483647"/>
</pin_list>
<bind>
<opcode="store(28) " fcode="store"/>
<opset="store_ln56/3 "/>
</bind>
</comp>

<comp id="529" class="1004" name="p_ZZ5conv1PA255_A255_fPA1_A9_A9_fPfS1_E6w_tile_5_5_0_addr_gep_fu_529">
<pin_list>
<pin id="530" dir="0" index="0" bw="32" slack="0"/>
<pin id="531" dir="0" index="1" bw="1" slack="0"/>
<pin id="532" dir="0" index="2" bw="4" slack="0"/>
<pin id="533" dir="1" index="3" bw="3" slack="0"/>
</pin_list>
<bind>
<opcode="getelementptr(29) " fcode="getelementptr"/>
<opset="p_ZZ5conv1PA255_A255_fPA1_A9_A9_fPfS1_E6w_tile_5_5_0_addr/3 "/>
</bind>
</comp>

<comp id="536" class="1004" name="store_ln56_access_fu_536">
<pin_list>
<pin id="537" dir="0" index="0" bw="3" slack="0"/>
<pin id="538" dir="0" index="1" bw="32" slack="1"/>
<pin id="539" dir="0" index="2" bw="0" slack="2147483647"/>
<pin id="540" dir="1" index="3" bw="32" slack="2147483647"/>
</pin_list>
<bind>
<opcode="store(28) " fcode="store"/>
<opset="store_ln56/3 "/>
</bind>
</comp>

<comp id="542" class="1004" name="p_ZZ5conv1PA255_A255_fPA1_A9_A9_fPfS1_E6w_tile_5_4_0_addr_gep_fu_542">
<pin_list>
<pin id="543" dir="0" index="0" bw="32" slack="0"/>
<pin id="544" dir="0" index="1" bw="1" slack="0"/>
<pin id="545" dir="0" index="2" bw="4" slack="0"/>
<pin id="546" dir="1" index="3" bw="3" slack="0"/>
</pin_list>
<bind>
<opcode="getelementptr(29) " fcode="getelementptr"/>
<opset="p_ZZ5conv1PA255_A255_fPA1_A9_A9_fPfS1_E6w_tile_5_4_0_addr/3 "/>
</bind>
</comp>

<comp id="549" class="1004" name="store_ln56_access_fu_549">
<pin_list>
<pin id="550" dir="0" index="0" bw="3" slack="0"/>
<pin id="551" dir="0" index="1" bw="32" slack="1"/>
<pin id="552" dir="0" index="2" bw="0" slack="2147483647"/>
<pin id="553" dir="1" index="3" bw="32" slack="2147483647"/>
</pin_list>
<bind>
<opcode="store(28) " fcode="store"/>
<opset="store_ln56/3 "/>
</bind>
</comp>

<comp id="555" class="1004" name="p_ZZ5conv1PA255_A255_fPA1_A9_A9_fPfS1_E6w_tile_5_3_0_addr_gep_fu_555">
<pin_list>
<pin id="556" dir="0" index="0" bw="32" slack="0"/>
<pin id="557" dir="0" index="1" bw="1" slack="0"/>
<pin id="558" dir="0" index="2" bw="4" slack="0"/>
<pin id="559" dir="1" index="3" bw="3" slack="0"/>
</pin_list>
<bind>
<opcode="getelementptr(29) " fcode="getelementptr"/>
<opset="p_ZZ5conv1PA255_A255_fPA1_A9_A9_fPfS1_E6w_tile_5_3_0_addr/3 "/>
</bind>
</comp>

<comp id="562" class="1004" name="store_ln56_access_fu_562">
<pin_list>
<pin id="563" dir="0" index="0" bw="3" slack="0"/>
<pin id="564" dir="0" index="1" bw="32" slack="1"/>
<pin id="565" dir="0" index="2" bw="0" slack="2147483647"/>
<pin id="566" dir="1" index="3" bw="32" slack="2147483647"/>
</pin_list>
<bind>
<opcode="store(28) " fcode="store"/>
<opset="store_ln56/3 "/>
</bind>
</comp>

<comp id="568" class="1004" name="p_ZZ5conv1PA255_A255_fPA1_A9_A9_fPfS1_E6w_tile_5_2_0_addr_gep_fu_568">
<pin_list>
<pin id="569" dir="0" index="0" bw="32" slack="0"/>
<pin id="570" dir="0" index="1" bw="1" slack="0"/>
<pin id="571" dir="0" index="2" bw="4" slack="0"/>
<pin id="572" dir="1" index="3" bw="3" slack="0"/>
</pin_list>
<bind>
<opcode="getelementptr(29) " fcode="getelementptr"/>
<opset="p_ZZ5conv1PA255_A255_fPA1_A9_A9_fPfS1_E6w_tile_5_2_0_addr/3 "/>
</bind>
</comp>

<comp id="575" class="1004" name="store_ln56_access_fu_575">
<pin_list>
<pin id="576" dir="0" index="0" bw="3" slack="0"/>
<pin id="577" dir="0" index="1" bw="32" slack="1"/>
<pin id="578" dir="0" index="2" bw="0" slack="2147483647"/>
<pin id="579" dir="1" index="3" bw="32" slack="2147483647"/>
</pin_list>
<bind>
<opcode="store(28) " fcode="store"/>
<opset="store_ln56/3 "/>
</bind>
</comp>

<comp id="581" class="1004" name="p_ZZ5conv1PA255_A255_fPA1_A9_A9_fPfS1_E6w_tile_5_1_0_addr_gep_fu_581">
<pin_list>
<pin id="582" dir="0" index="0" bw="32" slack="0"/>
<pin id="583" dir="0" index="1" bw="1" slack="0"/>
<pin id="584" dir="0" index="2" bw="4" slack="0"/>
<pin id="585" dir="1" index="3" bw="3" slack="0"/>
</pin_list>
<bind>
<opcode="getelementptr(29) " fcode="getelementptr"/>
<opset="p_ZZ5conv1PA255_A255_fPA1_A9_A9_fPfS1_E6w_tile_5_1_0_addr/3 "/>
</bind>
</comp>

<comp id="588" class="1004" name="store_ln56_access_fu_588">
<pin_list>
<pin id="589" dir="0" index="0" bw="3" slack="0"/>
<pin id="590" dir="0" index="1" bw="32" slack="1"/>
<pin id="591" dir="0" index="2" bw="0" slack="2147483647"/>
<pin id="592" dir="1" index="3" bw="32" slack="2147483647"/>
</pin_list>
<bind>
<opcode="store(28) " fcode="store"/>
<opset="store_ln56/3 "/>
</bind>
</comp>

<comp id="594" class="1004" name="p_ZZ5conv1PA255_A255_fPA1_A9_A9_fPfS1_E6w_tile_5_0_0_addr_gep_fu_594">
<pin_list>
<pin id="595" dir="0" index="0" bw="32" slack="0"/>
<pin id="596" dir="0" index="1" bw="1" slack="0"/>
<pin id="597" dir="0" index="2" bw="4" slack="0"/>
<pin id="598" dir="1" index="3" bw="3" slack="0"/>
</pin_list>
<bind>
<opcode="getelementptr(29) " fcode="getelementptr"/>
<opset="p_ZZ5conv1PA255_A255_fPA1_A9_A9_fPfS1_E6w_tile_5_0_0_addr/3 "/>
</bind>
</comp>

<comp id="601" class="1004" name="store_ln56_access_fu_601">
<pin_list>
<pin id="602" dir="0" index="0" bw="3" slack="0"/>
<pin id="603" dir="0" index="1" bw="32" slack="1"/>
<pin id="604" dir="0" index="2" bw="0" slack="2147483647"/>
<pin id="605" dir="1" index="3" bw="32" slack="2147483647"/>
</pin_list>
<bind>
<opcode="store(28) " fcode="store"/>
<opset="store_ln56/3 "/>
</bind>
</comp>

<comp id="607" class="1004" name="p_ZZ5conv1PA255_A255_fPA1_A9_A9_fPfS1_E6w_tile_5_8_0_addr_gep_fu_607">
<pin_list>
<pin id="608" dir="0" index="0" bw="32" slack="0"/>
<pin id="609" dir="0" index="1" bw="1" slack="0"/>
<pin id="610" dir="0" index="2" bw="4" slack="0"/>
<pin id="611" dir="1" index="3" bw="3" slack="0"/>
</pin_list>
<bind>
<opcode="getelementptr(29) " fcode="getelementptr"/>
<opset="p_ZZ5conv1PA255_A255_fPA1_A9_A9_fPfS1_E6w_tile_5_8_0_addr/3 "/>
</bind>
</comp>

<comp id="614" class="1004" name="store_ln56_access_fu_614">
<pin_list>
<pin id="615" dir="0" index="0" bw="3" slack="0"/>
<pin id="616" dir="0" index="1" bw="32" slack="1"/>
<pin id="617" dir="0" index="2" bw="0" slack="2147483647"/>
<pin id="618" dir="1" index="3" bw="32" slack="2147483647"/>
</pin_list>
<bind>
<opcode="store(28) " fcode="store"/>
<opset="store_ln56/3 "/>
</bind>
</comp>

<comp id="620" class="1004" name="p_ZZ5conv1PA255_A255_fPA1_A9_A9_fPfS1_E6w_tile_4_7_0_addr_gep_fu_620">
<pin_list>
<pin id="621" dir="0" index="0" bw="32" slack="0"/>
<pin id="622" dir="0" index="1" bw="1" slack="0"/>
<pin id="623" dir="0" index="2" bw="4" slack="0"/>
<pin id="624" dir="1" index="3" bw="3" slack="0"/>
</pin_list>
<bind>
<opcode="getelementptr(29) " fcode="getelementptr"/>
<opset="p_ZZ5conv1PA255_A255_fPA1_A9_A9_fPfS1_E6w_tile_4_7_0_addr/3 "/>
</bind>
</comp>

<comp id="627" class="1004" name="store_ln56_access_fu_627">
<pin_list>
<pin id="628" dir="0" index="0" bw="3" slack="0"/>
<pin id="629" dir="0" index="1" bw="32" slack="1"/>
<pin id="630" dir="0" index="2" bw="0" slack="2147483647"/>
<pin id="631" dir="1" index="3" bw="32" slack="2147483647"/>
</pin_list>
<bind>
<opcode="store(28) " fcode="store"/>
<opset="store_ln56/3 "/>
</bind>
</comp>

<comp id="633" class="1004" name="p_ZZ5conv1PA255_A255_fPA1_A9_A9_fPfS1_E6w_tile_4_6_0_addr_gep_fu_633">
<pin_list>
<pin id="634" dir="0" index="0" bw="32" slack="0"/>
<pin id="635" dir="0" index="1" bw="1" slack="0"/>
<pin id="636" dir="0" index="2" bw="4" slack="0"/>
<pin id="637" dir="1" index="3" bw="3" slack="0"/>
</pin_list>
<bind>
<opcode="getelementptr(29) " fcode="getelementptr"/>
<opset="p_ZZ5conv1PA255_A255_fPA1_A9_A9_fPfS1_E6w_tile_4_6_0_addr/3 "/>
</bind>
</comp>

<comp id="640" class="1004" name="store_ln56_access_fu_640">
<pin_list>
<pin id="641" dir="0" index="0" bw="3" slack="0"/>
<pin id="642" dir="0" index="1" bw="32" slack="1"/>
<pin id="643" dir="0" index="2" bw="0" slack="2147483647"/>
<pin id="644" dir="1" index="3" bw="32" slack="2147483647"/>
</pin_list>
<bind>
<opcode="store(28) " fcode="store"/>
<opset="store_ln56/3 "/>
</bind>
</comp>

<comp id="646" class="1004" name="p_ZZ5conv1PA255_A255_fPA1_A9_A9_fPfS1_E6w_tile_4_5_0_addr_gep_fu_646">
<pin_list>
<pin id="647" dir="0" index="0" bw="32" slack="0"/>
<pin id="648" dir="0" index="1" bw="1" slack="0"/>
<pin id="649" dir="0" index="2" bw="4" slack="0"/>
<pin id="650" dir="1" index="3" bw="3" slack="0"/>
</pin_list>
<bind>
<opcode="getelementptr(29) " fcode="getelementptr"/>
<opset="p_ZZ5conv1PA255_A255_fPA1_A9_A9_fPfS1_E6w_tile_4_5_0_addr/3 "/>
</bind>
</comp>

<comp id="653" class="1004" name="store_ln56_access_fu_653">
<pin_list>
<pin id="654" dir="0" index="0" bw="3" slack="0"/>
<pin id="655" dir="0" index="1" bw="32" slack="1"/>
<pin id="656" dir="0" index="2" bw="0" slack="2147483647"/>
<pin id="657" dir="1" index="3" bw="32" slack="2147483647"/>
</pin_list>
<bind>
<opcode="store(28) " fcode="store"/>
<opset="store_ln56/3 "/>
</bind>
</comp>

<comp id="659" class="1004" name="p_ZZ5conv1PA255_A255_fPA1_A9_A9_fPfS1_E6w_tile_4_4_0_addr_gep_fu_659">
<pin_list>
<pin id="660" dir="0" index="0" bw="32" slack="0"/>
<pin id="661" dir="0" index="1" bw="1" slack="0"/>
<pin id="662" dir="0" index="2" bw="4" slack="0"/>
<pin id="663" dir="1" index="3" bw="3" slack="0"/>
</pin_list>
<bind>
<opcode="getelementptr(29) " fcode="getelementptr"/>
<opset="p_ZZ5conv1PA255_A255_fPA1_A9_A9_fPfS1_E6w_tile_4_4_0_addr/3 "/>
</bind>
</comp>

<comp id="666" class="1004" name="store_ln56_access_fu_666">
<pin_list>
<pin id="667" dir="0" index="0" bw="3" slack="0"/>
<pin id="668" dir="0" index="1" bw="32" slack="1"/>
<pin id="669" dir="0" index="2" bw="0" slack="2147483647"/>
<pin id="670" dir="1" index="3" bw="32" slack="2147483647"/>
</pin_list>
<bind>
<opcode="store(28) " fcode="store"/>
<opset="store_ln56/3 "/>
</bind>
</comp>

<comp id="672" class="1004" name="p_ZZ5conv1PA255_A255_fPA1_A9_A9_fPfS1_E6w_tile_4_3_0_addr_gep_fu_672">
<pin_list>
<pin id="673" dir="0" index="0" bw="32" slack="0"/>
<pin id="674" dir="0" index="1" bw="1" slack="0"/>
<pin id="675" dir="0" index="2" bw="4" slack="0"/>
<pin id="676" dir="1" index="3" bw="3" slack="0"/>
</pin_list>
<bind>
<opcode="getelementptr(29) " fcode="getelementptr"/>
<opset="p_ZZ5conv1PA255_A255_fPA1_A9_A9_fPfS1_E6w_tile_4_3_0_addr/3 "/>
</bind>
</comp>

<comp id="679" class="1004" name="store_ln56_access_fu_679">
<pin_list>
<pin id="680" dir="0" index="0" bw="3" slack="0"/>
<pin id="681" dir="0" index="1" bw="32" slack="1"/>
<pin id="682" dir="0" index="2" bw="0" slack="2147483647"/>
<pin id="683" dir="1" index="3" bw="32" slack="2147483647"/>
</pin_list>
<bind>
<opcode="store(28) " fcode="store"/>
<opset="store_ln56/3 "/>
</bind>
</comp>

<comp id="685" class="1004" name="p_ZZ5conv1PA255_A255_fPA1_A9_A9_fPfS1_E6w_tile_4_2_0_addr_gep_fu_685">
<pin_list>
<pin id="686" dir="0" index="0" bw="32" slack="0"/>
<pin id="687" dir="0" index="1" bw="1" slack="0"/>
<pin id="688" dir="0" index="2" bw="4" slack="0"/>
<pin id="689" dir="1" index="3" bw="3" slack="0"/>
</pin_list>
<bind>
<opcode="getelementptr(29) " fcode="getelementptr"/>
<opset="p_ZZ5conv1PA255_A255_fPA1_A9_A9_fPfS1_E6w_tile_4_2_0_addr/3 "/>
</bind>
</comp>

<comp id="692" class="1004" name="store_ln56_access_fu_692">
<pin_list>
<pin id="693" dir="0" index="0" bw="3" slack="0"/>
<pin id="694" dir="0" index="1" bw="32" slack="1"/>
<pin id="695" dir="0" index="2" bw="0" slack="2147483647"/>
<pin id="696" dir="1" index="3" bw="32" slack="2147483647"/>
</pin_list>
<bind>
<opcode="store(28) " fcode="store"/>
<opset="store_ln56/3 "/>
</bind>
</comp>

<comp id="698" class="1004" name="p_ZZ5conv1PA255_A255_fPA1_A9_A9_fPfS1_E6w_tile_4_1_0_addr_gep_fu_698">
<pin_list>
<pin id="699" dir="0" index="0" bw="32" slack="0"/>
<pin id="700" dir="0" index="1" bw="1" slack="0"/>
<pin id="701" dir="0" index="2" bw="4" slack="0"/>
<pin id="702" dir="1" index="3" bw="3" slack="0"/>
</pin_list>
<bind>
<opcode="getelementptr(29) " fcode="getelementptr"/>
<opset="p_ZZ5conv1PA255_A255_fPA1_A9_A9_fPfS1_E6w_tile_4_1_0_addr/3 "/>
</bind>
</comp>

<comp id="705" class="1004" name="store_ln56_access_fu_705">
<pin_list>
<pin id="706" dir="0" index="0" bw="3" slack="0"/>
<pin id="707" dir="0" index="1" bw="32" slack="1"/>
<pin id="708" dir="0" index="2" bw="0" slack="2147483647"/>
<pin id="709" dir="1" index="3" bw="32" slack="2147483647"/>
</pin_list>
<bind>
<opcode="store(28) " fcode="store"/>
<opset="store_ln56/3 "/>
</bind>
</comp>

<comp id="711" class="1004" name="p_ZZ5conv1PA255_A255_fPA1_A9_A9_fPfS1_E6w_tile_4_0_0_addr_gep_fu_711">
<pin_list>
<pin id="712" dir="0" index="0" bw="32" slack="0"/>
<pin id="713" dir="0" index="1" bw="1" slack="0"/>
<pin id="714" dir="0" index="2" bw="4" slack="0"/>
<pin id="715" dir="1" index="3" bw="3" slack="0"/>
</pin_list>
<bind>
<opcode="getelementptr(29) " fcode="getelementptr"/>
<opset="p_ZZ5conv1PA255_A255_fPA1_A9_A9_fPfS1_E6w_tile_4_0_0_addr/3 "/>
</bind>
</comp>

<comp id="718" class="1004" name="store_ln56_access_fu_718">
<pin_list>
<pin id="719" dir="0" index="0" bw="3" slack="0"/>
<pin id="720" dir="0" index="1" bw="32" slack="1"/>
<pin id="721" dir="0" index="2" bw="0" slack="2147483647"/>
<pin id="722" dir="1" index="3" bw="32" slack="2147483647"/>
</pin_list>
<bind>
<opcode="store(28) " fcode="store"/>
<opset="store_ln56/3 "/>
</bind>
</comp>

<comp id="724" class="1004" name="p_ZZ5conv1PA255_A255_fPA1_A9_A9_fPfS1_E6w_tile_4_8_0_addr_gep_fu_724">
<pin_list>
<pin id="725" dir="0" index="0" bw="32" slack="0"/>
<pin id="726" dir="0" index="1" bw="1" slack="0"/>
<pin id="727" dir="0" index="2" bw="4" slack="0"/>
<pin id="728" dir="1" index="3" bw="3" slack="0"/>
</pin_list>
<bind>
<opcode="getelementptr(29) " fcode="getelementptr"/>
<opset="p_ZZ5conv1PA255_A255_fPA1_A9_A9_fPfS1_E6w_tile_4_8_0_addr/3 "/>
</bind>
</comp>

<comp id="731" class="1004" name="store_ln56_access_fu_731">
<pin_list>
<pin id="732" dir="0" index="0" bw="3" slack="0"/>
<pin id="733" dir="0" index="1" bw="32" slack="1"/>
<pin id="734" dir="0" index="2" bw="0" slack="2147483647"/>
<pin id="735" dir="1" index="3" bw="32" slack="2147483647"/>
</pin_list>
<bind>
<opcode="store(28) " fcode="store"/>
<opset="store_ln56/3 "/>
</bind>
</comp>

<comp id="737" class="1004" name="p_ZZ5conv1PA255_A255_fPA1_A9_A9_fPfS1_E6w_tile_3_7_0_addr_gep_fu_737">
<pin_list>
<pin id="738" dir="0" index="0" bw="32" slack="0"/>
<pin id="739" dir="0" index="1" bw="1" slack="0"/>
<pin id="740" dir="0" index="2" bw="4" slack="0"/>
<pin id="741" dir="1" index="3" bw="3" slack="0"/>
</pin_list>
<bind>
<opcode="getelementptr(29) " fcode="getelementptr"/>
<opset="p_ZZ5conv1PA255_A255_fPA1_A9_A9_fPfS1_E6w_tile_3_7_0_addr/3 "/>
</bind>
</comp>

<comp id="744" class="1004" name="store_ln56_access_fu_744">
<pin_list>
<pin id="745" dir="0" index="0" bw="3" slack="0"/>
<pin id="746" dir="0" index="1" bw="32" slack="1"/>
<pin id="747" dir="0" index="2" bw="0" slack="2147483647"/>
<pin id="748" dir="1" index="3" bw="32" slack="2147483647"/>
</pin_list>
<bind>
<opcode="store(28) " fcode="store"/>
<opset="store_ln56/3 "/>
</bind>
</comp>

<comp id="750" class="1004" name="p_ZZ5conv1PA255_A255_fPA1_A9_A9_fPfS1_E6w_tile_3_6_0_addr_gep_fu_750">
<pin_list>
<pin id="751" dir="0" index="0" bw="32" slack="0"/>
<pin id="752" dir="0" index="1" bw="1" slack="0"/>
<pin id="753" dir="0" index="2" bw="4" slack="0"/>
<pin id="754" dir="1" index="3" bw="3" slack="0"/>
</pin_list>
<bind>
<opcode="getelementptr(29) " fcode="getelementptr"/>
<opset="p_ZZ5conv1PA255_A255_fPA1_A9_A9_fPfS1_E6w_tile_3_6_0_addr/3 "/>
</bind>
</comp>

<comp id="757" class="1004" name="store_ln56_access_fu_757">
<pin_list>
<pin id="758" dir="0" index="0" bw="3" slack="0"/>
<pin id="759" dir="0" index="1" bw="32" slack="1"/>
<pin id="760" dir="0" index="2" bw="0" slack="2147483647"/>
<pin id="761" dir="1" index="3" bw="32" slack="2147483647"/>
</pin_list>
<bind>
<opcode="store(28) " fcode="store"/>
<opset="store_ln56/3 "/>
</bind>
</comp>

<comp id="763" class="1004" name="p_ZZ5conv1PA255_A255_fPA1_A9_A9_fPfS1_E6w_tile_3_5_0_addr_gep_fu_763">
<pin_list>
<pin id="764" dir="0" index="0" bw="32" slack="0"/>
<pin id="765" dir="0" index="1" bw="1" slack="0"/>
<pin id="766" dir="0" index="2" bw="4" slack="0"/>
<pin id="767" dir="1" index="3" bw="3" slack="0"/>
</pin_list>
<bind>
<opcode="getelementptr(29) " fcode="getelementptr"/>
<opset="p_ZZ5conv1PA255_A255_fPA1_A9_A9_fPfS1_E6w_tile_3_5_0_addr/3 "/>
</bind>
</comp>

<comp id="770" class="1004" name="store_ln56_access_fu_770">
<pin_list>
<pin id="771" dir="0" index="0" bw="3" slack="0"/>
<pin id="772" dir="0" index="1" bw="32" slack="1"/>
<pin id="773" dir="0" index="2" bw="0" slack="2147483647"/>
<pin id="774" dir="1" index="3" bw="32" slack="2147483647"/>
</pin_list>
<bind>
<opcode="store(28) " fcode="store"/>
<opset="store_ln56/3 "/>
</bind>
</comp>

<comp id="776" class="1004" name="p_ZZ5conv1PA255_A255_fPA1_A9_A9_fPfS1_E6w_tile_3_4_0_addr_gep_fu_776">
<pin_list>
<pin id="777" dir="0" index="0" bw="32" slack="0"/>
<pin id="778" dir="0" index="1" bw="1" slack="0"/>
<pin id="779" dir="0" index="2" bw="4" slack="0"/>
<pin id="780" dir="1" index="3" bw="3" slack="0"/>
</pin_list>
<bind>
<opcode="getelementptr(29) " fcode="getelementptr"/>
<opset="p_ZZ5conv1PA255_A255_fPA1_A9_A9_fPfS1_E6w_tile_3_4_0_addr/3 "/>
</bind>
</comp>

<comp id="783" class="1004" name="store_ln56_access_fu_783">
<pin_list>
<pin id="784" dir="0" index="0" bw="3" slack="0"/>
<pin id="785" dir="0" index="1" bw="32" slack="1"/>
<pin id="786" dir="0" index="2" bw="0" slack="2147483647"/>
<pin id="787" dir="1" index="3" bw="32" slack="2147483647"/>
</pin_list>
<bind>
<opcode="store(28) " fcode="store"/>
<opset="store_ln56/3 "/>
</bind>
</comp>

<comp id="789" class="1004" name="p_ZZ5conv1PA255_A255_fPA1_A9_A9_fPfS1_E6w_tile_3_3_0_addr_gep_fu_789">
<pin_list>
<pin id="790" dir="0" index="0" bw="32" slack="0"/>
<pin id="791" dir="0" index="1" bw="1" slack="0"/>
<pin id="792" dir="0" index="2" bw="4" slack="0"/>
<pin id="793" dir="1" index="3" bw="3" slack="0"/>
</pin_list>
<bind>
<opcode="getelementptr(29) " fcode="getelementptr"/>
<opset="p_ZZ5conv1PA255_A255_fPA1_A9_A9_fPfS1_E6w_tile_3_3_0_addr/3 "/>
</bind>
</comp>

<comp id="796" class="1004" name="store_ln56_access_fu_796">
<pin_list>
<pin id="797" dir="0" index="0" bw="3" slack="0"/>
<pin id="798" dir="0" index="1" bw="32" slack="1"/>
<pin id="799" dir="0" index="2" bw="0" slack="2147483647"/>
<pin id="800" dir="1" index="3" bw="32" slack="2147483647"/>
</pin_list>
<bind>
<opcode="store(28) " fcode="store"/>
<opset="store_ln56/3 "/>
</bind>
</comp>

<comp id="802" class="1004" name="p_ZZ5conv1PA255_A255_fPA1_A9_A9_fPfS1_E6w_tile_3_2_0_addr_gep_fu_802">
<pin_list>
<pin id="803" dir="0" index="0" bw="32" slack="0"/>
<pin id="804" dir="0" index="1" bw="1" slack="0"/>
<pin id="805" dir="0" index="2" bw="4" slack="0"/>
<pin id="806" dir="1" index="3" bw="3" slack="0"/>
</pin_list>
<bind>
<opcode="getelementptr(29) " fcode="getelementptr"/>
<opset="p_ZZ5conv1PA255_A255_fPA1_A9_A9_fPfS1_E6w_tile_3_2_0_addr/3 "/>
</bind>
</comp>

<comp id="809" class="1004" name="store_ln56_access_fu_809">
<pin_list>
<pin id="810" dir="0" index="0" bw="3" slack="0"/>
<pin id="811" dir="0" index="1" bw="32" slack="1"/>
<pin id="812" dir="0" index="2" bw="0" slack="2147483647"/>
<pin id="813" dir="1" index="3" bw="32" slack="2147483647"/>
</pin_list>
<bind>
<opcode="store(28) " fcode="store"/>
<opset="store_ln56/3 "/>
</bind>
</comp>

<comp id="815" class="1004" name="p_ZZ5conv1PA255_A255_fPA1_A9_A9_fPfS1_E6w_tile_3_1_0_addr_gep_fu_815">
<pin_list>
<pin id="816" dir="0" index="0" bw="32" slack="0"/>
<pin id="817" dir="0" index="1" bw="1" slack="0"/>
<pin id="818" dir="0" index="2" bw="4" slack="0"/>
<pin id="819" dir="1" index="3" bw="3" slack="0"/>
</pin_list>
<bind>
<opcode="getelementptr(29) " fcode="getelementptr"/>
<opset="p_ZZ5conv1PA255_A255_fPA1_A9_A9_fPfS1_E6w_tile_3_1_0_addr/3 "/>
</bind>
</comp>

<comp id="822" class="1004" name="store_ln56_access_fu_822">
<pin_list>
<pin id="823" dir="0" index="0" bw="3" slack="0"/>
<pin id="824" dir="0" index="1" bw="32" slack="1"/>
<pin id="825" dir="0" index="2" bw="0" slack="2147483647"/>
<pin id="826" dir="1" index="3" bw="32" slack="2147483647"/>
</pin_list>
<bind>
<opcode="store(28) " fcode="store"/>
<opset="store_ln56/3 "/>
</bind>
</comp>

<comp id="828" class="1004" name="p_ZZ5conv1PA255_A255_fPA1_A9_A9_fPfS1_E6w_tile_3_0_0_addr_gep_fu_828">
<pin_list>
<pin id="829" dir="0" index="0" bw="32" slack="0"/>
<pin id="830" dir="0" index="1" bw="1" slack="0"/>
<pin id="831" dir="0" index="2" bw="4" slack="0"/>
<pin id="832" dir="1" index="3" bw="3" slack="0"/>
</pin_list>
<bind>
<opcode="getelementptr(29) " fcode="getelementptr"/>
<opset="p_ZZ5conv1PA255_A255_fPA1_A9_A9_fPfS1_E6w_tile_3_0_0_addr/3 "/>
</bind>
</comp>

<comp id="835" class="1004" name="store_ln56_access_fu_835">
<pin_list>
<pin id="836" dir="0" index="0" bw="3" slack="0"/>
<pin id="837" dir="0" index="1" bw="32" slack="1"/>
<pin id="838" dir="0" index="2" bw="0" slack="2147483647"/>
<pin id="839" dir="1" index="3" bw="32" slack="2147483647"/>
</pin_list>
<bind>
<opcode="store(28) " fcode="store"/>
<opset="store_ln56/3 "/>
</bind>
</comp>

<comp id="841" class="1004" name="p_ZZ5conv1PA255_A255_fPA1_A9_A9_fPfS1_E6w_tile_3_8_0_addr_gep_fu_841">
<pin_list>
<pin id="842" dir="0" index="0" bw="32" slack="0"/>
<pin id="843" dir="0" index="1" bw="1" slack="0"/>
<pin id="844" dir="0" index="2" bw="4" slack="0"/>
<pin id="845" dir="1" index="3" bw="3" slack="0"/>
</pin_list>
<bind>
<opcode="getelementptr(29) " fcode="getelementptr"/>
<opset="p_ZZ5conv1PA255_A255_fPA1_A9_A9_fPfS1_E6w_tile_3_8_0_addr/3 "/>
</bind>
</comp>

<comp id="848" class="1004" name="store_ln56_access_fu_848">
<pin_list>
<pin id="849" dir="0" index="0" bw="3" slack="0"/>
<pin id="850" dir="0" index="1" bw="32" slack="1"/>
<pin id="851" dir="0" index="2" bw="0" slack="2147483647"/>
<pin id="852" dir="1" index="3" bw="32" slack="2147483647"/>
</pin_list>
<bind>
<opcode="store(28) " fcode="store"/>
<opset="store_ln56/3 "/>
</bind>
</comp>

<comp id="854" class="1004" name="p_ZZ5conv1PA255_A255_fPA1_A9_A9_fPfS1_E6w_tile_2_7_0_addr_gep_fu_854">
<pin_list>
<pin id="855" dir="0" index="0" bw="32" slack="0"/>
<pin id="856" dir="0" index="1" bw="1" slack="0"/>
<pin id="857" dir="0" index="2" bw="4" slack="0"/>
<pin id="858" dir="1" index="3" bw="3" slack="0"/>
</pin_list>
<bind>
<opcode="getelementptr(29) " fcode="getelementptr"/>
<opset="p_ZZ5conv1PA255_A255_fPA1_A9_A9_fPfS1_E6w_tile_2_7_0_addr/3 "/>
</bind>
</comp>

<comp id="861" class="1004" name="store_ln56_access_fu_861">
<pin_list>
<pin id="862" dir="0" index="0" bw="3" slack="0"/>
<pin id="863" dir="0" index="1" bw="32" slack="1"/>
<pin id="864" dir="0" index="2" bw="0" slack="2147483647"/>
<pin id="865" dir="1" index="3" bw="32" slack="2147483647"/>
</pin_list>
<bind>
<opcode="store(28) " fcode="store"/>
<opset="store_ln56/3 "/>
</bind>
</comp>

<comp id="867" class="1004" name="p_ZZ5conv1PA255_A255_fPA1_A9_A9_fPfS1_E6w_tile_2_6_0_addr_gep_fu_867">
<pin_list>
<pin id="868" dir="0" index="0" bw="32" slack="0"/>
<pin id="869" dir="0" index="1" bw="1" slack="0"/>
<pin id="870" dir="0" index="2" bw="4" slack="0"/>
<pin id="871" dir="1" index="3" bw="3" slack="0"/>
</pin_list>
<bind>
<opcode="getelementptr(29) " fcode="getelementptr"/>
<opset="p_ZZ5conv1PA255_A255_fPA1_A9_A9_fPfS1_E6w_tile_2_6_0_addr/3 "/>
</bind>
</comp>

<comp id="874" class="1004" name="store_ln56_access_fu_874">
<pin_list>
<pin id="875" dir="0" index="0" bw="3" slack="0"/>
<pin id="876" dir="0" index="1" bw="32" slack="1"/>
<pin id="877" dir="0" index="2" bw="0" slack="2147483647"/>
<pin id="878" dir="1" index="3" bw="32" slack="2147483647"/>
</pin_list>
<bind>
<opcode="store(28) " fcode="store"/>
<opset="store_ln56/3 "/>
</bind>
</comp>

<comp id="880" class="1004" name="p_ZZ5conv1PA255_A255_fPA1_A9_A9_fPfS1_E6w_tile_2_5_0_addr_gep_fu_880">
<pin_list>
<pin id="881" dir="0" index="0" bw="32" slack="0"/>
<pin id="882" dir="0" index="1" bw="1" slack="0"/>
<pin id="883" dir="0" index="2" bw="4" slack="0"/>
<pin id="884" dir="1" index="3" bw="3" slack="0"/>
</pin_list>
<bind>
<opcode="getelementptr(29) " fcode="getelementptr"/>
<opset="p_ZZ5conv1PA255_A255_fPA1_A9_A9_fPfS1_E6w_tile_2_5_0_addr/3 "/>
</bind>
</comp>

<comp id="887" class="1004" name="store_ln56_access_fu_887">
<pin_list>
<pin id="888" dir="0" index="0" bw="3" slack="0"/>
<pin id="889" dir="0" index="1" bw="32" slack="1"/>
<pin id="890" dir="0" index="2" bw="0" slack="2147483647"/>
<pin id="891" dir="1" index="3" bw="32" slack="2147483647"/>
</pin_list>
<bind>
<opcode="store(28) " fcode="store"/>
<opset="store_ln56/3 "/>
</bind>
</comp>

<comp id="893" class="1004" name="p_ZZ5conv1PA255_A255_fPA1_A9_A9_fPfS1_E6w_tile_2_4_0_addr_gep_fu_893">
<pin_list>
<pin id="894" dir="0" index="0" bw="32" slack="0"/>
<pin id="895" dir="0" index="1" bw="1" slack="0"/>
<pin id="896" dir="0" index="2" bw="4" slack="0"/>
<pin id="897" dir="1" index="3" bw="3" slack="0"/>
</pin_list>
<bind>
<opcode="getelementptr(29) " fcode="getelementptr"/>
<opset="p_ZZ5conv1PA255_A255_fPA1_A9_A9_fPfS1_E6w_tile_2_4_0_addr/3 "/>
</bind>
</comp>

<comp id="900" class="1004" name="store_ln56_access_fu_900">
<pin_list>
<pin id="901" dir="0" index="0" bw="3" slack="0"/>
<pin id="902" dir="0" index="1" bw="32" slack="1"/>
<pin id="903" dir="0" index="2" bw="0" slack="2147483647"/>
<pin id="904" dir="1" index="3" bw="32" slack="2147483647"/>
</pin_list>
<bind>
<opcode="store(28) " fcode="store"/>
<opset="store_ln56/3 "/>
</bind>
</comp>

<comp id="906" class="1004" name="p_ZZ5conv1PA255_A255_fPA1_A9_A9_fPfS1_E6w_tile_2_3_0_addr_gep_fu_906">
<pin_list>
<pin id="907" dir="0" index="0" bw="32" slack="0"/>
<pin id="908" dir="0" index="1" bw="1" slack="0"/>
<pin id="909" dir="0" index="2" bw="4" slack="0"/>
<pin id="910" dir="1" index="3" bw="3" slack="0"/>
</pin_list>
<bind>
<opcode="getelementptr(29) " fcode="getelementptr"/>
<opset="p_ZZ5conv1PA255_A255_fPA1_A9_A9_fPfS1_E6w_tile_2_3_0_addr/3 "/>
</bind>
</comp>

<comp id="913" class="1004" name="store_ln56_access_fu_913">
<pin_list>
<pin id="914" dir="0" index="0" bw="3" slack="0"/>
<pin id="915" dir="0" index="1" bw="32" slack="1"/>
<pin id="916" dir="0" index="2" bw="0" slack="2147483647"/>
<pin id="917" dir="1" index="3" bw="32" slack="2147483647"/>
</pin_list>
<bind>
<opcode="store(28) " fcode="store"/>
<opset="store_ln56/3 "/>
</bind>
</comp>

<comp id="919" class="1004" name="p_ZZ5conv1PA255_A255_fPA1_A9_A9_fPfS1_E6w_tile_2_2_0_addr_gep_fu_919">
<pin_list>
<pin id="920" dir="0" index="0" bw="32" slack="0"/>
<pin id="921" dir="0" index="1" bw="1" slack="0"/>
<pin id="922" dir="0" index="2" bw="4" slack="0"/>
<pin id="923" dir="1" index="3" bw="3" slack="0"/>
</pin_list>
<bind>
<opcode="getelementptr(29) " fcode="getelementptr"/>
<opset="p_ZZ5conv1PA255_A255_fPA1_A9_A9_fPfS1_E6w_tile_2_2_0_addr/3 "/>
</bind>
</comp>

<comp id="926" class="1004" name="store_ln56_access_fu_926">
<pin_list>
<pin id="927" dir="0" index="0" bw="3" slack="0"/>
<pin id="928" dir="0" index="1" bw="32" slack="1"/>
<pin id="929" dir="0" index="2" bw="0" slack="2147483647"/>
<pin id="930" dir="1" index="3" bw="32" slack="2147483647"/>
</pin_list>
<bind>
<opcode="store(28) " fcode="store"/>
<opset="store_ln56/3 "/>
</bind>
</comp>

<comp id="932" class="1004" name="p_ZZ5conv1PA255_A255_fPA1_A9_A9_fPfS1_E6w_tile_2_1_0_addr_gep_fu_932">
<pin_list>
<pin id="933" dir="0" index="0" bw="32" slack="0"/>
<pin id="934" dir="0" index="1" bw="1" slack="0"/>
<pin id="935" dir="0" index="2" bw="4" slack="0"/>
<pin id="936" dir="1" index="3" bw="3" slack="0"/>
</pin_list>
<bind>
<opcode="getelementptr(29) " fcode="getelementptr"/>
<opset="p_ZZ5conv1PA255_A255_fPA1_A9_A9_fPfS1_E6w_tile_2_1_0_addr/3 "/>
</bind>
</comp>

<comp id="939" class="1004" name="store_ln56_access_fu_939">
<pin_list>
<pin id="940" dir="0" index="0" bw="3" slack="0"/>
<pin id="941" dir="0" index="1" bw="32" slack="1"/>
<pin id="942" dir="0" index="2" bw="0" slack="2147483647"/>
<pin id="943" dir="1" index="3" bw="32" slack="2147483647"/>
</pin_list>
<bind>
<opcode="store(28) " fcode="store"/>
<opset="store_ln56/3 "/>
</bind>
</comp>

<comp id="945" class="1004" name="p_ZZ5conv1PA255_A255_fPA1_A9_A9_fPfS1_E6w_tile_2_0_0_addr_gep_fu_945">
<pin_list>
<pin id="946" dir="0" index="0" bw="32" slack="0"/>
<pin id="947" dir="0" index="1" bw="1" slack="0"/>
<pin id="948" dir="0" index="2" bw="4" slack="0"/>
<pin id="949" dir="1" index="3" bw="3" slack="0"/>
</pin_list>
<bind>
<opcode="getelementptr(29) " fcode="getelementptr"/>
<opset="p_ZZ5conv1PA255_A255_fPA1_A9_A9_fPfS1_E6w_tile_2_0_0_addr/3 "/>
</bind>
</comp>

<comp id="952" class="1004" name="store_ln56_access_fu_952">
<pin_list>
<pin id="953" dir="0" index="0" bw="3" slack="0"/>
<pin id="954" dir="0" index="1" bw="32" slack="1"/>
<pin id="955" dir="0" index="2" bw="0" slack="2147483647"/>
<pin id="956" dir="1" index="3" bw="32" slack="2147483647"/>
</pin_list>
<bind>
<opcode="store(28) " fcode="store"/>
<opset="store_ln56/3 "/>
</bind>
</comp>

<comp id="958" class="1004" name="p_ZZ5conv1PA255_A255_fPA1_A9_A9_fPfS1_E6w_tile_2_8_0_addr_gep_fu_958">
<pin_list>
<pin id="959" dir="0" index="0" bw="32" slack="0"/>
<pin id="960" dir="0" index="1" bw="1" slack="0"/>
<pin id="961" dir="0" index="2" bw="4" slack="0"/>
<pin id="962" dir="1" index="3" bw="3" slack="0"/>
</pin_list>
<bind>
<opcode="getelementptr(29) " fcode="getelementptr"/>
<opset="p_ZZ5conv1PA255_A255_fPA1_A9_A9_fPfS1_E6w_tile_2_8_0_addr/3 "/>
</bind>
</comp>

<comp id="965" class="1004" name="store_ln56_access_fu_965">
<pin_list>
<pin id="966" dir="0" index="0" bw="3" slack="0"/>
<pin id="967" dir="0" index="1" bw="32" slack="1"/>
<pin id="968" dir="0" index="2" bw="0" slack="2147483647"/>
<pin id="969" dir="1" index="3" bw="32" slack="2147483647"/>
</pin_list>
<bind>
<opcode="store(28) " fcode="store"/>
<opset="store_ln56/3 "/>
</bind>
</comp>

<comp id="971" class="1004" name="p_ZZ5conv1PA255_A255_fPA1_A9_A9_fPfS1_E6w_tile_1_7_0_addr_gep_fu_971">
<pin_list>
<pin id="972" dir="0" index="0" bw="32" slack="0"/>
<pin id="973" dir="0" index="1" bw="1" slack="0"/>
<pin id="974" dir="0" index="2" bw="4" slack="0"/>
<pin id="975" dir="1" index="3" bw="3" slack="0"/>
</pin_list>
<bind>
<opcode="getelementptr(29) " fcode="getelementptr"/>
<opset="p_ZZ5conv1PA255_A255_fPA1_A9_A9_fPfS1_E6w_tile_1_7_0_addr/3 "/>
</bind>
</comp>

<comp id="978" class="1004" name="store_ln56_access_fu_978">
<pin_list>
<pin id="979" dir="0" index="0" bw="3" slack="0"/>
<pin id="980" dir="0" index="1" bw="32" slack="1"/>
<pin id="981" dir="0" index="2" bw="0" slack="2147483647"/>
<pin id="982" dir="1" index="3" bw="32" slack="2147483647"/>
</pin_list>
<bind>
<opcode="store(28) " fcode="store"/>
<opset="store_ln56/3 "/>
</bind>
</comp>

<comp id="984" class="1004" name="p_ZZ5conv1PA255_A255_fPA1_A9_A9_fPfS1_E6w_tile_1_6_0_addr_gep_fu_984">
<pin_list>
<pin id="985" dir="0" index="0" bw="32" slack="0"/>
<pin id="986" dir="0" index="1" bw="1" slack="0"/>
<pin id="987" dir="0" index="2" bw="4" slack="0"/>
<pin id="988" dir="1" index="3" bw="3" slack="0"/>
</pin_list>
<bind>
<opcode="getelementptr(29) " fcode="getelementptr"/>
<opset="p_ZZ5conv1PA255_A255_fPA1_A9_A9_fPfS1_E6w_tile_1_6_0_addr/3 "/>
</bind>
</comp>

<comp id="991" class="1004" name="store_ln56_access_fu_991">
<pin_list>
<pin id="992" dir="0" index="0" bw="3" slack="0"/>
<pin id="993" dir="0" index="1" bw="32" slack="1"/>
<pin id="994" dir="0" index="2" bw="0" slack="2147483647"/>
<pin id="995" dir="1" index="3" bw="32" slack="2147483647"/>
</pin_list>
<bind>
<opcode="store(28) " fcode="store"/>
<opset="store_ln56/3 "/>
</bind>
</comp>

<comp id="997" class="1004" name="p_ZZ5conv1PA255_A255_fPA1_A9_A9_fPfS1_E6w_tile_1_5_0_addr_gep_fu_997">
<pin_list>
<pin id="998" dir="0" index="0" bw="32" slack="0"/>
<pin id="999" dir="0" index="1" bw="1" slack="0"/>
<pin id="1000" dir="0" index="2" bw="4" slack="0"/>
<pin id="1001" dir="1" index="3" bw="3" slack="0"/>
</pin_list>
<bind>
<opcode="getelementptr(29) " fcode="getelementptr"/>
<opset="p_ZZ5conv1PA255_A255_fPA1_A9_A9_fPfS1_E6w_tile_1_5_0_addr/3 "/>
</bind>
</comp>

<comp id="1004" class="1004" name="store_ln56_access_fu_1004">
<pin_list>
<pin id="1005" dir="0" index="0" bw="3" slack="0"/>
<pin id="1006" dir="0" index="1" bw="32" slack="1"/>
<pin id="1007" dir="0" index="2" bw="0" slack="2147483647"/>
<pin id="1008" dir="1" index="3" bw="32" slack="2147483647"/>
</pin_list>
<bind>
<opcode="store(28) " fcode="store"/>
<opset="store_ln56/3 "/>
</bind>
</comp>

<comp id="1010" class="1004" name="p_ZZ5conv1PA255_A255_fPA1_A9_A9_fPfS1_E6w_tile_1_4_0_addr_gep_fu_1010">
<pin_list>
<pin id="1011" dir="0" index="0" bw="32" slack="0"/>
<pin id="1012" dir="0" index="1" bw="1" slack="0"/>
<pin id="1013" dir="0" index="2" bw="4" slack="0"/>
<pin id="1014" dir="1" index="3" bw="3" slack="0"/>
</pin_list>
<bind>
<opcode="getelementptr(29) " fcode="getelementptr"/>
<opset="p_ZZ5conv1PA255_A255_fPA1_A9_A9_fPfS1_E6w_tile_1_4_0_addr/3 "/>
</bind>
</comp>

<comp id="1017" class="1004" name="store_ln56_access_fu_1017">
<pin_list>
<pin id="1018" dir="0" index="0" bw="3" slack="0"/>
<pin id="1019" dir="0" index="1" bw="32" slack="1"/>
<pin id="1020" dir="0" index="2" bw="0" slack="2147483647"/>
<pin id="1021" dir="1" index="3" bw="32" slack="2147483647"/>
</pin_list>
<bind>
<opcode="store(28) " fcode="store"/>
<opset="store_ln56/3 "/>
</bind>
</comp>

<comp id="1023" class="1004" name="p_ZZ5conv1PA255_A255_fPA1_A9_A9_fPfS1_E6w_tile_1_3_0_addr_gep_fu_1023">
<pin_list>
<pin id="1024" dir="0" index="0" bw="32" slack="0"/>
<pin id="1025" dir="0" index="1" bw="1" slack="0"/>
<pin id="1026" dir="0" index="2" bw="4" slack="0"/>
<pin id="1027" dir="1" index="3" bw="3" slack="0"/>
</pin_list>
<bind>
<opcode="getelementptr(29) " fcode="getelementptr"/>
<opset="p_ZZ5conv1PA255_A255_fPA1_A9_A9_fPfS1_E6w_tile_1_3_0_addr/3 "/>
</bind>
</comp>

<comp id="1030" class="1004" name="store_ln56_access_fu_1030">
<pin_list>
<pin id="1031" dir="0" index="0" bw="3" slack="0"/>
<pin id="1032" dir="0" index="1" bw="32" slack="1"/>
<pin id="1033" dir="0" index="2" bw="0" slack="2147483647"/>
<pin id="1034" dir="1" index="3" bw="32" slack="2147483647"/>
</pin_list>
<bind>
<opcode="store(28) " fcode="store"/>
<opset="store_ln56/3 "/>
</bind>
</comp>

<comp id="1036" class="1004" name="p_ZZ5conv1PA255_A255_fPA1_A9_A9_fPfS1_E6w_tile_1_2_0_addr_gep_fu_1036">
<pin_list>
<pin id="1037" dir="0" index="0" bw="32" slack="0"/>
<pin id="1038" dir="0" index="1" bw="1" slack="0"/>
<pin id="1039" dir="0" index="2" bw="4" slack="0"/>
<pin id="1040" dir="1" index="3" bw="3" slack="0"/>
</pin_list>
<bind>
<opcode="getelementptr(29) " fcode="getelementptr"/>
<opset="p_ZZ5conv1PA255_A255_fPA1_A9_A9_fPfS1_E6w_tile_1_2_0_addr/3 "/>
</bind>
</comp>

<comp id="1043" class="1004" name="store_ln56_access_fu_1043">
<pin_list>
<pin id="1044" dir="0" index="0" bw="3" slack="0"/>
<pin id="1045" dir="0" index="1" bw="32" slack="1"/>
<pin id="1046" dir="0" index="2" bw="0" slack="2147483647"/>
<pin id="1047" dir="1" index="3" bw="32" slack="2147483647"/>
</pin_list>
<bind>
<opcode="store(28) " fcode="store"/>
<opset="store_ln56/3 "/>
</bind>
</comp>

<comp id="1049" class="1004" name="p_ZZ5conv1PA255_A255_fPA1_A9_A9_fPfS1_E6w_tile_1_1_0_addr_gep_fu_1049">
<pin_list>
<pin id="1050" dir="0" index="0" bw="32" slack="0"/>
<pin id="1051" dir="0" index="1" bw="1" slack="0"/>
<pin id="1052" dir="0" index="2" bw="4" slack="0"/>
<pin id="1053" dir="1" index="3" bw="3" slack="0"/>
</pin_list>
<bind>
<opcode="getelementptr(29) " fcode="getelementptr"/>
<opset="p_ZZ5conv1PA255_A255_fPA1_A9_A9_fPfS1_E6w_tile_1_1_0_addr/3 "/>
</bind>
</comp>

<comp id="1056" class="1004" name="store_ln56_access_fu_1056">
<pin_list>
<pin id="1057" dir="0" index="0" bw="3" slack="0"/>
<pin id="1058" dir="0" index="1" bw="32" slack="1"/>
<pin id="1059" dir="0" index="2" bw="0" slack="2147483647"/>
<pin id="1060" dir="1" index="3" bw="32" slack="2147483647"/>
</pin_list>
<bind>
<opcode="store(28) " fcode="store"/>
<opset="store_ln56/3 "/>
</bind>
</comp>

<comp id="1062" class="1004" name="p_ZZ5conv1PA255_A255_fPA1_A9_A9_fPfS1_E6w_tile_1_0_0_addr_gep_fu_1062">
<pin_list>
<pin id="1063" dir="0" index="0" bw="32" slack="0"/>
<pin id="1064" dir="0" index="1" bw="1" slack="0"/>
<pin id="1065" dir="0" index="2" bw="4" slack="0"/>
<pin id="1066" dir="1" index="3" bw="3" slack="0"/>
</pin_list>
<bind>
<opcode="getelementptr(29) " fcode="getelementptr"/>
<opset="p_ZZ5conv1PA255_A255_fPA1_A9_A9_fPfS1_E6w_tile_1_0_0_addr/3 "/>
</bind>
</comp>

<comp id="1069" class="1004" name="store_ln56_access_fu_1069">
<pin_list>
<pin id="1070" dir="0" index="0" bw="3" slack="0"/>
<pin id="1071" dir="0" index="1" bw="32" slack="1"/>
<pin id="1072" dir="0" index="2" bw="0" slack="2147483647"/>
<pin id="1073" dir="1" index="3" bw="32" slack="2147483647"/>
</pin_list>
<bind>
<opcode="store(28) " fcode="store"/>
<opset="store_ln56/3 "/>
</bind>
</comp>

<comp id="1075" class="1004" name="p_ZZ5conv1PA255_A255_fPA1_A9_A9_fPfS1_E6w_tile_1_8_0_addr_gep_fu_1075">
<pin_list>
<pin id="1076" dir="0" index="0" bw="32" slack="0"/>
<pin id="1077" dir="0" index="1" bw="1" slack="0"/>
<pin id="1078" dir="0" index="2" bw="4" slack="0"/>
<pin id="1079" dir="1" index="3" bw="3" slack="0"/>
</pin_list>
<bind>
<opcode="getelementptr(29) " fcode="getelementptr"/>
<opset="p_ZZ5conv1PA255_A255_fPA1_A9_A9_fPfS1_E6w_tile_1_8_0_addr/3 "/>
</bind>
</comp>

<comp id="1082" class="1004" name="store_ln56_access_fu_1082">
<pin_list>
<pin id="1083" dir="0" index="0" bw="3" slack="0"/>
<pin id="1084" dir="0" index="1" bw="32" slack="1"/>
<pin id="1085" dir="0" index="2" bw="0" slack="2147483647"/>
<pin id="1086" dir="1" index="3" bw="32" slack="2147483647"/>
</pin_list>
<bind>
<opcode="store(28) " fcode="store"/>
<opset="store_ln56/3 "/>
</bind>
</comp>

<comp id="1088" class="1004" name="p_ZZ5conv1PA255_A255_fPA1_A9_A9_fPfS1_E6w_tile_0_7_0_addr_gep_fu_1088">
<pin_list>
<pin id="1089" dir="0" index="0" bw="32" slack="0"/>
<pin id="1090" dir="0" index="1" bw="1" slack="0"/>
<pin id="1091" dir="0" index="2" bw="4" slack="0"/>
<pin id="1092" dir="1" index="3" bw="3" slack="0"/>
</pin_list>
<bind>
<opcode="getelementptr(29) " fcode="getelementptr"/>
<opset="p_ZZ5conv1PA255_A255_fPA1_A9_A9_fPfS1_E6w_tile_0_7_0_addr/3 "/>
</bind>
</comp>

<comp id="1095" class="1004" name="store_ln56_access_fu_1095">
<pin_list>
<pin id="1096" dir="0" index="0" bw="3" slack="0"/>
<pin id="1097" dir="0" index="1" bw="32" slack="1"/>
<pin id="1098" dir="0" index="2" bw="0" slack="2147483647"/>
<pin id="1099" dir="1" index="3" bw="32" slack="2147483647"/>
</pin_list>
<bind>
<opcode="store(28) " fcode="store"/>
<opset="store_ln56/3 "/>
</bind>
</comp>

<comp id="1101" class="1004" name="p_ZZ5conv1PA255_A255_fPA1_A9_A9_fPfS1_E6w_tile_0_6_0_addr_gep_fu_1101">
<pin_list>
<pin id="1102" dir="0" index="0" bw="32" slack="0"/>
<pin id="1103" dir="0" index="1" bw="1" slack="0"/>
<pin id="1104" dir="0" index="2" bw="4" slack="0"/>
<pin id="1105" dir="1" index="3" bw="3" slack="0"/>
</pin_list>
<bind>
<opcode="getelementptr(29) " fcode="getelementptr"/>
<opset="p_ZZ5conv1PA255_A255_fPA1_A9_A9_fPfS1_E6w_tile_0_6_0_addr/3 "/>
</bind>
</comp>

<comp id="1108" class="1004" name="store_ln56_access_fu_1108">
<pin_list>
<pin id="1109" dir="0" index="0" bw="3" slack="0"/>
<pin id="1110" dir="0" index="1" bw="32" slack="1"/>
<pin id="1111" dir="0" index="2" bw="0" slack="2147483647"/>
<pin id="1112" dir="1" index="3" bw="32" slack="2147483647"/>
</pin_list>
<bind>
<opcode="store(28) " fcode="store"/>
<opset="store_ln56/3 "/>
</bind>
</comp>

<comp id="1114" class="1004" name="p_ZZ5conv1PA255_A255_fPA1_A9_A9_fPfS1_E6w_tile_0_5_0_addr_gep_fu_1114">
<pin_list>
<pin id="1115" dir="0" index="0" bw="32" slack="0"/>
<pin id="1116" dir="0" index="1" bw="1" slack="0"/>
<pin id="1117" dir="0" index="2" bw="4" slack="0"/>
<pin id="1118" dir="1" index="3" bw="3" slack="0"/>
</pin_list>
<bind>
<opcode="getelementptr(29) " fcode="getelementptr"/>
<opset="p_ZZ5conv1PA255_A255_fPA1_A9_A9_fPfS1_E6w_tile_0_5_0_addr/3 "/>
</bind>
</comp>

<comp id="1121" class="1004" name="store_ln56_access_fu_1121">
<pin_list>
<pin id="1122" dir="0" index="0" bw="3" slack="0"/>
<pin id="1123" dir="0" index="1" bw="32" slack="1"/>
<pin id="1124" dir="0" index="2" bw="0" slack="2147483647"/>
<pin id="1125" dir="1" index="3" bw="32" slack="2147483647"/>
</pin_list>
<bind>
<opcode="store(28) " fcode="store"/>
<opset="store_ln56/3 "/>
</bind>
</comp>

<comp id="1127" class="1004" name="p_ZZ5conv1PA255_A255_fPA1_A9_A9_fPfS1_E6w_tile_0_4_0_addr_gep_fu_1127">
<pin_list>
<pin id="1128" dir="0" index="0" bw="32" slack="0"/>
<pin id="1129" dir="0" index="1" bw="1" slack="0"/>
<pin id="1130" dir="0" index="2" bw="4" slack="0"/>
<pin id="1131" dir="1" index="3" bw="3" slack="0"/>
</pin_list>
<bind>
<opcode="getelementptr(29) " fcode="getelementptr"/>
<opset="p_ZZ5conv1PA255_A255_fPA1_A9_A9_fPfS1_E6w_tile_0_4_0_addr/3 "/>
</bind>
</comp>

<comp id="1134" class="1004" name="store_ln56_access_fu_1134">
<pin_list>
<pin id="1135" dir="0" index="0" bw="3" slack="0"/>
<pin id="1136" dir="0" index="1" bw="32" slack="1"/>
<pin id="1137" dir="0" index="2" bw="0" slack="2147483647"/>
<pin id="1138" dir="1" index="3" bw="32" slack="2147483647"/>
</pin_list>
<bind>
<opcode="store(28) " fcode="store"/>
<opset="store_ln56/3 "/>
</bind>
</comp>

<comp id="1140" class="1004" name="p_ZZ5conv1PA255_A255_fPA1_A9_A9_fPfS1_E6w_tile_0_3_0_addr_gep_fu_1140">
<pin_list>
<pin id="1141" dir="0" index="0" bw="32" slack="0"/>
<pin id="1142" dir="0" index="1" bw="1" slack="0"/>
<pin id="1143" dir="0" index="2" bw="4" slack="0"/>
<pin id="1144" dir="1" index="3" bw="3" slack="0"/>
</pin_list>
<bind>
<opcode="getelementptr(29) " fcode="getelementptr"/>
<opset="p_ZZ5conv1PA255_A255_fPA1_A9_A9_fPfS1_E6w_tile_0_3_0_addr/3 "/>
</bind>
</comp>

<comp id="1147" class="1004" name="store_ln56_access_fu_1147">
<pin_list>
<pin id="1148" dir="0" index="0" bw="3" slack="0"/>
<pin id="1149" dir="0" index="1" bw="32" slack="1"/>
<pin id="1150" dir="0" index="2" bw="0" slack="2147483647"/>
<pin id="1151" dir="1" index="3" bw="32" slack="2147483647"/>
</pin_list>
<bind>
<opcode="store(28) " fcode="store"/>
<opset="store_ln56/3 "/>
</bind>
</comp>

<comp id="1153" class="1004" name="p_ZZ5conv1PA255_A255_fPA1_A9_A9_fPfS1_E6w_tile_0_2_0_addr_gep_fu_1153">
<pin_list>
<pin id="1154" dir="0" index="0" bw="32" slack="0"/>
<pin id="1155" dir="0" index="1" bw="1" slack="0"/>
<pin id="1156" dir="0" index="2" bw="4" slack="0"/>
<pin id="1157" dir="1" index="3" bw="3" slack="0"/>
</pin_list>
<bind>
<opcode="getelementptr(29) " fcode="getelementptr"/>
<opset="p_ZZ5conv1PA255_A255_fPA1_A9_A9_fPfS1_E6w_tile_0_2_0_addr/3 "/>
</bind>
</comp>

<comp id="1160" class="1004" name="store_ln56_access_fu_1160">
<pin_list>
<pin id="1161" dir="0" index="0" bw="3" slack="0"/>
<pin id="1162" dir="0" index="1" bw="32" slack="1"/>
<pin id="1163" dir="0" index="2" bw="0" slack="2147483647"/>
<pin id="1164" dir="1" index="3" bw="32" slack="2147483647"/>
</pin_list>
<bind>
<opcode="store(28) " fcode="store"/>
<opset="store_ln56/3 "/>
</bind>
</comp>

<comp id="1166" class="1004" name="p_ZZ5conv1PA255_A255_fPA1_A9_A9_fPfS1_E6w_tile_0_1_0_addr_gep_fu_1166">
<pin_list>
<pin id="1167" dir="0" index="0" bw="32" slack="0"/>
<pin id="1168" dir="0" index="1" bw="1" slack="0"/>
<pin id="1169" dir="0" index="2" bw="4" slack="0"/>
<pin id="1170" dir="1" index="3" bw="3" slack="0"/>
</pin_list>
<bind>
<opcode="getelementptr(29) " fcode="getelementptr"/>
<opset="p_ZZ5conv1PA255_A255_fPA1_A9_A9_fPfS1_E6w_tile_0_1_0_addr/3 "/>
</bind>
</comp>

<comp id="1173" class="1004" name="store_ln56_access_fu_1173">
<pin_list>
<pin id="1174" dir="0" index="0" bw="3" slack="0"/>
<pin id="1175" dir="0" index="1" bw="32" slack="1"/>
<pin id="1176" dir="0" index="2" bw="0" slack="2147483647"/>
<pin id="1177" dir="1" index="3" bw="32" slack="2147483647"/>
</pin_list>
<bind>
<opcode="store(28) " fcode="store"/>
<opset="store_ln56/3 "/>
</bind>
</comp>

<comp id="1179" class="1004" name="p_ZZ5conv1PA255_A255_fPA1_A9_A9_fPfS1_E6w_tile_0_0_0_addr_gep_fu_1179">
<pin_list>
<pin id="1180" dir="0" index="0" bw="32" slack="0"/>
<pin id="1181" dir="0" index="1" bw="1" slack="0"/>
<pin id="1182" dir="0" index="2" bw="4" slack="0"/>
<pin id="1183" dir="1" index="3" bw="3" slack="0"/>
</pin_list>
<bind>
<opcode="getelementptr(29) " fcode="getelementptr"/>
<opset="p_ZZ5conv1PA255_A255_fPA1_A9_A9_fPfS1_E6w_tile_0_0_0_addr/3 "/>
</bind>
</comp>

<comp id="1186" class="1004" name="store_ln56_access_fu_1186">
<pin_list>
<pin id="1187" dir="0" index="0" bw="3" slack="0"/>
<pin id="1188" dir="0" index="1" bw="32" slack="1"/>
<pin id="1189" dir="0" index="2" bw="0" slack="2147483647"/>
<pin id="1190" dir="1" index="3" bw="32" slack="2147483647"/>
</pin_list>
<bind>
<opcode="store(28) " fcode="store"/>
<opset="store_ln56/3 "/>
</bind>
</comp>

<comp id="1192" class="1004" name="p_ZZ5conv1PA255_A255_fPA1_A9_A9_fPfS1_E6w_tile_0_8_0_addr_gep_fu_1192">
<pin_list>
<pin id="1193" dir="0" index="0" bw="32" slack="0"/>
<pin id="1194" dir="0" index="1" bw="1" slack="0"/>
<pin id="1195" dir="0" index="2" bw="4" slack="0"/>
<pin id="1196" dir="1" index="3" bw="3" slack="0"/>
</pin_list>
<bind>
<opcode="getelementptr(29) " fcode="getelementptr"/>
<opset="p_ZZ5conv1PA255_A255_fPA1_A9_A9_fPfS1_E6w_tile_0_8_0_addr/3 "/>
</bind>
</comp>

<comp id="1199" class="1004" name="store_ln56_access_fu_1199">
<pin_list>
<pin id="1200" dir="0" index="0" bw="3" slack="0"/>
<pin id="1201" dir="0" index="1" bw="32" slack="1"/>
<pin id="1202" dir="0" index="2" bw="0" slack="2147483647"/>
<pin id="1203" dir="1" index="3" bw="32" slack="2147483647"/>
</pin_list>
<bind>
<opcode="store(28) " fcode="store"/>
<opset="store_ln56/3 "/>
</bind>
</comp>

<comp id="1205" class="1004" name="p_ZZ5conv1PA255_A255_fPA1_A9_A9_fPfS1_E6w_tile_8_7_0_addr_gep_fu_1205">
<pin_list>
<pin id="1206" dir="0" index="0" bw="32" slack="0"/>
<pin id="1207" dir="0" index="1" bw="1" slack="0"/>
<pin id="1208" dir="0" index="2" bw="4" slack="0"/>
<pin id="1209" dir="1" index="3" bw="3" slack="0"/>
</pin_list>
<bind>
<opcode="getelementptr(29) " fcode="getelementptr"/>
<opset="p_ZZ5conv1PA255_A255_fPA1_A9_A9_fPfS1_E6w_tile_8_7_0_addr/3 "/>
</bind>
</comp>

<comp id="1212" class="1004" name="store_ln56_access_fu_1212">
<pin_list>
<pin id="1213" dir="0" index="0" bw="3" slack="0"/>
<pin id="1214" dir="0" index="1" bw="32" slack="1"/>
<pin id="1215" dir="0" index="2" bw="0" slack="2147483647"/>
<pin id="1216" dir="1" index="3" bw="32" slack="2147483647"/>
</pin_list>
<bind>
<opcode="store(28) " fcode="store"/>
<opset="store_ln56/3 "/>
</bind>
</comp>

<comp id="1218" class="1004" name="p_ZZ5conv1PA255_A255_fPA1_A9_A9_fPfS1_E6w_tile_8_6_0_addr_gep_fu_1218">
<pin_list>
<pin id="1219" dir="0" index="0" bw="32" slack="0"/>
<pin id="1220" dir="0" index="1" bw="1" slack="0"/>
<pin id="1221" dir="0" index="2" bw="4" slack="0"/>
<pin id="1222" dir="1" index="3" bw="3" slack="0"/>
</pin_list>
<bind>
<opcode="getelementptr(29) " fcode="getelementptr"/>
<opset="p_ZZ5conv1PA255_A255_fPA1_A9_A9_fPfS1_E6w_tile_8_6_0_addr/3 "/>
</bind>
</comp>

<comp id="1225" class="1004" name="store_ln56_access_fu_1225">
<pin_list>
<pin id="1226" dir="0" index="0" bw="3" slack="0"/>
<pin id="1227" dir="0" index="1" bw="32" slack="1"/>
<pin id="1228" dir="0" index="2" bw="0" slack="2147483647"/>
<pin id="1229" dir="1" index="3" bw="32" slack="2147483647"/>
</pin_list>
<bind>
<opcode="store(28) " fcode="store"/>
<opset="store_ln56/3 "/>
</bind>
</comp>

<comp id="1231" class="1004" name="p_ZZ5conv1PA255_A255_fPA1_A9_A9_fPfS1_E6w_tile_8_5_0_addr_gep_fu_1231">
<pin_list>
<pin id="1232" dir="0" index="0" bw="32" slack="0"/>
<pin id="1233" dir="0" index="1" bw="1" slack="0"/>
<pin id="1234" dir="0" index="2" bw="4" slack="0"/>
<pin id="1235" dir="1" index="3" bw="3" slack="0"/>
</pin_list>
<bind>
<opcode="getelementptr(29) " fcode="getelementptr"/>
<opset="p_ZZ5conv1PA255_A255_fPA1_A9_A9_fPfS1_E6w_tile_8_5_0_addr/3 "/>
</bind>
</comp>

<comp id="1238" class="1004" name="store_ln56_access_fu_1238">
<pin_list>
<pin id="1239" dir="0" index="0" bw="3" slack="0"/>
<pin id="1240" dir="0" index="1" bw="32" slack="1"/>
<pin id="1241" dir="0" index="2" bw="0" slack="2147483647"/>
<pin id="1242" dir="1" index="3" bw="32" slack="2147483647"/>
</pin_list>
<bind>
<opcode="store(28) " fcode="store"/>
<opset="store_ln56/3 "/>
</bind>
</comp>

<comp id="1244" class="1004" name="p_ZZ5conv1PA255_A255_fPA1_A9_A9_fPfS1_E6w_tile_8_4_0_addr_gep_fu_1244">
<pin_list>
<pin id="1245" dir="0" index="0" bw="32" slack="0"/>
<pin id="1246" dir="0" index="1" bw="1" slack="0"/>
<pin id="1247" dir="0" index="2" bw="4" slack="0"/>
<pin id="1248" dir="1" index="3" bw="3" slack="0"/>
</pin_list>
<bind>
<opcode="getelementptr(29) " fcode="getelementptr"/>
<opset="p_ZZ5conv1PA255_A255_fPA1_A9_A9_fPfS1_E6w_tile_8_4_0_addr/3 "/>
</bind>
</comp>

<comp id="1251" class="1004" name="store_ln56_access_fu_1251">
<pin_list>
<pin id="1252" dir="0" index="0" bw="3" slack="0"/>
<pin id="1253" dir="0" index="1" bw="32" slack="1"/>
<pin id="1254" dir="0" index="2" bw="0" slack="2147483647"/>
<pin id="1255" dir="1" index="3" bw="32" slack="2147483647"/>
</pin_list>
<bind>
<opcode="store(28) " fcode="store"/>
<opset="store_ln56/3 "/>
</bind>
</comp>

<comp id="1257" class="1004" name="p_ZZ5conv1PA255_A255_fPA1_A9_A9_fPfS1_E6w_tile_8_3_0_addr_gep_fu_1257">
<pin_list>
<pin id="1258" dir="0" index="0" bw="32" slack="0"/>
<pin id="1259" dir="0" index="1" bw="1" slack="0"/>
<pin id="1260" dir="0" index="2" bw="4" slack="0"/>
<pin id="1261" dir="1" index="3" bw="3" slack="0"/>
</pin_list>
<bind>
<opcode="getelementptr(29) " fcode="getelementptr"/>
<opset="p_ZZ5conv1PA255_A255_fPA1_A9_A9_fPfS1_E6w_tile_8_3_0_addr/3 "/>
</bind>
</comp>

<comp id="1264" class="1004" name="store_ln56_access_fu_1264">
<pin_list>
<pin id="1265" dir="0" index="0" bw="3" slack="0"/>
<pin id="1266" dir="0" index="1" bw="32" slack="1"/>
<pin id="1267" dir="0" index="2" bw="0" slack="2147483647"/>
<pin id="1268" dir="1" index="3" bw="32" slack="2147483647"/>
</pin_list>
<bind>
<opcode="store(28) " fcode="store"/>
<opset="store_ln56/3 "/>
</bind>
</comp>

<comp id="1270" class="1004" name="p_ZZ5conv1PA255_A255_fPA1_A9_A9_fPfS1_E6w_tile_8_2_0_addr_gep_fu_1270">
<pin_list>
<pin id="1271" dir="0" index="0" bw="32" slack="0"/>
<pin id="1272" dir="0" index="1" bw="1" slack="0"/>
<pin id="1273" dir="0" index="2" bw="4" slack="0"/>
<pin id="1274" dir="1" index="3" bw="3" slack="0"/>
</pin_list>
<bind>
<opcode="getelementptr(29) " fcode="getelementptr"/>
<opset="p_ZZ5conv1PA255_A255_fPA1_A9_A9_fPfS1_E6w_tile_8_2_0_addr/3 "/>
</bind>
</comp>

<comp id="1277" class="1004" name="store_ln56_access_fu_1277">
<pin_list>
<pin id="1278" dir="0" index="0" bw="3" slack="0"/>
<pin id="1279" dir="0" index="1" bw="32" slack="1"/>
<pin id="1280" dir="0" index="2" bw="0" slack="2147483647"/>
<pin id="1281" dir="1" index="3" bw="32" slack="2147483647"/>
</pin_list>
<bind>
<opcode="store(28) " fcode="store"/>
<opset="store_ln56/3 "/>
</bind>
</comp>

<comp id="1283" class="1004" name="p_ZZ5conv1PA255_A255_fPA1_A9_A9_fPfS1_E6w_tile_8_1_0_addr_gep_fu_1283">
<pin_list>
<pin id="1284" dir="0" index="0" bw="32" slack="0"/>
<pin id="1285" dir="0" index="1" bw="1" slack="0"/>
<pin id="1286" dir="0" index="2" bw="4" slack="0"/>
<pin id="1287" dir="1" index="3" bw="3" slack="0"/>
</pin_list>
<bind>
<opcode="getelementptr(29) " fcode="getelementptr"/>
<opset="p_ZZ5conv1PA255_A255_fPA1_A9_A9_fPfS1_E6w_tile_8_1_0_addr/3 "/>
</bind>
</comp>

<comp id="1290" class="1004" name="store_ln56_access_fu_1290">
<pin_list>
<pin id="1291" dir="0" index="0" bw="3" slack="0"/>
<pin id="1292" dir="0" index="1" bw="32" slack="1"/>
<pin id="1293" dir="0" index="2" bw="0" slack="2147483647"/>
<pin id="1294" dir="1" index="3" bw="32" slack="2147483647"/>
</pin_list>
<bind>
<opcode="store(28) " fcode="store"/>
<opset="store_ln56/3 "/>
</bind>
</comp>

<comp id="1296" class="1004" name="p_ZZ5conv1PA255_A255_fPA1_A9_A9_fPfS1_E6w_tile_8_0_0_addr_gep_fu_1296">
<pin_list>
<pin id="1297" dir="0" index="0" bw="32" slack="0"/>
<pin id="1298" dir="0" index="1" bw="1" slack="0"/>
<pin id="1299" dir="0" index="2" bw="4" slack="0"/>
<pin id="1300" dir="1" index="3" bw="3" slack="0"/>
</pin_list>
<bind>
<opcode="getelementptr(29) " fcode="getelementptr"/>
<opset="p_ZZ5conv1PA255_A255_fPA1_A9_A9_fPfS1_E6w_tile_8_0_0_addr/3 "/>
</bind>
</comp>

<comp id="1303" class="1004" name="store_ln56_access_fu_1303">
<pin_list>
<pin id="1304" dir="0" index="0" bw="3" slack="0"/>
<pin id="1305" dir="0" index="1" bw="32" slack="1"/>
<pin id="1306" dir="0" index="2" bw="0" slack="2147483647"/>
<pin id="1307" dir="1" index="3" bw="32" slack="2147483647"/>
</pin_list>
<bind>
<opcode="store(28) " fcode="store"/>
<opset="store_ln56/3 "/>
</bind>
</comp>

<comp id="1309" class="1004" name="p_ZZ5conv1PA255_A255_fPA1_A9_A9_fPfS1_E6w_tile_8_8_0_addr_gep_fu_1309">
<pin_list>
<pin id="1310" dir="0" index="0" bw="32" slack="0"/>
<pin id="1311" dir="0" index="1" bw="1" slack="0"/>
<pin id="1312" dir="0" index="2" bw="4" slack="0"/>
<pin id="1313" dir="1" index="3" bw="3" slack="0"/>
</pin_list>
<bind>
<opcode="getelementptr(29) " fcode="getelementptr"/>
<opset="p_ZZ5conv1PA255_A255_fPA1_A9_A9_fPfS1_E6w_tile_8_8_0_addr/3 "/>
</bind>
</comp>

<comp id="1316" class="1004" name="store_ln56_access_fu_1316">
<pin_list>
<pin id="1317" dir="0" index="0" bw="3" slack="0"/>
<pin id="1318" dir="0" index="1" bw="32" slack="1"/>
<pin id="1319" dir="0" index="2" bw="0" slack="2147483647"/>
<pin id="1320" dir="1" index="3" bw="32" slack="2147483647"/>
</pin_list>
<bind>
<opcode="store(28) " fcode="store"/>
<opset="store_ln56/3 "/>
</bind>
</comp>

<comp id="1322" class="1004" name="sext_ln117_cast_fu_1322">
<pin_list>
<pin id="1323" dir="0" index="0" bw="62" slack="0"/>
<pin id="1324" dir="1" index="1" bw="64" slack="1"/>
</pin_list>
<bind>
<opcode="sext(35) " fcode="sext"/>
<opset="sext_ln117_cast/1 "/>
</bind>
</comp>

<comp id="1326" class="1004" name="store_ln0_store_fu_1326">
<pin_list>
<pin id="1327" dir="0" index="0" bw="1" slack="0"/>
<pin id="1328" dir="0" index="1" bw="10" slack="0"/>
<pin id="1329" dir="1" index="2" bw="0" slack="2147483647"/>
</pin_list>
<bind>
<opcode="store(28) " fcode="store"/>
<opset="store_ln0/1 "/>
</bind>
</comp>

<comp id="1331" class="1004" name="store_ln0_store_fu_1331">
<pin_list>
<pin id="1332" dir="0" index="0" bw="1" slack="0"/>
<pin id="1333" dir="0" index="1" bw="4" slack="0"/>
<pin id="1334" dir="1" index="2" bw="0" slack="2147483647"/>
</pin_list>
<bind>
<opcode="store(28) " fcode="store"/>
<opset="store_ln0/1 "/>
</bind>
</comp>

<comp id="1336" class="1004" name="store_ln0_store_fu_1336">
<pin_list>
<pin id="1337" dir="0" index="0" bw="1" slack="0"/>
<pin id="1338" dir="0" index="1" bw="8" slack="0"/>
<pin id="1339" dir="1" index="2" bw="0" slack="2147483647"/>
</pin_list>
<bind>
<opcode="store(28) " fcode="store"/>
<opset="store_ln0/1 "/>
</bind>
</comp>

<comp id="1341" class="1004" name="store_ln0_store_fu_1341">
<pin_list>
<pin id="1342" dir="0" index="0" bw="1" slack="0"/>
<pin id="1343" dir="0" index="1" bw="4" slack="0"/>
<pin id="1344" dir="1" index="2" bw="0" slack="2147483647"/>
</pin_list>
<bind>
<opcode="store(28) " fcode="store"/>
<opset="store_ln0/1 "/>
</bind>
</comp>

<comp id="1346" class="1004" name="store_ln0_store_fu_1346">
<pin_list>
<pin id="1347" dir="0" index="0" bw="1" slack="0"/>
<pin id="1348" dir="0" index="1" bw="4" slack="0"/>
<pin id="1349" dir="1" index="2" bw="0" slack="2147483647"/>
</pin_list>
<bind>
<opcode="store(28) " fcode="store"/>
<opset="store_ln0/1 "/>
</bind>
</comp>

<comp id="1351" class="1004" name="indvar_flatten137_load_load_fu_1351">
<pin_list>
<pin id="1352" dir="0" index="0" bw="10" slack="0"/>
<pin id="1353" dir="1" index="1" bw="10" slack="0"/>
</pin_list>
<bind>
<opcode="load(27) " fcode="load"/>
<opset="indvar_flatten137_load/1 "/>
</bind>
</comp>

<comp id="1354" class="1004" name="icmp_ln50_fu_1354">
<pin_list>
<pin id="1355" dir="0" index="0" bw="10" slack="0"/>
<pin id="1356" dir="0" index="1" bw="10" slack="0"/>
<pin id="1357" dir="1" index="2" bw="1" slack="1"/>
</pin_list>
<bind>
<opcode="icmp(45) " fcode="icmp"/>
<opset="icmp_ln50/1 "/>
</bind>
</comp>

<comp id="1360" class="1004" name="add_ln50_2_fu_1360">
<pin_list>
<pin id="1361" dir="0" index="0" bw="10" slack="0"/>
<pin id="1362" dir="0" index="1" bw="1" slack="0"/>
<pin id="1363" dir="1" index="2" bw="10" slack="0"/>
</pin_list>
<bind>
<opcode="add(8) " fcode="add"/>
<opset="add_ln50_2/1 "/>
</bind>
</comp>

<comp id="1366" class="1004" name="store_ln54_store_fu_1366">
<pin_list>
<pin id="1367" dir="0" index="0" bw="10" slack="0"/>
<pin id="1368" dir="0" index="1" bw="10" slack="0"/>
<pin id="1369" dir="1" index="2" bw="0" slack="2147483647"/>
</pin_list>
<bind>
<opcode="store(28) " fcode="store"/>
<opset="store_ln54/1 "/>
</bind>
</comp>

<comp id="1371" class="1004" name="indvar_flatten45_load_load_fu_1371">
<pin_list>
<pin id="1372" dir="0" index="0" bw="8" slack="1"/>
<pin id="1373" dir="1" index="1" bw="8" slack="0"/>
</pin_list>
<bind>
<opcode="load(27) " fcode="load"/>
<opset="indvar_flatten45_load/2 "/>
</bind>
</comp>

<comp id="1374" class="1004" name="w1_addr_fu_1374">
<pin_list>
<pin id="1375" dir="0" index="0" bw="32" slack="0"/>
<pin id="1376" dir="0" index="1" bw="62" slack="1"/>
<pin id="1377" dir="1" index="2" bw="32" slack="0"/>
</pin_list>
<bind>
<opcode="getelementptr(29) " fcode="getelementptr"/>
<opset="w1_addr/2 "/>
</bind>
</comp>

<comp id="1380" class="1004" name="kw_load_load_fu_1380">
<pin_list>
<pin id="1381" dir="0" index="0" bw="4" slack="1"/>
<pin id="1382" dir="1" index="1" bw="4" slack="0"/>
</pin_list>
<bind>
<opcode="load(27) " fcode="load"/>
<opset="kw_load/2 "/>
</bind>
</comp>

<comp id="1383" class="1004" name="kh_load_load_fu_1383">
<pin_list>
<pin id="1384" dir="0" index="0" bw="4" slack="1"/>
<pin id="1385" dir="1" index="1" bw="4" slack="0"/>
</pin_list>
<bind>
<opcode="load(27) " fcode="load"/>
<opset="kh_load/2 "/>
</bind>
</comp>

<comp id="1386" class="1004" name="icmp_ln53_fu_1386">
<pin_list>
<pin id="1387" dir="0" index="0" bw="8" slack="0"/>
<pin id="1388" dir="0" index="1" bw="8" slack="0"/>
<pin id="1389" dir="1" index="2" bw="1" slack="0"/>
</pin_list>
<bind>
<opcode="icmp(45) " fcode="icmp"/>
<opset="icmp_ln53/2 "/>
</bind>
</comp>

<comp id="1392" class="1004" name="select_ln50_fu_1392">
<pin_list>
<pin id="1393" dir="0" index="0" bw="1" slack="0"/>
<pin id="1394" dir="0" index="1" bw="1" slack="0"/>
<pin id="1395" dir="0" index="2" bw="4" slack="0"/>
<pin id="1396" dir="1" index="3" bw="4" slack="0"/>
</pin_list>
<bind>
<opcode="select(49) " fcode="select"/>
<opset="select_ln50/2 "/>
</bind>
</comp>

<comp id="1400" class="1004" name="xor_ln50_fu_1400">
<pin_list>
<pin id="1401" dir="0" index="0" bw="1" slack="0"/>
<pin id="1402" dir="0" index="1" bw="1" slack="0"/>
<pin id="1403" dir="1" index="2" bw="1" slack="0"/>
</pin_list>
<bind>
<opcode="xor(25) " fcode="xor"/>
<opset="xor_ln50/2 "/>
</bind>
</comp>

<comp id="1406" class="1004" name="icmp_ln54_fu_1406">
<pin_list>
<pin id="1407" dir="0" index="0" bw="4" slack="0"/>
<pin id="1408" dir="0" index="1" bw="4" slack="0"/>
<pin id="1409" dir="1" index="2" bw="1" slack="0"/>
</pin_list>
<bind>
<opcode="icmp(45) " fcode="icmp"/>
<opset="icmp_ln54/2 "/>
</bind>
</comp>

<comp id="1412" class="1004" name="and_ln50_fu_1412">
<pin_list>
<pin id="1413" dir="0" index="0" bw="1" slack="0"/>
<pin id="1414" dir="0" index="1" bw="1" slack="0"/>
<pin id="1415" dir="1" index="2" bw="1" slack="0"/>
</pin_list>
<bind>
<opcode="and(23) " fcode="and"/>
<opset="and_ln50/2 "/>
</bind>
</comp>

<comp id="1418" class="1004" name="add_ln53_fu_1418">
<pin_list>
<pin id="1419" dir="0" index="0" bw="4" slack="0"/>
<pin id="1420" dir="0" index="1" bw="1" slack="0"/>
<pin id="1421" dir="1" index="2" bw="4" slack="0"/>
</pin_list>
<bind>
<opcode="add(8) " fcode="add"/>
<opset="add_ln53/2 "/>
</bind>
</comp>

<comp id="1424" class="1004" name="or_ln53_fu_1424">
<pin_list>
<pin id="1425" dir="0" index="0" bw="1" slack="0"/>
<pin id="1426" dir="0" index="1" bw="1" slack="0"/>
<pin id="1427" dir="1" index="2" bw="1" slack="0"/>
</pin_list>
<bind>
<opcode="or(24) " fcode="or"/>
<opset="or_ln53/2 "/>
</bind>
</comp>

<comp id="1430" class="1004" name="select_ln53_fu_1430">
<pin_list>
<pin id="1431" dir="0" index="0" bw="1" slack="0"/>
<pin id="1432" dir="0" index="1" bw="1" slack="0"/>
<pin id="1433" dir="0" index="2" bw="4" slack="0"/>
<pin id="1434" dir="1" index="3" bw="4" slack="0"/>
</pin_list>
<bind>
<opcode="select(49) " fcode="select"/>
<opset="select_ln53/2 "/>
</bind>
</comp>

<comp id="1438" class="1004" name="select_ln53_1_fu_1438">
<pin_list>
<pin id="1439" dir="0" index="0" bw="1" slack="0"/>
<pin id="1440" dir="0" index="1" bw="4" slack="0"/>
<pin id="1441" dir="0" index="2" bw="4" slack="0"/>
<pin id="1442" dir="1" index="3" bw="4" slack="0"/>
</pin_list>
<bind>
<opcode="select(49) " fcode="select"/>
<opset="select_ln53_1/2 "/>
</bind>
</comp>

<comp id="1446" class="1004" name="bitcast_ln56_fu_1446">
<pin_list>
<pin id="1447" dir="0" index="0" bw="32" slack="0"/>
<pin id="1448" dir="1" index="1" bw="32" slack="1"/>
</pin_list>
<bind>
<opcode="bitcast(44) " fcode="bitcast"/>
<opset="bitcast_ln56/2 "/>
</bind>
</comp>

<comp id="1450" class="1004" name="add_ln54_fu_1450">
<pin_list>
<pin id="1451" dir="0" index="0" bw="4" slack="0"/>
<pin id="1452" dir="0" index="1" bw="1" slack="0"/>
<pin id="1453" dir="1" index="2" bw="4" slack="0"/>
</pin_list>
<bind>
<opcode="add(8) " fcode="add"/>
<opset="add_ln54/2 "/>
</bind>
</comp>

<comp id="1456" class="1004" name="add_ln53_1_fu_1456">
<pin_list>
<pin id="1457" dir="0" index="0" bw="8" slack="0"/>
<pin id="1458" dir="0" index="1" bw="1" slack="0"/>
<pin id="1459" dir="1" index="2" bw="8" slack="0"/>
</pin_list>
<bind>
<opcode="add(8) " fcode="add"/>
<opset="add_ln53_1/2 "/>
</bind>
</comp>

<comp id="1462" class="1004" name="select_ln53_2_fu_1462">
<pin_list>
<pin id="1463" dir="0" index="0" bw="1" slack="0"/>
<pin id="1464" dir="0" index="1" bw="1" slack="0"/>
<pin id="1465" dir="0" index="2" bw="8" slack="0"/>
<pin id="1466" dir="1" index="3" bw="8" slack="0"/>
</pin_list>
<bind>
<opcode="select(49) " fcode="select"/>
<opset="select_ln53_2/2 "/>
</bind>
</comp>

<comp id="1470" class="1004" name="store_ln54_store_fu_1470">
<pin_list>
<pin id="1471" dir="0" index="0" bw="8" slack="0"/>
<pin id="1472" dir="0" index="1" bw="8" slack="1"/>
<pin id="1473" dir="1" index="2" bw="0" slack="2147483647"/>
</pin_list>
<bind>
<opcode="store(28) " fcode="store"/>
<opset="store_ln54/2 "/>
</bind>
</comp>

<comp id="1475" class="1004" name="store_ln54_store_fu_1475">
<pin_list>
<pin id="1476" dir="0" index="0" bw="4" slack="0"/>
<pin id="1477" dir="0" index="1" bw="4" slack="1"/>
<pin id="1478" dir="1" index="2" bw="0" slack="2147483647"/>
</pin_list>
<bind>
<opcode="store(28) " fcode="store"/>
<opset="store_ln54/2 "/>
</bind>
</comp>

<comp id="1480" class="1004" name="store_ln54_store_fu_1480">
<pin_list>
<pin id="1481" dir="0" index="0" bw="4" slack="0"/>
<pin id="1482" dir="0" index="1" bw="4" slack="1"/>
<pin id="1483" dir="1" index="2" bw="0" slack="2147483647"/>
</pin_list>
<bind>
<opcode="store(28) " fcode="store"/>
<opset="store_ln54/2 "/>
</bind>
</comp>

<comp id="1485" class="1004" name="tn_load_load_fu_1485">
<pin_list>
<pin id="1486" dir="0" index="0" bw="4" slack="2"/>
<pin id="1487" dir="1" index="1" bw="4" slack="0"/>
</pin_list>
<bind>
<opcode="load(27) " fcode="load"/>
<opset="tn_load/3 "/>
</bind>
</comp>

<comp id="1488" class="1004" name="add_ln50_fu_1488">
<pin_list>
<pin id="1489" dir="0" index="0" bw="4" slack="0"/>
<pin id="1490" dir="0" index="1" bw="1" slack="0"/>
<pin id="1491" dir="1" index="2" bw="4" slack="0"/>
</pin_list>
<bind>
<opcode="add(8) " fcode="add"/>
<opset="add_ln50/3 "/>
</bind>
</comp>

<comp id="1494" class="1004" name="select_ln50_3_fu_1494">
<pin_list>
<pin id="1495" dir="0" index="0" bw="1" slack="1"/>
<pin id="1496" dir="0" index="1" bw="4" slack="0"/>
<pin id="1497" dir="0" index="2" bw="4" slack="0"/>
<pin id="1498" dir="1" index="3" bw="4" slack="0"/>
</pin_list>
<bind>
<opcode="select(49) " fcode="select"/>
<opset="select_ln50_3/3 "/>
</bind>
</comp>

<comp id="1501" class="1004" name="zext_ln50_fu_1501">
<pin_list>
<pin id="1502" dir="0" index="0" bw="4" slack="0"/>
<pin id="1503" dir="1" index="1" bw="64" slack="0"/>
</pin_list>
<bind>
<opcode="zext(34) " fcode="zext"/>
<opset="zext_ln50/3 "/>
</bind>
</comp>

<comp id="1586" class="1004" name="store_ln54_store_fu_1586">
<pin_list>
<pin id="1587" dir="0" index="0" bw="4" slack="0"/>
<pin id="1588" dir="0" index="1" bw="4" slack="2"/>
<pin id="1589" dir="1" index="2" bw="0" slack="2147483647"/>
</pin_list>
<bind>
<opcode="store(28) " fcode="store"/>
<opset="store_ln54/3 "/>
</bind>
</comp>

<comp id="1591" class="1005" name="kw_reg_1591">
<pin_list>
<pin id="1592" dir="0" index="0" bw="4" slack="0"/>
<pin id="1593" dir="1" index="1" bw="4" slack="0"/>
</pin_list>
<bind>
<opset="kw "/>
</bind>
</comp>

<comp id="1598" class="1005" name="kh_reg_1598">
<pin_list>
<pin id="1599" dir="0" index="0" bw="4" slack="0"/>
<pin id="1600" dir="1" index="1" bw="4" slack="0"/>
</pin_list>
<bind>
<opset="kh "/>
</bind>
</comp>

<comp id="1605" class="1005" name="indvar_flatten45_reg_1605">
<pin_list>
<pin id="1606" dir="0" index="0" bw="8" slack="0"/>
<pin id="1607" dir="1" index="1" bw="8" slack="0"/>
</pin_list>
<bind>
<opset="indvar_flatten45 "/>
</bind>
</comp>

<comp id="1612" class="1005" name="tn_reg_1612">
<pin_list>
<pin id="1613" dir="0" index="0" bw="4" slack="0"/>
<pin id="1614" dir="1" index="1" bw="4" slack="0"/>
</pin_list>
<bind>
<opset="tn "/>
</bind>
</comp>

<comp id="1619" class="1005" name="indvar_flatten137_reg_1619">
<pin_list>
<pin id="1620" dir="0" index="0" bw="10" slack="0"/>
<pin id="1621" dir="1" index="1" bw="10" slack="0"/>
</pin_list>
<bind>
<opset="indvar_flatten137 "/>
</bind>
</comp>

<comp id="1626" class="1005" name="sext_ln117_cast_reg_1626">
<pin_list>
<pin id="1627" dir="0" index="0" bw="64" slack="1"/>
<pin id="1628" dir="1" index="1" bw="64" slack="1"/>
</pin_list>
<bind>
<opset="sext_ln117_cast "/>
</bind>
</comp>

<comp id="1631" class="1005" name="icmp_ln50_reg_1631">
<pin_list>
<pin id="1632" dir="0" index="0" bw="1" slack="1"/>
<pin id="1633" dir="1" index="1" bw="1" slack="2147483647"/>
</pin_list>
<bind>
<opset="icmp_ln50 "/>
</bind>
</comp>

<comp id="1635" class="1005" name="icmp_ln53_reg_1635">
<pin_list>
<pin id="1636" dir="0" index="0" bw="1" slack="1"/>
<pin id="1637" dir="1" index="1" bw="1" slack="1"/>
</pin_list>
<bind>
<opset="icmp_ln53 "/>
</bind>
</comp>

<comp id="1640" class="1005" name="select_ln53_reg_1640">
<pin_list>
<pin id="1641" dir="0" index="0" bw="4" slack="1"/>
<pin id="1642" dir="1" index="1" bw="4" slack="2147483647"/>
</pin_list>
<bind>
<opset="select_ln53 "/>
</bind>
</comp>

<comp id="1644" class="1005" name="select_ln53_1_reg_1644">
<pin_list>
<pin id="1645" dir="0" index="0" bw="4" slack="1"/>
<pin id="1646" dir="1" index="1" bw="4" slack="2147483647"/>
</pin_list>
<bind>
<opset="select_ln53_1 "/>
</bind>
</comp>

<comp id="1648" class="1005" name="bitcast_ln56_reg_1648">
<pin_list>
<pin id="1649" dir="0" index="0" bw="32" slack="1"/>
<pin id="1650" dir="1" index="1" bw="32" slack="1"/>
</pin_list>
<bind>
<opset="bitcast_ln56 "/>
</bind>
</comp>

</comp_list>

<net_list>
<net id="241"><net_src comp="166" pin="0"/><net_sink comp="238" pin=0"/></net>

<net id="245"><net_src comp="166" pin="0"/><net_sink comp="242" pin=0"/></net>

<net id="249"><net_src comp="166" pin="0"/><net_sink comp="246" pin=0"/></net>

<net id="253"><net_src comp="166" pin="0"/><net_sink comp="250" pin=0"/></net>

<net id="257"><net_src comp="166" pin="0"/><net_sink comp="254" pin=0"/></net>

<net id="262"><net_src comp="168" pin="0"/><net_sink comp="258" pin=0"/></net>

<net id="263"><net_src comp="2" pin="0"/><net_sink comp="258" pin=1"/></net>

<net id="268"><net_src comp="206" pin="0"/><net_sink comp="264" pin=0"/></net>

<net id="274"><net_src comp="144" pin="0"/><net_sink comp="269" pin=0"/></net>

<net id="275"><net_src comp="236" pin="0"/><net_sink comp="269" pin=1"/></net>

<net id="281"><net_src comp="269" pin="3"/><net_sink comp="276" pin=0"/></net>

<net id="287"><net_src comp="142" pin="0"/><net_sink comp="282" pin=0"/></net>

<net id="288"><net_src comp="236" pin="0"/><net_sink comp="282" pin=1"/></net>

<net id="294"><net_src comp="282" pin="3"/><net_sink comp="289" pin=0"/></net>

<net id="300"><net_src comp="140" pin="0"/><net_sink comp="295" pin=0"/></net>

<net id="301"><net_src comp="236" pin="0"/><net_sink comp="295" pin=1"/></net>

<net id="307"><net_src comp="295" pin="3"/><net_sink comp="302" pin=0"/></net>

<net id="313"><net_src comp="138" pin="0"/><net_sink comp="308" pin=0"/></net>

<net id="314"><net_src comp="236" pin="0"/><net_sink comp="308" pin=1"/></net>

<net id="320"><net_src comp="308" pin="3"/><net_sink comp="315" pin=0"/></net>

<net id="326"><net_src comp="136" pin="0"/><net_sink comp="321" pin=0"/></net>

<net id="327"><net_src comp="236" pin="0"/><net_sink comp="321" pin=1"/></net>

<net id="333"><net_src comp="321" pin="3"/><net_sink comp="328" pin=0"/></net>

<net id="339"><net_src comp="134" pin="0"/><net_sink comp="334" pin=0"/></net>

<net id="340"><net_src comp="236" pin="0"/><net_sink comp="334" pin=1"/></net>

<net id="346"><net_src comp="334" pin="3"/><net_sink comp="341" pin=0"/></net>

<net id="352"><net_src comp="132" pin="0"/><net_sink comp="347" pin=0"/></net>

<net id="353"><net_src comp="236" pin="0"/><net_sink comp="347" pin=1"/></net>

<net id="359"><net_src comp="347" pin="3"/><net_sink comp="354" pin=0"/></net>

<net id="365"><net_src comp="130" pin="0"/><net_sink comp="360" pin=0"/></net>

<net id="366"><net_src comp="236" pin="0"/><net_sink comp="360" pin=1"/></net>

<net id="372"><net_src comp="360" pin="3"/><net_sink comp="367" pin=0"/></net>

<net id="378"><net_src comp="146" pin="0"/><net_sink comp="373" pin=0"/></net>

<net id="379"><net_src comp="236" pin="0"/><net_sink comp="373" pin=1"/></net>

<net id="385"><net_src comp="373" pin="3"/><net_sink comp="380" pin=0"/></net>

<net id="391"><net_src comp="126" pin="0"/><net_sink comp="386" pin=0"/></net>

<net id="392"><net_src comp="236" pin="0"/><net_sink comp="386" pin=1"/></net>

<net id="398"><net_src comp="386" pin="3"/><net_sink comp="393" pin=0"/></net>

<net id="404"><net_src comp="124" pin="0"/><net_sink comp="399" pin=0"/></net>

<net id="405"><net_src comp="236" pin="0"/><net_sink comp="399" pin=1"/></net>

<net id="411"><net_src comp="399" pin="3"/><net_sink comp="406" pin=0"/></net>

<net id="417"><net_src comp="122" pin="0"/><net_sink comp="412" pin=0"/></net>

<net id="418"><net_src comp="236" pin="0"/><net_sink comp="412" pin=1"/></net>

<net id="424"><net_src comp="412" pin="3"/><net_sink comp="419" pin=0"/></net>

<net id="430"><net_src comp="120" pin="0"/><net_sink comp="425" pin=0"/></net>

<net id="431"><net_src comp="236" pin="0"/><net_sink comp="425" pin=1"/></net>

<net id="437"><net_src comp="425" pin="3"/><net_sink comp="432" pin=0"/></net>

<net id="443"><net_src comp="118" pin="0"/><net_sink comp="438" pin=0"/></net>

<net id="444"><net_src comp="236" pin="0"/><net_sink comp="438" pin=1"/></net>

<net id="450"><net_src comp="438" pin="3"/><net_sink comp="445" pin=0"/></net>

<net id="456"><net_src comp="116" pin="0"/><net_sink comp="451" pin=0"/></net>

<net id="457"><net_src comp="236" pin="0"/><net_sink comp="451" pin=1"/></net>

<net id="463"><net_src comp="451" pin="3"/><net_sink comp="458" pin=0"/></net>

<net id="469"><net_src comp="114" pin="0"/><net_sink comp="464" pin=0"/></net>

<net id="470"><net_src comp="236" pin="0"/><net_sink comp="464" pin=1"/></net>

<net id="476"><net_src comp="464" pin="3"/><net_sink comp="471" pin=0"/></net>

<net id="482"><net_src comp="112" pin="0"/><net_sink comp="477" pin=0"/></net>

<net id="483"><net_src comp="236" pin="0"/><net_sink comp="477" pin=1"/></net>

<net id="489"><net_src comp="477" pin="3"/><net_sink comp="484" pin=0"/></net>

<net id="495"><net_src comp="128" pin="0"/><net_sink comp="490" pin=0"/></net>

<net id="496"><net_src comp="236" pin="0"/><net_sink comp="490" pin=1"/></net>

<net id="502"><net_src comp="490" pin="3"/><net_sink comp="497" pin=0"/></net>

<net id="508"><net_src comp="108" pin="0"/><net_sink comp="503" pin=0"/></net>

<net id="509"><net_src comp="236" pin="0"/><net_sink comp="503" pin=1"/></net>

<net id="515"><net_src comp="503" pin="3"/><net_sink comp="510" pin=0"/></net>

<net id="521"><net_src comp="106" pin="0"/><net_sink comp="516" pin=0"/></net>

<net id="522"><net_src comp="236" pin="0"/><net_sink comp="516" pin=1"/></net>

<net id="528"><net_src comp="516" pin="3"/><net_sink comp="523" pin=0"/></net>

<net id="534"><net_src comp="104" pin="0"/><net_sink comp="529" pin=0"/></net>

<net id="535"><net_src comp="236" pin="0"/><net_sink comp="529" pin=1"/></net>

<net id="541"><net_src comp="529" pin="3"/><net_sink comp="536" pin=0"/></net>

<net id="547"><net_src comp="102" pin="0"/><net_sink comp="542" pin=0"/></net>

<net id="548"><net_src comp="236" pin="0"/><net_sink comp="542" pin=1"/></net>

<net id="554"><net_src comp="542" pin="3"/><net_sink comp="549" pin=0"/></net>

<net id="560"><net_src comp="100" pin="0"/><net_sink comp="555" pin=0"/></net>

<net id="561"><net_src comp="236" pin="0"/><net_sink comp="555" pin=1"/></net>

<net id="567"><net_src comp="555" pin="3"/><net_sink comp="562" pin=0"/></net>

<net id="573"><net_src comp="98" pin="0"/><net_sink comp="568" pin=0"/></net>

<net id="574"><net_src comp="236" pin="0"/><net_sink comp="568" pin=1"/></net>

<net id="580"><net_src comp="568" pin="3"/><net_sink comp="575" pin=0"/></net>

<net id="586"><net_src comp="96" pin="0"/><net_sink comp="581" pin=0"/></net>

<net id="587"><net_src comp="236" pin="0"/><net_sink comp="581" pin=1"/></net>

<net id="593"><net_src comp="581" pin="3"/><net_sink comp="588" pin=0"/></net>

<net id="599"><net_src comp="94" pin="0"/><net_sink comp="594" pin=0"/></net>

<net id="600"><net_src comp="236" pin="0"/><net_sink comp="594" pin=1"/></net>

<net id="606"><net_src comp="594" pin="3"/><net_sink comp="601" pin=0"/></net>

<net id="612"><net_src comp="110" pin="0"/><net_sink comp="607" pin=0"/></net>

<net id="613"><net_src comp="236" pin="0"/><net_sink comp="607" pin=1"/></net>

<net id="619"><net_src comp="607" pin="3"/><net_sink comp="614" pin=0"/></net>

<net id="625"><net_src comp="90" pin="0"/><net_sink comp="620" pin=0"/></net>

<net id="626"><net_src comp="236" pin="0"/><net_sink comp="620" pin=1"/></net>

<net id="632"><net_src comp="620" pin="3"/><net_sink comp="627" pin=0"/></net>

<net id="638"><net_src comp="88" pin="0"/><net_sink comp="633" pin=0"/></net>

<net id="639"><net_src comp="236" pin="0"/><net_sink comp="633" pin=1"/></net>

<net id="645"><net_src comp="633" pin="3"/><net_sink comp="640" pin=0"/></net>

<net id="651"><net_src comp="86" pin="0"/><net_sink comp="646" pin=0"/></net>

<net id="652"><net_src comp="236" pin="0"/><net_sink comp="646" pin=1"/></net>

<net id="658"><net_src comp="646" pin="3"/><net_sink comp="653" pin=0"/></net>

<net id="664"><net_src comp="84" pin="0"/><net_sink comp="659" pin=0"/></net>

<net id="665"><net_src comp="236" pin="0"/><net_sink comp="659" pin=1"/></net>

<net id="671"><net_src comp="659" pin="3"/><net_sink comp="666" pin=0"/></net>

<net id="677"><net_src comp="82" pin="0"/><net_sink comp="672" pin=0"/></net>

<net id="678"><net_src comp="236" pin="0"/><net_sink comp="672" pin=1"/></net>

<net id="684"><net_src comp="672" pin="3"/><net_sink comp="679" pin=0"/></net>

<net id="690"><net_src comp="80" pin="0"/><net_sink comp="685" pin=0"/></net>

<net id="691"><net_src comp="236" pin="0"/><net_sink comp="685" pin=1"/></net>

<net id="697"><net_src comp="685" pin="3"/><net_sink comp="692" pin=0"/></net>

<net id="703"><net_src comp="78" pin="0"/><net_sink comp="698" pin=0"/></net>

<net id="704"><net_src comp="236" pin="0"/><net_sink comp="698" pin=1"/></net>

<net id="710"><net_src comp="698" pin="3"/><net_sink comp="705" pin=0"/></net>

<net id="716"><net_src comp="76" pin="0"/><net_sink comp="711" pin=0"/></net>

<net id="717"><net_src comp="236" pin="0"/><net_sink comp="711" pin=1"/></net>

<net id="723"><net_src comp="711" pin="3"/><net_sink comp="718" pin=0"/></net>

<net id="729"><net_src comp="92" pin="0"/><net_sink comp="724" pin=0"/></net>

<net id="730"><net_src comp="236" pin="0"/><net_sink comp="724" pin=1"/></net>

<net id="736"><net_src comp="724" pin="3"/><net_sink comp="731" pin=0"/></net>

<net id="742"><net_src comp="72" pin="0"/><net_sink comp="737" pin=0"/></net>

<net id="743"><net_src comp="236" pin="0"/><net_sink comp="737" pin=1"/></net>

<net id="749"><net_src comp="737" pin="3"/><net_sink comp="744" pin=0"/></net>

<net id="755"><net_src comp="70" pin="0"/><net_sink comp="750" pin=0"/></net>

<net id="756"><net_src comp="236" pin="0"/><net_sink comp="750" pin=1"/></net>

<net id="762"><net_src comp="750" pin="3"/><net_sink comp="757" pin=0"/></net>

<net id="768"><net_src comp="68" pin="0"/><net_sink comp="763" pin=0"/></net>

<net id="769"><net_src comp="236" pin="0"/><net_sink comp="763" pin=1"/></net>

<net id="775"><net_src comp="763" pin="3"/><net_sink comp="770" pin=0"/></net>

<net id="781"><net_src comp="66" pin="0"/><net_sink comp="776" pin=0"/></net>

<net id="782"><net_src comp="236" pin="0"/><net_sink comp="776" pin=1"/></net>

<net id="788"><net_src comp="776" pin="3"/><net_sink comp="783" pin=0"/></net>

<net id="794"><net_src comp="64" pin="0"/><net_sink comp="789" pin=0"/></net>

<net id="795"><net_src comp="236" pin="0"/><net_sink comp="789" pin=1"/></net>

<net id="801"><net_src comp="789" pin="3"/><net_sink comp="796" pin=0"/></net>

<net id="807"><net_src comp="62" pin="0"/><net_sink comp="802" pin=0"/></net>

<net id="808"><net_src comp="236" pin="0"/><net_sink comp="802" pin=1"/></net>

<net id="814"><net_src comp="802" pin="3"/><net_sink comp="809" pin=0"/></net>

<net id="820"><net_src comp="60" pin="0"/><net_sink comp="815" pin=0"/></net>

<net id="821"><net_src comp="236" pin="0"/><net_sink comp="815" pin=1"/></net>

<net id="827"><net_src comp="815" pin="3"/><net_sink comp="822" pin=0"/></net>

<net id="833"><net_src comp="58" pin="0"/><net_sink comp="828" pin=0"/></net>

<net id="834"><net_src comp="236" pin="0"/><net_sink comp="828" pin=1"/></net>

<net id="840"><net_src comp="828" pin="3"/><net_sink comp="835" pin=0"/></net>

<net id="846"><net_src comp="74" pin="0"/><net_sink comp="841" pin=0"/></net>

<net id="847"><net_src comp="236" pin="0"/><net_sink comp="841" pin=1"/></net>

<net id="853"><net_src comp="841" pin="3"/><net_sink comp="848" pin=0"/></net>

<net id="859"><net_src comp="54" pin="0"/><net_sink comp="854" pin=0"/></net>

<net id="860"><net_src comp="236" pin="0"/><net_sink comp="854" pin=1"/></net>

<net id="866"><net_src comp="854" pin="3"/><net_sink comp="861" pin=0"/></net>

<net id="872"><net_src comp="52" pin="0"/><net_sink comp="867" pin=0"/></net>

<net id="873"><net_src comp="236" pin="0"/><net_sink comp="867" pin=1"/></net>

<net id="879"><net_src comp="867" pin="3"/><net_sink comp="874" pin=0"/></net>

<net id="885"><net_src comp="50" pin="0"/><net_sink comp="880" pin=0"/></net>

<net id="886"><net_src comp="236" pin="0"/><net_sink comp="880" pin=1"/></net>

<net id="892"><net_src comp="880" pin="3"/><net_sink comp="887" pin=0"/></net>

<net id="898"><net_src comp="48" pin="0"/><net_sink comp="893" pin=0"/></net>

<net id="899"><net_src comp="236" pin="0"/><net_sink comp="893" pin=1"/></net>

<net id="905"><net_src comp="893" pin="3"/><net_sink comp="900" pin=0"/></net>

<net id="911"><net_src comp="46" pin="0"/><net_sink comp="906" pin=0"/></net>

<net id="912"><net_src comp="236" pin="0"/><net_sink comp="906" pin=1"/></net>

<net id="918"><net_src comp="906" pin="3"/><net_sink comp="913" pin=0"/></net>

<net id="924"><net_src comp="44" pin="0"/><net_sink comp="919" pin=0"/></net>

<net id="925"><net_src comp="236" pin="0"/><net_sink comp="919" pin=1"/></net>

<net id="931"><net_src comp="919" pin="3"/><net_sink comp="926" pin=0"/></net>

<net id="937"><net_src comp="42" pin="0"/><net_sink comp="932" pin=0"/></net>

<net id="938"><net_src comp="236" pin="0"/><net_sink comp="932" pin=1"/></net>

<net id="944"><net_src comp="932" pin="3"/><net_sink comp="939" pin=0"/></net>

<net id="950"><net_src comp="40" pin="0"/><net_sink comp="945" pin=0"/></net>

<net id="951"><net_src comp="236" pin="0"/><net_sink comp="945" pin=1"/></net>

<net id="957"><net_src comp="945" pin="3"/><net_sink comp="952" pin=0"/></net>

<net id="963"><net_src comp="56" pin="0"/><net_sink comp="958" pin=0"/></net>

<net id="964"><net_src comp="236" pin="0"/><net_sink comp="958" pin=1"/></net>

<net id="970"><net_src comp="958" pin="3"/><net_sink comp="965" pin=0"/></net>

<net id="976"><net_src comp="36" pin="0"/><net_sink comp="971" pin=0"/></net>

<net id="977"><net_src comp="236" pin="0"/><net_sink comp="971" pin=1"/></net>

<net id="983"><net_src comp="971" pin="3"/><net_sink comp="978" pin=0"/></net>

<net id="989"><net_src comp="34" pin="0"/><net_sink comp="984" pin=0"/></net>

<net id="990"><net_src comp="236" pin="0"/><net_sink comp="984" pin=1"/></net>

<net id="996"><net_src comp="984" pin="3"/><net_sink comp="991" pin=0"/></net>

<net id="1002"><net_src comp="32" pin="0"/><net_sink comp="997" pin=0"/></net>

<net id="1003"><net_src comp="236" pin="0"/><net_sink comp="997" pin=1"/></net>

<net id="1009"><net_src comp="997" pin="3"/><net_sink comp="1004" pin=0"/></net>

<net id="1015"><net_src comp="30" pin="0"/><net_sink comp="1010" pin=0"/></net>

<net id="1016"><net_src comp="236" pin="0"/><net_sink comp="1010" pin=1"/></net>

<net id="1022"><net_src comp="1010" pin="3"/><net_sink comp="1017" pin=0"/></net>

<net id="1028"><net_src comp="28" pin="0"/><net_sink comp="1023" pin=0"/></net>

<net id="1029"><net_src comp="236" pin="0"/><net_sink comp="1023" pin=1"/></net>

<net id="1035"><net_src comp="1023" pin="3"/><net_sink comp="1030" pin=0"/></net>

<net id="1041"><net_src comp="26" pin="0"/><net_sink comp="1036" pin=0"/></net>

<net id="1042"><net_src comp="236" pin="0"/><net_sink comp="1036" pin=1"/></net>

<net id="1048"><net_src comp="1036" pin="3"/><net_sink comp="1043" pin=0"/></net>

<net id="1054"><net_src comp="24" pin="0"/><net_sink comp="1049" pin=0"/></net>

<net id="1055"><net_src comp="236" pin="0"/><net_sink comp="1049" pin=1"/></net>

<net id="1061"><net_src comp="1049" pin="3"/><net_sink comp="1056" pin=0"/></net>

<net id="1067"><net_src comp="22" pin="0"/><net_sink comp="1062" pin=0"/></net>

<net id="1068"><net_src comp="236" pin="0"/><net_sink comp="1062" pin=1"/></net>

<net id="1074"><net_src comp="1062" pin="3"/><net_sink comp="1069" pin=0"/></net>

<net id="1080"><net_src comp="38" pin="0"/><net_sink comp="1075" pin=0"/></net>

<net id="1081"><net_src comp="236" pin="0"/><net_sink comp="1075" pin=1"/></net>

<net id="1087"><net_src comp="1075" pin="3"/><net_sink comp="1082" pin=0"/></net>

<net id="1093"><net_src comp="18" pin="0"/><net_sink comp="1088" pin=0"/></net>

<net id="1094"><net_src comp="236" pin="0"/><net_sink comp="1088" pin=1"/></net>

<net id="1100"><net_src comp="1088" pin="3"/><net_sink comp="1095" pin=0"/></net>

<net id="1106"><net_src comp="16" pin="0"/><net_sink comp="1101" pin=0"/></net>

<net id="1107"><net_src comp="236" pin="0"/><net_sink comp="1101" pin=1"/></net>

<net id="1113"><net_src comp="1101" pin="3"/><net_sink comp="1108" pin=0"/></net>

<net id="1119"><net_src comp="14" pin="0"/><net_sink comp="1114" pin=0"/></net>

<net id="1120"><net_src comp="236" pin="0"/><net_sink comp="1114" pin=1"/></net>

<net id="1126"><net_src comp="1114" pin="3"/><net_sink comp="1121" pin=0"/></net>

<net id="1132"><net_src comp="12" pin="0"/><net_sink comp="1127" pin=0"/></net>

<net id="1133"><net_src comp="236" pin="0"/><net_sink comp="1127" pin=1"/></net>

<net id="1139"><net_src comp="1127" pin="3"/><net_sink comp="1134" pin=0"/></net>

<net id="1145"><net_src comp="10" pin="0"/><net_sink comp="1140" pin=0"/></net>

<net id="1146"><net_src comp="236" pin="0"/><net_sink comp="1140" pin=1"/></net>

<net id="1152"><net_src comp="1140" pin="3"/><net_sink comp="1147" pin=0"/></net>

<net id="1158"><net_src comp="8" pin="0"/><net_sink comp="1153" pin=0"/></net>

<net id="1159"><net_src comp="236" pin="0"/><net_sink comp="1153" pin=1"/></net>

<net id="1165"><net_src comp="1153" pin="3"/><net_sink comp="1160" pin=0"/></net>

<net id="1171"><net_src comp="6" pin="0"/><net_sink comp="1166" pin=0"/></net>

<net id="1172"><net_src comp="236" pin="0"/><net_sink comp="1166" pin=1"/></net>

<net id="1178"><net_src comp="1166" pin="3"/><net_sink comp="1173" pin=0"/></net>

<net id="1184"><net_src comp="4" pin="0"/><net_sink comp="1179" pin=0"/></net>

<net id="1185"><net_src comp="236" pin="0"/><net_sink comp="1179" pin=1"/></net>

<net id="1191"><net_src comp="1179" pin="3"/><net_sink comp="1186" pin=0"/></net>

<net id="1197"><net_src comp="20" pin="0"/><net_sink comp="1192" pin=0"/></net>

<net id="1198"><net_src comp="236" pin="0"/><net_sink comp="1192" pin=1"/></net>

<net id="1204"><net_src comp="1192" pin="3"/><net_sink comp="1199" pin=0"/></net>

<net id="1210"><net_src comp="162" pin="0"/><net_sink comp="1205" pin=0"/></net>

<net id="1211"><net_src comp="236" pin="0"/><net_sink comp="1205" pin=1"/></net>

<net id="1217"><net_src comp="1205" pin="3"/><net_sink comp="1212" pin=0"/></net>

<net id="1223"><net_src comp="160" pin="0"/><net_sink comp="1218" pin=0"/></net>

<net id="1224"><net_src comp="236" pin="0"/><net_sink comp="1218" pin=1"/></net>

<net id="1230"><net_src comp="1218" pin="3"/><net_sink comp="1225" pin=0"/></net>

<net id="1236"><net_src comp="158" pin="0"/><net_sink comp="1231" pin=0"/></net>

<net id="1237"><net_src comp="236" pin="0"/><net_sink comp="1231" pin=1"/></net>

<net id="1243"><net_src comp="1231" pin="3"/><net_sink comp="1238" pin=0"/></net>

<net id="1249"><net_src comp="156" pin="0"/><net_sink comp="1244" pin=0"/></net>

<net id="1250"><net_src comp="236" pin="0"/><net_sink comp="1244" pin=1"/></net>

<net id="1256"><net_src comp="1244" pin="3"/><net_sink comp="1251" pin=0"/></net>

<net id="1262"><net_src comp="154" pin="0"/><net_sink comp="1257" pin=0"/></net>

<net id="1263"><net_src comp="236" pin="0"/><net_sink comp="1257" pin=1"/></net>

<net id="1269"><net_src comp="1257" pin="3"/><net_sink comp="1264" pin=0"/></net>

<net id="1275"><net_src comp="152" pin="0"/><net_sink comp="1270" pin=0"/></net>

<net id="1276"><net_src comp="236" pin="0"/><net_sink comp="1270" pin=1"/></net>

<net id="1282"><net_src comp="1270" pin="3"/><net_sink comp="1277" pin=0"/></net>

<net id="1288"><net_src comp="150" pin="0"/><net_sink comp="1283" pin=0"/></net>

<net id="1289"><net_src comp="236" pin="0"/><net_sink comp="1283" pin=1"/></net>

<net id="1295"><net_src comp="1283" pin="3"/><net_sink comp="1290" pin=0"/></net>

<net id="1301"><net_src comp="148" pin="0"/><net_sink comp="1296" pin=0"/></net>

<net id="1302"><net_src comp="236" pin="0"/><net_sink comp="1296" pin=1"/></net>

<net id="1308"><net_src comp="1296" pin="3"/><net_sink comp="1303" pin=0"/></net>

<net id="1314"><net_src comp="164" pin="0"/><net_sink comp="1309" pin=0"/></net>

<net id="1315"><net_src comp="236" pin="0"/><net_sink comp="1309" pin=1"/></net>

<net id="1321"><net_src comp="1309" pin="3"/><net_sink comp="1316" pin=0"/></net>

<net id="1325"><net_src comp="258" pin="2"/><net_sink comp="1322" pin=0"/></net>

<net id="1330"><net_src comp="188" pin="0"/><net_sink comp="1326" pin=0"/></net>

<net id="1335"><net_src comp="190" pin="0"/><net_sink comp="1331" pin=0"/></net>

<net id="1340"><net_src comp="192" pin="0"/><net_sink comp="1336" pin=0"/></net>

<net id="1345"><net_src comp="190" pin="0"/><net_sink comp="1341" pin=0"/></net>

<net id="1350"><net_src comp="190" pin="0"/><net_sink comp="1346" pin=0"/></net>

<net id="1358"><net_src comp="1351" pin="1"/><net_sink comp="1354" pin=0"/></net>

<net id="1359"><net_src comp="194" pin="0"/><net_sink comp="1354" pin=1"/></net>

<net id="1364"><net_src comp="1351" pin="1"/><net_sink comp="1360" pin=0"/></net>

<net id="1365"><net_src comp="196" pin="0"/><net_sink comp="1360" pin=1"/></net>

<net id="1370"><net_src comp="1360" pin="2"/><net_sink comp="1366" pin=0"/></net>

<net id="1378"><net_src comp="0" pin="0"/><net_sink comp="1374" pin=0"/></net>

<net id="1379"><net_src comp="1374" pin="2"/><net_sink comp="264" pin=1"/></net>

<net id="1390"><net_src comp="1371" pin="1"/><net_sink comp="1386" pin=0"/></net>

<net id="1391"><net_src comp="198" pin="0"/><net_sink comp="1386" pin=1"/></net>

<net id="1397"><net_src comp="1386" pin="2"/><net_sink comp="1392" pin=0"/></net>

<net id="1398"><net_src comp="190" pin="0"/><net_sink comp="1392" pin=1"/></net>

<net id="1399"><net_src comp="1383" pin="1"/><net_sink comp="1392" pin=2"/></net>

<net id="1404"><net_src comp="1386" pin="2"/><net_sink comp="1400" pin=0"/></net>

<net id="1405"><net_src comp="200" pin="0"/><net_sink comp="1400" pin=1"/></net>

<net id="1410"><net_src comp="1380" pin="1"/><net_sink comp="1406" pin=0"/></net>

<net id="1411"><net_src comp="202" pin="0"/><net_sink comp="1406" pin=1"/></net>

<net id="1416"><net_src comp="1406" pin="2"/><net_sink comp="1412" pin=0"/></net>

<net id="1417"><net_src comp="1400" pin="2"/><net_sink comp="1412" pin=1"/></net>

<net id="1422"><net_src comp="1392" pin="3"/><net_sink comp="1418" pin=0"/></net>

<net id="1423"><net_src comp="204" pin="0"/><net_sink comp="1418" pin=1"/></net>

<net id="1428"><net_src comp="1412" pin="2"/><net_sink comp="1424" pin=0"/></net>

<net id="1429"><net_src comp="1386" pin="2"/><net_sink comp="1424" pin=1"/></net>

<net id="1435"><net_src comp="1424" pin="2"/><net_sink comp="1430" pin=0"/></net>

<net id="1436"><net_src comp="190" pin="0"/><net_sink comp="1430" pin=1"/></net>

<net id="1437"><net_src comp="1380" pin="1"/><net_sink comp="1430" pin=2"/></net>

<net id="1443"><net_src comp="1412" pin="2"/><net_sink comp="1438" pin=0"/></net>

<net id="1444"><net_src comp="1418" pin="2"/><net_sink comp="1438" pin=1"/></net>

<net id="1445"><net_src comp="1392" pin="3"/><net_sink comp="1438" pin=2"/></net>

<net id="1449"><net_src comp="264" pin="2"/><net_sink comp="1446" pin=0"/></net>

<net id="1454"><net_src comp="1430" pin="3"/><net_sink comp="1450" pin=0"/></net>

<net id="1455"><net_src comp="204" pin="0"/><net_sink comp="1450" pin=1"/></net>

<net id="1460"><net_src comp="1371" pin="1"/><net_sink comp="1456" pin=0"/></net>

<net id="1461"><net_src comp="220" pin="0"/><net_sink comp="1456" pin=1"/></net>

<net id="1467"><net_src comp="1386" pin="2"/><net_sink comp="1462" pin=0"/></net>

<net id="1468"><net_src comp="220" pin="0"/><net_sink comp="1462" pin=1"/></net>

<net id="1469"><net_src comp="1456" pin="2"/><net_sink comp="1462" pin=2"/></net>

<net id="1474"><net_src comp="1462" pin="3"/><net_sink comp="1470" pin=0"/></net>

<net id="1479"><net_src comp="1438" pin="3"/><net_sink comp="1475" pin=0"/></net>

<net id="1484"><net_src comp="1450" pin="2"/><net_sink comp="1480" pin=0"/></net>

<net id="1492"><net_src comp="1485" pin="1"/><net_sink comp="1488" pin=0"/></net>

<net id="1493"><net_src comp="204" pin="0"/><net_sink comp="1488" pin=1"/></net>

<net id="1499"><net_src comp="1488" pin="2"/><net_sink comp="1494" pin=1"/></net>

<net id="1500"><net_src comp="1485" pin="1"/><net_sink comp="1494" pin=2"/></net>

<net id="1504"><net_src comp="1494" pin="3"/><net_sink comp="1501" pin=0"/></net>

<net id="1505"><net_src comp="1501" pin="1"/><net_sink comp="269" pin=2"/></net>

<net id="1506"><net_src comp="1501" pin="1"/><net_sink comp="282" pin=2"/></net>

<net id="1507"><net_src comp="1501" pin="1"/><net_sink comp="295" pin=2"/></net>

<net id="1508"><net_src comp="1501" pin="1"/><net_sink comp="308" pin=2"/></net>

<net id="1509"><net_src comp="1501" pin="1"/><net_sink comp="321" pin=2"/></net>

<net id="1510"><net_src comp="1501" pin="1"/><net_sink comp="334" pin=2"/></net>

<net id="1511"><net_src comp="1501" pin="1"/><net_sink comp="347" pin=2"/></net>

<net id="1512"><net_src comp="1501" pin="1"/><net_sink comp="360" pin=2"/></net>

<net id="1513"><net_src comp="1501" pin="1"/><net_sink comp="373" pin=2"/></net>

<net id="1514"><net_src comp="1501" pin="1"/><net_sink comp="386" pin=2"/></net>

<net id="1515"><net_src comp="1501" pin="1"/><net_sink comp="399" pin=2"/></net>

<net id="1516"><net_src comp="1501" pin="1"/><net_sink comp="412" pin=2"/></net>

<net id="1517"><net_src comp="1501" pin="1"/><net_sink comp="425" pin=2"/></net>

<net id="1518"><net_src comp="1501" pin="1"/><net_sink comp="438" pin=2"/></net>

<net id="1519"><net_src comp="1501" pin="1"/><net_sink comp="451" pin=2"/></net>

<net id="1520"><net_src comp="1501" pin="1"/><net_sink comp="464" pin=2"/></net>

<net id="1521"><net_src comp="1501" pin="1"/><net_sink comp="477" pin=2"/></net>

<net id="1522"><net_src comp="1501" pin="1"/><net_sink comp="490" pin=2"/></net>

<net id="1523"><net_src comp="1501" pin="1"/><net_sink comp="503" pin=2"/></net>

<net id="1524"><net_src comp="1501" pin="1"/><net_sink comp="516" pin=2"/></net>

<net id="1525"><net_src comp="1501" pin="1"/><net_sink comp="529" pin=2"/></net>

<net id="1526"><net_src comp="1501" pin="1"/><net_sink comp="542" pin=2"/></net>

<net id="1527"><net_src comp="1501" pin="1"/><net_sink comp="555" pin=2"/></net>

<net id="1528"><net_src comp="1501" pin="1"/><net_sink comp="568" pin=2"/></net>

<net id="1529"><net_src comp="1501" pin="1"/><net_sink comp="581" pin=2"/></net>

<net id="1530"><net_src comp="1501" pin="1"/><net_sink comp="594" pin=2"/></net>

<net id="1531"><net_src comp="1501" pin="1"/><net_sink comp="607" pin=2"/></net>

<net id="1532"><net_src comp="1501" pin="1"/><net_sink comp="620" pin=2"/></net>

<net id="1533"><net_src comp="1501" pin="1"/><net_sink comp="633" pin=2"/></net>

<net id="1534"><net_src comp="1501" pin="1"/><net_sink comp="646" pin=2"/></net>

<net id="1535"><net_src comp="1501" pin="1"/><net_sink comp="659" pin=2"/></net>

<net id="1536"><net_src comp="1501" pin="1"/><net_sink comp="672" pin=2"/></net>

<net id="1537"><net_src comp="1501" pin="1"/><net_sink comp="685" pin=2"/></net>

<net id="1538"><net_src comp="1501" pin="1"/><net_sink comp="698" pin=2"/></net>

<net id="1539"><net_src comp="1501" pin="1"/><net_sink comp="711" pin=2"/></net>

<net id="1540"><net_src comp="1501" pin="1"/><net_sink comp="724" pin=2"/></net>

<net id="1541"><net_src comp="1501" pin="1"/><net_sink comp="737" pin=2"/></net>

<net id="1542"><net_src comp="1501" pin="1"/><net_sink comp="750" pin=2"/></net>

<net id="1543"><net_src comp="1501" pin="1"/><net_sink comp="763" pin=2"/></net>

<net id="1544"><net_src comp="1501" pin="1"/><net_sink comp="776" pin=2"/></net>

<net id="1545"><net_src comp="1501" pin="1"/><net_sink comp="789" pin=2"/></net>

<net id="1546"><net_src comp="1501" pin="1"/><net_sink comp="802" pin=2"/></net>

<net id="1547"><net_src comp="1501" pin="1"/><net_sink comp="815" pin=2"/></net>

<net id="1548"><net_src comp="1501" pin="1"/><net_sink comp="828" pin=2"/></net>

<net id="1549"><net_src comp="1501" pin="1"/><net_sink comp="841" pin=2"/></net>

<net id="1550"><net_src comp="1501" pin="1"/><net_sink comp="854" pin=2"/></net>

<net id="1551"><net_src comp="1501" pin="1"/><net_sink comp="867" pin=2"/></net>

<net id="1552"><net_src comp="1501" pin="1"/><net_sink comp="880" pin=2"/></net>

<net id="1553"><net_src comp="1501" pin="1"/><net_sink comp="893" pin=2"/></net>

<net id="1554"><net_src comp="1501" pin="1"/><net_sink comp="906" pin=2"/></net>

<net id="1555"><net_src comp="1501" pin="1"/><net_sink comp="919" pin=2"/></net>

<net id="1556"><net_src comp="1501" pin="1"/><net_sink comp="932" pin=2"/></net>

<net id="1557"><net_src comp="1501" pin="1"/><net_sink comp="945" pin=2"/></net>

<net id="1558"><net_src comp="1501" pin="1"/><net_sink comp="958" pin=2"/></net>

<net id="1559"><net_src comp="1501" pin="1"/><net_sink comp="971" pin=2"/></net>

<net id="1560"><net_src comp="1501" pin="1"/><net_sink comp="984" pin=2"/></net>

<net id="1561"><net_src comp="1501" pin="1"/><net_sink comp="997" pin=2"/></net>

<net id="1562"><net_src comp="1501" pin="1"/><net_sink comp="1010" pin=2"/></net>

<net id="1563"><net_src comp="1501" pin="1"/><net_sink comp="1023" pin=2"/></net>

<net id="1564"><net_src comp="1501" pin="1"/><net_sink comp="1036" pin=2"/></net>

<net id="1565"><net_src comp="1501" pin="1"/><net_sink comp="1049" pin=2"/></net>

<net id="1566"><net_src comp="1501" pin="1"/><net_sink comp="1062" pin=2"/></net>

<net id="1567"><net_src comp="1501" pin="1"/><net_sink comp="1075" pin=2"/></net>

<net id="1568"><net_src comp="1501" pin="1"/><net_sink comp="1088" pin=2"/></net>

<net id="1569"><net_src comp="1501" pin="1"/><net_sink comp="1101" pin=2"/></net>

<net id="1570"><net_src comp="1501" pin="1"/><net_sink comp="1114" pin=2"/></net>

<net id="1571"><net_src comp="1501" pin="1"/><net_sink comp="1127" pin=2"/></net>

<net id="1572"><net_src comp="1501" pin="1"/><net_sink comp="1140" pin=2"/></net>

<net id="1573"><net_src comp="1501" pin="1"/><net_sink comp="1153" pin=2"/></net>

<net id="1574"><net_src comp="1501" pin="1"/><net_sink comp="1166" pin=2"/></net>

<net id="1575"><net_src comp="1501" pin="1"/><net_sink comp="1179" pin=2"/></net>

<net id="1576"><net_src comp="1501" pin="1"/><net_sink comp="1192" pin=2"/></net>

<net id="1577"><net_src comp="1501" pin="1"/><net_sink comp="1205" pin=2"/></net>

<net id="1578"><net_src comp="1501" pin="1"/><net_sink comp="1218" pin=2"/></net>

<net id="1579"><net_src comp="1501" pin="1"/><net_sink comp="1231" pin=2"/></net>

<net id="1580"><net_src comp="1501" pin="1"/><net_sink comp="1244" pin=2"/></net>

<net id="1581"><net_src comp="1501" pin="1"/><net_sink comp="1257" pin=2"/></net>

<net id="1582"><net_src comp="1501" pin="1"/><net_sink comp="1270" pin=2"/></net>

<net id="1583"><net_src comp="1501" pin="1"/><net_sink comp="1283" pin=2"/></net>

<net id="1584"><net_src comp="1501" pin="1"/><net_sink comp="1296" pin=2"/></net>

<net id="1585"><net_src comp="1501" pin="1"/><net_sink comp="1309" pin=2"/></net>

<net id="1590"><net_src comp="1494" pin="3"/><net_sink comp="1586" pin=0"/></net>

<net id="1594"><net_src comp="238" pin="1"/><net_sink comp="1591" pin=0"/></net>

<net id="1595"><net_src comp="1591" pin="1"/><net_sink comp="1346" pin=1"/></net>

<net id="1596"><net_src comp="1591" pin="1"/><net_sink comp="1380" pin=0"/></net>

<net id="1597"><net_src comp="1591" pin="1"/><net_sink comp="1480" pin=1"/></net>

<net id="1601"><net_src comp="242" pin="1"/><net_sink comp="1598" pin=0"/></net>

<net id="1602"><net_src comp="1598" pin="1"/><net_sink comp="1341" pin=1"/></net>

<net id="1603"><net_src comp="1598" pin="1"/><net_sink comp="1383" pin=0"/></net>

<net id="1604"><net_src comp="1598" pin="1"/><net_sink comp="1475" pin=1"/></net>

<net id="1608"><net_src comp="246" pin="1"/><net_sink comp="1605" pin=0"/></net>

<net id="1609"><net_src comp="1605" pin="1"/><net_sink comp="1336" pin=1"/></net>

<net id="1610"><net_src comp="1605" pin="1"/><net_sink comp="1371" pin=0"/></net>

<net id="1611"><net_src comp="1605" pin="1"/><net_sink comp="1470" pin=1"/></net>

<net id="1615"><net_src comp="250" pin="1"/><net_sink comp="1612" pin=0"/></net>

<net id="1616"><net_src comp="1612" pin="1"/><net_sink comp="1331" pin=1"/></net>

<net id="1617"><net_src comp="1612" pin="1"/><net_sink comp="1485" pin=0"/></net>

<net id="1618"><net_src comp="1612" pin="1"/><net_sink comp="1586" pin=1"/></net>

<net id="1622"><net_src comp="254" pin="1"/><net_sink comp="1619" pin=0"/></net>

<net id="1623"><net_src comp="1619" pin="1"/><net_sink comp="1326" pin=1"/></net>

<net id="1624"><net_src comp="1619" pin="1"/><net_sink comp="1351" pin=0"/></net>

<net id="1625"><net_src comp="1619" pin="1"/><net_sink comp="1366" pin=1"/></net>

<net id="1629"><net_src comp="1322" pin="1"/><net_sink comp="1626" pin=0"/></net>

<net id="1630"><net_src comp="1626" pin="1"/><net_sink comp="1374" pin=1"/></net>

<net id="1634"><net_src comp="1354" pin="2"/><net_sink comp="1631" pin=0"/></net>

<net id="1638"><net_src comp="1386" pin="2"/><net_sink comp="1635" pin=0"/></net>

<net id="1639"><net_src comp="1635" pin="1"/><net_sink comp="1494" pin=0"/></net>

<net id="1643"><net_src comp="1430" pin="3"/><net_sink comp="1640" pin=0"/></net>

<net id="1647"><net_src comp="1438" pin="3"/><net_sink comp="1644" pin=0"/></net>

<net id="1651"><net_src comp="1446" pin="1"/><net_sink comp="1648" pin=0"/></net>

<net id="1652"><net_src comp="1648" pin="1"/><net_sink comp="276" pin=1"/></net>

<net id="1653"><net_src comp="1648" pin="1"/><net_sink comp="289" pin=1"/></net>

<net id="1654"><net_src comp="1648" pin="1"/><net_sink comp="302" pin=1"/></net>

<net id="1655"><net_src comp="1648" pin="1"/><net_sink comp="315" pin=1"/></net>

<net id="1656"><net_src comp="1648" pin="1"/><net_sink comp="328" pin=1"/></net>

<net id="1657"><net_src comp="1648" pin="1"/><net_sink comp="341" pin=1"/></net>

<net id="1658"><net_src comp="1648" pin="1"/><net_sink comp="354" pin=1"/></net>

<net id="1659"><net_src comp="1648" pin="1"/><net_sink comp="367" pin=1"/></net>

<net id="1660"><net_src comp="1648" pin="1"/><net_sink comp="380" pin=1"/></net>

<net id="1661"><net_src comp="1648" pin="1"/><net_sink comp="393" pin=1"/></net>

<net id="1662"><net_src comp="1648" pin="1"/><net_sink comp="406" pin=1"/></net>

<net id="1663"><net_src comp="1648" pin="1"/><net_sink comp="419" pin=1"/></net>

<net id="1664"><net_src comp="1648" pin="1"/><net_sink comp="432" pin=1"/></net>

<net id="1665"><net_src comp="1648" pin="1"/><net_sink comp="445" pin=1"/></net>

<net id="1666"><net_src comp="1648" pin="1"/><net_sink comp="458" pin=1"/></net>

<net id="1667"><net_src comp="1648" pin="1"/><net_sink comp="471" pin=1"/></net>

<net id="1668"><net_src comp="1648" pin="1"/><net_sink comp="484" pin=1"/></net>

<net id="1669"><net_src comp="1648" pin="1"/><net_sink comp="497" pin=1"/></net>

<net id="1670"><net_src comp="1648" pin="1"/><net_sink comp="510" pin=1"/></net>

<net id="1671"><net_src comp="1648" pin="1"/><net_sink comp="523" pin=1"/></net>

<net id="1672"><net_src comp="1648" pin="1"/><net_sink comp="536" pin=1"/></net>

<net id="1673"><net_src comp="1648" pin="1"/><net_sink comp="549" pin=1"/></net>

<net id="1674"><net_src comp="1648" pin="1"/><net_sink comp="562" pin=1"/></net>

<net id="1675"><net_src comp="1648" pin="1"/><net_sink comp="575" pin=1"/></net>

<net id="1676"><net_src comp="1648" pin="1"/><net_sink comp="588" pin=1"/></net>

<net id="1677"><net_src comp="1648" pin="1"/><net_sink comp="601" pin=1"/></net>

<net id="1678"><net_src comp="1648" pin="1"/><net_sink comp="614" pin=1"/></net>

<net id="1679"><net_src comp="1648" pin="1"/><net_sink comp="627" pin=1"/></net>

<net id="1680"><net_src comp="1648" pin="1"/><net_sink comp="640" pin=1"/></net>

<net id="1681"><net_src comp="1648" pin="1"/><net_sink comp="653" pin=1"/></net>

<net id="1682"><net_src comp="1648" pin="1"/><net_sink comp="666" pin=1"/></net>

<net id="1683"><net_src comp="1648" pin="1"/><net_sink comp="679" pin=1"/></net>

<net id="1684"><net_src comp="1648" pin="1"/><net_sink comp="692" pin=1"/></net>

<net id="1685"><net_src comp="1648" pin="1"/><net_sink comp="705" pin=1"/></net>

<net id="1686"><net_src comp="1648" pin="1"/><net_sink comp="718" pin=1"/></net>

<net id="1687"><net_src comp="1648" pin="1"/><net_sink comp="731" pin=1"/></net>

<net id="1688"><net_src comp="1648" pin="1"/><net_sink comp="744" pin=1"/></net>

<net id="1689"><net_src comp="1648" pin="1"/><net_sink comp="757" pin=1"/></net>

<net id="1690"><net_src comp="1648" pin="1"/><net_sink comp="770" pin=1"/></net>

<net id="1691"><net_src comp="1648" pin="1"/><net_sink comp="783" pin=1"/></net>

<net id="1692"><net_src comp="1648" pin="1"/><net_sink comp="796" pin=1"/></net>

<net id="1693"><net_src comp="1648" pin="1"/><net_sink comp="809" pin=1"/></net>

<net id="1694"><net_src comp="1648" pin="1"/><net_sink comp="822" pin=1"/></net>

<net id="1695"><net_src comp="1648" pin="1"/><net_sink comp="835" pin=1"/></net>

<net id="1696"><net_src comp="1648" pin="1"/><net_sink comp="848" pin=1"/></net>

<net id="1697"><net_src comp="1648" pin="1"/><net_sink comp="861" pin=1"/></net>

<net id="1698"><net_src comp="1648" pin="1"/><net_sink comp="874" pin=1"/></net>

<net id="1699"><net_src comp="1648" pin="1"/><net_sink comp="887" pin=1"/></net>

<net id="1700"><net_src comp="1648" pin="1"/><net_sink comp="900" pin=1"/></net>

<net id="1701"><net_src comp="1648" pin="1"/><net_sink comp="913" pin=1"/></net>

<net id="1702"><net_src comp="1648" pin="1"/><net_sink comp="926" pin=1"/></net>

<net id="1703"><net_src comp="1648" pin="1"/><net_sink comp="939" pin=1"/></net>

<net id="1704"><net_src comp="1648" pin="1"/><net_sink comp="952" pin=1"/></net>

<net id="1705"><net_src comp="1648" pin="1"/><net_sink comp="965" pin=1"/></net>

<net id="1706"><net_src comp="1648" pin="1"/><net_sink comp="978" pin=1"/></net>

<net id="1707"><net_src comp="1648" pin="1"/><net_sink comp="991" pin=1"/></net>

<net id="1708"><net_src comp="1648" pin="1"/><net_sink comp="1004" pin=1"/></net>

<net id="1709"><net_src comp="1648" pin="1"/><net_sink comp="1017" pin=1"/></net>

<net id="1710"><net_src comp="1648" pin="1"/><net_sink comp="1030" pin=1"/></net>

<net id="1711"><net_src comp="1648" pin="1"/><net_sink comp="1043" pin=1"/></net>

<net id="1712"><net_src comp="1648" pin="1"/><net_sink comp="1056" pin=1"/></net>

<net id="1713"><net_src comp="1648" pin="1"/><net_sink comp="1069" pin=1"/></net>

<net id="1714"><net_src comp="1648" pin="1"/><net_sink comp="1082" pin=1"/></net>

<net id="1715"><net_src comp="1648" pin="1"/><net_sink comp="1095" pin=1"/></net>

<net id="1716"><net_src comp="1648" pin="1"/><net_sink comp="1108" pin=1"/></net>

<net id="1717"><net_src comp="1648" pin="1"/><net_sink comp="1121" pin=1"/></net>

<net id="1718"><net_src comp="1648" pin="1"/><net_sink comp="1134" pin=1"/></net>

<net id="1719"><net_src comp="1648" pin="1"/><net_sink comp="1147" pin=1"/></net>

<net id="1720"><net_src comp="1648" pin="1"/><net_sink comp="1160" pin=1"/></net>

<net id="1721"><net_src comp="1648" pin="1"/><net_sink comp="1173" pin=1"/></net>

<net id="1722"><net_src comp="1648" pin="1"/><net_sink comp="1186" pin=1"/></net>

<net id="1723"><net_src comp="1648" pin="1"/><net_sink comp="1199" pin=1"/></net>

<net id="1724"><net_src comp="1648" pin="1"/><net_sink comp="1212" pin=1"/></net>

<net id="1725"><net_src comp="1648" pin="1"/><net_sink comp="1225" pin=1"/></net>

<net id="1726"><net_src comp="1648" pin="1"/><net_sink comp="1238" pin=1"/></net>

<net id="1727"><net_src comp="1648" pin="1"/><net_sink comp="1251" pin=1"/></net>

<net id="1728"><net_src comp="1648" pin="1"/><net_sink comp="1264" pin=1"/></net>

<net id="1729"><net_src comp="1648" pin="1"/><net_sink comp="1277" pin=1"/></net>

<net id="1730"><net_src comp="1648" pin="1"/><net_sink comp="1290" pin=1"/></net>

<net id="1731"><net_src comp="1648" pin="1"/><net_sink comp="1303" pin=1"/></net>

<net id="1732"><net_src comp="1648" pin="1"/><net_sink comp="1316" pin=1"/></net>

</net_list>

</model> 
---------------- Datapath Model END ------------------

* FSMD analyzer results:
  - Output states:
	Port: p_ZZ5conv1PA255_A255_fPA1_A9_A9_fPfS1_E6w_tile_0_0_0 | {3 }
	Port: p_ZZ5conv1PA255_A255_fPA1_A9_A9_fPfS1_E6w_tile_0_1_0 | {3 }
	Port: p_ZZ5conv1PA255_A255_fPA1_A9_A9_fPfS1_E6w_tile_0_2_0 | {3 }
	Port: p_ZZ5conv1PA255_A255_fPA1_A9_A9_fPfS1_E6w_tile_0_3_0 | {3 }
	Port: p_ZZ5conv1PA255_A255_fPA1_A9_A9_fPfS1_E6w_tile_0_4_0 | {3 }
	Port: p_ZZ5conv1PA255_A255_fPA1_A9_A9_fPfS1_E6w_tile_0_5_0 | {3 }
	Port: p_ZZ5conv1PA255_A255_fPA1_A9_A9_fPfS1_E6w_tile_0_6_0 | {3 }
	Port: p_ZZ5conv1PA255_A255_fPA1_A9_A9_fPfS1_E6w_tile_0_7_0 | {3 }
	Port: p_ZZ5conv1PA255_A255_fPA1_A9_A9_fPfS1_E6w_tile_0_8_0 | {3 }
	Port: p_ZZ5conv1PA255_A255_fPA1_A9_A9_fPfS1_E6w_tile_1_0_0 | {3 }
	Port: p_ZZ5conv1PA255_A255_fPA1_A9_A9_fPfS1_E6w_tile_1_1_0 | {3 }
	Port: p_ZZ5conv1PA255_A255_fPA1_A9_A9_fPfS1_E6w_tile_1_2_0 | {3 }
	Port: p_ZZ5conv1PA255_A255_fPA1_A9_A9_fPfS1_E6w_tile_1_3_0 | {3 }
	Port: p_ZZ5conv1PA255_A255_fPA1_A9_A9_fPfS1_E6w_tile_1_4_0 | {3 }
	Port: p_ZZ5conv1PA255_A255_fPA1_A9_A9_fPfS1_E6w_tile_1_5_0 | {3 }
	Port: p_ZZ5conv1PA255_A255_fPA1_A9_A9_fPfS1_E6w_tile_1_6_0 | {3 }
	Port: p_ZZ5conv1PA255_A255_fPA1_A9_A9_fPfS1_E6w_tile_1_7_0 | {3 }
	Port: p_ZZ5conv1PA255_A255_fPA1_A9_A9_fPfS1_E6w_tile_1_8_0 | {3 }
	Port: p_ZZ5conv1PA255_A255_fPA1_A9_A9_fPfS1_E6w_tile_2_0_0 | {3 }
	Port: p_ZZ5conv1PA255_A255_fPA1_A9_A9_fPfS1_E6w_tile_2_1_0 | {3 }
	Port: p_ZZ5conv1PA255_A255_fPA1_A9_A9_fPfS1_E6w_tile_2_2_0 | {3 }
	Port: p_ZZ5conv1PA255_A255_fPA1_A9_A9_fPfS1_E6w_tile_2_3_0 | {3 }
	Port: p_ZZ5conv1PA255_A255_fPA1_A9_A9_fPfS1_E6w_tile_2_4_0 | {3 }
	Port: p_ZZ5conv1PA255_A255_fPA1_A9_A9_fPfS1_E6w_tile_2_5_0 | {3 }
	Port: p_ZZ5conv1PA255_A255_fPA1_A9_A9_fPfS1_E6w_tile_2_6_0 | {3 }
	Port: p_ZZ5conv1PA255_A255_fPA1_A9_A9_fPfS1_E6w_tile_2_7_0 | {3 }
	Port: p_ZZ5conv1PA255_A255_fPA1_A9_A9_fPfS1_E6w_tile_2_8_0 | {3 }
	Port: p_ZZ5conv1PA255_A255_fPA1_A9_A9_fPfS1_E6w_tile_3_0_0 | {3 }
	Port: p_ZZ5conv1PA255_A255_fPA1_A9_A9_fPfS1_E6w_tile_3_1_0 | {3 }
	Port: p_ZZ5conv1PA255_A255_fPA1_A9_A9_fPfS1_E6w_tile_3_2_0 | {3 }
	Port: p_ZZ5conv1PA255_A255_fPA1_A9_A9_fPfS1_E6w_tile_3_3_0 | {3 }
	Port: p_ZZ5conv1PA255_A255_fPA1_A9_A9_fPfS1_E6w_tile_3_4_0 | {3 }
	Port: p_ZZ5conv1PA255_A255_fPA1_A9_A9_fPfS1_E6w_tile_3_5_0 | {3 }
	Port: p_ZZ5conv1PA255_A255_fPA1_A9_A9_fPfS1_E6w_tile_3_6_0 | {3 }
	Port: p_ZZ5conv1PA255_A255_fPA1_A9_A9_fPfS1_E6w_tile_3_7_0 | {3 }
	Port: p_ZZ5conv1PA255_A255_fPA1_A9_A9_fPfS1_E6w_tile_3_8_0 | {3 }
	Port: p_ZZ5conv1PA255_A255_fPA1_A9_A9_fPfS1_E6w_tile_4_0_0 | {3 }
	Port: p_ZZ5conv1PA255_A255_fPA1_A9_A9_fPfS1_E6w_tile_4_1_0 | {3 }
	Port: p_ZZ5conv1PA255_A255_fPA1_A9_A9_fPfS1_E6w_tile_4_2_0 | {3 }
	Port: p_ZZ5conv1PA255_A255_fPA1_A9_A9_fPfS1_E6w_tile_4_3_0 | {3 }
	Port: p_ZZ5conv1PA255_A255_fPA1_A9_A9_fPfS1_E6w_tile_4_4_0 | {3 }
	Port: p_ZZ5conv1PA255_A255_fPA1_A9_A9_fPfS1_E6w_tile_4_5_0 | {3 }
	Port: p_ZZ5conv1PA255_A255_fPA1_A9_A9_fPfS1_E6w_tile_4_6_0 | {3 }
	Port: p_ZZ5conv1PA255_A255_fPA1_A9_A9_fPfS1_E6w_tile_4_7_0 | {3 }
	Port: p_ZZ5conv1PA255_A255_fPA1_A9_A9_fPfS1_E6w_tile_4_8_0 | {3 }
	Port: p_ZZ5conv1PA255_A255_fPA1_A9_A9_fPfS1_E6w_tile_5_0_0 | {3 }
	Port: p_ZZ5conv1PA255_A255_fPA1_A9_A9_fPfS1_E6w_tile_5_1_0 | {3 }
	Port: p_ZZ5conv1PA255_A255_fPA1_A9_A9_fPfS1_E6w_tile_5_2_0 | {3 }
	Port: p_ZZ5conv1PA255_A255_fPA1_A9_A9_fPfS1_E6w_tile_5_3_0 | {3 }
	Port: p_ZZ5conv1PA255_A255_fPA1_A9_A9_fPfS1_E6w_tile_5_4_0 | {3 }
	Port: p_ZZ5conv1PA255_A255_fPA1_A9_A9_fPfS1_E6w_tile_5_5_0 | {3 }
	Port: p_ZZ5conv1PA255_A255_fPA1_A9_A9_fPfS1_E6w_tile_5_6_0 | {3 }
	Port: p_ZZ5conv1PA255_A255_fPA1_A9_A9_fPfS1_E6w_tile_5_7_0 | {3 }
	Port: p_ZZ5conv1PA255_A255_fPA1_A9_A9_fPfS1_E6w_tile_5_8_0 | {3 }
	Port: p_ZZ5conv1PA255_A255_fPA1_A9_A9_fPfS1_E6w_tile_6_0_0 | {3 }
	Port: p_ZZ5conv1PA255_A255_fPA1_A9_A9_fPfS1_E6w_tile_6_1_0 | {3 }
	Port: p_ZZ5conv1PA255_A255_fPA1_A9_A9_fPfS1_E6w_tile_6_2_0 | {3 }
	Port: p_ZZ5conv1PA255_A255_fPA1_A9_A9_fPfS1_E6w_tile_6_3_0 | {3 }
	Port: p_ZZ5conv1PA255_A255_fPA1_A9_A9_fPfS1_E6w_tile_6_4_0 | {3 }
	Port: p_ZZ5conv1PA255_A255_fPA1_A9_A9_fPfS1_E6w_tile_6_5_0 | {3 }
	Port: p_ZZ5conv1PA255_A255_fPA1_A9_A9_fPfS1_E6w_tile_6_6_0 | {3 }
	Port: p_ZZ5conv1PA255_A255_fPA1_A9_A9_fPfS1_E6w_tile_6_7_0 | {3 }
	Port: p_ZZ5conv1PA255_A255_fPA1_A9_A9_fPfS1_E6w_tile_6_8_0 | {3 }
	Port: p_ZZ5conv1PA255_A255_fPA1_A9_A9_fPfS1_E6w_tile_7_0_0 | {3 }
	Port: p_ZZ5conv1PA255_A255_fPA1_A9_A9_fPfS1_E6w_tile_7_1_0 | {3 }
	Port: p_ZZ5conv1PA255_A255_fPA1_A9_A9_fPfS1_E6w_tile_7_2_0 | {3 }
	Port: p_ZZ5conv1PA255_A255_fPA1_A9_A9_fPfS1_E6w_tile_7_3_0 | {3 }
	Port: p_ZZ5conv1PA255_A255_fPA1_A9_A9_fPfS1_E6w_tile_7_4_0 | {3 }
	Port: p_ZZ5conv1PA255_A255_fPA1_A9_A9_fPfS1_E6w_tile_7_5_0 | {3 }
	Port: p_ZZ5conv1PA255_A255_fPA1_A9_A9_fPfS1_E6w_tile_7_6_0 | {3 }
	Port: p_ZZ5conv1PA255_A255_fPA1_A9_A9_fPfS1_E6w_tile_7_7_0 | {3 }
	Port: p_ZZ5conv1PA255_A255_fPA1_A9_A9_fPfS1_E6w_tile_7_8_0 | {3 }
	Port: p_ZZ5conv1PA255_A255_fPA1_A9_A9_fPfS1_E6w_tile_8_0_0 | {3 }
	Port: p_ZZ5conv1PA255_A255_fPA1_A9_A9_fPfS1_E6w_tile_8_1_0 | {3 }
	Port: p_ZZ5conv1PA255_A255_fPA1_A9_A9_fPfS1_E6w_tile_8_2_0 | {3 }
	Port: p_ZZ5conv1PA255_A255_fPA1_A9_A9_fPfS1_E6w_tile_8_3_0 | {3 }
	Port: p_ZZ5conv1PA255_A255_fPA1_A9_A9_fPfS1_E6w_tile_8_4_0 | {3 }
	Port: p_ZZ5conv1PA255_A255_fPA1_A9_A9_fPfS1_E6w_tile_8_5_0 | {3 }
	Port: p_ZZ5conv1PA255_A255_fPA1_A9_A9_fPfS1_E6w_tile_8_6_0 | {3 }
	Port: p_ZZ5conv1PA255_A255_fPA1_A9_A9_fPfS1_E6w_tile_8_7_0 | {3 }
	Port: p_ZZ5conv1PA255_A255_fPA1_A9_A9_fPfS1_E6w_tile_8_8_0 | {3 }
 - Input state : 
	Port: conv1_Pipeline_VITIS_LOOP_50_1_VITIS_LOOP_53_3_VITIS_LOOP_54_4 : w1 | {2 }
	Port: conv1_Pipeline_VITIS_LOOP_50_1_VITIS_LOOP_53_3_VITIS_LOOP_54_4 : sext_ln117 | {1 }
  - Chain level:
	State 1
		store_ln0 : 1
		store_ln0 : 1
		store_ln0 : 1
		store_ln0 : 1
		store_ln0 : 1
		indvar_flatten137_load : 1
		icmp_ln50 : 2
		add_ln50_2 : 2
		br_ln50 : 3
		store_ln54 : 3
	State 2
		icmp_ln53 : 1
		select_ln50 : 2
		xor_ln50 : 2
		icmp_ln54 : 1
		and_ln50 : 2
		add_ln53 : 3
		or_ln53 : 2
		select_ln53 : 2
		select_ln53_1 : 2
		w1_addr_read : 1
		bitcast_ln56 : 1
		switch_ln56 : 3
		switch_ln56 : 3
		switch_ln56 : 3
		switch_ln56 : 3
		switch_ln56 : 3
		switch_ln56 : 3
		switch_ln56 : 3
		switch_ln56 : 3
		switch_ln56 : 3
		switch_ln56 : 3
		add_ln54 : 3
		add_ln53_1 : 1
		select_ln53_2 : 2
		store_ln54 : 3
		store_ln54 : 3
		store_ln54 : 4
	State 3
		add_ln50 : 1
		select_ln50_3 : 2
		zext_ln50 : 3
		p_ZZ5conv1PA255_A255_fPA1_A9_A9_fPfS1_E6w_tile_7_7_0_addr : 4
		store_ln56 : 5
		p_ZZ5conv1PA255_A255_fPA1_A9_A9_fPfS1_E6w_tile_7_6_0_addr : 4
		store_ln56 : 5
		p_ZZ5conv1PA255_A255_fPA1_A9_A9_fPfS1_E6w_tile_7_5_0_addr : 4
		store_ln56 : 5
		p_ZZ5conv1PA255_A255_fPA1_A9_A9_fPfS1_E6w_tile_7_4_0_addr : 4
		store_ln56 : 5
		p_ZZ5conv1PA255_A255_fPA1_A9_A9_fPfS1_E6w_tile_7_3_0_addr : 4
		store_ln56 : 5
		p_ZZ5conv1PA255_A255_fPA1_A9_A9_fPfS1_E6w_tile_7_2_0_addr : 4
		store_ln56 : 5
		p_ZZ5conv1PA255_A255_fPA1_A9_A9_fPfS1_E6w_tile_7_1_0_addr : 4
		store_ln56 : 5
		p_ZZ5conv1PA255_A255_fPA1_A9_A9_fPfS1_E6w_tile_7_0_0_addr : 4
		store_ln56 : 5
		p_ZZ5conv1PA255_A255_fPA1_A9_A9_fPfS1_E6w_tile_7_8_0_addr : 4
		store_ln56 : 5
		p_ZZ5conv1PA255_A255_fPA1_A9_A9_fPfS1_E6w_tile_6_7_0_addr : 4
		store_ln56 : 5
		p_ZZ5conv1PA255_A255_fPA1_A9_A9_fPfS1_E6w_tile_6_6_0_addr : 4
		store_ln56 : 5
		p_ZZ5conv1PA255_A255_fPA1_A9_A9_fPfS1_E6w_tile_6_5_0_addr : 4
		store_ln56 : 5
		p_ZZ5conv1PA255_A255_fPA1_A9_A9_fPfS1_E6w_tile_6_4_0_addr : 4
		store_ln56 : 5
		p_ZZ5conv1PA255_A255_fPA1_A9_A9_fPfS1_E6w_tile_6_3_0_addr : 4
		store_ln56 : 5
		p_ZZ5conv1PA255_A255_fPA1_A9_A9_fPfS1_E6w_tile_6_2_0_addr : 4
		store_ln56 : 5
		p_ZZ5conv1PA255_A255_fPA1_A9_A9_fPfS1_E6w_tile_6_1_0_addr : 4
		store_ln56 : 5
		p_ZZ5conv1PA255_A255_fPA1_A9_A9_fPfS1_E6w_tile_6_0_0_addr : 4
		store_ln56 : 5
		p_ZZ5conv1PA255_A255_fPA1_A9_A9_fPfS1_E6w_tile_6_8_0_addr : 4
		store_ln56 : 5
		p_ZZ5conv1PA255_A255_fPA1_A9_A9_fPfS1_E6w_tile_5_7_0_addr : 4
		store_ln56 : 5
		p_ZZ5conv1PA255_A255_fPA1_A9_A9_fPfS1_E6w_tile_5_6_0_addr : 4
		store_ln56 : 5
		p_ZZ5conv1PA255_A255_fPA1_A9_A9_fPfS1_E6w_tile_5_5_0_addr : 4
		store_ln56 : 5
		p_ZZ5conv1PA255_A255_fPA1_A9_A9_fPfS1_E6w_tile_5_4_0_addr : 4
		store_ln56 : 5
		p_ZZ5conv1PA255_A255_fPA1_A9_A9_fPfS1_E6w_tile_5_3_0_addr : 4
		store_ln56 : 5
		p_ZZ5conv1PA255_A255_fPA1_A9_A9_fPfS1_E6w_tile_5_2_0_addr : 4
		store_ln56 : 5
		p_ZZ5conv1PA255_A255_fPA1_A9_A9_fPfS1_E6w_tile_5_1_0_addr : 4
		store_ln56 : 5
		p_ZZ5conv1PA255_A255_fPA1_A9_A9_fPfS1_E6w_tile_5_0_0_addr : 4
		store_ln56 : 5
		p_ZZ5conv1PA255_A255_fPA1_A9_A9_fPfS1_E6w_tile_5_8_0_addr : 4
		store_ln56 : 5
		p_ZZ5conv1PA255_A255_fPA1_A9_A9_fPfS1_E6w_tile_4_7_0_addr : 4
		store_ln56 : 5
		p_ZZ5conv1PA255_A255_fPA1_A9_A9_fPfS1_E6w_tile_4_6_0_addr : 4
		store_ln56 : 5
		p_ZZ5conv1PA255_A255_fPA1_A9_A9_fPfS1_E6w_tile_4_5_0_addr : 4
		store_ln56 : 5
		p_ZZ5conv1PA255_A255_fPA1_A9_A9_fPfS1_E6w_tile_4_4_0_addr : 4
		store_ln56 : 5
		p_ZZ5conv1PA255_A255_fPA1_A9_A9_fPfS1_E6w_tile_4_3_0_addr : 4
		store_ln56 : 5
		p_ZZ5conv1PA255_A255_fPA1_A9_A9_fPfS1_E6w_tile_4_2_0_addr : 4
		store_ln56 : 5
		p_ZZ5conv1PA255_A255_fPA1_A9_A9_fPfS1_E6w_tile_4_1_0_addr : 4
		store_ln56 : 5
		p_ZZ5conv1PA255_A255_fPA1_A9_A9_fPfS1_E6w_tile_4_0_0_addr : 4
		store_ln56 : 5
		p_ZZ5conv1PA255_A255_fPA1_A9_A9_fPfS1_E6w_tile_4_8_0_addr : 4
		store_ln56 : 5
		p_ZZ5conv1PA255_A255_fPA1_A9_A9_fPfS1_E6w_tile_3_7_0_addr : 4
		store_ln56 : 5
		p_ZZ5conv1PA255_A255_fPA1_A9_A9_fPfS1_E6w_tile_3_6_0_addr : 4
		store_ln56 : 5
		p_ZZ5conv1PA255_A255_fPA1_A9_A9_fPfS1_E6w_tile_3_5_0_addr : 4
		store_ln56 : 5
		p_ZZ5conv1PA255_A255_fPA1_A9_A9_fPfS1_E6w_tile_3_4_0_addr : 4
		store_ln56 : 5
		p_ZZ5conv1PA255_A255_fPA1_A9_A9_fPfS1_E6w_tile_3_3_0_addr : 4
		store_ln56 : 5
		p_ZZ5conv1PA255_A255_fPA1_A9_A9_fPfS1_E6w_tile_3_2_0_addr : 4
		store_ln56 : 5
		p_ZZ5conv1PA255_A255_fPA1_A9_A9_fPfS1_E6w_tile_3_1_0_addr : 4
		store_ln56 : 5
		p_ZZ5conv1PA255_A255_fPA1_A9_A9_fPfS1_E6w_tile_3_0_0_addr : 4
		store_ln56 : 5
		p_ZZ5conv1PA255_A255_fPA1_A9_A9_fPfS1_E6w_tile_3_8_0_addr : 4
		store_ln56 : 5
		p_ZZ5conv1PA255_A255_fPA1_A9_A9_fPfS1_E6w_tile_2_7_0_addr : 4
		store_ln56 : 5
		p_ZZ5conv1PA255_A255_fPA1_A9_A9_fPfS1_E6w_tile_2_6_0_addr : 4
		store_ln56 : 5
		p_ZZ5conv1PA255_A255_fPA1_A9_A9_fPfS1_E6w_tile_2_5_0_addr : 4
		store_ln56 : 5
		p_ZZ5conv1PA255_A255_fPA1_A9_A9_fPfS1_E6w_tile_2_4_0_addr : 4
		store_ln56 : 5
		p_ZZ5conv1PA255_A255_fPA1_A9_A9_fPfS1_E6w_tile_2_3_0_addr : 4
		store_ln56 : 5
		p_ZZ5conv1PA255_A255_fPA1_A9_A9_fPfS1_E6w_tile_2_2_0_addr : 4
		store_ln56 : 5
		p_ZZ5conv1PA255_A255_fPA1_A9_A9_fPfS1_E6w_tile_2_1_0_addr : 4
		store_ln56 : 5
		p_ZZ5conv1PA255_A255_fPA1_A9_A9_fPfS1_E6w_tile_2_0_0_addr : 4
		store_ln56 : 5
		p_ZZ5conv1PA255_A255_fPA1_A9_A9_fPfS1_E6w_tile_2_8_0_addr : 4
		store_ln56 : 5
		p_ZZ5conv1PA255_A255_fPA1_A9_A9_fPfS1_E6w_tile_1_7_0_addr : 4
		store_ln56 : 5
		p_ZZ5conv1PA255_A255_fPA1_A9_A9_fPfS1_E6w_tile_1_6_0_addr : 4
		store_ln56 : 5
		p_ZZ5conv1PA255_A255_fPA1_A9_A9_fPfS1_E6w_tile_1_5_0_addr : 4
		store_ln56 : 5
		p_ZZ5conv1PA255_A255_fPA1_A9_A9_fPfS1_E6w_tile_1_4_0_addr : 4
		store_ln56 : 5
		p_ZZ5conv1PA255_A255_fPA1_A9_A9_fPfS1_E6w_tile_1_3_0_addr : 4
		store_ln56 : 5
		p_ZZ5conv1PA255_A255_fPA1_A9_A9_fPfS1_E6w_tile_1_2_0_addr : 4
		store_ln56 : 5
		p_ZZ5conv1PA255_A255_fPA1_A9_A9_fPfS1_E6w_tile_1_1_0_addr : 4
		store_ln56 : 5
		p_ZZ5conv1PA255_A255_fPA1_A9_A9_fPfS1_E6w_tile_1_0_0_addr : 4
		store_ln56 : 5
		p_ZZ5conv1PA255_A255_fPA1_A9_A9_fPfS1_E6w_tile_1_8_0_addr : 4
		store_ln56 : 5
		p_ZZ5conv1PA255_A255_fPA1_A9_A9_fPfS1_E6w_tile_0_7_0_addr : 4
		store_ln56 : 5
		p_ZZ5conv1PA255_A255_fPA1_A9_A9_fPfS1_E6w_tile_0_6_0_addr : 4
		store_ln56 : 5
		p_ZZ5conv1PA255_A255_fPA1_A9_A9_fPfS1_E6w_tile_0_5_0_addr : 4
		store_ln56 : 5
		p_ZZ5conv1PA255_A255_fPA1_A9_A9_fPfS1_E6w_tile_0_4_0_addr : 4
		store_ln56 : 5
		p_ZZ5conv1PA255_A255_fPA1_A9_A9_fPfS1_E6w_tile_0_3_0_addr : 4
		store_ln56 : 5
		p_ZZ5conv1PA255_A255_fPA1_A9_A9_fPfS1_E6w_tile_0_2_0_addr : 4
		store_ln56 : 5
		p_ZZ5conv1PA255_A255_fPA1_A9_A9_fPfS1_E6w_tile_0_1_0_addr : 4
		store_ln56 : 5
		p_ZZ5conv1PA255_A255_fPA1_A9_A9_fPfS1_E6w_tile_0_0_0_addr : 4
		store_ln56 : 5
		p_ZZ5conv1PA255_A255_fPA1_A9_A9_fPfS1_E6w_tile_0_8_0_addr : 4
		store_ln56 : 5
		p_ZZ5conv1PA255_A255_fPA1_A9_A9_fPfS1_E6w_tile_8_7_0_addr : 4
		store_ln56 : 5
		p_ZZ5conv1PA255_A255_fPA1_A9_A9_fPfS1_E6w_tile_8_6_0_addr : 4
		store_ln56 : 5
		p_ZZ5conv1PA255_A255_fPA1_A9_A9_fPfS1_E6w_tile_8_5_0_addr : 4
		store_ln56 : 5
		p_ZZ5conv1PA255_A255_fPA1_A9_A9_fPfS1_E6w_tile_8_4_0_addr : 4
		store_ln56 : 5
		p_ZZ5conv1PA255_A255_fPA1_A9_A9_fPfS1_E6w_tile_8_3_0_addr : 4
		store_ln56 : 5
		p_ZZ5conv1PA255_A255_fPA1_A9_A9_fPfS1_E6w_tile_8_2_0_addr : 4
		store_ln56 : 5
		p_ZZ5conv1PA255_A255_fPA1_A9_A9_fPfS1_E6w_tile_8_1_0_addr : 4
		store_ln56 : 5
		p_ZZ5conv1PA255_A255_fPA1_A9_A9_fPfS1_E6w_tile_8_0_0_addr : 4
		store_ln56 : 5
		p_ZZ5conv1PA255_A255_fPA1_A9_A9_fPfS1_E6w_tile_8_8_0_addr : 4
		store_ln56 : 5
		store_ln54 : 3


============================================================
+ Verbose Summary: Datapath Resource usage 
============================================================

* Functional unit list:
|----------|-----------------------------|---------|---------|
| Operation|       Functional Unit       |    FF   |   LUT   |
|----------|-----------------------------|---------|---------|
|          |      add_ln50_2_fu_1360     |    0    |    17   |
|          |       add_ln53_fu_1418      |    0    |    12   |
|    add   |       add_ln54_fu_1450      |    0    |    12   |
|          |      add_ln53_1_fu_1456     |    0    |    15   |
|          |       add_ln50_fu_1488      |    0    |    12   |
|----------|-----------------------------|---------|---------|
|          |      icmp_ln50_fu_1354      |    0    |    17   |
|   icmp   |      icmp_ln53_fu_1386      |    0    |    15   |
|          |      icmp_ln54_fu_1406      |    0    |    12   |
|----------|-----------------------------|---------|---------|
|          |     select_ln50_fu_1392     |    0    |    4    |
|          |     select_ln53_fu_1430     |    0    |    4    |
|  select  |    select_ln53_1_fu_1438    |    0    |    4    |
|          |    select_ln53_2_fu_1462    |    0    |    8    |
|          |    select_ln50_3_fu_1494    |    0    |    4    |
|----------|-----------------------------|---------|---------|
|    xor   |       xor_ln50_fu_1400      |    0    |    2    |
|----------|-----------------------------|---------|---------|
|    and   |       and_ln50_fu_1412      |    0    |    2    |
|----------|-----------------------------|---------|---------|
|    or    |       or_ln53_fu_1424       |    0    |    2    |
|----------|-----------------------------|---------|---------|
|   read   | sext_ln117_read_read_fu_258 |    0    |    0    |
|          |   w1_addr_read_read_fu_264  |    0    |    0    |
|----------|-----------------------------|---------|---------|
|   sext   |   sext_ln117_cast_fu_1322   |    0    |    0    |
|----------|-----------------------------|---------|---------|
|   zext   |      zext_ln50_fu_1501      |    0    |    0    |
|----------|-----------------------------|---------|---------|
|   Total  |                             |    0    |   142   |
|----------|-----------------------------|---------|---------|

Memories:
N/A

* Register list:
+--------------------------+--------+
|                          |   FF   |
+--------------------------+--------+
|   bitcast_ln56_reg_1648  |   32   |
|    icmp_ln50_reg_1631    |    1   |
|    icmp_ln53_reg_1635    |    1   |
|indvar_flatten137_reg_1619|   10   |
| indvar_flatten45_reg_1605|    8   |
|        kh_reg_1598       |    4   |
|        kw_reg_1591       |    4   |
|  select_ln53_1_reg_1644  |    4   |
|   select_ln53_reg_1640   |    4   |
| sext_ln117_cast_reg_1626 |   64   |
|        tn_reg_1612       |    4   |
+--------------------------+--------+
|           Total          |   136  |
+--------------------------+--------+

* Multiplexer (MUX) list: 
|--------|------|------|------|--------|
|  Comp  |  Pin | Size |  BW  | S x BW |
|--------|------|------|------|--------|
|  Total |      |      |      |    0   |
|--------|------|------|------|--------|



* Summary:
+-----------+--------+--------+
|           |   FF   |   LUT  |
+-----------+--------+--------+
|  Function |    0   |   142  |
|   Memory  |    -   |    -   |
|Multiplexer|    -   |    -   |
|  Register |   136  |    -   |
+-----------+--------+--------+
|   Total   |   136  |   142  |
+-----------+--------+--------+
