

================================================================
== Vitis HLS Report for 'conv1_Pipeline_VITIS_LOOP_50_1_VITIS_LOOP_53_3_VITIS_LOOP_54_4'
================================================================
* Date:           Fri Oct 31 01:54:24 2025

* Version:        2023.1 (Build 3854077 on May  4 2023)
* Project:        srcnn_hls
* Solution:       solution1 (Vivado IP Flow Target)
* Product family: zynquplus
* Target device:  xck26-sfvc784-2LV-c


================================================================
== Performance Estimates
================================================================
+ Timing: 
    * Summary: 
    +--------+----------+----------+------------+
    |  Clock |  Target  | Estimated| Uncertainty|
    +--------+----------+----------+------------+
    |ap_clk  |  10.00 ns|  7.300 ns|     2.70 ns|
    +--------+----------+----------+------------+

+ Latency: 
    * Summary: 
    +---------+---------+----------+----------+-----+-----+---------+
    |  Latency (cycles) |  Latency (absolute) |  Interval | Pipeline|
    |   min   |   max   |    min   |    max   | min | max |   Type  |
    +---------+---------+----------+----------+-----+-----+---------+
    |      651|      651|  6.510 us|  6.510 us|  651|  651|       no|
    +---------+---------+----------+----------+-----+-----+---------+

    + Detail: 
        * Instance: 
        N/A

        * Loop: 
        +---------------------------------------------------+---------+---------+----------+-----------+-----------+------+----------+
        |                                                   |  Latency (cycles) | Iteration|  Initiation Interval  | Trip |          |
        |                     Loop Name                     |   min   |   max   |  Latency |  achieved |   target  | Count| Pipelined|
        +---------------------------------------------------+---------+---------+----------+-----------+-----------+------+----------+
        |- VITIS_LOOP_50_1_VITIS_LOOP_53_3_VITIS_LOOP_54_4  |      649|      649|         3|          1|          1|   648|       yes|
        +---------------------------------------------------+---------+---------+----------+-----------+-----------+------+----------+

============================================================
+ Verbose Summary: Synthesis Manager
============================================================
InlineROM: 1
ExposeGlobal: 0
============================================================
+ Verbose Summary: CDFG Model
============================================================
IsTopModel: 0
ResetActiveHigh: 1
IsCombinational: 0
IsDatapathOnly: 0
HasWiredReturn: 1
HasMFsm: 2
HasVarLatency: 1
IsPipeline: 0
IsRtlPipelined: 0
IsInstanceOverlapped: 0
IsDontTouch: 0
HasImplIP: 0
IsGatedGlobalClock: 0

+ Individual pipeline summary: 
  * Pipeline-0: initiation interval (II) = 1, depth = 3


============================================================
+ Verbose Summary: Schedule
============================================================
* Number of FSM states : 3
* Pipeline : 1
  Pipeline-0 : II = 1, D = 3, States = { 1 2 3 }
* Dataflow Pipeline: 0

* FSM state transitions: 
1 --> 2 
2 --> 3 
3 --> 

* FSM state operations: 

State 1 <SV = 0> <Delay = 1.21>
ST_1 : Operation 6 [1/1] (0.00ns)   --->   "%kw = alloca i32 1"   --->   Operation 6 'alloca' 'kw' <Predicate = true> <Delay = 0.00>
ST_1 : Operation 7 [1/1] (0.00ns)   --->   "%kh = alloca i32 1"   --->   Operation 7 'alloca' 'kh' <Predicate = true> <Delay = 0.00>
ST_1 : Operation 8 [1/1] (0.00ns)   --->   "%indvar_flatten45 = alloca i32 1"   --->   Operation 8 'alloca' 'indvar_flatten45' <Predicate = true> <Delay = 0.00>
ST_1 : Operation 9 [1/1] (0.00ns)   --->   "%tn = alloca i32 1"   --->   Operation 9 'alloca' 'tn' <Predicate = true> <Delay = 0.00>
ST_1 : Operation 10 [1/1] (0.00ns)   --->   "%indvar_flatten137 = alloca i32 1"   --->   Operation 10 'alloca' 'indvar_flatten137' <Predicate = true> <Delay = 0.00>
ST_1 : Operation 11 [1/1] (0.00ns)   --->   "%sext_ln117_read = read i62 @_ssdm_op_Read.ap_auto.i62, i62 %sext_ln117"   --->   Operation 11 'read' 'sext_ln117_read' <Predicate = true> <Delay = 0.00>
ST_1 : Operation 12 [1/1] (0.00ns)   --->   "%sext_ln117_cast = sext i62 %sext_ln117_read"   --->   Operation 12 'sext' 'sext_ln117_cast' <Predicate = true> <Delay = 0.00>
ST_1 : Operation 13 [1/1] (0.00ns)   --->   "%specinterface_ln0 = specinterface void @_ssdm_op_SpecInterface, i32 %w1, void @empty_39, i32 0, i32 0, void @empty_40, i32 0, i32 5184, void @empty_43, void @empty_42, void @empty_40, i32 16, i32 16, i32 16, i32 16, void @empty_40, void @empty_40, i32 4294967295, i32 0"   --->   Operation 13 'specinterface' 'specinterface_ln0' <Predicate = true> <Delay = 0.00>
ST_1 : Operation 14 [1/1] (0.42ns)   --->   "%store_ln0 = store i10 0, i10 %indvar_flatten137"   --->   Operation 14 'store' 'store_ln0' <Predicate = true> <Delay = 0.42>
ST_1 : Operation 15 [1/1] (0.42ns)   --->   "%store_ln0 = store i4 0, i4 %tn"   --->   Operation 15 'store' 'store_ln0' <Predicate = true> <Delay = 0.42>
ST_1 : Operation 16 [1/1] (0.42ns)   --->   "%store_ln0 = store i8 0, i8 %indvar_flatten45"   --->   Operation 16 'store' 'store_ln0' <Predicate = true> <Delay = 0.42>
ST_1 : Operation 17 [1/1] (0.42ns)   --->   "%store_ln0 = store i4 0, i4 %kh"   --->   Operation 17 'store' 'store_ln0' <Predicate = true> <Delay = 0.42>
ST_1 : Operation 18 [1/1] (0.42ns)   --->   "%store_ln0 = store i4 0, i4 %kw"   --->   Operation 18 'store' 'store_ln0' <Predicate = true> <Delay = 0.42>
ST_1 : Operation 19 [1/1] (0.00ns)   --->   "%br_ln0 = br void %for.inc.i"   --->   Operation 19 'br' 'br_ln0' <Predicate = true> <Delay = 0.00>
ST_1 : Operation 20 [1/1] (0.00ns)   --->   "%indvar_flatten137_load = load i10 %indvar_flatten137" [src/conv1.cpp:50->src/conv1.cpp:139]   --->   Operation 20 'load' 'indvar_flatten137_load' <Predicate = true> <Delay = 0.00>
ST_1 : Operation 21 [1/1] (0.78ns)   --->   "%icmp_ln50 = icmp_eq  i10 %indvar_flatten137_load, i10 648" [src/conv1.cpp:50->src/conv1.cpp:139]   --->   Operation 21 'icmp' 'icmp_ln50' <Predicate = true> <Delay = 0.78> <CoreInst = "Cmp">   --->   Core 9 'Cmp' <Latency = 0> <II = 1> <Delay = 0.78> <FuncUnit> <Opcode : 'icmp'> <InPorts = 2> <OutPorts = 1>
ST_1 : Operation 22 [1/1] (0.78ns)   --->   "%add_ln50_2 = add i10 %indvar_flatten137_load, i10 1" [src/conv1.cpp:50->src/conv1.cpp:139]   --->   Operation 22 'add' 'add_ln50_2' <Predicate = true> <Delay = 0.78> <CoreInst = "Adder">   --->   Core 1 'Adder' <Latency = 0> <II = 1> <Delay = 0.78> <FuncUnit> <Opcode : 'add' 'sub'> <InPorts = 2> <OutPorts = 1>
ST_1 : Operation 23 [1/1] (0.00ns)   --->   "%br_ln50 = br i1 %icmp_ln50, void %for.inc36.i, void %_ZL14load_w_tile_c1PA1_A9_A9_fS2_iiii.exit.exitStub" [src/conv1.cpp:50->src/conv1.cpp:139]   --->   Operation 23 'br' 'br_ln50' <Predicate = true> <Delay = 0.00>
ST_1 : Operation 24 [1/1] (0.42ns)   --->   "%store_ln54 = store i10 %add_ln50_2, i10 %indvar_flatten137" [src/conv1.cpp:54->src/conv1.cpp:139]   --->   Operation 24 'store' 'store_ln54' <Predicate = (!icmp_ln50)> <Delay = 0.42>

State 2 <SV = 1> <Delay = 7.30>
ST_2 : Operation 25 [1/1] (0.00ns)   --->   "%indvar_flatten45_load = load i8 %indvar_flatten45" [src/conv1.cpp:53->src/conv1.cpp:139]   --->   Operation 25 'load' 'indvar_flatten45_load' <Predicate = true> <Delay = 0.00>
ST_2 : Operation 26 [1/1] (0.00ns)   --->   "%w1_addr = getelementptr i32 %w1, i64 %sext_ln117_cast" [src/conv1.cpp:50->src/conv1.cpp:139]   --->   Operation 26 'getelementptr' 'w1_addr' <Predicate = true> <Delay = 0.00>
ST_2 : Operation 27 [1/1] (0.00ns)   --->   "%kw_load = load i4 %kw" [src/conv1.cpp:54->src/conv1.cpp:139]   --->   Operation 27 'load' 'kw_load' <Predicate = (!icmp_ln50)> <Delay = 0.00>
ST_2 : Operation 28 [1/1] (0.00ns)   --->   "%kh_load = load i4 %kh" [src/conv1.cpp:50->src/conv1.cpp:139]   --->   Operation 28 'load' 'kh_load' <Predicate = (!icmp_ln50)> <Delay = 0.00>
ST_2 : Operation 29 [1/1] (0.76ns)   --->   "%icmp_ln53 = icmp_eq  i8 %indvar_flatten45_load, i8 81" [src/conv1.cpp:53->src/conv1.cpp:139]   --->   Operation 29 'icmp' 'icmp_ln53' <Predicate = (!icmp_ln50)> <Delay = 0.76> <CoreInst = "Cmp">   --->   Core 9 'Cmp' <Latency = 0> <II = 1> <Delay = 0.76> <FuncUnit> <Opcode : 'icmp'> <InPorts = 2> <OutPorts = 1>
ST_2 : Operation 30 [1/1] (0.39ns)   --->   "%select_ln50 = select i1 %icmp_ln53, i4 0, i4 %kh_load" [src/conv1.cpp:50->src/conv1.cpp:139]   --->   Operation 30 'select' 'select_ln50' <Predicate = (!icmp_ln50)> <Delay = 0.39> <CoreInst = "Sel">   --->   Core 73 'Sel' <Latency = 0> <II = 1> <Delay = 0.39> <FuncUnit> <Opcode : 'select'> <InPorts = 3> <OutPorts = 1>
ST_2 : Operation 31 [1/1] (0.00ns) (grouped into LUT with out node and_ln50)   --->   "%xor_ln50 = xor i1 %icmp_ln53, i1 1" [src/conv1.cpp:50->src/conv1.cpp:139]   --->   Operation 31 'xor' 'xor_ln50' <Predicate = (!icmp_ln50)> <Delay = 0.00> <CoreInst = "LogicGate">   --->   Core 74 'LogicGate' <Latency = 0> <II = 1> <Delay = 0.28> <FuncUnit> <Opcode : 'and' 'or' 'xor'> <InPorts = 2> <OutPorts = 1>
ST_2 : Operation 32 [1/1] (0.79ns)   --->   "%icmp_ln54 = icmp_eq  i4 %kw_load, i4 9" [src/conv1.cpp:54->src/conv1.cpp:139]   --->   Operation 32 'icmp' 'icmp_ln54' <Predicate = (!icmp_ln50)> <Delay = 0.79> <CoreInst = "Cmp">   --->   Core 9 'Cmp' <Latency = 0> <II = 1> <Delay = 0.79> <FuncUnit> <Opcode : 'icmp'> <InPorts = 2> <OutPorts = 1>
ST_2 : Operation 33 [1/1] (0.28ns) (out node of the LUT)   --->   "%and_ln50 = and i1 %icmp_ln54, i1 %xor_ln50" [src/conv1.cpp:50->src/conv1.cpp:139]   --->   Operation 33 'and' 'and_ln50' <Predicate = (!icmp_ln50)> <Delay = 0.28> <CoreInst = "LogicGate">   --->   Core 74 'LogicGate' <Latency = 0> <II = 1> <Delay = 0.28> <FuncUnit> <Opcode : 'and' 'or' 'xor'> <InPorts = 2> <OutPorts = 1>
ST_2 : Operation 34 [1/1] (0.79ns)   --->   "%add_ln53 = add i4 %select_ln50, i4 1" [src/conv1.cpp:53->src/conv1.cpp:139]   --->   Operation 34 'add' 'add_ln53' <Predicate = (!icmp_ln50)> <Delay = 0.79> <CoreInst = "Adder">   --->   Core 1 'Adder' <Latency = 0> <II = 1> <Delay = 0.79> <FuncUnit> <Opcode : 'add' 'sub'> <InPorts = 2> <OutPorts = 1>
ST_2 : Operation 35 [1/1] (0.00ns) (grouped into LUT with out node select_ln53)   --->   "%or_ln53 = or i1 %and_ln50, i1 %icmp_ln53" [src/conv1.cpp:53->src/conv1.cpp:139]   --->   Operation 35 'or' 'or_ln53' <Predicate = (!icmp_ln50)> <Delay = 0.00> <CoreInst = "LogicGate">   --->   Core 74 'LogicGate' <Latency = 0> <II = 1> <Delay = 0.28> <FuncUnit> <Opcode : 'and' 'or' 'xor'> <InPorts = 2> <OutPorts = 1>
ST_2 : Operation 36 [1/1] (0.39ns) (out node of the LUT)   --->   "%select_ln53 = select i1 %or_ln53, i4 0, i4 %kw_load" [src/conv1.cpp:53->src/conv1.cpp:139]   --->   Operation 36 'select' 'select_ln53' <Predicate = (!icmp_ln50)> <Delay = 0.39> <CoreInst = "Sel">   --->   Core 73 'Sel' <Latency = 0> <II = 1> <Delay = 0.39> <FuncUnit> <Opcode : 'select'> <InPorts = 3> <OutPorts = 1>
ST_2 : Operation 37 [1/1] (0.39ns)   --->   "%select_ln53_1 = select i1 %and_ln50, i4 %add_ln53, i4 %select_ln50" [src/conv1.cpp:53->src/conv1.cpp:139]   --->   Operation 37 'select' 'select_ln53_1' <Predicate = (!icmp_ln50)> <Delay = 0.39> <CoreInst = "Sel">   --->   Core 73 'Sel' <Latency = 0> <II = 1> <Delay = 0.39> <FuncUnit> <Opcode : 'select'> <InPorts = 3> <OutPorts = 1>
ST_2 : Operation 38 [1/1] (7.30ns)   --->   "%w1_addr_read = read i32 @_ssdm_op_Read.m_axi.p1i32, i32 %w1_addr" [src/conv1.cpp:56->src/conv1.cpp:139]   --->   Operation 38 'read' 'w1_addr_read' <Predicate = (!icmp_ln50)> <Delay = 7.30> <CoreInst = "m_axi">   --->   Core 121 'm_axi' <Latency = 0> <II = 1> <Delay = 1.00> <Adapter> <Opcode : 'read' 'write' 'readreq' 'writereq' 'writeresp'>
ST_2 : Operation 39 [1/1] (0.00ns)   --->   "%bitcast_ln56 = bitcast i32 %w1_addr_read" [src/conv1.cpp:56->src/conv1.cpp:139]   --->   Operation 39 'bitcast' 'bitcast_ln56' <Predicate = (!icmp_ln50)> <Delay = 0.00>
ST_2 : Operation 40 [1/1] (0.74ns)   --->   "%switch_ln56 = switch i4 %select_ln53_1, void %arrayidx2967.i.case.8, i4 0, void %arrayidx2967.i.case.0, i4 1, void %arrayidx2967.i.case.1, i4 2, void %arrayidx2967.i.case.2, i4 3, void %arrayidx2967.i.case.3, i4 4, void %arrayidx2967.i.case.4, i4 5, void %arrayidx2967.i.case.5, i4 6, void %arrayidx2967.i.case.6, i4 7, void %arrayidx2967.i.case.7" [src/conv1.cpp:56->src/conv1.cpp:139]   --->   Operation 40 'switch' 'switch_ln56' <Predicate = (!icmp_ln50)> <Delay = 0.74>
ST_2 : Operation 41 [1/1] (0.74ns)   --->   "%switch_ln56 = switch i4 %select_ln53, void %arrayidx2967.i.case.894, i4 0, void %arrayidx2967.i.case.086, i4 1, void %arrayidx2967.i.case.187, i4 2, void %arrayidx2967.i.case.288, i4 3, void %arrayidx2967.i.case.389, i4 4, void %arrayidx2967.i.case.490, i4 5, void %arrayidx2967.i.case.591, i4 6, void %arrayidx2967.i.case.692, i4 7, void %arrayidx2967.i.case.793" [src/conv1.cpp:56->src/conv1.cpp:139]   --->   Operation 41 'switch' 'switch_ln56' <Predicate = (!icmp_ln50 & select_ln53_1 == 7)> <Delay = 0.74>
ST_2 : Operation 42 [1/1] (0.00ns)   --->   "%br_ln56 = br void %arrayidx2967.i.exit85" [src/conv1.cpp:56->src/conv1.cpp:139]   --->   Operation 42 'br' 'br_ln56' <Predicate = (!icmp_ln50 & select_ln53_1 == 7 & select_ln53 == 7)> <Delay = 0.00>
ST_2 : Operation 43 [1/1] (0.00ns)   --->   "%br_ln56 = br void %arrayidx2967.i.exit85" [src/conv1.cpp:56->src/conv1.cpp:139]   --->   Operation 43 'br' 'br_ln56' <Predicate = (!icmp_ln50 & select_ln53_1 == 7 & select_ln53 == 6)> <Delay = 0.00>
ST_2 : Operation 44 [1/1] (0.00ns)   --->   "%br_ln56 = br void %arrayidx2967.i.exit85" [src/conv1.cpp:56->src/conv1.cpp:139]   --->   Operation 44 'br' 'br_ln56' <Predicate = (!icmp_ln50 & select_ln53_1 == 7 & select_ln53 == 5)> <Delay = 0.00>
ST_2 : Operation 45 [1/1] (0.00ns)   --->   "%br_ln56 = br void %arrayidx2967.i.exit85" [src/conv1.cpp:56->src/conv1.cpp:139]   --->   Operation 45 'br' 'br_ln56' <Predicate = (!icmp_ln50 & select_ln53_1 == 7 & select_ln53 == 4)> <Delay = 0.00>
ST_2 : Operation 46 [1/1] (0.00ns)   --->   "%br_ln56 = br void %arrayidx2967.i.exit85" [src/conv1.cpp:56->src/conv1.cpp:139]   --->   Operation 46 'br' 'br_ln56' <Predicate = (!icmp_ln50 & select_ln53_1 == 7 & select_ln53 == 3)> <Delay = 0.00>
ST_2 : Operation 47 [1/1] (0.00ns)   --->   "%br_ln56 = br void %arrayidx2967.i.exit85" [src/conv1.cpp:56->src/conv1.cpp:139]   --->   Operation 47 'br' 'br_ln56' <Predicate = (!icmp_ln50 & select_ln53_1 == 7 & select_ln53 == 2)> <Delay = 0.00>
ST_2 : Operation 48 [1/1] (0.00ns)   --->   "%br_ln56 = br void %arrayidx2967.i.exit85" [src/conv1.cpp:56->src/conv1.cpp:139]   --->   Operation 48 'br' 'br_ln56' <Predicate = (!icmp_ln50 & select_ln53_1 == 7 & select_ln53 == 1)> <Delay = 0.00>
ST_2 : Operation 49 [1/1] (0.00ns)   --->   "%br_ln56 = br void %arrayidx2967.i.exit85" [src/conv1.cpp:56->src/conv1.cpp:139]   --->   Operation 49 'br' 'br_ln56' <Predicate = (!icmp_ln50 & select_ln53_1 == 7 & select_ln53 == 0)> <Delay = 0.00>
ST_2 : Operation 50 [1/1] (0.00ns)   --->   "%br_ln56 = br void %arrayidx2967.i.exit85" [src/conv1.cpp:56->src/conv1.cpp:139]   --->   Operation 50 'br' 'br_ln56' <Predicate = (!icmp_ln50 & select_ln53_1 == 7 & select_ln53 != 0 & select_ln53 != 1 & select_ln53 != 2 & select_ln53 != 3 & select_ln53 != 4 & select_ln53 != 5 & select_ln53 != 6 & select_ln53 != 7)> <Delay = 0.00>
ST_2 : Operation 51 [1/1] (0.74ns)   --->   "%switch_ln56 = switch i4 %select_ln53, void %arrayidx2967.i.case.883, i4 0, void %arrayidx2967.i.case.075, i4 1, void %arrayidx2967.i.case.176, i4 2, void %arrayidx2967.i.case.277, i4 3, void %arrayidx2967.i.case.378, i4 4, void %arrayidx2967.i.case.479, i4 5, void %arrayidx2967.i.case.580, i4 6, void %arrayidx2967.i.case.681, i4 7, void %arrayidx2967.i.case.782" [src/conv1.cpp:56->src/conv1.cpp:139]   --->   Operation 51 'switch' 'switch_ln56' <Predicate = (!icmp_ln50 & select_ln53_1 == 6)> <Delay = 0.74>
ST_2 : Operation 52 [1/1] (0.00ns)   --->   "%br_ln56 = br void %arrayidx2967.i.exit74" [src/conv1.cpp:56->src/conv1.cpp:139]   --->   Operation 52 'br' 'br_ln56' <Predicate = (!icmp_ln50 & select_ln53_1 == 6 & select_ln53 == 7)> <Delay = 0.00>
ST_2 : Operation 53 [1/1] (0.00ns)   --->   "%br_ln56 = br void %arrayidx2967.i.exit74" [src/conv1.cpp:56->src/conv1.cpp:139]   --->   Operation 53 'br' 'br_ln56' <Predicate = (!icmp_ln50 & select_ln53_1 == 6 & select_ln53 == 6)> <Delay = 0.00>
ST_2 : Operation 54 [1/1] (0.00ns)   --->   "%br_ln56 = br void %arrayidx2967.i.exit74" [src/conv1.cpp:56->src/conv1.cpp:139]   --->   Operation 54 'br' 'br_ln56' <Predicate = (!icmp_ln50 & select_ln53_1 == 6 & select_ln53 == 5)> <Delay = 0.00>
ST_2 : Operation 55 [1/1] (0.00ns)   --->   "%br_ln56 = br void %arrayidx2967.i.exit74" [src/conv1.cpp:56->src/conv1.cpp:139]   --->   Operation 55 'br' 'br_ln56' <Predicate = (!icmp_ln50 & select_ln53_1 == 6 & select_ln53 == 4)> <Delay = 0.00>
ST_2 : Operation 56 [1/1] (0.00ns)   --->   "%br_ln56 = br void %arrayidx2967.i.exit74" [src/conv1.cpp:56->src/conv1.cpp:139]   --->   Operation 56 'br' 'br_ln56' <Predicate = (!icmp_ln50 & select_ln53_1 == 6 & select_ln53 == 3)> <Delay = 0.00>
ST_2 : Operation 57 [1/1] (0.00ns)   --->   "%br_ln56 = br void %arrayidx2967.i.exit74" [src/conv1.cpp:56->src/conv1.cpp:139]   --->   Operation 57 'br' 'br_ln56' <Predicate = (!icmp_ln50 & select_ln53_1 == 6 & select_ln53 == 2)> <Delay = 0.00>
ST_2 : Operation 58 [1/1] (0.00ns)   --->   "%br_ln56 = br void %arrayidx2967.i.exit74" [src/conv1.cpp:56->src/conv1.cpp:139]   --->   Operation 58 'br' 'br_ln56' <Predicate = (!icmp_ln50 & select_ln53_1 == 6 & select_ln53 == 1)> <Delay = 0.00>
ST_2 : Operation 59 [1/1] (0.00ns)   --->   "%br_ln56 = br void %arrayidx2967.i.exit74" [src/conv1.cpp:56->src/conv1.cpp:139]   --->   Operation 59 'br' 'br_ln56' <Predicate = (!icmp_ln50 & select_ln53_1 == 6 & select_ln53 == 0)> <Delay = 0.00>
ST_2 : Operation 60 [1/1] (0.00ns)   --->   "%br_ln56 = br void %arrayidx2967.i.exit74" [src/conv1.cpp:56->src/conv1.cpp:139]   --->   Operation 60 'br' 'br_ln56' <Predicate = (!icmp_ln50 & select_ln53_1 == 6 & select_ln53 != 0 & select_ln53 != 1 & select_ln53 != 2 & select_ln53 != 3 & select_ln53 != 4 & select_ln53 != 5 & select_ln53 != 6 & select_ln53 != 7)> <Delay = 0.00>
ST_2 : Operation 61 [1/1] (0.74ns)   --->   "%switch_ln56 = switch i4 %select_ln53, void %arrayidx2967.i.case.872, i4 0, void %arrayidx2967.i.case.064, i4 1, void %arrayidx2967.i.case.165, i4 2, void %arrayidx2967.i.case.266, i4 3, void %arrayidx2967.i.case.367, i4 4, void %arrayidx2967.i.case.468, i4 5, void %arrayidx2967.i.case.569, i4 6, void %arrayidx2967.i.case.670, i4 7, void %arrayidx2967.i.case.771" [src/conv1.cpp:56->src/conv1.cpp:139]   --->   Operation 61 'switch' 'switch_ln56' <Predicate = (!icmp_ln50 & select_ln53_1 == 5)> <Delay = 0.74>
ST_2 : Operation 62 [1/1] (0.00ns)   --->   "%br_ln56 = br void %arrayidx2967.i.exit63" [src/conv1.cpp:56->src/conv1.cpp:139]   --->   Operation 62 'br' 'br_ln56' <Predicate = (!icmp_ln50 & select_ln53_1 == 5 & select_ln53 == 7)> <Delay = 0.00>
ST_2 : Operation 63 [1/1] (0.00ns)   --->   "%br_ln56 = br void %arrayidx2967.i.exit63" [src/conv1.cpp:56->src/conv1.cpp:139]   --->   Operation 63 'br' 'br_ln56' <Predicate = (!icmp_ln50 & select_ln53_1 == 5 & select_ln53 == 6)> <Delay = 0.00>
ST_2 : Operation 64 [1/1] (0.00ns)   --->   "%br_ln56 = br void %arrayidx2967.i.exit63" [src/conv1.cpp:56->src/conv1.cpp:139]   --->   Operation 64 'br' 'br_ln56' <Predicate = (!icmp_ln50 & select_ln53_1 == 5 & select_ln53 == 5)> <Delay = 0.00>
ST_2 : Operation 65 [1/1] (0.00ns)   --->   "%br_ln56 = br void %arrayidx2967.i.exit63" [src/conv1.cpp:56->src/conv1.cpp:139]   --->   Operation 65 'br' 'br_ln56' <Predicate = (!icmp_ln50 & select_ln53_1 == 5 & select_ln53 == 4)> <Delay = 0.00>
ST_2 : Operation 66 [1/1] (0.00ns)   --->   "%br_ln56 = br void %arrayidx2967.i.exit63" [src/conv1.cpp:56->src/conv1.cpp:139]   --->   Operation 66 'br' 'br_ln56' <Predicate = (!icmp_ln50 & select_ln53_1 == 5 & select_ln53 == 3)> <Delay = 0.00>
ST_2 : Operation 67 [1/1] (0.00ns)   --->   "%br_ln56 = br void %arrayidx2967.i.exit63" [src/conv1.cpp:56->src/conv1.cpp:139]   --->   Operation 67 'br' 'br_ln56' <Predicate = (!icmp_ln50 & select_ln53_1 == 5 & select_ln53 == 2)> <Delay = 0.00>
ST_2 : Operation 68 [1/1] (0.00ns)   --->   "%br_ln56 = br void %arrayidx2967.i.exit63" [src/conv1.cpp:56->src/conv1.cpp:139]   --->   Operation 68 'br' 'br_ln56' <Predicate = (!icmp_ln50 & select_ln53_1 == 5 & select_ln53 == 1)> <Delay = 0.00>
ST_2 : Operation 69 [1/1] (0.00ns)   --->   "%br_ln56 = br void %arrayidx2967.i.exit63" [src/conv1.cpp:56->src/conv1.cpp:139]   --->   Operation 69 'br' 'br_ln56' <Predicate = (!icmp_ln50 & select_ln53_1 == 5 & select_ln53 == 0)> <Delay = 0.00>
ST_2 : Operation 70 [1/1] (0.00ns)   --->   "%br_ln56 = br void %arrayidx2967.i.exit63" [src/conv1.cpp:56->src/conv1.cpp:139]   --->   Operation 70 'br' 'br_ln56' <Predicate = (!icmp_ln50 & select_ln53_1 == 5 & select_ln53 != 0 & select_ln53 != 1 & select_ln53 != 2 & select_ln53 != 3 & select_ln53 != 4 & select_ln53 != 5 & select_ln53 != 6 & select_ln53 != 7)> <Delay = 0.00>
ST_2 : Operation 71 [1/1] (0.74ns)   --->   "%switch_ln56 = switch i4 %select_ln53, void %arrayidx2967.i.case.861, i4 0, void %arrayidx2967.i.case.053, i4 1, void %arrayidx2967.i.case.154, i4 2, void %arrayidx2967.i.case.255, i4 3, void %arrayidx2967.i.case.356, i4 4, void %arrayidx2967.i.case.457, i4 5, void %arrayidx2967.i.case.558, i4 6, void %arrayidx2967.i.case.659, i4 7, void %arrayidx2967.i.case.760" [src/conv1.cpp:56->src/conv1.cpp:139]   --->   Operation 71 'switch' 'switch_ln56' <Predicate = (!icmp_ln50 & select_ln53_1 == 4)> <Delay = 0.74>
ST_2 : Operation 72 [1/1] (0.00ns)   --->   "%br_ln56 = br void %arrayidx2967.i.exit52" [src/conv1.cpp:56->src/conv1.cpp:139]   --->   Operation 72 'br' 'br_ln56' <Predicate = (!icmp_ln50 & select_ln53_1 == 4 & select_ln53 == 7)> <Delay = 0.00>
ST_2 : Operation 73 [1/1] (0.00ns)   --->   "%br_ln56 = br void %arrayidx2967.i.exit52" [src/conv1.cpp:56->src/conv1.cpp:139]   --->   Operation 73 'br' 'br_ln56' <Predicate = (!icmp_ln50 & select_ln53_1 == 4 & select_ln53 == 6)> <Delay = 0.00>
ST_2 : Operation 74 [1/1] (0.00ns)   --->   "%br_ln56 = br void %arrayidx2967.i.exit52" [src/conv1.cpp:56->src/conv1.cpp:139]   --->   Operation 74 'br' 'br_ln56' <Predicate = (!icmp_ln50 & select_ln53_1 == 4 & select_ln53 == 5)> <Delay = 0.00>
ST_2 : Operation 75 [1/1] (0.00ns)   --->   "%br_ln56 = br void %arrayidx2967.i.exit52" [src/conv1.cpp:56->src/conv1.cpp:139]   --->   Operation 75 'br' 'br_ln56' <Predicate = (!icmp_ln50 & select_ln53_1 == 4 & select_ln53 == 4)> <Delay = 0.00>
ST_2 : Operation 76 [1/1] (0.00ns)   --->   "%br_ln56 = br void %arrayidx2967.i.exit52" [src/conv1.cpp:56->src/conv1.cpp:139]   --->   Operation 76 'br' 'br_ln56' <Predicate = (!icmp_ln50 & select_ln53_1 == 4 & select_ln53 == 3)> <Delay = 0.00>
ST_2 : Operation 77 [1/1] (0.00ns)   --->   "%br_ln56 = br void %arrayidx2967.i.exit52" [src/conv1.cpp:56->src/conv1.cpp:139]   --->   Operation 77 'br' 'br_ln56' <Predicate = (!icmp_ln50 & select_ln53_1 == 4 & select_ln53 == 2)> <Delay = 0.00>
ST_2 : Operation 78 [1/1] (0.00ns)   --->   "%br_ln56 = br void %arrayidx2967.i.exit52" [src/conv1.cpp:56->src/conv1.cpp:139]   --->   Operation 78 'br' 'br_ln56' <Predicate = (!icmp_ln50 & select_ln53_1 == 4 & select_ln53 == 1)> <Delay = 0.00>
ST_2 : Operation 79 [1/1] (0.00ns)   --->   "%br_ln56 = br void %arrayidx2967.i.exit52" [src/conv1.cpp:56->src/conv1.cpp:139]   --->   Operation 79 'br' 'br_ln56' <Predicate = (!icmp_ln50 & select_ln53_1 == 4 & select_ln53 == 0)> <Delay = 0.00>
ST_2 : Operation 80 [1/1] (0.00ns)   --->   "%br_ln56 = br void %arrayidx2967.i.exit52" [src/conv1.cpp:56->src/conv1.cpp:139]   --->   Operation 80 'br' 'br_ln56' <Predicate = (!icmp_ln50 & select_ln53_1 == 4 & select_ln53 != 0 & select_ln53 != 1 & select_ln53 != 2 & select_ln53 != 3 & select_ln53 != 4 & select_ln53 != 5 & select_ln53 != 6 & select_ln53 != 7)> <Delay = 0.00>
ST_2 : Operation 81 [1/1] (0.74ns)   --->   "%switch_ln56 = switch i4 %select_ln53, void %arrayidx2967.i.case.850, i4 0, void %arrayidx2967.i.case.042, i4 1, void %arrayidx2967.i.case.143, i4 2, void %arrayidx2967.i.case.244, i4 3, void %arrayidx2967.i.case.345, i4 4, void %arrayidx2967.i.case.446, i4 5, void %arrayidx2967.i.case.547, i4 6, void %arrayidx2967.i.case.648, i4 7, void %arrayidx2967.i.case.749" [src/conv1.cpp:56->src/conv1.cpp:139]   --->   Operation 81 'switch' 'switch_ln56' <Predicate = (!icmp_ln50 & select_ln53_1 == 3)> <Delay = 0.74>
ST_2 : Operation 82 [1/1] (0.00ns)   --->   "%br_ln56 = br void %arrayidx2967.i.exit41" [src/conv1.cpp:56->src/conv1.cpp:139]   --->   Operation 82 'br' 'br_ln56' <Predicate = (!icmp_ln50 & select_ln53_1 == 3 & select_ln53 == 7)> <Delay = 0.00>
ST_2 : Operation 83 [1/1] (0.00ns)   --->   "%br_ln56 = br void %arrayidx2967.i.exit41" [src/conv1.cpp:56->src/conv1.cpp:139]   --->   Operation 83 'br' 'br_ln56' <Predicate = (!icmp_ln50 & select_ln53_1 == 3 & select_ln53 == 6)> <Delay = 0.00>
ST_2 : Operation 84 [1/1] (0.00ns)   --->   "%br_ln56 = br void %arrayidx2967.i.exit41" [src/conv1.cpp:56->src/conv1.cpp:139]   --->   Operation 84 'br' 'br_ln56' <Predicate = (!icmp_ln50 & select_ln53_1 == 3 & select_ln53 == 5)> <Delay = 0.00>
ST_2 : Operation 85 [1/1] (0.00ns)   --->   "%br_ln56 = br void %arrayidx2967.i.exit41" [src/conv1.cpp:56->src/conv1.cpp:139]   --->   Operation 85 'br' 'br_ln56' <Predicate = (!icmp_ln50 & select_ln53_1 == 3 & select_ln53 == 4)> <Delay = 0.00>
ST_2 : Operation 86 [1/1] (0.00ns)   --->   "%br_ln56 = br void %arrayidx2967.i.exit41" [src/conv1.cpp:56->src/conv1.cpp:139]   --->   Operation 86 'br' 'br_ln56' <Predicate = (!icmp_ln50 & select_ln53_1 == 3 & select_ln53 == 3)> <Delay = 0.00>
ST_2 : Operation 87 [1/1] (0.00ns)   --->   "%br_ln56 = br void %arrayidx2967.i.exit41" [src/conv1.cpp:56->src/conv1.cpp:139]   --->   Operation 87 'br' 'br_ln56' <Predicate = (!icmp_ln50 & select_ln53_1 == 3 & select_ln53 == 2)> <Delay = 0.00>
ST_2 : Operation 88 [1/1] (0.00ns)   --->   "%br_ln56 = br void %arrayidx2967.i.exit41" [src/conv1.cpp:56->src/conv1.cpp:139]   --->   Operation 88 'br' 'br_ln56' <Predicate = (!icmp_ln50 & select_ln53_1 == 3 & select_ln53 == 1)> <Delay = 0.00>
ST_2 : Operation 89 [1/1] (0.00ns)   --->   "%br_ln56 = br void %arrayidx2967.i.exit41" [src/conv1.cpp:56->src/conv1.cpp:139]   --->   Operation 89 'br' 'br_ln56' <Predicate = (!icmp_ln50 & select_ln53_1 == 3 & select_ln53 == 0)> <Delay = 0.00>
ST_2 : Operation 90 [1/1] (0.00ns)   --->   "%br_ln56 = br void %arrayidx2967.i.exit41" [src/conv1.cpp:56->src/conv1.cpp:139]   --->   Operation 90 'br' 'br_ln56' <Predicate = (!icmp_ln50 & select_ln53_1 == 3 & select_ln53 != 0 & select_ln53 != 1 & select_ln53 != 2 & select_ln53 != 3 & select_ln53 != 4 & select_ln53 != 5 & select_ln53 != 6 & select_ln53 != 7)> <Delay = 0.00>
ST_2 : Operation 91 [1/1] (0.74ns)   --->   "%switch_ln56 = switch i4 %select_ln53, void %arrayidx2967.i.case.839, i4 0, void %arrayidx2967.i.case.031, i4 1, void %arrayidx2967.i.case.132, i4 2, void %arrayidx2967.i.case.233, i4 3, void %arrayidx2967.i.case.334, i4 4, void %arrayidx2967.i.case.435, i4 5, void %arrayidx2967.i.case.536, i4 6, void %arrayidx2967.i.case.637, i4 7, void %arrayidx2967.i.case.738" [src/conv1.cpp:56->src/conv1.cpp:139]   --->   Operation 91 'switch' 'switch_ln56' <Predicate = (!icmp_ln50 & select_ln53_1 == 2)> <Delay = 0.74>
ST_2 : Operation 92 [1/1] (0.00ns)   --->   "%br_ln56 = br void %arrayidx2967.i.exit30" [src/conv1.cpp:56->src/conv1.cpp:139]   --->   Operation 92 'br' 'br_ln56' <Predicate = (!icmp_ln50 & select_ln53_1 == 2 & select_ln53 == 7)> <Delay = 0.00>
ST_2 : Operation 93 [1/1] (0.00ns)   --->   "%br_ln56 = br void %arrayidx2967.i.exit30" [src/conv1.cpp:56->src/conv1.cpp:139]   --->   Operation 93 'br' 'br_ln56' <Predicate = (!icmp_ln50 & select_ln53_1 == 2 & select_ln53 == 6)> <Delay = 0.00>
ST_2 : Operation 94 [1/1] (0.00ns)   --->   "%br_ln56 = br void %arrayidx2967.i.exit30" [src/conv1.cpp:56->src/conv1.cpp:139]   --->   Operation 94 'br' 'br_ln56' <Predicate = (!icmp_ln50 & select_ln53_1 == 2 & select_ln53 == 5)> <Delay = 0.00>
ST_2 : Operation 95 [1/1] (0.00ns)   --->   "%br_ln56 = br void %arrayidx2967.i.exit30" [src/conv1.cpp:56->src/conv1.cpp:139]   --->   Operation 95 'br' 'br_ln56' <Predicate = (!icmp_ln50 & select_ln53_1 == 2 & select_ln53 == 4)> <Delay = 0.00>
ST_2 : Operation 96 [1/1] (0.00ns)   --->   "%br_ln56 = br void %arrayidx2967.i.exit30" [src/conv1.cpp:56->src/conv1.cpp:139]   --->   Operation 96 'br' 'br_ln56' <Predicate = (!icmp_ln50 & select_ln53_1 == 2 & select_ln53 == 3)> <Delay = 0.00>
ST_2 : Operation 97 [1/1] (0.00ns)   --->   "%br_ln56 = br void %arrayidx2967.i.exit30" [src/conv1.cpp:56->src/conv1.cpp:139]   --->   Operation 97 'br' 'br_ln56' <Predicate = (!icmp_ln50 & select_ln53_1 == 2 & select_ln53 == 2)> <Delay = 0.00>
ST_2 : Operation 98 [1/1] (0.00ns)   --->   "%br_ln56 = br void %arrayidx2967.i.exit30" [src/conv1.cpp:56->src/conv1.cpp:139]   --->   Operation 98 'br' 'br_ln56' <Predicate = (!icmp_ln50 & select_ln53_1 == 2 & select_ln53 == 1)> <Delay = 0.00>
ST_2 : Operation 99 [1/1] (0.00ns)   --->   "%br_ln56 = br void %arrayidx2967.i.exit30" [src/conv1.cpp:56->src/conv1.cpp:139]   --->   Operation 99 'br' 'br_ln56' <Predicate = (!icmp_ln50 & select_ln53_1 == 2 & select_ln53 == 0)> <Delay = 0.00>
ST_2 : Operation 100 [1/1] (0.00ns)   --->   "%br_ln56 = br void %arrayidx2967.i.exit30" [src/conv1.cpp:56->src/conv1.cpp:139]   --->   Operation 100 'br' 'br_ln56' <Predicate = (!icmp_ln50 & select_ln53_1 == 2 & select_ln53 != 0 & select_ln53 != 1 & select_ln53 != 2 & select_ln53 != 3 & select_ln53 != 4 & select_ln53 != 5 & select_ln53 != 6 & select_ln53 != 7)> <Delay = 0.00>
ST_2 : Operation 101 [1/1] (0.74ns)   --->   "%switch_ln56 = switch i4 %select_ln53, void %arrayidx2967.i.case.828, i4 0, void %arrayidx2967.i.case.020, i4 1, void %arrayidx2967.i.case.121, i4 2, void %arrayidx2967.i.case.222, i4 3, void %arrayidx2967.i.case.323, i4 4, void %arrayidx2967.i.case.424, i4 5, void %arrayidx2967.i.case.525, i4 6, void %arrayidx2967.i.case.626, i4 7, void %arrayidx2967.i.case.727" [src/conv1.cpp:56->src/conv1.cpp:139]   --->   Operation 101 'switch' 'switch_ln56' <Predicate = (!icmp_ln50 & select_ln53_1 == 1)> <Delay = 0.74>
ST_2 : Operation 102 [1/1] (0.00ns)   --->   "%br_ln56 = br void %arrayidx2967.i.exit19" [src/conv1.cpp:56->src/conv1.cpp:139]   --->   Operation 102 'br' 'br_ln56' <Predicate = (!icmp_ln50 & select_ln53_1 == 1 & select_ln53 == 7)> <Delay = 0.00>
ST_2 : Operation 103 [1/1] (0.00ns)   --->   "%br_ln56 = br void %arrayidx2967.i.exit19" [src/conv1.cpp:56->src/conv1.cpp:139]   --->   Operation 103 'br' 'br_ln56' <Predicate = (!icmp_ln50 & select_ln53_1 == 1 & select_ln53 == 6)> <Delay = 0.00>
ST_2 : Operation 104 [1/1] (0.00ns)   --->   "%br_ln56 = br void %arrayidx2967.i.exit19" [src/conv1.cpp:56->src/conv1.cpp:139]   --->   Operation 104 'br' 'br_ln56' <Predicate = (!icmp_ln50 & select_ln53_1 == 1 & select_ln53 == 5)> <Delay = 0.00>
ST_2 : Operation 105 [1/1] (0.00ns)   --->   "%br_ln56 = br void %arrayidx2967.i.exit19" [src/conv1.cpp:56->src/conv1.cpp:139]   --->   Operation 105 'br' 'br_ln56' <Predicate = (!icmp_ln50 & select_ln53_1 == 1 & select_ln53 == 4)> <Delay = 0.00>
ST_2 : Operation 106 [1/1] (0.00ns)   --->   "%br_ln56 = br void %arrayidx2967.i.exit19" [src/conv1.cpp:56->src/conv1.cpp:139]   --->   Operation 106 'br' 'br_ln56' <Predicate = (!icmp_ln50 & select_ln53_1 == 1 & select_ln53 == 3)> <Delay = 0.00>
ST_2 : Operation 107 [1/1] (0.00ns)   --->   "%br_ln56 = br void %arrayidx2967.i.exit19" [src/conv1.cpp:56->src/conv1.cpp:139]   --->   Operation 107 'br' 'br_ln56' <Predicate = (!icmp_ln50 & select_ln53_1 == 1 & select_ln53 == 2)> <Delay = 0.00>
ST_2 : Operation 108 [1/1] (0.00ns)   --->   "%br_ln56 = br void %arrayidx2967.i.exit19" [src/conv1.cpp:56->src/conv1.cpp:139]   --->   Operation 108 'br' 'br_ln56' <Predicate = (!icmp_ln50 & select_ln53_1 == 1 & select_ln53 == 1)> <Delay = 0.00>
ST_2 : Operation 109 [1/1] (0.00ns)   --->   "%br_ln56 = br void %arrayidx2967.i.exit19" [src/conv1.cpp:56->src/conv1.cpp:139]   --->   Operation 109 'br' 'br_ln56' <Predicate = (!icmp_ln50 & select_ln53_1 == 1 & select_ln53 == 0)> <Delay = 0.00>
ST_2 : Operation 110 [1/1] (0.00ns)   --->   "%br_ln56 = br void %arrayidx2967.i.exit19" [src/conv1.cpp:56->src/conv1.cpp:139]   --->   Operation 110 'br' 'br_ln56' <Predicate = (!icmp_ln50 & select_ln53_1 == 1 & select_ln53 != 0 & select_ln53 != 1 & select_ln53 != 2 & select_ln53 != 3 & select_ln53 != 4 & select_ln53 != 5 & select_ln53 != 6 & select_ln53 != 7)> <Delay = 0.00>
ST_2 : Operation 111 [1/1] (0.74ns)   --->   "%switch_ln56 = switch i4 %select_ln53, void %arrayidx2967.i.case.817, i4 0, void %arrayidx2967.i.case.09, i4 1, void %arrayidx2967.i.case.110, i4 2, void %arrayidx2967.i.case.211, i4 3, void %arrayidx2967.i.case.312, i4 4, void %arrayidx2967.i.case.413, i4 5, void %arrayidx2967.i.case.514, i4 6, void %arrayidx2967.i.case.615, i4 7, void %arrayidx2967.i.case.716" [src/conv1.cpp:56->src/conv1.cpp:139]   --->   Operation 111 'switch' 'switch_ln56' <Predicate = (!icmp_ln50 & select_ln53_1 == 0)> <Delay = 0.74>
ST_2 : Operation 112 [1/1] (0.00ns)   --->   "%br_ln56 = br void %arrayidx2967.i.exit8" [src/conv1.cpp:56->src/conv1.cpp:139]   --->   Operation 112 'br' 'br_ln56' <Predicate = (!icmp_ln50 & select_ln53_1 == 0 & select_ln53 == 7)> <Delay = 0.00>
ST_2 : Operation 113 [1/1] (0.00ns)   --->   "%br_ln56 = br void %arrayidx2967.i.exit8" [src/conv1.cpp:56->src/conv1.cpp:139]   --->   Operation 113 'br' 'br_ln56' <Predicate = (!icmp_ln50 & select_ln53_1 == 0 & select_ln53 == 6)> <Delay = 0.00>
ST_2 : Operation 114 [1/1] (0.00ns)   --->   "%br_ln56 = br void %arrayidx2967.i.exit8" [src/conv1.cpp:56->src/conv1.cpp:139]   --->   Operation 114 'br' 'br_ln56' <Predicate = (!icmp_ln50 & select_ln53_1 == 0 & select_ln53 == 5)> <Delay = 0.00>
ST_2 : Operation 115 [1/1] (0.00ns)   --->   "%br_ln56 = br void %arrayidx2967.i.exit8" [src/conv1.cpp:56->src/conv1.cpp:139]   --->   Operation 115 'br' 'br_ln56' <Predicate = (!icmp_ln50 & select_ln53_1 == 0 & select_ln53 == 4)> <Delay = 0.00>
ST_2 : Operation 116 [1/1] (0.00ns)   --->   "%br_ln56 = br void %arrayidx2967.i.exit8" [src/conv1.cpp:56->src/conv1.cpp:139]   --->   Operation 116 'br' 'br_ln56' <Predicate = (!icmp_ln50 & select_ln53_1 == 0 & select_ln53 == 3)> <Delay = 0.00>
ST_2 : Operation 117 [1/1] (0.00ns)   --->   "%br_ln56 = br void %arrayidx2967.i.exit8" [src/conv1.cpp:56->src/conv1.cpp:139]   --->   Operation 117 'br' 'br_ln56' <Predicate = (!icmp_ln50 & select_ln53_1 == 0 & select_ln53 == 2)> <Delay = 0.00>
ST_2 : Operation 118 [1/1] (0.00ns)   --->   "%br_ln56 = br void %arrayidx2967.i.exit8" [src/conv1.cpp:56->src/conv1.cpp:139]   --->   Operation 118 'br' 'br_ln56' <Predicate = (!icmp_ln50 & select_ln53_1 == 0 & select_ln53 == 1)> <Delay = 0.00>
ST_2 : Operation 119 [1/1] (0.00ns)   --->   "%br_ln56 = br void %arrayidx2967.i.exit8" [src/conv1.cpp:56->src/conv1.cpp:139]   --->   Operation 119 'br' 'br_ln56' <Predicate = (!icmp_ln50 & select_ln53_1 == 0 & select_ln53 == 0)> <Delay = 0.00>
ST_2 : Operation 120 [1/1] (0.00ns)   --->   "%br_ln56 = br void %arrayidx2967.i.exit8" [src/conv1.cpp:56->src/conv1.cpp:139]   --->   Operation 120 'br' 'br_ln56' <Predicate = (!icmp_ln50 & select_ln53_1 == 0 & select_ln53 != 0 & select_ln53 != 1 & select_ln53 != 2 & select_ln53 != 3 & select_ln53 != 4 & select_ln53 != 5 & select_ln53 != 6 & select_ln53 != 7)> <Delay = 0.00>
ST_2 : Operation 121 [1/1] (0.74ns)   --->   "%switch_ln56 = switch i4 %select_ln53, void %arrayidx2967.i.case.8105, i4 0, void %arrayidx2967.i.case.097, i4 1, void %arrayidx2967.i.case.198, i4 2, void %arrayidx2967.i.case.299, i4 3, void %arrayidx2967.i.case.3100, i4 4, void %arrayidx2967.i.case.4101, i4 5, void %arrayidx2967.i.case.5102, i4 6, void %arrayidx2967.i.case.6103, i4 7, void %arrayidx2967.i.case.7104" [src/conv1.cpp:56->src/conv1.cpp:139]   --->   Operation 121 'switch' 'switch_ln56' <Predicate = (!icmp_ln50 & select_ln53_1 != 0 & select_ln53_1 != 1 & select_ln53_1 != 2 & select_ln53_1 != 3 & select_ln53_1 != 4 & select_ln53_1 != 5 & select_ln53_1 != 6 & select_ln53_1 != 7)> <Delay = 0.74>
ST_2 : Operation 122 [1/1] (0.00ns)   --->   "%br_ln56 = br void %arrayidx2967.i.exit96" [src/conv1.cpp:56->src/conv1.cpp:139]   --->   Operation 122 'br' 'br_ln56' <Predicate = (!icmp_ln50 & select_ln53_1 != 0 & select_ln53_1 != 1 & select_ln53_1 != 2 & select_ln53_1 != 3 & select_ln53_1 != 4 & select_ln53_1 != 5 & select_ln53_1 != 6 & select_ln53_1 != 7 & select_ln53 == 7)> <Delay = 0.00>
ST_2 : Operation 123 [1/1] (0.00ns)   --->   "%br_ln56 = br void %arrayidx2967.i.exit96" [src/conv1.cpp:56->src/conv1.cpp:139]   --->   Operation 123 'br' 'br_ln56' <Predicate = (!icmp_ln50 & select_ln53_1 != 0 & select_ln53_1 != 1 & select_ln53_1 != 2 & select_ln53_1 != 3 & select_ln53_1 != 4 & select_ln53_1 != 5 & select_ln53_1 != 6 & select_ln53_1 != 7 & select_ln53 == 6)> <Delay = 0.00>
ST_2 : Operation 124 [1/1] (0.00ns)   --->   "%br_ln56 = br void %arrayidx2967.i.exit96" [src/conv1.cpp:56->src/conv1.cpp:139]   --->   Operation 124 'br' 'br_ln56' <Predicate = (!icmp_ln50 & select_ln53_1 != 0 & select_ln53_1 != 1 & select_ln53_1 != 2 & select_ln53_1 != 3 & select_ln53_1 != 4 & select_ln53_1 != 5 & select_ln53_1 != 6 & select_ln53_1 != 7 & select_ln53 == 5)> <Delay = 0.00>
ST_2 : Operation 125 [1/1] (0.00ns)   --->   "%br_ln56 = br void %arrayidx2967.i.exit96" [src/conv1.cpp:56->src/conv1.cpp:139]   --->   Operation 125 'br' 'br_ln56' <Predicate = (!icmp_ln50 & select_ln53_1 != 0 & select_ln53_1 != 1 & select_ln53_1 != 2 & select_ln53_1 != 3 & select_ln53_1 != 4 & select_ln53_1 != 5 & select_ln53_1 != 6 & select_ln53_1 != 7 & select_ln53 == 4)> <Delay = 0.00>
ST_2 : Operation 126 [1/1] (0.00ns)   --->   "%br_ln56 = br void %arrayidx2967.i.exit96" [src/conv1.cpp:56->src/conv1.cpp:139]   --->   Operation 126 'br' 'br_ln56' <Predicate = (!icmp_ln50 & select_ln53_1 != 0 & select_ln53_1 != 1 & select_ln53_1 != 2 & select_ln53_1 != 3 & select_ln53_1 != 4 & select_ln53_1 != 5 & select_ln53_1 != 6 & select_ln53_1 != 7 & select_ln53 == 3)> <Delay = 0.00>
ST_2 : Operation 127 [1/1] (0.00ns)   --->   "%br_ln56 = br void %arrayidx2967.i.exit96" [src/conv1.cpp:56->src/conv1.cpp:139]   --->   Operation 127 'br' 'br_ln56' <Predicate = (!icmp_ln50 & select_ln53_1 != 0 & select_ln53_1 != 1 & select_ln53_1 != 2 & select_ln53_1 != 3 & select_ln53_1 != 4 & select_ln53_1 != 5 & select_ln53_1 != 6 & select_ln53_1 != 7 & select_ln53 == 2)> <Delay = 0.00>
ST_2 : Operation 128 [1/1] (0.00ns)   --->   "%br_ln56 = br void %arrayidx2967.i.exit96" [src/conv1.cpp:56->src/conv1.cpp:139]   --->   Operation 128 'br' 'br_ln56' <Predicate = (!icmp_ln50 & select_ln53_1 != 0 & select_ln53_1 != 1 & select_ln53_1 != 2 & select_ln53_1 != 3 & select_ln53_1 != 4 & select_ln53_1 != 5 & select_ln53_1 != 6 & select_ln53_1 != 7 & select_ln53 == 1)> <Delay = 0.00>
ST_2 : Operation 129 [1/1] (0.00ns)   --->   "%br_ln56 = br void %arrayidx2967.i.exit96" [src/conv1.cpp:56->src/conv1.cpp:139]   --->   Operation 129 'br' 'br_ln56' <Predicate = (!icmp_ln50 & select_ln53_1 != 0 & select_ln53_1 != 1 & select_ln53_1 != 2 & select_ln53_1 != 3 & select_ln53_1 != 4 & select_ln53_1 != 5 & select_ln53_1 != 6 & select_ln53_1 != 7 & select_ln53 == 0)> <Delay = 0.00>
ST_2 : Operation 130 [1/1] (0.00ns)   --->   "%br_ln56 = br void %arrayidx2967.i.exit96" [src/conv1.cpp:56->src/conv1.cpp:139]   --->   Operation 130 'br' 'br_ln56' <Predicate = (!icmp_ln50 & select_ln53_1 != 0 & select_ln53_1 != 1 & select_ln53_1 != 2 & select_ln53_1 != 3 & select_ln53_1 != 4 & select_ln53_1 != 5 & select_ln53_1 != 6 & select_ln53_1 != 7 & select_ln53 != 0 & select_ln53 != 1 & select_ln53 != 2 & select_ln53 != 3 & select_ln53 != 4 & select_ln53 != 5 & select_ln53 != 6 & select_ln53 != 7)> <Delay = 0.00>
ST_2 : Operation 131 [1/1] (0.79ns)   --->   "%add_ln54 = add i4 %select_ln53, i4 1" [src/conv1.cpp:54->src/conv1.cpp:139]   --->   Operation 131 'add' 'add_ln54' <Predicate = (!icmp_ln50)> <Delay = 0.79> <CoreInst = "Adder">   --->   Core 1 'Adder' <Latency = 0> <II = 1> <Delay = 0.79> <FuncUnit> <Opcode : 'add' 'sub'> <InPorts = 2> <OutPorts = 1>
ST_2 : Operation 132 [1/1] (0.76ns)   --->   "%add_ln53_1 = add i8 %indvar_flatten45_load, i8 1" [src/conv1.cpp:53->src/conv1.cpp:139]   --->   Operation 132 'add' 'add_ln53_1' <Predicate = (!icmp_ln50)> <Delay = 0.76> <CoreInst = "Adder">   --->   Core 1 'Adder' <Latency = 0> <II = 1> <Delay = 0.76> <FuncUnit> <Opcode : 'add' 'sub'> <InPorts = 2> <OutPorts = 1>
ST_2 : Operation 133 [1/1] (0.39ns)   --->   "%select_ln53_2 = select i1 %icmp_ln53, i8 1, i8 %add_ln53_1" [src/conv1.cpp:53->src/conv1.cpp:139]   --->   Operation 133 'select' 'select_ln53_2' <Predicate = (!icmp_ln50)> <Delay = 0.39> <CoreInst = "Sel">   --->   Core 73 'Sel' <Latency = 0> <II = 1> <Delay = 0.39> <FuncUnit> <Opcode : 'select'> <InPorts = 3> <OutPorts = 1>
ST_2 : Operation 134 [1/1] (0.42ns)   --->   "%store_ln54 = store i8 %select_ln53_2, i8 %indvar_flatten45" [src/conv1.cpp:54->src/conv1.cpp:139]   --->   Operation 134 'store' 'store_ln54' <Predicate = (!icmp_ln50)> <Delay = 0.42>
ST_2 : Operation 135 [1/1] (0.42ns)   --->   "%store_ln54 = store i4 %select_ln53_1, i4 %kh" [src/conv1.cpp:54->src/conv1.cpp:139]   --->   Operation 135 'store' 'store_ln54' <Predicate = (!icmp_ln50)> <Delay = 0.42>
ST_2 : Operation 136 [1/1] (0.42ns)   --->   "%store_ln54 = store i4 %add_ln54, i4 %kw" [src/conv1.cpp:54->src/conv1.cpp:139]   --->   Operation 136 'store' 'store_ln54' <Predicate = (!icmp_ln50)> <Delay = 0.42>
ST_2 : Operation 319 [1/1] (0.00ns)   --->   "%ret_ln0 = ret"   --->   Operation 319 'ret' 'ret_ln0' <Predicate = (icmp_ln50)> <Delay = 0.00>

State 3 <SV = 2> <Delay = 1.86>
ST_3 : Operation 137 [1/1] (0.00ns)   --->   "%tn_load = load i4 %tn" [src/conv1.cpp:50->src/conv1.cpp:139]   --->   Operation 137 'load' 'tn_load' <Predicate = true> <Delay = 0.00>
ST_3 : Operation 138 [1/1] (0.79ns)   --->   "%add_ln50 = add i4 %tn_load, i4 1" [src/conv1.cpp:50->src/conv1.cpp:139]   --->   Operation 138 'add' 'add_ln50' <Predicate = (icmp_ln53)> <Delay = 0.79> <CoreInst = "Adder">   --->   Core 1 'Adder' <Latency = 0> <II = 1> <Delay = 0.79> <FuncUnit> <Opcode : 'add' 'sub'> <InPorts = 2> <OutPorts = 1>
ST_3 : Operation 139 [1/1] (0.00ns)   --->   "%specloopname_ln0 = specloopname void @_ssdm_op_SpecLoopName, void @VITIS_LOOP_50_1_VITIS_LOOP_53_3_VITIS_LOOP_54_4_str"   --->   Operation 139 'specloopname' 'specloopname_ln0' <Predicate = true> <Delay = 0.00>
ST_3 : Operation 140 [1/1] (0.00ns)   --->   "%speclooptripcount_ln0 = speclooptripcount void @_ssdm_op_SpecLoopTripCount, i64 648, i64 648, i64 648"   --->   Operation 140 'speclooptripcount' 'speclooptripcount_ln0' <Predicate = true> <Delay = 0.00>
ST_3 : Operation 141 [1/1] (0.39ns)   --->   "%select_ln50_3 = select i1 %icmp_ln53, i4 %add_ln50, i4 %tn_load" [src/conv1.cpp:50->src/conv1.cpp:139]   --->   Operation 141 'select' 'select_ln50_3' <Predicate = true> <Delay = 0.39> <CoreInst = "Sel">   --->   Core 73 'Sel' <Latency = 0> <II = 1> <Delay = 0.39> <FuncUnit> <Opcode : 'select'> <InPorts = 3> <OutPorts = 1>
ST_3 : Operation 142 [1/1] (0.00ns)   --->   "%zext_ln50 = zext i4 %select_ln50_3" [src/conv1.cpp:50->src/conv1.cpp:139]   --->   Operation 142 'zext' 'zext_ln50' <Predicate = true> <Delay = 0.00>
ST_3 : Operation 143 [1/1] (0.00ns)   --->   "%specloopname_ln0 = specloopname void @_ssdm_op_SpecLoopName, void @VITIS_LOOP_53_3_VITIS_LOOP_54_4_str"   --->   Operation 143 'specloopname' 'specloopname_ln0' <Predicate = true> <Delay = 0.00>
ST_3 : Operation 144 [1/1] (0.00ns)   --->   "%specpipeline_ln55 = specpipeline void @_ssdm_op_SpecPipeline, i32 1, i32 0, i32 0, i32 0, void @empty_40" [src/conv1.cpp:55->src/conv1.cpp:139]   --->   Operation 144 'specpipeline' 'specpipeline_ln55' <Predicate = true> <Delay = 0.00>
ST_3 : Operation 145 [1/1] (0.00ns)   --->   "%specloopname_ln54 = specloopname void @_ssdm_op_SpecLoopName, void @empty_23" [src/conv1.cpp:54->src/conv1.cpp:139]   --->   Operation 145 'specloopname' 'specloopname_ln54' <Predicate = true> <Delay = 0.00>
ST_3 : Operation 146 [1/1] (0.00ns)   --->   "%p_ZZ5conv1PA255_A255_fPA1_A9_A9_fPfS1_E6w_tile_7_7_0_addr = getelementptr i32 %p_ZZ5conv1PA255_A255_fPA1_A9_A9_fPfS1_E6w_tile_7_7_0, i64 0, i64 %zext_ln50" [src/conv1.cpp:56->src/conv1.cpp:139]   --->   Operation 146 'getelementptr' 'p_ZZ5conv1PA255_A255_fPA1_A9_A9_fPfS1_E6w_tile_7_7_0_addr' <Predicate = (select_ln53_1 == 7 & select_ln53 == 7)> <Delay = 0.00>
ST_3 : Operation 147 [1/1] (0.67ns)   --->   "%store_ln56 = store i32 %bitcast_ln56, i3 %p_ZZ5conv1PA255_A255_fPA1_A9_A9_fPfS1_E6w_tile_7_7_0_addr" [src/conv1.cpp:56->src/conv1.cpp:139]   --->   Operation 147 'store' 'store_ln56' <Predicate = (select_ln53_1 == 7 & select_ln53 == 7)> <Delay = 0.67> <CoreInst = "RAM">   --->   Core 83 'RAM' <Latency = 1> <II = 1> <Delay = 0.67> <Storage> <Opcode : 'load' 'store'> <Ports = 2> <Width = 32> <Depth = 8> <RAM>
ST_3 : Operation 148 [1/1] (0.00ns)   --->   "%p_ZZ5conv1PA255_A255_fPA1_A9_A9_fPfS1_E6w_tile_7_6_0_addr = getelementptr i32 %p_ZZ5conv1PA255_A255_fPA1_A9_A9_fPfS1_E6w_tile_7_6_0, i64 0, i64 %zext_ln50" [src/conv1.cpp:56->src/conv1.cpp:139]   --->   Operation 148 'getelementptr' 'p_ZZ5conv1PA255_A255_fPA1_A9_A9_fPfS1_E6w_tile_7_6_0_addr' <Predicate = (select_ln53_1 == 7 & select_ln53 == 6)> <Delay = 0.00>
ST_3 : Operation 149 [1/1] (0.67ns)   --->   "%store_ln56 = store i32 %bitcast_ln56, i3 %p_ZZ5conv1PA255_A255_fPA1_A9_A9_fPfS1_E6w_tile_7_6_0_addr" [src/conv1.cpp:56->src/conv1.cpp:139]   --->   Operation 149 'store' 'store_ln56' <Predicate = (select_ln53_1 == 7 & select_ln53 == 6)> <Delay = 0.67> <CoreInst = "RAM">   --->   Core 83 'RAM' <Latency = 1> <II = 1> <Delay = 0.67> <Storage> <Opcode : 'load' 'store'> <Ports = 2> <Width = 32> <Depth = 8> <RAM>
ST_3 : Operation 150 [1/1] (0.00ns)   --->   "%p_ZZ5conv1PA255_A255_fPA1_A9_A9_fPfS1_E6w_tile_7_5_0_addr = getelementptr i32 %p_ZZ5conv1PA255_A255_fPA1_A9_A9_fPfS1_E6w_tile_7_5_0, i64 0, i64 %zext_ln50" [src/conv1.cpp:56->src/conv1.cpp:139]   --->   Operation 150 'getelementptr' 'p_ZZ5conv1PA255_A255_fPA1_A9_A9_fPfS1_E6w_tile_7_5_0_addr' <Predicate = (select_ln53_1 == 7 & select_ln53 == 5)> <Delay = 0.00>
ST_3 : Operation 151 [1/1] (0.67ns)   --->   "%store_ln56 = store i32 %bitcast_ln56, i3 %p_ZZ5conv1PA255_A255_fPA1_A9_A9_fPfS1_E6w_tile_7_5_0_addr" [src/conv1.cpp:56->src/conv1.cpp:139]   --->   Operation 151 'store' 'store_ln56' <Predicate = (select_ln53_1 == 7 & select_ln53 == 5)> <Delay = 0.67> <CoreInst = "RAM">   --->   Core 83 'RAM' <Latency = 1> <II = 1> <Delay = 0.67> <Storage> <Opcode : 'load' 'store'> <Ports = 2> <Width = 32> <Depth = 8> <RAM>
ST_3 : Operation 152 [1/1] (0.00ns)   --->   "%p_ZZ5conv1PA255_A255_fPA1_A9_A9_fPfS1_E6w_tile_7_4_0_addr = getelementptr i32 %p_ZZ5conv1PA255_A255_fPA1_A9_A9_fPfS1_E6w_tile_7_4_0, i64 0, i64 %zext_ln50" [src/conv1.cpp:56->src/conv1.cpp:139]   --->   Operation 152 'getelementptr' 'p_ZZ5conv1PA255_A255_fPA1_A9_A9_fPfS1_E6w_tile_7_4_0_addr' <Predicate = (select_ln53_1 == 7 & select_ln53 == 4)> <Delay = 0.00>
ST_3 : Operation 153 [1/1] (0.67ns)   --->   "%store_ln56 = store i32 %bitcast_ln56, i3 %p_ZZ5conv1PA255_A255_fPA1_A9_A9_fPfS1_E6w_tile_7_4_0_addr" [src/conv1.cpp:56->src/conv1.cpp:139]   --->   Operation 153 'store' 'store_ln56' <Predicate = (select_ln53_1 == 7 & select_ln53 == 4)> <Delay = 0.67> <CoreInst = "RAM">   --->   Core 83 'RAM' <Latency = 1> <II = 1> <Delay = 0.67> <Storage> <Opcode : 'load' 'store'> <Ports = 2> <Width = 32> <Depth = 8> <RAM>
ST_3 : Operation 154 [1/1] (0.00ns)   --->   "%p_ZZ5conv1PA255_A255_fPA1_A9_A9_fPfS1_E6w_tile_7_3_0_addr = getelementptr i32 %p_ZZ5conv1PA255_A255_fPA1_A9_A9_fPfS1_E6w_tile_7_3_0, i64 0, i64 %zext_ln50" [src/conv1.cpp:56->src/conv1.cpp:139]   --->   Operation 154 'getelementptr' 'p_ZZ5conv1PA255_A255_fPA1_A9_A9_fPfS1_E6w_tile_7_3_0_addr' <Predicate = (select_ln53_1 == 7 & select_ln53 == 3)> <Delay = 0.00>
ST_3 : Operation 155 [1/1] (0.67ns)   --->   "%store_ln56 = store i32 %bitcast_ln56, i3 %p_ZZ5conv1PA255_A255_fPA1_A9_A9_fPfS1_E6w_tile_7_3_0_addr" [src/conv1.cpp:56->src/conv1.cpp:139]   --->   Operation 155 'store' 'store_ln56' <Predicate = (select_ln53_1 == 7 & select_ln53 == 3)> <Delay = 0.67> <CoreInst = "RAM">   --->   Core 83 'RAM' <Latency = 1> <II = 1> <Delay = 0.67> <Storage> <Opcode : 'load' 'store'> <Ports = 2> <Width = 32> <Depth = 8> <RAM>
ST_3 : Operation 156 [1/1] (0.00ns)   --->   "%p_ZZ5conv1PA255_A255_fPA1_A9_A9_fPfS1_E6w_tile_7_2_0_addr = getelementptr i32 %p_ZZ5conv1PA255_A255_fPA1_A9_A9_fPfS1_E6w_tile_7_2_0, i64 0, i64 %zext_ln50" [src/conv1.cpp:56->src/conv1.cpp:139]   --->   Operation 156 'getelementptr' 'p_ZZ5conv1PA255_A255_fPA1_A9_A9_fPfS1_E6w_tile_7_2_0_addr' <Predicate = (select_ln53_1 == 7 & select_ln53 == 2)> <Delay = 0.00>
ST_3 : Operation 157 [1/1] (0.67ns)   --->   "%store_ln56 = store i32 %bitcast_ln56, i3 %p_ZZ5conv1PA255_A255_fPA1_A9_A9_fPfS1_E6w_tile_7_2_0_addr" [src/conv1.cpp:56->src/conv1.cpp:139]   --->   Operation 157 'store' 'store_ln56' <Predicate = (select_ln53_1 == 7 & select_ln53 == 2)> <Delay = 0.67> <CoreInst = "RAM">   --->   Core 83 'RAM' <Latency = 1> <II = 1> <Delay = 0.67> <Storage> <Opcode : 'load' 'store'> <Ports = 2> <Width = 32> <Depth = 8> <RAM>
ST_3 : Operation 158 [1/1] (0.00ns)   --->   "%p_ZZ5conv1PA255_A255_fPA1_A9_A9_fPfS1_E6w_tile_7_1_0_addr = getelementptr i32 %p_ZZ5conv1PA255_A255_fPA1_A9_A9_fPfS1_E6w_tile_7_1_0, i64 0, i64 %zext_ln50" [src/conv1.cpp:56->src/conv1.cpp:139]   --->   Operation 158 'getelementptr' 'p_ZZ5conv1PA255_A255_fPA1_A9_A9_fPfS1_E6w_tile_7_1_0_addr' <Predicate = (select_ln53_1 == 7 & select_ln53 == 1)> <Delay = 0.00>
ST_3 : Operation 159 [1/1] (0.67ns)   --->   "%store_ln56 = store i32 %bitcast_ln56, i3 %p_ZZ5conv1PA255_A255_fPA1_A9_A9_fPfS1_E6w_tile_7_1_0_addr" [src/conv1.cpp:56->src/conv1.cpp:139]   --->   Operation 159 'store' 'store_ln56' <Predicate = (select_ln53_1 == 7 & select_ln53 == 1)> <Delay = 0.67> <CoreInst = "RAM">   --->   Core 83 'RAM' <Latency = 1> <II = 1> <Delay = 0.67> <Storage> <Opcode : 'load' 'store'> <Ports = 2> <Width = 32> <Depth = 8> <RAM>
ST_3 : Operation 160 [1/1] (0.00ns)   --->   "%p_ZZ5conv1PA255_A255_fPA1_A9_A9_fPfS1_E6w_tile_7_0_0_addr = getelementptr i32 %p_ZZ5conv1PA255_A255_fPA1_A9_A9_fPfS1_E6w_tile_7_0_0, i64 0, i64 %zext_ln50" [src/conv1.cpp:56->src/conv1.cpp:139]   --->   Operation 160 'getelementptr' 'p_ZZ5conv1PA255_A255_fPA1_A9_A9_fPfS1_E6w_tile_7_0_0_addr' <Predicate = (select_ln53_1 == 7 & select_ln53 == 0)> <Delay = 0.00>
ST_3 : Operation 161 [1/1] (0.67ns)   --->   "%store_ln56 = store i32 %bitcast_ln56, i3 %p_ZZ5conv1PA255_A255_fPA1_A9_A9_fPfS1_E6w_tile_7_0_0_addr" [src/conv1.cpp:56->src/conv1.cpp:139]   --->   Operation 161 'store' 'store_ln56' <Predicate = (select_ln53_1 == 7 & select_ln53 == 0)> <Delay = 0.67> <CoreInst = "RAM">   --->   Core 83 'RAM' <Latency = 1> <II = 1> <Delay = 0.67> <Storage> <Opcode : 'load' 'store'> <Ports = 2> <Width = 32> <Depth = 8> <RAM>
ST_3 : Operation 162 [1/1] (0.00ns)   --->   "%p_ZZ5conv1PA255_A255_fPA1_A9_A9_fPfS1_E6w_tile_7_8_0_addr = getelementptr i32 %p_ZZ5conv1PA255_A255_fPA1_A9_A9_fPfS1_E6w_tile_7_8_0, i64 0, i64 %zext_ln50" [src/conv1.cpp:56->src/conv1.cpp:139]   --->   Operation 162 'getelementptr' 'p_ZZ5conv1PA255_A255_fPA1_A9_A9_fPfS1_E6w_tile_7_8_0_addr' <Predicate = (select_ln53_1 == 7 & select_ln53 != 0 & select_ln53 != 1 & select_ln53 != 2 & select_ln53 != 3 & select_ln53 != 4 & select_ln53 != 5 & select_ln53 != 6 & select_ln53 != 7)> <Delay = 0.00>
ST_3 : Operation 163 [1/1] (0.67ns)   --->   "%store_ln56 = store i32 %bitcast_ln56, i3 %p_ZZ5conv1PA255_A255_fPA1_A9_A9_fPfS1_E6w_tile_7_8_0_addr" [src/conv1.cpp:56->src/conv1.cpp:139]   --->   Operation 163 'store' 'store_ln56' <Predicate = (select_ln53_1 == 7 & select_ln53 != 0 & select_ln53 != 1 & select_ln53 != 2 & select_ln53 != 3 & select_ln53 != 4 & select_ln53 != 5 & select_ln53 != 6 & select_ln53 != 7)> <Delay = 0.67> <CoreInst = "RAM">   --->   Core 83 'RAM' <Latency = 1> <II = 1> <Delay = 0.67> <Storage> <Opcode : 'load' 'store'> <Ports = 2> <Width = 32> <Depth = 8> <RAM>
ST_3 : Operation 164 [1/1] (0.00ns)   --->   "%br_ln56 = br void %arrayidx2967.i.exit" [src/conv1.cpp:56->src/conv1.cpp:139]   --->   Operation 164 'br' 'br_ln56' <Predicate = (select_ln53_1 == 7)> <Delay = 0.00>
ST_3 : Operation 165 [1/1] (0.00ns)   --->   "%p_ZZ5conv1PA255_A255_fPA1_A9_A9_fPfS1_E6w_tile_6_7_0_addr = getelementptr i32 %p_ZZ5conv1PA255_A255_fPA1_A9_A9_fPfS1_E6w_tile_6_7_0, i64 0, i64 %zext_ln50" [src/conv1.cpp:56->src/conv1.cpp:139]   --->   Operation 165 'getelementptr' 'p_ZZ5conv1PA255_A255_fPA1_A9_A9_fPfS1_E6w_tile_6_7_0_addr' <Predicate = (select_ln53_1 == 6 & select_ln53 == 7)> <Delay = 0.00>
ST_3 : Operation 166 [1/1] (0.67ns)   --->   "%store_ln56 = store i32 %bitcast_ln56, i3 %p_ZZ5conv1PA255_A255_fPA1_A9_A9_fPfS1_E6w_tile_6_7_0_addr" [src/conv1.cpp:56->src/conv1.cpp:139]   --->   Operation 166 'store' 'store_ln56' <Predicate = (select_ln53_1 == 6 & select_ln53 == 7)> <Delay = 0.67> <CoreInst = "RAM">   --->   Core 83 'RAM' <Latency = 1> <II = 1> <Delay = 0.67> <Storage> <Opcode : 'load' 'store'> <Ports = 2> <Width = 32> <Depth = 8> <RAM>
ST_3 : Operation 167 [1/1] (0.00ns)   --->   "%p_ZZ5conv1PA255_A255_fPA1_A9_A9_fPfS1_E6w_tile_6_6_0_addr = getelementptr i32 %p_ZZ5conv1PA255_A255_fPA1_A9_A9_fPfS1_E6w_tile_6_6_0, i64 0, i64 %zext_ln50" [src/conv1.cpp:56->src/conv1.cpp:139]   --->   Operation 167 'getelementptr' 'p_ZZ5conv1PA255_A255_fPA1_A9_A9_fPfS1_E6w_tile_6_6_0_addr' <Predicate = (select_ln53_1 == 6 & select_ln53 == 6)> <Delay = 0.00>
ST_3 : Operation 168 [1/1] (0.67ns)   --->   "%store_ln56 = store i32 %bitcast_ln56, i3 %p_ZZ5conv1PA255_A255_fPA1_A9_A9_fPfS1_E6w_tile_6_6_0_addr" [src/conv1.cpp:56->src/conv1.cpp:139]   --->   Operation 168 'store' 'store_ln56' <Predicate = (select_ln53_1 == 6 & select_ln53 == 6)> <Delay = 0.67> <CoreInst = "RAM">   --->   Core 83 'RAM' <Latency = 1> <II = 1> <Delay = 0.67> <Storage> <Opcode : 'load' 'store'> <Ports = 2> <Width = 32> <Depth = 8> <RAM>
ST_3 : Operation 169 [1/1] (0.00ns)   --->   "%p_ZZ5conv1PA255_A255_fPA1_A9_A9_fPfS1_E6w_tile_6_5_0_addr = getelementptr i32 %p_ZZ5conv1PA255_A255_fPA1_A9_A9_fPfS1_E6w_tile_6_5_0, i64 0, i64 %zext_ln50" [src/conv1.cpp:56->src/conv1.cpp:139]   --->   Operation 169 'getelementptr' 'p_ZZ5conv1PA255_A255_fPA1_A9_A9_fPfS1_E6w_tile_6_5_0_addr' <Predicate = (select_ln53_1 == 6 & select_ln53 == 5)> <Delay = 0.00>
ST_3 : Operation 170 [1/1] (0.67ns)   --->   "%store_ln56 = store i32 %bitcast_ln56, i3 %p_ZZ5conv1PA255_A255_fPA1_A9_A9_fPfS1_E6w_tile_6_5_0_addr" [src/conv1.cpp:56->src/conv1.cpp:139]   --->   Operation 170 'store' 'store_ln56' <Predicate = (select_ln53_1 == 6 & select_ln53 == 5)> <Delay = 0.67> <CoreInst = "RAM">   --->   Core 83 'RAM' <Latency = 1> <II = 1> <Delay = 0.67> <Storage> <Opcode : 'load' 'store'> <Ports = 2> <Width = 32> <Depth = 8> <RAM>
ST_3 : Operation 171 [1/1] (0.00ns)   --->   "%p_ZZ5conv1PA255_A255_fPA1_A9_A9_fPfS1_E6w_tile_6_4_0_addr = getelementptr i32 %p_ZZ5conv1PA255_A255_fPA1_A9_A9_fPfS1_E6w_tile_6_4_0, i64 0, i64 %zext_ln50" [src/conv1.cpp:56->src/conv1.cpp:139]   --->   Operation 171 'getelementptr' 'p_ZZ5conv1PA255_A255_fPA1_A9_A9_fPfS1_E6w_tile_6_4_0_addr' <Predicate = (select_ln53_1 == 6 & select_ln53 == 4)> <Delay = 0.00>
ST_3 : Operation 172 [1/1] (0.67ns)   --->   "%store_ln56 = store i32 %bitcast_ln56, i3 %p_ZZ5conv1PA255_A255_fPA1_A9_A9_fPfS1_E6w_tile_6_4_0_addr" [src/conv1.cpp:56->src/conv1.cpp:139]   --->   Operation 172 'store' 'store_ln56' <Predicate = (select_ln53_1 == 6 & select_ln53 == 4)> <Delay = 0.67> <CoreInst = "RAM">   --->   Core 83 'RAM' <Latency = 1> <II = 1> <Delay = 0.67> <Storage> <Opcode : 'load' 'store'> <Ports = 2> <Width = 32> <Depth = 8> <RAM>
ST_3 : Operation 173 [1/1] (0.00ns)   --->   "%p_ZZ5conv1PA255_A255_fPA1_A9_A9_fPfS1_E6w_tile_6_3_0_addr = getelementptr i32 %p_ZZ5conv1PA255_A255_fPA1_A9_A9_fPfS1_E6w_tile_6_3_0, i64 0, i64 %zext_ln50" [src/conv1.cpp:56->src/conv1.cpp:139]   --->   Operation 173 'getelementptr' 'p_ZZ5conv1PA255_A255_fPA1_A9_A9_fPfS1_E6w_tile_6_3_0_addr' <Predicate = (select_ln53_1 == 6 & select_ln53 == 3)> <Delay = 0.00>
ST_3 : Operation 174 [1/1] (0.67ns)   --->   "%store_ln56 = store i32 %bitcast_ln56, i3 %p_ZZ5conv1PA255_A255_fPA1_A9_A9_fPfS1_E6w_tile_6_3_0_addr" [src/conv1.cpp:56->src/conv1.cpp:139]   --->   Operation 174 'store' 'store_ln56' <Predicate = (select_ln53_1 == 6 & select_ln53 == 3)> <Delay = 0.67> <CoreInst = "RAM">   --->   Core 83 'RAM' <Latency = 1> <II = 1> <Delay = 0.67> <Storage> <Opcode : 'load' 'store'> <Ports = 2> <Width = 32> <Depth = 8> <RAM>
ST_3 : Operation 175 [1/1] (0.00ns)   --->   "%p_ZZ5conv1PA255_A255_fPA1_A9_A9_fPfS1_E6w_tile_6_2_0_addr = getelementptr i32 %p_ZZ5conv1PA255_A255_fPA1_A9_A9_fPfS1_E6w_tile_6_2_0, i64 0, i64 %zext_ln50" [src/conv1.cpp:56->src/conv1.cpp:139]   --->   Operation 175 'getelementptr' 'p_ZZ5conv1PA255_A255_fPA1_A9_A9_fPfS1_E6w_tile_6_2_0_addr' <Predicate = (select_ln53_1 == 6 & select_ln53 == 2)> <Delay = 0.00>
ST_3 : Operation 176 [1/1] (0.67ns)   --->   "%store_ln56 = store i32 %bitcast_ln56, i3 %p_ZZ5conv1PA255_A255_fPA1_A9_A9_fPfS1_E6w_tile_6_2_0_addr" [src/conv1.cpp:56->src/conv1.cpp:139]   --->   Operation 176 'store' 'store_ln56' <Predicate = (select_ln53_1 == 6 & select_ln53 == 2)> <Delay = 0.67> <CoreInst = "RAM">   --->   Core 83 'RAM' <Latency = 1> <II = 1> <Delay = 0.67> <Storage> <Opcode : 'load' 'store'> <Ports = 2> <Width = 32> <Depth = 8> <RAM>
ST_3 : Operation 177 [1/1] (0.00ns)   --->   "%p_ZZ5conv1PA255_A255_fPA1_A9_A9_fPfS1_E6w_tile_6_1_0_addr = getelementptr i32 %p_ZZ5conv1PA255_A255_fPA1_A9_A9_fPfS1_E6w_tile_6_1_0, i64 0, i64 %zext_ln50" [src/conv1.cpp:56->src/conv1.cpp:139]   --->   Operation 177 'getelementptr' 'p_ZZ5conv1PA255_A255_fPA1_A9_A9_fPfS1_E6w_tile_6_1_0_addr' <Predicate = (select_ln53_1 == 6 & select_ln53 == 1)> <Delay = 0.00>
ST_3 : Operation 178 [1/1] (0.67ns)   --->   "%store_ln56 = store i32 %bitcast_ln56, i3 %p_ZZ5conv1PA255_A255_fPA1_A9_A9_fPfS1_E6w_tile_6_1_0_addr" [src/conv1.cpp:56->src/conv1.cpp:139]   --->   Operation 178 'store' 'store_ln56' <Predicate = (select_ln53_1 == 6 & select_ln53 == 1)> <Delay = 0.67> <CoreInst = "RAM">   --->   Core 83 'RAM' <Latency = 1> <II = 1> <Delay = 0.67> <Storage> <Opcode : 'load' 'store'> <Ports = 2> <Width = 32> <Depth = 8> <RAM>
ST_3 : Operation 179 [1/1] (0.00ns)   --->   "%p_ZZ5conv1PA255_A255_fPA1_A9_A9_fPfS1_E6w_tile_6_0_0_addr = getelementptr i32 %p_ZZ5conv1PA255_A255_fPA1_A9_A9_fPfS1_E6w_tile_6_0_0, i64 0, i64 %zext_ln50" [src/conv1.cpp:56->src/conv1.cpp:139]   --->   Operation 179 'getelementptr' 'p_ZZ5conv1PA255_A255_fPA1_A9_A9_fPfS1_E6w_tile_6_0_0_addr' <Predicate = (select_ln53_1 == 6 & select_ln53 == 0)> <Delay = 0.00>
ST_3 : Operation 180 [1/1] (0.67ns)   --->   "%store_ln56 = store i32 %bitcast_ln56, i3 %p_ZZ5conv1PA255_A255_fPA1_A9_A9_fPfS1_E6w_tile_6_0_0_addr" [src/conv1.cpp:56->src/conv1.cpp:139]   --->   Operation 180 'store' 'store_ln56' <Predicate = (select_ln53_1 == 6 & select_ln53 == 0)> <Delay = 0.67> <CoreInst = "RAM">   --->   Core 83 'RAM' <Latency = 1> <II = 1> <Delay = 0.67> <Storage> <Opcode : 'load' 'store'> <Ports = 2> <Width = 32> <Depth = 8> <RAM>
ST_3 : Operation 181 [1/1] (0.00ns)   --->   "%p_ZZ5conv1PA255_A255_fPA1_A9_A9_fPfS1_E6w_tile_6_8_0_addr = getelementptr i32 %p_ZZ5conv1PA255_A255_fPA1_A9_A9_fPfS1_E6w_tile_6_8_0, i64 0, i64 %zext_ln50" [src/conv1.cpp:56->src/conv1.cpp:139]   --->   Operation 181 'getelementptr' 'p_ZZ5conv1PA255_A255_fPA1_A9_A9_fPfS1_E6w_tile_6_8_0_addr' <Predicate = (select_ln53_1 == 6 & select_ln53 != 0 & select_ln53 != 1 & select_ln53 != 2 & select_ln53 != 3 & select_ln53 != 4 & select_ln53 != 5 & select_ln53 != 6 & select_ln53 != 7)> <Delay = 0.00>
ST_3 : Operation 182 [1/1] (0.67ns)   --->   "%store_ln56 = store i32 %bitcast_ln56, i3 %p_ZZ5conv1PA255_A255_fPA1_A9_A9_fPfS1_E6w_tile_6_8_0_addr" [src/conv1.cpp:56->src/conv1.cpp:139]   --->   Operation 182 'store' 'store_ln56' <Predicate = (select_ln53_1 == 6 & select_ln53 != 0 & select_ln53 != 1 & select_ln53 != 2 & select_ln53 != 3 & select_ln53 != 4 & select_ln53 != 5 & select_ln53 != 6 & select_ln53 != 7)> <Delay = 0.67> <CoreInst = "RAM">   --->   Core 83 'RAM' <Latency = 1> <II = 1> <Delay = 0.67> <Storage> <Opcode : 'load' 'store'> <Ports = 2> <Width = 32> <Depth = 8> <RAM>
ST_3 : Operation 183 [1/1] (0.00ns)   --->   "%br_ln56 = br void %arrayidx2967.i.exit" [src/conv1.cpp:56->src/conv1.cpp:139]   --->   Operation 183 'br' 'br_ln56' <Predicate = (select_ln53_1 == 6)> <Delay = 0.00>
ST_3 : Operation 184 [1/1] (0.00ns)   --->   "%p_ZZ5conv1PA255_A255_fPA1_A9_A9_fPfS1_E6w_tile_5_7_0_addr = getelementptr i32 %p_ZZ5conv1PA255_A255_fPA1_A9_A9_fPfS1_E6w_tile_5_7_0, i64 0, i64 %zext_ln50" [src/conv1.cpp:56->src/conv1.cpp:139]   --->   Operation 184 'getelementptr' 'p_ZZ5conv1PA255_A255_fPA1_A9_A9_fPfS1_E6w_tile_5_7_0_addr' <Predicate = (select_ln53_1 == 5 & select_ln53 == 7)> <Delay = 0.00>
ST_3 : Operation 185 [1/1] (0.67ns)   --->   "%store_ln56 = store i32 %bitcast_ln56, i3 %p_ZZ5conv1PA255_A255_fPA1_A9_A9_fPfS1_E6w_tile_5_7_0_addr" [src/conv1.cpp:56->src/conv1.cpp:139]   --->   Operation 185 'store' 'store_ln56' <Predicate = (select_ln53_1 == 5 & select_ln53 == 7)> <Delay = 0.67> <CoreInst = "RAM">   --->   Core 83 'RAM' <Latency = 1> <II = 1> <Delay = 0.67> <Storage> <Opcode : 'load' 'store'> <Ports = 2> <Width = 32> <Depth = 8> <RAM>
ST_3 : Operation 186 [1/1] (0.00ns)   --->   "%p_ZZ5conv1PA255_A255_fPA1_A9_A9_fPfS1_E6w_tile_5_6_0_addr = getelementptr i32 %p_ZZ5conv1PA255_A255_fPA1_A9_A9_fPfS1_E6w_tile_5_6_0, i64 0, i64 %zext_ln50" [src/conv1.cpp:56->src/conv1.cpp:139]   --->   Operation 186 'getelementptr' 'p_ZZ5conv1PA255_A255_fPA1_A9_A9_fPfS1_E6w_tile_5_6_0_addr' <Predicate = (select_ln53_1 == 5 & select_ln53 == 6)> <Delay = 0.00>
ST_3 : Operation 187 [1/1] (0.67ns)   --->   "%store_ln56 = store i32 %bitcast_ln56, i3 %p_ZZ5conv1PA255_A255_fPA1_A9_A9_fPfS1_E6w_tile_5_6_0_addr" [src/conv1.cpp:56->src/conv1.cpp:139]   --->   Operation 187 'store' 'store_ln56' <Predicate = (select_ln53_1 == 5 & select_ln53 == 6)> <Delay = 0.67> <CoreInst = "RAM">   --->   Core 83 'RAM' <Latency = 1> <II = 1> <Delay = 0.67> <Storage> <Opcode : 'load' 'store'> <Ports = 2> <Width = 32> <Depth = 8> <RAM>
ST_3 : Operation 188 [1/1] (0.00ns)   --->   "%p_ZZ5conv1PA255_A255_fPA1_A9_A9_fPfS1_E6w_tile_5_5_0_addr = getelementptr i32 %p_ZZ5conv1PA255_A255_fPA1_A9_A9_fPfS1_E6w_tile_5_5_0, i64 0, i64 %zext_ln50" [src/conv1.cpp:56->src/conv1.cpp:139]   --->   Operation 188 'getelementptr' 'p_ZZ5conv1PA255_A255_fPA1_A9_A9_fPfS1_E6w_tile_5_5_0_addr' <Predicate = (select_ln53_1 == 5 & select_ln53 == 5)> <Delay = 0.00>
ST_3 : Operation 189 [1/1] (0.67ns)   --->   "%store_ln56 = store i32 %bitcast_ln56, i3 %p_ZZ5conv1PA255_A255_fPA1_A9_A9_fPfS1_E6w_tile_5_5_0_addr" [src/conv1.cpp:56->src/conv1.cpp:139]   --->   Operation 189 'store' 'store_ln56' <Predicate = (select_ln53_1 == 5 & select_ln53 == 5)> <Delay = 0.67> <CoreInst = "RAM">   --->   Core 83 'RAM' <Latency = 1> <II = 1> <Delay = 0.67> <Storage> <Opcode : 'load' 'store'> <Ports = 2> <Width = 32> <Depth = 8> <RAM>
ST_3 : Operation 190 [1/1] (0.00ns)   --->   "%p_ZZ5conv1PA255_A255_fPA1_A9_A9_fPfS1_E6w_tile_5_4_0_addr = getelementptr i32 %p_ZZ5conv1PA255_A255_fPA1_A9_A9_fPfS1_E6w_tile_5_4_0, i64 0, i64 %zext_ln50" [src/conv1.cpp:56->src/conv1.cpp:139]   --->   Operation 190 'getelementptr' 'p_ZZ5conv1PA255_A255_fPA1_A9_A9_fPfS1_E6w_tile_5_4_0_addr' <Predicate = (select_ln53_1 == 5 & select_ln53 == 4)> <Delay = 0.00>
ST_3 : Operation 191 [1/1] (0.67ns)   --->   "%store_ln56 = store i32 %bitcast_ln56, i3 %p_ZZ5conv1PA255_A255_fPA1_A9_A9_fPfS1_E6w_tile_5_4_0_addr" [src/conv1.cpp:56->src/conv1.cpp:139]   --->   Operation 191 'store' 'store_ln56' <Predicate = (select_ln53_1 == 5 & select_ln53 == 4)> <Delay = 0.67> <CoreInst = "RAM">   --->   Core 83 'RAM' <Latency = 1> <II = 1> <Delay = 0.67> <Storage> <Opcode : 'load' 'store'> <Ports = 2> <Width = 32> <Depth = 8> <RAM>
ST_3 : Operation 192 [1/1] (0.00ns)   --->   "%p_ZZ5conv1PA255_A255_fPA1_A9_A9_fPfS1_E6w_tile_5_3_0_addr = getelementptr i32 %p_ZZ5conv1PA255_A255_fPA1_A9_A9_fPfS1_E6w_tile_5_3_0, i64 0, i64 %zext_ln50" [src/conv1.cpp:56->src/conv1.cpp:139]   --->   Operation 192 'getelementptr' 'p_ZZ5conv1PA255_A255_fPA1_A9_A9_fPfS1_E6w_tile_5_3_0_addr' <Predicate = (select_ln53_1 == 5 & select_ln53 == 3)> <Delay = 0.00>
ST_3 : Operation 193 [1/1] (0.67ns)   --->   "%store_ln56 = store i32 %bitcast_ln56, i3 %p_ZZ5conv1PA255_A255_fPA1_A9_A9_fPfS1_E6w_tile_5_3_0_addr" [src/conv1.cpp:56->src/conv1.cpp:139]   --->   Operation 193 'store' 'store_ln56' <Predicate = (select_ln53_1 == 5 & select_ln53 == 3)> <Delay = 0.67> <CoreInst = "RAM">   --->   Core 83 'RAM' <Latency = 1> <II = 1> <Delay = 0.67> <Storage> <Opcode : 'load' 'store'> <Ports = 2> <Width = 32> <Depth = 8> <RAM>
ST_3 : Operation 194 [1/1] (0.00ns)   --->   "%p_ZZ5conv1PA255_A255_fPA1_A9_A9_fPfS1_E6w_tile_5_2_0_addr = getelementptr i32 %p_ZZ5conv1PA255_A255_fPA1_A9_A9_fPfS1_E6w_tile_5_2_0, i64 0, i64 %zext_ln50" [src/conv1.cpp:56->src/conv1.cpp:139]   --->   Operation 194 'getelementptr' 'p_ZZ5conv1PA255_A255_fPA1_A9_A9_fPfS1_E6w_tile_5_2_0_addr' <Predicate = (select_ln53_1 == 5 & select_ln53 == 2)> <Delay = 0.00>
ST_3 : Operation 195 [1/1] (0.67ns)   --->   "%store_ln56 = store i32 %bitcast_ln56, i3 %p_ZZ5conv1PA255_A255_fPA1_A9_A9_fPfS1_E6w_tile_5_2_0_addr" [src/conv1.cpp:56->src/conv1.cpp:139]   --->   Operation 195 'store' 'store_ln56' <Predicate = (select_ln53_1 == 5 & select_ln53 == 2)> <Delay = 0.67> <CoreInst = "RAM">   --->   Core 83 'RAM' <Latency = 1> <II = 1> <Delay = 0.67> <Storage> <Opcode : 'load' 'store'> <Ports = 2> <Width = 32> <Depth = 8> <RAM>
ST_3 : Operation 196 [1/1] (0.00ns)   --->   "%p_ZZ5conv1PA255_A255_fPA1_A9_A9_fPfS1_E6w_tile_5_1_0_addr = getelementptr i32 %p_ZZ5conv1PA255_A255_fPA1_A9_A9_fPfS1_E6w_tile_5_1_0, i64 0, i64 %zext_ln50" [src/conv1.cpp:56->src/conv1.cpp:139]   --->   Operation 196 'getelementptr' 'p_ZZ5conv1PA255_A255_fPA1_A9_A9_fPfS1_E6w_tile_5_1_0_addr' <Predicate = (select_ln53_1 == 5 & select_ln53 == 1)> <Delay = 0.00>
ST_3 : Operation 197 [1/1] (0.67ns)   --->   "%store_ln56 = store i32 %bitcast_ln56, i3 %p_ZZ5conv1PA255_A255_fPA1_A9_A9_fPfS1_E6w_tile_5_1_0_addr" [src/conv1.cpp:56->src/conv1.cpp:139]   --->   Operation 197 'store' 'store_ln56' <Predicate = (select_ln53_1 == 5 & select_ln53 == 1)> <Delay = 0.67> <CoreInst = "RAM">   --->   Core 83 'RAM' <Latency = 1> <II = 1> <Delay = 0.67> <Storage> <Opcode : 'load' 'store'> <Ports = 2> <Width = 32> <Depth = 8> <RAM>
ST_3 : Operation 198 [1/1] (0.00ns)   --->   "%p_ZZ5conv1PA255_A255_fPA1_A9_A9_fPfS1_E6w_tile_5_0_0_addr = getelementptr i32 %p_ZZ5conv1PA255_A255_fPA1_A9_A9_fPfS1_E6w_tile_5_0_0, i64 0, i64 %zext_ln50" [src/conv1.cpp:56->src/conv1.cpp:139]   --->   Operation 198 'getelementptr' 'p_ZZ5conv1PA255_A255_fPA1_A9_A9_fPfS1_E6w_tile_5_0_0_addr' <Predicate = (select_ln53_1 == 5 & select_ln53 == 0)> <Delay = 0.00>
ST_3 : Operation 199 [1/1] (0.67ns)   --->   "%store_ln56 = store i32 %bitcast_ln56, i3 %p_ZZ5conv1PA255_A255_fPA1_A9_A9_fPfS1_E6w_tile_5_0_0_addr" [src/conv1.cpp:56->src/conv1.cpp:139]   --->   Operation 199 'store' 'store_ln56' <Predicate = (select_ln53_1 == 5 & select_ln53 == 0)> <Delay = 0.67> <CoreInst = "RAM">   --->   Core 83 'RAM' <Latency = 1> <II = 1> <Delay = 0.67> <Storage> <Opcode : 'load' 'store'> <Ports = 2> <Width = 32> <Depth = 8> <RAM>
ST_3 : Operation 200 [1/1] (0.00ns)   --->   "%p_ZZ5conv1PA255_A255_fPA1_A9_A9_fPfS1_E6w_tile_5_8_0_addr = getelementptr i32 %p_ZZ5conv1PA255_A255_fPA1_A9_A9_fPfS1_E6w_tile_5_8_0, i64 0, i64 %zext_ln50" [src/conv1.cpp:56->src/conv1.cpp:139]   --->   Operation 200 'getelementptr' 'p_ZZ5conv1PA255_A255_fPA1_A9_A9_fPfS1_E6w_tile_5_8_0_addr' <Predicate = (select_ln53_1 == 5 & select_ln53 != 0 & select_ln53 != 1 & select_ln53 != 2 & select_ln53 != 3 & select_ln53 != 4 & select_ln53 != 5 & select_ln53 != 6 & select_ln53 != 7)> <Delay = 0.00>
ST_3 : Operation 201 [1/1] (0.67ns)   --->   "%store_ln56 = store i32 %bitcast_ln56, i3 %p_ZZ5conv1PA255_A255_fPA1_A9_A9_fPfS1_E6w_tile_5_8_0_addr" [src/conv1.cpp:56->src/conv1.cpp:139]   --->   Operation 201 'store' 'store_ln56' <Predicate = (select_ln53_1 == 5 & select_ln53 != 0 & select_ln53 != 1 & select_ln53 != 2 & select_ln53 != 3 & select_ln53 != 4 & select_ln53 != 5 & select_ln53 != 6 & select_ln53 != 7)> <Delay = 0.67> <CoreInst = "RAM">   --->   Core 83 'RAM' <Latency = 1> <II = 1> <Delay = 0.67> <Storage> <Opcode : 'load' 'store'> <Ports = 2> <Width = 32> <Depth = 8> <RAM>
ST_3 : Operation 202 [1/1] (0.00ns)   --->   "%br_ln56 = br void %arrayidx2967.i.exit" [src/conv1.cpp:56->src/conv1.cpp:139]   --->   Operation 202 'br' 'br_ln56' <Predicate = (select_ln53_1 == 5)> <Delay = 0.00>
ST_3 : Operation 203 [1/1] (0.00ns)   --->   "%p_ZZ5conv1PA255_A255_fPA1_A9_A9_fPfS1_E6w_tile_4_7_0_addr = getelementptr i32 %p_ZZ5conv1PA255_A255_fPA1_A9_A9_fPfS1_E6w_tile_4_7_0, i64 0, i64 %zext_ln50" [src/conv1.cpp:56->src/conv1.cpp:139]   --->   Operation 203 'getelementptr' 'p_ZZ5conv1PA255_A255_fPA1_A9_A9_fPfS1_E6w_tile_4_7_0_addr' <Predicate = (select_ln53_1 == 4 & select_ln53 == 7)> <Delay = 0.00>
ST_3 : Operation 204 [1/1] (0.67ns)   --->   "%store_ln56 = store i32 %bitcast_ln56, i3 %p_ZZ5conv1PA255_A255_fPA1_A9_A9_fPfS1_E6w_tile_4_7_0_addr" [src/conv1.cpp:56->src/conv1.cpp:139]   --->   Operation 204 'store' 'store_ln56' <Predicate = (select_ln53_1 == 4 & select_ln53 == 7)> <Delay = 0.67> <CoreInst = "RAM">   --->   Core 83 'RAM' <Latency = 1> <II = 1> <Delay = 0.67> <Storage> <Opcode : 'load' 'store'> <Ports = 2> <Width = 32> <Depth = 8> <RAM>
ST_3 : Operation 205 [1/1] (0.00ns)   --->   "%p_ZZ5conv1PA255_A255_fPA1_A9_A9_fPfS1_E6w_tile_4_6_0_addr = getelementptr i32 %p_ZZ5conv1PA255_A255_fPA1_A9_A9_fPfS1_E6w_tile_4_6_0, i64 0, i64 %zext_ln50" [src/conv1.cpp:56->src/conv1.cpp:139]   --->   Operation 205 'getelementptr' 'p_ZZ5conv1PA255_A255_fPA1_A9_A9_fPfS1_E6w_tile_4_6_0_addr' <Predicate = (select_ln53_1 == 4 & select_ln53 == 6)> <Delay = 0.00>
ST_3 : Operation 206 [1/1] (0.67ns)   --->   "%store_ln56 = store i32 %bitcast_ln56, i3 %p_ZZ5conv1PA255_A255_fPA1_A9_A9_fPfS1_E6w_tile_4_6_0_addr" [src/conv1.cpp:56->src/conv1.cpp:139]   --->   Operation 206 'store' 'store_ln56' <Predicate = (select_ln53_1 == 4 & select_ln53 == 6)> <Delay = 0.67> <CoreInst = "RAM">   --->   Core 83 'RAM' <Latency = 1> <II = 1> <Delay = 0.67> <Storage> <Opcode : 'load' 'store'> <Ports = 2> <Width = 32> <Depth = 8> <RAM>
ST_3 : Operation 207 [1/1] (0.00ns)   --->   "%p_ZZ5conv1PA255_A255_fPA1_A9_A9_fPfS1_E6w_tile_4_5_0_addr = getelementptr i32 %p_ZZ5conv1PA255_A255_fPA1_A9_A9_fPfS1_E6w_tile_4_5_0, i64 0, i64 %zext_ln50" [src/conv1.cpp:56->src/conv1.cpp:139]   --->   Operation 207 'getelementptr' 'p_ZZ5conv1PA255_A255_fPA1_A9_A9_fPfS1_E6w_tile_4_5_0_addr' <Predicate = (select_ln53_1 == 4 & select_ln53 == 5)> <Delay = 0.00>
ST_3 : Operation 208 [1/1] (0.67ns)   --->   "%store_ln56 = store i32 %bitcast_ln56, i3 %p_ZZ5conv1PA255_A255_fPA1_A9_A9_fPfS1_E6w_tile_4_5_0_addr" [src/conv1.cpp:56->src/conv1.cpp:139]   --->   Operation 208 'store' 'store_ln56' <Predicate = (select_ln53_1 == 4 & select_ln53 == 5)> <Delay = 0.67> <CoreInst = "RAM">   --->   Core 83 'RAM' <Latency = 1> <II = 1> <Delay = 0.67> <Storage> <Opcode : 'load' 'store'> <Ports = 2> <Width = 32> <Depth = 8> <RAM>
ST_3 : Operation 209 [1/1] (0.00ns)   --->   "%p_ZZ5conv1PA255_A255_fPA1_A9_A9_fPfS1_E6w_tile_4_4_0_addr = getelementptr i32 %p_ZZ5conv1PA255_A255_fPA1_A9_A9_fPfS1_E6w_tile_4_4_0, i64 0, i64 %zext_ln50" [src/conv1.cpp:56->src/conv1.cpp:139]   --->   Operation 209 'getelementptr' 'p_ZZ5conv1PA255_A255_fPA1_A9_A9_fPfS1_E6w_tile_4_4_0_addr' <Predicate = (select_ln53_1 == 4 & select_ln53 == 4)> <Delay = 0.00>
ST_3 : Operation 210 [1/1] (0.67ns)   --->   "%store_ln56 = store i32 %bitcast_ln56, i3 %p_ZZ5conv1PA255_A255_fPA1_A9_A9_fPfS1_E6w_tile_4_4_0_addr" [src/conv1.cpp:56->src/conv1.cpp:139]   --->   Operation 210 'store' 'store_ln56' <Predicate = (select_ln53_1 == 4 & select_ln53 == 4)> <Delay = 0.67> <CoreInst = "RAM">   --->   Core 83 'RAM' <Latency = 1> <II = 1> <Delay = 0.67> <Storage> <Opcode : 'load' 'store'> <Ports = 2> <Width = 32> <Depth = 8> <RAM>
ST_3 : Operation 211 [1/1] (0.00ns)   --->   "%p_ZZ5conv1PA255_A255_fPA1_A9_A9_fPfS1_E6w_tile_4_3_0_addr = getelementptr i32 %p_ZZ5conv1PA255_A255_fPA1_A9_A9_fPfS1_E6w_tile_4_3_0, i64 0, i64 %zext_ln50" [src/conv1.cpp:56->src/conv1.cpp:139]   --->   Operation 211 'getelementptr' 'p_ZZ5conv1PA255_A255_fPA1_A9_A9_fPfS1_E6w_tile_4_3_0_addr' <Predicate = (select_ln53_1 == 4 & select_ln53 == 3)> <Delay = 0.00>
ST_3 : Operation 212 [1/1] (0.67ns)   --->   "%store_ln56 = store i32 %bitcast_ln56, i3 %p_ZZ5conv1PA255_A255_fPA1_A9_A9_fPfS1_E6w_tile_4_3_0_addr" [src/conv1.cpp:56->src/conv1.cpp:139]   --->   Operation 212 'store' 'store_ln56' <Predicate = (select_ln53_1 == 4 & select_ln53 == 3)> <Delay = 0.67> <CoreInst = "RAM">   --->   Core 83 'RAM' <Latency = 1> <II = 1> <Delay = 0.67> <Storage> <Opcode : 'load' 'store'> <Ports = 2> <Width = 32> <Depth = 8> <RAM>
ST_3 : Operation 213 [1/1] (0.00ns)   --->   "%p_ZZ5conv1PA255_A255_fPA1_A9_A9_fPfS1_E6w_tile_4_2_0_addr = getelementptr i32 %p_ZZ5conv1PA255_A255_fPA1_A9_A9_fPfS1_E6w_tile_4_2_0, i64 0, i64 %zext_ln50" [src/conv1.cpp:56->src/conv1.cpp:139]   --->   Operation 213 'getelementptr' 'p_ZZ5conv1PA255_A255_fPA1_A9_A9_fPfS1_E6w_tile_4_2_0_addr' <Predicate = (select_ln53_1 == 4 & select_ln53 == 2)> <Delay = 0.00>
ST_3 : Operation 214 [1/1] (0.67ns)   --->   "%store_ln56 = store i32 %bitcast_ln56, i3 %p_ZZ5conv1PA255_A255_fPA1_A9_A9_fPfS1_E6w_tile_4_2_0_addr" [src/conv1.cpp:56->src/conv1.cpp:139]   --->   Operation 214 'store' 'store_ln56' <Predicate = (select_ln53_1 == 4 & select_ln53 == 2)> <Delay = 0.67> <CoreInst = "RAM">   --->   Core 83 'RAM' <Latency = 1> <II = 1> <Delay = 0.67> <Storage> <Opcode : 'load' 'store'> <Ports = 2> <Width = 32> <Depth = 8> <RAM>
ST_3 : Operation 215 [1/1] (0.00ns)   --->   "%p_ZZ5conv1PA255_A255_fPA1_A9_A9_fPfS1_E6w_tile_4_1_0_addr = getelementptr i32 %p_ZZ5conv1PA255_A255_fPA1_A9_A9_fPfS1_E6w_tile_4_1_0, i64 0, i64 %zext_ln50" [src/conv1.cpp:56->src/conv1.cpp:139]   --->   Operation 215 'getelementptr' 'p_ZZ5conv1PA255_A255_fPA1_A9_A9_fPfS1_E6w_tile_4_1_0_addr' <Predicate = (select_ln53_1 == 4 & select_ln53 == 1)> <Delay = 0.00>
ST_3 : Operation 216 [1/1] (0.67ns)   --->   "%store_ln56 = store i32 %bitcast_ln56, i3 %p_ZZ5conv1PA255_A255_fPA1_A9_A9_fPfS1_E6w_tile_4_1_0_addr" [src/conv1.cpp:56->src/conv1.cpp:139]   --->   Operation 216 'store' 'store_ln56' <Predicate = (select_ln53_1 == 4 & select_ln53 == 1)> <Delay = 0.67> <CoreInst = "RAM">   --->   Core 83 'RAM' <Latency = 1> <II = 1> <Delay = 0.67> <Storage> <Opcode : 'load' 'store'> <Ports = 2> <Width = 32> <Depth = 8> <RAM>
ST_3 : Operation 217 [1/1] (0.00ns)   --->   "%p_ZZ5conv1PA255_A255_fPA1_A9_A9_fPfS1_E6w_tile_4_0_0_addr = getelementptr i32 %p_ZZ5conv1PA255_A255_fPA1_A9_A9_fPfS1_E6w_tile_4_0_0, i64 0, i64 %zext_ln50" [src/conv1.cpp:56->src/conv1.cpp:139]   --->   Operation 217 'getelementptr' 'p_ZZ5conv1PA255_A255_fPA1_A9_A9_fPfS1_E6w_tile_4_0_0_addr' <Predicate = (select_ln53_1 == 4 & select_ln53 == 0)> <Delay = 0.00>
ST_3 : Operation 218 [1/1] (0.67ns)   --->   "%store_ln56 = store i32 %bitcast_ln56, i3 %p_ZZ5conv1PA255_A255_fPA1_A9_A9_fPfS1_E6w_tile_4_0_0_addr" [src/conv1.cpp:56->src/conv1.cpp:139]   --->   Operation 218 'store' 'store_ln56' <Predicate = (select_ln53_1 == 4 & select_ln53 == 0)> <Delay = 0.67> <CoreInst = "RAM">   --->   Core 83 'RAM' <Latency = 1> <II = 1> <Delay = 0.67> <Storage> <Opcode : 'load' 'store'> <Ports = 2> <Width = 32> <Depth = 8> <RAM>
ST_3 : Operation 219 [1/1] (0.00ns)   --->   "%p_ZZ5conv1PA255_A255_fPA1_A9_A9_fPfS1_E6w_tile_4_8_0_addr = getelementptr i32 %p_ZZ5conv1PA255_A255_fPA1_A9_A9_fPfS1_E6w_tile_4_8_0, i64 0, i64 %zext_ln50" [src/conv1.cpp:56->src/conv1.cpp:139]   --->   Operation 219 'getelementptr' 'p_ZZ5conv1PA255_A255_fPA1_A9_A9_fPfS1_E6w_tile_4_8_0_addr' <Predicate = (select_ln53_1 == 4 & select_ln53 != 0 & select_ln53 != 1 & select_ln53 != 2 & select_ln53 != 3 & select_ln53 != 4 & select_ln53 != 5 & select_ln53 != 6 & select_ln53 != 7)> <Delay = 0.00>
ST_3 : Operation 220 [1/1] (0.67ns)   --->   "%store_ln56 = store i32 %bitcast_ln56, i3 %p_ZZ5conv1PA255_A255_fPA1_A9_A9_fPfS1_E6w_tile_4_8_0_addr" [src/conv1.cpp:56->src/conv1.cpp:139]   --->   Operation 220 'store' 'store_ln56' <Predicate = (select_ln53_1 == 4 & select_ln53 != 0 & select_ln53 != 1 & select_ln53 != 2 & select_ln53 != 3 & select_ln53 != 4 & select_ln53 != 5 & select_ln53 != 6 & select_ln53 != 7)> <Delay = 0.67> <CoreInst = "RAM">   --->   Core 83 'RAM' <Latency = 1> <II = 1> <Delay = 0.67> <Storage> <Opcode : 'load' 'store'> <Ports = 2> <Width = 32> <Depth = 8> <RAM>
ST_3 : Operation 221 [1/1] (0.00ns)   --->   "%br_ln56 = br void %arrayidx2967.i.exit" [src/conv1.cpp:56->src/conv1.cpp:139]   --->   Operation 221 'br' 'br_ln56' <Predicate = (select_ln53_1 == 4)> <Delay = 0.00>
ST_3 : Operation 222 [1/1] (0.00ns)   --->   "%p_ZZ5conv1PA255_A255_fPA1_A9_A9_fPfS1_E6w_tile_3_7_0_addr = getelementptr i32 %p_ZZ5conv1PA255_A255_fPA1_A9_A9_fPfS1_E6w_tile_3_7_0, i64 0, i64 %zext_ln50" [src/conv1.cpp:56->src/conv1.cpp:139]   --->   Operation 222 'getelementptr' 'p_ZZ5conv1PA255_A255_fPA1_A9_A9_fPfS1_E6w_tile_3_7_0_addr' <Predicate = (select_ln53_1 == 3 & select_ln53 == 7)> <Delay = 0.00>
ST_3 : Operation 223 [1/1] (0.67ns)   --->   "%store_ln56 = store i32 %bitcast_ln56, i3 %p_ZZ5conv1PA255_A255_fPA1_A9_A9_fPfS1_E6w_tile_3_7_0_addr" [src/conv1.cpp:56->src/conv1.cpp:139]   --->   Operation 223 'store' 'store_ln56' <Predicate = (select_ln53_1 == 3 & select_ln53 == 7)> <Delay = 0.67> <CoreInst = "RAM">   --->   Core 83 'RAM' <Latency = 1> <II = 1> <Delay = 0.67> <Storage> <Opcode : 'load' 'store'> <Ports = 2> <Width = 32> <Depth = 8> <RAM>
ST_3 : Operation 224 [1/1] (0.00ns)   --->   "%p_ZZ5conv1PA255_A255_fPA1_A9_A9_fPfS1_E6w_tile_3_6_0_addr = getelementptr i32 %p_ZZ5conv1PA255_A255_fPA1_A9_A9_fPfS1_E6w_tile_3_6_0, i64 0, i64 %zext_ln50" [src/conv1.cpp:56->src/conv1.cpp:139]   --->   Operation 224 'getelementptr' 'p_ZZ5conv1PA255_A255_fPA1_A9_A9_fPfS1_E6w_tile_3_6_0_addr' <Predicate = (select_ln53_1 == 3 & select_ln53 == 6)> <Delay = 0.00>
ST_3 : Operation 225 [1/1] (0.67ns)   --->   "%store_ln56 = store i32 %bitcast_ln56, i3 %p_ZZ5conv1PA255_A255_fPA1_A9_A9_fPfS1_E6w_tile_3_6_0_addr" [src/conv1.cpp:56->src/conv1.cpp:139]   --->   Operation 225 'store' 'store_ln56' <Predicate = (select_ln53_1 == 3 & select_ln53 == 6)> <Delay = 0.67> <CoreInst = "RAM">   --->   Core 83 'RAM' <Latency = 1> <II = 1> <Delay = 0.67> <Storage> <Opcode : 'load' 'store'> <Ports = 2> <Width = 32> <Depth = 8> <RAM>
ST_3 : Operation 226 [1/1] (0.00ns)   --->   "%p_ZZ5conv1PA255_A255_fPA1_A9_A9_fPfS1_E6w_tile_3_5_0_addr = getelementptr i32 %p_ZZ5conv1PA255_A255_fPA1_A9_A9_fPfS1_E6w_tile_3_5_0, i64 0, i64 %zext_ln50" [src/conv1.cpp:56->src/conv1.cpp:139]   --->   Operation 226 'getelementptr' 'p_ZZ5conv1PA255_A255_fPA1_A9_A9_fPfS1_E6w_tile_3_5_0_addr' <Predicate = (select_ln53_1 == 3 & select_ln53 == 5)> <Delay = 0.00>
ST_3 : Operation 227 [1/1] (0.67ns)   --->   "%store_ln56 = store i32 %bitcast_ln56, i3 %p_ZZ5conv1PA255_A255_fPA1_A9_A9_fPfS1_E6w_tile_3_5_0_addr" [src/conv1.cpp:56->src/conv1.cpp:139]   --->   Operation 227 'store' 'store_ln56' <Predicate = (select_ln53_1 == 3 & select_ln53 == 5)> <Delay = 0.67> <CoreInst = "RAM">   --->   Core 83 'RAM' <Latency = 1> <II = 1> <Delay = 0.67> <Storage> <Opcode : 'load' 'store'> <Ports = 2> <Width = 32> <Depth = 8> <RAM>
ST_3 : Operation 228 [1/1] (0.00ns)   --->   "%p_ZZ5conv1PA255_A255_fPA1_A9_A9_fPfS1_E6w_tile_3_4_0_addr = getelementptr i32 %p_ZZ5conv1PA255_A255_fPA1_A9_A9_fPfS1_E6w_tile_3_4_0, i64 0, i64 %zext_ln50" [src/conv1.cpp:56->src/conv1.cpp:139]   --->   Operation 228 'getelementptr' 'p_ZZ5conv1PA255_A255_fPA1_A9_A9_fPfS1_E6w_tile_3_4_0_addr' <Predicate = (select_ln53_1 == 3 & select_ln53 == 4)> <Delay = 0.00>
ST_3 : Operation 229 [1/1] (0.67ns)   --->   "%store_ln56 = store i32 %bitcast_ln56, i3 %p_ZZ5conv1PA255_A255_fPA1_A9_A9_fPfS1_E6w_tile_3_4_0_addr" [src/conv1.cpp:56->src/conv1.cpp:139]   --->   Operation 229 'store' 'store_ln56' <Predicate = (select_ln53_1 == 3 & select_ln53 == 4)> <Delay = 0.67> <CoreInst = "RAM">   --->   Core 83 'RAM' <Latency = 1> <II = 1> <Delay = 0.67> <Storage> <Opcode : 'load' 'store'> <Ports = 2> <Width = 32> <Depth = 8> <RAM>
ST_3 : Operation 230 [1/1] (0.00ns)   --->   "%p_ZZ5conv1PA255_A255_fPA1_A9_A9_fPfS1_E6w_tile_3_3_0_addr = getelementptr i32 %p_ZZ5conv1PA255_A255_fPA1_A9_A9_fPfS1_E6w_tile_3_3_0, i64 0, i64 %zext_ln50" [src/conv1.cpp:56->src/conv1.cpp:139]   --->   Operation 230 'getelementptr' 'p_ZZ5conv1PA255_A255_fPA1_A9_A9_fPfS1_E6w_tile_3_3_0_addr' <Predicate = (select_ln53_1 == 3 & select_ln53 == 3)> <Delay = 0.00>
ST_3 : Operation 231 [1/1] (0.67ns)   --->   "%store_ln56 = store i32 %bitcast_ln56, i3 %p_ZZ5conv1PA255_A255_fPA1_A9_A9_fPfS1_E6w_tile_3_3_0_addr" [src/conv1.cpp:56->src/conv1.cpp:139]   --->   Operation 231 'store' 'store_ln56' <Predicate = (select_ln53_1 == 3 & select_ln53 == 3)> <Delay = 0.67> <CoreInst = "RAM">   --->   Core 83 'RAM' <Latency = 1> <II = 1> <Delay = 0.67> <Storage> <Opcode : 'load' 'store'> <Ports = 2> <Width = 32> <Depth = 8> <RAM>
ST_3 : Operation 232 [1/1] (0.00ns)   --->   "%p_ZZ5conv1PA255_A255_fPA1_A9_A9_fPfS1_E6w_tile_3_2_0_addr = getelementptr i32 %p_ZZ5conv1PA255_A255_fPA1_A9_A9_fPfS1_E6w_tile_3_2_0, i64 0, i64 %zext_ln50" [src/conv1.cpp:56->src/conv1.cpp:139]   --->   Operation 232 'getelementptr' 'p_ZZ5conv1PA255_A255_fPA1_A9_A9_fPfS1_E6w_tile_3_2_0_addr' <Predicate = (select_ln53_1 == 3 & select_ln53 == 2)> <Delay = 0.00>
ST_3 : Operation 233 [1/1] (0.67ns)   --->   "%store_ln56 = store i32 %bitcast_ln56, i3 %p_ZZ5conv1PA255_A255_fPA1_A9_A9_fPfS1_E6w_tile_3_2_0_addr" [src/conv1.cpp:56->src/conv1.cpp:139]   --->   Operation 233 'store' 'store_ln56' <Predicate = (select_ln53_1 == 3 & select_ln53 == 2)> <Delay = 0.67> <CoreInst = "RAM">   --->   Core 83 'RAM' <Latency = 1> <II = 1> <Delay = 0.67> <Storage> <Opcode : 'load' 'store'> <Ports = 2> <Width = 32> <Depth = 8> <RAM>
ST_3 : Operation 234 [1/1] (0.00ns)   --->   "%p_ZZ5conv1PA255_A255_fPA1_A9_A9_fPfS1_E6w_tile_3_1_0_addr = getelementptr i32 %p_ZZ5conv1PA255_A255_fPA1_A9_A9_fPfS1_E6w_tile_3_1_0, i64 0, i64 %zext_ln50" [src/conv1.cpp:56->src/conv1.cpp:139]   --->   Operation 234 'getelementptr' 'p_ZZ5conv1PA255_A255_fPA1_A9_A9_fPfS1_E6w_tile_3_1_0_addr' <Predicate = (select_ln53_1 == 3 & select_ln53 == 1)> <Delay = 0.00>
ST_3 : Operation 235 [1/1] (0.67ns)   --->   "%store_ln56 = store i32 %bitcast_ln56, i3 %p_ZZ5conv1PA255_A255_fPA1_A9_A9_fPfS1_E6w_tile_3_1_0_addr" [src/conv1.cpp:56->src/conv1.cpp:139]   --->   Operation 235 'store' 'store_ln56' <Predicate = (select_ln53_1 == 3 & select_ln53 == 1)> <Delay = 0.67> <CoreInst = "RAM">   --->   Core 83 'RAM' <Latency = 1> <II = 1> <Delay = 0.67> <Storage> <Opcode : 'load' 'store'> <Ports = 2> <Width = 32> <Depth = 8> <RAM>
ST_3 : Operation 236 [1/1] (0.00ns)   --->   "%p_ZZ5conv1PA255_A255_fPA1_A9_A9_fPfS1_E6w_tile_3_0_0_addr = getelementptr i32 %p_ZZ5conv1PA255_A255_fPA1_A9_A9_fPfS1_E6w_tile_3_0_0, i64 0, i64 %zext_ln50" [src/conv1.cpp:56->src/conv1.cpp:139]   --->   Operation 236 'getelementptr' 'p_ZZ5conv1PA255_A255_fPA1_A9_A9_fPfS1_E6w_tile_3_0_0_addr' <Predicate = (select_ln53_1 == 3 & select_ln53 == 0)> <Delay = 0.00>
ST_3 : Operation 237 [1/1] (0.67ns)   --->   "%store_ln56 = store i32 %bitcast_ln56, i3 %p_ZZ5conv1PA255_A255_fPA1_A9_A9_fPfS1_E6w_tile_3_0_0_addr" [src/conv1.cpp:56->src/conv1.cpp:139]   --->   Operation 237 'store' 'store_ln56' <Predicate = (select_ln53_1 == 3 & select_ln53 == 0)> <Delay = 0.67> <CoreInst = "RAM">   --->   Core 83 'RAM' <Latency = 1> <II = 1> <Delay = 0.67> <Storage> <Opcode : 'load' 'store'> <Ports = 2> <Width = 32> <Depth = 8> <RAM>
ST_3 : Operation 238 [1/1] (0.00ns)   --->   "%p_ZZ5conv1PA255_A255_fPA1_A9_A9_fPfS1_E6w_tile_3_8_0_addr = getelementptr i32 %p_ZZ5conv1PA255_A255_fPA1_A9_A9_fPfS1_E6w_tile_3_8_0, i64 0, i64 %zext_ln50" [src/conv1.cpp:56->src/conv1.cpp:139]   --->   Operation 238 'getelementptr' 'p_ZZ5conv1PA255_A255_fPA1_A9_A9_fPfS1_E6w_tile_3_8_0_addr' <Predicate = (select_ln53_1 == 3 & select_ln53 != 0 & select_ln53 != 1 & select_ln53 != 2 & select_ln53 != 3 & select_ln53 != 4 & select_ln53 != 5 & select_ln53 != 6 & select_ln53 != 7)> <Delay = 0.00>
ST_3 : Operation 239 [1/1] (0.67ns)   --->   "%store_ln56 = store i32 %bitcast_ln56, i3 %p_ZZ5conv1PA255_A255_fPA1_A9_A9_fPfS1_E6w_tile_3_8_0_addr" [src/conv1.cpp:56->src/conv1.cpp:139]   --->   Operation 239 'store' 'store_ln56' <Predicate = (select_ln53_1 == 3 & select_ln53 != 0 & select_ln53 != 1 & select_ln53 != 2 & select_ln53 != 3 & select_ln53 != 4 & select_ln53 != 5 & select_ln53 != 6 & select_ln53 != 7)> <Delay = 0.67> <CoreInst = "RAM">   --->   Core 83 'RAM' <Latency = 1> <II = 1> <Delay = 0.67> <Storage> <Opcode : 'load' 'store'> <Ports = 2> <Width = 32> <Depth = 8> <RAM>
ST_3 : Operation 240 [1/1] (0.00ns)   --->   "%br_ln56 = br void %arrayidx2967.i.exit" [src/conv1.cpp:56->src/conv1.cpp:139]   --->   Operation 240 'br' 'br_ln56' <Predicate = (select_ln53_1 == 3)> <Delay = 0.00>
ST_3 : Operation 241 [1/1] (0.00ns)   --->   "%p_ZZ5conv1PA255_A255_fPA1_A9_A9_fPfS1_E6w_tile_2_7_0_addr = getelementptr i32 %p_ZZ5conv1PA255_A255_fPA1_A9_A9_fPfS1_E6w_tile_2_7_0, i64 0, i64 %zext_ln50" [src/conv1.cpp:56->src/conv1.cpp:139]   --->   Operation 241 'getelementptr' 'p_ZZ5conv1PA255_A255_fPA1_A9_A9_fPfS1_E6w_tile_2_7_0_addr' <Predicate = (select_ln53_1 == 2 & select_ln53 == 7)> <Delay = 0.00>
ST_3 : Operation 242 [1/1] (0.67ns)   --->   "%store_ln56 = store i32 %bitcast_ln56, i3 %p_ZZ5conv1PA255_A255_fPA1_A9_A9_fPfS1_E6w_tile_2_7_0_addr" [src/conv1.cpp:56->src/conv1.cpp:139]   --->   Operation 242 'store' 'store_ln56' <Predicate = (select_ln53_1 == 2 & select_ln53 == 7)> <Delay = 0.67> <CoreInst = "RAM">   --->   Core 83 'RAM' <Latency = 1> <II = 1> <Delay = 0.67> <Storage> <Opcode : 'load' 'store'> <Ports = 2> <Width = 32> <Depth = 8> <RAM>
ST_3 : Operation 243 [1/1] (0.00ns)   --->   "%p_ZZ5conv1PA255_A255_fPA1_A9_A9_fPfS1_E6w_tile_2_6_0_addr = getelementptr i32 %p_ZZ5conv1PA255_A255_fPA1_A9_A9_fPfS1_E6w_tile_2_6_0, i64 0, i64 %zext_ln50" [src/conv1.cpp:56->src/conv1.cpp:139]   --->   Operation 243 'getelementptr' 'p_ZZ5conv1PA255_A255_fPA1_A9_A9_fPfS1_E6w_tile_2_6_0_addr' <Predicate = (select_ln53_1 == 2 & select_ln53 == 6)> <Delay = 0.00>
ST_3 : Operation 244 [1/1] (0.67ns)   --->   "%store_ln56 = store i32 %bitcast_ln56, i3 %p_ZZ5conv1PA255_A255_fPA1_A9_A9_fPfS1_E6w_tile_2_6_0_addr" [src/conv1.cpp:56->src/conv1.cpp:139]   --->   Operation 244 'store' 'store_ln56' <Predicate = (select_ln53_1 == 2 & select_ln53 == 6)> <Delay = 0.67> <CoreInst = "RAM">   --->   Core 83 'RAM' <Latency = 1> <II = 1> <Delay = 0.67> <Storage> <Opcode : 'load' 'store'> <Ports = 2> <Width = 32> <Depth = 8> <RAM>
ST_3 : Operation 245 [1/1] (0.00ns)   --->   "%p_ZZ5conv1PA255_A255_fPA1_A9_A9_fPfS1_E6w_tile_2_5_0_addr = getelementptr i32 %p_ZZ5conv1PA255_A255_fPA1_A9_A9_fPfS1_E6w_tile_2_5_0, i64 0, i64 %zext_ln50" [src/conv1.cpp:56->src/conv1.cpp:139]   --->   Operation 245 'getelementptr' 'p_ZZ5conv1PA255_A255_fPA1_A9_A9_fPfS1_E6w_tile_2_5_0_addr' <Predicate = (select_ln53_1 == 2 & select_ln53 == 5)> <Delay = 0.00>
ST_3 : Operation 246 [1/1] (0.67ns)   --->   "%store_ln56 = store i32 %bitcast_ln56, i3 %p_ZZ5conv1PA255_A255_fPA1_A9_A9_fPfS1_E6w_tile_2_5_0_addr" [src/conv1.cpp:56->src/conv1.cpp:139]   --->   Operation 246 'store' 'store_ln56' <Predicate = (select_ln53_1 == 2 & select_ln53 == 5)> <Delay = 0.67> <CoreInst = "RAM">   --->   Core 83 'RAM' <Latency = 1> <II = 1> <Delay = 0.67> <Storage> <Opcode : 'load' 'store'> <Ports = 2> <Width = 32> <Depth = 8> <RAM>
ST_3 : Operation 247 [1/1] (0.00ns)   --->   "%p_ZZ5conv1PA255_A255_fPA1_A9_A9_fPfS1_E6w_tile_2_4_0_addr = getelementptr i32 %p_ZZ5conv1PA255_A255_fPA1_A9_A9_fPfS1_E6w_tile_2_4_0, i64 0, i64 %zext_ln50" [src/conv1.cpp:56->src/conv1.cpp:139]   --->   Operation 247 'getelementptr' 'p_ZZ5conv1PA255_A255_fPA1_A9_A9_fPfS1_E6w_tile_2_4_0_addr' <Predicate = (select_ln53_1 == 2 & select_ln53 == 4)> <Delay = 0.00>
ST_3 : Operation 248 [1/1] (0.67ns)   --->   "%store_ln56 = store i32 %bitcast_ln56, i3 %p_ZZ5conv1PA255_A255_fPA1_A9_A9_fPfS1_E6w_tile_2_4_0_addr" [src/conv1.cpp:56->src/conv1.cpp:139]   --->   Operation 248 'store' 'store_ln56' <Predicate = (select_ln53_1 == 2 & select_ln53 == 4)> <Delay = 0.67> <CoreInst = "RAM">   --->   Core 83 'RAM' <Latency = 1> <II = 1> <Delay = 0.67> <Storage> <Opcode : 'load' 'store'> <Ports = 2> <Width = 32> <Depth = 8> <RAM>
ST_3 : Operation 249 [1/1] (0.00ns)   --->   "%p_ZZ5conv1PA255_A255_fPA1_A9_A9_fPfS1_E6w_tile_2_3_0_addr = getelementptr i32 %p_ZZ5conv1PA255_A255_fPA1_A9_A9_fPfS1_E6w_tile_2_3_0, i64 0, i64 %zext_ln50" [src/conv1.cpp:56->src/conv1.cpp:139]   --->   Operation 249 'getelementptr' 'p_ZZ5conv1PA255_A255_fPA1_A9_A9_fPfS1_E6w_tile_2_3_0_addr' <Predicate = (select_ln53_1 == 2 & select_ln53 == 3)> <Delay = 0.00>
ST_3 : Operation 250 [1/1] (0.67ns)   --->   "%store_ln56 = store i32 %bitcast_ln56, i3 %p_ZZ5conv1PA255_A255_fPA1_A9_A9_fPfS1_E6w_tile_2_3_0_addr" [src/conv1.cpp:56->src/conv1.cpp:139]   --->   Operation 250 'store' 'store_ln56' <Predicate = (select_ln53_1 == 2 & select_ln53 == 3)> <Delay = 0.67> <CoreInst = "RAM">   --->   Core 83 'RAM' <Latency = 1> <II = 1> <Delay = 0.67> <Storage> <Opcode : 'load' 'store'> <Ports = 2> <Width = 32> <Depth = 8> <RAM>
ST_3 : Operation 251 [1/1] (0.00ns)   --->   "%p_ZZ5conv1PA255_A255_fPA1_A9_A9_fPfS1_E6w_tile_2_2_0_addr = getelementptr i32 %p_ZZ5conv1PA255_A255_fPA1_A9_A9_fPfS1_E6w_tile_2_2_0, i64 0, i64 %zext_ln50" [src/conv1.cpp:56->src/conv1.cpp:139]   --->   Operation 251 'getelementptr' 'p_ZZ5conv1PA255_A255_fPA1_A9_A9_fPfS1_E6w_tile_2_2_0_addr' <Predicate = (select_ln53_1 == 2 & select_ln53 == 2)> <Delay = 0.00>
ST_3 : Operation 252 [1/1] (0.67ns)   --->   "%store_ln56 = store i32 %bitcast_ln56, i3 %p_ZZ5conv1PA255_A255_fPA1_A9_A9_fPfS1_E6w_tile_2_2_0_addr" [src/conv1.cpp:56->src/conv1.cpp:139]   --->   Operation 252 'store' 'store_ln56' <Predicate = (select_ln53_1 == 2 & select_ln53 == 2)> <Delay = 0.67> <CoreInst = "RAM">   --->   Core 83 'RAM' <Latency = 1> <II = 1> <Delay = 0.67> <Storage> <Opcode : 'load' 'store'> <Ports = 2> <Width = 32> <Depth = 8> <RAM>
ST_3 : Operation 253 [1/1] (0.00ns)   --->   "%p_ZZ5conv1PA255_A255_fPA1_A9_A9_fPfS1_E6w_tile_2_1_0_addr = getelementptr i32 %p_ZZ5conv1PA255_A255_fPA1_A9_A9_fPfS1_E6w_tile_2_1_0, i64 0, i64 %zext_ln50" [src/conv1.cpp:56->src/conv1.cpp:139]   --->   Operation 253 'getelementptr' 'p_ZZ5conv1PA255_A255_fPA1_A9_A9_fPfS1_E6w_tile_2_1_0_addr' <Predicate = (select_ln53_1 == 2 & select_ln53 == 1)> <Delay = 0.00>
ST_3 : Operation 254 [1/1] (0.67ns)   --->   "%store_ln56 = store i32 %bitcast_ln56, i3 %p_ZZ5conv1PA255_A255_fPA1_A9_A9_fPfS1_E6w_tile_2_1_0_addr" [src/conv1.cpp:56->src/conv1.cpp:139]   --->   Operation 254 'store' 'store_ln56' <Predicate = (select_ln53_1 == 2 & select_ln53 == 1)> <Delay = 0.67> <CoreInst = "RAM">   --->   Core 83 'RAM' <Latency = 1> <II = 1> <Delay = 0.67> <Storage> <Opcode : 'load' 'store'> <Ports = 2> <Width = 32> <Depth = 8> <RAM>
ST_3 : Operation 255 [1/1] (0.00ns)   --->   "%p_ZZ5conv1PA255_A255_fPA1_A9_A9_fPfS1_E6w_tile_2_0_0_addr = getelementptr i32 %p_ZZ5conv1PA255_A255_fPA1_A9_A9_fPfS1_E6w_tile_2_0_0, i64 0, i64 %zext_ln50" [src/conv1.cpp:56->src/conv1.cpp:139]   --->   Operation 255 'getelementptr' 'p_ZZ5conv1PA255_A255_fPA1_A9_A9_fPfS1_E6w_tile_2_0_0_addr' <Predicate = (select_ln53_1 == 2 & select_ln53 == 0)> <Delay = 0.00>
ST_3 : Operation 256 [1/1] (0.67ns)   --->   "%store_ln56 = store i32 %bitcast_ln56, i3 %p_ZZ5conv1PA255_A255_fPA1_A9_A9_fPfS1_E6w_tile_2_0_0_addr" [src/conv1.cpp:56->src/conv1.cpp:139]   --->   Operation 256 'store' 'store_ln56' <Predicate = (select_ln53_1 == 2 & select_ln53 == 0)> <Delay = 0.67> <CoreInst = "RAM">   --->   Core 83 'RAM' <Latency = 1> <II = 1> <Delay = 0.67> <Storage> <Opcode : 'load' 'store'> <Ports = 2> <Width = 32> <Depth = 8> <RAM>
ST_3 : Operation 257 [1/1] (0.00ns)   --->   "%p_ZZ5conv1PA255_A255_fPA1_A9_A9_fPfS1_E6w_tile_2_8_0_addr = getelementptr i32 %p_ZZ5conv1PA255_A255_fPA1_A9_A9_fPfS1_E6w_tile_2_8_0, i64 0, i64 %zext_ln50" [src/conv1.cpp:56->src/conv1.cpp:139]   --->   Operation 257 'getelementptr' 'p_ZZ5conv1PA255_A255_fPA1_A9_A9_fPfS1_E6w_tile_2_8_0_addr' <Predicate = (select_ln53_1 == 2 & select_ln53 != 0 & select_ln53 != 1 & select_ln53 != 2 & select_ln53 != 3 & select_ln53 != 4 & select_ln53 != 5 & select_ln53 != 6 & select_ln53 != 7)> <Delay = 0.00>
ST_3 : Operation 258 [1/1] (0.67ns)   --->   "%store_ln56 = store i32 %bitcast_ln56, i3 %p_ZZ5conv1PA255_A255_fPA1_A9_A9_fPfS1_E6w_tile_2_8_0_addr" [src/conv1.cpp:56->src/conv1.cpp:139]   --->   Operation 258 'store' 'store_ln56' <Predicate = (select_ln53_1 == 2 & select_ln53 != 0 & select_ln53 != 1 & select_ln53 != 2 & select_ln53 != 3 & select_ln53 != 4 & select_ln53 != 5 & select_ln53 != 6 & select_ln53 != 7)> <Delay = 0.67> <CoreInst = "RAM">   --->   Core 83 'RAM' <Latency = 1> <II = 1> <Delay = 0.67> <Storage> <Opcode : 'load' 'store'> <Ports = 2> <Width = 32> <Depth = 8> <RAM>
ST_3 : Operation 259 [1/1] (0.00ns)   --->   "%br_ln56 = br void %arrayidx2967.i.exit" [src/conv1.cpp:56->src/conv1.cpp:139]   --->   Operation 259 'br' 'br_ln56' <Predicate = (select_ln53_1 == 2)> <Delay = 0.00>
ST_3 : Operation 260 [1/1] (0.00ns)   --->   "%p_ZZ5conv1PA255_A255_fPA1_A9_A9_fPfS1_E6w_tile_1_7_0_addr = getelementptr i32 %p_ZZ5conv1PA255_A255_fPA1_A9_A9_fPfS1_E6w_tile_1_7_0, i64 0, i64 %zext_ln50" [src/conv1.cpp:56->src/conv1.cpp:139]   --->   Operation 260 'getelementptr' 'p_ZZ5conv1PA255_A255_fPA1_A9_A9_fPfS1_E6w_tile_1_7_0_addr' <Predicate = (select_ln53_1 == 1 & select_ln53 == 7)> <Delay = 0.00>
ST_3 : Operation 261 [1/1] (0.67ns)   --->   "%store_ln56 = store i32 %bitcast_ln56, i3 %p_ZZ5conv1PA255_A255_fPA1_A9_A9_fPfS1_E6w_tile_1_7_0_addr" [src/conv1.cpp:56->src/conv1.cpp:139]   --->   Operation 261 'store' 'store_ln56' <Predicate = (select_ln53_1 == 1 & select_ln53 == 7)> <Delay = 0.67> <CoreInst = "RAM">   --->   Core 83 'RAM' <Latency = 1> <II = 1> <Delay = 0.67> <Storage> <Opcode : 'load' 'store'> <Ports = 2> <Width = 32> <Depth = 8> <RAM>
ST_3 : Operation 262 [1/1] (0.00ns)   --->   "%p_ZZ5conv1PA255_A255_fPA1_A9_A9_fPfS1_E6w_tile_1_6_0_addr = getelementptr i32 %p_ZZ5conv1PA255_A255_fPA1_A9_A9_fPfS1_E6w_tile_1_6_0, i64 0, i64 %zext_ln50" [src/conv1.cpp:56->src/conv1.cpp:139]   --->   Operation 262 'getelementptr' 'p_ZZ5conv1PA255_A255_fPA1_A9_A9_fPfS1_E6w_tile_1_6_0_addr' <Predicate = (select_ln53_1 == 1 & select_ln53 == 6)> <Delay = 0.00>
ST_3 : Operation 263 [1/1] (0.67ns)   --->   "%store_ln56 = store i32 %bitcast_ln56, i3 %p_ZZ5conv1PA255_A255_fPA1_A9_A9_fPfS1_E6w_tile_1_6_0_addr" [src/conv1.cpp:56->src/conv1.cpp:139]   --->   Operation 263 'store' 'store_ln56' <Predicate = (select_ln53_1 == 1 & select_ln53 == 6)> <Delay = 0.67> <CoreInst = "RAM">   --->   Core 83 'RAM' <Latency = 1> <II = 1> <Delay = 0.67> <Storage> <Opcode : 'load' 'store'> <Ports = 2> <Width = 32> <Depth = 8> <RAM>
ST_3 : Operation 264 [1/1] (0.00ns)   --->   "%p_ZZ5conv1PA255_A255_fPA1_A9_A9_fPfS1_E6w_tile_1_5_0_addr = getelementptr i32 %p_ZZ5conv1PA255_A255_fPA1_A9_A9_fPfS1_E6w_tile_1_5_0, i64 0, i64 %zext_ln50" [src/conv1.cpp:56->src/conv1.cpp:139]   --->   Operation 264 'getelementptr' 'p_ZZ5conv1PA255_A255_fPA1_A9_A9_fPfS1_E6w_tile_1_5_0_addr' <Predicate = (select_ln53_1 == 1 & select_ln53 == 5)> <Delay = 0.00>
ST_3 : Operation 265 [1/1] (0.67ns)   --->   "%store_ln56 = store i32 %bitcast_ln56, i3 %p_ZZ5conv1PA255_A255_fPA1_A9_A9_fPfS1_E6w_tile_1_5_0_addr" [src/conv1.cpp:56->src/conv1.cpp:139]   --->   Operation 265 'store' 'store_ln56' <Predicate = (select_ln53_1 == 1 & select_ln53 == 5)> <Delay = 0.67> <CoreInst = "RAM">   --->   Core 83 'RAM' <Latency = 1> <II = 1> <Delay = 0.67> <Storage> <Opcode : 'load' 'store'> <Ports = 2> <Width = 32> <Depth = 8> <RAM>
ST_3 : Operation 266 [1/1] (0.00ns)   --->   "%p_ZZ5conv1PA255_A255_fPA1_A9_A9_fPfS1_E6w_tile_1_4_0_addr = getelementptr i32 %p_ZZ5conv1PA255_A255_fPA1_A9_A9_fPfS1_E6w_tile_1_4_0, i64 0, i64 %zext_ln50" [src/conv1.cpp:56->src/conv1.cpp:139]   --->   Operation 266 'getelementptr' 'p_ZZ5conv1PA255_A255_fPA1_A9_A9_fPfS1_E6w_tile_1_4_0_addr' <Predicate = (select_ln53_1 == 1 & select_ln53 == 4)> <Delay = 0.00>
ST_3 : Operation 267 [1/1] (0.67ns)   --->   "%store_ln56 = store i32 %bitcast_ln56, i3 %p_ZZ5conv1PA255_A255_fPA1_A9_A9_fPfS1_E6w_tile_1_4_0_addr" [src/conv1.cpp:56->src/conv1.cpp:139]   --->   Operation 267 'store' 'store_ln56' <Predicate = (select_ln53_1 == 1 & select_ln53 == 4)> <Delay = 0.67> <CoreInst = "RAM">   --->   Core 83 'RAM' <Latency = 1> <II = 1> <Delay = 0.67> <Storage> <Opcode : 'load' 'store'> <Ports = 2> <Width = 32> <Depth = 8> <RAM>
ST_3 : Operation 268 [1/1] (0.00ns)   --->   "%p_ZZ5conv1PA255_A255_fPA1_A9_A9_fPfS1_E6w_tile_1_3_0_addr = getelementptr i32 %p_ZZ5conv1PA255_A255_fPA1_A9_A9_fPfS1_E6w_tile_1_3_0, i64 0, i64 %zext_ln50" [src/conv1.cpp:56->src/conv1.cpp:139]   --->   Operation 268 'getelementptr' 'p_ZZ5conv1PA255_A255_fPA1_A9_A9_fPfS1_E6w_tile_1_3_0_addr' <Predicate = (select_ln53_1 == 1 & select_ln53 == 3)> <Delay = 0.00>
ST_3 : Operation 269 [1/1] (0.67ns)   --->   "%store_ln56 = store i32 %bitcast_ln56, i3 %p_ZZ5conv1PA255_A255_fPA1_A9_A9_fPfS1_E6w_tile_1_3_0_addr" [src/conv1.cpp:56->src/conv1.cpp:139]   --->   Operation 269 'store' 'store_ln56' <Predicate = (select_ln53_1 == 1 & select_ln53 == 3)> <Delay = 0.67> <CoreInst = "RAM">   --->   Core 83 'RAM' <Latency = 1> <II = 1> <Delay = 0.67> <Storage> <Opcode : 'load' 'store'> <Ports = 2> <Width = 32> <Depth = 8> <RAM>
ST_3 : Operation 270 [1/1] (0.00ns)   --->   "%p_ZZ5conv1PA255_A255_fPA1_A9_A9_fPfS1_E6w_tile_1_2_0_addr = getelementptr i32 %p_ZZ5conv1PA255_A255_fPA1_A9_A9_fPfS1_E6w_tile_1_2_0, i64 0, i64 %zext_ln50" [src/conv1.cpp:56->src/conv1.cpp:139]   --->   Operation 270 'getelementptr' 'p_ZZ5conv1PA255_A255_fPA1_A9_A9_fPfS1_E6w_tile_1_2_0_addr' <Predicate = (select_ln53_1 == 1 & select_ln53 == 2)> <Delay = 0.00>
ST_3 : Operation 271 [1/1] (0.67ns)   --->   "%store_ln56 = store i32 %bitcast_ln56, i3 %p_ZZ5conv1PA255_A255_fPA1_A9_A9_fPfS1_E6w_tile_1_2_0_addr" [src/conv1.cpp:56->src/conv1.cpp:139]   --->   Operation 271 'store' 'store_ln56' <Predicate = (select_ln53_1 == 1 & select_ln53 == 2)> <Delay = 0.67> <CoreInst = "RAM">   --->   Core 83 'RAM' <Latency = 1> <II = 1> <Delay = 0.67> <Storage> <Opcode : 'load' 'store'> <Ports = 2> <Width = 32> <Depth = 8> <RAM>
ST_3 : Operation 272 [1/1] (0.00ns)   --->   "%p_ZZ5conv1PA255_A255_fPA1_A9_A9_fPfS1_E6w_tile_1_1_0_addr = getelementptr i32 %p_ZZ5conv1PA255_A255_fPA1_A9_A9_fPfS1_E6w_tile_1_1_0, i64 0, i64 %zext_ln50" [src/conv1.cpp:56->src/conv1.cpp:139]   --->   Operation 272 'getelementptr' 'p_ZZ5conv1PA255_A255_fPA1_A9_A9_fPfS1_E6w_tile_1_1_0_addr' <Predicate = (select_ln53_1 == 1 & select_ln53 == 1)> <Delay = 0.00>
ST_3 : Operation 273 [1/1] (0.67ns)   --->   "%store_ln56 = store i32 %bitcast_ln56, i3 %p_ZZ5conv1PA255_A255_fPA1_A9_A9_fPfS1_E6w_tile_1_1_0_addr" [src/conv1.cpp:56->src/conv1.cpp:139]   --->   Operation 273 'store' 'store_ln56' <Predicate = (select_ln53_1 == 1 & select_ln53 == 1)> <Delay = 0.67> <CoreInst = "RAM">   --->   Core 83 'RAM' <Latency = 1> <II = 1> <Delay = 0.67> <Storage> <Opcode : 'load' 'store'> <Ports = 2> <Width = 32> <Depth = 8> <RAM>
ST_3 : Operation 274 [1/1] (0.00ns)   --->   "%p_ZZ5conv1PA255_A255_fPA1_A9_A9_fPfS1_E6w_tile_1_0_0_addr = getelementptr i32 %p_ZZ5conv1PA255_A255_fPA1_A9_A9_fPfS1_E6w_tile_1_0_0, i64 0, i64 %zext_ln50" [src/conv1.cpp:56->src/conv1.cpp:139]   --->   Operation 274 'getelementptr' 'p_ZZ5conv1PA255_A255_fPA1_A9_A9_fPfS1_E6w_tile_1_0_0_addr' <Predicate = (select_ln53_1 == 1 & select_ln53 == 0)> <Delay = 0.00>
ST_3 : Operation 275 [1/1] (0.67ns)   --->   "%store_ln56 = store i32 %bitcast_ln56, i3 %p_ZZ5conv1PA255_A255_fPA1_A9_A9_fPfS1_E6w_tile_1_0_0_addr" [src/conv1.cpp:56->src/conv1.cpp:139]   --->   Operation 275 'store' 'store_ln56' <Predicate = (select_ln53_1 == 1 & select_ln53 == 0)> <Delay = 0.67> <CoreInst = "RAM">   --->   Core 83 'RAM' <Latency = 1> <II = 1> <Delay = 0.67> <Storage> <Opcode : 'load' 'store'> <Ports = 2> <Width = 32> <Depth = 8> <RAM>
ST_3 : Operation 276 [1/1] (0.00ns)   --->   "%p_ZZ5conv1PA255_A255_fPA1_A9_A9_fPfS1_E6w_tile_1_8_0_addr = getelementptr i32 %p_ZZ5conv1PA255_A255_fPA1_A9_A9_fPfS1_E6w_tile_1_8_0, i64 0, i64 %zext_ln50" [src/conv1.cpp:56->src/conv1.cpp:139]   --->   Operation 276 'getelementptr' 'p_ZZ5conv1PA255_A255_fPA1_A9_A9_fPfS1_E6w_tile_1_8_0_addr' <Predicate = (select_ln53_1 == 1 & select_ln53 != 0 & select_ln53 != 1 & select_ln53 != 2 & select_ln53 != 3 & select_ln53 != 4 & select_ln53 != 5 & select_ln53 != 6 & select_ln53 != 7)> <Delay = 0.00>
ST_3 : Operation 277 [1/1] (0.67ns)   --->   "%store_ln56 = store i32 %bitcast_ln56, i3 %p_ZZ5conv1PA255_A255_fPA1_A9_A9_fPfS1_E6w_tile_1_8_0_addr" [src/conv1.cpp:56->src/conv1.cpp:139]   --->   Operation 277 'store' 'store_ln56' <Predicate = (select_ln53_1 == 1 & select_ln53 != 0 & select_ln53 != 1 & select_ln53 != 2 & select_ln53 != 3 & select_ln53 != 4 & select_ln53 != 5 & select_ln53 != 6 & select_ln53 != 7)> <Delay = 0.67> <CoreInst = "RAM">   --->   Core 83 'RAM' <Latency = 1> <II = 1> <Delay = 0.67> <Storage> <Opcode : 'load' 'store'> <Ports = 2> <Width = 32> <Depth = 8> <RAM>
ST_3 : Operation 278 [1/1] (0.00ns)   --->   "%br_ln56 = br void %arrayidx2967.i.exit" [src/conv1.cpp:56->src/conv1.cpp:139]   --->   Operation 278 'br' 'br_ln56' <Predicate = (select_ln53_1 == 1)> <Delay = 0.00>
ST_3 : Operation 279 [1/1] (0.00ns)   --->   "%p_ZZ5conv1PA255_A255_fPA1_A9_A9_fPfS1_E6w_tile_0_7_0_addr = getelementptr i32 %p_ZZ5conv1PA255_A255_fPA1_A9_A9_fPfS1_E6w_tile_0_7_0, i64 0, i64 %zext_ln50" [src/conv1.cpp:56->src/conv1.cpp:139]   --->   Operation 279 'getelementptr' 'p_ZZ5conv1PA255_A255_fPA1_A9_A9_fPfS1_E6w_tile_0_7_0_addr' <Predicate = (select_ln53_1 == 0 & select_ln53 == 7)> <Delay = 0.00>
ST_3 : Operation 280 [1/1] (0.67ns)   --->   "%store_ln56 = store i32 %bitcast_ln56, i3 %p_ZZ5conv1PA255_A255_fPA1_A9_A9_fPfS1_E6w_tile_0_7_0_addr" [src/conv1.cpp:56->src/conv1.cpp:139]   --->   Operation 280 'store' 'store_ln56' <Predicate = (select_ln53_1 == 0 & select_ln53 == 7)> <Delay = 0.67> <CoreInst = "RAM">   --->   Core 83 'RAM' <Latency = 1> <II = 1> <Delay = 0.67> <Storage> <Opcode : 'load' 'store'> <Ports = 2> <Width = 32> <Depth = 8> <RAM>
ST_3 : Operation 281 [1/1] (0.00ns)   --->   "%p_ZZ5conv1PA255_A255_fPA1_A9_A9_fPfS1_E6w_tile_0_6_0_addr = getelementptr i32 %p_ZZ5conv1PA255_A255_fPA1_A9_A9_fPfS1_E6w_tile_0_6_0, i64 0, i64 %zext_ln50" [src/conv1.cpp:56->src/conv1.cpp:139]   --->   Operation 281 'getelementptr' 'p_ZZ5conv1PA255_A255_fPA1_A9_A9_fPfS1_E6w_tile_0_6_0_addr' <Predicate = (select_ln53_1 == 0 & select_ln53 == 6)> <Delay = 0.00>
ST_3 : Operation 282 [1/1] (0.67ns)   --->   "%store_ln56 = store i32 %bitcast_ln56, i3 %p_ZZ5conv1PA255_A255_fPA1_A9_A9_fPfS1_E6w_tile_0_6_0_addr" [src/conv1.cpp:56->src/conv1.cpp:139]   --->   Operation 282 'store' 'store_ln56' <Predicate = (select_ln53_1 == 0 & select_ln53 == 6)> <Delay = 0.67> <CoreInst = "RAM">   --->   Core 83 'RAM' <Latency = 1> <II = 1> <Delay = 0.67> <Storage> <Opcode : 'load' 'store'> <Ports = 2> <Width = 32> <Depth = 8> <RAM>
ST_3 : Operation 283 [1/1] (0.00ns)   --->   "%p_ZZ5conv1PA255_A255_fPA1_A9_A9_fPfS1_E6w_tile_0_5_0_addr = getelementptr i32 %p_ZZ5conv1PA255_A255_fPA1_A9_A9_fPfS1_E6w_tile_0_5_0, i64 0, i64 %zext_ln50" [src/conv1.cpp:56->src/conv1.cpp:139]   --->   Operation 283 'getelementptr' 'p_ZZ5conv1PA255_A255_fPA1_A9_A9_fPfS1_E6w_tile_0_5_0_addr' <Predicate = (select_ln53_1 == 0 & select_ln53 == 5)> <Delay = 0.00>
ST_3 : Operation 284 [1/1] (0.67ns)   --->   "%store_ln56 = store i32 %bitcast_ln56, i3 %p_ZZ5conv1PA255_A255_fPA1_A9_A9_fPfS1_E6w_tile_0_5_0_addr" [src/conv1.cpp:56->src/conv1.cpp:139]   --->   Operation 284 'store' 'store_ln56' <Predicate = (select_ln53_1 == 0 & select_ln53 == 5)> <Delay = 0.67> <CoreInst = "RAM">   --->   Core 83 'RAM' <Latency = 1> <II = 1> <Delay = 0.67> <Storage> <Opcode : 'load' 'store'> <Ports = 2> <Width = 32> <Depth = 8> <RAM>
ST_3 : Operation 285 [1/1] (0.00ns)   --->   "%p_ZZ5conv1PA255_A255_fPA1_A9_A9_fPfS1_E6w_tile_0_4_0_addr = getelementptr i32 %p_ZZ5conv1PA255_A255_fPA1_A9_A9_fPfS1_E6w_tile_0_4_0, i64 0, i64 %zext_ln50" [src/conv1.cpp:56->src/conv1.cpp:139]   --->   Operation 285 'getelementptr' 'p_ZZ5conv1PA255_A255_fPA1_A9_A9_fPfS1_E6w_tile_0_4_0_addr' <Predicate = (select_ln53_1 == 0 & select_ln53 == 4)> <Delay = 0.00>
ST_3 : Operation 286 [1/1] (0.67ns)   --->   "%store_ln56 = store i32 %bitcast_ln56, i3 %p_ZZ5conv1PA255_A255_fPA1_A9_A9_fPfS1_E6w_tile_0_4_0_addr" [src/conv1.cpp:56->src/conv1.cpp:139]   --->   Operation 286 'store' 'store_ln56' <Predicate = (select_ln53_1 == 0 & select_ln53 == 4)> <Delay = 0.67> <CoreInst = "RAM">   --->   Core 83 'RAM' <Latency = 1> <II = 1> <Delay = 0.67> <Storage> <Opcode : 'load' 'store'> <Ports = 2> <Width = 32> <Depth = 8> <RAM>
ST_3 : Operation 287 [1/1] (0.00ns)   --->   "%p_ZZ5conv1PA255_A255_fPA1_A9_A9_fPfS1_E6w_tile_0_3_0_addr = getelementptr i32 %p_ZZ5conv1PA255_A255_fPA1_A9_A9_fPfS1_E6w_tile_0_3_0, i64 0, i64 %zext_ln50" [src/conv1.cpp:56->src/conv1.cpp:139]   --->   Operation 287 'getelementptr' 'p_ZZ5conv1PA255_A255_fPA1_A9_A9_fPfS1_E6w_tile_0_3_0_addr' <Predicate = (select_ln53_1 == 0 & select_ln53 == 3)> <Delay = 0.00>
ST_3 : Operation 288 [1/1] (0.67ns)   --->   "%store_ln56 = store i32 %bitcast_ln56, i3 %p_ZZ5conv1PA255_A255_fPA1_A9_A9_fPfS1_E6w_tile_0_3_0_addr" [src/conv1.cpp:56->src/conv1.cpp:139]   --->   Operation 288 'store' 'store_ln56' <Predicate = (select_ln53_1 == 0 & select_ln53 == 3)> <Delay = 0.67> <CoreInst = "RAM">   --->   Core 83 'RAM' <Latency = 1> <II = 1> <Delay = 0.67> <Storage> <Opcode : 'load' 'store'> <Ports = 2> <Width = 32> <Depth = 8> <RAM>
ST_3 : Operation 289 [1/1] (0.00ns)   --->   "%p_ZZ5conv1PA255_A255_fPA1_A9_A9_fPfS1_E6w_tile_0_2_0_addr = getelementptr i32 %p_ZZ5conv1PA255_A255_fPA1_A9_A9_fPfS1_E6w_tile_0_2_0, i64 0, i64 %zext_ln50" [src/conv1.cpp:56->src/conv1.cpp:139]   --->   Operation 289 'getelementptr' 'p_ZZ5conv1PA255_A255_fPA1_A9_A9_fPfS1_E6w_tile_0_2_0_addr' <Predicate = (select_ln53_1 == 0 & select_ln53 == 2)> <Delay = 0.00>
ST_3 : Operation 290 [1/1] (0.67ns)   --->   "%store_ln56 = store i32 %bitcast_ln56, i3 %p_ZZ5conv1PA255_A255_fPA1_A9_A9_fPfS1_E6w_tile_0_2_0_addr" [src/conv1.cpp:56->src/conv1.cpp:139]   --->   Operation 290 'store' 'store_ln56' <Predicate = (select_ln53_1 == 0 & select_ln53 == 2)> <Delay = 0.67> <CoreInst = "RAM">   --->   Core 83 'RAM' <Latency = 1> <II = 1> <Delay = 0.67> <Storage> <Opcode : 'load' 'store'> <Ports = 2> <Width = 32> <Depth = 8> <RAM>
ST_3 : Operation 291 [1/1] (0.00ns)   --->   "%p_ZZ5conv1PA255_A255_fPA1_A9_A9_fPfS1_E6w_tile_0_1_0_addr = getelementptr i32 %p_ZZ5conv1PA255_A255_fPA1_A9_A9_fPfS1_E6w_tile_0_1_0, i64 0, i64 %zext_ln50" [src/conv1.cpp:56->src/conv1.cpp:139]   --->   Operation 291 'getelementptr' 'p_ZZ5conv1PA255_A255_fPA1_A9_A9_fPfS1_E6w_tile_0_1_0_addr' <Predicate = (select_ln53_1 == 0 & select_ln53 == 1)> <Delay = 0.00>
ST_3 : Operation 292 [1/1] (0.67ns)   --->   "%store_ln56 = store i32 %bitcast_ln56, i3 %p_ZZ5conv1PA255_A255_fPA1_A9_A9_fPfS1_E6w_tile_0_1_0_addr" [src/conv1.cpp:56->src/conv1.cpp:139]   --->   Operation 292 'store' 'store_ln56' <Predicate = (select_ln53_1 == 0 & select_ln53 == 1)> <Delay = 0.67> <CoreInst = "RAM">   --->   Core 83 'RAM' <Latency = 1> <II = 1> <Delay = 0.67> <Storage> <Opcode : 'load' 'store'> <Ports = 2> <Width = 32> <Depth = 8> <RAM>
ST_3 : Operation 293 [1/1] (0.00ns)   --->   "%p_ZZ5conv1PA255_A255_fPA1_A9_A9_fPfS1_E6w_tile_0_0_0_addr = getelementptr i32 %p_ZZ5conv1PA255_A255_fPA1_A9_A9_fPfS1_E6w_tile_0_0_0, i64 0, i64 %zext_ln50" [src/conv1.cpp:56->src/conv1.cpp:139]   --->   Operation 293 'getelementptr' 'p_ZZ5conv1PA255_A255_fPA1_A9_A9_fPfS1_E6w_tile_0_0_0_addr' <Predicate = (select_ln53_1 == 0 & select_ln53 == 0)> <Delay = 0.00>
ST_3 : Operation 294 [1/1] (0.67ns)   --->   "%store_ln56 = store i32 %bitcast_ln56, i3 %p_ZZ5conv1PA255_A255_fPA1_A9_A9_fPfS1_E6w_tile_0_0_0_addr" [src/conv1.cpp:56->src/conv1.cpp:139]   --->   Operation 294 'store' 'store_ln56' <Predicate = (select_ln53_1 == 0 & select_ln53 == 0)> <Delay = 0.67> <CoreInst = "RAM">   --->   Core 83 'RAM' <Latency = 1> <II = 1> <Delay = 0.67> <Storage> <Opcode : 'load' 'store'> <Ports = 2> <Width = 32> <Depth = 8> <RAM>
ST_3 : Operation 295 [1/1] (0.00ns)   --->   "%p_ZZ5conv1PA255_A255_fPA1_A9_A9_fPfS1_E6w_tile_0_8_0_addr = getelementptr i32 %p_ZZ5conv1PA255_A255_fPA1_A9_A9_fPfS1_E6w_tile_0_8_0, i64 0, i64 %zext_ln50" [src/conv1.cpp:56->src/conv1.cpp:139]   --->   Operation 295 'getelementptr' 'p_ZZ5conv1PA255_A255_fPA1_A9_A9_fPfS1_E6w_tile_0_8_0_addr' <Predicate = (select_ln53_1 == 0 & select_ln53 != 0 & select_ln53 != 1 & select_ln53 != 2 & select_ln53 != 3 & select_ln53 != 4 & select_ln53 != 5 & select_ln53 != 6 & select_ln53 != 7)> <Delay = 0.00>
ST_3 : Operation 296 [1/1] (0.67ns)   --->   "%store_ln56 = store i32 %bitcast_ln56, i3 %p_ZZ5conv1PA255_A255_fPA1_A9_A9_fPfS1_E6w_tile_0_8_0_addr" [src/conv1.cpp:56->src/conv1.cpp:139]   --->   Operation 296 'store' 'store_ln56' <Predicate = (select_ln53_1 == 0 & select_ln53 != 0 & select_ln53 != 1 & select_ln53 != 2 & select_ln53 != 3 & select_ln53 != 4 & select_ln53 != 5 & select_ln53 != 6 & select_ln53 != 7)> <Delay = 0.67> <CoreInst = "RAM">   --->   Core 83 'RAM' <Latency = 1> <II = 1> <Delay = 0.67> <Storage> <Opcode : 'load' 'store'> <Ports = 2> <Width = 32> <Depth = 8> <RAM>
ST_3 : Operation 297 [1/1] (0.00ns)   --->   "%br_ln56 = br void %arrayidx2967.i.exit" [src/conv1.cpp:56->src/conv1.cpp:139]   --->   Operation 297 'br' 'br_ln56' <Predicate = (select_ln53_1 == 0)> <Delay = 0.00>
ST_3 : Operation 298 [1/1] (0.00ns)   --->   "%p_ZZ5conv1PA255_A255_fPA1_A9_A9_fPfS1_E6w_tile_8_7_0_addr = getelementptr i32 %p_ZZ5conv1PA255_A255_fPA1_A9_A9_fPfS1_E6w_tile_8_7_0, i64 0, i64 %zext_ln50" [src/conv1.cpp:56->src/conv1.cpp:139]   --->   Operation 298 'getelementptr' 'p_ZZ5conv1PA255_A255_fPA1_A9_A9_fPfS1_E6w_tile_8_7_0_addr' <Predicate = (select_ln53_1 != 0 & select_ln53_1 != 1 & select_ln53_1 != 2 & select_ln53_1 != 3 & select_ln53_1 != 4 & select_ln53_1 != 5 & select_ln53_1 != 6 & select_ln53_1 != 7 & select_ln53 == 7)> <Delay = 0.00>
ST_3 : Operation 299 [1/1] (0.67ns)   --->   "%store_ln56 = store i32 %bitcast_ln56, i3 %p_ZZ5conv1PA255_A255_fPA1_A9_A9_fPfS1_E6w_tile_8_7_0_addr" [src/conv1.cpp:56->src/conv1.cpp:139]   --->   Operation 299 'store' 'store_ln56' <Predicate = (select_ln53_1 != 0 & select_ln53_1 != 1 & select_ln53_1 != 2 & select_ln53_1 != 3 & select_ln53_1 != 4 & select_ln53_1 != 5 & select_ln53_1 != 6 & select_ln53_1 != 7 & select_ln53 == 7)> <Delay = 0.67> <CoreInst = "RAM">   --->   Core 83 'RAM' <Latency = 1> <II = 1> <Delay = 0.67> <Storage> <Opcode : 'load' 'store'> <Ports = 2> <Width = 32> <Depth = 8> <RAM>
ST_3 : Operation 300 [1/1] (0.00ns)   --->   "%p_ZZ5conv1PA255_A255_fPA1_A9_A9_fPfS1_E6w_tile_8_6_0_addr = getelementptr i32 %p_ZZ5conv1PA255_A255_fPA1_A9_A9_fPfS1_E6w_tile_8_6_0, i64 0, i64 %zext_ln50" [src/conv1.cpp:56->src/conv1.cpp:139]   --->   Operation 300 'getelementptr' 'p_ZZ5conv1PA255_A255_fPA1_A9_A9_fPfS1_E6w_tile_8_6_0_addr' <Predicate = (select_ln53_1 != 0 & select_ln53_1 != 1 & select_ln53_1 != 2 & select_ln53_1 != 3 & select_ln53_1 != 4 & select_ln53_1 != 5 & select_ln53_1 != 6 & select_ln53_1 != 7 & select_ln53 == 6)> <Delay = 0.00>
ST_3 : Operation 301 [1/1] (0.67ns)   --->   "%store_ln56 = store i32 %bitcast_ln56, i3 %p_ZZ5conv1PA255_A255_fPA1_A9_A9_fPfS1_E6w_tile_8_6_0_addr" [src/conv1.cpp:56->src/conv1.cpp:139]   --->   Operation 301 'store' 'store_ln56' <Predicate = (select_ln53_1 != 0 & select_ln53_1 != 1 & select_ln53_1 != 2 & select_ln53_1 != 3 & select_ln53_1 != 4 & select_ln53_1 != 5 & select_ln53_1 != 6 & select_ln53_1 != 7 & select_ln53 == 6)> <Delay = 0.67> <CoreInst = "RAM">   --->   Core 83 'RAM' <Latency = 1> <II = 1> <Delay = 0.67> <Storage> <Opcode : 'load' 'store'> <Ports = 2> <Width = 32> <Depth = 8> <RAM>
ST_3 : Operation 302 [1/1] (0.00ns)   --->   "%p_ZZ5conv1PA255_A255_fPA1_A9_A9_fPfS1_E6w_tile_8_5_0_addr = getelementptr i32 %p_ZZ5conv1PA255_A255_fPA1_A9_A9_fPfS1_E6w_tile_8_5_0, i64 0, i64 %zext_ln50" [src/conv1.cpp:56->src/conv1.cpp:139]   --->   Operation 302 'getelementptr' 'p_ZZ5conv1PA255_A255_fPA1_A9_A9_fPfS1_E6w_tile_8_5_0_addr' <Predicate = (select_ln53_1 != 0 & select_ln53_1 != 1 & select_ln53_1 != 2 & select_ln53_1 != 3 & select_ln53_1 != 4 & select_ln53_1 != 5 & select_ln53_1 != 6 & select_ln53_1 != 7 & select_ln53 == 5)> <Delay = 0.00>
ST_3 : Operation 303 [1/1] (0.67ns)   --->   "%store_ln56 = store i32 %bitcast_ln56, i3 %p_ZZ5conv1PA255_A255_fPA1_A9_A9_fPfS1_E6w_tile_8_5_0_addr" [src/conv1.cpp:56->src/conv1.cpp:139]   --->   Operation 303 'store' 'store_ln56' <Predicate = (select_ln53_1 != 0 & select_ln53_1 != 1 & select_ln53_1 != 2 & select_ln53_1 != 3 & select_ln53_1 != 4 & select_ln53_1 != 5 & select_ln53_1 != 6 & select_ln53_1 != 7 & select_ln53 == 5)> <Delay = 0.67> <CoreInst = "RAM">   --->   Core 83 'RAM' <Latency = 1> <II = 1> <Delay = 0.67> <Storage> <Opcode : 'load' 'store'> <Ports = 2> <Width = 32> <Depth = 8> <RAM>
ST_3 : Operation 304 [1/1] (0.00ns)   --->   "%p_ZZ5conv1PA255_A255_fPA1_A9_A9_fPfS1_E6w_tile_8_4_0_addr = getelementptr i32 %p_ZZ5conv1PA255_A255_fPA1_A9_A9_fPfS1_E6w_tile_8_4_0, i64 0, i64 %zext_ln50" [src/conv1.cpp:56->src/conv1.cpp:139]   --->   Operation 304 'getelementptr' 'p_ZZ5conv1PA255_A255_fPA1_A9_A9_fPfS1_E6w_tile_8_4_0_addr' <Predicate = (select_ln53_1 != 0 & select_ln53_1 != 1 & select_ln53_1 != 2 & select_ln53_1 != 3 & select_ln53_1 != 4 & select_ln53_1 != 5 & select_ln53_1 != 6 & select_ln53_1 != 7 & select_ln53 == 4)> <Delay = 0.00>
ST_3 : Operation 305 [1/1] (0.67ns)   --->   "%store_ln56 = store i32 %bitcast_ln56, i3 %p_ZZ5conv1PA255_A255_fPA1_A9_A9_fPfS1_E6w_tile_8_4_0_addr" [src/conv1.cpp:56->src/conv1.cpp:139]   --->   Operation 305 'store' 'store_ln56' <Predicate = (select_ln53_1 != 0 & select_ln53_1 != 1 & select_ln53_1 != 2 & select_ln53_1 != 3 & select_ln53_1 != 4 & select_ln53_1 != 5 & select_ln53_1 != 6 & select_ln53_1 != 7 & select_ln53 == 4)> <Delay = 0.67> <CoreInst = "RAM">   --->   Core 83 'RAM' <Latency = 1> <II = 1> <Delay = 0.67> <Storage> <Opcode : 'load' 'store'> <Ports = 2> <Width = 32> <Depth = 8> <RAM>
ST_3 : Operation 306 [1/1] (0.00ns)   --->   "%p_ZZ5conv1PA255_A255_fPA1_A9_A9_fPfS1_E6w_tile_8_3_0_addr = getelementptr i32 %p_ZZ5conv1PA255_A255_fPA1_A9_A9_fPfS1_E6w_tile_8_3_0, i64 0, i64 %zext_ln50" [src/conv1.cpp:56->src/conv1.cpp:139]   --->   Operation 306 'getelementptr' 'p_ZZ5conv1PA255_A255_fPA1_A9_A9_fPfS1_E6w_tile_8_3_0_addr' <Predicate = (select_ln53_1 != 0 & select_ln53_1 != 1 & select_ln53_1 != 2 & select_ln53_1 != 3 & select_ln53_1 != 4 & select_ln53_1 != 5 & select_ln53_1 != 6 & select_ln53_1 != 7 & select_ln53 == 3)> <Delay = 0.00>
ST_3 : Operation 307 [1/1] (0.67ns)   --->   "%store_ln56 = store i32 %bitcast_ln56, i3 %p_ZZ5conv1PA255_A255_fPA1_A9_A9_fPfS1_E6w_tile_8_3_0_addr" [src/conv1.cpp:56->src/conv1.cpp:139]   --->   Operation 307 'store' 'store_ln56' <Predicate = (select_ln53_1 != 0 & select_ln53_1 != 1 & select_ln53_1 != 2 & select_ln53_1 != 3 & select_ln53_1 != 4 & select_ln53_1 != 5 & select_ln53_1 != 6 & select_ln53_1 != 7 & select_ln53 == 3)> <Delay = 0.67> <CoreInst = "RAM">   --->   Core 83 'RAM' <Latency = 1> <II = 1> <Delay = 0.67> <Storage> <Opcode : 'load' 'store'> <Ports = 2> <Width = 32> <Depth = 8> <RAM>
ST_3 : Operation 308 [1/1] (0.00ns)   --->   "%p_ZZ5conv1PA255_A255_fPA1_A9_A9_fPfS1_E6w_tile_8_2_0_addr = getelementptr i32 %p_ZZ5conv1PA255_A255_fPA1_A9_A9_fPfS1_E6w_tile_8_2_0, i64 0, i64 %zext_ln50" [src/conv1.cpp:56->src/conv1.cpp:139]   --->   Operation 308 'getelementptr' 'p_ZZ5conv1PA255_A255_fPA1_A9_A9_fPfS1_E6w_tile_8_2_0_addr' <Predicate = (select_ln53_1 != 0 & select_ln53_1 != 1 & select_ln53_1 != 2 & select_ln53_1 != 3 & select_ln53_1 != 4 & select_ln53_1 != 5 & select_ln53_1 != 6 & select_ln53_1 != 7 & select_ln53 == 2)> <Delay = 0.00>
ST_3 : Operation 309 [1/1] (0.67ns)   --->   "%store_ln56 = store i32 %bitcast_ln56, i3 %p_ZZ5conv1PA255_A255_fPA1_A9_A9_fPfS1_E6w_tile_8_2_0_addr" [src/conv1.cpp:56->src/conv1.cpp:139]   --->   Operation 309 'store' 'store_ln56' <Predicate = (select_ln53_1 != 0 & select_ln53_1 != 1 & select_ln53_1 != 2 & select_ln53_1 != 3 & select_ln53_1 != 4 & select_ln53_1 != 5 & select_ln53_1 != 6 & select_ln53_1 != 7 & select_ln53 == 2)> <Delay = 0.67> <CoreInst = "RAM">   --->   Core 83 'RAM' <Latency = 1> <II = 1> <Delay = 0.67> <Storage> <Opcode : 'load' 'store'> <Ports = 2> <Width = 32> <Depth = 8> <RAM>
ST_3 : Operation 310 [1/1] (0.00ns)   --->   "%p_ZZ5conv1PA255_A255_fPA1_A9_A9_fPfS1_E6w_tile_8_1_0_addr = getelementptr i32 %p_ZZ5conv1PA255_A255_fPA1_A9_A9_fPfS1_E6w_tile_8_1_0, i64 0, i64 %zext_ln50" [src/conv1.cpp:56->src/conv1.cpp:139]   --->   Operation 310 'getelementptr' 'p_ZZ5conv1PA255_A255_fPA1_A9_A9_fPfS1_E6w_tile_8_1_0_addr' <Predicate = (select_ln53_1 != 0 & select_ln53_1 != 1 & select_ln53_1 != 2 & select_ln53_1 != 3 & select_ln53_1 != 4 & select_ln53_1 != 5 & select_ln53_1 != 6 & select_ln53_1 != 7 & select_ln53 == 1)> <Delay = 0.00>
ST_3 : Operation 311 [1/1] (0.67ns)   --->   "%store_ln56 = store i32 %bitcast_ln56, i3 %p_ZZ5conv1PA255_A255_fPA1_A9_A9_fPfS1_E6w_tile_8_1_0_addr" [src/conv1.cpp:56->src/conv1.cpp:139]   --->   Operation 311 'store' 'store_ln56' <Predicate = (select_ln53_1 != 0 & select_ln53_1 != 1 & select_ln53_1 != 2 & select_ln53_1 != 3 & select_ln53_1 != 4 & select_ln53_1 != 5 & select_ln53_1 != 6 & select_ln53_1 != 7 & select_ln53 == 1)> <Delay = 0.67> <CoreInst = "RAM">   --->   Core 83 'RAM' <Latency = 1> <II = 1> <Delay = 0.67> <Storage> <Opcode : 'load' 'store'> <Ports = 2> <Width = 32> <Depth = 8> <RAM>
ST_3 : Operation 312 [1/1] (0.00ns)   --->   "%p_ZZ5conv1PA255_A255_fPA1_A9_A9_fPfS1_E6w_tile_8_0_0_addr = getelementptr i32 %p_ZZ5conv1PA255_A255_fPA1_A9_A9_fPfS1_E6w_tile_8_0_0, i64 0, i64 %zext_ln50" [src/conv1.cpp:56->src/conv1.cpp:139]   --->   Operation 312 'getelementptr' 'p_ZZ5conv1PA255_A255_fPA1_A9_A9_fPfS1_E6w_tile_8_0_0_addr' <Predicate = (select_ln53_1 != 0 & select_ln53_1 != 1 & select_ln53_1 != 2 & select_ln53_1 != 3 & select_ln53_1 != 4 & select_ln53_1 != 5 & select_ln53_1 != 6 & select_ln53_1 != 7 & select_ln53 == 0)> <Delay = 0.00>
ST_3 : Operation 313 [1/1] (0.67ns)   --->   "%store_ln56 = store i32 %bitcast_ln56, i3 %p_ZZ5conv1PA255_A255_fPA1_A9_A9_fPfS1_E6w_tile_8_0_0_addr" [src/conv1.cpp:56->src/conv1.cpp:139]   --->   Operation 313 'store' 'store_ln56' <Predicate = (select_ln53_1 != 0 & select_ln53_1 != 1 & select_ln53_1 != 2 & select_ln53_1 != 3 & select_ln53_1 != 4 & select_ln53_1 != 5 & select_ln53_1 != 6 & select_ln53_1 != 7 & select_ln53 == 0)> <Delay = 0.67> <CoreInst = "RAM">   --->   Core 83 'RAM' <Latency = 1> <II = 1> <Delay = 0.67> <Storage> <Opcode : 'load' 'store'> <Ports = 2> <Width = 32> <Depth = 8> <RAM>
ST_3 : Operation 314 [1/1] (0.00ns)   --->   "%p_ZZ5conv1PA255_A255_fPA1_A9_A9_fPfS1_E6w_tile_8_8_0_addr = getelementptr i32 %p_ZZ5conv1PA255_A255_fPA1_A9_A9_fPfS1_E6w_tile_8_8_0, i64 0, i64 %zext_ln50" [src/conv1.cpp:56->src/conv1.cpp:139]   --->   Operation 314 'getelementptr' 'p_ZZ5conv1PA255_A255_fPA1_A9_A9_fPfS1_E6w_tile_8_8_0_addr' <Predicate = (select_ln53_1 != 0 & select_ln53_1 != 1 & select_ln53_1 != 2 & select_ln53_1 != 3 & select_ln53_1 != 4 & select_ln53_1 != 5 & select_ln53_1 != 6 & select_ln53_1 != 7 & select_ln53 != 0 & select_ln53 != 1 & select_ln53 != 2 & select_ln53 != 3 & select_ln53 != 4 & select_ln53 != 5 & select_ln53 != 6 & select_ln53 != 7)> <Delay = 0.00>
ST_3 : Operation 315 [1/1] (0.67ns)   --->   "%store_ln56 = store i32 %bitcast_ln56, i3 %p_ZZ5conv1PA255_A255_fPA1_A9_A9_fPfS1_E6w_tile_8_8_0_addr" [src/conv1.cpp:56->src/conv1.cpp:139]   --->   Operation 315 'store' 'store_ln56' <Predicate = (select_ln53_1 != 0 & select_ln53_1 != 1 & select_ln53_1 != 2 & select_ln53_1 != 3 & select_ln53_1 != 4 & select_ln53_1 != 5 & select_ln53_1 != 6 & select_ln53_1 != 7 & select_ln53 != 0 & select_ln53 != 1 & select_ln53 != 2 & select_ln53 != 3 & select_ln53 != 4 & select_ln53 != 5 & select_ln53 != 6 & select_ln53 != 7)> <Delay = 0.67> <CoreInst = "RAM">   --->   Core 83 'RAM' <Latency = 1> <II = 1> <Delay = 0.67> <Storage> <Opcode : 'load' 'store'> <Ports = 2> <Width = 32> <Depth = 8> <RAM>
ST_3 : Operation 316 [1/1] (0.00ns)   --->   "%br_ln56 = br void %arrayidx2967.i.exit" [src/conv1.cpp:56->src/conv1.cpp:139]   --->   Operation 316 'br' 'br_ln56' <Predicate = (select_ln53_1 != 0 & select_ln53_1 != 1 & select_ln53_1 != 2 & select_ln53_1 != 3 & select_ln53_1 != 4 & select_ln53_1 != 5 & select_ln53_1 != 6 & select_ln53_1 != 7)> <Delay = 0.00>
ST_3 : Operation 317 [1/1] (0.42ns)   --->   "%store_ln54 = store i4 %select_ln50_3, i4 %tn" [src/conv1.cpp:54->src/conv1.cpp:139]   --->   Operation 317 'store' 'store_ln54' <Predicate = true> <Delay = 0.42>
ST_3 : Operation 318 [1/1] (0.00ns)   --->   "%br_ln54 = br void %for.inc.i" [src/conv1.cpp:54->src/conv1.cpp:139]   --->   Operation 318 'br' 'br_ln54' <Predicate = true> <Delay = 0.00>


============================================================
+ Verbose Summary: Timing violations
============================================================
Target clock period: 10.000ns, clock uncertainty: 2.700ns.

 <State 1>: 1.214ns
The critical path consists of the following:
	'alloca' operation ('indvar_flatten137') [88]  (0.000 ns)
	'load' operation ('indvar_flatten137_load', src/conv1.cpp:50->src/conv1.cpp:139) on local variable 'indvar_flatten137' [100]  (0.000 ns)
	'add' operation ('add_ln50_2', src/conv1.cpp:50->src/conv1.cpp:139) [103]  (0.787 ns)
	'store' operation ('store_ln54', src/conv1.cpp:54->src/conv1.cpp:139) of variable 'add_ln50_2', src/conv1.cpp:50->src/conv1.cpp:139 on local variable 'indvar_flatten137' [493]  (0.427 ns)

 <State 2>: 7.300ns
The critical path consists of the following:
	'getelementptr' operation ('w1_addr', src/conv1.cpp:50->src/conv1.cpp:139) [101]  (0.000 ns)
	bus read operation ('w1_addr_read', src/conv1.cpp:56->src/conv1.cpp:139) on port 'w1' (src/conv1.cpp:56->src/conv1.cpp:139) [126]  (7.300 ns)

 <State 3>: 1.865ns
The critical path consists of the following:
	'load' operation ('tn_load', src/conv1.cpp:50->src/conv1.cpp:139) on local variable 'tn' [108]  (0.000 ns)
	'add' operation ('add_ln50', src/conv1.cpp:50->src/conv1.cpp:139) [109]  (0.797 ns)
	'select' operation ('select_ln50_3', src/conv1.cpp:50->src/conv1.cpp:139) [114]  (0.391 ns)
	'getelementptr' operation ('p_ZZ5conv1PA255_A255_fPA1_A9_A9_fPfS1_E6w_tile_0_2_0_addr', src/conv1.cpp:56->src/conv1.cpp:139) [432]  (0.000 ns)
	'store' operation ('store_ln56', src/conv1.cpp:56->src/conv1.cpp:139) of variable 'bitcast_ln56', src/conv1.cpp:56->src/conv1.cpp:139 on array 'p_ZZ5conv1PA255_A255_fPA1_A9_A9_fPfS1_E6w_tile_0_2_0' [433]  (0.677 ns)


============================================================
+ Verbose Summary: Binding
============================================================
N/A
* FSMD analyzer results:
  - Output states:
 - Input state : 
  - Chain level:
	State 1
	State 2
	State 3


============================================================
+ Verbose Summary: Datapath Resource usage 
============================================================
N/A
