

================================================================
== Vitis HLS Report for 'conv3'
================================================================
* Date:           Thu Oct 30 11:33:28 2025

* Version:        2023.1 (Build 3854077 on May  4 2023)
* Project:        srcnn_hls
* Solution:       solution1 (Vivado IP Flow Target)
* Product family: zynquplus
* Target device:  xck26-sfvc784-2LV-c


================================================================
== Performance Estimates
================================================================
+ Timing: 
    * Summary: 
    +--------+----------+----------+------------+
    |  Clock |  Target  | Estimated| Uncertainty|
    +--------+----------+----------+------------+
    |ap_clk  |  10.00 ns|  7.300 ns|     2.70 ns|
    +--------+----------+----------+------------+

+ Latency: 
    * Summary: 
    +-----------+-----------+-----------+-----------+-----------+-----------+---------+
    |    Latency (cycles)   |   Latency (absolute)  |        Interval       | Pipeline|
    |    min    |    max    |    min    |    max    |    min    |    max    |   Type  |
    +-----------+-----------+-----------+-----------+-----------+-----------+---------+
    |  493865391|  493865391|  4.939 sec|  4.939 sec|  493865391|  493865391|       no|
    +-----------+-----------+-----------+-----------+-----------+-----------+---------+

    + Detail: 
        * Instance: 
        N/A

        * Loop: 
        +--------------------------+-----------+-----------+----------+-----------+-----------+------+----------+
        |                          |    Latency (cycles)   | Iteration|  Initiation Interval  | Trip |          |
        |         Loop Name        |    min    |    max    |  Latency |  achieved |   target  | Count| Pipelined|
        +--------------------------+-----------+-----------+----------+-----------+-----------+------+----------+
        |- VITIS_LOOP_13_2         |  493865385|  493865385|   1936727|          -|          -|   255|        no|
        | + VITIS_LOOP_14_3        |    1936725|    1936725|      7595|          -|          -|   255|        no|
        |  ++ VITIS_LOOP_18_4      |       7584|       7584|       237|          -|          -|    32|        no|
        |   +++ VITIS_LOOP_19_5    |        235|        235|        47|          -|          -|     5|        no|
        |    ++++ VITIS_LOOP_30_6  |         45|         45|         9|          -|          -|     5|        no|
        +--------------------------+-----------+-----------+----------+-----------+-----------+------+----------+



================================================================
== Utilization Estimates
================================================================
* Summary: 
+-----------------+---------+------+--------+--------+-----+
|       Name      | BRAM_18K|  DSP |   FF   |   LUT  | URAM|
+-----------------+---------+------+--------+--------+-----+
|DSP              |        -|     -|       -|       -|    -|
|Expression       |        -|     -|       0|     384|    -|
|FIFO             |        -|     -|       -|       -|    -|
|Instance         |        -|     -|       -|       -|    -|
|Memory           |        -|     -|       -|       -|    -|
|Multiplexer      |        -|     -|       -|     262|    -|
|Register         |        -|     -|     421|       -|    -|
+-----------------+---------+------+--------+--------+-----+
|Total            |        0|     0|     421|     646|    0|
+-----------------+---------+------+--------+--------+-----+
|Available        |      288|  1248|  234240|  117120|   64|
+-----------------+---------+------+--------+--------+-----+
|Utilization (%)  |        0|     0|      ~0|      ~0|    0|
+-----------------+---------+------+--------+--------+-----+

+ Detail: 
    * Instance: 
    N/A

    * DSP: 
    N/A

    * Memory: 
    N/A

    * FIFO: 
    N/A

    * Expression: 
    +-----------------------+----------+----+---+----+------------+------------+
    |     Variable Name     | Operation| DSP| FF| LUT| Bitwidth P0| Bitwidth P1|
    +-----------------------+----------+----+---+----+------------+------------+
    |add_ln13_fu_329_p2     |         +|   0|  0|  15|           8|           1|
    |add_ln14_fu_359_p2     |         +|   0|  0|  15|           8|           1|
    |add_ln18_fu_414_p2     |         +|   0|  0|  13|           6|           1|
    |add_ln19_fu_430_p2     |         +|   0|  0|  10|           3|           1|
    |add_ln20_1_fu_440_p2   |         +|   0|  0|  17|          10|          10|
    |add_ln20_fu_335_p2     |         +|   0|  0|  16|           9|           3|
    |add_ln22_fu_445_p2     |         +|   0|  0|  15|           8|           8|
    |add_ln30_fu_535_p2     |         +|   0|  0|  10|           3|           1|
    |add_ln31_1_fu_545_p2   |         +|   0|  0|  17|          10|          10|
    |add_ln31_fu_369_p2     |         +|   0|  0|  16|           9|           3|
    |add_ln33_fu_550_p2     |         +|   0|  0|  15|           8|           8|
    |add_ln41_1_fu_603_p2   |         +|   0|  0|  28|          21|          21|
    |add_ln41_fu_498_p2     |         +|   0|  0|  23|          16|          16|
    |sub_ln41_1_fu_519_p2   |         -|   0|  0|  28|          21|          21|
    |sub_ln41_fu_398_p2     |         -|   0|  0|  22|          15|          15|
    |icmp_ln13_fu_323_p2    |      icmp|   0|  0|  15|           8|           2|
    |icmp_ln14_fu_353_p2    |      icmp|   0|  0|  15|           8|           2|
    |icmp_ln18_fu_408_p2    |      icmp|   0|  0|  14|           6|           7|
    |icmp_ln19_fu_424_p2    |      icmp|   0|  0|  10|           3|           3|
    |icmp_ln24_fu_458_p2    |      icmp|   0|  0|  17|          10|           8|
    |icmp_ln30_fu_529_p2    |      icmp|   0|  0|  10|           3|           3|
    |icmp_ln35_fu_563_p2    |      icmp|   0|  0|  17|          10|           8|
    |or_ln22_fu_480_p2      |        or|   0|  0|   2|           1|           1|
    |or_ln33_fu_585_p2      |        or|   0|  0|   2|           1|           1|
    |ix_fu_591_p3           |    select|   0|  0|   8|           1|           8|
    |iy_fu_486_p3           |    select|   0|  0|   8|           1|           8|
    |select_ln22_fu_472_p3  |    select|   0|  0|   3|           1|           1|
    |select_ln33_fu_577_p3  |    select|   0|  0|   3|           1|           1|
    +-----------------------+----------+----+---+----+------------+------------+
    |Total                  |          |   0|  0| 384|         209|         173|
    +-----------------------+----------+----+---+----+------------+------------+

    * Multiplexer: 
    +-------------------+-----+-----------+-----+-----------+
    |        Name       | LUT | Input Size| Bits| Total Bits|
    +-------------------+-----+-----------+-----+-----------+
    |acc_4_reg_226      |    9|          2|   32|         64|
    |acc_5_reg_249      |    9|          2|   32|         64|
    |acc_reg_205        |    9|          2|   32|         64|
    |ap_NS_fsm          |  145|         29|    1|         29|
    |gmem_out_blk_n_AW  |    9|          2|    1|          2|
    |gmem_out_blk_n_B   |    9|          2|    1|          2|
    |gmem_out_blk_n_W   |    9|          2|    1|          2|
    |gmem_wgt_blk_n_AR  |    9|          2|    1|          2|
    |gmem_wgt_blk_n_R   |    9|          2|    1|          2|
    |ic_reg_194         |    9|          2|    6|         12|
    |kx_reg_238         |    9|          2|    3|          6|
    |ky_reg_215         |    9|          2|    3|          6|
    |x_reg_183          |    9|          2|    8|         16|
    |y_fu_120           |    9|          2|    8|         16|
    +-------------------+-----+-----------+-----+-----------+
    |Total              |  262|         55|  130|        287|
    +-------------------+-----+-----------+-----+-----------+

    * Register: 
    +----------------------------+----+----+-----+-----------+
    |            Name            | FF | LUT| Bits| Const Bits|
    +----------------------------+----+----+-----+-----------+
    |acc_4_reg_226               |  32|   0|   32|          0|
    |acc_5_reg_249               |  32|   0|   32|          0|
    |acc_reg_205                 |  32|   0|   32|          0|
    |add_ln13_reg_649            |   8|   0|    8|          0|
    |add_ln14_reg_672            |   8|   0|    8|          0|
    |add_ln18_reg_695            |   6|   0|    6|          0|
    |add_ln19_reg_703            |   3|   0|    3|          0|
    |add_ln30_reg_716            |   3|   0|    3|          0|
    |ap_CS_fsm                   |  28|   0|   28|          0|
    |feat2_load_reg_726          |  32|   0|   32|          0|
    |gmem_wgt_addr_read_reg_731  |  32|   0|   32|          0|
    |gmem_wgt_addr_reg_640       |  64|   0|   64|          0|
    |ic_reg_194                  |   6|   0|    6|          0|
    |kx_reg_238                  |   3|   0|    3|          0|
    |ky_reg_215                  |   3|   0|    3|          0|
    |mul_reg_741                 |  32|   0|   32|          0|
    |sext_ln18_1_reg_687         |  16|   0|   16|          0|
    |sext_ln20_reg_654           |  10|   0|   10|          0|
    |sext_ln31_reg_677           |  10|   0|   10|          0|
    |sub_ln41_1_reg_708          |  21|   0|   21|          0|
    |trunc_ln20_reg_659          |   8|   0|    8|          0|
    |trunc_ln31_reg_682          |   8|   0|    8|          0|
    |x_reg_183                   |   8|   0|    8|          0|
    |y_fu_120                    |   8|   0|    8|          0|
    |zext_ln14_reg_664           |   8|   0|    9|          1|
    +----------------------------+----+----+-----+-----------+
    |Total                       | 421|   0|  422|          1|
    +----------------------------+----+----+-----+-----------+



================================================================
== Interface
================================================================
* Summary: 
+-------------------------+-----+-----+------------+--------------+--------------+
|        RTL Ports        | Dir | Bits|  Protocol  | Source Object|    C Type    |
+-------------------------+-----+-----+------------+--------------+--------------+
|ap_clk                   |   in|    1|  ap_ctrl_hs|         conv3|  return value|
|ap_rst                   |   in|    1|  ap_ctrl_hs|         conv3|  return value|
|ap_start                 |   in|    1|  ap_ctrl_hs|         conv3|  return value|
|ap_done                  |  out|    1|  ap_ctrl_hs|         conv3|  return value|
|ap_idle                  |  out|    1|  ap_ctrl_hs|         conv3|  return value|
|ap_ready                 |  out|    1|  ap_ctrl_hs|         conv3|  return value|
|grp_fu_937_p_din0        |  out|   32|  ap_ctrl_hs|         conv3|  return value|
|grp_fu_937_p_din1        |  out|   32|  ap_ctrl_hs|         conv3|  return value|
|grp_fu_937_p_opcode      |  out|    2|  ap_ctrl_hs|         conv3|  return value|
|grp_fu_937_p_dout0       |   in|   32|  ap_ctrl_hs|         conv3|  return value|
|grp_fu_937_p_ce          |  out|    1|  ap_ctrl_hs|         conv3|  return value|
|grp_fu_942_p_din0        |  out|   32|  ap_ctrl_hs|         conv3|  return value|
|grp_fu_942_p_din1        |  out|   32|  ap_ctrl_hs|         conv3|  return value|
|grp_fu_942_p_dout0       |   in|   32|  ap_ctrl_hs|         conv3|  return value|
|grp_fu_942_p_ce          |  out|    1|  ap_ctrl_hs|         conv3|  return value|
|m_axi_gmem_wgt_AWVALID   |  out|    1|       m_axi|      gmem_wgt|       pointer|
|m_axi_gmem_wgt_AWREADY   |   in|    1|       m_axi|      gmem_wgt|       pointer|
|m_axi_gmem_wgt_AWADDR    |  out|   64|       m_axi|      gmem_wgt|       pointer|
|m_axi_gmem_wgt_AWID      |  out|    1|       m_axi|      gmem_wgt|       pointer|
|m_axi_gmem_wgt_AWLEN     |  out|   32|       m_axi|      gmem_wgt|       pointer|
|m_axi_gmem_wgt_AWSIZE    |  out|    3|       m_axi|      gmem_wgt|       pointer|
|m_axi_gmem_wgt_AWBURST   |  out|    2|       m_axi|      gmem_wgt|       pointer|
|m_axi_gmem_wgt_AWLOCK    |  out|    2|       m_axi|      gmem_wgt|       pointer|
|m_axi_gmem_wgt_AWCACHE   |  out|    4|       m_axi|      gmem_wgt|       pointer|
|m_axi_gmem_wgt_AWPROT    |  out|    3|       m_axi|      gmem_wgt|       pointer|
|m_axi_gmem_wgt_AWQOS     |  out|    4|       m_axi|      gmem_wgt|       pointer|
|m_axi_gmem_wgt_AWREGION  |  out|    4|       m_axi|      gmem_wgt|       pointer|
|m_axi_gmem_wgt_AWUSER    |  out|    1|       m_axi|      gmem_wgt|       pointer|
|m_axi_gmem_wgt_WVALID    |  out|    1|       m_axi|      gmem_wgt|       pointer|
|m_axi_gmem_wgt_WREADY    |   in|    1|       m_axi|      gmem_wgt|       pointer|
|m_axi_gmem_wgt_WDATA     |  out|   32|       m_axi|      gmem_wgt|       pointer|
|m_axi_gmem_wgt_WSTRB     |  out|    4|       m_axi|      gmem_wgt|       pointer|
|m_axi_gmem_wgt_WLAST     |  out|    1|       m_axi|      gmem_wgt|       pointer|
|m_axi_gmem_wgt_WID       |  out|    1|       m_axi|      gmem_wgt|       pointer|
|m_axi_gmem_wgt_WUSER     |  out|    1|       m_axi|      gmem_wgt|       pointer|
|m_axi_gmem_wgt_ARVALID   |  out|    1|       m_axi|      gmem_wgt|       pointer|
|m_axi_gmem_wgt_ARREADY   |   in|    1|       m_axi|      gmem_wgt|       pointer|
|m_axi_gmem_wgt_ARADDR    |  out|   64|       m_axi|      gmem_wgt|       pointer|
|m_axi_gmem_wgt_ARID      |  out|    1|       m_axi|      gmem_wgt|       pointer|
|m_axi_gmem_wgt_ARLEN     |  out|   32|       m_axi|      gmem_wgt|       pointer|
|m_axi_gmem_wgt_ARSIZE    |  out|    3|       m_axi|      gmem_wgt|       pointer|
|m_axi_gmem_wgt_ARBURST   |  out|    2|       m_axi|      gmem_wgt|       pointer|
|m_axi_gmem_wgt_ARLOCK    |  out|    2|       m_axi|      gmem_wgt|       pointer|
|m_axi_gmem_wgt_ARCACHE   |  out|    4|       m_axi|      gmem_wgt|       pointer|
|m_axi_gmem_wgt_ARPROT    |  out|    3|       m_axi|      gmem_wgt|       pointer|
|m_axi_gmem_wgt_ARQOS     |  out|    4|       m_axi|      gmem_wgt|       pointer|
|m_axi_gmem_wgt_ARREGION  |  out|    4|       m_axi|      gmem_wgt|       pointer|
|m_axi_gmem_wgt_ARUSER    |  out|    1|       m_axi|      gmem_wgt|       pointer|
|m_axi_gmem_wgt_RVALID    |   in|    1|       m_axi|      gmem_wgt|       pointer|
|m_axi_gmem_wgt_RREADY    |  out|    1|       m_axi|      gmem_wgt|       pointer|
|m_axi_gmem_wgt_RDATA     |   in|   32|       m_axi|      gmem_wgt|       pointer|
|m_axi_gmem_wgt_RLAST     |   in|    1|       m_axi|      gmem_wgt|       pointer|
|m_axi_gmem_wgt_RID       |   in|    1|       m_axi|      gmem_wgt|       pointer|
|m_axi_gmem_wgt_RFIFONUM  |   in|   14|       m_axi|      gmem_wgt|       pointer|
|m_axi_gmem_wgt_RUSER     |   in|    1|       m_axi|      gmem_wgt|       pointer|
|m_axi_gmem_wgt_RRESP     |   in|    2|       m_axi|      gmem_wgt|       pointer|
|m_axi_gmem_wgt_BVALID    |   in|    1|       m_axi|      gmem_wgt|       pointer|
|m_axi_gmem_wgt_BREADY    |  out|    1|       m_axi|      gmem_wgt|       pointer|
|m_axi_gmem_wgt_BRESP     |   in|    2|       m_axi|      gmem_wgt|       pointer|
|m_axi_gmem_wgt_BID       |   in|    1|       m_axi|      gmem_wgt|       pointer|
|m_axi_gmem_wgt_BUSER     |   in|    1|       m_axi|      gmem_wgt|       pointer|
|w                        |   in|   64|     ap_none|             w|        scalar|
|b_0_0_val                |   in|   32|     ap_none|     b_0_0_val|        scalar|
|m_axi_gmem_out_AWVALID   |  out|    1|       m_axi|      gmem_out|       pointer|
|m_axi_gmem_out_AWREADY   |   in|    1|       m_axi|      gmem_out|       pointer|
|m_axi_gmem_out_AWADDR    |  out|   64|       m_axi|      gmem_out|       pointer|
|m_axi_gmem_out_AWID      |  out|    1|       m_axi|      gmem_out|       pointer|
|m_axi_gmem_out_AWLEN     |  out|   32|       m_axi|      gmem_out|       pointer|
|m_axi_gmem_out_AWSIZE    |  out|    3|       m_axi|      gmem_out|       pointer|
|m_axi_gmem_out_AWBURST   |  out|    2|       m_axi|      gmem_out|       pointer|
|m_axi_gmem_out_AWLOCK    |  out|    2|       m_axi|      gmem_out|       pointer|
|m_axi_gmem_out_AWCACHE   |  out|    4|       m_axi|      gmem_out|       pointer|
|m_axi_gmem_out_AWPROT    |  out|    3|       m_axi|      gmem_out|       pointer|
|m_axi_gmem_out_AWQOS     |  out|    4|       m_axi|      gmem_out|       pointer|
|m_axi_gmem_out_AWREGION  |  out|    4|       m_axi|      gmem_out|       pointer|
|m_axi_gmem_out_AWUSER    |  out|    1|       m_axi|      gmem_out|       pointer|
|m_axi_gmem_out_WVALID    |  out|    1|       m_axi|      gmem_out|       pointer|
|m_axi_gmem_out_WREADY    |   in|    1|       m_axi|      gmem_out|       pointer|
|m_axi_gmem_out_WDATA     |  out|   32|       m_axi|      gmem_out|       pointer|
|m_axi_gmem_out_WSTRB     |  out|    4|       m_axi|      gmem_out|       pointer|
|m_axi_gmem_out_WLAST     |  out|    1|       m_axi|      gmem_out|       pointer|
|m_axi_gmem_out_WID       |  out|    1|       m_axi|      gmem_out|       pointer|
|m_axi_gmem_out_WUSER     |  out|    1|       m_axi|      gmem_out|       pointer|
|m_axi_gmem_out_ARVALID   |  out|    1|       m_axi|      gmem_out|       pointer|
|m_axi_gmem_out_ARREADY   |   in|    1|       m_axi|      gmem_out|       pointer|
|m_axi_gmem_out_ARADDR    |  out|   64|       m_axi|      gmem_out|       pointer|
|m_axi_gmem_out_ARID      |  out|    1|       m_axi|      gmem_out|       pointer|
|m_axi_gmem_out_ARLEN     |  out|   32|       m_axi|      gmem_out|       pointer|
|m_axi_gmem_out_ARSIZE    |  out|    3|       m_axi|      gmem_out|       pointer|
|m_axi_gmem_out_ARBURST   |  out|    2|       m_axi|      gmem_out|       pointer|
|m_axi_gmem_out_ARLOCK    |  out|    2|       m_axi|      gmem_out|       pointer|
|m_axi_gmem_out_ARCACHE   |  out|    4|       m_axi|      gmem_out|       pointer|
|m_axi_gmem_out_ARPROT    |  out|    3|       m_axi|      gmem_out|       pointer|
|m_axi_gmem_out_ARQOS     |  out|    4|       m_axi|      gmem_out|       pointer|
|m_axi_gmem_out_ARREGION  |  out|    4|       m_axi|      gmem_out|       pointer|
|m_axi_gmem_out_ARUSER    |  out|    1|       m_axi|      gmem_out|       pointer|
|m_axi_gmem_out_RVALID    |   in|    1|       m_axi|      gmem_out|       pointer|
|m_axi_gmem_out_RREADY    |  out|    1|       m_axi|      gmem_out|       pointer|
|m_axi_gmem_out_RDATA     |   in|   32|       m_axi|      gmem_out|       pointer|
|m_axi_gmem_out_RLAST     |   in|    1|       m_axi|      gmem_out|       pointer|
|m_axi_gmem_out_RID       |   in|    1|       m_axi|      gmem_out|       pointer|
|m_axi_gmem_out_RFIFONUM  |   in|    9|       m_axi|      gmem_out|       pointer|
|m_axi_gmem_out_RUSER     |   in|    1|       m_axi|      gmem_out|       pointer|
|m_axi_gmem_out_RRESP     |   in|    2|       m_axi|      gmem_out|       pointer|
|m_axi_gmem_out_BVALID    |   in|    1|       m_axi|      gmem_out|       pointer|
|m_axi_gmem_out_BREADY    |  out|    1|       m_axi|      gmem_out|       pointer|
|m_axi_gmem_out_BRESP     |   in|    2|       m_axi|      gmem_out|       pointer|
|m_axi_gmem_out_BID       |   in|    1|       m_axi|      gmem_out|       pointer|
|m_axi_gmem_out_BUSER     |   in|    1|       m_axi|      gmem_out|       pointer|
|out_ftmap                |   in|   64|     ap_none|     out_ftmap|        scalar|
|feat2_address0           |  out|   21|   ap_memory|         feat2|         array|
|feat2_ce0                |  out|    1|   ap_memory|         feat2|         array|
|feat2_q0                 |   in|   32|   ap_memory|         feat2|         array|
+-------------------------+-----+-----+------------+--------------+--------------+

============================================================
+ Verbose Summary: Synthesis Manager
============================================================
InlineROM: 1
ExposeGlobal: 0
============================================================
+ Verbose Summary: CDFG Model
============================================================
IsTopModel: 0
ResetActiveHigh: 1
IsCombinational: 2
IsDatapathOnly: 2
HasWiredReturn: 1
HasMFsm: 0
HasVarLatency: 1
IsPipeline: 0
IsRtlPipelined: 0
IsInstanceOverlapped: 0
IsDontTouch: 0
HasImplIP: 0
IsGatedGlobalClock: 0


============================================================
+ Verbose Summary: Schedule
============================================================
* Number of FSM states : 28
* Pipeline : 0
* Dataflow Pipeline: 0

* FSM state transitions: 
1 --> 2 
2 --> 24 3 
3 --> 4 2 
4 --> 5 
5 --> 6 
6 --> 7 
7 --> 8 
8 --> 9 
9 --> 10 
10 --> 11 
11 --> 12 
12 --> 23 13 
13 --> 14 12 
14 --> 15 13 
15 --> 16 
16 --> 17 
17 --> 18 
18 --> 19 
19 --> 20 
20 --> 21 
21 --> 22 
22 --> 14 
23 --> 3 
24 --> 25 
25 --> 26 
26 --> 27 
27 --> 28 
28 --> 

* FSM state operations: 

State 1 <SV = 0> <Delay = 7.30>
ST_1 : Operation 29 [1/1] (0.00ns)   --->   "%y = alloca i32 1"   --->   Operation 29 'alloca' 'y' <Predicate = true> <Delay = 0.00>
ST_1 : Operation 30 [1/1] (0.00ns)   --->   "%specinterface_ln0 = specinterface void @_ssdm_op_SpecInterface, i32 %gmem_out, void @empty_126, i32 0, i32 0, void @empty_154, i32 0, i32 65025, void @empty_158, void @empty_156, void @empty_154, i32 16, i32 8, i32 16, i32 256, void @empty_154, void @empty_154, i32 4294967295, i32 0"   --->   Operation 30 'specinterface' 'specinterface_ln0' <Predicate = true> <Delay = 0.00>
ST_1 : Operation 31 [1/1] (0.00ns)   --->   "%specinterface_ln0 = specinterface void @_ssdm_op_SpecInterface, i32 %gmem_wgt, void @empty_126, i32 0, i32 0, void @empty_154, i32 0, i32 5184, void @empty_157, void @empty_156, void @empty_154, i32 32, i32 16, i32 256, i32 16, void @empty_154, void @empty_154, i32 4294967295, i32 0"   --->   Operation 31 'specinterface' 'specinterface_ln0' <Predicate = true> <Delay = 0.00>
ST_1 : Operation 32 [1/1] (0.00ns)   --->   "%out_ftmap_read = read i64 @_ssdm_op_Read.ap_auto.i64, i64 %out_ftmap" [src/conv3.cpp:13]   --->   Operation 32 'read' 'out_ftmap_read' <Predicate = true> <Delay = 0.00>
ST_1 : Operation 33 [1/1] (0.00ns)   --->   "%b_0_0_val_read = read i32 @_ssdm_op_Read.ap_auto.float, i32 %b_0_0_val" [src/conv3.cpp:13]   --->   Operation 33 'read' 'b_0_0_val_read' <Predicate = true> <Delay = 0.00>
ST_1 : Operation 34 [1/1] (0.00ns)   --->   "%w_read = read i64 @_ssdm_op_Read.ap_auto.i64, i64 %w" [src/conv3.cpp:13]   --->   Operation 34 'read' 'w_read' <Predicate = true> <Delay = 0.00>
ST_1 : Operation 35 [1/1] (0.00ns)   --->   "%trunc_ln = partselect i62 @_ssdm_op_PartSelect.i62.i64.i32.i32, i64 %out_ftmap_read, i32 2, i32 63" [src/conv3.cpp:13]   --->   Operation 35 'partselect' 'trunc_ln' <Predicate = true> <Delay = 0.00>
ST_1 : Operation 36 [1/1] (0.00ns)   --->   "%sext_ln13 = sext i62 %trunc_ln" [src/conv3.cpp:13]   --->   Operation 36 'sext' 'sext_ln13' <Predicate = true> <Delay = 0.00>
ST_1 : Operation 37 [1/1] (0.00ns)   --->   "%gmem_out_addr = getelementptr i32 %gmem_out, i64 %sext_ln13" [src/conv3.cpp:13]   --->   Operation 37 'getelementptr' 'gmem_out_addr' <Predicate = true> <Delay = 0.00>
ST_1 : Operation 38 [1/1] (7.30ns)   --->   "%empty = writereq i1 @_ssdm_op_WriteReq.m_axi.p1i32, i64 %gmem_out_addr, i32 65025" [src/conv3.cpp:13]   --->   Operation 38 'writereq' 'empty' <Predicate = true> <Delay = 7.30> <CoreInst = "m_axi">   --->   Core 121 'm_axi' <Latency = 0> <II = 1> <Delay = 1.00> <Adapter> <Opcode : 'read' 'write' 'readreq' 'writereq' 'writeresp'>
ST_1 : Operation 39 [1/1] (0.00ns)   --->   "%trunc_ln1 = partselect i62 @_ssdm_op_PartSelect.i62.i64.i32.i32, i64 %w_read, i32 2, i32 63" [src/conv3.cpp:18]   --->   Operation 39 'partselect' 'trunc_ln1' <Predicate = true> <Delay = 0.00>
ST_1 : Operation 40 [1/1] (0.00ns)   --->   "%sext_ln18 = sext i62 %trunc_ln1" [src/conv3.cpp:18]   --->   Operation 40 'sext' 'sext_ln18' <Predicate = true> <Delay = 0.00>
ST_1 : Operation 41 [1/1] (0.00ns)   --->   "%gmem_wgt_addr = getelementptr i32 %gmem_wgt, i64 %sext_ln18" [src/conv3.cpp:18]   --->   Operation 41 'getelementptr' 'gmem_wgt_addr' <Predicate = true> <Delay = 0.00>
ST_1 : Operation 42 [1/1] (0.42ns)   --->   "%store_ln13 = store i8 0, i8 %y" [src/conv3.cpp:13]   --->   Operation 42 'store' 'store_ln13' <Predicate = true> <Delay = 0.42>
ST_1 : Operation 43 [1/1] (0.00ns)   --->   "%br_ln13 = br void %VITIS_LOOP_14_3" [src/conv3.cpp:13]   --->   Operation 43 'br' 'br_ln13' <Predicate = true> <Delay = 0.00>

State 2 <SV = 1> <Delay = 0.76>
ST_2 : Operation 44 [1/1] (0.00ns)   --->   "%y_3 = load i8 %y" [src/conv3.cpp:13]   --->   Operation 44 'load' 'y_3' <Predicate = true> <Delay = 0.00>
ST_2 : Operation 45 [1/1] (0.00ns)   --->   "%zext_ln13 = zext i8 %y_3" [src/conv3.cpp:13]   --->   Operation 45 'zext' 'zext_ln13' <Predicate = true> <Delay = 0.00>
ST_2 : Operation 46 [1/1] (0.76ns)   --->   "%icmp_ln13 = icmp_eq  i8 %y_3, i8 255" [src/conv3.cpp:13]   --->   Operation 46 'icmp' 'icmp_ln13' <Predicate = true> <Delay = 0.76> <CoreInst = "Cmp">   --->   Core 9 'Cmp' <Latency = 0> <II = 1> <Delay = 0.76> <FuncUnit> <Opcode : 'icmp'> <InPorts = 2> <OutPorts = 1>
ST_2 : Operation 47 [1/1] (0.76ns)   --->   "%add_ln13 = add i8 %y_3, i8 1" [src/conv3.cpp:13]   --->   Operation 47 'add' 'add_ln13' <Predicate = true> <Delay = 0.76> <CoreInst = "Adder">   --->   Core 1 'Adder' <Latency = 0> <II = 1> <Delay = 0.76> <FuncUnit> <Opcode : 'add' 'sub'> <InPorts = 2> <OutPorts = 1>
ST_2 : Operation 48 [1/1] (0.00ns)   --->   "%br_ln13 = br i1 %icmp_ln13, void %VITIS_LOOP_14_3.split, void %for.end71" [src/conv3.cpp:13]   --->   Operation 48 'br' 'br_ln13' <Predicate = true> <Delay = 0.00>
ST_2 : Operation 49 [1/1] (0.00ns)   --->   "%speclooptripcount_ln13 = speclooptripcount void @_ssdm_op_SpecLoopTripCount, i64 255, i64 255, i64 255" [src/conv3.cpp:13]   --->   Operation 49 'speclooptripcount' 'speclooptripcount_ln13' <Predicate = (!icmp_ln13)> <Delay = 0.00>
ST_2 : Operation 50 [1/1] (0.00ns)   --->   "%specloopname_ln13 = specloopname void @_ssdm_op_SpecLoopName, void @empty_145" [src/conv3.cpp:13]   --->   Operation 50 'specloopname' 'specloopname_ln13' <Predicate = (!icmp_ln13)> <Delay = 0.00>
ST_2 : Operation 51 [1/1] (0.76ns)   --->   "%add_ln20 = add i9 %zext_ln13, i9 510" [src/conv3.cpp:20]   --->   Operation 51 'add' 'add_ln20' <Predicate = (!icmp_ln13)> <Delay = 0.76> <CoreInst = "Adder">   --->   Core 1 'Adder' <Latency = 0> <II = 1> <Delay = 0.77> <FuncUnit> <Opcode : 'add' 'sub'> <InPorts = 2> <OutPorts = 1>
ST_2 : Operation 52 [1/1] (0.00ns)   --->   "%sext_ln20 = sext i9 %add_ln20" [src/conv3.cpp:20]   --->   Operation 52 'sext' 'sext_ln20' <Predicate = (!icmp_ln13)> <Delay = 0.00>
ST_2 : Operation 53 [1/1] (0.00ns)   --->   "%trunc_ln20 = trunc i9 %add_ln20" [src/conv3.cpp:20]   --->   Operation 53 'trunc' 'trunc_ln20' <Predicate = (!icmp_ln13)> <Delay = 0.00>
ST_2 : Operation 54 [1/1] (0.42ns)   --->   "%br_ln14 = br void %VITIS_LOOP_18_4" [src/conv3.cpp:14]   --->   Operation 54 'br' 'br_ln14' <Predicate = (!icmp_ln13)> <Delay = 0.42>

State 3 <SV = 2> <Delay = 1.19>
ST_3 : Operation 55 [1/1] (0.00ns)   --->   "%x = phi i8 %add_ln14, void %for.inc63, i8 0, void %VITIS_LOOP_14_3.split" [src/conv3.cpp:31]   --->   Operation 55 'phi' 'x' <Predicate = true> <Delay = 0.00>
ST_3 : Operation 56 [1/1] (0.00ns)   --->   "%zext_ln14 = zext i8 %x" [src/conv3.cpp:14]   --->   Operation 56 'zext' 'zext_ln14' <Predicate = true> <Delay = 0.00>
ST_3 : Operation 57 [1/1] (0.76ns)   --->   "%icmp_ln14 = icmp_eq  i8 %x, i8 255" [src/conv3.cpp:14]   --->   Operation 57 'icmp' 'icmp_ln14' <Predicate = true> <Delay = 0.76> <CoreInst = "Cmp">   --->   Core 9 'Cmp' <Latency = 0> <II = 1> <Delay = 0.76> <FuncUnit> <Opcode : 'icmp'> <InPorts = 2> <OutPorts = 1>
ST_3 : Operation 58 [1/1] (0.76ns)   --->   "%add_ln14 = add i8 %x, i8 1" [src/conv3.cpp:14]   --->   Operation 58 'add' 'add_ln14' <Predicate = true> <Delay = 0.76> <CoreInst = "Adder">   --->   Core 1 'Adder' <Latency = 0> <II = 1> <Delay = 0.76> <FuncUnit> <Opcode : 'add' 'sub'> <InPorts = 2> <OutPorts = 1>
ST_3 : Operation 59 [1/1] (0.00ns)   --->   "%br_ln14 = br i1 %icmp_ln14, void %VITIS_LOOP_18_4.split, void %for.inc66" [src/conv3.cpp:14]   --->   Operation 59 'br' 'br_ln14' <Predicate = true> <Delay = 0.00>
ST_3 : Operation 60 [1/1] (0.42ns)   --->   "%store_ln13 = store i8 %add_ln13, i8 %y" [src/conv3.cpp:13]   --->   Operation 60 'store' 'store_ln13' <Predicate = (icmp_ln14)> <Delay = 0.42>
ST_3 : Operation 61 [1/1] (0.00ns)   --->   "%br_ln13 = br void %VITIS_LOOP_14_3" [src/conv3.cpp:13]   --->   Operation 61 'br' 'br_ln13' <Predicate = (icmp_ln14)> <Delay = 0.00>

State 4 <SV = 3> <Delay = 7.30>
ST_4 : Operation 62 [8/8] (7.30ns)   --->   "%empty_287 = readreq i1 @_ssdm_op_ReadReq.m_axi.p1i32, i64 %gmem_wgt_addr, i32 800" [src/conv3.cpp:18]   --->   Operation 62 'readreq' 'empty_287' <Predicate = true> <Delay = 7.30> <CoreInst = "m_axi">   --->   Core 121 'm_axi' <Latency = 0> <II = 1> <Delay = 1.00> <Adapter> <Opcode : 'read' 'write' 'readreq' 'writereq' 'writeresp'>

State 5 <SV = 4> <Delay = 7.30>
ST_5 : Operation 63 [7/8] (7.30ns)   --->   "%empty_287 = readreq i1 @_ssdm_op_ReadReq.m_axi.p1i32, i64 %gmem_wgt_addr, i32 800" [src/conv3.cpp:18]   --->   Operation 63 'readreq' 'empty_287' <Predicate = true> <Delay = 7.30> <CoreInst = "m_axi">   --->   Core 121 'm_axi' <Latency = 0> <II = 1> <Delay = 1.00> <Adapter> <Opcode : 'read' 'write' 'readreq' 'writereq' 'writeresp'>

State 6 <SV = 5> <Delay = 7.30>
ST_6 : Operation 64 [6/8] (7.30ns)   --->   "%empty_287 = readreq i1 @_ssdm_op_ReadReq.m_axi.p1i32, i64 %gmem_wgt_addr, i32 800" [src/conv3.cpp:18]   --->   Operation 64 'readreq' 'empty_287' <Predicate = true> <Delay = 7.30> <CoreInst = "m_axi">   --->   Core 121 'm_axi' <Latency = 0> <II = 1> <Delay = 1.00> <Adapter> <Opcode : 'read' 'write' 'readreq' 'writereq' 'writeresp'>

State 7 <SV = 6> <Delay = 7.30>
ST_7 : Operation 65 [5/8] (7.30ns)   --->   "%empty_287 = readreq i1 @_ssdm_op_ReadReq.m_axi.p1i32, i64 %gmem_wgt_addr, i32 800" [src/conv3.cpp:18]   --->   Operation 65 'readreq' 'empty_287' <Predicate = true> <Delay = 7.30> <CoreInst = "m_axi">   --->   Core 121 'm_axi' <Latency = 0> <II = 1> <Delay = 1.00> <Adapter> <Opcode : 'read' 'write' 'readreq' 'writereq' 'writeresp'>

State 8 <SV = 7> <Delay = 7.30>
ST_8 : Operation 66 [4/8] (7.30ns)   --->   "%empty_287 = readreq i1 @_ssdm_op_ReadReq.m_axi.p1i32, i64 %gmem_wgt_addr, i32 800" [src/conv3.cpp:18]   --->   Operation 66 'readreq' 'empty_287' <Predicate = true> <Delay = 7.30> <CoreInst = "m_axi">   --->   Core 121 'm_axi' <Latency = 0> <II = 1> <Delay = 1.00> <Adapter> <Opcode : 'read' 'write' 'readreq' 'writereq' 'writeresp'>

State 9 <SV = 8> <Delay = 7.30>
ST_9 : Operation 67 [3/8] (7.30ns)   --->   "%empty_287 = readreq i1 @_ssdm_op_ReadReq.m_axi.p1i32, i64 %gmem_wgt_addr, i32 800" [src/conv3.cpp:18]   --->   Operation 67 'readreq' 'empty_287' <Predicate = true> <Delay = 7.30> <CoreInst = "m_axi">   --->   Core 121 'm_axi' <Latency = 0> <II = 1> <Delay = 1.00> <Adapter> <Opcode : 'read' 'write' 'readreq' 'writereq' 'writeresp'>

State 10 <SV = 9> <Delay = 7.30>
ST_10 : Operation 68 [2/8] (7.30ns)   --->   "%empty_287 = readreq i1 @_ssdm_op_ReadReq.m_axi.p1i32, i64 %gmem_wgt_addr, i32 800" [src/conv3.cpp:18]   --->   Operation 68 'readreq' 'empty_287' <Predicate = true> <Delay = 7.30> <CoreInst = "m_axi">   --->   Core 121 'm_axi' <Latency = 0> <II = 1> <Delay = 1.00> <Adapter> <Opcode : 'read' 'write' 'readreq' 'writereq' 'writeresp'>

State 11 <SV = 10> <Delay = 7.30>
ST_11 : Operation 69 [1/1] (0.00ns)   --->   "%speclooptripcount_ln14 = speclooptripcount void @_ssdm_op_SpecLoopTripCount, i64 255, i64 255, i64 255" [src/conv3.cpp:14]   --->   Operation 69 'speclooptripcount' 'speclooptripcount_ln14' <Predicate = true> <Delay = 0.00>
ST_11 : Operation 70 [1/1] (0.00ns)   --->   "%specloopname_ln14 = specloopname void @_ssdm_op_SpecLoopName, void @empty_160" [src/conv3.cpp:14]   --->   Operation 70 'specloopname' 'specloopname_ln14' <Predicate = true> <Delay = 0.00>
ST_11 : Operation 71 [1/8] (7.30ns)   --->   "%empty_287 = readreq i1 @_ssdm_op_ReadReq.m_axi.p1i32, i64 %gmem_wgt_addr, i32 800" [src/conv3.cpp:18]   --->   Operation 71 'readreq' 'empty_287' <Predicate = true> <Delay = 7.30> <CoreInst = "m_axi">   --->   Core 121 'm_axi' <Latency = 0> <II = 1> <Delay = 1.00> <Adapter> <Opcode : 'read' 'write' 'readreq' 'writereq' 'writeresp'>
ST_11 : Operation 72 [1/1] (0.76ns)   --->   "%add_ln31 = add i9 %zext_ln14, i9 510" [src/conv3.cpp:31]   --->   Operation 72 'add' 'add_ln31' <Predicate = true> <Delay = 0.76> <CoreInst = "Adder">   --->   Core 1 'Adder' <Latency = 0> <II = 1> <Delay = 0.77> <FuncUnit> <Opcode : 'add' 'sub'> <InPorts = 2> <OutPorts = 1>
ST_11 : Operation 73 [1/1] (0.00ns)   --->   "%sext_ln31 = sext i9 %add_ln31" [src/conv3.cpp:31]   --->   Operation 73 'sext' 'sext_ln31' <Predicate = true> <Delay = 0.00>
ST_11 : Operation 74 [1/1] (0.00ns)   --->   "%trunc_ln31 = trunc i9 %add_ln31" [src/conv3.cpp:31]   --->   Operation 74 'trunc' 'trunc_ln31' <Predicate = true> <Delay = 0.00>
ST_11 : Operation 75 [1/1] (0.42ns)   --->   "%br_ln18 = br void %VITIS_LOOP_19_5" [src/conv3.cpp:18]   --->   Operation 75 'br' 'br_ln18' <Predicate = true> <Delay = 0.42>

State 12 <SV = 11> <Delay = 0.83>
ST_12 : Operation 76 [1/1] (0.00ns)   --->   "%ic = phi i6 %add_ln18, void %for.inc54, i6 0, void %VITIS_LOOP_18_4.split" [src/conv3.cpp:18]   --->   Operation 76 'phi' 'ic' <Predicate = true> <Delay = 0.00>
ST_12 : Operation 77 [1/1] (0.00ns)   --->   "%acc = phi i32 %acc_4, void %for.inc54, i32 %b_0_0_val_read, void %VITIS_LOOP_18_4.split"   --->   Operation 77 'phi' 'acc' <Predicate = true> <Delay = 0.00>
ST_12 : Operation 78 [1/1] (0.00ns)   --->   "%zext_ln41 = zext i6 %ic" [src/conv3.cpp:41]   --->   Operation 78 'zext' 'zext_ln41' <Predicate = true> <Delay = 0.00>
ST_12 : Operation 79 [1/1] (0.00ns)   --->   "%tmp = bitconcatenate i14 @_ssdm_op_BitConcatenate.i14.i6.i8, i6 %ic, i8 0" [src/conv3.cpp:41]   --->   Operation 79 'bitconcatenate' 'tmp' <Predicate = true> <Delay = 0.00>
ST_12 : Operation 80 [1/1] (0.00ns)   --->   "%zext_ln41_1 = zext i14 %tmp" [src/conv3.cpp:41]   --->   Operation 80 'zext' 'zext_ln41_1' <Predicate = true> <Delay = 0.00>
ST_12 : Operation 81 [1/1] (0.83ns)   --->   "%sub_ln41 = sub i15 %zext_ln41_1, i15 %zext_ln41" [src/conv3.cpp:41]   --->   Operation 81 'sub' 'sub_ln41' <Predicate = true> <Delay = 0.83> <CoreInst = "Adder">   --->   Core 1 'Adder' <Latency = 0> <II = 1> <Delay = 0.84> <FuncUnit> <Opcode : 'add' 'sub'> <InPorts = 2> <OutPorts = 1>
ST_12 : Operation 82 [1/1] (0.00ns)   --->   "%sext_ln18_1 = sext i15 %sub_ln41" [src/conv3.cpp:18]   --->   Operation 82 'sext' 'sext_ln18_1' <Predicate = true> <Delay = 0.00>
ST_12 : Operation 83 [1/1] (0.78ns)   --->   "%icmp_ln18 = icmp_eq  i6 %ic, i6 32" [src/conv3.cpp:18]   --->   Operation 83 'icmp' 'icmp_ln18' <Predicate = true> <Delay = 0.78> <CoreInst = "Cmp">   --->   Core 9 'Cmp' <Latency = 0> <II = 1> <Delay = 0.77> <FuncUnit> <Opcode : 'icmp'> <InPorts = 2> <OutPorts = 1>
ST_12 : Operation 84 [1/1] (0.78ns)   --->   "%add_ln18 = add i6 %ic, i6 1" [src/conv3.cpp:18]   --->   Operation 84 'add' 'add_ln18' <Predicate = true> <Delay = 0.78> <CoreInst = "Adder">   --->   Core 1 'Adder' <Latency = 0> <II = 1> <Delay = 0.78> <FuncUnit> <Opcode : 'add' 'sub'> <InPorts = 2> <OutPorts = 1>
ST_12 : Operation 85 [1/1] (0.00ns)   --->   "%br_ln18 = br i1 %icmp_ln18, void %VITIS_LOOP_19_5.split, void %for.inc63" [src/conv3.cpp:18]   --->   Operation 85 'br' 'br_ln18' <Predicate = true> <Delay = 0.00>
ST_12 : Operation 86 [1/1] (0.00ns)   --->   "%speclooptripcount_ln16 = speclooptripcount void @_ssdm_op_SpecLoopTripCount, i64 32, i64 32, i64 32" [src/conv3.cpp:16]   --->   Operation 86 'speclooptripcount' 'speclooptripcount_ln16' <Predicate = (!icmp_ln18)> <Delay = 0.00>
ST_12 : Operation 87 [1/1] (0.00ns)   --->   "%specloopname_ln18 = specloopname void @_ssdm_op_SpecLoopName, void @empty_133" [src/conv3.cpp:18]   --->   Operation 87 'specloopname' 'specloopname_ln18' <Predicate = (!icmp_ln18)> <Delay = 0.00>
ST_12 : Operation 88 [1/1] (0.42ns)   --->   "%br_ln19 = br void %for.body16" [src/conv3.cpp:19]   --->   Operation 88 'br' 'br_ln19' <Predicate = (!icmp_ln18)> <Delay = 0.42>

State 13 <SV = 12> <Delay = 3.30>
ST_13 : Operation 89 [1/1] (0.00ns)   --->   "%ky = phi i3 0, void %VITIS_LOOP_19_5.split, i3 %add_ln19, void %for.inc51" [src/conv3.cpp:20]   --->   Operation 89 'phi' 'ky' <Predicate = true> <Delay = 0.00>
ST_13 : Operation 90 [1/1] (0.00ns)   --->   "%acc_4 = phi i32 %acc, void %VITIS_LOOP_19_5.split, i32 %acc_5, void %for.inc51"   --->   Operation 90 'phi' 'acc_4' <Predicate = true> <Delay = 0.00>
ST_13 : Operation 91 [1/1] (0.00ns)   --->   "%zext_ln19 = zext i3 %ky" [src/conv3.cpp:19]   --->   Operation 91 'zext' 'zext_ln19' <Predicate = true> <Delay = 0.00>
ST_13 : Operation 92 [1/1] (0.67ns)   --->   "%icmp_ln19 = icmp_eq  i3 %ky, i3 5" [src/conv3.cpp:19]   --->   Operation 92 'icmp' 'icmp_ln19' <Predicate = true> <Delay = 0.67> <CoreInst = "Cmp">   --->   Core 9 'Cmp' <Latency = 0> <II = 1> <Delay = 0.67> <FuncUnit> <Opcode : 'icmp'> <InPorts = 2> <OutPorts = 1>
ST_13 : Operation 93 [1/1] (0.67ns)   --->   "%add_ln19 = add i3 %ky, i3 1" [src/conv3.cpp:19]   --->   Operation 93 'add' 'add_ln19' <Predicate = true> <Delay = 0.67> <CoreInst = "Adder">   --->   Core 1 'Adder' <Latency = 0> <II = 1> <Delay = 0.67> <FuncUnit> <Opcode : 'add' 'sub'> <InPorts = 2> <OutPorts = 1>
ST_13 : Operation 94 [1/1] (0.00ns)   --->   "%br_ln19 = br i1 %icmp_ln19, void %for.body16.split, void %for.inc54" [src/conv3.cpp:19]   --->   Operation 94 'br' 'br_ln19' <Predicate = true> <Delay = 0.00>
ST_13 : Operation 95 [1/1] (0.00ns)   --->   "%speclooptripcount_ln16 = speclooptripcount void @_ssdm_op_SpecLoopTripCount, i64 5, i64 5, i64 5" [src/conv3.cpp:16]   --->   Operation 95 'speclooptripcount' 'speclooptripcount_ln16' <Predicate = (!icmp_ln19)> <Delay = 0.00>
ST_13 : Operation 96 [1/1] (0.00ns)   --->   "%specloopname_ln19 = specloopname void @_ssdm_op_SpecLoopName, void @empty_144" [src/conv3.cpp:19]   --->   Operation 96 'specloopname' 'specloopname_ln19' <Predicate = (!icmp_ln19)> <Delay = 0.00>
ST_13 : Operation 97 [1/1] (0.00ns)   --->   "%zext_ln20 = zext i3 %ky" [src/conv3.cpp:20]   --->   Operation 97 'zext' 'zext_ln20' <Predicate = (!icmp_ln19)> <Delay = 0.00>
ST_13 : Operation 98 [1/1] (0.77ns)   --->   "%add_ln20_1 = add i10 %sext_ln20, i10 %zext_ln19" [src/conv3.cpp:20]   --->   Operation 98 'add' 'add_ln20_1' <Predicate = (!icmp_ln19)> <Delay = 0.77> <CoreInst = "Adder">   --->   Core 1 'Adder' <Latency = 0> <II = 1> <Delay = 0.78> <FuncUnit> <Opcode : 'add' 'sub'> <InPorts = 2> <OutPorts = 1>
ST_13 : Operation 99 [1/1] (0.76ns)   --->   "%add_ln22 = add i8 %trunc_ln20, i8 %zext_ln20" [src/conv3.cpp:22]   --->   Operation 99 'add' 'add_ln22' <Predicate = (!icmp_ln19)> <Delay = 0.76> <CoreInst = "Adder">   --->   Core 1 'Adder' <Latency = 0> <II = 1> <Delay = 0.76> <FuncUnit> <Opcode : 'add' 'sub'> <InPorts = 2> <OutPorts = 1>
ST_13 : Operation 100 [1/1] (0.00ns) (grouped into LUT with out node add_ln41)   --->   "%tmp_5 = bitselect i1 @_ssdm_op_BitSelect.i1.i10.i32, i10 %add_ln20_1, i32 9" [src/conv3.cpp:22]   --->   Operation 100 'bitselect' 'tmp_5' <Predicate = (!icmp_ln19)> <Delay = 0.00>
ST_13 : Operation 101 [1/1] (0.78ns)   --->   "%icmp_ln24 = icmp_sgt  i10 %add_ln20_1, i10 254" [src/conv3.cpp:24]   --->   Operation 101 'icmp' 'icmp_ln24' <Predicate = (!icmp_ln19)> <Delay = 0.78> <CoreInst = "Cmp">   --->   Core 9 'Cmp' <Latency = 0> <II = 1> <Delay = 0.78> <FuncUnit> <Opcode : 'icmp'> <InPorts = 2> <OutPorts = 1>
ST_13 : Operation 102 [1/1] (0.00ns) (grouped into LUT with out node add_ln41)   --->   "%tmp_6 = bitselect i1 @_ssdm_op_BitSelect.i1.i10.i32, i10 %add_ln20_1, i32 9" [src/conv3.cpp:22]   --->   Operation 102 'bitselect' 'tmp_6' <Predicate = (!icmp_ln19)> <Delay = 0.00>
ST_13 : Operation 103 [1/1] (0.00ns) (grouped into LUT with out node add_ln41)   --->   "%select_ln22 = select i1 %tmp_6, i8 0, i8 254" [src/conv3.cpp:22]   --->   Operation 103 'select' 'select_ln22' <Predicate = (!icmp_ln19)> <Delay = 0.00> <CoreInst = "Sel">   --->   Core 73 'Sel' <Latency = 0> <II = 1> <Delay = 0.20> <FuncUnit> <Opcode : 'select'> <InPorts = 3> <OutPorts = 1>
ST_13 : Operation 104 [1/1] (0.00ns) (grouped into LUT with out node add_ln41)   --->   "%or_ln22 = or i1 %tmp_5, i1 %icmp_ln24" [src/conv3.cpp:22]   --->   Operation 104 'or' 'or_ln22' <Predicate = (!icmp_ln19)> <Delay = 0.00> <CoreInst = "LogicGate">   --->   Core 74 'LogicGate' <Latency = 0> <II = 1> <Delay = 0.28> <FuncUnit> <Opcode : 'and' 'or' 'xor'> <InPorts = 2> <OutPorts = 1>
ST_13 : Operation 105 [1/1] (0.00ns) (grouped into LUT with out node add_ln41)   --->   "%iy = select i1 %or_ln22, i8 %select_ln22, i8 %add_ln22" [src/conv3.cpp:22]   --->   Operation 105 'select' 'iy' <Predicate = (!icmp_ln19)> <Delay = 0.00> <CoreInst = "Sel">   --->   Core 73 'Sel' <Latency = 0> <II = 1> <Delay = 0.39> <FuncUnit> <Opcode : 'select'> <InPorts = 3> <OutPorts = 1>
ST_13 : Operation 106 [1/1] (0.00ns) (grouped into LUT with out node add_ln41)   --->   "%zext_ln41_2 = zext i8 %iy" [src/conv3.cpp:41]   --->   Operation 106 'zext' 'zext_ln41_2' <Predicate = (!icmp_ln19)> <Delay = 0.00>
ST_13 : Operation 107 [1/1] (0.84ns) (out node of the LUT)   --->   "%add_ln41 = add i16 %sext_ln18_1, i16 %zext_ln41_2" [src/conv3.cpp:41]   --->   Operation 107 'add' 'add_ln41' <Predicate = (!icmp_ln19)> <Delay = 0.84> <CoreInst = "Adder">   --->   Core 1 'Adder' <Latency = 0> <II = 1> <Delay = 0.85> <FuncUnit> <Opcode : 'add' 'sub'> <InPorts = 2> <OutPorts = 1>
ST_13 : Operation 108 [1/1] (0.00ns)   --->   "%sext_ln41 = sext i16 %add_ln41" [src/conv3.cpp:41]   --->   Operation 108 'sext' 'sext_ln41' <Predicate = (!icmp_ln19)> <Delay = 0.00>
ST_13 : Operation 109 [1/1] (0.00ns)   --->   "%trunc_ln41 = trunc i16 %add_ln41" [src/conv3.cpp:41]   --->   Operation 109 'trunc' 'trunc_ln41' <Predicate = (!icmp_ln19)> <Delay = 0.00>
ST_13 : Operation 110 [1/1] (0.00ns)   --->   "%p_shl1 = bitconcatenate i21 @_ssdm_op_BitConcatenate.i21.i13.i8, i13 %trunc_ln41, i8 0" [src/conv3.cpp:41]   --->   Operation 110 'bitconcatenate' 'p_shl1' <Predicate = (!icmp_ln19)> <Delay = 0.00>
ST_13 : Operation 111 [1/1] (0.90ns)   --->   "%sub_ln41_1 = sub i21 %p_shl1, i21 %sext_ln41" [src/conv3.cpp:41]   --->   Operation 111 'sub' 'sub_ln41_1' <Predicate = (!icmp_ln19)> <Delay = 0.90> <CoreInst = "Adder">   --->   Core 1 'Adder' <Latency = 0> <II = 1> <Delay = 0.90> <FuncUnit> <Opcode : 'add' 'sub'> <InPorts = 2> <OutPorts = 1>
ST_13 : Operation 112 [1/1] (0.42ns)   --->   "%br_ln30 = br void %for.body25" [src/conv3.cpp:30]   --->   Operation 112 'br' 'br_ln30' <Predicate = (!icmp_ln19)> <Delay = 0.42>
ST_13 : Operation 113 [1/1] (0.00ns)   --->   "%br_ln18 = br void %VITIS_LOOP_19_5" [src/conv3.cpp:18]   --->   Operation 113 'br' 'br_ln18' <Predicate = (icmp_ln19)> <Delay = 0.00>

State 14 <SV = 13> <Delay = 3.70>
ST_14 : Operation 114 [1/1] (0.00ns)   --->   "%kx = phi i3 0, void %for.body16.split, i3 %add_ln30, void %for.body25.split" [src/conv3.cpp:31]   --->   Operation 114 'phi' 'kx' <Predicate = true> <Delay = 0.00>
ST_14 : Operation 115 [1/1] (0.00ns)   --->   "%acc_5 = phi i32 %acc_4, void %for.body16.split, i32 %acc_3, void %for.body25.split"   --->   Operation 115 'phi' 'acc_5' <Predicate = true> <Delay = 0.00>
ST_14 : Operation 116 [1/1] (0.00ns)   --->   "%zext_ln30 = zext i3 %kx" [src/conv3.cpp:30]   --->   Operation 116 'zext' 'zext_ln30' <Predicate = true> <Delay = 0.00>
ST_14 : Operation 117 [1/1] (0.67ns)   --->   "%icmp_ln30 = icmp_eq  i3 %kx, i3 5" [src/conv3.cpp:30]   --->   Operation 117 'icmp' 'icmp_ln30' <Predicate = true> <Delay = 0.67> <CoreInst = "Cmp">   --->   Core 9 'Cmp' <Latency = 0> <II = 1> <Delay = 0.67> <FuncUnit> <Opcode : 'icmp'> <InPorts = 2> <OutPorts = 1>
ST_14 : Operation 118 [1/1] (0.67ns)   --->   "%add_ln30 = add i3 %kx, i3 1" [src/conv3.cpp:30]   --->   Operation 118 'add' 'add_ln30' <Predicate = true> <Delay = 0.67> <CoreInst = "Adder">   --->   Core 1 'Adder' <Latency = 0> <II = 1> <Delay = 0.67> <FuncUnit> <Opcode : 'add' 'sub'> <InPorts = 2> <OutPorts = 1>
ST_14 : Operation 119 [1/1] (0.00ns)   --->   "%br_ln30 = br i1 %icmp_ln30, void %for.body25.split, void %for.inc51" [src/conv3.cpp:30]   --->   Operation 119 'br' 'br_ln30' <Predicate = true> <Delay = 0.00>
ST_14 : Operation 120 [1/1] (0.00ns)   --->   "%zext_ln31 = zext i3 %kx" [src/conv3.cpp:31]   --->   Operation 120 'zext' 'zext_ln31' <Predicate = (!icmp_ln30)> <Delay = 0.00>
ST_14 : Operation 121 [1/1] (0.77ns)   --->   "%add_ln31_1 = add i10 %sext_ln31, i10 %zext_ln30" [src/conv3.cpp:31]   --->   Operation 121 'add' 'add_ln31_1' <Predicate = (!icmp_ln30)> <Delay = 0.77> <CoreInst = "Adder">   --->   Core 1 'Adder' <Latency = 0> <II = 1> <Delay = 0.78> <FuncUnit> <Opcode : 'add' 'sub'> <InPorts = 2> <OutPorts = 1>
ST_14 : Operation 122 [1/1] (0.76ns)   --->   "%add_ln33 = add i8 %trunc_ln31, i8 %zext_ln31" [src/conv3.cpp:33]   --->   Operation 122 'add' 'add_ln33' <Predicate = (!icmp_ln30)> <Delay = 0.76> <CoreInst = "Adder">   --->   Core 1 'Adder' <Latency = 0> <II = 1> <Delay = 0.76> <FuncUnit> <Opcode : 'add' 'sub'> <InPorts = 2> <OutPorts = 1>
ST_14 : Operation 123 [1/1] (0.00ns) (grouped into LUT with out node add_ln41_1)   --->   "%tmp_7 = bitselect i1 @_ssdm_op_BitSelect.i1.i10.i32, i10 %add_ln31_1, i32 9" [src/conv3.cpp:33]   --->   Operation 123 'bitselect' 'tmp_7' <Predicate = (!icmp_ln30)> <Delay = 0.00>
ST_14 : Operation 124 [1/1] (0.78ns)   --->   "%icmp_ln35 = icmp_sgt  i10 %add_ln31_1, i10 254" [src/conv3.cpp:35]   --->   Operation 124 'icmp' 'icmp_ln35' <Predicate = (!icmp_ln30)> <Delay = 0.78> <CoreInst = "Cmp">   --->   Core 9 'Cmp' <Latency = 0> <II = 1> <Delay = 0.78> <FuncUnit> <Opcode : 'icmp'> <InPorts = 2> <OutPorts = 1>
ST_14 : Operation 125 [1/1] (0.00ns) (grouped into LUT with out node add_ln41_1)   --->   "%tmp_8 = bitselect i1 @_ssdm_op_BitSelect.i1.i10.i32, i10 %add_ln31_1, i32 9" [src/conv3.cpp:33]   --->   Operation 125 'bitselect' 'tmp_8' <Predicate = (!icmp_ln30)> <Delay = 0.00>
ST_14 : Operation 126 [1/1] (0.00ns) (grouped into LUT with out node add_ln41_1)   --->   "%select_ln33 = select i1 %tmp_8, i8 0, i8 254" [src/conv3.cpp:33]   --->   Operation 126 'select' 'select_ln33' <Predicate = (!icmp_ln30)> <Delay = 0.00> <CoreInst = "Sel">   --->   Core 73 'Sel' <Latency = 0> <II = 1> <Delay = 0.20> <FuncUnit> <Opcode : 'select'> <InPorts = 3> <OutPorts = 1>
ST_14 : Operation 127 [1/1] (0.00ns) (grouped into LUT with out node add_ln41_1)   --->   "%or_ln33 = or i1 %tmp_7, i1 %icmp_ln35" [src/conv3.cpp:33]   --->   Operation 127 'or' 'or_ln33' <Predicate = (!icmp_ln30)> <Delay = 0.00> <CoreInst = "LogicGate">   --->   Core 74 'LogicGate' <Latency = 0> <II = 1> <Delay = 0.28> <FuncUnit> <Opcode : 'and' 'or' 'xor'> <InPorts = 2> <OutPorts = 1>
ST_14 : Operation 128 [1/1] (0.00ns) (grouped into LUT with out node add_ln41_1)   --->   "%ix = select i1 %or_ln33, i8 %select_ln33, i8 %add_ln33" [src/conv3.cpp:41]   --->   Operation 128 'select' 'ix' <Predicate = (!icmp_ln30)> <Delay = 0.00> <CoreInst = "Sel">   --->   Core 73 'Sel' <Latency = 0> <II = 1> <Delay = 0.39> <FuncUnit> <Opcode : 'select'> <InPorts = 3> <OutPorts = 1>
ST_14 : Operation 129 [1/1] (0.00ns) (grouped into LUT with out node add_ln41_1)   --->   "%zext_ln41_3 = zext i8 %ix" [src/conv3.cpp:41]   --->   Operation 129 'zext' 'zext_ln41_3' <Predicate = (!icmp_ln30)> <Delay = 0.00>
ST_14 : Operation 130 [1/1] (0.90ns) (out node of the LUT)   --->   "%add_ln41_1 = add i21 %sub_ln41_1, i21 %zext_ln41_3" [src/conv3.cpp:41]   --->   Operation 130 'add' 'add_ln41_1' <Predicate = (!icmp_ln30)> <Delay = 0.90> <CoreInst = "Adder">   --->   Core 1 'Adder' <Latency = 0> <II = 1> <Delay = 0.90> <FuncUnit> <Opcode : 'add' 'sub'> <InPorts = 2> <OutPorts = 1>
ST_14 : Operation 131 [1/1] (0.00ns)   --->   "%zext_ln41_4 = zext i21 %add_ln41_1" [src/conv3.cpp:41]   --->   Operation 131 'zext' 'zext_ln41_4' <Predicate = (!icmp_ln30)> <Delay = 0.00>
ST_14 : Operation 132 [1/1] (0.00ns)   --->   "%feat2_addr = getelementptr i32 %feat2, i64 0, i64 %zext_ln41_4" [src/conv3.cpp:41]   --->   Operation 132 'getelementptr' 'feat2_addr' <Predicate = (!icmp_ln30)> <Delay = 0.00>
ST_14 : Operation 133 [2/2] (1.23ns)   --->   "%feat2_load = load i21 %feat2_addr" [src/conv3.cpp:41]   --->   Operation 133 'load' 'feat2_load' <Predicate = (!icmp_ln30)> <Delay = 1.23> <CoreInst = "RAM">   --->   Core 83 'RAM' <Latency = 1> <II = 1> <Delay = 1.23> <Storage> <Opcode : 'load' 'store'> <Ports = 2> <Width = 32> <Depth = 2080800> <RAM>
ST_14 : Operation 134 [1/1] (0.00ns)   --->   "%br_ln19 = br void %for.body16" [src/conv3.cpp:19]   --->   Operation 134 'br' 'br_ln19' <Predicate = (icmp_ln30)> <Delay = 0.00>

State 15 <SV = 14> <Delay = 7.30>
ST_15 : Operation 135 [1/2] (1.23ns)   --->   "%feat2_load = load i21 %feat2_addr" [src/conv3.cpp:41]   --->   Operation 135 'load' 'feat2_load' <Predicate = true> <Delay = 1.23> <CoreInst = "RAM">   --->   Core 83 'RAM' <Latency = 1> <II = 1> <Delay = 1.23> <Storage> <Opcode : 'load' 'store'> <Ports = 2> <Width = 32> <Depth = 2080800> <RAM>
ST_15 : Operation 136 [1/1] (7.30ns)   --->   "%gmem_wgt_addr_read = read i32 @_ssdm_op_Read.m_axi.p1i32, i64 %gmem_wgt_addr" [src/conv3.cpp:41]   --->   Operation 136 'read' 'gmem_wgt_addr_read' <Predicate = true> <Delay = 7.30> <CoreInst = "m_axi">   --->   Core 121 'm_axi' <Latency = 0> <II = 1> <Delay = 1.00> <Adapter> <Opcode : 'read' 'write' 'readreq' 'writereq' 'writeresp'>

State 16 <SV = 15> <Delay = 7.01>
ST_16 : Operation 137 [1/1] (0.00ns)   --->   "%bitcast_ln41 = bitcast i32 %gmem_wgt_addr_read" [src/conv3.cpp:41]   --->   Operation 137 'bitcast' 'bitcast_ln41' <Predicate = true> <Delay = 0.00>
ST_16 : [1/1] (0.42ns)   --->   Input mux for Operation 138 '%mul = fmul i32 %feat2_load, i32 %bitcast_ln41'
ST_16 : Operation 138 [3/3] (6.58ns)   --->   "%mul = fmul i32 %feat2_load, i32 %bitcast_ln41" [src/conv3.cpp:41]   --->   Operation 138 'fmul' 'mul' <Predicate = true> <Delay = 6.58> <CoreInst = "FMul_maxdsp">   --->   Core 30 'FMul_maxdsp' <Latency = 2> <II = 1> <Delay = 7.01> <FuncUnit> <Opcode : 'fmul'> <InPorts = 2> <OutPorts = 1>

State 17 <SV = 16> <Delay = 7.01>
ST_17 : Operation 139 [2/3] (7.01ns)   --->   "%mul = fmul i32 %feat2_load, i32 %bitcast_ln41" [src/conv3.cpp:41]   --->   Operation 139 'fmul' 'mul' <Predicate = true> <Delay = 7.01> <CoreInst = "FMul_maxdsp">   --->   Core 30 'FMul_maxdsp' <Latency = 2> <II = 1> <Delay = 7.01> <FuncUnit> <Opcode : 'fmul'> <InPorts = 2> <OutPorts = 1>

State 18 <SV = 17> <Delay = 7.01>
ST_18 : Operation 140 [1/3] (7.01ns)   --->   "%mul = fmul i32 %feat2_load, i32 %bitcast_ln41" [src/conv3.cpp:41]   --->   Operation 140 'fmul' 'mul' <Predicate = true> <Delay = 7.01> <CoreInst = "FMul_maxdsp">   --->   Core 30 'FMul_maxdsp' <Latency = 2> <II = 1> <Delay = 7.01> <FuncUnit> <Opcode : 'fmul'> <InPorts = 2> <OutPorts = 1>

State 19 <SV = 18> <Delay = 6.43>
ST_19 : [1/1] (0.42ns)   --->   Input mux for Operation 141 '%acc_3 = fadd i32 %acc_5, i32 %mul'
ST_19 : Operation 141 [4/4] (6.01ns)   --->   "%acc_3 = fadd i32 %acc_5, i32 %mul" [src/conv3.cpp:41]   --->   Operation 141 'fadd' 'acc_3' <Predicate = true> <Delay = 6.01> <CoreInst = "FAddSub_fulldsp">   --->   Core 18 'FAddSub_fulldsp' <Latency = 3> <II = 1> <Delay = 6.43> <FuncUnit> <Opcode : 'fadd' 'fsub'> <InPorts = 2> <OutPorts = 1>

State 20 <SV = 19> <Delay = 6.43>
ST_20 : Operation 142 [3/4] (6.43ns)   --->   "%acc_3 = fadd i32 %acc_5, i32 %mul" [src/conv3.cpp:41]   --->   Operation 142 'fadd' 'acc_3' <Predicate = true> <Delay = 6.43> <CoreInst = "FAddSub_fulldsp">   --->   Core 18 'FAddSub_fulldsp' <Latency = 3> <II = 1> <Delay = 6.43> <FuncUnit> <Opcode : 'fadd' 'fsub'> <InPorts = 2> <OutPorts = 1>

State 21 <SV = 20> <Delay = 6.43>
ST_21 : Operation 143 [2/4] (6.43ns)   --->   "%acc_3 = fadd i32 %acc_5, i32 %mul" [src/conv3.cpp:41]   --->   Operation 143 'fadd' 'acc_3' <Predicate = true> <Delay = 6.43> <CoreInst = "FAddSub_fulldsp">   --->   Core 18 'FAddSub_fulldsp' <Latency = 3> <II = 1> <Delay = 6.43> <FuncUnit> <Opcode : 'fadd' 'fsub'> <InPorts = 2> <OutPorts = 1>

State 22 <SV = 21> <Delay = 6.43>
ST_22 : Operation 144 [1/1] (0.00ns)   --->   "%speclooptripcount_ln16 = speclooptripcount void @_ssdm_op_SpecLoopTripCount, i64 5, i64 5, i64 5" [src/conv3.cpp:16]   --->   Operation 144 'speclooptripcount' 'speclooptripcount_ln16' <Predicate = true> <Delay = 0.00>
ST_22 : Operation 145 [1/1] (0.00ns)   --->   "%specloopname_ln30 = specloopname void @_ssdm_op_SpecLoopName, void @empty_143" [src/conv3.cpp:30]   --->   Operation 145 'specloopname' 'specloopname_ln30' <Predicate = true> <Delay = 0.00>
ST_22 : Operation 146 [1/4] (6.43ns)   --->   "%acc_3 = fadd i32 %acc_5, i32 %mul" [src/conv3.cpp:41]   --->   Operation 146 'fadd' 'acc_3' <Predicate = true> <Delay = 6.43> <CoreInst = "FAddSub_fulldsp">   --->   Core 18 'FAddSub_fulldsp' <Latency = 3> <II = 1> <Delay = 6.43> <FuncUnit> <Opcode : 'fadd' 'fsub'> <InPorts = 2> <OutPorts = 1>
ST_22 : Operation 147 [1/1] (0.00ns)   --->   "%br_ln30 = br void %for.body25" [src/conv3.cpp:30]   --->   Operation 147 'br' 'br_ln30' <Predicate = true> <Delay = 0.00>

State 23 <SV = 12> <Delay = 7.30>
ST_23 : Operation 148 [1/1] (0.00ns)   --->   "%bitcast_ln46 = bitcast i32 %acc" [src/conv3.cpp:46]   --->   Operation 148 'bitcast' 'bitcast_ln46' <Predicate = true> <Delay = 0.00>
ST_23 : Operation 149 [1/1] (7.30ns)   --->   "%write_ln46 = write void @_ssdm_op_Write.m_axi.p1i32, i64 %gmem_out_addr, i32 %bitcast_ln46, i4 15" [src/conv3.cpp:46]   --->   Operation 149 'write' 'write_ln46' <Predicate = true> <Delay = 7.30> <CoreInst = "m_axi">   --->   Core 121 'm_axi' <Latency = 0> <II = 1> <Delay = 1.00> <Adapter> <Opcode : 'read' 'write' 'readreq' 'writereq' 'writeresp'>
ST_23 : Operation 150 [1/1] (0.00ns)   --->   "%br_ln14 = br void %VITIS_LOOP_18_4" [src/conv3.cpp:14]   --->   Operation 150 'br' 'br_ln14' <Predicate = true> <Delay = 0.00>

State 24 <SV = 2> <Delay = 7.30>
ST_24 : Operation 151 [5/5] (7.30ns)   --->   "%empty_288 = writeresp i1 @_ssdm_op_WriteResp.m_axi.p1i32, i64 %gmem_out_addr" [src/conv3.cpp:50]   --->   Operation 151 'writeresp' 'empty_288' <Predicate = true> <Delay = 7.30> <CoreInst = "m_axi">   --->   Core 121 'm_axi' <Latency = 0> <II = 1> <Delay = 1.00> <Adapter> <Opcode : 'read' 'write' 'readreq' 'writereq' 'writeresp'>

State 25 <SV = 3> <Delay = 7.30>
ST_25 : Operation 152 [4/5] (7.30ns)   --->   "%empty_288 = writeresp i1 @_ssdm_op_WriteResp.m_axi.p1i32, i64 %gmem_out_addr" [src/conv3.cpp:50]   --->   Operation 152 'writeresp' 'empty_288' <Predicate = true> <Delay = 7.30> <CoreInst = "m_axi">   --->   Core 121 'm_axi' <Latency = 0> <II = 1> <Delay = 1.00> <Adapter> <Opcode : 'read' 'write' 'readreq' 'writereq' 'writeresp'>

State 26 <SV = 4> <Delay = 7.30>
ST_26 : Operation 153 [3/5] (7.30ns)   --->   "%empty_288 = writeresp i1 @_ssdm_op_WriteResp.m_axi.p1i32, i64 %gmem_out_addr" [src/conv3.cpp:50]   --->   Operation 153 'writeresp' 'empty_288' <Predicate = true> <Delay = 7.30> <CoreInst = "m_axi">   --->   Core 121 'm_axi' <Latency = 0> <II = 1> <Delay = 1.00> <Adapter> <Opcode : 'read' 'write' 'readreq' 'writereq' 'writeresp'>

State 27 <SV = 5> <Delay = 7.30>
ST_27 : Operation 154 [2/5] (7.30ns)   --->   "%empty_288 = writeresp i1 @_ssdm_op_WriteResp.m_axi.p1i32, i64 %gmem_out_addr" [src/conv3.cpp:50]   --->   Operation 154 'writeresp' 'empty_288' <Predicate = true> <Delay = 7.30> <CoreInst = "m_axi">   --->   Core 121 'm_axi' <Latency = 0> <II = 1> <Delay = 1.00> <Adapter> <Opcode : 'read' 'write' 'readreq' 'writereq' 'writeresp'>

State 28 <SV = 6> <Delay = 7.30>
ST_28 : Operation 155 [1/5] (7.30ns)   --->   "%empty_288 = writeresp i1 @_ssdm_op_WriteResp.m_axi.p1i32, i64 %gmem_out_addr" [src/conv3.cpp:50]   --->   Operation 155 'writeresp' 'empty_288' <Predicate = true> <Delay = 7.30> <CoreInst = "m_axi">   --->   Core 121 'm_axi' <Latency = 0> <II = 1> <Delay = 1.00> <Adapter> <Opcode : 'read' 'write' 'readreq' 'writereq' 'writeresp'>
ST_28 : Operation 156 [1/1] (0.00ns)   --->   "%ret_ln50 = ret" [src/conv3.cpp:50]   --->   Operation 156 'ret' 'ret_ln50' <Predicate = true> <Delay = 0.00>


============================================================
+ Verbose Summary: Binding
============================================================
STG Binding: 
---------------- STG Properties BEGIN ----------------
- Is combinational: 0
- Is one-state seq: 0
- Is datapath-only: 0
- Is pipelined: 0
- Is top level: 0
Port [ Return ] is wired: 1; IO mode=ap_ctrl_hs:ce=0
Port [ gmem_wgt]:  wired=1; compound=1; hidden=0; nouse=0; global=0; static=0; extern=0; dir=0; type=4; pingpong=0; private_global=0; IO mode=m_axi:ce=0
Port [ w]:  wired=1; compound=0; hidden=0; nouse=0; global=0; static=0; extern=0; dir=0; type=0; pingpong=0; private_global=0; IO mode=ap_none:ce=0
Port [ b_0_0_val]:  wired=1; compound=0; hidden=0; nouse=0; global=0; static=0; extern=0; dir=0; type=0; pingpong=0; private_global=0; IO mode=ap_none:ce=0
Port [ gmem_out]:  wired=1; compound=1; hidden=0; nouse=0; global=0; static=0; extern=0; dir=1; type=4; pingpong=0; private_global=0; IO mode=m_axi:ce=0
Port [ out_ftmap]:  wired=1; compound=0; hidden=0; nouse=0; global=0; static=0; extern=0; dir=0; type=0; pingpong=0; private_global=0; IO mode=ap_none:ce=0
Port [ feat2]:  wired=1; compound=1; hidden=0; nouse=0; global=1; static=1; extern=0; dir=0; type=1; pingpong=0; private_global=0; MemPort=[13]; IO mode=ap_memory:ce=0
---------------- STG Properties END ------------------

---------------- Datapath Model BEGIN ----------------

<LifeTime>
<method=bitvector/>
y                      (alloca           ) [ 01111111111111111111111100000]
specinterface_ln0      (specinterface    ) [ 00000000000000000000000000000]
specinterface_ln0      (specinterface    ) [ 00000000000000000000000000000]
out_ftmap_read         (read             ) [ 00000000000000000000000000000]
b_0_0_val_read         (read             ) [ 00111111111111111111111100000]
w_read                 (read             ) [ 00000000000000000000000000000]
trunc_ln               (partselect       ) [ 00000000000000000000000000000]
sext_ln13              (sext             ) [ 00000000000000000000000000000]
gmem_out_addr          (getelementptr    ) [ 00111111111111111111111111111]
empty                  (writereq         ) [ 00000000000000000000000000000]
trunc_ln1              (partselect       ) [ 00000000000000000000000000000]
sext_ln18              (sext             ) [ 00000000000000000000000000000]
gmem_wgt_addr          (getelementptr    ) [ 00111111111111111111111100000]
store_ln13             (store            ) [ 00000000000000000000000000000]
br_ln13                (br               ) [ 00000000000000000000000000000]
y_3                    (load             ) [ 00000000000000000000000000000]
zext_ln13              (zext             ) [ 00000000000000000000000000000]
icmp_ln13              (icmp             ) [ 00111111111111111111111100000]
add_ln13               (add              ) [ 00011111111111111111111100000]
br_ln13                (br               ) [ 00000000000000000000000000000]
speclooptripcount_ln13 (speclooptripcount) [ 00000000000000000000000000000]
specloopname_ln13      (specloopname     ) [ 00000000000000000000000000000]
add_ln20               (add              ) [ 00000000000000000000000000000]
sext_ln20              (sext             ) [ 00011111111111111111111100000]
trunc_ln20             (trunc            ) [ 00011111111111111111111100000]
br_ln14                (br               ) [ 00111111111111111111111100000]
x                      (phi              ) [ 00010000000000000000000000000]
zext_ln14              (zext             ) [ 00001111111100000000000000000]
icmp_ln14              (icmp             ) [ 00111111111111111111111100000]
add_ln14               (add              ) [ 00111111111111111111111100000]
br_ln14                (br               ) [ 00000000000000000000000000000]
store_ln13             (store            ) [ 00000000000000000000000000000]
br_ln13                (br               ) [ 00000000000000000000000000000]
speclooptripcount_ln14 (speclooptripcount) [ 00000000000000000000000000000]
specloopname_ln14      (specloopname     ) [ 00000000000000000000000000000]
empty_287              (readreq          ) [ 00000000000000000000000000000]
add_ln31               (add              ) [ 00000000000000000000000000000]
sext_ln31              (sext             ) [ 00000000000011111111111000000]
trunc_ln31             (trunc            ) [ 00000000000011111111111000000]
br_ln18                (br               ) [ 00111111111111111111111100000]
ic                     (phi              ) [ 00000000000010000000000000000]
acc                    (phi              ) [ 00000000000011111111111100000]
zext_ln41              (zext             ) [ 00000000000000000000000000000]
tmp                    (bitconcatenate   ) [ 00000000000000000000000000000]
zext_ln41_1            (zext             ) [ 00000000000000000000000000000]
sub_ln41               (sub              ) [ 00000000000000000000000000000]
sext_ln18_1            (sext             ) [ 00000000000001111111111000000]
icmp_ln18              (icmp             ) [ 00111111111111111111111100000]
add_ln18               (add              ) [ 00111111111111111111111100000]
br_ln18                (br               ) [ 00000000000000000000000000000]
speclooptripcount_ln16 (speclooptripcount) [ 00000000000000000000000000000]
specloopname_ln18      (specloopname     ) [ 00000000000000000000000000000]
br_ln19                (br               ) [ 00111111111111111111111100000]
ky                     (phi              ) [ 00000000000001000000000000000]
acc_4                  (phi              ) [ 00111111111111111111111100000]
zext_ln19              (zext             ) [ 00000000000000000000000000000]
icmp_ln19              (icmp             ) [ 00111111111111111111111100000]
add_ln19               (add              ) [ 00111111111111111111111100000]
br_ln19                (br               ) [ 00000000000000000000000000000]
speclooptripcount_ln16 (speclooptripcount) [ 00000000000000000000000000000]
specloopname_ln19      (specloopname     ) [ 00000000000000000000000000000]
zext_ln20              (zext             ) [ 00000000000000000000000000000]
add_ln20_1             (add              ) [ 00000000000000000000000000000]
add_ln22               (add              ) [ 00000000000000000000000000000]
tmp_5                  (bitselect        ) [ 00000000000000000000000000000]
icmp_ln24              (icmp             ) [ 00000000000000000000000000000]
tmp_6                  (bitselect        ) [ 00000000000000000000000000000]
select_ln22            (select           ) [ 00000000000000000000000000000]
or_ln22                (or               ) [ 00000000000000000000000000000]
iy                     (select           ) [ 00000000000000000000000000000]
zext_ln41_2            (zext             ) [ 00000000000000000000000000000]
add_ln41               (add              ) [ 00000000000000000000000000000]
sext_ln41              (sext             ) [ 00000000000000000000000000000]
trunc_ln41             (trunc            ) [ 00000000000000000000000000000]
p_shl1                 (bitconcatenate   ) [ 00000000000000000000000000000]
sub_ln41_1             (sub              ) [ 00000000000000111111111000000]
br_ln30                (br               ) [ 00111111111111111111111100000]
br_ln18                (br               ) [ 00111111111111111111111100000]
kx                     (phi              ) [ 00000000000000100000000000000]
acc_5                  (phi              ) [ 00111111111111111111111100000]
zext_ln30              (zext             ) [ 00000000000000000000000000000]
icmp_ln30              (icmp             ) [ 00111111111111111111111100000]
add_ln30               (add              ) [ 00111111111111111111111100000]
br_ln30                (br               ) [ 00000000000000000000000000000]
zext_ln31              (zext             ) [ 00000000000000000000000000000]
add_ln31_1             (add              ) [ 00000000000000000000000000000]
add_ln33               (add              ) [ 00000000000000000000000000000]
tmp_7                  (bitselect        ) [ 00000000000000000000000000000]
icmp_ln35              (icmp             ) [ 00000000000000000000000000000]
tmp_8                  (bitselect        ) [ 00000000000000000000000000000]
select_ln33            (select           ) [ 00000000000000000000000000000]
or_ln33                (or               ) [ 00000000000000000000000000000]
ix                     (select           ) [ 00000000000000000000000000000]
zext_ln41_3            (zext             ) [ 00000000000000000000000000000]
add_ln41_1             (add              ) [ 00000000000000000000000000000]
zext_ln41_4            (zext             ) [ 00000000000000000000000000000]
feat2_addr             (getelementptr    ) [ 00000000000000010000000000000]
br_ln19                (br               ) [ 00111111111111111111111100000]
feat2_load             (load             ) [ 00000000000000001110000000000]
gmem_wgt_addr_read     (read             ) [ 00000000000000001000000000000]
bitcast_ln41           (bitcast          ) [ 00000000000000000110000000000]
mul                    (fmul             ) [ 00000000000000000001111000000]
speclooptripcount_ln16 (speclooptripcount) [ 00000000000000000000000000000]
specloopname_ln30      (specloopname     ) [ 00000000000000000000000000000]
acc_3                  (fadd             ) [ 00111111111111111111111100000]
br_ln30                (br               ) [ 00111111111111111111111100000]
bitcast_ln46           (bitcast          ) [ 00000000000000000000000000000]
write_ln46             (write            ) [ 00000000000000000000000000000]
br_ln14                (br               ) [ 00111111111111111111111100000]
empty_288              (writeresp        ) [ 00000000000000000000000000000]
ret_ln50               (ret              ) [ 00000000000000000000000000000]
</LifeTime>

<model>

<comp_list>
<comp id="0" class="1000" name="gmem_wgt">
<pin_list>
<pin id="1" dir="1" index="0" bw="1" slack="0"/>
</pin_list>
<bind>
<StgValue><ssdm name="gmem_wgt"/></StgValue>
</bind>
</comp>

<comp id="2" class="1000" name="w">
<pin_list>
<pin id="3" dir="1" index="0" bw="1" slack="0"/>
</pin_list>
<bind>
<StgValue><ssdm name="w"/></StgValue>
</bind>
</comp>

<comp id="4" class="1000" name="b_0_0_val">
<pin_list>
<pin id="5" dir="1" index="0" bw="1" slack="0"/>
</pin_list>
<bind>
<StgValue><ssdm name="b_0_0_val"/></StgValue>
</bind>
</comp>

<comp id="6" class="1000" name="gmem_out">
<pin_list>
<pin id="7" dir="1" index="0" bw="1" slack="0"/>
</pin_list>
<bind>
<StgValue><ssdm name="gmem_out"/></StgValue>
</bind>
</comp>

<comp id="8" class="1000" name="out_ftmap">
<pin_list>
<pin id="9" dir="1" index="0" bw="1" slack="0"/>
</pin_list>
<bind>
<StgValue><ssdm name="out_ftmap"/></StgValue>
</bind>
</comp>

<comp id="10" class="1000" name="feat2">
<pin_list>
<pin id="11" dir="1" index="0" bw="1" slack="0"/>
</pin_list>
<bind>
<StgValue><ssdm name="feat2"/><MemPortTyVec>1 3 </MemPortTyVec>
</StgValue>
</bind>
</comp>

<comp id="12" class="1001" name="const_12">
<pin_list>
<pin id="13" dir="1" index="0" bw="1" slack="0"/>
</pin_list>
<bind>
<StgValue><ssdm name=""/></StgValue>
</bind>
</comp>

<comp id="14" class="1001" name="const_14">
<pin_list>
<pin id="15" dir="1" index="0" bw="1" slack="2147483647"/>
</pin_list>
<bind>
<StgValue><ssdm name="_ssdm_op_SpecInterface"/></StgValue>
</bind>
</comp>

<comp id="16" class="1001" name="const_16">
<pin_list>
<pin id="17" dir="1" index="0" bw="1" slack="2147483647"/>
</pin_list>
<bind>
<StgValue><ssdm name="empty_126"/></StgValue>
</bind>
</comp>

<comp id="18" class="1001" name="const_18">
<pin_list>
<pin id="19" dir="1" index="0" bw="1" slack="2147483647"/>
</pin_list>
<bind>
<StgValue><ssdm name=""/></StgValue>
</bind>
</comp>

<comp id="20" class="1001" name="const_20">
<pin_list>
<pin id="21" dir="1" index="0" bw="1" slack="2147483647"/>
</pin_list>
<bind>
<StgValue><ssdm name="empty_154"/></StgValue>
</bind>
</comp>

<comp id="22" class="1001" name="const_22">
<pin_list>
<pin id="23" dir="1" index="0" bw="1" slack="0"/>
</pin_list>
<bind>
<StgValue><ssdm name=""/></StgValue>
</bind>
</comp>

<comp id="24" class="1001" name="const_24">
<pin_list>
<pin id="25" dir="1" index="0" bw="1" slack="2147483647"/>
</pin_list>
<bind>
<StgValue><ssdm name="empty_158"/></StgValue>
</bind>
</comp>

<comp id="26" class="1001" name="const_26">
<pin_list>
<pin id="27" dir="1" index="0" bw="1" slack="2147483647"/>
</pin_list>
<bind>
<StgValue><ssdm name="empty_156"/></StgValue>
</bind>
</comp>

<comp id="28" class="1001" name="const_28">
<pin_list>
<pin id="29" dir="1" index="0" bw="1" slack="2147483647"/>
</pin_list>
<bind>
<StgValue><ssdm name=""/></StgValue>
</bind>
</comp>

<comp id="30" class="1001" name="const_30">
<pin_list>
<pin id="31" dir="1" index="0" bw="1" slack="2147483647"/>
</pin_list>
<bind>
<StgValue><ssdm name=""/></StgValue>
</bind>
</comp>

<comp id="32" class="1001" name="const_32">
<pin_list>
<pin id="33" dir="1" index="0" bw="1" slack="2147483647"/>
</pin_list>
<bind>
<StgValue><ssdm name=""/></StgValue>
</bind>
</comp>

<comp id="34" class="1001" name="const_34">
<pin_list>
<pin id="35" dir="1" index="0" bw="1" slack="2147483647"/>
</pin_list>
<bind>
<StgValue><ssdm name=""/></StgValue>
</bind>
</comp>

<comp id="36" class="1001" name="const_36">
<pin_list>
<pin id="37" dir="1" index="0" bw="1" slack="2147483647"/>
</pin_list>
<bind>
<StgValue><ssdm name=""/></StgValue>
</bind>
</comp>

<comp id="38" class="1001" name="const_38">
<pin_list>
<pin id="39" dir="1" index="0" bw="1" slack="2147483647"/>
</pin_list>
<bind>
<StgValue><ssdm name="empty_157"/></StgValue>
</bind>
</comp>

<comp id="40" class="1001" name="const_40">
<pin_list>
<pin id="41" dir="1" index="0" bw="1" slack="2147483647"/>
</pin_list>
<bind>
<StgValue><ssdm name=""/></StgValue>
</bind>
</comp>

<comp id="42" class="1001" name="const_42">
<pin_list>
<pin id="43" dir="1" index="0" bw="1" slack="0"/>
</pin_list>
<bind>
<StgValue><ssdm name="_ssdm_op_Read.ap_auto.i64"/></StgValue>
</bind>
</comp>

<comp id="44" class="1001" name="const_44">
<pin_list>
<pin id="45" dir="1" index="0" bw="1" slack="0"/>
</pin_list>
<bind>
<StgValue><ssdm name="_ssdm_op_Read.ap_auto.float"/></StgValue>
</bind>
</comp>

<comp id="46" class="1001" name="const_46">
<pin_list>
<pin id="47" dir="1" index="0" bw="1" slack="0"/>
</pin_list>
<bind>
<StgValue><ssdm name="_ssdm_op_PartSelect.i62.i64.i32.i32"/></StgValue>
</bind>
</comp>

<comp id="48" class="1001" name="const_48">
<pin_list>
<pin id="49" dir="1" index="0" bw="1" slack="0"/>
</pin_list>
<bind>
<StgValue><ssdm name=""/></StgValue>
</bind>
</comp>

<comp id="50" class="1001" name="const_50">
<pin_list>
<pin id="51" dir="1" index="0" bw="1" slack="0"/>
</pin_list>
<bind>
<StgValue><ssdm name=""/></StgValue>
</bind>
</comp>

<comp id="52" class="1001" name="const_52">
<pin_list>
<pin id="53" dir="1" index="0" bw="1" slack="0"/>
</pin_list>
<bind>
<StgValue><ssdm name="_ssdm_op_WriteReq.m_axi.p1i32"/></StgValue>
</bind>
</comp>

<comp id="54" class="1001" name="const_54">
<pin_list>
<pin id="55" dir="1" index="0" bw="1" slack="0"/>
</pin_list>
<bind>
<StgValue><ssdm name=""/></StgValue>
</bind>
</comp>

<comp id="56" class="1001" name="const_56">
<pin_list>
<pin id="57" dir="1" index="0" bw="1" slack="0"/>
</pin_list>
<bind>
<StgValue><ssdm name=""/></StgValue>
</bind>
</comp>

<comp id="58" class="1001" name="const_58">
<pin_list>
<pin id="59" dir="1" index="0" bw="1" slack="0"/>
</pin_list>
<bind>
<StgValue><ssdm name=""/></StgValue>
</bind>
</comp>

<comp id="60" class="1001" name="const_60">
<pin_list>
<pin id="61" dir="1" index="0" bw="1" slack="2147483647"/>
</pin_list>
<bind>
<StgValue><ssdm name="_ssdm_op_SpecLoopTripCount"/></StgValue>
</bind>
</comp>

<comp id="62" class="1001" name="const_62">
<pin_list>
<pin id="63" dir="1" index="0" bw="1" slack="2147483647"/>
</pin_list>
<bind>
<StgValue><ssdm name=""/></StgValue>
</bind>
</comp>

<comp id="64" class="1001" name="const_64">
<pin_list>
<pin id="65" dir="1" index="0" bw="1" slack="2147483647"/>
</pin_list>
<bind>
<StgValue><ssdm name="_ssdm_op_SpecLoopName"/></StgValue>
</bind>
</comp>

<comp id="66" class="1001" name="const_66">
<pin_list>
<pin id="67" dir="1" index="0" bw="1" slack="2147483647"/>
</pin_list>
<bind>
<StgValue><ssdm name="empty_145"/></StgValue>
</bind>
</comp>

<comp id="68" class="1001" name="const_68">
<pin_list>
<pin id="69" dir="1" index="0" bw="1" slack="0"/>
</pin_list>
<bind>
<StgValue><ssdm name=""/></StgValue>
</bind>
</comp>

<comp id="70" class="1001" name="const_70">
<pin_list>
<pin id="71" dir="1" index="0" bw="1" slack="0"/>
</pin_list>
<bind>
<StgValue><ssdm name="_ssdm_op_ReadReq.m_axi.p1i32"/></StgValue>
</bind>
</comp>

<comp id="72" class="1001" name="const_72">
<pin_list>
<pin id="73" dir="1" index="0" bw="1" slack="0"/>
</pin_list>
<bind>
<StgValue><ssdm name=""/></StgValue>
</bind>
</comp>

<comp id="74" class="1001" name="const_74">
<pin_list>
<pin id="75" dir="1" index="0" bw="1" slack="2147483647"/>
</pin_list>
<bind>
<StgValue><ssdm name="empty_160"/></StgValue>
</bind>
</comp>

<comp id="76" class="1001" name="const_76">
<pin_list>
<pin id="77" dir="1" index="0" bw="1" slack="1"/>
</pin_list>
<bind>
<StgValue><ssdm name=""/></StgValue>
</bind>
</comp>

<comp id="78" class="1001" name="const_78">
<pin_list>
<pin id="79" dir="1" index="0" bw="1" slack="0"/>
</pin_list>
<bind>
<StgValue><ssdm name="_ssdm_op_BitConcatenate.i14.i6.i8"/></StgValue>
</bind>
</comp>

<comp id="80" class="1001" name="const_80">
<pin_list>
<pin id="81" dir="1" index="0" bw="1" slack="0"/>
</pin_list>
<bind>
<StgValue><ssdm name=""/></StgValue>
</bind>
</comp>

<comp id="82" class="1001" name="const_82">
<pin_list>
<pin id="83" dir="1" index="0" bw="1" slack="0"/>
</pin_list>
<bind>
<StgValue><ssdm name=""/></StgValue>
</bind>
</comp>

<comp id="84" class="1001" name="const_84">
<pin_list>
<pin id="85" dir="1" index="0" bw="1" slack="2147483647"/>
</pin_list>
<bind>
<StgValue><ssdm name=""/></StgValue>
</bind>
</comp>

<comp id="86" class="1001" name="const_86">
<pin_list>
<pin id="87" dir="1" index="0" bw="1" slack="2147483647"/>
</pin_list>
<bind>
<StgValue><ssdm name="empty_133"/></StgValue>
</bind>
</comp>

<comp id="88" class="1001" name="const_88">
<pin_list>
<pin id="89" dir="1" index="0" bw="1" slack="1"/>
</pin_list>
<bind>
<StgValue><ssdm name=""/></StgValue>
</bind>
</comp>

<comp id="90" class="1001" name="const_90">
<pin_list>
<pin id="91" dir="1" index="0" bw="1" slack="0"/>
</pin_list>
<bind>
<StgValue><ssdm name=""/></StgValue>
</bind>
</comp>

<comp id="92" class="1001" name="const_92">
<pin_list>
<pin id="93" dir="1" index="0" bw="1" slack="0"/>
</pin_list>
<bind>
<StgValue><ssdm name=""/></StgValue>
</bind>
</comp>

<comp id="94" class="1001" name="const_94">
<pin_list>
<pin id="95" dir="1" index="0" bw="1" slack="2147483647"/>
</pin_list>
<bind>
<StgValue><ssdm name=""/></StgValue>
</bind>
</comp>

<comp id="96" class="1001" name="const_96">
<pin_list>
<pin id="97" dir="1" index="0" bw="1" slack="2147483647"/>
</pin_list>
<bind>
<StgValue><ssdm name="empty_144"/></StgValue>
</bind>
</comp>

<comp id="98" class="1001" name="const_98">
<pin_list>
<pin id="99" dir="1" index="0" bw="1" slack="0"/>
</pin_list>
<bind>
<StgValue><ssdm name="_ssdm_op_BitSelect.i1.i10.i32"/></StgValue>
</bind>
</comp>

<comp id="100" class="1001" name="const_100">
<pin_list>
<pin id="101" dir="1" index="0" bw="1" slack="0"/>
</pin_list>
<bind>
<StgValue><ssdm name=""/></StgValue>
</bind>
</comp>

<comp id="102" class="1001" name="const_102">
<pin_list>
<pin id="103" dir="1" index="0" bw="1" slack="0"/>
</pin_list>
<bind>
<StgValue><ssdm name=""/></StgValue>
</bind>
</comp>

<comp id="104" class="1001" name="const_104">
<pin_list>
<pin id="105" dir="1" index="0" bw="1" slack="0"/>
</pin_list>
<bind>
<StgValue><ssdm name=""/></StgValue>
</bind>
</comp>

<comp id="106" class="1001" name="const_106">
<pin_list>
<pin id="107" dir="1" index="0" bw="1" slack="0"/>
</pin_list>
<bind>
<StgValue><ssdm name="_ssdm_op_BitConcatenate.i21.i13.i8"/></StgValue>
</bind>
</comp>

<comp id="108" class="1001" name="const_108">
<pin_list>
<pin id="109" dir="1" index="0" bw="1" slack="0"/>
</pin_list>
<bind>
<StgValue><ssdm name=""/></StgValue>
</bind>
</comp>

<comp id="110" class="1001" name="const_110">
<pin_list>
<pin id="111" dir="1" index="0" bw="1" slack="0"/>
</pin_list>
<bind>
<StgValue><ssdm name="_ssdm_op_Read.m_axi.p1i32"/></StgValue>
</bind>
</comp>

<comp id="112" class="1001" name="const_112">
<pin_list>
<pin id="113" dir="1" index="0" bw="1" slack="2147483647"/>
</pin_list>
<bind>
<StgValue><ssdm name="empty_143"/></StgValue>
</bind>
</comp>

<comp id="114" class="1001" name="const_114">
<pin_list>
<pin id="115" dir="1" index="0" bw="1" slack="0"/>
</pin_list>
<bind>
<StgValue><ssdm name="_ssdm_op_Write.m_axi.p1i32"/></StgValue>
</bind>
</comp>

<comp id="116" class="1001" name="const_116">
<pin_list>
<pin id="117" dir="1" index="0" bw="1" slack="0"/>
</pin_list>
<bind>
<StgValue><ssdm name=""/></StgValue>
</bind>
</comp>

<comp id="118" class="1001" name="const_118">
<pin_list>
<pin id="119" dir="1" index="0" bw="1" slack="0"/>
</pin_list>
<bind>
<StgValue><ssdm name="_ssdm_op_WriteResp.m_axi.p1i32"/></StgValue>
</bind>
</comp>

<comp id="120" class="1004" name="y_fu_120">
<pin_list>
<pin id="121" dir="0" index="0" bw="1" slack="0"/>
<pin id="122" dir="1" index="1" bw="8" slack="0"/>
</pin_list>
<bind>
<opcode="alloca(26) " fcode="alloca"/>
<opset="y/1 "/>
</bind>
</comp>

<comp id="124" class="1004" name="out_ftmap_read_read_fu_124">
<pin_list>
<pin id="125" dir="0" index="0" bw="64" slack="0"/>
<pin id="126" dir="0" index="1" bw="64" slack="0"/>
<pin id="127" dir="1" index="2" bw="64" slack="0"/>
</pin_list>
<bind>
<opcode="read(1150) " fcode="read"/>
<opset="out_ftmap_read/1 "/>
</bind>
</comp>

<comp id="130" class="1004" name="b_0_0_val_read_read_fu_130">
<pin_list>
<pin id="131" dir="0" index="0" bw="32" slack="0"/>
<pin id="132" dir="0" index="1" bw="32" slack="0"/>
<pin id="133" dir="1" index="2" bw="32" slack="11"/>
</pin_list>
<bind>
<opcode="read(1150) " fcode="read"/>
<opset="b_0_0_val_read/1 "/>
</bind>
</comp>

<comp id="136" class="1004" name="w_read_read_fu_136">
<pin_list>
<pin id="137" dir="0" index="0" bw="64" slack="0"/>
<pin id="138" dir="0" index="1" bw="64" slack="0"/>
<pin id="139" dir="1" index="2" bw="64" slack="0"/>
</pin_list>
<bind>
<opcode="read(1150) " fcode="read"/>
<opset="w_read/1 "/>
</bind>
</comp>

<comp id="142" class="1004" name="grp_writeresp_fu_142">
<pin_list>
<pin id="143" dir="0" index="0" bw="1" slack="0"/>
<pin id="144" dir="0" index="1" bw="32" slack="0"/>
<pin id="145" dir="0" index="2" bw="17" slack="0"/>
<pin id="146" dir="1" index="3" bw="1" slack="2147483647"/>
</pin_list>
<bind>
<opcode="writereq(1155) writeresp(1158) " fcode="writeresp"/>
<opset="empty/1 empty_288/24 "/>
</bind>
</comp>

<comp id="149" class="1004" name="grp_readreq_fu_149">
<pin_list>
<pin id="150" dir="0" index="0" bw="1" slack="0"/>
<pin id="151" dir="0" index="1" bw="32" slack="3"/>
<pin id="152" dir="0" index="2" bw="11" slack="0"/>
<pin id="153" dir="1" index="3" bw="1" slack="2147483647"/>
</pin_list>
<bind>
<opcode="readreq(1154) " fcode="readreq"/>
<opset="empty_287/4 "/>
</bind>
</comp>

<comp id="156" class="1004" name="gmem_wgt_addr_read_read_fu_156">
<pin_list>
<pin id="157" dir="0" index="0" bw="32" slack="0"/>
<pin id="158" dir="0" index="1" bw="32" slack="14"/>
<pin id="159" dir="1" index="2" bw="32" slack="1"/>
</pin_list>
<bind>
<opcode="read(1150) " fcode="read"/>
<opset="gmem_wgt_addr_read/15 "/>
</bind>
</comp>

<comp id="161" class="1004" name="write_ln46_write_fu_161">
<pin_list>
<pin id="162" dir="0" index="0" bw="0" slack="0"/>
<pin id="163" dir="0" index="1" bw="32" slack="12"/>
<pin id="164" dir="0" index="2" bw="32" slack="0"/>
<pin id="165" dir="0" index="3" bw="1" slack="0"/>
<pin id="166" dir="1" index="4" bw="0" slack="2147483647"/>
</pin_list>
<bind>
<opcode="write(1151) " fcode="write"/>
<opset="write_ln46/23 "/>
</bind>
</comp>

<comp id="170" class="1004" name="feat2_addr_gep_fu_170">
<pin_list>
<pin id="171" dir="0" index="0" bw="32" slack="0"/>
<pin id="172" dir="0" index="1" bw="1" slack="0"/>
<pin id="173" dir="0" index="2" bw="21" slack="0"/>
<pin id="174" dir="1" index="3" bw="21" slack="0"/>
</pin_list>
<bind>
<opcode="getelementptr(29) " fcode="getelementptr"/>
<opset="feat2_addr/14 "/>
</bind>
</comp>

<comp id="177" class="1004" name="grp_access_fu_177">
<pin_list>
<pin id="178" dir="0" index="0" bw="21" slack="0"/>
<pin id="179" dir="0" index="1" bw="32" slack="2147483647"/>
<pin id="180" dir="0" index="2" bw="0" slack="2147483647"/>
<pin id="181" dir="1" index="3" bw="32" slack="1"/>
</pin_list>
<bind>
<opcode="load(27) " fcode="load"/>
<opset="feat2_load/14 "/>
</bind>
</comp>

<comp id="183" class="1005" name="x_reg_183">
<pin_list>
<pin id="184" dir="0" index="0" bw="8" slack="1"/>
<pin id="185" dir="1" index="1" bw="8" slack="1"/>
</pin_list>
<bind>
<opset="x (phireg) "/>
</bind>
</comp>

<comp id="187" class="1004" name="x_phi_fu_187">
<pin_list>
<pin id="188" dir="0" index="0" bw="8" slack="0"/>
<pin id="189" dir="0" index="1" bw="0" slack="2147483647"/>
<pin id="190" dir="0" index="2" bw="1" slack="1"/>
<pin id="191" dir="0" index="3" bw="0" slack="2147483647"/>
<pin id="192" dir="1" index="4" bw="8" slack="0"/>
</pin_list>
<bind>
<opcode="phi(47) " fcode="phi"/>
<opset="x/3 "/>
</bind>
</comp>

<comp id="194" class="1005" name="ic_reg_194">
<pin_list>
<pin id="195" dir="0" index="0" bw="6" slack="1"/>
<pin id="196" dir="1" index="1" bw="6" slack="1"/>
</pin_list>
<bind>
<opset="ic (phireg) "/>
</bind>
</comp>

<comp id="198" class="1004" name="ic_phi_fu_198">
<pin_list>
<pin id="199" dir="0" index="0" bw="6" slack="0"/>
<pin id="200" dir="0" index="1" bw="0" slack="2147483647"/>
<pin id="201" dir="0" index="2" bw="1" slack="1"/>
<pin id="202" dir="0" index="3" bw="0" slack="2147483647"/>
<pin id="203" dir="1" index="4" bw="6" slack="0"/>
</pin_list>
<bind>
<opcode="phi(47) " fcode="phi"/>
<opset="ic/12 "/>
</bind>
</comp>

<comp id="205" class="1005" name="acc_reg_205">
<pin_list>
<pin id="206" dir="0" index="0" bw="32" slack="1"/>
<pin id="207" dir="1" index="1" bw="32" slack="1"/>
</pin_list>
<bind>
<opset="acc (phireg) "/>
</bind>
</comp>

<comp id="208" class="1004" name="acc_phi_fu_208">
<pin_list>
<pin id="209" dir="0" index="0" bw="32" slack="1"/>
<pin id="210" dir="0" index="1" bw="0" slack="2147483647"/>
<pin id="211" dir="0" index="2" bw="32" slack="11"/>
<pin id="212" dir="0" index="3" bw="0" slack="2147483647"/>
<pin id="213" dir="1" index="4" bw="32" slack="1"/>
</pin_list>
<bind>
<opcode="phi(47) " fcode="phi"/>
<opset="acc/12 "/>
</bind>
</comp>

<comp id="215" class="1005" name="ky_reg_215">
<pin_list>
<pin id="216" dir="0" index="0" bw="3" slack="1"/>
<pin id="217" dir="1" index="1" bw="3" slack="1"/>
</pin_list>
<bind>
<opset="ky (phireg) "/>
</bind>
</comp>

<comp id="219" class="1004" name="ky_phi_fu_219">
<pin_list>
<pin id="220" dir="0" index="0" bw="1" slack="1"/>
<pin id="221" dir="0" index="1" bw="0" slack="2147483647"/>
<pin id="222" dir="0" index="2" bw="3" slack="0"/>
<pin id="223" dir="0" index="3" bw="0" slack="2147483647"/>
<pin id="224" dir="1" index="4" bw="3" slack="0"/>
</pin_list>
<bind>
<opcode="phi(47) " fcode="phi"/>
<opset="ky/13 "/>
</bind>
</comp>

<comp id="226" class="1005" name="acc_4_reg_226">
<pin_list>
<pin id="227" dir="0" index="0" bw="32" slack="1"/>
<pin id="228" dir="1" index="1" bw="32" slack="1"/>
</pin_list>
<bind>
<opset="acc_4 (phireg) "/>
</bind>
</comp>

<comp id="230" class="1004" name="acc_4_phi_fu_230">
<pin_list>
<pin id="231" dir="0" index="0" bw="32" slack="1"/>
<pin id="232" dir="0" index="1" bw="0" slack="2147483647"/>
<pin id="233" dir="0" index="2" bw="32" slack="1"/>
<pin id="234" dir="0" index="3" bw="0" slack="2147483647"/>
<pin id="235" dir="1" index="4" bw="32" slack="1"/>
</pin_list>
<bind>
<opcode="phi(47) " fcode="phi"/>
<opset="acc_4/13 "/>
</bind>
</comp>

<comp id="238" class="1005" name="kx_reg_238">
<pin_list>
<pin id="239" dir="0" index="0" bw="3" slack="1"/>
<pin id="240" dir="1" index="1" bw="3" slack="1"/>
</pin_list>
<bind>
<opset="kx (phireg) "/>
</bind>
</comp>

<comp id="242" class="1004" name="kx_phi_fu_242">
<pin_list>
<pin id="243" dir="0" index="0" bw="1" slack="1"/>
<pin id="244" dir="0" index="1" bw="0" slack="2147483647"/>
<pin id="245" dir="0" index="2" bw="3" slack="0"/>
<pin id="246" dir="0" index="3" bw="0" slack="2147483647"/>
<pin id="247" dir="1" index="4" bw="3" slack="0"/>
</pin_list>
<bind>
<opcode="phi(47) " fcode="phi"/>
<opset="kx/14 "/>
</bind>
</comp>

<comp id="249" class="1005" name="acc_5_reg_249">
<pin_list>
<pin id="250" dir="0" index="0" bw="32" slack="1"/>
<pin id="251" dir="1" index="1" bw="32" slack="1"/>
</pin_list>
<bind>
<opset="acc_5 (phireg) "/>
</bind>
</comp>

<comp id="253" class="1004" name="acc_5_phi_fu_253">
<pin_list>
<pin id="254" dir="0" index="0" bw="32" slack="1"/>
<pin id="255" dir="0" index="1" bw="0" slack="2147483647"/>
<pin id="256" dir="0" index="2" bw="32" slack="1"/>
<pin id="257" dir="0" index="3" bw="0" slack="2147483647"/>
<pin id="258" dir="1" index="4" bw="32" slack="1"/>
</pin_list>
<bind>
<opcode="phi(47) " fcode="phi"/>
<opset="acc_5/14 "/>
</bind>
</comp>

<comp id="261" class="1004" name="grp_fu_261">
<pin_list>
<pin id="262" dir="0" index="0" bw="32" slack="5"/>
<pin id="263" dir="0" index="1" bw="32" slack="1"/>
<pin id="264" dir="1" index="2" bw="32" slack="1"/>
</pin_list>
<bind>
<opcode="fadd(9) " fcode="fadd"/>
<opset="acc_3/19 "/>
</bind>
</comp>

<comp id="266" class="1004" name="grp_fu_266">
<pin_list>
<pin id="267" dir="0" index="0" bw="32" slack="1"/>
<pin id="268" dir="0" index="1" bw="32" slack="0"/>
<pin id="269" dir="1" index="2" bw="32" slack="1"/>
</pin_list>
<bind>
<opcode="fmul(13) " fcode="fmul"/>
<opset="mul/16 "/>
</bind>
</comp>

<comp id="270" class="1004" name="trunc_ln_fu_270">
<pin_list>
<pin id="271" dir="0" index="0" bw="62" slack="0"/>
<pin id="272" dir="0" index="1" bw="64" slack="0"/>
<pin id="273" dir="0" index="2" bw="3" slack="0"/>
<pin id="274" dir="0" index="3" bw="7" slack="0"/>
<pin id="275" dir="1" index="4" bw="62" slack="0"/>
</pin_list>
<bind>
<opcode="partselect(1002) " fcode="partselect"/>
<opset="trunc_ln/1 "/>
</bind>
</comp>

<comp id="280" class="1004" name="sext_ln13_fu_280">
<pin_list>
<pin id="281" dir="0" index="0" bw="62" slack="0"/>
<pin id="282" dir="1" index="1" bw="64" slack="0"/>
</pin_list>
<bind>
<opcode="sext(35) " fcode="sext"/>
<opset="sext_ln13/1 "/>
</bind>
</comp>

<comp id="284" class="1004" name="gmem_out_addr_fu_284">
<pin_list>
<pin id="285" dir="0" index="0" bw="64" slack="0"/>
<pin id="286" dir="0" index="1" bw="64" slack="0"/>
<pin id="287" dir="1" index="2" bw="64" slack="0"/>
</pin_list>
<bind>
<opcode="getelementptr(29) " fcode="getelementptr"/>
<opset="gmem_out_addr/1 "/>
</bind>
</comp>

<comp id="291" class="1004" name="trunc_ln1_fu_291">
<pin_list>
<pin id="292" dir="0" index="0" bw="62" slack="0"/>
<pin id="293" dir="0" index="1" bw="64" slack="0"/>
<pin id="294" dir="0" index="2" bw="3" slack="0"/>
<pin id="295" dir="0" index="3" bw="7" slack="0"/>
<pin id="296" dir="1" index="4" bw="62" slack="0"/>
</pin_list>
<bind>
<opcode="partselect(1002) " fcode="partselect"/>
<opset="trunc_ln1/1 "/>
</bind>
</comp>

<comp id="301" class="1004" name="sext_ln18_fu_301">
<pin_list>
<pin id="302" dir="0" index="0" bw="62" slack="0"/>
<pin id="303" dir="1" index="1" bw="64" slack="0"/>
</pin_list>
<bind>
<opcode="sext(35) " fcode="sext"/>
<opset="sext_ln18/1 "/>
</bind>
</comp>

<comp id="305" class="1004" name="gmem_wgt_addr_fu_305">
<pin_list>
<pin id="306" dir="0" index="0" bw="64" slack="0"/>
<pin id="307" dir="0" index="1" bw="64" slack="0"/>
<pin id="308" dir="1" index="2" bw="64" slack="3"/>
</pin_list>
<bind>
<opcode="getelementptr(29) " fcode="getelementptr"/>
<opset="gmem_wgt_addr/1 "/>
</bind>
</comp>

<comp id="311" class="1004" name="store_ln13_store_fu_311">
<pin_list>
<pin id="312" dir="0" index="0" bw="1" slack="0"/>
<pin id="313" dir="0" index="1" bw="8" slack="0"/>
<pin id="314" dir="1" index="2" bw="0" slack="2147483647"/>
</pin_list>
<bind>
<opcode="store(28) " fcode="store"/>
<opset="store_ln13/1 "/>
</bind>
</comp>

<comp id="316" class="1004" name="y_3_load_fu_316">
<pin_list>
<pin id="317" dir="0" index="0" bw="8" slack="1"/>
<pin id="318" dir="1" index="1" bw="8" slack="0"/>
</pin_list>
<bind>
<opcode="load(27) " fcode="load"/>
<opset="y_3/2 "/>
</bind>
</comp>

<comp id="319" class="1004" name="zext_ln13_fu_319">
<pin_list>
<pin id="320" dir="0" index="0" bw="8" slack="0"/>
<pin id="321" dir="1" index="1" bw="9" slack="0"/>
</pin_list>
<bind>
<opcode="zext(34) " fcode="zext"/>
<opset="zext_ln13/2 "/>
</bind>
</comp>

<comp id="323" class="1004" name="icmp_ln13_fu_323">
<pin_list>
<pin id="324" dir="0" index="0" bw="8" slack="0"/>
<pin id="325" dir="0" index="1" bw="8" slack="0"/>
<pin id="326" dir="1" index="2" bw="1" slack="2147483647"/>
</pin_list>
<bind>
<opcode="icmp(45) " fcode="icmp"/>
<opset="icmp_ln13/2 "/>
</bind>
</comp>

<comp id="329" class="1004" name="add_ln13_fu_329">
<pin_list>
<pin id="330" dir="0" index="0" bw="8" slack="0"/>
<pin id="331" dir="0" index="1" bw="1" slack="0"/>
<pin id="332" dir="1" index="2" bw="8" slack="1"/>
</pin_list>
<bind>
<opcode="add(8) " fcode="add"/>
<opset="add_ln13/2 "/>
</bind>
</comp>

<comp id="335" class="1004" name="add_ln20_fu_335">
<pin_list>
<pin id="336" dir="0" index="0" bw="8" slack="0"/>
<pin id="337" dir="0" index="1" bw="2" slack="0"/>
<pin id="338" dir="1" index="2" bw="9" slack="0"/>
</pin_list>
<bind>
<opcode="add(8) " fcode="add"/>
<opset="add_ln20/2 "/>
</bind>
</comp>

<comp id="341" class="1004" name="sext_ln20_fu_341">
<pin_list>
<pin id="342" dir="0" index="0" bw="9" slack="0"/>
<pin id="343" dir="1" index="1" bw="10" slack="11"/>
</pin_list>
<bind>
<opcode="sext(35) " fcode="sext"/>
<opset="sext_ln20/2 "/>
</bind>
</comp>

<comp id="345" class="1004" name="trunc_ln20_fu_345">
<pin_list>
<pin id="346" dir="0" index="0" bw="9" slack="0"/>
<pin id="347" dir="1" index="1" bw="8" slack="11"/>
</pin_list>
<bind>
<opcode="trunc(33) " fcode="trunc"/>
<opset="trunc_ln20/2 "/>
</bind>
</comp>

<comp id="349" class="1004" name="zext_ln14_fu_349">
<pin_list>
<pin id="350" dir="0" index="0" bw="8" slack="0"/>
<pin id="351" dir="1" index="1" bw="9" slack="8"/>
</pin_list>
<bind>
<opcode="zext(34) " fcode="zext"/>
<opset="zext_ln14/3 "/>
</bind>
</comp>

<comp id="353" class="1004" name="icmp_ln14_fu_353">
<pin_list>
<pin id="354" dir="0" index="0" bw="8" slack="0"/>
<pin id="355" dir="0" index="1" bw="8" slack="0"/>
<pin id="356" dir="1" index="2" bw="1" slack="2147483647"/>
</pin_list>
<bind>
<opcode="icmp(45) " fcode="icmp"/>
<opset="icmp_ln14/3 "/>
</bind>
</comp>

<comp id="359" class="1004" name="add_ln14_fu_359">
<pin_list>
<pin id="360" dir="0" index="0" bw="8" slack="0"/>
<pin id="361" dir="0" index="1" bw="1" slack="0"/>
<pin id="362" dir="1" index="2" bw="8" slack="0"/>
</pin_list>
<bind>
<opcode="add(8) " fcode="add"/>
<opset="add_ln14/3 "/>
</bind>
</comp>

<comp id="365" class="1004" name="store_ln13_store_fu_365">
<pin_list>
<pin id="366" dir="0" index="0" bw="8" slack="1"/>
<pin id="367" dir="0" index="1" bw="8" slack="2"/>
<pin id="368" dir="1" index="2" bw="0" slack="2147483647"/>
</pin_list>
<bind>
<opcode="store(28) " fcode="store"/>
<opset="store_ln13/3 "/>
</bind>
</comp>

<comp id="369" class="1004" name="add_ln31_fu_369">
<pin_list>
<pin id="370" dir="0" index="0" bw="8" slack="8"/>
<pin id="371" dir="0" index="1" bw="2" slack="0"/>
<pin id="372" dir="1" index="2" bw="9" slack="0"/>
</pin_list>
<bind>
<opcode="add(8) " fcode="add"/>
<opset="add_ln31/11 "/>
</bind>
</comp>

<comp id="374" class="1004" name="sext_ln31_fu_374">
<pin_list>
<pin id="375" dir="0" index="0" bw="9" slack="0"/>
<pin id="376" dir="1" index="1" bw="10" slack="3"/>
</pin_list>
<bind>
<opcode="sext(35) " fcode="sext"/>
<opset="sext_ln31/11 "/>
</bind>
</comp>

<comp id="378" class="1004" name="trunc_ln31_fu_378">
<pin_list>
<pin id="379" dir="0" index="0" bw="9" slack="0"/>
<pin id="380" dir="1" index="1" bw="8" slack="3"/>
</pin_list>
<bind>
<opcode="trunc(33) " fcode="trunc"/>
<opset="trunc_ln31/11 "/>
</bind>
</comp>

<comp id="382" class="1004" name="zext_ln41_fu_382">
<pin_list>
<pin id="383" dir="0" index="0" bw="6" slack="0"/>
<pin id="384" dir="1" index="1" bw="15" slack="0"/>
</pin_list>
<bind>
<opcode="zext(34) " fcode="zext"/>
<opset="zext_ln41/12 "/>
</bind>
</comp>

<comp id="386" class="1004" name="tmp_fu_386">
<pin_list>
<pin id="387" dir="0" index="0" bw="14" slack="0"/>
<pin id="388" dir="0" index="1" bw="6" slack="0"/>
<pin id="389" dir="0" index="2" bw="1" slack="0"/>
<pin id="390" dir="1" index="3" bw="14" slack="0"/>
</pin_list>
<bind>
<opcode="bitconcatenate(1004) " fcode="bitconcatenate"/>
<opset="tmp/12 "/>
</bind>
</comp>

<comp id="394" class="1004" name="zext_ln41_1_fu_394">
<pin_list>
<pin id="395" dir="0" index="0" bw="14" slack="0"/>
<pin id="396" dir="1" index="1" bw="15" slack="0"/>
</pin_list>
<bind>
<opcode="zext(34) " fcode="zext"/>
<opset="zext_ln41_1/12 "/>
</bind>
</comp>

<comp id="398" class="1004" name="sub_ln41_fu_398">
<pin_list>
<pin id="399" dir="0" index="0" bw="14" slack="0"/>
<pin id="400" dir="0" index="1" bw="6" slack="0"/>
<pin id="401" dir="1" index="2" bw="15" slack="0"/>
</pin_list>
<bind>
<opcode="sub(10) " fcode="sub"/>
<opset="sub_ln41/12 "/>
</bind>
</comp>

<comp id="404" class="1004" name="sext_ln18_1_fu_404">
<pin_list>
<pin id="405" dir="0" index="0" bw="15" slack="0"/>
<pin id="406" dir="1" index="1" bw="16" slack="1"/>
</pin_list>
<bind>
<opcode="sext(35) " fcode="sext"/>
<opset="sext_ln18_1/12 "/>
</bind>
</comp>

<comp id="408" class="1004" name="icmp_ln18_fu_408">
<pin_list>
<pin id="409" dir="0" index="0" bw="6" slack="0"/>
<pin id="410" dir="0" index="1" bw="6" slack="0"/>
<pin id="411" dir="1" index="2" bw="1" slack="2147483647"/>
</pin_list>
<bind>
<opcode="icmp(45) " fcode="icmp"/>
<opset="icmp_ln18/12 "/>
</bind>
</comp>

<comp id="414" class="1004" name="add_ln18_fu_414">
<pin_list>
<pin id="415" dir="0" index="0" bw="6" slack="0"/>
<pin id="416" dir="0" index="1" bw="1" slack="0"/>
<pin id="417" dir="1" index="2" bw="6" slack="0"/>
</pin_list>
<bind>
<opcode="add(8) " fcode="add"/>
<opset="add_ln18/12 "/>
</bind>
</comp>

<comp id="420" class="1004" name="zext_ln19_fu_420">
<pin_list>
<pin id="421" dir="0" index="0" bw="3" slack="0"/>
<pin id="422" dir="1" index="1" bw="10" slack="0"/>
</pin_list>
<bind>
<opcode="zext(34) " fcode="zext"/>
<opset="zext_ln19/13 "/>
</bind>
</comp>

<comp id="424" class="1004" name="icmp_ln19_fu_424">
<pin_list>
<pin id="425" dir="0" index="0" bw="3" slack="0"/>
<pin id="426" dir="0" index="1" bw="3" slack="0"/>
<pin id="427" dir="1" index="2" bw="1" slack="2147483647"/>
</pin_list>
<bind>
<opcode="icmp(45) " fcode="icmp"/>
<opset="icmp_ln19/13 "/>
</bind>
</comp>

<comp id="430" class="1004" name="add_ln19_fu_430">
<pin_list>
<pin id="431" dir="0" index="0" bw="3" slack="0"/>
<pin id="432" dir="0" index="1" bw="1" slack="0"/>
<pin id="433" dir="1" index="2" bw="3" slack="0"/>
</pin_list>
<bind>
<opcode="add(8) " fcode="add"/>
<opset="add_ln19/13 "/>
</bind>
</comp>

<comp id="436" class="1004" name="zext_ln20_fu_436">
<pin_list>
<pin id="437" dir="0" index="0" bw="3" slack="0"/>
<pin id="438" dir="1" index="1" bw="8" slack="0"/>
</pin_list>
<bind>
<opcode="zext(34) " fcode="zext"/>
<opset="zext_ln20/13 "/>
</bind>
</comp>

<comp id="440" class="1004" name="add_ln20_1_fu_440">
<pin_list>
<pin id="441" dir="0" index="0" bw="9" slack="11"/>
<pin id="442" dir="0" index="1" bw="3" slack="0"/>
<pin id="443" dir="1" index="2" bw="10" slack="0"/>
</pin_list>
<bind>
<opcode="add(8) " fcode="add"/>
<opset="add_ln20_1/13 "/>
</bind>
</comp>

<comp id="445" class="1004" name="add_ln22_fu_445">
<pin_list>
<pin id="446" dir="0" index="0" bw="8" slack="11"/>
<pin id="447" dir="0" index="1" bw="3" slack="0"/>
<pin id="448" dir="1" index="2" bw="8" slack="0"/>
</pin_list>
<bind>
<opcode="add(8) " fcode="add"/>
<opset="add_ln22/13 "/>
</bind>
</comp>

<comp id="450" class="1004" name="tmp_5_fu_450">
<pin_list>
<pin id="451" dir="0" index="0" bw="1" slack="0"/>
<pin id="452" dir="0" index="1" bw="10" slack="0"/>
<pin id="453" dir="0" index="2" bw="5" slack="0"/>
<pin id="454" dir="1" index="3" bw="1" slack="0"/>
</pin_list>
<bind>
<opcode="bitselect(1000) " fcode="bitselect"/>
<opset="tmp_5/13 "/>
</bind>
</comp>

<comp id="458" class="1004" name="icmp_ln24_fu_458">
<pin_list>
<pin id="459" dir="0" index="0" bw="10" slack="0"/>
<pin id="460" dir="0" index="1" bw="10" slack="0"/>
<pin id="461" dir="1" index="2" bw="1" slack="0"/>
</pin_list>
<bind>
<opcode="icmp(45) " fcode="icmp"/>
<opset="icmp_ln24/13 "/>
</bind>
</comp>

<comp id="464" class="1004" name="tmp_6_fu_464">
<pin_list>
<pin id="465" dir="0" index="0" bw="1" slack="0"/>
<pin id="466" dir="0" index="1" bw="10" slack="0"/>
<pin id="467" dir="0" index="2" bw="5" slack="0"/>
<pin id="468" dir="1" index="3" bw="1" slack="0"/>
</pin_list>
<bind>
<opcode="bitselect(1000) " fcode="bitselect"/>
<opset="tmp_6/13 "/>
</bind>
</comp>

<comp id="472" class="1004" name="select_ln22_fu_472">
<pin_list>
<pin id="473" dir="0" index="0" bw="1" slack="0"/>
<pin id="474" dir="0" index="1" bw="8" slack="0"/>
<pin id="475" dir="0" index="2" bw="8" slack="0"/>
<pin id="476" dir="1" index="3" bw="8" slack="0"/>
</pin_list>
<bind>
<opcode="select(49) " fcode="select"/>
<opset="select_ln22/13 "/>
</bind>
</comp>

<comp id="480" class="1004" name="or_ln22_fu_480">
<pin_list>
<pin id="481" dir="0" index="0" bw="1" slack="0"/>
<pin id="482" dir="0" index="1" bw="1" slack="0"/>
<pin id="483" dir="1" index="2" bw="1" slack="0"/>
</pin_list>
<bind>
<opcode="or(24) " fcode="or"/>
<opset="or_ln22/13 "/>
</bind>
</comp>

<comp id="486" class="1004" name="iy_fu_486">
<pin_list>
<pin id="487" dir="0" index="0" bw="1" slack="0"/>
<pin id="488" dir="0" index="1" bw="8" slack="0"/>
<pin id="489" dir="0" index="2" bw="8" slack="0"/>
<pin id="490" dir="1" index="3" bw="8" slack="0"/>
</pin_list>
<bind>
<opcode="select(49) " fcode="select"/>
<opset="iy/13 "/>
</bind>
</comp>

<comp id="494" class="1004" name="zext_ln41_2_fu_494">
<pin_list>
<pin id="495" dir="0" index="0" bw="8" slack="0"/>
<pin id="496" dir="1" index="1" bw="16" slack="0"/>
</pin_list>
<bind>
<opcode="zext(34) " fcode="zext"/>
<opset="zext_ln41_2/13 "/>
</bind>
</comp>

<comp id="498" class="1004" name="add_ln41_fu_498">
<pin_list>
<pin id="499" dir="0" index="0" bw="15" slack="1"/>
<pin id="500" dir="0" index="1" bw="8" slack="0"/>
<pin id="501" dir="1" index="2" bw="16" slack="0"/>
</pin_list>
<bind>
<opcode="add(8) " fcode="add"/>
<opset="add_ln41/13 "/>
</bind>
</comp>

<comp id="503" class="1004" name="sext_ln41_fu_503">
<pin_list>
<pin id="504" dir="0" index="0" bw="16" slack="0"/>
<pin id="505" dir="1" index="1" bw="21" slack="0"/>
</pin_list>
<bind>
<opcode="sext(35) " fcode="sext"/>
<opset="sext_ln41/13 "/>
</bind>
</comp>

<comp id="507" class="1004" name="trunc_ln41_fu_507">
<pin_list>
<pin id="508" dir="0" index="0" bw="16" slack="0"/>
<pin id="509" dir="1" index="1" bw="13" slack="0"/>
</pin_list>
<bind>
<opcode="trunc(33) " fcode="trunc"/>
<opset="trunc_ln41/13 "/>
</bind>
</comp>

<comp id="511" class="1004" name="p_shl1_fu_511">
<pin_list>
<pin id="512" dir="0" index="0" bw="21" slack="0"/>
<pin id="513" dir="0" index="1" bw="13" slack="0"/>
<pin id="514" dir="0" index="2" bw="1" slack="0"/>
<pin id="515" dir="1" index="3" bw="21" slack="0"/>
</pin_list>
<bind>
<opcode="bitconcatenate(1004) " fcode="bitconcatenate"/>
<opset="p_shl1/13 "/>
</bind>
</comp>

<comp id="519" class="1004" name="sub_ln41_1_fu_519">
<pin_list>
<pin id="520" dir="0" index="0" bw="21" slack="0"/>
<pin id="521" dir="0" index="1" bw="16" slack="0"/>
<pin id="522" dir="1" index="2" bw="21" slack="1"/>
</pin_list>
<bind>
<opcode="sub(10) " fcode="sub"/>
<opset="sub_ln41_1/13 "/>
</bind>
</comp>

<comp id="525" class="1004" name="zext_ln30_fu_525">
<pin_list>
<pin id="526" dir="0" index="0" bw="3" slack="0"/>
<pin id="527" dir="1" index="1" bw="10" slack="0"/>
</pin_list>
<bind>
<opcode="zext(34) " fcode="zext"/>
<opset="zext_ln30/14 "/>
</bind>
</comp>

<comp id="529" class="1004" name="icmp_ln30_fu_529">
<pin_list>
<pin id="530" dir="0" index="0" bw="3" slack="0"/>
<pin id="531" dir="0" index="1" bw="3" slack="0"/>
<pin id="532" dir="1" index="2" bw="1" slack="2147483647"/>
</pin_list>
<bind>
<opcode="icmp(45) " fcode="icmp"/>
<opset="icmp_ln30/14 "/>
</bind>
</comp>

<comp id="535" class="1004" name="add_ln30_fu_535">
<pin_list>
<pin id="536" dir="0" index="0" bw="3" slack="0"/>
<pin id="537" dir="0" index="1" bw="1" slack="0"/>
<pin id="538" dir="1" index="2" bw="3" slack="0"/>
</pin_list>
<bind>
<opcode="add(8) " fcode="add"/>
<opset="add_ln30/14 "/>
</bind>
</comp>

<comp id="541" class="1004" name="zext_ln31_fu_541">
<pin_list>
<pin id="542" dir="0" index="0" bw="3" slack="0"/>
<pin id="543" dir="1" index="1" bw="8" slack="0"/>
</pin_list>
<bind>
<opcode="zext(34) " fcode="zext"/>
<opset="zext_ln31/14 "/>
</bind>
</comp>

<comp id="545" class="1004" name="add_ln31_1_fu_545">
<pin_list>
<pin id="546" dir="0" index="0" bw="9" slack="3"/>
<pin id="547" dir="0" index="1" bw="3" slack="0"/>
<pin id="548" dir="1" index="2" bw="10" slack="0"/>
</pin_list>
<bind>
<opcode="add(8) " fcode="add"/>
<opset="add_ln31_1/14 "/>
</bind>
</comp>

<comp id="550" class="1004" name="add_ln33_fu_550">
<pin_list>
<pin id="551" dir="0" index="0" bw="8" slack="3"/>
<pin id="552" dir="0" index="1" bw="3" slack="0"/>
<pin id="553" dir="1" index="2" bw="8" slack="0"/>
</pin_list>
<bind>
<opcode="add(8) " fcode="add"/>
<opset="add_ln33/14 "/>
</bind>
</comp>

<comp id="555" class="1004" name="tmp_7_fu_555">
<pin_list>
<pin id="556" dir="0" index="0" bw="1" slack="0"/>
<pin id="557" dir="0" index="1" bw="10" slack="0"/>
<pin id="558" dir="0" index="2" bw="5" slack="0"/>
<pin id="559" dir="1" index="3" bw="1" slack="0"/>
</pin_list>
<bind>
<opcode="bitselect(1000) " fcode="bitselect"/>
<opset="tmp_7/14 "/>
</bind>
</comp>

<comp id="563" class="1004" name="icmp_ln35_fu_563">
<pin_list>
<pin id="564" dir="0" index="0" bw="10" slack="0"/>
<pin id="565" dir="0" index="1" bw="10" slack="0"/>
<pin id="566" dir="1" index="2" bw="1" slack="0"/>
</pin_list>
<bind>
<opcode="icmp(45) " fcode="icmp"/>
<opset="icmp_ln35/14 "/>
</bind>
</comp>

<comp id="569" class="1004" name="tmp_8_fu_569">
<pin_list>
<pin id="570" dir="0" index="0" bw="1" slack="0"/>
<pin id="571" dir="0" index="1" bw="10" slack="0"/>
<pin id="572" dir="0" index="2" bw="5" slack="0"/>
<pin id="573" dir="1" index="3" bw="1" slack="0"/>
</pin_list>
<bind>
<opcode="bitselect(1000) " fcode="bitselect"/>
<opset="tmp_8/14 "/>
</bind>
</comp>

<comp id="577" class="1004" name="select_ln33_fu_577">
<pin_list>
<pin id="578" dir="0" index="0" bw="1" slack="0"/>
<pin id="579" dir="0" index="1" bw="8" slack="0"/>
<pin id="580" dir="0" index="2" bw="8" slack="0"/>
<pin id="581" dir="1" index="3" bw="8" slack="0"/>
</pin_list>
<bind>
<opcode="select(49) " fcode="select"/>
<opset="select_ln33/14 "/>
</bind>
</comp>

<comp id="585" class="1004" name="or_ln33_fu_585">
<pin_list>
<pin id="586" dir="0" index="0" bw="1" slack="0"/>
<pin id="587" dir="0" index="1" bw="1" slack="0"/>
<pin id="588" dir="1" index="2" bw="1" slack="0"/>
</pin_list>
<bind>
<opcode="or(24) " fcode="or"/>
<opset="or_ln33/14 "/>
</bind>
</comp>

<comp id="591" class="1004" name="ix_fu_591">
<pin_list>
<pin id="592" dir="0" index="0" bw="1" slack="0"/>
<pin id="593" dir="0" index="1" bw="8" slack="0"/>
<pin id="594" dir="0" index="2" bw="8" slack="0"/>
<pin id="595" dir="1" index="3" bw="8" slack="0"/>
</pin_list>
<bind>
<opcode="select(49) " fcode="select"/>
<opset="ix/14 "/>
</bind>
</comp>

<comp id="599" class="1004" name="zext_ln41_3_fu_599">
<pin_list>
<pin id="600" dir="0" index="0" bw="8" slack="0"/>
<pin id="601" dir="1" index="1" bw="21" slack="0"/>
</pin_list>
<bind>
<opcode="zext(34) " fcode="zext"/>
<opset="zext_ln41_3/14 "/>
</bind>
</comp>

<comp id="603" class="1004" name="add_ln41_1_fu_603">
<pin_list>
<pin id="604" dir="0" index="0" bw="21" slack="1"/>
<pin id="605" dir="0" index="1" bw="8" slack="0"/>
<pin id="606" dir="1" index="2" bw="21" slack="0"/>
</pin_list>
<bind>
<opcode="add(8) " fcode="add"/>
<opset="add_ln41_1/14 "/>
</bind>
</comp>

<comp id="608" class="1004" name="zext_ln41_4_fu_608">
<pin_list>
<pin id="609" dir="0" index="0" bw="21" slack="0"/>
<pin id="610" dir="1" index="1" bw="64" slack="0"/>
</pin_list>
<bind>
<opcode="zext(34) " fcode="zext"/>
<opset="zext_ln41_4/14 "/>
</bind>
</comp>

<comp id="613" class="1004" name="bitcast_ln41_fu_613">
<pin_list>
<pin id="614" dir="0" index="0" bw="32" slack="1"/>
<pin id="615" dir="1" index="1" bw="32" slack="0"/>
</pin_list>
<bind>
<opcode="bitcast(44) " fcode="bitcast"/>
<opset="bitcast_ln41/16 "/>
</bind>
</comp>

<comp id="617" class="1004" name="bitcast_ln46_fu_617">
<pin_list>
<pin id="618" dir="0" index="0" bw="32" slack="1"/>
<pin id="619" dir="1" index="1" bw="32" slack="0"/>
</pin_list>
<bind>
<opcode="bitcast(44) " fcode="bitcast"/>
<opset="bitcast_ln46/23 "/>
</bind>
</comp>

<comp id="622" class="1005" name="y_reg_622">
<pin_list>
<pin id="623" dir="0" index="0" bw="8" slack="0"/>
<pin id="624" dir="1" index="1" bw="8" slack="0"/>
</pin_list>
<bind>
<opset="y "/>
</bind>
</comp>

<comp id="629" class="1005" name="b_0_0_val_read_reg_629">
<pin_list>
<pin id="630" dir="0" index="0" bw="32" slack="11"/>
<pin id="631" dir="1" index="1" bw="32" slack="11"/>
</pin_list>
<bind>
<opset="b_0_0_val_read "/>
</bind>
</comp>

<comp id="634" class="1005" name="gmem_out_addr_reg_634">
<pin_list>
<pin id="635" dir="0" index="0" bw="32" slack="2"/>
<pin id="636" dir="1" index="1" bw="32" slack="2"/>
</pin_list>
<bind>
<opset="gmem_out_addr "/>
</bind>
</comp>

<comp id="640" class="1005" name="gmem_wgt_addr_reg_640">
<pin_list>
<pin id="641" dir="0" index="0" bw="32" slack="3"/>
<pin id="642" dir="1" index="1" bw="32" slack="3"/>
</pin_list>
<bind>
<opset="gmem_wgt_addr "/>
</bind>
</comp>

<comp id="649" class="1005" name="add_ln13_reg_649">
<pin_list>
<pin id="650" dir="0" index="0" bw="8" slack="1"/>
<pin id="651" dir="1" index="1" bw="8" slack="1"/>
</pin_list>
<bind>
<opset="add_ln13 "/>
</bind>
</comp>

<comp id="654" class="1005" name="sext_ln20_reg_654">
<pin_list>
<pin id="655" dir="0" index="0" bw="10" slack="11"/>
<pin id="656" dir="1" index="1" bw="10" slack="11"/>
</pin_list>
<bind>
<opset="sext_ln20 "/>
</bind>
</comp>

<comp id="659" class="1005" name="trunc_ln20_reg_659">
<pin_list>
<pin id="660" dir="0" index="0" bw="8" slack="11"/>
<pin id="661" dir="1" index="1" bw="8" slack="11"/>
</pin_list>
<bind>
<opset="trunc_ln20 "/>
</bind>
</comp>

<comp id="664" class="1005" name="zext_ln14_reg_664">
<pin_list>
<pin id="665" dir="0" index="0" bw="9" slack="8"/>
<pin id="666" dir="1" index="1" bw="9" slack="8"/>
</pin_list>
<bind>
<opset="zext_ln14 "/>
</bind>
</comp>

<comp id="672" class="1005" name="add_ln14_reg_672">
<pin_list>
<pin id="673" dir="0" index="0" bw="8" slack="0"/>
<pin id="674" dir="1" index="1" bw="8" slack="0"/>
</pin_list>
<bind>
<opset="add_ln14 "/>
</bind>
</comp>

<comp id="677" class="1005" name="sext_ln31_reg_677">
<pin_list>
<pin id="678" dir="0" index="0" bw="10" slack="3"/>
<pin id="679" dir="1" index="1" bw="10" slack="3"/>
</pin_list>
<bind>
<opset="sext_ln31 "/>
</bind>
</comp>

<comp id="682" class="1005" name="trunc_ln31_reg_682">
<pin_list>
<pin id="683" dir="0" index="0" bw="8" slack="3"/>
<pin id="684" dir="1" index="1" bw="8" slack="3"/>
</pin_list>
<bind>
<opset="trunc_ln31 "/>
</bind>
</comp>

<comp id="687" class="1005" name="sext_ln18_1_reg_687">
<pin_list>
<pin id="688" dir="0" index="0" bw="16" slack="1"/>
<pin id="689" dir="1" index="1" bw="16" slack="1"/>
</pin_list>
<bind>
<opset="sext_ln18_1 "/>
</bind>
</comp>

<comp id="695" class="1005" name="add_ln18_reg_695">
<pin_list>
<pin id="696" dir="0" index="0" bw="6" slack="0"/>
<pin id="697" dir="1" index="1" bw="6" slack="0"/>
</pin_list>
<bind>
<opset="add_ln18 "/>
</bind>
</comp>

<comp id="703" class="1005" name="add_ln19_reg_703">
<pin_list>
<pin id="704" dir="0" index="0" bw="3" slack="0"/>
<pin id="705" dir="1" index="1" bw="3" slack="0"/>
</pin_list>
<bind>
<opset="add_ln19 "/>
</bind>
</comp>

<comp id="708" class="1005" name="sub_ln41_1_reg_708">
<pin_list>
<pin id="709" dir="0" index="0" bw="21" slack="1"/>
<pin id="710" dir="1" index="1" bw="21" slack="1"/>
</pin_list>
<bind>
<opset="sub_ln41_1 "/>
</bind>
</comp>

<comp id="716" class="1005" name="add_ln30_reg_716">
<pin_list>
<pin id="717" dir="0" index="0" bw="3" slack="0"/>
<pin id="718" dir="1" index="1" bw="3" slack="0"/>
</pin_list>
<bind>
<opset="add_ln30 "/>
</bind>
</comp>

<comp id="721" class="1005" name="feat2_addr_reg_721">
<pin_list>
<pin id="722" dir="0" index="0" bw="21" slack="1"/>
<pin id="723" dir="1" index="1" bw="21" slack="1"/>
</pin_list>
<bind>
<opset="feat2_addr "/>
</bind>
</comp>

<comp id="726" class="1005" name="feat2_load_reg_726">
<pin_list>
<pin id="727" dir="0" index="0" bw="32" slack="1"/>
<pin id="728" dir="1" index="1" bw="32" slack="1"/>
</pin_list>
<bind>
<opset="feat2_load "/>
</bind>
</comp>

<comp id="731" class="1005" name="gmem_wgt_addr_read_reg_731">
<pin_list>
<pin id="732" dir="0" index="0" bw="32" slack="1"/>
<pin id="733" dir="1" index="1" bw="32" slack="1"/>
</pin_list>
<bind>
<opset="gmem_wgt_addr_read "/>
</bind>
</comp>

<comp id="736" class="1005" name="bitcast_ln41_reg_736">
<pin_list>
<pin id="737" dir="0" index="0" bw="32" slack="1"/>
<pin id="738" dir="1" index="1" bw="32" slack="1"/>
</pin_list>
<bind>
<opset="bitcast_ln41 "/>
</bind>
</comp>

<comp id="741" class="1005" name="mul_reg_741">
<pin_list>
<pin id="742" dir="0" index="0" bw="32" slack="1"/>
<pin id="743" dir="1" index="1" bw="32" slack="1"/>
</pin_list>
<bind>
<opset="mul "/>
</bind>
</comp>

<comp id="746" class="1005" name="acc_3_reg_746">
<pin_list>
<pin id="747" dir="0" index="0" bw="32" slack="1"/>
<pin id="748" dir="1" index="1" bw="32" slack="1"/>
</pin_list>
<bind>
<opset="acc_3 "/>
</bind>
</comp>

</comp_list>

<net_list>
<net id="123"><net_src comp="12" pin="0"/><net_sink comp="120" pin=0"/></net>

<net id="128"><net_src comp="42" pin="0"/><net_sink comp="124" pin=0"/></net>

<net id="129"><net_src comp="8" pin="0"/><net_sink comp="124" pin=1"/></net>

<net id="134"><net_src comp="44" pin="0"/><net_sink comp="130" pin=0"/></net>

<net id="135"><net_src comp="4" pin="0"/><net_sink comp="130" pin=1"/></net>

<net id="140"><net_src comp="42" pin="0"/><net_sink comp="136" pin=0"/></net>

<net id="141"><net_src comp="2" pin="0"/><net_sink comp="136" pin=1"/></net>

<net id="147"><net_src comp="52" pin="0"/><net_sink comp="142" pin=0"/></net>

<net id="148"><net_src comp="22" pin="0"/><net_sink comp="142" pin=2"/></net>

<net id="154"><net_src comp="70" pin="0"/><net_sink comp="149" pin=0"/></net>

<net id="155"><net_src comp="72" pin="0"/><net_sink comp="149" pin=2"/></net>

<net id="160"><net_src comp="110" pin="0"/><net_sink comp="156" pin=0"/></net>

<net id="167"><net_src comp="114" pin="0"/><net_sink comp="161" pin=0"/></net>

<net id="168"><net_src comp="116" pin="0"/><net_sink comp="161" pin=3"/></net>

<net id="169"><net_src comp="118" pin="0"/><net_sink comp="142" pin=0"/></net>

<net id="175"><net_src comp="10" pin="0"/><net_sink comp="170" pin=0"/></net>

<net id="176"><net_src comp="108" pin="0"/><net_sink comp="170" pin=1"/></net>

<net id="182"><net_src comp="170" pin="3"/><net_sink comp="177" pin=0"/></net>

<net id="186"><net_src comp="54" pin="0"/><net_sink comp="183" pin=0"/></net>

<net id="193"><net_src comp="183" pin="1"/><net_sink comp="187" pin=2"/></net>

<net id="197"><net_src comp="76" pin="0"/><net_sink comp="194" pin=0"/></net>

<net id="204"><net_src comp="194" pin="1"/><net_sink comp="198" pin=2"/></net>

<net id="214"><net_src comp="208" pin="4"/><net_sink comp="205" pin=0"/></net>

<net id="218"><net_src comp="88" pin="0"/><net_sink comp="215" pin=0"/></net>

<net id="225"><net_src comp="215" pin="1"/><net_sink comp="219" pin=0"/></net>

<net id="229"><net_src comp="226" pin="1"/><net_sink comp="208" pin=0"/></net>

<net id="236"><net_src comp="205" pin="1"/><net_sink comp="230" pin=0"/></net>

<net id="237"><net_src comp="230" pin="4"/><net_sink comp="226" pin=0"/></net>

<net id="241"><net_src comp="88" pin="0"/><net_sink comp="238" pin=0"/></net>

<net id="248"><net_src comp="238" pin="1"/><net_sink comp="242" pin=0"/></net>

<net id="252"><net_src comp="249" pin="1"/><net_sink comp="230" pin=2"/></net>

<net id="259"><net_src comp="226" pin="1"/><net_sink comp="253" pin=0"/></net>

<net id="260"><net_src comp="253" pin="4"/><net_sink comp="249" pin=0"/></net>

<net id="265"><net_src comp="249" pin="1"/><net_sink comp="261" pin=0"/></net>

<net id="276"><net_src comp="46" pin="0"/><net_sink comp="270" pin=0"/></net>

<net id="277"><net_src comp="124" pin="2"/><net_sink comp="270" pin=1"/></net>

<net id="278"><net_src comp="48" pin="0"/><net_sink comp="270" pin=2"/></net>

<net id="279"><net_src comp="50" pin="0"/><net_sink comp="270" pin=3"/></net>

<net id="283"><net_src comp="270" pin="4"/><net_sink comp="280" pin=0"/></net>

<net id="288"><net_src comp="6" pin="0"/><net_sink comp="284" pin=0"/></net>

<net id="289"><net_src comp="280" pin="1"/><net_sink comp="284" pin=1"/></net>

<net id="290"><net_src comp="284" pin="2"/><net_sink comp="142" pin=1"/></net>

<net id="297"><net_src comp="46" pin="0"/><net_sink comp="291" pin=0"/></net>

<net id="298"><net_src comp="136" pin="2"/><net_sink comp="291" pin=1"/></net>

<net id="299"><net_src comp="48" pin="0"/><net_sink comp="291" pin=2"/></net>

<net id="300"><net_src comp="50" pin="0"/><net_sink comp="291" pin=3"/></net>

<net id="304"><net_src comp="291" pin="4"/><net_sink comp="301" pin=0"/></net>

<net id="309"><net_src comp="0" pin="0"/><net_sink comp="305" pin=0"/></net>

<net id="310"><net_src comp="301" pin="1"/><net_sink comp="305" pin=1"/></net>

<net id="315"><net_src comp="54" pin="0"/><net_sink comp="311" pin=0"/></net>

<net id="322"><net_src comp="316" pin="1"/><net_sink comp="319" pin=0"/></net>

<net id="327"><net_src comp="316" pin="1"/><net_sink comp="323" pin=0"/></net>

<net id="328"><net_src comp="56" pin="0"/><net_sink comp="323" pin=1"/></net>

<net id="333"><net_src comp="316" pin="1"/><net_sink comp="329" pin=0"/></net>

<net id="334"><net_src comp="58" pin="0"/><net_sink comp="329" pin=1"/></net>

<net id="339"><net_src comp="319" pin="1"/><net_sink comp="335" pin=0"/></net>

<net id="340"><net_src comp="68" pin="0"/><net_sink comp="335" pin=1"/></net>

<net id="344"><net_src comp="335" pin="2"/><net_sink comp="341" pin=0"/></net>

<net id="348"><net_src comp="335" pin="2"/><net_sink comp="345" pin=0"/></net>

<net id="352"><net_src comp="187" pin="4"/><net_sink comp="349" pin=0"/></net>

<net id="357"><net_src comp="187" pin="4"/><net_sink comp="353" pin=0"/></net>

<net id="358"><net_src comp="56" pin="0"/><net_sink comp="353" pin=1"/></net>

<net id="363"><net_src comp="187" pin="4"/><net_sink comp="359" pin=0"/></net>

<net id="364"><net_src comp="58" pin="0"/><net_sink comp="359" pin=1"/></net>

<net id="373"><net_src comp="68" pin="0"/><net_sink comp="369" pin=1"/></net>

<net id="377"><net_src comp="369" pin="2"/><net_sink comp="374" pin=0"/></net>

<net id="381"><net_src comp="369" pin="2"/><net_sink comp="378" pin=0"/></net>

<net id="385"><net_src comp="198" pin="4"/><net_sink comp="382" pin=0"/></net>

<net id="391"><net_src comp="78" pin="0"/><net_sink comp="386" pin=0"/></net>

<net id="392"><net_src comp="198" pin="4"/><net_sink comp="386" pin=1"/></net>

<net id="393"><net_src comp="54" pin="0"/><net_sink comp="386" pin=2"/></net>

<net id="397"><net_src comp="386" pin="3"/><net_sink comp="394" pin=0"/></net>

<net id="402"><net_src comp="394" pin="1"/><net_sink comp="398" pin=0"/></net>

<net id="403"><net_src comp="382" pin="1"/><net_sink comp="398" pin=1"/></net>

<net id="407"><net_src comp="398" pin="2"/><net_sink comp="404" pin=0"/></net>

<net id="412"><net_src comp="198" pin="4"/><net_sink comp="408" pin=0"/></net>

<net id="413"><net_src comp="80" pin="0"/><net_sink comp="408" pin=1"/></net>

<net id="418"><net_src comp="198" pin="4"/><net_sink comp="414" pin=0"/></net>

<net id="419"><net_src comp="82" pin="0"/><net_sink comp="414" pin=1"/></net>

<net id="423"><net_src comp="219" pin="4"/><net_sink comp="420" pin=0"/></net>

<net id="428"><net_src comp="219" pin="4"/><net_sink comp="424" pin=0"/></net>

<net id="429"><net_src comp="90" pin="0"/><net_sink comp="424" pin=1"/></net>

<net id="434"><net_src comp="219" pin="4"/><net_sink comp="430" pin=0"/></net>

<net id="435"><net_src comp="92" pin="0"/><net_sink comp="430" pin=1"/></net>

<net id="439"><net_src comp="219" pin="4"/><net_sink comp="436" pin=0"/></net>

<net id="444"><net_src comp="420" pin="1"/><net_sink comp="440" pin=1"/></net>

<net id="449"><net_src comp="436" pin="1"/><net_sink comp="445" pin=1"/></net>

<net id="455"><net_src comp="98" pin="0"/><net_sink comp="450" pin=0"/></net>

<net id="456"><net_src comp="440" pin="2"/><net_sink comp="450" pin=1"/></net>

<net id="457"><net_src comp="100" pin="0"/><net_sink comp="450" pin=2"/></net>

<net id="462"><net_src comp="440" pin="2"/><net_sink comp="458" pin=0"/></net>

<net id="463"><net_src comp="102" pin="0"/><net_sink comp="458" pin=1"/></net>

<net id="469"><net_src comp="98" pin="0"/><net_sink comp="464" pin=0"/></net>

<net id="470"><net_src comp="440" pin="2"/><net_sink comp="464" pin=1"/></net>

<net id="471"><net_src comp="100" pin="0"/><net_sink comp="464" pin=2"/></net>

<net id="477"><net_src comp="464" pin="3"/><net_sink comp="472" pin=0"/></net>

<net id="478"><net_src comp="54" pin="0"/><net_sink comp="472" pin=1"/></net>

<net id="479"><net_src comp="104" pin="0"/><net_sink comp="472" pin=2"/></net>

<net id="484"><net_src comp="450" pin="3"/><net_sink comp="480" pin=0"/></net>

<net id="485"><net_src comp="458" pin="2"/><net_sink comp="480" pin=1"/></net>

<net id="491"><net_src comp="480" pin="2"/><net_sink comp="486" pin=0"/></net>

<net id="492"><net_src comp="472" pin="3"/><net_sink comp="486" pin=1"/></net>

<net id="493"><net_src comp="445" pin="2"/><net_sink comp="486" pin=2"/></net>

<net id="497"><net_src comp="486" pin="3"/><net_sink comp="494" pin=0"/></net>

<net id="502"><net_src comp="494" pin="1"/><net_sink comp="498" pin=1"/></net>

<net id="506"><net_src comp="498" pin="2"/><net_sink comp="503" pin=0"/></net>

<net id="510"><net_src comp="498" pin="2"/><net_sink comp="507" pin=0"/></net>

<net id="516"><net_src comp="106" pin="0"/><net_sink comp="511" pin=0"/></net>

<net id="517"><net_src comp="507" pin="1"/><net_sink comp="511" pin=1"/></net>

<net id="518"><net_src comp="54" pin="0"/><net_sink comp="511" pin=2"/></net>

<net id="523"><net_src comp="511" pin="3"/><net_sink comp="519" pin=0"/></net>

<net id="524"><net_src comp="503" pin="1"/><net_sink comp="519" pin=1"/></net>

<net id="528"><net_src comp="242" pin="4"/><net_sink comp="525" pin=0"/></net>

<net id="533"><net_src comp="242" pin="4"/><net_sink comp="529" pin=0"/></net>

<net id="534"><net_src comp="90" pin="0"/><net_sink comp="529" pin=1"/></net>

<net id="539"><net_src comp="242" pin="4"/><net_sink comp="535" pin=0"/></net>

<net id="540"><net_src comp="92" pin="0"/><net_sink comp="535" pin=1"/></net>

<net id="544"><net_src comp="242" pin="4"/><net_sink comp="541" pin=0"/></net>

<net id="549"><net_src comp="525" pin="1"/><net_sink comp="545" pin=1"/></net>

<net id="554"><net_src comp="541" pin="1"/><net_sink comp="550" pin=1"/></net>

<net id="560"><net_src comp="98" pin="0"/><net_sink comp="555" pin=0"/></net>

<net id="561"><net_src comp="545" pin="2"/><net_sink comp="555" pin=1"/></net>

<net id="562"><net_src comp="100" pin="0"/><net_sink comp="555" pin=2"/></net>

<net id="567"><net_src comp="545" pin="2"/><net_sink comp="563" pin=0"/></net>

<net id="568"><net_src comp="102" pin="0"/><net_sink comp="563" pin=1"/></net>

<net id="574"><net_src comp="98" pin="0"/><net_sink comp="569" pin=0"/></net>

<net id="575"><net_src comp="545" pin="2"/><net_sink comp="569" pin=1"/></net>

<net id="576"><net_src comp="100" pin="0"/><net_sink comp="569" pin=2"/></net>

<net id="582"><net_src comp="569" pin="3"/><net_sink comp="577" pin=0"/></net>

<net id="583"><net_src comp="54" pin="0"/><net_sink comp="577" pin=1"/></net>

<net id="584"><net_src comp="104" pin="0"/><net_sink comp="577" pin=2"/></net>

<net id="589"><net_src comp="555" pin="3"/><net_sink comp="585" pin=0"/></net>

<net id="590"><net_src comp="563" pin="2"/><net_sink comp="585" pin=1"/></net>

<net id="596"><net_src comp="585" pin="2"/><net_sink comp="591" pin=0"/></net>

<net id="597"><net_src comp="577" pin="3"/><net_sink comp="591" pin=1"/></net>

<net id="598"><net_src comp="550" pin="2"/><net_sink comp="591" pin=2"/></net>

<net id="602"><net_src comp="591" pin="3"/><net_sink comp="599" pin=0"/></net>

<net id="607"><net_src comp="599" pin="1"/><net_sink comp="603" pin=1"/></net>

<net id="611"><net_src comp="603" pin="2"/><net_sink comp="608" pin=0"/></net>

<net id="612"><net_src comp="608" pin="1"/><net_sink comp="170" pin=2"/></net>

<net id="616"><net_src comp="613" pin="1"/><net_sink comp="266" pin=1"/></net>

<net id="620"><net_src comp="205" pin="1"/><net_sink comp="617" pin=0"/></net>

<net id="621"><net_src comp="617" pin="1"/><net_sink comp="161" pin=2"/></net>

<net id="625"><net_src comp="120" pin="1"/><net_sink comp="622" pin=0"/></net>

<net id="626"><net_src comp="622" pin="1"/><net_sink comp="311" pin=1"/></net>

<net id="627"><net_src comp="622" pin="1"/><net_sink comp="316" pin=0"/></net>

<net id="628"><net_src comp="622" pin="1"/><net_sink comp="365" pin=1"/></net>

<net id="632"><net_src comp="130" pin="2"/><net_sink comp="629" pin=0"/></net>

<net id="633"><net_src comp="629" pin="1"/><net_sink comp="208" pin=2"/></net>

<net id="637"><net_src comp="284" pin="2"/><net_sink comp="634" pin=0"/></net>

<net id="638"><net_src comp="634" pin="1"/><net_sink comp="161" pin=1"/></net>

<net id="639"><net_src comp="634" pin="1"/><net_sink comp="142" pin=1"/></net>

<net id="643"><net_src comp="305" pin="2"/><net_sink comp="640" pin=0"/></net>

<net id="644"><net_src comp="640" pin="1"/><net_sink comp="149" pin=1"/></net>

<net id="645"><net_src comp="640" pin="1"/><net_sink comp="156" pin=1"/></net>

<net id="652"><net_src comp="329" pin="2"/><net_sink comp="649" pin=0"/></net>

<net id="653"><net_src comp="649" pin="1"/><net_sink comp="365" pin=0"/></net>

<net id="657"><net_src comp="341" pin="1"/><net_sink comp="654" pin=0"/></net>

<net id="658"><net_src comp="654" pin="1"/><net_sink comp="440" pin=0"/></net>

<net id="662"><net_src comp="345" pin="1"/><net_sink comp="659" pin=0"/></net>

<net id="663"><net_src comp="659" pin="1"/><net_sink comp="445" pin=0"/></net>

<net id="667"><net_src comp="349" pin="1"/><net_sink comp="664" pin=0"/></net>

<net id="668"><net_src comp="664" pin="1"/><net_sink comp="369" pin=0"/></net>

<net id="675"><net_src comp="359" pin="2"/><net_sink comp="672" pin=0"/></net>

<net id="676"><net_src comp="672" pin="1"/><net_sink comp="187" pin=0"/></net>

<net id="680"><net_src comp="374" pin="1"/><net_sink comp="677" pin=0"/></net>

<net id="681"><net_src comp="677" pin="1"/><net_sink comp="545" pin=0"/></net>

<net id="685"><net_src comp="378" pin="1"/><net_sink comp="682" pin=0"/></net>

<net id="686"><net_src comp="682" pin="1"/><net_sink comp="550" pin=0"/></net>

<net id="690"><net_src comp="404" pin="1"/><net_sink comp="687" pin=0"/></net>

<net id="691"><net_src comp="687" pin="1"/><net_sink comp="498" pin=0"/></net>

<net id="698"><net_src comp="414" pin="2"/><net_sink comp="695" pin=0"/></net>

<net id="699"><net_src comp="695" pin="1"/><net_sink comp="198" pin=0"/></net>

<net id="706"><net_src comp="430" pin="2"/><net_sink comp="703" pin=0"/></net>

<net id="707"><net_src comp="703" pin="1"/><net_sink comp="219" pin=2"/></net>

<net id="711"><net_src comp="519" pin="2"/><net_sink comp="708" pin=0"/></net>

<net id="712"><net_src comp="708" pin="1"/><net_sink comp="603" pin=0"/></net>

<net id="719"><net_src comp="535" pin="2"/><net_sink comp="716" pin=0"/></net>

<net id="720"><net_src comp="716" pin="1"/><net_sink comp="242" pin=2"/></net>

<net id="724"><net_src comp="170" pin="3"/><net_sink comp="721" pin=0"/></net>

<net id="725"><net_src comp="721" pin="1"/><net_sink comp="177" pin=0"/></net>

<net id="729"><net_src comp="177" pin="3"/><net_sink comp="726" pin=0"/></net>

<net id="730"><net_src comp="726" pin="1"/><net_sink comp="266" pin=0"/></net>

<net id="734"><net_src comp="156" pin="2"/><net_sink comp="731" pin=0"/></net>

<net id="735"><net_src comp="731" pin="1"/><net_sink comp="613" pin=0"/></net>

<net id="739"><net_src comp="613" pin="1"/><net_sink comp="736" pin=0"/></net>

<net id="740"><net_src comp="736" pin="1"/><net_sink comp="266" pin=1"/></net>

<net id="744"><net_src comp="266" pin="2"/><net_sink comp="741" pin=0"/></net>

<net id="745"><net_src comp="741" pin="1"/><net_sink comp="261" pin=1"/></net>

<net id="749"><net_src comp="261" pin="2"/><net_sink comp="746" pin=0"/></net>

<net id="750"><net_src comp="746" pin="1"/><net_sink comp="253" pin=2"/></net>

</net_list>

</model> 
---------------- Datapath Model END ------------------

* FSMD analyzer results:
  - Output states:
	Port: gmem_wgt | {}
	Port: gmem_out | {1 23 24 25 26 27 28 }
	Port: feat2 | {}
 - Input state : 
	Port: conv3 : gmem_wgt | {4 5 6 7 8 9 10 11 15 }
	Port: conv3 : w | {1 }
	Port: conv3 : b_0_0_val | {1 }
	Port: conv3 : gmem_out | {}
	Port: conv3 : out_ftmap | {1 }
	Port: conv3 : feat2 | {14 15 }
  - Chain level:
	State 1
		sext_ln13 : 1
		gmem_out_addr : 2
		empty : 3
		sext_ln18 : 1
		gmem_wgt_addr : 2
		store_ln13 : 1
	State 2
		zext_ln13 : 1
		icmp_ln13 : 1
		add_ln13 : 1
		br_ln13 : 2
		add_ln20 : 2
		sext_ln20 : 3
		trunc_ln20 : 3
	State 3
		zext_ln14 : 1
		icmp_ln14 : 1
		add_ln14 : 1
		br_ln14 : 2
	State 4
	State 5
	State 6
	State 7
	State 8
	State 9
	State 10
	State 11
		sext_ln31 : 1
		trunc_ln31 : 1
	State 12
		zext_ln41 : 1
		tmp : 1
		zext_ln41_1 : 2
		sub_ln41 : 3
		sext_ln18_1 : 4
		icmp_ln18 : 1
		add_ln18 : 1
		br_ln18 : 2
	State 13
		zext_ln19 : 1
		icmp_ln19 : 1
		add_ln19 : 1
		br_ln19 : 2
		zext_ln20 : 1
		add_ln20_1 : 2
		add_ln22 : 2
		tmp_5 : 3
		icmp_ln24 : 3
		tmp_6 : 3
		select_ln22 : 4
		or_ln22 : 4
		iy : 5
		zext_ln41_2 : 6
		add_ln41 : 7
		sext_ln41 : 8
		trunc_ln41 : 8
		p_shl1 : 9
		sub_ln41_1 : 10
	State 14
		zext_ln30 : 1
		icmp_ln30 : 1
		add_ln30 : 1
		br_ln30 : 2
		zext_ln31 : 1
		add_ln31_1 : 2
		add_ln33 : 2
		tmp_7 : 3
		icmp_ln35 : 3
		tmp_8 : 3
		select_ln33 : 4
		or_ln33 : 4
		ix : 5
		zext_ln41_3 : 6
		add_ln41_1 : 7
		zext_ln41_4 : 8
		feat2_addr : 9
		feat2_load : 10
	State 15
	State 16
		mul : 1
	State 17
	State 18
	State 19
	State 20
	State 21
	State 22
	State 23
		write_ln46 : 1
	State 24
	State 25
	State 26
	State 27
	State 28


============================================================
+ Verbose Summary: Datapath Resource usage 
============================================================

* Functional unit list:
|----------|--------------------------------|---------|---------|---------|
| Operation|         Functional Unit        |   DSP   |    FF   |   LUT   |
|----------|--------------------------------|---------|---------|---------|
|   fadd   |           grp_fu_261           |    2    |   227   |   214   |
|----------|--------------------------------|---------|---------|---------|
|   fmul   |           grp_fu_266           |    3    |   128   |   135   |
|----------|--------------------------------|---------|---------|---------|
|          |         add_ln13_fu_329        |    0    |    0    |    15   |
|          |         add_ln20_fu_335        |    0    |    0    |    15   |
|          |         add_ln14_fu_359        |    0    |    0    |    15   |
|          |         add_ln31_fu_369        |    0    |    0    |    15   |
|          |         add_ln18_fu_414        |    0    |    0    |    13   |
|          |         add_ln19_fu_430        |    0    |    0    |    10   |
|    add   |        add_ln20_1_fu_440       |    0    |    0    |    16   |
|          |         add_ln22_fu_445        |    0    |    0    |    15   |
|          |         add_ln41_fu_498        |    0    |    0    |    22   |
|          |         add_ln30_fu_535        |    0    |    0    |    10   |
|          |        add_ln31_1_fu_545       |    0    |    0    |    16   |
|          |         add_ln33_fu_550        |    0    |    0    |    15   |
|          |        add_ln41_1_fu_603       |    0    |    0    |    28   |
|----------|--------------------------------|---------|---------|---------|
|          |        icmp_ln13_fu_323        |    0    |    0    |    15   |
|          |        icmp_ln14_fu_353        |    0    |    0    |    15   |
|          |        icmp_ln18_fu_408        |    0    |    0    |    13   |
|   icmp   |        icmp_ln19_fu_424        |    0    |    0    |    10   |
|          |        icmp_ln24_fu_458        |    0    |    0    |    17   |
|          |        icmp_ln30_fu_529        |    0    |    0    |    10   |
|          |        icmp_ln35_fu_563        |    0    |    0    |    17   |
|----------|--------------------------------|---------|---------|---------|
|    sub   |         sub_ln41_fu_398        |    0    |    0    |    21   |
|          |        sub_ln41_1_fu_519       |    0    |    0    |    28   |
|----------|--------------------------------|---------|---------|---------|
|          |       select_ln22_fu_472       |    0    |    0    |    8    |
|  select  |            iy_fu_486           |    0    |    0    |    8    |
|          |       select_ln33_fu_577       |    0    |    0    |    8    |
|          |            ix_fu_591           |    0    |    0    |    8    |
|----------|--------------------------------|---------|---------|---------|
|    or    |         or_ln22_fu_480         |    0    |    0    |    2    |
|          |         or_ln33_fu_585         |    0    |    0    |    2    |
|----------|--------------------------------|---------|---------|---------|
|          |   out_ftmap_read_read_fu_124   |    0    |    0    |    0    |
|   read   |   b_0_0_val_read_read_fu_130   |    0    |    0    |    0    |
|          |       w_read_read_fu_136       |    0    |    0    |    0    |
|          | gmem_wgt_addr_read_read_fu_156 |    0    |    0    |    0    |
|----------|--------------------------------|---------|---------|---------|
| writeresp|      grp_writeresp_fu_142      |    0    |    0    |    0    |
|----------|--------------------------------|---------|---------|---------|
|  readreq |       grp_readreq_fu_149       |    0    |    0    |    0    |
|----------|--------------------------------|---------|---------|---------|
|   write  |     write_ln46_write_fu_161    |    0    |    0    |    0    |
|----------|--------------------------------|---------|---------|---------|
|partselect|         trunc_ln_fu_270        |    0    |    0    |    0    |
|          |        trunc_ln1_fu_291        |    0    |    0    |    0    |
|----------|--------------------------------|---------|---------|---------|
|          |        sext_ln13_fu_280        |    0    |    0    |    0    |
|          |        sext_ln18_fu_301        |    0    |    0    |    0    |
|   sext   |        sext_ln20_fu_341        |    0    |    0    |    0    |
|          |        sext_ln31_fu_374        |    0    |    0    |    0    |
|          |       sext_ln18_1_fu_404       |    0    |    0    |    0    |
|          |        sext_ln41_fu_503        |    0    |    0    |    0    |
|----------|--------------------------------|---------|---------|---------|
|          |        zext_ln13_fu_319        |    0    |    0    |    0    |
|          |        zext_ln14_fu_349        |    0    |    0    |    0    |
|          |        zext_ln41_fu_382        |    0    |    0    |    0    |
|          |       zext_ln41_1_fu_394       |    0    |    0    |    0    |
|          |        zext_ln19_fu_420        |    0    |    0    |    0    |
|   zext   |        zext_ln20_fu_436        |    0    |    0    |    0    |
|          |       zext_ln41_2_fu_494       |    0    |    0    |    0    |
|          |        zext_ln30_fu_525        |    0    |    0    |    0    |
|          |        zext_ln31_fu_541        |    0    |    0    |    0    |
|          |       zext_ln41_3_fu_599       |    0    |    0    |    0    |
|          |       zext_ln41_4_fu_608       |    0    |    0    |    0    |
|----------|--------------------------------|---------|---------|---------|
|          |        trunc_ln20_fu_345       |    0    |    0    |    0    |
|   trunc  |        trunc_ln31_fu_378       |    0    |    0    |    0    |
|          |        trunc_ln41_fu_507       |    0    |    0    |    0    |
|----------|--------------------------------|---------|---------|---------|
|bitconcatenate|           tmp_fu_386           |    0    |    0    |    0    |
|          |          p_shl1_fu_511         |    0    |    0    |    0    |
|----------|--------------------------------|---------|---------|---------|
|          |          tmp_5_fu_450          |    0    |    0    |    0    |
| bitselect|          tmp_6_fu_464          |    0    |    0    |    0    |
|          |          tmp_7_fu_555          |    0    |    0    |    0    |
|          |          tmp_8_fu_569          |    0    |    0    |    0    |
|----------|--------------------------------|---------|---------|---------|
|   Total  |                                |    5    |   355   |   736   |
|----------|--------------------------------|---------|---------|---------|

Memories:
N/A

* Register list:
+--------------------------+--------+
|                          |   FF   |
+--------------------------+--------+
|       acc_3_reg_746      |   32   |
|       acc_4_reg_226      |   32   |
|       acc_5_reg_249      |   32   |
|        acc_reg_205       |   32   |
|     add_ln13_reg_649     |    8   |
|     add_ln14_reg_672     |    8   |
|     add_ln18_reg_695     |    6   |
|     add_ln19_reg_703     |    3   |
|     add_ln30_reg_716     |    3   |
|  b_0_0_val_read_reg_629  |   32   |
|   bitcast_ln41_reg_736   |   32   |
|    feat2_addr_reg_721    |   21   |
|    feat2_load_reg_726    |   32   |
|   gmem_out_addr_reg_634  |   32   |
|gmem_wgt_addr_read_reg_731|   32   |
|   gmem_wgt_addr_reg_640  |   32   |
|        ic_reg_194        |    6   |
|        kx_reg_238        |    3   |
|        ky_reg_215        |    3   |
|        mul_reg_741       |   32   |
|    sext_ln18_1_reg_687   |   16   |
|     sext_ln20_reg_654    |   10   |
|     sext_ln31_reg_677    |   10   |
|    sub_ln41_1_reg_708    |   21   |
|    trunc_ln20_reg_659    |    8   |
|    trunc_ln31_reg_682    |    8   |
|         x_reg_183        |    8   |
|         y_reg_622        |    8   |
|     zext_ln14_reg_664    |    9   |
+--------------------------+--------+
|           Total          |   511  |
+--------------------------+--------+

* Multiplexer (MUX) list: 
|----------------------|------|------|------|--------||---------||---------|
|         Comp         |  Pin | Size |  BW  | S x BW ||  Delay  ||   LUT   |
|----------------------|------|------|------|--------||---------||---------|
| grp_writeresp_fu_142 |  p0  |   2  |   1  |    2   |
| grp_writeresp_fu_142 |  p1  |   2  |  32  |   64   ||    9    |
|   grp_access_fu_177  |  p0  |   2  |  21  |   42   ||    9    |
|      grp_fu_266      |  p1  |   2  |  32  |   64   ||    9    |
|----------------------|------|------|------|--------||---------||---------|
|         Total        |      |      |      |   172  ||  1.708  ||    27   |
|----------------------|------|------|------|--------||---------||---------|



* Summary:
+-----------+--------+--------+--------+--------+
|           |   DSP  |  Delay |   FF   |   LUT  |
+-----------+--------+--------+--------+--------+
|  Function |    5   |    -   |   355  |   736  |
|   Memory  |    -   |    -   |    -   |    -   |
|Multiplexer|    -   |    1   |    -   |   27   |
|  Register |    -   |    -   |   511  |    -   |
+-----------+--------+--------+--------+--------+
|   Total   |    5   |    1   |   866  |   763  |
+-----------+--------+--------+--------+--------+
