

================================================================
== Vitis HLS Report for 'conv1_Pipeline_VITIS_LOOP_96_3'
================================================================
* Date:           Fri Oct 31 01:54:37 2025

* Version:        2023.1 (Build 3854077 on May  4 2023)
* Project:        srcnn_hls
* Solution:       solution1 (Vivado IP Flow Target)
* Product family: zynquplus
* Target device:  xck26-sfvc784-2LV-c


================================================================
== Performance Estimates
================================================================
+ Timing: 
    * Summary: 
    +--------+----------+----------+------------+
    |  Clock |  Target  | Estimated| Uncertainty|
    +--------+----------+----------+------------+
    |ap_clk  |  10.00 ns|  7.300 ns|     2.70 ns|
    +--------+----------+----------+------------+

+ Latency: 
    * Summary: 
    +---------+---------+-----------+-----------+------+------+---------+
    |  Latency (cycles) |   Latency (absolute)  |   Interval  | Pipeline|
    |   min   |   max   |    min    |    max    |  min |  max |   Type  |
    +---------+---------+-----------+-----------+------+------+---------+
    |     8214|     8214|  82.140 us|  82.140 us|  8214|  8214|       no|
    +---------+---------+-----------+-----------+------+------+---------+

    + Detail: 
        * Instance: 
        N/A

        * Loop: 
        +---------------------------------------------------+---------+---------+----------+-----------+-----------+------+----------+
        |                                                   |  Latency (cycles) | Iteration|  Initiation Interval  | Trip |          |
        |                     Loop Name                     |   min   |   max   |  Latency |  achieved |   target  | Count| Pipelined|
        +---------------------------------------------------+---------+---------+----------+-----------+-----------+------+----------+
        |- VITIS_LOOP_94_1_VITIS_LOOP_95_2_VITIS_LOOP_96_3  |     8212|     8212|        22|          1|          1|  8192|       yes|
        +---------------------------------------------------+---------+---------+----------+-----------+-----------+------+----------+

============================================================
+ Verbose Summary: Synthesis Manager
============================================================
InlineROM: 1
ExposeGlobal: 0
============================================================
+ Verbose Summary: CDFG Model
============================================================
IsTopModel: 0
ResetActiveHigh: 1
IsCombinational: 0
IsDatapathOnly: 0
HasWiredReturn: 1
HasMFsm: 2
HasVarLatency: 1
IsPipeline: 0
IsRtlPipelined: 0
IsInstanceOverlapped: 0
IsDontTouch: 0
HasImplIP: 0
IsGatedGlobalClock: 0

+ Individual pipeline summary: 
  * Pipeline-0: initiation interval (II) = 1, depth = 23


============================================================
+ Verbose Summary: Schedule
============================================================
* Number of FSM states : 23
* Pipeline : 1
  Pipeline-0 : II = 1, D = 23, States = { 1 2 3 4 5 6 7 8 9 10 11 12 13 14 15 16 17 18 19 20 21 22 23 }
* Dataflow Pipeline: 0

* FSM state transitions: 
1 --> 2 
2 --> 3 
3 --> 4 
4 --> 5 
5 --> 6 
6 --> 7 
7 --> 8 
8 --> 9 
9 --> 10 
10 --> 11 
11 --> 12 
12 --> 13 
13 --> 14 
14 --> 15 
15 --> 16 
16 --> 17 
17 --> 18 
18 --> 19 
19 --> 20 
20 --> 21 
21 --> 22 
22 --> 23 
23 --> 

* FSM state operations: 

State 1 <SV = 0> <Delay = 0.42>
ST_1 : Operation 25 [1/1] (0.00ns)   --->   "%tw = alloca i32 1"   --->   Operation 25 'alloca' 'tw' <Predicate = true> <Delay = 0.00>
ST_1 : Operation 26 [1/1] (0.00ns)   --->   "%th = alloca i32 1"   --->   Operation 26 'alloca' 'th' <Predicate = true> <Delay = 0.00>
ST_1 : Operation 27 [1/1] (0.00ns)   --->   "%indvar_flatten156 = alloca i32 1"   --->   Operation 27 'alloca' 'indvar_flatten156' <Predicate = true> <Delay = 0.00>
ST_1 : Operation 28 [1/1] (0.00ns)   --->   "%tn = alloca i32 1"   --->   Operation 28 'alloca' 'tn' <Predicate = true> <Delay = 0.00>
ST_1 : Operation 29 [1/1] (0.00ns)   --->   "%indvar_flatten220 = alloca i32 1"   --->   Operation 29 'alloca' 'indvar_flatten220' <Predicate = true> <Delay = 0.00>
ST_1 : Operation 30 [1/1] (0.00ns)   --->   "%specinterface_ln0 = specinterface void @_ssdm_op_SpecInterface, i32 %w1, void @empty_39, i32 0, i32 0, void @empty_40, i32 0, i32 5184, void @empty_43, void @empty_42, void @empty_40, i32 16, i32 16, i32 16, i32 16, void @empty_40, void @empty_40, i32 4294967295, i32 0"   --->   Operation 30 'specinterface' 'specinterface_ln0' <Predicate = true> <Delay = 0.00>
ST_1 : Operation 31 [1/1] (0.00ns)   --->   "%specinterface_ln0 = specinterface void @_ssdm_op_SpecInterface, i32 %feat, void @empty_39, i32 0, i32 0, void @empty_40, i32 0, i32 4161600, void @empty_44, void @empty_42, void @empty_40, i32 16, i32 16, i32 16, i32 16, void @empty_40, void @empty_40, i32 4294967295, i32 0"   --->   Operation 31 'specinterface' 'specinterface_ln0' <Predicate = true> <Delay = 0.00>
ST_1 : Operation 32 [1/1] (0.00ns)   --->   "%tmp5_read = read i64 @_ssdm_op_Read.ap_auto.i64, i64 %tmp5"   --->   Operation 32 'read' 'tmp5_read' <Predicate = true> <Delay = 0.00>
ST_1 : Operation 33 [1/1] (0.00ns)   --->   "%b_read = read i64 @_ssdm_op_Read.ap_auto.i64, i64 %b"   --->   Operation 33 'read' 'b_read' <Predicate = true> <Delay = 0.00>
ST_1 : Operation 34 [1/1] (0.00ns)   --->   "%zext_ln124_1_read = read i8 @_ssdm_op_Read.ap_auto.i8, i8 %zext_ln124_1"   --->   Operation 34 'read' 'zext_ln124_1_read' <Predicate = true> <Delay = 0.00>
ST_1 : Operation 35 [1/1] (0.00ns)   --->   "%select_ln94_read = read i6 @_ssdm_op_Read.ap_auto.i6, i6 %select_ln94"   --->   Operation 35 'read' 'select_ln94_read' <Predicate = true> <Delay = 0.00>
ST_1 : Operation 36 [1/1] (0.00ns)   --->   "%select_ln121_5_read = read i8 @_ssdm_op_Read.ap_auto.i8, i8 %select_ln121_5"   --->   Operation 36 'read' 'select_ln121_5_read' <Predicate = true> <Delay = 0.00>
ST_1 : Operation 37 [1/1] (0.00ns)   --->   "%select_ln121_6_read = read i9 @_ssdm_op_Read.ap_auto.i9, i9 %select_ln121_6"   --->   Operation 37 'read' 'select_ln121_6_read' <Predicate = true> <Delay = 0.00>
ST_1 : Operation 38 [1/1] (0.00ns)   --->   "%trunc_ln117_mid2_read = read i6 @_ssdm_op_Read.ap_auto.i6, i6 %trunc_ln117_mid2"   --->   Operation 38 'read' 'trunc_ln117_mid2_read' <Predicate = true> <Delay = 0.00>
ST_1 : Operation 39 [1/1] (0.42ns)   --->   "%store_ln0 = store i14 0, i14 %indvar_flatten220"   --->   Operation 39 'store' 'store_ln0' <Predicate = true> <Delay = 0.42>
ST_1 : Operation 40 [1/1] (0.42ns)   --->   "%store_ln0 = store i4 0, i4 %tn"   --->   Operation 40 'store' 'store_ln0' <Predicate = true> <Delay = 0.42>
ST_1 : Operation 41 [1/1] (0.42ns)   --->   "%store_ln0 = store i12 0, i12 %indvar_flatten156"   --->   Operation 41 'store' 'store_ln0' <Predicate = true> <Delay = 0.42>
ST_1 : Operation 42 [1/1] (0.42ns)   --->   "%store_ln0 = store i6 0, i6 %th"   --->   Operation 42 'store' 'store_ln0' <Predicate = true> <Delay = 0.42>
ST_1 : Operation 43 [1/1] (0.42ns)   --->   "%store_ln0 = store i6 0, i6 %tw"   --->   Operation 43 'store' 'store_ln0' <Predicate = true> <Delay = 0.42>
ST_1 : Operation 44 [1/1] (0.42ns)   --->   "%br_ln0 = br void %for.body8.i"   --->   Operation 44 'br' 'br_ln0' <Predicate = true> <Delay = 0.42>

State 2 <SV = 1> <Delay = 6.08>
ST_2 : Operation 45 [1/1] (0.00ns)   --->   "%first_iter_0 = phi i1 1, void %newFuncRoot, i1 0, void %new.latch.for.inc.i18"   --->   Operation 45 'phi' 'first_iter_0' <Predicate = true> <Delay = 0.00>
ST_2 : Operation 46 [1/1] (0.00ns)   --->   "%th_4 = load i6 %th" [src/conv1.cpp:95->src/conv1.cpp:144]   --->   Operation 46 'load' 'th_4' <Predicate = true> <Delay = 0.00>
ST_2 : Operation 47 [1/1] (0.00ns)   --->   "%indvar_flatten156_load = load i12 %indvar_flatten156" [src/conv1.cpp:95->src/conv1.cpp:144]   --->   Operation 47 'load' 'indvar_flatten156_load' <Predicate = true> <Delay = 0.00>
ST_2 : Operation 48 [1/1] (0.00ns)   --->   "%tn_3 = load i4 %tn" [src/conv1.cpp:94->src/conv1.cpp:144]   --->   Operation 48 'load' 'tn_3' <Predicate = true> <Delay = 0.00>
ST_2 : Operation 49 [1/1] (0.00ns)   --->   "%indvar_flatten220_load = load i14 %indvar_flatten220" [src/conv1.cpp:94->src/conv1.cpp:144]   --->   Operation 49 'load' 'indvar_flatten220_load' <Predicate = true> <Delay = 0.00>
ST_2 : Operation 50 [1/1] (0.00ns)   --->   "%zext_ln94 = zext i4 %tn_3" [src/conv1.cpp:94->src/conv1.cpp:144]   --->   Operation 50 'zext' 'zext_ln94' <Predicate = true> <Delay = 0.00>
ST_2 : Operation 51 [1/1] (0.78ns)   --->   "%empty = add i6 %zext_ln94, i6 %trunc_ln117_mid2_read" [src/conv1.cpp:94->src/conv1.cpp:144]   --->   Operation 51 'add' 'empty' <Predicate = true> <Delay = 0.78> <CoreInst = "Adder">   --->   Core 1 'Adder' <Latency = 0> <II = 1> <Delay = 0.78> <FuncUnit> <Opcode : 'add' 'sub'> <InPorts = 2> <OutPorts = 1>
ST_2 : Operation 52 [1/1] (0.00ns)   --->   "%p_cast39 = zext i6 %empty" [src/conv1.cpp:94->src/conv1.cpp:144]   --->   Operation 52 'zext' 'p_cast39' <Predicate = true> <Delay = 0.00>
ST_2 : Operation 53 [1/1] (2.49ns)   --->   "%empty_74 = mul i24 %p_cast39, i24 260100" [src/conv1.cpp:94->src/conv1.cpp:144]   --->   Operation 53 'mul' 'empty_74' <Predicate = true> <Delay = 2.49> <CoreInst = "Multiplier">   --->   Core 3 'Multiplier' <Latency = 0> <II = 1> <Delay = 2.49> <FuncUnit> <Opcode : 'mul'> <InPorts = 2> <OutPorts = 1>
ST_2 : Operation 54 [1/1] (0.00ns)   --->   "%zext_ln95 = zext i24 %empty_74" [src/conv1.cpp:95->src/conv1.cpp:144]   --->   Operation 54 'zext' 'zext_ln95' <Predicate = true> <Delay = 0.00>
ST_2 : Operation 55 [1/1] (0.00ns)   --->   "%zext_ln95_1 = zext i6 %th_4" [src/conv1.cpp:95->src/conv1.cpp:144]   --->   Operation 55 'zext' 'zext_ln95_1' <Predicate = true> <Delay = 0.00>
ST_2 : Operation 56 [1/1] (0.00ns)   --->   "%zext_ln95_2 = zext i6 %th_4" [src/conv1.cpp:95->src/conv1.cpp:144]   --->   Operation 56 'zext' 'zext_ln95_2' <Predicate = true> <Delay = 0.00>
ST_2 : Operation 57 [1/1] (0.77ns)   --->   "%empty_75 = add i9 %zext_ln95_1, i9 %select_ln121_6_read" [src/conv1.cpp:95->src/conv1.cpp:144]   --->   Operation 57 'add' 'empty_75' <Predicate = true> <Delay = 0.77> <CoreInst = "Adder">   --->   Core 1 'Adder' <Latency = 0> <II = 1> <Delay = 0.77> <FuncUnit> <Opcode : 'add' 'sub'> <InPorts = 2> <OutPorts = 1>
ST_2 : Operation 58 [1/1] (0.00ns)   --->   "%p_shl2 = bitconcatenate i19 @_ssdm_op_BitConcatenate.i19.i9.i10, i9 %empty_75, i10 0" [src/conv1.cpp:95->src/conv1.cpp:144]   --->   Operation 58 'bitconcatenate' 'p_shl2' <Predicate = true> <Delay = 0.00>
ST_2 : Operation 59 [1/1] (0.00ns)   --->   "%p_shl2_cast = zext i19 %p_shl2" [src/conv1.cpp:95->src/conv1.cpp:144]   --->   Operation 59 'zext' 'p_shl2_cast' <Predicate = true> <Delay = 0.00>
ST_2 : Operation 60 [1/1] (0.00ns)   --->   "%p_shl3 = bitconcatenate i11 @_ssdm_op_BitConcatenate.i11.i9.i2, i9 %empty_75, i2 0" [src/conv1.cpp:95->src/conv1.cpp:144]   --->   Operation 60 'bitconcatenate' 'p_shl3' <Predicate = true> <Delay = 0.00>
ST_2 : Operation 61 [1/1] (0.00ns)   --->   "%p_shl3_cast = zext i11 %p_shl3" [src/conv1.cpp:95->src/conv1.cpp:144]   --->   Operation 61 'zext' 'p_shl3_cast' <Predicate = true> <Delay = 0.00>
ST_2 : Operation 62 [1/1] (0.88ns)   --->   "%empty_76 = sub i20 %p_shl2_cast, i20 %p_shl3_cast" [src/conv1.cpp:95->src/conv1.cpp:144]   --->   Operation 62 'sub' 'empty_76' <Predicate = true> <Delay = 0.88> <CoreInst = "Adder">   --->   Core 1 'Adder' <Latency = 0> <II = 1> <Delay = 0.88> <FuncUnit> <Opcode : 'add' 'sub'> <InPorts = 2> <OutPorts = 1>
ST_2 : Operation 63 [1/1] (0.00ns)   --->   "%p_cast21 = sext i20 %empty_76" [src/conv1.cpp:95->src/conv1.cpp:144]   --->   Operation 63 'sext' 'p_cast21' <Predicate = true> <Delay = 0.00>
ST_2 : Operation 64 [1/1] (0.93ns)   --->   "%tmp6 = add i25 %zext_ln95, i25 %p_cast21" [src/conv1.cpp:95->src/conv1.cpp:144]   --->   Operation 64 'add' 'tmp6' <Predicate = true> <Delay = 0.93> <CoreInst = "Adder">   --->   Core 1 'Adder' <Latency = 0> <II = 1> <Delay = 0.93> <FuncUnit> <Opcode : 'add' 'sub'> <InPorts = 2> <OutPorts = 1>
ST_2 : Operation 65 [1/1] (0.76ns)   --->   "%cmp10_i = icmp_ult  i8 %zext_ln95_2, i8 %select_ln121_5_read" [src/conv1.cpp:95->src/conv1.cpp:144]   --->   Operation 65 'icmp' 'cmp10_i' <Predicate = true> <Delay = 0.76> <CoreInst = "Cmp">   --->   Core 9 'Cmp' <Latency = 0> <II = 1> <Delay = 0.76> <FuncUnit> <Opcode : 'icmp'> <InPorts = 2> <OutPorts = 1>
ST_2 : Operation 66 [1/1] (0.38ns)   --->   "%select_ln96 = select i1 %cmp10_i, i6 %select_ln94_read, i6 0" [src/conv1.cpp:96->src/conv1.cpp:144]   --->   Operation 66 'select' 'select_ln96' <Predicate = true> <Delay = 0.38> <CoreInst = "Sel">   --->   Core 73 'Sel' <Latency = 0> <II = 1> <Delay = 0.38> <FuncUnit> <Opcode : 'select'> <InPorts = 3> <OutPorts = 1>
ST_2 : Operation 67 [1/1] (0.83ns)   --->   "%icmp_ln94 = icmp_eq  i14 %indvar_flatten220_load, i14 8192" [src/conv1.cpp:94->src/conv1.cpp:144]   --->   Operation 67 'icmp' 'icmp_ln94' <Predicate = true> <Delay = 0.83> <CoreInst = "Cmp">   --->   Core 9 'Cmp' <Latency = 0> <II = 1> <Delay = 0.83> <FuncUnit> <Opcode : 'icmp'> <InPorts = 2> <OutPorts = 1>
ST_2 : Operation 68 [1/1] (0.83ns)   --->   "%add_ln94_4 = add i14 %indvar_flatten220_load, i14 1" [src/conv1.cpp:94->src/conv1.cpp:144]   --->   Operation 68 'add' 'add_ln94_4' <Predicate = true> <Delay = 0.83> <CoreInst = "Adder">   --->   Core 1 'Adder' <Latency = 0> <II = 1> <Delay = 0.83> <FuncUnit> <Opcode : 'add' 'sub'> <InPorts = 2> <OutPorts = 1>
ST_2 : Operation 69 [1/1] (0.00ns)   --->   "%br_ln94 = br i1 %icmp_ln94, void %for.inc35.i, void %_ZL17store_out_tile_c1PA32_A32_fPA255_A255_fiiiiiiPf.exit.exitStub" [src/conv1.cpp:94->src/conv1.cpp:144]   --->   Operation 69 'br' 'br_ln94' <Predicate = true> <Delay = 0.00>
ST_2 : Operation 70 [1/1] (0.00ns)   --->   "%tw_load = load i6 %tw" [src/conv1.cpp:96->src/conv1.cpp:144]   --->   Operation 70 'load' 'tw_load' <Predicate = (!icmp_ln94)> <Delay = 0.00>
ST_2 : Operation 71 [1/1] (0.79ns)   --->   "%add_ln94 = add i4 %tn_3, i4 1" [src/conv1.cpp:94->src/conv1.cpp:144]   --->   Operation 71 'add' 'add_ln94' <Predicate = (!icmp_ln94)> <Delay = 0.79> <CoreInst = "Adder">   --->   Core 1 'Adder' <Latency = 0> <II = 1> <Delay = 0.79> <FuncUnit> <Opcode : 'add' 'sub'> <InPorts = 2> <OutPorts = 1>
ST_2 : Operation 72 [1/1] (0.80ns)   --->   "%icmp_ln95 = icmp_eq  i12 %indvar_flatten156_load, i12 1024" [src/conv1.cpp:95->src/conv1.cpp:144]   --->   Operation 72 'icmp' 'icmp_ln95' <Predicate = (!icmp_ln94)> <Delay = 0.80> <CoreInst = "Cmp">   --->   Core 9 'Cmp' <Latency = 0> <II = 1> <Delay = 0.80> <FuncUnit> <Opcode : 'icmp'> <InPorts = 2> <OutPorts = 1>
ST_2 : Operation 73 [1/1] (0.38ns)   --->   "%select_ln94_1 = select i1 %icmp_ln95, i6 0, i6 %th_4" [src/conv1.cpp:94->src/conv1.cpp:144]   --->   Operation 73 'select' 'select_ln94_1' <Predicate = (!icmp_ln94)> <Delay = 0.38> <CoreInst = "Sel">   --->   Core 73 'Sel' <Latency = 0> <II = 1> <Delay = 0.38> <FuncUnit> <Opcode : 'select'> <InPorts = 3> <OutPorts = 1>
ST_2 : Operation 74 [1/1] (0.00ns) (grouped into LUT with out node or_ln95)   --->   "%or_ln94 = or i1 %icmp_ln95, i1 %first_iter_0" [src/conv1.cpp:94->src/conv1.cpp:144]   --->   Operation 74 'or' 'or_ln94' <Predicate = (!icmp_ln94)> <Delay = 0.00> <CoreInst = "LogicGate">   --->   Core 74 'LogicGate' <Latency = 0> <II = 1> <Delay = 0.28> <FuncUnit> <Opcode : 'and' 'or' 'xor'> <InPorts = 2> <OutPorts = 1>
ST_2 : Operation 75 [1/1] (0.39ns)   --->   "%select_ln94_2 = select i1 %icmp_ln95, i4 %add_ln94, i4 %tn_3" [src/conv1.cpp:94->src/conv1.cpp:144]   --->   Operation 75 'select' 'select_ln94_2' <Predicate = (!icmp_ln94)> <Delay = 0.39> <CoreInst = "Sel">   --->   Core 73 'Sel' <Latency = 0> <II = 1> <Delay = 0.39> <FuncUnit> <Opcode : 'select'> <InPorts = 3> <OutPorts = 1>
ST_2 : Operation 76 [1/1] (0.00ns)   --->   "%trunc_ln99 = trunc i4 %select_ln94_2" [src/conv1.cpp:99->src/conv1.cpp:144]   --->   Operation 76 'trunc' 'trunc_ln99' <Predicate = (!icmp_ln94)> <Delay = 0.00>
ST_2 : Operation 77 [1/1] (0.00ns)   --->   "%tmp_34_cast = bitconcatenate i8 @_ssdm_op_BitConcatenate.i8.i3.i5, i3 %trunc_ln99, i5 0" [src/conv1.cpp:99->src/conv1.cpp:144]   --->   Operation 77 'bitconcatenate' 'tmp_34_cast' <Predicate = (!icmp_ln94)> <Delay = 0.00>
ST_2 : Operation 78 [1/1] (0.00ns)   --->   "%zext_ln94_1 = zext i4 %add_ln94" [src/conv1.cpp:94->src/conv1.cpp:144]   --->   Operation 78 'zext' 'zext_ln94_1' <Predicate = (!icmp_ln94)> <Delay = 0.00>
ST_2 : Operation 79 [1/1] (0.78ns)   --->   "%p_mid1170 = add i6 %zext_ln94_1, i6 %trunc_ln117_mid2_read" [src/conv1.cpp:94->src/conv1.cpp:144]   --->   Operation 79 'add' 'p_mid1170' <Predicate = (!icmp_ln94)> <Delay = 0.78> <CoreInst = "Adder">   --->   Core 1 'Adder' <Latency = 0> <II = 1> <Delay = 0.78> <FuncUnit> <Opcode : 'add' 'sub'> <InPorts = 2> <OutPorts = 1>
ST_2 : Operation 80 [1/1] (0.00ns)   --->   "%p_cast39_mid1 = zext i6 %p_mid1170" [src/conv1.cpp:94->src/conv1.cpp:144]   --->   Operation 80 'zext' 'p_cast39_mid1' <Predicate = (!icmp_ln94)> <Delay = 0.00>
ST_2 : Operation 81 [1/1] (0.00ns) (grouped into LUT with out node add_ln94_3)   --->   "%select_ln94_3 = select i1 %icmp_ln95, i6 %p_mid1170, i6 %empty" [src/conv1.cpp:94->src/conv1.cpp:144]   --->   Operation 81 'select' 'select_ln94_3' <Predicate = (!icmp_ln94)> <Delay = 0.00> <CoreInst = "Sel">   --->   Core 73 'Sel' <Latency = 0> <II = 1> <Delay = 0.38> <FuncUnit> <Opcode : 'select'> <InPorts = 3> <OutPorts = 1>
ST_2 : Operation 82 [1/1] (0.00ns) (grouped into LUT with out node add_ln94_3)   --->   "%p_mid2175_v_v = bitconcatenate i8 @_ssdm_op_BitConcatenate.i8.i6.i2, i6 %select_ln94_3, i2 0" [src/conv1.cpp:94->src/conv1.cpp:144]   --->   Operation 82 'bitconcatenate' 'p_mid2175_v_v' <Predicate = (!icmp_ln94)> <Delay = 0.00>
ST_2 : Operation 83 [1/1] (0.00ns) (grouped into LUT with out node add_ln94_3)   --->   "%zext_ln94_2 = zext i8 %p_mid2175_v_v" [src/conv1.cpp:94->src/conv1.cpp:144]   --->   Operation 83 'zext' 'zext_ln94_2' <Predicate = (!icmp_ln94)> <Delay = 0.00>
ST_2 : Operation 84 [1/1] (1.08ns) (out node of the LUT)   --->   "%add_ln94_3 = add i64 %zext_ln94_2, i64 %b_read" [src/conv1.cpp:94->src/conv1.cpp:144]   --->   Operation 84 'add' 'add_ln94_3' <Predicate = (!icmp_ln94)> <Delay = 1.08> <CoreInst = "Adder">   --->   Core 1 'Adder' <Latency = 0> <II = 1> <Delay = 1.08> <FuncUnit> <Opcode : 'add' 'sub'> <InPorts = 2> <OutPorts = 1>
ST_2 : Operation 85 [1/1] (2.49ns)   --->   "%p_mid1176 = mul i24 %p_cast39_mid1, i24 260100" [src/conv1.cpp:94->src/conv1.cpp:144]   --->   Operation 85 'mul' 'p_mid1176' <Predicate = (!icmp_ln94)> <Delay = 2.49> <CoreInst = "Multiplier">   --->   Core 3 'Multiplier' <Latency = 0> <II = 1> <Delay = 2.49> <FuncUnit> <Opcode : 'mul'> <InPorts = 2> <OutPorts = 1>
ST_2 : Operation 86 [1/1] (0.00ns)   --->   "%zext_ln95_3 = zext i24 %p_mid1176" [src/conv1.cpp:95->src/conv1.cpp:144]   --->   Operation 86 'zext' 'zext_ln95_3' <Predicate = (!icmp_ln94)> <Delay = 0.00>
ST_2 : Operation 87 [1/1] (0.00ns) (grouped into LUT with out node tmp6_mid1)   --->   "%select_ln94_4 = select i1 %icmp_ln95, i24 %p_mid1176, i24 %empty_74" [src/conv1.cpp:94->src/conv1.cpp:144]   --->   Operation 87 'select' 'select_ln94_4' <Predicate = (!icmp_ln94)> <Delay = 0.00> <CoreInst = "Sel">   --->   Core 73 'Sel' <Latency = 0> <II = 1> <Delay = 0.32> <FuncUnit> <Opcode : 'select'> <InPorts = 3> <OutPorts = 1>
ST_2 : Operation 88 [1/1] (0.00ns) (grouped into LUT with out node tmp6_mid1)   --->   "%zext_ln94_3 = zext i24 %select_ln94_4" [src/conv1.cpp:94->src/conv1.cpp:144]   --->   Operation 88 'zext' 'zext_ln94_3' <Predicate = (!icmp_ln94)> <Delay = 0.00>
ST_2 : Operation 89 [1/1] (0.00ns)   --->   "%p_shl2_mid = bitconcatenate i19 @_ssdm_op_BitConcatenate.i19.i9.i10, i9 %select_ln121_6_read, i10 0"   --->   Operation 89 'bitconcatenate' 'p_shl2_mid' <Predicate = (!icmp_ln94)> <Delay = 0.00>
ST_2 : Operation 90 [1/1] (0.00ns)   --->   "%p_shl2_cast_mid1190 = zext i19 %p_shl2_mid"   --->   Operation 90 'zext' 'p_shl2_cast_mid1190' <Predicate = (!icmp_ln94)> <Delay = 0.00>
ST_2 : Operation 91 [1/1] (0.00ns)   --->   "%p_shl3_mid = bitconcatenate i11 @_ssdm_op_BitConcatenate.i11.i9.i2, i9 %select_ln121_6_read, i2 0"   --->   Operation 91 'bitconcatenate' 'p_shl3_mid' <Predicate = (!icmp_ln94)> <Delay = 0.00>
ST_2 : Operation 92 [1/1] (0.00ns)   --->   "%p_shl3_cast_mid1194 = zext i11 %p_shl3_mid"   --->   Operation 92 'zext' 'p_shl3_cast_mid1194' <Predicate = (!icmp_ln94)> <Delay = 0.00>
ST_2 : Operation 93 [1/1] (0.88ns)   --->   "%p_mid1196 = sub i20 %p_shl2_cast_mid1190, i20 %p_shl3_cast_mid1194"   --->   Operation 93 'sub' 'p_mid1196' <Predicate = (!icmp_ln94)> <Delay = 0.88> <CoreInst = "Adder">   --->   Core 1 'Adder' <Latency = 0> <II = 1> <Delay = 0.88> <FuncUnit> <Opcode : 'add' 'sub'> <InPorts = 2> <OutPorts = 1>
ST_2 : Operation 94 [1/1] (0.00ns)   --->   "%p_cast21_mid1198 = sext i20 %p_mid1196"   --->   Operation 94 'sext' 'p_cast21_mid1198' <Predicate = (!icmp_ln94)> <Delay = 0.00>
ST_2 : Operation 95 [1/1] (0.93ns)   --->   "%tmp6_mid1200 = add i25 %zext_ln95_3, i25 %p_cast21_mid1198" [src/conv1.cpp:95->src/conv1.cpp:144]   --->   Operation 95 'add' 'tmp6_mid1200' <Predicate = (!icmp_ln94)> <Delay = 0.93> <CoreInst = "Adder">   --->   Core 1 'Adder' <Latency = 0> <II = 1> <Delay = 0.93> <FuncUnit> <Opcode : 'add' 'sub'> <InPorts = 2> <OutPorts = 1>
ST_2 : Operation 96 [1/1] (0.76ns)   --->   "%cmp10_i_mid1206 = icmp_ne  i8 %select_ln121_5_read, i8 0"   --->   Operation 96 'icmp' 'cmp10_i_mid1206' <Predicate = (!icmp_ln94)> <Delay = 0.76> <CoreInst = "Cmp">   --->   Core 9 'Cmp' <Latency = 0> <II = 1> <Delay = 0.76> <FuncUnit> <Opcode : 'icmp'> <InPorts = 2> <OutPorts = 1>
ST_2 : Operation 97 [1/1] (0.00ns) (grouped into LUT with out node select_ln95_2)   --->   "%select_ln94_5 = select i1 %icmp_ln95, i1 %cmp10_i_mid1206, i1 %cmp10_i" [src/conv1.cpp:94->src/conv1.cpp:144]   --->   Operation 97 'select' 'select_ln94_5' <Predicate = (!icmp_ln94)> <Delay = 0.00> <CoreInst = "Sel">   --->   Core 73 'Sel' <Latency = 0> <II = 1> <Delay = 0.17> <FuncUnit> <Opcode : 'select'> <InPorts = 3> <OutPorts = 1>
ST_2 : Operation 98 [1/1] (0.00ns) (grouped into LUT with out node add_ln95_1)   --->   "%select_ln94_6 = select i1 %icmp_ln95, i25 %tmp6_mid1200, i25 %tmp6" [src/conv1.cpp:94->src/conv1.cpp:144]   --->   Operation 98 'select' 'select_ln94_6' <Predicate = (!icmp_ln94)> <Delay = 0.00> <CoreInst = "Sel">   --->   Core 73 'Sel' <Latency = 0> <II = 1> <Delay = 0.32> <FuncUnit> <Opcode : 'select'> <InPorts = 3> <OutPorts = 1>
ST_2 : Operation 99 [1/1] (0.00ns) (grouped into LUT with out node select_ln94_7)   --->   "%select_ln96_1 = select i1 %cmp10_i_mid1206, i6 %select_ln94_read, i6 0" [src/conv1.cpp:96->src/conv1.cpp:144]   --->   Operation 99 'select' 'select_ln96_1' <Predicate = (!icmp_ln94)> <Delay = 0.00> <CoreInst = "Sel">   --->   Core 73 'Sel' <Latency = 0> <II = 1> <Delay = 0.38> <FuncUnit> <Opcode : 'select'> <InPorts = 3> <OutPorts = 1>
ST_2 : Operation 100 [1/1] (0.38ns) (out node of the LUT)   --->   "%select_ln94_7 = select i1 %icmp_ln95, i6 %select_ln96_1, i6 %select_ln96" [src/conv1.cpp:94->src/conv1.cpp:144]   --->   Operation 100 'select' 'select_ln94_7' <Predicate = (!icmp_ln94)> <Delay = 0.38> <CoreInst = "Sel">   --->   Core 73 'Sel' <Latency = 0> <II = 1> <Delay = 0.38> <FuncUnit> <Opcode : 'select'> <InPorts = 3> <OutPorts = 1>
ST_2 : Operation 101 [1/1] (0.00ns) (grouped into LUT with out node and_ln94)   --->   "%xor_ln94 = xor i1 %icmp_ln95, i1 1" [src/conv1.cpp:94->src/conv1.cpp:144]   --->   Operation 101 'xor' 'xor_ln94' <Predicate = (!icmp_ln94)> <Delay = 0.00> <CoreInst = "LogicGate">   --->   Core 74 'LogicGate' <Latency = 0> <II = 1> <Delay = 0.28> <FuncUnit> <Opcode : 'and' 'or' 'xor'> <InPorts = 2> <OutPorts = 1>
ST_2 : Operation 102 [1/1] (0.78ns)   --->   "%icmp_ln96 = icmp_eq  i6 %tw_load, i6 32" [src/conv1.cpp:96->src/conv1.cpp:144]   --->   Operation 102 'icmp' 'icmp_ln96' <Predicate = (!icmp_ln94)> <Delay = 0.78> <CoreInst = "Cmp">   --->   Core 9 'Cmp' <Latency = 0> <II = 1> <Delay = 0.78> <FuncUnit> <Opcode : 'icmp'> <InPorts = 2> <OutPorts = 1>
ST_2 : Operation 103 [1/1] (0.28ns) (out node of the LUT)   --->   "%and_ln94 = and i1 %icmp_ln96, i1 %xor_ln94" [src/conv1.cpp:94->src/conv1.cpp:144]   --->   Operation 103 'and' 'and_ln94' <Predicate = (!icmp_ln94)> <Delay = 0.28> <CoreInst = "LogicGate">   --->   Core 74 'LogicGate' <Latency = 0> <II = 1> <Delay = 0.28> <FuncUnit> <Opcode : 'and' 'or' 'xor'> <InPorts = 2> <OutPorts = 1>
ST_2 : Operation 104 [1/1] (0.78ns)   --->   "%add_ln95 = add i6 %select_ln94_1, i6 1" [src/conv1.cpp:95->src/conv1.cpp:144]   --->   Operation 104 'add' 'add_ln95' <Predicate = (!icmp_ln94)> <Delay = 0.78> <CoreInst = "Adder">   --->   Core 1 'Adder' <Latency = 0> <II = 1> <Delay = 0.78> <FuncUnit> <Opcode : 'add' 'sub'> <InPorts = 2> <OutPorts = 1>
ST_2 : Operation 105 [1/1] (0.28ns) (out node of the LUT)   --->   "%or_ln95 = or i1 %and_ln94, i1 %or_ln94" [src/conv1.cpp:95->src/conv1.cpp:144]   --->   Operation 105 'or' 'or_ln95' <Predicate = (!icmp_ln94)> <Delay = 0.28> <CoreInst = "LogicGate">   --->   Core 74 'LogicGate' <Latency = 0> <II = 1> <Delay = 0.28> <FuncUnit> <Opcode : 'and' 'or' 'xor'> <InPorts = 2> <OutPorts = 1>
ST_2 : Operation 106 [1/1] (0.00ns) (grouped into LUT with out node select_ln95)   --->   "%or_ln95_1 = or i1 %and_ln94, i1 %icmp_ln95" [src/conv1.cpp:95->src/conv1.cpp:144]   --->   Operation 106 'or' 'or_ln95_1' <Predicate = (!icmp_ln94)> <Delay = 0.00> <CoreInst = "LogicGate">   --->   Core 74 'LogicGate' <Latency = 0> <II = 1> <Delay = 0.28> <FuncUnit> <Opcode : 'and' 'or' 'xor'> <InPorts = 2> <OutPorts = 1>
ST_2 : Operation 107 [1/1] (0.38ns) (out node of the LUT)   --->   "%select_ln95 = select i1 %or_ln95_1, i6 0, i6 %tw_load" [src/conv1.cpp:95->src/conv1.cpp:144]   --->   Operation 107 'select' 'select_ln95' <Predicate = (!icmp_ln94)> <Delay = 0.38> <CoreInst = "Sel">   --->   Core 73 'Sel' <Latency = 0> <II = 1> <Delay = 0.38> <FuncUnit> <Opcode : 'select'> <InPorts = 3> <OutPorts = 1>
ST_2 : Operation 108 [1/1] (0.38ns)   --->   "%select_ln95_1 = select i1 %and_ln94, i6 %add_ln95, i6 %select_ln94_1" [src/conv1.cpp:95->src/conv1.cpp:144]   --->   Operation 108 'select' 'select_ln95_1' <Predicate = (!icmp_ln94)> <Delay = 0.38> <CoreInst = "Sel">   --->   Core 73 'Sel' <Latency = 0> <II = 1> <Delay = 0.38> <FuncUnit> <Opcode : 'select'> <InPorts = 3> <OutPorts = 1>
ST_2 : Operation 109 [1/1] (0.00ns)   --->   "%zext_ln99 = zext i6 %select_ln95_1" [src/conv1.cpp:99->src/conv1.cpp:144]   --->   Operation 109 'zext' 'zext_ln99' <Predicate = (!icmp_ln94)> <Delay = 0.00>
ST_2 : Operation 110 [1/1] (0.76ns)   --->   "%add_ln99 = add i8 %tmp_34_cast, i8 %zext_ln99" [src/conv1.cpp:99->src/conv1.cpp:144]   --->   Operation 110 'add' 'add_ln99' <Predicate = (!icmp_ln94)> <Delay = 0.76> <CoreInst = "Adder">   --->   Core 1 'Adder' <Latency = 0> <II = 1> <Delay = 0.76> <FuncUnit> <Opcode : 'add' 'sub'> <InPorts = 2> <OutPorts = 1>
ST_2 : Operation 111 [1/1] (0.00ns)   --->   "%tmp_s = bitconcatenate i13 @_ssdm_op_BitConcatenate.i13.i8.i5, i8 %add_ln99, i5 0" [src/conv1.cpp:99->src/conv1.cpp:144]   --->   Operation 111 'bitconcatenate' 'tmp_s' <Predicate = (!icmp_ln94)> <Delay = 0.00>
ST_2 : Operation 112 [1/1] (0.00ns)   --->   "%zext_ln95_4 = zext i6 %add_ln95" [src/conv1.cpp:95->src/conv1.cpp:144]   --->   Operation 112 'zext' 'zext_ln95_4' <Predicate = (!icmp_ln94)> <Delay = 0.00>
ST_2 : Operation 113 [1/1] (0.00ns)   --->   "%add_ln95_cast = zext i6 %add_ln95" [src/conv1.cpp:95->src/conv1.cpp:144]   --->   Operation 113 'zext' 'add_ln95_cast' <Predicate = (!icmp_ln94)> <Delay = 0.00>
ST_2 : Operation 114 [1/1] (0.77ns)   --->   "%p_mid1150 = add i9 %zext_ln95_4, i9 %select_ln121_6_read" [src/conv1.cpp:95->src/conv1.cpp:144]   --->   Operation 114 'add' 'p_mid1150' <Predicate = (!icmp_ln94)> <Delay = 0.77> <CoreInst = "Adder">   --->   Core 1 'Adder' <Latency = 0> <II = 1> <Delay = 0.77> <FuncUnit> <Opcode : 'add' 'sub'> <InPorts = 2> <OutPorts = 1>
ST_2 : Operation 115 [1/1] (0.00ns)   --->   "%p_shl2_mid1 = bitconcatenate i19 @_ssdm_op_BitConcatenate.i19.i9.i10, i9 %p_mid1150, i10 0" [src/conv1.cpp:95->src/conv1.cpp:144]   --->   Operation 115 'bitconcatenate' 'p_shl2_mid1' <Predicate = (!icmp_ln94)> <Delay = 0.00>
ST_2 : Operation 116 [1/1] (0.00ns)   --->   "%p_shl2_cast_mid1 = zext i19 %p_shl2_mid1" [src/conv1.cpp:95->src/conv1.cpp:144]   --->   Operation 116 'zext' 'p_shl2_cast_mid1' <Predicate = (!icmp_ln94)> <Delay = 0.00>
ST_2 : Operation 117 [1/1] (0.00ns)   --->   "%p_shl3_mid1 = bitconcatenate i11 @_ssdm_op_BitConcatenate.i11.i9.i2, i9 %p_mid1150, i2 0" [src/conv1.cpp:95->src/conv1.cpp:144]   --->   Operation 117 'bitconcatenate' 'p_shl3_mid1' <Predicate = (!icmp_ln94)> <Delay = 0.00>
ST_2 : Operation 118 [1/1] (0.00ns)   --->   "%p_shl3_cast_mid1 = zext i11 %p_shl3_mid1" [src/conv1.cpp:95->src/conv1.cpp:144]   --->   Operation 118 'zext' 'p_shl3_cast_mid1' <Predicate = (!icmp_ln94)> <Delay = 0.00>
ST_2 : Operation 119 [1/1] (0.88ns)   --->   "%p_mid1152 = sub i20 %p_shl2_cast_mid1, i20 %p_shl3_cast_mid1" [src/conv1.cpp:95->src/conv1.cpp:144]   --->   Operation 119 'sub' 'p_mid1152' <Predicate = (!icmp_ln94)> <Delay = 0.88> <CoreInst = "Adder">   --->   Core 1 'Adder' <Latency = 0> <II = 1> <Delay = 0.88> <FuncUnit> <Opcode : 'add' 'sub'> <InPorts = 2> <OutPorts = 1>
ST_2 : Operation 120 [1/1] (0.00ns) (grouped into LUT with out node tmp6_mid1)   --->   "%p_cast21_mid1 = sext i20 %p_mid1152" [src/conv1.cpp:95->src/conv1.cpp:144]   --->   Operation 120 'sext' 'p_cast21_mid1' <Predicate = (!icmp_ln94)> <Delay = 0.00>
ST_2 : Operation 121 [1/1] (0.93ns) (out node of the LUT)   --->   "%tmp6_mid1 = add i25 %zext_ln94_3, i25 %p_cast21_mid1" [src/conv1.cpp:94->src/conv1.cpp:144]   --->   Operation 121 'add' 'tmp6_mid1' <Predicate = (!icmp_ln94)> <Delay = 0.93> <CoreInst = "Adder">   --->   Core 1 'Adder' <Latency = 0> <II = 1> <Delay = 0.93> <FuncUnit> <Opcode : 'add' 'sub'> <InPorts = 2> <OutPorts = 1>
ST_2 : Operation 122 [1/1] (0.76ns)   --->   "%cmp10_i_mid1 = icmp_ult  i8 %add_ln95_cast, i8 %select_ln121_5_read" [src/conv1.cpp:95->src/conv1.cpp:144]   --->   Operation 122 'icmp' 'cmp10_i_mid1' <Predicate = (!icmp_ln94)> <Delay = 0.76> <CoreInst = "Cmp">   --->   Core 9 'Cmp' <Latency = 0> <II = 1> <Delay = 0.76> <FuncUnit> <Opcode : 'icmp'> <InPorts = 2> <OutPorts = 1>
ST_2 : Operation 123 [1/1] (0.17ns) (out node of the LUT)   --->   "%select_ln95_2 = select i1 %and_ln94, i1 %cmp10_i_mid1, i1 %select_ln94_5" [src/conv1.cpp:95->src/conv1.cpp:144]   --->   Operation 123 'select' 'select_ln95_2' <Predicate = (!icmp_ln94)> <Delay = 0.17> <CoreInst = "Sel">   --->   Core 73 'Sel' <Latency = 0> <II = 1> <Delay = 0.17> <FuncUnit> <Opcode : 'select'> <InPorts = 3> <OutPorts = 1>
ST_2 : Operation 124 [1/1] (0.00ns) (grouped into LUT with out node add_ln95_1)   --->   "%select_ln95_3 = select i1 %and_ln94, i25 %tmp6_mid1, i25 %select_ln94_6" [src/conv1.cpp:95->src/conv1.cpp:144]   --->   Operation 124 'select' 'select_ln95_3' <Predicate = (!icmp_ln94)> <Delay = 0.00> <CoreInst = "Sel">   --->   Core 73 'Sel' <Latency = 0> <II = 1> <Delay = 0.32> <FuncUnit> <Opcode : 'select'> <InPorts = 3> <OutPorts = 1>
ST_2 : Operation 125 [1/1] (0.00ns) (grouped into LUT with out node add_ln95_1)   --->   "%sext_ln95 = sext i25 %select_ln95_3" [src/conv1.cpp:95->src/conv1.cpp:144]   --->   Operation 125 'sext' 'sext_ln95' <Predicate = (!icmp_ln94)> <Delay = 0.00>
ST_2 : Operation 126 [1/1] (1.08ns) (out node of the LUT)   --->   "%add_ln95_1 = add i64 %sext_ln95, i64 %tmp5_read" [src/conv1.cpp:95->src/conv1.cpp:144]   --->   Operation 126 'add' 'add_ln95_1' <Predicate = (!icmp_ln94)> <Delay = 1.08> <CoreInst = "Adder">   --->   Core 1 'Adder' <Latency = 0> <II = 1> <Delay = 1.08> <FuncUnit> <Opcode : 'add' 'sub'> <InPorts = 2> <OutPorts = 1>
ST_2 : Operation 127 [1/1] (0.00ns)   --->   "%sext_ln96_mid2_v = partselect i62 @_ssdm_op_PartSelect.i62.i64.i32.i32, i64 %add_ln95_1, i32 2, i32 63" [src/conv1.cpp:95->src/conv1.cpp:144]   --->   Operation 127 'partselect' 'sext_ln96_mid2_v' <Predicate = (!icmp_ln94)> <Delay = 0.00>
ST_2 : Operation 128 [1/1] (0.00ns) (grouped into LUT with out node select_ln95_4)   --->   "%select_ln96_2 = select i1 %cmp10_i_mid1, i6 %select_ln94_read, i6 0" [src/conv1.cpp:96->src/conv1.cpp:144]   --->   Operation 128 'select' 'select_ln96_2' <Predicate = (!icmp_ln94)> <Delay = 0.00> <CoreInst = "Sel">   --->   Core 73 'Sel' <Latency = 0> <II = 1> <Delay = 0.38> <FuncUnit> <Opcode : 'select'> <InPorts = 3> <OutPorts = 1>
ST_2 : Operation 129 [1/1] (0.38ns) (out node of the LUT)   --->   "%select_ln95_4 = select i1 %and_ln94, i6 %select_ln96_2, i6 %select_ln94_7" [src/conv1.cpp:95->src/conv1.cpp:144]   --->   Operation 129 'select' 'select_ln95_4' <Predicate = (!icmp_ln94)> <Delay = 0.38> <CoreInst = "Sel">   --->   Core 73 'Sel' <Latency = 0> <II = 1> <Delay = 0.38> <FuncUnit> <Opcode : 'select'> <InPorts = 3> <OutPorts = 1>
ST_2 : Operation 130 [1/1] (0.00ns)   --->   "%zext_ln99_1 = zext i6 %select_ln95" [src/conv1.cpp:99->src/conv1.cpp:144]   --->   Operation 130 'zext' 'zext_ln99_1' <Predicate = (!icmp_ln94)> <Delay = 0.00>
ST_2 : Operation 131 [1/1] (0.82ns)   --->   "%add_ln99_2 = add i13 %tmp_s, i13 %zext_ln99_1" [src/conv1.cpp:99->src/conv1.cpp:144]   --->   Operation 131 'add' 'add_ln99_2' <Predicate = (!icmp_ln94)> <Delay = 0.82> <CoreInst = "Adder">   --->   Core 1 'Adder' <Latency = 0> <II = 1> <Delay = 0.82> <FuncUnit> <Opcode : 'add' 'sub'> <InPorts = 2> <OutPorts = 1>
ST_2 : Operation 132 [1/1] (0.00ns)   --->   "%zext_ln99_2 = zext i13 %add_ln99_2" [src/conv1.cpp:99->src/conv1.cpp:144]   --->   Operation 132 'zext' 'zext_ln99_2' <Predicate = (!icmp_ln94)> <Delay = 0.00>
ST_2 : Operation 133 [1/1] (0.00ns)   --->   "%out_tile_2_addr = getelementptr i32 %out_tile_2, i64 0, i64 %zext_ln99_2" [src/conv1.cpp:99->src/conv1.cpp:144]   --->   Operation 133 'getelementptr' 'out_tile_2_addr' <Predicate = (!icmp_ln94)> <Delay = 0.00>
ST_2 : Operation 134 [1/1] (0.00ns)   --->   "%zext_ln96 = zext i6 %select_ln95" [src/conv1.cpp:96->src/conv1.cpp:144]   --->   Operation 134 'zext' 'zext_ln96' <Predicate = (!icmp_ln94)> <Delay = 0.00>
ST_2 : Operation 135 [1/1] (0.00ns)   --->   "%br_ln96 = br i1 %or_ln95, void %for.body8.i.split, void %for.first.iter.for.body8.i" [src/conv1.cpp:96->src/conv1.cpp:144]   --->   Operation 135 'br' 'br_ln96' <Predicate = (!icmp_ln94)> <Delay = 0.00>
ST_2 : Operation 136 [1/1] (0.00ns)   --->   "%specpipeline_ln97 = specpipeline void @_ssdm_op_SpecPipeline, i32 1, i32 0, i32 0, i32 0, void @empty_40" [src/conv1.cpp:97->src/conv1.cpp:144]   --->   Operation 136 'specpipeline' 'specpipeline_ln97' <Predicate = (!icmp_ln94)> <Delay = 0.00>
ST_2 : Operation 137 [1/1] (0.00ns)   --->   "%specloopname_ln96 = specloopname void @_ssdm_op_SpecLoopName, void @empty_25" [src/conv1.cpp:96->src/conv1.cpp:144]   --->   Operation 137 'specloopname' 'specloopname_ln96' <Predicate = (!icmp_ln94)> <Delay = 0.00>
ST_2 : Operation 138 [1/1] (0.76ns)   --->   "%icmp_ln98 = icmp_ult  i8 %zext_ln96, i8 %zext_ln124_1_read" [src/conv1.cpp:98->src/conv1.cpp:144]   --->   Operation 138 'icmp' 'icmp_ln98' <Predicate = (!icmp_ln94)> <Delay = 0.76> <CoreInst = "Cmp">   --->   Core 9 'Cmp' <Latency = 0> <II = 1> <Delay = 0.76> <FuncUnit> <Opcode : 'icmp'> <InPorts = 2> <OutPorts = 1>
ST_2 : Operation 139 [1/1] (0.28ns)   --->   "%and_ln98 = and i1 %icmp_ln98, i1 %select_ln95_2" [src/conv1.cpp:98->src/conv1.cpp:144]   --->   Operation 139 'and' 'and_ln98' <Predicate = (!icmp_ln94)> <Delay = 0.28> <CoreInst = "LogicGate">   --->   Core 74 'LogicGate' <Latency = 0> <II = 1> <Delay = 0.28> <FuncUnit> <Opcode : 'and' 'or' 'xor'> <InPorts = 2> <OutPorts = 1>
ST_2 : Operation 140 [1/1] (0.00ns)   --->   "%br_ln98 = br i1 %and_ln98, void %for.inc.i18, void %if.then.i" [src/conv1.cpp:98->src/conv1.cpp:144]   --->   Operation 140 'br' 'br_ln98' <Predicate = (!icmp_ln94)> <Delay = 0.00>
ST_2 : Operation 141 [1/1] (0.00ns)   --->   "%trunc_ln = partselect i62 @_ssdm_op_PartSelect.i62.i64.i32.i32, i64 %add_ln94_3, i32 2, i32 63" [src/conv1.cpp:99->src/conv1.cpp:144]   --->   Operation 141 'partselect' 'trunc_ln' <Predicate = (!icmp_ln94 & and_ln98)> <Delay = 0.00>
ST_2 : Operation 142 [1/1] (0.00ns)   --->   "%sext_ln99 = sext i62 %trunc_ln" [src/conv1.cpp:99->src/conv1.cpp:144]   --->   Operation 142 'sext' 'sext_ln99' <Predicate = (!icmp_ln94 & and_ln98)> <Delay = 0.00>
ST_2 : Operation 143 [1/1] (0.00ns)   --->   "%w1_addr = getelementptr i32 %w1, i64 %sext_ln99" [src/conv1.cpp:99->src/conv1.cpp:144]   --->   Operation 143 'getelementptr' 'w1_addr' <Predicate = (!icmp_ln94 & and_ln98)> <Delay = 0.00>
ST_2 : Operation 144 [1/1] (0.78ns)   --->   "%add_ln96 = add i6 %select_ln95, i6 1" [src/conv1.cpp:96->src/conv1.cpp:144]   --->   Operation 144 'add' 'add_ln96' <Predicate = (!icmp_ln94)> <Delay = 0.78> <CoreInst = "Adder">   --->   Core 1 'Adder' <Latency = 0> <II = 1> <Delay = 0.78> <FuncUnit> <Opcode : 'add' 'sub'> <InPorts = 2> <OutPorts = 1>
ST_2 : Operation 145 [1/1] (0.78ns)   --->   "%icmp_ln96_1 = icmp_eq  i6 %add_ln96, i6 32" [src/conv1.cpp:96->src/conv1.cpp:144]   --->   Operation 145 'icmp' 'icmp_ln96_1' <Predicate = (!icmp_ln94)> <Delay = 0.78> <CoreInst = "Cmp">   --->   Core 9 'Cmp' <Latency = 0> <II = 1> <Delay = 0.78> <FuncUnit> <Opcode : 'icmp'> <InPorts = 2> <OutPorts = 1>
ST_2 : Operation 146 [1/1] (0.00ns)   --->   "%br_ln96 = br i1 %icmp_ln96_1, void %new.latch.for.inc.i18, void %last.iter.for.inc.i18" [src/conv1.cpp:96->src/conv1.cpp:144]   --->   Operation 146 'br' 'br_ln96' <Predicate = (!icmp_ln94)> <Delay = 0.00>
ST_2 : Operation 147 [1/1] (0.80ns)   --->   "%add_ln95_2 = add i12 %indvar_flatten156_load, i12 1" [src/conv1.cpp:95->src/conv1.cpp:144]   --->   Operation 147 'add' 'add_ln95_2' <Predicate = (!icmp_ln94)> <Delay = 0.80> <CoreInst = "Adder">   --->   Core 1 'Adder' <Latency = 0> <II = 1> <Delay = 0.80> <FuncUnit> <Opcode : 'add' 'sub'> <InPorts = 2> <OutPorts = 1>
ST_2 : Operation 148 [1/1] (0.37ns)   --->   "%select_ln95_5 = select i1 %icmp_ln95, i12 1, i12 %add_ln95_2" [src/conv1.cpp:95->src/conv1.cpp:144]   --->   Operation 148 'select' 'select_ln95_5' <Predicate = (!icmp_ln94)> <Delay = 0.37> <CoreInst = "Sel">   --->   Core 73 'Sel' <Latency = 0> <II = 1> <Delay = 0.37> <FuncUnit> <Opcode : 'select'> <InPorts = 3> <OutPorts = 1>
ST_2 : Operation 149 [1/1] (0.42ns)   --->   "%store_ln96 = store i14 %add_ln94_4, i14 %indvar_flatten220" [src/conv1.cpp:96->src/conv1.cpp:144]   --->   Operation 149 'store' 'store_ln96' <Predicate = (!icmp_ln94)> <Delay = 0.42>
ST_2 : Operation 150 [1/1] (0.42ns)   --->   "%store_ln96 = store i4 %select_ln94_2, i4 %tn" [src/conv1.cpp:96->src/conv1.cpp:144]   --->   Operation 150 'store' 'store_ln96' <Predicate = (!icmp_ln94)> <Delay = 0.42>
ST_2 : Operation 151 [1/1] (0.42ns)   --->   "%store_ln96 = store i12 %select_ln95_5, i12 %indvar_flatten156" [src/conv1.cpp:96->src/conv1.cpp:144]   --->   Operation 151 'store' 'store_ln96' <Predicate = (!icmp_ln94)> <Delay = 0.42>
ST_2 : Operation 152 [1/1] (0.42ns)   --->   "%store_ln96 = store i6 %select_ln95_1, i6 %th" [src/conv1.cpp:96->src/conv1.cpp:144]   --->   Operation 152 'store' 'store_ln96' <Predicate = (!icmp_ln94)> <Delay = 0.42>
ST_2 : Operation 153 [1/1] (0.42ns)   --->   "%store_ln96 = store i6 %add_ln96, i6 %tw" [src/conv1.cpp:96->src/conv1.cpp:144]   --->   Operation 153 'store' 'store_ln96' <Predicate = (!icmp_ln94)> <Delay = 0.42>
ST_2 : Operation 154 [1/1] (0.00ns)   --->   "%br_ln96 = br void %for.body8.i" [src/conv1.cpp:96->src/conv1.cpp:144]   --->   Operation 154 'br' 'br_ln96' <Predicate = (!icmp_ln94)> <Delay = 0.00>

State 3 <SV = 2> <Delay = 7.30>
ST_3 : Operation 155 [1/1] (0.00ns)   --->   "%specloopname_ln0 = specloopname void @_ssdm_op_SpecLoopName, void @VITIS_LOOP_94_1_VITIS_LOOP_95_2_VITIS_LOOP_96_3_str"   --->   Operation 155 'specloopname' 'specloopname_ln0' <Predicate = true> <Delay = 0.00>
ST_3 : Operation 156 [1/1] (0.00ns)   --->   "%speclooptripcount_ln0 = speclooptripcount void @_ssdm_op_SpecLoopTripCount, i64 8192, i64 8192, i64 8192"   --->   Operation 156 'speclooptripcount' 'speclooptripcount_ln0' <Predicate = true> <Delay = 0.00>
ST_3 : Operation 157 [1/1] (0.00ns)   --->   "%specloopname_ln0 = specloopname void @_ssdm_op_SpecLoopName, void @VITIS_LOOP_95_2_VITIS_LOOP_96_3_str"   --->   Operation 157 'specloopname' 'specloopname_ln0' <Predicate = true> <Delay = 0.00>
ST_3 : Operation 158 [1/1] (0.00ns)   --->   "%sext_ln95_1 = sext i62 %sext_ln96_mid2_v" [src/conv1.cpp:95->src/conv1.cpp:144]   --->   Operation 158 'sext' 'sext_ln95_1' <Predicate = true> <Delay = 0.00>
ST_3 : Operation 159 [1/1] (0.00ns)   --->   "%zext_ln95_5 = zext i6 %select_ln95_4" [src/conv1.cpp:95->src/conv1.cpp:144]   --->   Operation 159 'zext' 'zext_ln95_5' <Predicate = true> <Delay = 0.00>
ST_3 : Operation 160 [1/1] (0.00ns)   --->   "%feat_addr = getelementptr i32 %feat, i64 %sext_ln95_1" [src/conv1.cpp:96->src/conv1.cpp:144]   --->   Operation 160 'getelementptr' 'feat_addr' <Predicate = (or_ln95)> <Delay = 0.00>
ST_3 : Operation 161 [1/1] (7.30ns)   --->   "%empty_78 = writereq i1 @_ssdm_op_WriteReq.m_axi.p1i32, i32 %feat_addr, i32 %zext_ln95_5" [src/conv1.cpp:96->src/conv1.cpp:144]   --->   Operation 161 'writereq' 'empty_78' <Predicate = (or_ln95)> <Delay = 7.30> <CoreInst = "m_axi">   --->   Core 121 'm_axi' <Latency = 0> <II = 1> <Delay = 1.00> <Adapter> <Opcode : 'read' 'write' 'readreq' 'writereq' 'writeresp'>
ST_3 : Operation 162 [1/1] (0.00ns)   --->   "%br_ln96 = br void %for.body8.i.split" [src/conv1.cpp:96->src/conv1.cpp:144]   --->   Operation 162 'br' 'br_ln96' <Predicate = (or_ln95)> <Delay = 0.00>
ST_3 : Operation 163 [8/8] (7.30ns)   --->   "%w1_load_req = readreq i1 @_ssdm_op_ReadReq.m_axi.i32P1A, i32 %w1_addr, i32 1" [src/conv1.cpp:99->src/conv1.cpp:144]   --->   Operation 163 'readreq' 'w1_load_req' <Predicate = (and_ln98)> <Delay = 7.30> <CoreInst = "m_axi">   --->   Core 121 'm_axi' <Latency = 0> <II = 1> <Delay = 1.00> <Adapter> <Opcode : 'read' 'write' 'readreq' 'writereq' 'writeresp'>

State 4 <SV = 3> <Delay = 7.30>
ST_4 : Operation 164 [7/8] (7.30ns)   --->   "%w1_load_req = readreq i1 @_ssdm_op_ReadReq.m_axi.i32P1A, i32 %w1_addr, i32 1" [src/conv1.cpp:99->src/conv1.cpp:144]   --->   Operation 164 'readreq' 'w1_load_req' <Predicate = (and_ln98)> <Delay = 7.30> <CoreInst = "m_axi">   --->   Core 121 'm_axi' <Latency = 0> <II = 1> <Delay = 1.00> <Adapter> <Opcode : 'read' 'write' 'readreq' 'writereq' 'writeresp'>

State 5 <SV = 4> <Delay = 7.30>
ST_5 : Operation 165 [6/8] (7.30ns)   --->   "%w1_load_req = readreq i1 @_ssdm_op_ReadReq.m_axi.i32P1A, i32 %w1_addr, i32 1" [src/conv1.cpp:99->src/conv1.cpp:144]   --->   Operation 165 'readreq' 'w1_load_req' <Predicate = (and_ln98)> <Delay = 7.30> <CoreInst = "m_axi">   --->   Core 121 'm_axi' <Latency = 0> <II = 1> <Delay = 1.00> <Adapter> <Opcode : 'read' 'write' 'readreq' 'writereq' 'writeresp'>

State 6 <SV = 5> <Delay = 7.30>
ST_6 : Operation 166 [5/8] (7.30ns)   --->   "%w1_load_req = readreq i1 @_ssdm_op_ReadReq.m_axi.i32P1A, i32 %w1_addr, i32 1" [src/conv1.cpp:99->src/conv1.cpp:144]   --->   Operation 166 'readreq' 'w1_load_req' <Predicate = (and_ln98)> <Delay = 7.30> <CoreInst = "m_axi">   --->   Core 121 'm_axi' <Latency = 0> <II = 1> <Delay = 1.00> <Adapter> <Opcode : 'read' 'write' 'readreq' 'writereq' 'writeresp'>

State 7 <SV = 6> <Delay = 7.30>
ST_7 : Operation 167 [4/8] (7.30ns)   --->   "%w1_load_req = readreq i1 @_ssdm_op_ReadReq.m_axi.i32P1A, i32 %w1_addr, i32 1" [src/conv1.cpp:99->src/conv1.cpp:144]   --->   Operation 167 'readreq' 'w1_load_req' <Predicate = (and_ln98)> <Delay = 7.30> <CoreInst = "m_axi">   --->   Core 121 'm_axi' <Latency = 0> <II = 1> <Delay = 1.00> <Adapter> <Opcode : 'read' 'write' 'readreq' 'writereq' 'writeresp'>

State 8 <SV = 7> <Delay = 7.30>
ST_8 : Operation 168 [3/8] (7.30ns)   --->   "%w1_load_req = readreq i1 @_ssdm_op_ReadReq.m_axi.i32P1A, i32 %w1_addr, i32 1" [src/conv1.cpp:99->src/conv1.cpp:144]   --->   Operation 168 'readreq' 'w1_load_req' <Predicate = (and_ln98)> <Delay = 7.30> <CoreInst = "m_axi">   --->   Core 121 'm_axi' <Latency = 0> <II = 1> <Delay = 1.00> <Adapter> <Opcode : 'read' 'write' 'readreq' 'writereq' 'writeresp'>

State 9 <SV = 8> <Delay = 7.30>
ST_9 : Operation 169 [2/8] (7.30ns)   --->   "%w1_load_req = readreq i1 @_ssdm_op_ReadReq.m_axi.i32P1A, i32 %w1_addr, i32 1" [src/conv1.cpp:99->src/conv1.cpp:144]   --->   Operation 169 'readreq' 'w1_load_req' <Predicate = (and_ln98)> <Delay = 7.30> <CoreInst = "m_axi">   --->   Core 121 'm_axi' <Latency = 0> <II = 1> <Delay = 1.00> <Adapter> <Opcode : 'read' 'write' 'readreq' 'writereq' 'writeresp'>

State 10 <SV = 9> <Delay = 7.30>
ST_10 : Operation 170 [2/2] (1.23ns)   --->   "%out_tile_2_load = load i13 %out_tile_2_addr" [src/conv1.cpp:99->src/conv1.cpp:144]   --->   Operation 170 'load' 'out_tile_2_load' <Predicate = (and_ln98)> <Delay = 1.23> <CoreInst = "RAM">   --->   Core 83 'RAM' <Latency = 1> <II = 1> <Delay = 1.23> <Storage> <Opcode : 'load' 'store'> <Ports = 2> <Width = 32> <Depth = 8192> <RAM>
ST_10 : Operation 171 [1/8] (7.30ns)   --->   "%w1_load_req = readreq i1 @_ssdm_op_ReadReq.m_axi.i32P1A, i32 %w1_addr, i32 1" [src/conv1.cpp:99->src/conv1.cpp:144]   --->   Operation 171 'readreq' 'w1_load_req' <Predicate = (and_ln98)> <Delay = 7.30> <CoreInst = "m_axi">   --->   Core 121 'm_axi' <Latency = 0> <II = 1> <Delay = 1.00> <Adapter> <Opcode : 'read' 'write' 'readreq' 'writereq' 'writeresp'>

State 11 <SV = 10> <Delay = 7.30>
ST_11 : Operation 172 [1/2] (1.23ns)   --->   "%out_tile_2_load = load i13 %out_tile_2_addr" [src/conv1.cpp:99->src/conv1.cpp:144]   --->   Operation 172 'load' 'out_tile_2_load' <Predicate = (and_ln98)> <Delay = 1.23> <CoreInst = "RAM">   --->   Core 83 'RAM' <Latency = 1> <II = 1> <Delay = 1.23> <Storage> <Opcode : 'load' 'store'> <Ports = 2> <Width = 32> <Depth = 8192> <RAM>
ST_11 : Operation 173 [1/1] (7.30ns)   --->   "%w1_addr_read = read i32 @_ssdm_op_Read.m_axi.i32P1A, i32 %w1_addr" [src/conv1.cpp:99->src/conv1.cpp:144]   --->   Operation 173 'read' 'w1_addr_read' <Predicate = (and_ln98)> <Delay = 7.30> <CoreInst = "m_axi">   --->   Core 121 'm_axi' <Latency = 0> <II = 1> <Delay = 1.00> <Adapter> <Opcode : 'read' 'write' 'readreq' 'writereq' 'writeresp'>

State 12 <SV = 11> <Delay = 6.43>
ST_12 : Operation 174 [1/1] (0.00ns)   --->   "%bitcast_ln99 = bitcast i32 %w1_addr_read" [src/conv1.cpp:99->src/conv1.cpp:144]   --->   Operation 174 'bitcast' 'bitcast_ln99' <Predicate = (and_ln98)> <Delay = 0.00>
ST_12 : [1/1] (1.18ns)   --->   Input mux for Operation 175 '%v = fadd i32 %out_tile_2_load, i32 %bitcast_ln99'
ST_12 : Operation 175 [4/4] (5.25ns)   --->   "%v = fadd i32 %out_tile_2_load, i32 %bitcast_ln99" [src/conv1.cpp:99->src/conv1.cpp:144]   --->   Operation 175 'fadd' 'v' <Predicate = (and_ln98)> <Delay = 5.25> <CoreInst = "FAddSub_fulldsp">   --->   Core 18 'FAddSub_fulldsp' <Latency = 3> <II = 1> <Delay = 6.43> <FuncUnit> <Opcode : 'fadd' 'fsub'> <InPorts = 2> <OutPorts = 1>

State 13 <SV = 12> <Delay = 6.43>
ST_13 : Operation 176 [3/4] (6.43ns)   --->   "%v = fadd i32 %out_tile_2_load, i32 %bitcast_ln99" [src/conv1.cpp:99->src/conv1.cpp:144]   --->   Operation 176 'fadd' 'v' <Predicate = (and_ln98)> <Delay = 6.43> <CoreInst = "FAddSub_fulldsp">   --->   Core 18 'FAddSub_fulldsp' <Latency = 3> <II = 1> <Delay = 6.43> <FuncUnit> <Opcode : 'fadd' 'fsub'> <InPorts = 2> <OutPorts = 1>

State 14 <SV = 13> <Delay = 6.43>
ST_14 : Operation 177 [2/4] (6.43ns)   --->   "%v = fadd i32 %out_tile_2_load, i32 %bitcast_ln99" [src/conv1.cpp:99->src/conv1.cpp:144]   --->   Operation 177 'fadd' 'v' <Predicate = (and_ln98)> <Delay = 6.43> <CoreInst = "FAddSub_fulldsp">   --->   Core 18 'FAddSub_fulldsp' <Latency = 3> <II = 1> <Delay = 6.43> <FuncUnit> <Opcode : 'fadd' 'fsub'> <InPorts = 2> <OutPorts = 1>

State 15 <SV = 14> <Delay = 6.43>
ST_15 : Operation 178 [1/4] (6.43ns)   --->   "%v = fadd i32 %out_tile_2_load, i32 %bitcast_ln99" [src/conv1.cpp:99->src/conv1.cpp:144]   --->   Operation 178 'fadd' 'v' <Predicate = (and_ln98)> <Delay = 6.43> <CoreInst = "FAddSub_fulldsp">   --->   Core 18 'FAddSub_fulldsp' <Latency = 3> <II = 1> <Delay = 6.43> <FuncUnit> <Opcode : 'fadd' 'fsub'> <InPorts = 2> <OutPorts = 1>

State 16 <SV = 15> <Delay = 2.78>
ST_16 : Operation 179 [2/2] (2.78ns)   --->   "%tmp_4 = fcmp_olt  i32 %v, i32 0" [src/conv1.cpp:100->src/conv1.cpp:144]   --->   Operation 179 'fcmp' 'tmp_4' <Predicate = (and_ln98)> <Delay = 2.78> <CoreInst = "FCompare">   --->   Core 19 'FCompare' <Latency = 1> <II = 1> <Delay = 2.78> <FuncUnit> <Opcode : 'fcmp'> <InPorts = 2> <OutPorts = 1>

State 17 <SV = 16> <Delay = 3.23>
ST_17 : Operation 180 [1/1] (0.00ns)   --->   "%bitcast_ln100 = bitcast i32 %v" [src/conv1.cpp:100->src/conv1.cpp:144]   --->   Operation 180 'bitcast' 'bitcast_ln100' <Predicate = (and_ln98)> <Delay = 0.00>
ST_17 : Operation 181 [1/1] (0.00ns)   --->   "%tmp_3 = partselect i8 @_ssdm_op_PartSelect.i8.i32.i32.i32, i32 %bitcast_ln100, i32 23, i32 30" [src/conv1.cpp:100->src/conv1.cpp:144]   --->   Operation 181 'partselect' 'tmp_3' <Predicate = (and_ln98)> <Delay = 0.00>
ST_17 : Operation 182 [1/1] (0.00ns)   --->   "%trunc_ln100 = trunc i32 %bitcast_ln100" [src/conv1.cpp:100->src/conv1.cpp:144]   --->   Operation 182 'trunc' 'trunc_ln100' <Predicate = (and_ln98)> <Delay = 0.00>
ST_17 : Operation 183 [1/1] (0.76ns)   --->   "%icmp_ln100 = icmp_ne  i8 %tmp_3, i8 255" [src/conv1.cpp:100->src/conv1.cpp:144]   --->   Operation 183 'icmp' 'icmp_ln100' <Predicate = (and_ln98)> <Delay = 0.76> <CoreInst = "Cmp">   --->   Core 9 'Cmp' <Latency = 0> <II = 1> <Delay = 0.76> <FuncUnit> <Opcode : 'icmp'> <InPorts = 2> <OutPorts = 1>
ST_17 : Operation 184 [1/1] (0.92ns)   --->   "%icmp_ln100_1 = icmp_eq  i23 %trunc_ln100, i23 0" [src/conv1.cpp:100->src/conv1.cpp:144]   --->   Operation 184 'icmp' 'icmp_ln100_1' <Predicate = (and_ln98)> <Delay = 0.92> <CoreInst = "Cmp">   --->   Core 9 'Cmp' <Latency = 0> <II = 1> <Delay = 0.92> <FuncUnit> <Opcode : 'icmp'> <InPorts = 2> <OutPorts = 1>
ST_17 : Operation 185 [1/1] (0.00ns) (grouped into LUT with out node select_ln101)   --->   "%or_ln100 = or i1 %icmp_ln100_1, i1 %icmp_ln100" [src/conv1.cpp:100->src/conv1.cpp:144]   --->   Operation 185 'or' 'or_ln100' <Predicate = (and_ln98)> <Delay = 0.00> <CoreInst = "LogicGate">   --->   Core 74 'LogicGate' <Latency = 0> <II = 1> <Delay = 0.28> <FuncUnit> <Opcode : 'and' 'or' 'xor'> <InPorts = 2> <OutPorts = 1>
ST_17 : Operation 186 [1/2] (2.78ns)   --->   "%tmp_4 = fcmp_olt  i32 %v, i32 0" [src/conv1.cpp:100->src/conv1.cpp:144]   --->   Operation 186 'fcmp' 'tmp_4' <Predicate = (and_ln98)> <Delay = 2.78> <CoreInst = "FCompare">   --->   Core 19 'FCompare' <Latency = 1> <II = 1> <Delay = 2.78> <FuncUnit> <Opcode : 'fcmp'> <InPorts = 2> <OutPorts = 1>
ST_17 : Operation 187 [1/1] (0.00ns) (grouped into LUT with out node select_ln101)   --->   "%and_ln100 = and i1 %or_ln100, i1 %tmp_4" [src/conv1.cpp:100->src/conv1.cpp:144]   --->   Operation 187 'and' 'and_ln100' <Predicate = (and_ln98)> <Delay = 0.00> <CoreInst = "LogicGate">   --->   Core 74 'LogicGate' <Latency = 0> <II = 1> <Delay = 0.28> <FuncUnit> <Opcode : 'and' 'or' 'xor'> <InPorts = 2> <OutPorts = 1>
ST_17 : Operation 188 [1/1] (0.44ns) (out node of the LUT)   --->   "%select_ln101 = select i1 %and_ln100, i32 0, i32 %bitcast_ln100" [src/conv1.cpp:101->src/conv1.cpp:144]   --->   Operation 188 'select' 'select_ln101' <Predicate = (and_ln98)> <Delay = 0.44> <CoreInst = "Sel">   --->   Core 73 'Sel' <Latency = 0> <II = 1> <Delay = 0.44> <FuncUnit> <Opcode : 'select'> <InPorts = 3> <OutPorts = 1>

State 18 <SV = 17> <Delay = 7.30>
ST_18 : Operation 189 [1/1] (0.00ns)   --->   "%feat_addr_3 = getelementptr i32 %feat, i64 %sext_ln95_1" [src/conv1.cpp:96->src/conv1.cpp:144]   --->   Operation 189 'getelementptr' 'feat_addr_3' <Predicate = (and_ln98)> <Delay = 0.00>
ST_18 : Operation 190 [1/1] (7.30ns)   --->   "%write_ln101 = write void @_ssdm_op_Write.m_axi.p1i32, i32 %feat_addr_3, i32 %select_ln101, i4 15" [src/conv1.cpp:101->src/conv1.cpp:144]   --->   Operation 190 'write' 'write_ln101' <Predicate = (and_ln98)> <Delay = 7.30> <CoreInst = "m_axi">   --->   Core 121 'm_axi' <Latency = 0> <II = 1> <Delay = 1.00> <Adapter> <Opcode : 'read' 'write' 'readreq' 'writereq' 'writeresp'>
ST_18 : Operation 191 [1/1] (0.00ns)   --->   "%br_ln102 = br void %for.inc.i18" [src/conv1.cpp:102->src/conv1.cpp:144]   --->   Operation 191 'br' 'br_ln102' <Predicate = (and_ln98)> <Delay = 0.00>
ST_18 : Operation 192 [1/1] (0.00ns)   --->   "%feat_addr_4 = getelementptr i32 %feat, i64 %sext_ln95_1" [src/conv1.cpp:96->src/conv1.cpp:144]   --->   Operation 192 'getelementptr' 'feat_addr_4' <Predicate = (icmp_ln96_1)> <Delay = 0.00>

State 19 <SV = 18> <Delay = 7.30>
ST_19 : Operation 193 [5/5] (7.30ns)   --->   "%empty_77 = writeresp i1 @_ssdm_op_WriteResp.m_axi.p1i32, i32 %feat_addr_4" [src/conv1.cpp:95->src/conv1.cpp:144]   --->   Operation 193 'writeresp' 'empty_77' <Predicate = (icmp_ln96_1)> <Delay = 7.30> <CoreInst = "m_axi">   --->   Core 121 'm_axi' <Latency = 0> <II = 1> <Delay = 1.00> <Adapter> <Opcode : 'read' 'write' 'readreq' 'writereq' 'writeresp'>

State 20 <SV = 19> <Delay = 7.30>
ST_20 : Operation 194 [4/5] (7.30ns)   --->   "%empty_77 = writeresp i1 @_ssdm_op_WriteResp.m_axi.p1i32, i32 %feat_addr_4" [src/conv1.cpp:95->src/conv1.cpp:144]   --->   Operation 194 'writeresp' 'empty_77' <Predicate = (icmp_ln96_1)> <Delay = 7.30> <CoreInst = "m_axi">   --->   Core 121 'm_axi' <Latency = 0> <II = 1> <Delay = 1.00> <Adapter> <Opcode : 'read' 'write' 'readreq' 'writereq' 'writeresp'>

State 21 <SV = 20> <Delay = 7.30>
ST_21 : Operation 195 [3/5] (7.30ns)   --->   "%empty_77 = writeresp i1 @_ssdm_op_WriteResp.m_axi.p1i32, i32 %feat_addr_4" [src/conv1.cpp:95->src/conv1.cpp:144]   --->   Operation 195 'writeresp' 'empty_77' <Predicate = (icmp_ln96_1)> <Delay = 7.30> <CoreInst = "m_axi">   --->   Core 121 'm_axi' <Latency = 0> <II = 1> <Delay = 1.00> <Adapter> <Opcode : 'read' 'write' 'readreq' 'writereq' 'writeresp'>

State 22 <SV = 21> <Delay = 7.30>
ST_22 : Operation 196 [2/5] (7.30ns)   --->   "%empty_77 = writeresp i1 @_ssdm_op_WriteResp.m_axi.p1i32, i32 %feat_addr_4" [src/conv1.cpp:95->src/conv1.cpp:144]   --->   Operation 196 'writeresp' 'empty_77' <Predicate = (icmp_ln96_1)> <Delay = 7.30> <CoreInst = "m_axi">   --->   Core 121 'm_axi' <Latency = 0> <II = 1> <Delay = 1.00> <Adapter> <Opcode : 'read' 'write' 'readreq' 'writereq' 'writeresp'>
ST_22 : Operation 199 [1/1] (0.00ns)   --->   "%ret_ln0 = ret"   --->   Operation 199 'ret' 'ret_ln0' <Predicate = (icmp_ln94)> <Delay = 0.00>

State 23 <SV = 22> <Delay = 7.30>
ST_23 : Operation 197 [1/5] (7.30ns)   --->   "%empty_77 = writeresp i1 @_ssdm_op_WriteResp.m_axi.p1i32, i32 %feat_addr_4" [src/conv1.cpp:95->src/conv1.cpp:144]   --->   Operation 197 'writeresp' 'empty_77' <Predicate = (icmp_ln96_1)> <Delay = 7.30> <CoreInst = "m_axi">   --->   Core 121 'm_axi' <Latency = 0> <II = 1> <Delay = 1.00> <Adapter> <Opcode : 'read' 'write' 'readreq' 'writereq' 'writeresp'>
ST_23 : Operation 198 [1/1] (0.00ns)   --->   "%br_ln96 = br void %new.latch.for.inc.i18" [src/conv1.cpp:96->src/conv1.cpp:144]   --->   Operation 198 'br' 'br_ln96' <Predicate = (icmp_ln96_1)> <Delay = 0.00>


============================================================
+ Verbose Summary: Binding
============================================================
STG Binding: 
---------------- STG Properties BEGIN ----------------
- Is combinational: 0
- Is one-state seq: 0
- Is datapath-only: 0
- Is pipelined: 0
- Is top level: 0
Port [ Return ] is wired: 1; IO mode=ap_ctrl_hs:ce=0
Port [ trunc_ln117_mid2]:  wired=1; compound=0; hidden=0; nouse=0; global=0; static=0; extern=0; dir=0; type=0; pingpong=0; private_global=0; IO mode=ap_none:ce=0
Port [ select_ln121_6]:  wired=1; compound=0; hidden=0; nouse=0; global=0; static=0; extern=0; dir=0; type=0; pingpong=0; private_global=0; IO mode=ap_none:ce=0
Port [ select_ln121_5]:  wired=1; compound=0; hidden=0; nouse=0; global=0; static=0; extern=0; dir=0; type=0; pingpong=0; private_global=0; IO mode=ap_none:ce=0
Port [ select_ln94]:  wired=1; compound=0; hidden=0; nouse=0; global=0; static=0; extern=0; dir=0; type=0; pingpong=0; private_global=0; IO mode=ap_none:ce=0
Port [ feat]:  wired=1; compound=1; hidden=0; nouse=0; global=0; static=0; extern=0; dir=1; type=4; pingpong=0; private_global=0; IO mode=m_axi:ce=0
Port [ zext_ln124_1]:  wired=1; compound=0; hidden=0; nouse=0; global=0; static=0; extern=0; dir=0; type=0; pingpong=0; private_global=0; IO mode=ap_none:ce=0
Port [ b]:  wired=1; compound=0; hidden=0; nouse=0; global=0; static=0; extern=0; dir=0; type=0; pingpong=0; private_global=0; IO mode=ap_none:ce=0
Port [ tmp5]:  wired=1; compound=0; hidden=0; nouse=0; global=0; static=0; extern=0; dir=0; type=0; pingpong=0; private_global=0; IO mode=ap_none:ce=0
Port [ w1]:  wired=1; compound=1; hidden=0; nouse=0; global=0; static=0; extern=0; dir=0; type=4; pingpong=0; private_global=0; IO mode=m_axi:ce=0
Port [ out_tile_2]:  wired=1; compound=1; hidden=0; nouse=0; global=1; static=1; extern=0; dir=0; type=1; pingpong=0; private_global=0; MemPort=[13]; IO mode=ap_memory:ce=0
---------------- STG Properties END ------------------

---------------- Datapath Model BEGIN ----------------

<LifeTime>
<method=bitvector/>
tw                     (alloca           ) [ 011000000000000000000000]
th                     (alloca           ) [ 011000000000000000000000]
indvar_flatten156      (alloca           ) [ 011000000000000000000000]
tn                     (alloca           ) [ 011000000000000000000000]
indvar_flatten220      (alloca           ) [ 011000000000000000000000]
specinterface_ln0      (specinterface    ) [ 000000000000000000000000]
specinterface_ln0      (specinterface    ) [ 000000000000000000000000]
tmp5_read              (read             ) [ 011000000000000000000000]
b_read                 (read             ) [ 011000000000000000000000]
zext_ln124_1_read      (read             ) [ 011000000000000000000000]
select_ln94_read       (read             ) [ 011000000000000000000000]
select_ln121_5_read    (read             ) [ 011000000000000000000000]
select_ln121_6_read    (read             ) [ 011000000000000000000000]
trunc_ln117_mid2_read  (read             ) [ 011000000000000000000000]
store_ln0              (store            ) [ 000000000000000000000000]
store_ln0              (store            ) [ 000000000000000000000000]
store_ln0              (store            ) [ 000000000000000000000000]
store_ln0              (store            ) [ 000000000000000000000000]
store_ln0              (store            ) [ 000000000000000000000000]
br_ln0                 (br               ) [ 011000000000000000000000]
first_iter_0           (phi              ) [ 011000000000000000000000]
th_4                   (load             ) [ 000000000000000000000000]
indvar_flatten156_load (load             ) [ 000000000000000000000000]
tn_3                   (load             ) [ 000000000000000000000000]
indvar_flatten220_load (load             ) [ 000000000000000000000000]
zext_ln94              (zext             ) [ 000000000000000000000000]
empty                  (add              ) [ 000000000000000000000000]
p_cast39               (zext             ) [ 000000000000000000000000]
empty_74               (mul              ) [ 000000000000000000000000]
zext_ln95              (zext             ) [ 000000000000000000000000]
zext_ln95_1            (zext             ) [ 000000000000000000000000]
zext_ln95_2            (zext             ) [ 000000000000000000000000]
empty_75               (add              ) [ 000000000000000000000000]
p_shl2                 (bitconcatenate   ) [ 000000000000000000000000]
p_shl2_cast            (zext             ) [ 000000000000000000000000]
p_shl3                 (bitconcatenate   ) [ 000000000000000000000000]
p_shl3_cast            (zext             ) [ 000000000000000000000000]
empty_76               (sub              ) [ 000000000000000000000000]
p_cast21               (sext             ) [ 000000000000000000000000]
tmp6                   (add              ) [ 000000000000000000000000]
cmp10_i                (icmp             ) [ 000000000000000000000000]
select_ln96            (select           ) [ 000000000000000000000000]
icmp_ln94              (icmp             ) [ 011111111111111111111111]
add_ln94_4             (add              ) [ 000000000000000000000000]
br_ln94                (br               ) [ 000000000000000000000000]
tw_load                (load             ) [ 000000000000000000000000]
add_ln94               (add              ) [ 000000000000000000000000]
icmp_ln95              (icmp             ) [ 000000000000000000000000]
select_ln94_1          (select           ) [ 000000000000000000000000]
or_ln94                (or               ) [ 000000000000000000000000]
select_ln94_2          (select           ) [ 000000000000000000000000]
trunc_ln99             (trunc            ) [ 000000000000000000000000]
tmp_34_cast            (bitconcatenate   ) [ 000000000000000000000000]
zext_ln94_1            (zext             ) [ 000000000000000000000000]
p_mid1170              (add              ) [ 000000000000000000000000]
p_cast39_mid1          (zext             ) [ 000000000000000000000000]
select_ln94_3          (select           ) [ 000000000000000000000000]
p_mid2175_v_v          (bitconcatenate   ) [ 000000000000000000000000]
zext_ln94_2            (zext             ) [ 000000000000000000000000]
add_ln94_3             (add              ) [ 000000000000000000000000]
p_mid1176              (mul              ) [ 000000000000000000000000]
zext_ln95_3            (zext             ) [ 000000000000000000000000]
select_ln94_4          (select           ) [ 000000000000000000000000]
zext_ln94_3            (zext             ) [ 000000000000000000000000]
p_shl2_mid             (bitconcatenate   ) [ 000000000000000000000000]
p_shl2_cast_mid1190    (zext             ) [ 000000000000000000000000]
p_shl3_mid             (bitconcatenate   ) [ 000000000000000000000000]
p_shl3_cast_mid1194    (zext             ) [ 000000000000000000000000]
p_mid1196              (sub              ) [ 000000000000000000000000]
p_cast21_mid1198       (sext             ) [ 000000000000000000000000]
tmp6_mid1200           (add              ) [ 000000000000000000000000]
cmp10_i_mid1206        (icmp             ) [ 000000000000000000000000]
select_ln94_5          (select           ) [ 000000000000000000000000]
select_ln94_6          (select           ) [ 000000000000000000000000]
select_ln96_1          (select           ) [ 000000000000000000000000]
select_ln94_7          (select           ) [ 000000000000000000000000]
xor_ln94               (xor              ) [ 000000000000000000000000]
icmp_ln96              (icmp             ) [ 000000000000000000000000]
and_ln94               (and              ) [ 000000000000000000000000]
add_ln95               (add              ) [ 000000000000000000000000]
or_ln95                (or               ) [ 010100000000000000000000]
or_ln95_1              (or               ) [ 000000000000000000000000]
select_ln95            (select           ) [ 000000000000000000000000]
select_ln95_1          (select           ) [ 000000000000000000000000]
zext_ln99              (zext             ) [ 000000000000000000000000]
add_ln99               (add              ) [ 000000000000000000000000]
tmp_s                  (bitconcatenate   ) [ 000000000000000000000000]
zext_ln95_4            (zext             ) [ 000000000000000000000000]
add_ln95_cast          (zext             ) [ 000000000000000000000000]
p_mid1150              (add              ) [ 000000000000000000000000]
p_shl2_mid1            (bitconcatenate   ) [ 000000000000000000000000]
p_shl2_cast_mid1       (zext             ) [ 000000000000000000000000]
p_shl3_mid1            (bitconcatenate   ) [ 000000000000000000000000]
p_shl3_cast_mid1       (zext             ) [ 000000000000000000000000]
p_mid1152              (sub              ) [ 000000000000000000000000]
p_cast21_mid1          (sext             ) [ 000000000000000000000000]
tmp6_mid1              (add              ) [ 000000000000000000000000]
cmp10_i_mid1           (icmp             ) [ 000000000000000000000000]
select_ln95_2          (select           ) [ 000000000000000000000000]
select_ln95_3          (select           ) [ 000000000000000000000000]
sext_ln95              (sext             ) [ 000000000000000000000000]
add_ln95_1             (add              ) [ 000000000000000000000000]
sext_ln96_mid2_v       (partselect       ) [ 010100000000000000000000]
select_ln96_2          (select           ) [ 000000000000000000000000]
select_ln95_4          (select           ) [ 010100000000000000000000]
zext_ln99_1            (zext             ) [ 000000000000000000000000]
add_ln99_2             (add              ) [ 000000000000000000000000]
zext_ln99_2            (zext             ) [ 000000000000000000000000]
out_tile_2_addr        (getelementptr    ) [ 010111111111000000000000]
zext_ln96              (zext             ) [ 000000000000000000000000]
br_ln96                (br               ) [ 000000000000000000000000]
specpipeline_ln97      (specpipeline     ) [ 000000000000000000000000]
specloopname_ln96      (specloopname     ) [ 000000000000000000000000]
icmp_ln98              (icmp             ) [ 000000000000000000000000]
and_ln98               (and              ) [ 011111111111111111100000]
br_ln98                (br               ) [ 000000000000000000000000]
trunc_ln               (partselect       ) [ 000000000000000000000000]
sext_ln99              (sext             ) [ 000000000000000000000000]
w1_addr                (getelementptr    ) [ 010111111111000000000000]
add_ln96               (add              ) [ 000000000000000000000000]
icmp_ln96_1            (icmp             ) [ 010111111111111111111111]
br_ln96                (br               ) [ 000000000000000000000000]
add_ln95_2             (add              ) [ 000000000000000000000000]
select_ln95_5          (select           ) [ 000000000000000000000000]
store_ln96             (store            ) [ 000000000000000000000000]
store_ln96             (store            ) [ 000000000000000000000000]
store_ln96             (store            ) [ 000000000000000000000000]
store_ln96             (store            ) [ 000000000000000000000000]
store_ln96             (store            ) [ 000000000000000000000000]
br_ln96                (br               ) [ 011000000000000000000000]
specloopname_ln0       (specloopname     ) [ 000000000000000000000000]
speclooptripcount_ln0  (speclooptripcount) [ 000000000000000000000000]
specloopname_ln0       (specloopname     ) [ 000000000000000000000000]
sext_ln95_1            (sext             ) [ 010011111111111111100000]
zext_ln95_5            (zext             ) [ 000000000000000000000000]
feat_addr              (getelementptr    ) [ 000000000000000000000000]
empty_78               (writereq         ) [ 000000000000000000000000]
br_ln96                (br               ) [ 000000000000000000000000]
w1_load_req            (readreq          ) [ 000000000000000000000000]
out_tile_2_load        (load             ) [ 010000000000111100000000]
w1_addr_read           (read             ) [ 010000000000100000000000]
bitcast_ln99           (bitcast          ) [ 010000000000011100000000]
v                      (fadd             ) [ 010000000000000011000000]
bitcast_ln100          (bitcast          ) [ 000000000000000000000000]
tmp_3                  (partselect       ) [ 000000000000000000000000]
trunc_ln100            (trunc            ) [ 000000000000000000000000]
icmp_ln100             (icmp             ) [ 000000000000000000000000]
icmp_ln100_1           (icmp             ) [ 000000000000000000000000]
or_ln100               (or               ) [ 000000000000000000000000]
tmp_4                  (fcmp             ) [ 000000000000000000000000]
and_ln100              (and              ) [ 000000000000000000000000]
select_ln101           (select           ) [ 010000000000000000100000]
feat_addr_3            (getelementptr    ) [ 000000000000000000000000]
write_ln101            (write            ) [ 000000000000000000000000]
br_ln102               (br               ) [ 000000000000000000000000]
feat_addr_4            (getelementptr    ) [ 010000000000000000011111]
empty_77               (writeresp        ) [ 000000000000000000000000]
br_ln96                (br               ) [ 000000000000000000000000]
ret_ln0                (ret              ) [ 000000000000000000000000]
</LifeTime>

<model>

<comp_list>
<comp id="0" class="1000" name="trunc_ln117_mid2">
<pin_list>
<pin id="1" dir="1" index="0" bw="1" slack="0"/>
</pin_list>
<bind>
<StgValue><ssdm name="trunc_ln117_mid2"/></StgValue>
</bind>
</comp>

<comp id="2" class="1000" name="select_ln121_6">
<pin_list>
<pin id="3" dir="1" index="0" bw="1" slack="0"/>
</pin_list>
<bind>
<StgValue><ssdm name="select_ln121_6"/></StgValue>
</bind>
</comp>

<comp id="4" class="1000" name="select_ln121_5">
<pin_list>
<pin id="5" dir="1" index="0" bw="1" slack="0"/>
</pin_list>
<bind>
<StgValue><ssdm name="select_ln121_5"/></StgValue>
</bind>
</comp>

<comp id="6" class="1000" name="select_ln94">
<pin_list>
<pin id="7" dir="1" index="0" bw="1" slack="0"/>
</pin_list>
<bind>
<StgValue><ssdm name="select_ln94"/></StgValue>
</bind>
</comp>

<comp id="8" class="1000" name="feat">
<pin_list>
<pin id="9" dir="1" index="0" bw="1" slack="0"/>
</pin_list>
<bind>
<StgValue><ssdm name="feat"/></StgValue>
</bind>
</comp>

<comp id="10" class="1000" name="zext_ln124_1">
<pin_list>
<pin id="11" dir="1" index="0" bw="1" slack="0"/>
</pin_list>
<bind>
<StgValue><ssdm name="zext_ln124_1"/></StgValue>
</bind>
</comp>

<comp id="12" class="1000" name="b">
<pin_list>
<pin id="13" dir="1" index="0" bw="1" slack="0"/>
</pin_list>
<bind>
<StgValue><ssdm name="b"/></StgValue>
</bind>
</comp>

<comp id="14" class="1000" name="tmp5">
<pin_list>
<pin id="15" dir="1" index="0" bw="1" slack="0"/>
</pin_list>
<bind>
<StgValue><ssdm name="tmp5"/></StgValue>
</bind>
</comp>

<comp id="16" class="1000" name="w1">
<pin_list>
<pin id="17" dir="1" index="0" bw="1" slack="0"/>
</pin_list>
<bind>
<StgValue><ssdm name="w1"/></StgValue>
</bind>
</comp>

<comp id="18" class="1000" name="out_tile_2">
<pin_list>
<pin id="19" dir="1" index="0" bw="1" slack="0"/>
</pin_list>
<bind>
<StgValue><ssdm name="out_tile_2"/><MemPortTyVec>1 3 </MemPortTyVec>
</StgValue>
</bind>
</comp>

<comp id="20" class="1001" name="const_20">
<pin_list>
<pin id="21" dir="1" index="0" bw="1" slack="0"/>
</pin_list>
<bind>
<StgValue><ssdm name=""/></StgValue>
</bind>
</comp>

<comp id="22" class="1001" name="const_22">
<pin_list>
<pin id="23" dir="1" index="0" bw="1" slack="2147483647"/>
</pin_list>
<bind>
<StgValue><ssdm name="_ssdm_op_SpecInterface"/></StgValue>
</bind>
</comp>

<comp id="24" class="1001" name="const_24">
<pin_list>
<pin id="25" dir="1" index="0" bw="1" slack="2147483647"/>
</pin_list>
<bind>
<StgValue><ssdm name="empty_39"/></StgValue>
</bind>
</comp>

<comp id="26" class="1001" name="const_26">
<pin_list>
<pin id="27" dir="1" index="0" bw="1" slack="0"/>
</pin_list>
<bind>
<StgValue><ssdm name=""/></StgValue>
</bind>
</comp>

<comp id="28" class="1001" name="const_28">
<pin_list>
<pin id="29" dir="1" index="0" bw="1" slack="2147483647"/>
</pin_list>
<bind>
<StgValue><ssdm name="empty_40"/></StgValue>
</bind>
</comp>

<comp id="30" class="1001" name="const_30">
<pin_list>
<pin id="31" dir="1" index="0" bw="1" slack="2147483647"/>
</pin_list>
<bind>
<StgValue><ssdm name=""/></StgValue>
</bind>
</comp>

<comp id="32" class="1001" name="const_32">
<pin_list>
<pin id="33" dir="1" index="0" bw="1" slack="2147483647"/>
</pin_list>
<bind>
<StgValue><ssdm name="empty_43"/></StgValue>
</bind>
</comp>

<comp id="34" class="1001" name="const_34">
<pin_list>
<pin id="35" dir="1" index="0" bw="1" slack="2147483647"/>
</pin_list>
<bind>
<StgValue><ssdm name="empty_42"/></StgValue>
</bind>
</comp>

<comp id="36" class="1001" name="const_36">
<pin_list>
<pin id="37" dir="1" index="0" bw="1" slack="2147483647"/>
</pin_list>
<bind>
<StgValue><ssdm name=""/></StgValue>
</bind>
</comp>

<comp id="38" class="1001" name="const_38">
<pin_list>
<pin id="39" dir="1" index="0" bw="1" slack="2147483647"/>
</pin_list>
<bind>
<StgValue><ssdm name=""/></StgValue>
</bind>
</comp>

<comp id="40" class="1001" name="const_40">
<pin_list>
<pin id="41" dir="1" index="0" bw="1" slack="2147483647"/>
</pin_list>
<bind>
<StgValue><ssdm name=""/></StgValue>
</bind>
</comp>

<comp id="42" class="1001" name="const_42">
<pin_list>
<pin id="43" dir="1" index="0" bw="1" slack="2147483647"/>
</pin_list>
<bind>
<StgValue><ssdm name="empty_44"/></StgValue>
</bind>
</comp>

<comp id="44" class="1001" name="const_44">
<pin_list>
<pin id="45" dir="1" index="0" bw="1" slack="0"/>
</pin_list>
<bind>
<StgValue><ssdm name="_ssdm_op_Read.ap_auto.i64"/></StgValue>
</bind>
</comp>

<comp id="46" class="1001" name="const_46">
<pin_list>
<pin id="47" dir="1" index="0" bw="1" slack="0"/>
</pin_list>
<bind>
<StgValue><ssdm name="_ssdm_op_Read.ap_auto.i8"/></StgValue>
</bind>
</comp>

<comp id="48" class="1001" name="const_48">
<pin_list>
<pin id="49" dir="1" index="0" bw="1" slack="0"/>
</pin_list>
<bind>
<StgValue><ssdm name="_ssdm_op_Read.ap_auto.i6"/></StgValue>
</bind>
</comp>

<comp id="50" class="1001" name="const_50">
<pin_list>
<pin id="51" dir="1" index="0" bw="1" slack="0"/>
</pin_list>
<bind>
<StgValue><ssdm name="_ssdm_op_Read.ap_auto.i9"/></StgValue>
</bind>
</comp>

<comp id="52" class="1001" name="const_52">
<pin_list>
<pin id="53" dir="1" index="0" bw="1" slack="0"/>
</pin_list>
<bind>
<StgValue><ssdm name=""/></StgValue>
</bind>
</comp>

<comp id="54" class="1001" name="const_54">
<pin_list>
<pin id="55" dir="1" index="0" bw="1" slack="0"/>
</pin_list>
<bind>
<StgValue><ssdm name=""/></StgValue>
</bind>
</comp>

<comp id="56" class="1001" name="const_56">
<pin_list>
<pin id="57" dir="1" index="0" bw="1" slack="0"/>
</pin_list>
<bind>
<StgValue><ssdm name=""/></StgValue>
</bind>
</comp>

<comp id="58" class="1001" name="const_58">
<pin_list>
<pin id="59" dir="1" index="0" bw="1" slack="0"/>
</pin_list>
<bind>
<StgValue><ssdm name=""/></StgValue>
</bind>
</comp>

<comp id="60" class="1001" name="const_60">
<pin_list>
<pin id="61" dir="1" index="0" bw="1" slack="0"/>
</pin_list>
<bind>
<StgValue><ssdm name=""/></StgValue>
</bind>
</comp>

<comp id="62" class="1001" name="const_62">
<pin_list>
<pin id="63" dir="1" index="0" bw="1" slack="0"/>
</pin_list>
<bind>
<StgValue><ssdm name=""/></StgValue>
</bind>
</comp>

<comp id="64" class="1001" name="const_64">
<pin_list>
<pin id="65" dir="1" index="0" bw="1" slack="0"/>
</pin_list>
<bind>
<StgValue><ssdm name=""/></StgValue>
</bind>
</comp>

<comp id="66" class="1001" name="const_66">
<pin_list>
<pin id="67" dir="1" index="0" bw="1" slack="0"/>
</pin_list>
<bind>
<StgValue><ssdm name="_ssdm_op_BitConcatenate.i19.i9.i10"/></StgValue>
</bind>
</comp>

<comp id="68" class="1001" name="const_68">
<pin_list>
<pin id="69" dir="1" index="0" bw="1" slack="0"/>
</pin_list>
<bind>
<StgValue><ssdm name=""/></StgValue>
</bind>
</comp>

<comp id="70" class="1001" name="const_70">
<pin_list>
<pin id="71" dir="1" index="0" bw="1" slack="0"/>
</pin_list>
<bind>
<StgValue><ssdm name="_ssdm_op_BitConcatenate.i11.i9.i2"/></StgValue>
</bind>
</comp>

<comp id="72" class="1001" name="const_72">
<pin_list>
<pin id="73" dir="1" index="0" bw="1" slack="0"/>
</pin_list>
<bind>
<StgValue><ssdm name=""/></StgValue>
</bind>
</comp>

<comp id="74" class="1001" name="const_74">
<pin_list>
<pin id="75" dir="1" index="0" bw="1" slack="0"/>
</pin_list>
<bind>
<StgValue><ssdm name=""/></StgValue>
</bind>
</comp>

<comp id="76" class="1001" name="const_76">
<pin_list>
<pin id="77" dir="1" index="0" bw="1" slack="0"/>
</pin_list>
<bind>
<StgValue><ssdm name=""/></StgValue>
</bind>
</comp>

<comp id="78" class="1001" name="const_78">
<pin_list>
<pin id="79" dir="1" index="0" bw="1" slack="0"/>
</pin_list>
<bind>
<StgValue><ssdm name=""/></StgValue>
</bind>
</comp>

<comp id="80" class="1001" name="const_80">
<pin_list>
<pin id="81" dir="1" index="0" bw="1" slack="0"/>
</pin_list>
<bind>
<StgValue><ssdm name=""/></StgValue>
</bind>
</comp>

<comp id="82" class="1001" name="const_82">
<pin_list>
<pin id="83" dir="1" index="0" bw="1" slack="0"/>
</pin_list>
<bind>
<StgValue><ssdm name="_ssdm_op_BitConcatenate.i8.i3.i5"/></StgValue>
</bind>
</comp>

<comp id="84" class="1001" name="const_84">
<pin_list>
<pin id="85" dir="1" index="0" bw="1" slack="0"/>
</pin_list>
<bind>
<StgValue><ssdm name=""/></StgValue>
</bind>
</comp>

<comp id="86" class="1001" name="const_86">
<pin_list>
<pin id="87" dir="1" index="0" bw="1" slack="0"/>
</pin_list>
<bind>
<StgValue><ssdm name="_ssdm_op_BitConcatenate.i8.i6.i2"/></StgValue>
</bind>
</comp>

<comp id="88" class="1001" name="const_88">
<pin_list>
<pin id="89" dir="1" index="0" bw="1" slack="0"/>
</pin_list>
<bind>
<StgValue><ssdm name=""/></StgValue>
</bind>
</comp>

<comp id="90" class="1001" name="const_90">
<pin_list>
<pin id="91" dir="1" index="0" bw="1" slack="0"/>
</pin_list>
<bind>
<StgValue><ssdm name=""/></StgValue>
</bind>
</comp>

<comp id="92" class="1001" name="const_92">
<pin_list>
<pin id="93" dir="1" index="0" bw="1" slack="0"/>
</pin_list>
<bind>
<StgValue><ssdm name=""/></StgValue>
</bind>
</comp>

<comp id="94" class="1001" name="const_94">
<pin_list>
<pin id="95" dir="1" index="0" bw="1" slack="0"/>
</pin_list>
<bind>
<StgValue><ssdm name="_ssdm_op_BitConcatenate.i13.i8.i5"/></StgValue>
</bind>
</comp>

<comp id="96" class="1001" name="const_96">
<pin_list>
<pin id="97" dir="1" index="0" bw="1" slack="0"/>
</pin_list>
<bind>
<StgValue><ssdm name="_ssdm_op_PartSelect.i62.i64.i32.i32"/></StgValue>
</bind>
</comp>

<comp id="98" class="1001" name="const_98">
<pin_list>
<pin id="99" dir="1" index="0" bw="1" slack="0"/>
</pin_list>
<bind>
<StgValue><ssdm name=""/></StgValue>
</bind>
</comp>

<comp id="100" class="1001" name="const_100">
<pin_list>
<pin id="101" dir="1" index="0" bw="1" slack="0"/>
</pin_list>
<bind>
<StgValue><ssdm name=""/></StgValue>
</bind>
</comp>

<comp id="102" class="1001" name="const_102">
<pin_list>
<pin id="103" dir="1" index="0" bw="1" slack="0"/>
</pin_list>
<bind>
<StgValue><ssdm name=""/></StgValue>
</bind>
</comp>

<comp id="104" class="1001" name="const_104">
<pin_list>
<pin id="105" dir="1" index="0" bw="1" slack="2147483647"/>
</pin_list>
<bind>
<StgValue><ssdm name="_ssdm_op_SpecPipeline"/></StgValue>
</bind>
</comp>

<comp id="106" class="1001" name="const_106">
<pin_list>
<pin id="107" dir="1" index="0" bw="1" slack="2147483647"/>
</pin_list>
<bind>
<StgValue><ssdm name="_ssdm_op_SpecLoopName"/></StgValue>
</bind>
</comp>

<comp id="108" class="1001" name="const_108">
<pin_list>
<pin id="109" dir="1" index="0" bw="1" slack="2147483647"/>
</pin_list>
<bind>
<StgValue><ssdm name="empty_25"/></StgValue>
</bind>
</comp>

<comp id="110" class="1001" name="const_110">
<pin_list>
<pin id="111" dir="1" index="0" bw="1" slack="0"/>
</pin_list>
<bind>
<StgValue><ssdm name=""/></StgValue>
</bind>
</comp>

<comp id="112" class="1001" name="const_112">
<pin_list>
<pin id="113" dir="1" index="0" bw="1" slack="2147483647"/>
</pin_list>
<bind>
<StgValue><ssdm name="VITIS_LOOP_94_1_VITIS_LOOP_95_2_VITIS_LOOP_96_3_str"/></StgValue>
</bind>
</comp>

<comp id="114" class="1001" name="const_114">
<pin_list>
<pin id="115" dir="1" index="0" bw="1" slack="2147483647"/>
</pin_list>
<bind>
<StgValue><ssdm name="_ssdm_op_SpecLoopTripCount"/></StgValue>
</bind>
</comp>

<comp id="116" class="1001" name="const_116">
<pin_list>
<pin id="117" dir="1" index="0" bw="1" slack="2147483647"/>
</pin_list>
<bind>
<StgValue><ssdm name=""/></StgValue>
</bind>
</comp>

<comp id="118" class="1001" name="const_118">
<pin_list>
<pin id="119" dir="1" index="0" bw="1" slack="2147483647"/>
</pin_list>
<bind>
<StgValue><ssdm name="VITIS_LOOP_95_2_VITIS_LOOP_96_3_str"/></StgValue>
</bind>
</comp>

<comp id="120" class="1001" name="const_120">
<pin_list>
<pin id="121" dir="1" index="0" bw="1" slack="0"/>
</pin_list>
<bind>
<StgValue><ssdm name="_ssdm_op_WriteReq.m_axi.p1i32"/></StgValue>
</bind>
</comp>

<comp id="122" class="1001" name="const_122">
<pin_list>
<pin id="123" dir="1" index="0" bw="1" slack="0"/>
</pin_list>
<bind>
<StgValue><ssdm name="_ssdm_op_ReadReq.m_axi.i32P1A"/></StgValue>
</bind>
</comp>

<comp id="124" class="1001" name="const_124">
<pin_list>
<pin id="125" dir="1" index="0" bw="1" slack="0"/>
</pin_list>
<bind>
<StgValue><ssdm name="_ssdm_op_Read.m_axi.i32P1A"/></StgValue>
</bind>
</comp>

<comp id="126" class="1001" name="const_126">
<pin_list>
<pin id="127" dir="1" index="0" bw="1" slack="0"/>
</pin_list>
<bind>
<StgValue><ssdm name=""/></StgValue>
</bind>
</comp>

<comp id="128" class="1001" name="const_128">
<pin_list>
<pin id="129" dir="1" index="0" bw="1" slack="0"/>
</pin_list>
<bind>
<StgValue><ssdm name="_ssdm_op_PartSelect.i8.i32.i32.i32"/></StgValue>
</bind>
</comp>

<comp id="130" class="1001" name="const_130">
<pin_list>
<pin id="131" dir="1" index="0" bw="1" slack="0"/>
</pin_list>
<bind>
<StgValue><ssdm name=""/></StgValue>
</bind>
</comp>

<comp id="132" class="1001" name="const_132">
<pin_list>
<pin id="133" dir="1" index="0" bw="1" slack="0"/>
</pin_list>
<bind>
<StgValue><ssdm name=""/></StgValue>
</bind>
</comp>

<comp id="134" class="1001" name="const_134">
<pin_list>
<pin id="135" dir="1" index="0" bw="1" slack="0"/>
</pin_list>
<bind>
<StgValue><ssdm name=""/></StgValue>
</bind>
</comp>

<comp id="136" class="1001" name="const_136">
<pin_list>
<pin id="137" dir="1" index="0" bw="1" slack="0"/>
</pin_list>
<bind>
<StgValue><ssdm name=""/></StgValue>
</bind>
</comp>

<comp id="138" class="1001" name="const_138">
<pin_list>
<pin id="139" dir="1" index="0" bw="1" slack="0"/>
</pin_list>
<bind>
<StgValue><ssdm name="_ssdm_op_Write.m_axi.p1i32"/></StgValue>
</bind>
</comp>

<comp id="140" class="1001" name="const_140">
<pin_list>
<pin id="141" dir="1" index="0" bw="1" slack="0"/>
</pin_list>
<bind>
<StgValue><ssdm name=""/></StgValue>
</bind>
</comp>

<comp id="142" class="1001" name="const_142">
<pin_list>
<pin id="143" dir="1" index="0" bw="1" slack="0"/>
</pin_list>
<bind>
<StgValue><ssdm name="_ssdm_op_WriteResp.m_axi.p1i32"/></StgValue>
</bind>
</comp>

<comp id="144" class="1004" name="tw_fu_144">
<pin_list>
<pin id="145" dir="0" index="0" bw="1" slack="0"/>
<pin id="146" dir="1" index="1" bw="6" slack="0"/>
</pin_list>
<bind>
<opcode="alloca(26) " fcode="alloca"/>
<opset="tw/1 "/>
</bind>
</comp>

<comp id="148" class="1004" name="th_fu_148">
<pin_list>
<pin id="149" dir="0" index="0" bw="1" slack="0"/>
<pin id="150" dir="1" index="1" bw="6" slack="0"/>
</pin_list>
<bind>
<opcode="alloca(26) " fcode="alloca"/>
<opset="th/1 "/>
</bind>
</comp>

<comp id="152" class="1004" name="indvar_flatten156_fu_152">
<pin_list>
<pin id="153" dir="0" index="0" bw="1" slack="0"/>
<pin id="154" dir="1" index="1" bw="12" slack="0"/>
</pin_list>
<bind>
<opcode="alloca(26) " fcode="alloca"/>
<opset="indvar_flatten156/1 "/>
</bind>
</comp>

<comp id="156" class="1004" name="tn_fu_156">
<pin_list>
<pin id="157" dir="0" index="0" bw="1" slack="0"/>
<pin id="158" dir="1" index="1" bw="4" slack="0"/>
</pin_list>
<bind>
<opcode="alloca(26) " fcode="alloca"/>
<opset="tn/1 "/>
</bind>
</comp>

<comp id="160" class="1004" name="indvar_flatten220_fu_160">
<pin_list>
<pin id="161" dir="0" index="0" bw="1" slack="0"/>
<pin id="162" dir="1" index="1" bw="14" slack="0"/>
</pin_list>
<bind>
<opcode="alloca(26) " fcode="alloca"/>
<opset="indvar_flatten220/1 "/>
</bind>
</comp>

<comp id="164" class="1004" name="tmp5_read_read_fu_164">
<pin_list>
<pin id="165" dir="0" index="0" bw="64" slack="0"/>
<pin id="166" dir="0" index="1" bw="64" slack="0"/>
<pin id="167" dir="1" index="2" bw="64" slack="1"/>
</pin_list>
<bind>
<opcode="read(1150) " fcode="read"/>
<opset="tmp5_read/1 "/>
</bind>
</comp>

<comp id="170" class="1004" name="b_read_read_fu_170">
<pin_list>
<pin id="171" dir="0" index="0" bw="64" slack="0"/>
<pin id="172" dir="0" index="1" bw="64" slack="0"/>
<pin id="173" dir="1" index="2" bw="64" slack="1"/>
</pin_list>
<bind>
<opcode="read(1150) " fcode="read"/>
<opset="b_read/1 "/>
</bind>
</comp>

<comp id="176" class="1004" name="zext_ln124_1_read_read_fu_176">
<pin_list>
<pin id="177" dir="0" index="0" bw="8" slack="0"/>
<pin id="178" dir="0" index="1" bw="8" slack="0"/>
<pin id="179" dir="1" index="2" bw="8" slack="1"/>
</pin_list>
<bind>
<opcode="read(1150) " fcode="read"/>
<opset="zext_ln124_1_read/1 "/>
</bind>
</comp>

<comp id="182" class="1004" name="select_ln94_read_read_fu_182">
<pin_list>
<pin id="183" dir="0" index="0" bw="6" slack="0"/>
<pin id="184" dir="0" index="1" bw="6" slack="0"/>
<pin id="185" dir="1" index="2" bw="6" slack="1"/>
</pin_list>
<bind>
<opcode="read(1150) " fcode="read"/>
<opset="select_ln94_read/1 "/>
</bind>
</comp>

<comp id="188" class="1004" name="select_ln121_5_read_read_fu_188">
<pin_list>
<pin id="189" dir="0" index="0" bw="8" slack="0"/>
<pin id="190" dir="0" index="1" bw="8" slack="0"/>
<pin id="191" dir="1" index="2" bw="8" slack="1"/>
</pin_list>
<bind>
<opcode="read(1150) " fcode="read"/>
<opset="select_ln121_5_read/1 "/>
</bind>
</comp>

<comp id="194" class="1004" name="select_ln121_6_read_read_fu_194">
<pin_list>
<pin id="195" dir="0" index="0" bw="9" slack="0"/>
<pin id="196" dir="0" index="1" bw="9" slack="0"/>
<pin id="197" dir="1" index="2" bw="9" slack="1"/>
</pin_list>
<bind>
<opcode="read(1150) " fcode="read"/>
<opset="select_ln121_6_read/1 "/>
</bind>
</comp>

<comp id="200" class="1004" name="trunc_ln117_mid2_read_read_fu_200">
<pin_list>
<pin id="201" dir="0" index="0" bw="6" slack="0"/>
<pin id="202" dir="0" index="1" bw="6" slack="0"/>
<pin id="203" dir="1" index="2" bw="6" slack="1"/>
</pin_list>
<bind>
<opcode="read(1150) " fcode="read"/>
<opset="trunc_ln117_mid2_read/1 "/>
</bind>
</comp>

<comp id="206" class="1004" name="empty_78_writereq_fu_206">
<pin_list>
<pin id="207" dir="0" index="0" bw="1" slack="0"/>
<pin id="208" dir="0" index="1" bw="32" slack="0"/>
<pin id="209" dir="0" index="2" bw="6" slack="0"/>
<pin id="210" dir="1" index="3" bw="1" slack="2147483647"/>
</pin_list>
<bind>
<opcode="writereq(1155) " fcode="writereq"/>
<opset="empty_78/3 "/>
</bind>
</comp>

<comp id="212" class="1004" name="grp_readreq_fu_212">
<pin_list>
<pin id="213" dir="0" index="0" bw="1" slack="0"/>
<pin id="214" dir="0" index="1" bw="32" slack="1"/>
<pin id="215" dir="0" index="2" bw="1" slack="0"/>
<pin id="216" dir="1" index="3" bw="1" slack="2147483647"/>
</pin_list>
<bind>
<opcode="readreq(1154) " fcode="readreq"/>
<opset="w1_load_req/3 "/>
</bind>
</comp>

<comp id="219" class="1004" name="w1_addr_read_read_fu_219">
<pin_list>
<pin id="220" dir="0" index="0" bw="32" slack="0"/>
<pin id="221" dir="0" index="1" bw="32" slack="9"/>
<pin id="222" dir="1" index="2" bw="32" slack="1"/>
</pin_list>
<bind>
<opcode="read(1150) " fcode="read"/>
<opset="w1_addr_read/11 "/>
</bind>
</comp>

<comp id="224" class="1004" name="write_ln101_write_fu_224">
<pin_list>
<pin id="225" dir="0" index="0" bw="0" slack="0"/>
<pin id="226" dir="0" index="1" bw="32" slack="0"/>
<pin id="227" dir="0" index="2" bw="32" slack="1"/>
<pin id="228" dir="0" index="3" bw="1" slack="0"/>
<pin id="229" dir="1" index="4" bw="0" slack="2147483647"/>
</pin_list>
<bind>
<opcode="write(1151) " fcode="write"/>
<opset="write_ln101/18 "/>
</bind>
</comp>

<comp id="232" class="1004" name="grp_writeresp_fu_232">
<pin_list>
<pin id="233" dir="0" index="0" bw="1" slack="0"/>
<pin id="234" dir="0" index="1" bw="32" slack="1"/>
<pin id="235" dir="1" index="2" bw="1" slack="2147483647"/>
</pin_list>
<bind>
<opcode="writeresp(1158) " fcode="writeresp"/>
<opset="empty_77/19 "/>
</bind>
</comp>

<comp id="237" class="1004" name="out_tile_2_addr_gep_fu_237">
<pin_list>
<pin id="238" dir="0" index="0" bw="32" slack="0"/>
<pin id="239" dir="0" index="1" bw="1" slack="0"/>
<pin id="240" dir="0" index="2" bw="13" slack="0"/>
<pin id="241" dir="1" index="3" bw="13" slack="8"/>
</pin_list>
<bind>
<opcode="getelementptr(29) " fcode="getelementptr"/>
<opset="out_tile_2_addr/2 "/>
</bind>
</comp>

<comp id="244" class="1004" name="grp_access_fu_244">
<pin_list>
<pin id="245" dir="0" index="0" bw="13" slack="8"/>
<pin id="246" dir="0" index="1" bw="32" slack="2147483647"/>
<pin id="247" dir="0" index="2" bw="0" slack="2147483647"/>
<pin id="248" dir="1" index="3" bw="32" slack="1"/>
</pin_list>
<bind>
<opcode="load(27) " fcode="load"/>
<opset="out_tile_2_load/10 "/>
</bind>
</comp>

<comp id="249" class="1005" name="first_iter_0_reg_249">
<pin_list>
<pin id="250" dir="0" index="0" bw="1" slack="1"/>
<pin id="251" dir="1" index="1" bw="1" slack="1"/>
</pin_list>
<bind>
<opset="first_iter_0 (phireg) "/>
</bind>
</comp>

<comp id="253" class="1004" name="first_iter_0_phi_fu_253">
<pin_list>
<pin id="254" dir="0" index="0" bw="1" slack="1"/>
<pin id="255" dir="0" index="1" bw="0" slack="2147483647"/>
<pin id="256" dir="0" index="2" bw="1" slack="0"/>
<pin id="257" dir="0" index="3" bw="0" slack="2147483647"/>
<pin id="258" dir="1" index="4" bw="1" slack="0"/>
</pin_list>
<bind>
<opcode="phi(47) " fcode="phi"/>
<opset="first_iter_0/2 "/>
</bind>
</comp>

<comp id="261" class="1004" name="grp_fu_261">
<pin_list>
<pin id="262" dir="0" index="0" bw="32" slack="1"/>
<pin id="263" dir="0" index="1" bw="32" slack="0"/>
<pin id="264" dir="1" index="2" bw="32" slack="1"/>
</pin_list>
<bind>
<opcode="fadd(9) " fcode="fadd"/>
<opset="v/12 "/>
</bind>
</comp>

<comp id="265" class="1004" name="grp_fu_265">
<pin_list>
<pin id="266" dir="0" index="0" bw="32" slack="1"/>
<pin id="267" dir="0" index="1" bw="32" slack="0"/>
<pin id="268" dir="1" index="2" bw="1" slack="0"/>
</pin_list>
<bind>
<opcode="fcmp(46) " fcode="fcmp"/>
<opset="tmp_4/16 "/>
</bind>
</comp>

<comp id="270" class="1004" name="store_ln0_store_fu_270">
<pin_list>
<pin id="271" dir="0" index="0" bw="1" slack="0"/>
<pin id="272" dir="0" index="1" bw="14" slack="0"/>
<pin id="273" dir="1" index="2" bw="0" slack="2147483647"/>
</pin_list>
<bind>
<opcode="store(28) " fcode="store"/>
<opset="store_ln0/1 "/>
</bind>
</comp>

<comp id="275" class="1004" name="store_ln0_store_fu_275">
<pin_list>
<pin id="276" dir="0" index="0" bw="1" slack="0"/>
<pin id="277" dir="0" index="1" bw="4" slack="0"/>
<pin id="278" dir="1" index="2" bw="0" slack="2147483647"/>
</pin_list>
<bind>
<opcode="store(28) " fcode="store"/>
<opset="store_ln0/1 "/>
</bind>
</comp>

<comp id="280" class="1004" name="store_ln0_store_fu_280">
<pin_list>
<pin id="281" dir="0" index="0" bw="1" slack="0"/>
<pin id="282" dir="0" index="1" bw="12" slack="0"/>
<pin id="283" dir="1" index="2" bw="0" slack="2147483647"/>
</pin_list>
<bind>
<opcode="store(28) " fcode="store"/>
<opset="store_ln0/1 "/>
</bind>
</comp>

<comp id="285" class="1004" name="store_ln0_store_fu_285">
<pin_list>
<pin id="286" dir="0" index="0" bw="1" slack="0"/>
<pin id="287" dir="0" index="1" bw="6" slack="0"/>
<pin id="288" dir="1" index="2" bw="0" slack="2147483647"/>
</pin_list>
<bind>
<opcode="store(28) " fcode="store"/>
<opset="store_ln0/1 "/>
</bind>
</comp>

<comp id="290" class="1004" name="store_ln0_store_fu_290">
<pin_list>
<pin id="291" dir="0" index="0" bw="1" slack="0"/>
<pin id="292" dir="0" index="1" bw="6" slack="0"/>
<pin id="293" dir="1" index="2" bw="0" slack="2147483647"/>
</pin_list>
<bind>
<opcode="store(28) " fcode="store"/>
<opset="store_ln0/1 "/>
</bind>
</comp>

<comp id="295" class="1004" name="th_4_load_fu_295">
<pin_list>
<pin id="296" dir="0" index="0" bw="6" slack="1"/>
<pin id="297" dir="1" index="1" bw="6" slack="0"/>
</pin_list>
<bind>
<opcode="load(27) " fcode="load"/>
<opset="th_4/2 "/>
</bind>
</comp>

<comp id="298" class="1004" name="indvar_flatten156_load_load_fu_298">
<pin_list>
<pin id="299" dir="0" index="0" bw="12" slack="1"/>
<pin id="300" dir="1" index="1" bw="12" slack="0"/>
</pin_list>
<bind>
<opcode="load(27) " fcode="load"/>
<opset="indvar_flatten156_load/2 "/>
</bind>
</comp>

<comp id="301" class="1004" name="tn_3_load_fu_301">
<pin_list>
<pin id="302" dir="0" index="0" bw="4" slack="1"/>
<pin id="303" dir="1" index="1" bw="4" slack="0"/>
</pin_list>
<bind>
<opcode="load(27) " fcode="load"/>
<opset="tn_3/2 "/>
</bind>
</comp>

<comp id="304" class="1004" name="indvar_flatten220_load_load_fu_304">
<pin_list>
<pin id="305" dir="0" index="0" bw="14" slack="1"/>
<pin id="306" dir="1" index="1" bw="14" slack="0"/>
</pin_list>
<bind>
<opcode="load(27) " fcode="load"/>
<opset="indvar_flatten220_load/2 "/>
</bind>
</comp>

<comp id="307" class="1004" name="zext_ln94_fu_307">
<pin_list>
<pin id="308" dir="0" index="0" bw="4" slack="0"/>
<pin id="309" dir="1" index="1" bw="6" slack="0"/>
</pin_list>
<bind>
<opcode="zext(34) " fcode="zext"/>
<opset="zext_ln94/2 "/>
</bind>
</comp>

<comp id="311" class="1004" name="empty_fu_311">
<pin_list>
<pin id="312" dir="0" index="0" bw="4" slack="0"/>
<pin id="313" dir="0" index="1" bw="6" slack="1"/>
<pin id="314" dir="1" index="2" bw="6" slack="0"/>
</pin_list>
<bind>
<opcode="add(8) " fcode="add"/>
<opset="empty/2 "/>
</bind>
</comp>

<comp id="316" class="1004" name="p_cast39_fu_316">
<pin_list>
<pin id="317" dir="0" index="0" bw="6" slack="0"/>
<pin id="318" dir="1" index="1" bw="24" slack="0"/>
</pin_list>
<bind>
<opcode="zext(34) " fcode="zext"/>
<opset="p_cast39/2 "/>
</bind>
</comp>

<comp id="320" class="1004" name="empty_74_fu_320">
<pin_list>
<pin id="321" dir="0" index="0" bw="6" slack="0"/>
<pin id="322" dir="0" index="1" bw="19" slack="0"/>
<pin id="323" dir="1" index="2" bw="24" slack="0"/>
</pin_list>
<bind>
<opcode="mul(12) " fcode="mul"/>
<opset="empty_74/2 "/>
</bind>
</comp>

<comp id="326" class="1004" name="zext_ln95_fu_326">
<pin_list>
<pin id="327" dir="0" index="0" bw="24" slack="0"/>
<pin id="328" dir="1" index="1" bw="25" slack="0"/>
</pin_list>
<bind>
<opcode="zext(34) " fcode="zext"/>
<opset="zext_ln95/2 "/>
</bind>
</comp>

<comp id="330" class="1004" name="zext_ln95_1_fu_330">
<pin_list>
<pin id="331" dir="0" index="0" bw="6" slack="0"/>
<pin id="332" dir="1" index="1" bw="9" slack="0"/>
</pin_list>
<bind>
<opcode="zext(34) " fcode="zext"/>
<opset="zext_ln95_1/2 "/>
</bind>
</comp>

<comp id="334" class="1004" name="zext_ln95_2_fu_334">
<pin_list>
<pin id="335" dir="0" index="0" bw="6" slack="0"/>
<pin id="336" dir="1" index="1" bw="8" slack="0"/>
</pin_list>
<bind>
<opcode="zext(34) " fcode="zext"/>
<opset="zext_ln95_2/2 "/>
</bind>
</comp>

<comp id="338" class="1004" name="empty_75_fu_338">
<pin_list>
<pin id="339" dir="0" index="0" bw="6" slack="0"/>
<pin id="340" dir="0" index="1" bw="9" slack="1"/>
<pin id="341" dir="1" index="2" bw="9" slack="0"/>
</pin_list>
<bind>
<opcode="add(8) " fcode="add"/>
<opset="empty_75/2 "/>
</bind>
</comp>

<comp id="343" class="1004" name="p_shl2_fu_343">
<pin_list>
<pin id="344" dir="0" index="0" bw="19" slack="0"/>
<pin id="345" dir="0" index="1" bw="9" slack="0"/>
<pin id="346" dir="0" index="2" bw="1" slack="0"/>
<pin id="347" dir="1" index="3" bw="19" slack="0"/>
</pin_list>
<bind>
<opcode="bitconcatenate(1004) " fcode="bitconcatenate"/>
<opset="p_shl2/2 "/>
</bind>
</comp>

<comp id="351" class="1004" name="p_shl2_cast_fu_351">
<pin_list>
<pin id="352" dir="0" index="0" bw="19" slack="0"/>
<pin id="353" dir="1" index="1" bw="20" slack="0"/>
</pin_list>
<bind>
<opcode="zext(34) " fcode="zext"/>
<opset="p_shl2_cast/2 "/>
</bind>
</comp>

<comp id="355" class="1004" name="p_shl3_fu_355">
<pin_list>
<pin id="356" dir="0" index="0" bw="11" slack="0"/>
<pin id="357" dir="0" index="1" bw="9" slack="0"/>
<pin id="358" dir="0" index="2" bw="1" slack="0"/>
<pin id="359" dir="1" index="3" bw="11" slack="0"/>
</pin_list>
<bind>
<opcode="bitconcatenate(1004) " fcode="bitconcatenate"/>
<opset="p_shl3/2 "/>
</bind>
</comp>

<comp id="363" class="1004" name="p_shl3_cast_fu_363">
<pin_list>
<pin id="364" dir="0" index="0" bw="11" slack="0"/>
<pin id="365" dir="1" index="1" bw="20" slack="0"/>
</pin_list>
<bind>
<opcode="zext(34) " fcode="zext"/>
<opset="p_shl3_cast/2 "/>
</bind>
</comp>

<comp id="367" class="1004" name="empty_76_fu_367">
<pin_list>
<pin id="368" dir="0" index="0" bw="19" slack="0"/>
<pin id="369" dir="0" index="1" bw="11" slack="0"/>
<pin id="370" dir="1" index="2" bw="20" slack="0"/>
</pin_list>
<bind>
<opcode="sub(10) " fcode="sub"/>
<opset="empty_76/2 "/>
</bind>
</comp>

<comp id="373" class="1004" name="p_cast21_fu_373">
<pin_list>
<pin id="374" dir="0" index="0" bw="20" slack="0"/>
<pin id="375" dir="1" index="1" bw="25" slack="0"/>
</pin_list>
<bind>
<opcode="sext(35) " fcode="sext"/>
<opset="p_cast21/2 "/>
</bind>
</comp>

<comp id="377" class="1004" name="tmp6_fu_377">
<pin_list>
<pin id="378" dir="0" index="0" bw="24" slack="0"/>
<pin id="379" dir="0" index="1" bw="20" slack="0"/>
<pin id="380" dir="1" index="2" bw="25" slack="0"/>
</pin_list>
<bind>
<opcode="add(8) " fcode="add"/>
<opset="tmp6/2 "/>
</bind>
</comp>

<comp id="383" class="1004" name="cmp10_i_fu_383">
<pin_list>
<pin id="384" dir="0" index="0" bw="6" slack="0"/>
<pin id="385" dir="0" index="1" bw="8" slack="1"/>
<pin id="386" dir="1" index="2" bw="1" slack="0"/>
</pin_list>
<bind>
<opcode="icmp(45) " fcode="icmp"/>
<opset="cmp10_i/2 "/>
</bind>
</comp>

<comp id="388" class="1004" name="select_ln96_fu_388">
<pin_list>
<pin id="389" dir="0" index="0" bw="1" slack="0"/>
<pin id="390" dir="0" index="1" bw="6" slack="1"/>
<pin id="391" dir="0" index="2" bw="1" slack="0"/>
<pin id="392" dir="1" index="3" bw="6" slack="0"/>
</pin_list>
<bind>
<opcode="select(49) " fcode="select"/>
<opset="select_ln96/2 "/>
</bind>
</comp>

<comp id="395" class="1004" name="icmp_ln94_fu_395">
<pin_list>
<pin id="396" dir="0" index="0" bw="14" slack="0"/>
<pin id="397" dir="0" index="1" bw="14" slack="0"/>
<pin id="398" dir="1" index="2" bw="1" slack="1"/>
</pin_list>
<bind>
<opcode="icmp(45) " fcode="icmp"/>
<opset="icmp_ln94/2 "/>
</bind>
</comp>

<comp id="401" class="1004" name="add_ln94_4_fu_401">
<pin_list>
<pin id="402" dir="0" index="0" bw="14" slack="0"/>
<pin id="403" dir="0" index="1" bw="1" slack="0"/>
<pin id="404" dir="1" index="2" bw="14" slack="0"/>
</pin_list>
<bind>
<opcode="add(8) " fcode="add"/>
<opset="add_ln94_4/2 "/>
</bind>
</comp>

<comp id="407" class="1004" name="tw_load_load_fu_407">
<pin_list>
<pin id="408" dir="0" index="0" bw="6" slack="1"/>
<pin id="409" dir="1" index="1" bw="6" slack="0"/>
</pin_list>
<bind>
<opcode="load(27) " fcode="load"/>
<opset="tw_load/2 "/>
</bind>
</comp>

<comp id="410" class="1004" name="add_ln94_fu_410">
<pin_list>
<pin id="411" dir="0" index="0" bw="4" slack="0"/>
<pin id="412" dir="0" index="1" bw="1" slack="0"/>
<pin id="413" dir="1" index="2" bw="4" slack="0"/>
</pin_list>
<bind>
<opcode="add(8) " fcode="add"/>
<opset="add_ln94/2 "/>
</bind>
</comp>

<comp id="416" class="1004" name="icmp_ln95_fu_416">
<pin_list>
<pin id="417" dir="0" index="0" bw="12" slack="0"/>
<pin id="418" dir="0" index="1" bw="12" slack="0"/>
<pin id="419" dir="1" index="2" bw="1" slack="0"/>
</pin_list>
<bind>
<opcode="icmp(45) " fcode="icmp"/>
<opset="icmp_ln95/2 "/>
</bind>
</comp>

<comp id="422" class="1004" name="select_ln94_1_fu_422">
<pin_list>
<pin id="423" dir="0" index="0" bw="1" slack="0"/>
<pin id="424" dir="0" index="1" bw="1" slack="0"/>
<pin id="425" dir="0" index="2" bw="6" slack="0"/>
<pin id="426" dir="1" index="3" bw="6" slack="0"/>
</pin_list>
<bind>
<opcode="select(49) " fcode="select"/>
<opset="select_ln94_1/2 "/>
</bind>
</comp>

<comp id="430" class="1004" name="or_ln94_fu_430">
<pin_list>
<pin id="431" dir="0" index="0" bw="1" slack="0"/>
<pin id="432" dir="0" index="1" bw="1" slack="0"/>
<pin id="433" dir="1" index="2" bw="1" slack="0"/>
</pin_list>
<bind>
<opcode="or(24) " fcode="or"/>
<opset="or_ln94/2 "/>
</bind>
</comp>

<comp id="436" class="1004" name="select_ln94_2_fu_436">
<pin_list>
<pin id="437" dir="0" index="0" bw="1" slack="0"/>
<pin id="438" dir="0" index="1" bw="4" slack="0"/>
<pin id="439" dir="0" index="2" bw="4" slack="0"/>
<pin id="440" dir="1" index="3" bw="4" slack="0"/>
</pin_list>
<bind>
<opcode="select(49) " fcode="select"/>
<opset="select_ln94_2/2 "/>
</bind>
</comp>

<comp id="444" class="1004" name="trunc_ln99_fu_444">
<pin_list>
<pin id="445" dir="0" index="0" bw="4" slack="0"/>
<pin id="446" dir="1" index="1" bw="3" slack="0"/>
</pin_list>
<bind>
<opcode="trunc(33) " fcode="trunc"/>
<opset="trunc_ln99/2 "/>
</bind>
</comp>

<comp id="448" class="1004" name="tmp_34_cast_fu_448">
<pin_list>
<pin id="449" dir="0" index="0" bw="8" slack="0"/>
<pin id="450" dir="0" index="1" bw="3" slack="0"/>
<pin id="451" dir="0" index="2" bw="1" slack="0"/>
<pin id="452" dir="1" index="3" bw="8" slack="0"/>
</pin_list>
<bind>
<opcode="bitconcatenate(1004) " fcode="bitconcatenate"/>
<opset="tmp_34_cast/2 "/>
</bind>
</comp>

<comp id="456" class="1004" name="zext_ln94_1_fu_456">
<pin_list>
<pin id="457" dir="0" index="0" bw="4" slack="0"/>
<pin id="458" dir="1" index="1" bw="6" slack="0"/>
</pin_list>
<bind>
<opcode="zext(34) " fcode="zext"/>
<opset="zext_ln94_1/2 "/>
</bind>
</comp>

<comp id="460" class="1004" name="p_mid1170_fu_460">
<pin_list>
<pin id="461" dir="0" index="0" bw="4" slack="0"/>
<pin id="462" dir="0" index="1" bw="6" slack="1"/>
<pin id="463" dir="1" index="2" bw="6" slack="0"/>
</pin_list>
<bind>
<opcode="add(8) " fcode="add"/>
<opset="p_mid1170/2 "/>
</bind>
</comp>

<comp id="465" class="1004" name="p_cast39_mid1_fu_465">
<pin_list>
<pin id="466" dir="0" index="0" bw="6" slack="0"/>
<pin id="467" dir="1" index="1" bw="24" slack="0"/>
</pin_list>
<bind>
<opcode="zext(34) " fcode="zext"/>
<opset="p_cast39_mid1/2 "/>
</bind>
</comp>

<comp id="469" class="1004" name="select_ln94_3_fu_469">
<pin_list>
<pin id="470" dir="0" index="0" bw="1" slack="0"/>
<pin id="471" dir="0" index="1" bw="6" slack="0"/>
<pin id="472" dir="0" index="2" bw="6" slack="0"/>
<pin id="473" dir="1" index="3" bw="6" slack="0"/>
</pin_list>
<bind>
<opcode="select(49) " fcode="select"/>
<opset="select_ln94_3/2 "/>
</bind>
</comp>

<comp id="477" class="1004" name="p_mid2175_v_v_fu_477">
<pin_list>
<pin id="478" dir="0" index="0" bw="8" slack="0"/>
<pin id="479" dir="0" index="1" bw="6" slack="0"/>
<pin id="480" dir="0" index="2" bw="1" slack="0"/>
<pin id="481" dir="1" index="3" bw="8" slack="0"/>
</pin_list>
<bind>
<opcode="bitconcatenate(1004) " fcode="bitconcatenate"/>
<opset="p_mid2175_v_v/2 "/>
</bind>
</comp>

<comp id="485" class="1004" name="zext_ln94_2_fu_485">
<pin_list>
<pin id="486" dir="0" index="0" bw="8" slack="0"/>
<pin id="487" dir="1" index="1" bw="64" slack="0"/>
</pin_list>
<bind>
<opcode="zext(34) " fcode="zext"/>
<opset="zext_ln94_2/2 "/>
</bind>
</comp>

<comp id="489" class="1004" name="add_ln94_3_fu_489">
<pin_list>
<pin id="490" dir="0" index="0" bw="8" slack="0"/>
<pin id="491" dir="0" index="1" bw="64" slack="1"/>
<pin id="492" dir="1" index="2" bw="64" slack="0"/>
</pin_list>
<bind>
<opcode="add(8) " fcode="add"/>
<opset="add_ln94_3/2 "/>
</bind>
</comp>

<comp id="494" class="1004" name="p_mid1176_fu_494">
<pin_list>
<pin id="495" dir="0" index="0" bw="6" slack="0"/>
<pin id="496" dir="0" index="1" bw="19" slack="0"/>
<pin id="497" dir="1" index="2" bw="24" slack="0"/>
</pin_list>
<bind>
<opcode="mul(12) " fcode="mul"/>
<opset="p_mid1176/2 "/>
</bind>
</comp>

<comp id="500" class="1004" name="zext_ln95_3_fu_500">
<pin_list>
<pin id="501" dir="0" index="0" bw="24" slack="0"/>
<pin id="502" dir="1" index="1" bw="25" slack="0"/>
</pin_list>
<bind>
<opcode="zext(34) " fcode="zext"/>
<opset="zext_ln95_3/2 "/>
</bind>
</comp>

<comp id="504" class="1004" name="select_ln94_4_fu_504">
<pin_list>
<pin id="505" dir="0" index="0" bw="1" slack="0"/>
<pin id="506" dir="0" index="1" bw="24" slack="0"/>
<pin id="507" dir="0" index="2" bw="24" slack="0"/>
<pin id="508" dir="1" index="3" bw="24" slack="0"/>
</pin_list>
<bind>
<opcode="select(49) " fcode="select"/>
<opset="select_ln94_4/2 "/>
</bind>
</comp>

<comp id="512" class="1004" name="zext_ln94_3_fu_512">
<pin_list>
<pin id="513" dir="0" index="0" bw="24" slack="0"/>
<pin id="514" dir="1" index="1" bw="25" slack="0"/>
</pin_list>
<bind>
<opcode="zext(34) " fcode="zext"/>
<opset="zext_ln94_3/2 "/>
</bind>
</comp>

<comp id="516" class="1004" name="p_shl2_mid_fu_516">
<pin_list>
<pin id="517" dir="0" index="0" bw="19" slack="0"/>
<pin id="518" dir="0" index="1" bw="9" slack="1"/>
<pin id="519" dir="0" index="2" bw="1" slack="0"/>
<pin id="520" dir="1" index="3" bw="19" slack="0"/>
</pin_list>
<bind>
<opcode="bitconcatenate(1004) " fcode="bitconcatenate"/>
<opset="p_shl2_mid/2 "/>
</bind>
</comp>

<comp id="523" class="1004" name="p_shl2_cast_mid1190_fu_523">
<pin_list>
<pin id="524" dir="0" index="0" bw="19" slack="0"/>
<pin id="525" dir="1" index="1" bw="20" slack="0"/>
</pin_list>
<bind>
<opcode="zext(34) " fcode="zext"/>
<opset="p_shl2_cast_mid1190/2 "/>
</bind>
</comp>

<comp id="527" class="1004" name="p_shl3_mid_fu_527">
<pin_list>
<pin id="528" dir="0" index="0" bw="11" slack="0"/>
<pin id="529" dir="0" index="1" bw="9" slack="1"/>
<pin id="530" dir="0" index="2" bw="1" slack="0"/>
<pin id="531" dir="1" index="3" bw="11" slack="0"/>
</pin_list>
<bind>
<opcode="bitconcatenate(1004) " fcode="bitconcatenate"/>
<opset="p_shl3_mid/2 "/>
</bind>
</comp>

<comp id="534" class="1004" name="p_shl3_cast_mid1194_fu_534">
<pin_list>
<pin id="535" dir="0" index="0" bw="11" slack="0"/>
<pin id="536" dir="1" index="1" bw="20" slack="0"/>
</pin_list>
<bind>
<opcode="zext(34) " fcode="zext"/>
<opset="p_shl3_cast_mid1194/2 "/>
</bind>
</comp>

<comp id="538" class="1004" name="p_mid1196_fu_538">
<pin_list>
<pin id="539" dir="0" index="0" bw="19" slack="0"/>
<pin id="540" dir="0" index="1" bw="11" slack="0"/>
<pin id="541" dir="1" index="2" bw="20" slack="0"/>
</pin_list>
<bind>
<opcode="sub(10) " fcode="sub"/>
<opset="p_mid1196/2 "/>
</bind>
</comp>

<comp id="544" class="1004" name="p_cast21_mid1198_fu_544">
<pin_list>
<pin id="545" dir="0" index="0" bw="20" slack="0"/>
<pin id="546" dir="1" index="1" bw="25" slack="0"/>
</pin_list>
<bind>
<opcode="sext(35) " fcode="sext"/>
<opset="p_cast21_mid1198/2 "/>
</bind>
</comp>

<comp id="548" class="1004" name="tmp6_mid1200_fu_548">
<pin_list>
<pin id="549" dir="0" index="0" bw="24" slack="0"/>
<pin id="550" dir="0" index="1" bw="20" slack="0"/>
<pin id="551" dir="1" index="2" bw="25" slack="0"/>
</pin_list>
<bind>
<opcode="add(8) " fcode="add"/>
<opset="tmp6_mid1200/2 "/>
</bind>
</comp>

<comp id="554" class="1004" name="cmp10_i_mid1206_fu_554">
<pin_list>
<pin id="555" dir="0" index="0" bw="8" slack="1"/>
<pin id="556" dir="0" index="1" bw="1" slack="0"/>
<pin id="557" dir="1" index="2" bw="1" slack="0"/>
</pin_list>
<bind>
<opcode="icmp(45) " fcode="icmp"/>
<opset="cmp10_i_mid1206/2 "/>
</bind>
</comp>

<comp id="559" class="1004" name="select_ln94_5_fu_559">
<pin_list>
<pin id="560" dir="0" index="0" bw="1" slack="0"/>
<pin id="561" dir="0" index="1" bw="1" slack="0"/>
<pin id="562" dir="0" index="2" bw="1" slack="0"/>
<pin id="563" dir="1" index="3" bw="1" slack="0"/>
</pin_list>
<bind>
<opcode="select(49) " fcode="select"/>
<opset="select_ln94_5/2 "/>
</bind>
</comp>

<comp id="567" class="1004" name="select_ln94_6_fu_567">
<pin_list>
<pin id="568" dir="0" index="0" bw="1" slack="0"/>
<pin id="569" dir="0" index="1" bw="25" slack="0"/>
<pin id="570" dir="0" index="2" bw="25" slack="0"/>
<pin id="571" dir="1" index="3" bw="25" slack="0"/>
</pin_list>
<bind>
<opcode="select(49) " fcode="select"/>
<opset="select_ln94_6/2 "/>
</bind>
</comp>

<comp id="575" class="1004" name="select_ln96_1_fu_575">
<pin_list>
<pin id="576" dir="0" index="0" bw="1" slack="0"/>
<pin id="577" dir="0" index="1" bw="6" slack="1"/>
<pin id="578" dir="0" index="2" bw="1" slack="0"/>
<pin id="579" dir="1" index="3" bw="6" slack="0"/>
</pin_list>
<bind>
<opcode="select(49) " fcode="select"/>
<opset="select_ln96_1/2 "/>
</bind>
</comp>

<comp id="582" class="1004" name="select_ln94_7_fu_582">
<pin_list>
<pin id="583" dir="0" index="0" bw="1" slack="0"/>
<pin id="584" dir="0" index="1" bw="6" slack="0"/>
<pin id="585" dir="0" index="2" bw="6" slack="0"/>
<pin id="586" dir="1" index="3" bw="6" slack="0"/>
</pin_list>
<bind>
<opcode="select(49) " fcode="select"/>
<opset="select_ln94_7/2 "/>
</bind>
</comp>

<comp id="590" class="1004" name="xor_ln94_fu_590">
<pin_list>
<pin id="591" dir="0" index="0" bw="1" slack="0"/>
<pin id="592" dir="0" index="1" bw="1" slack="0"/>
<pin id="593" dir="1" index="2" bw="1" slack="0"/>
</pin_list>
<bind>
<opcode="xor(25) " fcode="xor"/>
<opset="xor_ln94/2 "/>
</bind>
</comp>

<comp id="596" class="1004" name="icmp_ln96_fu_596">
<pin_list>
<pin id="597" dir="0" index="0" bw="6" slack="0"/>
<pin id="598" dir="0" index="1" bw="6" slack="0"/>
<pin id="599" dir="1" index="2" bw="1" slack="0"/>
</pin_list>
<bind>
<opcode="icmp(45) " fcode="icmp"/>
<opset="icmp_ln96/2 "/>
</bind>
</comp>

<comp id="602" class="1004" name="and_ln94_fu_602">
<pin_list>
<pin id="603" dir="0" index="0" bw="1" slack="0"/>
<pin id="604" dir="0" index="1" bw="1" slack="0"/>
<pin id="605" dir="1" index="2" bw="1" slack="0"/>
</pin_list>
<bind>
<opcode="and(23) " fcode="and"/>
<opset="and_ln94/2 "/>
</bind>
</comp>

<comp id="608" class="1004" name="add_ln95_fu_608">
<pin_list>
<pin id="609" dir="0" index="0" bw="6" slack="0"/>
<pin id="610" dir="0" index="1" bw="1" slack="0"/>
<pin id="611" dir="1" index="2" bw="6" slack="0"/>
</pin_list>
<bind>
<opcode="add(8) " fcode="add"/>
<opset="add_ln95/2 "/>
</bind>
</comp>

<comp id="614" class="1004" name="or_ln95_fu_614">
<pin_list>
<pin id="615" dir="0" index="0" bw="1" slack="0"/>
<pin id="616" dir="0" index="1" bw="1" slack="0"/>
<pin id="617" dir="1" index="2" bw="1" slack="1"/>
</pin_list>
<bind>
<opcode="or(24) " fcode="or"/>
<opset="or_ln95/2 "/>
</bind>
</comp>

<comp id="620" class="1004" name="or_ln95_1_fu_620">
<pin_list>
<pin id="621" dir="0" index="0" bw="1" slack="0"/>
<pin id="622" dir="0" index="1" bw="1" slack="0"/>
<pin id="623" dir="1" index="2" bw="1" slack="0"/>
</pin_list>
<bind>
<opcode="or(24) " fcode="or"/>
<opset="or_ln95_1/2 "/>
</bind>
</comp>

<comp id="626" class="1004" name="select_ln95_fu_626">
<pin_list>
<pin id="627" dir="0" index="0" bw="1" slack="0"/>
<pin id="628" dir="0" index="1" bw="1" slack="0"/>
<pin id="629" dir="0" index="2" bw="6" slack="0"/>
<pin id="630" dir="1" index="3" bw="6" slack="0"/>
</pin_list>
<bind>
<opcode="select(49) " fcode="select"/>
<opset="select_ln95/2 "/>
</bind>
</comp>

<comp id="634" class="1004" name="select_ln95_1_fu_634">
<pin_list>
<pin id="635" dir="0" index="0" bw="1" slack="0"/>
<pin id="636" dir="0" index="1" bw="6" slack="0"/>
<pin id="637" dir="0" index="2" bw="6" slack="0"/>
<pin id="638" dir="1" index="3" bw="6" slack="0"/>
</pin_list>
<bind>
<opcode="select(49) " fcode="select"/>
<opset="select_ln95_1/2 "/>
</bind>
</comp>

<comp id="642" class="1004" name="zext_ln99_fu_642">
<pin_list>
<pin id="643" dir="0" index="0" bw="6" slack="0"/>
<pin id="644" dir="1" index="1" bw="8" slack="0"/>
</pin_list>
<bind>
<opcode="zext(34) " fcode="zext"/>
<opset="zext_ln99/2 "/>
</bind>
</comp>

<comp id="646" class="1004" name="add_ln99_fu_646">
<pin_list>
<pin id="647" dir="0" index="0" bw="8" slack="0"/>
<pin id="648" dir="0" index="1" bw="6" slack="0"/>
<pin id="649" dir="1" index="2" bw="8" slack="0"/>
</pin_list>
<bind>
<opcode="add(8) " fcode="add"/>
<opset="add_ln99/2 "/>
</bind>
</comp>

<comp id="652" class="1004" name="tmp_s_fu_652">
<pin_list>
<pin id="653" dir="0" index="0" bw="13" slack="0"/>
<pin id="654" dir="0" index="1" bw="8" slack="0"/>
<pin id="655" dir="0" index="2" bw="1" slack="0"/>
<pin id="656" dir="1" index="3" bw="13" slack="0"/>
</pin_list>
<bind>
<opcode="bitconcatenate(1004) " fcode="bitconcatenate"/>
<opset="tmp_s/2 "/>
</bind>
</comp>

<comp id="660" class="1004" name="zext_ln95_4_fu_660">
<pin_list>
<pin id="661" dir="0" index="0" bw="6" slack="0"/>
<pin id="662" dir="1" index="1" bw="9" slack="0"/>
</pin_list>
<bind>
<opcode="zext(34) " fcode="zext"/>
<opset="zext_ln95_4/2 "/>
</bind>
</comp>

<comp id="664" class="1004" name="add_ln95_cast_fu_664">
<pin_list>
<pin id="665" dir="0" index="0" bw="6" slack="0"/>
<pin id="666" dir="1" index="1" bw="8" slack="0"/>
</pin_list>
<bind>
<opcode="zext(34) " fcode="zext"/>
<opset="add_ln95_cast/2 "/>
</bind>
</comp>

<comp id="668" class="1004" name="p_mid1150_fu_668">
<pin_list>
<pin id="669" dir="0" index="0" bw="6" slack="0"/>
<pin id="670" dir="0" index="1" bw="9" slack="1"/>
<pin id="671" dir="1" index="2" bw="9" slack="0"/>
</pin_list>
<bind>
<opcode="add(8) " fcode="add"/>
<opset="p_mid1150/2 "/>
</bind>
</comp>

<comp id="673" class="1004" name="p_shl2_mid1_fu_673">
<pin_list>
<pin id="674" dir="0" index="0" bw="19" slack="0"/>
<pin id="675" dir="0" index="1" bw="9" slack="0"/>
<pin id="676" dir="0" index="2" bw="1" slack="0"/>
<pin id="677" dir="1" index="3" bw="19" slack="0"/>
</pin_list>
<bind>
<opcode="bitconcatenate(1004) " fcode="bitconcatenate"/>
<opset="p_shl2_mid1/2 "/>
</bind>
</comp>

<comp id="681" class="1004" name="p_shl2_cast_mid1_fu_681">
<pin_list>
<pin id="682" dir="0" index="0" bw="19" slack="0"/>
<pin id="683" dir="1" index="1" bw="20" slack="0"/>
</pin_list>
<bind>
<opcode="zext(34) " fcode="zext"/>
<opset="p_shl2_cast_mid1/2 "/>
</bind>
</comp>

<comp id="685" class="1004" name="p_shl3_mid1_fu_685">
<pin_list>
<pin id="686" dir="0" index="0" bw="11" slack="0"/>
<pin id="687" dir="0" index="1" bw="9" slack="0"/>
<pin id="688" dir="0" index="2" bw="1" slack="0"/>
<pin id="689" dir="1" index="3" bw="11" slack="0"/>
</pin_list>
<bind>
<opcode="bitconcatenate(1004) " fcode="bitconcatenate"/>
<opset="p_shl3_mid1/2 "/>
</bind>
</comp>

<comp id="693" class="1004" name="p_shl3_cast_mid1_fu_693">
<pin_list>
<pin id="694" dir="0" index="0" bw="11" slack="0"/>
<pin id="695" dir="1" index="1" bw="20" slack="0"/>
</pin_list>
<bind>
<opcode="zext(34) " fcode="zext"/>
<opset="p_shl3_cast_mid1/2 "/>
</bind>
</comp>

<comp id="697" class="1004" name="p_mid1152_fu_697">
<pin_list>
<pin id="698" dir="0" index="0" bw="19" slack="0"/>
<pin id="699" dir="0" index="1" bw="11" slack="0"/>
<pin id="700" dir="1" index="2" bw="20" slack="0"/>
</pin_list>
<bind>
<opcode="sub(10) " fcode="sub"/>
<opset="p_mid1152/2 "/>
</bind>
</comp>

<comp id="703" class="1004" name="p_cast21_mid1_fu_703">
<pin_list>
<pin id="704" dir="0" index="0" bw="20" slack="0"/>
<pin id="705" dir="1" index="1" bw="25" slack="0"/>
</pin_list>
<bind>
<opcode="sext(35) " fcode="sext"/>
<opset="p_cast21_mid1/2 "/>
</bind>
</comp>

<comp id="707" class="1004" name="tmp6_mid1_fu_707">
<pin_list>
<pin id="708" dir="0" index="0" bw="24" slack="0"/>
<pin id="709" dir="0" index="1" bw="20" slack="0"/>
<pin id="710" dir="1" index="2" bw="25" slack="0"/>
</pin_list>
<bind>
<opcode="add(8) " fcode="add"/>
<opset="tmp6_mid1/2 "/>
</bind>
</comp>

<comp id="713" class="1004" name="cmp10_i_mid1_fu_713">
<pin_list>
<pin id="714" dir="0" index="0" bw="6" slack="0"/>
<pin id="715" dir="0" index="1" bw="8" slack="1"/>
<pin id="716" dir="1" index="2" bw="1" slack="0"/>
</pin_list>
<bind>
<opcode="icmp(45) " fcode="icmp"/>
<opset="cmp10_i_mid1/2 "/>
</bind>
</comp>

<comp id="718" class="1004" name="select_ln95_2_fu_718">
<pin_list>
<pin id="719" dir="0" index="0" bw="1" slack="0"/>
<pin id="720" dir="0" index="1" bw="1" slack="0"/>
<pin id="721" dir="0" index="2" bw="1" slack="0"/>
<pin id="722" dir="1" index="3" bw="1" slack="0"/>
</pin_list>
<bind>
<opcode="select(49) " fcode="select"/>
<opset="select_ln95_2/2 "/>
</bind>
</comp>

<comp id="726" class="1004" name="select_ln95_3_fu_726">
<pin_list>
<pin id="727" dir="0" index="0" bw="1" slack="0"/>
<pin id="728" dir="0" index="1" bw="25" slack="0"/>
<pin id="729" dir="0" index="2" bw="25" slack="0"/>
<pin id="730" dir="1" index="3" bw="25" slack="0"/>
</pin_list>
<bind>
<opcode="select(49) " fcode="select"/>
<opset="select_ln95_3/2 "/>
</bind>
</comp>

<comp id="734" class="1004" name="sext_ln95_fu_734">
<pin_list>
<pin id="735" dir="0" index="0" bw="25" slack="0"/>
<pin id="736" dir="1" index="1" bw="64" slack="0"/>
</pin_list>
<bind>
<opcode="sext(35) " fcode="sext"/>
<opset="sext_ln95/2 "/>
</bind>
</comp>

<comp id="738" class="1004" name="add_ln95_1_fu_738">
<pin_list>
<pin id="739" dir="0" index="0" bw="25" slack="0"/>
<pin id="740" dir="0" index="1" bw="64" slack="1"/>
<pin id="741" dir="1" index="2" bw="64" slack="0"/>
</pin_list>
<bind>
<opcode="add(8) " fcode="add"/>
<opset="add_ln95_1/2 "/>
</bind>
</comp>

<comp id="743" class="1004" name="sext_ln96_mid2_v_fu_743">
<pin_list>
<pin id="744" dir="0" index="0" bw="62" slack="0"/>
<pin id="745" dir="0" index="1" bw="64" slack="0"/>
<pin id="746" dir="0" index="2" bw="3" slack="0"/>
<pin id="747" dir="0" index="3" bw="7" slack="0"/>
<pin id="748" dir="1" index="4" bw="62" slack="1"/>
</pin_list>
<bind>
<opcode="partselect(1002) " fcode="partselect"/>
<opset="sext_ln96_mid2_v/2 "/>
</bind>
</comp>

<comp id="753" class="1004" name="select_ln96_2_fu_753">
<pin_list>
<pin id="754" dir="0" index="0" bw="1" slack="0"/>
<pin id="755" dir="0" index="1" bw="6" slack="1"/>
<pin id="756" dir="0" index="2" bw="1" slack="0"/>
<pin id="757" dir="1" index="3" bw="6" slack="0"/>
</pin_list>
<bind>
<opcode="select(49) " fcode="select"/>
<opset="select_ln96_2/2 "/>
</bind>
</comp>

<comp id="760" class="1004" name="select_ln95_4_fu_760">
<pin_list>
<pin id="761" dir="0" index="0" bw="1" slack="0"/>
<pin id="762" dir="0" index="1" bw="6" slack="0"/>
<pin id="763" dir="0" index="2" bw="6" slack="0"/>
<pin id="764" dir="1" index="3" bw="6" slack="1"/>
</pin_list>
<bind>
<opcode="select(49) " fcode="select"/>
<opset="select_ln95_4/2 "/>
</bind>
</comp>

<comp id="768" class="1004" name="zext_ln99_1_fu_768">
<pin_list>
<pin id="769" dir="0" index="0" bw="6" slack="0"/>
<pin id="770" dir="1" index="1" bw="13" slack="0"/>
</pin_list>
<bind>
<opcode="zext(34) " fcode="zext"/>
<opset="zext_ln99_1/2 "/>
</bind>
</comp>

<comp id="772" class="1004" name="add_ln99_2_fu_772">
<pin_list>
<pin id="773" dir="0" index="0" bw="13" slack="0"/>
<pin id="774" dir="0" index="1" bw="6" slack="0"/>
<pin id="775" dir="1" index="2" bw="13" slack="0"/>
</pin_list>
<bind>
<opcode="add(8) " fcode="add"/>
<opset="add_ln99_2/2 "/>
</bind>
</comp>

<comp id="778" class="1004" name="zext_ln99_2_fu_778">
<pin_list>
<pin id="779" dir="0" index="0" bw="13" slack="0"/>
<pin id="780" dir="1" index="1" bw="64" slack="0"/>
</pin_list>
<bind>
<opcode="zext(34) " fcode="zext"/>
<opset="zext_ln99_2/2 "/>
</bind>
</comp>

<comp id="783" class="1004" name="zext_ln96_fu_783">
<pin_list>
<pin id="784" dir="0" index="0" bw="6" slack="0"/>
<pin id="785" dir="1" index="1" bw="8" slack="0"/>
</pin_list>
<bind>
<opcode="zext(34) " fcode="zext"/>
<opset="zext_ln96/2 "/>
</bind>
</comp>

<comp id="787" class="1004" name="icmp_ln98_fu_787">
<pin_list>
<pin id="788" dir="0" index="0" bw="6" slack="0"/>
<pin id="789" dir="0" index="1" bw="8" slack="1"/>
<pin id="790" dir="1" index="2" bw="1" slack="0"/>
</pin_list>
<bind>
<opcode="icmp(45) " fcode="icmp"/>
<opset="icmp_ln98/2 "/>
</bind>
</comp>

<comp id="792" class="1004" name="and_ln98_fu_792">
<pin_list>
<pin id="793" dir="0" index="0" bw="1" slack="0"/>
<pin id="794" dir="0" index="1" bw="1" slack="0"/>
<pin id="795" dir="1" index="2" bw="1" slack="1"/>
</pin_list>
<bind>
<opcode="and(23) " fcode="and"/>
<opset="and_ln98/2 "/>
</bind>
</comp>

<comp id="798" class="1004" name="trunc_ln_fu_798">
<pin_list>
<pin id="799" dir="0" index="0" bw="62" slack="0"/>
<pin id="800" dir="0" index="1" bw="64" slack="0"/>
<pin id="801" dir="0" index="2" bw="3" slack="0"/>
<pin id="802" dir="0" index="3" bw="7" slack="0"/>
<pin id="803" dir="1" index="4" bw="62" slack="0"/>
</pin_list>
<bind>
<opcode="partselect(1002) " fcode="partselect"/>
<opset="trunc_ln/2 "/>
</bind>
</comp>

<comp id="808" class="1004" name="sext_ln99_fu_808">
<pin_list>
<pin id="809" dir="0" index="0" bw="62" slack="0"/>
<pin id="810" dir="1" index="1" bw="64" slack="0"/>
</pin_list>
<bind>
<opcode="sext(35) " fcode="sext"/>
<opset="sext_ln99/2 "/>
</bind>
</comp>

<comp id="812" class="1004" name="w1_addr_fu_812">
<pin_list>
<pin id="813" dir="0" index="0" bw="32" slack="0"/>
<pin id="814" dir="0" index="1" bw="62" slack="0"/>
<pin id="815" dir="1" index="2" bw="32" slack="1"/>
</pin_list>
<bind>
<opcode="getelementptr(29) " fcode="getelementptr"/>
<opset="w1_addr/2 "/>
</bind>
</comp>

<comp id="818" class="1004" name="add_ln96_fu_818">
<pin_list>
<pin id="819" dir="0" index="0" bw="6" slack="0"/>
<pin id="820" dir="0" index="1" bw="1" slack="0"/>
<pin id="821" dir="1" index="2" bw="6" slack="0"/>
</pin_list>
<bind>
<opcode="add(8) " fcode="add"/>
<opset="add_ln96/2 "/>
</bind>
</comp>

<comp id="824" class="1004" name="icmp_ln96_1_fu_824">
<pin_list>
<pin id="825" dir="0" index="0" bw="6" slack="0"/>
<pin id="826" dir="0" index="1" bw="6" slack="0"/>
<pin id="827" dir="1" index="2" bw="1" slack="16"/>
</pin_list>
<bind>
<opcode="icmp(45) " fcode="icmp"/>
<opset="icmp_ln96_1/2 "/>
</bind>
</comp>

<comp id="830" class="1004" name="add_ln95_2_fu_830">
<pin_list>
<pin id="831" dir="0" index="0" bw="12" slack="0"/>
<pin id="832" dir="0" index="1" bw="1" slack="0"/>
<pin id="833" dir="1" index="2" bw="12" slack="0"/>
</pin_list>
<bind>
<opcode="add(8) " fcode="add"/>
<opset="add_ln95_2/2 "/>
</bind>
</comp>

<comp id="836" class="1004" name="select_ln95_5_fu_836">
<pin_list>
<pin id="837" dir="0" index="0" bw="1" slack="0"/>
<pin id="838" dir="0" index="1" bw="1" slack="0"/>
<pin id="839" dir="0" index="2" bw="12" slack="0"/>
<pin id="840" dir="1" index="3" bw="12" slack="0"/>
</pin_list>
<bind>
<opcode="select(49) " fcode="select"/>
<opset="select_ln95_5/2 "/>
</bind>
</comp>

<comp id="844" class="1004" name="store_ln96_store_fu_844">
<pin_list>
<pin id="845" dir="0" index="0" bw="14" slack="0"/>
<pin id="846" dir="0" index="1" bw="14" slack="1"/>
<pin id="847" dir="1" index="2" bw="0" slack="2147483647"/>
</pin_list>
<bind>
<opcode="store(28) " fcode="store"/>
<opset="store_ln96/2 "/>
</bind>
</comp>

<comp id="849" class="1004" name="store_ln96_store_fu_849">
<pin_list>
<pin id="850" dir="0" index="0" bw="4" slack="0"/>
<pin id="851" dir="0" index="1" bw="4" slack="1"/>
<pin id="852" dir="1" index="2" bw="0" slack="2147483647"/>
</pin_list>
<bind>
<opcode="store(28) " fcode="store"/>
<opset="store_ln96/2 "/>
</bind>
</comp>

<comp id="854" class="1004" name="store_ln96_store_fu_854">
<pin_list>
<pin id="855" dir="0" index="0" bw="12" slack="0"/>
<pin id="856" dir="0" index="1" bw="12" slack="1"/>
<pin id="857" dir="1" index="2" bw="0" slack="2147483647"/>
</pin_list>
<bind>
<opcode="store(28) " fcode="store"/>
<opset="store_ln96/2 "/>
</bind>
</comp>

<comp id="859" class="1004" name="store_ln96_store_fu_859">
<pin_list>
<pin id="860" dir="0" index="0" bw="6" slack="0"/>
<pin id="861" dir="0" index="1" bw="6" slack="1"/>
<pin id="862" dir="1" index="2" bw="0" slack="2147483647"/>
</pin_list>
<bind>
<opcode="store(28) " fcode="store"/>
<opset="store_ln96/2 "/>
</bind>
</comp>

<comp id="864" class="1004" name="store_ln96_store_fu_864">
<pin_list>
<pin id="865" dir="0" index="0" bw="6" slack="0"/>
<pin id="866" dir="0" index="1" bw="6" slack="1"/>
<pin id="867" dir="1" index="2" bw="0" slack="2147483647"/>
</pin_list>
<bind>
<opcode="store(28) " fcode="store"/>
<opset="store_ln96/2 "/>
</bind>
</comp>

<comp id="869" class="1004" name="sext_ln95_1_fu_869">
<pin_list>
<pin id="870" dir="0" index="0" bw="62" slack="1"/>
<pin id="871" dir="1" index="1" bw="64" slack="0"/>
</pin_list>
<bind>
<opcode="sext(35) " fcode="sext"/>
<opset="sext_ln95_1/3 "/>
</bind>
</comp>

<comp id="872" class="1004" name="zext_ln95_5_fu_872">
<pin_list>
<pin id="873" dir="0" index="0" bw="6" slack="1"/>
<pin id="874" dir="1" index="1" bw="32" slack="0"/>
</pin_list>
<bind>
<opcode="zext(34) " fcode="zext"/>
<opset="zext_ln95_5/3 "/>
</bind>
</comp>

<comp id="876" class="1004" name="feat_addr_fu_876">
<pin_list>
<pin id="877" dir="0" index="0" bw="32" slack="0"/>
<pin id="878" dir="0" index="1" bw="62" slack="0"/>
<pin id="879" dir="1" index="2" bw="32" slack="0"/>
</pin_list>
<bind>
<opcode="getelementptr(29) " fcode="getelementptr"/>
<opset="feat_addr/3 "/>
</bind>
</comp>

<comp id="883" class="1004" name="bitcast_ln99_fu_883">
<pin_list>
<pin id="884" dir="0" index="0" bw="32" slack="1"/>
<pin id="885" dir="1" index="1" bw="32" slack="0"/>
</pin_list>
<bind>
<opcode="bitcast(44) " fcode="bitcast"/>
<opset="bitcast_ln99/12 "/>
</bind>
</comp>

<comp id="887" class="1004" name="bitcast_ln100_fu_887">
<pin_list>
<pin id="888" dir="0" index="0" bw="32" slack="2"/>
<pin id="889" dir="1" index="1" bw="32" slack="0"/>
</pin_list>
<bind>
<opcode="bitcast(44) " fcode="bitcast"/>
<opset="bitcast_ln100/17 "/>
</bind>
</comp>

<comp id="890" class="1004" name="tmp_3_fu_890">
<pin_list>
<pin id="891" dir="0" index="0" bw="8" slack="0"/>
<pin id="892" dir="0" index="1" bw="32" slack="0"/>
<pin id="893" dir="0" index="2" bw="6" slack="0"/>
<pin id="894" dir="0" index="3" bw="6" slack="0"/>
<pin id="895" dir="1" index="4" bw="8" slack="0"/>
</pin_list>
<bind>
<opcode="partselect(1002) " fcode="partselect"/>
<opset="tmp_3/17 "/>
</bind>
</comp>

<comp id="900" class="1004" name="trunc_ln100_fu_900">
<pin_list>
<pin id="901" dir="0" index="0" bw="32" slack="0"/>
<pin id="902" dir="1" index="1" bw="23" slack="0"/>
</pin_list>
<bind>
<opcode="trunc(33) " fcode="trunc"/>
<opset="trunc_ln100/17 "/>
</bind>
</comp>

<comp id="904" class="1004" name="icmp_ln100_fu_904">
<pin_list>
<pin id="905" dir="0" index="0" bw="8" slack="0"/>
<pin id="906" dir="0" index="1" bw="1" slack="0"/>
<pin id="907" dir="1" index="2" bw="1" slack="0"/>
</pin_list>
<bind>
<opcode="icmp(45) " fcode="icmp"/>
<opset="icmp_ln100/17 "/>
</bind>
</comp>

<comp id="910" class="1004" name="icmp_ln100_1_fu_910">
<pin_list>
<pin id="911" dir="0" index="0" bw="23" slack="0"/>
<pin id="912" dir="0" index="1" bw="1" slack="0"/>
<pin id="913" dir="1" index="2" bw="1" slack="0"/>
</pin_list>
<bind>
<opcode="icmp(45) " fcode="icmp"/>
<opset="icmp_ln100_1/17 "/>
</bind>
</comp>

<comp id="916" class="1004" name="or_ln100_fu_916">
<pin_list>
<pin id="917" dir="0" index="0" bw="1" slack="0"/>
<pin id="918" dir="0" index="1" bw="1" slack="0"/>
<pin id="919" dir="1" index="2" bw="1" slack="0"/>
</pin_list>
<bind>
<opcode="or(24) " fcode="or"/>
<opset="or_ln100/17 "/>
</bind>
</comp>

<comp id="922" class="1004" name="and_ln100_fu_922">
<pin_list>
<pin id="923" dir="0" index="0" bw="1" slack="0"/>
<pin id="924" dir="0" index="1" bw="1" slack="0"/>
<pin id="925" dir="1" index="2" bw="1" slack="0"/>
</pin_list>
<bind>
<opcode="and(23) " fcode="and"/>
<opset="and_ln100/17 "/>
</bind>
</comp>

<comp id="928" class="1004" name="select_ln101_fu_928">
<pin_list>
<pin id="929" dir="0" index="0" bw="1" slack="0"/>
<pin id="930" dir="0" index="1" bw="1" slack="0"/>
<pin id="931" dir="0" index="2" bw="32" slack="0"/>
<pin id="932" dir="1" index="3" bw="32" slack="1"/>
</pin_list>
<bind>
<opcode="select(49) " fcode="select"/>
<opset="select_ln101/17 "/>
</bind>
</comp>

<comp id="936" class="1004" name="feat_addr_3_fu_936">
<pin_list>
<pin id="937" dir="0" index="0" bw="32" slack="0"/>
<pin id="938" dir="0" index="1" bw="62" slack="15"/>
<pin id="939" dir="1" index="2" bw="32" slack="0"/>
</pin_list>
<bind>
<opcode="getelementptr(29) " fcode="getelementptr"/>
<opset="feat_addr_3/18 "/>
</bind>
</comp>

<comp id="942" class="1004" name="feat_addr_4_fu_942">
<pin_list>
<pin id="943" dir="0" index="0" bw="32" slack="0"/>
<pin id="944" dir="0" index="1" bw="62" slack="15"/>
<pin id="945" dir="1" index="2" bw="32" slack="1"/>
</pin_list>
<bind>
<opcode="getelementptr(29) " fcode="getelementptr"/>
<opset="feat_addr_4/18 "/>
</bind>
</comp>

<comp id="947" class="1005" name="tw_reg_947">
<pin_list>
<pin id="948" dir="0" index="0" bw="6" slack="0"/>
<pin id="949" dir="1" index="1" bw="6" slack="0"/>
</pin_list>
<bind>
<opset="tw "/>
</bind>
</comp>

<comp id="954" class="1005" name="th_reg_954">
<pin_list>
<pin id="955" dir="0" index="0" bw="6" slack="0"/>
<pin id="956" dir="1" index="1" bw="6" slack="0"/>
</pin_list>
<bind>
<opset="th "/>
</bind>
</comp>

<comp id="961" class="1005" name="indvar_flatten156_reg_961">
<pin_list>
<pin id="962" dir="0" index="0" bw="12" slack="0"/>
<pin id="963" dir="1" index="1" bw="12" slack="0"/>
</pin_list>
<bind>
<opset="indvar_flatten156 "/>
</bind>
</comp>

<comp id="968" class="1005" name="tn_reg_968">
<pin_list>
<pin id="969" dir="0" index="0" bw="4" slack="0"/>
<pin id="970" dir="1" index="1" bw="4" slack="0"/>
</pin_list>
<bind>
<opset="tn "/>
</bind>
</comp>

<comp id="975" class="1005" name="indvar_flatten220_reg_975">
<pin_list>
<pin id="976" dir="0" index="0" bw="14" slack="0"/>
<pin id="977" dir="1" index="1" bw="14" slack="0"/>
</pin_list>
<bind>
<opset="indvar_flatten220 "/>
</bind>
</comp>

<comp id="982" class="1005" name="tmp5_read_reg_982">
<pin_list>
<pin id="983" dir="0" index="0" bw="64" slack="1"/>
<pin id="984" dir="1" index="1" bw="64" slack="1"/>
</pin_list>
<bind>
<opset="tmp5_read "/>
</bind>
</comp>

<comp id="987" class="1005" name="b_read_reg_987">
<pin_list>
<pin id="988" dir="0" index="0" bw="64" slack="1"/>
<pin id="989" dir="1" index="1" bw="64" slack="1"/>
</pin_list>
<bind>
<opset="b_read "/>
</bind>
</comp>

<comp id="992" class="1005" name="zext_ln124_1_read_reg_992">
<pin_list>
<pin id="993" dir="0" index="0" bw="8" slack="1"/>
<pin id="994" dir="1" index="1" bw="8" slack="1"/>
</pin_list>
<bind>
<opset="zext_ln124_1_read "/>
</bind>
</comp>

<comp id="997" class="1005" name="select_ln94_read_reg_997">
<pin_list>
<pin id="998" dir="0" index="0" bw="6" slack="1"/>
<pin id="999" dir="1" index="1" bw="6" slack="1"/>
</pin_list>
<bind>
<opset="select_ln94_read "/>
</bind>
</comp>

<comp id="1004" class="1005" name="select_ln121_5_read_reg_1004">
<pin_list>
<pin id="1005" dir="0" index="0" bw="8" slack="1"/>
<pin id="1006" dir="1" index="1" bw="8" slack="1"/>
</pin_list>
<bind>
<opset="select_ln121_5_read "/>
</bind>
</comp>

<comp id="1011" class="1005" name="select_ln121_6_read_reg_1011">
<pin_list>
<pin id="1012" dir="0" index="0" bw="9" slack="1"/>
<pin id="1013" dir="1" index="1" bw="9" slack="1"/>
</pin_list>
<bind>
<opset="select_ln121_6_read "/>
</bind>
</comp>

<comp id="1019" class="1005" name="trunc_ln117_mid2_read_reg_1019">
<pin_list>
<pin id="1020" dir="0" index="0" bw="6" slack="1"/>
<pin id="1021" dir="1" index="1" bw="6" slack="1"/>
</pin_list>
<bind>
<opset="trunc_ln117_mid2_read "/>
</bind>
</comp>

<comp id="1025" class="1005" name="icmp_ln94_reg_1025">
<pin_list>
<pin id="1026" dir="0" index="0" bw="1" slack="1"/>
<pin id="1027" dir="1" index="1" bw="1" slack="2147483647"/>
</pin_list>
<bind>
<opset="icmp_ln94 "/>
</bind>
</comp>

<comp id="1029" class="1005" name="or_ln95_reg_1029">
<pin_list>
<pin id="1030" dir="0" index="0" bw="1" slack="1"/>
<pin id="1031" dir="1" index="1" bw="1" slack="2147483647"/>
</pin_list>
<bind>
<opset="or_ln95 "/>
</bind>
</comp>

<comp id="1033" class="1005" name="sext_ln96_mid2_v_reg_1033">
<pin_list>
<pin id="1034" dir="0" index="0" bw="62" slack="1"/>
<pin id="1035" dir="1" index="1" bw="62" slack="1"/>
</pin_list>
<bind>
<opset="sext_ln96_mid2_v "/>
</bind>
</comp>

<comp id="1038" class="1005" name="select_ln95_4_reg_1038">
<pin_list>
<pin id="1039" dir="0" index="0" bw="6" slack="1"/>
<pin id="1040" dir="1" index="1" bw="6" slack="1"/>
</pin_list>
<bind>
<opset="select_ln95_4 "/>
</bind>
</comp>

<comp id="1043" class="1005" name="out_tile_2_addr_reg_1043">
<pin_list>
<pin id="1044" dir="0" index="0" bw="13" slack="8"/>
<pin id="1045" dir="1" index="1" bw="13" slack="8"/>
</pin_list>
<bind>
<opset="out_tile_2_addr "/>
</bind>
</comp>

<comp id="1048" class="1005" name="and_ln98_reg_1048">
<pin_list>
<pin id="1049" dir="0" index="0" bw="1" slack="1"/>
<pin id="1050" dir="1" index="1" bw="1" slack="2147483647"/>
</pin_list>
<bind>
<opset="and_ln98 "/>
</bind>
</comp>

<comp id="1052" class="1005" name="w1_addr_reg_1052">
<pin_list>
<pin id="1053" dir="0" index="0" bw="32" slack="1"/>
<pin id="1054" dir="1" index="1" bw="32" slack="1"/>
</pin_list>
<bind>
<opset="w1_addr "/>
</bind>
</comp>

<comp id="1058" class="1005" name="icmp_ln96_1_reg_1058">
<pin_list>
<pin id="1059" dir="0" index="0" bw="1" slack="16"/>
<pin id="1060" dir="1" index="1" bw="1" slack="2147483647"/>
</pin_list>
<bind>
<opset="icmp_ln96_1 "/>
</bind>
</comp>

<comp id="1062" class="1005" name="sext_ln95_1_reg_1062">
<pin_list>
<pin id="1063" dir="0" index="0" bw="64" slack="15"/>
<pin id="1064" dir="1" index="1" bw="64" slack="15"/>
</pin_list>
<bind>
<opset="sext_ln95_1 "/>
</bind>
</comp>

<comp id="1068" class="1005" name="out_tile_2_load_reg_1068">
<pin_list>
<pin id="1069" dir="0" index="0" bw="32" slack="1"/>
<pin id="1070" dir="1" index="1" bw="32" slack="1"/>
</pin_list>
<bind>
<opset="out_tile_2_load "/>
</bind>
</comp>

<comp id="1073" class="1005" name="w1_addr_read_reg_1073">
<pin_list>
<pin id="1074" dir="0" index="0" bw="32" slack="1"/>
<pin id="1075" dir="1" index="1" bw="32" slack="1"/>
</pin_list>
<bind>
<opset="w1_addr_read "/>
</bind>
</comp>

<comp id="1078" class="1005" name="bitcast_ln99_reg_1078">
<pin_list>
<pin id="1079" dir="0" index="0" bw="32" slack="1"/>
<pin id="1080" dir="1" index="1" bw="32" slack="1"/>
</pin_list>
<bind>
<opset="bitcast_ln99 "/>
</bind>
</comp>

<comp id="1083" class="1005" name="v_reg_1083">
<pin_list>
<pin id="1084" dir="0" index="0" bw="32" slack="1"/>
<pin id="1085" dir="1" index="1" bw="32" slack="1"/>
</pin_list>
<bind>
<opset="v "/>
</bind>
</comp>

<comp id="1089" class="1005" name="select_ln101_reg_1089">
<pin_list>
<pin id="1090" dir="0" index="0" bw="32" slack="1"/>
<pin id="1091" dir="1" index="1" bw="32" slack="1"/>
</pin_list>
<bind>
<opset="select_ln101 "/>
</bind>
</comp>

<comp id="1094" class="1005" name="feat_addr_4_reg_1094">
<pin_list>
<pin id="1095" dir="0" index="0" bw="32" slack="1"/>
<pin id="1096" dir="1" index="1" bw="32" slack="1"/>
</pin_list>
<bind>
<opset="feat_addr_4 "/>
</bind>
</comp>

</comp_list>

<net_list>
<net id="147"><net_src comp="20" pin="0"/><net_sink comp="144" pin=0"/></net>

<net id="151"><net_src comp="20" pin="0"/><net_sink comp="148" pin=0"/></net>

<net id="155"><net_src comp="20" pin="0"/><net_sink comp="152" pin=0"/></net>

<net id="159"><net_src comp="20" pin="0"/><net_sink comp="156" pin=0"/></net>

<net id="163"><net_src comp="20" pin="0"/><net_sink comp="160" pin=0"/></net>

<net id="168"><net_src comp="44" pin="0"/><net_sink comp="164" pin=0"/></net>

<net id="169"><net_src comp="14" pin="0"/><net_sink comp="164" pin=1"/></net>

<net id="174"><net_src comp="44" pin="0"/><net_sink comp="170" pin=0"/></net>

<net id="175"><net_src comp="12" pin="0"/><net_sink comp="170" pin=1"/></net>

<net id="180"><net_src comp="46" pin="0"/><net_sink comp="176" pin=0"/></net>

<net id="181"><net_src comp="10" pin="0"/><net_sink comp="176" pin=1"/></net>

<net id="186"><net_src comp="48" pin="0"/><net_sink comp="182" pin=0"/></net>

<net id="187"><net_src comp="6" pin="0"/><net_sink comp="182" pin=1"/></net>

<net id="192"><net_src comp="46" pin="0"/><net_sink comp="188" pin=0"/></net>

<net id="193"><net_src comp="4" pin="0"/><net_sink comp="188" pin=1"/></net>

<net id="198"><net_src comp="50" pin="0"/><net_sink comp="194" pin=0"/></net>

<net id="199"><net_src comp="2" pin="0"/><net_sink comp="194" pin=1"/></net>

<net id="204"><net_src comp="48" pin="0"/><net_sink comp="200" pin=0"/></net>

<net id="205"><net_src comp="0" pin="0"/><net_sink comp="200" pin=1"/></net>

<net id="211"><net_src comp="120" pin="0"/><net_sink comp="206" pin=0"/></net>

<net id="217"><net_src comp="122" pin="0"/><net_sink comp="212" pin=0"/></net>

<net id="218"><net_src comp="20" pin="0"/><net_sink comp="212" pin=2"/></net>

<net id="223"><net_src comp="124" pin="0"/><net_sink comp="219" pin=0"/></net>

<net id="230"><net_src comp="138" pin="0"/><net_sink comp="224" pin=0"/></net>

<net id="231"><net_src comp="140" pin="0"/><net_sink comp="224" pin=3"/></net>

<net id="236"><net_src comp="142" pin="0"/><net_sink comp="232" pin=0"/></net>

<net id="242"><net_src comp="18" pin="0"/><net_sink comp="237" pin=0"/></net>

<net id="243"><net_src comp="102" pin="0"/><net_sink comp="237" pin=1"/></net>

<net id="252"><net_src comp="60" pin="0"/><net_sink comp="249" pin=0"/></net>

<net id="259"><net_src comp="249" pin="1"/><net_sink comp="253" pin=0"/></net>

<net id="260"><net_src comp="62" pin="0"/><net_sink comp="253" pin=2"/></net>

<net id="269"><net_src comp="126" pin="0"/><net_sink comp="265" pin=1"/></net>

<net id="274"><net_src comp="52" pin="0"/><net_sink comp="270" pin=0"/></net>

<net id="279"><net_src comp="54" pin="0"/><net_sink comp="275" pin=0"/></net>

<net id="284"><net_src comp="56" pin="0"/><net_sink comp="280" pin=0"/></net>

<net id="289"><net_src comp="58" pin="0"/><net_sink comp="285" pin=0"/></net>

<net id="294"><net_src comp="58" pin="0"/><net_sink comp="290" pin=0"/></net>

<net id="310"><net_src comp="301" pin="1"/><net_sink comp="307" pin=0"/></net>

<net id="315"><net_src comp="307" pin="1"/><net_sink comp="311" pin=0"/></net>

<net id="319"><net_src comp="311" pin="2"/><net_sink comp="316" pin=0"/></net>

<net id="324"><net_src comp="316" pin="1"/><net_sink comp="320" pin=0"/></net>

<net id="325"><net_src comp="64" pin="0"/><net_sink comp="320" pin=1"/></net>

<net id="329"><net_src comp="320" pin="2"/><net_sink comp="326" pin=0"/></net>

<net id="333"><net_src comp="295" pin="1"/><net_sink comp="330" pin=0"/></net>

<net id="337"><net_src comp="295" pin="1"/><net_sink comp="334" pin=0"/></net>

<net id="342"><net_src comp="330" pin="1"/><net_sink comp="338" pin=0"/></net>

<net id="348"><net_src comp="66" pin="0"/><net_sink comp="343" pin=0"/></net>

<net id="349"><net_src comp="338" pin="2"/><net_sink comp="343" pin=1"/></net>

<net id="350"><net_src comp="68" pin="0"/><net_sink comp="343" pin=2"/></net>

<net id="354"><net_src comp="343" pin="3"/><net_sink comp="351" pin=0"/></net>

<net id="360"><net_src comp="70" pin="0"/><net_sink comp="355" pin=0"/></net>

<net id="361"><net_src comp="338" pin="2"/><net_sink comp="355" pin=1"/></net>

<net id="362"><net_src comp="72" pin="0"/><net_sink comp="355" pin=2"/></net>

<net id="366"><net_src comp="355" pin="3"/><net_sink comp="363" pin=0"/></net>

<net id="371"><net_src comp="351" pin="1"/><net_sink comp="367" pin=0"/></net>

<net id="372"><net_src comp="363" pin="1"/><net_sink comp="367" pin=1"/></net>

<net id="376"><net_src comp="367" pin="2"/><net_sink comp="373" pin=0"/></net>

<net id="381"><net_src comp="326" pin="1"/><net_sink comp="377" pin=0"/></net>

<net id="382"><net_src comp="373" pin="1"/><net_sink comp="377" pin=1"/></net>

<net id="387"><net_src comp="334" pin="1"/><net_sink comp="383" pin=0"/></net>

<net id="393"><net_src comp="383" pin="2"/><net_sink comp="388" pin=0"/></net>

<net id="394"><net_src comp="58" pin="0"/><net_sink comp="388" pin=2"/></net>

<net id="399"><net_src comp="304" pin="1"/><net_sink comp="395" pin=0"/></net>

<net id="400"><net_src comp="74" pin="0"/><net_sink comp="395" pin=1"/></net>

<net id="405"><net_src comp="304" pin="1"/><net_sink comp="401" pin=0"/></net>

<net id="406"><net_src comp="76" pin="0"/><net_sink comp="401" pin=1"/></net>

<net id="414"><net_src comp="301" pin="1"/><net_sink comp="410" pin=0"/></net>

<net id="415"><net_src comp="78" pin="0"/><net_sink comp="410" pin=1"/></net>

<net id="420"><net_src comp="298" pin="1"/><net_sink comp="416" pin=0"/></net>

<net id="421"><net_src comp="80" pin="0"/><net_sink comp="416" pin=1"/></net>

<net id="427"><net_src comp="416" pin="2"/><net_sink comp="422" pin=0"/></net>

<net id="428"><net_src comp="58" pin="0"/><net_sink comp="422" pin=1"/></net>

<net id="429"><net_src comp="295" pin="1"/><net_sink comp="422" pin=2"/></net>

<net id="434"><net_src comp="416" pin="2"/><net_sink comp="430" pin=0"/></net>

<net id="435"><net_src comp="253" pin="4"/><net_sink comp="430" pin=1"/></net>

<net id="441"><net_src comp="416" pin="2"/><net_sink comp="436" pin=0"/></net>

<net id="442"><net_src comp="410" pin="2"/><net_sink comp="436" pin=1"/></net>

<net id="443"><net_src comp="301" pin="1"/><net_sink comp="436" pin=2"/></net>

<net id="447"><net_src comp="436" pin="3"/><net_sink comp="444" pin=0"/></net>

<net id="453"><net_src comp="82" pin="0"/><net_sink comp="448" pin=0"/></net>

<net id="454"><net_src comp="444" pin="1"/><net_sink comp="448" pin=1"/></net>

<net id="455"><net_src comp="84" pin="0"/><net_sink comp="448" pin=2"/></net>

<net id="459"><net_src comp="410" pin="2"/><net_sink comp="456" pin=0"/></net>

<net id="464"><net_src comp="456" pin="1"/><net_sink comp="460" pin=0"/></net>

<net id="468"><net_src comp="460" pin="2"/><net_sink comp="465" pin=0"/></net>

<net id="474"><net_src comp="416" pin="2"/><net_sink comp="469" pin=0"/></net>

<net id="475"><net_src comp="460" pin="2"/><net_sink comp="469" pin=1"/></net>

<net id="476"><net_src comp="311" pin="2"/><net_sink comp="469" pin=2"/></net>

<net id="482"><net_src comp="86" pin="0"/><net_sink comp="477" pin=0"/></net>

<net id="483"><net_src comp="469" pin="3"/><net_sink comp="477" pin=1"/></net>

<net id="484"><net_src comp="72" pin="0"/><net_sink comp="477" pin=2"/></net>

<net id="488"><net_src comp="477" pin="3"/><net_sink comp="485" pin=0"/></net>

<net id="493"><net_src comp="485" pin="1"/><net_sink comp="489" pin=0"/></net>

<net id="498"><net_src comp="465" pin="1"/><net_sink comp="494" pin=0"/></net>

<net id="499"><net_src comp="64" pin="0"/><net_sink comp="494" pin=1"/></net>

<net id="503"><net_src comp="494" pin="2"/><net_sink comp="500" pin=0"/></net>

<net id="509"><net_src comp="416" pin="2"/><net_sink comp="504" pin=0"/></net>

<net id="510"><net_src comp="494" pin="2"/><net_sink comp="504" pin=1"/></net>

<net id="511"><net_src comp="320" pin="2"/><net_sink comp="504" pin=2"/></net>

<net id="515"><net_src comp="504" pin="3"/><net_sink comp="512" pin=0"/></net>

<net id="521"><net_src comp="66" pin="0"/><net_sink comp="516" pin=0"/></net>

<net id="522"><net_src comp="68" pin="0"/><net_sink comp="516" pin=2"/></net>

<net id="526"><net_src comp="516" pin="3"/><net_sink comp="523" pin=0"/></net>

<net id="532"><net_src comp="70" pin="0"/><net_sink comp="527" pin=0"/></net>

<net id="533"><net_src comp="72" pin="0"/><net_sink comp="527" pin=2"/></net>

<net id="537"><net_src comp="527" pin="3"/><net_sink comp="534" pin=0"/></net>

<net id="542"><net_src comp="523" pin="1"/><net_sink comp="538" pin=0"/></net>

<net id="543"><net_src comp="534" pin="1"/><net_sink comp="538" pin=1"/></net>

<net id="547"><net_src comp="538" pin="2"/><net_sink comp="544" pin=0"/></net>

<net id="552"><net_src comp="500" pin="1"/><net_sink comp="548" pin=0"/></net>

<net id="553"><net_src comp="544" pin="1"/><net_sink comp="548" pin=1"/></net>

<net id="558"><net_src comp="88" pin="0"/><net_sink comp="554" pin=1"/></net>

<net id="564"><net_src comp="416" pin="2"/><net_sink comp="559" pin=0"/></net>

<net id="565"><net_src comp="554" pin="2"/><net_sink comp="559" pin=1"/></net>

<net id="566"><net_src comp="383" pin="2"/><net_sink comp="559" pin=2"/></net>

<net id="572"><net_src comp="416" pin="2"/><net_sink comp="567" pin=0"/></net>

<net id="573"><net_src comp="548" pin="2"/><net_sink comp="567" pin=1"/></net>

<net id="574"><net_src comp="377" pin="2"/><net_sink comp="567" pin=2"/></net>

<net id="580"><net_src comp="554" pin="2"/><net_sink comp="575" pin=0"/></net>

<net id="581"><net_src comp="58" pin="0"/><net_sink comp="575" pin=2"/></net>

<net id="587"><net_src comp="416" pin="2"/><net_sink comp="582" pin=0"/></net>

<net id="588"><net_src comp="575" pin="3"/><net_sink comp="582" pin=1"/></net>

<net id="589"><net_src comp="388" pin="3"/><net_sink comp="582" pin=2"/></net>

<net id="594"><net_src comp="416" pin="2"/><net_sink comp="590" pin=0"/></net>

<net id="595"><net_src comp="60" pin="0"/><net_sink comp="590" pin=1"/></net>

<net id="600"><net_src comp="407" pin="1"/><net_sink comp="596" pin=0"/></net>

<net id="601"><net_src comp="90" pin="0"/><net_sink comp="596" pin=1"/></net>

<net id="606"><net_src comp="596" pin="2"/><net_sink comp="602" pin=0"/></net>

<net id="607"><net_src comp="590" pin="2"/><net_sink comp="602" pin=1"/></net>

<net id="612"><net_src comp="422" pin="3"/><net_sink comp="608" pin=0"/></net>

<net id="613"><net_src comp="92" pin="0"/><net_sink comp="608" pin=1"/></net>

<net id="618"><net_src comp="602" pin="2"/><net_sink comp="614" pin=0"/></net>

<net id="619"><net_src comp="430" pin="2"/><net_sink comp="614" pin=1"/></net>

<net id="624"><net_src comp="602" pin="2"/><net_sink comp="620" pin=0"/></net>

<net id="625"><net_src comp="416" pin="2"/><net_sink comp="620" pin=1"/></net>

<net id="631"><net_src comp="620" pin="2"/><net_sink comp="626" pin=0"/></net>

<net id="632"><net_src comp="58" pin="0"/><net_sink comp="626" pin=1"/></net>

<net id="633"><net_src comp="407" pin="1"/><net_sink comp="626" pin=2"/></net>

<net id="639"><net_src comp="602" pin="2"/><net_sink comp="634" pin=0"/></net>

<net id="640"><net_src comp="608" pin="2"/><net_sink comp="634" pin=1"/></net>

<net id="641"><net_src comp="422" pin="3"/><net_sink comp="634" pin=2"/></net>

<net id="645"><net_src comp="634" pin="3"/><net_sink comp="642" pin=0"/></net>

<net id="650"><net_src comp="448" pin="3"/><net_sink comp="646" pin=0"/></net>

<net id="651"><net_src comp="642" pin="1"/><net_sink comp="646" pin=1"/></net>

<net id="657"><net_src comp="94" pin="0"/><net_sink comp="652" pin=0"/></net>

<net id="658"><net_src comp="646" pin="2"/><net_sink comp="652" pin=1"/></net>

<net id="659"><net_src comp="84" pin="0"/><net_sink comp="652" pin=2"/></net>

<net id="663"><net_src comp="608" pin="2"/><net_sink comp="660" pin=0"/></net>

<net id="667"><net_src comp="608" pin="2"/><net_sink comp="664" pin=0"/></net>

<net id="672"><net_src comp="660" pin="1"/><net_sink comp="668" pin=0"/></net>

<net id="678"><net_src comp="66" pin="0"/><net_sink comp="673" pin=0"/></net>

<net id="679"><net_src comp="668" pin="2"/><net_sink comp="673" pin=1"/></net>

<net id="680"><net_src comp="68" pin="0"/><net_sink comp="673" pin=2"/></net>

<net id="684"><net_src comp="673" pin="3"/><net_sink comp="681" pin=0"/></net>

<net id="690"><net_src comp="70" pin="0"/><net_sink comp="685" pin=0"/></net>

<net id="691"><net_src comp="668" pin="2"/><net_sink comp="685" pin=1"/></net>

<net id="692"><net_src comp="72" pin="0"/><net_sink comp="685" pin=2"/></net>

<net id="696"><net_src comp="685" pin="3"/><net_sink comp="693" pin=0"/></net>

<net id="701"><net_src comp="681" pin="1"/><net_sink comp="697" pin=0"/></net>

<net id="702"><net_src comp="693" pin="1"/><net_sink comp="697" pin=1"/></net>

<net id="706"><net_src comp="697" pin="2"/><net_sink comp="703" pin=0"/></net>

<net id="711"><net_src comp="512" pin="1"/><net_sink comp="707" pin=0"/></net>

<net id="712"><net_src comp="703" pin="1"/><net_sink comp="707" pin=1"/></net>

<net id="717"><net_src comp="664" pin="1"/><net_sink comp="713" pin=0"/></net>

<net id="723"><net_src comp="602" pin="2"/><net_sink comp="718" pin=0"/></net>

<net id="724"><net_src comp="713" pin="2"/><net_sink comp="718" pin=1"/></net>

<net id="725"><net_src comp="559" pin="3"/><net_sink comp="718" pin=2"/></net>

<net id="731"><net_src comp="602" pin="2"/><net_sink comp="726" pin=0"/></net>

<net id="732"><net_src comp="707" pin="2"/><net_sink comp="726" pin=1"/></net>

<net id="733"><net_src comp="567" pin="3"/><net_sink comp="726" pin=2"/></net>

<net id="737"><net_src comp="726" pin="3"/><net_sink comp="734" pin=0"/></net>

<net id="742"><net_src comp="734" pin="1"/><net_sink comp="738" pin=0"/></net>

<net id="749"><net_src comp="96" pin="0"/><net_sink comp="743" pin=0"/></net>

<net id="750"><net_src comp="738" pin="2"/><net_sink comp="743" pin=1"/></net>

<net id="751"><net_src comp="98" pin="0"/><net_sink comp="743" pin=2"/></net>

<net id="752"><net_src comp="100" pin="0"/><net_sink comp="743" pin=3"/></net>

<net id="758"><net_src comp="713" pin="2"/><net_sink comp="753" pin=0"/></net>

<net id="759"><net_src comp="58" pin="0"/><net_sink comp="753" pin=2"/></net>

<net id="765"><net_src comp="602" pin="2"/><net_sink comp="760" pin=0"/></net>

<net id="766"><net_src comp="753" pin="3"/><net_sink comp="760" pin=1"/></net>

<net id="767"><net_src comp="582" pin="3"/><net_sink comp="760" pin=2"/></net>

<net id="771"><net_src comp="626" pin="3"/><net_sink comp="768" pin=0"/></net>

<net id="776"><net_src comp="652" pin="3"/><net_sink comp="772" pin=0"/></net>

<net id="777"><net_src comp="768" pin="1"/><net_sink comp="772" pin=1"/></net>

<net id="781"><net_src comp="772" pin="2"/><net_sink comp="778" pin=0"/></net>

<net id="782"><net_src comp="778" pin="1"/><net_sink comp="237" pin=2"/></net>

<net id="786"><net_src comp="626" pin="3"/><net_sink comp="783" pin=0"/></net>

<net id="791"><net_src comp="783" pin="1"/><net_sink comp="787" pin=0"/></net>

<net id="796"><net_src comp="787" pin="2"/><net_sink comp="792" pin=0"/></net>

<net id="797"><net_src comp="718" pin="3"/><net_sink comp="792" pin=1"/></net>

<net id="804"><net_src comp="96" pin="0"/><net_sink comp="798" pin=0"/></net>

<net id="805"><net_src comp="489" pin="2"/><net_sink comp="798" pin=1"/></net>

<net id="806"><net_src comp="98" pin="0"/><net_sink comp="798" pin=2"/></net>

<net id="807"><net_src comp="100" pin="0"/><net_sink comp="798" pin=3"/></net>

<net id="811"><net_src comp="798" pin="4"/><net_sink comp="808" pin=0"/></net>

<net id="816"><net_src comp="16" pin="0"/><net_sink comp="812" pin=0"/></net>

<net id="817"><net_src comp="808" pin="1"/><net_sink comp="812" pin=1"/></net>

<net id="822"><net_src comp="626" pin="3"/><net_sink comp="818" pin=0"/></net>

<net id="823"><net_src comp="92" pin="0"/><net_sink comp="818" pin=1"/></net>

<net id="828"><net_src comp="818" pin="2"/><net_sink comp="824" pin=0"/></net>

<net id="829"><net_src comp="90" pin="0"/><net_sink comp="824" pin=1"/></net>

<net id="834"><net_src comp="298" pin="1"/><net_sink comp="830" pin=0"/></net>

<net id="835"><net_src comp="110" pin="0"/><net_sink comp="830" pin=1"/></net>

<net id="841"><net_src comp="416" pin="2"/><net_sink comp="836" pin=0"/></net>

<net id="842"><net_src comp="110" pin="0"/><net_sink comp="836" pin=1"/></net>

<net id="843"><net_src comp="830" pin="2"/><net_sink comp="836" pin=2"/></net>

<net id="848"><net_src comp="401" pin="2"/><net_sink comp="844" pin=0"/></net>

<net id="853"><net_src comp="436" pin="3"/><net_sink comp="849" pin=0"/></net>

<net id="858"><net_src comp="836" pin="3"/><net_sink comp="854" pin=0"/></net>

<net id="863"><net_src comp="634" pin="3"/><net_sink comp="859" pin=0"/></net>

<net id="868"><net_src comp="818" pin="2"/><net_sink comp="864" pin=0"/></net>

<net id="875"><net_src comp="872" pin="1"/><net_sink comp="206" pin=2"/></net>

<net id="880"><net_src comp="8" pin="0"/><net_sink comp="876" pin=0"/></net>

<net id="881"><net_src comp="869" pin="1"/><net_sink comp="876" pin=1"/></net>

<net id="882"><net_src comp="876" pin="2"/><net_sink comp="206" pin=1"/></net>

<net id="886"><net_src comp="883" pin="1"/><net_sink comp="261" pin=1"/></net>

<net id="896"><net_src comp="128" pin="0"/><net_sink comp="890" pin=0"/></net>

<net id="897"><net_src comp="887" pin="1"/><net_sink comp="890" pin=1"/></net>

<net id="898"><net_src comp="130" pin="0"/><net_sink comp="890" pin=2"/></net>

<net id="899"><net_src comp="132" pin="0"/><net_sink comp="890" pin=3"/></net>

<net id="903"><net_src comp="887" pin="1"/><net_sink comp="900" pin=0"/></net>

<net id="908"><net_src comp="890" pin="4"/><net_sink comp="904" pin=0"/></net>

<net id="909"><net_src comp="134" pin="0"/><net_sink comp="904" pin=1"/></net>

<net id="914"><net_src comp="900" pin="1"/><net_sink comp="910" pin=0"/></net>

<net id="915"><net_src comp="136" pin="0"/><net_sink comp="910" pin=1"/></net>

<net id="920"><net_src comp="910" pin="2"/><net_sink comp="916" pin=0"/></net>

<net id="921"><net_src comp="904" pin="2"/><net_sink comp="916" pin=1"/></net>

<net id="926"><net_src comp="916" pin="2"/><net_sink comp="922" pin=0"/></net>

<net id="927"><net_src comp="265" pin="2"/><net_sink comp="922" pin=1"/></net>

<net id="933"><net_src comp="922" pin="2"/><net_sink comp="928" pin=0"/></net>

<net id="934"><net_src comp="26" pin="0"/><net_sink comp="928" pin=1"/></net>

<net id="935"><net_src comp="887" pin="1"/><net_sink comp="928" pin=2"/></net>

<net id="940"><net_src comp="8" pin="0"/><net_sink comp="936" pin=0"/></net>

<net id="941"><net_src comp="936" pin="2"/><net_sink comp="224" pin=1"/></net>

<net id="946"><net_src comp="8" pin="0"/><net_sink comp="942" pin=0"/></net>

<net id="950"><net_src comp="144" pin="1"/><net_sink comp="947" pin=0"/></net>

<net id="951"><net_src comp="947" pin="1"/><net_sink comp="290" pin=1"/></net>

<net id="952"><net_src comp="947" pin="1"/><net_sink comp="407" pin=0"/></net>

<net id="953"><net_src comp="947" pin="1"/><net_sink comp="864" pin=1"/></net>

<net id="957"><net_src comp="148" pin="1"/><net_sink comp="954" pin=0"/></net>

<net id="958"><net_src comp="954" pin="1"/><net_sink comp="285" pin=1"/></net>

<net id="959"><net_src comp="954" pin="1"/><net_sink comp="295" pin=0"/></net>

<net id="960"><net_src comp="954" pin="1"/><net_sink comp="859" pin=1"/></net>

<net id="964"><net_src comp="152" pin="1"/><net_sink comp="961" pin=0"/></net>

<net id="965"><net_src comp="961" pin="1"/><net_sink comp="280" pin=1"/></net>

<net id="966"><net_src comp="961" pin="1"/><net_sink comp="298" pin=0"/></net>

<net id="967"><net_src comp="961" pin="1"/><net_sink comp="854" pin=1"/></net>

<net id="971"><net_src comp="156" pin="1"/><net_sink comp="968" pin=0"/></net>

<net id="972"><net_src comp="968" pin="1"/><net_sink comp="275" pin=1"/></net>

<net id="973"><net_src comp="968" pin="1"/><net_sink comp="301" pin=0"/></net>

<net id="974"><net_src comp="968" pin="1"/><net_sink comp="849" pin=1"/></net>

<net id="978"><net_src comp="160" pin="1"/><net_sink comp="975" pin=0"/></net>

<net id="979"><net_src comp="975" pin="1"/><net_sink comp="270" pin=1"/></net>

<net id="980"><net_src comp="975" pin="1"/><net_sink comp="304" pin=0"/></net>

<net id="981"><net_src comp="975" pin="1"/><net_sink comp="844" pin=1"/></net>

<net id="985"><net_src comp="164" pin="2"/><net_sink comp="982" pin=0"/></net>

<net id="986"><net_src comp="982" pin="1"/><net_sink comp="738" pin=1"/></net>

<net id="990"><net_src comp="170" pin="2"/><net_sink comp="987" pin=0"/></net>

<net id="991"><net_src comp="987" pin="1"/><net_sink comp="489" pin=1"/></net>

<net id="995"><net_src comp="176" pin="2"/><net_sink comp="992" pin=0"/></net>

<net id="996"><net_src comp="992" pin="1"/><net_sink comp="787" pin=1"/></net>

<net id="1000"><net_src comp="182" pin="2"/><net_sink comp="997" pin=0"/></net>

<net id="1001"><net_src comp="997" pin="1"/><net_sink comp="388" pin=1"/></net>

<net id="1002"><net_src comp="997" pin="1"/><net_sink comp="575" pin=1"/></net>

<net id="1003"><net_src comp="997" pin="1"/><net_sink comp="753" pin=1"/></net>

<net id="1007"><net_src comp="188" pin="2"/><net_sink comp="1004" pin=0"/></net>

<net id="1008"><net_src comp="1004" pin="1"/><net_sink comp="383" pin=1"/></net>

<net id="1009"><net_src comp="1004" pin="1"/><net_sink comp="554" pin=0"/></net>

<net id="1010"><net_src comp="1004" pin="1"/><net_sink comp="713" pin=1"/></net>

<net id="1014"><net_src comp="194" pin="2"/><net_sink comp="1011" pin=0"/></net>

<net id="1015"><net_src comp="1011" pin="1"/><net_sink comp="338" pin=1"/></net>

<net id="1016"><net_src comp="1011" pin="1"/><net_sink comp="516" pin=1"/></net>

<net id="1017"><net_src comp="1011" pin="1"/><net_sink comp="527" pin=1"/></net>

<net id="1018"><net_src comp="1011" pin="1"/><net_sink comp="668" pin=1"/></net>

<net id="1022"><net_src comp="200" pin="2"/><net_sink comp="1019" pin=0"/></net>

<net id="1023"><net_src comp="1019" pin="1"/><net_sink comp="311" pin=1"/></net>

<net id="1024"><net_src comp="1019" pin="1"/><net_sink comp="460" pin=1"/></net>

<net id="1028"><net_src comp="395" pin="2"/><net_sink comp="1025" pin=0"/></net>

<net id="1032"><net_src comp="614" pin="2"/><net_sink comp="1029" pin=0"/></net>

<net id="1036"><net_src comp="743" pin="4"/><net_sink comp="1033" pin=0"/></net>

<net id="1037"><net_src comp="1033" pin="1"/><net_sink comp="869" pin=0"/></net>

<net id="1041"><net_src comp="760" pin="3"/><net_sink comp="1038" pin=0"/></net>

<net id="1042"><net_src comp="1038" pin="1"/><net_sink comp="872" pin=0"/></net>

<net id="1046"><net_src comp="237" pin="3"/><net_sink comp="1043" pin=0"/></net>

<net id="1047"><net_src comp="1043" pin="1"/><net_sink comp="244" pin=0"/></net>

<net id="1051"><net_src comp="792" pin="2"/><net_sink comp="1048" pin=0"/></net>

<net id="1055"><net_src comp="812" pin="2"/><net_sink comp="1052" pin=0"/></net>

<net id="1056"><net_src comp="1052" pin="1"/><net_sink comp="212" pin=1"/></net>

<net id="1057"><net_src comp="1052" pin="1"/><net_sink comp="219" pin=1"/></net>

<net id="1061"><net_src comp="824" pin="2"/><net_sink comp="1058" pin=0"/></net>

<net id="1065"><net_src comp="869" pin="1"/><net_sink comp="1062" pin=0"/></net>

<net id="1066"><net_src comp="1062" pin="1"/><net_sink comp="936" pin=1"/></net>

<net id="1067"><net_src comp="1062" pin="1"/><net_sink comp="942" pin=1"/></net>

<net id="1071"><net_src comp="244" pin="3"/><net_sink comp="1068" pin=0"/></net>

<net id="1072"><net_src comp="1068" pin="1"/><net_sink comp="261" pin=0"/></net>

<net id="1076"><net_src comp="219" pin="2"/><net_sink comp="1073" pin=0"/></net>

<net id="1077"><net_src comp="1073" pin="1"/><net_sink comp="883" pin=0"/></net>

<net id="1081"><net_src comp="883" pin="1"/><net_sink comp="1078" pin=0"/></net>

<net id="1082"><net_src comp="1078" pin="1"/><net_sink comp="261" pin=1"/></net>

<net id="1086"><net_src comp="261" pin="2"/><net_sink comp="1083" pin=0"/></net>

<net id="1087"><net_src comp="1083" pin="1"/><net_sink comp="265" pin=0"/></net>

<net id="1088"><net_src comp="1083" pin="1"/><net_sink comp="887" pin=0"/></net>

<net id="1092"><net_src comp="928" pin="3"/><net_sink comp="1089" pin=0"/></net>

<net id="1093"><net_src comp="1089" pin="1"/><net_sink comp="224" pin=2"/></net>

<net id="1097"><net_src comp="942" pin="2"/><net_sink comp="1094" pin=0"/></net>

<net id="1098"><net_src comp="1094" pin="1"/><net_sink comp="232" pin=1"/></net>

</net_list>

</model> 
---------------- Datapath Model END ------------------

* FSMD analyzer results:
  - Output states:
	Port: feat | {3 18 19 20 21 22 23 }
 - Input state : 
	Port: conv1_Pipeline_VITIS_LOOP_96_3 : trunc_ln117_mid2 | {1 }
	Port: conv1_Pipeline_VITIS_LOOP_96_3 : select_ln121_6 | {1 }
	Port: conv1_Pipeline_VITIS_LOOP_96_3 : select_ln121_5 | {1 }
	Port: conv1_Pipeline_VITIS_LOOP_96_3 : select_ln94 | {1 }
	Port: conv1_Pipeline_VITIS_LOOP_96_3 : zext_ln124_1 | {1 }
	Port: conv1_Pipeline_VITIS_LOOP_96_3 : b | {1 }
	Port: conv1_Pipeline_VITIS_LOOP_96_3 : tmp5 | {1 }
	Port: conv1_Pipeline_VITIS_LOOP_96_3 : w1 | {3 4 5 6 7 8 9 10 11 }
	Port: conv1_Pipeline_VITIS_LOOP_96_3 : out_tile_2 | {10 11 }
  - Chain level:
	State 1
		store_ln0 : 1
		store_ln0 : 1
		store_ln0 : 1
		store_ln0 : 1
		store_ln0 : 1
	State 2
		zext_ln94 : 1
		empty : 2
		p_cast39 : 3
		empty_74 : 4
		zext_ln95 : 5
		zext_ln95_1 : 1
		zext_ln95_2 : 1
		empty_75 : 2
		p_shl2 : 3
		p_shl2_cast : 4
		p_shl3 : 3
		p_shl3_cast : 4
		empty_76 : 5
		p_cast21 : 6
		tmp6 : 7
		cmp10_i : 2
		select_ln96 : 3
		icmp_ln94 : 1
		add_ln94_4 : 1
		br_ln94 : 2
		add_ln94 : 1
		icmp_ln95 : 1
		select_ln94_1 : 2
		or_ln94 : 2
		select_ln94_2 : 2
		trunc_ln99 : 3
		tmp_34_cast : 4
		zext_ln94_1 : 2
		p_mid1170 : 3
		p_cast39_mid1 : 4
		select_ln94_3 : 4
		p_mid2175_v_v : 5
		zext_ln94_2 : 6
		add_ln94_3 : 7
		p_mid1176 : 5
		zext_ln95_3 : 6
		select_ln94_4 : 6
		zext_ln94_3 : 7
		p_shl2_cast_mid1190 : 1
		p_shl3_cast_mid1194 : 1
		p_mid1196 : 2
		p_cast21_mid1198 : 3
		tmp6_mid1200 : 7
		select_ln94_5 : 3
		select_ln94_6 : 8
		select_ln96_1 : 1
		select_ln94_7 : 4
		xor_ln94 : 2
		icmp_ln96 : 1
		and_ln94 : 2
		add_ln95 : 3
		or_ln95 : 2
		or_ln95_1 : 2
		select_ln95 : 2
		select_ln95_1 : 2
		zext_ln99 : 3
		add_ln99 : 4
		tmp_s : 5
		zext_ln95_4 : 4
		add_ln95_cast : 4
		p_mid1150 : 5
		p_shl2_mid1 : 6
		p_shl2_cast_mid1 : 7
		p_shl3_mid1 : 6
		p_shl3_cast_mid1 : 7
		p_mid1152 : 8
		p_cast21_mid1 : 9
		tmp6_mid1 : 10
		cmp10_i_mid1 : 5
		select_ln95_2 : 6
		select_ln95_3 : 11
		sext_ln95 : 12
		add_ln95_1 : 13
		sext_ln96_mid2_v : 14
		select_ln96_2 : 6
		select_ln95_4 : 7
		zext_ln99_1 : 3
		add_ln99_2 : 6
		zext_ln99_2 : 7
		out_tile_2_addr : 8
		zext_ln96 : 3
		br_ln96 : 2
		icmp_ln98 : 4
		and_ln98 : 5
		br_ln98 : 5
		trunc_ln : 8
		sext_ln99 : 9
		w1_addr : 10
		add_ln96 : 3
		icmp_ln96_1 : 4
		br_ln96 : 5
		add_ln95_2 : 1
		select_ln95_5 : 2
		store_ln96 : 2
		store_ln96 : 3
		store_ln96 : 3
		store_ln96 : 3
		store_ln96 : 4
	State 3
		feat_addr : 1
		empty_78 : 2
	State 4
	State 5
	State 6
	State 7
	State 8
	State 9
	State 10
	State 11
	State 12
		v : 1
	State 13
	State 14
	State 15
	State 16
	State 17
		tmp_3 : 1
		trunc_ln100 : 1
		icmp_ln100 : 2
		icmp_ln100_1 : 2
		or_ln100 : 3
		and_ln100 : 3
		select_ln101 : 3
	State 18
		write_ln101 : 1
	State 19
	State 20
	State 21
	State 22
	State 23


============================================================
+ Verbose Summary: Datapath Resource usage 
============================================================

* Functional unit list:
|----------|-----------------------------------|---------|---------|---------|
| Operation|          Functional Unit          |   DSP   |    FF   |   LUT   |
|----------|-----------------------------------|---------|---------|---------|
|   fadd   |             grp_fu_261            |    2    |   227   |   214   |
|----------|-----------------------------------|---------|---------|---------|
|          |            empty_fu_311           |    0    |    0    |    13   |
|          |          empty_75_fu_338          |    0    |    0    |    16   |
|          |            tmp6_fu_377            |    0    |    0    |    31   |
|          |         add_ln94_4_fu_401         |    0    |    0    |    21   |
|          |          add_ln94_fu_410          |    0    |    0    |    12   |
|          |          p_mid1170_fu_460         |    0    |    0    |    13   |
|          |         add_ln94_3_fu_489         |    0    |    0    |    71   |
|    add   |        tmp6_mid1200_fu_548        |    0    |    0    |    31   |
|          |          add_ln95_fu_608          |    0    |    0    |    13   |
|          |          add_ln99_fu_646          |    0    |    0    |    15   |
|          |          p_mid1150_fu_668         |    0    |    0    |    16   |
|          |          tmp6_mid1_fu_707         |    0    |    0    |    31   |
|          |         add_ln95_1_fu_738         |    0    |    0    |    71   |
|          |         add_ln99_2_fu_772         |    0    |    0    |    20   |
|          |          add_ln96_fu_818          |    0    |    0    |    13   |
|          |         add_ln95_2_fu_830         |    0    |    0    |    19   |
|----------|-----------------------------------|---------|---------|---------|
|          |         select_ln96_fu_388        |    0    |    0    |    6    |
|          |        select_ln94_1_fu_422       |    0    |    0    |    6    |
|          |        select_ln94_2_fu_436       |    0    |    0    |    4    |
|          |        select_ln94_3_fu_469       |    0    |    0    |    6    |
|          |        select_ln94_4_fu_504       |    0    |    0    |    24   |
|          |        select_ln94_5_fu_559       |    0    |    0    |    2    |
|          |        select_ln94_6_fu_567       |    0    |    0    |    25   |
|          |        select_ln96_1_fu_575       |    0    |    0    |    6    |
|  select  |        select_ln94_7_fu_582       |    0    |    0    |    6    |
|          |         select_ln95_fu_626        |    0    |    0    |    6    |
|          |        select_ln95_1_fu_634       |    0    |    0    |    6    |
|          |        select_ln95_2_fu_718       |    0    |    0    |    2    |
|          |        select_ln95_3_fu_726       |    0    |    0    |    25   |
|          |        select_ln96_2_fu_753       |    0    |    0    |    6    |
|          |        select_ln95_4_fu_760       |    0    |    0    |    6    |
|          |        select_ln95_5_fu_836       |    0    |    0    |    11   |
|          |        select_ln101_fu_928        |    0    |    0    |    32   |
|----------|-----------------------------------|---------|---------|---------|
|          |           cmp10_i_fu_383          |    0    |    0    |    15   |
|          |          icmp_ln94_fu_395         |    0    |    0    |    21   |
|          |          icmp_ln95_fu_416         |    0    |    0    |    19   |
|          |       cmp10_i_mid1206_fu_554      |    0    |    0    |    15   |
|   icmp   |          icmp_ln96_fu_596         |    0    |    0    |    13   |
|          |        cmp10_i_mid1_fu_713        |    0    |    0    |    15   |
|          |          icmp_ln98_fu_787         |    0    |    0    |    15   |
|          |         icmp_ln96_1_fu_824        |    0    |    0    |    13   |
|          |         icmp_ln100_fu_904         |    0    |    0    |    15   |
|          |        icmp_ln100_1_fu_910        |    0    |    0    |    30   |
|----------|-----------------------------------|---------|---------|---------|
|          |          empty_76_fu_367          |    0    |    0    |    26   |
|    sub   |          p_mid1196_fu_538         |    0    |    0    |    26   |
|          |          p_mid1152_fu_697         |    0    |    0    |    26   |
|----------|-----------------------------------|---------|---------|---------|
|    mul   |          empty_74_fu_320          |    1    |    0    |    6    |
|          |          p_mid1176_fu_494         |    1    |    0    |    6    |
|----------|-----------------------------------|---------|---------|---------|
|          |           or_ln94_fu_430          |    0    |    0    |    2    |
|    or    |           or_ln95_fu_614          |    0    |    0    |    2    |
|          |          or_ln95_1_fu_620         |    0    |    0    |    2    |
|          |          or_ln100_fu_916          |    0    |    0    |    2    |
|----------|-----------------------------------|---------|---------|---------|
|          |          and_ln94_fu_602          |    0    |    0    |    2    |
|    and   |          and_ln98_fu_792          |    0    |    0    |    2    |
|          |          and_ln100_fu_922         |    0    |    0    |    2    |
|----------|-----------------------------------|---------|---------|---------|
|    xor   |          xor_ln94_fu_590          |    0    |    0    |    2    |
|----------|-----------------------------------|---------|---------|---------|
|          |       tmp5_read_read_fu_164       |    0    |    0    |    0    |
|          |         b_read_read_fu_170        |    0    |    0    |    0    |
|          |   zext_ln124_1_read_read_fu_176   |    0    |    0    |    0    |
|   read   |    select_ln94_read_read_fu_182   |    0    |    0    |    0    |
|          |  select_ln121_5_read_read_fu_188  |    0    |    0    |    0    |
|          |  select_ln121_6_read_read_fu_194  |    0    |    0    |    0    |
|          | trunc_ln117_mid2_read_read_fu_200 |    0    |    0    |    0    |
|          |      w1_addr_read_read_fu_219     |    0    |    0    |    0    |
|----------|-----------------------------------|---------|---------|---------|
| writereq |      empty_78_writereq_fu_206     |    0    |    0    |    0    |
|----------|-----------------------------------|---------|---------|---------|
|  readreq |         grp_readreq_fu_212        |    0    |    0    |    0    |
|----------|-----------------------------------|---------|---------|---------|
|   write  |      write_ln101_write_fu_224     |    0    |    0    |    0    |
|----------|-----------------------------------|---------|---------|---------|
| writeresp|        grp_writeresp_fu_232       |    0    |    0    |    0    |
|----------|-----------------------------------|---------|---------|---------|
|   fcmp   |             grp_fu_265            |    0    |    0    |    0    |
|----------|-----------------------------------|---------|---------|---------|
|          |          zext_ln94_fu_307         |    0    |    0    |    0    |
|          |          p_cast39_fu_316          |    0    |    0    |    0    |
|          |          zext_ln95_fu_326         |    0    |    0    |    0    |
|          |         zext_ln95_1_fu_330        |    0    |    0    |    0    |
|          |         zext_ln95_2_fu_334        |    0    |    0    |    0    |
|          |         p_shl2_cast_fu_351        |    0    |    0    |    0    |
|          |         p_shl3_cast_fu_363        |    0    |    0    |    0    |
|          |         zext_ln94_1_fu_456        |    0    |    0    |    0    |
|          |        p_cast39_mid1_fu_465       |    0    |    0    |    0    |
|          |         zext_ln94_2_fu_485        |    0    |    0    |    0    |
|          |         zext_ln95_3_fu_500        |    0    |    0    |    0    |
|   zext   |         zext_ln94_3_fu_512        |    0    |    0    |    0    |
|          |     p_shl2_cast_mid1190_fu_523    |    0    |    0    |    0    |
|          |     p_shl3_cast_mid1194_fu_534    |    0    |    0    |    0    |
|          |          zext_ln99_fu_642         |    0    |    0    |    0    |
|          |         zext_ln95_4_fu_660        |    0    |    0    |    0    |
|          |        add_ln95_cast_fu_664       |    0    |    0    |    0    |
|          |      p_shl2_cast_mid1_fu_681      |    0    |    0    |    0    |
|          |      p_shl3_cast_mid1_fu_693      |    0    |    0    |    0    |
|          |         zext_ln99_1_fu_768        |    0    |    0    |    0    |
|          |         zext_ln99_2_fu_778        |    0    |    0    |    0    |
|          |          zext_ln96_fu_783         |    0    |    0    |    0    |
|          |         zext_ln95_5_fu_872        |    0    |    0    |    0    |
|----------|-----------------------------------|---------|---------|---------|
|          |           p_shl2_fu_343           |    0    |    0    |    0    |
|          |           p_shl3_fu_355           |    0    |    0    |    0    |
|          |         tmp_34_cast_fu_448        |    0    |    0    |    0    |
|          |        p_mid2175_v_v_fu_477       |    0    |    0    |    0    |
|bitconcatenate|         p_shl2_mid_fu_516         |    0    |    0    |    0    |
|          |         p_shl3_mid_fu_527         |    0    |    0    |    0    |
|          |            tmp_s_fu_652           |    0    |    0    |    0    |
|          |         p_shl2_mid1_fu_673        |    0    |    0    |    0    |
|          |         p_shl3_mid1_fu_685        |    0    |    0    |    0    |
|----------|-----------------------------------|---------|---------|---------|
|          |          p_cast21_fu_373          |    0    |    0    |    0    |
|          |      p_cast21_mid1198_fu_544      |    0    |    0    |    0    |
|   sext   |        p_cast21_mid1_fu_703       |    0    |    0    |    0    |
|          |          sext_ln95_fu_734         |    0    |    0    |    0    |
|          |          sext_ln99_fu_808         |    0    |    0    |    0    |
|          |         sext_ln95_1_fu_869        |    0    |    0    |    0    |
|----------|-----------------------------------|---------|---------|---------|
|   trunc  |         trunc_ln99_fu_444         |    0    |    0    |    0    |
|          |         trunc_ln100_fu_900        |    0    |    0    |    0    |
|----------|-----------------------------------|---------|---------|---------|
|          |      sext_ln96_mid2_v_fu_743      |    0    |    0    |    0    |
|partselect|          trunc_ln_fu_798          |    0    |    0    |    0    |
|          |            tmp_3_fu_890           |    0    |    0    |    0    |
|----------|-----------------------------------|---------|---------|---------|
|   Total  |                                   |    4    |   227   |   1076  |
|----------|-----------------------------------|---------|---------|---------|

Memories:
N/A

* Register list:
+------------------------------+--------+
|                              |   FF   |
+------------------------------+--------+
|       and_ln98_reg_1048      |    1   |
|        b_read_reg_987        |   64   |
|     bitcast_ln99_reg_1078    |   32   |
|     feat_addr_4_reg_1094     |   32   |
|     first_iter_0_reg_249     |    1   |
|      icmp_ln94_reg_1025      |    1   |
|     icmp_ln96_1_reg_1058     |    1   |
|   indvar_flatten156_reg_961  |   12   |
|   indvar_flatten220_reg_975  |   14   |
|       or_ln95_reg_1029       |    1   |
|   out_tile_2_addr_reg_1043   |   13   |
|   out_tile_2_load_reg_1068   |   32   |
|     select_ln101_reg_1089    |   32   |
| select_ln121_5_read_reg_1004 |    8   |
| select_ln121_6_read_reg_1011 |    9   |
|   select_ln94_read_reg_997   |    6   |
|    select_ln95_4_reg_1038    |    6   |
|     sext_ln95_1_reg_1062     |   64   |
|   sext_ln96_mid2_v_reg_1033  |   62   |
|          th_reg_954          |    6   |
|       tmp5_read_reg_982      |   64   |
|          tn_reg_968          |    4   |
|trunc_ln117_mid2_read_reg_1019|    6   |
|          tw_reg_947          |    6   |
|          v_reg_1083          |   32   |
|     w1_addr_read_reg_1073    |   32   |
|       w1_addr_reg_1052       |   32   |
|   zext_ln124_1_read_reg_992  |    8   |
+------------------------------+--------+
|             Total            |   581  |
+------------------------------+--------+

* Multiplexer (MUX) list: 
|------------|------|------|------|--------||---------||---------|
|    Comp    |  Pin | Size |  BW  | S x BW ||  Delay  ||   LUT   |
|------------|------|------|------|--------||---------||---------|
| grp_fu_261 |  p1  |   2  |  32  |   64   ||    9    |
|------------|------|------|------|--------||---------||---------|
|    Total   |      |      |      |   64   ||  0.427  ||    9    |
|------------|------|------|------|--------||---------||---------|



* Summary:
+-----------+--------+--------+--------+--------+
|           |   DSP  |  Delay |   FF   |   LUT  |
+-----------+--------+--------+--------+--------+
|  Function |    4   |    -   |   227  |  1076  |
|   Memory  |    -   |    -   |    -   |    -   |
|Multiplexer|    -   |    0   |    -   |    9   |
|  Register |    -   |    -   |   581  |    -   |
+-----------+--------+--------+--------+--------+
|   Total   |    4   |    0   |   808  |  1085  |
+-----------+--------+--------+--------+--------+
