

================================================================
== Vitis HLS Report for 'conv2_Pipeline_VITIS_LOOP_70_1_VITIS_LOOP_71_2_VITIS_LOOP_72_3'
================================================================
* Date:           Thu Oct 30 21:22:17 2025

* Version:        2023.1 (Build 3854077 on May  4 2023)
* Project:        srcnn_hls
* Solution:       solution1 (Vivado IP Flow Target)
* Product family: zynquplus
* Target device:  xck26-sfvc784-2LV-c


================================================================
== Performance Estimates
================================================================
+ Timing: 
    * Summary: 
    +--------+----------+----------+------------+
    |  Clock |  Target  | Estimated| Uncertainty|
    +--------+----------+----------+------------+
    |ap_clk  |  10.00 ns|  6.437 ns|     2.70 ns|
    +--------+----------+----------+------------+

+ Latency: 
    * Summary: 
    +---------+---------+-----------+-----------+------+------+---------+
    |  Latency (cycles) |   Latency (absolute)  |   Interval  | Pipeline|
    |   min   |   max   |    min    |    max    |  min |  max |   Type  |
    +---------+---------+-----------+-----------+------+------+---------+
    |     8199|     8199|  81.990 us|  81.990 us|  8199|  8199|       no|
    +---------+---------+-----------+-----------+------+------+---------+

    + Detail: 
        * Instance: 
        N/A

        * Loop: 
        +---------------------------------------------------+---------+---------+----------+-----------+-----------+------+----------+
        |                                                   |  Latency (cycles) | Iteration|  Initiation Interval  | Trip |          |
        |                     Loop Name                     |   min   |   max   |  Latency |  achieved |   target  | Count| Pipelined|
        +---------------------------------------------------+---------+---------+----------+-----------+-----------+------+----------+
        |- VITIS_LOOP_70_1_VITIS_LOOP_71_2_VITIS_LOOP_72_3  |     8197|     8197|         7|          1|          1|  8192|       yes|
        +---------------------------------------------------+---------+---------+----------+-----------+-----------+------+----------+

============================================================
+ Verbose Summary: Synthesis Manager
============================================================
InlineROM: 1
ExposeGlobal: 0
============================================================
+ Verbose Summary: CDFG Model
============================================================
IsTopModel: 0
ResetActiveHigh: 1
IsCombinational: 0
IsDatapathOnly: 0
HasWiredReturn: 1
HasMFsm: 2
HasVarLatency: 1
IsPipeline: 0
IsRtlPipelined: 0
IsInstanceOverlapped: 0
IsDontTouch: 0
HasImplIP: 0
IsGatedGlobalClock: 0

+ Individual pipeline summary: 
  * Pipeline-0: initiation interval (II) = 1, depth = 8


============================================================
+ Verbose Summary: Schedule
============================================================
* Number of FSM states : 8
* Pipeline : 1
  Pipeline-0 : II = 1, D = 8, States = { 1 2 3 4 5 6 7 8 }
* Dataflow Pipeline: 0

* FSM state transitions: 
1 --> 2 
2 --> 3 
3 --> 4 
4 --> 5 
5 --> 6 
6 --> 7 
7 --> 8 
8 --> 

* FSM state operations: 

State 1 <SV = 0> <Delay = 0.42>
ST_1 : Operation 10 [1/1] (0.00ns)   --->   "%tw = alloca i32 1"   --->   Operation 10 'alloca' 'tw' <Predicate = true> <Delay = 0.00>
ST_1 : Operation 11 [1/1] (0.00ns)   --->   "%th = alloca i32 1"   --->   Operation 11 'alloca' 'th' <Predicate = true> <Delay = 0.00>
ST_1 : Operation 12 [1/1] (0.00ns)   --->   "%indvar_flatten40 = alloca i32 1"   --->   Operation 12 'alloca' 'indvar_flatten40' <Predicate = true> <Delay = 0.00>
ST_1 : Operation 13 [1/1] (0.00ns)   --->   "%tn = alloca i32 1"   --->   Operation 13 'alloca' 'tn' <Predicate = true> <Delay = 0.00>
ST_1 : Operation 14 [1/1] (0.00ns)   --->   "%indvar_flatten65 = alloca i32 1"   --->   Operation 14 'alloca' 'indvar_flatten65' <Predicate = true> <Delay = 0.00>
ST_1 : Operation 15 [1/1] (0.00ns)   --->   "%specinterface_ln0 = specinterface void @_ssdm_op_SpecInterface, i32 %conv2_biases, void @empty_18, i32 0, i32 0, void @empty_19, i32 4294967295, i32 0, void @empty_19, void @empty_19, void @empty_19, i32 0, i32 0, i32 0, i32 0, void @empty_19, void @empty_19, i32 4294967295, i32 0"   --->   Operation 15 'specinterface' 'specinterface_ln0' <Predicate = true> <Delay = 0.00>
ST_1 : Operation 16 [1/1] (0.00ns)   --->   "%select_ln67_4_read = read i9 @_ssdm_op_Read.ap_auto.i9, i9 %select_ln67_4"   --->   Operation 16 'read' 'select_ln67_4_read' <Predicate = true> <Delay = 0.00>
ST_1 : Operation 17 [1/1] (0.00ns)   --->   "%zext_ln99_read = read i8 @_ssdm_op_Read.ap_auto.i8, i8 %zext_ln99"   --->   Operation 17 'read' 'zext_ln99_read' <Predicate = true> <Delay = 0.00>
ST_1 : Operation 18 [1/1] (0.00ns)   --->   "%trunc_ln67_mid2_read = read i5 @_ssdm_op_Read.ap_auto.i5, i5 %trunc_ln67_mid2"   --->   Operation 18 'read' 'trunc_ln67_mid2_read' <Predicate = true> <Delay = 0.00>
ST_1 : Operation 19 [1/1] (0.00ns)   --->   "%select_ln93_read = read i9 @_ssdm_op_Read.ap_auto.i9, i9 %select_ln93"   --->   Operation 19 'read' 'select_ln93_read' <Predicate = true> <Delay = 0.00>
ST_1 : Operation 20 [1/1] (0.00ns)   --->   "%select_ln67_5_read = read i8 @_ssdm_op_Read.ap_auto.i8, i8 %select_ln67_5"   --->   Operation 20 'read' 'select_ln67_5_read' <Predicate = true> <Delay = 0.00>
ST_1 : Operation 21 [1/1] (0.42ns)   --->   "%store_ln0 = store i14 0, i14 %indvar_flatten65"   --->   Operation 21 'store' 'store_ln0' <Predicate = true> <Delay = 0.42>
ST_1 : Operation 22 [1/1] (0.42ns)   --->   "%store_ln0 = store i4 0, i4 %tn"   --->   Operation 22 'store' 'store_ln0' <Predicate = true> <Delay = 0.42>
ST_1 : Operation 23 [1/1] (0.42ns)   --->   "%store_ln0 = store i12 0, i12 %indvar_flatten40"   --->   Operation 23 'store' 'store_ln0' <Predicate = true> <Delay = 0.42>
ST_1 : Operation 24 [1/1] (0.42ns)   --->   "%store_ln0 = store i6 0, i6 %th"   --->   Operation 24 'store' 'store_ln0' <Predicate = true> <Delay = 0.42>
ST_1 : Operation 25 [1/1] (0.42ns)   --->   "%store_ln0 = store i6 0, i6 %tw"   --->   Operation 25 'store' 'store_ln0' <Predicate = true> <Delay = 0.42>
ST_1 : Operation 26 [1/1] (0.00ns)   --->   "%br_ln0 = br void %for.body8.i36"   --->   Operation 26 'br' 'br_ln0' <Predicate = true> <Delay = 0.00>

State 2 <SV = 1> <Delay = 5.44>
ST_2 : Operation 27 [1/1] (0.00ns)   --->   "%th_3 = load i6 %th" [src/conv2.cpp:71->src/conv2.cpp:114]   --->   Operation 27 'load' 'th_3' <Predicate = true> <Delay = 0.00>
ST_2 : Operation 28 [1/1] (0.00ns)   --->   "%indvar_flatten40_load = load i12 %indvar_flatten40" [src/conv2.cpp:71->src/conv2.cpp:114]   --->   Operation 28 'load' 'indvar_flatten40_load' <Predicate = true> <Delay = 0.00>
ST_2 : Operation 29 [1/1] (0.00ns)   --->   "%indvar_flatten65_load = load i14 %indvar_flatten65" [src/conv2.cpp:70->src/conv2.cpp:114]   --->   Operation 29 'load' 'indvar_flatten65_load' <Predicate = true> <Delay = 0.00>
ST_2 : Operation 30 [1/1] (0.00ns)   --->   "%zext_ln71 = zext i6 %th_3" [src/conv2.cpp:71->src/conv2.cpp:114]   --->   Operation 30 'zext' 'zext_ln71' <Predicate = true> <Delay = 0.00>
ST_2 : Operation 31 [1/1] (0.00ns)   --->   "%zext_ln71_1 = zext i6 %th_3" [src/conv2.cpp:71->src/conv2.cpp:114]   --->   Operation 31 'zext' 'zext_ln71_1' <Predicate = true> <Delay = 0.00>
ST_2 : Operation 32 [1/1] (0.76ns)   --->   "%cmp10_i28 = icmp_ult  i8 %zext_ln71_1, i8 %select_ln67_5_read" [src/conv2.cpp:71->src/conv2.cpp:114]   --->   Operation 32 'icmp' 'cmp10_i28' <Predicate = true> <Delay = 0.76> <CoreInst = "Cmp">   --->   Core 9 'Cmp' <Latency = 0> <II = 1> <Delay = 0.76> <FuncUnit> <Opcode : 'icmp'> <InPorts = 2> <OutPorts = 1>
ST_2 : Operation 33 [1/1] (0.77ns)   --->   "%empty = add i9 %zext_ln71, i9 %select_ln93_read" [src/conv2.cpp:71->src/conv2.cpp:114]   --->   Operation 33 'add' 'empty' <Predicate = true> <Delay = 0.77> <CoreInst = "Adder">   --->   Core 1 'Adder' <Latency = 0> <II = 1> <Delay = 0.77> <FuncUnit> <Opcode : 'add' 'sub'> <InPorts = 2> <OutPorts = 1>
ST_2 : Operation 34 [1/1] (0.83ns)   --->   "%icmp_ln70 = icmp_eq  i14 %indvar_flatten65_load, i14 8192" [src/conv2.cpp:70->src/conv2.cpp:114]   --->   Operation 34 'icmp' 'icmp_ln70' <Predicate = true> <Delay = 0.83> <CoreInst = "Cmp">   --->   Core 9 'Cmp' <Latency = 0> <II = 1> <Delay = 0.83> <FuncUnit> <Opcode : 'icmp'> <InPorts = 2> <OutPorts = 1>
ST_2 : Operation 35 [1/1] (0.83ns)   --->   "%add_ln70_1 = add i14 %indvar_flatten65_load, i14 1" [src/conv2.cpp:70->src/conv2.cpp:114]   --->   Operation 35 'add' 'add_ln70_1' <Predicate = true> <Delay = 0.83> <CoreInst = "Adder">   --->   Core 1 'Adder' <Latency = 0> <II = 1> <Delay = 0.83> <FuncUnit> <Opcode : 'add' 'sub'> <InPorts = 2> <OutPorts = 1>
ST_2 : Operation 36 [1/1] (0.00ns)   --->   "%br_ln70 = br i1 %icmp_ln70, void %for.inc32.i, void %_ZL17store_out_tile_c2PA32_A32_fPA255_A255_fiiiiiiPf.exit.exitStub" [src/conv2.cpp:70->src/conv2.cpp:114]   --->   Operation 36 'br' 'br_ln70' <Predicate = true> <Delay = 0.00>
ST_2 : Operation 37 [1/1] (0.00ns)   --->   "%tw_load = load i6 %tw" [src/conv2.cpp:72->src/conv2.cpp:114]   --->   Operation 37 'load' 'tw_load' <Predicate = (!icmp_ln70)> <Delay = 0.00>
ST_2 : Operation 38 [1/1] (0.00ns)   --->   "%tn_load = load i4 %tn" [src/conv2.cpp:70->src/conv2.cpp:114]   --->   Operation 38 'load' 'tn_load' <Predicate = (!icmp_ln70)> <Delay = 0.00>
ST_2 : Operation 39 [1/1] (0.79ns)   --->   "%add_ln70 = add i4 %tn_load, i4 1" [src/conv2.cpp:70->src/conv2.cpp:114]   --->   Operation 39 'add' 'add_ln70' <Predicate = (!icmp_ln70)> <Delay = 0.79> <CoreInst = "Adder">   --->   Core 1 'Adder' <Latency = 0> <II = 1> <Delay = 0.79> <FuncUnit> <Opcode : 'add' 'sub'> <InPorts = 2> <OutPorts = 1>
ST_2 : Operation 40 [1/1] (0.80ns)   --->   "%icmp_ln71 = icmp_eq  i12 %indvar_flatten40_load, i12 1024" [src/conv2.cpp:71->src/conv2.cpp:114]   --->   Operation 40 'icmp' 'icmp_ln71' <Predicate = (!icmp_ln70)> <Delay = 0.80> <CoreInst = "Cmp">   --->   Core 9 'Cmp' <Latency = 0> <II = 1> <Delay = 0.80> <FuncUnit> <Opcode : 'icmp'> <InPorts = 2> <OutPorts = 1>
ST_2 : Operation 41 [1/1] (0.38ns)   --->   "%select_ln70 = select i1 %icmp_ln71, i6 0, i6 %th_3" [src/conv2.cpp:70->src/conv2.cpp:114]   --->   Operation 41 'select' 'select_ln70' <Predicate = (!icmp_ln70)> <Delay = 0.38> <CoreInst = "Sel">   --->   Core 73 'Sel' <Latency = 0> <II = 1> <Delay = 0.38> <FuncUnit> <Opcode : 'select'> <InPorts = 3> <OutPorts = 1>
ST_2 : Operation 42 [1/1] (0.39ns)   --->   "%select_ln70_1 = select i1 %icmp_ln71, i4 %add_ln70, i4 %tn_load" [src/conv2.cpp:70->src/conv2.cpp:114]   --->   Operation 42 'select' 'select_ln70_1' <Predicate = (!icmp_ln70)> <Delay = 0.39> <CoreInst = "Sel">   --->   Core 73 'Sel' <Latency = 0> <II = 1> <Delay = 0.39> <FuncUnit> <Opcode : 'select'> <InPorts = 3> <OutPorts = 1>
ST_2 : Operation 43 [1/1] (0.00ns)   --->   "%trunc_ln75 = trunc i4 %select_ln70_1" [src/conv2.cpp:75->src/conv2.cpp:114]   --->   Operation 43 'trunc' 'trunc_ln75' <Predicate = (!icmp_ln70)> <Delay = 0.00>
ST_2 : Operation 44 [1/1] (0.00ns)   --->   "%tmp_24_cast = bitconcatenate i8 @_ssdm_op_BitConcatenate.i8.i3.i5, i3 %trunc_ln75, i5 0" [src/conv2.cpp:75->src/conv2.cpp:114]   --->   Operation 44 'bitconcatenate' 'tmp_24_cast' <Predicate = (!icmp_ln70)> <Delay = 0.00>
ST_2 : Operation 45 [1/1] (0.00ns)   --->   "%zext_ln70 = zext i4 %select_ln70_1" [src/conv2.cpp:70->src/conv2.cpp:114]   --->   Operation 45 'zext' 'zext_ln70' <Predicate = (!icmp_ln70)> <Delay = 0.00>
ST_2 : Operation 46 [1/1] (0.78ns)   --->   "%add_ln70_2 = add i5 %zext_ln70, i5 %trunc_ln67_mid2_read" [src/conv2.cpp:70->src/conv2.cpp:114]   --->   Operation 46 'add' 'add_ln70_2' <Predicate = (!icmp_ln70)> <Delay = 0.78> <CoreInst = "Adder">   --->   Core 1 'Adder' <Latency = 0> <II = 1> <Delay = 0.78> <FuncUnit> <Opcode : 'add' 'sub'> <InPorts = 2> <OutPorts = 1>
ST_2 : Operation 47 [1/1] (0.00ns)   --->   "%zext_ln70_1 = zext i5 %add_ln70_2" [src/conv2.cpp:70->src/conv2.cpp:114]   --->   Operation 47 'zext' 'zext_ln70_1' <Predicate = (!icmp_ln70)> <Delay = 0.00>
ST_2 : Operation 48 [1/1] (0.00ns)   --->   "%zext_ln75 = zext i5 %add_ln70_2" [src/conv2.cpp:75->src/conv2.cpp:114]   --->   Operation 48 'zext' 'zext_ln75' <Predicate = (!icmp_ln70)> <Delay = 0.00>
ST_2 : Operation 49 [1/1] (0.00ns)   --->   "%tmp_s = bitconcatenate i13 @_ssdm_op_BitConcatenate.i13.i5.i8, i5 %add_ln70_2, i8 0" [src/conv2.cpp:75->src/conv2.cpp:114]   --->   Operation 49 'bitconcatenate' 'tmp_s' <Predicate = (!icmp_ln70)> <Delay = 0.00>
ST_2 : Operation 50 [1/1] (0.00ns)   --->   "%zext_ln75_1 = zext i13 %tmp_s" [src/conv2.cpp:75->src/conv2.cpp:114]   --->   Operation 50 'zext' 'zext_ln75_1' <Predicate = (!icmp_ln70)> <Delay = 0.00>
ST_2 : Operation 51 [1/1] (0.82ns)   --->   "%sub_ln75 = sub i14 %zext_ln75_1, i14 %zext_ln75" [src/conv2.cpp:75->src/conv2.cpp:114]   --->   Operation 51 'sub' 'sub_ln75' <Predicate = (!icmp_ln70)> <Delay = 0.82> <CoreInst = "Adder">   --->   Core 1 'Adder' <Latency = 0> <II = 1> <Delay = 0.82> <FuncUnit> <Opcode : 'add' 'sub'> <InPorts = 2> <OutPorts = 1>
ST_2 : Operation 52 [1/1] (0.00ns) (grouped into LUT with out node add_ln75_2)   --->   "%sext_ln75 = sext i14 %sub_ln75" [src/conv2.cpp:75->src/conv2.cpp:114]   --->   Operation 52 'sext' 'sext_ln75' <Predicate = (!icmp_ln70)> <Delay = 0.00>
ST_2 : Operation 53 [1/1] (0.00ns)   --->   "%conv2_biases_addr = getelementptr i32 %conv2_biases, i64 0, i64 %zext_ln70_1" [src/conv2.cpp:75->src/conv2.cpp:114]   --->   Operation 53 'getelementptr' 'conv2_biases_addr' <Predicate = (!icmp_ln70)> <Delay = 0.00>
ST_2 : Operation 54 [2/2] (1.23ns)   --->   "%conv2_biases_load = load i5 %conv2_biases_addr" [src/conv2.cpp:70->src/conv2.cpp:114]   --->   Operation 54 'load' 'conv2_biases_load' <Predicate = (!icmp_ln70)> <Delay = 1.23> <CoreInst = "RAM">   --->   Core 83 'RAM' <Latency = 1> <II = 1> <Delay = 1.23> <Storage> <Opcode : 'load' 'store'> <Ports = 2> <Width = 32> <Depth = 32> <RAM>
ST_2 : Operation 55 [1/1] (0.76ns)   --->   "%cmp10_i28_mid157 = icmp_ne  i8 %select_ln67_5_read, i8 0"   --->   Operation 55 'icmp' 'cmp10_i28_mid157' <Predicate = (!icmp_ln70)> <Delay = 0.76> <CoreInst = "Cmp">   --->   Core 9 'Cmp' <Latency = 0> <II = 1> <Delay = 0.76> <FuncUnit> <Opcode : 'icmp'> <InPorts = 2> <OutPorts = 1>
ST_2 : Operation 56 [1/1] (0.00ns) (grouped into LUT with out node and_ln74)   --->   "%select_ln70_2 = select i1 %icmp_ln71, i1 %cmp10_i28_mid157, i1 %cmp10_i28" [src/conv2.cpp:70->src/conv2.cpp:114]   --->   Operation 56 'select' 'select_ln70_2' <Predicate = (!icmp_ln70)> <Delay = 0.00> <CoreInst = "Sel">   --->   Core 73 'Sel' <Latency = 0> <II = 1> <Delay = 0.17> <FuncUnit> <Opcode : 'select'> <InPorts = 3> <OutPorts = 1>
ST_2 : Operation 57 [1/1] (0.00ns) (grouped into LUT with out node add_ln75_2)   --->   "%select_ln70_3 = select i1 %icmp_ln71, i9 %select_ln93_read, i9 %empty" [src/conv2.cpp:70->src/conv2.cpp:114]   --->   Operation 57 'select' 'select_ln70_3' <Predicate = (!icmp_ln70)> <Delay = 0.00> <CoreInst = "Sel">   --->   Core 73 'Sel' <Latency = 0> <II = 1> <Delay = 0.39> <FuncUnit> <Opcode : 'select'> <InPorts = 3> <OutPorts = 1>
ST_2 : Operation 58 [1/1] (0.00ns) (grouped into LUT with out node and_ln70)   --->   "%xor_ln70 = xor i1 %icmp_ln71, i1 1" [src/conv2.cpp:70->src/conv2.cpp:114]   --->   Operation 58 'xor' 'xor_ln70' <Predicate = (!icmp_ln70)> <Delay = 0.00> <CoreInst = "LogicGate">   --->   Core 74 'LogicGate' <Latency = 0> <II = 1> <Delay = 0.28> <FuncUnit> <Opcode : 'and' 'or' 'xor'> <InPorts = 2> <OutPorts = 1>
ST_2 : Operation 59 [1/1] (0.78ns)   --->   "%icmp_ln72 = icmp_eq  i6 %tw_load, i6 32" [src/conv2.cpp:72->src/conv2.cpp:114]   --->   Operation 59 'icmp' 'icmp_ln72' <Predicate = (!icmp_ln70)> <Delay = 0.78> <CoreInst = "Cmp">   --->   Core 9 'Cmp' <Latency = 0> <II = 1> <Delay = 0.78> <FuncUnit> <Opcode : 'icmp'> <InPorts = 2> <OutPorts = 1>
ST_2 : Operation 60 [1/1] (0.28ns) (out node of the LUT)   --->   "%and_ln70 = and i1 %icmp_ln72, i1 %xor_ln70" [src/conv2.cpp:70->src/conv2.cpp:114]   --->   Operation 60 'and' 'and_ln70' <Predicate = (!icmp_ln70)> <Delay = 0.28> <CoreInst = "LogicGate">   --->   Core 74 'LogicGate' <Latency = 0> <II = 1> <Delay = 0.28> <FuncUnit> <Opcode : 'and' 'or' 'xor'> <InPorts = 2> <OutPorts = 1>
ST_2 : Operation 61 [1/1] (0.78ns)   --->   "%add_ln71 = add i6 %select_ln70, i6 1" [src/conv2.cpp:71->src/conv2.cpp:114]   --->   Operation 61 'add' 'add_ln71' <Predicate = (!icmp_ln70)> <Delay = 0.78> <CoreInst = "Adder">   --->   Core 1 'Adder' <Latency = 0> <II = 1> <Delay = 0.78> <FuncUnit> <Opcode : 'add' 'sub'> <InPorts = 2> <OutPorts = 1>
ST_2 : Operation 62 [1/1] (0.00ns) (grouped into LUT with out node select_ln71)   --->   "%or_ln71 = or i1 %and_ln70, i1 %icmp_ln71" [src/conv2.cpp:71->src/conv2.cpp:114]   --->   Operation 62 'or' 'or_ln71' <Predicate = (!icmp_ln70)> <Delay = 0.00> <CoreInst = "LogicGate">   --->   Core 74 'LogicGate' <Latency = 0> <II = 1> <Delay = 0.28> <FuncUnit> <Opcode : 'and' 'or' 'xor'> <InPorts = 2> <OutPorts = 1>
ST_2 : Operation 63 [1/1] (0.38ns) (out node of the LUT)   --->   "%select_ln71 = select i1 %or_ln71, i6 0, i6 %tw_load" [src/conv2.cpp:71->src/conv2.cpp:114]   --->   Operation 63 'select' 'select_ln71' <Predicate = (!icmp_ln70)> <Delay = 0.38> <CoreInst = "Sel">   --->   Core 73 'Sel' <Latency = 0> <II = 1> <Delay = 0.38> <FuncUnit> <Opcode : 'select'> <InPorts = 3> <OutPorts = 1>
ST_2 : Operation 64 [1/1] (0.38ns)   --->   "%select_ln71_1 = select i1 %and_ln70, i6 %add_ln71, i6 %select_ln70" [src/conv2.cpp:71->src/conv2.cpp:114]   --->   Operation 64 'select' 'select_ln71_1' <Predicate = (!icmp_ln70)> <Delay = 0.38> <CoreInst = "Sel">   --->   Core 73 'Sel' <Latency = 0> <II = 1> <Delay = 0.38> <FuncUnit> <Opcode : 'select'> <InPorts = 3> <OutPorts = 1>
ST_2 : Operation 65 [1/1] (0.00ns)   --->   "%zext_ln75_2 = zext i6 %select_ln71_1" [src/conv2.cpp:75->src/conv2.cpp:114]   --->   Operation 65 'zext' 'zext_ln75_2' <Predicate = (!icmp_ln70)> <Delay = 0.00>
ST_2 : Operation 66 [1/1] (0.76ns)   --->   "%add_ln75_1 = add i8 %tmp_24_cast, i8 %zext_ln75_2" [src/conv2.cpp:75->src/conv2.cpp:114]   --->   Operation 66 'add' 'add_ln75_1' <Predicate = (!icmp_ln70)> <Delay = 0.76> <CoreInst = "Adder">   --->   Core 1 'Adder' <Latency = 0> <II = 1> <Delay = 0.76> <FuncUnit> <Opcode : 'add' 'sub'> <InPorts = 2> <OutPorts = 1>
ST_2 : Operation 67 [1/1] (0.00ns)   --->   "%tmp_3 = bitconcatenate i13 @_ssdm_op_BitConcatenate.i13.i8.i5, i8 %add_ln75_1, i5 0" [src/conv2.cpp:75->src/conv2.cpp:114]   --->   Operation 67 'bitconcatenate' 'tmp_3' <Predicate = (!icmp_ln70)> <Delay = 0.00>
ST_2 : Operation 68 [1/1] (0.00ns)   --->   "%zext_ln71_2 = zext i6 %add_ln71" [src/conv2.cpp:71->src/conv2.cpp:114]   --->   Operation 68 'zext' 'zext_ln71_2' <Predicate = (!icmp_ln70)> <Delay = 0.00>
ST_2 : Operation 69 [1/1] (0.00ns)   --->   "%add_ln71_cast = zext i6 %add_ln71" [src/conv2.cpp:71->src/conv2.cpp:114]   --->   Operation 69 'zext' 'add_ln71_cast' <Predicate = (!icmp_ln70)> <Delay = 0.00>
ST_2 : Operation 70 [1/1] (0.76ns)   --->   "%cmp10_i28_mid1 = icmp_ult  i8 %add_ln71_cast, i8 %select_ln67_5_read" [src/conv2.cpp:71->src/conv2.cpp:114]   --->   Operation 70 'icmp' 'cmp10_i28_mid1' <Predicate = (!icmp_ln70)> <Delay = 0.76> <CoreInst = "Cmp">   --->   Core 9 'Cmp' <Latency = 0> <II = 1> <Delay = 0.76> <FuncUnit> <Opcode : 'icmp'> <InPorts = 2> <OutPorts = 1>
ST_2 : Operation 71 [1/1] (0.00ns) (grouped into LUT with out node and_ln74)   --->   "%select_ln71_2 = select i1 %and_ln70, i1 %cmp10_i28_mid1, i1 %select_ln70_2" [src/conv2.cpp:71->src/conv2.cpp:114]   --->   Operation 71 'select' 'select_ln71_2' <Predicate = (!icmp_ln70)> <Delay = 0.00> <CoreInst = "Sel">   --->   Core 73 'Sel' <Latency = 0> <II = 1> <Delay = 0.17> <FuncUnit> <Opcode : 'select'> <InPorts = 3> <OutPorts = 1>
ST_2 : Operation 72 [1/1] (0.77ns)   --->   "%p_mid138 = add i9 %zext_ln71_2, i9 %select_ln93_read" [src/conv2.cpp:71->src/conv2.cpp:114]   --->   Operation 72 'add' 'p_mid138' <Predicate = (!icmp_ln70)> <Delay = 0.77> <CoreInst = "Adder">   --->   Core 1 'Adder' <Latency = 0> <II = 1> <Delay = 0.77> <FuncUnit> <Opcode : 'add' 'sub'> <InPorts = 2> <OutPorts = 1>
ST_2 : Operation 73 [1/1] (0.00ns) (grouped into LUT with out node add_ln75_2)   --->   "%select_ln71_3 = select i1 %and_ln70, i9 %p_mid138, i9 %select_ln70_3" [src/conv2.cpp:71->src/conv2.cpp:114]   --->   Operation 73 'select' 'select_ln71_3' <Predicate = (!icmp_ln70)> <Delay = 0.00> <CoreInst = "Sel">   --->   Core 73 'Sel' <Latency = 0> <II = 1> <Delay = 0.39> <FuncUnit> <Opcode : 'select'> <InPorts = 3> <OutPorts = 1>
ST_2 : Operation 74 [1/1] (0.00ns) (grouped into LUT with out node add_ln75_2)   --->   "%zext_ln75_3 = zext i9 %select_ln71_3" [src/conv2.cpp:75->src/conv2.cpp:114]   --->   Operation 74 'zext' 'zext_ln75_3' <Predicate = (!icmp_ln70)> <Delay = 0.00>
ST_2 : Operation 75 [1/1] (0.83ns) (out node of the LUT)   --->   "%add_ln75_2 = add i15 %sext_ln75, i15 %zext_ln75_3" [src/conv2.cpp:75->src/conv2.cpp:114]   --->   Operation 75 'add' 'add_ln75_2' <Predicate = (!icmp_ln70)> <Delay = 0.83> <CoreInst = "Adder">   --->   Core 1 'Adder' <Latency = 0> <II = 1> <Delay = 0.83> <FuncUnit> <Opcode : 'add' 'sub'> <InPorts = 2> <OutPorts = 1>
ST_2 : Operation 76 [1/1] (0.00ns)   --->   "%sext_ln75_1 = sext i15 %add_ln75_2" [src/conv2.cpp:75->src/conv2.cpp:114]   --->   Operation 76 'sext' 'sext_ln75_1' <Predicate = (!icmp_ln70)> <Delay = 0.00>
ST_2 : Operation 77 [1/1] (0.00ns)   --->   "%trunc_ln75_1 = trunc i15 %add_ln75_2" [src/conv2.cpp:75->src/conv2.cpp:114]   --->   Operation 77 'trunc' 'trunc_ln75_1' <Predicate = (!icmp_ln70)> <Delay = 0.00>
ST_2 : Operation 78 [1/1] (0.00ns)   --->   "%p_shl2 = bitconcatenate i21 @_ssdm_op_BitConcatenate.i21.i13.i8, i13 %trunc_ln75_1, i8 0" [src/conv2.cpp:75->src/conv2.cpp:114]   --->   Operation 78 'bitconcatenate' 'p_shl2' <Predicate = (!icmp_ln70)> <Delay = 0.00>
ST_2 : Operation 79 [1/1] (0.90ns)   --->   "%sub_ln75_1 = sub i21 %p_shl2, i21 %sext_ln75_1" [src/conv2.cpp:75->src/conv2.cpp:114]   --->   Operation 79 'sub' 'sub_ln75_1' <Predicate = (!icmp_ln70)> <Delay = 0.90> <CoreInst = "Adder">   --->   Core 1 'Adder' <Latency = 0> <II = 1> <Delay = 0.90> <FuncUnit> <Opcode : 'add' 'sub'> <InPorts = 2> <OutPorts = 1>
ST_2 : Operation 80 [1/1] (0.00ns)   --->   "%zext_ln75_4 = zext i6 %select_ln71" [src/conv2.cpp:75->src/conv2.cpp:114]   --->   Operation 80 'zext' 'zext_ln75_4' <Predicate = (!icmp_ln70)> <Delay = 0.00>
ST_2 : Operation 81 [1/1] (0.82ns)   --->   "%add_ln75_3 = add i13 %tmp_3, i13 %zext_ln75_4" [src/conv2.cpp:75->src/conv2.cpp:114]   --->   Operation 81 'add' 'add_ln75_3' <Predicate = (!icmp_ln70)> <Delay = 0.82> <CoreInst = "Adder">   --->   Core 1 'Adder' <Latency = 0> <II = 1> <Delay = 0.82> <FuncUnit> <Opcode : 'add' 'sub'> <InPorts = 2> <OutPorts = 1>
ST_2 : Operation 82 [1/1] (0.00ns)   --->   "%zext_ln75_5 = zext i13 %add_ln75_3" [src/conv2.cpp:75->src/conv2.cpp:114]   --->   Operation 82 'zext' 'zext_ln75_5' <Predicate = (!icmp_ln70)> <Delay = 0.00>
ST_2 : Operation 83 [1/1] (0.00ns)   --->   "%out_tile_1_addr = getelementptr i32 %out_tile_1, i64 0, i64 %zext_ln75_5" [src/conv2.cpp:75->src/conv2.cpp:114]   --->   Operation 83 'getelementptr' 'out_tile_1_addr' <Predicate = (!icmp_ln70)> <Delay = 0.00>
ST_2 : Operation 84 [1/1] (0.00ns)   --->   "%zext_ln72 = zext i6 %select_ln71" [src/conv2.cpp:72->src/conv2.cpp:114]   --->   Operation 84 'zext' 'zext_ln72' <Predicate = (!icmp_ln70)> <Delay = 0.00>
ST_2 : Operation 85 [1/1] (0.00ns)   --->   "%zext_ln73 = zext i6 %select_ln71" [src/conv2.cpp:73->src/conv2.cpp:114]   --->   Operation 85 'zext' 'zext_ln73' <Predicate = (!icmp_ln70)> <Delay = 0.00>
ST_2 : Operation 86 [1/1] (0.76ns)   --->   "%icmp_ln74 = icmp_ult  i8 %zext_ln73, i8 %zext_ln99_read" [src/conv2.cpp:74->src/conv2.cpp:114]   --->   Operation 86 'icmp' 'icmp_ln74' <Predicate = (!icmp_ln70)> <Delay = 0.76> <CoreInst = "Cmp">   --->   Core 9 'Cmp' <Latency = 0> <II = 1> <Delay = 0.76> <FuncUnit> <Opcode : 'icmp'> <InPorts = 2> <OutPorts = 1>
ST_2 : Operation 87 [1/1] (0.28ns) (out node of the LUT)   --->   "%and_ln74 = and i1 %icmp_ln74, i1 %select_ln71_2" [src/conv2.cpp:74->src/conv2.cpp:114]   --->   Operation 87 'and' 'and_ln74' <Predicate = (!icmp_ln70)> <Delay = 0.28> <CoreInst = "LogicGate">   --->   Core 74 'LogicGate' <Latency = 0> <II = 1> <Delay = 0.28> <FuncUnit> <Opcode : 'and' 'or' 'xor'> <InPorts = 2> <OutPorts = 1>
ST_2 : Operation 88 [1/1] (0.00ns)   --->   "%br_ln74 = br i1 %and_ln74, void %for.inc.i41, void %if.then.i38" [src/conv2.cpp:74->src/conv2.cpp:114]   --->   Operation 88 'br' 'br_ln74' <Predicate = (!icmp_ln70)> <Delay = 0.00>
ST_2 : Operation 89 [2/2] (1.23ns)   --->   "%out_tile_1_load = load i13 %out_tile_1_addr" [src/conv2.cpp:75->src/conv2.cpp:114]   --->   Operation 89 'load' 'out_tile_1_load' <Predicate = (!icmp_ln70 & and_ln74)> <Delay = 1.23> <CoreInst = "RAM">   --->   Core 83 'RAM' <Latency = 1> <II = 1> <Delay = 1.23> <Storage> <Opcode : 'load' 'store'> <Ports = 2> <Width = 32> <Depth = 8192> <RAM>
ST_2 : Operation 90 [1/1] (0.77ns)   --->   "%add_ln75 = add i9 %zext_ln72, i9 %select_ln67_4_read" [src/conv2.cpp:75->src/conv2.cpp:114]   --->   Operation 90 'add' 'add_ln75' <Predicate = (!icmp_ln70 & and_ln74)> <Delay = 0.77> <CoreInst = "Adder">   --->   Core 1 'Adder' <Latency = 0> <II = 1> <Delay = 0.77> <FuncUnit> <Opcode : 'add' 'sub'> <InPorts = 2> <OutPorts = 1>
ST_2 : Operation 91 [1/1] (0.00ns)   --->   "%zext_ln75_6 = zext i9 %add_ln75" [src/conv2.cpp:75->src/conv2.cpp:114]   --->   Operation 91 'zext' 'zext_ln75_6' <Predicate = (!icmp_ln70 & and_ln74)> <Delay = 0.00>
ST_2 : Operation 92 [1/1] (0.90ns)   --->   "%add_ln75_4 = add i21 %sub_ln75_1, i21 %zext_ln75_6" [src/conv2.cpp:75->src/conv2.cpp:114]   --->   Operation 92 'add' 'add_ln75_4' <Predicate = (!icmp_ln70 & and_ln74)> <Delay = 0.90> <CoreInst = "Adder">   --->   Core 1 'Adder' <Latency = 0> <II = 1> <Delay = 0.90> <FuncUnit> <Opcode : 'add' 'sub'> <InPorts = 2> <OutPorts = 1>
ST_2 : Operation 93 [1/1] (0.78ns)   --->   "%add_ln72 = add i6 %select_ln71, i6 1" [src/conv2.cpp:72->src/conv2.cpp:114]   --->   Operation 93 'add' 'add_ln72' <Predicate = (!icmp_ln70)> <Delay = 0.78> <CoreInst = "Adder">   --->   Core 1 'Adder' <Latency = 0> <II = 1> <Delay = 0.78> <FuncUnit> <Opcode : 'add' 'sub'> <InPorts = 2> <OutPorts = 1>
ST_2 : Operation 94 [1/1] (0.80ns)   --->   "%add_ln71_1 = add i12 %indvar_flatten40_load, i12 1" [src/conv2.cpp:71->src/conv2.cpp:114]   --->   Operation 94 'add' 'add_ln71_1' <Predicate = (!icmp_ln70)> <Delay = 0.80> <CoreInst = "Adder">   --->   Core 1 'Adder' <Latency = 0> <II = 1> <Delay = 0.80> <FuncUnit> <Opcode : 'add' 'sub'> <InPorts = 2> <OutPorts = 1>
ST_2 : Operation 95 [1/1] (0.37ns)   --->   "%select_ln71_4 = select i1 %icmp_ln71, i12 1, i12 %add_ln71_1" [src/conv2.cpp:71->src/conv2.cpp:114]   --->   Operation 95 'select' 'select_ln71_4' <Predicate = (!icmp_ln70)> <Delay = 0.37> <CoreInst = "Sel">   --->   Core 73 'Sel' <Latency = 0> <II = 1> <Delay = 0.37> <FuncUnit> <Opcode : 'select'> <InPorts = 3> <OutPorts = 1>
ST_2 : Operation 96 [1/1] (0.42ns)   --->   "%store_ln72 = store i14 %add_ln70_1, i14 %indvar_flatten65" [src/conv2.cpp:72->src/conv2.cpp:114]   --->   Operation 96 'store' 'store_ln72' <Predicate = (!icmp_ln70)> <Delay = 0.42>
ST_2 : Operation 97 [1/1] (0.42ns)   --->   "%store_ln72 = store i4 %select_ln70_1, i4 %tn" [src/conv2.cpp:72->src/conv2.cpp:114]   --->   Operation 97 'store' 'store_ln72' <Predicate = (!icmp_ln70)> <Delay = 0.42>
ST_2 : Operation 98 [1/1] (0.42ns)   --->   "%store_ln72 = store i12 %select_ln71_4, i12 %indvar_flatten40" [src/conv2.cpp:72->src/conv2.cpp:114]   --->   Operation 98 'store' 'store_ln72' <Predicate = (!icmp_ln70)> <Delay = 0.42>
ST_2 : Operation 99 [1/1] (0.42ns)   --->   "%store_ln72 = store i6 %select_ln71_1, i6 %th" [src/conv2.cpp:72->src/conv2.cpp:114]   --->   Operation 99 'store' 'store_ln72' <Predicate = (!icmp_ln70)> <Delay = 0.42>
ST_2 : Operation 100 [1/1] (0.42ns)   --->   "%store_ln72 = store i6 %add_ln72, i6 %tw" [src/conv2.cpp:72->src/conv2.cpp:114]   --->   Operation 100 'store' 'store_ln72' <Predicate = (!icmp_ln70)> <Delay = 0.42>
ST_2 : Operation 101 [1/1] (0.00ns)   --->   "%br_ln72 = br void %for.body8.i36" [src/conv2.cpp:72->src/conv2.cpp:114]   --->   Operation 101 'br' 'br_ln72' <Predicate = (!icmp_ln70)> <Delay = 0.00>

State 3 <SV = 2> <Delay = 1.23>
ST_3 : Operation 102 [1/1] (0.00ns)   --->   "%specloopname_ln0 = specloopname void @_ssdm_op_SpecLoopName, void @VITIS_LOOP_70_1_VITIS_LOOP_71_2_VITIS_LOOP_72_3_str"   --->   Operation 102 'specloopname' 'specloopname_ln0' <Predicate = true> <Delay = 0.00>
ST_3 : Operation 103 [1/1] (0.00ns)   --->   "%speclooptripcount_ln0 = speclooptripcount void @_ssdm_op_SpecLoopTripCount, i64 8192, i64 8192, i64 8192"   --->   Operation 103 'speclooptripcount' 'speclooptripcount_ln0' <Predicate = true> <Delay = 0.00>
ST_3 : Operation 104 [1/2] (1.23ns)   --->   "%conv2_biases_load = load i5 %conv2_biases_addr" [src/conv2.cpp:70->src/conv2.cpp:114]   --->   Operation 104 'load' 'conv2_biases_load' <Predicate = true> <Delay = 1.23> <CoreInst = "RAM">   --->   Core 83 'RAM' <Latency = 1> <II = 1> <Delay = 1.23> <Storage> <Opcode : 'load' 'store'> <Ports = 2> <Width = 32> <Depth = 32> <RAM>
ST_3 : Operation 105 [1/1] (0.00ns)   --->   "%bitcast_ln70 = bitcast i32 %conv2_biases_load" [src/conv2.cpp:70->src/conv2.cpp:114]   --->   Operation 105 'bitcast' 'bitcast_ln70' <Predicate = true> <Delay = 0.00>
ST_3 : Operation 106 [1/1] (0.00ns)   --->   "%specloopname_ln0 = specloopname void @_ssdm_op_SpecLoopName, void @VITIS_LOOP_71_2_VITIS_LOOP_72_3_str"   --->   Operation 106 'specloopname' 'specloopname_ln0' <Predicate = true> <Delay = 0.00>
ST_3 : Operation 107 [1/1] (0.00ns)   --->   "%specpipeline_ln73 = specpipeline void @_ssdm_op_SpecPipeline, i32 1, i32 0, i32 0, i32 0, void @empty_19" [src/conv2.cpp:73->src/conv2.cpp:114]   --->   Operation 107 'specpipeline' 'specpipeline_ln73' <Predicate = true> <Delay = 0.00>
ST_3 : Operation 108 [1/1] (0.00ns)   --->   "%specloopname_ln72 = specloopname void @_ssdm_op_SpecLoopName, void @empty_6" [src/conv2.cpp:72->src/conv2.cpp:114]   --->   Operation 108 'specloopname' 'specloopname_ln72' <Predicate = true> <Delay = 0.00>
ST_3 : Operation 109 [1/2] (1.23ns)   --->   "%out_tile_1_load = load i13 %out_tile_1_addr" [src/conv2.cpp:75->src/conv2.cpp:114]   --->   Operation 109 'load' 'out_tile_1_load' <Predicate = (and_ln74)> <Delay = 1.23> <CoreInst = "RAM">   --->   Core 83 'RAM' <Latency = 1> <II = 1> <Delay = 1.23> <Storage> <Opcode : 'load' 'store'> <Ports = 2> <Width = 32> <Depth = 8192> <RAM>

State 4 <SV = 3> <Delay = 6.43>
ST_4 : [1/1] (1.18ns)   --->   Input mux for Operation 110 '%add19_i = fadd i32 %out_tile_1_load, i32 %bitcast_ln70'
ST_4 : Operation 110 [4/4] (5.25ns)   --->   "%add19_i = fadd i32 %out_tile_1_load, i32 %bitcast_ln70" [src/conv2.cpp:75->src/conv2.cpp:114]   --->   Operation 110 'fadd' 'add19_i' <Predicate = (and_ln74)> <Delay = 5.25> <CoreInst = "FAddSub_fulldsp">   --->   Core 18 'FAddSub_fulldsp' <Latency = 3> <II = 1> <Delay = 6.43> <FuncUnit> <Opcode : 'fadd' 'fsub'> <InPorts = 2> <OutPorts = 1>

State 5 <SV = 4> <Delay = 6.43>
ST_5 : Operation 111 [3/4] (6.43ns)   --->   "%add19_i = fadd i32 %out_tile_1_load, i32 %bitcast_ln70" [src/conv2.cpp:75->src/conv2.cpp:114]   --->   Operation 111 'fadd' 'add19_i' <Predicate = (and_ln74)> <Delay = 6.43> <CoreInst = "FAddSub_fulldsp">   --->   Core 18 'FAddSub_fulldsp' <Latency = 3> <II = 1> <Delay = 6.43> <FuncUnit> <Opcode : 'fadd' 'fsub'> <InPorts = 2> <OutPorts = 1>

State 6 <SV = 5> <Delay = 6.43>
ST_6 : Operation 112 [2/4] (6.43ns)   --->   "%add19_i = fadd i32 %out_tile_1_load, i32 %bitcast_ln70" [src/conv2.cpp:75->src/conv2.cpp:114]   --->   Operation 112 'fadd' 'add19_i' <Predicate = (and_ln74)> <Delay = 6.43> <CoreInst = "FAddSub_fulldsp">   --->   Core 18 'FAddSub_fulldsp' <Latency = 3> <II = 1> <Delay = 6.43> <FuncUnit> <Opcode : 'fadd' 'fsub'> <InPorts = 2> <OutPorts = 1>

State 7 <SV = 6> <Delay = 6.43>
ST_7 : Operation 113 [1/4] (6.43ns)   --->   "%add19_i = fadd i32 %out_tile_1_load, i32 %bitcast_ln70" [src/conv2.cpp:75->src/conv2.cpp:114]   --->   Operation 113 'fadd' 'add19_i' <Predicate = (and_ln74)> <Delay = 6.43> <CoreInst = "FAddSub_fulldsp">   --->   Core 18 'FAddSub_fulldsp' <Latency = 3> <II = 1> <Delay = 6.43> <FuncUnit> <Opcode : 'fadd' 'fsub'> <InPorts = 2> <OutPorts = 1>
ST_7 : Operation 118 [1/1] (0.00ns)   --->   "%ret_ln0 = ret"   --->   Operation 118 'ret' 'ret_ln0' <Predicate = (icmp_ln70)> <Delay = 0.00>

State 8 <SV = 7> <Delay = 1.23>
ST_8 : Operation 114 [1/1] (0.00ns)   --->   "%zext_ln75_7 = zext i21 %add_ln75_4" [src/conv2.cpp:75->src/conv2.cpp:114]   --->   Operation 114 'zext' 'zext_ln75_7' <Predicate = (and_ln74)> <Delay = 0.00>
ST_8 : Operation 115 [1/1] (0.00ns)   --->   "%feat2_addr = getelementptr i32 %feat2, i64 0, i64 %zext_ln75_7" [src/conv2.cpp:75->src/conv2.cpp:114]   --->   Operation 115 'getelementptr' 'feat2_addr' <Predicate = (and_ln74)> <Delay = 0.00>
ST_8 : Operation 116 [1/1] (1.23ns)   --->   "%store_ln75 = store i32 %add19_i, i21 %feat2_addr" [src/conv2.cpp:75->src/conv2.cpp:114]   --->   Operation 116 'store' 'store_ln75' <Predicate = (and_ln74)> <Delay = 1.23> <CoreInst = "RAM">   --->   Core 83 'RAM' <Latency = 1> <II = 1> <Delay = 1.23> <Storage> <Opcode : 'load' 'store'> <Ports = 2> <Width = 32> <Depth = 2080800> <RAM>
ST_8 : Operation 117 [1/1] (0.00ns)   --->   "%br_ln76 = br void %for.inc.i41" [src/conv2.cpp:76->src/conv2.cpp:114]   --->   Operation 117 'br' 'br_ln76' <Predicate = (and_ln74)> <Delay = 0.00>


============================================================
+ Verbose Summary: Binding
============================================================
STG Binding: 
---------------- STG Properties BEGIN ----------------
- Is combinational: 0
- Is one-state seq: 0
- Is datapath-only: 0
- Is pipelined: 0
- Is top level: 0
Port [ Return ] is wired: 1; IO mode=ap_ctrl_hs:ce=0
Port [ select_ln67_5]:  wired=1; compound=0; hidden=0; nouse=0; global=0; static=0; extern=0; dir=0; type=0; pingpong=0; private_global=0; IO mode=ap_none:ce=0
Port [ select_ln93]:  wired=1; compound=0; hidden=0; nouse=0; global=0; static=0; extern=0; dir=0; type=0; pingpong=0; private_global=0; IO mode=ap_none:ce=0
Port [ trunc_ln67_mid2]:  wired=1; compound=0; hidden=0; nouse=0; global=0; static=0; extern=0; dir=0; type=0; pingpong=0; private_global=0; IO mode=ap_none:ce=0
Port [ conv2_biases]:  wired=1; compound=1; hidden=0; nouse=0; global=0; static=0; extern=0; dir=0; type=1; pingpong=0; private_global=0; MemPort=[13]; IO mode=ap_memory:ce=0
Port [ zext_ln99]:  wired=1; compound=0; hidden=0; nouse=0; global=0; static=0; extern=0; dir=0; type=0; pingpong=0; private_global=0; IO mode=ap_none:ce=0
Port [ select_ln67_4]:  wired=1; compound=0; hidden=0; nouse=0; global=0; static=0; extern=0; dir=0; type=0; pingpong=0; private_global=0; IO mode=ap_none:ce=0
Port [ out_tile_1]:  wired=1; compound=1; hidden=0; nouse=0; global=1; static=1; extern=0; dir=0; type=1; pingpong=0; private_global=0; MemPort=[13]; IO mode=ap_memory:ce=0
Port [ feat2]:  wired=1; compound=1; hidden=0; nouse=0; global=1; static=1; extern=0; dir=1; type=1; pingpong=0; private_global=0; MemPort=[03]; IO mode=ap_memory:ce=0
---------------- STG Properties END ------------------

---------------- Datapath Model BEGIN ----------------

<LifeTime>
<method=bitvector/>
tw                    (alloca           ) [ 011000000]
th                    (alloca           ) [ 011000000]
indvar_flatten40      (alloca           ) [ 011000000]
tn                    (alloca           ) [ 011000000]
indvar_flatten65      (alloca           ) [ 011000000]
specinterface_ln0     (specinterface    ) [ 000000000]
select_ln67_4_read    (read             ) [ 011000000]
zext_ln99_read        (read             ) [ 011000000]
trunc_ln67_mid2_read  (read             ) [ 011000000]
select_ln93_read      (read             ) [ 011000000]
select_ln67_5_read    (read             ) [ 011000000]
store_ln0             (store            ) [ 000000000]
store_ln0             (store            ) [ 000000000]
store_ln0             (store            ) [ 000000000]
store_ln0             (store            ) [ 000000000]
store_ln0             (store            ) [ 000000000]
br_ln0                (br               ) [ 000000000]
th_3                  (load             ) [ 000000000]
indvar_flatten40_load (load             ) [ 000000000]
indvar_flatten65_load (load             ) [ 000000000]
zext_ln71             (zext             ) [ 000000000]
zext_ln71_1           (zext             ) [ 000000000]
cmp10_i28             (icmp             ) [ 000000000]
empty                 (add              ) [ 000000000]
icmp_ln70             (icmp             ) [ 011111110]
add_ln70_1            (add              ) [ 000000000]
br_ln70               (br               ) [ 000000000]
tw_load               (load             ) [ 000000000]
tn_load               (load             ) [ 000000000]
add_ln70              (add              ) [ 000000000]
icmp_ln71             (icmp             ) [ 000000000]
select_ln70           (select           ) [ 000000000]
select_ln70_1         (select           ) [ 000000000]
trunc_ln75            (trunc            ) [ 000000000]
tmp_24_cast           (bitconcatenate   ) [ 000000000]
zext_ln70             (zext             ) [ 000000000]
add_ln70_2            (add              ) [ 000000000]
zext_ln70_1           (zext             ) [ 000000000]
zext_ln75             (zext             ) [ 000000000]
tmp_s                 (bitconcatenate   ) [ 000000000]
zext_ln75_1           (zext             ) [ 000000000]
sub_ln75              (sub              ) [ 000000000]
sext_ln75             (sext             ) [ 000000000]
conv2_biases_addr     (getelementptr    ) [ 010100000]
cmp10_i28_mid157      (icmp             ) [ 000000000]
select_ln70_2         (select           ) [ 000000000]
select_ln70_3         (select           ) [ 000000000]
xor_ln70              (xor              ) [ 000000000]
icmp_ln72             (icmp             ) [ 000000000]
and_ln70              (and              ) [ 000000000]
add_ln71              (add              ) [ 000000000]
or_ln71               (or               ) [ 000000000]
select_ln71           (select           ) [ 000000000]
select_ln71_1         (select           ) [ 000000000]
zext_ln75_2           (zext             ) [ 000000000]
add_ln75_1            (add              ) [ 000000000]
tmp_3                 (bitconcatenate   ) [ 000000000]
zext_ln71_2           (zext             ) [ 000000000]
add_ln71_cast         (zext             ) [ 000000000]
cmp10_i28_mid1        (icmp             ) [ 000000000]
select_ln71_2         (select           ) [ 000000000]
p_mid138              (add              ) [ 000000000]
select_ln71_3         (select           ) [ 000000000]
zext_ln75_3           (zext             ) [ 000000000]
add_ln75_2            (add              ) [ 000000000]
sext_ln75_1           (sext             ) [ 000000000]
trunc_ln75_1          (trunc            ) [ 000000000]
p_shl2                (bitconcatenate   ) [ 000000000]
sub_ln75_1            (sub              ) [ 000000000]
zext_ln75_4           (zext             ) [ 000000000]
add_ln75_3            (add              ) [ 000000000]
zext_ln75_5           (zext             ) [ 000000000]
out_tile_1_addr       (getelementptr    ) [ 010100000]
zext_ln72             (zext             ) [ 000000000]
zext_ln73             (zext             ) [ 000000000]
icmp_ln74             (icmp             ) [ 000000000]
and_ln74              (and              ) [ 011111111]
br_ln74               (br               ) [ 000000000]
add_ln75              (add              ) [ 000000000]
zext_ln75_6           (zext             ) [ 000000000]
add_ln75_4            (add              ) [ 010111111]
add_ln72              (add              ) [ 000000000]
add_ln71_1            (add              ) [ 000000000]
select_ln71_4         (select           ) [ 000000000]
store_ln72            (store            ) [ 000000000]
store_ln72            (store            ) [ 000000000]
store_ln72            (store            ) [ 000000000]
store_ln72            (store            ) [ 000000000]
store_ln72            (store            ) [ 000000000]
br_ln72               (br               ) [ 000000000]
specloopname_ln0      (specloopname     ) [ 000000000]
speclooptripcount_ln0 (speclooptripcount) [ 000000000]
conv2_biases_load     (load             ) [ 000000000]
bitcast_ln70          (bitcast          ) [ 010011110]
specloopname_ln0      (specloopname     ) [ 000000000]
specpipeline_ln73     (specpipeline     ) [ 000000000]
specloopname_ln72     (specloopname     ) [ 000000000]
out_tile_1_load       (load             ) [ 010011110]
add19_i               (fadd             ) [ 010000001]
zext_ln75_7           (zext             ) [ 000000000]
feat2_addr            (getelementptr    ) [ 000000000]
store_ln75            (store            ) [ 000000000]
br_ln76               (br               ) [ 000000000]
ret_ln0               (ret              ) [ 000000000]
</LifeTime>

<model>

<comp_list>
<comp id="0" class="1000" name="select_ln67_5">
<pin_list>
<pin id="1" dir="1" index="0" bw="1" slack="0"/>
</pin_list>
<bind>
<StgValue><ssdm name="select_ln67_5"/></StgValue>
</bind>
</comp>

<comp id="2" class="1000" name="select_ln93">
<pin_list>
<pin id="3" dir="1" index="0" bw="1" slack="0"/>
</pin_list>
<bind>
<StgValue><ssdm name="select_ln93"/></StgValue>
</bind>
</comp>

<comp id="4" class="1000" name="trunc_ln67_mid2">
<pin_list>
<pin id="5" dir="1" index="0" bw="1" slack="0"/>
</pin_list>
<bind>
<StgValue><ssdm name="trunc_ln67_mid2"/></StgValue>
</bind>
</comp>

<comp id="6" class="1000" name="conv2_biases">
<pin_list>
<pin id="7" dir="1" index="0" bw="1" slack="0"/>
</pin_list>
<bind>
<StgValue><ssdm name="conv2_biases"/><MemPortTyVec>1 3 </MemPortTyVec>
</StgValue>
</bind>
</comp>

<comp id="8" class="1000" name="zext_ln99">
<pin_list>
<pin id="9" dir="1" index="0" bw="1" slack="0"/>
</pin_list>
<bind>
<StgValue><ssdm name="zext_ln99"/></StgValue>
</bind>
</comp>

<comp id="10" class="1000" name="select_ln67_4">
<pin_list>
<pin id="11" dir="1" index="0" bw="1" slack="0"/>
</pin_list>
<bind>
<StgValue><ssdm name="select_ln67_4"/></StgValue>
</bind>
</comp>

<comp id="12" class="1000" name="out_tile_1">
<pin_list>
<pin id="13" dir="1" index="0" bw="1" slack="0"/>
</pin_list>
<bind>
<StgValue><ssdm name="out_tile_1"/><MemPortTyVec>1 3 </MemPortTyVec>
</StgValue>
</bind>
</comp>

<comp id="14" class="1000" name="feat2">
<pin_list>
<pin id="15" dir="1" index="0" bw="1" slack="0"/>
</pin_list>
<bind>
<StgValue><ssdm name="feat2"/><MemPortTyVec>0 3 </MemPortTyVec>
</StgValue>
</bind>
</comp>

<comp id="16" class="1001" name="const_16">
<pin_list>
<pin id="17" dir="1" index="0" bw="1" slack="0"/>
</pin_list>
<bind>
<StgValue><ssdm name=""/></StgValue>
</bind>
</comp>

<comp id="18" class="1001" name="const_18">
<pin_list>
<pin id="19" dir="1" index="0" bw="1" slack="2147483647"/>
</pin_list>
<bind>
<StgValue><ssdm name="_ssdm_op_SpecInterface"/></StgValue>
</bind>
</comp>

<comp id="20" class="1001" name="const_20">
<pin_list>
<pin id="21" dir="1" index="0" bw="1" slack="2147483647"/>
</pin_list>
<bind>
<StgValue><ssdm name="empty_18"/></StgValue>
</bind>
</comp>

<comp id="22" class="1001" name="const_22">
<pin_list>
<pin id="23" dir="1" index="0" bw="1" slack="2147483647"/>
</pin_list>
<bind>
<StgValue><ssdm name=""/></StgValue>
</bind>
</comp>

<comp id="24" class="1001" name="const_24">
<pin_list>
<pin id="25" dir="1" index="0" bw="1" slack="2147483647"/>
</pin_list>
<bind>
<StgValue><ssdm name="empty_19"/></StgValue>
</bind>
</comp>

<comp id="26" class="1001" name="const_26">
<pin_list>
<pin id="27" dir="1" index="0" bw="1" slack="2147483647"/>
</pin_list>
<bind>
<StgValue><ssdm name=""/></StgValue>
</bind>
</comp>

<comp id="28" class="1001" name="const_28">
<pin_list>
<pin id="29" dir="1" index="0" bw="1" slack="0"/>
</pin_list>
<bind>
<StgValue><ssdm name="_ssdm_op_Read.ap_auto.i9"/></StgValue>
</bind>
</comp>

<comp id="30" class="1001" name="const_30">
<pin_list>
<pin id="31" dir="1" index="0" bw="1" slack="0"/>
</pin_list>
<bind>
<StgValue><ssdm name="_ssdm_op_Read.ap_auto.i8"/></StgValue>
</bind>
</comp>

<comp id="32" class="1001" name="const_32">
<pin_list>
<pin id="33" dir="1" index="0" bw="1" slack="0"/>
</pin_list>
<bind>
<StgValue><ssdm name="_ssdm_op_Read.ap_auto.i5"/></StgValue>
</bind>
</comp>

<comp id="34" class="1001" name="const_34">
<pin_list>
<pin id="35" dir="1" index="0" bw="1" slack="0"/>
</pin_list>
<bind>
<StgValue><ssdm name=""/></StgValue>
</bind>
</comp>

<comp id="36" class="1001" name="const_36">
<pin_list>
<pin id="37" dir="1" index="0" bw="1" slack="0"/>
</pin_list>
<bind>
<StgValue><ssdm name=""/></StgValue>
</bind>
</comp>

<comp id="38" class="1001" name="const_38">
<pin_list>
<pin id="39" dir="1" index="0" bw="1" slack="0"/>
</pin_list>
<bind>
<StgValue><ssdm name=""/></StgValue>
</bind>
</comp>

<comp id="40" class="1001" name="const_40">
<pin_list>
<pin id="41" dir="1" index="0" bw="1" slack="0"/>
</pin_list>
<bind>
<StgValue><ssdm name=""/></StgValue>
</bind>
</comp>

<comp id="42" class="1001" name="const_42">
<pin_list>
<pin id="43" dir="1" index="0" bw="1" slack="0"/>
</pin_list>
<bind>
<StgValue><ssdm name=""/></StgValue>
</bind>
</comp>

<comp id="44" class="1001" name="const_44">
<pin_list>
<pin id="45" dir="1" index="0" bw="1" slack="0"/>
</pin_list>
<bind>
<StgValue><ssdm name=""/></StgValue>
</bind>
</comp>

<comp id="46" class="1001" name="const_46">
<pin_list>
<pin id="47" dir="1" index="0" bw="1" slack="0"/>
</pin_list>
<bind>
<StgValue><ssdm name=""/></StgValue>
</bind>
</comp>

<comp id="48" class="1001" name="const_48">
<pin_list>
<pin id="49" dir="1" index="0" bw="1" slack="0"/>
</pin_list>
<bind>
<StgValue><ssdm name=""/></StgValue>
</bind>
</comp>

<comp id="50" class="1001" name="const_50">
<pin_list>
<pin id="51" dir="1" index="0" bw="1" slack="0"/>
</pin_list>
<bind>
<StgValue><ssdm name="_ssdm_op_BitConcatenate.i8.i3.i5"/></StgValue>
</bind>
</comp>

<comp id="52" class="1001" name="const_52">
<pin_list>
<pin id="53" dir="1" index="0" bw="1" slack="0"/>
</pin_list>
<bind>
<StgValue><ssdm name=""/></StgValue>
</bind>
</comp>

<comp id="54" class="1001" name="const_54">
<pin_list>
<pin id="55" dir="1" index="0" bw="1" slack="0"/>
</pin_list>
<bind>
<StgValue><ssdm name="_ssdm_op_BitConcatenate.i13.i5.i8"/></StgValue>
</bind>
</comp>

<comp id="56" class="1001" name="const_56">
<pin_list>
<pin id="57" dir="1" index="0" bw="1" slack="0"/>
</pin_list>
<bind>
<StgValue><ssdm name=""/></StgValue>
</bind>
</comp>

<comp id="58" class="1001" name="const_58">
<pin_list>
<pin id="59" dir="1" index="0" bw="1" slack="0"/>
</pin_list>
<bind>
<StgValue><ssdm name=""/></StgValue>
</bind>
</comp>

<comp id="60" class="1001" name="const_60">
<pin_list>
<pin id="61" dir="1" index="0" bw="1" slack="0"/>
</pin_list>
<bind>
<StgValue><ssdm name=""/></StgValue>
</bind>
</comp>

<comp id="62" class="1001" name="const_62">
<pin_list>
<pin id="63" dir="1" index="0" bw="1" slack="0"/>
</pin_list>
<bind>
<StgValue><ssdm name=""/></StgValue>
</bind>
</comp>

<comp id="64" class="1001" name="const_64">
<pin_list>
<pin id="65" dir="1" index="0" bw="1" slack="0"/>
</pin_list>
<bind>
<StgValue><ssdm name=""/></StgValue>
</bind>
</comp>

<comp id="66" class="1001" name="const_66">
<pin_list>
<pin id="67" dir="1" index="0" bw="1" slack="0"/>
</pin_list>
<bind>
<StgValue><ssdm name="_ssdm_op_BitConcatenate.i13.i8.i5"/></StgValue>
</bind>
</comp>

<comp id="68" class="1001" name="const_68">
<pin_list>
<pin id="69" dir="1" index="0" bw="1" slack="0"/>
</pin_list>
<bind>
<StgValue><ssdm name="_ssdm_op_BitConcatenate.i21.i13.i8"/></StgValue>
</bind>
</comp>

<comp id="70" class="1001" name="const_70">
<pin_list>
<pin id="71" dir="1" index="0" bw="1" slack="0"/>
</pin_list>
<bind>
<StgValue><ssdm name=""/></StgValue>
</bind>
</comp>

<comp id="72" class="1001" name="const_72">
<pin_list>
<pin id="73" dir="1" index="0" bw="1" slack="2147483647"/>
</pin_list>
<bind>
<StgValue><ssdm name="_ssdm_op_SpecLoopName"/></StgValue>
</bind>
</comp>

<comp id="74" class="1001" name="const_74">
<pin_list>
<pin id="75" dir="1" index="0" bw="1" slack="2147483647"/>
</pin_list>
<bind>
<StgValue><ssdm name="VITIS_LOOP_70_1_VITIS_LOOP_71_2_VITIS_LOOP_72_3_str"/></StgValue>
</bind>
</comp>

<comp id="76" class="1001" name="const_76">
<pin_list>
<pin id="77" dir="1" index="0" bw="1" slack="2147483647"/>
</pin_list>
<bind>
<StgValue><ssdm name="_ssdm_op_SpecLoopTripCount"/></StgValue>
</bind>
</comp>

<comp id="78" class="1001" name="const_78">
<pin_list>
<pin id="79" dir="1" index="0" bw="1" slack="2147483647"/>
</pin_list>
<bind>
<StgValue><ssdm name=""/></StgValue>
</bind>
</comp>

<comp id="80" class="1001" name="const_80">
<pin_list>
<pin id="81" dir="1" index="0" bw="1" slack="2147483647"/>
</pin_list>
<bind>
<StgValue><ssdm name="VITIS_LOOP_71_2_VITIS_LOOP_72_3_str"/></StgValue>
</bind>
</comp>

<comp id="82" class="1001" name="const_82">
<pin_list>
<pin id="83" dir="1" index="0" bw="1" slack="2147483647"/>
</pin_list>
<bind>
<StgValue><ssdm name="_ssdm_op_SpecPipeline"/></StgValue>
</bind>
</comp>

<comp id="84" class="1001" name="const_84">
<pin_list>
<pin id="85" dir="1" index="0" bw="1" slack="2147483647"/>
</pin_list>
<bind>
<StgValue><ssdm name="empty_6"/></StgValue>
</bind>
</comp>

<comp id="86" class="1004" name="tw_fu_86">
<pin_list>
<pin id="87" dir="0" index="0" bw="1" slack="0"/>
<pin id="88" dir="1" index="1" bw="6" slack="0"/>
</pin_list>
<bind>
<opcode="alloca(26) " fcode="alloca"/>
<opset="tw/1 "/>
</bind>
</comp>

<comp id="90" class="1004" name="th_fu_90">
<pin_list>
<pin id="91" dir="0" index="0" bw="1" slack="0"/>
<pin id="92" dir="1" index="1" bw="6" slack="0"/>
</pin_list>
<bind>
<opcode="alloca(26) " fcode="alloca"/>
<opset="th/1 "/>
</bind>
</comp>

<comp id="94" class="1004" name="indvar_flatten40_fu_94">
<pin_list>
<pin id="95" dir="0" index="0" bw="1" slack="0"/>
<pin id="96" dir="1" index="1" bw="12" slack="0"/>
</pin_list>
<bind>
<opcode="alloca(26) " fcode="alloca"/>
<opset="indvar_flatten40/1 "/>
</bind>
</comp>

<comp id="98" class="1004" name="tn_fu_98">
<pin_list>
<pin id="99" dir="0" index="0" bw="1" slack="0"/>
<pin id="100" dir="1" index="1" bw="4" slack="0"/>
</pin_list>
<bind>
<opcode="alloca(26) " fcode="alloca"/>
<opset="tn/1 "/>
</bind>
</comp>

<comp id="102" class="1004" name="indvar_flatten65_fu_102">
<pin_list>
<pin id="103" dir="0" index="0" bw="1" slack="0"/>
<pin id="104" dir="1" index="1" bw="14" slack="0"/>
</pin_list>
<bind>
<opcode="alloca(26) " fcode="alloca"/>
<opset="indvar_flatten65/1 "/>
</bind>
</comp>

<comp id="106" class="1004" name="select_ln67_4_read_read_fu_106">
<pin_list>
<pin id="107" dir="0" index="0" bw="9" slack="0"/>
<pin id="108" dir="0" index="1" bw="9" slack="0"/>
<pin id="109" dir="1" index="2" bw="9" slack="1"/>
</pin_list>
<bind>
<opcode="read(1150) " fcode="read"/>
<opset="select_ln67_4_read/1 "/>
</bind>
</comp>

<comp id="112" class="1004" name="zext_ln99_read_read_fu_112">
<pin_list>
<pin id="113" dir="0" index="0" bw="8" slack="0"/>
<pin id="114" dir="0" index="1" bw="8" slack="0"/>
<pin id="115" dir="1" index="2" bw="8" slack="1"/>
</pin_list>
<bind>
<opcode="read(1150) " fcode="read"/>
<opset="zext_ln99_read/1 "/>
</bind>
</comp>

<comp id="118" class="1004" name="trunc_ln67_mid2_read_read_fu_118">
<pin_list>
<pin id="119" dir="0" index="0" bw="5" slack="0"/>
<pin id="120" dir="0" index="1" bw="5" slack="0"/>
<pin id="121" dir="1" index="2" bw="5" slack="1"/>
</pin_list>
<bind>
<opcode="read(1150) " fcode="read"/>
<opset="trunc_ln67_mid2_read/1 "/>
</bind>
</comp>

<comp id="124" class="1004" name="select_ln93_read_read_fu_124">
<pin_list>
<pin id="125" dir="0" index="0" bw="9" slack="0"/>
<pin id="126" dir="0" index="1" bw="9" slack="0"/>
<pin id="127" dir="1" index="2" bw="9" slack="1"/>
</pin_list>
<bind>
<opcode="read(1150) " fcode="read"/>
<opset="select_ln93_read/1 "/>
</bind>
</comp>

<comp id="130" class="1004" name="select_ln67_5_read_read_fu_130">
<pin_list>
<pin id="131" dir="0" index="0" bw="8" slack="0"/>
<pin id="132" dir="0" index="1" bw="8" slack="0"/>
<pin id="133" dir="1" index="2" bw="8" slack="1"/>
</pin_list>
<bind>
<opcode="read(1150) " fcode="read"/>
<opset="select_ln67_5_read/1 "/>
</bind>
</comp>

<comp id="136" class="1004" name="conv2_biases_addr_gep_fu_136">
<pin_list>
<pin id="137" dir="0" index="0" bw="32" slack="0"/>
<pin id="138" dir="0" index="1" bw="1" slack="0"/>
<pin id="139" dir="0" index="2" bw="5" slack="0"/>
<pin id="140" dir="1" index="3" bw="5" slack="0"/>
</pin_list>
<bind>
<opcode="getelementptr(29) " fcode="getelementptr"/>
<opset="conv2_biases_addr/2 "/>
</bind>
</comp>

<comp id="143" class="1004" name="grp_access_fu_143">
<pin_list>
<pin id="144" dir="0" index="0" bw="5" slack="0"/>
<pin id="145" dir="0" index="1" bw="32" slack="2147483647"/>
<pin id="146" dir="0" index="2" bw="0" slack="2147483647"/>
<pin id="147" dir="1" index="3" bw="32" slack="0"/>
</pin_list>
<bind>
<opcode="load(27) " fcode="load"/>
<opset="conv2_biases_load/2 "/>
</bind>
</comp>

<comp id="149" class="1004" name="out_tile_1_addr_gep_fu_149">
<pin_list>
<pin id="150" dir="0" index="0" bw="32" slack="0"/>
<pin id="151" dir="0" index="1" bw="1" slack="0"/>
<pin id="152" dir="0" index="2" bw="13" slack="0"/>
<pin id="153" dir="1" index="3" bw="13" slack="0"/>
</pin_list>
<bind>
<opcode="getelementptr(29) " fcode="getelementptr"/>
<opset="out_tile_1_addr/2 "/>
</bind>
</comp>

<comp id="156" class="1004" name="grp_access_fu_156">
<pin_list>
<pin id="157" dir="0" index="0" bw="13" slack="0"/>
<pin id="158" dir="0" index="1" bw="32" slack="2147483647"/>
<pin id="159" dir="0" index="2" bw="0" slack="2147483647"/>
<pin id="160" dir="1" index="3" bw="32" slack="1"/>
</pin_list>
<bind>
<opcode="load(27) " fcode="load"/>
<opset="out_tile_1_load/2 "/>
</bind>
</comp>

<comp id="162" class="1004" name="feat2_addr_gep_fu_162">
<pin_list>
<pin id="163" dir="0" index="0" bw="32" slack="0"/>
<pin id="164" dir="0" index="1" bw="1" slack="0"/>
<pin id="165" dir="0" index="2" bw="21" slack="0"/>
<pin id="166" dir="1" index="3" bw="21" slack="0"/>
</pin_list>
<bind>
<opcode="getelementptr(29) " fcode="getelementptr"/>
<opset="feat2_addr/8 "/>
</bind>
</comp>

<comp id="169" class="1004" name="store_ln75_access_fu_169">
<pin_list>
<pin id="170" dir="0" index="0" bw="21" slack="0"/>
<pin id="171" dir="0" index="1" bw="32" slack="1"/>
<pin id="172" dir="0" index="2" bw="0" slack="2147483647"/>
<pin id="173" dir="1" index="3" bw="32" slack="2147483647"/>
</pin_list>
<bind>
<opcode="store(28) " fcode="store"/>
<opset="store_ln75/8 "/>
</bind>
</comp>

<comp id="175" class="1004" name="grp_fu_175">
<pin_list>
<pin id="176" dir="0" index="0" bw="32" slack="1"/>
<pin id="177" dir="0" index="1" bw="32" slack="1"/>
<pin id="178" dir="1" index="2" bw="32" slack="1"/>
</pin_list>
<bind>
<opcode="fadd(9) " fcode="fadd"/>
<opset="add19_i/4 "/>
</bind>
</comp>

<comp id="179" class="1004" name="store_ln0_store_fu_179">
<pin_list>
<pin id="180" dir="0" index="0" bw="1" slack="0"/>
<pin id="181" dir="0" index="1" bw="14" slack="0"/>
<pin id="182" dir="1" index="2" bw="0" slack="2147483647"/>
</pin_list>
<bind>
<opcode="store(28) " fcode="store"/>
<opset="store_ln0/1 "/>
</bind>
</comp>

<comp id="184" class="1004" name="store_ln0_store_fu_184">
<pin_list>
<pin id="185" dir="0" index="0" bw="1" slack="0"/>
<pin id="186" dir="0" index="1" bw="4" slack="0"/>
<pin id="187" dir="1" index="2" bw="0" slack="2147483647"/>
</pin_list>
<bind>
<opcode="store(28) " fcode="store"/>
<opset="store_ln0/1 "/>
</bind>
</comp>

<comp id="189" class="1004" name="store_ln0_store_fu_189">
<pin_list>
<pin id="190" dir="0" index="0" bw="1" slack="0"/>
<pin id="191" dir="0" index="1" bw="12" slack="0"/>
<pin id="192" dir="1" index="2" bw="0" slack="2147483647"/>
</pin_list>
<bind>
<opcode="store(28) " fcode="store"/>
<opset="store_ln0/1 "/>
</bind>
</comp>

<comp id="194" class="1004" name="store_ln0_store_fu_194">
<pin_list>
<pin id="195" dir="0" index="0" bw="1" slack="0"/>
<pin id="196" dir="0" index="1" bw="6" slack="0"/>
<pin id="197" dir="1" index="2" bw="0" slack="2147483647"/>
</pin_list>
<bind>
<opcode="store(28) " fcode="store"/>
<opset="store_ln0/1 "/>
</bind>
</comp>

<comp id="199" class="1004" name="store_ln0_store_fu_199">
<pin_list>
<pin id="200" dir="0" index="0" bw="1" slack="0"/>
<pin id="201" dir="0" index="1" bw="6" slack="0"/>
<pin id="202" dir="1" index="2" bw="0" slack="2147483647"/>
</pin_list>
<bind>
<opcode="store(28) " fcode="store"/>
<opset="store_ln0/1 "/>
</bind>
</comp>

<comp id="204" class="1004" name="th_3_load_fu_204">
<pin_list>
<pin id="205" dir="0" index="0" bw="6" slack="1"/>
<pin id="206" dir="1" index="1" bw="6" slack="0"/>
</pin_list>
<bind>
<opcode="load(27) " fcode="load"/>
<opset="th_3/2 "/>
</bind>
</comp>

<comp id="207" class="1004" name="indvar_flatten40_load_load_fu_207">
<pin_list>
<pin id="208" dir="0" index="0" bw="12" slack="1"/>
<pin id="209" dir="1" index="1" bw="12" slack="0"/>
</pin_list>
<bind>
<opcode="load(27) " fcode="load"/>
<opset="indvar_flatten40_load/2 "/>
</bind>
</comp>

<comp id="210" class="1004" name="indvar_flatten65_load_load_fu_210">
<pin_list>
<pin id="211" dir="0" index="0" bw="14" slack="1"/>
<pin id="212" dir="1" index="1" bw="14" slack="0"/>
</pin_list>
<bind>
<opcode="load(27) " fcode="load"/>
<opset="indvar_flatten65_load/2 "/>
</bind>
</comp>

<comp id="213" class="1004" name="zext_ln71_fu_213">
<pin_list>
<pin id="214" dir="0" index="0" bw="6" slack="0"/>
<pin id="215" dir="1" index="1" bw="9" slack="0"/>
</pin_list>
<bind>
<opcode="zext(34) " fcode="zext"/>
<opset="zext_ln71/2 "/>
</bind>
</comp>

<comp id="217" class="1004" name="zext_ln71_1_fu_217">
<pin_list>
<pin id="218" dir="0" index="0" bw="6" slack="0"/>
<pin id="219" dir="1" index="1" bw="8" slack="0"/>
</pin_list>
<bind>
<opcode="zext(34) " fcode="zext"/>
<opset="zext_ln71_1/2 "/>
</bind>
</comp>

<comp id="221" class="1004" name="cmp10_i28_fu_221">
<pin_list>
<pin id="222" dir="0" index="0" bw="6" slack="0"/>
<pin id="223" dir="0" index="1" bw="8" slack="1"/>
<pin id="224" dir="1" index="2" bw="1" slack="0"/>
</pin_list>
<bind>
<opcode="icmp(45) " fcode="icmp"/>
<opset="cmp10_i28/2 "/>
</bind>
</comp>

<comp id="226" class="1004" name="empty_fu_226">
<pin_list>
<pin id="227" dir="0" index="0" bw="6" slack="0"/>
<pin id="228" dir="0" index="1" bw="9" slack="1"/>
<pin id="229" dir="1" index="2" bw="9" slack="0"/>
</pin_list>
<bind>
<opcode="add(8) " fcode="add"/>
<opset="empty/2 "/>
</bind>
</comp>

<comp id="231" class="1004" name="icmp_ln70_fu_231">
<pin_list>
<pin id="232" dir="0" index="0" bw="14" slack="0"/>
<pin id="233" dir="0" index="1" bw="14" slack="0"/>
<pin id="234" dir="1" index="2" bw="1" slack="5"/>
</pin_list>
<bind>
<opcode="icmp(45) " fcode="icmp"/>
<opset="icmp_ln70/2 "/>
</bind>
</comp>

<comp id="237" class="1004" name="add_ln70_1_fu_237">
<pin_list>
<pin id="238" dir="0" index="0" bw="14" slack="0"/>
<pin id="239" dir="0" index="1" bw="1" slack="0"/>
<pin id="240" dir="1" index="2" bw="14" slack="0"/>
</pin_list>
<bind>
<opcode="add(8) " fcode="add"/>
<opset="add_ln70_1/2 "/>
</bind>
</comp>

<comp id="243" class="1004" name="tw_load_load_fu_243">
<pin_list>
<pin id="244" dir="0" index="0" bw="6" slack="1"/>
<pin id="245" dir="1" index="1" bw="6" slack="0"/>
</pin_list>
<bind>
<opcode="load(27) " fcode="load"/>
<opset="tw_load/2 "/>
</bind>
</comp>

<comp id="246" class="1004" name="tn_load_load_fu_246">
<pin_list>
<pin id="247" dir="0" index="0" bw="4" slack="1"/>
<pin id="248" dir="1" index="1" bw="4" slack="0"/>
</pin_list>
<bind>
<opcode="load(27) " fcode="load"/>
<opset="tn_load/2 "/>
</bind>
</comp>

<comp id="249" class="1004" name="add_ln70_fu_249">
<pin_list>
<pin id="250" dir="0" index="0" bw="4" slack="0"/>
<pin id="251" dir="0" index="1" bw="1" slack="0"/>
<pin id="252" dir="1" index="2" bw="4" slack="0"/>
</pin_list>
<bind>
<opcode="add(8) " fcode="add"/>
<opset="add_ln70/2 "/>
</bind>
</comp>

<comp id="255" class="1004" name="icmp_ln71_fu_255">
<pin_list>
<pin id="256" dir="0" index="0" bw="12" slack="0"/>
<pin id="257" dir="0" index="1" bw="12" slack="0"/>
<pin id="258" dir="1" index="2" bw="1" slack="0"/>
</pin_list>
<bind>
<opcode="icmp(45) " fcode="icmp"/>
<opset="icmp_ln71/2 "/>
</bind>
</comp>

<comp id="261" class="1004" name="select_ln70_fu_261">
<pin_list>
<pin id="262" dir="0" index="0" bw="1" slack="0"/>
<pin id="263" dir="0" index="1" bw="1" slack="0"/>
<pin id="264" dir="0" index="2" bw="6" slack="0"/>
<pin id="265" dir="1" index="3" bw="6" slack="0"/>
</pin_list>
<bind>
<opcode="select(49) " fcode="select"/>
<opset="select_ln70/2 "/>
</bind>
</comp>

<comp id="269" class="1004" name="select_ln70_1_fu_269">
<pin_list>
<pin id="270" dir="0" index="0" bw="1" slack="0"/>
<pin id="271" dir="0" index="1" bw="4" slack="0"/>
<pin id="272" dir="0" index="2" bw="4" slack="0"/>
<pin id="273" dir="1" index="3" bw="4" slack="0"/>
</pin_list>
<bind>
<opcode="select(49) " fcode="select"/>
<opset="select_ln70_1/2 "/>
</bind>
</comp>

<comp id="277" class="1004" name="trunc_ln75_fu_277">
<pin_list>
<pin id="278" dir="0" index="0" bw="4" slack="0"/>
<pin id="279" dir="1" index="1" bw="3" slack="0"/>
</pin_list>
<bind>
<opcode="trunc(33) " fcode="trunc"/>
<opset="trunc_ln75/2 "/>
</bind>
</comp>

<comp id="281" class="1004" name="tmp_24_cast_fu_281">
<pin_list>
<pin id="282" dir="0" index="0" bw="8" slack="0"/>
<pin id="283" dir="0" index="1" bw="3" slack="0"/>
<pin id="284" dir="0" index="2" bw="1" slack="0"/>
<pin id="285" dir="1" index="3" bw="8" slack="0"/>
</pin_list>
<bind>
<opcode="bitconcatenate(1004) " fcode="bitconcatenate"/>
<opset="tmp_24_cast/2 "/>
</bind>
</comp>

<comp id="289" class="1004" name="zext_ln70_fu_289">
<pin_list>
<pin id="290" dir="0" index="0" bw="4" slack="0"/>
<pin id="291" dir="1" index="1" bw="5" slack="0"/>
</pin_list>
<bind>
<opcode="zext(34) " fcode="zext"/>
<opset="zext_ln70/2 "/>
</bind>
</comp>

<comp id="293" class="1004" name="add_ln70_2_fu_293">
<pin_list>
<pin id="294" dir="0" index="0" bw="4" slack="0"/>
<pin id="295" dir="0" index="1" bw="5" slack="1"/>
<pin id="296" dir="1" index="2" bw="5" slack="0"/>
</pin_list>
<bind>
<opcode="add(8) " fcode="add"/>
<opset="add_ln70_2/2 "/>
</bind>
</comp>

<comp id="298" class="1004" name="zext_ln70_1_fu_298">
<pin_list>
<pin id="299" dir="0" index="0" bw="5" slack="0"/>
<pin id="300" dir="1" index="1" bw="64" slack="0"/>
</pin_list>
<bind>
<opcode="zext(34) " fcode="zext"/>
<opset="zext_ln70_1/2 "/>
</bind>
</comp>

<comp id="303" class="1004" name="zext_ln75_fu_303">
<pin_list>
<pin id="304" dir="0" index="0" bw="5" slack="0"/>
<pin id="305" dir="1" index="1" bw="14" slack="0"/>
</pin_list>
<bind>
<opcode="zext(34) " fcode="zext"/>
<opset="zext_ln75/2 "/>
</bind>
</comp>

<comp id="307" class="1004" name="tmp_s_fu_307">
<pin_list>
<pin id="308" dir="0" index="0" bw="13" slack="0"/>
<pin id="309" dir="0" index="1" bw="5" slack="0"/>
<pin id="310" dir="0" index="2" bw="1" slack="0"/>
<pin id="311" dir="1" index="3" bw="13" slack="0"/>
</pin_list>
<bind>
<opcode="bitconcatenate(1004) " fcode="bitconcatenate"/>
<opset="tmp_s/2 "/>
</bind>
</comp>

<comp id="315" class="1004" name="zext_ln75_1_fu_315">
<pin_list>
<pin id="316" dir="0" index="0" bw="13" slack="0"/>
<pin id="317" dir="1" index="1" bw="14" slack="0"/>
</pin_list>
<bind>
<opcode="zext(34) " fcode="zext"/>
<opset="zext_ln75_1/2 "/>
</bind>
</comp>

<comp id="319" class="1004" name="sub_ln75_fu_319">
<pin_list>
<pin id="320" dir="0" index="0" bw="13" slack="0"/>
<pin id="321" dir="0" index="1" bw="5" slack="0"/>
<pin id="322" dir="1" index="2" bw="14" slack="0"/>
</pin_list>
<bind>
<opcode="sub(10) " fcode="sub"/>
<opset="sub_ln75/2 "/>
</bind>
</comp>

<comp id="325" class="1004" name="sext_ln75_fu_325">
<pin_list>
<pin id="326" dir="0" index="0" bw="14" slack="0"/>
<pin id="327" dir="1" index="1" bw="15" slack="0"/>
</pin_list>
<bind>
<opcode="sext(35) " fcode="sext"/>
<opset="sext_ln75/2 "/>
</bind>
</comp>

<comp id="329" class="1004" name="cmp10_i28_mid157_fu_329">
<pin_list>
<pin id="330" dir="0" index="0" bw="8" slack="1"/>
<pin id="331" dir="0" index="1" bw="1" slack="0"/>
<pin id="332" dir="1" index="2" bw="1" slack="0"/>
</pin_list>
<bind>
<opcode="icmp(45) " fcode="icmp"/>
<opset="cmp10_i28_mid157/2 "/>
</bind>
</comp>

<comp id="334" class="1004" name="select_ln70_2_fu_334">
<pin_list>
<pin id="335" dir="0" index="0" bw="1" slack="0"/>
<pin id="336" dir="0" index="1" bw="1" slack="0"/>
<pin id="337" dir="0" index="2" bw="1" slack="0"/>
<pin id="338" dir="1" index="3" bw="1" slack="0"/>
</pin_list>
<bind>
<opcode="select(49) " fcode="select"/>
<opset="select_ln70_2/2 "/>
</bind>
</comp>

<comp id="342" class="1004" name="select_ln70_3_fu_342">
<pin_list>
<pin id="343" dir="0" index="0" bw="1" slack="0"/>
<pin id="344" dir="0" index="1" bw="9" slack="1"/>
<pin id="345" dir="0" index="2" bw="9" slack="0"/>
<pin id="346" dir="1" index="3" bw="9" slack="0"/>
</pin_list>
<bind>
<opcode="select(49) " fcode="select"/>
<opset="select_ln70_3/2 "/>
</bind>
</comp>

<comp id="349" class="1004" name="xor_ln70_fu_349">
<pin_list>
<pin id="350" dir="0" index="0" bw="1" slack="0"/>
<pin id="351" dir="0" index="1" bw="1" slack="0"/>
<pin id="352" dir="1" index="2" bw="1" slack="0"/>
</pin_list>
<bind>
<opcode="xor(25) " fcode="xor"/>
<opset="xor_ln70/2 "/>
</bind>
</comp>

<comp id="355" class="1004" name="icmp_ln72_fu_355">
<pin_list>
<pin id="356" dir="0" index="0" bw="6" slack="0"/>
<pin id="357" dir="0" index="1" bw="6" slack="0"/>
<pin id="358" dir="1" index="2" bw="1" slack="0"/>
</pin_list>
<bind>
<opcode="icmp(45) " fcode="icmp"/>
<opset="icmp_ln72/2 "/>
</bind>
</comp>

<comp id="361" class="1004" name="and_ln70_fu_361">
<pin_list>
<pin id="362" dir="0" index="0" bw="1" slack="0"/>
<pin id="363" dir="0" index="1" bw="1" slack="0"/>
<pin id="364" dir="1" index="2" bw="1" slack="0"/>
</pin_list>
<bind>
<opcode="and(23) " fcode="and"/>
<opset="and_ln70/2 "/>
</bind>
</comp>

<comp id="367" class="1004" name="add_ln71_fu_367">
<pin_list>
<pin id="368" dir="0" index="0" bw="6" slack="0"/>
<pin id="369" dir="0" index="1" bw="1" slack="0"/>
<pin id="370" dir="1" index="2" bw="6" slack="0"/>
</pin_list>
<bind>
<opcode="add(8) " fcode="add"/>
<opset="add_ln71/2 "/>
</bind>
</comp>

<comp id="373" class="1004" name="or_ln71_fu_373">
<pin_list>
<pin id="374" dir="0" index="0" bw="1" slack="0"/>
<pin id="375" dir="0" index="1" bw="1" slack="0"/>
<pin id="376" dir="1" index="2" bw="1" slack="0"/>
</pin_list>
<bind>
<opcode="or(24) " fcode="or"/>
<opset="or_ln71/2 "/>
</bind>
</comp>

<comp id="379" class="1004" name="select_ln71_fu_379">
<pin_list>
<pin id="380" dir="0" index="0" bw="1" slack="0"/>
<pin id="381" dir="0" index="1" bw="1" slack="0"/>
<pin id="382" dir="0" index="2" bw="6" slack="0"/>
<pin id="383" dir="1" index="3" bw="6" slack="0"/>
</pin_list>
<bind>
<opcode="select(49) " fcode="select"/>
<opset="select_ln71/2 "/>
</bind>
</comp>

<comp id="387" class="1004" name="select_ln71_1_fu_387">
<pin_list>
<pin id="388" dir="0" index="0" bw="1" slack="0"/>
<pin id="389" dir="0" index="1" bw="6" slack="0"/>
<pin id="390" dir="0" index="2" bw="6" slack="0"/>
<pin id="391" dir="1" index="3" bw="6" slack="0"/>
</pin_list>
<bind>
<opcode="select(49) " fcode="select"/>
<opset="select_ln71_1/2 "/>
</bind>
</comp>

<comp id="395" class="1004" name="zext_ln75_2_fu_395">
<pin_list>
<pin id="396" dir="0" index="0" bw="6" slack="0"/>
<pin id="397" dir="1" index="1" bw="8" slack="0"/>
</pin_list>
<bind>
<opcode="zext(34) " fcode="zext"/>
<opset="zext_ln75_2/2 "/>
</bind>
</comp>

<comp id="399" class="1004" name="add_ln75_1_fu_399">
<pin_list>
<pin id="400" dir="0" index="0" bw="8" slack="0"/>
<pin id="401" dir="0" index="1" bw="6" slack="0"/>
<pin id="402" dir="1" index="2" bw="8" slack="0"/>
</pin_list>
<bind>
<opcode="add(8) " fcode="add"/>
<opset="add_ln75_1/2 "/>
</bind>
</comp>

<comp id="405" class="1004" name="tmp_3_fu_405">
<pin_list>
<pin id="406" dir="0" index="0" bw="13" slack="0"/>
<pin id="407" dir="0" index="1" bw="8" slack="0"/>
<pin id="408" dir="0" index="2" bw="1" slack="0"/>
<pin id="409" dir="1" index="3" bw="13" slack="0"/>
</pin_list>
<bind>
<opcode="bitconcatenate(1004) " fcode="bitconcatenate"/>
<opset="tmp_3/2 "/>
</bind>
</comp>

<comp id="413" class="1004" name="zext_ln71_2_fu_413">
<pin_list>
<pin id="414" dir="0" index="0" bw="6" slack="0"/>
<pin id="415" dir="1" index="1" bw="9" slack="0"/>
</pin_list>
<bind>
<opcode="zext(34) " fcode="zext"/>
<opset="zext_ln71_2/2 "/>
</bind>
</comp>

<comp id="417" class="1004" name="add_ln71_cast_fu_417">
<pin_list>
<pin id="418" dir="0" index="0" bw="6" slack="0"/>
<pin id="419" dir="1" index="1" bw="8" slack="0"/>
</pin_list>
<bind>
<opcode="zext(34) " fcode="zext"/>
<opset="add_ln71_cast/2 "/>
</bind>
</comp>

<comp id="421" class="1004" name="cmp10_i28_mid1_fu_421">
<pin_list>
<pin id="422" dir="0" index="0" bw="6" slack="0"/>
<pin id="423" dir="0" index="1" bw="8" slack="1"/>
<pin id="424" dir="1" index="2" bw="1" slack="0"/>
</pin_list>
<bind>
<opcode="icmp(45) " fcode="icmp"/>
<opset="cmp10_i28_mid1/2 "/>
</bind>
</comp>

<comp id="426" class="1004" name="select_ln71_2_fu_426">
<pin_list>
<pin id="427" dir="0" index="0" bw="1" slack="0"/>
<pin id="428" dir="0" index="1" bw="1" slack="0"/>
<pin id="429" dir="0" index="2" bw="1" slack="0"/>
<pin id="430" dir="1" index="3" bw="1" slack="0"/>
</pin_list>
<bind>
<opcode="select(49) " fcode="select"/>
<opset="select_ln71_2/2 "/>
</bind>
</comp>

<comp id="434" class="1004" name="p_mid138_fu_434">
<pin_list>
<pin id="435" dir="0" index="0" bw="6" slack="0"/>
<pin id="436" dir="0" index="1" bw="9" slack="1"/>
<pin id="437" dir="1" index="2" bw="9" slack="0"/>
</pin_list>
<bind>
<opcode="add(8) " fcode="add"/>
<opset="p_mid138/2 "/>
</bind>
</comp>

<comp id="439" class="1004" name="select_ln71_3_fu_439">
<pin_list>
<pin id="440" dir="0" index="0" bw="1" slack="0"/>
<pin id="441" dir="0" index="1" bw="9" slack="0"/>
<pin id="442" dir="0" index="2" bw="9" slack="0"/>
<pin id="443" dir="1" index="3" bw="9" slack="0"/>
</pin_list>
<bind>
<opcode="select(49) " fcode="select"/>
<opset="select_ln71_3/2 "/>
</bind>
</comp>

<comp id="447" class="1004" name="zext_ln75_3_fu_447">
<pin_list>
<pin id="448" dir="0" index="0" bw="9" slack="0"/>
<pin id="449" dir="1" index="1" bw="15" slack="0"/>
</pin_list>
<bind>
<opcode="zext(34) " fcode="zext"/>
<opset="zext_ln75_3/2 "/>
</bind>
</comp>

<comp id="451" class="1004" name="add_ln75_2_fu_451">
<pin_list>
<pin id="452" dir="0" index="0" bw="14" slack="0"/>
<pin id="453" dir="0" index="1" bw="9" slack="0"/>
<pin id="454" dir="1" index="2" bw="15" slack="0"/>
</pin_list>
<bind>
<opcode="add(8) " fcode="add"/>
<opset="add_ln75_2/2 "/>
</bind>
</comp>

<comp id="457" class="1004" name="sext_ln75_1_fu_457">
<pin_list>
<pin id="458" dir="0" index="0" bw="15" slack="0"/>
<pin id="459" dir="1" index="1" bw="21" slack="0"/>
</pin_list>
<bind>
<opcode="sext(35) " fcode="sext"/>
<opset="sext_ln75_1/2 "/>
</bind>
</comp>

<comp id="461" class="1004" name="trunc_ln75_1_fu_461">
<pin_list>
<pin id="462" dir="0" index="0" bw="15" slack="0"/>
<pin id="463" dir="1" index="1" bw="13" slack="0"/>
</pin_list>
<bind>
<opcode="trunc(33) " fcode="trunc"/>
<opset="trunc_ln75_1/2 "/>
</bind>
</comp>

<comp id="465" class="1004" name="p_shl2_fu_465">
<pin_list>
<pin id="466" dir="0" index="0" bw="21" slack="0"/>
<pin id="467" dir="0" index="1" bw="13" slack="0"/>
<pin id="468" dir="0" index="2" bw="1" slack="0"/>
<pin id="469" dir="1" index="3" bw="21" slack="0"/>
</pin_list>
<bind>
<opcode="bitconcatenate(1004) " fcode="bitconcatenate"/>
<opset="p_shl2/2 "/>
</bind>
</comp>

<comp id="473" class="1004" name="sub_ln75_1_fu_473">
<pin_list>
<pin id="474" dir="0" index="0" bw="21" slack="0"/>
<pin id="475" dir="0" index="1" bw="15" slack="0"/>
<pin id="476" dir="1" index="2" bw="21" slack="0"/>
</pin_list>
<bind>
<opcode="sub(10) " fcode="sub"/>
<opset="sub_ln75_1/2 "/>
</bind>
</comp>

<comp id="479" class="1004" name="zext_ln75_4_fu_479">
<pin_list>
<pin id="480" dir="0" index="0" bw="6" slack="0"/>
<pin id="481" dir="1" index="1" bw="13" slack="0"/>
</pin_list>
<bind>
<opcode="zext(34) " fcode="zext"/>
<opset="zext_ln75_4/2 "/>
</bind>
</comp>

<comp id="483" class="1004" name="add_ln75_3_fu_483">
<pin_list>
<pin id="484" dir="0" index="0" bw="13" slack="0"/>
<pin id="485" dir="0" index="1" bw="6" slack="0"/>
<pin id="486" dir="1" index="2" bw="13" slack="0"/>
</pin_list>
<bind>
<opcode="add(8) " fcode="add"/>
<opset="add_ln75_3/2 "/>
</bind>
</comp>

<comp id="489" class="1004" name="zext_ln75_5_fu_489">
<pin_list>
<pin id="490" dir="0" index="0" bw="13" slack="0"/>
<pin id="491" dir="1" index="1" bw="64" slack="0"/>
</pin_list>
<bind>
<opcode="zext(34) " fcode="zext"/>
<opset="zext_ln75_5/2 "/>
</bind>
</comp>

<comp id="494" class="1004" name="zext_ln72_fu_494">
<pin_list>
<pin id="495" dir="0" index="0" bw="6" slack="0"/>
<pin id="496" dir="1" index="1" bw="9" slack="0"/>
</pin_list>
<bind>
<opcode="zext(34) " fcode="zext"/>
<opset="zext_ln72/2 "/>
</bind>
</comp>

<comp id="498" class="1004" name="zext_ln73_fu_498">
<pin_list>
<pin id="499" dir="0" index="0" bw="6" slack="0"/>
<pin id="500" dir="1" index="1" bw="8" slack="0"/>
</pin_list>
<bind>
<opcode="zext(34) " fcode="zext"/>
<opset="zext_ln73/2 "/>
</bind>
</comp>

<comp id="502" class="1004" name="icmp_ln74_fu_502">
<pin_list>
<pin id="503" dir="0" index="0" bw="6" slack="0"/>
<pin id="504" dir="0" index="1" bw="8" slack="1"/>
<pin id="505" dir="1" index="2" bw="1" slack="0"/>
</pin_list>
<bind>
<opcode="icmp(45) " fcode="icmp"/>
<opset="icmp_ln74/2 "/>
</bind>
</comp>

<comp id="507" class="1004" name="and_ln74_fu_507">
<pin_list>
<pin id="508" dir="0" index="0" bw="1" slack="0"/>
<pin id="509" dir="0" index="1" bw="1" slack="0"/>
<pin id="510" dir="1" index="2" bw="1" slack="1"/>
</pin_list>
<bind>
<opcode="and(23) " fcode="and"/>
<opset="and_ln74/2 "/>
</bind>
</comp>

<comp id="513" class="1004" name="add_ln75_fu_513">
<pin_list>
<pin id="514" dir="0" index="0" bw="6" slack="0"/>
<pin id="515" dir="0" index="1" bw="9" slack="1"/>
<pin id="516" dir="1" index="2" bw="9" slack="0"/>
</pin_list>
<bind>
<opcode="add(8) " fcode="add"/>
<opset="add_ln75/2 "/>
</bind>
</comp>

<comp id="518" class="1004" name="zext_ln75_6_fu_518">
<pin_list>
<pin id="519" dir="0" index="0" bw="9" slack="0"/>
<pin id="520" dir="1" index="1" bw="21" slack="0"/>
</pin_list>
<bind>
<opcode="zext(34) " fcode="zext"/>
<opset="zext_ln75_6/2 "/>
</bind>
</comp>

<comp id="522" class="1004" name="add_ln75_4_fu_522">
<pin_list>
<pin id="523" dir="0" index="0" bw="21" slack="0"/>
<pin id="524" dir="0" index="1" bw="9" slack="0"/>
<pin id="525" dir="1" index="2" bw="21" slack="6"/>
</pin_list>
<bind>
<opcode="add(8) " fcode="add"/>
<opset="add_ln75_4/2 "/>
</bind>
</comp>

<comp id="528" class="1004" name="add_ln72_fu_528">
<pin_list>
<pin id="529" dir="0" index="0" bw="6" slack="0"/>
<pin id="530" dir="0" index="1" bw="1" slack="0"/>
<pin id="531" dir="1" index="2" bw="6" slack="0"/>
</pin_list>
<bind>
<opcode="add(8) " fcode="add"/>
<opset="add_ln72/2 "/>
</bind>
</comp>

<comp id="534" class="1004" name="add_ln71_1_fu_534">
<pin_list>
<pin id="535" dir="0" index="0" bw="12" slack="0"/>
<pin id="536" dir="0" index="1" bw="1" slack="0"/>
<pin id="537" dir="1" index="2" bw="12" slack="0"/>
</pin_list>
<bind>
<opcode="add(8) " fcode="add"/>
<opset="add_ln71_1/2 "/>
</bind>
</comp>

<comp id="540" class="1004" name="select_ln71_4_fu_540">
<pin_list>
<pin id="541" dir="0" index="0" bw="1" slack="0"/>
<pin id="542" dir="0" index="1" bw="1" slack="0"/>
<pin id="543" dir="0" index="2" bw="12" slack="0"/>
<pin id="544" dir="1" index="3" bw="12" slack="0"/>
</pin_list>
<bind>
<opcode="select(49) " fcode="select"/>
<opset="select_ln71_4/2 "/>
</bind>
</comp>

<comp id="548" class="1004" name="store_ln72_store_fu_548">
<pin_list>
<pin id="549" dir="0" index="0" bw="14" slack="0"/>
<pin id="550" dir="0" index="1" bw="14" slack="1"/>
<pin id="551" dir="1" index="2" bw="0" slack="2147483647"/>
</pin_list>
<bind>
<opcode="store(28) " fcode="store"/>
<opset="store_ln72/2 "/>
</bind>
</comp>

<comp id="553" class="1004" name="store_ln72_store_fu_553">
<pin_list>
<pin id="554" dir="0" index="0" bw="4" slack="0"/>
<pin id="555" dir="0" index="1" bw="4" slack="1"/>
<pin id="556" dir="1" index="2" bw="0" slack="2147483647"/>
</pin_list>
<bind>
<opcode="store(28) " fcode="store"/>
<opset="store_ln72/2 "/>
</bind>
</comp>

<comp id="558" class="1004" name="store_ln72_store_fu_558">
<pin_list>
<pin id="559" dir="0" index="0" bw="12" slack="0"/>
<pin id="560" dir="0" index="1" bw="12" slack="1"/>
<pin id="561" dir="1" index="2" bw="0" slack="2147483647"/>
</pin_list>
<bind>
<opcode="store(28) " fcode="store"/>
<opset="store_ln72/2 "/>
</bind>
</comp>

<comp id="563" class="1004" name="store_ln72_store_fu_563">
<pin_list>
<pin id="564" dir="0" index="0" bw="6" slack="0"/>
<pin id="565" dir="0" index="1" bw="6" slack="1"/>
<pin id="566" dir="1" index="2" bw="0" slack="2147483647"/>
</pin_list>
<bind>
<opcode="store(28) " fcode="store"/>
<opset="store_ln72/2 "/>
</bind>
</comp>

<comp id="568" class="1004" name="store_ln72_store_fu_568">
<pin_list>
<pin id="569" dir="0" index="0" bw="6" slack="0"/>
<pin id="570" dir="0" index="1" bw="6" slack="1"/>
<pin id="571" dir="1" index="2" bw="0" slack="2147483647"/>
</pin_list>
<bind>
<opcode="store(28) " fcode="store"/>
<opset="store_ln72/2 "/>
</bind>
</comp>

<comp id="573" class="1004" name="bitcast_ln70_fu_573">
<pin_list>
<pin id="574" dir="0" index="0" bw="32" slack="0"/>
<pin id="575" dir="1" index="1" bw="32" slack="1"/>
</pin_list>
<bind>
<opcode="bitcast(44) " fcode="bitcast"/>
<opset="bitcast_ln70/3 "/>
</bind>
</comp>

<comp id="577" class="1004" name="zext_ln75_7_fu_577">
<pin_list>
<pin id="578" dir="0" index="0" bw="21" slack="6"/>
<pin id="579" dir="1" index="1" bw="64" slack="0"/>
</pin_list>
<bind>
<opcode="zext(34) " fcode="zext"/>
<opset="zext_ln75_7/8 "/>
</bind>
</comp>

<comp id="581" class="1005" name="tw_reg_581">
<pin_list>
<pin id="582" dir="0" index="0" bw="6" slack="0"/>
<pin id="583" dir="1" index="1" bw="6" slack="0"/>
</pin_list>
<bind>
<opset="tw "/>
</bind>
</comp>

<comp id="588" class="1005" name="th_reg_588">
<pin_list>
<pin id="589" dir="0" index="0" bw="6" slack="0"/>
<pin id="590" dir="1" index="1" bw="6" slack="0"/>
</pin_list>
<bind>
<opset="th "/>
</bind>
</comp>

<comp id="595" class="1005" name="indvar_flatten40_reg_595">
<pin_list>
<pin id="596" dir="0" index="0" bw="12" slack="0"/>
<pin id="597" dir="1" index="1" bw="12" slack="0"/>
</pin_list>
<bind>
<opset="indvar_flatten40 "/>
</bind>
</comp>

<comp id="602" class="1005" name="tn_reg_602">
<pin_list>
<pin id="603" dir="0" index="0" bw="4" slack="0"/>
<pin id="604" dir="1" index="1" bw="4" slack="0"/>
</pin_list>
<bind>
<opset="tn "/>
</bind>
</comp>

<comp id="609" class="1005" name="indvar_flatten65_reg_609">
<pin_list>
<pin id="610" dir="0" index="0" bw="14" slack="0"/>
<pin id="611" dir="1" index="1" bw="14" slack="0"/>
</pin_list>
<bind>
<opset="indvar_flatten65 "/>
</bind>
</comp>

<comp id="616" class="1005" name="select_ln67_4_read_reg_616">
<pin_list>
<pin id="617" dir="0" index="0" bw="9" slack="1"/>
<pin id="618" dir="1" index="1" bw="9" slack="1"/>
</pin_list>
<bind>
<opset="select_ln67_4_read "/>
</bind>
</comp>

<comp id="621" class="1005" name="zext_ln99_read_reg_621">
<pin_list>
<pin id="622" dir="0" index="0" bw="8" slack="1"/>
<pin id="623" dir="1" index="1" bw="8" slack="1"/>
</pin_list>
<bind>
<opset="zext_ln99_read "/>
</bind>
</comp>

<comp id="626" class="1005" name="trunc_ln67_mid2_read_reg_626">
<pin_list>
<pin id="627" dir="0" index="0" bw="5" slack="1"/>
<pin id="628" dir="1" index="1" bw="5" slack="1"/>
</pin_list>
<bind>
<opset="trunc_ln67_mid2_read "/>
</bind>
</comp>

<comp id="631" class="1005" name="select_ln93_read_reg_631">
<pin_list>
<pin id="632" dir="0" index="0" bw="9" slack="1"/>
<pin id="633" dir="1" index="1" bw="9" slack="1"/>
</pin_list>
<bind>
<opset="select_ln93_read "/>
</bind>
</comp>

<comp id="638" class="1005" name="select_ln67_5_read_reg_638">
<pin_list>
<pin id="639" dir="0" index="0" bw="8" slack="1"/>
<pin id="640" dir="1" index="1" bw="8" slack="1"/>
</pin_list>
<bind>
<opset="select_ln67_5_read "/>
</bind>
</comp>

<comp id="645" class="1005" name="icmp_ln70_reg_645">
<pin_list>
<pin id="646" dir="0" index="0" bw="1" slack="5"/>
<pin id="647" dir="1" index="1" bw="1" slack="2147483647"/>
</pin_list>
<bind>
<opset="icmp_ln70 "/>
</bind>
</comp>

<comp id="649" class="1005" name="conv2_biases_addr_reg_649">
<pin_list>
<pin id="650" dir="0" index="0" bw="5" slack="1"/>
<pin id="651" dir="1" index="1" bw="5" slack="1"/>
</pin_list>
<bind>
<opset="conv2_biases_addr "/>
</bind>
</comp>

<comp id="654" class="1005" name="out_tile_1_addr_reg_654">
<pin_list>
<pin id="655" dir="0" index="0" bw="13" slack="1"/>
<pin id="656" dir="1" index="1" bw="13" slack="1"/>
</pin_list>
<bind>
<opset="out_tile_1_addr "/>
</bind>
</comp>

<comp id="659" class="1005" name="and_ln74_reg_659">
<pin_list>
<pin id="660" dir="0" index="0" bw="1" slack="1"/>
<pin id="661" dir="1" index="1" bw="1" slack="2147483647"/>
</pin_list>
<bind>
<opset="and_ln74 "/>
</bind>
</comp>

<comp id="663" class="1005" name="add_ln75_4_reg_663">
<pin_list>
<pin id="664" dir="0" index="0" bw="21" slack="6"/>
<pin id="665" dir="1" index="1" bw="21" slack="6"/>
</pin_list>
<bind>
<opset="add_ln75_4 "/>
</bind>
</comp>

<comp id="668" class="1005" name="bitcast_ln70_reg_668">
<pin_list>
<pin id="669" dir="0" index="0" bw="32" slack="1"/>
<pin id="670" dir="1" index="1" bw="32" slack="1"/>
</pin_list>
<bind>
<opset="bitcast_ln70 "/>
</bind>
</comp>

<comp id="673" class="1005" name="out_tile_1_load_reg_673">
<pin_list>
<pin id="674" dir="0" index="0" bw="32" slack="1"/>
<pin id="675" dir="1" index="1" bw="32" slack="1"/>
</pin_list>
<bind>
<opset="out_tile_1_load "/>
</bind>
</comp>

<comp id="678" class="1005" name="add19_i_reg_678">
<pin_list>
<pin id="679" dir="0" index="0" bw="32" slack="1"/>
<pin id="680" dir="1" index="1" bw="32" slack="1"/>
</pin_list>
<bind>
<opset="add19_i "/>
</bind>
</comp>

</comp_list>

<net_list>
<net id="89"><net_src comp="16" pin="0"/><net_sink comp="86" pin=0"/></net>

<net id="93"><net_src comp="16" pin="0"/><net_sink comp="90" pin=0"/></net>

<net id="97"><net_src comp="16" pin="0"/><net_sink comp="94" pin=0"/></net>

<net id="101"><net_src comp="16" pin="0"/><net_sink comp="98" pin=0"/></net>

<net id="105"><net_src comp="16" pin="0"/><net_sink comp="102" pin=0"/></net>

<net id="110"><net_src comp="28" pin="0"/><net_sink comp="106" pin=0"/></net>

<net id="111"><net_src comp="10" pin="0"/><net_sink comp="106" pin=1"/></net>

<net id="116"><net_src comp="30" pin="0"/><net_sink comp="112" pin=0"/></net>

<net id="117"><net_src comp="8" pin="0"/><net_sink comp="112" pin=1"/></net>

<net id="122"><net_src comp="32" pin="0"/><net_sink comp="118" pin=0"/></net>

<net id="123"><net_src comp="4" pin="0"/><net_sink comp="118" pin=1"/></net>

<net id="128"><net_src comp="28" pin="0"/><net_sink comp="124" pin=0"/></net>

<net id="129"><net_src comp="2" pin="0"/><net_sink comp="124" pin=1"/></net>

<net id="134"><net_src comp="30" pin="0"/><net_sink comp="130" pin=0"/></net>

<net id="135"><net_src comp="0" pin="0"/><net_sink comp="130" pin=1"/></net>

<net id="141"><net_src comp="6" pin="0"/><net_sink comp="136" pin=0"/></net>

<net id="142"><net_src comp="58" pin="0"/><net_sink comp="136" pin=1"/></net>

<net id="148"><net_src comp="136" pin="3"/><net_sink comp="143" pin=0"/></net>

<net id="154"><net_src comp="12" pin="0"/><net_sink comp="149" pin=0"/></net>

<net id="155"><net_src comp="58" pin="0"/><net_sink comp="149" pin=1"/></net>

<net id="161"><net_src comp="149" pin="3"/><net_sink comp="156" pin=0"/></net>

<net id="167"><net_src comp="14" pin="0"/><net_sink comp="162" pin=0"/></net>

<net id="168"><net_src comp="58" pin="0"/><net_sink comp="162" pin=1"/></net>

<net id="174"><net_src comp="162" pin="3"/><net_sink comp="169" pin=0"/></net>

<net id="183"><net_src comp="34" pin="0"/><net_sink comp="179" pin=0"/></net>

<net id="188"><net_src comp="36" pin="0"/><net_sink comp="184" pin=0"/></net>

<net id="193"><net_src comp="38" pin="0"/><net_sink comp="189" pin=0"/></net>

<net id="198"><net_src comp="40" pin="0"/><net_sink comp="194" pin=0"/></net>

<net id="203"><net_src comp="40" pin="0"/><net_sink comp="199" pin=0"/></net>

<net id="216"><net_src comp="204" pin="1"/><net_sink comp="213" pin=0"/></net>

<net id="220"><net_src comp="204" pin="1"/><net_sink comp="217" pin=0"/></net>

<net id="225"><net_src comp="217" pin="1"/><net_sink comp="221" pin=0"/></net>

<net id="230"><net_src comp="213" pin="1"/><net_sink comp="226" pin=0"/></net>

<net id="235"><net_src comp="210" pin="1"/><net_sink comp="231" pin=0"/></net>

<net id="236"><net_src comp="42" pin="0"/><net_sink comp="231" pin=1"/></net>

<net id="241"><net_src comp="210" pin="1"/><net_sink comp="237" pin=0"/></net>

<net id="242"><net_src comp="44" pin="0"/><net_sink comp="237" pin=1"/></net>

<net id="253"><net_src comp="246" pin="1"/><net_sink comp="249" pin=0"/></net>

<net id="254"><net_src comp="46" pin="0"/><net_sink comp="249" pin=1"/></net>

<net id="259"><net_src comp="207" pin="1"/><net_sink comp="255" pin=0"/></net>

<net id="260"><net_src comp="48" pin="0"/><net_sink comp="255" pin=1"/></net>

<net id="266"><net_src comp="255" pin="2"/><net_sink comp="261" pin=0"/></net>

<net id="267"><net_src comp="40" pin="0"/><net_sink comp="261" pin=1"/></net>

<net id="268"><net_src comp="204" pin="1"/><net_sink comp="261" pin=2"/></net>

<net id="274"><net_src comp="255" pin="2"/><net_sink comp="269" pin=0"/></net>

<net id="275"><net_src comp="249" pin="2"/><net_sink comp="269" pin=1"/></net>

<net id="276"><net_src comp="246" pin="1"/><net_sink comp="269" pin=2"/></net>

<net id="280"><net_src comp="269" pin="3"/><net_sink comp="277" pin=0"/></net>

<net id="286"><net_src comp="50" pin="0"/><net_sink comp="281" pin=0"/></net>

<net id="287"><net_src comp="277" pin="1"/><net_sink comp="281" pin=1"/></net>

<net id="288"><net_src comp="52" pin="0"/><net_sink comp="281" pin=2"/></net>

<net id="292"><net_src comp="269" pin="3"/><net_sink comp="289" pin=0"/></net>

<net id="297"><net_src comp="289" pin="1"/><net_sink comp="293" pin=0"/></net>

<net id="301"><net_src comp="293" pin="2"/><net_sink comp="298" pin=0"/></net>

<net id="302"><net_src comp="298" pin="1"/><net_sink comp="136" pin=2"/></net>

<net id="306"><net_src comp="293" pin="2"/><net_sink comp="303" pin=0"/></net>

<net id="312"><net_src comp="54" pin="0"/><net_sink comp="307" pin=0"/></net>

<net id="313"><net_src comp="293" pin="2"/><net_sink comp="307" pin=1"/></net>

<net id="314"><net_src comp="56" pin="0"/><net_sink comp="307" pin=2"/></net>

<net id="318"><net_src comp="307" pin="3"/><net_sink comp="315" pin=0"/></net>

<net id="323"><net_src comp="315" pin="1"/><net_sink comp="319" pin=0"/></net>

<net id="324"><net_src comp="303" pin="1"/><net_sink comp="319" pin=1"/></net>

<net id="328"><net_src comp="319" pin="2"/><net_sink comp="325" pin=0"/></net>

<net id="333"><net_src comp="56" pin="0"/><net_sink comp="329" pin=1"/></net>

<net id="339"><net_src comp="255" pin="2"/><net_sink comp="334" pin=0"/></net>

<net id="340"><net_src comp="329" pin="2"/><net_sink comp="334" pin=1"/></net>

<net id="341"><net_src comp="221" pin="2"/><net_sink comp="334" pin=2"/></net>

<net id="347"><net_src comp="255" pin="2"/><net_sink comp="342" pin=0"/></net>

<net id="348"><net_src comp="226" pin="2"/><net_sink comp="342" pin=2"/></net>

<net id="353"><net_src comp="255" pin="2"/><net_sink comp="349" pin=0"/></net>

<net id="354"><net_src comp="60" pin="0"/><net_sink comp="349" pin=1"/></net>

<net id="359"><net_src comp="243" pin="1"/><net_sink comp="355" pin=0"/></net>

<net id="360"><net_src comp="62" pin="0"/><net_sink comp="355" pin=1"/></net>

<net id="365"><net_src comp="355" pin="2"/><net_sink comp="361" pin=0"/></net>

<net id="366"><net_src comp="349" pin="2"/><net_sink comp="361" pin=1"/></net>

<net id="371"><net_src comp="261" pin="3"/><net_sink comp="367" pin=0"/></net>

<net id="372"><net_src comp="64" pin="0"/><net_sink comp="367" pin=1"/></net>

<net id="377"><net_src comp="361" pin="2"/><net_sink comp="373" pin=0"/></net>

<net id="378"><net_src comp="255" pin="2"/><net_sink comp="373" pin=1"/></net>

<net id="384"><net_src comp="373" pin="2"/><net_sink comp="379" pin=0"/></net>

<net id="385"><net_src comp="40" pin="0"/><net_sink comp="379" pin=1"/></net>

<net id="386"><net_src comp="243" pin="1"/><net_sink comp="379" pin=2"/></net>

<net id="392"><net_src comp="361" pin="2"/><net_sink comp="387" pin=0"/></net>

<net id="393"><net_src comp="367" pin="2"/><net_sink comp="387" pin=1"/></net>

<net id="394"><net_src comp="261" pin="3"/><net_sink comp="387" pin=2"/></net>

<net id="398"><net_src comp="387" pin="3"/><net_sink comp="395" pin=0"/></net>

<net id="403"><net_src comp="281" pin="3"/><net_sink comp="399" pin=0"/></net>

<net id="404"><net_src comp="395" pin="1"/><net_sink comp="399" pin=1"/></net>

<net id="410"><net_src comp="66" pin="0"/><net_sink comp="405" pin=0"/></net>

<net id="411"><net_src comp="399" pin="2"/><net_sink comp="405" pin=1"/></net>

<net id="412"><net_src comp="52" pin="0"/><net_sink comp="405" pin=2"/></net>

<net id="416"><net_src comp="367" pin="2"/><net_sink comp="413" pin=0"/></net>

<net id="420"><net_src comp="367" pin="2"/><net_sink comp="417" pin=0"/></net>

<net id="425"><net_src comp="417" pin="1"/><net_sink comp="421" pin=0"/></net>

<net id="431"><net_src comp="361" pin="2"/><net_sink comp="426" pin=0"/></net>

<net id="432"><net_src comp="421" pin="2"/><net_sink comp="426" pin=1"/></net>

<net id="433"><net_src comp="334" pin="3"/><net_sink comp="426" pin=2"/></net>

<net id="438"><net_src comp="413" pin="1"/><net_sink comp="434" pin=0"/></net>

<net id="444"><net_src comp="361" pin="2"/><net_sink comp="439" pin=0"/></net>

<net id="445"><net_src comp="434" pin="2"/><net_sink comp="439" pin=1"/></net>

<net id="446"><net_src comp="342" pin="3"/><net_sink comp="439" pin=2"/></net>

<net id="450"><net_src comp="439" pin="3"/><net_sink comp="447" pin=0"/></net>

<net id="455"><net_src comp="325" pin="1"/><net_sink comp="451" pin=0"/></net>

<net id="456"><net_src comp="447" pin="1"/><net_sink comp="451" pin=1"/></net>

<net id="460"><net_src comp="451" pin="2"/><net_sink comp="457" pin=0"/></net>

<net id="464"><net_src comp="451" pin="2"/><net_sink comp="461" pin=0"/></net>

<net id="470"><net_src comp="68" pin="0"/><net_sink comp="465" pin=0"/></net>

<net id="471"><net_src comp="461" pin="1"/><net_sink comp="465" pin=1"/></net>

<net id="472"><net_src comp="56" pin="0"/><net_sink comp="465" pin=2"/></net>

<net id="477"><net_src comp="465" pin="3"/><net_sink comp="473" pin=0"/></net>

<net id="478"><net_src comp="457" pin="1"/><net_sink comp="473" pin=1"/></net>

<net id="482"><net_src comp="379" pin="3"/><net_sink comp="479" pin=0"/></net>

<net id="487"><net_src comp="405" pin="3"/><net_sink comp="483" pin=0"/></net>

<net id="488"><net_src comp="479" pin="1"/><net_sink comp="483" pin=1"/></net>

<net id="492"><net_src comp="483" pin="2"/><net_sink comp="489" pin=0"/></net>

<net id="493"><net_src comp="489" pin="1"/><net_sink comp="149" pin=2"/></net>

<net id="497"><net_src comp="379" pin="3"/><net_sink comp="494" pin=0"/></net>

<net id="501"><net_src comp="379" pin="3"/><net_sink comp="498" pin=0"/></net>

<net id="506"><net_src comp="498" pin="1"/><net_sink comp="502" pin=0"/></net>

<net id="511"><net_src comp="502" pin="2"/><net_sink comp="507" pin=0"/></net>

<net id="512"><net_src comp="426" pin="3"/><net_sink comp="507" pin=1"/></net>

<net id="517"><net_src comp="494" pin="1"/><net_sink comp="513" pin=0"/></net>

<net id="521"><net_src comp="513" pin="2"/><net_sink comp="518" pin=0"/></net>

<net id="526"><net_src comp="473" pin="2"/><net_sink comp="522" pin=0"/></net>

<net id="527"><net_src comp="518" pin="1"/><net_sink comp="522" pin=1"/></net>

<net id="532"><net_src comp="379" pin="3"/><net_sink comp="528" pin=0"/></net>

<net id="533"><net_src comp="64" pin="0"/><net_sink comp="528" pin=1"/></net>

<net id="538"><net_src comp="207" pin="1"/><net_sink comp="534" pin=0"/></net>

<net id="539"><net_src comp="70" pin="0"/><net_sink comp="534" pin=1"/></net>

<net id="545"><net_src comp="255" pin="2"/><net_sink comp="540" pin=0"/></net>

<net id="546"><net_src comp="70" pin="0"/><net_sink comp="540" pin=1"/></net>

<net id="547"><net_src comp="534" pin="2"/><net_sink comp="540" pin=2"/></net>

<net id="552"><net_src comp="237" pin="2"/><net_sink comp="548" pin=0"/></net>

<net id="557"><net_src comp="269" pin="3"/><net_sink comp="553" pin=0"/></net>

<net id="562"><net_src comp="540" pin="3"/><net_sink comp="558" pin=0"/></net>

<net id="567"><net_src comp="387" pin="3"/><net_sink comp="563" pin=0"/></net>

<net id="572"><net_src comp="528" pin="2"/><net_sink comp="568" pin=0"/></net>

<net id="576"><net_src comp="143" pin="3"/><net_sink comp="573" pin=0"/></net>

<net id="580"><net_src comp="577" pin="1"/><net_sink comp="162" pin=2"/></net>

<net id="584"><net_src comp="86" pin="1"/><net_sink comp="581" pin=0"/></net>

<net id="585"><net_src comp="581" pin="1"/><net_sink comp="199" pin=1"/></net>

<net id="586"><net_src comp="581" pin="1"/><net_sink comp="243" pin=0"/></net>

<net id="587"><net_src comp="581" pin="1"/><net_sink comp="568" pin=1"/></net>

<net id="591"><net_src comp="90" pin="1"/><net_sink comp="588" pin=0"/></net>

<net id="592"><net_src comp="588" pin="1"/><net_sink comp="194" pin=1"/></net>

<net id="593"><net_src comp="588" pin="1"/><net_sink comp="204" pin=0"/></net>

<net id="594"><net_src comp="588" pin="1"/><net_sink comp="563" pin=1"/></net>

<net id="598"><net_src comp="94" pin="1"/><net_sink comp="595" pin=0"/></net>

<net id="599"><net_src comp="595" pin="1"/><net_sink comp="189" pin=1"/></net>

<net id="600"><net_src comp="595" pin="1"/><net_sink comp="207" pin=0"/></net>

<net id="601"><net_src comp="595" pin="1"/><net_sink comp="558" pin=1"/></net>

<net id="605"><net_src comp="98" pin="1"/><net_sink comp="602" pin=0"/></net>

<net id="606"><net_src comp="602" pin="1"/><net_sink comp="184" pin=1"/></net>

<net id="607"><net_src comp="602" pin="1"/><net_sink comp="246" pin=0"/></net>

<net id="608"><net_src comp="602" pin="1"/><net_sink comp="553" pin=1"/></net>

<net id="612"><net_src comp="102" pin="1"/><net_sink comp="609" pin=0"/></net>

<net id="613"><net_src comp="609" pin="1"/><net_sink comp="179" pin=1"/></net>

<net id="614"><net_src comp="609" pin="1"/><net_sink comp="210" pin=0"/></net>

<net id="615"><net_src comp="609" pin="1"/><net_sink comp="548" pin=1"/></net>

<net id="619"><net_src comp="106" pin="2"/><net_sink comp="616" pin=0"/></net>

<net id="620"><net_src comp="616" pin="1"/><net_sink comp="513" pin=1"/></net>

<net id="624"><net_src comp="112" pin="2"/><net_sink comp="621" pin=0"/></net>

<net id="625"><net_src comp="621" pin="1"/><net_sink comp="502" pin=1"/></net>

<net id="629"><net_src comp="118" pin="2"/><net_sink comp="626" pin=0"/></net>

<net id="630"><net_src comp="626" pin="1"/><net_sink comp="293" pin=1"/></net>

<net id="634"><net_src comp="124" pin="2"/><net_sink comp="631" pin=0"/></net>

<net id="635"><net_src comp="631" pin="1"/><net_sink comp="226" pin=1"/></net>

<net id="636"><net_src comp="631" pin="1"/><net_sink comp="342" pin=1"/></net>

<net id="637"><net_src comp="631" pin="1"/><net_sink comp="434" pin=1"/></net>

<net id="641"><net_src comp="130" pin="2"/><net_sink comp="638" pin=0"/></net>

<net id="642"><net_src comp="638" pin="1"/><net_sink comp="221" pin=1"/></net>

<net id="643"><net_src comp="638" pin="1"/><net_sink comp="329" pin=0"/></net>

<net id="644"><net_src comp="638" pin="1"/><net_sink comp="421" pin=1"/></net>

<net id="648"><net_src comp="231" pin="2"/><net_sink comp="645" pin=0"/></net>

<net id="652"><net_src comp="136" pin="3"/><net_sink comp="649" pin=0"/></net>

<net id="653"><net_src comp="649" pin="1"/><net_sink comp="143" pin=0"/></net>

<net id="657"><net_src comp="149" pin="3"/><net_sink comp="654" pin=0"/></net>

<net id="658"><net_src comp="654" pin="1"/><net_sink comp="156" pin=0"/></net>

<net id="662"><net_src comp="507" pin="2"/><net_sink comp="659" pin=0"/></net>

<net id="666"><net_src comp="522" pin="2"/><net_sink comp="663" pin=0"/></net>

<net id="667"><net_src comp="663" pin="1"/><net_sink comp="577" pin=0"/></net>

<net id="671"><net_src comp="573" pin="1"/><net_sink comp="668" pin=0"/></net>

<net id="672"><net_src comp="668" pin="1"/><net_sink comp="175" pin=1"/></net>

<net id="676"><net_src comp="156" pin="3"/><net_sink comp="673" pin=0"/></net>

<net id="677"><net_src comp="673" pin="1"/><net_sink comp="175" pin=0"/></net>

<net id="681"><net_src comp="175" pin="2"/><net_sink comp="678" pin=0"/></net>

<net id="682"><net_src comp="678" pin="1"/><net_sink comp="169" pin=1"/></net>

</net_list>

</model> 
---------------- Datapath Model END ------------------

* FSMD analyzer results:
  - Output states:
	Port: feat2 | {8 }
 - Input state : 
	Port: conv2_Pipeline_VITIS_LOOP_70_1_VITIS_LOOP_71_2_VITIS_LOOP_72_3 : select_ln67_5 | {1 }
	Port: conv2_Pipeline_VITIS_LOOP_70_1_VITIS_LOOP_71_2_VITIS_LOOP_72_3 : select_ln93 | {1 }
	Port: conv2_Pipeline_VITIS_LOOP_70_1_VITIS_LOOP_71_2_VITIS_LOOP_72_3 : trunc_ln67_mid2 | {1 }
	Port: conv2_Pipeline_VITIS_LOOP_70_1_VITIS_LOOP_71_2_VITIS_LOOP_72_3 : conv2_biases | {2 3 }
	Port: conv2_Pipeline_VITIS_LOOP_70_1_VITIS_LOOP_71_2_VITIS_LOOP_72_3 : zext_ln99 | {1 }
	Port: conv2_Pipeline_VITIS_LOOP_70_1_VITIS_LOOP_71_2_VITIS_LOOP_72_3 : select_ln67_4 | {1 }
	Port: conv2_Pipeline_VITIS_LOOP_70_1_VITIS_LOOP_71_2_VITIS_LOOP_72_3 : out_tile_1 | {2 3 }
  - Chain level:
	State 1
		store_ln0 : 1
		store_ln0 : 1
		store_ln0 : 1
		store_ln0 : 1
		store_ln0 : 1
	State 2
		zext_ln71 : 1
		zext_ln71_1 : 1
		cmp10_i28 : 2
		empty : 2
		icmp_ln70 : 1
		add_ln70_1 : 1
		br_ln70 : 2
		add_ln70 : 1
		icmp_ln71 : 1
		select_ln70 : 2
		select_ln70_1 : 2
		trunc_ln75 : 3
		tmp_24_cast : 4
		zext_ln70 : 3
		add_ln70_2 : 4
		zext_ln70_1 : 5
		zext_ln75 : 5
		tmp_s : 5
		zext_ln75_1 : 6
		sub_ln75 : 7
		sext_ln75 : 8
		conv2_biases_addr : 6
		conv2_biases_load : 7
		select_ln70_2 : 3
		select_ln70_3 : 3
		xor_ln70 : 2
		icmp_ln72 : 1
		and_ln70 : 2
		add_ln71 : 3
		or_ln71 : 2
		select_ln71 : 2
		select_ln71_1 : 2
		zext_ln75_2 : 3
		add_ln75_1 : 4
		tmp_3 : 5
		zext_ln71_2 : 4
		add_ln71_cast : 4
		cmp10_i28_mid1 : 5
		select_ln71_2 : 6
		p_mid138 : 5
		select_ln71_3 : 6
		zext_ln75_3 : 7
		add_ln75_2 : 9
		sext_ln75_1 : 10
		trunc_ln75_1 : 10
		p_shl2 : 11
		sub_ln75_1 : 12
		zext_ln75_4 : 3
		add_ln75_3 : 6
		zext_ln75_5 : 7
		out_tile_1_addr : 8
		zext_ln72 : 3
		zext_ln73 : 3
		icmp_ln74 : 4
		and_ln74 : 5
		br_ln74 : 5
		out_tile_1_load : 9
		add_ln75 : 4
		zext_ln75_6 : 5
		add_ln75_4 : 13
		add_ln72 : 3
		add_ln71_1 : 1
		select_ln71_4 : 2
		store_ln72 : 2
		store_ln72 : 3
		store_ln72 : 3
		store_ln72 : 3
		store_ln72 : 4
	State 3
		bitcast_ln70 : 1
	State 4
	State 5
	State 6
	State 7
	State 8
		feat2_addr : 1
		store_ln75 : 2


============================================================
+ Verbose Summary: Datapath Resource usage 
============================================================

* Functional unit list:
|----------|----------------------------------|---------|---------|---------|
| Operation|          Functional Unit         |   DSP   |    FF   |   LUT   |
|----------|----------------------------------|---------|---------|---------|
|   fadd   |            grp_fu_175            |    2    |   227   |   214   |
|----------|----------------------------------|---------|---------|---------|
|          |           empty_fu_226           |    0    |    0    |    16   |
|          |         add_ln70_1_fu_237        |    0    |    0    |    21   |
|          |          add_ln70_fu_249         |    0    |    0    |    12   |
|          |         add_ln70_2_fu_293        |    0    |    0    |    12   |
|          |          add_ln71_fu_367         |    0    |    0    |    13   |
|          |         add_ln75_1_fu_399        |    0    |    0    |    15   |
|    add   |          p_mid138_fu_434         |    0    |    0    |    16   |
|          |         add_ln75_2_fu_451        |    0    |    0    |    21   |
|          |         add_ln75_3_fu_483        |    0    |    0    |    20   |
|          |          add_ln75_fu_513         |    0    |    0    |    16   |
|          |         add_ln75_4_fu_522        |    0    |    0    |    28   |
|          |          add_ln72_fu_528         |    0    |    0    |    13   |
|          |         add_ln71_1_fu_534        |    0    |    0    |    19   |
|----------|----------------------------------|---------|---------|---------|
|          |         cmp10_i28_fu_221         |    0    |    0    |    15   |
|          |         icmp_ln70_fu_231         |    0    |    0    |    21   |
|          |         icmp_ln71_fu_255         |    0    |    0    |    19   |
|   icmp   |      cmp10_i28_mid157_fu_329     |    0    |    0    |    15   |
|          |         icmp_ln72_fu_355         |    0    |    0    |    13   |
|          |       cmp10_i28_mid1_fu_421      |    0    |    0    |    15   |
|          |         icmp_ln74_fu_502         |    0    |    0    |    15   |
|----------|----------------------------------|---------|---------|---------|
|          |        select_ln70_fu_261        |    0    |    0    |    6    |
|          |       select_ln70_1_fu_269       |    0    |    0    |    4    |
|          |       select_ln70_2_fu_334       |    0    |    0    |    2    |
|          |       select_ln70_3_fu_342       |    0    |    0    |    9    |
|  select  |        select_ln71_fu_379        |    0    |    0    |    6    |
|          |       select_ln71_1_fu_387       |    0    |    0    |    6    |
|          |       select_ln71_2_fu_426       |    0    |    0    |    2    |
|          |       select_ln71_3_fu_439       |    0    |    0    |    9    |
|          |       select_ln71_4_fu_540       |    0    |    0    |    11   |
|----------|----------------------------------|---------|---------|---------|
|    sub   |          sub_ln75_fu_319         |    0    |    0    |    20   |
|          |         sub_ln75_1_fu_473        |    0    |    0    |    28   |
|----------|----------------------------------|---------|---------|---------|
|    and   |          and_ln70_fu_361         |    0    |    0    |    2    |
|          |          and_ln74_fu_507         |    0    |    0    |    2    |
|----------|----------------------------------|---------|---------|---------|
|    xor   |          xor_ln70_fu_349         |    0    |    0    |    2    |
|----------|----------------------------------|---------|---------|---------|
|    or    |          or_ln71_fu_373          |    0    |    0    |    2    |
|----------|----------------------------------|---------|---------|---------|
|          |  select_ln67_4_read_read_fu_106  |    0    |    0    |    0    |
|          |    zext_ln99_read_read_fu_112    |    0    |    0    |    0    |
|   read   | trunc_ln67_mid2_read_read_fu_118 |    0    |    0    |    0    |
|          |   select_ln93_read_read_fu_124   |    0    |    0    |    0    |
|          |  select_ln67_5_read_read_fu_130  |    0    |    0    |    0    |
|----------|----------------------------------|---------|---------|---------|
|          |         zext_ln71_fu_213         |    0    |    0    |    0    |
|          |        zext_ln71_1_fu_217        |    0    |    0    |    0    |
|          |         zext_ln70_fu_289         |    0    |    0    |    0    |
|          |        zext_ln70_1_fu_298        |    0    |    0    |    0    |
|          |         zext_ln75_fu_303         |    0    |    0    |    0    |
|          |        zext_ln75_1_fu_315        |    0    |    0    |    0    |
|          |        zext_ln75_2_fu_395        |    0    |    0    |    0    |
|   zext   |        zext_ln71_2_fu_413        |    0    |    0    |    0    |
|          |       add_ln71_cast_fu_417       |    0    |    0    |    0    |
|          |        zext_ln75_3_fu_447        |    0    |    0    |    0    |
|          |        zext_ln75_4_fu_479        |    0    |    0    |    0    |
|          |        zext_ln75_5_fu_489        |    0    |    0    |    0    |
|          |         zext_ln72_fu_494         |    0    |    0    |    0    |
|          |         zext_ln73_fu_498         |    0    |    0    |    0    |
|          |        zext_ln75_6_fu_518        |    0    |    0    |    0    |
|          |        zext_ln75_7_fu_577        |    0    |    0    |    0    |
|----------|----------------------------------|---------|---------|---------|
|   trunc  |         trunc_ln75_fu_277        |    0    |    0    |    0    |
|          |        trunc_ln75_1_fu_461       |    0    |    0    |    0    |
|----------|----------------------------------|---------|---------|---------|
|          |        tmp_24_cast_fu_281        |    0    |    0    |    0    |
|bitconcatenate|           tmp_s_fu_307           |    0    |    0    |    0    |
|          |           tmp_3_fu_405           |    0    |    0    |    0    |
|          |           p_shl2_fu_465          |    0    |    0    |    0    |
|----------|----------------------------------|---------|---------|---------|
|   sext   |         sext_ln75_fu_325         |    0    |    0    |    0    |
|          |        sext_ln75_1_fu_457        |    0    |    0    |    0    |
|----------|----------------------------------|---------|---------|---------|
|   Total  |                                  |    2    |   227   |   660   |
|----------|----------------------------------|---------|---------|---------|

Memories:
N/A

* Register list:
+----------------------------+--------+
|                            |   FF   |
+----------------------------+--------+
|       add19_i_reg_678      |   32   |
|     add_ln75_4_reg_663     |   21   |
|      and_ln74_reg_659      |    1   |
|    bitcast_ln70_reg_668    |   32   |
|  conv2_biases_addr_reg_649 |    5   |
|      icmp_ln70_reg_645     |    1   |
|  indvar_flatten40_reg_595  |   12   |
|  indvar_flatten65_reg_609  |   14   |
|   out_tile_1_addr_reg_654  |   13   |
|   out_tile_1_load_reg_673  |   32   |
| select_ln67_4_read_reg_616 |    9   |
| select_ln67_5_read_reg_638 |    8   |
|  select_ln93_read_reg_631  |    9   |
|         th_reg_588         |    6   |
|         tn_reg_602         |    4   |
|trunc_ln67_mid2_read_reg_626|    5   |
|         tw_reg_581         |    6   |
|   zext_ln99_read_reg_621   |    8   |
+----------------------------+--------+
|            Total           |   218  |
+----------------------------+--------+

* Multiplexer (MUX) list: 
|-------------------|------|------|------|--------||---------||---------|
|        Comp       |  Pin | Size |  BW  | S x BW ||  Delay  ||   LUT   |
|-------------------|------|------|------|--------||---------||---------|
| grp_access_fu_143 |  p0  |   2  |   5  |   10   ||    9    |
| grp_access_fu_156 |  p0  |   2  |  13  |   26   ||    9    |
|-------------------|------|------|------|--------||---------||---------|
|       Total       |      |      |      |   36   ||  0.854  ||    18   |
|-------------------|------|------|------|--------||---------||---------|



* Summary:
+-----------+--------+--------+--------+--------+
|           |   DSP  |  Delay |   FF   |   LUT  |
+-----------+--------+--------+--------+--------+
|  Function |    2   |    -   |   227  |   660  |
|   Memory  |    -   |    -   |    -   |    -   |
|Multiplexer|    -   |    0   |    -   |   18   |
|  Register |    -   |    -   |   218  |    -   |
+-----------+--------+--------+--------+--------+
|   Total   |    2   |    0   |   445  |   678  |
+-----------+--------+--------+--------+--------+
