

================================================================
== Vitis HLS Report for 'conv2'
================================================================
* Date:           Fri Oct 31 01:55:12 2025

* Version:        2023.1 (Build 3854077 on May  4 2023)
* Project:        srcnn_hls
* Solution:       solution1 (Vivado IP Flow Target)
* Product family: zynquplus
* Target device:  xck26-sfvc784-2LV-c


================================================================
== Performance Estimates
================================================================
+ Timing: 
    * Summary: 
    +--------+----------+----------+------------+
    |  Clock |  Target  | Estimated| Uncertainty|
    +--------+----------+----------+------------+
    |ap_clk  |  10.00 ns|  7.300 ns|     2.70 ns|
    +--------+----------+----------+------------+

+ Latency: 
    * Summary: 
    +----------+-----------+-----------+-----------+----------+-----------+---------+
    |   Latency (cycles)   |   Latency (absolute)  |       Interval       | Pipeline|
    |    min   |    max    |    min    |    max    |    min   |    max    |   Type  |
    +----------+-----------+-----------+-----------+----------+-----------+---------+
    |  56220161|  374987265|  0.562 sec|  3.750 sec|  56220161|  374987265|       no|
    +----------+-----------+-----------+-----------+----------+-----------+---------+

    + Detail: 
        * Instance: 
        +-----------------------------------------------------------------------------+------------------------------------------------------------------+---------+---------+-----------+-----------+------+------+---------+
        |                                                                             |                                                                  |  Latency (cycles) |   Latency (absolute)  |   Interval  | Pipeline|
        |                                   Instance                                  |                              Module                              |   min   |   max   |    min    |    max    |  min |  max |   Type  |
        +-----------------------------------------------------------------------------+------------------------------------------------------------------+---------+---------+-----------+-----------+------+------+---------+
        |grp_conv2_Pipeline_VITIS_LOOP_99_4_VITIS_LOOP_100_5_VITIS_LOOP_101_6_fu_323  |conv2_Pipeline_VITIS_LOOP_99_4_VITIS_LOOP_100_5_VITIS_LOOP_101_6  |     8194|     8194|  81.940 us|  81.940 us|  8194|  8194|       no|
        |grp_conv2_Pipeline_VITIS_LOOP_24_3_fu_331                                    |conv2_Pipeline_VITIS_LOOP_24_3                                    |     1035|     1035|  10.350 us|  10.350 us|  1035|  1035|       no|
        |grp_conv2_Pipeline_VITIS_LOOP_72_3_fu_346                                    |conv2_Pipeline_VITIS_LOOP_72_3                                    |     8212|     8212|  82.120 us|  82.120 us|  8212|  8212|       no|
        |grp_conv2_Pipeline_VITIS_LOOP_53_3_fu_363                                    |conv2_Pipeline_VITIS_LOOP_53_3                                    |       18|       18|   0.180 us|   0.180 us|    18|    18|       no|
        +-----------------------------------------------------------------------------+------------------------------------------------------------------+---------+---------+-----------+-----------+------+------+---------+

        * Loop: 
        +---------------------------------------------------+----------+-----------+------------------+-----------+-----------+------+----------+
        |                                                   |   Latency (cycles)   |     Iteration    |  Initiation Interval  | Trip |          |
        |                     Loop Name                     |    min   |    max    |      Latency     |  achieved |   target  | Count| Pipelined|
        +---------------------------------------------------+----------+-----------+------------------+-----------+-----------+------+----------+
        |- VITIS_LOOP_90_1_VITIS_LOOP_93_2_VITIS_LOOP_95_3  |  56220160|  374987264|  219610 ~ 1464794|          -|          -|   256|        no|
        | + VITIS_LOOP_106_7                                |    203200|    1448384|      3175 ~ 22631|          -|          -|    64|        no|
        |  ++ VITIS_LOOP_36_1                               |        88|         88|                11|          -|          -|     8|        no|
        |  ++ VITIS_LOOP_50_1_VITIS_LOOP_51_2               |      2048|      21504|            2 ~ 21|          -|          -|  1024|        no|
        +---------------------------------------------------+----------+-----------+------------------+-----------+-----------+------+----------+



================================================================
== Utilization Estimates
================================================================
* Summary: 
+-----------------+---------+------+--------+--------+-----+
|       Name      | BRAM_18K|  DSP |   FF   |   LUT  | URAM|
+-----------------+---------+------+--------+--------+-----+
|DSP              |        -|     -|       -|       -|    -|
|Expression       |        -|     -|       0|     796|    -|
|FIFO             |        -|     -|       -|       -|    -|
|Instance         |        -|     2|    1157|    2062|    -|
|Memory           |       18|     -|      32|       4|    0|
|Multiplexer      |        -|     -|       -|     598|    -|
|Register         |        -|     -|     531|       -|    -|
+-----------------+---------+------+--------+--------+-----+
|Total            |       18|     2|    1720|    3460|    0|
+-----------------+---------+------+--------+--------+-----+
|Available        |      288|  1248|  234240|  117120|   64|
+-----------------+---------+------+--------+--------+-----+
|Utilization (%)  |        6|    ~0|      ~0|       2|    0|
+-----------------+---------+------+--------+--------+-----+

+ Detail: 
    * Instance: 
    +-----------------------------------------------------------------------------+------------------------------------------------------------------+---------+----+-----+------+-----+
    |                                   Instance                                  |                              Module                              | BRAM_18K| DSP|  FF |  LUT | URAM|
    +-----------------------------------------------------------------------------+------------------------------------------------------------------+---------+----+-----+------+-----+
    |grp_conv2_Pipeline_VITIS_LOOP_24_3_fu_331                                    |conv2_Pipeline_VITIS_LOOP_24_3                                    |        0|   0|  285|   547|    0|
    |grp_conv2_Pipeline_VITIS_LOOP_53_3_fu_363                                    |conv2_Pipeline_VITIS_LOOP_53_3                                    |        0|   0|  307|   161|    0|
    |grp_conv2_Pipeline_VITIS_LOOP_72_3_fu_346                                    |conv2_Pipeline_VITIS_LOOP_72_3                                    |        0|   2|  520|  1016|    0|
    |grp_conv2_Pipeline_VITIS_LOOP_99_4_VITIS_LOOP_100_5_VITIS_LOOP_101_6_fu_323  |conv2_Pipeline_VITIS_LOOP_99_4_VITIS_LOOP_100_5_VITIS_LOOP_101_6  |        0|   0|   45|   338|    0|
    +-----------------------------------------------------------------------------+------------------------------------------------------------------+---------+----+-----+------+-----+
    |Total                                                                        |                                                                  |        0|   2| 1157|  2062|    0|
    +-----------------------------------------------------------------------------+------------------------------------------------------------------+---------+----+-----+------+-----+

    * DSP: 
    N/A

    * Memory: 
    +--------------+--------------------------------+---------+----+----+-----+------+-----+------+-------------+
    |    Memory    |             Module             | BRAM_18K| FF | LUT| URAM| Words| Bits| Banks| W*Bits*Banks|
    +--------------+--------------------------------+---------+----+----+-----+------+-----+------+-------------+
    |in_tile_0_U   |conv2_in_tile_0_RAM_AUTO_1R1W   |        2|   0|   0|    0|  1024|   32|     1|        32768|
    |out_tile_1_U  |conv2_out_tile_1_RAM_AUTO_1R1W  |       16|   0|   0|    0|  8192|   32|     1|       262144|
    |w_tile_0_U    |conv2_w_tile_0_RAM_AUTO_1R1W    |        0|  32|   4|    0|     8|   32|     1|          256|
    +--------------+--------------------------------+---------+----+----+-----+------+-----+------+-------------+
    |Total         |                                |       18|  32|   4|    0|  9224|   96|     3|       295168|
    +--------------+--------------------------------+---------+----+----+-----+------+-----+------+-------------+

    * FIFO: 
    N/A

    * Expression: 
    +----------------------------------+----------+----+---+----+------------+------------+
    |           Variable Name          | Operation| DSP| FF| LUT| Bitwidth P0| Bitwidth P1|
    +----------------------------------+----------+----+---+----+------------+------------+
    |add_ln106_fu_662_p2               |         +|   0|  0|  31|          24|          18|
    |add_ln107_fu_674_p2               |         +|   0|  0|  14|           7|           1|
    |add_ln36_fu_744_p2                |         +|   0|  0|  12|           4|           1|
    |add_ln39_1_fu_782_p2              |         +|   0|  0|  64|          64|          64|
    |add_ln39_fu_777_p2                |         +|   0|  0|  64|          64|          64|
    |add_ln50_1_fu_826_p2              |         +|   0|  0|  18|          11|           1|
    |add_ln50_fu_832_p2                |         +|   0|  0|  13|           6|           1|
    |add_ln51_fu_919_p2                |         +|   0|  0|  13|           6|           1|
    |add_ln90_fu_445_p2                |         +|   0|  0|  16|           9|           1|
    |add_ln91_fu_629_p2                |         +|   0|  0|  13|           6|           4|
    |add_ln93_fu_689_p2                |         +|   0|  0|  15|           8|           1|
    |add_ln94_1_fu_502_p2              |         +|   0|  0|  16|           9|           6|
    |add_ln94_2_fu_516_p2              |         +|   0|  0|  16|           9|           7|
    |add_ln94_fu_409_p2                |         +|   0|  0|  16|           9|           6|
    |add_ln96_fu_565_p2                |         +|   0|  0|  16|           9|           6|
    |empty_73_fu_893_p2                |         +|   0|  0|  17|          10|          10|
    |tmp3_fu_684_p2                    |         +|   0|  0|  71|          64|          64|
    |tmp_fu_657_p2                     |         +|   0|  0|  71|          64|          64|
    |and_ln52_fu_913_p2                |       and|   0|  0|   2|           1|           1|
    |ap_block_state19_on_subcall_done  |       and|   0|  0|   2|           1|           1|
    |cmp5_i14_fu_815_p2                |      icmp|   0|  0|  15|           8|           8|
    |cmp5_i14_mid1_fu_876_p2           |      icmp|   0|  0|  15|           8|           8|
    |icmp_ln106_1_fu_668_p2            |      icmp|   0|  0|  15|           7|           8|
    |icmp_ln106_fu_612_p2              |      icmp|   0|  0|  10|           3|           1|
    |icmp_ln36_fu_738_p2               |      icmp|   0|  0|  12|           4|           5|
    |icmp_ln50_fu_820_p2               |      icmp|   0|  0|  19|          11|          12|
    |icmp_ln51_fu_838_p2               |      icmp|   0|  0|  14|           6|           7|
    |icmp_ln52_fu_908_p2               |      icmp|   0|  0|  15|           8|           8|
    |icmp_ln90_fu_439_p2               |      icmp|   0|  0|  17|           9|          10|
    |icmp_ln93_fu_454_p2               |      icmp|   0|  0|  15|           8|           7|
    |icmp_ln95_fu_490_p2               |      icmp|   0|  0|  16|           9|           8|
    |or_ln67_1_fu_476_p2               |        or|   0|  0|   2|           1|           1|
    |or_ln67_fu_496_p2                 |        or|   0|  0|   2|           1|           1|
    |select_ln106_fu_618_p3            |    select|   0|  0|   7|           1|           6|
    |select_ln50_1_fu_852_p3           |    select|   0|  0|   6|           1|           6|
    |select_ln50_2_fu_881_p3           |    select|   0|  0|   2|           1|           1|
    |select_ln50_fu_844_p3             |    select|   0|  0|   6|           1|           1|
    |select_ln67_1_fu_468_p3           |    select|   0|  0|   9|           1|           1|
    |select_ln67_2_fu_635_p3           |    select|   0|  0|   6|           1|           6|
    |select_ln67_3_fu_482_p3           |    select|   0|  0|   8|           1|           6|
    |select_ln67_4_fu_508_p3           |    select|   0|  0|   9|           1|           9|
    |select_ln67_5_fu_548_p3           |    select|   0|  0|   8|           1|           8|
    |select_ln67_fu_460_p3             |    select|   0|  0|   9|           1|           1|
    |select_ln93_1_fu_695_p3           |    select|   0|  0|   8|           1|           1|
    |select_ln93_fu_557_p3             |    select|   0|  0|   9|           1|           9|
    |select_ln94_fu_540_p3             |    select|   0|  0|   8|           1|           8|
    |tW_fu_589_p3                      |    select|   0|  0|   8|           1|           8|
    |xor_ln94_1_fu_534_p2              |       xor|   0|  0|   8|           8|           2|
    |xor_ln94_2_fu_423_p2              |       xor|   0|  0|   2|           1|           2|
    |xor_ln94_fu_433_p2                |       xor|   0|  0|   8|           8|           2|
    |xor_ln96_fu_583_p2                |       xor|   0|  0|   8|           8|           2|
    +----------------------------------+----------+----+---+----+------------+------------+
    |Total                             |          |   0|  0| 796|         507|         485|
    +----------------------------------+----------+----+---+----+------------+------------+

    * Multiplexer: 
    +--------------------------+-----+-----------+-----+-----------+
    |           Name           | LUT | Input Size| Bits| Total Bits|
    +--------------------------+-----+-----------+-----+-----------+
    |ap_NS_fsm                 |  106|         21|    1|         21|
    |c0_reg_256                |    9|          2|    7|         14|
    |grp_fu_1145_ce            |    9|          2|    1|          2|
    |grp_fu_1149_ce            |   14|          3|    1|          3|
    |grp_fu_1149_p0            |   14|          3|   32|         96|
    |grp_fu_1149_p1            |   14|          3|   32|         96|
    |in_tile_0_address0        |   14|          3|   10|         30|
    |in_tile_0_ce0             |   14|          3|    1|          3|
    |in_tile_0_we0             |    9|          2|    1|          2|
    |indvar_flatten128_fu_182  |    9|          2|    8|         16|
    |indvar_flatten151_fu_190  |    9|          2|    9|         18|
    |indvar_flatten38_reg_290  |    9|          2|   11|         22|
    |m_axi_feat_ARVALID        |    9|          2|    1|          2|
    |m_axi_feat_AWVALID        |    9|          2|    1|          2|
    |m_axi_feat_BREADY         |    9|          2|    1|          2|
    |m_axi_feat_RREADY         |    9|          2|    1|          2|
    |m_axi_feat_WVALID         |    9|          2|    1|          2|
    |m_axi_w2_ARADDR           |   14|          3|   64|        192|
    |m_axi_w2_ARBURST          |    9|          2|    2|          4|
    |m_axi_w2_ARCACHE          |    9|          2|    4|          8|
    |m_axi_w2_ARID             |    9|          2|    1|          2|
    |m_axi_w2_ARLEN            |   14|          3|   32|         96|
    |m_axi_w2_ARLOCK           |    9|          2|    2|          4|
    |m_axi_w2_ARPROT           |    9|          2|    3|          6|
    |m_axi_w2_ARQOS            |    9|          2|    4|          8|
    |m_axi_w2_ARREGION         |    9|          2|    4|          8|
    |m_axi_w2_ARSIZE           |    9|          2|    3|          6|
    |m_axi_w2_ARUSER           |    9|          2|    1|          2|
    |m_axi_w2_ARVALID          |   14|          3|    1|          3|
    |m_axi_w2_RREADY           |   14|          3|    1|          3|
    |n0_fu_186                 |    9|          2|    6|         12|
    |out_tile_1_address0       |   20|          4|   13|         52|
    |out_tile_1_ce0            |   20|          4|    1|          4|
    |out_tile_1_ce1            |    9|          2|    1|          2|
    |out_tile_1_d0             |   14|          3|   32|         96|
    |out_tile_1_we0            |   14|          3|    1|          3|
    |phi_mul_reg_267           |    9|          2|   24|         48|
    |th_reg_301                |    9|          2|    6|         12|
    |tn_reg_279                |    9|          2|    4|          8|
    |tw_reg_312                |    9|          2|    6|         12|
    |w2_blk_n_AR               |    9|          2|    1|          2|
    |w2_blk_n_R                |    9|          2|    1|          2|
    |w_tile_0_address0         |   14|          3|    3|          9|
    |w_tile_0_ce0              |   14|          3|    1|          3|
    |x0_fu_174                 |    9|          2|    9|         18|
    |y0_fu_178                 |    9|          2|    9|         18|
    +--------------------------+-----+-----------+-----+-----------+
    |Total                     |  598|        128|  359|        976|
    +--------------------------+-----+-----------+-----+-----------+

    * Register: 
    +------------------------------------------------------------------------------------------+----+----+-----+-----------+
    |                                           Name                                           | FF | LUT| Bits| Const Bits|
    +------------------------------------------------------------------------------------------+----+----+-----+-----------+
    |add_ln106_reg_1054                                                                        |  24|   0|   24|          0|
    |add_ln107_reg_1062                                                                        |   7|   0|    7|          0|
    |add_ln36_reg_1090                                                                         |   4|   0|    4|          0|
    |add_ln50_1_reg_1109                                                                       |  11|   0|   11|          0|
    |add_ln90_reg_982                                                                          |   9|   0|    9|          0|
    |add_ln96_reg_1009                                                                         |   9|   0|    9|          0|
    |and_ln52_reg_1131                                                                         |   1|   0|    1|          0|
    |ap_CS_fsm                                                                                 |  20|   0|   20|          0|
    |c0_reg_256                                                                                |   7|   0|    7|          0|
    |grp_conv2_Pipeline_VITIS_LOOP_24_3_fu_331_ap_start_reg                                    |   1|   0|    1|          0|
    |grp_conv2_Pipeline_VITIS_LOOP_53_3_fu_363_ap_start_reg                                    |   1|   0|    1|          0|
    |grp_conv2_Pipeline_VITIS_LOOP_72_3_fu_346_ap_start_reg                                    |   1|   0|    1|          0|
    |grp_conv2_Pipeline_VITIS_LOOP_99_4_VITIS_LOOP_100_5_VITIS_LOOP_101_6_fu_323_ap_start_reg  |   1|   0|    1|          0|
    |icmp_ln93_reg_987                                                                         |   1|   0|    1|          0|
    |in_tile_0_load_reg_1135                                                                   |  32|   0|   32|          0|
    |indvar_flatten128_fu_182                                                                  |   8|   0|    8|          0|
    |indvar_flatten151_fu_190                                                                  |   9|   0|    9|          0|
    |indvar_flatten38_reg_290                                                                  |  11|   0|   11|          0|
    |n0_fu_186                                                                                 |   6|   0|    6|          0|
    |phi_mul_reg_267                                                                           |  24|   0|   24|          0|
    |select_ln106_reg_1027                                                                     |   6|   0|    6|          0|
    |select_ln50_1_reg_1120                                                                    |   6|   0|    6|          0|
    |select_ln50_reg_1114                                                                      |   6|   0|    6|          0|
    |select_ln67_2_reg_1033                                                                    |   6|   0|    6|          0|
    |select_ln67_5_reg_993                                                                     |   8|   0|    8|          0|
    |select_ln93_reg_1002                                                                      |   9|   0|    9|          0|
    |tW_reg_1019                                                                               |   8|   0|    8|          0|
    |th_reg_301                                                                                |   6|   0|    6|          0|
    |tmp3_reg_1072                                                                             |  64|   0|   64|          0|
    |tmp_reg_1049                                                                              |  64|   0|   64|          0|
    |tn_reg_279                                                                                |   4|   0|    4|          0|
    |trunc_ln39_reg_1067                                                                       |   6|   0|    6|          0|
    |trunc_ln67_reg_1039                                                                       |   5|   0|    5|          0|
    |trunc_ln96_reg_1014                                                                       |   8|   0|    8|          0|
    |tw_reg_312                                                                                |   6|   0|    6|          0|
    |w2_addr_read_reg_1101                                                                     |  32|   0|   32|          0|
    |w2_addr_reg_1095                                                                          |  64|   0|   64|          0|
    |x0_fu_174                                                                                 |   9|   0|    9|          0|
    |y0_fu_178                                                                                 |   9|   0|    9|          0|
    |zext_ln106_reg_1044                                                                       |   8|   0|   64|         56|
    |zext_ln36_1_reg_1082                                                                      |   4|   0|   64|         60|
    |zext_ln36_reg_1077                                                                        |   6|   0|   64|         58|
    +------------------------------------------------------------------------------------------+----+----+-----+-----------+
    |Total                                                                                     | 531|   0|  705|        174|
    +------------------------------------------------------------------------------------------+----+----+-----+-----------+



================================================================
== Interface
================================================================
* Summary: 
+---------------------+-----+-----+------------+--------------+--------------+
|      RTL Ports      | Dir | Bits|  Protocol  | Source Object|    C Type    |
+---------------------+-----+-----+------------+--------------+--------------+
|ap_clk               |   in|    1|  ap_ctrl_hs|         conv2|  return value|
|ap_rst               |   in|    1|  ap_ctrl_hs|         conv2|  return value|
|ap_start             |   in|    1|  ap_ctrl_hs|         conv2|  return value|
|ap_done              |  out|    1|  ap_ctrl_hs|         conv2|  return value|
|ap_idle              |  out|    1|  ap_ctrl_hs|         conv2|  return value|
|ap_ready             |  out|    1|  ap_ctrl_hs|         conv2|  return value|
|grp_fu_914_p_din0    |  out|   32|  ap_ctrl_hs|         conv2|  return value|
|grp_fu_914_p_din1    |  out|   32|  ap_ctrl_hs|         conv2|  return value|
|grp_fu_914_p_dout0   |   in|   32|  ap_ctrl_hs|         conv2|  return value|
|grp_fu_914_p_ce      |  out|    1|  ap_ctrl_hs|         conv2|  return value|
|grp_fu_814_p_din0    |  out|   32|  ap_ctrl_hs|         conv2|  return value|
|grp_fu_814_p_din1    |  out|   32|  ap_ctrl_hs|         conv2|  return value|
|grp_fu_814_p_opcode  |  out|    2|  ap_ctrl_hs|         conv2|  return value|
|grp_fu_814_p_dout0   |   in|   32|  ap_ctrl_hs|         conv2|  return value|
|grp_fu_814_p_ce      |  out|    1|  ap_ctrl_hs|         conv2|  return value|
|m_axi_feat_AWVALID   |  out|    1|       m_axi|          feat|       pointer|
|m_axi_feat_AWREADY   |   in|    1|       m_axi|          feat|       pointer|
|m_axi_feat_AWADDR    |  out|   64|       m_axi|          feat|       pointer|
|m_axi_feat_AWID      |  out|    1|       m_axi|          feat|       pointer|
|m_axi_feat_AWLEN     |  out|   32|       m_axi|          feat|       pointer|
|m_axi_feat_AWSIZE    |  out|    3|       m_axi|          feat|       pointer|
|m_axi_feat_AWBURST   |  out|    2|       m_axi|          feat|       pointer|
|m_axi_feat_AWLOCK    |  out|    2|       m_axi|          feat|       pointer|
|m_axi_feat_AWCACHE   |  out|    4|       m_axi|          feat|       pointer|
|m_axi_feat_AWPROT    |  out|    3|       m_axi|          feat|       pointer|
|m_axi_feat_AWQOS     |  out|    4|       m_axi|          feat|       pointer|
|m_axi_feat_AWREGION  |  out|    4|       m_axi|          feat|       pointer|
|m_axi_feat_AWUSER    |  out|    1|       m_axi|          feat|       pointer|
|m_axi_feat_WVALID    |  out|    1|       m_axi|          feat|       pointer|
|m_axi_feat_WREADY    |   in|    1|       m_axi|          feat|       pointer|
|m_axi_feat_WDATA     |  out|   32|       m_axi|          feat|       pointer|
|m_axi_feat_WSTRB     |  out|    4|       m_axi|          feat|       pointer|
|m_axi_feat_WLAST     |  out|    1|       m_axi|          feat|       pointer|
|m_axi_feat_WID       |  out|    1|       m_axi|          feat|       pointer|
|m_axi_feat_WUSER     |  out|    1|       m_axi|          feat|       pointer|
|m_axi_feat_ARVALID   |  out|    1|       m_axi|          feat|       pointer|
|m_axi_feat_ARREADY   |   in|    1|       m_axi|          feat|       pointer|
|m_axi_feat_ARADDR    |  out|   64|       m_axi|          feat|       pointer|
|m_axi_feat_ARID      |  out|    1|       m_axi|          feat|       pointer|
|m_axi_feat_ARLEN     |  out|   32|       m_axi|          feat|       pointer|
|m_axi_feat_ARSIZE    |  out|    3|       m_axi|          feat|       pointer|
|m_axi_feat_ARBURST   |  out|    2|       m_axi|          feat|       pointer|
|m_axi_feat_ARLOCK    |  out|    2|       m_axi|          feat|       pointer|
|m_axi_feat_ARCACHE   |  out|    4|       m_axi|          feat|       pointer|
|m_axi_feat_ARPROT    |  out|    3|       m_axi|          feat|       pointer|
|m_axi_feat_ARQOS     |  out|    4|       m_axi|          feat|       pointer|
|m_axi_feat_ARREGION  |  out|    4|       m_axi|          feat|       pointer|
|m_axi_feat_ARUSER    |  out|    1|       m_axi|          feat|       pointer|
|m_axi_feat_RVALID    |   in|    1|       m_axi|          feat|       pointer|
|m_axi_feat_RREADY    |  out|    1|       m_axi|          feat|       pointer|
|m_axi_feat_RDATA     |   in|   32|       m_axi|          feat|       pointer|
|m_axi_feat_RLAST     |   in|    1|       m_axi|          feat|       pointer|
|m_axi_feat_RID       |   in|    1|       m_axi|          feat|       pointer|
|m_axi_feat_RFIFONUM  |   in|    9|       m_axi|          feat|       pointer|
|m_axi_feat_RUSER     |   in|    1|       m_axi|          feat|       pointer|
|m_axi_feat_RRESP     |   in|    2|       m_axi|          feat|       pointer|
|m_axi_feat_BVALID    |   in|    1|       m_axi|          feat|       pointer|
|m_axi_feat_BREADY    |  out|    1|       m_axi|          feat|       pointer|
|m_axi_feat_BRESP     |   in|    2|       m_axi|          feat|       pointer|
|m_axi_feat_BID       |   in|    1|       m_axi|          feat|       pointer|
|m_axi_feat_BUSER     |   in|    1|       m_axi|          feat|       pointer|
|in_ftmap             |   in|   64|     ap_none|      in_ftmap|        scalar|
|m_axi_w2_AWVALID     |  out|    1|       m_axi|            w2|       pointer|
|m_axi_w2_AWREADY     |   in|    1|       m_axi|            w2|       pointer|
|m_axi_w2_AWADDR      |  out|   64|       m_axi|            w2|       pointer|
|m_axi_w2_AWID        |  out|    1|       m_axi|            w2|       pointer|
|m_axi_w2_AWLEN       |  out|   32|       m_axi|            w2|       pointer|
|m_axi_w2_AWSIZE      |  out|    3|       m_axi|            w2|       pointer|
|m_axi_w2_AWBURST     |  out|    2|       m_axi|            w2|       pointer|
|m_axi_w2_AWLOCK      |  out|    2|       m_axi|            w2|       pointer|
|m_axi_w2_AWCACHE     |  out|    4|       m_axi|            w2|       pointer|
|m_axi_w2_AWPROT      |  out|    3|       m_axi|            w2|       pointer|
|m_axi_w2_AWQOS       |  out|    4|       m_axi|            w2|       pointer|
|m_axi_w2_AWREGION    |  out|    4|       m_axi|            w2|       pointer|
|m_axi_w2_AWUSER      |  out|    1|       m_axi|            w2|       pointer|
|m_axi_w2_WVALID      |  out|    1|       m_axi|            w2|       pointer|
|m_axi_w2_WREADY      |   in|    1|       m_axi|            w2|       pointer|
|m_axi_w2_WDATA       |  out|   32|       m_axi|            w2|       pointer|
|m_axi_w2_WSTRB       |  out|    4|       m_axi|            w2|       pointer|
|m_axi_w2_WLAST       |  out|    1|       m_axi|            w2|       pointer|
|m_axi_w2_WID         |  out|    1|       m_axi|            w2|       pointer|
|m_axi_w2_WUSER       |  out|    1|       m_axi|            w2|       pointer|
|m_axi_w2_ARVALID     |  out|    1|       m_axi|            w2|       pointer|
|m_axi_w2_ARREADY     |   in|    1|       m_axi|            w2|       pointer|
|m_axi_w2_ARADDR      |  out|   64|       m_axi|            w2|       pointer|
|m_axi_w2_ARID        |  out|    1|       m_axi|            w2|       pointer|
|m_axi_w2_ARLEN       |  out|   32|       m_axi|            w2|       pointer|
|m_axi_w2_ARSIZE      |  out|    3|       m_axi|            w2|       pointer|
|m_axi_w2_ARBURST     |  out|    2|       m_axi|            w2|       pointer|
|m_axi_w2_ARLOCK      |  out|    2|       m_axi|            w2|       pointer|
|m_axi_w2_ARCACHE     |  out|    4|       m_axi|            w2|       pointer|
|m_axi_w2_ARPROT      |  out|    3|       m_axi|            w2|       pointer|
|m_axi_w2_ARQOS       |  out|    4|       m_axi|            w2|       pointer|
|m_axi_w2_ARREGION    |  out|    4|       m_axi|            w2|       pointer|
|m_axi_w2_ARUSER      |  out|    1|       m_axi|            w2|       pointer|
|m_axi_w2_RVALID      |   in|    1|       m_axi|            w2|       pointer|
|m_axi_w2_RREADY      |  out|    1|       m_axi|            w2|       pointer|
|m_axi_w2_RDATA       |   in|   32|       m_axi|            w2|       pointer|
|m_axi_w2_RLAST       |   in|    1|       m_axi|            w2|       pointer|
|m_axi_w2_RID         |   in|    1|       m_axi|            w2|       pointer|
|m_axi_w2_RFIFONUM    |   in|    9|       m_axi|            w2|       pointer|
|m_axi_w2_RUSER       |   in|    1|       m_axi|            w2|       pointer|
|m_axi_w2_RRESP       |   in|    2|       m_axi|            w2|       pointer|
|m_axi_w2_BVALID      |   in|    1|       m_axi|            w2|       pointer|
|m_axi_w2_BREADY      |  out|    1|       m_axi|            w2|       pointer|
|m_axi_w2_BRESP       |   in|    2|       m_axi|            w2|       pointer|
|m_axi_w2_BID         |   in|    1|       m_axi|            w2|       pointer|
|m_axi_w2_BUSER       |   in|    1|       m_axi|            w2|       pointer|
|w                    |   in|   64|     ap_none|             w|        scalar|
|b                    |   in|   64|     ap_none|             b|        scalar|
|out_ftmap            |   in|   64|     ap_none|     out_ftmap|        scalar|
+---------------------+-----+-----+------------+--------------+--------------+

============================================================
+ Verbose Summary: Synthesis Manager
============================================================
InlineROM: 1
ExposeGlobal: 0
============================================================
+ Verbose Summary: CDFG Model
============================================================
IsTopModel: 0
ResetActiveHigh: 1
IsCombinational: 2
IsDatapathOnly: 2
HasWiredReturn: 1
HasMFsm: 0
HasVarLatency: 1
IsPipeline: 0
IsRtlPipelined: 0
IsInstanceOverlapped: 0
IsDontTouch: 0
HasImplIP: 0
IsGatedGlobalClock: 0


============================================================
+ Verbose Summary: Schedule
============================================================
* Number of FSM states : 20
* Pipeline : 0
* Dataflow Pipeline: 0

* FSM state transitions: 
1 --> 2 
2 --> 3 
3 --> 4 
4 --> 5 20 
5 --> 6 
6 --> 7 17 
7 --> 8 
8 --> 9 
9 --> 10 
10 --> 11 
11 --> 12 
12 --> 13 
13 --> 14 
14 --> 15 
15 --> 16 
16 --> 6 
17 --> 18 19 4 
18 --> 19 
19 --> 17 
20 --> 2 

* FSM state operations: 

State 1 <SV = 0> <Delay = 0.42>
ST_1 : Operation 21 [1/1] (0.00ns)   --->   "%x0 = alloca i32 1"   --->   Operation 21 'alloca' 'x0' <Predicate = true> <Delay = 0.00>
ST_1 : Operation 22 [1/1] (0.00ns)   --->   "%y0 = alloca i32 1"   --->   Operation 22 'alloca' 'y0' <Predicate = true> <Delay = 0.00>
ST_1 : Operation 23 [1/1] (0.00ns)   --->   "%indvar_flatten128 = alloca i32 1"   --->   Operation 23 'alloca' 'indvar_flatten128' <Predicate = true> <Delay = 0.00>
ST_1 : Operation 24 [1/1] (0.00ns)   --->   "%n0 = alloca i32 1"   --->   Operation 24 'alloca' 'n0' <Predicate = true> <Delay = 0.00>
ST_1 : Operation 25 [1/1] (0.00ns)   --->   "%indvar_flatten151 = alloca i32 1"   --->   Operation 25 'alloca' 'indvar_flatten151' <Predicate = true> <Delay = 0.00>
ST_1 : Operation 26 [1/1] (0.00ns)   --->   "%specinterface_ln0 = specinterface void @_ssdm_op_SpecInterface, i32 %w2, void @empty_39, i32 0, i32 0, void @empty_40, i32 0, i32 2048, void @empty_21, void @empty_42, void @empty_40, i32 16, i32 16, i32 16, i32 16, void @empty_40, void @empty_40, i32 4294967295, i32 0"   --->   Operation 26 'specinterface' 'specinterface_ln0' <Predicate = true> <Delay = 0.00>
ST_1 : Operation 27 [1/1] (0.00ns)   --->   "%specinterface_ln0 = specinterface void @_ssdm_op_SpecInterface, i32 %feat, void @empty_39, i32 0, i32 0, void @empty_40, i32 0, i32 4161600, void @empty_44, void @empty_42, void @empty_40, i32 16, i32 16, i32 16, i32 16, void @empty_40, void @empty_40, i32 4294967295, i32 0"   --->   Operation 27 'specinterface' 'specinterface_ln0' <Predicate = true> <Delay = 0.00>
ST_1 : Operation 28 [1/1] (0.00ns)   --->   "%out_ftmap_read = read i64 @_ssdm_op_Read.ap_auto.i64, i64 %out_ftmap" [src/conv2.cpp:81]   --->   Operation 28 'read' 'out_ftmap_read' <Predicate = true> <Delay = 0.00>
ST_1 : Operation 29 [1/1] (0.00ns)   --->   "%b_read = read i64 @_ssdm_op_Read.ap_auto.i64, i64 %b" [src/conv2.cpp:81]   --->   Operation 29 'read' 'b_read' <Predicate = true> <Delay = 0.00>
ST_1 : Operation 30 [1/1] (0.00ns)   --->   "%w_read = read i64 @_ssdm_op_Read.ap_auto.i64, i64 %w" [src/conv2.cpp:81]   --->   Operation 30 'read' 'w_read' <Predicate = true> <Delay = 0.00>
ST_1 : Operation 31 [1/1] (0.00ns)   --->   "%in_ftmap_read = read i64 @_ssdm_op_Read.ap_auto.i64, i64 %in_ftmap" [src/conv2.cpp:81]   --->   Operation 31 'read' 'in_ftmap_read' <Predicate = true> <Delay = 0.00>
ST_1 : Operation 32 [1/1] (0.42ns)   --->   "%store_ln90 = store i9 0, i9 %indvar_flatten151" [src/conv2.cpp:90]   --->   Operation 32 'store' 'store_ln90' <Predicate = true> <Delay = 0.42>
ST_1 : Operation 33 [1/1] (0.42ns)   --->   "%store_ln90 = store i6 0, i6 %n0" [src/conv2.cpp:90]   --->   Operation 33 'store' 'store_ln90' <Predicate = true> <Delay = 0.42>
ST_1 : Operation 34 [1/1] (0.42ns)   --->   "%store_ln90 = store i8 0, i8 %indvar_flatten128" [src/conv2.cpp:90]   --->   Operation 34 'store' 'store_ln90' <Predicate = true> <Delay = 0.42>
ST_1 : Operation 35 [1/1] (0.42ns)   --->   "%store_ln90 = store i9 0, i9 %y0" [src/conv2.cpp:90]   --->   Operation 35 'store' 'store_ln90' <Predicate = true> <Delay = 0.42>
ST_1 : Operation 36 [1/1] (0.42ns)   --->   "%store_ln90 = store i9 0, i9 %x0" [src/conv2.cpp:90]   --->   Operation 36 'store' 'store_ln90' <Predicate = true> <Delay = 0.42>
ST_1 : Operation 37 [1/1] (0.00ns)   --->   "%br_ln90 = br void %for.body16" [src/conv2.cpp:90]   --->   Operation 37 'br' 'br_ln90' <Predicate = true> <Delay = 0.00>

State 2 <SV = 1> <Delay = 3.68>
ST_2 : Operation 38 [1/1] (0.00ns)   --->   "%y0_2 = load i9 %y0" [src/conv2.cpp:94]   --->   Operation 38 'load' 'y0_2' <Predicate = true> <Delay = 0.00>
ST_2 : Operation 39 [1/1] (0.00ns)   --->   "%indvar_flatten151_load = load i9 %indvar_flatten151" [src/conv2.cpp:90]   --->   Operation 39 'load' 'indvar_flatten151_load' <Predicate = true> <Delay = 0.00>
ST_2 : Operation 40 [1/1] (0.77ns)   --->   "%add_ln94 = add i9 %y0_2, i9 32" [src/conv2.cpp:94]   --->   Operation 40 'add' 'add_ln94' <Predicate = true> <Delay = 0.77> <CoreInst = "Adder">   --->   Core 1 'Adder' <Latency = 0> <II = 1> <Delay = 0.77> <FuncUnit> <Opcode : 'add' 'sub'> <InPorts = 2> <OutPorts = 1>
ST_2 : Operation 41 [1/1] (0.00ns)   --->   "%tmp_8 = bitselect i1 @_ssdm_op_BitSelect.i1.i9.i32, i9 %add_ln94, i32 8" [src/conv2.cpp:94]   --->   Operation 41 'bitselect' 'tmp_8' <Predicate = true> <Delay = 0.00>
ST_2 : Operation 42 [1/1] (0.28ns)   --->   "%xor_ln94_2 = xor i1 %tmp_8, i1 1" [src/conv2.cpp:94]   --->   Operation 42 'xor' 'xor_ln94_2' <Predicate = true> <Delay = 0.28> <CoreInst = "LogicGate">   --->   Core 74 'LogicGate' <Latency = 0> <II = 1> <Delay = 0.28> <FuncUnit> <Opcode : 'and' 'or' 'xor'> <InPorts = 2> <OutPorts = 1>
ST_2 : Operation 43 [1/1] (0.00ns)   --->   "%trunc_ln94 = trunc i9 %y0_2" [src/conv2.cpp:94]   --->   Operation 43 'trunc' 'trunc_ln94' <Predicate = true> <Delay = 0.00>
ST_2 : Operation 44 [1/1] (0.33ns)   --->   "%xor_ln94 = xor i8 %trunc_ln94, i8 255" [src/conv2.cpp:94]   --->   Operation 44 'xor' 'xor_ln94' <Predicate = true> <Delay = 0.33> <CoreInst = "LogicGate">   --->   Core 74 'LogicGate' <Latency = 0> <II = 1> <Delay = 0.33> <FuncUnit> <Opcode : 'and' 'or' 'xor'> <InPorts = 2> <OutPorts = 1>
ST_2 : Operation 45 [1/1] (0.77ns)   --->   "%icmp_ln90 = icmp_eq  i9 %indvar_flatten151_load, i9 256" [src/conv2.cpp:90]   --->   Operation 45 'icmp' 'icmp_ln90' <Predicate = true> <Delay = 0.77> <CoreInst = "Cmp">   --->   Core 9 'Cmp' <Latency = 0> <II = 1> <Delay = 0.78> <FuncUnit> <Opcode : 'icmp'> <InPorts = 2> <OutPorts = 1>
ST_2 : Operation 46 [1/1] (0.77ns)   --->   "%add_ln90 = add i9 %indvar_flatten151_load, i9 1" [src/conv2.cpp:90]   --->   Operation 46 'add' 'add_ln90' <Predicate = true> <Delay = 0.77> <CoreInst = "Adder">   --->   Core 1 'Adder' <Latency = 0> <II = 1> <Delay = 0.77> <FuncUnit> <Opcode : 'add' 'sub'> <InPorts = 2> <OutPorts = 1>
ST_2 : Operation 47 [1/1] (0.00ns)   --->   "%br_ln90 = br i1 %icmp_ln90, void %for.inc70, void %for.end72" [src/conv2.cpp:90]   --->   Operation 47 'br' 'br_ln90' <Predicate = true> <Delay = 0.00>
ST_2 : Operation 48 [1/1] (0.00ns)   --->   "%x0_load = load i9 %x0" [src/conv2.cpp:95]   --->   Operation 48 'load' 'x0_load' <Predicate = (!icmp_ln90)> <Delay = 0.00>
ST_2 : Operation 49 [1/1] (0.00ns)   --->   "%indvar_flatten128_load_1 = load i8 %indvar_flatten128" [src/conv2.cpp:93]   --->   Operation 49 'load' 'indvar_flatten128_load_1' <Predicate = (!icmp_ln90)> <Delay = 0.00>
ST_2 : Operation 50 [1/1] (0.76ns)   --->   "%icmp_ln93 = icmp_eq  i8 %indvar_flatten128_load_1, i8 64" [src/conv2.cpp:93]   --->   Operation 50 'icmp' 'icmp_ln93' <Predicate = (!icmp_ln90)> <Delay = 0.76> <CoreInst = "Cmp">   --->   Core 9 'Cmp' <Latency = 0> <II = 1> <Delay = 0.76> <FuncUnit> <Opcode : 'icmp'> <InPorts = 2> <OutPorts = 1>
ST_2 : Operation 51 [1/1] (0.39ns)   --->   "%select_ln67 = select i1 %icmp_ln93, i9 0, i9 %y0_2" [src/conv2.cpp:67->src/conv2.cpp:114]   --->   Operation 51 'select' 'select_ln67' <Predicate = (!icmp_ln90)> <Delay = 0.39> <CoreInst = "Sel">   --->   Core 73 'Sel' <Latency = 0> <II = 1> <Delay = 0.39> <FuncUnit> <Opcode : 'select'> <InPorts = 3> <OutPorts = 1>
ST_2 : Operation 52 [1/1] (0.00ns) (grouped into LUT with out node select_ln67_4)   --->   "%select_ln67_1 = select i1 %icmp_ln93, i9 0, i9 %x0_load" [src/conv2.cpp:67->src/conv2.cpp:114]   --->   Operation 52 'select' 'select_ln67_1' <Predicate = (!icmp_ln90)> <Delay = 0.00> <CoreInst = "Sel">   --->   Core 73 'Sel' <Latency = 0> <II = 1> <Delay = 0.39> <FuncUnit> <Opcode : 'select'> <InPorts = 3> <OutPorts = 1>
ST_2 : Operation 53 [1/1] (0.00ns) (grouped into LUT with out node select_ln67_5)   --->   "%or_ln67_1 = or i1 %icmp_ln93, i1 %xor_ln94_2" [src/conv2.cpp:67->src/conv2.cpp:114]   --->   Operation 53 'or' 'or_ln67_1' <Predicate = (!icmp_ln90)> <Delay = 0.00> <CoreInst = "LogicGate">   --->   Core 74 'LogicGate' <Latency = 0> <II = 1> <Delay = 0.28> <FuncUnit> <Opcode : 'and' 'or' 'xor'> <InPorts = 2> <OutPorts = 1>
ST_2 : Operation 54 [1/1] (0.00ns) (grouped into LUT with out node select_ln67_5)   --->   "%select_ln67_3 = select i1 %or_ln67_1, i8 32, i8 %xor_ln94" [src/conv2.cpp:67->src/conv2.cpp:114]   --->   Operation 54 'select' 'select_ln67_3' <Predicate = (!icmp_ln90)> <Delay = 0.00> <CoreInst = "Sel">   --->   Core 73 'Sel' <Latency = 0> <II = 1> <Delay = 0.39> <FuncUnit> <Opcode : 'select'> <InPorts = 3> <OutPorts = 1>
ST_2 : Operation 55 [1/1] (0.77ns)   --->   "%icmp_ln95 = icmp_ult  i9 %x0_load, i9 255" [src/conv2.cpp:95]   --->   Operation 55 'icmp' 'icmp_ln95' <Predicate = (!icmp_ln90)> <Delay = 0.77> <CoreInst = "Cmp">   --->   Core 9 'Cmp' <Latency = 0> <II = 1> <Delay = 0.77> <FuncUnit> <Opcode : 'icmp'> <InPorts = 2> <OutPorts = 1>
ST_2 : Operation 56 [1/1] (0.28ns)   --->   "%or_ln67 = or i1 %icmp_ln93, i1 %icmp_ln95" [src/conv2.cpp:67->src/conv2.cpp:114]   --->   Operation 56 'or' 'or_ln67' <Predicate = (!icmp_ln90)> <Delay = 0.28> <CoreInst = "LogicGate">   --->   Core 74 'LogicGate' <Latency = 0> <II = 1> <Delay = 0.28> <FuncUnit> <Opcode : 'and' 'or' 'xor'> <InPorts = 2> <OutPorts = 1>
ST_2 : Operation 57 [1/1] (0.77ns)   --->   "%add_ln94_1 = add i9 %select_ln67, i9 32" [src/conv2.cpp:94]   --->   Operation 57 'add' 'add_ln94_1' <Predicate = (!icmp_ln90)> <Delay = 0.77> <CoreInst = "Adder">   --->   Core 1 'Adder' <Latency = 0> <II = 1> <Delay = 0.77> <FuncUnit> <Opcode : 'add' 'sub'> <InPorts = 2> <OutPorts = 1>
ST_2 : Operation 58 [1/1] (0.39ns) (out node of the LUT)   --->   "%select_ln67_4 = select i1 %or_ln67, i9 %select_ln67_1, i9 0" [src/conv2.cpp:67->src/conv2.cpp:114]   --->   Operation 58 'select' 'select_ln67_4' <Predicate = (!icmp_ln90)> <Delay = 0.39> <CoreInst = "Sel">   --->   Core 73 'Sel' <Latency = 0> <II = 1> <Delay = 0.39> <FuncUnit> <Opcode : 'select'> <InPorts = 3> <OutPorts = 1>
ST_2 : Operation 59 [1/1] (0.77ns)   --->   "%add_ln94_2 = add i9 %select_ln67, i9 64" [src/conv2.cpp:94]   --->   Operation 59 'add' 'add_ln94_2' <Predicate = (!icmp_ln90)> <Delay = 0.77> <CoreInst = "Adder">   --->   Core 1 'Adder' <Latency = 0> <II = 1> <Delay = 0.77> <FuncUnit> <Opcode : 'add' 'sub'> <InPorts = 2> <OutPorts = 1>
ST_2 : Operation 60 [1/1] (0.00ns) (grouped into LUT with out node select_ln67_5)   --->   "%tmp_9 = bitselect i1 @_ssdm_op_BitSelect.i1.i9.i32, i9 %add_ln94_2, i32 8" [src/conv2.cpp:94]   --->   Operation 60 'bitselect' 'tmp_9' <Predicate = (!icmp_ln90)> <Delay = 0.00>
ST_2 : Operation 61 [1/1] (0.00ns) (grouped into LUT with out node select_ln67_5)   --->   "%trunc_ln94_1 = trunc i9 %add_ln94_1" [src/conv2.cpp:94]   --->   Operation 61 'trunc' 'trunc_ln94_1' <Predicate = (!icmp_ln90)> <Delay = 0.00>
ST_2 : Operation 62 [1/1] (0.00ns) (grouped into LUT with out node select_ln67_5)   --->   "%xor_ln94_1 = xor i8 %trunc_ln94_1, i8 255" [src/conv2.cpp:94]   --->   Operation 62 'xor' 'xor_ln94_1' <Predicate = (!icmp_ln90)> <Delay = 0.00> <CoreInst = "LogicGate">   --->   Core 74 'LogicGate' <Latency = 0> <II = 1> <Delay = 0.33> <FuncUnit> <Opcode : 'and' 'or' 'xor'> <InPorts = 2> <OutPorts = 1>
ST_2 : Operation 63 [1/1] (0.00ns) (grouped into LUT with out node select_ln67_5)   --->   "%select_ln94 = select i1 %tmp_9, i8 %xor_ln94_1, i8 32" [src/conv2.cpp:94]   --->   Operation 63 'select' 'select_ln94' <Predicate = (!icmp_ln90)> <Delay = 0.00> <CoreInst = "Sel">   --->   Core 73 'Sel' <Latency = 0> <II = 1> <Delay = 0.39> <FuncUnit> <Opcode : 'select'> <InPorts = 3> <OutPorts = 1>
ST_2 : Operation 64 [1/1] (0.39ns) (out node of the LUT)   --->   "%select_ln67_5 = select i1 %or_ln67, i8 %select_ln67_3, i8 %select_ln94" [src/conv2.cpp:67->src/conv2.cpp:114]   --->   Operation 64 'select' 'select_ln67_5' <Predicate = (!icmp_ln90)> <Delay = 0.39> <CoreInst = "Sel">   --->   Core 73 'Sel' <Latency = 0> <II = 1> <Delay = 0.39> <FuncUnit> <Opcode : 'select'> <InPorts = 3> <OutPorts = 1>
ST_2 : Operation 65 [1/1] (0.39ns)   --->   "%select_ln93 = select i1 %or_ln67, i9 %select_ln67, i9 %add_ln94_1" [src/conv2.cpp:93]   --->   Operation 65 'select' 'select_ln93' <Predicate = (!icmp_ln90)> <Delay = 0.39> <CoreInst = "Sel">   --->   Core 73 'Sel' <Latency = 0> <II = 1> <Delay = 0.39> <FuncUnit> <Opcode : 'select'> <InPorts = 3> <OutPorts = 1>
ST_2 : Operation 66 [1/1] (0.77ns)   --->   "%add_ln96 = add i9 %select_ln67_4, i9 32" [src/conv2.cpp:96]   --->   Operation 66 'add' 'add_ln96' <Predicate = (!icmp_ln90)> <Delay = 0.77> <CoreInst = "Adder">   --->   Core 1 'Adder' <Latency = 0> <II = 1> <Delay = 0.77> <FuncUnit> <Opcode : 'add' 'sub'> <InPorts = 2> <OutPorts = 1>
ST_2 : Operation 67 [1/1] (0.00ns) (grouped into LUT with out node tW)   --->   "%tmp_10 = bitselect i1 @_ssdm_op_BitSelect.i1.i9.i32, i9 %add_ln96, i32 8" [src/conv2.cpp:96]   --->   Operation 67 'bitselect' 'tmp_10' <Predicate = (!icmp_ln90)> <Delay = 0.00>
ST_2 : Operation 68 [1/1] (0.00ns)   --->   "%trunc_ln96 = trunc i9 %select_ln67_4" [src/conv2.cpp:96]   --->   Operation 68 'trunc' 'trunc_ln96' <Predicate = (!icmp_ln90)> <Delay = 0.00>
ST_2 : Operation 69 [1/1] (0.00ns) (grouped into LUT with out node tW)   --->   "%xor_ln96 = xor i8 %trunc_ln96, i8 255" [src/conv2.cpp:96]   --->   Operation 69 'xor' 'xor_ln96' <Predicate = (!icmp_ln90)> <Delay = 0.00> <CoreInst = "LogicGate">   --->   Core 74 'LogicGate' <Latency = 0> <II = 1> <Delay = 0.33> <FuncUnit> <Opcode : 'and' 'or' 'xor'> <InPorts = 2> <OutPorts = 1>
ST_2 : Operation 70 [1/1] (0.39ns) (out node of the LUT)   --->   "%tW = select i1 %tmp_10, i8 %xor_ln96, i8 32" [src/conv2.cpp:96]   --->   Operation 70 'select' 'tW' <Predicate = (!icmp_ln90)> <Delay = 0.39> <CoreInst = "Sel">   --->   Core 73 'Sel' <Latency = 0> <II = 1> <Delay = 0.39> <FuncUnit> <Opcode : 'select'> <InPorts = 3> <OutPorts = 1>
ST_2 : Operation 71 [1/1] (0.00ns)   --->   "%trunc_ln67_1 = trunc i8 %tW" [src/conv2.cpp:67->src/conv2.cpp:114]   --->   Operation 71 'trunc' 'trunc_ln67_1' <Predicate = (!icmp_ln90)> <Delay = 0.00>
ST_2 : Operation 72 [2/2] (0.00ns)   --->   "%call_ln67 = call void @conv2_Pipeline_VITIS_LOOP_99_4_VITIS_LOOP_100_5_VITIS_LOOP_101_6, i8 %select_ln67_5, i8 %tW, i32 %out_tile_1" [src/conv2.cpp:67->src/conv2.cpp:114]   --->   Operation 72 'call' 'call_ln67' <Predicate = (!icmp_ln90)> <Delay = 0.00> <CoreType = "Generic">   --->   Core 0 '' <Latency = 0> <II = 1> <Delay = 1.00> <Generic> <Opcode : >
ST_2 : Operation 73 [1/1] (0.00ns)   --->   "%tmp_11 = partselect i3 @_ssdm_op_PartSelect.i3.i8.i32.i32, i8 %tW, i32 5, i32 7" [src/conv2.cpp:106]   --->   Operation 73 'partselect' 'tmp_11' <Predicate = (!icmp_ln90)> <Delay = 0.00>
ST_2 : Operation 74 [1/1] (0.67ns)   --->   "%icmp_ln106 = icmp_eq  i3 %tmp_11, i3 0" [src/conv2.cpp:106]   --->   Operation 74 'icmp' 'icmp_ln106' <Predicate = (!icmp_ln90)> <Delay = 0.67> <CoreInst = "Cmp">   --->   Core 9 'Cmp' <Latency = 0> <II = 1> <Delay = 0.67> <FuncUnit> <Opcode : 'icmp'> <InPorts = 2> <OutPorts = 1>
ST_2 : Operation 75 [1/1] (0.38ns)   --->   "%select_ln106 = select i1 %icmp_ln106, i6 %trunc_ln67_1, i6 32" [src/conv2.cpp:106]   --->   Operation 75 'select' 'select_ln106' <Predicate = (!icmp_ln90)> <Delay = 0.38> <CoreInst = "Sel">   --->   Core 73 'Sel' <Latency = 0> <II = 1> <Delay = 0.36> <FuncUnit> <Opcode : 'select'> <InPorts = 3> <OutPorts = 1>
ST_2 : Operation 76 [1/1] (0.00ns)   --->   "%ret_ln118 = ret" [src/conv2.cpp:118]   --->   Operation 76 'ret' 'ret_ln118' <Predicate = (icmp_ln90)> <Delay = 0.00>

State 3 <SV = 2> <Delay = 1.16>
ST_3 : Operation 77 [1/1] (0.00ns)   --->   "%n0_load = load i6 %n0" [src/conv2.cpp:91]   --->   Operation 77 'load' 'n0_load' <Predicate = true> <Delay = 0.00>
ST_3 : Operation 78 [1/1] (0.78ns)   --->   "%add_ln91 = add i6 %n0_load, i6 8" [src/conv2.cpp:91]   --->   Operation 78 'add' 'add_ln91' <Predicate = (icmp_ln93)> <Delay = 0.78> <CoreInst = "Adder">   --->   Core 1 'Adder' <Latency = 0> <II = 1> <Delay = 0.78> <FuncUnit> <Opcode : 'add' 'sub'> <InPorts = 2> <OutPorts = 1>
ST_3 : Operation 79 [1/1] (0.00ns)   --->   "%specloopname_ln0 = specloopname void @_ssdm_op_SpecLoopName, void @VITIS_LOOP_90_1_VITIS_LOOP_93_2_VITIS_LOOP_95_3_str"   --->   Operation 79 'specloopname' 'specloopname_ln0' <Predicate = true> <Delay = 0.00>
ST_3 : Operation 80 [1/1] (0.00ns)   --->   "%speclooptripcount_ln0 = speclooptripcount void @_ssdm_op_SpecLoopTripCount, i64 256, i64 256, i64 256"   --->   Operation 80 'speclooptripcount' 'speclooptripcount_ln0' <Predicate = true> <Delay = 0.00>
ST_3 : Operation 81 [1/1] (0.38ns)   --->   "%select_ln67_2 = select i1 %icmp_ln93, i6 %add_ln91, i6 %n0_load" [src/conv2.cpp:67->src/conv2.cpp:114]   --->   Operation 81 'select' 'select_ln67_2' <Predicate = true> <Delay = 0.38> <CoreInst = "Sel">   --->   Core 73 'Sel' <Latency = 0> <II = 1> <Delay = 0.38> <FuncUnit> <Opcode : 'select'> <InPorts = 3> <OutPorts = 1>
ST_3 : Operation 82 [1/1] (0.00ns)   --->   "%trunc_ln67 = trunc i6 %select_ln67_2" [src/conv2.cpp:67->src/conv2.cpp:114]   --->   Operation 82 'trunc' 'trunc_ln67' <Predicate = true> <Delay = 0.00>
ST_3 : Operation 83 [1/1] (0.00ns)   --->   "%specloopname_ln0 = specloopname void @_ssdm_op_SpecLoopName, void @VITIS_LOOP_93_2_VITIS_LOOP_95_3_str"   --->   Operation 83 'specloopname' 'specloopname_ln0' <Predicate = true> <Delay = 0.00>
ST_3 : Operation 84 [1/1] (0.00ns)   --->   "%specloopname_ln95 = specloopname void @_ssdm_op_SpecLoopName, void @empty_37" [src/conv2.cpp:95]   --->   Operation 84 'specloopname' 'specloopname_ln95' <Predicate = true> <Delay = 0.00>
ST_3 : Operation 85 [1/2] (0.00ns)   --->   "%call_ln67 = call void @conv2_Pipeline_VITIS_LOOP_99_4_VITIS_LOOP_100_5_VITIS_LOOP_101_6, i8 %select_ln67_5, i8 %tW, i32 %out_tile_1" [src/conv2.cpp:67->src/conv2.cpp:114]   --->   Operation 85 'call' 'call_ln67' <Predicate = true> <Delay = 0.00> <CoreType = "Generic">   --->   Core 0 '' <Latency = 0> <II = 1> <Delay = 1.00> <Generic> <Opcode : >
ST_3 : Operation 86 [1/1] (0.00ns)   --->   "%tmp_s = bitconcatenate i10 @_ssdm_op_BitConcatenate.i10.i8.i2, i8 %trunc_ln96, i2 0" [src/conv2.cpp:96]   --->   Operation 86 'bitconcatenate' 'tmp_s' <Predicate = true> <Delay = 0.00>
ST_3 : Operation 87 [1/1] (0.00ns)   --->   "%zext_ln106 = zext i10 %tmp_s" [src/conv2.cpp:106]   --->   Operation 87 'zext' 'zext_ln106' <Predicate = true> <Delay = 0.00>
ST_3 : Operation 88 [1/1] (1.08ns)   --->   "%tmp = add i64 %zext_ln106, i64 %in_ftmap_read" [src/conv2.cpp:106]   --->   Operation 88 'add' 'tmp' <Predicate = true> <Delay = 1.08> <CoreInst = "Adder">   --->   Core 1 'Adder' <Latency = 0> <II = 1> <Delay = 1.08> <FuncUnit> <Opcode : 'add' 'sub'> <InPorts = 2> <OutPorts = 1>
ST_3 : Operation 89 [1/1] (0.42ns)   --->   "%br_ln106 = br void %for.body53" [src/conv2.cpp:106]   --->   Operation 89 'br' 'br_ln106' <Predicate = true> <Delay = 0.42>

State 4 <SV = 3> <Delay = 4.45>
ST_4 : Operation 90 [1/1] (0.00ns)   --->   "%c0 = phi i7 0, void %for.inc70, i7 %add_ln107, void %_ZL15compute_tile_c2PA32_A32_fS1_PA1_fiiii.exit" [src/conv2.cpp:107]   --->   Operation 90 'phi' 'c0' <Predicate = true> <Delay = 0.00>
ST_4 : Operation 91 [1/1] (0.00ns)   --->   "%phi_mul = phi i24 0, void %for.inc70, i24 %add_ln106, void %_ZL15compute_tile_c2PA32_A32_fS1_PA1_fiiii.exit" [src/conv2.cpp:106]   --->   Operation 91 'phi' 'phi_mul' <Predicate = true> <Delay = 0.00>
ST_4 : Operation 92 [1/1] (0.93ns)   --->   "%add_ln106 = add i24 %phi_mul, i24 260100" [src/conv2.cpp:106]   --->   Operation 92 'add' 'add_ln106' <Predicate = true> <Delay = 0.93> <CoreInst = "Adder">   --->   Core 1 'Adder' <Latency = 0> <II = 1> <Delay = 0.93> <FuncUnit> <Opcode : 'add' 'sub'> <InPorts = 2> <OutPorts = 1>
ST_4 : Operation 93 [1/1] (0.77ns)   --->   "%icmp_ln106_1 = icmp_eq  i7 %c0, i7 64" [src/conv2.cpp:106]   --->   Operation 93 'icmp' 'icmp_ln106_1' <Predicate = true> <Delay = 0.77> <CoreInst = "Cmp">   --->   Core 9 'Cmp' <Latency = 0> <II = 1> <Delay = 0.76> <FuncUnit> <Opcode : 'icmp'> <InPorts = 2> <OutPorts = 1>
ST_4 : Operation 94 [1/1] (0.77ns)   --->   "%add_ln107 = add i7 %c0, i7 1" [src/conv2.cpp:107]   --->   Operation 94 'add' 'add_ln107' <Predicate = true> <Delay = 0.77> <CoreInst = "Adder">   --->   Core 1 'Adder' <Latency = 0> <II = 1> <Delay = 0.77> <FuncUnit> <Opcode : 'add' 'sub'> <InPorts = 2> <OutPorts = 1>
ST_4 : Operation 95 [1/1] (0.00ns)   --->   "%br_ln106 = br i1 %icmp_ln106_1, void %for.body53.split, void %VITIS_LOOP_71_2.i.preheader" [src/conv2.cpp:106]   --->   Operation 95 'br' 'br_ln106' <Predicate = true> <Delay = 0.00>
ST_4 : Operation 96 [2/2] (3.67ns)   --->   "%call_ln93 = call void @conv2_Pipeline_VITIS_LOOP_24_3, i9 %select_ln93, i8 %select_ln67_5, i6 %select_ln106, i8 %tW, i32 %feat, i24 %phi_mul, i64 %tmp, i32 %in_tile_0" [src/conv2.cpp:93]   --->   Operation 96 'call' 'call_ln93' <Predicate = (!icmp_ln106_1)> <Delay = 3.67> <CoreType = "Generic">   --->   Core 0 '' <Latency = 0> <II = 1> <Delay = 1.00> <Generic> <Opcode : >
ST_4 : Operation 97 [1/1] (0.00ns)   --->   "%trunc_ln39 = trunc i7 %c0" [src/conv2.cpp:39->src/conv2.cpp:110]   --->   Operation 97 'trunc' 'trunc_ln39' <Predicate = (!icmp_ln106_1)> <Delay = 0.00>
ST_4 : Operation 98 [1/1] (0.00ns)   --->   "%indvar_flatten128_load = load i8 %indvar_flatten128" [src/conv2.cpp:93]   --->   Operation 98 'load' 'indvar_flatten128_load' <Predicate = (icmp_ln106_1 & !icmp_ln93)> <Delay = 0.00>
ST_4 : Operation 99 [1/1] (1.08ns)   --->   "%tmp3 = add i64 %zext_ln106, i64 %out_ftmap_read" [src/conv2.cpp:106]   --->   Operation 99 'add' 'tmp3' <Predicate = (icmp_ln106_1)> <Delay = 1.08> <CoreInst = "Adder">   --->   Core 1 'Adder' <Latency = 0> <II = 1> <Delay = 1.08> <FuncUnit> <Opcode : 'add' 'sub'> <InPorts = 2> <OutPorts = 1>
ST_4 : Operation 100 [2/2] (0.00ns)   --->   "%call_ln67 = call void @conv2_Pipeline_VITIS_LOOP_72_3, i5 %trunc_ln67, i9 %select_ln93, i8 %select_ln67_5, i6 %select_ln106, i32 %feat, i8 %tW, i64 %b_read, i64 %tmp3, i32 %w2, i32 %out_tile_1" [src/conv2.cpp:67->src/conv2.cpp:114]   --->   Operation 100 'call' 'call_ln67' <Predicate = (icmp_ln106_1)> <Delay = 0.00> <CoreType = "Generic">   --->   Core 0 '' <Latency = 0> <II = 1> <Delay = 1.00> <Generic> <Opcode : >
ST_4 : Operation 101 [1/1] (0.76ns)   --->   "%add_ln93 = add i8 %indvar_flatten128_load, i8 1" [src/conv2.cpp:93]   --->   Operation 101 'add' 'add_ln93' <Predicate = (icmp_ln106_1 & !icmp_ln93)> <Delay = 0.76> <CoreInst = "Adder">   --->   Core 1 'Adder' <Latency = 0> <II = 1> <Delay = 0.76> <FuncUnit> <Opcode : 'add' 'sub'> <InPorts = 2> <OutPorts = 1>
ST_4 : Operation 102 [1/1] (0.39ns)   --->   "%select_ln93_1 = select i1 %icmp_ln93, i8 1, i8 %add_ln93" [src/conv2.cpp:93]   --->   Operation 102 'select' 'select_ln93_1' <Predicate = (icmp_ln106_1)> <Delay = 0.39> <CoreInst = "Sel">   --->   Core 73 'Sel' <Latency = 0> <II = 1> <Delay = 0.39> <FuncUnit> <Opcode : 'select'> <InPorts = 3> <OutPorts = 1>
ST_4 : Operation 103 [1/1] (0.42ns)   --->   "%store_ln95 = store i9 %add_ln90, i9 %indvar_flatten151" [src/conv2.cpp:95]   --->   Operation 103 'store' 'store_ln95' <Predicate = (icmp_ln106_1)> <Delay = 0.42>
ST_4 : Operation 104 [1/1] (0.42ns)   --->   "%store_ln95 = store i6 %select_ln67_2, i6 %n0" [src/conv2.cpp:95]   --->   Operation 104 'store' 'store_ln95' <Predicate = (icmp_ln106_1)> <Delay = 0.42>
ST_4 : Operation 105 [1/1] (0.42ns)   --->   "%store_ln95 = store i8 %select_ln93_1, i8 %indvar_flatten128" [src/conv2.cpp:95]   --->   Operation 105 'store' 'store_ln95' <Predicate = (icmp_ln106_1)> <Delay = 0.42>
ST_4 : Operation 106 [1/1] (0.42ns)   --->   "%store_ln95 = store i9 %select_ln93, i9 %y0" [src/conv2.cpp:95]   --->   Operation 106 'store' 'store_ln95' <Predicate = (icmp_ln106_1)> <Delay = 0.42>
ST_4 : Operation 107 [1/1] (0.42ns)   --->   "%store_ln95 = store i9 %add_ln96, i9 %x0" [src/conv2.cpp:95]   --->   Operation 107 'store' 'store_ln95' <Predicate = (icmp_ln106_1)> <Delay = 0.42>

State 5 <SV = 4> <Delay = 0.42>
ST_5 : Operation 108 [1/1] (0.00ns)   --->   "%speclooptripcount_ln106 = speclooptripcount void @_ssdm_op_SpecLoopTripCount, i64 64, i64 64, i64 64" [src/conv2.cpp:106]   --->   Operation 108 'speclooptripcount' 'speclooptripcount_ln106' <Predicate = true> <Delay = 0.00>
ST_5 : Operation 109 [1/1] (0.00ns)   --->   "%specloopname_ln106 = specloopname void @_ssdm_op_SpecLoopName, void @empty_27" [src/conv2.cpp:106]   --->   Operation 109 'specloopname' 'specloopname_ln106' <Predicate = true> <Delay = 0.00>
ST_5 : Operation 110 [1/2] (0.00ns)   --->   "%call_ln93 = call void @conv2_Pipeline_VITIS_LOOP_24_3, i9 %select_ln93, i8 %select_ln67_5, i6 %select_ln106, i8 %tW, i32 %feat, i24 %phi_mul, i64 %tmp, i32 %in_tile_0" [src/conv2.cpp:93]   --->   Operation 110 'call' 'call_ln93' <Predicate = true> <Delay = 0.00> <CoreType = "Generic">   --->   Core 0 '' <Latency = 0> <II = 1> <Delay = 1.00> <Generic> <Opcode : >
ST_5 : Operation 111 [1/1] (0.00ns)   --->   "%shl_ln = bitconcatenate i8 @_ssdm_op_BitConcatenate.i8.i6.i2, i6 %trunc_ln39, i2 0" [src/conv2.cpp:39->src/conv2.cpp:110]   --->   Operation 111 'bitconcatenate' 'shl_ln' <Predicate = true> <Delay = 0.00>
ST_5 : Operation 112 [1/1] (0.00ns)   --->   "%zext_ln36 = zext i8 %shl_ln" [src/conv2.cpp:36->src/conv2.cpp:110]   --->   Operation 112 'zext' 'zext_ln36' <Predicate = true> <Delay = 0.00>
ST_5 : Operation 113 [1/1] (0.42ns)   --->   "%br_ln36 = br void %for.inc16.i" [src/conv2.cpp:36->src/conv2.cpp:110]   --->   Operation 113 'br' 'br_ln36' <Predicate = true> <Delay = 0.42>

State 6 <SV = 5> <Delay = 0.81>
ST_6 : Operation 114 [1/1] (0.00ns)   --->   "%tn = phi i4 %add_ln36, void %for.inc16.i.split, i4 0, void %for.body53.split" [src/conv2.cpp:36->src/conv2.cpp:110]   --->   Operation 114 'phi' 'tn' <Predicate = true> <Delay = 0.00>
ST_6 : Operation 115 [1/1] (0.00ns)   --->   "%zext_ln36_1 = zext i4 %tn" [src/conv2.cpp:36->src/conv2.cpp:110]   --->   Operation 115 'zext' 'zext_ln36_1' <Predicate = true> <Delay = 0.00>
ST_6 : Operation 116 [1/1] (0.79ns)   --->   "%icmp_ln36 = icmp_eq  i4 %tn, i4 8" [src/conv2.cpp:36->src/conv2.cpp:110]   --->   Operation 116 'icmp' 'icmp_ln36' <Predicate = true> <Delay = 0.79> <CoreInst = "Cmp">   --->   Core 9 'Cmp' <Latency = 0> <II = 1> <Delay = 0.78> <FuncUnit> <Opcode : 'icmp'> <InPorts = 2> <OutPorts = 1>
ST_6 : Operation 117 [1/1] (0.79ns)   --->   "%add_ln36 = add i4 %tn, i4 1" [src/conv2.cpp:36->src/conv2.cpp:110]   --->   Operation 117 'add' 'add_ln36' <Predicate = true> <Delay = 0.79> <CoreInst = "Adder">   --->   Core 1 'Adder' <Latency = 0> <II = 1> <Delay = 0.79> <FuncUnit> <Opcode : 'add' 'sub'> <InPorts = 2> <OutPorts = 1>
ST_6 : Operation 118 [1/1] (0.00ns)   --->   "%br_ln36 = br i1 %icmp_ln36, void %for.inc16.i.split, void %for.body4.i.preheader" [src/conv2.cpp:36->src/conv2.cpp:110]   --->   Operation 118 'br' 'br_ln36' <Predicate = true> <Delay = 0.00>
ST_6 : Operation 119 [1/1] (0.00ns)   --->   "%empty = trunc i4 %tn" [src/conv2.cpp:36->src/conv2.cpp:110]   --->   Operation 119 'trunc' 'empty' <Predicate = (!icmp_ln36)> <Delay = 0.00>
ST_6 : Operation 120 [1/1] (0.00ns)   --->   "%tmp_2 = partselect i2 @_ssdm_op_PartSelect.i2.i6.i32.i32, i6 %select_ln67_2, i32 3, i32 4" [src/conv2.cpp:39->src/conv2.cpp:110]   --->   Operation 120 'partselect' 'tmp_2' <Predicate = (!icmp_ln36)> <Delay = 0.00>
ST_6 : Operation 121 [1/1] (0.00ns)   --->   "%shl_ln39_1 = bitconcatenate i13 @_ssdm_op_BitConcatenate.i13.i2.i3.i8, i2 %tmp_2, i3 %empty, i8 0" [src/conv2.cpp:39->src/conv2.cpp:110]   --->   Operation 121 'bitconcatenate' 'shl_ln39_1' <Predicate = (!icmp_ln36)> <Delay = 0.00>
ST_6 : Operation 122 [1/1] (0.00ns)   --->   "%zext_ln39 = zext i13 %shl_ln39_1" [src/conv2.cpp:39->src/conv2.cpp:110]   --->   Operation 122 'zext' 'zext_ln39' <Predicate = (!icmp_ln36)> <Delay = 0.00>
ST_6 : Operation 123 [1/1] (0.00ns) (grouped into TernaryAdder)   --->   "%add_ln39 = add i64 %zext_ln39, i64 %w_read" [src/conv2.cpp:39->src/conv2.cpp:110]   --->   Operation 123 'add' 'add_ln39' <Predicate = (!icmp_ln36)> <Delay = 0.00> <CoreInst = "TAddSub">   --->   Core 10 'TAddSub' <Latency = 0> <II = 1> <Delay = 0.40> <IPBlock> <Opcode : '<invalid operator> ' 'add' 'sub'> <InPorts = 3> <OutPorts = 1> <Sync> <CReg>
ST_6 : Operation 124 [1/1] (0.81ns) (root node of TernaryAdder)   --->   "%add_ln39_1 = add i64 %add_ln39, i64 %zext_ln36" [src/conv2.cpp:39->src/conv2.cpp:110]   --->   Operation 124 'add' 'add_ln39_1' <Predicate = (!icmp_ln36)> <Delay = 0.81> <CoreInst = "TAddSub">   --->   Core 10 'TAddSub' <Latency = 0> <II = 1> <Delay = 0.40> <IPBlock> <Opcode : '<invalid operator> ' 'add' 'sub'> <InPorts = 3> <OutPorts = 1> <Sync> <CReg>
ST_6 : Operation 125 [1/1] (0.00ns)   --->   "%trunc_ln8 = partselect i62 @_ssdm_op_PartSelect.i62.i64.i32.i32, i64 %add_ln39_1, i32 2, i32 63" [src/conv2.cpp:39->src/conv2.cpp:110]   --->   Operation 125 'partselect' 'trunc_ln8' <Predicate = (!icmp_ln36)> <Delay = 0.00>
ST_6 : Operation 126 [1/1] (0.00ns)   --->   "%sext_ln39 = sext i62 %trunc_ln8" [src/conv2.cpp:39->src/conv2.cpp:110]   --->   Operation 126 'sext' 'sext_ln39' <Predicate = (!icmp_ln36)> <Delay = 0.00>
ST_6 : Operation 127 [1/1] (0.00ns)   --->   "%w2_addr = getelementptr i32 %w2, i64 %sext_ln39" [src/conv2.cpp:39->src/conv2.cpp:110]   --->   Operation 127 'getelementptr' 'w2_addr' <Predicate = (!icmp_ln36)> <Delay = 0.00>
ST_6 : Operation 128 [1/1] (0.42ns)   --->   "%br_ln50 = br void %for.body4.i" [src/conv2.cpp:50->src/conv2.cpp:111]   --->   Operation 128 'br' 'br_ln50' <Predicate = (icmp_ln36)> <Delay = 0.42>

State 7 <SV = 6> <Delay = 7.30>
ST_7 : Operation 129 [8/8] (7.30ns)   --->   "%w2_load_req = readreq i1 @_ssdm_op_ReadReq.m_axi.i32P1A, i64 %w2_addr, i32 1" [src/conv2.cpp:39->src/conv2.cpp:110]   --->   Operation 129 'readreq' 'w2_load_req' <Predicate = true> <Delay = 7.30> <CoreInst = "m_axi">   --->   Core 121 'm_axi' <Latency = 0> <II = 1> <Delay = 1.00> <Adapter> <Opcode : 'read' 'write' 'readreq' 'writereq' 'writeresp'>

State 8 <SV = 7> <Delay = 7.30>
ST_8 : Operation 130 [7/8] (7.30ns)   --->   "%w2_load_req = readreq i1 @_ssdm_op_ReadReq.m_axi.i32P1A, i64 %w2_addr, i32 1" [src/conv2.cpp:39->src/conv2.cpp:110]   --->   Operation 130 'readreq' 'w2_load_req' <Predicate = true> <Delay = 7.30> <CoreInst = "m_axi">   --->   Core 121 'm_axi' <Latency = 0> <II = 1> <Delay = 1.00> <Adapter> <Opcode : 'read' 'write' 'readreq' 'writereq' 'writeresp'>

State 9 <SV = 8> <Delay = 7.30>
ST_9 : Operation 131 [6/8] (7.30ns)   --->   "%w2_load_req = readreq i1 @_ssdm_op_ReadReq.m_axi.i32P1A, i64 %w2_addr, i32 1" [src/conv2.cpp:39->src/conv2.cpp:110]   --->   Operation 131 'readreq' 'w2_load_req' <Predicate = true> <Delay = 7.30> <CoreInst = "m_axi">   --->   Core 121 'm_axi' <Latency = 0> <II = 1> <Delay = 1.00> <Adapter> <Opcode : 'read' 'write' 'readreq' 'writereq' 'writeresp'>

State 10 <SV = 9> <Delay = 7.30>
ST_10 : Operation 132 [5/8] (7.30ns)   --->   "%w2_load_req = readreq i1 @_ssdm_op_ReadReq.m_axi.i32P1A, i64 %w2_addr, i32 1" [src/conv2.cpp:39->src/conv2.cpp:110]   --->   Operation 132 'readreq' 'w2_load_req' <Predicate = true> <Delay = 7.30> <CoreInst = "m_axi">   --->   Core 121 'm_axi' <Latency = 0> <II = 1> <Delay = 1.00> <Adapter> <Opcode : 'read' 'write' 'readreq' 'writereq' 'writeresp'>

State 11 <SV = 10> <Delay = 7.30>
ST_11 : Operation 133 [4/8] (7.30ns)   --->   "%w2_load_req = readreq i1 @_ssdm_op_ReadReq.m_axi.i32P1A, i64 %w2_addr, i32 1" [src/conv2.cpp:39->src/conv2.cpp:110]   --->   Operation 133 'readreq' 'w2_load_req' <Predicate = true> <Delay = 7.30> <CoreInst = "m_axi">   --->   Core 121 'm_axi' <Latency = 0> <II = 1> <Delay = 1.00> <Adapter> <Opcode : 'read' 'write' 'readreq' 'writereq' 'writeresp'>

State 12 <SV = 11> <Delay = 7.30>
ST_12 : Operation 134 [3/8] (7.30ns)   --->   "%w2_load_req = readreq i1 @_ssdm_op_ReadReq.m_axi.i32P1A, i64 %w2_addr, i32 1" [src/conv2.cpp:39->src/conv2.cpp:110]   --->   Operation 134 'readreq' 'w2_load_req' <Predicate = true> <Delay = 7.30> <CoreInst = "m_axi">   --->   Core 121 'm_axi' <Latency = 0> <II = 1> <Delay = 1.00> <Adapter> <Opcode : 'read' 'write' 'readreq' 'writereq' 'writeresp'>

State 13 <SV = 12> <Delay = 7.30>
ST_13 : Operation 135 [2/8] (7.30ns)   --->   "%w2_load_req = readreq i1 @_ssdm_op_ReadReq.m_axi.i32P1A, i64 %w2_addr, i32 1" [src/conv2.cpp:39->src/conv2.cpp:110]   --->   Operation 135 'readreq' 'w2_load_req' <Predicate = true> <Delay = 7.30> <CoreInst = "m_axi">   --->   Core 121 'm_axi' <Latency = 0> <II = 1> <Delay = 1.00> <Adapter> <Opcode : 'read' 'write' 'readreq' 'writereq' 'writeresp'>

State 14 <SV = 13> <Delay = 7.30>
ST_14 : Operation 136 [1/8] (7.30ns)   --->   "%w2_load_req = readreq i1 @_ssdm_op_ReadReq.m_axi.i32P1A, i64 %w2_addr, i32 1" [src/conv2.cpp:39->src/conv2.cpp:110]   --->   Operation 136 'readreq' 'w2_load_req' <Predicate = true> <Delay = 7.30> <CoreInst = "m_axi">   --->   Core 121 'm_axi' <Latency = 0> <II = 1> <Delay = 1.00> <Adapter> <Opcode : 'read' 'write' 'readreq' 'writereq' 'writeresp'>

State 15 <SV = 14> <Delay = 7.30>
ST_15 : Operation 137 [1/1] (7.30ns)   --->   "%w2_addr_read = read i32 @_ssdm_op_Read.m_axi.i32P1A, i64 %w2_addr" [src/conv2.cpp:39->src/conv2.cpp:110]   --->   Operation 137 'read' 'w2_addr_read' <Predicate = true> <Delay = 7.30> <CoreInst = "m_axi">   --->   Core 121 'm_axi' <Latency = 0> <II = 1> <Delay = 1.00> <Adapter> <Opcode : 'read' 'write' 'readreq' 'writereq' 'writeresp'>

State 16 <SV = 15> <Delay = 0.67>
ST_16 : Operation 138 [1/1] (0.00ns)   --->   "%speclooptripcount_ln36 = speclooptripcount void @_ssdm_op_SpecLoopTripCount, i64 8, i64 8, i64 8" [src/conv2.cpp:36->src/conv2.cpp:110]   --->   Operation 138 'speclooptripcount' 'speclooptripcount_ln36' <Predicate = true> <Delay = 0.00>
ST_16 : Operation 139 [1/1] (0.00ns)   --->   "%specloopname_ln36 = specloopname void @_ssdm_op_SpecLoopName, void @empty_29" [src/conv2.cpp:36->src/conv2.cpp:110]   --->   Operation 139 'specloopname' 'specloopname_ln36' <Predicate = true> <Delay = 0.00>
ST_16 : Operation 140 [1/1] (0.00ns)   --->   "%bitcast_ln39 = bitcast i32 %w2_addr_read" [src/conv2.cpp:39->src/conv2.cpp:110]   --->   Operation 140 'bitcast' 'bitcast_ln39' <Predicate = true> <Delay = 0.00>
ST_16 : Operation 141 [1/1] (0.00ns)   --->   "%w_tile_0_addr = getelementptr i32 %w_tile_0, i64 0, i64 %zext_ln36_1" [src/conv2.cpp:39->src/conv2.cpp:110]   --->   Operation 141 'getelementptr' 'w_tile_0_addr' <Predicate = true> <Delay = 0.00>
ST_16 : Operation 142 [1/1] (0.67ns)   --->   "%store_ln39 = store i32 %bitcast_ln39, i3 %w_tile_0_addr" [src/conv2.cpp:39->src/conv2.cpp:110]   --->   Operation 142 'store' 'store_ln39' <Predicate = true> <Delay = 0.67> <CoreInst = "RAM">   --->   Core 83 'RAM' <Latency = 1> <II = 1> <Delay = 0.67> <Storage> <Opcode : 'load' 'store'> <Ports = 2> <Width = 32> <Depth = 8> <RAM>
ST_16 : Operation 143 [1/1] (0.00ns)   --->   "%br_ln36 = br void %for.inc16.i" [src/conv2.cpp:36->src/conv2.cpp:110]   --->   Operation 143 'br' 'br_ln36' <Predicate = true> <Delay = 0.00>

State 17 <SV = 6> <Delay = 3.18>
ST_17 : Operation 144 [1/1] (0.00ns)   --->   "%indvar_flatten38 = phi i11 %add_ln50_1, void %for.inc44.i, i11 0, void %for.body4.i.preheader" [src/conv2.cpp:50->src/conv2.cpp:111]   --->   Operation 144 'phi' 'indvar_flatten38' <Predicate = true> <Delay = 0.00>
ST_17 : Operation 145 [1/1] (0.00ns)   --->   "%th = phi i6 %select_ln50_1, void %for.inc44.i, i6 0, void %for.body4.i.preheader" [src/conv2.cpp:50->src/conv2.cpp:111]   --->   Operation 145 'phi' 'th' <Predicate = true> <Delay = 0.00>
ST_17 : Operation 146 [1/1] (0.00ns)   --->   "%tw = phi i6 %add_ln51, void %for.inc44.i, i6 0, void %for.body4.i.preheader" [src/conv2.cpp:51->src/conv2.cpp:111]   --->   Operation 146 'phi' 'tw' <Predicate = true> <Delay = 0.00>
ST_17 : Operation 147 [1/1] (0.00ns)   --->   "%zext_ln50 = zext i6 %th" [src/conv2.cpp:50->src/conv2.cpp:111]   --->   Operation 147 'zext' 'zext_ln50' <Predicate = true> <Delay = 0.00>
ST_17 : Operation 148 [1/1] (0.76ns)   --->   "%cmp5_i14 = icmp_ult  i8 %zext_ln50, i8 %select_ln67_5" [src/conv2.cpp:50->src/conv2.cpp:111]   --->   Operation 148 'icmp' 'cmp5_i14' <Predicate = true> <Delay = 0.76> <CoreInst = "Cmp">   --->   Core 9 'Cmp' <Latency = 0> <II = 1> <Delay = 0.76> <FuncUnit> <Opcode : 'icmp'> <InPorts = 2> <OutPorts = 1>
ST_17 : Operation 149 [1/1] (0.79ns)   --->   "%icmp_ln50 = icmp_eq  i11 %indvar_flatten38, i11 1024" [src/conv2.cpp:50->src/conv2.cpp:111]   --->   Operation 149 'icmp' 'icmp_ln50' <Predicate = true> <Delay = 0.79> <CoreInst = "Cmp">   --->   Core 9 'Cmp' <Latency = 0> <II = 1> <Delay = 0.80> <FuncUnit> <Opcode : 'icmp'> <InPorts = 2> <OutPorts = 1>
ST_17 : Operation 150 [1/1] (0.79ns)   --->   "%add_ln50_1 = add i11 %indvar_flatten38, i11 1" [src/conv2.cpp:50->src/conv2.cpp:111]   --->   Operation 150 'add' 'add_ln50_1' <Predicate = true> <Delay = 0.79> <CoreInst = "Adder">   --->   Core 1 'Adder' <Latency = 0> <II = 1> <Delay = 0.79> <FuncUnit> <Opcode : 'add' 'sub'> <InPorts = 2> <OutPorts = 1>
ST_17 : Operation 151 [1/1] (0.00ns)   --->   "%br_ln50 = br i1 %icmp_ln50, void %for.inc47.i, void %_ZL15compute_tile_c2PA32_A32_fS1_PA1_fiiii.exit" [src/conv2.cpp:50->src/conv2.cpp:111]   --->   Operation 151 'br' 'br_ln50' <Predicate = true> <Delay = 0.00>
ST_17 : Operation 152 [1/1] (0.78ns)   --->   "%add_ln50 = add i6 %th, i6 1" [src/conv2.cpp:50->src/conv2.cpp:111]   --->   Operation 152 'add' 'add_ln50' <Predicate = (!icmp_ln50)> <Delay = 0.78> <CoreInst = "Adder">   --->   Core 1 'Adder' <Latency = 0> <II = 1> <Delay = 0.78> <FuncUnit> <Opcode : 'add' 'sub'> <InPorts = 2> <OutPorts = 1>
ST_17 : Operation 153 [1/1] (0.00ns)   --->   "%specloopname_ln0 = specloopname void @_ssdm_op_SpecLoopName, void @VITIS_LOOP_50_1_VITIS_LOOP_51_2_str"   --->   Operation 153 'specloopname' 'specloopname_ln0' <Predicate = (!icmp_ln50)> <Delay = 0.00>
ST_17 : Operation 154 [1/1] (0.00ns)   --->   "%speclooptripcount_ln0 = speclooptripcount void @_ssdm_op_SpecLoopTripCount, i64 1024, i64 1024, i64 1024"   --->   Operation 154 'speclooptripcount' 'speclooptripcount_ln0' <Predicate = (!icmp_ln50)> <Delay = 0.00>
ST_17 : Operation 155 [1/1] (0.78ns)   --->   "%icmp_ln51 = icmp_eq  i6 %tw, i6 32" [src/conv2.cpp:51->src/conv2.cpp:111]   --->   Operation 155 'icmp' 'icmp_ln51' <Predicate = (!icmp_ln50)> <Delay = 0.78> <CoreInst = "Cmp">   --->   Core 9 'Cmp' <Latency = 0> <II = 1> <Delay = 0.77> <FuncUnit> <Opcode : 'icmp'> <InPorts = 2> <OutPorts = 1>
ST_17 : Operation 156 [1/1] (0.38ns)   --->   "%select_ln50 = select i1 %icmp_ln51, i6 0, i6 %tw" [src/conv2.cpp:50->src/conv2.cpp:111]   --->   Operation 156 'select' 'select_ln50' <Predicate = (!icmp_ln50)> <Delay = 0.38> <CoreInst = "Sel">   --->   Core 73 'Sel' <Latency = 0> <II = 1> <Delay = 0.38> <FuncUnit> <Opcode : 'select'> <InPorts = 3> <OutPorts = 1>
ST_17 : Operation 157 [1/1] (0.38ns)   --->   "%select_ln50_1 = select i1 %icmp_ln51, i6 %add_ln50, i6 %th" [src/conv2.cpp:50->src/conv2.cpp:111]   --->   Operation 157 'select' 'select_ln50_1' <Predicate = (!icmp_ln50)> <Delay = 0.38> <CoreInst = "Sel">   --->   Core 73 'Sel' <Latency = 0> <II = 1> <Delay = 0.38> <FuncUnit> <Opcode : 'select'> <InPorts = 3> <OutPorts = 1>
ST_17 : Operation 158 [1/1] (0.00ns)   --->   "%trunc_ln50 = trunc i6 %select_ln50_1" [src/conv2.cpp:50->src/conv2.cpp:111]   --->   Operation 158 'trunc' 'trunc_ln50' <Predicate = (!icmp_ln50)> <Delay = 0.00>
ST_17 : Operation 159 [1/1] (0.00ns)   --->   "%tmp_1 = bitconcatenate i10 @_ssdm_op_BitConcatenate.i10.i5.i5, i5 %trunc_ln50, i5 0" [src/conv2.cpp:50->src/conv2.cpp:111]   --->   Operation 159 'bitconcatenate' 'tmp_1' <Predicate = (!icmp_ln50)> <Delay = 0.00>
ST_17 : Operation 160 [1/1] (0.00ns)   --->   "%add_ln50_cast = zext i6 %add_ln50" [src/conv2.cpp:50->src/conv2.cpp:111]   --->   Operation 160 'zext' 'add_ln50_cast' <Predicate = (!icmp_ln50)> <Delay = 0.00>
ST_17 : Operation 161 [1/1] (0.76ns)   --->   "%cmp5_i14_mid1 = icmp_ult  i8 %add_ln50_cast, i8 %select_ln67_5" [src/conv2.cpp:50->src/conv2.cpp:111]   --->   Operation 161 'icmp' 'cmp5_i14_mid1' <Predicate = (!icmp_ln50)> <Delay = 0.76> <CoreInst = "Cmp">   --->   Core 9 'Cmp' <Latency = 0> <II = 1> <Delay = 0.76> <FuncUnit> <Opcode : 'icmp'> <InPorts = 2> <OutPorts = 1>
ST_17 : Operation 162 [1/1] (0.00ns) (grouped into LUT with out node and_ln52)   --->   "%select_ln50_2 = select i1 %icmp_ln51, i1 %cmp5_i14_mid1, i1 %cmp5_i14" [src/conv2.cpp:50->src/conv2.cpp:111]   --->   Operation 162 'select' 'select_ln50_2' <Predicate = (!icmp_ln50)> <Delay = 0.00> <CoreInst = "Sel">   --->   Core 73 'Sel' <Latency = 0> <II = 1> <Delay = 0.17> <FuncUnit> <Opcode : 'select'> <InPorts = 3> <OutPorts = 1>
ST_17 : Operation 163 [1/1] (0.00ns)   --->   "%select_ln50_cast = zext i6 %select_ln50" [src/conv2.cpp:50->src/conv2.cpp:111]   --->   Operation 163 'zext' 'select_ln50_cast' <Predicate = (!icmp_ln50)> <Delay = 0.00>
ST_17 : Operation 164 [1/1] (0.78ns)   --->   "%empty_73 = add i10 %tmp_1, i10 %select_ln50_cast" [src/conv2.cpp:50->src/conv2.cpp:111]   --->   Operation 164 'add' 'empty_73' <Predicate = (!icmp_ln50)> <Delay = 0.78> <CoreInst = "Adder">   --->   Core 1 'Adder' <Latency = 0> <II = 1> <Delay = 0.78> <FuncUnit> <Opcode : 'add' 'sub'> <InPorts = 2> <OutPorts = 1>
ST_17 : Operation 165 [1/1] (0.00ns)   --->   "%p_cast = zext i10 %empty_73" [src/conv2.cpp:50->src/conv2.cpp:111]   --->   Operation 165 'zext' 'p_cast' <Predicate = (!icmp_ln50)> <Delay = 0.00>
ST_17 : Operation 166 [1/1] (0.00ns)   --->   "%in_tile_0_addr = getelementptr i32 %in_tile_0, i64 0, i64 %p_cast" [src/conv2.cpp:50->src/conv2.cpp:111]   --->   Operation 166 'getelementptr' 'in_tile_0_addr' <Predicate = (!icmp_ln50)> <Delay = 0.00>
ST_17 : Operation 167 [1/1] (0.00ns)   --->   "%zext_ln51 = zext i6 %select_ln50" [src/conv2.cpp:51->src/conv2.cpp:111]   --->   Operation 167 'zext' 'zext_ln51' <Predicate = (!icmp_ln50)> <Delay = 0.00>
ST_17 : Operation 168 [1/1] (0.00ns)   --->   "%specloopname_ln51 = specloopname void @_ssdm_op_SpecLoopName, void @empty_30" [src/conv2.cpp:51->src/conv2.cpp:111]   --->   Operation 168 'specloopname' 'specloopname_ln51' <Predicate = (!icmp_ln50)> <Delay = 0.00>
ST_17 : Operation 169 [1/1] (0.76ns)   --->   "%icmp_ln52 = icmp_ult  i8 %zext_ln51, i8 %tW" [src/conv2.cpp:52->src/conv2.cpp:111]   --->   Operation 169 'icmp' 'icmp_ln52' <Predicate = (!icmp_ln50)> <Delay = 0.76> <CoreInst = "Cmp">   --->   Core 9 'Cmp' <Latency = 0> <II = 1> <Delay = 0.76> <FuncUnit> <Opcode : 'icmp'> <InPorts = 2> <OutPorts = 1>
ST_17 : Operation 170 [1/1] (0.28ns) (out node of the LUT)   --->   "%and_ln52 = and i1 %select_ln50_2, i1 %icmp_ln52" [src/conv2.cpp:52->src/conv2.cpp:111]   --->   Operation 170 'and' 'and_ln52' <Predicate = (!icmp_ln50)> <Delay = 0.28> <CoreInst = "LogicGate">   --->   Core 74 'LogicGate' <Latency = 0> <II = 1> <Delay = 0.28> <FuncUnit> <Opcode : 'and' 'or' 'xor'> <InPorts = 2> <OutPorts = 1>
ST_17 : Operation 171 [1/1] (0.00ns)   --->   "%br_ln52 = br i1 %and_ln52, void %for.inc44.i, void %VITIS_LOOP_53_3.i" [src/conv2.cpp:52->src/conv2.cpp:111]   --->   Operation 171 'br' 'br_ln52' <Predicate = (!icmp_ln50)> <Delay = 0.00>
ST_17 : Operation 172 [2/2] (1.23ns)   --->   "%in_tile_0_load = load i10 %in_tile_0_addr" [src/conv2.cpp:50->src/conv2.cpp:111]   --->   Operation 172 'load' 'in_tile_0_load' <Predicate = (!icmp_ln50 & and_ln52)> <Delay = 1.23> <CoreInst = "RAM">   --->   Core 83 'RAM' <Latency = 1> <II = 1> <Delay = 1.23> <Storage> <Opcode : 'load' 'store'> <Ports = 2> <Width = 32> <Depth = 1024> <RAM>
ST_17 : Operation 173 [1/1] (0.00ns)   --->   "%br_ln106 = br void %for.body53" [src/conv2.cpp:106]   --->   Operation 173 'br' 'br_ln106' <Predicate = (icmp_ln50)> <Delay = 0.00>

State 18 <SV = 7> <Delay = 1.23>
ST_18 : Operation 174 [1/2] (1.23ns)   --->   "%in_tile_0_load = load i10 %in_tile_0_addr" [src/conv2.cpp:50->src/conv2.cpp:111]   --->   Operation 174 'load' 'in_tile_0_load' <Predicate = true> <Delay = 1.23> <CoreInst = "RAM">   --->   Core 83 'RAM' <Latency = 1> <II = 1> <Delay = 1.23> <Storage> <Opcode : 'load' 'store'> <Ports = 2> <Width = 32> <Depth = 1024> <RAM>
ST_18 : Operation 175 [2/2] (0.00ns)   --->   "%call_ln50 = call void @conv2_Pipeline_VITIS_LOOP_53_3, i6 %select_ln50_1, i6 %select_ln50, i32 %in_tile_0_load, i32 %out_tile_1, i32 %w_tile_0" [src/conv2.cpp:50->src/conv2.cpp:111]   --->   Operation 175 'call' 'call_ln50' <Predicate = true> <Delay = 0.00> <CoreType = "Generic">   --->   Core 0 '' <Latency = 0> <II = 1> <Delay = 1.00> <Generic> <Opcode : >

State 19 <SV = 8> <Delay = 0.78>
ST_19 : Operation 176 [1/2] (0.00ns)   --->   "%call_ln50 = call void @conv2_Pipeline_VITIS_LOOP_53_3, i6 %select_ln50_1, i6 %select_ln50, i32 %in_tile_0_load, i32 %out_tile_1, i32 %w_tile_0" [src/conv2.cpp:50->src/conv2.cpp:111]   --->   Operation 176 'call' 'call_ln50' <Predicate = (and_ln52)> <Delay = 0.00> <CoreType = "Generic">   --->   Core 0 '' <Latency = 0> <II = 1> <Delay = 1.00> <Generic> <Opcode : >
ST_19 : Operation 177 [1/1] (0.00ns)   --->   "%br_ln0 = br void %for.inc44.i"   --->   Operation 177 'br' 'br_ln0' <Predicate = (and_ln52)> <Delay = 0.00>
ST_19 : Operation 178 [1/1] (0.78ns)   --->   "%add_ln51 = add i6 %select_ln50, i6 1" [src/conv2.cpp:51->src/conv2.cpp:111]   --->   Operation 178 'add' 'add_ln51' <Predicate = true> <Delay = 0.78> <CoreInst = "Adder">   --->   Core 1 'Adder' <Latency = 0> <II = 1> <Delay = 0.78> <FuncUnit> <Opcode : 'add' 'sub'> <InPorts = 2> <OutPorts = 1>
ST_19 : Operation 179 [1/1] (0.00ns)   --->   "%br_ln51 = br void %for.body4.i" [src/conv2.cpp:51->src/conv2.cpp:111]   --->   Operation 179 'br' 'br_ln51' <Predicate = true> <Delay = 0.00>

State 20 <SV = 4> <Delay = 0.00>
ST_20 : Operation 180 [1/2] (0.00ns)   --->   "%call_ln67 = call void @conv2_Pipeline_VITIS_LOOP_72_3, i5 %trunc_ln67, i9 %select_ln93, i8 %select_ln67_5, i6 %select_ln106, i32 %feat, i8 %tW, i64 %b_read, i64 %tmp3, i32 %w2, i32 %out_tile_1" [src/conv2.cpp:67->src/conv2.cpp:114]   --->   Operation 180 'call' 'call_ln67' <Predicate = true> <Delay = 0.00> <CoreType = "Generic">   --->   Core 0 '' <Latency = 0> <II = 1> <Delay = 1.00> <Generic> <Opcode : >
ST_20 : Operation 181 [1/1] (0.00ns)   --->   "%br_ln95 = br void %for.body16" [src/conv2.cpp:95]   --->   Operation 181 'br' 'br_ln95' <Predicate = true> <Delay = 0.00>


============================================================
+ Verbose Summary: Binding
============================================================
STG Binding: 
---------------- STG Properties BEGIN ----------------
- Is combinational: 0
- Is one-state seq: 0
- Is datapath-only: 0
- Is pipelined: 0
- Is top level: 0
Port [ Return ] is wired: 1; IO mode=ap_ctrl_hs:ce=0
Port [ feat]:  wired=1; compound=1; hidden=0; nouse=0; global=0; static=0; extern=0; dir=2; type=4; pingpong=0; private_global=0; IO mode=m_axi:ce=0
Port [ in_ftmap]:  wired=1; compound=0; hidden=0; nouse=0; global=0; static=0; extern=0; dir=0; type=0; pingpong=0; private_global=0; IO mode=ap_none:ce=0
Port [ w2]:  wired=1; compound=1; hidden=0; nouse=0; global=0; static=0; extern=0; dir=0; type=4; pingpong=0; private_global=0; IO mode=m_axi:ce=0
Port [ w]:  wired=1; compound=0; hidden=0; nouse=0; global=0; static=0; extern=0; dir=0; type=0; pingpong=0; private_global=0; IO mode=ap_none:ce=0
Port [ b]:  wired=1; compound=0; hidden=0; nouse=0; global=0; static=0; extern=0; dir=0; type=0; pingpong=0; private_global=0; IO mode=ap_none:ce=0
Port [ out_ftmap]:  wired=1; compound=0; hidden=0; nouse=0; global=0; static=0; extern=0; dir=0; type=0; pingpong=0; private_global=0; IO mode=ap_none:ce=0
Port [ out_tile_1]:  wired=0; compound=1; hidden=1; nouse=0; global=1; static=1; extern=0; dir=2; type=1; pingpong=0; private_global=1; MemPort=[21]; IO mode=ap_memory:ce=0
Port [ in_tile_0]:  wired=0; compound=1; hidden=1; nouse=0; global=1; static=1; extern=0; dir=2; type=1; pingpong=0; private_global=1; MemPort=[23]; IO mode=ap_memory:ce=0
Port [ w_tile_0]:  wired=0; compound=1; hidden=1; nouse=0; global=1; static=1; extern=0; dir=2; type=1; pingpong=0; private_global=1; MemPort=[23]; IO mode=ap_memory:ce=0
---------------- STG Properties END ------------------

---------------- Datapath Model BEGIN ----------------

<LifeTime>
<method=bitvector/>
x0                       (alloca           ) [ 011111111111111111111]
y0                       (alloca           ) [ 011111111111111111111]
indvar_flatten128        (alloca           ) [ 011111111111111111111]
n0                       (alloca           ) [ 011111111111111111111]
indvar_flatten151        (alloca           ) [ 011111111111111111111]
specinterface_ln0        (specinterface    ) [ 000000000000000000000]
specinterface_ln0        (specinterface    ) [ 000000000000000000000]
out_ftmap_read           (read             ) [ 001111111111111111111]
b_read                   (read             ) [ 001111111111111111111]
w_read                   (read             ) [ 001111111111111111111]
in_ftmap_read            (read             ) [ 001111111111111111111]
store_ln90               (store            ) [ 000000000000000000000]
store_ln90               (store            ) [ 000000000000000000000]
store_ln90               (store            ) [ 000000000000000000000]
store_ln90               (store            ) [ 000000000000000000000]
store_ln90               (store            ) [ 000000000000000000000]
br_ln90                  (br               ) [ 000000000000000000000]
y0_2                     (load             ) [ 000000000000000000000]
indvar_flatten151_load   (load             ) [ 000000000000000000000]
add_ln94                 (add              ) [ 000000000000000000000]
tmp_8                    (bitselect        ) [ 000000000000000000000]
xor_ln94_2               (xor              ) [ 000000000000000000000]
trunc_ln94               (trunc            ) [ 000000000000000000000]
xor_ln94                 (xor              ) [ 000000000000000000000]
icmp_ln90                (icmp             ) [ 001111111111111111111]
add_ln90                 (add              ) [ 000111111111111111110]
br_ln90                  (br               ) [ 000000000000000000000]
x0_load                  (load             ) [ 000000000000000000000]
indvar_flatten128_load_1 (load             ) [ 000000000000000000000]
icmp_ln93                (icmp             ) [ 000111111111111111110]
select_ln67              (select           ) [ 000000000000000000000]
select_ln67_1            (select           ) [ 000000000000000000000]
or_ln67_1                (or               ) [ 000000000000000000000]
select_ln67_3            (select           ) [ 000000000000000000000]
icmp_ln95                (icmp             ) [ 000000000000000000000]
or_ln67                  (or               ) [ 000000000000000000000]
add_ln94_1               (add              ) [ 000000000000000000000]
select_ln67_4            (select           ) [ 000000000000000000000]
add_ln94_2               (add              ) [ 000000000000000000000]
tmp_9                    (bitselect        ) [ 000000000000000000000]
trunc_ln94_1             (trunc            ) [ 000000000000000000000]
xor_ln94_1               (xor              ) [ 000000000000000000000]
select_ln94              (select           ) [ 000000000000000000000]
select_ln67_5            (select           ) [ 000111111111111111111]
select_ln93              (select           ) [ 000111111111111111111]
add_ln96                 (add              ) [ 000111111111111111110]
tmp_10                   (bitselect        ) [ 000000000000000000000]
trunc_ln96               (trunc            ) [ 000100000000000000000]
xor_ln96                 (xor              ) [ 000000000000000000000]
tW                       (select           ) [ 000111111111111111111]
trunc_ln67_1             (trunc            ) [ 000000000000000000000]
tmp_11                   (partselect       ) [ 000000000000000000000]
icmp_ln106               (icmp             ) [ 000000000000000000000]
select_ln106             (select           ) [ 000111111111111111111]
ret_ln118                (ret              ) [ 000000000000000000000]
n0_load                  (load             ) [ 000000000000000000000]
add_ln91                 (add              ) [ 000000000000000000000]
specloopname_ln0         (specloopname     ) [ 000000000000000000000]
speclooptripcount_ln0    (speclooptripcount) [ 000000000000000000000]
select_ln67_2            (select           ) [ 000011111111111111110]
trunc_ln67               (trunc            ) [ 000011111111111111111]
specloopname_ln0         (specloopname     ) [ 000000000000000000000]
specloopname_ln95        (specloopname     ) [ 000000000000000000000]
call_ln67                (call             ) [ 000000000000000000000]
tmp_s                    (bitconcatenate   ) [ 000000000000000000000]
zext_ln106               (zext             ) [ 000011111111111111110]
tmp                      (add              ) [ 000011111111111111110]
br_ln106                 (br               ) [ 001111111111111111111]
c0                       (phi              ) [ 000010000000000000000]
phi_mul                  (phi              ) [ 000011000000000000000]
add_ln106                (add              ) [ 001111111111111111111]
icmp_ln106_1             (icmp             ) [ 001111111111111111111]
add_ln107                (add              ) [ 001111111111111111111]
br_ln106                 (br               ) [ 000000000000000000000]
trunc_ln39               (trunc            ) [ 000001000000000000000]
indvar_flatten128_load   (load             ) [ 000000000000000000000]
tmp3                     (add              ) [ 000000000000000000001]
add_ln93                 (add              ) [ 000000000000000000000]
select_ln93_1            (select           ) [ 000000000000000000000]
store_ln95               (store            ) [ 000000000000000000000]
store_ln95               (store            ) [ 000000000000000000000]
store_ln95               (store            ) [ 000000000000000000000]
store_ln95               (store            ) [ 000000000000000000000]
store_ln95               (store            ) [ 000000000000000000000]
speclooptripcount_ln106  (speclooptripcount) [ 000000000000000000000]
specloopname_ln106       (specloopname     ) [ 000000000000000000000]
call_ln93                (call             ) [ 000000000000000000000]
shl_ln                   (bitconcatenate   ) [ 000000000000000000000]
zext_ln36                (zext             ) [ 000000111111111110000]
br_ln36                  (br               ) [ 001111111111111111111]
tn                       (phi              ) [ 000000100000000000000]
zext_ln36_1              (zext             ) [ 000000011111111110000]
icmp_ln36                (icmp             ) [ 001111111111111111111]
add_ln36                 (add              ) [ 001111111111111111111]
br_ln36                  (br               ) [ 000000000000000000000]
empty                    (trunc            ) [ 000000000000000000000]
tmp_2                    (partselect       ) [ 000000000000000000000]
shl_ln39_1               (bitconcatenate   ) [ 000000000000000000000]
zext_ln39                (zext             ) [ 000000000000000000000]
add_ln39                 (add              ) [ 000000000000000000000]
add_ln39_1               (add              ) [ 000000000000000000000]
trunc_ln8                (partselect       ) [ 000000000000000000000]
sext_ln39                (sext             ) [ 000000000000000000000]
w2_addr                  (getelementptr    ) [ 000000011111111100000]
br_ln50                  (br               ) [ 001111111111111111111]
w2_load_req              (readreq          ) [ 000000000000000000000]
w2_addr_read             (read             ) [ 000000000000000010000]
speclooptripcount_ln36   (speclooptripcount) [ 000000000000000000000]
specloopname_ln36        (specloopname     ) [ 000000000000000000000]
bitcast_ln39             (bitcast          ) [ 000000000000000000000]
w_tile_0_addr            (getelementptr    ) [ 000000000000000000000]
store_ln39               (store            ) [ 000000000000000000000]
br_ln36                  (br               ) [ 001111111111111111111]
indvar_flatten38         (phi              ) [ 000000000000000001000]
th                       (phi              ) [ 000000000000000001000]
tw                       (phi              ) [ 000000000000000001000]
zext_ln50                (zext             ) [ 000000000000000000000]
cmp5_i14                 (icmp             ) [ 000000000000000000000]
icmp_ln50                (icmp             ) [ 001111111111111111111]
add_ln50_1               (add              ) [ 001111111111111111111]
br_ln50                  (br               ) [ 000000000000000000000]
add_ln50                 (add              ) [ 000000000000000000000]
specloopname_ln0         (specloopname     ) [ 000000000000000000000]
speclooptripcount_ln0    (speclooptripcount) [ 000000000000000000000]
icmp_ln51                (icmp             ) [ 000000000000000000000]
select_ln50              (select           ) [ 000000000000000000110]
select_ln50_1            (select           ) [ 001111111111111111111]
trunc_ln50               (trunc            ) [ 000000000000000000000]
tmp_1                    (bitconcatenate   ) [ 000000000000000000000]
add_ln50_cast            (zext             ) [ 000000000000000000000]
cmp5_i14_mid1            (icmp             ) [ 000000000000000000000]
select_ln50_2            (select           ) [ 000000000000000000000]
select_ln50_cast         (zext             ) [ 000000000000000000000]
empty_73                 (add              ) [ 000000000000000000000]
p_cast                   (zext             ) [ 000000000000000000000]
in_tile_0_addr           (getelementptr    ) [ 000000000000000000100]
zext_ln51                (zext             ) [ 000000000000000000000]
specloopname_ln51        (specloopname     ) [ 000000000000000000000]
icmp_ln52                (icmp             ) [ 000000000000000000000]
and_ln52                 (and              ) [ 001111111111111111111]
br_ln52                  (br               ) [ 000000000000000000000]
br_ln106                 (br               ) [ 001111111111111111111]
in_tile_0_load           (load             ) [ 001111111111111111011]
call_ln50                (call             ) [ 000000000000000000000]
br_ln0                   (br               ) [ 000000000000000000000]
add_ln51                 (add              ) [ 001111111111111111111]
br_ln51                  (br               ) [ 001111111111111111111]
call_ln67                (call             ) [ 000000000000000000000]
br_ln95                  (br               ) [ 000000000000000000000]
</LifeTime>

<model>

<comp_list>
<comp id="0" class="1000" name="feat">
<pin_list>
<pin id="1" dir="1" index="0" bw="1" slack="0"/>
</pin_list>
<bind>
<StgValue><ssdm name="feat"/></StgValue>
</bind>
</comp>

<comp id="2" class="1000" name="in_ftmap">
<pin_list>
<pin id="3" dir="1" index="0" bw="1" slack="0"/>
</pin_list>
<bind>
<StgValue><ssdm name="in_ftmap"/></StgValue>
</bind>
</comp>

<comp id="4" class="1000" name="w2">
<pin_list>
<pin id="5" dir="1" index="0" bw="1" slack="0"/>
</pin_list>
<bind>
<StgValue><ssdm name="w2"/></StgValue>
</bind>
</comp>

<comp id="6" class="1000" name="w">
<pin_list>
<pin id="7" dir="1" index="0" bw="1" slack="0"/>
</pin_list>
<bind>
<StgValue><ssdm name="w"/></StgValue>
</bind>
</comp>

<comp id="8" class="1000" name="b">
<pin_list>
<pin id="9" dir="1" index="0" bw="1" slack="0"/>
</pin_list>
<bind>
<StgValue><ssdm name="b"/></StgValue>
</bind>
</comp>

<comp id="10" class="1000" name="out_ftmap">
<pin_list>
<pin id="11" dir="1" index="0" bw="1" slack="0"/>
</pin_list>
<bind>
<StgValue><ssdm name="out_ftmap"/></StgValue>
</bind>
</comp>

<comp id="12" class="1000" name="out_tile_1">
<pin_list>
<pin id="13" dir="1" index="0" bw="1" slack="0"/>
</pin_list>
<bind>
<StgValue><ssdm name="out_tile_1"/><MemPortTyVec>2 1 </MemPortTyVec>
</StgValue>
</bind>
</comp>

<comp id="14" class="1000" name="in_tile_0">
<pin_list>
<pin id="15" dir="1" index="0" bw="1" slack="0"/>
</pin_list>
<bind>
<StgValue><ssdm name="in_tile_0"/><MemPortTyVec>2 3 </MemPortTyVec>
</StgValue>
</bind>
</comp>

<comp id="16" class="1000" name="w_tile_0">
<pin_list>
<pin id="17" dir="1" index="0" bw="1" slack="0"/>
</pin_list>
<bind>
<StgValue><ssdm name="w_tile_0"/><MemPortTyVec>2 3 </MemPortTyVec>
</StgValue>
</bind>
</comp>

<comp id="18" class="1001" name="const_18">
<pin_list>
<pin id="19" dir="1" index="0" bw="1" slack="0"/>
</pin_list>
<bind>
<StgValue><ssdm name=""/></StgValue>
</bind>
</comp>

<comp id="20" class="1001" name="const_20">
<pin_list>
<pin id="21" dir="1" index="0" bw="1" slack="2147483647"/>
</pin_list>
<bind>
<StgValue><ssdm name="_ssdm_op_SpecInterface"/></StgValue>
</bind>
</comp>

<comp id="22" class="1001" name="const_22">
<pin_list>
<pin id="23" dir="1" index="0" bw="1" slack="2147483647"/>
</pin_list>
<bind>
<StgValue><ssdm name="empty_39"/></StgValue>
</bind>
</comp>

<comp id="24" class="1001" name="const_24">
<pin_list>
<pin id="25" dir="1" index="0" bw="1" slack="2147483647"/>
</pin_list>
<bind>
<StgValue><ssdm name=""/></StgValue>
</bind>
</comp>

<comp id="26" class="1001" name="const_26">
<pin_list>
<pin id="27" dir="1" index="0" bw="1" slack="2147483647"/>
</pin_list>
<bind>
<StgValue><ssdm name="empty_40"/></StgValue>
</bind>
</comp>

<comp id="28" class="1001" name="const_28">
<pin_list>
<pin id="29" dir="1" index="0" bw="1" slack="2147483647"/>
</pin_list>
<bind>
<StgValue><ssdm name=""/></StgValue>
</bind>
</comp>

<comp id="30" class="1001" name="const_30">
<pin_list>
<pin id="31" dir="1" index="0" bw="1" slack="2147483647"/>
</pin_list>
<bind>
<StgValue><ssdm name="empty_21"/></StgValue>
</bind>
</comp>

<comp id="32" class="1001" name="const_32">
<pin_list>
<pin id="33" dir="1" index="0" bw="1" slack="2147483647"/>
</pin_list>
<bind>
<StgValue><ssdm name="empty_42"/></StgValue>
</bind>
</comp>

<comp id="34" class="1001" name="const_34">
<pin_list>
<pin id="35" dir="1" index="0" bw="1" slack="2147483647"/>
</pin_list>
<bind>
<StgValue><ssdm name=""/></StgValue>
</bind>
</comp>

<comp id="36" class="1001" name="const_36">
<pin_list>
<pin id="37" dir="1" index="0" bw="1" slack="2147483647"/>
</pin_list>
<bind>
<StgValue><ssdm name=""/></StgValue>
</bind>
</comp>

<comp id="38" class="1001" name="const_38">
<pin_list>
<pin id="39" dir="1" index="0" bw="1" slack="2147483647"/>
</pin_list>
<bind>
<StgValue><ssdm name=""/></StgValue>
</bind>
</comp>

<comp id="40" class="1001" name="const_40">
<pin_list>
<pin id="41" dir="1" index="0" bw="1" slack="2147483647"/>
</pin_list>
<bind>
<StgValue><ssdm name="empty_44"/></StgValue>
</bind>
</comp>

<comp id="42" class="1001" name="const_42">
<pin_list>
<pin id="43" dir="1" index="0" bw="1" slack="0"/>
</pin_list>
<bind>
<StgValue><ssdm name="_ssdm_op_Read.ap_auto.i64"/></StgValue>
</bind>
</comp>

<comp id="44" class="1001" name="const_44">
<pin_list>
<pin id="45" dir="1" index="0" bw="1" slack="0"/>
</pin_list>
<bind>
<StgValue><ssdm name=""/></StgValue>
</bind>
</comp>

<comp id="46" class="1001" name="const_46">
<pin_list>
<pin id="47" dir="1" index="0" bw="1" slack="0"/>
</pin_list>
<bind>
<StgValue><ssdm name=""/></StgValue>
</bind>
</comp>

<comp id="48" class="1001" name="const_48">
<pin_list>
<pin id="49" dir="1" index="0" bw="1" slack="0"/>
</pin_list>
<bind>
<StgValue><ssdm name=""/></StgValue>
</bind>
</comp>

<comp id="50" class="1001" name="const_50">
<pin_list>
<pin id="51" dir="1" index="0" bw="1" slack="0"/>
</pin_list>
<bind>
<StgValue><ssdm name=""/></StgValue>
</bind>
</comp>

<comp id="52" class="1001" name="const_52">
<pin_list>
<pin id="53" dir="1" index="0" bw="1" slack="0"/>
</pin_list>
<bind>
<StgValue><ssdm name="_ssdm_op_BitSelect.i1.i9.i32"/></StgValue>
</bind>
</comp>

<comp id="54" class="1001" name="const_54">
<pin_list>
<pin id="55" dir="1" index="0" bw="1" slack="0"/>
</pin_list>
<bind>
<StgValue><ssdm name=""/></StgValue>
</bind>
</comp>

<comp id="56" class="1001" name="const_56">
<pin_list>
<pin id="57" dir="1" index="0" bw="1" slack="0"/>
</pin_list>
<bind>
<StgValue><ssdm name=""/></StgValue>
</bind>
</comp>

<comp id="58" class="1001" name="const_58">
<pin_list>
<pin id="59" dir="1" index="0" bw="1" slack="0"/>
</pin_list>
<bind>
<StgValue><ssdm name=""/></StgValue>
</bind>
</comp>

<comp id="60" class="1001" name="const_60">
<pin_list>
<pin id="61" dir="1" index="0" bw="1" slack="0"/>
</pin_list>
<bind>
<StgValue><ssdm name=""/></StgValue>
</bind>
</comp>

<comp id="62" class="1001" name="const_62">
<pin_list>
<pin id="63" dir="1" index="0" bw="1" slack="0"/>
</pin_list>
<bind>
<StgValue><ssdm name=""/></StgValue>
</bind>
</comp>

<comp id="64" class="1001" name="const_64">
<pin_list>
<pin id="65" dir="1" index="0" bw="1" slack="0"/>
</pin_list>
<bind>
<StgValue><ssdm name=""/></StgValue>
</bind>
</comp>

<comp id="66" class="1001" name="const_66">
<pin_list>
<pin id="67" dir="1" index="0" bw="1" slack="0"/>
</pin_list>
<bind>
<StgValue><ssdm name=""/></StgValue>
</bind>
</comp>

<comp id="68" class="1001" name="const_68">
<pin_list>
<pin id="69" dir="1" index="0" bw="1" slack="0"/>
</pin_list>
<bind>
<StgValue><ssdm name=""/></StgValue>
</bind>
</comp>

<comp id="70" class="1001" name="const_70">
<pin_list>
<pin id="71" dir="1" index="0" bw="1" slack="0"/>
</pin_list>
<bind>
<StgValue><ssdm name=""/></StgValue>
</bind>
</comp>

<comp id="72" class="1001" name="const_72">
<pin_list>
<pin id="73" dir="1" index="0" bw="1" slack="0"/>
</pin_list>
<bind>
<StgValue><ssdm name="conv2_Pipeline_VITIS_LOOP_99_4_VITIS_LOOP_100_5_VITIS_LOOP_101_6"/></StgValue>
</bind>
</comp>

<comp id="74" class="1001" name="const_74">
<pin_list>
<pin id="75" dir="1" index="0" bw="1" slack="0"/>
</pin_list>
<bind>
<StgValue><ssdm name="_ssdm_op_PartSelect.i3.i8.i32.i32"/></StgValue>
</bind>
</comp>

<comp id="76" class="1001" name="const_76">
<pin_list>
<pin id="77" dir="1" index="0" bw="1" slack="0"/>
</pin_list>
<bind>
<StgValue><ssdm name=""/></StgValue>
</bind>
</comp>

<comp id="78" class="1001" name="const_78">
<pin_list>
<pin id="79" dir="1" index="0" bw="1" slack="0"/>
</pin_list>
<bind>
<StgValue><ssdm name=""/></StgValue>
</bind>
</comp>

<comp id="80" class="1001" name="const_80">
<pin_list>
<pin id="81" dir="1" index="0" bw="1" slack="0"/>
</pin_list>
<bind>
<StgValue><ssdm name=""/></StgValue>
</bind>
</comp>

<comp id="82" class="1001" name="const_82">
<pin_list>
<pin id="83" dir="1" index="0" bw="1" slack="0"/>
</pin_list>
<bind>
<StgValue><ssdm name=""/></StgValue>
</bind>
</comp>

<comp id="84" class="1001" name="const_84">
<pin_list>
<pin id="85" dir="1" index="0" bw="1" slack="0"/>
</pin_list>
<bind>
<StgValue><ssdm name=""/></StgValue>
</bind>
</comp>

<comp id="86" class="1001" name="const_86">
<pin_list>
<pin id="87" dir="1" index="0" bw="1" slack="2147483647"/>
</pin_list>
<bind>
<StgValue><ssdm name="_ssdm_op_SpecLoopName"/></StgValue>
</bind>
</comp>

<comp id="88" class="1001" name="const_88">
<pin_list>
<pin id="89" dir="1" index="0" bw="1" slack="2147483647"/>
</pin_list>
<bind>
<StgValue><ssdm name="VITIS_LOOP_90_1_VITIS_LOOP_93_2_VITIS_LOOP_95_3_str"/></StgValue>
</bind>
</comp>

<comp id="90" class="1001" name="const_90">
<pin_list>
<pin id="91" dir="1" index="0" bw="1" slack="2147483647"/>
</pin_list>
<bind>
<StgValue><ssdm name="_ssdm_op_SpecLoopTripCount"/></StgValue>
</bind>
</comp>

<comp id="92" class="1001" name="const_92">
<pin_list>
<pin id="93" dir="1" index="0" bw="1" slack="2147483647"/>
</pin_list>
<bind>
<StgValue><ssdm name=""/></StgValue>
</bind>
</comp>

<comp id="94" class="1001" name="const_94">
<pin_list>
<pin id="95" dir="1" index="0" bw="1" slack="2147483647"/>
</pin_list>
<bind>
<StgValue><ssdm name="VITIS_LOOP_93_2_VITIS_LOOP_95_3_str"/></StgValue>
</bind>
</comp>

<comp id="96" class="1001" name="const_96">
<pin_list>
<pin id="97" dir="1" index="0" bw="1" slack="2147483647"/>
</pin_list>
<bind>
<StgValue><ssdm name="empty_37"/></StgValue>
</bind>
</comp>

<comp id="98" class="1001" name="const_98">
<pin_list>
<pin id="99" dir="1" index="0" bw="1" slack="0"/>
</pin_list>
<bind>
<StgValue><ssdm name="_ssdm_op_BitConcatenate.i10.i8.i2"/></StgValue>
</bind>
</comp>

<comp id="100" class="1001" name="const_100">
<pin_list>
<pin id="101" dir="1" index="0" bw="1" slack="0"/>
</pin_list>
<bind>
<StgValue><ssdm name=""/></StgValue>
</bind>
</comp>

<comp id="102" class="1001" name="const_102">
<pin_list>
<pin id="103" dir="1" index="0" bw="1" slack="1"/>
</pin_list>
<bind>
<StgValue><ssdm name=""/></StgValue>
</bind>
</comp>

<comp id="104" class="1001" name="const_104">
<pin_list>
<pin id="105" dir="1" index="0" bw="1" slack="1"/>
</pin_list>
<bind>
<StgValue><ssdm name=""/></StgValue>
</bind>
</comp>

<comp id="106" class="1001" name="const_106">
<pin_list>
<pin id="107" dir="1" index="0" bw="1" slack="0"/>
</pin_list>
<bind>
<StgValue><ssdm name=""/></StgValue>
</bind>
</comp>

<comp id="108" class="1001" name="const_108">
<pin_list>
<pin id="109" dir="1" index="0" bw="1" slack="0"/>
</pin_list>
<bind>
<StgValue><ssdm name=""/></StgValue>
</bind>
</comp>

<comp id="110" class="1001" name="const_110">
<pin_list>
<pin id="111" dir="1" index="0" bw="1" slack="0"/>
</pin_list>
<bind>
<StgValue><ssdm name=""/></StgValue>
</bind>
</comp>

<comp id="112" class="1001" name="const_112">
<pin_list>
<pin id="113" dir="1" index="0" bw="1" slack="0"/>
</pin_list>
<bind>
<StgValue><ssdm name="conv2_Pipeline_VITIS_LOOP_24_3"/></StgValue>
</bind>
</comp>

<comp id="114" class="1001" name="const_114">
<pin_list>
<pin id="115" dir="1" index="0" bw="1" slack="0"/>
</pin_list>
<bind>
<StgValue><ssdm name="conv2_Pipeline_VITIS_LOOP_72_3"/></StgValue>
</bind>
</comp>

<comp id="116" class="1001" name="const_116">
<pin_list>
<pin id="117" dir="1" index="0" bw="1" slack="0"/>
</pin_list>
<bind>
<StgValue><ssdm name=""/></StgValue>
</bind>
</comp>

<comp id="118" class="1001" name="const_118">
<pin_list>
<pin id="119" dir="1" index="0" bw="1" slack="2147483647"/>
</pin_list>
<bind>
<StgValue><ssdm name=""/></StgValue>
</bind>
</comp>

<comp id="120" class="1001" name="const_120">
<pin_list>
<pin id="121" dir="1" index="0" bw="1" slack="2147483647"/>
</pin_list>
<bind>
<StgValue><ssdm name="empty_27"/></StgValue>
</bind>
</comp>

<comp id="122" class="1001" name="const_122">
<pin_list>
<pin id="123" dir="1" index="0" bw="1" slack="0"/>
</pin_list>
<bind>
<StgValue><ssdm name="_ssdm_op_BitConcatenate.i8.i6.i2"/></StgValue>
</bind>
</comp>

<comp id="124" class="1001" name="const_124">
<pin_list>
<pin id="125" dir="1" index="0" bw="1" slack="1"/>
</pin_list>
<bind>
<StgValue><ssdm name=""/></StgValue>
</bind>
</comp>

<comp id="126" class="1001" name="const_126">
<pin_list>
<pin id="127" dir="1" index="0" bw="1" slack="0"/>
</pin_list>
<bind>
<StgValue><ssdm name=""/></StgValue>
</bind>
</comp>

<comp id="128" class="1001" name="const_128">
<pin_list>
<pin id="129" dir="1" index="0" bw="1" slack="0"/>
</pin_list>
<bind>
<StgValue><ssdm name=""/></StgValue>
</bind>
</comp>

<comp id="130" class="1001" name="const_130">
<pin_list>
<pin id="131" dir="1" index="0" bw="1" slack="0"/>
</pin_list>
<bind>
<StgValue><ssdm name="_ssdm_op_PartSelect.i2.i6.i32.i32"/></StgValue>
</bind>
</comp>

<comp id="132" class="1001" name="const_132">
<pin_list>
<pin id="133" dir="1" index="0" bw="1" slack="0"/>
</pin_list>
<bind>
<StgValue><ssdm name=""/></StgValue>
</bind>
</comp>

<comp id="134" class="1001" name="const_134">
<pin_list>
<pin id="135" dir="1" index="0" bw="1" slack="0"/>
</pin_list>
<bind>
<StgValue><ssdm name=""/></StgValue>
</bind>
</comp>

<comp id="136" class="1001" name="const_136">
<pin_list>
<pin id="137" dir="1" index="0" bw="1" slack="0"/>
</pin_list>
<bind>
<StgValue><ssdm name="_ssdm_op_BitConcatenate.i13.i2.i3.i8"/></StgValue>
</bind>
</comp>

<comp id="138" class="1001" name="const_138">
<pin_list>
<pin id="139" dir="1" index="0" bw="1" slack="0"/>
</pin_list>
<bind>
<StgValue><ssdm name="_ssdm_op_PartSelect.i62.i64.i32.i32"/></StgValue>
</bind>
</comp>

<comp id="140" class="1001" name="const_140">
<pin_list>
<pin id="141" dir="1" index="0" bw="1" slack="0"/>
</pin_list>
<bind>
<StgValue><ssdm name=""/></StgValue>
</bind>
</comp>

<comp id="142" class="1001" name="const_142">
<pin_list>
<pin id="143" dir="1" index="0" bw="1" slack="0"/>
</pin_list>
<bind>
<StgValue><ssdm name=""/></StgValue>
</bind>
</comp>

<comp id="144" class="1001" name="const_144">
<pin_list>
<pin id="145" dir="1" index="0" bw="1" slack="0"/>
</pin_list>
<bind>
<StgValue><ssdm name="_ssdm_op_ReadReq.m_axi.i32P1A"/></StgValue>
</bind>
</comp>

<comp id="146" class="1001" name="const_146">
<pin_list>
<pin id="147" dir="1" index="0" bw="1" slack="0"/>
</pin_list>
<bind>
<StgValue><ssdm name="_ssdm_op_Read.m_axi.i32P1A"/></StgValue>
</bind>
</comp>

<comp id="148" class="1001" name="const_148">
<pin_list>
<pin id="149" dir="1" index="0" bw="1" slack="2147483647"/>
</pin_list>
<bind>
<StgValue><ssdm name=""/></StgValue>
</bind>
</comp>

<comp id="150" class="1001" name="const_150">
<pin_list>
<pin id="151" dir="1" index="0" bw="1" slack="2147483647"/>
</pin_list>
<bind>
<StgValue><ssdm name="empty_29"/></StgValue>
</bind>
</comp>

<comp id="152" class="1001" name="const_152">
<pin_list>
<pin id="153" dir="1" index="0" bw="1" slack="0"/>
</pin_list>
<bind>
<StgValue><ssdm name=""/></StgValue>
</bind>
</comp>

<comp id="154" class="1001" name="const_154">
<pin_list>
<pin id="155" dir="1" index="0" bw="1" slack="1"/>
</pin_list>
<bind>
<StgValue><ssdm name=""/></StgValue>
</bind>
</comp>

<comp id="156" class="1001" name="const_156">
<pin_list>
<pin id="157" dir="1" index="0" bw="1" slack="0"/>
</pin_list>
<bind>
<StgValue><ssdm name=""/></StgValue>
</bind>
</comp>

<comp id="158" class="1001" name="const_158">
<pin_list>
<pin id="159" dir="1" index="0" bw="1" slack="0"/>
</pin_list>
<bind>
<StgValue><ssdm name=""/></StgValue>
</bind>
</comp>

<comp id="160" class="1001" name="const_160">
<pin_list>
<pin id="161" dir="1" index="0" bw="1" slack="0"/>
</pin_list>
<bind>
<StgValue><ssdm name=""/></StgValue>
</bind>
</comp>

<comp id="162" class="1001" name="const_162">
<pin_list>
<pin id="163" dir="1" index="0" bw="1" slack="2147483647"/>
</pin_list>
<bind>
<StgValue><ssdm name="VITIS_LOOP_50_1_VITIS_LOOP_51_2_str"/></StgValue>
</bind>
</comp>

<comp id="164" class="1001" name="const_164">
<pin_list>
<pin id="165" dir="1" index="0" bw="1" slack="2147483647"/>
</pin_list>
<bind>
<StgValue><ssdm name=""/></StgValue>
</bind>
</comp>

<comp id="166" class="1001" name="const_166">
<pin_list>
<pin id="167" dir="1" index="0" bw="1" slack="0"/>
</pin_list>
<bind>
<StgValue><ssdm name="_ssdm_op_BitConcatenate.i10.i5.i5"/></StgValue>
</bind>
</comp>

<comp id="168" class="1001" name="const_168">
<pin_list>
<pin id="169" dir="1" index="0" bw="1" slack="0"/>
</pin_list>
<bind>
<StgValue><ssdm name=""/></StgValue>
</bind>
</comp>

<comp id="170" class="1001" name="const_170">
<pin_list>
<pin id="171" dir="1" index="0" bw="1" slack="2147483647"/>
</pin_list>
<bind>
<StgValue><ssdm name="empty_30"/></StgValue>
</bind>
</comp>

<comp id="172" class="1001" name="const_172">
<pin_list>
<pin id="173" dir="1" index="0" bw="1" slack="0"/>
</pin_list>
<bind>
<StgValue><ssdm name="conv2_Pipeline_VITIS_LOOP_53_3"/></StgValue>
</bind>
</comp>

<comp id="174" class="1004" name="x0_fu_174">
<pin_list>
<pin id="175" dir="0" index="0" bw="1" slack="0"/>
<pin id="176" dir="1" index="1" bw="9" slack="0"/>
</pin_list>
<bind>
<opcode="alloca(26) " fcode="alloca"/>
<opset="x0/1 "/>
</bind>
</comp>

<comp id="178" class="1004" name="y0_fu_178">
<pin_list>
<pin id="179" dir="0" index="0" bw="1" slack="0"/>
<pin id="180" dir="1" index="1" bw="9" slack="0"/>
</pin_list>
<bind>
<opcode="alloca(26) " fcode="alloca"/>
<opset="y0/1 "/>
</bind>
</comp>

<comp id="182" class="1004" name="indvar_flatten128_fu_182">
<pin_list>
<pin id="183" dir="0" index="0" bw="1" slack="0"/>
<pin id="184" dir="1" index="1" bw="8" slack="0"/>
</pin_list>
<bind>
<opcode="alloca(26) " fcode="alloca"/>
<opset="indvar_flatten128/1 "/>
</bind>
</comp>

<comp id="186" class="1004" name="n0_fu_186">
<pin_list>
<pin id="187" dir="0" index="0" bw="1" slack="0"/>
<pin id="188" dir="1" index="1" bw="6" slack="0"/>
</pin_list>
<bind>
<opcode="alloca(26) " fcode="alloca"/>
<opset="n0/1 "/>
</bind>
</comp>

<comp id="190" class="1004" name="indvar_flatten151_fu_190">
<pin_list>
<pin id="191" dir="0" index="0" bw="1" slack="0"/>
<pin id="192" dir="1" index="1" bw="9" slack="0"/>
</pin_list>
<bind>
<opcode="alloca(26) " fcode="alloca"/>
<opset="indvar_flatten151/1 "/>
</bind>
</comp>

<comp id="194" class="1004" name="out_ftmap_read_read_fu_194">
<pin_list>
<pin id="195" dir="0" index="0" bw="64" slack="0"/>
<pin id="196" dir="0" index="1" bw="64" slack="0"/>
<pin id="197" dir="1" index="2" bw="64" slack="3"/>
</pin_list>
<bind>
<opcode="read(1150) " fcode="read"/>
<opset="out_ftmap_read/1 "/>
</bind>
</comp>

<comp id="200" class="1004" name="b_read_read_fu_200">
<pin_list>
<pin id="201" dir="0" index="0" bw="64" slack="0"/>
<pin id="202" dir="0" index="1" bw="64" slack="0"/>
<pin id="203" dir="1" index="2" bw="64" slack="3"/>
</pin_list>
<bind>
<opcode="read(1150) " fcode="read"/>
<opset="b_read/1 "/>
</bind>
</comp>

<comp id="206" class="1004" name="w_read_read_fu_206">
<pin_list>
<pin id="207" dir="0" index="0" bw="64" slack="0"/>
<pin id="208" dir="0" index="1" bw="64" slack="0"/>
<pin id="209" dir="1" index="2" bw="64" slack="5"/>
</pin_list>
<bind>
<opcode="read(1150) " fcode="read"/>
<opset="w_read/1 "/>
</bind>
</comp>

<comp id="212" class="1004" name="in_ftmap_read_read_fu_212">
<pin_list>
<pin id="213" dir="0" index="0" bw="64" slack="0"/>
<pin id="214" dir="0" index="1" bw="64" slack="0"/>
<pin id="215" dir="1" index="2" bw="64" slack="2"/>
</pin_list>
<bind>
<opcode="read(1150) " fcode="read"/>
<opset="in_ftmap_read/1 "/>
</bind>
</comp>

<comp id="218" class="1004" name="grp_readreq_fu_218">
<pin_list>
<pin id="219" dir="0" index="0" bw="1" slack="0"/>
<pin id="220" dir="0" index="1" bw="32" slack="1"/>
<pin id="221" dir="0" index="2" bw="1" slack="0"/>
<pin id="222" dir="1" index="3" bw="1" slack="2147483647"/>
</pin_list>
<bind>
<opcode="readreq(1154) " fcode="readreq"/>
<opset="w2_load_req/7 "/>
</bind>
</comp>

<comp id="225" class="1004" name="w2_addr_read_read_fu_225">
<pin_list>
<pin id="226" dir="0" index="0" bw="32" slack="0"/>
<pin id="227" dir="0" index="1" bw="32" slack="9"/>
<pin id="228" dir="1" index="2" bw="32" slack="1"/>
</pin_list>
<bind>
<opcode="read(1150) " fcode="read"/>
<opset="w2_addr_read/15 "/>
</bind>
</comp>

<comp id="230" class="1004" name="w_tile_0_addr_gep_fu_230">
<pin_list>
<pin id="231" dir="0" index="0" bw="32" slack="0"/>
<pin id="232" dir="0" index="1" bw="1" slack="0"/>
<pin id="233" dir="0" index="2" bw="4" slack="10"/>
<pin id="234" dir="1" index="3" bw="3" slack="0"/>
</pin_list>
<bind>
<opcode="getelementptr(29) " fcode="getelementptr"/>
<opset="w_tile_0_addr/16 "/>
</bind>
</comp>

<comp id="237" class="1004" name="store_ln39_access_fu_237">
<pin_list>
<pin id="238" dir="0" index="0" bw="3" slack="0"/>
<pin id="239" dir="0" index="1" bw="32" slack="0"/>
<pin id="240" dir="0" index="2" bw="0" slack="2147483647"/>
<pin id="241" dir="1" index="3" bw="32" slack="2147483647"/>
</pin_list>
<bind>
<opcode="store(28) " fcode="store"/>
<opset="store_ln39/16 "/>
</bind>
</comp>

<comp id="243" class="1004" name="in_tile_0_addr_gep_fu_243">
<pin_list>
<pin id="244" dir="0" index="0" bw="32" slack="0"/>
<pin id="245" dir="0" index="1" bw="1" slack="0"/>
<pin id="246" dir="0" index="2" bw="10" slack="0"/>
<pin id="247" dir="1" index="3" bw="10" slack="0"/>
</pin_list>
<bind>
<opcode="getelementptr(29) " fcode="getelementptr"/>
<opset="in_tile_0_addr/17 "/>
</bind>
</comp>

<comp id="250" class="1004" name="grp_access_fu_250">
<pin_list>
<pin id="251" dir="0" index="0" bw="10" slack="0"/>
<pin id="252" dir="0" index="1" bw="32" slack="2147483647"/>
<pin id="253" dir="0" index="2" bw="0" slack="2147483647"/>
<pin id="254" dir="1" index="3" bw="32" slack="0"/>
</pin_list>
<bind>
<opcode="load(27) " fcode="load"/>
<opset="in_tile_0_load/17 "/>
</bind>
</comp>

<comp id="256" class="1005" name="c0_reg_256">
<pin_list>
<pin id="257" dir="0" index="0" bw="7" slack="1"/>
<pin id="258" dir="1" index="1" bw="7" slack="1"/>
</pin_list>
<bind>
<opset="c0 (phireg) "/>
</bind>
</comp>

<comp id="260" class="1004" name="c0_phi_fu_260">
<pin_list>
<pin id="261" dir="0" index="0" bw="1" slack="1"/>
<pin id="262" dir="0" index="1" bw="0" slack="2147483647"/>
<pin id="263" dir="0" index="2" bw="7" slack="0"/>
<pin id="264" dir="0" index="3" bw="0" slack="2147483647"/>
<pin id="265" dir="1" index="4" bw="7" slack="0"/>
</pin_list>
<bind>
<opcode="phi(47) " fcode="phi"/>
<opset="c0/4 "/>
</bind>
</comp>

<comp id="267" class="1005" name="phi_mul_reg_267">
<pin_list>
<pin id="268" dir="0" index="0" bw="24" slack="1"/>
<pin id="269" dir="1" index="1" bw="24" slack="1"/>
</pin_list>
<bind>
<opset="phi_mul (phireg) "/>
</bind>
</comp>

<comp id="271" class="1004" name="phi_mul_phi_fu_271">
<pin_list>
<pin id="272" dir="0" index="0" bw="1" slack="1"/>
<pin id="273" dir="0" index="1" bw="0" slack="2147483647"/>
<pin id="274" dir="0" index="2" bw="24" slack="0"/>
<pin id="275" dir="0" index="3" bw="0" slack="2147483647"/>
<pin id="276" dir="1" index="4" bw="24" slack="0"/>
</pin_list>
<bind>
<opcode="phi(47) " fcode="phi"/>
<opset="phi_mul/4 "/>
</bind>
</comp>

<comp id="279" class="1005" name="tn_reg_279">
<pin_list>
<pin id="280" dir="0" index="0" bw="4" slack="1"/>
<pin id="281" dir="1" index="1" bw="4" slack="1"/>
</pin_list>
<bind>
<opset="tn (phireg) "/>
</bind>
</comp>

<comp id="283" class="1004" name="tn_phi_fu_283">
<pin_list>
<pin id="284" dir="0" index="0" bw="4" slack="0"/>
<pin id="285" dir="0" index="1" bw="0" slack="2147483647"/>
<pin id="286" dir="0" index="2" bw="1" slack="1"/>
<pin id="287" dir="0" index="3" bw="0" slack="2147483647"/>
<pin id="288" dir="1" index="4" bw="4" slack="0"/>
</pin_list>
<bind>
<opcode="phi(47) " fcode="phi"/>
<opset="tn/6 "/>
</bind>
</comp>

<comp id="290" class="1005" name="indvar_flatten38_reg_290">
<pin_list>
<pin id="291" dir="0" index="0" bw="11" slack="1"/>
<pin id="292" dir="1" index="1" bw="11" slack="1"/>
</pin_list>
<bind>
<opset="indvar_flatten38 (phireg) "/>
</bind>
</comp>

<comp id="294" class="1004" name="indvar_flatten38_phi_fu_294">
<pin_list>
<pin id="295" dir="0" index="0" bw="11" slack="0"/>
<pin id="296" dir="0" index="1" bw="0" slack="2147483647"/>
<pin id="297" dir="0" index="2" bw="1" slack="1"/>
<pin id="298" dir="0" index="3" bw="0" slack="2147483647"/>
<pin id="299" dir="1" index="4" bw="11" slack="0"/>
</pin_list>
<bind>
<opcode="phi(47) " fcode="phi"/>
<opset="indvar_flatten38/17 "/>
</bind>
</comp>

<comp id="301" class="1005" name="th_reg_301">
<pin_list>
<pin id="302" dir="0" index="0" bw="6" slack="1"/>
<pin id="303" dir="1" index="1" bw="6" slack="1"/>
</pin_list>
<bind>
<opset="th (phireg) "/>
</bind>
</comp>

<comp id="305" class="1004" name="th_phi_fu_305">
<pin_list>
<pin id="306" dir="0" index="0" bw="6" slack="0"/>
<pin id="307" dir="0" index="1" bw="0" slack="2147483647"/>
<pin id="308" dir="0" index="2" bw="1" slack="1"/>
<pin id="309" dir="0" index="3" bw="0" slack="2147483647"/>
<pin id="310" dir="1" index="4" bw="6" slack="0"/>
</pin_list>
<bind>
<opcode="phi(47) " fcode="phi"/>
<opset="th/17 "/>
</bind>
</comp>

<comp id="312" class="1005" name="tw_reg_312">
<pin_list>
<pin id="313" dir="0" index="0" bw="6" slack="1"/>
<pin id="314" dir="1" index="1" bw="6" slack="1"/>
</pin_list>
<bind>
<opset="tw (phireg) "/>
</bind>
</comp>

<comp id="316" class="1004" name="tw_phi_fu_316">
<pin_list>
<pin id="317" dir="0" index="0" bw="6" slack="1"/>
<pin id="318" dir="0" index="1" bw="0" slack="2147483647"/>
<pin id="319" dir="0" index="2" bw="1" slack="1"/>
<pin id="320" dir="0" index="3" bw="0" slack="2147483647"/>
<pin id="321" dir="1" index="4" bw="6" slack="0"/>
</pin_list>
<bind>
<opcode="phi(47) " fcode="phi"/>
<opset="tw/17 "/>
</bind>
</comp>

<comp id="323" class="1004" name="grp_conv2_Pipeline_VITIS_LOOP_99_4_VITIS_LOOP_100_5_VITIS_LOOP_101_6_fu_323">
<pin_list>
<pin id="324" dir="0" index="0" bw="0" slack="0"/>
<pin id="325" dir="0" index="1" bw="8" slack="0"/>
<pin id="326" dir="0" index="2" bw="8" slack="0"/>
<pin id="327" dir="0" index="3" bw="32" slack="0"/>
<pin id="328" dir="1" index="4" bw="0" slack="2147483647"/>
</pin_list>
<bind>
<opcode="call(48) " fcode="call"/>
<opset="call_ln67/2 "/>
</bind>
</comp>

<comp id="331" class="1004" name="grp_conv2_Pipeline_VITIS_LOOP_24_3_fu_331">
<pin_list>
<pin id="332" dir="0" index="0" bw="0" slack="0"/>
<pin id="333" dir="0" index="1" bw="9" slack="2"/>
<pin id="334" dir="0" index="2" bw="8" slack="2"/>
<pin id="335" dir="0" index="3" bw="6" slack="2"/>
<pin id="336" dir="0" index="4" bw="8" slack="2"/>
<pin id="337" dir="0" index="5" bw="32" slack="0"/>
<pin id="338" dir="0" index="6" bw="24" slack="0"/>
<pin id="339" dir="0" index="7" bw="64" slack="1"/>
<pin id="340" dir="0" index="8" bw="32" slack="0"/>
<pin id="341" dir="1" index="9" bw="0" slack="2147483647"/>
</pin_list>
<bind>
<opcode="call(48) " fcode="call"/>
<opset="call_ln93/4 "/>
</bind>
</comp>

<comp id="346" class="1004" name="grp_conv2_Pipeline_VITIS_LOOP_72_3_fu_346">
<pin_list>
<pin id="347" dir="0" index="0" bw="0" slack="0"/>
<pin id="348" dir="0" index="1" bw="5" slack="1"/>
<pin id="349" dir="0" index="2" bw="9" slack="2"/>
<pin id="350" dir="0" index="3" bw="8" slack="2"/>
<pin id="351" dir="0" index="4" bw="6" slack="2"/>
<pin id="352" dir="0" index="5" bw="32" slack="0"/>
<pin id="353" dir="0" index="6" bw="8" slack="2"/>
<pin id="354" dir="0" index="7" bw="64" slack="3"/>
<pin id="355" dir="0" index="8" bw="64" slack="0"/>
<pin id="356" dir="0" index="9" bw="32" slack="0"/>
<pin id="357" dir="0" index="10" bw="32" slack="0"/>
<pin id="358" dir="1" index="11" bw="0" slack="2147483647"/>
</pin_list>
<bind>
<opcode="call(48) " fcode="call"/>
<opset="call_ln67/4 "/>
</bind>
</comp>

<comp id="363" class="1004" name="grp_conv2_Pipeline_VITIS_LOOP_53_3_fu_363">
<pin_list>
<pin id="364" dir="0" index="0" bw="0" slack="0"/>
<pin id="365" dir="0" index="1" bw="6" slack="1"/>
<pin id="366" dir="0" index="2" bw="6" slack="1"/>
<pin id="367" dir="0" index="3" bw="32" slack="0"/>
<pin id="368" dir="0" index="4" bw="32" slack="0"/>
<pin id="369" dir="0" index="5" bw="32" slack="0"/>
<pin id="370" dir="1" index="6" bw="0" slack="2147483647"/>
</pin_list>
<bind>
<opcode="call(48) " fcode="call"/>
<opset="call_ln50/18 "/>
</bind>
</comp>

<comp id="375" class="1004" name="grp_load_fu_375">
<pin_list>
<pin id="376" dir="0" index="0" bw="8" slack="1"/>
<pin id="377" dir="1" index="1" bw="8" slack="0"/>
</pin_list>
<bind>
<opcode="load(27) " fcode="load"/>
<opset="indvar_flatten128_load_1/2 indvar_flatten128_load/4 "/>
</bind>
</comp>

<comp id="378" class="1004" name="store_ln90_store_fu_378">
<pin_list>
<pin id="379" dir="0" index="0" bw="1" slack="0"/>
<pin id="380" dir="0" index="1" bw="9" slack="0"/>
<pin id="381" dir="1" index="2" bw="0" slack="2147483647"/>
</pin_list>
<bind>
<opcode="store(28) " fcode="store"/>
<opset="store_ln90/1 "/>
</bind>
</comp>

<comp id="383" class="1004" name="store_ln90_store_fu_383">
<pin_list>
<pin id="384" dir="0" index="0" bw="1" slack="0"/>
<pin id="385" dir="0" index="1" bw="6" slack="0"/>
<pin id="386" dir="1" index="2" bw="0" slack="2147483647"/>
</pin_list>
<bind>
<opcode="store(28) " fcode="store"/>
<opset="store_ln90/1 "/>
</bind>
</comp>

<comp id="388" class="1004" name="store_ln90_store_fu_388">
<pin_list>
<pin id="389" dir="0" index="0" bw="1" slack="0"/>
<pin id="390" dir="0" index="1" bw="8" slack="0"/>
<pin id="391" dir="1" index="2" bw="0" slack="2147483647"/>
</pin_list>
<bind>
<opcode="store(28) " fcode="store"/>
<opset="store_ln90/1 "/>
</bind>
</comp>

<comp id="393" class="1004" name="store_ln90_store_fu_393">
<pin_list>
<pin id="394" dir="0" index="0" bw="1" slack="0"/>
<pin id="395" dir="0" index="1" bw="9" slack="0"/>
<pin id="396" dir="1" index="2" bw="0" slack="2147483647"/>
</pin_list>
<bind>
<opcode="store(28) " fcode="store"/>
<opset="store_ln90/1 "/>
</bind>
</comp>

<comp id="398" class="1004" name="store_ln90_store_fu_398">
<pin_list>
<pin id="399" dir="0" index="0" bw="1" slack="0"/>
<pin id="400" dir="0" index="1" bw="9" slack="0"/>
<pin id="401" dir="1" index="2" bw="0" slack="2147483647"/>
</pin_list>
<bind>
<opcode="store(28) " fcode="store"/>
<opset="store_ln90/1 "/>
</bind>
</comp>

<comp id="403" class="1004" name="y0_2_load_fu_403">
<pin_list>
<pin id="404" dir="0" index="0" bw="9" slack="1"/>
<pin id="405" dir="1" index="1" bw="9" slack="0"/>
</pin_list>
<bind>
<opcode="load(27) " fcode="load"/>
<opset="y0_2/2 "/>
</bind>
</comp>

<comp id="406" class="1004" name="indvar_flatten151_load_load_fu_406">
<pin_list>
<pin id="407" dir="0" index="0" bw="9" slack="1"/>
<pin id="408" dir="1" index="1" bw="9" slack="0"/>
</pin_list>
<bind>
<opcode="load(27) " fcode="load"/>
<opset="indvar_flatten151_load/2 "/>
</bind>
</comp>

<comp id="409" class="1004" name="add_ln94_fu_409">
<pin_list>
<pin id="410" dir="0" index="0" bw="9" slack="0"/>
<pin id="411" dir="0" index="1" bw="7" slack="0"/>
<pin id="412" dir="1" index="2" bw="9" slack="0"/>
</pin_list>
<bind>
<opcode="add(8) " fcode="add"/>
<opset="add_ln94/2 "/>
</bind>
</comp>

<comp id="415" class="1004" name="tmp_8_fu_415">
<pin_list>
<pin id="416" dir="0" index="0" bw="1" slack="0"/>
<pin id="417" dir="0" index="1" bw="9" slack="0"/>
<pin id="418" dir="0" index="2" bw="5" slack="0"/>
<pin id="419" dir="1" index="3" bw="1" slack="0"/>
</pin_list>
<bind>
<opcode="bitselect(1000) " fcode="bitselect"/>
<opset="tmp_8/2 "/>
</bind>
</comp>

<comp id="423" class="1004" name="xor_ln94_2_fu_423">
<pin_list>
<pin id="424" dir="0" index="0" bw="1" slack="0"/>
<pin id="425" dir="0" index="1" bw="1" slack="0"/>
<pin id="426" dir="1" index="2" bw="1" slack="0"/>
</pin_list>
<bind>
<opcode="xor(25) " fcode="xor"/>
<opset="xor_ln94_2/2 "/>
</bind>
</comp>

<comp id="429" class="1004" name="trunc_ln94_fu_429">
<pin_list>
<pin id="430" dir="0" index="0" bw="9" slack="0"/>
<pin id="431" dir="1" index="1" bw="8" slack="0"/>
</pin_list>
<bind>
<opcode="trunc(33) " fcode="trunc"/>
<opset="trunc_ln94/2 "/>
</bind>
</comp>

<comp id="433" class="1004" name="xor_ln94_fu_433">
<pin_list>
<pin id="434" dir="0" index="0" bw="8" slack="0"/>
<pin id="435" dir="0" index="1" bw="8" slack="0"/>
<pin id="436" dir="1" index="2" bw="8" slack="0"/>
</pin_list>
<bind>
<opcode="xor(25) " fcode="xor"/>
<opset="xor_ln94/2 "/>
</bind>
</comp>

<comp id="439" class="1004" name="icmp_ln90_fu_439">
<pin_list>
<pin id="440" dir="0" index="0" bw="9" slack="0"/>
<pin id="441" dir="0" index="1" bw="9" slack="0"/>
<pin id="442" dir="1" index="2" bw="1" slack="2147483647"/>
</pin_list>
<bind>
<opcode="icmp(45) " fcode="icmp"/>
<opset="icmp_ln90/2 "/>
</bind>
</comp>

<comp id="445" class="1004" name="add_ln90_fu_445">
<pin_list>
<pin id="446" dir="0" index="0" bw="9" slack="0"/>
<pin id="447" dir="0" index="1" bw="1" slack="0"/>
<pin id="448" dir="1" index="2" bw="9" slack="2"/>
</pin_list>
<bind>
<opcode="add(8) " fcode="add"/>
<opset="add_ln90/2 "/>
</bind>
</comp>

<comp id="451" class="1004" name="x0_load_load_fu_451">
<pin_list>
<pin id="452" dir="0" index="0" bw="9" slack="1"/>
<pin id="453" dir="1" index="1" bw="9" slack="0"/>
</pin_list>
<bind>
<opcode="load(27) " fcode="load"/>
<opset="x0_load/2 "/>
</bind>
</comp>

<comp id="454" class="1004" name="icmp_ln93_fu_454">
<pin_list>
<pin id="455" dir="0" index="0" bw="8" slack="0"/>
<pin id="456" dir="0" index="1" bw="8" slack="0"/>
<pin id="457" dir="1" index="2" bw="1" slack="0"/>
</pin_list>
<bind>
<opcode="icmp(45) " fcode="icmp"/>
<opset="icmp_ln93/2 "/>
</bind>
</comp>

<comp id="460" class="1004" name="select_ln67_fu_460">
<pin_list>
<pin id="461" dir="0" index="0" bw="1" slack="0"/>
<pin id="462" dir="0" index="1" bw="9" slack="0"/>
<pin id="463" dir="0" index="2" bw="9" slack="0"/>
<pin id="464" dir="1" index="3" bw="9" slack="0"/>
</pin_list>
<bind>
<opcode="select(49) " fcode="select"/>
<opset="select_ln67/2 "/>
</bind>
</comp>

<comp id="468" class="1004" name="select_ln67_1_fu_468">
<pin_list>
<pin id="469" dir="0" index="0" bw="1" slack="0"/>
<pin id="470" dir="0" index="1" bw="9" slack="0"/>
<pin id="471" dir="0" index="2" bw="9" slack="0"/>
<pin id="472" dir="1" index="3" bw="9" slack="0"/>
</pin_list>
<bind>
<opcode="select(49) " fcode="select"/>
<opset="select_ln67_1/2 "/>
</bind>
</comp>

<comp id="476" class="1004" name="or_ln67_1_fu_476">
<pin_list>
<pin id="477" dir="0" index="0" bw="1" slack="0"/>
<pin id="478" dir="0" index="1" bw="1" slack="0"/>
<pin id="479" dir="1" index="2" bw="1" slack="0"/>
</pin_list>
<bind>
<opcode="or(24) " fcode="or"/>
<opset="or_ln67_1/2 "/>
</bind>
</comp>

<comp id="482" class="1004" name="select_ln67_3_fu_482">
<pin_list>
<pin id="483" dir="0" index="0" bw="1" slack="0"/>
<pin id="484" dir="0" index="1" bw="8" slack="0"/>
<pin id="485" dir="0" index="2" bw="8" slack="0"/>
<pin id="486" dir="1" index="3" bw="8" slack="0"/>
</pin_list>
<bind>
<opcode="select(49) " fcode="select"/>
<opset="select_ln67_3/2 "/>
</bind>
</comp>

<comp id="490" class="1004" name="icmp_ln95_fu_490">
<pin_list>
<pin id="491" dir="0" index="0" bw="9" slack="0"/>
<pin id="492" dir="0" index="1" bw="9" slack="0"/>
<pin id="493" dir="1" index="2" bw="1" slack="0"/>
</pin_list>
<bind>
<opcode="icmp(45) " fcode="icmp"/>
<opset="icmp_ln95/2 "/>
</bind>
</comp>

<comp id="496" class="1004" name="or_ln67_fu_496">
<pin_list>
<pin id="497" dir="0" index="0" bw="1" slack="0"/>
<pin id="498" dir="0" index="1" bw="1" slack="0"/>
<pin id="499" dir="1" index="2" bw="1" slack="0"/>
</pin_list>
<bind>
<opcode="or(24) " fcode="or"/>
<opset="or_ln67/2 "/>
</bind>
</comp>

<comp id="502" class="1004" name="add_ln94_1_fu_502">
<pin_list>
<pin id="503" dir="0" index="0" bw="9" slack="0"/>
<pin id="504" dir="0" index="1" bw="7" slack="0"/>
<pin id="505" dir="1" index="2" bw="9" slack="0"/>
</pin_list>
<bind>
<opcode="add(8) " fcode="add"/>
<opset="add_ln94_1/2 "/>
</bind>
</comp>

<comp id="508" class="1004" name="select_ln67_4_fu_508">
<pin_list>
<pin id="509" dir="0" index="0" bw="1" slack="0"/>
<pin id="510" dir="0" index="1" bw="9" slack="0"/>
<pin id="511" dir="0" index="2" bw="9" slack="0"/>
<pin id="512" dir="1" index="3" bw="9" slack="0"/>
</pin_list>
<bind>
<opcode="select(49) " fcode="select"/>
<opset="select_ln67_4/2 "/>
</bind>
</comp>

<comp id="516" class="1004" name="add_ln94_2_fu_516">
<pin_list>
<pin id="517" dir="0" index="0" bw="9" slack="0"/>
<pin id="518" dir="0" index="1" bw="8" slack="0"/>
<pin id="519" dir="1" index="2" bw="9" slack="0"/>
</pin_list>
<bind>
<opcode="add(8) " fcode="add"/>
<opset="add_ln94_2/2 "/>
</bind>
</comp>

<comp id="522" class="1004" name="tmp_9_fu_522">
<pin_list>
<pin id="523" dir="0" index="0" bw="1" slack="0"/>
<pin id="524" dir="0" index="1" bw="9" slack="0"/>
<pin id="525" dir="0" index="2" bw="5" slack="0"/>
<pin id="526" dir="1" index="3" bw="1" slack="0"/>
</pin_list>
<bind>
<opcode="bitselect(1000) " fcode="bitselect"/>
<opset="tmp_9/2 "/>
</bind>
</comp>

<comp id="530" class="1004" name="trunc_ln94_1_fu_530">
<pin_list>
<pin id="531" dir="0" index="0" bw="9" slack="0"/>
<pin id="532" dir="1" index="1" bw="8" slack="0"/>
</pin_list>
<bind>
<opcode="trunc(33) " fcode="trunc"/>
<opset="trunc_ln94_1/2 "/>
</bind>
</comp>

<comp id="534" class="1004" name="xor_ln94_1_fu_534">
<pin_list>
<pin id="535" dir="0" index="0" bw="8" slack="0"/>
<pin id="536" dir="0" index="1" bw="8" slack="0"/>
<pin id="537" dir="1" index="2" bw="8" slack="0"/>
</pin_list>
<bind>
<opcode="xor(25) " fcode="xor"/>
<opset="xor_ln94_1/2 "/>
</bind>
</comp>

<comp id="540" class="1004" name="select_ln94_fu_540">
<pin_list>
<pin id="541" dir="0" index="0" bw="1" slack="0"/>
<pin id="542" dir="0" index="1" bw="8" slack="0"/>
<pin id="543" dir="0" index="2" bw="8" slack="0"/>
<pin id="544" dir="1" index="3" bw="8" slack="0"/>
</pin_list>
<bind>
<opcode="select(49) " fcode="select"/>
<opset="select_ln94/2 "/>
</bind>
</comp>

<comp id="548" class="1004" name="select_ln67_5_fu_548">
<pin_list>
<pin id="549" dir="0" index="0" bw="1" slack="0"/>
<pin id="550" dir="0" index="1" bw="8" slack="0"/>
<pin id="551" dir="0" index="2" bw="8" slack="0"/>
<pin id="552" dir="1" index="3" bw="8" slack="0"/>
</pin_list>
<bind>
<opcode="select(49) " fcode="select"/>
<opset="select_ln67_5/2 "/>
</bind>
</comp>

<comp id="557" class="1004" name="select_ln93_fu_557">
<pin_list>
<pin id="558" dir="0" index="0" bw="1" slack="0"/>
<pin id="559" dir="0" index="1" bw="9" slack="0"/>
<pin id="560" dir="0" index="2" bw="9" slack="0"/>
<pin id="561" dir="1" index="3" bw="9" slack="2"/>
</pin_list>
<bind>
<opcode="select(49) " fcode="select"/>
<opset="select_ln93/2 "/>
</bind>
</comp>

<comp id="565" class="1004" name="add_ln96_fu_565">
<pin_list>
<pin id="566" dir="0" index="0" bw="9" slack="0"/>
<pin id="567" dir="0" index="1" bw="7" slack="0"/>
<pin id="568" dir="1" index="2" bw="9" slack="0"/>
</pin_list>
<bind>
<opcode="add(8) " fcode="add"/>
<opset="add_ln96/2 "/>
</bind>
</comp>

<comp id="571" class="1004" name="tmp_10_fu_571">
<pin_list>
<pin id="572" dir="0" index="0" bw="1" slack="0"/>
<pin id="573" dir="0" index="1" bw="9" slack="0"/>
<pin id="574" dir="0" index="2" bw="5" slack="0"/>
<pin id="575" dir="1" index="3" bw="1" slack="0"/>
</pin_list>
<bind>
<opcode="bitselect(1000) " fcode="bitselect"/>
<opset="tmp_10/2 "/>
</bind>
</comp>

<comp id="579" class="1004" name="trunc_ln96_fu_579">
<pin_list>
<pin id="580" dir="0" index="0" bw="9" slack="0"/>
<pin id="581" dir="1" index="1" bw="8" slack="0"/>
</pin_list>
<bind>
<opcode="trunc(33) " fcode="trunc"/>
<opset="trunc_ln96/2 "/>
</bind>
</comp>

<comp id="583" class="1004" name="xor_ln96_fu_583">
<pin_list>
<pin id="584" dir="0" index="0" bw="8" slack="0"/>
<pin id="585" dir="0" index="1" bw="8" slack="0"/>
<pin id="586" dir="1" index="2" bw="8" slack="0"/>
</pin_list>
<bind>
<opcode="xor(25) " fcode="xor"/>
<opset="xor_ln96/2 "/>
</bind>
</comp>

<comp id="589" class="1004" name="tW_fu_589">
<pin_list>
<pin id="590" dir="0" index="0" bw="1" slack="0"/>
<pin id="591" dir="0" index="1" bw="8" slack="0"/>
<pin id="592" dir="0" index="2" bw="8" slack="0"/>
<pin id="593" dir="1" index="3" bw="8" slack="0"/>
</pin_list>
<bind>
<opcode="select(49) " fcode="select"/>
<opset="tW/2 "/>
</bind>
</comp>

<comp id="598" class="1004" name="trunc_ln67_1_fu_598">
<pin_list>
<pin id="599" dir="0" index="0" bw="8" slack="0"/>
<pin id="600" dir="1" index="1" bw="6" slack="0"/>
</pin_list>
<bind>
<opcode="trunc(33) " fcode="trunc"/>
<opset="trunc_ln67_1/2 "/>
</bind>
</comp>

<comp id="602" class="1004" name="tmp_11_fu_602">
<pin_list>
<pin id="603" dir="0" index="0" bw="3" slack="0"/>
<pin id="604" dir="0" index="1" bw="8" slack="0"/>
<pin id="605" dir="0" index="2" bw="4" slack="0"/>
<pin id="606" dir="0" index="3" bw="4" slack="0"/>
<pin id="607" dir="1" index="4" bw="3" slack="0"/>
</pin_list>
<bind>
<opcode="partselect(1002) " fcode="partselect"/>
<opset="tmp_11/2 "/>
</bind>
</comp>

<comp id="612" class="1004" name="icmp_ln106_fu_612">
<pin_list>
<pin id="613" dir="0" index="0" bw="3" slack="0"/>
<pin id="614" dir="0" index="1" bw="3" slack="0"/>
<pin id="615" dir="1" index="2" bw="1" slack="0"/>
</pin_list>
<bind>
<opcode="icmp(45) " fcode="icmp"/>
<opset="icmp_ln106/2 "/>
</bind>
</comp>

<comp id="618" class="1004" name="select_ln106_fu_618">
<pin_list>
<pin id="619" dir="0" index="0" bw="1" slack="0"/>
<pin id="620" dir="0" index="1" bw="6" slack="0"/>
<pin id="621" dir="0" index="2" bw="6" slack="0"/>
<pin id="622" dir="1" index="3" bw="6" slack="2"/>
</pin_list>
<bind>
<opcode="select(49) " fcode="select"/>
<opset="select_ln106/2 "/>
</bind>
</comp>

<comp id="626" class="1004" name="n0_load_load_fu_626">
<pin_list>
<pin id="627" dir="0" index="0" bw="6" slack="2"/>
<pin id="628" dir="1" index="1" bw="6" slack="0"/>
</pin_list>
<bind>
<opcode="load(27) " fcode="load"/>
<opset="n0_load/3 "/>
</bind>
</comp>

<comp id="629" class="1004" name="add_ln91_fu_629">
<pin_list>
<pin id="630" dir="0" index="0" bw="6" slack="0"/>
<pin id="631" dir="0" index="1" bw="5" slack="0"/>
<pin id="632" dir="1" index="2" bw="6" slack="0"/>
</pin_list>
<bind>
<opcode="add(8) " fcode="add"/>
<opset="add_ln91/3 "/>
</bind>
</comp>

<comp id="635" class="1004" name="select_ln67_2_fu_635">
<pin_list>
<pin id="636" dir="0" index="0" bw="1" slack="1"/>
<pin id="637" dir="0" index="1" bw="6" slack="0"/>
<pin id="638" dir="0" index="2" bw="6" slack="0"/>
<pin id="639" dir="1" index="3" bw="6" slack="0"/>
</pin_list>
<bind>
<opcode="select(49) " fcode="select"/>
<opset="select_ln67_2/3 "/>
</bind>
</comp>

<comp id="642" class="1004" name="trunc_ln67_fu_642">
<pin_list>
<pin id="643" dir="0" index="0" bw="6" slack="0"/>
<pin id="644" dir="1" index="1" bw="5" slack="1"/>
</pin_list>
<bind>
<opcode="trunc(33) " fcode="trunc"/>
<opset="trunc_ln67/3 "/>
</bind>
</comp>

<comp id="646" class="1004" name="tmp_s_fu_646">
<pin_list>
<pin id="647" dir="0" index="0" bw="10" slack="0"/>
<pin id="648" dir="0" index="1" bw="8" slack="1"/>
<pin id="649" dir="0" index="2" bw="1" slack="0"/>
<pin id="650" dir="1" index="3" bw="10" slack="0"/>
</pin_list>
<bind>
<opcode="bitconcatenate(1004) " fcode="bitconcatenate"/>
<opset="tmp_s/3 "/>
</bind>
</comp>

<comp id="653" class="1004" name="zext_ln106_fu_653">
<pin_list>
<pin id="654" dir="0" index="0" bw="10" slack="0"/>
<pin id="655" dir="1" index="1" bw="64" slack="0"/>
</pin_list>
<bind>
<opcode="zext(34) " fcode="zext"/>
<opset="zext_ln106/3 "/>
</bind>
</comp>

<comp id="657" class="1004" name="tmp_fu_657">
<pin_list>
<pin id="658" dir="0" index="0" bw="10" slack="0"/>
<pin id="659" dir="0" index="1" bw="64" slack="2"/>
<pin id="660" dir="1" index="2" bw="64" slack="1"/>
</pin_list>
<bind>
<opcode="add(8) " fcode="add"/>
<opset="tmp/3 "/>
</bind>
</comp>

<comp id="662" class="1004" name="add_ln106_fu_662">
<pin_list>
<pin id="663" dir="0" index="0" bw="24" slack="0"/>
<pin id="664" dir="0" index="1" bw="19" slack="0"/>
<pin id="665" dir="1" index="2" bw="24" slack="0"/>
</pin_list>
<bind>
<opcode="add(8) " fcode="add"/>
<opset="add_ln106/4 "/>
</bind>
</comp>

<comp id="668" class="1004" name="icmp_ln106_1_fu_668">
<pin_list>
<pin id="669" dir="0" index="0" bw="7" slack="0"/>
<pin id="670" dir="0" index="1" bw="7" slack="0"/>
<pin id="671" dir="1" index="2" bw="1" slack="2147483647"/>
</pin_list>
<bind>
<opcode="icmp(45) " fcode="icmp"/>
<opset="icmp_ln106_1/4 "/>
</bind>
</comp>

<comp id="674" class="1004" name="add_ln107_fu_674">
<pin_list>
<pin id="675" dir="0" index="0" bw="7" slack="0"/>
<pin id="676" dir="0" index="1" bw="1" slack="0"/>
<pin id="677" dir="1" index="2" bw="7" slack="0"/>
</pin_list>
<bind>
<opcode="add(8) " fcode="add"/>
<opset="add_ln107/4 "/>
</bind>
</comp>

<comp id="680" class="1004" name="trunc_ln39_fu_680">
<pin_list>
<pin id="681" dir="0" index="0" bw="7" slack="0"/>
<pin id="682" dir="1" index="1" bw="6" slack="1"/>
</pin_list>
<bind>
<opcode="trunc(33) " fcode="trunc"/>
<opset="trunc_ln39/4 "/>
</bind>
</comp>

<comp id="684" class="1004" name="tmp3_fu_684">
<pin_list>
<pin id="685" dir="0" index="0" bw="10" slack="1"/>
<pin id="686" dir="0" index="1" bw="64" slack="3"/>
<pin id="687" dir="1" index="2" bw="64" slack="0"/>
</pin_list>
<bind>
<opcode="add(8) " fcode="add"/>
<opset="tmp3/4 "/>
</bind>
</comp>

<comp id="689" class="1004" name="add_ln93_fu_689">
<pin_list>
<pin id="690" dir="0" index="0" bw="8" slack="0"/>
<pin id="691" dir="0" index="1" bw="1" slack="0"/>
<pin id="692" dir="1" index="2" bw="8" slack="0"/>
</pin_list>
<bind>
<opcode="add(8) " fcode="add"/>
<opset="add_ln93/4 "/>
</bind>
</comp>

<comp id="695" class="1004" name="select_ln93_1_fu_695">
<pin_list>
<pin id="696" dir="0" index="0" bw="1" slack="2"/>
<pin id="697" dir="0" index="1" bw="8" slack="0"/>
<pin id="698" dir="0" index="2" bw="8" slack="0"/>
<pin id="699" dir="1" index="3" bw="8" slack="0"/>
</pin_list>
<bind>
<opcode="select(49) " fcode="select"/>
<opset="select_ln93_1/4 "/>
</bind>
</comp>

<comp id="702" class="1004" name="store_ln95_store_fu_702">
<pin_list>
<pin id="703" dir="0" index="0" bw="9" slack="2"/>
<pin id="704" dir="0" index="1" bw="9" slack="3"/>
<pin id="705" dir="1" index="2" bw="0" slack="2147483647"/>
</pin_list>
<bind>
<opcode="store(28) " fcode="store"/>
<opset="store_ln95/4 "/>
</bind>
</comp>

<comp id="706" class="1004" name="store_ln95_store_fu_706">
<pin_list>
<pin id="707" dir="0" index="0" bw="6" slack="1"/>
<pin id="708" dir="0" index="1" bw="6" slack="3"/>
<pin id="709" dir="1" index="2" bw="0" slack="2147483647"/>
</pin_list>
<bind>
<opcode="store(28) " fcode="store"/>
<opset="store_ln95/4 "/>
</bind>
</comp>

<comp id="710" class="1004" name="store_ln95_store_fu_710">
<pin_list>
<pin id="711" dir="0" index="0" bw="8" slack="0"/>
<pin id="712" dir="0" index="1" bw="8" slack="3"/>
<pin id="713" dir="1" index="2" bw="0" slack="2147483647"/>
</pin_list>
<bind>
<opcode="store(28) " fcode="store"/>
<opset="store_ln95/4 "/>
</bind>
</comp>

<comp id="715" class="1004" name="store_ln95_store_fu_715">
<pin_list>
<pin id="716" dir="0" index="0" bw="9" slack="2"/>
<pin id="717" dir="0" index="1" bw="9" slack="3"/>
<pin id="718" dir="1" index="2" bw="0" slack="2147483647"/>
</pin_list>
<bind>
<opcode="store(28) " fcode="store"/>
<opset="store_ln95/4 "/>
</bind>
</comp>

<comp id="719" class="1004" name="store_ln95_store_fu_719">
<pin_list>
<pin id="720" dir="0" index="0" bw="9" slack="2"/>
<pin id="721" dir="0" index="1" bw="9" slack="3"/>
<pin id="722" dir="1" index="2" bw="0" slack="2147483647"/>
</pin_list>
<bind>
<opcode="store(28) " fcode="store"/>
<opset="store_ln95/4 "/>
</bind>
</comp>

<comp id="723" class="1004" name="shl_ln_fu_723">
<pin_list>
<pin id="724" dir="0" index="0" bw="8" slack="0"/>
<pin id="725" dir="0" index="1" bw="6" slack="1"/>
<pin id="726" dir="0" index="2" bw="1" slack="0"/>
<pin id="727" dir="1" index="3" bw="8" slack="0"/>
</pin_list>
<bind>
<opcode="bitconcatenate(1004) " fcode="bitconcatenate"/>
<opset="shl_ln/5 "/>
</bind>
</comp>

<comp id="730" class="1004" name="zext_ln36_fu_730">
<pin_list>
<pin id="731" dir="0" index="0" bw="8" slack="0"/>
<pin id="732" dir="1" index="1" bw="64" slack="1"/>
</pin_list>
<bind>
<opcode="zext(34) " fcode="zext"/>
<opset="zext_ln36/5 "/>
</bind>
</comp>

<comp id="734" class="1004" name="zext_ln36_1_fu_734">
<pin_list>
<pin id="735" dir="0" index="0" bw="4" slack="0"/>
<pin id="736" dir="1" index="1" bw="64" slack="10"/>
</pin_list>
<bind>
<opcode="zext(34) " fcode="zext"/>
<opset="zext_ln36_1/6 "/>
</bind>
</comp>

<comp id="738" class="1004" name="icmp_ln36_fu_738">
<pin_list>
<pin id="739" dir="0" index="0" bw="4" slack="0"/>
<pin id="740" dir="0" index="1" bw="4" slack="0"/>
<pin id="741" dir="1" index="2" bw="1" slack="2147483647"/>
</pin_list>
<bind>
<opcode="icmp(45) " fcode="icmp"/>
<opset="icmp_ln36/6 "/>
</bind>
</comp>

<comp id="744" class="1004" name="add_ln36_fu_744">
<pin_list>
<pin id="745" dir="0" index="0" bw="4" slack="0"/>
<pin id="746" dir="0" index="1" bw="1" slack="0"/>
<pin id="747" dir="1" index="2" bw="4" slack="0"/>
</pin_list>
<bind>
<opcode="add(8) " fcode="add"/>
<opset="add_ln36/6 "/>
</bind>
</comp>

<comp id="750" class="1004" name="empty_fu_750">
<pin_list>
<pin id="751" dir="0" index="0" bw="4" slack="0"/>
<pin id="752" dir="1" index="1" bw="3" slack="0"/>
</pin_list>
<bind>
<opcode="trunc(33) " fcode="trunc"/>
<opset="empty/6 "/>
</bind>
</comp>

<comp id="754" class="1004" name="tmp_2_fu_754">
<pin_list>
<pin id="755" dir="0" index="0" bw="2" slack="0"/>
<pin id="756" dir="0" index="1" bw="6" slack="3"/>
<pin id="757" dir="0" index="2" bw="3" slack="0"/>
<pin id="758" dir="0" index="3" bw="4" slack="0"/>
<pin id="759" dir="1" index="4" bw="2" slack="0"/>
</pin_list>
<bind>
<opcode="partselect(1002) " fcode="partselect"/>
<opset="tmp_2/6 "/>
</bind>
</comp>

<comp id="763" class="1004" name="shl_ln39_1_fu_763">
<pin_list>
<pin id="764" dir="0" index="0" bw="13" slack="0"/>
<pin id="765" dir="0" index="1" bw="2" slack="0"/>
<pin id="766" dir="0" index="2" bw="3" slack="0"/>
<pin id="767" dir="0" index="3" bw="1" slack="0"/>
<pin id="768" dir="1" index="4" bw="13" slack="0"/>
</pin_list>
<bind>
<opcode="bitconcatenate(1004) " fcode="bitconcatenate"/>
<opset="shl_ln39_1/6 "/>
</bind>
</comp>

<comp id="773" class="1004" name="zext_ln39_fu_773">
<pin_list>
<pin id="774" dir="0" index="0" bw="13" slack="0"/>
<pin id="775" dir="1" index="1" bw="64" slack="0"/>
</pin_list>
<bind>
<opcode="zext(34) " fcode="zext"/>
<opset="zext_ln39/6 "/>
</bind>
</comp>

<comp id="777" class="1004" name="add_ln39_fu_777">
<pin_list>
<pin id="778" dir="0" index="0" bw="13" slack="0"/>
<pin id="779" dir="0" index="1" bw="64" slack="5"/>
<pin id="780" dir="1" index="2" bw="64" slack="0"/>
</pin_list>
<bind>
<opcode="add(8) " fcode="add"/>
<opset="add_ln39/6 "/>
</bind>
</comp>

<comp id="782" class="1004" name="add_ln39_1_fu_782">
<pin_list>
<pin id="783" dir="0" index="0" bw="64" slack="0"/>
<pin id="784" dir="0" index="1" bw="8" slack="1"/>
<pin id="785" dir="1" index="2" bw="64" slack="0"/>
</pin_list>
<bind>
<opcode="add(8) " fcode="add"/>
<opset="add_ln39_1/6 "/>
</bind>
</comp>

<comp id="787" class="1004" name="trunc_ln8_fu_787">
<pin_list>
<pin id="788" dir="0" index="0" bw="62" slack="0"/>
<pin id="789" dir="0" index="1" bw="64" slack="0"/>
<pin id="790" dir="0" index="2" bw="3" slack="0"/>
<pin id="791" dir="0" index="3" bw="7" slack="0"/>
<pin id="792" dir="1" index="4" bw="62" slack="0"/>
</pin_list>
<bind>
<opcode="partselect(1002) " fcode="partselect"/>
<opset="trunc_ln8/6 "/>
</bind>
</comp>

<comp id="797" class="1004" name="sext_ln39_fu_797">
<pin_list>
<pin id="798" dir="0" index="0" bw="62" slack="0"/>
<pin id="799" dir="1" index="1" bw="64" slack="0"/>
</pin_list>
<bind>
<opcode="sext(35) " fcode="sext"/>
<opset="sext_ln39/6 "/>
</bind>
</comp>

<comp id="801" class="1004" name="w2_addr_fu_801">
<pin_list>
<pin id="802" dir="0" index="0" bw="64" slack="0"/>
<pin id="803" dir="0" index="1" bw="64" slack="0"/>
<pin id="804" dir="1" index="2" bw="64" slack="1"/>
</pin_list>
<bind>
<opcode="getelementptr(29) " fcode="getelementptr"/>
<opset="w2_addr/6 "/>
</bind>
</comp>

<comp id="807" class="1004" name="bitcast_ln39_fu_807">
<pin_list>
<pin id="808" dir="0" index="0" bw="32" slack="1"/>
<pin id="809" dir="1" index="1" bw="32" slack="0"/>
</pin_list>
<bind>
<opcode="bitcast(44) " fcode="bitcast"/>
<opset="bitcast_ln39/16 "/>
</bind>
</comp>

<comp id="811" class="1004" name="zext_ln50_fu_811">
<pin_list>
<pin id="812" dir="0" index="0" bw="6" slack="0"/>
<pin id="813" dir="1" index="1" bw="8" slack="0"/>
</pin_list>
<bind>
<opcode="zext(34) " fcode="zext"/>
<opset="zext_ln50/17 "/>
</bind>
</comp>

<comp id="815" class="1004" name="cmp5_i14_fu_815">
<pin_list>
<pin id="816" dir="0" index="0" bw="8" slack="0"/>
<pin id="817" dir="0" index="1" bw="8" slack="5"/>
<pin id="818" dir="1" index="2" bw="1" slack="0"/>
</pin_list>
<bind>
<opcode="icmp(45) " fcode="icmp"/>
<opset="cmp5_i14/17 "/>
</bind>
</comp>

<comp id="820" class="1004" name="icmp_ln50_fu_820">
<pin_list>
<pin id="821" dir="0" index="0" bw="11" slack="0"/>
<pin id="822" dir="0" index="1" bw="11" slack="0"/>
<pin id="823" dir="1" index="2" bw="1" slack="2147483647"/>
</pin_list>
<bind>
<opcode="icmp(45) " fcode="icmp"/>
<opset="icmp_ln50/17 "/>
</bind>
</comp>

<comp id="826" class="1004" name="add_ln50_1_fu_826">
<pin_list>
<pin id="827" dir="0" index="0" bw="11" slack="0"/>
<pin id="828" dir="0" index="1" bw="1" slack="0"/>
<pin id="829" dir="1" index="2" bw="11" slack="0"/>
</pin_list>
<bind>
<opcode="add(8) " fcode="add"/>
<opset="add_ln50_1/17 "/>
</bind>
</comp>

<comp id="832" class="1004" name="add_ln50_fu_832">
<pin_list>
<pin id="833" dir="0" index="0" bw="6" slack="0"/>
<pin id="834" dir="0" index="1" bw="1" slack="0"/>
<pin id="835" dir="1" index="2" bw="6" slack="0"/>
</pin_list>
<bind>
<opcode="add(8) " fcode="add"/>
<opset="add_ln50/17 "/>
</bind>
</comp>

<comp id="838" class="1004" name="icmp_ln51_fu_838">
<pin_list>
<pin id="839" dir="0" index="0" bw="6" slack="0"/>
<pin id="840" dir="0" index="1" bw="6" slack="0"/>
<pin id="841" dir="1" index="2" bw="1" slack="0"/>
</pin_list>
<bind>
<opcode="icmp(45) " fcode="icmp"/>
<opset="icmp_ln51/17 "/>
</bind>
</comp>

<comp id="844" class="1004" name="select_ln50_fu_844">
<pin_list>
<pin id="845" dir="0" index="0" bw="1" slack="0"/>
<pin id="846" dir="0" index="1" bw="6" slack="0"/>
<pin id="847" dir="0" index="2" bw="6" slack="0"/>
<pin id="848" dir="1" index="3" bw="6" slack="0"/>
</pin_list>
<bind>
<opcode="select(49) " fcode="select"/>
<opset="select_ln50/17 "/>
</bind>
</comp>

<comp id="852" class="1004" name="select_ln50_1_fu_852">
<pin_list>
<pin id="853" dir="0" index="0" bw="1" slack="0"/>
<pin id="854" dir="0" index="1" bw="6" slack="0"/>
<pin id="855" dir="0" index="2" bw="6" slack="0"/>
<pin id="856" dir="1" index="3" bw="6" slack="0"/>
</pin_list>
<bind>
<opcode="select(49) " fcode="select"/>
<opset="select_ln50_1/17 "/>
</bind>
</comp>

<comp id="860" class="1004" name="trunc_ln50_fu_860">
<pin_list>
<pin id="861" dir="0" index="0" bw="6" slack="0"/>
<pin id="862" dir="1" index="1" bw="5" slack="0"/>
</pin_list>
<bind>
<opcode="trunc(33) " fcode="trunc"/>
<opset="trunc_ln50/17 "/>
</bind>
</comp>

<comp id="864" class="1004" name="tmp_1_fu_864">
<pin_list>
<pin id="865" dir="0" index="0" bw="10" slack="0"/>
<pin id="866" dir="0" index="1" bw="5" slack="0"/>
<pin id="867" dir="0" index="2" bw="1" slack="0"/>
<pin id="868" dir="1" index="3" bw="10" slack="0"/>
</pin_list>
<bind>
<opcode="bitconcatenate(1004) " fcode="bitconcatenate"/>
<opset="tmp_1/17 "/>
</bind>
</comp>

<comp id="872" class="1004" name="add_ln50_cast_fu_872">
<pin_list>
<pin id="873" dir="0" index="0" bw="6" slack="0"/>
<pin id="874" dir="1" index="1" bw="8" slack="0"/>
</pin_list>
<bind>
<opcode="zext(34) " fcode="zext"/>
<opset="add_ln50_cast/17 "/>
</bind>
</comp>

<comp id="876" class="1004" name="cmp5_i14_mid1_fu_876">
<pin_list>
<pin id="877" dir="0" index="0" bw="8" slack="0"/>
<pin id="878" dir="0" index="1" bw="8" slack="5"/>
<pin id="879" dir="1" index="2" bw="1" slack="0"/>
</pin_list>
<bind>
<opcode="icmp(45) " fcode="icmp"/>
<opset="cmp5_i14_mid1/17 "/>
</bind>
</comp>

<comp id="881" class="1004" name="select_ln50_2_fu_881">
<pin_list>
<pin id="882" dir="0" index="0" bw="1" slack="0"/>
<pin id="883" dir="0" index="1" bw="1" slack="0"/>
<pin id="884" dir="0" index="2" bw="1" slack="0"/>
<pin id="885" dir="1" index="3" bw="1" slack="0"/>
</pin_list>
<bind>
<opcode="select(49) " fcode="select"/>
<opset="select_ln50_2/17 "/>
</bind>
</comp>

<comp id="889" class="1004" name="select_ln50_cast_fu_889">
<pin_list>
<pin id="890" dir="0" index="0" bw="6" slack="0"/>
<pin id="891" dir="1" index="1" bw="10" slack="0"/>
</pin_list>
<bind>
<opcode="zext(34) " fcode="zext"/>
<opset="select_ln50_cast/17 "/>
</bind>
</comp>

<comp id="893" class="1004" name="empty_73_fu_893">
<pin_list>
<pin id="894" dir="0" index="0" bw="10" slack="0"/>
<pin id="895" dir="0" index="1" bw="6" slack="0"/>
<pin id="896" dir="1" index="2" bw="10" slack="0"/>
</pin_list>
<bind>
<opcode="add(8) " fcode="add"/>
<opset="empty_73/17 "/>
</bind>
</comp>

<comp id="899" class="1004" name="p_cast_fu_899">
<pin_list>
<pin id="900" dir="0" index="0" bw="10" slack="0"/>
<pin id="901" dir="1" index="1" bw="64" slack="0"/>
</pin_list>
<bind>
<opcode="zext(34) " fcode="zext"/>
<opset="p_cast/17 "/>
</bind>
</comp>

<comp id="904" class="1004" name="zext_ln51_fu_904">
<pin_list>
<pin id="905" dir="0" index="0" bw="6" slack="0"/>
<pin id="906" dir="1" index="1" bw="8" slack="0"/>
</pin_list>
<bind>
<opcode="zext(34) " fcode="zext"/>
<opset="zext_ln51/17 "/>
</bind>
</comp>

<comp id="908" class="1004" name="icmp_ln52_fu_908">
<pin_list>
<pin id="909" dir="0" index="0" bw="8" slack="0"/>
<pin id="910" dir="0" index="1" bw="8" slack="5"/>
<pin id="911" dir="1" index="2" bw="1" slack="0"/>
</pin_list>
<bind>
<opcode="icmp(45) " fcode="icmp"/>
<opset="icmp_ln52/17 "/>
</bind>
</comp>

<comp id="913" class="1004" name="and_ln52_fu_913">
<pin_list>
<pin id="914" dir="0" index="0" bw="1" slack="0"/>
<pin id="915" dir="0" index="1" bw="1" slack="0"/>
<pin id="916" dir="1" index="2" bw="1" slack="2"/>
</pin_list>
<bind>
<opcode="and(23) " fcode="and"/>
<opset="and_ln52/17 "/>
</bind>
</comp>

<comp id="919" class="1004" name="add_ln51_fu_919">
<pin_list>
<pin id="920" dir="0" index="0" bw="6" slack="2"/>
<pin id="921" dir="0" index="1" bw="1" slack="0"/>
<pin id="922" dir="1" index="2" bw="6" slack="1"/>
</pin_list>
<bind>
<opcode="add(8) " fcode="add"/>
<opset="add_ln51/19 "/>
</bind>
</comp>

<comp id="924" class="1005" name="x0_reg_924">
<pin_list>
<pin id="925" dir="0" index="0" bw="9" slack="0"/>
<pin id="926" dir="1" index="1" bw="9" slack="0"/>
</pin_list>
<bind>
<opset="x0 "/>
</bind>
</comp>

<comp id="931" class="1005" name="y0_reg_931">
<pin_list>
<pin id="932" dir="0" index="0" bw="9" slack="0"/>
<pin id="933" dir="1" index="1" bw="9" slack="0"/>
</pin_list>
<bind>
<opset="y0 "/>
</bind>
</comp>

<comp id="938" class="1005" name="indvar_flatten128_reg_938">
<pin_list>
<pin id="939" dir="0" index="0" bw="8" slack="0"/>
<pin id="940" dir="1" index="1" bw="8" slack="0"/>
</pin_list>
<bind>
<opset="indvar_flatten128 "/>
</bind>
</comp>

<comp id="945" class="1005" name="n0_reg_945">
<pin_list>
<pin id="946" dir="0" index="0" bw="6" slack="0"/>
<pin id="947" dir="1" index="1" bw="6" slack="0"/>
</pin_list>
<bind>
<opset="n0 "/>
</bind>
</comp>

<comp id="952" class="1005" name="indvar_flatten151_reg_952">
<pin_list>
<pin id="953" dir="0" index="0" bw="9" slack="0"/>
<pin id="954" dir="1" index="1" bw="9" slack="0"/>
</pin_list>
<bind>
<opset="indvar_flatten151 "/>
</bind>
</comp>

<comp id="959" class="1005" name="out_ftmap_read_reg_959">
<pin_list>
<pin id="960" dir="0" index="0" bw="64" slack="3"/>
<pin id="961" dir="1" index="1" bw="64" slack="3"/>
</pin_list>
<bind>
<opset="out_ftmap_read "/>
</bind>
</comp>

<comp id="964" class="1005" name="b_read_reg_964">
<pin_list>
<pin id="965" dir="0" index="0" bw="64" slack="3"/>
<pin id="966" dir="1" index="1" bw="64" slack="3"/>
</pin_list>
<bind>
<opset="b_read "/>
</bind>
</comp>

<comp id="969" class="1005" name="w_read_reg_969">
<pin_list>
<pin id="970" dir="0" index="0" bw="64" slack="5"/>
<pin id="971" dir="1" index="1" bw="64" slack="5"/>
</pin_list>
<bind>
<opset="w_read "/>
</bind>
</comp>

<comp id="974" class="1005" name="in_ftmap_read_reg_974">
<pin_list>
<pin id="975" dir="0" index="0" bw="64" slack="2"/>
<pin id="976" dir="1" index="1" bw="64" slack="2"/>
</pin_list>
<bind>
<opset="in_ftmap_read "/>
</bind>
</comp>

<comp id="982" class="1005" name="add_ln90_reg_982">
<pin_list>
<pin id="983" dir="0" index="0" bw="9" slack="2"/>
<pin id="984" dir="1" index="1" bw="9" slack="2"/>
</pin_list>
<bind>
<opset="add_ln90 "/>
</bind>
</comp>

<comp id="987" class="1005" name="icmp_ln93_reg_987">
<pin_list>
<pin id="988" dir="0" index="0" bw="1" slack="1"/>
<pin id="989" dir="1" index="1" bw="1" slack="1"/>
</pin_list>
<bind>
<opset="icmp_ln93 "/>
</bind>
</comp>

<comp id="993" class="1005" name="select_ln67_5_reg_993">
<pin_list>
<pin id="994" dir="0" index="0" bw="8" slack="1"/>
<pin id="995" dir="1" index="1" bw="8" slack="1"/>
</pin_list>
<bind>
<opset="select_ln67_5 "/>
</bind>
</comp>

<comp id="1002" class="1005" name="select_ln93_reg_1002">
<pin_list>
<pin id="1003" dir="0" index="0" bw="9" slack="2"/>
<pin id="1004" dir="1" index="1" bw="9" slack="2"/>
</pin_list>
<bind>
<opset="select_ln93 "/>
</bind>
</comp>

<comp id="1009" class="1005" name="add_ln96_reg_1009">
<pin_list>
<pin id="1010" dir="0" index="0" bw="9" slack="2"/>
<pin id="1011" dir="1" index="1" bw="9" slack="2"/>
</pin_list>
<bind>
<opset="add_ln96 "/>
</bind>
</comp>

<comp id="1014" class="1005" name="trunc_ln96_reg_1014">
<pin_list>
<pin id="1015" dir="0" index="0" bw="8" slack="1"/>
<pin id="1016" dir="1" index="1" bw="8" slack="1"/>
</pin_list>
<bind>
<opset="trunc_ln96 "/>
</bind>
</comp>

<comp id="1019" class="1005" name="tW_reg_1019">
<pin_list>
<pin id="1020" dir="0" index="0" bw="8" slack="1"/>
<pin id="1021" dir="1" index="1" bw="8" slack="1"/>
</pin_list>
<bind>
<opset="tW "/>
</bind>
</comp>

<comp id="1027" class="1005" name="select_ln106_reg_1027">
<pin_list>
<pin id="1028" dir="0" index="0" bw="6" slack="2"/>
<pin id="1029" dir="1" index="1" bw="6" slack="2"/>
</pin_list>
<bind>
<opset="select_ln106 "/>
</bind>
</comp>

<comp id="1033" class="1005" name="select_ln67_2_reg_1033">
<pin_list>
<pin id="1034" dir="0" index="0" bw="6" slack="1"/>
<pin id="1035" dir="1" index="1" bw="6" slack="1"/>
</pin_list>
<bind>
<opset="select_ln67_2 "/>
</bind>
</comp>

<comp id="1039" class="1005" name="trunc_ln67_reg_1039">
<pin_list>
<pin id="1040" dir="0" index="0" bw="5" slack="1"/>
<pin id="1041" dir="1" index="1" bw="5" slack="1"/>
</pin_list>
<bind>
<opset="trunc_ln67 "/>
</bind>
</comp>

<comp id="1044" class="1005" name="zext_ln106_reg_1044">
<pin_list>
<pin id="1045" dir="0" index="0" bw="64" slack="1"/>
<pin id="1046" dir="1" index="1" bw="64" slack="1"/>
</pin_list>
<bind>
<opset="zext_ln106 "/>
</bind>
</comp>

<comp id="1049" class="1005" name="tmp_reg_1049">
<pin_list>
<pin id="1050" dir="0" index="0" bw="64" slack="1"/>
<pin id="1051" dir="1" index="1" bw="64" slack="1"/>
</pin_list>
<bind>
<opset="tmp "/>
</bind>
</comp>

<comp id="1054" class="1005" name="add_ln106_reg_1054">
<pin_list>
<pin id="1055" dir="0" index="0" bw="24" slack="0"/>
<pin id="1056" dir="1" index="1" bw="24" slack="0"/>
</pin_list>
<bind>
<opset="add_ln106 "/>
</bind>
</comp>

<comp id="1062" class="1005" name="add_ln107_reg_1062">
<pin_list>
<pin id="1063" dir="0" index="0" bw="7" slack="0"/>
<pin id="1064" dir="1" index="1" bw="7" slack="0"/>
</pin_list>
<bind>
<opset="add_ln107 "/>
</bind>
</comp>

<comp id="1067" class="1005" name="trunc_ln39_reg_1067">
<pin_list>
<pin id="1068" dir="0" index="0" bw="6" slack="1"/>
<pin id="1069" dir="1" index="1" bw="6" slack="1"/>
</pin_list>
<bind>
<opset="trunc_ln39 "/>
</bind>
</comp>

<comp id="1072" class="1005" name="tmp3_reg_1072">
<pin_list>
<pin id="1073" dir="0" index="0" bw="64" slack="1"/>
<pin id="1074" dir="1" index="1" bw="64" slack="1"/>
</pin_list>
<bind>
<opset="tmp3 "/>
</bind>
</comp>

<comp id="1077" class="1005" name="zext_ln36_reg_1077">
<pin_list>
<pin id="1078" dir="0" index="0" bw="64" slack="1"/>
<pin id="1079" dir="1" index="1" bw="64" slack="1"/>
</pin_list>
<bind>
<opset="zext_ln36 "/>
</bind>
</comp>

<comp id="1082" class="1005" name="zext_ln36_1_reg_1082">
<pin_list>
<pin id="1083" dir="0" index="0" bw="64" slack="10"/>
<pin id="1084" dir="1" index="1" bw="64" slack="10"/>
</pin_list>
<bind>
<opset="zext_ln36_1 "/>
</bind>
</comp>

<comp id="1090" class="1005" name="add_ln36_reg_1090">
<pin_list>
<pin id="1091" dir="0" index="0" bw="4" slack="0"/>
<pin id="1092" dir="1" index="1" bw="4" slack="0"/>
</pin_list>
<bind>
<opset="add_ln36 "/>
</bind>
</comp>

<comp id="1095" class="1005" name="w2_addr_reg_1095">
<pin_list>
<pin id="1096" dir="0" index="0" bw="32" slack="1"/>
<pin id="1097" dir="1" index="1" bw="32" slack="1"/>
</pin_list>
<bind>
<opset="w2_addr "/>
</bind>
</comp>

<comp id="1101" class="1005" name="w2_addr_read_reg_1101">
<pin_list>
<pin id="1102" dir="0" index="0" bw="32" slack="1"/>
<pin id="1103" dir="1" index="1" bw="32" slack="1"/>
</pin_list>
<bind>
<opset="w2_addr_read "/>
</bind>
</comp>

<comp id="1109" class="1005" name="add_ln50_1_reg_1109">
<pin_list>
<pin id="1110" dir="0" index="0" bw="11" slack="0"/>
<pin id="1111" dir="1" index="1" bw="11" slack="0"/>
</pin_list>
<bind>
<opset="add_ln50_1 "/>
</bind>
</comp>

<comp id="1114" class="1005" name="select_ln50_reg_1114">
<pin_list>
<pin id="1115" dir="0" index="0" bw="6" slack="1"/>
<pin id="1116" dir="1" index="1" bw="6" slack="1"/>
</pin_list>
<bind>
<opset="select_ln50 "/>
</bind>
</comp>

<comp id="1120" class="1005" name="select_ln50_1_reg_1120">
<pin_list>
<pin id="1121" dir="0" index="0" bw="6" slack="0"/>
<pin id="1122" dir="1" index="1" bw="6" slack="0"/>
</pin_list>
<bind>
<opset="select_ln50_1 "/>
</bind>
</comp>

<comp id="1126" class="1005" name="in_tile_0_addr_reg_1126">
<pin_list>
<pin id="1127" dir="0" index="0" bw="10" slack="1"/>
<pin id="1128" dir="1" index="1" bw="10" slack="1"/>
</pin_list>
<bind>
<opset="in_tile_0_addr "/>
</bind>
</comp>

<comp id="1131" class="1005" name="and_ln52_reg_1131">
<pin_list>
<pin id="1132" dir="0" index="0" bw="1" slack="2"/>
<pin id="1133" dir="1" index="1" bw="1" slack="2147483647"/>
</pin_list>
<bind>
<opset="and_ln52 "/>
</bind>
</comp>

<comp id="1135" class="1005" name="in_tile_0_load_reg_1135">
<pin_list>
<pin id="1136" dir="0" index="0" bw="32" slack="1"/>
<pin id="1137" dir="1" index="1" bw="32" slack="1"/>
</pin_list>
<bind>
<opset="in_tile_0_load "/>
</bind>
</comp>

<comp id="1140" class="1005" name="add_ln51_reg_1140">
<pin_list>
<pin id="1141" dir="0" index="0" bw="6" slack="1"/>
<pin id="1142" dir="1" index="1" bw="6" slack="1"/>
</pin_list>
<bind>
<opset="add_ln51 "/>
</bind>
</comp>

<comp id="1145" class="1004" name="grp_fu_1145">
<pin_list>
<pin id="1146" dir="0" index="0" bw="32" slack="2147483647"/>
<pin id="1147" dir="0" index="1" bw="32" slack="2147483647"/>
<pin id="1148" dir="1" index="2" bw="32" slack="2147483647"/>
</pin_list>
<bind>
<opcode="fmul(13) " fcode="fmul"/>
<opset="mul_i/3 "/>
</bind>
</comp>

<comp id="1149" class="1004" name="grp_fu_1149">
<pin_list>
<pin id="1150" dir="0" index="0" bw="32" slack="2147483647"/>
<pin id="1151" dir="0" index="1" bw="32" slack="2147483647"/>
<pin id="1152" dir="1" index="2" bw="32" slack="2147483647"/>
</pin_list>
<bind>
<opcode="fadd(9) " fcode="fadd"/>
<opset="acc_1/6 add19_i/12 "/>
</bind>
</comp>

</comp_list>

<net_list>
<net id="177"><net_src comp="18" pin="0"/><net_sink comp="174" pin=0"/></net>

<net id="181"><net_src comp="18" pin="0"/><net_sink comp="178" pin=0"/></net>

<net id="185"><net_src comp="18" pin="0"/><net_sink comp="182" pin=0"/></net>

<net id="189"><net_src comp="18" pin="0"/><net_sink comp="186" pin=0"/></net>

<net id="193"><net_src comp="18" pin="0"/><net_sink comp="190" pin=0"/></net>

<net id="198"><net_src comp="42" pin="0"/><net_sink comp="194" pin=0"/></net>

<net id="199"><net_src comp="10" pin="0"/><net_sink comp="194" pin=1"/></net>

<net id="204"><net_src comp="42" pin="0"/><net_sink comp="200" pin=0"/></net>

<net id="205"><net_src comp="8" pin="0"/><net_sink comp="200" pin=1"/></net>

<net id="210"><net_src comp="42" pin="0"/><net_sink comp="206" pin=0"/></net>

<net id="211"><net_src comp="6" pin="0"/><net_sink comp="206" pin=1"/></net>

<net id="216"><net_src comp="42" pin="0"/><net_sink comp="212" pin=0"/></net>

<net id="217"><net_src comp="2" pin="0"/><net_sink comp="212" pin=1"/></net>

<net id="223"><net_src comp="144" pin="0"/><net_sink comp="218" pin=0"/></net>

<net id="224"><net_src comp="18" pin="0"/><net_sink comp="218" pin=2"/></net>

<net id="229"><net_src comp="146" pin="0"/><net_sink comp="225" pin=0"/></net>

<net id="235"><net_src comp="16" pin="0"/><net_sink comp="230" pin=0"/></net>

<net id="236"><net_src comp="152" pin="0"/><net_sink comp="230" pin=1"/></net>

<net id="242"><net_src comp="230" pin="3"/><net_sink comp="237" pin=0"/></net>

<net id="248"><net_src comp="14" pin="0"/><net_sink comp="243" pin=0"/></net>

<net id="249"><net_src comp="152" pin="0"/><net_sink comp="243" pin=1"/></net>

<net id="255"><net_src comp="243" pin="3"/><net_sink comp="250" pin=0"/></net>

<net id="259"><net_src comp="102" pin="0"/><net_sink comp="256" pin=0"/></net>

<net id="266"><net_src comp="256" pin="1"/><net_sink comp="260" pin=0"/></net>

<net id="270"><net_src comp="104" pin="0"/><net_sink comp="267" pin=0"/></net>

<net id="277"><net_src comp="267" pin="1"/><net_sink comp="271" pin=0"/></net>

<net id="278"><net_src comp="271" pin="4"/><net_sink comp="267" pin=0"/></net>

<net id="282"><net_src comp="124" pin="0"/><net_sink comp="279" pin=0"/></net>

<net id="289"><net_src comp="279" pin="1"/><net_sink comp="283" pin=2"/></net>

<net id="293"><net_src comp="154" pin="0"/><net_sink comp="290" pin=0"/></net>

<net id="300"><net_src comp="290" pin="1"/><net_sink comp="294" pin=2"/></net>

<net id="304"><net_src comp="46" pin="0"/><net_sink comp="301" pin=0"/></net>

<net id="311"><net_src comp="301" pin="1"/><net_sink comp="305" pin=2"/></net>

<net id="315"><net_src comp="46" pin="0"/><net_sink comp="312" pin=0"/></net>

<net id="322"><net_src comp="312" pin="1"/><net_sink comp="316" pin=2"/></net>

<net id="329"><net_src comp="72" pin="0"/><net_sink comp="323" pin=0"/></net>

<net id="330"><net_src comp="12" pin="0"/><net_sink comp="323" pin=3"/></net>

<net id="342"><net_src comp="112" pin="0"/><net_sink comp="331" pin=0"/></net>

<net id="343"><net_src comp="0" pin="0"/><net_sink comp="331" pin=5"/></net>

<net id="344"><net_src comp="271" pin="4"/><net_sink comp="331" pin=6"/></net>

<net id="345"><net_src comp="14" pin="0"/><net_sink comp="331" pin=8"/></net>

<net id="359"><net_src comp="114" pin="0"/><net_sink comp="346" pin=0"/></net>

<net id="360"><net_src comp="0" pin="0"/><net_sink comp="346" pin=5"/></net>

<net id="361"><net_src comp="4" pin="0"/><net_sink comp="346" pin=9"/></net>

<net id="362"><net_src comp="12" pin="0"/><net_sink comp="346" pin=10"/></net>

<net id="371"><net_src comp="172" pin="0"/><net_sink comp="363" pin=0"/></net>

<net id="372"><net_src comp="250" pin="3"/><net_sink comp="363" pin=3"/></net>

<net id="373"><net_src comp="12" pin="0"/><net_sink comp="363" pin=4"/></net>

<net id="374"><net_src comp="16" pin="0"/><net_sink comp="363" pin=5"/></net>

<net id="382"><net_src comp="44" pin="0"/><net_sink comp="378" pin=0"/></net>

<net id="387"><net_src comp="46" pin="0"/><net_sink comp="383" pin=0"/></net>

<net id="392"><net_src comp="48" pin="0"/><net_sink comp="388" pin=0"/></net>

<net id="397"><net_src comp="44" pin="0"/><net_sink comp="393" pin=0"/></net>

<net id="402"><net_src comp="44" pin="0"/><net_sink comp="398" pin=0"/></net>

<net id="413"><net_src comp="403" pin="1"/><net_sink comp="409" pin=0"/></net>

<net id="414"><net_src comp="50" pin="0"/><net_sink comp="409" pin=1"/></net>

<net id="420"><net_src comp="52" pin="0"/><net_sink comp="415" pin=0"/></net>

<net id="421"><net_src comp="409" pin="2"/><net_sink comp="415" pin=1"/></net>

<net id="422"><net_src comp="54" pin="0"/><net_sink comp="415" pin=2"/></net>

<net id="427"><net_src comp="415" pin="3"/><net_sink comp="423" pin=0"/></net>

<net id="428"><net_src comp="56" pin="0"/><net_sink comp="423" pin=1"/></net>

<net id="432"><net_src comp="403" pin="1"/><net_sink comp="429" pin=0"/></net>

<net id="437"><net_src comp="429" pin="1"/><net_sink comp="433" pin=0"/></net>

<net id="438"><net_src comp="58" pin="0"/><net_sink comp="433" pin=1"/></net>

<net id="443"><net_src comp="406" pin="1"/><net_sink comp="439" pin=0"/></net>

<net id="444"><net_src comp="60" pin="0"/><net_sink comp="439" pin=1"/></net>

<net id="449"><net_src comp="406" pin="1"/><net_sink comp="445" pin=0"/></net>

<net id="450"><net_src comp="62" pin="0"/><net_sink comp="445" pin=1"/></net>

<net id="458"><net_src comp="375" pin="1"/><net_sink comp="454" pin=0"/></net>

<net id="459"><net_src comp="64" pin="0"/><net_sink comp="454" pin=1"/></net>

<net id="465"><net_src comp="454" pin="2"/><net_sink comp="460" pin=0"/></net>

<net id="466"><net_src comp="44" pin="0"/><net_sink comp="460" pin=1"/></net>

<net id="467"><net_src comp="403" pin="1"/><net_sink comp="460" pin=2"/></net>

<net id="473"><net_src comp="454" pin="2"/><net_sink comp="468" pin=0"/></net>

<net id="474"><net_src comp="44" pin="0"/><net_sink comp="468" pin=1"/></net>

<net id="475"><net_src comp="451" pin="1"/><net_sink comp="468" pin=2"/></net>

<net id="480"><net_src comp="454" pin="2"/><net_sink comp="476" pin=0"/></net>

<net id="481"><net_src comp="423" pin="2"/><net_sink comp="476" pin=1"/></net>

<net id="487"><net_src comp="476" pin="2"/><net_sink comp="482" pin=0"/></net>

<net id="488"><net_src comp="66" pin="0"/><net_sink comp="482" pin=1"/></net>

<net id="489"><net_src comp="433" pin="2"/><net_sink comp="482" pin=2"/></net>

<net id="494"><net_src comp="451" pin="1"/><net_sink comp="490" pin=0"/></net>

<net id="495"><net_src comp="68" pin="0"/><net_sink comp="490" pin=1"/></net>

<net id="500"><net_src comp="454" pin="2"/><net_sink comp="496" pin=0"/></net>

<net id="501"><net_src comp="490" pin="2"/><net_sink comp="496" pin=1"/></net>

<net id="506"><net_src comp="460" pin="3"/><net_sink comp="502" pin=0"/></net>

<net id="507"><net_src comp="50" pin="0"/><net_sink comp="502" pin=1"/></net>

<net id="513"><net_src comp="496" pin="2"/><net_sink comp="508" pin=0"/></net>

<net id="514"><net_src comp="468" pin="3"/><net_sink comp="508" pin=1"/></net>

<net id="515"><net_src comp="44" pin="0"/><net_sink comp="508" pin=2"/></net>

<net id="520"><net_src comp="460" pin="3"/><net_sink comp="516" pin=0"/></net>

<net id="521"><net_src comp="70" pin="0"/><net_sink comp="516" pin=1"/></net>

<net id="527"><net_src comp="52" pin="0"/><net_sink comp="522" pin=0"/></net>

<net id="528"><net_src comp="516" pin="2"/><net_sink comp="522" pin=1"/></net>

<net id="529"><net_src comp="54" pin="0"/><net_sink comp="522" pin=2"/></net>

<net id="533"><net_src comp="502" pin="2"/><net_sink comp="530" pin=0"/></net>

<net id="538"><net_src comp="530" pin="1"/><net_sink comp="534" pin=0"/></net>

<net id="539"><net_src comp="58" pin="0"/><net_sink comp="534" pin=1"/></net>

<net id="545"><net_src comp="522" pin="3"/><net_sink comp="540" pin=0"/></net>

<net id="546"><net_src comp="534" pin="2"/><net_sink comp="540" pin=1"/></net>

<net id="547"><net_src comp="66" pin="0"/><net_sink comp="540" pin=2"/></net>

<net id="553"><net_src comp="496" pin="2"/><net_sink comp="548" pin=0"/></net>

<net id="554"><net_src comp="482" pin="3"/><net_sink comp="548" pin=1"/></net>

<net id="555"><net_src comp="540" pin="3"/><net_sink comp="548" pin=2"/></net>

<net id="556"><net_src comp="548" pin="3"/><net_sink comp="323" pin=1"/></net>

<net id="562"><net_src comp="496" pin="2"/><net_sink comp="557" pin=0"/></net>

<net id="563"><net_src comp="460" pin="3"/><net_sink comp="557" pin=1"/></net>

<net id="564"><net_src comp="502" pin="2"/><net_sink comp="557" pin=2"/></net>

<net id="569"><net_src comp="508" pin="3"/><net_sink comp="565" pin=0"/></net>

<net id="570"><net_src comp="50" pin="0"/><net_sink comp="565" pin=1"/></net>

<net id="576"><net_src comp="52" pin="0"/><net_sink comp="571" pin=0"/></net>

<net id="577"><net_src comp="565" pin="2"/><net_sink comp="571" pin=1"/></net>

<net id="578"><net_src comp="54" pin="0"/><net_sink comp="571" pin=2"/></net>

<net id="582"><net_src comp="508" pin="3"/><net_sink comp="579" pin=0"/></net>

<net id="587"><net_src comp="579" pin="1"/><net_sink comp="583" pin=0"/></net>

<net id="588"><net_src comp="58" pin="0"/><net_sink comp="583" pin=1"/></net>

<net id="594"><net_src comp="571" pin="3"/><net_sink comp="589" pin=0"/></net>

<net id="595"><net_src comp="583" pin="2"/><net_sink comp="589" pin=1"/></net>

<net id="596"><net_src comp="66" pin="0"/><net_sink comp="589" pin=2"/></net>

<net id="597"><net_src comp="589" pin="3"/><net_sink comp="323" pin=2"/></net>

<net id="601"><net_src comp="589" pin="3"/><net_sink comp="598" pin=0"/></net>

<net id="608"><net_src comp="74" pin="0"/><net_sink comp="602" pin=0"/></net>

<net id="609"><net_src comp="589" pin="3"/><net_sink comp="602" pin=1"/></net>

<net id="610"><net_src comp="76" pin="0"/><net_sink comp="602" pin=2"/></net>

<net id="611"><net_src comp="78" pin="0"/><net_sink comp="602" pin=3"/></net>

<net id="616"><net_src comp="602" pin="4"/><net_sink comp="612" pin=0"/></net>

<net id="617"><net_src comp="80" pin="0"/><net_sink comp="612" pin=1"/></net>

<net id="623"><net_src comp="612" pin="2"/><net_sink comp="618" pin=0"/></net>

<net id="624"><net_src comp="598" pin="1"/><net_sink comp="618" pin=1"/></net>

<net id="625"><net_src comp="82" pin="0"/><net_sink comp="618" pin=2"/></net>

<net id="633"><net_src comp="626" pin="1"/><net_sink comp="629" pin=0"/></net>

<net id="634"><net_src comp="84" pin="0"/><net_sink comp="629" pin=1"/></net>

<net id="640"><net_src comp="629" pin="2"/><net_sink comp="635" pin=1"/></net>

<net id="641"><net_src comp="626" pin="1"/><net_sink comp="635" pin=2"/></net>

<net id="645"><net_src comp="635" pin="3"/><net_sink comp="642" pin=0"/></net>

<net id="651"><net_src comp="98" pin="0"/><net_sink comp="646" pin=0"/></net>

<net id="652"><net_src comp="100" pin="0"/><net_sink comp="646" pin=2"/></net>

<net id="656"><net_src comp="646" pin="3"/><net_sink comp="653" pin=0"/></net>

<net id="661"><net_src comp="653" pin="1"/><net_sink comp="657" pin=0"/></net>

<net id="666"><net_src comp="271" pin="4"/><net_sink comp="662" pin=0"/></net>

<net id="667"><net_src comp="106" pin="0"/><net_sink comp="662" pin=1"/></net>

<net id="672"><net_src comp="260" pin="4"/><net_sink comp="668" pin=0"/></net>

<net id="673"><net_src comp="108" pin="0"/><net_sink comp="668" pin=1"/></net>

<net id="678"><net_src comp="260" pin="4"/><net_sink comp="674" pin=0"/></net>

<net id="679"><net_src comp="110" pin="0"/><net_sink comp="674" pin=1"/></net>

<net id="683"><net_src comp="260" pin="4"/><net_sink comp="680" pin=0"/></net>

<net id="688"><net_src comp="684" pin="2"/><net_sink comp="346" pin=8"/></net>

<net id="693"><net_src comp="375" pin="1"/><net_sink comp="689" pin=0"/></net>

<net id="694"><net_src comp="116" pin="0"/><net_sink comp="689" pin=1"/></net>

<net id="700"><net_src comp="116" pin="0"/><net_sink comp="695" pin=1"/></net>

<net id="701"><net_src comp="689" pin="2"/><net_sink comp="695" pin=2"/></net>

<net id="714"><net_src comp="695" pin="3"/><net_sink comp="710" pin=0"/></net>

<net id="728"><net_src comp="122" pin="0"/><net_sink comp="723" pin=0"/></net>

<net id="729"><net_src comp="100" pin="0"/><net_sink comp="723" pin=2"/></net>

<net id="733"><net_src comp="723" pin="3"/><net_sink comp="730" pin=0"/></net>

<net id="737"><net_src comp="283" pin="4"/><net_sink comp="734" pin=0"/></net>

<net id="742"><net_src comp="283" pin="4"/><net_sink comp="738" pin=0"/></net>

<net id="743"><net_src comp="126" pin="0"/><net_sink comp="738" pin=1"/></net>

<net id="748"><net_src comp="283" pin="4"/><net_sink comp="744" pin=0"/></net>

<net id="749"><net_src comp="128" pin="0"/><net_sink comp="744" pin=1"/></net>

<net id="753"><net_src comp="283" pin="4"/><net_sink comp="750" pin=0"/></net>

<net id="760"><net_src comp="130" pin="0"/><net_sink comp="754" pin=0"/></net>

<net id="761"><net_src comp="132" pin="0"/><net_sink comp="754" pin=2"/></net>

<net id="762"><net_src comp="134" pin="0"/><net_sink comp="754" pin=3"/></net>

<net id="769"><net_src comp="136" pin="0"/><net_sink comp="763" pin=0"/></net>

<net id="770"><net_src comp="754" pin="4"/><net_sink comp="763" pin=1"/></net>

<net id="771"><net_src comp="750" pin="1"/><net_sink comp="763" pin=2"/></net>

<net id="772"><net_src comp="48" pin="0"/><net_sink comp="763" pin=3"/></net>

<net id="776"><net_src comp="763" pin="4"/><net_sink comp="773" pin=0"/></net>

<net id="781"><net_src comp="773" pin="1"/><net_sink comp="777" pin=0"/></net>

<net id="786"><net_src comp="777" pin="2"/><net_sink comp="782" pin=0"/></net>

<net id="793"><net_src comp="138" pin="0"/><net_sink comp="787" pin=0"/></net>

<net id="794"><net_src comp="782" pin="2"/><net_sink comp="787" pin=1"/></net>

<net id="795"><net_src comp="140" pin="0"/><net_sink comp="787" pin=2"/></net>

<net id="796"><net_src comp="142" pin="0"/><net_sink comp="787" pin=3"/></net>

<net id="800"><net_src comp="787" pin="4"/><net_sink comp="797" pin=0"/></net>

<net id="805"><net_src comp="4" pin="0"/><net_sink comp="801" pin=0"/></net>

<net id="806"><net_src comp="797" pin="1"/><net_sink comp="801" pin=1"/></net>

<net id="810"><net_src comp="807" pin="1"/><net_sink comp="237" pin=1"/></net>

<net id="814"><net_src comp="305" pin="4"/><net_sink comp="811" pin=0"/></net>

<net id="819"><net_src comp="811" pin="1"/><net_sink comp="815" pin=0"/></net>

<net id="824"><net_src comp="294" pin="4"/><net_sink comp="820" pin=0"/></net>

<net id="825"><net_src comp="156" pin="0"/><net_sink comp="820" pin=1"/></net>

<net id="830"><net_src comp="294" pin="4"/><net_sink comp="826" pin=0"/></net>

<net id="831"><net_src comp="158" pin="0"/><net_sink comp="826" pin=1"/></net>

<net id="836"><net_src comp="305" pin="4"/><net_sink comp="832" pin=0"/></net>

<net id="837"><net_src comp="160" pin="0"/><net_sink comp="832" pin=1"/></net>

<net id="842"><net_src comp="316" pin="4"/><net_sink comp="838" pin=0"/></net>

<net id="843"><net_src comp="82" pin="0"/><net_sink comp="838" pin=1"/></net>

<net id="849"><net_src comp="838" pin="2"/><net_sink comp="844" pin=0"/></net>

<net id="850"><net_src comp="46" pin="0"/><net_sink comp="844" pin=1"/></net>

<net id="851"><net_src comp="316" pin="4"/><net_sink comp="844" pin=2"/></net>

<net id="857"><net_src comp="838" pin="2"/><net_sink comp="852" pin=0"/></net>

<net id="858"><net_src comp="832" pin="2"/><net_sink comp="852" pin=1"/></net>

<net id="859"><net_src comp="305" pin="4"/><net_sink comp="852" pin=2"/></net>

<net id="863"><net_src comp="852" pin="3"/><net_sink comp="860" pin=0"/></net>

<net id="869"><net_src comp="166" pin="0"/><net_sink comp="864" pin=0"/></net>

<net id="870"><net_src comp="860" pin="1"/><net_sink comp="864" pin=1"/></net>

<net id="871"><net_src comp="168" pin="0"/><net_sink comp="864" pin=2"/></net>

<net id="875"><net_src comp="832" pin="2"/><net_sink comp="872" pin=0"/></net>

<net id="880"><net_src comp="872" pin="1"/><net_sink comp="876" pin=0"/></net>

<net id="886"><net_src comp="838" pin="2"/><net_sink comp="881" pin=0"/></net>

<net id="887"><net_src comp="876" pin="2"/><net_sink comp="881" pin=1"/></net>

<net id="888"><net_src comp="815" pin="2"/><net_sink comp="881" pin=2"/></net>

<net id="892"><net_src comp="844" pin="3"/><net_sink comp="889" pin=0"/></net>

<net id="897"><net_src comp="864" pin="3"/><net_sink comp="893" pin=0"/></net>

<net id="898"><net_src comp="889" pin="1"/><net_sink comp="893" pin=1"/></net>

<net id="902"><net_src comp="893" pin="2"/><net_sink comp="899" pin=0"/></net>

<net id="903"><net_src comp="899" pin="1"/><net_sink comp="243" pin=2"/></net>

<net id="907"><net_src comp="844" pin="3"/><net_sink comp="904" pin=0"/></net>

<net id="912"><net_src comp="904" pin="1"/><net_sink comp="908" pin=0"/></net>

<net id="917"><net_src comp="881" pin="3"/><net_sink comp="913" pin=0"/></net>

<net id="918"><net_src comp="908" pin="2"/><net_sink comp="913" pin=1"/></net>

<net id="923"><net_src comp="160" pin="0"/><net_sink comp="919" pin=1"/></net>

<net id="927"><net_src comp="174" pin="1"/><net_sink comp="924" pin=0"/></net>

<net id="928"><net_src comp="924" pin="1"/><net_sink comp="398" pin=1"/></net>

<net id="929"><net_src comp="924" pin="1"/><net_sink comp="451" pin=0"/></net>

<net id="930"><net_src comp="924" pin="1"/><net_sink comp="719" pin=1"/></net>

<net id="934"><net_src comp="178" pin="1"/><net_sink comp="931" pin=0"/></net>

<net id="935"><net_src comp="931" pin="1"/><net_sink comp="393" pin=1"/></net>

<net id="936"><net_src comp="931" pin="1"/><net_sink comp="403" pin=0"/></net>

<net id="937"><net_src comp="931" pin="1"/><net_sink comp="715" pin=1"/></net>

<net id="941"><net_src comp="182" pin="1"/><net_sink comp="938" pin=0"/></net>

<net id="942"><net_src comp="938" pin="1"/><net_sink comp="388" pin=1"/></net>

<net id="943"><net_src comp="938" pin="1"/><net_sink comp="375" pin=0"/></net>

<net id="944"><net_src comp="938" pin="1"/><net_sink comp="710" pin=1"/></net>

<net id="948"><net_src comp="186" pin="1"/><net_sink comp="945" pin=0"/></net>

<net id="949"><net_src comp="945" pin="1"/><net_sink comp="383" pin=1"/></net>

<net id="950"><net_src comp="945" pin="1"/><net_sink comp="626" pin=0"/></net>

<net id="951"><net_src comp="945" pin="1"/><net_sink comp="706" pin=1"/></net>

<net id="955"><net_src comp="190" pin="1"/><net_sink comp="952" pin=0"/></net>

<net id="956"><net_src comp="952" pin="1"/><net_sink comp="378" pin=1"/></net>

<net id="957"><net_src comp="952" pin="1"/><net_sink comp="406" pin=0"/></net>

<net id="958"><net_src comp="952" pin="1"/><net_sink comp="702" pin=1"/></net>

<net id="962"><net_src comp="194" pin="2"/><net_sink comp="959" pin=0"/></net>

<net id="963"><net_src comp="959" pin="1"/><net_sink comp="684" pin=1"/></net>

<net id="967"><net_src comp="200" pin="2"/><net_sink comp="964" pin=0"/></net>

<net id="968"><net_src comp="964" pin="1"/><net_sink comp="346" pin=7"/></net>

<net id="972"><net_src comp="206" pin="2"/><net_sink comp="969" pin=0"/></net>

<net id="973"><net_src comp="969" pin="1"/><net_sink comp="777" pin=1"/></net>

<net id="977"><net_src comp="212" pin="2"/><net_sink comp="974" pin=0"/></net>

<net id="978"><net_src comp="974" pin="1"/><net_sink comp="657" pin=1"/></net>

<net id="985"><net_src comp="445" pin="2"/><net_sink comp="982" pin=0"/></net>

<net id="986"><net_src comp="982" pin="1"/><net_sink comp="702" pin=0"/></net>

<net id="990"><net_src comp="454" pin="2"/><net_sink comp="987" pin=0"/></net>

<net id="991"><net_src comp="987" pin="1"/><net_sink comp="635" pin=0"/></net>

<net id="992"><net_src comp="987" pin="1"/><net_sink comp="695" pin=0"/></net>

<net id="996"><net_src comp="548" pin="3"/><net_sink comp="993" pin=0"/></net>

<net id="997"><net_src comp="993" pin="1"/><net_sink comp="323" pin=1"/></net>

<net id="998"><net_src comp="993" pin="1"/><net_sink comp="331" pin=2"/></net>

<net id="999"><net_src comp="993" pin="1"/><net_sink comp="346" pin=3"/></net>

<net id="1000"><net_src comp="993" pin="1"/><net_sink comp="815" pin=1"/></net>

<net id="1001"><net_src comp="993" pin="1"/><net_sink comp="876" pin=1"/></net>

<net id="1005"><net_src comp="557" pin="3"/><net_sink comp="1002" pin=0"/></net>

<net id="1006"><net_src comp="1002" pin="1"/><net_sink comp="331" pin=1"/></net>

<net id="1007"><net_src comp="1002" pin="1"/><net_sink comp="346" pin=2"/></net>

<net id="1008"><net_src comp="1002" pin="1"/><net_sink comp="715" pin=0"/></net>

<net id="1012"><net_src comp="565" pin="2"/><net_sink comp="1009" pin=0"/></net>

<net id="1013"><net_src comp="1009" pin="1"/><net_sink comp="719" pin=0"/></net>

<net id="1017"><net_src comp="579" pin="1"/><net_sink comp="1014" pin=0"/></net>

<net id="1018"><net_src comp="1014" pin="1"/><net_sink comp="646" pin=1"/></net>

<net id="1022"><net_src comp="589" pin="3"/><net_sink comp="1019" pin=0"/></net>

<net id="1023"><net_src comp="1019" pin="1"/><net_sink comp="323" pin=2"/></net>

<net id="1024"><net_src comp="1019" pin="1"/><net_sink comp="331" pin=4"/></net>

<net id="1025"><net_src comp="1019" pin="1"/><net_sink comp="346" pin=6"/></net>

<net id="1026"><net_src comp="1019" pin="1"/><net_sink comp="908" pin=1"/></net>

<net id="1030"><net_src comp="618" pin="3"/><net_sink comp="1027" pin=0"/></net>

<net id="1031"><net_src comp="1027" pin="1"/><net_sink comp="331" pin=3"/></net>

<net id="1032"><net_src comp="1027" pin="1"/><net_sink comp="346" pin=4"/></net>

<net id="1036"><net_src comp="635" pin="3"/><net_sink comp="1033" pin=0"/></net>

<net id="1037"><net_src comp="1033" pin="1"/><net_sink comp="706" pin=0"/></net>

<net id="1038"><net_src comp="1033" pin="1"/><net_sink comp="754" pin=1"/></net>

<net id="1042"><net_src comp="642" pin="1"/><net_sink comp="1039" pin=0"/></net>

<net id="1043"><net_src comp="1039" pin="1"/><net_sink comp="346" pin=1"/></net>

<net id="1047"><net_src comp="653" pin="1"/><net_sink comp="1044" pin=0"/></net>

<net id="1048"><net_src comp="1044" pin="1"/><net_sink comp="684" pin=0"/></net>

<net id="1052"><net_src comp="657" pin="2"/><net_sink comp="1049" pin=0"/></net>

<net id="1053"><net_src comp="1049" pin="1"/><net_sink comp="331" pin=7"/></net>

<net id="1057"><net_src comp="662" pin="2"/><net_sink comp="1054" pin=0"/></net>

<net id="1058"><net_src comp="1054" pin="1"/><net_sink comp="271" pin=2"/></net>

<net id="1065"><net_src comp="674" pin="2"/><net_sink comp="1062" pin=0"/></net>

<net id="1066"><net_src comp="1062" pin="1"/><net_sink comp="260" pin=2"/></net>

<net id="1070"><net_src comp="680" pin="1"/><net_sink comp="1067" pin=0"/></net>

<net id="1071"><net_src comp="1067" pin="1"/><net_sink comp="723" pin=1"/></net>

<net id="1075"><net_src comp="684" pin="2"/><net_sink comp="1072" pin=0"/></net>

<net id="1076"><net_src comp="1072" pin="1"/><net_sink comp="346" pin=8"/></net>

<net id="1080"><net_src comp="730" pin="1"/><net_sink comp="1077" pin=0"/></net>

<net id="1081"><net_src comp="1077" pin="1"/><net_sink comp="782" pin=1"/></net>

<net id="1085"><net_src comp="734" pin="1"/><net_sink comp="1082" pin=0"/></net>

<net id="1086"><net_src comp="1082" pin="1"/><net_sink comp="230" pin=2"/></net>

<net id="1093"><net_src comp="744" pin="2"/><net_sink comp="1090" pin=0"/></net>

<net id="1094"><net_src comp="1090" pin="1"/><net_sink comp="283" pin=0"/></net>

<net id="1098"><net_src comp="801" pin="2"/><net_sink comp="1095" pin=0"/></net>

<net id="1099"><net_src comp="1095" pin="1"/><net_sink comp="218" pin=1"/></net>

<net id="1100"><net_src comp="1095" pin="1"/><net_sink comp="225" pin=1"/></net>

<net id="1104"><net_src comp="225" pin="2"/><net_sink comp="1101" pin=0"/></net>

<net id="1105"><net_src comp="1101" pin="1"/><net_sink comp="807" pin=0"/></net>

<net id="1112"><net_src comp="826" pin="2"/><net_sink comp="1109" pin=0"/></net>

<net id="1113"><net_src comp="1109" pin="1"/><net_sink comp="294" pin=0"/></net>

<net id="1117"><net_src comp="844" pin="3"/><net_sink comp="1114" pin=0"/></net>

<net id="1118"><net_src comp="1114" pin="1"/><net_sink comp="363" pin=2"/></net>

<net id="1119"><net_src comp="1114" pin="1"/><net_sink comp="919" pin=0"/></net>

<net id="1123"><net_src comp="852" pin="3"/><net_sink comp="1120" pin=0"/></net>

<net id="1124"><net_src comp="1120" pin="1"/><net_sink comp="305" pin=0"/></net>

<net id="1125"><net_src comp="1120" pin="1"/><net_sink comp="363" pin=1"/></net>

<net id="1129"><net_src comp="243" pin="3"/><net_sink comp="1126" pin=0"/></net>

<net id="1130"><net_src comp="1126" pin="1"/><net_sink comp="250" pin=0"/></net>

<net id="1134"><net_src comp="913" pin="2"/><net_sink comp="1131" pin=0"/></net>

<net id="1138"><net_src comp="250" pin="3"/><net_sink comp="1135" pin=0"/></net>

<net id="1139"><net_src comp="1135" pin="1"/><net_sink comp="363" pin=3"/></net>

<net id="1143"><net_src comp="919" pin="2"/><net_sink comp="1140" pin=0"/></net>

<net id="1144"><net_src comp="1140" pin="1"/><net_sink comp="316" pin=0"/></net>

</net_list>

</model> 
---------------- Datapath Model END ------------------

* FSMD analyzer results:
  - Output states:
	Port: feat | {4 20 }
	Port: w2 | {}
	Port: out_tile_1 | {2 3 18 19 }
	Port: in_tile_0 | {4 5 }
	Port: w_tile_0 | {16 }
 - Input state : 
	Port: conv2 : feat | {4 5 }
	Port: conv2 : in_ftmap | {1 }
	Port: conv2 : w2 | {4 7 8 9 10 11 12 13 14 15 20 }
	Port: conv2 : w | {1 }
	Port: conv2 : b | {1 }
	Port: conv2 : out_ftmap | {1 }
	Port: conv2 : out_tile_1 | {4 18 19 20 }
	Port: conv2 : in_tile_0 | {17 18 }
	Port: conv2 : w_tile_0 | {18 19 }
  - Chain level:
	State 1
		store_ln90 : 1
		store_ln90 : 1
		store_ln90 : 1
		store_ln90 : 1
		store_ln90 : 1
	State 2
		add_ln94 : 1
		tmp_8 : 2
		xor_ln94_2 : 3
		trunc_ln94 : 1
		xor_ln94 : 2
		icmp_ln90 : 1
		add_ln90 : 1
		br_ln90 : 2
		icmp_ln93 : 1
		select_ln67 : 2
		select_ln67_1 : 2
		or_ln67_1 : 3
		select_ln67_3 : 3
		icmp_ln95 : 1
		or_ln67 : 2
		add_ln94_1 : 3
		select_ln67_4 : 2
		add_ln94_2 : 3
		tmp_9 : 4
		trunc_ln94_1 : 4
		xor_ln94_1 : 5
		select_ln94 : 5
		select_ln67_5 : 6
		select_ln93 : 4
		add_ln96 : 3
		tmp_10 : 4
		trunc_ln96 : 3
		xor_ln96 : 4
		tW : 4
		trunc_ln67_1 : 5
		call_ln67 : 7
		tmp_11 : 5
		icmp_ln106 : 6
		select_ln106 : 7
	State 3
		add_ln91 : 1
		select_ln67_2 : 2
		trunc_ln67 : 3
		zext_ln106 : 1
		tmp : 2
	State 4
		add_ln106 : 1
		icmp_ln106_1 : 1
		add_ln107 : 1
		br_ln106 : 2
		call_ln93 : 1
		trunc_ln39 : 1
		call_ln67 : 1
		add_ln93 : 1
		select_ln93_1 : 2
		store_ln95 : 3
	State 5
		zext_ln36 : 1
	State 6
		zext_ln36_1 : 1
		icmp_ln36 : 1
		add_ln36 : 1
		br_ln36 : 2
		empty : 1
		shl_ln39_1 : 2
		zext_ln39 : 3
		add_ln39 : 4
		add_ln39_1 : 5
		trunc_ln8 : 6
		sext_ln39 : 7
		w2_addr : 8
	State 7
	State 8
	State 9
	State 10
	State 11
	State 12
	State 13
	State 14
	State 15
	State 16
		store_ln39 : 1
	State 17
		zext_ln50 : 1
		cmp5_i14 : 2
		icmp_ln50 : 1
		add_ln50_1 : 1
		br_ln50 : 2
		add_ln50 : 1
		icmp_ln51 : 1
		select_ln50 : 2
		select_ln50_1 : 2
		trunc_ln50 : 3
		tmp_1 : 4
		add_ln50_cast : 2
		cmp5_i14_mid1 : 3
		select_ln50_2 : 4
		select_ln50_cast : 3
		empty_73 : 5
		p_cast : 6
		in_tile_0_addr : 7
		zext_ln51 : 3
		icmp_ln52 : 4
		and_ln52 : 5
		br_ln52 : 5
		in_tile_0_load : 8
	State 18
		call_ln50 : 1
	State 19
	State 20


============================================================
+ Verbose Summary: Datapath Resource usage 
============================================================

* Functional unit list:
|----------|-----------------------------------------------------------------------------|---------|---------|---------|---------|
| Operation|                               Functional Unit                               |   DSP   |  Delay  |    FF   |   LUT   |
|----------|-----------------------------------------------------------------------------|---------|---------|---------|---------|
|          | grp_conv2_Pipeline_VITIS_LOOP_99_4_VITIS_LOOP_100_5_VITIS_LOOP_101_6_fu_323 |    0    |    0    |    58   |   271   |
|   call   |                  grp_conv2_Pipeline_VITIS_LOOP_24_3_fu_331                  |    0    |  0.854  |   233   |   396   |
|          |                  grp_conv2_Pipeline_VITIS_LOOP_72_3_fu_346                  |    4    |  0.427  |   775   |   994   |
|          |                  grp_conv2_Pipeline_VITIS_LOOP_53_3_fu_363                  |    5    |  0.854  |   560   |   426   |
|----------|-----------------------------------------------------------------------------|---------|---------|---------|---------|
|          |                               add_ln94_fu_409                               |    0    |    0    |    0    |    16   |
|          |                               add_ln90_fu_445                               |    0    |    0    |    0    |    16   |
|          |                              add_ln94_1_fu_502                              |    0    |    0    |    0    |    16   |
|          |                              add_ln94_2_fu_516                              |    0    |    0    |    0    |    16   |
|          |                               add_ln96_fu_565                               |    0    |    0    |    0    |    16   |
|          |                               add_ln91_fu_629                               |    0    |    0    |    0    |    13   |
|          |                                  tmp_fu_657                                 |    0    |    0    |    0    |    71   |
|          |                               add_ln106_fu_662                              |    0    |    0    |    0    |    31   |
|    add   |                               add_ln107_fu_674                              |    0    |    0    |    0    |    14   |
|          |                                 tmp3_fu_684                                 |    0    |    0    |    0    |    71   |
|          |                               add_ln93_fu_689                               |    0    |    0    |    0    |    15   |
|          |                               add_ln36_fu_744                               |    0    |    0    |    0    |    12   |
|          |                               add_ln39_fu_777                               |    0    |    0    |    0    |    64   |
|          |                              add_ln39_1_fu_782                              |    0    |    0    |    0    |    64   |
|          |                              add_ln50_1_fu_826                              |    0    |    0    |    0    |    18   |
|          |                               add_ln50_fu_832                               |    0    |    0    |    0    |    13   |
|          |                               empty_73_fu_893                               |    0    |    0    |    0    |    17   |
|          |                               add_ln51_fu_919                               |    0    |    0    |    0    |    13   |
|----------|-----------------------------------------------------------------------------|---------|---------|---------|---------|
|   fadd   |                                 grp_fu_1149                                 |    2    |    0    |   227   |   214   |
|----------|-----------------------------------------------------------------------------|---------|---------|---------|---------|
|   fmul   |                                 grp_fu_1145                                 |    3    |    0    |   128   |   135   |
|----------|-----------------------------------------------------------------------------|---------|---------|---------|---------|
|          |                               icmp_ln90_fu_439                              |    0    |    0    |    0    |    16   |
|          |                               icmp_ln93_fu_454                              |    0    |    0    |    0    |    15   |
|          |                               icmp_ln95_fu_490                              |    0    |    0    |    0    |    16   |
|          |                              icmp_ln106_fu_612                              |    0    |    0    |    0    |    10   |
|          |                             icmp_ln106_1_fu_668                             |    0    |    0    |    0    |    14   |
|   icmp   |                               icmp_ln36_fu_738                              |    0    |    0    |    0    |    12   |
|          |                               cmp5_i14_fu_815                               |    0    |    0    |    0    |    15   |
|          |                               icmp_ln50_fu_820                              |    0    |    0    |    0    |    18   |
|          |                               icmp_ln51_fu_838                              |    0    |    0    |    0    |    13   |
|          |                             cmp5_i14_mid1_fu_876                            |    0    |    0    |    0    |    15   |
|          |                               icmp_ln52_fu_908                              |    0    |    0    |    0    |    15   |
|----------|-----------------------------------------------------------------------------|---------|---------|---------|---------|
|          |                              select_ln67_fu_460                             |    0    |    0    |    0    |    9    |
|          |                             select_ln67_1_fu_468                            |    0    |    0    |    0    |    9    |
|          |                             select_ln67_3_fu_482                            |    0    |    0    |    0    |    8    |
|          |                             select_ln67_4_fu_508                            |    0    |    0    |    0    |    9    |
|          |                              select_ln94_fu_540                             |    0    |    0    |    0    |    8    |
|          |                             select_ln67_5_fu_548                            |    0    |    0    |    0    |    8    |
|  select  |                              select_ln93_fu_557                             |    0    |    0    |    0    |    9    |
|          |                                  tW_fu_589                                  |    0    |    0    |    0    |    8    |
|          |                             select_ln106_fu_618                             |    0    |    0    |    0    |    6    |
|          |                             select_ln67_2_fu_635                            |    0    |    0    |    0    |    6    |
|          |                             select_ln93_1_fu_695                            |    0    |    0    |    0    |    8    |
|          |                              select_ln50_fu_844                             |    0    |    0    |    0    |    6    |
|          |                             select_ln50_1_fu_852                            |    0    |    0    |    0    |    6    |
|          |                             select_ln50_2_fu_881                            |    0    |    0    |    0    |    2    |
|----------|-----------------------------------------------------------------------------|---------|---------|---------|---------|
|          |                              xor_ln94_2_fu_423                              |    0    |    0    |    0    |    2    |
|    xor   |                               xor_ln94_fu_433                               |    0    |    0    |    0    |    8    |
|          |                              xor_ln94_1_fu_534                              |    0    |    0    |    0    |    8    |
|          |                               xor_ln96_fu_583                               |    0    |    0    |    0    |    8    |
|----------|-----------------------------------------------------------------------------|---------|---------|---------|---------|
|    or    |                               or_ln67_1_fu_476                              |    0    |    0    |    0    |    2    |
|          |                                or_ln67_fu_496                               |    0    |    0    |    0    |    2    |
|----------|-----------------------------------------------------------------------------|---------|---------|---------|---------|
|    and   |                               and_ln52_fu_913                               |    0    |    0    |    0    |    2    |
|----------|-----------------------------------------------------------------------------|---------|---------|---------|---------|
|          |                          out_ftmap_read_read_fu_194                         |    0    |    0    |    0    |    0    |
|          |                              b_read_read_fu_200                             |    0    |    0    |    0    |    0    |
|   read   |                              w_read_read_fu_206                             |    0    |    0    |    0    |    0    |
|          |                          in_ftmap_read_read_fu_212                          |    0    |    0    |    0    |    0    |
|          |                           w2_addr_read_read_fu_225                          |    0    |    0    |    0    |    0    |
|----------|-----------------------------------------------------------------------------|---------|---------|---------|---------|
|  readreq |                              grp_readreq_fu_218                             |    0    |    0    |    0    |    0    |
|----------|-----------------------------------------------------------------------------|---------|---------|---------|---------|
|          |                                 tmp_8_fu_415                                |    0    |    0    |    0    |    0    |
| bitselect|                                 tmp_9_fu_522                                |    0    |    0    |    0    |    0    |
|          |                                tmp_10_fu_571                                |    0    |    0    |    0    |    0    |
|----------|-----------------------------------------------------------------------------|---------|---------|---------|---------|
|          |                              trunc_ln94_fu_429                              |    0    |    0    |    0    |    0    |
|          |                             trunc_ln94_1_fu_530                             |    0    |    0    |    0    |    0    |
|          |                              trunc_ln96_fu_579                              |    0    |    0    |    0    |    0    |
|   trunc  |                             trunc_ln67_1_fu_598                             |    0    |    0    |    0    |    0    |
|          |                              trunc_ln67_fu_642                              |    0    |    0    |    0    |    0    |
|          |                              trunc_ln39_fu_680                              |    0    |    0    |    0    |    0    |
|          |                                 empty_fu_750                                |    0    |    0    |    0    |    0    |
|          |                              trunc_ln50_fu_860                              |    0    |    0    |    0    |    0    |
|----------|-----------------------------------------------------------------------------|---------|---------|---------|---------|
|          |                                tmp_11_fu_602                                |    0    |    0    |    0    |    0    |
|partselect|                                 tmp_2_fu_754                                |    0    |    0    |    0    |    0    |
|          |                               trunc_ln8_fu_787                              |    0    |    0    |    0    |    0    |
|----------|-----------------------------------------------------------------------------|---------|---------|---------|---------|
|          |                                 tmp_s_fu_646                                |    0    |    0    |    0    |    0    |
|bitconcatenate|                                shl_ln_fu_723                                |    0    |    0    |    0    |    0    |
|          |                              shl_ln39_1_fu_763                              |    0    |    0    |    0    |    0    |
|          |                                 tmp_1_fu_864                                |    0    |    0    |    0    |    0    |
|----------|-----------------------------------------------------------------------------|---------|---------|---------|---------|
|          |                              zext_ln106_fu_653                              |    0    |    0    |    0    |    0    |
|          |                               zext_ln36_fu_730                              |    0    |    0    |    0    |    0    |
|          |                              zext_ln36_1_fu_734                             |    0    |    0    |    0    |    0    |
|          |                               zext_ln39_fu_773                              |    0    |    0    |    0    |    0    |
|   zext   |                               zext_ln50_fu_811                              |    0    |    0    |    0    |    0    |
|          |                             add_ln50_cast_fu_872                            |    0    |    0    |    0    |    0    |
|          |                           select_ln50_cast_fu_889                           |    0    |    0    |    0    |    0    |
|          |                                p_cast_fu_899                                |    0    |    0    |    0    |    0    |
|          |                               zext_ln51_fu_904                              |    0    |    0    |    0    |    0    |
|----------|-----------------------------------------------------------------------------|---------|---------|---------|---------|
|   sext   |                               sext_ln39_fu_797                              |    0    |    0    |    0    |    0    |
|----------|-----------------------------------------------------------------------------|---------|---------|---------|---------|
|   Total  |                                                                             |    14   |  2.135  |   1981  |   3225  |
|----------|-----------------------------------------------------------------------------|---------|---------|---------|---------|

Memories:
N/A

* Register list:
+-------------------------+--------+
|                         |   FF   |
+-------------------------+--------+
|    add_ln106_reg_1054   |   24   |
|    add_ln107_reg_1062   |    7   |
|    add_ln36_reg_1090    |    4   |
|   add_ln50_1_reg_1109   |   11   |
|    add_ln51_reg_1140    |    6   |
|     add_ln90_reg_982    |    9   |
|    add_ln96_reg_1009    |    9   |
|    and_ln52_reg_1131    |    1   |
|      b_read_reg_964     |   64   |
|        c0_reg_256       |    7   |
|    icmp_ln93_reg_987    |    1   |
|  in_ftmap_read_reg_974  |   64   |
| in_tile_0_addr_reg_1126 |   10   |
| in_tile_0_load_reg_1135 |   32   |
|indvar_flatten128_reg_938|    8   |
|indvar_flatten151_reg_952|    9   |
| indvar_flatten38_reg_290|   11   |
|        n0_reg_945       |    6   |
|  out_ftmap_read_reg_959 |   64   |
|     phi_mul_reg_267     |   24   |
|  select_ln106_reg_1027  |    6   |
|  select_ln50_1_reg_1120 |    6   |
|   select_ln50_reg_1114  |    6   |
|  select_ln67_2_reg_1033 |    6   |
|  select_ln67_5_reg_993  |    8   |
|   select_ln93_reg_1002  |    9   |
|       tW_reg_1019       |    8   |
|        th_reg_301       |    6   |
|      tmp3_reg_1072      |   64   |
|       tmp_reg_1049      |   64   |
|        tn_reg_279       |    4   |
|   trunc_ln39_reg_1067   |    6   |
|   trunc_ln67_reg_1039   |    5   |
|   trunc_ln96_reg_1014   |    8   |
|        tw_reg_312       |    6   |
|  w2_addr_read_reg_1101  |   32   |
|     w2_addr_reg_1095    |   32   |
|      w_read_reg_969     |   64   |
|        x0_reg_924       |    9   |
|        y0_reg_931       |    9   |
|   zext_ln106_reg_1044   |   64   |
|   zext_ln36_1_reg_1082  |   64   |
|    zext_ln36_reg_1077   |   64   |
+-------------------------+--------+
|          Total          |   921  |
+-------------------------+--------+

* Multiplexer (MUX) list: 
|-----------------------------------------------------------------------------|------|------|------|--------||---------||---------|
|                                     Comp                                    |  Pin | Size |  BW  | S x BW ||  Delay  ||   LUT   |
|-----------------------------------------------------------------------------|------|------|------|--------||---------||---------|
|                              grp_access_fu_250                              |  p0  |   2  |  10  |   20   ||    9    |
|                               phi_mul_reg_267                               |  p0  |   2  |  24  |   48   ||    9    |
| grp_conv2_Pipeline_VITIS_LOOP_99_4_VITIS_LOOP_100_5_VITIS_LOOP_101_6_fu_323 |  p1  |   2  |   8  |   16   ||    9    |
| grp_conv2_Pipeline_VITIS_LOOP_99_4_VITIS_LOOP_100_5_VITIS_LOOP_101_6_fu_323 |  p2  |   2  |   8  |   16   ||    9    |
|                  grp_conv2_Pipeline_VITIS_LOOP_72_3_fu_346                  |  p8  |   2  |  64  |   128  ||    9    |
|                  grp_conv2_Pipeline_VITIS_LOOP_53_3_fu_363                  |  p3  |   2  |  32  |   64   ||    9    |
|-----------------------------------------------------------------------------|------|------|------|--------||---------||---------|
|                                    Total                                    |      |      |      |   292  ||  2.562  ||    54   |
|-----------------------------------------------------------------------------|------|------|------|--------||---------||---------|



* Summary:
+-----------+--------+--------+--------+--------+
|           |   DSP  |  Delay |   FF   |   LUT  |
+-----------+--------+--------+--------+--------+
|  Function |   14   |    2   |  1981  |  3225  |
|   Memory  |    -   |    -   |    -   |    -   |
|Multiplexer|    -   |    2   |    -   |   54   |
|  Register |    -   |    -   |   921  |    -   |
+-----------+--------+--------+--------+--------+
|   Total   |   14   |    4   |  2902  |  3279  |
+-----------+--------+--------+--------+--------+
