

================================================================
== Vitis HLS Report for 'srcnn'
================================================================
* Date:           Thu Oct 30 11:32:26 2025

* Version:        2023.1 (Build 3854077 on May  4 2023)
* Project:        srcnn_hls
* Solution:       solution1 (Vivado IP Flow Target)
* Product family: zynquplus
* Target device:  xck26-sfvc784-2LV-c


================================================================
== Performance Estimates
================================================================
+ Timing: 
    * Summary: 
    +--------+----------+----------+------------+
    |  Clock |  Target  | Estimated| Uncertainty|
    +--------+----------+----------+------------+
    |ap_clk  |  10.00 ns|  7.300 ns|     2.70 ns|
    +--------+----------+----------+------------+

+ Latency: 
    * Summary: 
    +---------+---------+----------+----------+-----+-----+---------+
    |  Latency (cycles) |  Latency (absolute) |  Interval | Pipeline|
    |   min   |   max   |    min   |    max   | min | max |   Type  |
    +---------+---------+----------+----------+-----+-----+---------+
    |        ?|        ?|         ?|         ?|    ?|    ?|       no|
    +---------+---------+----------+----------+-----+-----+---------+

    + Detail: 
        * Instance: 
        N/A

        * Loop: 
        +----------------------+------------+------------+----------+-----------+-----------+------+----------+
        |                      |     Latency (cycles)    | Iteration|  Initiation Interval  | Trip |          |
        |       Loop Name      |     min    |     max    |  Latency |  achieved |   target  | Count| Pipelined|
        +----------------------+------------+------------+----------+-----------+-----------+------+----------+
        |- VITIS_LOOP_44_1     |    12517568|    12517568|    195587|          -|          -|    64|        no|
        | + VITIS_LOOP_45_2    |      195585|      195585|       767|          -|          -|   255|        no|
        |  ++ VITIS_LOOP_46_3  |         765|         765|         3|          -|          -|   255|        no|
        |- debug1              |  2268088672|  2268088672|  70877771|          -|          -|    32|        no|
        | + debug2             |    70877760|    70877760|    277952|          -|          -|   255|        no|
        |  ++ debug3           |      277950|      277950|      1090|          -|          -|   255|        no|
        |   +++ debug4         |        1088|        1088|        17|          -|          -|    64|        no|
        |- VITIS_LOOP_56_4     |     6258784|     6258784|    195587|          -|          -|    32|        no|
        | + VITIS_LOOP_57_5    |      195585|      195585|       767|          -|          -|   255|        no|
        |  ++ VITIS_LOOP_58_6  |         765|         765|         3|          -|          -|   255|        no|
        +----------------------+------------+------------+----------+-----------+-----------+------+----------+

============================================================
+ Verbose Summary: Synthesis Manager
============================================================
InlineROM: 1
ExposeGlobal: 0
============================================================
+ Verbose Summary: CDFG Model
============================================================
IsTopModel: 1
ResetActiveHigh: 1
IsCombinational: 0
IsDatapathOnly: 0
HasWiredReturn: 1
HasMFsm: 0
HasVarLatency: 1
IsPipeline: 0
IsRtlPipelined: 0
IsInstanceOverlapped: 0
IsDontTouch: 0
HasImplIP: 0
IsGatedGlobalClock: 0


============================================================
+ Verbose Summary: Schedule
============================================================
* Number of FSM states : 52
* Pipeline : 0
* Dataflow Pipeline: 0

* FSM state transitions: 
1 --> 2 
2 --> 3 
3 --> 4 8 
4 --> 5 3 
5 --> 6 4 
6 --> 7 
7 --> 5 
8 --> 9 37 
9 --> 10 
10 --> 11 
11 --> 12 
12 --> 13 
13 --> 14 
14 --> 15 
15 --> 16 
16 --> 17 
17 --> 18 
18 --> 19 8 
19 --> 20 18 
20 --> 21 19 
21 --> 22 
22 --> 23 
23 --> 24 
24 --> 25 
25 --> 26 
26 --> 27 
27 --> 28 
28 --> 29 
29 --> 30 
30 --> 31 
31 --> 32 
32 --> 33 
33 --> 34 
34 --> 35 
35 --> 36 
36 --> 20 
37 --> 42 38 
38 --> 39 37 
39 --> 40 38 
40 --> 41 
41 --> 39 
42 --> 43 
43 --> 44 
44 --> 45 
45 --> 46 
46 --> 47 
47 --> 48 
48 --> 49 
49 --> 50 
50 --> 51 
51 --> 52 
52 --> 

* FSM state operations: 

State 1 <SV = 0> <Delay = 1.00>
ST_1 : Operation 53 [1/1] (0.00ns)   --->   "%c = alloca i32 1"   --->   Operation 53 'alloca' 'c' <Predicate = true> <Delay = 0.00>
ST_1 : Operation 54 [1/1] (1.00ns)   --->   "%output_ftmap_read = read i64 @_ssdm_op_Read.s_axilite.i64, i64 %output_ftmap" [src/srcnn.cpp:3]   --->   Operation 54 'read' 'output_ftmap_read' <Predicate = true> <Delay = 1.00> <CoreInst = "s_axilite">   --->   Core 122 's_axilite' <Latency = 0> <II = 1> <Delay = 1.00> <Adapter> <Opcode : 'read' 'write'>
ST_1 : Operation 55 [1/1] (1.00ns)   --->   "%conv3_biases_read = read i64 @_ssdm_op_Read.s_axilite.i64, i64 %conv3_biases" [src/srcnn.cpp:3]   --->   Operation 55 'read' 'conv3_biases_read' <Predicate = true> <Delay = 1.00> <CoreInst = "s_axilite">   --->   Core 122 's_axilite' <Latency = 0> <II = 1> <Delay = 1.00> <Adapter> <Opcode : 'read' 'write'>
ST_1 : Operation 56 [1/1] (1.00ns)   --->   "%conv3_weights_read = read i64 @_ssdm_op_Read.s_axilite.i64, i64 %conv3_weights" [src/srcnn.cpp:3]   --->   Operation 56 'read' 'conv3_weights_read' <Predicate = true> <Delay = 1.00> <CoreInst = "s_axilite">   --->   Core 122 's_axilite' <Latency = 0> <II = 1> <Delay = 1.00> <Adapter> <Opcode : 'read' 'write'>
ST_1 : Operation 57 [1/1] (1.00ns)   --->   "%conv2_biases_read = read i64 @_ssdm_op_Read.s_axilite.i64, i64 %conv2_biases" [src/srcnn.cpp:3]   --->   Operation 57 'read' 'conv2_biases_read' <Predicate = true> <Delay = 1.00> <CoreInst = "s_axilite">   --->   Core 122 's_axilite' <Latency = 0> <II = 1> <Delay = 1.00> <Adapter> <Opcode : 'read' 'write'>
ST_1 : Operation 58 [1/1] (1.00ns)   --->   "%conv2_weights_read = read i64 @_ssdm_op_Read.s_axilite.i64, i64 %conv2_weights" [src/srcnn.cpp:3]   --->   Operation 58 'read' 'conv2_weights_read' <Predicate = true> <Delay = 1.00> <CoreInst = "s_axilite">   --->   Core 122 's_axilite' <Latency = 0> <II = 1> <Delay = 1.00> <Adapter> <Opcode : 'read' 'write'>
ST_1 : Operation 59 [1/1] (1.00ns)   --->   "%conv1_biases_read = read i64 @_ssdm_op_Read.s_axilite.i64, i64 %conv1_biases" [src/srcnn.cpp:3]   --->   Operation 59 'read' 'conv1_biases_read' <Predicate = true> <Delay = 1.00> <CoreInst = "s_axilite">   --->   Core 122 's_axilite' <Latency = 0> <II = 1> <Delay = 1.00> <Adapter> <Opcode : 'read' 'write'>
ST_1 : Operation 60 [1/1] (1.00ns)   --->   "%conv1_weights_read = read i64 @_ssdm_op_Read.s_axilite.i64, i64 %conv1_weights" [src/srcnn.cpp:3]   --->   Operation 60 'read' 'conv1_weights_read' <Predicate = true> <Delay = 1.00> <CoreInst = "s_axilite">   --->   Core 122 's_axilite' <Latency = 0> <II = 1> <Delay = 1.00> <Adapter> <Opcode : 'read' 'write'>
ST_1 : Operation 61 [1/1] (1.00ns)   --->   "%input_ftmap_read = read i64 @_ssdm_op_Read.s_axilite.i64, i64 %input_ftmap" [src/srcnn.cpp:3]   --->   Operation 61 'read' 'input_ftmap_read' <Predicate = true> <Delay = 1.00> <CoreInst = "s_axilite">   --->   Core 122 's_axilite' <Latency = 0> <II = 1> <Delay = 1.00> <Adapter> <Opcode : 'read' 'write'>
ST_1 : Operation 62 [2/2] (0.00ns)   --->   "%call_ln43 = call void @conv1, i32 %gmem_in, i64 %input_ftmap_read, i32 %gmem_wgt, i64 %conv1_weights_read, i64 %conv1_biases_read, i32 %bias, i32 %compute_stage_hls_stream_TileDesc_0_hls_stream_float_0_hls_stream_float_0_hls_stream_float_0_hls_stream_TileDesc_0_hls_stream_float_0_in_ti_4, i32 %compute_stage_hls_stream_TileDesc_0_hls_stream_float_0_hls_stream_float_0_hls_stream_float_0_hls_stream_TileDesc_0_hls_stream_float_0_in_ti_4_0, i32 %compute_stage_hls_stream_TileDesc_0_hls_stream_float_0_hls_stream_float_0_hls_stream_float_0_hls_stream_TileDesc_0_hls_stream_float_0_in_ti_4_1, i32 %compute_stage_hls_stream_TileDesc_0_hls_stream_float_0_hls_stream_float_0_hls_stream_float_0_hls_stream_TileDesc_0_hls_stream_float_0_in_ti_4_2, i32 %compute_stage_hls_stream_TileDesc_0_hls_stream_float_0_hls_stream_float_0_hls_stream_float_0_hls_stream_TileDesc_0_hls_stream_float_0_in_ti_4_3, i32 %compute_stage_hls_stream_TileDesc_0_hls_stream_float_0_hls_stream_float_0_hls_stream_float_0_hls_stream_TileDesc_0_hls_stream_float_0_in_ti_3, i32 %compute_stage_hls_stream_TileDesc_0_hls_stream_float_0_hls_stream_float_0_hls_stream_float_0_hls_stream_TileDesc_0_hls_stream_float_0_in_ti_3_5, i32 %compute_stage_hls_stream_TileDesc_0_hls_stream_float_0_hls_stream_float_0_hls_stream_float_0_hls_stream_TileDesc_0_hls_stream_float_0_in_ti_3_6, i32 %compute_stage_hls_stream_TileDesc_0_hls_stream_float_0_hls_stream_float_0_hls_stream_float_0_hls_stream_TileDesc_0_hls_stream_float_0_in_ti_3_7, i32 %compute_stage_hls_stream_TileDesc_0_hls_stream_float_0_hls_stream_float_0_hls_stream_float_0_hls_stream_TileDesc_0_hls_stream_float_0_in_ti_3_8, i32 %compute_stage_hls_stream_TileDesc_0_hls_stream_float_0_hls_stream_float_0_hls_stream_float_0_hls_stream_TileDesc_0_hls_stream_float_0_in_ti_3_9, i32 %compute_stage_hls_stream_TileDesc_0_hls_stream_float_0_hls_stream_float_0_hls_stream_float_0_hls_stream_TileDesc_0_hls_stream_float_0_in_ti_3_10, i32 %compute_stage_hls_stream_TileDesc_0_hls_stream_float_0_hls_stream_float_0_hls_stream_float_0_hls_stream_TileDesc_0_hls_stream_float_0_in_ti_3_11, i32 %compute_stage_hls_stream_TileDesc_0_hls_stream_float_0_hls_stream_float_0_hls_stream_float_0_hls_stream_TileDesc_0_hls_stream_float_0_in_ti_3_12, i32 %compute_stage_hls_stream_TileDesc_0_hls_stream_float_0_hls_stream_float_0_hls_stream_float_0_hls_stream_TileDesc_0_hls_stream_float_0_in_ti_3_13, i32 %compute_stage_hls_stream_TileDesc_0_hls_stream_float_0_hls_stream_float_0_hls_stream_float_0_hls_stream_TileDesc_0_hls_stream_float_0_in_ti_2, i32 %compute_stage_hls_stream_TileDesc_0_hls_stream_float_0_hls_stream_float_0_hls_stream_float_0_hls_stream_TileDesc_0_hls_stream_float_0_in_ti_2_15, i32 %compute_stage_hls_stream_TileDesc_0_hls_stream_float_0_hls_stream_float_0_hls_stream_float_0_hls_stream_TileDesc_0_hls_stream_float_0_in_ti_2_16, i32 %compute_stage_hls_stream_TileDesc_0_hls_stream_float_0_hls_stream_float_0_hls_stream_float_0_hls_stream_TileDesc_0_hls_stream_float_0_in_ti_2_17, i32 %compute_stage_hls_stream_TileDesc_0_hls_stream_float_0_hls_stream_float_0_hls_stream_float_0_hls_stream_TileDesc_0_hls_stream_float_0_in_ti_2_18, i32 %compute_stage_hls_stream_TileDesc_0_hls_stream_float_0_hls_stream_float_0_hls_stream_float_0_hls_stream_TileDesc_0_hls_stream_float_0_in_ti_2_19, i32 %compute_stage_hls_stream_TileDesc_0_hls_stream_float_0_hls_stream_float_0_hls_stream_float_0_hls_stream_TileDesc_0_hls_stream_float_0_in_ti_2_20, i32 %compute_stage_hls_stream_TileDesc_0_hls_stream_float_0_hls_stream_float_0_hls_stream_float_0_hls_stream_TileDesc_0_hls_stream_float_0_in_ti_2_21, i32 %compute_stage_hls_stream_TileDesc_0_hls_stream_float_0_hls_stream_float_0_hls_stream_float_0_hls_stream_TileDesc_0_hls_stream_float_0_in_ti_2_22, i32 %compute_stage_hls_stream_TileDesc_0_hls_stream_float_0_hls_stream_float_0_hls_stream_float_0_hls_stream_TileDesc_0_hls_stream_float_0_in_ti_2_23, i32 %compute_stage_hls_stream_TileDesc_0_hls_stream_float_0_hls_stream_float_0_hls_stream_float_0_hls_stream_TileDesc_0_hls_stream_float_0_in_ti_1, i32 %compute_stage_hls_stream_TileDesc_0_hls_stream_float_0_hls_stream_float_0_hls_stream_float_0_hls_stream_TileDesc_0_hls_stream_float_0_in_ti_1_25, i32 %compute_stage_hls_stream_TileDesc_0_hls_stream_float_0_hls_stream_float_0_hls_stream_float_0_hls_stream_TileDesc_0_hls_stream_float_0_in_ti_1_26, i32 %compute_stage_hls_stream_TileDesc_0_hls_stream_float_0_hls_stream_float_0_hls_stream_float_0_hls_stream_TileDesc_0_hls_stream_float_0_in_ti_1_27, i32 %compute_stage_hls_stream_TileDesc_0_hls_stream_float_0_hls_stream_float_0_hls_stream_float_0_hls_stream_TileDesc_0_hls_stream_float_0_in_ti_1_28, i32 %compute_stage_hls_stream_TileDesc_0_hls_stream_float_0_hls_stream_float_0_hls_stream_float_0_hls_stream_TileDesc_0_hls_stream_float_0_in_ti_1_29, i32 %compute_stage_hls_stream_TileDesc_0_hls_stream_float_0_hls_stream_float_0_hls_stream_float_0_hls_stream_TileDesc_0_hls_stream_float_0_in_ti_1_30, i32 %compute_stage_hls_stream_TileDesc_0_hls_stream_float_0_hls_stream_float_0_hls_stream_float_0_hls_stream_TileDesc_0_hls_stream_float_0_in_ti_1_31, i32 %compute_stage_hls_stream_TileDesc_0_hls_stream_float_0_hls_stream_float_0_hls_stream_float_0_hls_stream_TileDesc_0_hls_stream_float_0_in_ti_1_32, i32 %compute_stage_hls_stream_TileDesc_0_hls_stream_float_0_hls_stream_float_0_hls_stream_float_0_hls_stream_TileDesc_0_hls_stream_float_0_in_ti_1_33, i32 %compute_stage_hls_stream_TileDesc_0_hls_stream_float_0_hls_stream_float_0_hls_stream_float_0_hls_stream_TileDesc_0_hls_stream_float_0_in_ti_9, i32 %compute_stage_hls_stream_TileDesc_0_hls_stream_float_0_hls_stream_float_0_hls_stream_float_0_hls_stream_TileDesc_0_hls_stream_float_0_in_ti_8, i32 %compute_stage_hls_stream_TileDesc_0_hls_stream_float_0_hls_stream_float_0_hls_stream_float_0_hls_stream_TileDesc_0_hls_stream_float_0_in_ti_7, i32 %compute_stage_hls_stream_TileDesc_0_hls_stream_float_0_hls_stream_float_0_hls_stream_float_0_hls_stream_TileDesc_0_hls_stream_float_0_in_ti_6, i32 %compute_stage_hls_stream_TileDesc_0_hls_stream_float_0_hls_stream_float_0_hls_stream_float_0_hls_stream_TileDesc_0_hls_stream_float_0_in_ti_5, i32 %compute_stage_hls_stream_TileDesc_0_hls_stream_float_0_hls_stream_float_0_hls_stream_float_0_hls_stream_TileDesc_0_hls_stream_float_0_in_ti_4_4, i32 %compute_stage_hls_stream_TileDesc_0_hls_stream_float_0_hls_stream_float_0_hls_stream_float_0_hls_stream_TileDesc_0_hls_stream_float_0_in_ti_3_14, i32 %compute_stage_hls_stream_TileDesc_0_hls_stream_float_0_hls_stream_float_0_hls_stream_float_0_hls_stream_TileDesc_0_hls_stream_float_0_in_ti_2_24, i32 %compute_stage_hls_stream_TileDesc_0_hls_stream_float_0_hls_stream_float_0_hls_stream_float_0_hls_stream_TileDesc_0_hls_stream_float_0_in_ti_1_34, i32 %p_ZZL13compute_stageRN3hls6streamI8TileDescLi0EEERNS0_IfLi0EEES5_S5_S3_S5_E7in_ti, i32 %compute_stage_hls_stream_TileDesc_0_hls_stream_float_0_hls_stream_float_0_hls_stream_float_0_hls_stream_TileDesc_0_hls_stream_float_0_w_til_s_35, i32 %compute_stage_hls_stream_TileDesc_0_hls_stream_float_0_hls_stream_float_0_hls_stream_float_0_hls_stream_TileDesc_0_hls_stream_float_0_w_til_s_37, i32 %compute_stage_hls_stream_TileDesc_0_hls_stream_float_0_hls_stream_float_0_hls_stream_float_0_hls_stream_TileDesc_0_hls_stream_float_0_w_til_s_38, i32 %compute_stage_hls_stream_TileDesc_0_hls_stream_float_0_hls_stream_float_0_hls_stream_float_0_hls_stream_TileDesc_0_hls_stream_float_0_w_til_s_39, i32 %compute_stage_hls_stream_TileDesc_0_hls_stream_float_0_hls_stream_float_0_hls_stream_float_0_hls_stream_TileDesc_0_hls_stream_float_0_w_til_s_40, i32 %compute_stage_hls_stream_TileDesc_0_hls_stream_float_0_hls_stream_float_0_hls_stream_float_0_hls_stream_TileDesc_0_hls_stream_float_0_w_til_s_41, i32 %compute_stage_hls_stream_TileDesc_0_hls_stream_float_0_hls_stream_float_0_hls_stream_float_0_hls_stream_TileDesc_0_hls_stream_float_0_w_til_s_42, i32 %compute_stage_hls_stream_TileDesc_0_hls_stream_float_0_hls_stream_float_0_hls_stream_float_0_hls_stream_TileDesc_0_hls_stream_float_0_w_til_s_43, i32 %compute_stage_hls_stream_TileDesc_0_hls_stream_float_0_hls_stream_float_0_hls_stream_float_0_hls_stream_TileDesc_0_hls_stream_float_0_w_til_s_44, i32 %compute_stage_hls_stream_TileDesc_0_hls_stream_float_0_hls_stream_float_0_hls_stream_float_0_hls_stream_TileDesc_0_hls_stream_float_0_w_til_s_45, i32 %compute_stage_hls_stream_TileDesc_0_hls_stream_float_0_hls_stream_float_0_hls_stream_float_0_hls_stream_TileDesc_0_hls_stream_float_0_w_til_s_46, i32 %compute_stage_hls_stream_TileDesc_0_hls_stream_float_0_hls_stream_float_0_hls_stream_float_0_hls_stream_TileDesc_0_hls_stream_float_0_w_til_s_48, i32 %compute_stage_hls_stream_TileDesc_0_hls_stream_float_0_hls_stream_float_0_hls_stream_float_0_hls_stream_TileDesc_0_hls_stream_float_0_w_til_s_49, i32 %compute_stage_hls_stream_TileDesc_0_hls_stream_float_0_hls_stream_float_0_hls_stream_float_0_hls_stream_TileDesc_0_hls_stream_float_0_w_til_s_50, i32 %compute_stage_hls_stream_TileDesc_0_hls_stream_float_0_hls_stream_float_0_hls_stream_float_0_hls_stream_TileDesc_0_hls_stream_float_0_w_til_s_51, i32 %compute_stage_hls_stream_TileDesc_0_hls_stream_float_0_hls_stream_float_0_hls_stream_float_0_hls_stream_TileDesc_0_hls_stream_float_0_w_til_s_52, i32 %compute_stage_hls_stream_TileDesc_0_hls_stream_float_0_hls_stream_float_0_hls_stream_float_0_hls_stream_TileDesc_0_hls_stream_float_0_w_til_s_53, i32 %compute_stage_hls_stream_TileDesc_0_hls_stream_float_0_hls_stream_float_0_hls_stream_float_0_hls_stream_TileDesc_0_hls_stream_float_0_w_til_s_54, i32 %compute_stage_hls_stream_TileDesc_0_hls_stream_float_0_hls_stream_float_0_hls_stream_float_0_hls_stream_TileDesc_0_hls_stream_float_0_w_til_s_55, i32 %compute_stage_hls_stream_TileDesc_0_hls_stream_float_0_hls_stream_float_0_hls_stream_float_0_hls_stream_TileDesc_0_hls_stream_float_0_w_til_s_56, i32 %compute_stage_hls_stream_TileDesc_0_hls_stream_float_0_hls_stream_float_0_hls_stream_float_0_hls_stream_TileDesc_0_hls_stream_float_0_w_til_s_57, i32 %compute_stage_hls_stream_TileDesc_0_hls_stream_float_0_hls_stream_float_0_hls_stream_float_0_hls_stream_TileDesc_0_hls_stream_float_0_w_til_s_59, i32 %compute_stage_hls_stream_TileDesc_0_hls_stream_float_0_hls_stream_float_0_hls_stream_float_0_hls_stream_TileDesc_0_hls_stream_float_0_w_til_s_60, i32 %compute_stage_hls_stream_TileDesc_0_hls_stream_float_0_hls_stream_float_0_hls_stream_float_0_hls_stream_TileDesc_0_hls_stream_float_0_w_til_s_61, i32 %compute_stage_hls_stream_TileDesc_0_hls_stream_float_0_hls_stream_float_0_hls_stream_float_0_hls_stream_TileDesc_0_hls_stream_float_0_w_til_s_62, i32 %compute_stage_hls_stream_TileDesc_0_hls_stream_float_0_hls_stream_float_0_hls_stream_float_0_hls_stream_TileDesc_0_hls_stream_float_0_w_til_s_63, i32 %compute_stage_hls_stream_TileDesc_0_hls_stream_float_0_hls_stream_float_0_hls_stream_float_0_hls_stream_TileDesc_0_hls_stream_float_0_w_til_s_64, i32 %compute_stage_hls_stream_TileDesc_0_hls_stream_float_0_hls_stream_float_0_hls_stream_float_0_hls_stream_TileDesc_0_hls_stream_float_0_w_til_s_65, i32 %compute_stage_hls_stream_TileDesc_0_hls_stream_float_0_hls_stream_float_0_hls_stream_float_0_hls_stream_TileDesc_0_hls_stream_float_0_w_til_s_66, i32 %compute_stage_hls_stream_TileDesc_0_hls_stream_float_0_hls_stream_float_0_hls_stream_float_0_hls_stream_TileDesc_0_hls_stream_float_0_w_til_s_67, i32 %compute_stage_hls_stream_TileDesc_0_hls_stream_float_0_hls_stream_float_0_hls_stream_float_0_hls_stream_TileDesc_0_hls_stream_float_0_w_til_s_68, i32 %compute_stage_hls_stream_TileDesc_0_hls_stream_float_0_hls_stream_float_0_hls_stream_float_0_hls_stream_TileDesc_0_hls_stream_float_0_w_til_s_70, i32 %compute_stage_hls_stream_TileDesc_0_hls_stream_float_0_hls_stream_float_0_hls_stream_float_0_hls_stream_TileDesc_0_hls_stream_float_0_w_til_s_71, i32 %compute_stage_hls_stream_TileDesc_0_hls_stream_float_0_hls_stream_float_0_hls_stream_float_0_hls_stream_TileDesc_0_hls_stream_float_0_w_til_s_72, i32 %compute_stage_hls_stream_TileDesc_0_hls_stream_float_0_hls_stream_float_0_hls_stream_float_0_hls_stream_TileDesc_0_hls_stream_float_0_w_til_s_73, i32 %compute_stage_hls_stream_TileDesc_0_hls_stream_float_0_hls_stream_float_0_hls_stream_float_0_hls_stream_TileDesc_0_hls_stream_float_0_w_til_s_74, i32 %compute_stage_hls_stream_TileDesc_0_hls_stream_float_0_hls_stream_float_0_hls_stream_float_0_hls_stream_TileDesc_0_hls_stream_float_0_w_til_s_75, i32 %compute_stage_hls_stream_TileDesc_0_hls_stream_float_0_hls_stream_float_0_hls_stream_float_0_hls_stream_TileDesc_0_hls_stream_float_0_w_til_s_76, i32 %compute_stage_hls_stream_TileDesc_0_hls_stream_float_0_hls_stream_float_0_hls_stream_float_0_hls_stream_TileDesc_0_hls_stream_float_0_w_til_s_77, i32 %compute_stage_hls_stream_TileDesc_0_hls_stream_float_0_hls_stream_float_0_hls_stream_float_0_hls_stream_TileDesc_0_hls_stream_float_0_w_til_s_78, i32 %compute_stage_hls_stream_TileDesc_0_hls_stream_float_0_hls_stream_float_0_hls_stream_float_0_hls_stream_TileDesc_0_hls_stream_float_0_w_til_s_79, i32 %compute_stage_hls_stream_TileDesc_0_hls_stream_float_0_hls_stream_float_0_hls_stream_float_0_hls_stream_TileDesc_0_hls_stream_float_0_w_til_s_81, i32 %compute_stage_hls_stream_TileDesc_0_hls_stream_float_0_hls_stream_float_0_hls_stream_float_0_hls_stream_TileDesc_0_hls_stream_float_0_w_til_s_82, i32 %compute_stage_hls_stream_TileDesc_0_hls_stream_float_0_hls_stream_float_0_hls_stream_float_0_hls_stream_TileDesc_0_hls_stream_float_0_w_til_s_83, i32 %compute_stage_hls_stream_TileDesc_0_hls_stream_float_0_hls_stream_float_0_hls_stream_float_0_hls_stream_TileDesc_0_hls_stream_float_0_w_til_s_84, i32 %compute_stage_hls_stream_TileDesc_0_hls_stream_float_0_hls_stream_float_0_hls_stream_float_0_hls_stream_TileDesc_0_hls_stream_float_0_w_til_s_85, i32 %compute_stage_hls_stream_TileDesc_0_hls_stream_float_0_hls_stream_float_0_hls_stream_float_0_hls_stream_TileDesc_0_hls_stream_float_0_w_til_s_86, i32 %compute_stage_hls_stream_TileDesc_0_hls_stream_float_0_hls_stream_float_0_hls_stream_float_0_hls_stream_TileDesc_0_hls_stream_float_0_w_til_s_87, i32 %compute_stage_hls_stream_TileDesc_0_hls_stream_float_0_hls_stream_float_0_hls_stream_float_0_hls_stream_TileDesc_0_hls_stream_float_0_w_til_s_88, i32 %compute_stage_hls_stream_TileDesc_0_hls_stream_float_0_hls_stream_float_0_hls_stream_float_0_hls_stream_TileDesc_0_hls_stream_float_0_w_til_s_89, i32 %compute_stage_hls_stream_TileDesc_0_hls_stream_float_0_hls_stream_float_0_hls_stream_float_0_hls_stream_TileDesc_0_hls_stream_float_0_w_til_s_90, i32 %compute_stage_hls_stream_TileDesc_0_hls_stream_float_0_hls_stream_float_0_hls_stream_float_0_hls_stream_TileDesc_0_hls_stream_float_0_w_til_s_92, i32 %compute_stage_hls_stream_TileDesc_0_hls_stream_float_0_hls_stream_float_0_hls_stream_float_0_hls_stream_TileDesc_0_hls_stream_float_0_w_til_s_93, i32 %compute_stage_hls_stream_TileDesc_0_hls_stream_float_0_hls_stream_float_0_hls_stream_float_0_hls_stream_TileDesc_0_hls_stream_float_0_w_til_s_94, i32 %compute_stage_hls_stream_TileDesc_0_hls_stream_float_0_hls_stream_float_0_hls_stream_float_0_hls_stream_TileDesc_0_hls_stream_float_0_w_til_s_95, i32 %compute_stage_hls_stream_TileDesc_0_hls_stream_float_0_hls_stream_float_0_hls_stream_float_0_hls_stream_TileDesc_0_hls_stream_float_0_w_til_s_96, i32 %compute_stage_hls_stream_TileDesc_0_hls_stream_float_0_hls_stream_float_0_hls_stream_float_0_hls_stream_TileDesc_0_hls_stream_float_0_w_til_s_97, i32 %compute_stage_hls_stream_TileDesc_0_hls_stream_float_0_hls_stream_float_0_hls_stream_float_0_hls_stream_TileDesc_0_hls_stream_float_0_w_til_s_98, i32 %compute_stage_hls_stream_TileDesc_0_hls_stream_float_0_hls_stream_float_0_hls_stream_float_0_hls_stream_TileDesc_0_hls_stream_float_0_w_til_s_99, i32 %compute_stage_hls_stream_TileDesc_0_hls_stream_float_0_hls_stream_float_0_hls_stream_float_0_hls_stream_TileDesc_0_hls_stream_float_0_w_til_s_100, i32 %compute_stage_hls_stream_TileDesc_0_hls_stream_float_0_hls_stream_float_0_hls_stream_float_0_hls_stream_TileDesc_0_hls_stream_float_0_w_til_s_101, i32 %compute_stage_hls_stream_TileDesc_0_hls_stream_float_0_hls_stream_float_0_hls_stream_float_0_hls_stream_TileDesc_0_hls_stream_float_0_w_til_s_103, i32 %compute_stage_hls_stream_TileDesc_0_hls_stream_float_0_hls_stream_float_0_hls_stream_float_0_hls_stream_TileDesc_0_hls_stream_float_0_w_til_s_104, i32 %compute_stage_hls_stream_TileDesc_0_hls_stream_float_0_hls_stream_float_0_hls_stream_float_0_hls_stream_TileDesc_0_hls_stream_float_0_w_til_s_105, i32 %compute_stage_hls_stream_TileDesc_0_hls_stream_float_0_hls_stream_float_0_hls_stream_float_0_hls_stream_TileDesc_0_hls_stream_float_0_w_til_s_106, i32 %compute_stage_hls_stream_TileDesc_0_hls_stream_float_0_hls_stream_float_0_hls_stream_float_0_hls_stream_TileDesc_0_hls_stream_float_0_w_til_s_107, i32 %compute_stage_hls_stream_TileDesc_0_hls_stream_float_0_hls_stream_float_0_hls_stream_float_0_hls_stream_TileDesc_0_hls_stream_float_0_w_til_s_108, i32 %compute_stage_hls_stream_TileDesc_0_hls_stream_float_0_hls_stream_float_0_hls_stream_float_0_hls_stream_TileDesc_0_hls_stream_float_0_w_til_s_109, i32 %compute_stage_hls_stream_TileDesc_0_hls_stream_float_0_hls_stream_float_0_hls_stream_float_0_hls_stream_TileDesc_0_hls_stream_float_0_w_til_s_110, i32 %compute_stage_hls_stream_TileDesc_0_hls_stream_float_0_hls_stream_float_0_hls_stream_float_0_hls_stream_TileDesc_0_hls_stream_float_0_w_til_s_111, i32 %compute_stage_hls_stream_TileDesc_0_hls_stream_float_0_hls_stream_float_0_hls_stream_float_0_hls_stream_TileDesc_0_hls_stream_float_0_w_til_s_112, i32 %compute_stage_hls_stream_TileDesc_0_hls_stream_float_0_hls_stream_float_0_hls_stream_float_0_hls_stream_TileDesc_0_hls_stream_float_0_w_til_s, i32 %compute_stage_hls_stream_TileDesc_0_hls_stream_float_0_hls_stream_float_0_hls_stream_float_0_hls_stream_TileDesc_0_hls_stream_float_0_w_til_s_36, i32 %compute_stage_hls_stream_TileDesc_0_hls_stream_float_0_hls_stream_float_0_hls_stream_float_0_hls_stream_TileDesc_0_hls_stream_float_0_w_til_s_47, i32 %compute_stage_hls_stream_TileDesc_0_hls_stream_float_0_hls_stream_float_0_hls_stream_float_0_hls_stream_TileDesc_0_hls_stream_float_0_w_til_s_58, i32 %compute_stage_hls_stream_TileDesc_0_hls_stream_float_0_hls_stream_float_0_hls_stream_float_0_hls_stream_TileDesc_0_hls_stream_float_0_w_til_s_69, i32 %compute_stage_hls_stream_TileDesc_0_hls_stream_float_0_hls_stream_float_0_hls_stream_float_0_hls_stream_TileDesc_0_hls_stream_float_0_w_til_s_80, i32 %compute_stage_hls_stream_TileDesc_0_hls_stream_float_0_hls_stream_float_0_hls_stream_float_0_hls_stream_TileDesc_0_hls_stream_float_0_w_til_s_91, i32 %compute_stage_hls_stream_TileDesc_0_hls_stream_float_0_hls_stream_float_0_hls_stream_float_0_hls_stream_TileDesc_0_hls_stream_float_0_w_til_s_102, i32 %compute_stage_hls_stream_TileDesc_0_hls_stream_float_0_hls_stream_float_0_hls_stream_float_0_hls_stream_TileDesc_0_hls_stream_float_0_w_til_s_113, i32 %p_ZZL13compute_stageRN3hls6streamI8TileDescLi0EEERNS0_IfLi0EEES5_S5_S3_S5_E6w_til, i32 %feat1" [src/srcnn.cpp:43]   --->   Operation 62 'call' 'call_ln43' <Predicate = true> <Delay = 0.00> <CoreType = "Generic">   --->   Core 0 '' <Latency = 0> <II = 1> <Delay = 1.00> <Generic> <Opcode : >
ST_1 : Operation 63 [1/1] (0.42ns)   --->   "%store_ln44 = store i7 0, i7 %c" [src/srcnn.cpp:44]   --->   Operation 63 'store' 'store_ln44' <Predicate = true> <Delay = 0.42>

State 2 <SV = 1> <Delay = 0.00>
ST_2 : Operation 64 [1/1] (0.00ns)   --->   "%spectopmodule_ln3 = spectopmodule void @_ssdm_op_SpecTopModule, void @empty_163" [src/srcnn.cpp:3]   --->   Operation 64 'spectopmodule' 'spectopmodule_ln3' <Predicate = true> <Delay = 0.00>
ST_2 : Operation 65 [1/1] (0.00ns)   --->   "%specinterface_ln0 = specinterface void @_ssdm_op_SpecInterface, i32 %gmem_in, void @empty_126, i32 0, i32 0, void @empty_154, i32 0, i32 65025, void @empty_155, void @empty_156, void @empty_154, i32 16, i32 16, i32 256, i32 16, void @empty_154, void @empty_154, i32 4294967295, i32 0"   --->   Operation 65 'specinterface' 'specinterface_ln0' <Predicate = true> <Delay = 0.00>
ST_2 : Operation 66 [1/1] (0.00ns)   --->   "%specbitsmap_ln0 = specbitsmap void @_ssdm_op_SpecBitsMap, i32 %gmem_in"   --->   Operation 66 'specbitsmap' 'specbitsmap_ln0' <Predicate = true> <Delay = 0.00>
ST_2 : Operation 67 [1/1] (0.00ns)   --->   "%specinterface_ln0 = specinterface void @_ssdm_op_SpecInterface, i32 %gmem_wgt, void @empty_126, i32 0, i32 0, void @empty_154, i32 0, i32 5184, void @empty_157, void @empty_156, void @empty_154, i32 32, i32 16, i32 256, i32 16, void @empty_154, void @empty_154, i32 4294967295, i32 0"   --->   Operation 67 'specinterface' 'specinterface_ln0' <Predicate = true> <Delay = 0.00>
ST_2 : Operation 68 [1/1] (0.00ns)   --->   "%specbitsmap_ln0 = specbitsmap void @_ssdm_op_SpecBitsMap, i32 %gmem_wgt"   --->   Operation 68 'specbitsmap' 'specbitsmap_ln0' <Predicate = true> <Delay = 0.00>
ST_2 : Operation 69 [1/1] (0.00ns)   --->   "%specinterface_ln0 = specinterface void @_ssdm_op_SpecInterface, i32 %gmem_out, void @empty_126, i32 0, i32 0, void @empty_154, i32 0, i32 65025, void @empty_158, void @empty_156, void @empty_154, i32 16, i32 8, i32 16, i32 256, void @empty_154, void @empty_154, i32 4294967295, i32 0"   --->   Operation 69 'specinterface' 'specinterface_ln0' <Predicate = true> <Delay = 0.00>
ST_2 : Operation 70 [1/1] (0.00ns)   --->   "%specbitsmap_ln0 = specbitsmap void @_ssdm_op_SpecBitsMap, i32 %gmem_out"   --->   Operation 70 'specbitsmap' 'specbitsmap_ln0' <Predicate = true> <Delay = 0.00>
ST_2 : Operation 71 [1/1] (0.00ns)   --->   "%specinterface_ln0 = specinterface void @_ssdm_op_SpecInterface, i64 %input_ftmap, void @empty_159, i32 0, i32 0, void @empty_154, i32 0, i32 0, void @empty, void @empty_114, void @empty_154, i32 0, i32 0, i32 0, i32 0, void @empty_154, void @empty_115, i32 4294967295, i32 0"   --->   Operation 71 'specinterface' 'specinterface_ln0' <Predicate = true> <Delay = 0.00>
ST_2 : Operation 72 [1/1] (0.00ns)   --->   "%specinterface_ln0 = specinterface void @_ssdm_op_SpecInterface, i64 %input_ftmap, void @empty_116, i32 0, i32 0, void @empty_154, i32 0, i32 0, void @empty_154, void @empty_154, void @empty_154, i32 0, i32 0, i32 0, i32 0, void @empty_154, void @empty_115, i32 4294967295, i32 0"   --->   Operation 72 'specinterface' 'specinterface_ln0' <Predicate = true> <Delay = 0.00>
ST_2 : Operation 73 [1/1] (0.00ns)   --->   "%specinterface_ln0 = specinterface void @_ssdm_op_SpecInterface, i64 %conv1_weights, void @empty_159, i32 0, i32 0, void @empty_154, i32 0, i32 0, void @empty, void @empty_117, void @empty_154, i32 0, i32 0, i32 0, i32 0, void @empty_154, void @empty_115, i32 4294967295, i32 0"   --->   Operation 73 'specinterface' 'specinterface_ln0' <Predicate = true> <Delay = 0.00>
ST_2 : Operation 74 [1/1] (0.00ns)   --->   "%specinterface_ln0 = specinterface void @_ssdm_op_SpecInterface, i64 %conv1_weights, void @empty_116, i32 0, i32 0, void @empty_154, i32 0, i32 0, void @empty_154, void @empty_154, void @empty_154, i32 0, i32 0, i32 0, i32 0, void @empty_154, void @empty_115, i32 4294967295, i32 0"   --->   Operation 74 'specinterface' 'specinterface_ln0' <Predicate = true> <Delay = 0.00>
ST_2 : Operation 75 [1/1] (0.00ns)   --->   "%specinterface_ln0 = specinterface void @_ssdm_op_SpecInterface, i64 %conv1_biases, void @empty_159, i32 0, i32 0, void @empty_154, i32 0, i32 0, void @empty, void @empty_118, void @empty_154, i32 0, i32 0, i32 0, i32 0, void @empty_154, void @empty_115, i32 4294967295, i32 0"   --->   Operation 75 'specinterface' 'specinterface_ln0' <Predicate = true> <Delay = 0.00>
ST_2 : Operation 76 [1/1] (0.00ns)   --->   "%specinterface_ln0 = specinterface void @_ssdm_op_SpecInterface, i64 %conv1_biases, void @empty_116, i32 0, i32 0, void @empty_154, i32 0, i32 0, void @empty_154, void @empty_154, void @empty_154, i32 0, i32 0, i32 0, i32 0, void @empty_154, void @empty_115, i32 4294967295, i32 0"   --->   Operation 76 'specinterface' 'specinterface_ln0' <Predicate = true> <Delay = 0.00>
ST_2 : Operation 77 [1/1] (0.00ns)   --->   "%specinterface_ln0 = specinterface void @_ssdm_op_SpecInterface, i64 %conv2_weights, void @empty_159, i32 0, i32 0, void @empty_154, i32 0, i32 0, void @empty, void @empty_119, void @empty_154, i32 0, i32 0, i32 0, i32 0, void @empty_154, void @empty_115, i32 4294967295, i32 0"   --->   Operation 77 'specinterface' 'specinterface_ln0' <Predicate = true> <Delay = 0.00>
ST_2 : Operation 78 [1/1] (0.00ns)   --->   "%specinterface_ln0 = specinterface void @_ssdm_op_SpecInterface, i64 %conv2_weights, void @empty_116, i32 0, i32 0, void @empty_154, i32 0, i32 0, void @empty_154, void @empty_154, void @empty_154, i32 0, i32 0, i32 0, i32 0, void @empty_154, void @empty_115, i32 4294967295, i32 0"   --->   Operation 78 'specinterface' 'specinterface_ln0' <Predicate = true> <Delay = 0.00>
ST_2 : Operation 79 [1/1] (0.00ns)   --->   "%specinterface_ln0 = specinterface void @_ssdm_op_SpecInterface, i64 %conv2_biases, void @empty_159, i32 0, i32 0, void @empty_154, i32 0, i32 0, void @empty, void @empty_120, void @empty_154, i32 0, i32 0, i32 0, i32 0, void @empty_154, void @empty_115, i32 4294967295, i32 0"   --->   Operation 79 'specinterface' 'specinterface_ln0' <Predicate = true> <Delay = 0.00>
ST_2 : Operation 80 [1/1] (0.00ns)   --->   "%specinterface_ln0 = specinterface void @_ssdm_op_SpecInterface, i64 %conv2_biases, void @empty_116, i32 0, i32 0, void @empty_154, i32 0, i32 0, void @empty_154, void @empty_154, void @empty_154, i32 0, i32 0, i32 0, i32 0, void @empty_154, void @empty_115, i32 4294967295, i32 0"   --->   Operation 80 'specinterface' 'specinterface_ln0' <Predicate = true> <Delay = 0.00>
ST_2 : Operation 81 [1/1] (0.00ns)   --->   "%specinterface_ln0 = specinterface void @_ssdm_op_SpecInterface, i64 %conv3_weights, void @empty_159, i32 0, i32 0, void @empty_154, i32 0, i32 0, void @empty, void @empty_121, void @empty_154, i32 0, i32 0, i32 0, i32 0, void @empty_154, void @empty_115, i32 4294967295, i32 0"   --->   Operation 81 'specinterface' 'specinterface_ln0' <Predicate = true> <Delay = 0.00>
ST_2 : Operation 82 [1/1] (0.00ns)   --->   "%specinterface_ln0 = specinterface void @_ssdm_op_SpecInterface, i64 %conv3_weights, void @empty_116, i32 0, i32 0, void @empty_154, i32 0, i32 0, void @empty_154, void @empty_154, void @empty_154, i32 0, i32 0, i32 0, i32 0, void @empty_154, void @empty_115, i32 4294967295, i32 0"   --->   Operation 82 'specinterface' 'specinterface_ln0' <Predicate = true> <Delay = 0.00>
ST_2 : Operation 83 [1/1] (0.00ns)   --->   "%specinterface_ln0 = specinterface void @_ssdm_op_SpecInterface, i64 %conv3_biases, void @empty_159, i32 0, i32 0, void @empty_154, i32 0, i32 0, void @empty, void @empty_175, void @empty_154, i32 0, i32 0, i32 0, i32 0, void @empty_154, void @empty_115, i32 4294967295, i32 0"   --->   Operation 83 'specinterface' 'specinterface_ln0' <Predicate = true> <Delay = 0.00>
ST_2 : Operation 84 [1/1] (0.00ns)   --->   "%specinterface_ln0 = specinterface void @_ssdm_op_SpecInterface, i64 %conv3_biases, void @empty_116, i32 0, i32 0, void @empty_154, i32 0, i32 0, void @empty_154, void @empty_154, void @empty_154, i32 0, i32 0, i32 0, i32 0, void @empty_154, void @empty_115, i32 4294967295, i32 0"   --->   Operation 84 'specinterface' 'specinterface_ln0' <Predicate = true> <Delay = 0.00>
ST_2 : Operation 85 [1/1] (0.00ns)   --->   "%specinterface_ln0 = specinterface void @_ssdm_op_SpecInterface, i64 %output_ftmap, void @empty_159, i32 0, i32 0, void @empty_154, i32 0, i32 0, void @empty, void @empty_151, void @empty_154, i32 0, i32 0, i32 0, i32 0, void @empty_154, void @empty_115, i32 4294967295, i32 0"   --->   Operation 85 'specinterface' 'specinterface_ln0' <Predicate = true> <Delay = 0.00>
ST_2 : Operation 86 [1/1] (0.00ns)   --->   "%specinterface_ln0 = specinterface void @_ssdm_op_SpecInterface, i64 %output_ftmap, void @empty_116, i32 0, i32 0, void @empty_154, i32 0, i32 0, void @empty_154, void @empty_154, void @empty_154, i32 0, i32 0, i32 0, i32 0, void @empty_154, void @empty_115, i32 4294967295, i32 0"   --->   Operation 86 'specinterface' 'specinterface_ln0' <Predicate = true> <Delay = 0.00>
ST_2 : Operation 87 [1/1] (0.00ns)   --->   "%specinterface_ln0 = specinterface void @_ssdm_op_SpecInterface, i32 0, void @empty_159, i32 0, i32 0, void @empty_154, i32 0, i32 0, void @empty, void @empty_154, void @empty_154, i32 0, i32 0, i32 0, i32 0, void @empty_154, void @empty_154, i32 4294967295, i32 0"   --->   Operation 87 'specinterface' 'specinterface_ln0' <Predicate = true> <Delay = 0.00>
ST_2 : Operation 88 [1/2] (0.00ns)   --->   "%call_ln43 = call void @conv1, i32 %gmem_in, i64 %input_ftmap_read, i32 %gmem_wgt, i64 %conv1_weights_read, i64 %conv1_biases_read, i32 %bias, i32 %compute_stage_hls_stream_TileDesc_0_hls_stream_float_0_hls_stream_float_0_hls_stream_float_0_hls_stream_TileDesc_0_hls_stream_float_0_in_ti_4, i32 %compute_stage_hls_stream_TileDesc_0_hls_stream_float_0_hls_stream_float_0_hls_stream_float_0_hls_stream_TileDesc_0_hls_stream_float_0_in_ti_4_0, i32 %compute_stage_hls_stream_TileDesc_0_hls_stream_float_0_hls_stream_float_0_hls_stream_float_0_hls_stream_TileDesc_0_hls_stream_float_0_in_ti_4_1, i32 %compute_stage_hls_stream_TileDesc_0_hls_stream_float_0_hls_stream_float_0_hls_stream_float_0_hls_stream_TileDesc_0_hls_stream_float_0_in_ti_4_2, i32 %compute_stage_hls_stream_TileDesc_0_hls_stream_float_0_hls_stream_float_0_hls_stream_float_0_hls_stream_TileDesc_0_hls_stream_float_0_in_ti_4_3, i32 %compute_stage_hls_stream_TileDesc_0_hls_stream_float_0_hls_stream_float_0_hls_stream_float_0_hls_stream_TileDesc_0_hls_stream_float_0_in_ti_3, i32 %compute_stage_hls_stream_TileDesc_0_hls_stream_float_0_hls_stream_float_0_hls_stream_float_0_hls_stream_TileDesc_0_hls_stream_float_0_in_ti_3_5, i32 %compute_stage_hls_stream_TileDesc_0_hls_stream_float_0_hls_stream_float_0_hls_stream_float_0_hls_stream_TileDesc_0_hls_stream_float_0_in_ti_3_6, i32 %compute_stage_hls_stream_TileDesc_0_hls_stream_float_0_hls_stream_float_0_hls_stream_float_0_hls_stream_TileDesc_0_hls_stream_float_0_in_ti_3_7, i32 %compute_stage_hls_stream_TileDesc_0_hls_stream_float_0_hls_stream_float_0_hls_stream_float_0_hls_stream_TileDesc_0_hls_stream_float_0_in_ti_3_8, i32 %compute_stage_hls_stream_TileDesc_0_hls_stream_float_0_hls_stream_float_0_hls_stream_float_0_hls_stream_TileDesc_0_hls_stream_float_0_in_ti_3_9, i32 %compute_stage_hls_stream_TileDesc_0_hls_stream_float_0_hls_stream_float_0_hls_stream_float_0_hls_stream_TileDesc_0_hls_stream_float_0_in_ti_3_10, i32 %compute_stage_hls_stream_TileDesc_0_hls_stream_float_0_hls_stream_float_0_hls_stream_float_0_hls_stream_TileDesc_0_hls_stream_float_0_in_ti_3_11, i32 %compute_stage_hls_stream_TileDesc_0_hls_stream_float_0_hls_stream_float_0_hls_stream_float_0_hls_stream_TileDesc_0_hls_stream_float_0_in_ti_3_12, i32 %compute_stage_hls_stream_TileDesc_0_hls_stream_float_0_hls_stream_float_0_hls_stream_float_0_hls_stream_TileDesc_0_hls_stream_float_0_in_ti_3_13, i32 %compute_stage_hls_stream_TileDesc_0_hls_stream_float_0_hls_stream_float_0_hls_stream_float_0_hls_stream_TileDesc_0_hls_stream_float_0_in_ti_2, i32 %compute_stage_hls_stream_TileDesc_0_hls_stream_float_0_hls_stream_float_0_hls_stream_float_0_hls_stream_TileDesc_0_hls_stream_float_0_in_ti_2_15, i32 %compute_stage_hls_stream_TileDesc_0_hls_stream_float_0_hls_stream_float_0_hls_stream_float_0_hls_stream_TileDesc_0_hls_stream_float_0_in_ti_2_16, i32 %compute_stage_hls_stream_TileDesc_0_hls_stream_float_0_hls_stream_float_0_hls_stream_float_0_hls_stream_TileDesc_0_hls_stream_float_0_in_ti_2_17, i32 %compute_stage_hls_stream_TileDesc_0_hls_stream_float_0_hls_stream_float_0_hls_stream_float_0_hls_stream_TileDesc_0_hls_stream_float_0_in_ti_2_18, i32 %compute_stage_hls_stream_TileDesc_0_hls_stream_float_0_hls_stream_float_0_hls_stream_float_0_hls_stream_TileDesc_0_hls_stream_float_0_in_ti_2_19, i32 %compute_stage_hls_stream_TileDesc_0_hls_stream_float_0_hls_stream_float_0_hls_stream_float_0_hls_stream_TileDesc_0_hls_stream_float_0_in_ti_2_20, i32 %compute_stage_hls_stream_TileDesc_0_hls_stream_float_0_hls_stream_float_0_hls_stream_float_0_hls_stream_TileDesc_0_hls_stream_float_0_in_ti_2_21, i32 %compute_stage_hls_stream_TileDesc_0_hls_stream_float_0_hls_stream_float_0_hls_stream_float_0_hls_stream_TileDesc_0_hls_stream_float_0_in_ti_2_22, i32 %compute_stage_hls_stream_TileDesc_0_hls_stream_float_0_hls_stream_float_0_hls_stream_float_0_hls_stream_TileDesc_0_hls_stream_float_0_in_ti_2_23, i32 %compute_stage_hls_stream_TileDesc_0_hls_stream_float_0_hls_stream_float_0_hls_stream_float_0_hls_stream_TileDesc_0_hls_stream_float_0_in_ti_1, i32 %compute_stage_hls_stream_TileDesc_0_hls_stream_float_0_hls_stream_float_0_hls_stream_float_0_hls_stream_TileDesc_0_hls_stream_float_0_in_ti_1_25, i32 %compute_stage_hls_stream_TileDesc_0_hls_stream_float_0_hls_stream_float_0_hls_stream_float_0_hls_stream_TileDesc_0_hls_stream_float_0_in_ti_1_26, i32 %compute_stage_hls_stream_TileDesc_0_hls_stream_float_0_hls_stream_float_0_hls_stream_float_0_hls_stream_TileDesc_0_hls_stream_float_0_in_ti_1_27, i32 %compute_stage_hls_stream_TileDesc_0_hls_stream_float_0_hls_stream_float_0_hls_stream_float_0_hls_stream_TileDesc_0_hls_stream_float_0_in_ti_1_28, i32 %compute_stage_hls_stream_TileDesc_0_hls_stream_float_0_hls_stream_float_0_hls_stream_float_0_hls_stream_TileDesc_0_hls_stream_float_0_in_ti_1_29, i32 %compute_stage_hls_stream_TileDesc_0_hls_stream_float_0_hls_stream_float_0_hls_stream_float_0_hls_stream_TileDesc_0_hls_stream_float_0_in_ti_1_30, i32 %compute_stage_hls_stream_TileDesc_0_hls_stream_float_0_hls_stream_float_0_hls_stream_float_0_hls_stream_TileDesc_0_hls_stream_float_0_in_ti_1_31, i32 %compute_stage_hls_stream_TileDesc_0_hls_stream_float_0_hls_stream_float_0_hls_stream_float_0_hls_stream_TileDesc_0_hls_stream_float_0_in_ti_1_32, i32 %compute_stage_hls_stream_TileDesc_0_hls_stream_float_0_hls_stream_float_0_hls_stream_float_0_hls_stream_TileDesc_0_hls_stream_float_0_in_ti_1_33, i32 %compute_stage_hls_stream_TileDesc_0_hls_stream_float_0_hls_stream_float_0_hls_stream_float_0_hls_stream_TileDesc_0_hls_stream_float_0_in_ti_9, i32 %compute_stage_hls_stream_TileDesc_0_hls_stream_float_0_hls_stream_float_0_hls_stream_float_0_hls_stream_TileDesc_0_hls_stream_float_0_in_ti_8, i32 %compute_stage_hls_stream_TileDesc_0_hls_stream_float_0_hls_stream_float_0_hls_stream_float_0_hls_stream_TileDesc_0_hls_stream_float_0_in_ti_7, i32 %compute_stage_hls_stream_TileDesc_0_hls_stream_float_0_hls_stream_float_0_hls_stream_float_0_hls_stream_TileDesc_0_hls_stream_float_0_in_ti_6, i32 %compute_stage_hls_stream_TileDesc_0_hls_stream_float_0_hls_stream_float_0_hls_stream_float_0_hls_stream_TileDesc_0_hls_stream_float_0_in_ti_5, i32 %compute_stage_hls_stream_TileDesc_0_hls_stream_float_0_hls_stream_float_0_hls_stream_float_0_hls_stream_TileDesc_0_hls_stream_float_0_in_ti_4_4, i32 %compute_stage_hls_stream_TileDesc_0_hls_stream_float_0_hls_stream_float_0_hls_stream_float_0_hls_stream_TileDesc_0_hls_stream_float_0_in_ti_3_14, i32 %compute_stage_hls_stream_TileDesc_0_hls_stream_float_0_hls_stream_float_0_hls_stream_float_0_hls_stream_TileDesc_0_hls_stream_float_0_in_ti_2_24, i32 %compute_stage_hls_stream_TileDesc_0_hls_stream_float_0_hls_stream_float_0_hls_stream_float_0_hls_stream_TileDesc_0_hls_stream_float_0_in_ti_1_34, i32 %p_ZZL13compute_stageRN3hls6streamI8TileDescLi0EEERNS0_IfLi0EEES5_S5_S3_S5_E7in_ti, i32 %compute_stage_hls_stream_TileDesc_0_hls_stream_float_0_hls_stream_float_0_hls_stream_float_0_hls_stream_TileDesc_0_hls_stream_float_0_w_til_s_35, i32 %compute_stage_hls_stream_TileDesc_0_hls_stream_float_0_hls_stream_float_0_hls_stream_float_0_hls_stream_TileDesc_0_hls_stream_float_0_w_til_s_37, i32 %compute_stage_hls_stream_TileDesc_0_hls_stream_float_0_hls_stream_float_0_hls_stream_float_0_hls_stream_TileDesc_0_hls_stream_float_0_w_til_s_38, i32 %compute_stage_hls_stream_TileDesc_0_hls_stream_float_0_hls_stream_float_0_hls_stream_float_0_hls_stream_TileDesc_0_hls_stream_float_0_w_til_s_39, i32 %compute_stage_hls_stream_TileDesc_0_hls_stream_float_0_hls_stream_float_0_hls_stream_float_0_hls_stream_TileDesc_0_hls_stream_float_0_w_til_s_40, i32 %compute_stage_hls_stream_TileDesc_0_hls_stream_float_0_hls_stream_float_0_hls_stream_float_0_hls_stream_TileDesc_0_hls_stream_float_0_w_til_s_41, i32 %compute_stage_hls_stream_TileDesc_0_hls_stream_float_0_hls_stream_float_0_hls_stream_float_0_hls_stream_TileDesc_0_hls_stream_float_0_w_til_s_42, i32 %compute_stage_hls_stream_TileDesc_0_hls_stream_float_0_hls_stream_float_0_hls_stream_float_0_hls_stream_TileDesc_0_hls_stream_float_0_w_til_s_43, i32 %compute_stage_hls_stream_TileDesc_0_hls_stream_float_0_hls_stream_float_0_hls_stream_float_0_hls_stream_TileDesc_0_hls_stream_float_0_w_til_s_44, i32 %compute_stage_hls_stream_TileDesc_0_hls_stream_float_0_hls_stream_float_0_hls_stream_float_0_hls_stream_TileDesc_0_hls_stream_float_0_w_til_s_45, i32 %compute_stage_hls_stream_TileDesc_0_hls_stream_float_0_hls_stream_float_0_hls_stream_float_0_hls_stream_TileDesc_0_hls_stream_float_0_w_til_s_46, i32 %compute_stage_hls_stream_TileDesc_0_hls_stream_float_0_hls_stream_float_0_hls_stream_float_0_hls_stream_TileDesc_0_hls_stream_float_0_w_til_s_48, i32 %compute_stage_hls_stream_TileDesc_0_hls_stream_float_0_hls_stream_float_0_hls_stream_float_0_hls_stream_TileDesc_0_hls_stream_float_0_w_til_s_49, i32 %compute_stage_hls_stream_TileDesc_0_hls_stream_float_0_hls_stream_float_0_hls_stream_float_0_hls_stream_TileDesc_0_hls_stream_float_0_w_til_s_50, i32 %compute_stage_hls_stream_TileDesc_0_hls_stream_float_0_hls_stream_float_0_hls_stream_float_0_hls_stream_TileDesc_0_hls_stream_float_0_w_til_s_51, i32 %compute_stage_hls_stream_TileDesc_0_hls_stream_float_0_hls_stream_float_0_hls_stream_float_0_hls_stream_TileDesc_0_hls_stream_float_0_w_til_s_52, i32 %compute_stage_hls_stream_TileDesc_0_hls_stream_float_0_hls_stream_float_0_hls_stream_float_0_hls_stream_TileDesc_0_hls_stream_float_0_w_til_s_53, i32 %compute_stage_hls_stream_TileDesc_0_hls_stream_float_0_hls_stream_float_0_hls_stream_float_0_hls_stream_TileDesc_0_hls_stream_float_0_w_til_s_54, i32 %compute_stage_hls_stream_TileDesc_0_hls_stream_float_0_hls_stream_float_0_hls_stream_float_0_hls_stream_TileDesc_0_hls_stream_float_0_w_til_s_55, i32 %compute_stage_hls_stream_TileDesc_0_hls_stream_float_0_hls_stream_float_0_hls_stream_float_0_hls_stream_TileDesc_0_hls_stream_float_0_w_til_s_56, i32 %compute_stage_hls_stream_TileDesc_0_hls_stream_float_0_hls_stream_float_0_hls_stream_float_0_hls_stream_TileDesc_0_hls_stream_float_0_w_til_s_57, i32 %compute_stage_hls_stream_TileDesc_0_hls_stream_float_0_hls_stream_float_0_hls_stream_float_0_hls_stream_TileDesc_0_hls_stream_float_0_w_til_s_59, i32 %compute_stage_hls_stream_TileDesc_0_hls_stream_float_0_hls_stream_float_0_hls_stream_float_0_hls_stream_TileDesc_0_hls_stream_float_0_w_til_s_60, i32 %compute_stage_hls_stream_TileDesc_0_hls_stream_float_0_hls_stream_float_0_hls_stream_float_0_hls_stream_TileDesc_0_hls_stream_float_0_w_til_s_61, i32 %compute_stage_hls_stream_TileDesc_0_hls_stream_float_0_hls_stream_float_0_hls_stream_float_0_hls_stream_TileDesc_0_hls_stream_float_0_w_til_s_62, i32 %compute_stage_hls_stream_TileDesc_0_hls_stream_float_0_hls_stream_float_0_hls_stream_float_0_hls_stream_TileDesc_0_hls_stream_float_0_w_til_s_63, i32 %compute_stage_hls_stream_TileDesc_0_hls_stream_float_0_hls_stream_float_0_hls_stream_float_0_hls_stream_TileDesc_0_hls_stream_float_0_w_til_s_64, i32 %compute_stage_hls_stream_TileDesc_0_hls_stream_float_0_hls_stream_float_0_hls_stream_float_0_hls_stream_TileDesc_0_hls_stream_float_0_w_til_s_65, i32 %compute_stage_hls_stream_TileDesc_0_hls_stream_float_0_hls_stream_float_0_hls_stream_float_0_hls_stream_TileDesc_0_hls_stream_float_0_w_til_s_66, i32 %compute_stage_hls_stream_TileDesc_0_hls_stream_float_0_hls_stream_float_0_hls_stream_float_0_hls_stream_TileDesc_0_hls_stream_float_0_w_til_s_67, i32 %compute_stage_hls_stream_TileDesc_0_hls_stream_float_0_hls_stream_float_0_hls_stream_float_0_hls_stream_TileDesc_0_hls_stream_float_0_w_til_s_68, i32 %compute_stage_hls_stream_TileDesc_0_hls_stream_float_0_hls_stream_float_0_hls_stream_float_0_hls_stream_TileDesc_0_hls_stream_float_0_w_til_s_70, i32 %compute_stage_hls_stream_TileDesc_0_hls_stream_float_0_hls_stream_float_0_hls_stream_float_0_hls_stream_TileDesc_0_hls_stream_float_0_w_til_s_71, i32 %compute_stage_hls_stream_TileDesc_0_hls_stream_float_0_hls_stream_float_0_hls_stream_float_0_hls_stream_TileDesc_0_hls_stream_float_0_w_til_s_72, i32 %compute_stage_hls_stream_TileDesc_0_hls_stream_float_0_hls_stream_float_0_hls_stream_float_0_hls_stream_TileDesc_0_hls_stream_float_0_w_til_s_73, i32 %compute_stage_hls_stream_TileDesc_0_hls_stream_float_0_hls_stream_float_0_hls_stream_float_0_hls_stream_TileDesc_0_hls_stream_float_0_w_til_s_74, i32 %compute_stage_hls_stream_TileDesc_0_hls_stream_float_0_hls_stream_float_0_hls_stream_float_0_hls_stream_TileDesc_0_hls_stream_float_0_w_til_s_75, i32 %compute_stage_hls_stream_TileDesc_0_hls_stream_float_0_hls_stream_float_0_hls_stream_float_0_hls_stream_TileDesc_0_hls_stream_float_0_w_til_s_76, i32 %compute_stage_hls_stream_TileDesc_0_hls_stream_float_0_hls_stream_float_0_hls_stream_float_0_hls_stream_TileDesc_0_hls_stream_float_0_w_til_s_77, i32 %compute_stage_hls_stream_TileDesc_0_hls_stream_float_0_hls_stream_float_0_hls_stream_float_0_hls_stream_TileDesc_0_hls_stream_float_0_w_til_s_78, i32 %compute_stage_hls_stream_TileDesc_0_hls_stream_float_0_hls_stream_float_0_hls_stream_float_0_hls_stream_TileDesc_0_hls_stream_float_0_w_til_s_79, i32 %compute_stage_hls_stream_TileDesc_0_hls_stream_float_0_hls_stream_float_0_hls_stream_float_0_hls_stream_TileDesc_0_hls_stream_float_0_w_til_s_81, i32 %compute_stage_hls_stream_TileDesc_0_hls_stream_float_0_hls_stream_float_0_hls_stream_float_0_hls_stream_TileDesc_0_hls_stream_float_0_w_til_s_82, i32 %compute_stage_hls_stream_TileDesc_0_hls_stream_float_0_hls_stream_float_0_hls_stream_float_0_hls_stream_TileDesc_0_hls_stream_float_0_w_til_s_83, i32 %compute_stage_hls_stream_TileDesc_0_hls_stream_float_0_hls_stream_float_0_hls_stream_float_0_hls_stream_TileDesc_0_hls_stream_float_0_w_til_s_84, i32 %compute_stage_hls_stream_TileDesc_0_hls_stream_float_0_hls_stream_float_0_hls_stream_float_0_hls_stream_TileDesc_0_hls_stream_float_0_w_til_s_85, i32 %compute_stage_hls_stream_TileDesc_0_hls_stream_float_0_hls_stream_float_0_hls_stream_float_0_hls_stream_TileDesc_0_hls_stream_float_0_w_til_s_86, i32 %compute_stage_hls_stream_TileDesc_0_hls_stream_float_0_hls_stream_float_0_hls_stream_float_0_hls_stream_TileDesc_0_hls_stream_float_0_w_til_s_87, i32 %compute_stage_hls_stream_TileDesc_0_hls_stream_float_0_hls_stream_float_0_hls_stream_float_0_hls_stream_TileDesc_0_hls_stream_float_0_w_til_s_88, i32 %compute_stage_hls_stream_TileDesc_0_hls_stream_float_0_hls_stream_float_0_hls_stream_float_0_hls_stream_TileDesc_0_hls_stream_float_0_w_til_s_89, i32 %compute_stage_hls_stream_TileDesc_0_hls_stream_float_0_hls_stream_float_0_hls_stream_float_0_hls_stream_TileDesc_0_hls_stream_float_0_w_til_s_90, i32 %compute_stage_hls_stream_TileDesc_0_hls_stream_float_0_hls_stream_float_0_hls_stream_float_0_hls_stream_TileDesc_0_hls_stream_float_0_w_til_s_92, i32 %compute_stage_hls_stream_TileDesc_0_hls_stream_float_0_hls_stream_float_0_hls_stream_float_0_hls_stream_TileDesc_0_hls_stream_float_0_w_til_s_93, i32 %compute_stage_hls_stream_TileDesc_0_hls_stream_float_0_hls_stream_float_0_hls_stream_float_0_hls_stream_TileDesc_0_hls_stream_float_0_w_til_s_94, i32 %compute_stage_hls_stream_TileDesc_0_hls_stream_float_0_hls_stream_float_0_hls_stream_float_0_hls_stream_TileDesc_0_hls_stream_float_0_w_til_s_95, i32 %compute_stage_hls_stream_TileDesc_0_hls_stream_float_0_hls_stream_float_0_hls_stream_float_0_hls_stream_TileDesc_0_hls_stream_float_0_w_til_s_96, i32 %compute_stage_hls_stream_TileDesc_0_hls_stream_float_0_hls_stream_float_0_hls_stream_float_0_hls_stream_TileDesc_0_hls_stream_float_0_w_til_s_97, i32 %compute_stage_hls_stream_TileDesc_0_hls_stream_float_0_hls_stream_float_0_hls_stream_float_0_hls_stream_TileDesc_0_hls_stream_float_0_w_til_s_98, i32 %compute_stage_hls_stream_TileDesc_0_hls_stream_float_0_hls_stream_float_0_hls_stream_float_0_hls_stream_TileDesc_0_hls_stream_float_0_w_til_s_99, i32 %compute_stage_hls_stream_TileDesc_0_hls_stream_float_0_hls_stream_float_0_hls_stream_float_0_hls_stream_TileDesc_0_hls_stream_float_0_w_til_s_100, i32 %compute_stage_hls_stream_TileDesc_0_hls_stream_float_0_hls_stream_float_0_hls_stream_float_0_hls_stream_TileDesc_0_hls_stream_float_0_w_til_s_101, i32 %compute_stage_hls_stream_TileDesc_0_hls_stream_float_0_hls_stream_float_0_hls_stream_float_0_hls_stream_TileDesc_0_hls_stream_float_0_w_til_s_103, i32 %compute_stage_hls_stream_TileDesc_0_hls_stream_float_0_hls_stream_float_0_hls_stream_float_0_hls_stream_TileDesc_0_hls_stream_float_0_w_til_s_104, i32 %compute_stage_hls_stream_TileDesc_0_hls_stream_float_0_hls_stream_float_0_hls_stream_float_0_hls_stream_TileDesc_0_hls_stream_float_0_w_til_s_105, i32 %compute_stage_hls_stream_TileDesc_0_hls_stream_float_0_hls_stream_float_0_hls_stream_float_0_hls_stream_TileDesc_0_hls_stream_float_0_w_til_s_106, i32 %compute_stage_hls_stream_TileDesc_0_hls_stream_float_0_hls_stream_float_0_hls_stream_float_0_hls_stream_TileDesc_0_hls_stream_float_0_w_til_s_107, i32 %compute_stage_hls_stream_TileDesc_0_hls_stream_float_0_hls_stream_float_0_hls_stream_float_0_hls_stream_TileDesc_0_hls_stream_float_0_w_til_s_108, i32 %compute_stage_hls_stream_TileDesc_0_hls_stream_float_0_hls_stream_float_0_hls_stream_float_0_hls_stream_TileDesc_0_hls_stream_float_0_w_til_s_109, i32 %compute_stage_hls_stream_TileDesc_0_hls_stream_float_0_hls_stream_float_0_hls_stream_float_0_hls_stream_TileDesc_0_hls_stream_float_0_w_til_s_110, i32 %compute_stage_hls_stream_TileDesc_0_hls_stream_float_0_hls_stream_float_0_hls_stream_float_0_hls_stream_TileDesc_0_hls_stream_float_0_w_til_s_111, i32 %compute_stage_hls_stream_TileDesc_0_hls_stream_float_0_hls_stream_float_0_hls_stream_float_0_hls_stream_TileDesc_0_hls_stream_float_0_w_til_s_112, i32 %compute_stage_hls_stream_TileDesc_0_hls_stream_float_0_hls_stream_float_0_hls_stream_float_0_hls_stream_TileDesc_0_hls_stream_float_0_w_til_s, i32 %compute_stage_hls_stream_TileDesc_0_hls_stream_float_0_hls_stream_float_0_hls_stream_float_0_hls_stream_TileDesc_0_hls_stream_float_0_w_til_s_36, i32 %compute_stage_hls_stream_TileDesc_0_hls_stream_float_0_hls_stream_float_0_hls_stream_float_0_hls_stream_TileDesc_0_hls_stream_float_0_w_til_s_47, i32 %compute_stage_hls_stream_TileDesc_0_hls_stream_float_0_hls_stream_float_0_hls_stream_float_0_hls_stream_TileDesc_0_hls_stream_float_0_w_til_s_58, i32 %compute_stage_hls_stream_TileDesc_0_hls_stream_float_0_hls_stream_float_0_hls_stream_float_0_hls_stream_TileDesc_0_hls_stream_float_0_w_til_s_69, i32 %compute_stage_hls_stream_TileDesc_0_hls_stream_float_0_hls_stream_float_0_hls_stream_float_0_hls_stream_TileDesc_0_hls_stream_float_0_w_til_s_80, i32 %compute_stage_hls_stream_TileDesc_0_hls_stream_float_0_hls_stream_float_0_hls_stream_float_0_hls_stream_TileDesc_0_hls_stream_float_0_w_til_s_91, i32 %compute_stage_hls_stream_TileDesc_0_hls_stream_float_0_hls_stream_float_0_hls_stream_float_0_hls_stream_TileDesc_0_hls_stream_float_0_w_til_s_102, i32 %compute_stage_hls_stream_TileDesc_0_hls_stream_float_0_hls_stream_float_0_hls_stream_float_0_hls_stream_TileDesc_0_hls_stream_float_0_w_til_s_113, i32 %p_ZZL13compute_stageRN3hls6streamI8TileDescLi0EEERNS0_IfLi0EEES5_S5_S3_S5_E6w_til, i32 %feat1" [src/srcnn.cpp:43]   --->   Operation 88 'call' 'call_ln43' <Predicate = true> <Delay = 0.00> <CoreType = "Generic">   --->   Core 0 '' <Latency = 0> <II = 1> <Delay = 1.00> <Generic> <Opcode : >
ST_2 : Operation 89 [1/1] (0.00ns)   --->   "%br_ln44 = br void %VITIS_LOOP_45_2" [src/srcnn.cpp:44]   --->   Operation 89 'br' 'br_ln44' <Predicate = true> <Delay = 0.00>

State 3 <SV = 2> <Delay = 1.20>
ST_3 : Operation 90 [1/1] (0.00ns)   --->   "%c_2 = load i7 %c" [src/srcnn.cpp:44]   --->   Operation 90 'load' 'c_2' <Predicate = true> <Delay = 0.00>
ST_3 : Operation 91 [1/1] (0.00ns)   --->   "%zext_ln47 = zext i7 %c_2" [src/srcnn.cpp:47]   --->   Operation 91 'zext' 'zext_ln47' <Predicate = true> <Delay = 0.00>
ST_3 : Operation 92 [1/1] (0.00ns)   --->   "%tmp_2 = bitconcatenate i15 @_ssdm_op_BitConcatenate.i15.i7.i8, i7 %c_2, i8 0" [src/srcnn.cpp:47]   --->   Operation 92 'bitconcatenate' 'tmp_2' <Predicate = true> <Delay = 0.00>
ST_3 : Operation 93 [1/1] (0.00ns)   --->   "%zext_ln47_1 = zext i15 %tmp_2" [src/srcnn.cpp:47]   --->   Operation 93 'zext' 'zext_ln47_1' <Predicate = true> <Delay = 0.00>
ST_3 : Operation 94 [1/1] (0.84ns)   --->   "%sub_ln47 = sub i16 %zext_ln47_1, i16 %zext_ln47" [src/srcnn.cpp:47]   --->   Operation 94 'sub' 'sub_ln47' <Predicate = true> <Delay = 0.84> <CoreInst = "Adder">   --->   Core 1 'Adder' <Latency = 0> <II = 1> <Delay = 0.84> <FuncUnit> <Opcode : 'add' 'sub'> <InPorts = 2> <OutPorts = 1>
ST_3 : Operation 95 [1/1] (0.00ns)   --->   "%sext_ln44 = sext i16 %sub_ln47" [src/srcnn.cpp:44]   --->   Operation 95 'sext' 'sext_ln44' <Predicate = true> <Delay = 0.00>
ST_3 : Operation 96 [1/1] (0.77ns)   --->   "%icmp_ln44 = icmp_eq  i7 %c_2, i7 64" [src/srcnn.cpp:44]   --->   Operation 96 'icmp' 'icmp_ln44' <Predicate = true> <Delay = 0.77> <CoreInst = "Cmp">   --->   Core 9 'Cmp' <Latency = 0> <II = 1> <Delay = 0.77> <FuncUnit> <Opcode : 'icmp'> <InPorts = 2> <OutPorts = 1>
ST_3 : Operation 97 [1/1] (0.77ns)   --->   "%add_ln44 = add i7 %c_2, i7 1" [src/srcnn.cpp:44]   --->   Operation 97 'add' 'add_ln44' <Predicate = true> <Delay = 0.77> <CoreInst = "Adder">   --->   Core 1 'Adder' <Latency = 0> <II = 1> <Delay = 0.77> <FuncUnit> <Opcode : 'add' 'sub'> <InPorts = 2> <OutPorts = 1>
ST_3 : Operation 98 [1/1] (0.00ns)   --->   "%br_ln44 = br i1 %icmp_ln44, void %VITIS_LOOP_45_2.split, void %for.end25" [src/srcnn.cpp:44]   --->   Operation 98 'br' 'br_ln44' <Predicate = true> <Delay = 0.00>
ST_3 : Operation 99 [1/1] (0.00ns)   --->   "%speclooptripcount_ln44 = speclooptripcount void @_ssdm_op_SpecLoopTripCount, i64 64, i64 64, i64 64" [src/srcnn.cpp:44]   --->   Operation 99 'speclooptripcount' 'speclooptripcount_ln44' <Predicate = (!icmp_ln44)> <Delay = 0.00>
ST_3 : Operation 100 [1/1] (0.00ns)   --->   "%specloopname_ln44 = specloopname void @_ssdm_op_SpecLoopName, void @empty_142" [src/srcnn.cpp:44]   --->   Operation 100 'specloopname' 'specloopname_ln44' <Predicate = (!icmp_ln44)> <Delay = 0.00>
ST_3 : Operation 101 [1/1] (0.42ns)   --->   "%br_ln45 = br void %VITIS_LOOP_46_3" [src/srcnn.cpp:45]   --->   Operation 101 'br' 'br_ln45' <Predicate = (!icmp_ln44)> <Delay = 0.42>
ST_3 : Operation 102 [1/1] (0.00ns)   --->   "%oc = alloca i32 1"   --->   Operation 102 'alloca' 'oc' <Predicate = (icmp_ln44)> <Delay = 0.00>
ST_3 : Operation 103 [1/1] (0.00ns)   --->   "%trunc_ln = partselect i62 @_ssdm_op_PartSelect.i62.i64.i32.i32, i64 %conv2_biases_read, i32 2, i32 63" [src/conv2.cpp:17->src/srcnn.cpp:55]   --->   Operation 103 'partselect' 'trunc_ln' <Predicate = (icmp_ln44)> <Delay = 0.00>
ST_3 : Operation 104 [1/1] (0.00ns)   --->   "%sext_ln17 = sext i62 %trunc_ln" [src/conv2.cpp:17->src/srcnn.cpp:55]   --->   Operation 104 'sext' 'sext_ln17' <Predicate = (icmp_ln44)> <Delay = 0.00>
ST_3 : Operation 105 [1/1] (0.42ns)   --->   "%store_ln17 = store i6 0, i6 %oc" [src/conv2.cpp:17->src/srcnn.cpp:55]   --->   Operation 105 'store' 'store_ln17' <Predicate = (icmp_ln44)> <Delay = 0.42>
ST_3 : Operation 106 [1/1] (0.00ns)   --->   "%br_ln17 = br void %debug2.i" [src/conv2.cpp:17->src/srcnn.cpp:55]   --->   Operation 106 'br' 'br_ln17' <Predicate = (icmp_ln44)> <Delay = 0.00>

State 4 <SV = 3> <Delay = 1.76>
ST_4 : Operation 107 [1/1] (0.00ns)   --->   "%y = phi i8 %add_ln45, void %for.inc20, i8 0, void %VITIS_LOOP_45_2.split" [src/srcnn.cpp:45]   --->   Operation 107 'phi' 'y' <Predicate = true> <Delay = 0.00>
ST_4 : Operation 108 [1/1] (0.00ns)   --->   "%zext_ln47_2 = zext i8 %y" [src/srcnn.cpp:47]   --->   Operation 108 'zext' 'zext_ln47_2' <Predicate = true> <Delay = 0.00>
ST_4 : Operation 109 [1/1] (0.85ns)   --->   "%add_ln47 = add i17 %sext_ln44, i17 %zext_ln47_2" [src/srcnn.cpp:47]   --->   Operation 109 'add' 'add_ln47' <Predicate = true> <Delay = 0.85> <CoreInst = "Adder">   --->   Core 1 'Adder' <Latency = 0> <II = 1> <Delay = 0.85> <FuncUnit> <Opcode : 'add' 'sub'> <InPorts = 2> <OutPorts = 1>
ST_4 : Operation 110 [1/1] (0.00ns)   --->   "%sext_ln47 = sext i17 %add_ln47" [src/srcnn.cpp:47]   --->   Operation 110 'sext' 'sext_ln47' <Predicate = true> <Delay = 0.00>
ST_4 : Operation 111 [1/1] (0.00ns)   --->   "%trunc_ln47 = trunc i17 %add_ln47" [src/srcnn.cpp:47]   --->   Operation 111 'trunc' 'trunc_ln47' <Predicate = true> <Delay = 0.00>
ST_4 : Operation 112 [1/1] (0.00ns)   --->   "%p_shl1 = bitconcatenate i22 @_ssdm_op_BitConcatenate.i22.i14.i8, i14 %trunc_ln47, i8 0" [src/srcnn.cpp:47]   --->   Operation 112 'bitconcatenate' 'p_shl1' <Predicate = true> <Delay = 0.00>
ST_4 : Operation 113 [1/1] (0.91ns)   --->   "%sub_ln47_1 = sub i22 %p_shl1, i22 %sext_ln47" [src/srcnn.cpp:47]   --->   Operation 113 'sub' 'sub_ln47_1' <Predicate = true> <Delay = 0.91> <CoreInst = "Adder">   --->   Core 1 'Adder' <Latency = 0> <II = 1> <Delay = 0.91> <FuncUnit> <Opcode : 'add' 'sub'> <InPorts = 2> <OutPorts = 1>
ST_4 : Operation 114 [1/1] (0.76ns)   --->   "%icmp_ln45 = icmp_eq  i8 %y, i8 255" [src/srcnn.cpp:45]   --->   Operation 114 'icmp' 'icmp_ln45' <Predicate = true> <Delay = 0.76> <CoreInst = "Cmp">   --->   Core 9 'Cmp' <Latency = 0> <II = 1> <Delay = 0.76> <FuncUnit> <Opcode : 'icmp'> <InPorts = 2> <OutPorts = 1>
ST_4 : Operation 115 [1/1] (0.76ns)   --->   "%add_ln45 = add i8 %y, i8 1" [src/srcnn.cpp:45]   --->   Operation 115 'add' 'add_ln45' <Predicate = true> <Delay = 0.76> <CoreInst = "Adder">   --->   Core 1 'Adder' <Latency = 0> <II = 1> <Delay = 0.76> <FuncUnit> <Opcode : 'add' 'sub'> <InPorts = 2> <OutPorts = 1>
ST_4 : Operation 116 [1/1] (0.00ns)   --->   "%br_ln45 = br i1 %icmp_ln45, void %VITIS_LOOP_46_3.split, void %for.inc23" [src/srcnn.cpp:45]   --->   Operation 116 'br' 'br_ln45' <Predicate = true> <Delay = 0.00>
ST_4 : Operation 117 [1/1] (0.00ns)   --->   "%speclooptripcount_ln45 = speclooptripcount void @_ssdm_op_SpecLoopTripCount, i64 255, i64 255, i64 255" [src/srcnn.cpp:45]   --->   Operation 117 'speclooptripcount' 'speclooptripcount_ln45' <Predicate = (!icmp_ln45)> <Delay = 0.00>
ST_4 : Operation 118 [1/1] (0.00ns)   --->   "%specloopname_ln45 = specloopname void @_ssdm_op_SpecLoopName, void @empty_173" [src/srcnn.cpp:45]   --->   Operation 118 'specloopname' 'specloopname_ln45' <Predicate = (!icmp_ln45)> <Delay = 0.00>
ST_4 : Operation 119 [1/1] (0.42ns)   --->   "%br_ln46 = br void %for.body8" [src/srcnn.cpp:46]   --->   Operation 119 'br' 'br_ln46' <Predicate = (!icmp_ln45)> <Delay = 0.42>
ST_4 : Operation 120 [1/1] (0.42ns)   --->   "%store_ln44 = store i7 %add_ln44, i7 %c" [src/srcnn.cpp:44]   --->   Operation 120 'store' 'store_ln44' <Predicate = (icmp_ln45)> <Delay = 0.42>
ST_4 : Operation 121 [1/1] (0.00ns)   --->   "%br_ln44 = br void %VITIS_LOOP_45_2" [src/srcnn.cpp:44]   --->   Operation 121 'br' 'br_ln44' <Predicate = (icmp_ln45)> <Delay = 0.00>

State 5 <SV = 4> <Delay = 2.15>
ST_5 : Operation 122 [1/1] (0.00ns)   --->   "%x = phi i8 0, void %VITIS_LOOP_46_3.split, i8 %add_ln46, void %for.inc" [src/srcnn.cpp:46]   --->   Operation 122 'phi' 'x' <Predicate = true> <Delay = 0.00>
ST_5 : Operation 123 [1/1] (0.00ns)   --->   "%zext_ln47_3 = zext i8 %x" [src/srcnn.cpp:47]   --->   Operation 123 'zext' 'zext_ln47_3' <Predicate = true> <Delay = 0.00>
ST_5 : Operation 124 [1/1] (0.91ns)   --->   "%add_ln47_1 = add i22 %sub_ln47_1, i22 %zext_ln47_3" [src/srcnn.cpp:47]   --->   Operation 124 'add' 'add_ln47_1' <Predicate = true> <Delay = 0.91> <CoreInst = "Adder">   --->   Core 1 'Adder' <Latency = 0> <II = 1> <Delay = 0.91> <FuncUnit> <Opcode : 'add' 'sub'> <InPorts = 2> <OutPorts = 1>
ST_5 : Operation 125 [1/1] (0.00ns)   --->   "%zext_ln47_4 = zext i22 %add_ln47_1" [src/srcnn.cpp:47]   --->   Operation 125 'zext' 'zext_ln47_4' <Predicate = true> <Delay = 0.00>
ST_5 : Operation 126 [1/1] (0.00ns)   --->   "%feat1_addr = getelementptr i32 %feat1, i64 0, i64 %zext_ln47_4" [src/srcnn.cpp:47]   --->   Operation 126 'getelementptr' 'feat1_addr' <Predicate = true> <Delay = 0.00>
ST_5 : Operation 127 [1/1] (0.76ns)   --->   "%icmp_ln46 = icmp_eq  i8 %x, i8 255" [src/srcnn.cpp:46]   --->   Operation 127 'icmp' 'icmp_ln46' <Predicate = true> <Delay = 0.76> <CoreInst = "Cmp">   --->   Core 9 'Cmp' <Latency = 0> <II = 1> <Delay = 0.76> <FuncUnit> <Opcode : 'icmp'> <InPorts = 2> <OutPorts = 1>
ST_5 : Operation 128 [1/1] (0.76ns)   --->   "%add_ln46 = add i8 %x, i8 1" [src/srcnn.cpp:46]   --->   Operation 128 'add' 'add_ln46' <Predicate = true> <Delay = 0.76> <CoreInst = "Adder">   --->   Core 1 'Adder' <Latency = 0> <II = 1> <Delay = 0.76> <FuncUnit> <Opcode : 'add' 'sub'> <InPorts = 2> <OutPorts = 1>
ST_5 : Operation 129 [1/1] (0.00ns)   --->   "%br_ln46 = br i1 %icmp_ln46, void %for.body8.split, void %for.inc20" [src/srcnn.cpp:46]   --->   Operation 129 'br' 'br_ln46' <Predicate = true> <Delay = 0.00>
ST_5 : Operation 130 [2/2] (1.23ns)   --->   "%feat1_load = load i22 %feat1_addr" [src/srcnn.cpp:47]   --->   Operation 130 'load' 'feat1_load' <Predicate = (!icmp_ln46)> <Delay = 1.23> <CoreInst = "RAM">   --->   Core 83 'RAM' <Latency = 1> <II = 1> <Delay = 1.23> <Storage> <Opcode : 'load' 'store'> <Ports = 2> <Width = 32> <Depth = 4161600> <RAM>
ST_5 : Operation 131 [1/1] (0.00ns)   --->   "%br_ln45 = br void %VITIS_LOOP_46_3" [src/srcnn.cpp:45]   --->   Operation 131 'br' 'br_ln45' <Predicate = (icmp_ln46)> <Delay = 0.00>

State 6 <SV = 5> <Delay = 4.01>
ST_6 : Operation 132 [1/2] (1.23ns)   --->   "%feat1_load = load i22 %feat1_addr" [src/srcnn.cpp:47]   --->   Operation 132 'load' 'feat1_load' <Predicate = true> <Delay = 1.23> <CoreInst = "RAM">   --->   Core 83 'RAM' <Latency = 1> <II = 1> <Delay = 1.23> <Storage> <Opcode : 'load' 'store'> <Ports = 2> <Width = 32> <Depth = 4161600> <RAM>
ST_6 : Operation 133 [1/1] (0.00ns)   --->   "%bitcast_ln47 = bitcast i32 %feat1_load" [src/srcnn.cpp:47]   --->   Operation 133 'bitcast' 'bitcast_ln47' <Predicate = true> <Delay = 0.00>
ST_6 : Operation 134 [1/1] (0.00ns)   --->   "%tmp = partselect i8 @_ssdm_op_PartSelect.i8.i32.i32.i32, i32 %bitcast_ln47, i32 23, i32 30" [src/srcnn.cpp:47]   --->   Operation 134 'partselect' 'tmp' <Predicate = true> <Delay = 0.00>
ST_6 : Operation 135 [1/1] (0.00ns)   --->   "%trunc_ln47_1 = trunc i32 %bitcast_ln47" [src/srcnn.cpp:47]   --->   Operation 135 'trunc' 'trunc_ln47_1' <Predicate = true> <Delay = 0.00>
ST_6 : Operation 136 [1/1] (0.76ns)   --->   "%icmp_ln47 = icmp_ne  i8 %tmp, i8 255" [src/srcnn.cpp:47]   --->   Operation 136 'icmp' 'icmp_ln47' <Predicate = true> <Delay = 0.76> <CoreInst = "Cmp">   --->   Core 9 'Cmp' <Latency = 0> <II = 1> <Delay = 0.76> <FuncUnit> <Opcode : 'icmp'> <InPorts = 2> <OutPorts = 1>
ST_6 : Operation 137 [1/1] (0.92ns)   --->   "%icmp_ln47_1 = icmp_eq  i23 %trunc_ln47_1, i23 0" [src/srcnn.cpp:47]   --->   Operation 137 'icmp' 'icmp_ln47_1' <Predicate = true> <Delay = 0.92> <CoreInst = "Cmp">   --->   Core 9 'Cmp' <Latency = 0> <II = 1> <Delay = 0.92> <FuncUnit> <Opcode : 'icmp'> <InPorts = 2> <OutPorts = 1>
ST_6 : [1/1] (0.42ns)   --->   Input mux for Operation 138 '%tmp_9 = fcmp_olt  i32 %feat1_load, i32 0'
ST_6 : Operation 138 [2/2] (2.35ns)   --->   "%tmp_9 = fcmp_olt  i32 %feat1_load, i32 0" [src/srcnn.cpp:47]   --->   Operation 138 'fcmp' 'tmp_9' <Predicate = true> <Delay = 2.35> <CoreInst = "FCompare">   --->   Core 19 'FCompare' <Latency = 1> <II = 1> <Delay = 2.78> <FuncUnit> <Opcode : 'fcmp'> <InPorts = 2> <OutPorts = 1>

State 7 <SV = 6> <Delay = 4.30>
ST_7 : Operation 139 [1/1] (0.00ns)   --->   "%speclooptripcount_ln46 = speclooptripcount void @_ssdm_op_SpecLoopTripCount, i64 255, i64 255, i64 255" [src/srcnn.cpp:46]   --->   Operation 139 'speclooptripcount' 'speclooptripcount_ln46' <Predicate = true> <Delay = 0.00>
ST_7 : Operation 140 [1/1] (0.00ns)   --->   "%specloopname_ln46 = specloopname void @_ssdm_op_SpecLoopName, void @empty_172" [src/srcnn.cpp:46]   --->   Operation 140 'specloopname' 'specloopname_ln46' <Predicate = true> <Delay = 0.00>
ST_7 : Operation 141 [1/1] (0.00ns) (grouped into LUT with out node and_ln47)   --->   "%or_ln47 = or i1 %icmp_ln47_1, i1 %icmp_ln47" [src/srcnn.cpp:47]   --->   Operation 141 'or' 'or_ln47' <Predicate = true> <Delay = 0.00> <CoreInst = "LogicGate">   --->   Core 74 'LogicGate' <Latency = 0> <II = 1> <Delay = 0.28> <FuncUnit> <Opcode : 'and' 'or' 'xor'> <InPorts = 2> <OutPorts = 1>
ST_7 : Operation 142 [1/2] (2.78ns)   --->   "%tmp_9 = fcmp_olt  i32 %feat1_load, i32 0" [src/srcnn.cpp:47]   --->   Operation 142 'fcmp' 'tmp_9' <Predicate = true> <Delay = 2.78> <CoreInst = "FCompare">   --->   Core 19 'FCompare' <Latency = 1> <II = 1> <Delay = 2.78> <FuncUnit> <Opcode : 'fcmp'> <InPorts = 2> <OutPorts = 1>
ST_7 : Operation 143 [1/1] (0.28ns) (out node of the LUT)   --->   "%and_ln47 = and i1 %or_ln47, i1 %tmp_9" [src/srcnn.cpp:47]   --->   Operation 143 'and' 'and_ln47' <Predicate = true> <Delay = 0.28> <CoreInst = "LogicGate">   --->   Core 74 'LogicGate' <Latency = 0> <II = 1> <Delay = 0.28> <FuncUnit> <Opcode : 'and' 'or' 'xor'> <InPorts = 2> <OutPorts = 1>
ST_7 : Operation 144 [1/1] (0.00ns)   --->   "%br_ln47 = br i1 %and_ln47, void %for.inc, void %if.then" [src/srcnn.cpp:47]   --->   Operation 144 'br' 'br_ln47' <Predicate = true> <Delay = 0.00>
ST_7 : Operation 145 [1/1] (1.23ns)   --->   "%store_ln48 = store i32 0, i22 %feat1_addr" [src/srcnn.cpp:48]   --->   Operation 145 'store' 'store_ln48' <Predicate = (and_ln47)> <Delay = 1.23> <CoreInst = "RAM">   --->   Core 83 'RAM' <Latency = 1> <II = 1> <Delay = 1.23> <Storage> <Opcode : 'load' 'store'> <Ports = 2> <Width = 32> <Depth = 4161600> <RAM>
ST_7 : Operation 146 [1/1] (0.00ns)   --->   "%br_ln49 = br void %for.inc" [src/srcnn.cpp:49]   --->   Operation 146 'br' 'br_ln49' <Predicate = (and_ln47)> <Delay = 0.00>
ST_7 : Operation 147 [1/1] (0.00ns)   --->   "%br_ln46 = br void %for.body8" [src/srcnn.cpp:46]   --->   Operation 147 'br' 'br_ln46' <Predicate = true> <Delay = 0.00>

State 8 <SV = 3> <Delay = 1.20>
ST_8 : Operation 148 [1/1] (0.00ns)   --->   "%oc_1 = load i6 %oc"   --->   Operation 148 'load' 'oc_1' <Predicate = true> <Delay = 0.00>
ST_8 : Operation 149 [1/1] (0.00ns)   --->   "%zext_ln30 = zext i6 %oc_1" [src/conv2.cpp:30->src/srcnn.cpp:55]   --->   Operation 149 'zext' 'zext_ln30' <Predicate = true> <Delay = 0.00>
ST_8 : Operation 150 [1/1] (0.00ns)   --->   "%tmp_3 = bitconcatenate i14 @_ssdm_op_BitConcatenate.i14.i6.i8, i6 %oc_1, i8 0" [src/conv2.cpp:30->src/srcnn.cpp:55]   --->   Operation 150 'bitconcatenate' 'tmp_3' <Predicate = true> <Delay = 0.00>
ST_8 : Operation 151 [1/1] (0.00ns)   --->   "%zext_ln30_1 = zext i14 %tmp_3" [src/conv2.cpp:30->src/srcnn.cpp:55]   --->   Operation 151 'zext' 'zext_ln30_1' <Predicate = true> <Delay = 0.00>
ST_8 : Operation 152 [1/1] (0.83ns)   --->   "%sub_ln30 = sub i15 %zext_ln30_1, i15 %zext_ln30" [src/conv2.cpp:30->src/srcnn.cpp:55]   --->   Operation 152 'sub' 'sub_ln30' <Predicate = true> <Delay = 0.83> <CoreInst = "Adder">   --->   Core 1 'Adder' <Latency = 0> <II = 1> <Delay = 0.83> <FuncUnit> <Opcode : 'add' 'sub'> <InPorts = 2> <OutPorts = 1>
ST_8 : Operation 153 [1/1] (0.00ns)   --->   "%sext_ln17_1 = sext i15 %sub_ln30" [src/conv2.cpp:17->src/srcnn.cpp:55]   --->   Operation 153 'sext' 'sext_ln17_1' <Predicate = true> <Delay = 0.00>
ST_8 : Operation 154 [1/1] (0.00ns)   --->   "%zext_ln17 = zext i6 %oc_1" [src/conv2.cpp:17->src/srcnn.cpp:55]   --->   Operation 154 'zext' 'zext_ln17' <Predicate = true> <Delay = 0.00>
ST_8 : Operation 155 [1/1] (0.78ns)   --->   "%icmp_ln17 = icmp_eq  i6 %oc_1, i6 32" [src/conv2.cpp:17->src/srcnn.cpp:55]   --->   Operation 155 'icmp' 'icmp_ln17' <Predicate = true> <Delay = 0.78> <CoreInst = "Cmp">   --->   Core 9 'Cmp' <Latency = 0> <II = 1> <Delay = 0.78> <FuncUnit> <Opcode : 'icmp'> <InPorts = 2> <OutPorts = 1>
ST_8 : Operation 156 [1/1] (0.78ns)   --->   "%add_ln17 = add i6 %oc_1, i6 1" [src/conv2.cpp:17->src/srcnn.cpp:55]   --->   Operation 156 'add' 'add_ln17' <Predicate = true> <Delay = 0.78> <CoreInst = "Adder">   --->   Core 1 'Adder' <Latency = 0> <II = 1> <Delay = 0.78> <FuncUnit> <Opcode : 'add' 'sub'> <InPorts = 2> <OutPorts = 1>
ST_8 : Operation 157 [1/1] (0.00ns)   --->   "%br_ln17 = br i1 %icmp_ln17, void %debug2.i.split, void %VITIS_LOOP_57_5.preheader" [src/conv2.cpp:17->src/srcnn.cpp:55]   --->   Operation 157 'br' 'br_ln17' <Predicate = true> <Delay = 0.00>
ST_8 : Operation 158 [1/1] (0.00ns)   --->   "%empty = trunc i6 %oc_1"   --->   Operation 158 'trunc' 'empty' <Predicate = (!icmp_ln17)> <Delay = 0.00>
ST_8 : Operation 159 [1/1] (0.00ns)   --->   "%tmp_6 = bitconcatenate i13 @_ssdm_op_BitConcatenate.i13.i5.i8, i5 %empty, i8 0"   --->   Operation 159 'bitconcatenate' 'tmp_6' <Predicate = (!icmp_ln17)> <Delay = 0.00>
ST_8 : Operation 160 [1/1] (0.00ns)   --->   "%p_cast3 = zext i13 %tmp_6"   --->   Operation 160 'zext' 'p_cast3' <Predicate = (!icmp_ln17)> <Delay = 0.00>
ST_8 : Operation 161 [1/1] (1.08ns)   --->   "%empty_278 = add i64 %p_cast3, i64 %conv2_weights_read" [src/srcnn.cpp:3]   --->   Operation 161 'add' 'empty_278' <Predicate = (!icmp_ln17)> <Delay = 1.08> <CoreInst = "Adder">   --->   Core 1 'Adder' <Latency = 0> <II = 1> <Delay = 1.08> <FuncUnit> <Opcode : 'add' 'sub'> <InPorts = 2> <OutPorts = 1>
ST_8 : Operation 162 [1/1] (1.08ns)   --->   "%empty_279 = add i63 %sext_ln17, i63 %zext_ln17" [src/conv2.cpp:17->src/srcnn.cpp:55]   --->   Operation 162 'add' 'empty_279' <Predicate = (!icmp_ln17)> <Delay = 1.08> <CoreInst = "Adder">   --->   Core 1 'Adder' <Latency = 0> <II = 1> <Delay = 1.08> <FuncUnit> <Opcode : 'add' 'sub'> <InPorts = 2> <OutPorts = 1>
ST_8 : Operation 163 [1/1] (0.00ns)   --->   "%p_cast4 = sext i63 %empty_279" [src/conv2.cpp:17->src/srcnn.cpp:55]   --->   Operation 163 'sext' 'p_cast4' <Predicate = (!icmp_ln17)> <Delay = 0.00>
ST_8 : Operation 164 [1/1] (0.00ns)   --->   "%gmem_wgt_addr = getelementptr i32 %gmem_wgt, i64 %p_cast4" [src/conv2.cpp:17->src/srcnn.cpp:55]   --->   Operation 164 'getelementptr' 'gmem_wgt_addr' <Predicate = (!icmp_ln17)> <Delay = 0.00>
ST_8 : Operation 165 [1/1] (0.00ns)   --->   "%trunc_ln1 = partselect i62 @_ssdm_op_PartSelect.i62.i64.i32.i32, i64 %empty_278, i32 2, i32 63" [src/conv2.cpp:25->src/srcnn.cpp:55]   --->   Operation 165 'partselect' 'trunc_ln1' <Predicate = (!icmp_ln17)> <Delay = 0.00>
ST_8 : Operation 166 [1/1] (0.00ns)   --->   "%c_1 = alloca i32 1"   --->   Operation 166 'alloca' 'c_1' <Predicate = (icmp_ln17)> <Delay = 0.00>
ST_8 : Operation 167 [1/1] (0.42ns)   --->   "%store_ln59 = store i6 0, i6 %c_1" [src/srcnn.cpp:59]   --->   Operation 167 'store' 'store_ln59' <Predicate = (icmp_ln17)> <Delay = 0.42>
ST_8 : Operation 168 [1/1] (0.00ns)   --->   "%br_ln59 = br void %VITIS_LOOP_57_5" [src/srcnn.cpp:59]   --->   Operation 168 'br' 'br_ln59' <Predicate = (icmp_ln17)> <Delay = 0.00>

State 9 <SV = 4> <Delay = 7.30>
ST_9 : Operation 169 [8/8] (7.30ns)   --->   "%gmem_wgt_load_req = readreq i1 @_ssdm_op_ReadReq.m_axi.i32P1A, i32 %gmem_wgt_addr, i32 1" [src/conv2.cpp:17->src/srcnn.cpp:55]   --->   Operation 169 'readreq' 'gmem_wgt_load_req' <Predicate = true> <Delay = 7.30> <CoreInst = "m_axi">   --->   Core 121 'm_axi' <Latency = 0> <II = 1> <Delay = 1.00> <Adapter> <Opcode : 'read' 'write' 'readreq' 'writereq' 'writeresp'>

State 10 <SV = 5> <Delay = 7.30>
ST_10 : Operation 170 [7/8] (7.30ns)   --->   "%gmem_wgt_load_req = readreq i1 @_ssdm_op_ReadReq.m_axi.i32P1A, i32 %gmem_wgt_addr, i32 1" [src/conv2.cpp:17->src/srcnn.cpp:55]   --->   Operation 170 'readreq' 'gmem_wgt_load_req' <Predicate = true> <Delay = 7.30> <CoreInst = "m_axi">   --->   Core 121 'm_axi' <Latency = 0> <II = 1> <Delay = 1.00> <Adapter> <Opcode : 'read' 'write' 'readreq' 'writereq' 'writeresp'>

State 11 <SV = 6> <Delay = 7.30>
ST_11 : Operation 171 [6/8] (7.30ns)   --->   "%gmem_wgt_load_req = readreq i1 @_ssdm_op_ReadReq.m_axi.i32P1A, i32 %gmem_wgt_addr, i32 1" [src/conv2.cpp:17->src/srcnn.cpp:55]   --->   Operation 171 'readreq' 'gmem_wgt_load_req' <Predicate = true> <Delay = 7.30> <CoreInst = "m_axi">   --->   Core 121 'm_axi' <Latency = 0> <II = 1> <Delay = 1.00> <Adapter> <Opcode : 'read' 'write' 'readreq' 'writereq' 'writeresp'>

State 12 <SV = 7> <Delay = 7.30>
ST_12 : Operation 172 [5/8] (7.30ns)   --->   "%gmem_wgt_load_req = readreq i1 @_ssdm_op_ReadReq.m_axi.i32P1A, i32 %gmem_wgt_addr, i32 1" [src/conv2.cpp:17->src/srcnn.cpp:55]   --->   Operation 172 'readreq' 'gmem_wgt_load_req' <Predicate = true> <Delay = 7.30> <CoreInst = "m_axi">   --->   Core 121 'm_axi' <Latency = 0> <II = 1> <Delay = 1.00> <Adapter> <Opcode : 'read' 'write' 'readreq' 'writereq' 'writeresp'>

State 13 <SV = 8> <Delay = 7.30>
ST_13 : Operation 173 [4/8] (7.30ns)   --->   "%gmem_wgt_load_req = readreq i1 @_ssdm_op_ReadReq.m_axi.i32P1A, i32 %gmem_wgt_addr, i32 1" [src/conv2.cpp:17->src/srcnn.cpp:55]   --->   Operation 173 'readreq' 'gmem_wgt_load_req' <Predicate = true> <Delay = 7.30> <CoreInst = "m_axi">   --->   Core 121 'm_axi' <Latency = 0> <II = 1> <Delay = 1.00> <Adapter> <Opcode : 'read' 'write' 'readreq' 'writereq' 'writeresp'>

State 14 <SV = 9> <Delay = 7.30>
ST_14 : Operation 174 [3/8] (7.30ns)   --->   "%gmem_wgt_load_req = readreq i1 @_ssdm_op_ReadReq.m_axi.i32P1A, i32 %gmem_wgt_addr, i32 1" [src/conv2.cpp:17->src/srcnn.cpp:55]   --->   Operation 174 'readreq' 'gmem_wgt_load_req' <Predicate = true> <Delay = 7.30> <CoreInst = "m_axi">   --->   Core 121 'm_axi' <Latency = 0> <II = 1> <Delay = 1.00> <Adapter> <Opcode : 'read' 'write' 'readreq' 'writereq' 'writeresp'>

State 15 <SV = 10> <Delay = 7.30>
ST_15 : Operation 175 [2/8] (7.30ns)   --->   "%gmem_wgt_load_req = readreq i1 @_ssdm_op_ReadReq.m_axi.i32P1A, i32 %gmem_wgt_addr, i32 1" [src/conv2.cpp:17->src/srcnn.cpp:55]   --->   Operation 175 'readreq' 'gmem_wgt_load_req' <Predicate = true> <Delay = 7.30> <CoreInst = "m_axi">   --->   Core 121 'm_axi' <Latency = 0> <II = 1> <Delay = 1.00> <Adapter> <Opcode : 'read' 'write' 'readreq' 'writereq' 'writeresp'>

State 16 <SV = 11> <Delay = 7.30>
ST_16 : Operation 176 [1/8] (7.30ns)   --->   "%gmem_wgt_load_req = readreq i1 @_ssdm_op_ReadReq.m_axi.i32P1A, i32 %gmem_wgt_addr, i32 1" [src/conv2.cpp:17->src/srcnn.cpp:55]   --->   Operation 176 'readreq' 'gmem_wgt_load_req' <Predicate = true> <Delay = 7.30> <CoreInst = "m_axi">   --->   Core 121 'm_axi' <Latency = 0> <II = 1> <Delay = 1.00> <Adapter> <Opcode : 'read' 'write' 'readreq' 'writereq' 'writeresp'>

State 17 <SV = 12> <Delay = 7.30>
ST_17 : Operation 177 [1/1] (0.00ns)   --->   "%speclooptripcount_ln17 = speclooptripcount void @_ssdm_op_SpecLoopTripCount, i64 32, i64 32, i64 32" [src/conv2.cpp:17->src/srcnn.cpp:55]   --->   Operation 177 'speclooptripcount' 'speclooptripcount_ln17' <Predicate = true> <Delay = 0.00>
ST_17 : Operation 178 [1/1] (0.00ns)   --->   "%specloopname_ln17 = specloopname void @_ssdm_op_SpecLoopName, void @empty_141" [src/conv2.cpp:17->src/srcnn.cpp:55]   --->   Operation 178 'specloopname' 'specloopname_ln17' <Predicate = true> <Delay = 0.00>
ST_17 : Operation 179 [1/1] (7.30ns)   --->   "%gmem_wgt_addr_read = read i32 @_ssdm_op_Read.m_axi.i32P1A, i32 %gmem_wgt_addr" [src/conv2.cpp:17->src/srcnn.cpp:55]   --->   Operation 179 'read' 'gmem_wgt_addr_read' <Predicate = true> <Delay = 7.30> <CoreInst = "m_axi">   --->   Core 121 'm_axi' <Latency = 0> <II = 1> <Delay = 1.00> <Adapter> <Opcode : 'read' 'write' 'readreq' 'writereq' 'writeresp'>
ST_17 : Operation 180 [1/1] (0.00ns)   --->   "%acc = bitcast i32 %gmem_wgt_addr_read" [src/conv2.cpp:17->src/srcnn.cpp:55]   --->   Operation 180 'bitcast' 'acc' <Predicate = true> <Delay = 0.00>
ST_17 : Operation 181 [1/1] (0.00ns)   --->   "%sext_ln19 = sext i62 %trunc_ln1" [src/conv2.cpp:19->src/srcnn.cpp:55]   --->   Operation 181 'sext' 'sext_ln19' <Predicate = true> <Delay = 0.00>
ST_17 : Operation 182 [1/1] (0.42ns)   --->   "%br_ln19 = br void %debug3.i" [src/conv2.cpp:19->src/srcnn.cpp:55]   --->   Operation 182 'br' 'br_ln19' <Predicate = true> <Delay = 0.42>

State 18 <SV = 13> <Delay = 1.74>
ST_18 : Operation 183 [1/1] (0.00ns)   --->   "%y_1 = phi i8 %add_ln19, void %for.inc34.i, i8 0, void %debug2.i.split" [src/conv2.cpp:19->src/srcnn.cpp:55]   --->   Operation 183 'phi' 'y_1' <Predicate = true> <Delay = 0.00>
ST_18 : Operation 184 [1/1] (0.00ns)   --->   "%zext_ln30_2 = zext i8 %y_1" [src/conv2.cpp:30->src/srcnn.cpp:55]   --->   Operation 184 'zext' 'zext_ln30_2' <Predicate = true> <Delay = 0.00>
ST_18 : Operation 185 [1/1] (0.00ns)   --->   "%zext_ln30_3 = zext i8 %y_1" [src/conv2.cpp:30->src/srcnn.cpp:55]   --->   Operation 185 'zext' 'zext_ln30_3' <Predicate = true> <Delay = 0.00>
ST_18 : Operation 186 [1/1] (0.84ns)   --->   "%add_ln30 = add i16 %sext_ln17_1, i16 %zext_ln30_3" [src/conv2.cpp:30->src/srcnn.cpp:55]   --->   Operation 186 'add' 'add_ln30' <Predicate = true> <Delay = 0.84> <CoreInst = "Adder">   --->   Core 1 'Adder' <Latency = 0> <II = 1> <Delay = 0.84> <FuncUnit> <Opcode : 'add' 'sub'> <InPorts = 2> <OutPorts = 1>
ST_18 : Operation 187 [1/1] (0.00ns)   --->   "%sext_ln30 = sext i16 %add_ln30" [src/conv2.cpp:30->src/srcnn.cpp:55]   --->   Operation 187 'sext' 'sext_ln30' <Predicate = true> <Delay = 0.00>
ST_18 : Operation 188 [1/1] (0.00ns)   --->   "%trunc_ln30 = trunc i16 %add_ln30" [src/conv2.cpp:30->src/srcnn.cpp:55]   --->   Operation 188 'trunc' 'trunc_ln30' <Predicate = true> <Delay = 0.00>
ST_18 : Operation 189 [1/1] (0.00ns)   --->   "%p_shl3 = bitconcatenate i21 @_ssdm_op_BitConcatenate.i21.i13.i8, i13 %trunc_ln30, i8 0" [src/conv2.cpp:30->src/srcnn.cpp:55]   --->   Operation 189 'bitconcatenate' 'p_shl3' <Predicate = true> <Delay = 0.00>
ST_18 : Operation 190 [1/1] (0.90ns)   --->   "%sub_ln30_1 = sub i21 %p_shl3, i21 %sext_ln30" [src/conv2.cpp:30->src/srcnn.cpp:55]   --->   Operation 190 'sub' 'sub_ln30_1' <Predicate = true> <Delay = 0.90> <CoreInst = "Adder">   --->   Core 1 'Adder' <Latency = 0> <II = 1> <Delay = 0.90> <FuncUnit> <Opcode : 'add' 'sub'> <InPorts = 2> <OutPorts = 1>
ST_18 : Operation 191 [1/1] (0.76ns)   --->   "%icmp_ln19 = icmp_eq  i8 %y_1, i8 255" [src/conv2.cpp:19->src/srcnn.cpp:55]   --->   Operation 191 'icmp' 'icmp_ln19' <Predicate = true> <Delay = 0.76> <CoreInst = "Cmp">   --->   Core 9 'Cmp' <Latency = 0> <II = 1> <Delay = 0.76> <FuncUnit> <Opcode : 'icmp'> <InPorts = 2> <OutPorts = 1>
ST_18 : Operation 192 [1/1] (0.76ns)   --->   "%add_ln19 = add i8 %y_1, i8 1" [src/conv2.cpp:19->src/srcnn.cpp:55]   --->   Operation 192 'add' 'add_ln19' <Predicate = true> <Delay = 0.76> <CoreInst = "Adder">   --->   Core 1 'Adder' <Latency = 0> <II = 1> <Delay = 0.76> <FuncUnit> <Opcode : 'add' 'sub'> <InPorts = 2> <OutPorts = 1>
ST_18 : Operation 193 [1/1] (0.00ns)   --->   "%br_ln19 = br i1 %icmp_ln19, void %debug3.i.split, void %for.inc37.i" [src/conv2.cpp:19->src/srcnn.cpp:55]   --->   Operation 193 'br' 'br_ln19' <Predicate = true> <Delay = 0.00>
ST_18 : Operation 194 [1/1] (0.00ns)   --->   "%speclooptripcount_ln19 = speclooptripcount void @_ssdm_op_SpecLoopTripCount, i64 255, i64 255, i64 255" [src/conv2.cpp:19->src/srcnn.cpp:55]   --->   Operation 194 'speclooptripcount' 'speclooptripcount_ln19' <Predicate = (!icmp_ln19)> <Delay = 0.00>
ST_18 : Operation 195 [1/1] (0.00ns)   --->   "%specloopname_ln19 = specloopname void @_ssdm_op_SpecLoopName, void @empty_170" [src/conv2.cpp:19->src/srcnn.cpp:55]   --->   Operation 195 'specloopname' 'specloopname_ln19' <Predicate = (!icmp_ln19)> <Delay = 0.00>
ST_18 : Operation 196 [1/1] (0.42ns)   --->   "%br_ln21 = br void %debug4.i" [src/conv2.cpp:21->src/srcnn.cpp:55]   --->   Operation 196 'br' 'br_ln21' <Predicate = (!icmp_ln19)> <Delay = 0.42>
ST_18 : Operation 197 [1/1] (0.42ns)   --->   "%store_ln17 = store i6 %add_ln17, i6 %oc" [src/conv2.cpp:17->src/srcnn.cpp:55]   --->   Operation 197 'store' 'store_ln17' <Predicate = (icmp_ln19)> <Delay = 0.42>
ST_18 : Operation 198 [1/1] (0.00ns)   --->   "%br_ln17 = br void %debug2.i" [src/conv2.cpp:17->src/srcnn.cpp:55]   --->   Operation 198 'br' 'br_ln17' <Predicate = (icmp_ln19)> <Delay = 0.00>

State 19 <SV = 14> <Delay = 0.90>
ST_19 : Operation 199 [1/1] (0.00ns)   --->   "%x_1 = phi i8 %add_ln21, void %for.inc31.i, i8 0, void %debug3.i.split" [src/conv2.cpp:21->src/srcnn.cpp:55]   --->   Operation 199 'phi' 'x_1' <Predicate = true> <Delay = 0.00>
ST_19 : Operation 200 [1/1] (0.00ns)   --->   "%zext_ln30_4 = zext i8 %x_1" [src/conv2.cpp:30->src/srcnn.cpp:55]   --->   Operation 200 'zext' 'zext_ln30_4' <Predicate = true> <Delay = 0.00>
ST_19 : Operation 201 [1/1] (0.00ns)   --->   "%zext_ln30_5 = zext i8 %x_1" [src/conv2.cpp:30->src/srcnn.cpp:55]   --->   Operation 201 'zext' 'zext_ln30_5' <Predicate = true> <Delay = 0.00>
ST_19 : Operation 202 [1/1] (0.90ns)   --->   "%add_ln30_1 = add i21 %sub_ln30_1, i21 %zext_ln30_5" [src/conv2.cpp:30->src/srcnn.cpp:55]   --->   Operation 202 'add' 'add_ln30_1' <Predicate = true> <Delay = 0.90> <CoreInst = "Adder">   --->   Core 1 'Adder' <Latency = 0> <II = 1> <Delay = 0.90> <FuncUnit> <Opcode : 'add' 'sub'> <InPorts = 2> <OutPorts = 1>
ST_19 : Operation 203 [1/1] (0.00ns)   --->   "%zext_ln30_6 = zext i21 %add_ln30_1" [src/conv2.cpp:30->src/srcnn.cpp:55]   --->   Operation 203 'zext' 'zext_ln30_6' <Predicate = true> <Delay = 0.00>
ST_19 : Operation 204 [1/1] (0.00ns)   --->   "%feat2_addr_1 = getelementptr i32 %feat2, i64 0, i64 %zext_ln30_6" [src/conv2.cpp:30->src/srcnn.cpp:55]   --->   Operation 204 'getelementptr' 'feat2_addr_1' <Predicate = true> <Delay = 0.00>
ST_19 : Operation 205 [1/1] (0.76ns)   --->   "%icmp_ln21 = icmp_eq  i8 %x_1, i8 255" [src/conv2.cpp:21->src/srcnn.cpp:55]   --->   Operation 205 'icmp' 'icmp_ln21' <Predicate = true> <Delay = 0.76> <CoreInst = "Cmp">   --->   Core 9 'Cmp' <Latency = 0> <II = 1> <Delay = 0.76> <FuncUnit> <Opcode : 'icmp'> <InPorts = 2> <OutPorts = 1>
ST_19 : Operation 206 [1/1] (0.76ns)   --->   "%add_ln21 = add i8 %x_1, i8 1" [src/conv2.cpp:21->src/srcnn.cpp:55]   --->   Operation 206 'add' 'add_ln21' <Predicate = true> <Delay = 0.76> <CoreInst = "Adder">   --->   Core 1 'Adder' <Latency = 0> <II = 1> <Delay = 0.76> <FuncUnit> <Opcode : 'add' 'sub'> <InPorts = 2> <OutPorts = 1>
ST_19 : Operation 207 [1/1] (0.00ns)   --->   "%br_ln21 = br i1 %icmp_ln21, void %debug4.i.split, void %for.inc34.i" [src/conv2.cpp:21->src/srcnn.cpp:55]   --->   Operation 207 'br' 'br_ln21' <Predicate = true> <Delay = 0.00>
ST_19 : Operation 208 [1/1] (0.00ns)   --->   "%speclooptripcount_ln21 = speclooptripcount void @_ssdm_op_SpecLoopTripCount, i64 255, i64 255, i64 255" [src/conv2.cpp:21->src/srcnn.cpp:55]   --->   Operation 208 'speclooptripcount' 'speclooptripcount_ln21' <Predicate = (!icmp_ln21)> <Delay = 0.00>
ST_19 : Operation 209 [1/1] (0.00ns)   --->   "%specloopname_ln21 = specloopname void @_ssdm_op_SpecLoopName, void @empty_169" [src/conv2.cpp:21->src/srcnn.cpp:55]   --->   Operation 209 'specloopname' 'specloopname_ln21' <Predicate = (!icmp_ln21)> <Delay = 0.00>
ST_19 : Operation 210 [1/1] (0.42ns)   --->   "%br_ln25 = br void %for.inc.i" [src/conv2.cpp:25->src/srcnn.cpp:55]   --->   Operation 210 'br' 'br_ln25' <Predicate = (!icmp_ln21)> <Delay = 0.42>
ST_19 : Operation 211 [1/1] (0.00ns)   --->   "%br_ln19 = br void %debug3.i" [src/conv2.cpp:19->src/srcnn.cpp:55]   --->   Operation 211 'br' 'br_ln19' <Predicate = (icmp_ln21)> <Delay = 0.00>

State 20 <SV = 15> <Delay = 2.39>
ST_20 : Operation 212 [1/1] (0.00ns)   --->   "%ic = phi i7 %add_ln25, void %for.inc.i.split, i7 0, void %debug4.i.split" [src/conv2.cpp:25->src/srcnn.cpp:55]   --->   Operation 212 'phi' 'ic' <Predicate = true> <Delay = 0.00>
ST_20 : Operation 213 [1/1] (0.00ns)   --->   "%acc_1 = phi i32 %acc_2, void %for.inc.i.split, i32 %acc, void %debug4.i.split"   --->   Operation 213 'phi' 'acc_1' <Predicate = true> <Delay = 0.00>
ST_20 : Operation 214 [1/1] (0.00ns)   --->   "%zext_ln27 = zext i7 %ic" [src/conv2.cpp:27->src/srcnn.cpp:55]   --->   Operation 214 'zext' 'zext_ln27' <Predicate = true> <Delay = 0.00>
ST_20 : Operation 215 [1/1] (0.00ns)   --->   "%tmp_4 = bitconcatenate i15 @_ssdm_op_BitConcatenate.i15.i7.i8, i7 %ic, i8 0" [src/conv2.cpp:27->src/srcnn.cpp:55]   --->   Operation 215 'bitconcatenate' 'tmp_4' <Predicate = true> <Delay = 0.00>
ST_20 : Operation 216 [1/1] (0.00ns)   --->   "%zext_ln27_1 = zext i15 %tmp_4" [src/conv2.cpp:27->src/srcnn.cpp:55]   --->   Operation 216 'zext' 'zext_ln27_1' <Predicate = true> <Delay = 0.00>
ST_20 : Operation 217 [1/1] (0.84ns)   --->   "%sub_ln27 = sub i16 %zext_ln27_1, i16 %zext_ln27" [src/conv2.cpp:27->src/srcnn.cpp:55]   --->   Operation 217 'sub' 'sub_ln27' <Predicate = true> <Delay = 0.84> <CoreInst = "Adder">   --->   Core 1 'Adder' <Latency = 0> <II = 1> <Delay = 0.84> <FuncUnit> <Opcode : 'add' 'sub'> <InPorts = 2> <OutPorts = 1>
ST_20 : Operation 218 [1/1] (0.00ns)   --->   "%sext_ln27_1 = sext i16 %sub_ln27" [src/conv2.cpp:27->src/srcnn.cpp:55]   --->   Operation 218 'sext' 'sext_ln27_1' <Predicate = true> <Delay = 0.00>
ST_20 : Operation 219 [1/1] (0.85ns)   --->   "%add_ln27_1 = add i17 %sext_ln27_1, i17 %zext_ln30_2" [src/conv2.cpp:27->src/srcnn.cpp:55]   --->   Operation 219 'add' 'add_ln27_1' <Predicate = true> <Delay = 0.85> <CoreInst = "Adder">   --->   Core 1 'Adder' <Latency = 0> <II = 1> <Delay = 0.85> <FuncUnit> <Opcode : 'add' 'sub'> <InPorts = 2> <OutPorts = 1>
ST_20 : Operation 220 [1/1] (0.00ns)   --->   "%sext_ln27_2 = sext i17 %add_ln27_1" [src/conv2.cpp:27->src/srcnn.cpp:55]   --->   Operation 220 'sext' 'sext_ln27_2' <Predicate = true> <Delay = 0.00>
ST_20 : Operation 221 [1/1] (0.00ns)   --->   "%trunc_ln27 = trunc i17 %add_ln27_1" [src/conv2.cpp:27->src/srcnn.cpp:55]   --->   Operation 221 'trunc' 'trunc_ln27' <Predicate = true> <Delay = 0.00>
ST_20 : Operation 222 [1/1] (0.00ns)   --->   "%p_shl4 = bitconcatenate i22 @_ssdm_op_BitConcatenate.i22.i14.i8, i14 %trunc_ln27, i8 0" [src/conv2.cpp:27->src/srcnn.cpp:55]   --->   Operation 222 'bitconcatenate' 'p_shl4' <Predicate = true> <Delay = 0.00>
ST_20 : Operation 223 [1/1] (0.00ns) (grouped into TernaryAdder)   --->   "%sub_ln27_1 = sub i22 %p_shl4, i22 %sext_ln27_2" [src/conv2.cpp:27->src/srcnn.cpp:55]   --->   Operation 223 'sub' 'sub_ln27_1' <Predicate = true> <Delay = 0.00> <CoreInst = "TAddSub">   --->   Core 10 'TAddSub' <Latency = 0> <II = 1> <Delay = 0.35> <IPBlock> <Opcode : '<invalid operator> ' 'add' 'sub'> <InPorts = 3> <OutPorts = 1> <Sync> <CReg>
ST_20 : Operation 224 [1/1] (0.70ns) (root node of TernaryAdder)   --->   "%add_ln27_2 = add i22 %sub_ln27_1, i22 %zext_ln30_4" [src/conv2.cpp:27->src/srcnn.cpp:55]   --->   Operation 224 'add' 'add_ln27_2' <Predicate = true> <Delay = 0.70> <CoreInst = "TAddSub">   --->   Core 10 'TAddSub' <Latency = 0> <II = 1> <Delay = 0.35> <IPBlock> <Opcode : '<invalid operator> ' 'add' 'sub'> <InPorts = 3> <OutPorts = 1> <Sync> <CReg>
ST_20 : Operation 225 [1/1] (0.00ns)   --->   "%zext_ln27_2 = zext i22 %add_ln27_2" [src/conv2.cpp:27->src/srcnn.cpp:55]   --->   Operation 225 'zext' 'zext_ln27_2' <Predicate = true> <Delay = 0.00>
ST_20 : Operation 226 [1/1] (0.00ns)   --->   "%feat1_addr_1 = getelementptr i32 %feat1, i64 0, i64 %zext_ln27_2" [src/conv2.cpp:27->src/srcnn.cpp:55]   --->   Operation 226 'getelementptr' 'feat1_addr_1' <Predicate = true> <Delay = 0.00>
ST_20 : Operation 227 [1/1] (0.00ns)   --->   "%zext_ln25 = zext i7 %ic" [src/conv2.cpp:25->src/srcnn.cpp:55]   --->   Operation 227 'zext' 'zext_ln25' <Predicate = true> <Delay = 0.00>
ST_20 : Operation 228 [1/1] (0.77ns)   --->   "%icmp_ln25 = icmp_eq  i7 %ic, i7 64" [src/conv2.cpp:25->src/srcnn.cpp:55]   --->   Operation 228 'icmp' 'icmp_ln25' <Predicate = true> <Delay = 0.77> <CoreInst = "Cmp">   --->   Core 9 'Cmp' <Latency = 0> <II = 1> <Delay = 0.77> <FuncUnit> <Opcode : 'icmp'> <InPorts = 2> <OutPorts = 1>
ST_20 : Operation 229 [1/1] (0.77ns)   --->   "%add_ln25 = add i7 %ic, i7 1" [src/conv2.cpp:25->src/srcnn.cpp:55]   --->   Operation 229 'add' 'add_ln25' <Predicate = true> <Delay = 0.77> <CoreInst = "Adder">   --->   Core 1 'Adder' <Latency = 0> <II = 1> <Delay = 0.77> <FuncUnit> <Opcode : 'add' 'sub'> <InPorts = 2> <OutPorts = 1>
ST_20 : Operation 230 [1/1] (0.00ns)   --->   "%br_ln25 = br i1 %icmp_ln25, void %for.inc.i.split, void %for.inc31.i" [src/conv2.cpp:25->src/srcnn.cpp:55]   --->   Operation 230 'br' 'br_ln25' <Predicate = true> <Delay = 0.00>
ST_20 : Operation 231 [1/1] (1.08ns)   --->   "%add_ln27 = add i63 %sext_ln19, i63 %zext_ln25" [src/conv2.cpp:27->src/srcnn.cpp:55]   --->   Operation 231 'add' 'add_ln27' <Predicate = (!icmp_ln25)> <Delay = 1.08> <CoreInst = "Adder">   --->   Core 1 'Adder' <Latency = 0> <II = 1> <Delay = 1.08> <FuncUnit> <Opcode : 'add' 'sub'> <InPorts = 2> <OutPorts = 1>
ST_20 : Operation 232 [1/1] (0.00ns)   --->   "%sext_ln27 = sext i63 %add_ln27" [src/conv2.cpp:27->src/srcnn.cpp:55]   --->   Operation 232 'sext' 'sext_ln27' <Predicate = (!icmp_ln25)> <Delay = 0.00>
ST_20 : Operation 233 [1/1] (0.00ns)   --->   "%gmem_wgt_addr_2 = getelementptr i32 %gmem_wgt, i64 %sext_ln27" [src/conv2.cpp:27->src/srcnn.cpp:55]   --->   Operation 233 'getelementptr' 'gmem_wgt_addr_2' <Predicate = (!icmp_ln25)> <Delay = 0.00>
ST_20 : Operation 234 [1/1] (1.23ns)   --->   "%store_ln30 = store i32 %acc_1, i21 %feat2_addr_1" [src/conv2.cpp:30->src/srcnn.cpp:55]   --->   Operation 234 'store' 'store_ln30' <Predicate = (icmp_ln25)> <Delay = 1.23> <CoreInst = "RAM">   --->   Core 83 'RAM' <Latency = 1> <II = 1> <Delay = 1.23> <Storage> <Opcode : 'load' 'store'> <Ports = 2> <Width = 32> <Depth = 2080800> <RAM>
ST_20 : Operation 235 [1/1] (0.00ns)   --->   "%br_ln21 = br void %debug4.i" [src/conv2.cpp:21->src/srcnn.cpp:55]   --->   Operation 235 'br' 'br_ln21' <Predicate = (icmp_ln25)> <Delay = 0.00>

State 21 <SV = 16> <Delay = 7.30>
ST_21 : Operation 236 [8/8] (7.30ns)   --->   "%gmem_wgt_load_2_req = readreq i1 @_ssdm_op_ReadReq.m_axi.i32P1A, i32 %gmem_wgt_addr_2, i32 1" [src/conv2.cpp:27->src/srcnn.cpp:55]   --->   Operation 236 'readreq' 'gmem_wgt_load_2_req' <Predicate = true> <Delay = 7.30> <CoreInst = "m_axi">   --->   Core 121 'm_axi' <Latency = 0> <II = 1> <Delay = 1.00> <Adapter> <Opcode : 'read' 'write' 'readreq' 'writereq' 'writeresp'>

State 22 <SV = 17> <Delay = 7.30>
ST_22 : Operation 237 [7/8] (7.30ns)   --->   "%gmem_wgt_load_2_req = readreq i1 @_ssdm_op_ReadReq.m_axi.i32P1A, i32 %gmem_wgt_addr_2, i32 1" [src/conv2.cpp:27->src/srcnn.cpp:55]   --->   Operation 237 'readreq' 'gmem_wgt_load_2_req' <Predicate = true> <Delay = 7.30> <CoreInst = "m_axi">   --->   Core 121 'm_axi' <Latency = 0> <II = 1> <Delay = 1.00> <Adapter> <Opcode : 'read' 'write' 'readreq' 'writereq' 'writeresp'>

State 23 <SV = 18> <Delay = 7.30>
ST_23 : Operation 238 [6/8] (7.30ns)   --->   "%gmem_wgt_load_2_req = readreq i1 @_ssdm_op_ReadReq.m_axi.i32P1A, i32 %gmem_wgt_addr_2, i32 1" [src/conv2.cpp:27->src/srcnn.cpp:55]   --->   Operation 238 'readreq' 'gmem_wgt_load_2_req' <Predicate = true> <Delay = 7.30> <CoreInst = "m_axi">   --->   Core 121 'm_axi' <Latency = 0> <II = 1> <Delay = 1.00> <Adapter> <Opcode : 'read' 'write' 'readreq' 'writereq' 'writeresp'>

State 24 <SV = 19> <Delay = 7.30>
ST_24 : Operation 239 [5/8] (7.30ns)   --->   "%gmem_wgt_load_2_req = readreq i1 @_ssdm_op_ReadReq.m_axi.i32P1A, i32 %gmem_wgt_addr_2, i32 1" [src/conv2.cpp:27->src/srcnn.cpp:55]   --->   Operation 239 'readreq' 'gmem_wgt_load_2_req' <Predicate = true> <Delay = 7.30> <CoreInst = "m_axi">   --->   Core 121 'm_axi' <Latency = 0> <II = 1> <Delay = 1.00> <Adapter> <Opcode : 'read' 'write' 'readreq' 'writereq' 'writeresp'>

State 25 <SV = 20> <Delay = 7.30>
ST_25 : Operation 240 [4/8] (7.30ns)   --->   "%gmem_wgt_load_2_req = readreq i1 @_ssdm_op_ReadReq.m_axi.i32P1A, i32 %gmem_wgt_addr_2, i32 1" [src/conv2.cpp:27->src/srcnn.cpp:55]   --->   Operation 240 'readreq' 'gmem_wgt_load_2_req' <Predicate = true> <Delay = 7.30> <CoreInst = "m_axi">   --->   Core 121 'm_axi' <Latency = 0> <II = 1> <Delay = 1.00> <Adapter> <Opcode : 'read' 'write' 'readreq' 'writereq' 'writeresp'>

State 26 <SV = 21> <Delay = 7.30>
ST_26 : Operation 241 [3/8] (7.30ns)   --->   "%gmem_wgt_load_2_req = readreq i1 @_ssdm_op_ReadReq.m_axi.i32P1A, i32 %gmem_wgt_addr_2, i32 1" [src/conv2.cpp:27->src/srcnn.cpp:55]   --->   Operation 241 'readreq' 'gmem_wgt_load_2_req' <Predicate = true> <Delay = 7.30> <CoreInst = "m_axi">   --->   Core 121 'm_axi' <Latency = 0> <II = 1> <Delay = 1.00> <Adapter> <Opcode : 'read' 'write' 'readreq' 'writereq' 'writeresp'>

State 27 <SV = 22> <Delay = 7.30>
ST_27 : Operation 242 [2/8] (7.30ns)   --->   "%gmem_wgt_load_2_req = readreq i1 @_ssdm_op_ReadReq.m_axi.i32P1A, i32 %gmem_wgt_addr_2, i32 1" [src/conv2.cpp:27->src/srcnn.cpp:55]   --->   Operation 242 'readreq' 'gmem_wgt_load_2_req' <Predicate = true> <Delay = 7.30> <CoreInst = "m_axi">   --->   Core 121 'm_axi' <Latency = 0> <II = 1> <Delay = 1.00> <Adapter> <Opcode : 'read' 'write' 'readreq' 'writereq' 'writeresp'>

State 28 <SV = 23> <Delay = 7.30>
ST_28 : Operation 243 [2/2] (1.23ns)   --->   "%feat1_load_1 = load i22 %feat1_addr_1" [src/conv2.cpp:27->src/srcnn.cpp:55]   --->   Operation 243 'load' 'feat1_load_1' <Predicate = true> <Delay = 1.23> <CoreInst = "RAM">   --->   Core 83 'RAM' <Latency = 1> <II = 1> <Delay = 1.23> <Storage> <Opcode : 'load' 'store'> <Ports = 2> <Width = 32> <Depth = 4161600> <RAM>
ST_28 : Operation 244 [1/8] (7.30ns)   --->   "%gmem_wgt_load_2_req = readreq i1 @_ssdm_op_ReadReq.m_axi.i32P1A, i32 %gmem_wgt_addr_2, i32 1" [src/conv2.cpp:27->src/srcnn.cpp:55]   --->   Operation 244 'readreq' 'gmem_wgt_load_2_req' <Predicate = true> <Delay = 7.30> <CoreInst = "m_axi">   --->   Core 121 'm_axi' <Latency = 0> <II = 1> <Delay = 1.00> <Adapter> <Opcode : 'read' 'write' 'readreq' 'writereq' 'writeresp'>

State 29 <SV = 24> <Delay = 7.30>
ST_29 : Operation 245 [1/2] (1.23ns)   --->   "%feat1_load_1 = load i22 %feat1_addr_1" [src/conv2.cpp:27->src/srcnn.cpp:55]   --->   Operation 245 'load' 'feat1_load_1' <Predicate = true> <Delay = 1.23> <CoreInst = "RAM">   --->   Core 83 'RAM' <Latency = 1> <II = 1> <Delay = 1.23> <Storage> <Opcode : 'load' 'store'> <Ports = 2> <Width = 32> <Depth = 4161600> <RAM>
ST_29 : Operation 246 [1/1] (7.30ns)   --->   "%gmem_wgt_addr_2_read = read i32 @_ssdm_op_Read.m_axi.i32P1A, i32 %gmem_wgt_addr_2" [src/conv2.cpp:27->src/srcnn.cpp:55]   --->   Operation 246 'read' 'gmem_wgt_addr_2_read' <Predicate = true> <Delay = 7.30> <CoreInst = "m_axi">   --->   Core 121 'm_axi' <Latency = 0> <II = 1> <Delay = 1.00> <Adapter> <Opcode : 'read' 'write' 'readreq' 'writereq' 'writeresp'>

State 30 <SV = 25> <Delay = 7.01>
ST_30 : Operation 247 [1/1] (0.00ns)   --->   "%bitcast_ln27 = bitcast i32 %gmem_wgt_addr_2_read" [src/conv2.cpp:27->src/srcnn.cpp:55]   --->   Operation 247 'bitcast' 'bitcast_ln27' <Predicate = true> <Delay = 0.00>
ST_30 : [1/1] (0.42ns)   --->   Input mux for Operation 248 '%mul_i = fmul i32 %feat1_load_1, i32 %bitcast_ln27'
ST_30 : Operation 248 [3/3] (6.58ns)   --->   "%mul_i = fmul i32 %feat1_load_1, i32 %bitcast_ln27" [src/conv2.cpp:27->src/srcnn.cpp:55]   --->   Operation 248 'fmul' 'mul_i' <Predicate = true> <Delay = 6.58> <CoreInst = "FMul_maxdsp">   --->   Core 30 'FMul_maxdsp' <Latency = 2> <II = 1> <Delay = 7.01> <FuncUnit> <Opcode : 'fmul'> <InPorts = 2> <OutPorts = 1>

State 31 <SV = 26> <Delay = 7.01>
ST_31 : Operation 249 [2/3] (7.01ns)   --->   "%mul_i = fmul i32 %feat1_load_1, i32 %bitcast_ln27" [src/conv2.cpp:27->src/srcnn.cpp:55]   --->   Operation 249 'fmul' 'mul_i' <Predicate = true> <Delay = 7.01> <CoreInst = "FMul_maxdsp">   --->   Core 30 'FMul_maxdsp' <Latency = 2> <II = 1> <Delay = 7.01> <FuncUnit> <Opcode : 'fmul'> <InPorts = 2> <OutPorts = 1>

State 32 <SV = 27> <Delay = 7.01>
ST_32 : Operation 250 [1/3] (7.01ns)   --->   "%mul_i = fmul i32 %feat1_load_1, i32 %bitcast_ln27" [src/conv2.cpp:27->src/srcnn.cpp:55]   --->   Operation 250 'fmul' 'mul_i' <Predicate = true> <Delay = 7.01> <CoreInst = "FMul_maxdsp">   --->   Core 30 'FMul_maxdsp' <Latency = 2> <II = 1> <Delay = 7.01> <FuncUnit> <Opcode : 'fmul'> <InPorts = 2> <OutPorts = 1>

State 33 <SV = 28> <Delay = 6.43>
ST_33 : [1/1] (0.42ns)   --->   Input mux for Operation 251 '%acc_2 = fadd i32 %acc_1, i32 %mul_i'
ST_33 : Operation 251 [4/4] (6.01ns)   --->   "%acc_2 = fadd i32 %acc_1, i32 %mul_i" [src/conv2.cpp:27->src/srcnn.cpp:55]   --->   Operation 251 'fadd' 'acc_2' <Predicate = true> <Delay = 6.01> <CoreInst = "FAddSub_fulldsp">   --->   Core 18 'FAddSub_fulldsp' <Latency = 3> <II = 1> <Delay = 6.43> <FuncUnit> <Opcode : 'fadd' 'fsub'> <InPorts = 2> <OutPorts = 1>

State 34 <SV = 29> <Delay = 6.43>
ST_34 : Operation 252 [3/4] (6.43ns)   --->   "%acc_2 = fadd i32 %acc_1, i32 %mul_i" [src/conv2.cpp:27->src/srcnn.cpp:55]   --->   Operation 252 'fadd' 'acc_2' <Predicate = true> <Delay = 6.43> <CoreInst = "FAddSub_fulldsp">   --->   Core 18 'FAddSub_fulldsp' <Latency = 3> <II = 1> <Delay = 6.43> <FuncUnit> <Opcode : 'fadd' 'fsub'> <InPorts = 2> <OutPorts = 1>

State 35 <SV = 30> <Delay = 6.43>
ST_35 : Operation 253 [2/4] (6.43ns)   --->   "%acc_2 = fadd i32 %acc_1, i32 %mul_i" [src/conv2.cpp:27->src/srcnn.cpp:55]   --->   Operation 253 'fadd' 'acc_2' <Predicate = true> <Delay = 6.43> <CoreInst = "FAddSub_fulldsp">   --->   Core 18 'FAddSub_fulldsp' <Latency = 3> <II = 1> <Delay = 6.43> <FuncUnit> <Opcode : 'fadd' 'fsub'> <InPorts = 2> <OutPorts = 1>

State 36 <SV = 31> <Delay = 6.43>
ST_36 : Operation 254 [1/1] (0.00ns)   --->   "%speclooptripcount_ln23 = speclooptripcount void @_ssdm_op_SpecLoopTripCount, i64 64, i64 64, i64 64" [src/conv2.cpp:23->src/srcnn.cpp:55]   --->   Operation 254 'speclooptripcount' 'speclooptripcount_ln23' <Predicate = true> <Delay = 0.00>
ST_36 : Operation 255 [1/1] (0.00ns)   --->   "%specloopname_ln25 = specloopname void @_ssdm_op_SpecLoopName, void @empty_135" [src/conv2.cpp:25->src/srcnn.cpp:55]   --->   Operation 255 'specloopname' 'specloopname_ln25' <Predicate = true> <Delay = 0.00>
ST_36 : Operation 256 [1/4] (6.43ns)   --->   "%acc_2 = fadd i32 %acc_1, i32 %mul_i" [src/conv2.cpp:27->src/srcnn.cpp:55]   --->   Operation 256 'fadd' 'acc_2' <Predicate = true> <Delay = 6.43> <CoreInst = "FAddSub_fulldsp">   --->   Core 18 'FAddSub_fulldsp' <Latency = 3> <II = 1> <Delay = 6.43> <FuncUnit> <Opcode : 'fadd' 'fsub'> <InPorts = 2> <OutPorts = 1>
ST_36 : Operation 257 [1/1] (0.00ns)   --->   "%br_ln25 = br void %for.inc.i" [src/conv2.cpp:25->src/srcnn.cpp:55]   --->   Operation 257 'br' 'br_ln25' <Predicate = true> <Delay = 0.00>

State 37 <SV = 4> <Delay = 0.83>
ST_37 : Operation 258 [1/1] (0.00ns)   --->   "%c_3 = load i6 %c_1" [src/srcnn.cpp:56]   --->   Operation 258 'load' 'c_3' <Predicate = true> <Delay = 0.00>
ST_37 : Operation 259 [1/1] (0.00ns)   --->   "%zext_ln59 = zext i6 %c_3" [src/srcnn.cpp:59]   --->   Operation 259 'zext' 'zext_ln59' <Predicate = true> <Delay = 0.00>
ST_37 : Operation 260 [1/1] (0.00ns)   --->   "%tmp_7 = bitconcatenate i14 @_ssdm_op_BitConcatenate.i14.i6.i8, i6 %c_3, i8 0" [src/srcnn.cpp:59]   --->   Operation 260 'bitconcatenate' 'tmp_7' <Predicate = true> <Delay = 0.00>
ST_37 : Operation 261 [1/1] (0.00ns)   --->   "%zext_ln59_1 = zext i14 %tmp_7" [src/srcnn.cpp:59]   --->   Operation 261 'zext' 'zext_ln59_1' <Predicate = true> <Delay = 0.00>
ST_37 : Operation 262 [1/1] (0.83ns)   --->   "%sub_ln59 = sub i15 %zext_ln59_1, i15 %zext_ln59" [src/srcnn.cpp:59]   --->   Operation 262 'sub' 'sub_ln59' <Predicate = true> <Delay = 0.83> <CoreInst = "Adder">   --->   Core 1 'Adder' <Latency = 0> <II = 1> <Delay = 0.83> <FuncUnit> <Opcode : 'add' 'sub'> <InPorts = 2> <OutPorts = 1>
ST_37 : Operation 263 [1/1] (0.00ns)   --->   "%sext_ln56 = sext i15 %sub_ln59" [src/srcnn.cpp:56]   --->   Operation 263 'sext' 'sext_ln56' <Predicate = true> <Delay = 0.00>
ST_37 : Operation 264 [1/1] (0.78ns)   --->   "%icmp_ln56 = icmp_eq  i6 %c_3, i6 32" [src/srcnn.cpp:56]   --->   Operation 264 'icmp' 'icmp_ln56' <Predicate = true> <Delay = 0.78> <CoreInst = "Cmp">   --->   Core 9 'Cmp' <Latency = 0> <II = 1> <Delay = 0.78> <FuncUnit> <Opcode : 'icmp'> <InPorts = 2> <OutPorts = 1>
ST_37 : Operation 265 [1/1] (0.78ns)   --->   "%add_ln56 = add i6 %c_3, i6 1" [src/srcnn.cpp:56]   --->   Operation 265 'add' 'add_ln56' <Predicate = true> <Delay = 0.78> <CoreInst = "Adder">   --->   Core 1 'Adder' <Latency = 0> <II = 1> <Delay = 0.78> <FuncUnit> <Opcode : 'add' 'sub'> <InPorts = 2> <OutPorts = 1>
ST_37 : Operation 266 [1/1] (0.00ns)   --->   "%br_ln56 = br i1 %icmp_ln56, void %VITIS_LOOP_57_5.split, void %for.end64" [src/srcnn.cpp:56]   --->   Operation 266 'br' 'br_ln56' <Predicate = true> <Delay = 0.00>
ST_37 : Operation 267 [1/1] (0.00ns)   --->   "%speclooptripcount_ln56 = speclooptripcount void @_ssdm_op_SpecLoopTripCount, i64 32, i64 32, i64 32" [src/srcnn.cpp:56]   --->   Operation 267 'speclooptripcount' 'speclooptripcount_ln56' <Predicate = (!icmp_ln56)> <Delay = 0.00>
ST_37 : Operation 268 [1/1] (0.00ns)   --->   "%specloopname_ln56 = specloopname void @_ssdm_op_SpecLoopName, void @empty_134" [src/srcnn.cpp:56]   --->   Operation 268 'specloopname' 'specloopname_ln56' <Predicate = (!icmp_ln56)> <Delay = 0.00>
ST_37 : Operation 269 [1/1] (0.42ns)   --->   "%br_ln57 = br void %VITIS_LOOP_58_6" [src/srcnn.cpp:57]   --->   Operation 269 'br' 'br_ln57' <Predicate = (!icmp_ln56)> <Delay = 0.42>
ST_37 : Operation 270 [1/1] (0.00ns)   --->   "%p_cast = partselect i62 @_ssdm_op_PartSelect.i62.i64.i32.i32, i64 %conv3_biases_read, i32 2, i32 63" [src/srcnn.cpp:3]   --->   Operation 270 'partselect' 'p_cast' <Predicate = (icmp_ln56)> <Delay = 0.00>
ST_37 : Operation 271 [1/1] (0.00ns)   --->   "%p_cast_cast = sext i62 %p_cast" [src/srcnn.cpp:3]   --->   Operation 271 'sext' 'p_cast_cast' <Predicate = (icmp_ln56)> <Delay = 0.00>
ST_37 : Operation 272 [1/1] (0.00ns)   --->   "%gmem_wgt_addr_1 = getelementptr i32 %gmem_wgt, i64 %p_cast_cast" [src/srcnn.cpp:3]   --->   Operation 272 'getelementptr' 'gmem_wgt_addr_1' <Predicate = (icmp_ln56)> <Delay = 0.00>

State 38 <SV = 5> <Delay = 1.74>
ST_38 : Operation 273 [1/1] (0.00ns)   --->   "%y_2 = phi i8 %add_ln57, void %for.inc59, i8 0, void %VITIS_LOOP_57_5.split" [src/srcnn.cpp:57]   --->   Operation 273 'phi' 'y_2' <Predicate = true> <Delay = 0.00>
ST_38 : Operation 274 [1/1] (0.00ns)   --->   "%zext_ln59_2 = zext i8 %y_2" [src/srcnn.cpp:59]   --->   Operation 274 'zext' 'zext_ln59_2' <Predicate = true> <Delay = 0.00>
ST_38 : Operation 275 [1/1] (0.84ns)   --->   "%add_ln59 = add i16 %sext_ln56, i16 %zext_ln59_2" [src/srcnn.cpp:59]   --->   Operation 275 'add' 'add_ln59' <Predicate = true> <Delay = 0.84> <CoreInst = "Adder">   --->   Core 1 'Adder' <Latency = 0> <II = 1> <Delay = 0.84> <FuncUnit> <Opcode : 'add' 'sub'> <InPorts = 2> <OutPorts = 1>
ST_38 : Operation 276 [1/1] (0.00ns)   --->   "%sext_ln59 = sext i16 %add_ln59" [src/srcnn.cpp:59]   --->   Operation 276 'sext' 'sext_ln59' <Predicate = true> <Delay = 0.00>
ST_38 : Operation 277 [1/1] (0.00ns)   --->   "%trunc_ln59 = trunc i16 %add_ln59" [src/srcnn.cpp:59]   --->   Operation 277 'trunc' 'trunc_ln59' <Predicate = true> <Delay = 0.00>
ST_38 : Operation 278 [1/1] (0.00ns)   --->   "%p_shl7 = bitconcatenate i21 @_ssdm_op_BitConcatenate.i21.i13.i8, i13 %trunc_ln59, i8 0" [src/srcnn.cpp:59]   --->   Operation 278 'bitconcatenate' 'p_shl7' <Predicate = true> <Delay = 0.00>
ST_38 : Operation 279 [1/1] (0.90ns)   --->   "%sub_ln59_1 = sub i21 %p_shl7, i21 %sext_ln59" [src/srcnn.cpp:59]   --->   Operation 279 'sub' 'sub_ln59_1' <Predicate = true> <Delay = 0.90> <CoreInst = "Adder">   --->   Core 1 'Adder' <Latency = 0> <II = 1> <Delay = 0.90> <FuncUnit> <Opcode : 'add' 'sub'> <InPorts = 2> <OutPorts = 1>
ST_38 : Operation 280 [1/1] (0.76ns)   --->   "%icmp_ln57 = icmp_eq  i8 %y_2, i8 255" [src/srcnn.cpp:57]   --->   Operation 280 'icmp' 'icmp_ln57' <Predicate = true> <Delay = 0.76> <CoreInst = "Cmp">   --->   Core 9 'Cmp' <Latency = 0> <II = 1> <Delay = 0.76> <FuncUnit> <Opcode : 'icmp'> <InPorts = 2> <OutPorts = 1>
ST_38 : Operation 281 [1/1] (0.76ns)   --->   "%add_ln57 = add i8 %y_2, i8 1" [src/srcnn.cpp:57]   --->   Operation 281 'add' 'add_ln57' <Predicate = true> <Delay = 0.76> <CoreInst = "Adder">   --->   Core 1 'Adder' <Latency = 0> <II = 1> <Delay = 0.76> <FuncUnit> <Opcode : 'add' 'sub'> <InPorts = 2> <OutPorts = 1>
ST_38 : Operation 282 [1/1] (0.00ns)   --->   "%br_ln57 = br i1 %icmp_ln57, void %VITIS_LOOP_58_6.split, void %for.inc62" [src/srcnn.cpp:57]   --->   Operation 282 'br' 'br_ln57' <Predicate = true> <Delay = 0.00>
ST_38 : Operation 283 [1/1] (0.00ns)   --->   "%speclooptripcount_ln57 = speclooptripcount void @_ssdm_op_SpecLoopTripCount, i64 255, i64 255, i64 255" [src/srcnn.cpp:57]   --->   Operation 283 'speclooptripcount' 'speclooptripcount_ln57' <Predicate = (!icmp_ln57)> <Delay = 0.00>
ST_38 : Operation 284 [1/1] (0.00ns)   --->   "%specloopname_ln57 = specloopname void @_ssdm_op_SpecLoopName, void @empty_165" [src/srcnn.cpp:57]   --->   Operation 284 'specloopname' 'specloopname_ln57' <Predicate = (!icmp_ln57)> <Delay = 0.00>
ST_38 : Operation 285 [1/1] (0.42ns)   --->   "%br_ln58 = br void %for.body40" [src/srcnn.cpp:58]   --->   Operation 285 'br' 'br_ln58' <Predicate = (!icmp_ln57)> <Delay = 0.42>
ST_38 : Operation 286 [1/1] (0.42ns)   --->   "%store_ln56 = store i6 %add_ln56, i6 %c_1" [src/srcnn.cpp:56]   --->   Operation 286 'store' 'store_ln56' <Predicate = (icmp_ln57)> <Delay = 0.42>
ST_38 : Operation 287 [1/1] (0.00ns)   --->   "%br_ln56 = br void %VITIS_LOOP_57_5" [src/srcnn.cpp:56]   --->   Operation 287 'br' 'br_ln56' <Predicate = (icmp_ln57)> <Delay = 0.00>

State 39 <SV = 6> <Delay = 2.14>
ST_39 : Operation 288 [1/1] (0.00ns)   --->   "%x_2 = phi i8 0, void %VITIS_LOOP_58_6.split, i8 %add_ln58, void %for.inc56" [src/srcnn.cpp:58]   --->   Operation 288 'phi' 'x_2' <Predicate = true> <Delay = 0.00>
ST_39 : Operation 289 [1/1] (0.00ns)   --->   "%zext_ln59_3 = zext i8 %x_2" [src/srcnn.cpp:59]   --->   Operation 289 'zext' 'zext_ln59_3' <Predicate = true> <Delay = 0.00>
ST_39 : Operation 290 [1/1] (0.90ns)   --->   "%add_ln59_1 = add i21 %sub_ln59_1, i21 %zext_ln59_3" [src/srcnn.cpp:59]   --->   Operation 290 'add' 'add_ln59_1' <Predicate = true> <Delay = 0.90> <CoreInst = "Adder">   --->   Core 1 'Adder' <Latency = 0> <II = 1> <Delay = 0.90> <FuncUnit> <Opcode : 'add' 'sub'> <InPorts = 2> <OutPorts = 1>
ST_39 : Operation 291 [1/1] (0.00ns)   --->   "%zext_ln59_4 = zext i21 %add_ln59_1" [src/srcnn.cpp:59]   --->   Operation 291 'zext' 'zext_ln59_4' <Predicate = true> <Delay = 0.00>
ST_39 : Operation 292 [1/1] (0.00ns)   --->   "%feat2_addr = getelementptr i32 %feat2, i64 0, i64 %zext_ln59_4" [src/srcnn.cpp:59]   --->   Operation 292 'getelementptr' 'feat2_addr' <Predicate = true> <Delay = 0.00>
ST_39 : Operation 293 [1/1] (0.76ns)   --->   "%icmp_ln58 = icmp_eq  i8 %x_2, i8 255" [src/srcnn.cpp:58]   --->   Operation 293 'icmp' 'icmp_ln58' <Predicate = true> <Delay = 0.76> <CoreInst = "Cmp">   --->   Core 9 'Cmp' <Latency = 0> <II = 1> <Delay = 0.76> <FuncUnit> <Opcode : 'icmp'> <InPorts = 2> <OutPorts = 1>
ST_39 : Operation 294 [1/1] (0.76ns)   --->   "%add_ln58 = add i8 %x_2, i8 1" [src/srcnn.cpp:58]   --->   Operation 294 'add' 'add_ln58' <Predicate = true> <Delay = 0.76> <CoreInst = "Adder">   --->   Core 1 'Adder' <Latency = 0> <II = 1> <Delay = 0.76> <FuncUnit> <Opcode : 'add' 'sub'> <InPorts = 2> <OutPorts = 1>
ST_39 : Operation 295 [1/1] (0.00ns)   --->   "%br_ln58 = br i1 %icmp_ln58, void %for.body40.split, void %for.inc59" [src/srcnn.cpp:58]   --->   Operation 295 'br' 'br_ln58' <Predicate = true> <Delay = 0.00>
ST_39 : Operation 296 [2/2] (1.23ns)   --->   "%feat2_load = load i21 %feat2_addr" [src/srcnn.cpp:59]   --->   Operation 296 'load' 'feat2_load' <Predicate = (!icmp_ln58)> <Delay = 1.23> <CoreInst = "RAM">   --->   Core 83 'RAM' <Latency = 1> <II = 1> <Delay = 1.23> <Storage> <Opcode : 'load' 'store'> <Ports = 2> <Width = 32> <Depth = 2080800> <RAM>
ST_39 : Operation 297 [1/1] (0.00ns)   --->   "%br_ln57 = br void %VITIS_LOOP_58_6" [src/srcnn.cpp:57]   --->   Operation 297 'br' 'br_ln57' <Predicate = (icmp_ln58)> <Delay = 0.00>

State 40 <SV = 7> <Delay = 4.01>
ST_40 : Operation 298 [1/2] (1.23ns)   --->   "%feat2_load = load i21 %feat2_addr" [src/srcnn.cpp:59]   --->   Operation 298 'load' 'feat2_load' <Predicate = true> <Delay = 1.23> <CoreInst = "RAM">   --->   Core 83 'RAM' <Latency = 1> <II = 1> <Delay = 1.23> <Storage> <Opcode : 'load' 'store'> <Ports = 2> <Width = 32> <Depth = 2080800> <RAM>
ST_40 : Operation 299 [1/1] (0.00ns)   --->   "%bitcast_ln59 = bitcast i32 %feat2_load" [src/srcnn.cpp:59]   --->   Operation 299 'bitcast' 'bitcast_ln59' <Predicate = true> <Delay = 0.00>
ST_40 : Operation 300 [1/1] (0.00ns)   --->   "%tmp_s = partselect i8 @_ssdm_op_PartSelect.i8.i32.i32.i32, i32 %bitcast_ln59, i32 23, i32 30" [src/srcnn.cpp:59]   --->   Operation 300 'partselect' 'tmp_s' <Predicate = true> <Delay = 0.00>
ST_40 : Operation 301 [1/1] (0.00ns)   --->   "%trunc_ln59_1 = trunc i32 %bitcast_ln59" [src/srcnn.cpp:59]   --->   Operation 301 'trunc' 'trunc_ln59_1' <Predicate = true> <Delay = 0.00>
ST_40 : Operation 302 [1/1] (0.76ns)   --->   "%icmp_ln59 = icmp_ne  i8 %tmp_s, i8 255" [src/srcnn.cpp:59]   --->   Operation 302 'icmp' 'icmp_ln59' <Predicate = true> <Delay = 0.76> <CoreInst = "Cmp">   --->   Core 9 'Cmp' <Latency = 0> <II = 1> <Delay = 0.76> <FuncUnit> <Opcode : 'icmp'> <InPorts = 2> <OutPorts = 1>
ST_40 : Operation 303 [1/1] (0.92ns)   --->   "%icmp_ln59_1 = icmp_eq  i23 %trunc_ln59_1, i23 0" [src/srcnn.cpp:59]   --->   Operation 303 'icmp' 'icmp_ln59_1' <Predicate = true> <Delay = 0.92> <CoreInst = "Cmp">   --->   Core 9 'Cmp' <Latency = 0> <II = 1> <Delay = 0.92> <FuncUnit> <Opcode : 'icmp'> <InPorts = 2> <OutPorts = 1>
ST_40 : [1/1] (0.42ns)   --->   Input mux for Operation 304 '%tmp_1 = fcmp_olt  i32 %feat2_load, i32 0'
ST_40 : Operation 304 [2/2] (2.35ns)   --->   "%tmp_1 = fcmp_olt  i32 %feat2_load, i32 0" [src/srcnn.cpp:59]   --->   Operation 304 'fcmp' 'tmp_1' <Predicate = true> <Delay = 2.35> <CoreInst = "FCompare">   --->   Core 19 'FCompare' <Latency = 1> <II = 1> <Delay = 2.78> <FuncUnit> <Opcode : 'fcmp'> <InPorts = 2> <OutPorts = 1>

State 41 <SV = 8> <Delay = 4.30>
ST_41 : Operation 305 [1/1] (0.00ns)   --->   "%speclooptripcount_ln58 = speclooptripcount void @_ssdm_op_SpecLoopTripCount, i64 255, i64 255, i64 255" [src/srcnn.cpp:58]   --->   Operation 305 'speclooptripcount' 'speclooptripcount_ln58' <Predicate = true> <Delay = 0.00>
ST_41 : Operation 306 [1/1] (0.00ns)   --->   "%specloopname_ln58 = specloopname void @_ssdm_op_SpecLoopName, void @empty_164" [src/srcnn.cpp:58]   --->   Operation 306 'specloopname' 'specloopname_ln58' <Predicate = true> <Delay = 0.00>
ST_41 : Operation 307 [1/1] (0.00ns) (grouped into LUT with out node and_ln59)   --->   "%or_ln59 = or i1 %icmp_ln59_1, i1 %icmp_ln59" [src/srcnn.cpp:59]   --->   Operation 307 'or' 'or_ln59' <Predicate = true> <Delay = 0.00> <CoreInst = "LogicGate">   --->   Core 74 'LogicGate' <Latency = 0> <II = 1> <Delay = 0.28> <FuncUnit> <Opcode : 'and' 'or' 'xor'> <InPorts = 2> <OutPorts = 1>
ST_41 : Operation 308 [1/2] (2.78ns)   --->   "%tmp_1 = fcmp_olt  i32 %feat2_load, i32 0" [src/srcnn.cpp:59]   --->   Operation 308 'fcmp' 'tmp_1' <Predicate = true> <Delay = 2.78> <CoreInst = "FCompare">   --->   Core 19 'FCompare' <Latency = 1> <II = 1> <Delay = 2.78> <FuncUnit> <Opcode : 'fcmp'> <InPorts = 2> <OutPorts = 1>
ST_41 : Operation 309 [1/1] (0.28ns) (out node of the LUT)   --->   "%and_ln59 = and i1 %or_ln59, i1 %tmp_1" [src/srcnn.cpp:59]   --->   Operation 309 'and' 'and_ln59' <Predicate = true> <Delay = 0.28> <CoreInst = "LogicGate">   --->   Core 74 'LogicGate' <Latency = 0> <II = 1> <Delay = 0.28> <FuncUnit> <Opcode : 'and' 'or' 'xor'> <InPorts = 2> <OutPorts = 1>
ST_41 : Operation 310 [1/1] (0.00ns)   --->   "%br_ln59 = br i1 %and_ln59, void %for.inc56, void %if.then48" [src/srcnn.cpp:59]   --->   Operation 310 'br' 'br_ln59' <Predicate = true> <Delay = 0.00>
ST_41 : Operation 311 [1/1] (1.23ns)   --->   "%store_ln60 = store i32 0, i21 %feat2_addr" [src/srcnn.cpp:60]   --->   Operation 311 'store' 'store_ln60' <Predicate = (and_ln59)> <Delay = 1.23> <CoreInst = "RAM">   --->   Core 83 'RAM' <Latency = 1> <II = 1> <Delay = 1.23> <Storage> <Opcode : 'load' 'store'> <Ports = 2> <Width = 32> <Depth = 2080800> <RAM>
ST_41 : Operation 312 [1/1] (0.00ns)   --->   "%br_ln61 = br void %for.inc56" [src/srcnn.cpp:61]   --->   Operation 312 'br' 'br_ln61' <Predicate = (and_ln59)> <Delay = 0.00>
ST_41 : Operation 313 [1/1] (0.00ns)   --->   "%br_ln58 = br void %for.body40" [src/srcnn.cpp:58]   --->   Operation 313 'br' 'br_ln58' <Predicate = true> <Delay = 0.00>

State 42 <SV = 5> <Delay = 7.30>
ST_42 : Operation 314 [8/8] (7.30ns)   --->   "%gmem_wgt_load_1_req = readreq i1 @_ssdm_op_ReadReq.m_axi.i32P1A, i32 %gmem_wgt_addr_1, i32 1" [src/srcnn.cpp:3]   --->   Operation 314 'readreq' 'gmem_wgt_load_1_req' <Predicate = true> <Delay = 7.30> <CoreInst = "m_axi">   --->   Core 121 'm_axi' <Latency = 0> <II = 1> <Delay = 1.00> <Adapter> <Opcode : 'read' 'write' 'readreq' 'writereq' 'writeresp'>

State 43 <SV = 6> <Delay = 7.30>
ST_43 : Operation 315 [7/8] (7.30ns)   --->   "%gmem_wgt_load_1_req = readreq i1 @_ssdm_op_ReadReq.m_axi.i32P1A, i32 %gmem_wgt_addr_1, i32 1" [src/srcnn.cpp:3]   --->   Operation 315 'readreq' 'gmem_wgt_load_1_req' <Predicate = true> <Delay = 7.30> <CoreInst = "m_axi">   --->   Core 121 'm_axi' <Latency = 0> <II = 1> <Delay = 1.00> <Adapter> <Opcode : 'read' 'write' 'readreq' 'writereq' 'writeresp'>

State 44 <SV = 7> <Delay = 7.30>
ST_44 : Operation 316 [6/8] (7.30ns)   --->   "%gmem_wgt_load_1_req = readreq i1 @_ssdm_op_ReadReq.m_axi.i32P1A, i32 %gmem_wgt_addr_1, i32 1" [src/srcnn.cpp:3]   --->   Operation 316 'readreq' 'gmem_wgt_load_1_req' <Predicate = true> <Delay = 7.30> <CoreInst = "m_axi">   --->   Core 121 'm_axi' <Latency = 0> <II = 1> <Delay = 1.00> <Adapter> <Opcode : 'read' 'write' 'readreq' 'writereq' 'writeresp'>

State 45 <SV = 8> <Delay = 7.30>
ST_45 : Operation 317 [5/8] (7.30ns)   --->   "%gmem_wgt_load_1_req = readreq i1 @_ssdm_op_ReadReq.m_axi.i32P1A, i32 %gmem_wgt_addr_1, i32 1" [src/srcnn.cpp:3]   --->   Operation 317 'readreq' 'gmem_wgt_load_1_req' <Predicate = true> <Delay = 7.30> <CoreInst = "m_axi">   --->   Core 121 'm_axi' <Latency = 0> <II = 1> <Delay = 1.00> <Adapter> <Opcode : 'read' 'write' 'readreq' 'writereq' 'writeresp'>

State 46 <SV = 9> <Delay = 7.30>
ST_46 : Operation 318 [4/8] (7.30ns)   --->   "%gmem_wgt_load_1_req = readreq i1 @_ssdm_op_ReadReq.m_axi.i32P1A, i32 %gmem_wgt_addr_1, i32 1" [src/srcnn.cpp:3]   --->   Operation 318 'readreq' 'gmem_wgt_load_1_req' <Predicate = true> <Delay = 7.30> <CoreInst = "m_axi">   --->   Core 121 'm_axi' <Latency = 0> <II = 1> <Delay = 1.00> <Adapter> <Opcode : 'read' 'write' 'readreq' 'writereq' 'writeresp'>

State 47 <SV = 10> <Delay = 7.30>
ST_47 : Operation 319 [3/8] (7.30ns)   --->   "%gmem_wgt_load_1_req = readreq i1 @_ssdm_op_ReadReq.m_axi.i32P1A, i32 %gmem_wgt_addr_1, i32 1" [src/srcnn.cpp:3]   --->   Operation 319 'readreq' 'gmem_wgt_load_1_req' <Predicate = true> <Delay = 7.30> <CoreInst = "m_axi">   --->   Core 121 'm_axi' <Latency = 0> <II = 1> <Delay = 1.00> <Adapter> <Opcode : 'read' 'write' 'readreq' 'writereq' 'writeresp'>

State 48 <SV = 11> <Delay = 7.30>
ST_48 : Operation 320 [2/8] (7.30ns)   --->   "%gmem_wgt_load_1_req = readreq i1 @_ssdm_op_ReadReq.m_axi.i32P1A, i32 %gmem_wgt_addr_1, i32 1" [src/srcnn.cpp:3]   --->   Operation 320 'readreq' 'gmem_wgt_load_1_req' <Predicate = true> <Delay = 7.30> <CoreInst = "m_axi">   --->   Core 121 'm_axi' <Latency = 0> <II = 1> <Delay = 1.00> <Adapter> <Opcode : 'read' 'write' 'readreq' 'writereq' 'writeresp'>

State 49 <SV = 12> <Delay = 7.30>
ST_49 : Operation 321 [1/8] (7.30ns)   --->   "%gmem_wgt_load_1_req = readreq i1 @_ssdm_op_ReadReq.m_axi.i32P1A, i32 %gmem_wgt_addr_1, i32 1" [src/srcnn.cpp:3]   --->   Operation 321 'readreq' 'gmem_wgt_load_1_req' <Predicate = true> <Delay = 7.30> <CoreInst = "m_axi">   --->   Core 121 'm_axi' <Latency = 0> <II = 1> <Delay = 1.00> <Adapter> <Opcode : 'read' 'write' 'readreq' 'writereq' 'writeresp'>

State 50 <SV = 13> <Delay = 7.30>
ST_50 : Operation 322 [1/1] (7.30ns)   --->   "%gmem_wgt_addr_1_read = read i32 @_ssdm_op_Read.m_axi.i32P1A, i32 %gmem_wgt_addr_1" [src/srcnn.cpp:3]   --->   Operation 322 'read' 'gmem_wgt_addr_1_read' <Predicate = true> <Delay = 7.30> <CoreInst = "m_axi">   --->   Core 121 'm_axi' <Latency = 0> <II = 1> <Delay = 1.00> <Adapter> <Opcode : 'read' 'write' 'readreq' 'writereq' 'writeresp'>

State 51 <SV = 14> <Delay = 7.30>
ST_51 : Operation 323 [1/1] (0.00ns)   --->   "%empty_280 = bitcast i32 %gmem_wgt_addr_1_read" [src/srcnn.cpp:3]   --->   Operation 323 'bitcast' 'empty_280' <Predicate = true> <Delay = 0.00>
ST_51 : Operation 324 [2/2] (7.30ns)   --->   "%call_ln67 = call void @conv3, i32 %gmem_wgt, i64 %conv3_weights_read, i32 %empty_280, i32 %gmem_out, i64 %output_ftmap_read, i32 %feat2" [src/srcnn.cpp:67]   --->   Operation 324 'call' 'call_ln67' <Predicate = true> <Delay = 7.30> <CoreType = "Generic">   --->   Core 0 '' <Latency = 0> <II = 1> <Delay = 1.00> <Generic> <Opcode : >

State 52 <SV = 15> <Delay = 0.00>
ST_52 : Operation 325 [1/2] (0.00ns)   --->   "%call_ln67 = call void @conv3, i32 %gmem_wgt, i64 %conv3_weights_read, i32 %empty_280, i32 %gmem_out, i64 %output_ftmap_read, i32 %feat2" [src/srcnn.cpp:67]   --->   Operation 325 'call' 'call_ln67' <Predicate = true> <Delay = 0.00> <CoreType = "Generic">   --->   Core 0 '' <Latency = 0> <II = 1> <Delay = 1.00> <Generic> <Opcode : >
ST_52 : Operation 326 [1/1] (0.00ns)   --->   "%ret_ln68 = ret" [src/srcnn.cpp:68]   --->   Operation 326 'ret' 'ret_ln68' <Predicate = true> <Delay = 0.00>


============================================================
+ Verbose Summary: Timing violations
============================================================
Target clock period: 10.000ns, clock uncertainty: 2.700ns.

 <State 1>: 1.000ns
The critical path consists of the following:
	s_axi read operation ('output_ftmap_read', src/srcnn.cpp:3) on port 'output_ftmap' (src/srcnn.cpp:3) [166]  (1.000 ns)

 <State 2>: 0.000ns
The critical path consists of the following:

 <State 3>: 1.200ns
The critical path consists of the following:
	'load' operation ('c', src/srcnn.cpp:44) on local variable 'c' [178]  (0.000 ns)
	'sub' operation ('sub_ln47', src/srcnn.cpp:47) [182]  (0.842 ns)
	blocking operation 0.358 ns on control path)

 <State 4>: 1.767ns
The critical path consists of the following:
	'phi' operation ('y', src/srcnn.cpp:45) with incoming values : ('add_ln45', src/srcnn.cpp:45) [192]  (0.000 ns)
	'add' operation ('add_ln47', src/srcnn.cpp:47) [194]  (0.853 ns)
	'sub' operation ('sub_ln47_1', src/srcnn.cpp:47) [198]  (0.914 ns)

 <State 5>: 2.151ns
The critical path consists of the following:
	'phi' operation ('x', src/srcnn.cpp:46) with incoming values : ('add_ln46', src/srcnn.cpp:46) [207]  (0.000 ns)
	'add' operation ('add_ln47_1', src/srcnn.cpp:47) [209]  (0.914 ns)
	'getelementptr' operation ('feat1_addr', src/srcnn.cpp:47) [211]  (0.000 ns)
	'load' operation ('feat1_load', src/srcnn.cpp:47) on array 'feat1' [218]  (1.237 ns)

 <State 6>: 4.019ns
The critical path consists of the following:
	'load' operation ('feat1_load', src/srcnn.cpp:47) on array 'feat1' [218]  (1.237 ns)
	multiplexor before operation 'fcmp' with delay (0.427 ns)
'fcmp' operation ('tmp_9', src/srcnn.cpp:47) [225]  (2.355 ns)

 <State 7>: 4.306ns
The critical path consists of the following:
	'fcmp' operation ('tmp_9', src/srcnn.cpp:47) [225]  (2.782 ns)
	'and' operation ('and_ln47', src/srcnn.cpp:47) [226]  (0.287 ns)
	blocking operation 1.237 ns on control path)

 <State 8>: 1.208ns
The critical path consists of the following:
	'load' operation ('oc') on local variable 'oc' [245]  (0.000 ns)
	'add' operation ('empty_279', src/conv2.cpp:17->src/srcnn.cpp:55) [262]  (1.088 ns)
	blocking operation 0.12025 ns on control path)

 <State 9>: 7.300ns
The critical path consists of the following:
	bus request operation ('gmem_wgt_load_req', src/conv2.cpp:17->src/srcnn.cpp:55) on port 'gmem_wgt' (src/conv2.cpp:17->src/srcnn.cpp:55) [265]  (7.300 ns)

 <State 10>: 7.300ns
The critical path consists of the following:
	bus request operation ('gmem_wgt_load_req', src/conv2.cpp:17->src/srcnn.cpp:55) on port 'gmem_wgt' (src/conv2.cpp:17->src/srcnn.cpp:55) [265]  (7.300 ns)

 <State 11>: 7.300ns
The critical path consists of the following:
	bus request operation ('gmem_wgt_load_req', src/conv2.cpp:17->src/srcnn.cpp:55) on port 'gmem_wgt' (src/conv2.cpp:17->src/srcnn.cpp:55) [265]  (7.300 ns)

 <State 12>: 7.300ns
The critical path consists of the following:
	bus request operation ('gmem_wgt_load_req', src/conv2.cpp:17->src/srcnn.cpp:55) on port 'gmem_wgt' (src/conv2.cpp:17->src/srcnn.cpp:55) [265]  (7.300 ns)

 <State 13>: 7.300ns
The critical path consists of the following:
	bus request operation ('gmem_wgt_load_req', src/conv2.cpp:17->src/srcnn.cpp:55) on port 'gmem_wgt' (src/conv2.cpp:17->src/srcnn.cpp:55) [265]  (7.300 ns)

 <State 14>: 7.300ns
The critical path consists of the following:
	bus request operation ('gmem_wgt_load_req', src/conv2.cpp:17->src/srcnn.cpp:55) on port 'gmem_wgt' (src/conv2.cpp:17->src/srcnn.cpp:55) [265]  (7.300 ns)

 <State 15>: 7.300ns
The critical path consists of the following:
	bus request operation ('gmem_wgt_load_req', src/conv2.cpp:17->src/srcnn.cpp:55) on port 'gmem_wgt' (src/conv2.cpp:17->src/srcnn.cpp:55) [265]  (7.300 ns)

 <State 16>: 7.300ns
The critical path consists of the following:
	bus request operation ('gmem_wgt_load_req', src/conv2.cpp:17->src/srcnn.cpp:55) on port 'gmem_wgt' (src/conv2.cpp:17->src/srcnn.cpp:55) [265]  (7.300 ns)

 <State 17>: 7.300ns
The critical path consists of the following:
	bus read operation ('gmem_wgt_addr_read', src/conv2.cpp:17->src/srcnn.cpp:55) on port 'gmem_wgt' (src/conv2.cpp:17->src/srcnn.cpp:55) [266]  (7.300 ns)

 <State 18>: 1.746ns
The critical path consists of the following:
	'phi' operation ('y', src/conv2.cpp:19->src/srcnn.cpp:55) with incoming values : ('add_ln19', src/conv2.cpp:19->src/srcnn.cpp:55) [272]  (0.000 ns)
	'add' operation ('add_ln30', src/conv2.cpp:30->src/srcnn.cpp:55) [275]  (0.842 ns)
	'sub' operation ('sub_ln30_1', src/conv2.cpp:30->src/srcnn.cpp:55) [279]  (0.904 ns)

 <State 19>: 0.904ns
The critical path consists of the following:
	'phi' operation ('x', src/conv2.cpp:21->src/srcnn.cpp:55) with incoming values : ('add_ln21', src/conv2.cpp:21->src/srcnn.cpp:55) [288]  (0.000 ns)
	'add' operation ('add_ln30_1', src/conv2.cpp:30->src/srcnn.cpp:55) [291]  (0.904 ns)

 <State 20>: 2.398ns
The critical path consists of the following:
	'phi' operation ('ic', src/conv2.cpp:25->src/srcnn.cpp:55) with incoming values : ('add_ln25', src/conv2.cpp:25->src/srcnn.cpp:55) [302]  (0.000 ns)
	'sub' operation ('sub_ln27', src/conv2.cpp:27->src/srcnn.cpp:55) [307]  (0.842 ns)
	'add' operation ('add_ln27_1', src/conv2.cpp:27->src/srcnn.cpp:55) [309]  (0.853 ns)
	'sub' operation ('sub_ln27_1', src/conv2.cpp:27->src/srcnn.cpp:55) [313]  (0.000 ns)
	'add' operation ('add_ln27_2', src/conv2.cpp:27->src/srcnn.cpp:55) [314]  (0.704 ns)

 <State 21>: 7.300ns
The critical path consists of the following:
	bus request operation ('gmem_wgt_load_2_req', src/conv2.cpp:27->src/srcnn.cpp:55) on port 'gmem_wgt' (src/conv2.cpp:27->src/srcnn.cpp:55) [328]  (7.300 ns)

 <State 22>: 7.300ns
The critical path consists of the following:
	bus request operation ('gmem_wgt_load_2_req', src/conv2.cpp:27->src/srcnn.cpp:55) on port 'gmem_wgt' (src/conv2.cpp:27->src/srcnn.cpp:55) [328]  (7.300 ns)

 <State 23>: 7.300ns
The critical path consists of the following:
	bus request operation ('gmem_wgt_load_2_req', src/conv2.cpp:27->src/srcnn.cpp:55) on port 'gmem_wgt' (src/conv2.cpp:27->src/srcnn.cpp:55) [328]  (7.300 ns)

 <State 24>: 7.300ns
The critical path consists of the following:
	bus request operation ('gmem_wgt_load_2_req', src/conv2.cpp:27->src/srcnn.cpp:55) on port 'gmem_wgt' (src/conv2.cpp:27->src/srcnn.cpp:55) [328]  (7.300 ns)

 <State 25>: 7.300ns
The critical path consists of the following:
	bus request operation ('gmem_wgt_load_2_req', src/conv2.cpp:27->src/srcnn.cpp:55) on port 'gmem_wgt' (src/conv2.cpp:27->src/srcnn.cpp:55) [328]  (7.300 ns)

 <State 26>: 7.300ns
The critical path consists of the following:
	bus request operation ('gmem_wgt_load_2_req', src/conv2.cpp:27->src/srcnn.cpp:55) on port 'gmem_wgt' (src/conv2.cpp:27->src/srcnn.cpp:55) [328]  (7.300 ns)

 <State 27>: 7.300ns
The critical path consists of the following:
	bus request operation ('gmem_wgt_load_2_req', src/conv2.cpp:27->src/srcnn.cpp:55) on port 'gmem_wgt' (src/conv2.cpp:27->src/srcnn.cpp:55) [328]  (7.300 ns)

 <State 28>: 7.300ns
The critical path consists of the following:
	bus request operation ('gmem_wgt_load_2_req', src/conv2.cpp:27->src/srcnn.cpp:55) on port 'gmem_wgt' (src/conv2.cpp:27->src/srcnn.cpp:55) [328]  (7.300 ns)

 <State 29>: 7.300ns
The critical path consists of the following:
	bus read operation ('gmem_wgt_addr_2_read', src/conv2.cpp:27->src/srcnn.cpp:55) on port 'gmem_wgt' (src/conv2.cpp:27->src/srcnn.cpp:55) [329]  (7.300 ns)

 <State 30>: 7.016ns
The critical path consists of the following:
	multiplexor before operation 'fmul' with delay (0.427 ns)
'fmul' operation ('mul_i', src/conv2.cpp:27->src/srcnn.cpp:55) [331]  (6.589 ns)

 <State 31>: 7.016ns
The critical path consists of the following:
	'fmul' operation ('mul_i', src/conv2.cpp:27->src/srcnn.cpp:55) [331]  (7.016 ns)

 <State 32>: 7.016ns
The critical path consists of the following:
	'fmul' operation ('mul_i', src/conv2.cpp:27->src/srcnn.cpp:55) [331]  (7.016 ns)

 <State 33>: 6.437ns
The critical path consists of the following:
	multiplexor before operation 'fadd' with delay (0.427 ns)
'fadd' operation ('acc', src/conv2.cpp:27->src/srcnn.cpp:55) [332]  (6.010 ns)

 <State 34>: 6.437ns
The critical path consists of the following:
	'fadd' operation ('acc', src/conv2.cpp:27->src/srcnn.cpp:55) [332]  (6.437 ns)

 <State 35>: 6.437ns
The critical path consists of the following:
	'fadd' operation ('acc', src/conv2.cpp:27->src/srcnn.cpp:55) [332]  (6.437 ns)

 <State 36>: 6.437ns
The critical path consists of the following:
	'fadd' operation ('acc', src/conv2.cpp:27->src/srcnn.cpp:55) [332]  (6.437 ns)

 <State 37>: 0.831ns
The critical path consists of the following:
	'load' operation ('c', src/srcnn.cpp:56) on local variable 'c' [347]  (0.000 ns)
	'sub' operation ('sub_ln59', src/srcnn.cpp:59) [351]  (0.831 ns)

 <State 38>: 1.746ns
The critical path consists of the following:
	'phi' operation ('y', src/srcnn.cpp:57) with incoming values : ('add_ln57', src/srcnn.cpp:57) [361]  (0.000 ns)
	'add' operation ('add_ln59', src/srcnn.cpp:59) [363]  (0.842 ns)
	'sub' operation ('sub_ln59_1', src/srcnn.cpp:59) [367]  (0.904 ns)

 <State 39>: 2.141ns
The critical path consists of the following:
	'phi' operation ('x', src/srcnn.cpp:58) with incoming values : ('add_ln58', src/srcnn.cpp:58) [376]  (0.000 ns)
	'add' operation ('add_ln59_1', src/srcnn.cpp:59) [378]  (0.904 ns)
	'getelementptr' operation ('feat2_addr', src/srcnn.cpp:59) [380]  (0.000 ns)
	'load' operation ('feat2_load', src/srcnn.cpp:59) on array 'feat2' [387]  (1.237 ns)

 <State 40>: 4.019ns
The critical path consists of the following:
	'load' operation ('feat2_load', src/srcnn.cpp:59) on array 'feat2' [387]  (1.237 ns)
	multiplexor before operation 'fcmp' with delay (0.427 ns)
'fcmp' operation ('tmp_1', src/srcnn.cpp:59) [394]  (2.355 ns)

 <State 41>: 4.306ns
The critical path consists of the following:
	'fcmp' operation ('tmp_1', src/srcnn.cpp:59) [394]  (2.782 ns)
	'and' operation ('and_ln59', src/srcnn.cpp:59) [395]  (0.287 ns)
	blocking operation 1.237 ns on control path)

 <State 42>: 7.300ns
The critical path consists of the following:
	bus request operation ('gmem_wgt_load_1_req', src/srcnn.cpp:3) on port 'gmem_wgt' (src/srcnn.cpp:3) [411]  (7.300 ns)

 <State 43>: 7.300ns
The critical path consists of the following:
	bus request operation ('gmem_wgt_load_1_req', src/srcnn.cpp:3) on port 'gmem_wgt' (src/srcnn.cpp:3) [411]  (7.300 ns)

 <State 44>: 7.300ns
The critical path consists of the following:
	bus request operation ('gmem_wgt_load_1_req', src/srcnn.cpp:3) on port 'gmem_wgt' (src/srcnn.cpp:3) [411]  (7.300 ns)

 <State 45>: 7.300ns
The critical path consists of the following:
	bus request operation ('gmem_wgt_load_1_req', src/srcnn.cpp:3) on port 'gmem_wgt' (src/srcnn.cpp:3) [411]  (7.300 ns)

 <State 46>: 7.300ns
The critical path consists of the following:
	bus request operation ('gmem_wgt_load_1_req', src/srcnn.cpp:3) on port 'gmem_wgt' (src/srcnn.cpp:3) [411]  (7.300 ns)

 <State 47>: 7.300ns
The critical path consists of the following:
	bus request operation ('gmem_wgt_load_1_req', src/srcnn.cpp:3) on port 'gmem_wgt' (src/srcnn.cpp:3) [411]  (7.300 ns)

 <State 48>: 7.300ns
The critical path consists of the following:
	bus request operation ('gmem_wgt_load_1_req', src/srcnn.cpp:3) on port 'gmem_wgt' (src/srcnn.cpp:3) [411]  (7.300 ns)

 <State 49>: 7.300ns
The critical path consists of the following:
	bus request operation ('gmem_wgt_load_1_req', src/srcnn.cpp:3) on port 'gmem_wgt' (src/srcnn.cpp:3) [411]  (7.300 ns)

 <State 50>: 7.300ns
The critical path consists of the following:
	bus read operation ('gmem_wgt_addr_1_read', src/srcnn.cpp:3) on port 'gmem_wgt' (src/srcnn.cpp:3) [412]  (7.300 ns)

 <State 51>: 7.300ns
The critical path consists of the following:
	'call' operation ('call_ln67', src/srcnn.cpp:67) to 'conv3' [414]  (7.300 ns)

 <State 52>: 0.000ns
The critical path consists of the following:


============================================================
+ Verbose Summary: Binding
============================================================
N/A
* FSMD analyzer results:
  - Output states:
 - Input state : 
  - Chain level:
	State 1
	State 2
	State 3
	State 4
	State 5
	State 6
	State 7
	State 8
	State 9
	State 10
	State 11
	State 12
	State 13
	State 14
	State 15
	State 16
	State 17
	State 18
	State 19
	State 20
	State 21
	State 22
	State 23
	State 24
	State 25
	State 26
	State 27
	State 28
	State 29
	State 30
	State 31
	State 32
	State 33
	State 34
	State 35
	State 36
	State 37
	State 38
	State 39
	State 40
	State 41
	State 42
	State 43
	State 44
	State 45
	State 46
	State 47
	State 48
	State 49
	State 50
	State 51
	State 52


============================================================
+ Verbose Summary: Datapath Resource usage 
============================================================
N/A
