

================================================================
== Vitis HLS Report for 'srcnn_top'
================================================================
* Date:           Fri Oct 31 01:55:00 2025

* Version:        2023.1 (Build 3854077 on May  4 2023)
* Project:        srcnn_hls
* Solution:       solution1 (Vivado IP Flow Target)
* Product family: zynquplus
* Target device:  xck26-sfvc784-2LV-c


================================================================
== Performance Estimates
================================================================
+ Timing: 
    * Summary: 
    +--------+----------+----------+------------+
    |  Clock |  Target  | Estimated| Uncertainty|
    +--------+----------+----------+------------+
    |ap_clk  |  10.00 ns|  7.300 ns|     2.70 ns|
    +--------+----------+----------+------------+

+ Latency: 
    * Summary: 
    +----------+------------+-----------+------------+----------+------------+---------+
    |    Latency (cycles)   |   Latency (absolute)   |        Interval       | Pipeline|
    |    min   |     max    |    min    |     max    |    min   |     max    |   Type  |
    +----------+------------+-----------+------------+----------+------------+---------+
    |  89950472|  1042922760|  0.900 sec|  10.429 sec|  89950473|  1042922761|       no|
    +----------+------------+-----------+------------+----------+------------+---------+

    + Detail: 
        * Instance: 
        +------------------+-------+----------+-----------+-----------+-----------+----------+-----------+---------+
        |                  |       |   Latency (cycles)   |   Latency (absolute)  |       Interval       | Pipeline|
        |     Instance     | Module|    min   |    max    |    min    |    max    |    min   |    max    |   Type  |
        +------------------+-------+----------+-----------+-----------+-----------+----------+-----------+---------+
        |grp_conv1_fu_444  |conv1  |   9490433|  239420417|  94.904 ms|  2.394 sec|   9490433|  239420417|       no|
        |grp_conv2_fu_628  |conv2  |  56220161|  374987265|  0.562 sec|  3.750 sec|  56220161|  374987265|       no|
        |grp_conv3_fu_646  |conv3  |  24239873|  428515073|  0.242 sec|  4.285 sec|  24239873|  428515073|       no|
        +------------------+-------+----------+-----------+-----------+-----------+----------+-----------+---------+

        * Loop: 
        N/A

============================================================
+ Verbose Summary: Synthesis Manager
============================================================
InlineROM: 1
ExposeGlobal: 0
============================================================
+ Verbose Summary: CDFG Model
============================================================
IsTopModel: 1
ResetActiveHigh: 1
IsCombinational: 0
IsDatapathOnly: 0
HasWiredReturn: 1
HasMFsm: 0
HasVarLatency: 1
IsPipeline: 0
IsRtlPipelined: 0
IsInstanceOverlapped: 0
IsDontTouch: 0
HasImplIP: 0
IsGatedGlobalClock: 0


============================================================
+ Verbose Summary: Schedule
============================================================
* Number of FSM states : 6
* Pipeline : 0
* Dataflow Pipeline: 0

* FSM state transitions: 
1 --> 2 
2 --> 3 
3 --> 4 
4 --> 5 
5 --> 6 
6 --> 

* FSM state operations: 

State 1 <SV = 0> <Delay = 1.00>
ST_1 : Operation 7 [1/1] (1.00ns)   --->   "%output_ftmap_read = read i64 @_ssdm_op_Read.s_axilite.i64, i64 %output_ftmap" [src/srcnn_top.cpp:4]   --->   Operation 7 'read' 'output_ftmap_read' <Predicate = true> <Delay = 1.00> <CoreInst = "s_axilite">   --->   Core 122 's_axilite' <Latency = 0> <II = 1> <Delay = 1.00> <Adapter> <Opcode : 'read' 'write'>
ST_1 : Operation 8 [1/1] (1.00ns)   --->   "%conv3_biases_read = read i64 @_ssdm_op_Read.s_axilite.i64, i64 %conv3_biases" [src/srcnn_top.cpp:4]   --->   Operation 8 'read' 'conv3_biases_read' <Predicate = true> <Delay = 1.00> <CoreInst = "s_axilite">   --->   Core 122 's_axilite' <Latency = 0> <II = 1> <Delay = 1.00> <Adapter> <Opcode : 'read' 'write'>
ST_1 : Operation 9 [1/1] (1.00ns)   --->   "%conv3_weights_read = read i64 @_ssdm_op_Read.s_axilite.i64, i64 %conv3_weights" [src/srcnn_top.cpp:4]   --->   Operation 9 'read' 'conv3_weights_read' <Predicate = true> <Delay = 1.00> <CoreInst = "s_axilite">   --->   Core 122 's_axilite' <Latency = 0> <II = 1> <Delay = 1.00> <Adapter> <Opcode : 'read' 'write'>
ST_1 : Operation 10 [1/1] (1.00ns)   --->   "%conv2_out_read = read i64 @_ssdm_op_Read.s_axilite.i64, i64 %conv2_out" [src/srcnn_top.cpp:4]   --->   Operation 10 'read' 'conv2_out_read' <Predicate = true> <Delay = 1.00> <CoreInst = "s_axilite">   --->   Core 122 's_axilite' <Latency = 0> <II = 1> <Delay = 1.00> <Adapter> <Opcode : 'read' 'write'>
ST_1 : Operation 11 [1/1] (1.00ns)   --->   "%conv2_biases_read = read i64 @_ssdm_op_Read.s_axilite.i64, i64 %conv2_biases" [src/srcnn_top.cpp:4]   --->   Operation 11 'read' 'conv2_biases_read' <Predicate = true> <Delay = 1.00> <CoreInst = "s_axilite">   --->   Core 122 's_axilite' <Latency = 0> <II = 1> <Delay = 1.00> <Adapter> <Opcode : 'read' 'write'>
ST_1 : Operation 12 [1/1] (1.00ns)   --->   "%conv2_weights_read = read i64 @_ssdm_op_Read.s_axilite.i64, i64 %conv2_weights" [src/srcnn_top.cpp:4]   --->   Operation 12 'read' 'conv2_weights_read' <Predicate = true> <Delay = 1.00> <CoreInst = "s_axilite">   --->   Core 122 's_axilite' <Latency = 0> <II = 1> <Delay = 1.00> <Adapter> <Opcode : 'read' 'write'>
ST_1 : Operation 13 [1/1] (1.00ns)   --->   "%conv1_out_read = read i64 @_ssdm_op_Read.s_axilite.i64, i64 %conv1_out" [src/srcnn_top.cpp:4]   --->   Operation 13 'read' 'conv1_out_read' <Predicate = true> <Delay = 1.00> <CoreInst = "s_axilite">   --->   Core 122 's_axilite' <Latency = 0> <II = 1> <Delay = 1.00> <Adapter> <Opcode : 'read' 'write'>
ST_1 : Operation 14 [1/1] (1.00ns)   --->   "%conv1_biases_read = read i64 @_ssdm_op_Read.s_axilite.i64, i64 %conv1_biases" [src/srcnn_top.cpp:4]   --->   Operation 14 'read' 'conv1_biases_read' <Predicate = true> <Delay = 1.00> <CoreInst = "s_axilite">   --->   Core 122 's_axilite' <Latency = 0> <II = 1> <Delay = 1.00> <Adapter> <Opcode : 'read' 'write'>
ST_1 : Operation 15 [1/1] (1.00ns)   --->   "%conv1_weights_read = read i64 @_ssdm_op_Read.s_axilite.i64, i64 %conv1_weights" [src/srcnn_top.cpp:4]   --->   Operation 15 'read' 'conv1_weights_read' <Predicate = true> <Delay = 1.00> <CoreInst = "s_axilite">   --->   Core 122 's_axilite' <Latency = 0> <II = 1> <Delay = 1.00> <Adapter> <Opcode : 'read' 'write'>
ST_1 : Operation 16 [1/1] (1.00ns)   --->   "%input_ftmap_read = read i64 @_ssdm_op_Read.s_axilite.i64, i64 %input_ftmap" [src/srcnn_top.cpp:4]   --->   Operation 16 'read' 'input_ftmap_read' <Predicate = true> <Delay = 1.00> <CoreInst = "s_axilite">   --->   Core 122 's_axilite' <Latency = 0> <II = 1> <Delay = 1.00> <Adapter> <Opcode : 'read' 'write'>
ST_1 : Operation 17 [2/2] (0.00ns)   --->   "%call_ln43 = call void @conv1, i32 %in_r, i64 %input_ftmap_read, i32 %w1, i64 %conv1_weights_read, i64 %conv1_biases_read, i32 %feat, i64 %conv1_out_read, i32 %out_tile_2, i32 %in_tile_1_0, i32 %p_ZZ5conv1PA255_A255_fPA1_A9_A9_fPfS1_E6w_tile_0_0_0, i32 %p_ZZ5conv1PA255_A255_fPA1_A9_A9_fPfS1_E6w_tile_0_1_0, i32 %p_ZZ5conv1PA255_A255_fPA1_A9_A9_fPfS1_E6w_tile_0_2_0, i32 %p_ZZ5conv1PA255_A255_fPA1_A9_A9_fPfS1_E6w_tile_0_3_0, i32 %p_ZZ5conv1PA255_A255_fPA1_A9_A9_fPfS1_E6w_tile_0_4_0, i32 %p_ZZ5conv1PA255_A255_fPA1_A9_A9_fPfS1_E6w_tile_0_5_0, i32 %p_ZZ5conv1PA255_A255_fPA1_A9_A9_fPfS1_E6w_tile_0_6_0, i32 %p_ZZ5conv1PA255_A255_fPA1_A9_A9_fPfS1_E6w_tile_0_7_0, i32 %p_ZZ5conv1PA255_A255_fPA1_A9_A9_fPfS1_E6w_tile_0_8_0, i32 %p_ZZ5conv1PA255_A255_fPA1_A9_A9_fPfS1_E6w_tile_1_0_0, i32 %p_ZZ5conv1PA255_A255_fPA1_A9_A9_fPfS1_E6w_tile_1_1_0, i32 %p_ZZ5conv1PA255_A255_fPA1_A9_A9_fPfS1_E6w_tile_1_2_0, i32 %p_ZZ5conv1PA255_A255_fPA1_A9_A9_fPfS1_E6w_tile_1_3_0, i32 %p_ZZ5conv1PA255_A255_fPA1_A9_A9_fPfS1_E6w_tile_1_4_0, i32 %p_ZZ5conv1PA255_A255_fPA1_A9_A9_fPfS1_E6w_tile_1_5_0, i32 %p_ZZ5conv1PA255_A255_fPA1_A9_A9_fPfS1_E6w_tile_1_6_0, i32 %p_ZZ5conv1PA255_A255_fPA1_A9_A9_fPfS1_E6w_tile_1_7_0, i32 %p_ZZ5conv1PA255_A255_fPA1_A9_A9_fPfS1_E6w_tile_1_8_0, i32 %p_ZZ5conv1PA255_A255_fPA1_A9_A9_fPfS1_E6w_tile_2_0_0, i32 %p_ZZ5conv1PA255_A255_fPA1_A9_A9_fPfS1_E6w_tile_2_1_0, i32 %p_ZZ5conv1PA255_A255_fPA1_A9_A9_fPfS1_E6w_tile_2_2_0, i32 %p_ZZ5conv1PA255_A255_fPA1_A9_A9_fPfS1_E6w_tile_2_3_0, i32 %p_ZZ5conv1PA255_A255_fPA1_A9_A9_fPfS1_E6w_tile_2_4_0, i32 %p_ZZ5conv1PA255_A255_fPA1_A9_A9_fPfS1_E6w_tile_2_5_0, i32 %p_ZZ5conv1PA255_A255_fPA1_A9_A9_fPfS1_E6w_tile_2_6_0, i32 %p_ZZ5conv1PA255_A255_fPA1_A9_A9_fPfS1_E6w_tile_2_7_0, i32 %p_ZZ5conv1PA255_A255_fPA1_A9_A9_fPfS1_E6w_tile_2_8_0, i32 %p_ZZ5conv1PA255_A255_fPA1_A9_A9_fPfS1_E6w_tile_3_0_0, i32 %p_ZZ5conv1PA255_A255_fPA1_A9_A9_fPfS1_E6w_tile_3_1_0, i32 %p_ZZ5conv1PA255_A255_fPA1_A9_A9_fPfS1_E6w_tile_3_2_0, i32 %p_ZZ5conv1PA255_A255_fPA1_A9_A9_fPfS1_E6w_tile_3_3_0, i32 %p_ZZ5conv1PA255_A255_fPA1_A9_A9_fPfS1_E6w_tile_3_4_0, i32 %p_ZZ5conv1PA255_A255_fPA1_A9_A9_fPfS1_E6w_tile_3_5_0, i32 %p_ZZ5conv1PA255_A255_fPA1_A9_A9_fPfS1_E6w_tile_3_6_0, i32 %p_ZZ5conv1PA255_A255_fPA1_A9_A9_fPfS1_E6w_tile_3_7_0, i32 %p_ZZ5conv1PA255_A255_fPA1_A9_A9_fPfS1_E6w_tile_3_8_0, i32 %p_ZZ5conv1PA255_A255_fPA1_A9_A9_fPfS1_E6w_tile_4_0_0, i32 %p_ZZ5conv1PA255_A255_fPA1_A9_A9_fPfS1_E6w_tile_4_1_0, i32 %p_ZZ5conv1PA255_A255_fPA1_A9_A9_fPfS1_E6w_tile_4_2_0, i32 %p_ZZ5conv1PA255_A255_fPA1_A9_A9_fPfS1_E6w_tile_4_3_0, i32 %p_ZZ5conv1PA255_A255_fPA1_A9_A9_fPfS1_E6w_tile_4_4_0, i32 %p_ZZ5conv1PA255_A255_fPA1_A9_A9_fPfS1_E6w_tile_4_5_0, i32 %p_ZZ5conv1PA255_A255_fPA1_A9_A9_fPfS1_E6w_tile_4_6_0, i32 %p_ZZ5conv1PA255_A255_fPA1_A9_A9_fPfS1_E6w_tile_4_7_0, i32 %p_ZZ5conv1PA255_A255_fPA1_A9_A9_fPfS1_E6w_tile_4_8_0, i32 %p_ZZ5conv1PA255_A255_fPA1_A9_A9_fPfS1_E6w_tile_5_0_0, i32 %p_ZZ5conv1PA255_A255_fPA1_A9_A9_fPfS1_E6w_tile_5_1_0, i32 %p_ZZ5conv1PA255_A255_fPA1_A9_A9_fPfS1_E6w_tile_5_2_0, i32 %p_ZZ5conv1PA255_A255_fPA1_A9_A9_fPfS1_E6w_tile_5_3_0, i32 %p_ZZ5conv1PA255_A255_fPA1_A9_A9_fPfS1_E6w_tile_5_4_0, i32 %p_ZZ5conv1PA255_A255_fPA1_A9_A9_fPfS1_E6w_tile_5_5_0, i32 %p_ZZ5conv1PA255_A255_fPA1_A9_A9_fPfS1_E6w_tile_5_6_0, i32 %p_ZZ5conv1PA255_A255_fPA1_A9_A9_fPfS1_E6w_tile_5_7_0, i32 %p_ZZ5conv1PA255_A255_fPA1_A9_A9_fPfS1_E6w_tile_5_8_0, i32 %p_ZZ5conv1PA255_A255_fPA1_A9_A9_fPfS1_E6w_tile_6_0_0, i32 %p_ZZ5conv1PA255_A255_fPA1_A9_A9_fPfS1_E6w_tile_6_1_0, i32 %p_ZZ5conv1PA255_A255_fPA1_A9_A9_fPfS1_E6w_tile_6_2_0, i32 %p_ZZ5conv1PA255_A255_fPA1_A9_A9_fPfS1_E6w_tile_6_3_0, i32 %p_ZZ5conv1PA255_A255_fPA1_A9_A9_fPfS1_E6w_tile_6_4_0, i32 %p_ZZ5conv1PA255_A255_fPA1_A9_A9_fPfS1_E6w_tile_6_5_0, i32 %p_ZZ5conv1PA255_A255_fPA1_A9_A9_fPfS1_E6w_tile_6_6_0, i32 %p_ZZ5conv1PA255_A255_fPA1_A9_A9_fPfS1_E6w_tile_6_7_0, i32 %p_ZZ5conv1PA255_A255_fPA1_A9_A9_fPfS1_E6w_tile_6_8_0, i32 %p_ZZ5conv1PA255_A255_fPA1_A9_A9_fPfS1_E6w_tile_7_0_0, i32 %p_ZZ5conv1PA255_A255_fPA1_A9_A9_fPfS1_E6w_tile_7_1_0, i32 %p_ZZ5conv1PA255_A255_fPA1_A9_A9_fPfS1_E6w_tile_7_2_0, i32 %p_ZZ5conv1PA255_A255_fPA1_A9_A9_fPfS1_E6w_tile_7_3_0, i32 %p_ZZ5conv1PA255_A255_fPA1_A9_A9_fPfS1_E6w_tile_7_4_0, i32 %p_ZZ5conv1PA255_A255_fPA1_A9_A9_fPfS1_E6w_tile_7_5_0, i32 %p_ZZ5conv1PA255_A255_fPA1_A9_A9_fPfS1_E6w_tile_7_6_0, i32 %p_ZZ5conv1PA255_A255_fPA1_A9_A9_fPfS1_E6w_tile_7_7_0, i32 %p_ZZ5conv1PA255_A255_fPA1_A9_A9_fPfS1_E6w_tile_7_8_0, i32 %p_ZZ5conv1PA255_A255_fPA1_A9_A9_fPfS1_E6w_tile_8_0_0, i32 %p_ZZ5conv1PA255_A255_fPA1_A9_A9_fPfS1_E6w_tile_8_1_0, i32 %p_ZZ5conv1PA255_A255_fPA1_A9_A9_fPfS1_E6w_tile_8_2_0, i32 %p_ZZ5conv1PA255_A255_fPA1_A9_A9_fPfS1_E6w_tile_8_3_0, i32 %p_ZZ5conv1PA255_A255_fPA1_A9_A9_fPfS1_E6w_tile_8_4_0, i32 %p_ZZ5conv1PA255_A255_fPA1_A9_A9_fPfS1_E6w_tile_8_5_0, i32 %p_ZZ5conv1PA255_A255_fPA1_A9_A9_fPfS1_E6w_tile_8_6_0, i32 %p_ZZ5conv1PA255_A255_fPA1_A9_A9_fPfS1_E6w_tile_8_7_0, i32 %p_ZZ5conv1PA255_A255_fPA1_A9_A9_fPfS1_E6w_tile_8_8_0" [src/srcnn_top.cpp:43]   --->   Operation 17 'call' 'call_ln43' <Predicate = true> <Delay = 0.00> <CoreType = "Generic">   --->   Core 0 '' <Latency = 0> <II = 1> <Delay = 1.00> <Generic> <Opcode : >

State 2 <SV = 1> <Delay = 0.00>
ST_2 : Operation 18 [1/2] (0.00ns)   --->   "%call_ln43 = call void @conv1, i32 %in_r, i64 %input_ftmap_read, i32 %w1, i64 %conv1_weights_read, i64 %conv1_biases_read, i32 %feat, i64 %conv1_out_read, i32 %out_tile_2, i32 %in_tile_1_0, i32 %p_ZZ5conv1PA255_A255_fPA1_A9_A9_fPfS1_E6w_tile_0_0_0, i32 %p_ZZ5conv1PA255_A255_fPA1_A9_A9_fPfS1_E6w_tile_0_1_0, i32 %p_ZZ5conv1PA255_A255_fPA1_A9_A9_fPfS1_E6w_tile_0_2_0, i32 %p_ZZ5conv1PA255_A255_fPA1_A9_A9_fPfS1_E6w_tile_0_3_0, i32 %p_ZZ5conv1PA255_A255_fPA1_A9_A9_fPfS1_E6w_tile_0_4_0, i32 %p_ZZ5conv1PA255_A255_fPA1_A9_A9_fPfS1_E6w_tile_0_5_0, i32 %p_ZZ5conv1PA255_A255_fPA1_A9_A9_fPfS1_E6w_tile_0_6_0, i32 %p_ZZ5conv1PA255_A255_fPA1_A9_A9_fPfS1_E6w_tile_0_7_0, i32 %p_ZZ5conv1PA255_A255_fPA1_A9_A9_fPfS1_E6w_tile_0_8_0, i32 %p_ZZ5conv1PA255_A255_fPA1_A9_A9_fPfS1_E6w_tile_1_0_0, i32 %p_ZZ5conv1PA255_A255_fPA1_A9_A9_fPfS1_E6w_tile_1_1_0, i32 %p_ZZ5conv1PA255_A255_fPA1_A9_A9_fPfS1_E6w_tile_1_2_0, i32 %p_ZZ5conv1PA255_A255_fPA1_A9_A9_fPfS1_E6w_tile_1_3_0, i32 %p_ZZ5conv1PA255_A255_fPA1_A9_A9_fPfS1_E6w_tile_1_4_0, i32 %p_ZZ5conv1PA255_A255_fPA1_A9_A9_fPfS1_E6w_tile_1_5_0, i32 %p_ZZ5conv1PA255_A255_fPA1_A9_A9_fPfS1_E6w_tile_1_6_0, i32 %p_ZZ5conv1PA255_A255_fPA1_A9_A9_fPfS1_E6w_tile_1_7_0, i32 %p_ZZ5conv1PA255_A255_fPA1_A9_A9_fPfS1_E6w_tile_1_8_0, i32 %p_ZZ5conv1PA255_A255_fPA1_A9_A9_fPfS1_E6w_tile_2_0_0, i32 %p_ZZ5conv1PA255_A255_fPA1_A9_A9_fPfS1_E6w_tile_2_1_0, i32 %p_ZZ5conv1PA255_A255_fPA1_A9_A9_fPfS1_E6w_tile_2_2_0, i32 %p_ZZ5conv1PA255_A255_fPA1_A9_A9_fPfS1_E6w_tile_2_3_0, i32 %p_ZZ5conv1PA255_A255_fPA1_A9_A9_fPfS1_E6w_tile_2_4_0, i32 %p_ZZ5conv1PA255_A255_fPA1_A9_A9_fPfS1_E6w_tile_2_5_0, i32 %p_ZZ5conv1PA255_A255_fPA1_A9_A9_fPfS1_E6w_tile_2_6_0, i32 %p_ZZ5conv1PA255_A255_fPA1_A9_A9_fPfS1_E6w_tile_2_7_0, i32 %p_ZZ5conv1PA255_A255_fPA1_A9_A9_fPfS1_E6w_tile_2_8_0, i32 %p_ZZ5conv1PA255_A255_fPA1_A9_A9_fPfS1_E6w_tile_3_0_0, i32 %p_ZZ5conv1PA255_A255_fPA1_A9_A9_fPfS1_E6w_tile_3_1_0, i32 %p_ZZ5conv1PA255_A255_fPA1_A9_A9_fPfS1_E6w_tile_3_2_0, i32 %p_ZZ5conv1PA255_A255_fPA1_A9_A9_fPfS1_E6w_tile_3_3_0, i32 %p_ZZ5conv1PA255_A255_fPA1_A9_A9_fPfS1_E6w_tile_3_4_0, i32 %p_ZZ5conv1PA255_A255_fPA1_A9_A9_fPfS1_E6w_tile_3_5_0, i32 %p_ZZ5conv1PA255_A255_fPA1_A9_A9_fPfS1_E6w_tile_3_6_0, i32 %p_ZZ5conv1PA255_A255_fPA1_A9_A9_fPfS1_E6w_tile_3_7_0, i32 %p_ZZ5conv1PA255_A255_fPA1_A9_A9_fPfS1_E6w_tile_3_8_0, i32 %p_ZZ5conv1PA255_A255_fPA1_A9_A9_fPfS1_E6w_tile_4_0_0, i32 %p_ZZ5conv1PA255_A255_fPA1_A9_A9_fPfS1_E6w_tile_4_1_0, i32 %p_ZZ5conv1PA255_A255_fPA1_A9_A9_fPfS1_E6w_tile_4_2_0, i32 %p_ZZ5conv1PA255_A255_fPA1_A9_A9_fPfS1_E6w_tile_4_3_0, i32 %p_ZZ5conv1PA255_A255_fPA1_A9_A9_fPfS1_E6w_tile_4_4_0, i32 %p_ZZ5conv1PA255_A255_fPA1_A9_A9_fPfS1_E6w_tile_4_5_0, i32 %p_ZZ5conv1PA255_A255_fPA1_A9_A9_fPfS1_E6w_tile_4_6_0, i32 %p_ZZ5conv1PA255_A255_fPA1_A9_A9_fPfS1_E6w_tile_4_7_0, i32 %p_ZZ5conv1PA255_A255_fPA1_A9_A9_fPfS1_E6w_tile_4_8_0, i32 %p_ZZ5conv1PA255_A255_fPA1_A9_A9_fPfS1_E6w_tile_5_0_0, i32 %p_ZZ5conv1PA255_A255_fPA1_A9_A9_fPfS1_E6w_tile_5_1_0, i32 %p_ZZ5conv1PA255_A255_fPA1_A9_A9_fPfS1_E6w_tile_5_2_0, i32 %p_ZZ5conv1PA255_A255_fPA1_A9_A9_fPfS1_E6w_tile_5_3_0, i32 %p_ZZ5conv1PA255_A255_fPA1_A9_A9_fPfS1_E6w_tile_5_4_0, i32 %p_ZZ5conv1PA255_A255_fPA1_A9_A9_fPfS1_E6w_tile_5_5_0, i32 %p_ZZ5conv1PA255_A255_fPA1_A9_A9_fPfS1_E6w_tile_5_6_0, i32 %p_ZZ5conv1PA255_A255_fPA1_A9_A9_fPfS1_E6w_tile_5_7_0, i32 %p_ZZ5conv1PA255_A255_fPA1_A9_A9_fPfS1_E6w_tile_5_8_0, i32 %p_ZZ5conv1PA255_A255_fPA1_A9_A9_fPfS1_E6w_tile_6_0_0, i32 %p_ZZ5conv1PA255_A255_fPA1_A9_A9_fPfS1_E6w_tile_6_1_0, i32 %p_ZZ5conv1PA255_A255_fPA1_A9_A9_fPfS1_E6w_tile_6_2_0, i32 %p_ZZ5conv1PA255_A255_fPA1_A9_A9_fPfS1_E6w_tile_6_3_0, i32 %p_ZZ5conv1PA255_A255_fPA1_A9_A9_fPfS1_E6w_tile_6_4_0, i32 %p_ZZ5conv1PA255_A255_fPA1_A9_A9_fPfS1_E6w_tile_6_5_0, i32 %p_ZZ5conv1PA255_A255_fPA1_A9_A9_fPfS1_E6w_tile_6_6_0, i32 %p_ZZ5conv1PA255_A255_fPA1_A9_A9_fPfS1_E6w_tile_6_7_0, i32 %p_ZZ5conv1PA255_A255_fPA1_A9_A9_fPfS1_E6w_tile_6_8_0, i32 %p_ZZ5conv1PA255_A255_fPA1_A9_A9_fPfS1_E6w_tile_7_0_0, i32 %p_ZZ5conv1PA255_A255_fPA1_A9_A9_fPfS1_E6w_tile_7_1_0, i32 %p_ZZ5conv1PA255_A255_fPA1_A9_A9_fPfS1_E6w_tile_7_2_0, i32 %p_ZZ5conv1PA255_A255_fPA1_A9_A9_fPfS1_E6w_tile_7_3_0, i32 %p_ZZ5conv1PA255_A255_fPA1_A9_A9_fPfS1_E6w_tile_7_4_0, i32 %p_ZZ5conv1PA255_A255_fPA1_A9_A9_fPfS1_E6w_tile_7_5_0, i32 %p_ZZ5conv1PA255_A255_fPA1_A9_A9_fPfS1_E6w_tile_7_6_0, i32 %p_ZZ5conv1PA255_A255_fPA1_A9_A9_fPfS1_E6w_tile_7_7_0, i32 %p_ZZ5conv1PA255_A255_fPA1_A9_A9_fPfS1_E6w_tile_7_8_0, i32 %p_ZZ5conv1PA255_A255_fPA1_A9_A9_fPfS1_E6w_tile_8_0_0, i32 %p_ZZ5conv1PA255_A255_fPA1_A9_A9_fPfS1_E6w_tile_8_1_0, i32 %p_ZZ5conv1PA255_A255_fPA1_A9_A9_fPfS1_E6w_tile_8_2_0, i32 %p_ZZ5conv1PA255_A255_fPA1_A9_A9_fPfS1_E6w_tile_8_3_0, i32 %p_ZZ5conv1PA255_A255_fPA1_A9_A9_fPfS1_E6w_tile_8_4_0, i32 %p_ZZ5conv1PA255_A255_fPA1_A9_A9_fPfS1_E6w_tile_8_5_0, i32 %p_ZZ5conv1PA255_A255_fPA1_A9_A9_fPfS1_E6w_tile_8_6_0, i32 %p_ZZ5conv1PA255_A255_fPA1_A9_A9_fPfS1_E6w_tile_8_7_0, i32 %p_ZZ5conv1PA255_A255_fPA1_A9_A9_fPfS1_E6w_tile_8_8_0" [src/srcnn_top.cpp:43]   --->   Operation 18 'call' 'call_ln43' <Predicate = true> <Delay = 0.00> <CoreType = "Generic">   --->   Core 0 '' <Latency = 0> <II = 1> <Delay = 1.00> <Generic> <Opcode : >

State 3 <SV = 2> <Delay = 0.00>
ST_3 : Operation 19 [2/2] (0.00ns)   --->   "%call_ln45 = call void @conv2, i32 %feat, i64 %conv1_out_read, i32 %w2, i64 %conv2_weights_read, i64 %conv2_biases_read, i64 %conv2_out_read, i32 %out_tile_1, i32 %in_tile_0, i32 %w_tile_0" [src/srcnn_top.cpp:45]   --->   Operation 19 'call' 'call_ln45' <Predicate = true> <Delay = 0.00> <CoreType = "Generic">   --->   Core 0 '' <Latency = 0> <II = 1> <Delay = 1.00> <Generic> <Opcode : >

State 4 <SV = 3> <Delay = 0.00>
ST_4 : Operation 20 [1/2] (0.00ns)   --->   "%call_ln45 = call void @conv2, i32 %feat, i64 %conv1_out_read, i32 %w2, i64 %conv2_weights_read, i64 %conv2_biases_read, i64 %conv2_out_read, i32 %out_tile_1, i32 %in_tile_0, i32 %w_tile_0" [src/srcnn_top.cpp:45]   --->   Operation 20 'call' 'call_ln45' <Predicate = true> <Delay = 0.00> <CoreType = "Generic">   --->   Core 0 '' <Latency = 0> <II = 1> <Delay = 1.00> <Generic> <Opcode : >

State 5 <SV = 4> <Delay = 0.00>
ST_5 : Operation 21 [2/2] (0.00ns)   --->   "%call_ln47 = call void @conv3, i32 %feat, i64 %conv2_out_read, i32 %w3, i64 %conv3_weights_read, i64 %conv3_biases_read, i32 %out_r, i64 %output_ftmap_read, i32 %out_tile, i32 %p_ZZ5conv3PA255_A255_fPA32_A5_A5_fPfS1_E7in_tile_0_0_0, i32 %p_ZZ5conv3PA255_A255_fPA32_A5_A5_fPfS1_E7in_tile_0_1_0, i32 %p_ZZ5conv3PA255_A255_fPA32_A5_A5_fPfS1_E7in_tile_0_2_0, i32 %p_ZZ5conv3PA255_A255_fPA32_A5_A5_fPfS1_E7in_tile_0_3_0, i32 %p_ZZ5conv3PA255_A255_fPA32_A5_A5_fPfS1_E7in_tile_0_4_0, i32 %p_ZZ5conv3PA255_A255_fPA32_A5_A5_fPfS1_E7in_tile_1_0_0, i32 %p_ZZ5conv3PA255_A255_fPA32_A5_A5_fPfS1_E7in_tile_1_1_0, i32 %p_ZZ5conv3PA255_A255_fPA32_A5_A5_fPfS1_E7in_tile_1_2_0, i32 %p_ZZ5conv3PA255_A255_fPA32_A5_A5_fPfS1_E7in_tile_1_3_0, i32 %p_ZZ5conv3PA255_A255_fPA32_A5_A5_fPfS1_E7in_tile_1_4_0, i32 %p_ZZ5conv3PA255_A255_fPA32_A5_A5_fPfS1_E7in_tile_2_0_0, i32 %p_ZZ5conv3PA255_A255_fPA32_A5_A5_fPfS1_E7in_tile_2_1_0, i32 %p_ZZ5conv3PA255_A255_fPA32_A5_A5_fPfS1_E7in_tile_2_2_0, i32 %p_ZZ5conv3PA255_A255_fPA32_A5_A5_fPfS1_E7in_tile_2_3_0, i32 %p_ZZ5conv3PA255_A255_fPA32_A5_A5_fPfS1_E7in_tile_2_4_0, i32 %p_ZZ5conv3PA255_A255_fPA32_A5_A5_fPfS1_E7in_tile_3_0_0, i32 %p_ZZ5conv3PA255_A255_fPA32_A5_A5_fPfS1_E7in_tile_3_1_0, i32 %p_ZZ5conv3PA255_A255_fPA32_A5_A5_fPfS1_E7in_tile_3_2_0, i32 %p_ZZ5conv3PA255_A255_fPA32_A5_A5_fPfS1_E7in_tile_3_3_0, i32 %p_ZZ5conv3PA255_A255_fPA32_A5_A5_fPfS1_E7in_tile_3_4_0, i32 %p_ZZ5conv3PA255_A255_fPA32_A5_A5_fPfS1_E7in_tile_4_0_0, i32 %p_ZZ5conv3PA255_A255_fPA32_A5_A5_fPfS1_E7in_tile_4_1_0, i32 %p_ZZ5conv3PA255_A255_fPA32_A5_A5_fPfS1_E7in_tile_4_2_0, i32 %p_ZZ5conv3PA255_A255_fPA32_A5_A5_fPfS1_E7in_tile_4_3_0, i32 %p_ZZ5conv3PA255_A255_fPA32_A5_A5_fPfS1_E7in_tile_4_4_0, i32 %p_ZZ5conv3PA255_A255_fPA32_A5_A5_fPfS1_E6w_tile_0_0_0, i32 %p_ZZ5conv3PA255_A255_fPA32_A5_A5_fPfS1_E6w_tile_0_1_0, i32 %p_ZZ5conv3PA255_A255_fPA32_A5_A5_fPfS1_E6w_tile_0_2_0, i32 %p_ZZ5conv3PA255_A255_fPA32_A5_A5_fPfS1_E6w_tile_0_3_0, i32 %p_ZZ5conv3PA255_A255_fPA32_A5_A5_fPfS1_E6w_tile_0_4_0, i32 %p_ZZ5conv3PA255_A255_fPA32_A5_A5_fPfS1_E6w_tile_1_0_0, i32 %p_ZZ5conv3PA255_A255_fPA32_A5_A5_fPfS1_E6w_tile_1_1_0, i32 %p_ZZ5conv3PA255_A255_fPA32_A5_A5_fPfS1_E6w_tile_1_2_0, i32 %p_ZZ5conv3PA255_A255_fPA32_A5_A5_fPfS1_E6w_tile_1_3_0, i32 %p_ZZ5conv3PA255_A255_fPA32_A5_A5_fPfS1_E6w_tile_1_4_0, i32 %p_ZZ5conv3PA255_A255_fPA32_A5_A5_fPfS1_E6w_tile_2_0_0, i32 %p_ZZ5conv3PA255_A255_fPA32_A5_A5_fPfS1_E6w_tile_2_1_0, i32 %p_ZZ5conv3PA255_A255_fPA32_A5_A5_fPfS1_E6w_tile_2_2_0, i32 %p_ZZ5conv3PA255_A255_fPA32_A5_A5_fPfS1_E6w_tile_2_3_0, i32 %p_ZZ5conv3PA255_A255_fPA32_A5_A5_fPfS1_E6w_tile_2_4_0, i32 %p_ZZ5conv3PA255_A255_fPA32_A5_A5_fPfS1_E6w_tile_3_0_0, i32 %p_ZZ5conv3PA255_A255_fPA32_A5_A5_fPfS1_E6w_tile_3_1_0, i32 %p_ZZ5conv3PA255_A255_fPA32_A5_A5_fPfS1_E6w_tile_3_2_0, i32 %p_ZZ5conv3PA255_A255_fPA32_A5_A5_fPfS1_E6w_tile_3_3_0, i32 %p_ZZ5conv3PA255_A255_fPA32_A5_A5_fPfS1_E6w_tile_3_4_0, i32 %p_ZZ5conv3PA255_A255_fPA32_A5_A5_fPfS1_E6w_tile_4_0_0, i32 %p_ZZ5conv3PA255_A255_fPA32_A5_A5_fPfS1_E6w_tile_4_1_0, i32 %p_ZZ5conv3PA255_A255_fPA32_A5_A5_fPfS1_E6w_tile_4_2_0, i32 %p_ZZ5conv3PA255_A255_fPA32_A5_A5_fPfS1_E6w_tile_4_3_0, i32 %p_ZZ5conv3PA255_A255_fPA32_A5_A5_fPfS1_E6w_tile_4_4_0" [src/srcnn_top.cpp:47]   --->   Operation 21 'call' 'call_ln47' <Predicate = true> <Delay = 0.00> <CoreType = "Generic">   --->   Core 0 '' <Latency = 0> <II = 1> <Delay = 1.00> <Generic> <Opcode : >

State 6 <SV = 5> <Delay = 0.00>
ST_6 : Operation 22 [1/1] (0.00ns)   --->   "%spectopmodule_ln4 = spectopmodule void @_ssdm_op_SpecTopModule, void @empty_45" [src/srcnn_top.cpp:4]   --->   Operation 22 'spectopmodule' 'spectopmodule_ln4' <Predicate = true> <Delay = 0.00>
ST_6 : Operation 23 [1/1] (0.00ns)   --->   "%specinterface_ln0 = specinterface void @_ssdm_op_SpecInterface, i32 %in_r, void @empty_39, i32 0, i32 0, void @empty_40, i32 0, i32 65025, void @empty_41, void @empty_42, void @empty_40, i32 16, i32 16, i32 16, i32 16, void @empty_40, void @empty_40, i32 4294967295, i32 0"   --->   Operation 23 'specinterface' 'specinterface_ln0' <Predicate = true> <Delay = 0.00>
ST_6 : Operation 24 [1/1] (0.00ns)   --->   "%specbitsmap_ln0 = specbitsmap void @_ssdm_op_SpecBitsMap, i32 %in_r"   --->   Operation 24 'specbitsmap' 'specbitsmap_ln0' <Predicate = true> <Delay = 0.00>
ST_6 : Operation 25 [1/1] (0.00ns)   --->   "%specinterface_ln0 = specinterface void @_ssdm_op_SpecInterface, i32 %w1, void @empty_39, i32 0, i32 0, void @empty_40, i32 0, i32 5184, void @empty_43, void @empty_42, void @empty_40, i32 16, i32 16, i32 16, i32 16, void @empty_40, void @empty_40, i32 4294967295, i32 0"   --->   Operation 25 'specinterface' 'specinterface_ln0' <Predicate = true> <Delay = 0.00>
ST_6 : Operation 26 [1/1] (0.00ns)   --->   "%specbitsmap_ln0 = specbitsmap void @_ssdm_op_SpecBitsMap, i32 %w1"   --->   Operation 26 'specbitsmap' 'specbitsmap_ln0' <Predicate = true> <Delay = 0.00>
ST_6 : Operation 27 [1/1] (0.00ns)   --->   "%specinterface_ln0 = specinterface void @_ssdm_op_SpecInterface, i32 %feat, void @empty_39, i32 0, i32 0, void @empty_40, i32 0, i32 4161600, void @empty_44, void @empty_42, void @empty_40, i32 16, i32 16, i32 16, i32 16, void @empty_40, void @empty_40, i32 4294967295, i32 0"   --->   Operation 27 'specinterface' 'specinterface_ln0' <Predicate = true> <Delay = 0.00>
ST_6 : Operation 28 [1/1] (0.00ns)   --->   "%specbitsmap_ln0 = specbitsmap void @_ssdm_op_SpecBitsMap, i32 %feat"   --->   Operation 28 'specbitsmap' 'specbitsmap_ln0' <Predicate = true> <Delay = 0.00>
ST_6 : Operation 29 [1/1] (0.00ns)   --->   "%specinterface_ln0 = specinterface void @_ssdm_op_SpecInterface, i32 %w2, void @empty_39, i32 0, i32 0, void @empty_40, i32 0, i32 2048, void @empty_21, void @empty_42, void @empty_40, i32 16, i32 16, i32 16, i32 16, void @empty_40, void @empty_40, i32 4294967295, i32 0"   --->   Operation 29 'specinterface' 'specinterface_ln0' <Predicate = true> <Delay = 0.00>
ST_6 : Operation 30 [1/1] (0.00ns)   --->   "%specbitsmap_ln0 = specbitsmap void @_ssdm_op_SpecBitsMap, i32 %w2"   --->   Operation 30 'specbitsmap' 'specbitsmap_ln0' <Predicate = true> <Delay = 0.00>
ST_6 : Operation 31 [1/1] (0.00ns)   --->   "%specinterface_ln0 = specinterface void @_ssdm_op_SpecInterface, i32 %w3, void @empty_39, i32 0, i32 0, void @empty_40, i32 0, i32 800, void @empty, void @empty_42, void @empty_40, i32 16, i32 16, i32 16, i32 16, void @empty_40, void @empty_40, i32 4294967295, i32 0"   --->   Operation 31 'specinterface' 'specinterface_ln0' <Predicate = true> <Delay = 0.00>
ST_6 : Operation 32 [1/1] (0.00ns)   --->   "%specbitsmap_ln0 = specbitsmap void @_ssdm_op_SpecBitsMap, i32 %w3"   --->   Operation 32 'specbitsmap' 'specbitsmap_ln0' <Predicate = true> <Delay = 0.00>
ST_6 : Operation 33 [1/1] (0.00ns)   --->   "%specinterface_ln0 = specinterface void @_ssdm_op_SpecInterface, i32 %out_r, void @empty_39, i32 0, i32 0, void @empty_40, i32 0, i32 65025, void @empty_12, void @empty_42, void @empty_40, i32 16, i32 16, i32 16, i32 16, void @empty_40, void @empty_40, i32 4294967295, i32 0"   --->   Operation 33 'specinterface' 'specinterface_ln0' <Predicate = true> <Delay = 0.00>
ST_6 : Operation 34 [1/1] (0.00ns)   --->   "%specbitsmap_ln0 = specbitsmap void @_ssdm_op_SpecBitsMap, i32 %out_r"   --->   Operation 34 'specbitsmap' 'specbitsmap_ln0' <Predicate = true> <Delay = 0.00>
ST_6 : Operation 35 [1/1] (0.00ns)   --->   "%specinterface_ln0 = specinterface void @_ssdm_op_SpecInterface, i64 %input_ftmap, void @empty_1, i32 0, i32 0, void @empty_40, i32 0, i32 0, void @empty_2, void @empty_3, void @empty_40, i32 0, i32 0, i32 0, i32 0, void @empty_40, void @empty_4, i32 4294967295, i32 0"   --->   Operation 35 'specinterface' 'specinterface_ln0' <Predicate = true> <Delay = 0.00>
ST_6 : Operation 36 [1/1] (0.00ns)   --->   "%specinterface_ln0 = specinterface void @_ssdm_op_SpecInterface, i64 %input_ftmap, void @empty_5, i32 0, i32 0, void @empty_40, i32 0, i32 0, void @empty_40, void @empty_40, void @empty_40, i32 0, i32 0, i32 0, i32 0, void @empty_40, void @empty_4, i32 4294967295, i32 0"   --->   Operation 36 'specinterface' 'specinterface_ln0' <Predicate = true> <Delay = 0.00>
ST_6 : Operation 37 [1/1] (0.00ns)   --->   "%specinterface_ln0 = specinterface void @_ssdm_op_SpecInterface, i64 %conv1_weights, void @empty_1, i32 0, i32 0, void @empty_40, i32 0, i32 0, void @empty_2, void @empty_6, void @empty_40, i32 0, i32 0, i32 0, i32 0, void @empty_40, void @empty_4, i32 4294967295, i32 0"   --->   Operation 37 'specinterface' 'specinterface_ln0' <Predicate = true> <Delay = 0.00>
ST_6 : Operation 38 [1/1] (0.00ns)   --->   "%specinterface_ln0 = specinterface void @_ssdm_op_SpecInterface, i64 %conv1_weights, void @empty_5, i32 0, i32 0, void @empty_40, i32 0, i32 0, void @empty_40, void @empty_40, void @empty_40, i32 0, i32 0, i32 0, i32 0, void @empty_40, void @empty_4, i32 4294967295, i32 0"   --->   Operation 38 'specinterface' 'specinterface_ln0' <Predicate = true> <Delay = 0.00>
ST_6 : Operation 39 [1/1] (0.00ns)   --->   "%specinterface_ln0 = specinterface void @_ssdm_op_SpecInterface, i64 %conv1_biases, void @empty_1, i32 0, i32 0, void @empty_40, i32 0, i32 0, void @empty_2, void @empty_7, void @empty_40, i32 0, i32 0, i32 0, i32 0, void @empty_40, void @empty_4, i32 4294967295, i32 0"   --->   Operation 39 'specinterface' 'specinterface_ln0' <Predicate = true> <Delay = 0.00>
ST_6 : Operation 40 [1/1] (0.00ns)   --->   "%specinterface_ln0 = specinterface void @_ssdm_op_SpecInterface, i64 %conv1_biases, void @empty_5, i32 0, i32 0, void @empty_40, i32 0, i32 0, void @empty_40, void @empty_40, void @empty_40, i32 0, i32 0, i32 0, i32 0, void @empty_40, void @empty_4, i32 4294967295, i32 0"   --->   Operation 40 'specinterface' 'specinterface_ln0' <Predicate = true> <Delay = 0.00>
ST_6 : Operation 41 [1/1] (0.00ns)   --->   "%specinterface_ln0 = specinterface void @_ssdm_op_SpecInterface, i64 %conv1_out, void @empty_1, i32 0, i32 0, void @empty_40, i32 0, i32 0, void @empty_2, void @empty_8, void @empty_40, i32 0, i32 0, i32 0, i32 0, void @empty_40, void @empty_4, i32 4294967295, i32 0"   --->   Operation 41 'specinterface' 'specinterface_ln0' <Predicate = true> <Delay = 0.00>
ST_6 : Operation 42 [1/1] (0.00ns)   --->   "%specinterface_ln0 = specinterface void @_ssdm_op_SpecInterface, i64 %conv1_out, void @empty_5, i32 0, i32 0, void @empty_40, i32 0, i32 0, void @empty_40, void @empty_40, void @empty_40, i32 0, i32 0, i32 0, i32 0, void @empty_40, void @empty_4, i32 4294967295, i32 0"   --->   Operation 42 'specinterface' 'specinterface_ln0' <Predicate = true> <Delay = 0.00>
ST_6 : Operation 43 [1/1] (0.00ns)   --->   "%specinterface_ln0 = specinterface void @_ssdm_op_SpecInterface, i64 %conv2_weights, void @empty_1, i32 0, i32 0, void @empty_40, i32 0, i32 0, void @empty_2, void @empty_10, void @empty_40, i32 0, i32 0, i32 0, i32 0, void @empty_40, void @empty_4, i32 4294967295, i32 0"   --->   Operation 43 'specinterface' 'specinterface_ln0' <Predicate = true> <Delay = 0.00>
ST_6 : Operation 44 [1/1] (0.00ns)   --->   "%specinterface_ln0 = specinterface void @_ssdm_op_SpecInterface, i64 %conv2_weights, void @empty_5, i32 0, i32 0, void @empty_40, i32 0, i32 0, void @empty_40, void @empty_40, void @empty_40, i32 0, i32 0, i32 0, i32 0, void @empty_40, void @empty_4, i32 4294967295, i32 0"   --->   Operation 44 'specinterface' 'specinterface_ln0' <Predicate = true> <Delay = 0.00>
ST_6 : Operation 45 [1/1] (0.00ns)   --->   "%specinterface_ln0 = specinterface void @_ssdm_op_SpecInterface, i64 %conv2_biases, void @empty_1, i32 0, i32 0, void @empty_40, i32 0, i32 0, void @empty_2, void @empty_11, void @empty_40, i32 0, i32 0, i32 0, i32 0, void @empty_40, void @empty_4, i32 4294967295, i32 0"   --->   Operation 45 'specinterface' 'specinterface_ln0' <Predicate = true> <Delay = 0.00>
ST_6 : Operation 46 [1/1] (0.00ns)   --->   "%specinterface_ln0 = specinterface void @_ssdm_op_SpecInterface, i64 %conv2_biases, void @empty_5, i32 0, i32 0, void @empty_40, i32 0, i32 0, void @empty_40, void @empty_40, void @empty_40, i32 0, i32 0, i32 0, i32 0, void @empty_40, void @empty_4, i32 4294967295, i32 0"   --->   Operation 46 'specinterface' 'specinterface_ln0' <Predicate = true> <Delay = 0.00>
ST_6 : Operation 47 [1/1] (0.00ns)   --->   "%specinterface_ln0 = specinterface void @_ssdm_op_SpecInterface, i64 %conv2_out, void @empty_1, i32 0, i32 0, void @empty_40, i32 0, i32 0, void @empty_2, void @empty_20, void @empty_40, i32 0, i32 0, i32 0, i32 0, void @empty_40, void @empty_4, i32 4294967295, i32 0"   --->   Operation 47 'specinterface' 'specinterface_ln0' <Predicate = true> <Delay = 0.00>
ST_6 : Operation 48 [1/1] (0.00ns)   --->   "%specinterface_ln0 = specinterface void @_ssdm_op_SpecInterface, i64 %conv2_out, void @empty_5, i32 0, i32 0, void @empty_40, i32 0, i32 0, void @empty_40, void @empty_40, void @empty_40, i32 0, i32 0, i32 0, i32 0, void @empty_40, void @empty_4, i32 4294967295, i32 0"   --->   Operation 48 'specinterface' 'specinterface_ln0' <Predicate = true> <Delay = 0.00>
ST_6 : Operation 49 [1/1] (0.00ns)   --->   "%specinterface_ln0 = specinterface void @_ssdm_op_SpecInterface, i64 %conv3_weights, void @empty_1, i32 0, i32 0, void @empty_40, i32 0, i32 0, void @empty_2, void @empty_13, void @empty_40, i32 0, i32 0, i32 0, i32 0, void @empty_40, void @empty_4, i32 4294967295, i32 0"   --->   Operation 49 'specinterface' 'specinterface_ln0' <Predicate = true> <Delay = 0.00>
ST_6 : Operation 50 [1/1] (0.00ns)   --->   "%specinterface_ln0 = specinterface void @_ssdm_op_SpecInterface, i64 %conv3_weights, void @empty_5, i32 0, i32 0, void @empty_40, i32 0, i32 0, void @empty_40, void @empty_40, void @empty_40, i32 0, i32 0, i32 0, i32 0, void @empty_40, void @empty_4, i32 4294967295, i32 0"   --->   Operation 50 'specinterface' 'specinterface_ln0' <Predicate = true> <Delay = 0.00>
ST_6 : Operation 51 [1/1] (0.00ns)   --->   "%specinterface_ln0 = specinterface void @_ssdm_op_SpecInterface, i64 %conv3_biases, void @empty_1, i32 0, i32 0, void @empty_40, i32 0, i32 0, void @empty_2, void @empty_14, void @empty_40, i32 0, i32 0, i32 0, i32 0, void @empty_40, void @empty_4, i32 4294967295, i32 0"   --->   Operation 51 'specinterface' 'specinterface_ln0' <Predicate = true> <Delay = 0.00>
ST_6 : Operation 52 [1/1] (0.00ns)   --->   "%specinterface_ln0 = specinterface void @_ssdm_op_SpecInterface, i64 %conv3_biases, void @empty_5, i32 0, i32 0, void @empty_40, i32 0, i32 0, void @empty_40, void @empty_40, void @empty_40, i32 0, i32 0, i32 0, i32 0, void @empty_40, void @empty_4, i32 4294967295, i32 0"   --->   Operation 52 'specinterface' 'specinterface_ln0' <Predicate = true> <Delay = 0.00>
ST_6 : Operation 53 [1/1] (0.00ns)   --->   "%specinterface_ln0 = specinterface void @_ssdm_op_SpecInterface, i64 %output_ftmap, void @empty_1, i32 0, i32 0, void @empty_40, i32 0, i32 0, void @empty_2, void @empty_15, void @empty_40, i32 0, i32 0, i32 0, i32 0, void @empty_40, void @empty_4, i32 4294967295, i32 0"   --->   Operation 53 'specinterface' 'specinterface_ln0' <Predicate = true> <Delay = 0.00>
ST_6 : Operation 54 [1/1] (0.00ns)   --->   "%specinterface_ln0 = specinterface void @_ssdm_op_SpecInterface, i64 %output_ftmap, void @empty_5, i32 0, i32 0, void @empty_40, i32 0, i32 0, void @empty_40, void @empty_40, void @empty_40, i32 0, i32 0, i32 0, i32 0, void @empty_40, void @empty_4, i32 4294967295, i32 0"   --->   Operation 54 'specinterface' 'specinterface_ln0' <Predicate = true> <Delay = 0.00>
ST_6 : Operation 55 [1/1] (0.00ns)   --->   "%specinterface_ln0 = specinterface void @_ssdm_op_SpecInterface, i32 0, void @empty_1, i32 0, i32 0, void @empty_40, i32 0, i32 0, void @empty_2, void @empty_40, void @empty_40, i32 0, i32 0, i32 0, i32 0, void @empty_40, void @empty_40, i32 4294967295, i32 0"   --->   Operation 55 'specinterface' 'specinterface_ln0' <Predicate = true> <Delay = 0.00>
ST_6 : Operation 56 [1/2] (0.00ns)   --->   "%call_ln47 = call void @conv3, i32 %feat, i64 %conv2_out_read, i32 %w3, i64 %conv3_weights_read, i64 %conv3_biases_read, i32 %out_r, i64 %output_ftmap_read, i32 %out_tile, i32 %p_ZZ5conv3PA255_A255_fPA32_A5_A5_fPfS1_E7in_tile_0_0_0, i32 %p_ZZ5conv3PA255_A255_fPA32_A5_A5_fPfS1_E7in_tile_0_1_0, i32 %p_ZZ5conv3PA255_A255_fPA32_A5_A5_fPfS1_E7in_tile_0_2_0, i32 %p_ZZ5conv3PA255_A255_fPA32_A5_A5_fPfS1_E7in_tile_0_3_0, i32 %p_ZZ5conv3PA255_A255_fPA32_A5_A5_fPfS1_E7in_tile_0_4_0, i32 %p_ZZ5conv3PA255_A255_fPA32_A5_A5_fPfS1_E7in_tile_1_0_0, i32 %p_ZZ5conv3PA255_A255_fPA32_A5_A5_fPfS1_E7in_tile_1_1_0, i32 %p_ZZ5conv3PA255_A255_fPA32_A5_A5_fPfS1_E7in_tile_1_2_0, i32 %p_ZZ5conv3PA255_A255_fPA32_A5_A5_fPfS1_E7in_tile_1_3_0, i32 %p_ZZ5conv3PA255_A255_fPA32_A5_A5_fPfS1_E7in_tile_1_4_0, i32 %p_ZZ5conv3PA255_A255_fPA32_A5_A5_fPfS1_E7in_tile_2_0_0, i32 %p_ZZ5conv3PA255_A255_fPA32_A5_A5_fPfS1_E7in_tile_2_1_0, i32 %p_ZZ5conv3PA255_A255_fPA32_A5_A5_fPfS1_E7in_tile_2_2_0, i32 %p_ZZ5conv3PA255_A255_fPA32_A5_A5_fPfS1_E7in_tile_2_3_0, i32 %p_ZZ5conv3PA255_A255_fPA32_A5_A5_fPfS1_E7in_tile_2_4_0, i32 %p_ZZ5conv3PA255_A255_fPA32_A5_A5_fPfS1_E7in_tile_3_0_0, i32 %p_ZZ5conv3PA255_A255_fPA32_A5_A5_fPfS1_E7in_tile_3_1_0, i32 %p_ZZ5conv3PA255_A255_fPA32_A5_A5_fPfS1_E7in_tile_3_2_0, i32 %p_ZZ5conv3PA255_A255_fPA32_A5_A5_fPfS1_E7in_tile_3_3_0, i32 %p_ZZ5conv3PA255_A255_fPA32_A5_A5_fPfS1_E7in_tile_3_4_0, i32 %p_ZZ5conv3PA255_A255_fPA32_A5_A5_fPfS1_E7in_tile_4_0_0, i32 %p_ZZ5conv3PA255_A255_fPA32_A5_A5_fPfS1_E7in_tile_4_1_0, i32 %p_ZZ5conv3PA255_A255_fPA32_A5_A5_fPfS1_E7in_tile_4_2_0, i32 %p_ZZ5conv3PA255_A255_fPA32_A5_A5_fPfS1_E7in_tile_4_3_0, i32 %p_ZZ5conv3PA255_A255_fPA32_A5_A5_fPfS1_E7in_tile_4_4_0, i32 %p_ZZ5conv3PA255_A255_fPA32_A5_A5_fPfS1_E6w_tile_0_0_0, i32 %p_ZZ5conv3PA255_A255_fPA32_A5_A5_fPfS1_E6w_tile_0_1_0, i32 %p_ZZ5conv3PA255_A255_fPA32_A5_A5_fPfS1_E6w_tile_0_2_0, i32 %p_ZZ5conv3PA255_A255_fPA32_A5_A5_fPfS1_E6w_tile_0_3_0, i32 %p_ZZ5conv3PA255_A255_fPA32_A5_A5_fPfS1_E6w_tile_0_4_0, i32 %p_ZZ5conv3PA255_A255_fPA32_A5_A5_fPfS1_E6w_tile_1_0_0, i32 %p_ZZ5conv3PA255_A255_fPA32_A5_A5_fPfS1_E6w_tile_1_1_0, i32 %p_ZZ5conv3PA255_A255_fPA32_A5_A5_fPfS1_E6w_tile_1_2_0, i32 %p_ZZ5conv3PA255_A255_fPA32_A5_A5_fPfS1_E6w_tile_1_3_0, i32 %p_ZZ5conv3PA255_A255_fPA32_A5_A5_fPfS1_E6w_tile_1_4_0, i32 %p_ZZ5conv3PA255_A255_fPA32_A5_A5_fPfS1_E6w_tile_2_0_0, i32 %p_ZZ5conv3PA255_A255_fPA32_A5_A5_fPfS1_E6w_tile_2_1_0, i32 %p_ZZ5conv3PA255_A255_fPA32_A5_A5_fPfS1_E6w_tile_2_2_0, i32 %p_ZZ5conv3PA255_A255_fPA32_A5_A5_fPfS1_E6w_tile_2_3_0, i32 %p_ZZ5conv3PA255_A255_fPA32_A5_A5_fPfS1_E6w_tile_2_4_0, i32 %p_ZZ5conv3PA255_A255_fPA32_A5_A5_fPfS1_E6w_tile_3_0_0, i32 %p_ZZ5conv3PA255_A255_fPA32_A5_A5_fPfS1_E6w_tile_3_1_0, i32 %p_ZZ5conv3PA255_A255_fPA32_A5_A5_fPfS1_E6w_tile_3_2_0, i32 %p_ZZ5conv3PA255_A255_fPA32_A5_A5_fPfS1_E6w_tile_3_3_0, i32 %p_ZZ5conv3PA255_A255_fPA32_A5_A5_fPfS1_E6w_tile_3_4_0, i32 %p_ZZ5conv3PA255_A255_fPA32_A5_A5_fPfS1_E6w_tile_4_0_0, i32 %p_ZZ5conv3PA255_A255_fPA32_A5_A5_fPfS1_E6w_tile_4_1_0, i32 %p_ZZ5conv3PA255_A255_fPA32_A5_A5_fPfS1_E6w_tile_4_2_0, i32 %p_ZZ5conv3PA255_A255_fPA32_A5_A5_fPfS1_E6w_tile_4_3_0, i32 %p_ZZ5conv3PA255_A255_fPA32_A5_A5_fPfS1_E6w_tile_4_4_0" [src/srcnn_top.cpp:47]   --->   Operation 56 'call' 'call_ln47' <Predicate = true> <Delay = 0.00> <CoreType = "Generic">   --->   Core 0 '' <Latency = 0> <II = 1> <Delay = 1.00> <Generic> <Opcode : >
ST_6 : Operation 57 [1/1] (0.00ns)   --->   "%ret_ln48 = ret" [src/srcnn_top.cpp:48]   --->   Operation 57 'ret' 'ret_ln48' <Predicate = true> <Delay = 0.00>


============================================================
+ Verbose Summary: Binding
============================================================
STG Binding: 
---------------- STG Properties BEGIN ----------------
- Is combinational: 0
- Is one-state seq: 0
- Is datapath-only: 0
- Is pipelined: 0
- Is top level: 1
Port [ Return ] is wired: 1; IO mode=ap_ctrl_hs:ce=0
Port [ in_r]:  wired=1; compound=1; hidden=0; nouse=0; global=0; static=0; extern=0; dir=0; type=4; pingpong=0; private_global=0; IO mode=m_axi:ce=0
Port [ w1]:  wired=1; compound=1; hidden=0; nouse=0; global=0; static=0; extern=0; dir=0; type=4; pingpong=0; private_global=0; IO mode=m_axi:ce=0
Port [ feat]:  wired=1; compound=1; hidden=0; nouse=0; global=0; static=0; extern=0; dir=2; type=4; pingpong=0; private_global=0; IO mode=m_axi:ce=0
Port [ w2]:  wired=1; compound=1; hidden=0; nouse=0; global=0; static=0; extern=0; dir=0; type=4; pingpong=0; private_global=0; IO mode=m_axi:ce=0
Port [ w3]:  wired=1; compound=1; hidden=0; nouse=0; global=0; static=0; extern=0; dir=0; type=4; pingpong=0; private_global=0; IO mode=m_axi:ce=0
Port [ out_r]:  wired=1; compound=1; hidden=0; nouse=0; global=0; static=0; extern=0; dir=1; type=4; pingpong=0; private_global=0; IO mode=m_axi:ce=0
Port [ input_ftmap]:  wired=1; compound=0; hidden=0; nouse=0; global=0; static=0; extern=0; dir=0; type=0; pingpong=0; private_global=0; IO mode=ap_none:ce=0
Port [ conv1_weights]:  wired=1; compound=0; hidden=0; nouse=0; global=0; static=0; extern=0; dir=0; type=0; pingpong=0; private_global=0; IO mode=ap_none:ce=0
Port [ conv1_biases]:  wired=1; compound=0; hidden=0; nouse=0; global=0; static=0; extern=0; dir=0; type=0; pingpong=0; private_global=0; IO mode=ap_none:ce=0
Port [ conv1_out]:  wired=1; compound=0; hidden=0; nouse=0; global=0; static=0; extern=0; dir=0; type=0; pingpong=0; private_global=0; IO mode=ap_none:ce=0
Port [ conv2_weights]:  wired=1; compound=0; hidden=0; nouse=0; global=0; static=0; extern=0; dir=0; type=0; pingpong=0; private_global=0; IO mode=ap_none:ce=0
Port [ conv2_biases]:  wired=1; compound=0; hidden=0; nouse=0; global=0; static=0; extern=0; dir=0; type=0; pingpong=0; private_global=0; IO mode=ap_none:ce=0
Port [ conv2_out]:  wired=1; compound=0; hidden=0; nouse=0; global=0; static=0; extern=0; dir=0; type=0; pingpong=0; private_global=0; IO mode=ap_none:ce=0
Port [ conv3_weights]:  wired=1; compound=0; hidden=0; nouse=0; global=0; static=0; extern=0; dir=0; type=0; pingpong=0; private_global=0; IO mode=ap_none:ce=0
Port [ conv3_biases]:  wired=1; compound=0; hidden=0; nouse=0; global=0; static=0; extern=0; dir=0; type=0; pingpong=0; private_global=0; IO mode=ap_none:ce=0
Port [ output_ftmap]:  wired=1; compound=0; hidden=0; nouse=0; global=0; static=0; extern=0; dir=0; type=0; pingpong=0; private_global=0; IO mode=ap_none:ce=0
Port [ out_tile_2]:  wired=0; compound=1; hidden=1; nouse=1; global=1; static=1; extern=0; dir=2; type=1; pingpong=0; private_global=0; MemPort=[21]; IO mode=ap_memory:ce=0
Port [ in_tile_1_0]:  wired=0; compound=1; hidden=1; nouse=1; global=1; static=1; extern=0; dir=2; type=1; pingpong=0; private_global=0; MemPort=[21]; IO mode=ap_memory:ce=0
Port [ p_ZZ5conv1PA255_A255_fPA1_A9_A9_fPfS1_E6w_tile_0_0_0]:  wired=0; compound=1; hidden=1; nouse=1; global=1; static=1; extern=0; dir=2; type=1; pingpong=0; private_global=0; MemPort=[23]; IO mode=ap_memory:ce=0
Port [ p_ZZ5conv1PA255_A255_fPA1_A9_A9_fPfS1_E6w_tile_0_1_0]:  wired=0; compound=1; hidden=1; nouse=1; global=1; static=1; extern=0; dir=2; type=1; pingpong=0; private_global=0; MemPort=[23]; IO mode=ap_memory:ce=0
Port [ p_ZZ5conv1PA255_A255_fPA1_A9_A9_fPfS1_E6w_tile_0_2_0]:  wired=0; compound=1; hidden=1; nouse=1; global=1; static=1; extern=0; dir=2; type=1; pingpong=0; private_global=0; MemPort=[23]; IO mode=ap_memory:ce=0
Port [ p_ZZ5conv1PA255_A255_fPA1_A9_A9_fPfS1_E6w_tile_0_3_0]:  wired=0; compound=1; hidden=1; nouse=1; global=1; static=1; extern=0; dir=2; type=1; pingpong=0; private_global=0; MemPort=[23]; IO mode=ap_memory:ce=0
Port [ p_ZZ5conv1PA255_A255_fPA1_A9_A9_fPfS1_E6w_tile_0_4_0]:  wired=0; compound=1; hidden=1; nouse=1; global=1; static=1; extern=0; dir=2; type=1; pingpong=0; private_global=0; MemPort=[23]; IO mode=ap_memory:ce=0
Port [ p_ZZ5conv1PA255_A255_fPA1_A9_A9_fPfS1_E6w_tile_0_5_0]:  wired=0; compound=1; hidden=1; nouse=1; global=1; static=1; extern=0; dir=2; type=1; pingpong=0; private_global=0; MemPort=[23]; IO mode=ap_memory:ce=0
Port [ p_ZZ5conv1PA255_A255_fPA1_A9_A9_fPfS1_E6w_tile_0_6_0]:  wired=0; compound=1; hidden=1; nouse=1; global=1; static=1; extern=0; dir=2; type=1; pingpong=0; private_global=0; MemPort=[23]; IO mode=ap_memory:ce=0
Port [ p_ZZ5conv1PA255_A255_fPA1_A9_A9_fPfS1_E6w_tile_0_7_0]:  wired=0; compound=1; hidden=1; nouse=1; global=1; static=1; extern=0; dir=2; type=1; pingpong=0; private_global=0; MemPort=[23]; IO mode=ap_memory:ce=0
Port [ p_ZZ5conv1PA255_A255_fPA1_A9_A9_fPfS1_E6w_tile_0_8_0]:  wired=0; compound=1; hidden=1; nouse=1; global=1; static=1; extern=0; dir=2; type=1; pingpong=0; private_global=0; MemPort=[23]; IO mode=ap_memory:ce=0
Port [ p_ZZ5conv1PA255_A255_fPA1_A9_A9_fPfS1_E6w_tile_1_0_0]:  wired=0; compound=1; hidden=1; nouse=1; global=1; static=1; extern=0; dir=2; type=1; pingpong=0; private_global=0; MemPort=[23]; IO mode=ap_memory:ce=0
Port [ p_ZZ5conv1PA255_A255_fPA1_A9_A9_fPfS1_E6w_tile_1_1_0]:  wired=0; compound=1; hidden=1; nouse=1; global=1; static=1; extern=0; dir=2; type=1; pingpong=0; private_global=0; MemPort=[23]; IO mode=ap_memory:ce=0
Port [ p_ZZ5conv1PA255_A255_fPA1_A9_A9_fPfS1_E6w_tile_1_2_0]:  wired=0; compound=1; hidden=1; nouse=1; global=1; static=1; extern=0; dir=2; type=1; pingpong=0; private_global=0; MemPort=[23]; IO mode=ap_memory:ce=0
Port [ p_ZZ5conv1PA255_A255_fPA1_A9_A9_fPfS1_E6w_tile_1_3_0]:  wired=0; compound=1; hidden=1; nouse=1; global=1; static=1; extern=0; dir=2; type=1; pingpong=0; private_global=0; MemPort=[23]; IO mode=ap_memory:ce=0
Port [ p_ZZ5conv1PA255_A255_fPA1_A9_A9_fPfS1_E6w_tile_1_4_0]:  wired=0; compound=1; hidden=1; nouse=1; global=1; static=1; extern=0; dir=2; type=1; pingpong=0; private_global=0; MemPort=[23]; IO mode=ap_memory:ce=0
Port [ p_ZZ5conv1PA255_A255_fPA1_A9_A9_fPfS1_E6w_tile_1_5_0]:  wired=0; compound=1; hidden=1; nouse=1; global=1; static=1; extern=0; dir=2; type=1; pingpong=0; private_global=0; MemPort=[23]; IO mode=ap_memory:ce=0
Port [ p_ZZ5conv1PA255_A255_fPA1_A9_A9_fPfS1_E6w_tile_1_6_0]:  wired=0; compound=1; hidden=1; nouse=1; global=1; static=1; extern=0; dir=2; type=1; pingpong=0; private_global=0; MemPort=[23]; IO mode=ap_memory:ce=0
Port [ p_ZZ5conv1PA255_A255_fPA1_A9_A9_fPfS1_E6w_tile_1_7_0]:  wired=0; compound=1; hidden=1; nouse=1; global=1; static=1; extern=0; dir=2; type=1; pingpong=0; private_global=0; MemPort=[23]; IO mode=ap_memory:ce=0
Port [ p_ZZ5conv1PA255_A255_fPA1_A9_A9_fPfS1_E6w_tile_1_8_0]:  wired=0; compound=1; hidden=1; nouse=1; global=1; static=1; extern=0; dir=2; type=1; pingpong=0; private_global=0; MemPort=[23]; IO mode=ap_memory:ce=0
Port [ p_ZZ5conv1PA255_A255_fPA1_A9_A9_fPfS1_E6w_tile_2_0_0]:  wired=0; compound=1; hidden=1; nouse=1; global=1; static=1; extern=0; dir=2; type=1; pingpong=0; private_global=0; MemPort=[23]; IO mode=ap_memory:ce=0
Port [ p_ZZ5conv1PA255_A255_fPA1_A9_A9_fPfS1_E6w_tile_2_1_0]:  wired=0; compound=1; hidden=1; nouse=1; global=1; static=1; extern=0; dir=2; type=1; pingpong=0; private_global=0; MemPort=[23]; IO mode=ap_memory:ce=0
Port [ p_ZZ5conv1PA255_A255_fPA1_A9_A9_fPfS1_E6w_tile_2_2_0]:  wired=0; compound=1; hidden=1; nouse=1; global=1; static=1; extern=0; dir=2; type=1; pingpong=0; private_global=0; MemPort=[23]; IO mode=ap_memory:ce=0
Port [ p_ZZ5conv1PA255_A255_fPA1_A9_A9_fPfS1_E6w_tile_2_3_0]:  wired=0; compound=1; hidden=1; nouse=1; global=1; static=1; extern=0; dir=2; type=1; pingpong=0; private_global=0; MemPort=[23]; IO mode=ap_memory:ce=0
Port [ p_ZZ5conv1PA255_A255_fPA1_A9_A9_fPfS1_E6w_tile_2_4_0]:  wired=0; compound=1; hidden=1; nouse=1; global=1; static=1; extern=0; dir=2; type=1; pingpong=0; private_global=0; MemPort=[23]; IO mode=ap_memory:ce=0
Port [ p_ZZ5conv1PA255_A255_fPA1_A9_A9_fPfS1_E6w_tile_2_5_0]:  wired=0; compound=1; hidden=1; nouse=1; global=1; static=1; extern=0; dir=2; type=1; pingpong=0; private_global=0; MemPort=[23]; IO mode=ap_memory:ce=0
Port [ p_ZZ5conv1PA255_A255_fPA1_A9_A9_fPfS1_E6w_tile_2_6_0]:  wired=0; compound=1; hidden=1; nouse=1; global=1; static=1; extern=0; dir=2; type=1; pingpong=0; private_global=0; MemPort=[23]; IO mode=ap_memory:ce=0
Port [ p_ZZ5conv1PA255_A255_fPA1_A9_A9_fPfS1_E6w_tile_2_7_0]:  wired=0; compound=1; hidden=1; nouse=1; global=1; static=1; extern=0; dir=2; type=1; pingpong=0; private_global=0; MemPort=[23]; IO mode=ap_memory:ce=0
Port [ p_ZZ5conv1PA255_A255_fPA1_A9_A9_fPfS1_E6w_tile_2_8_0]:  wired=0; compound=1; hidden=1; nouse=1; global=1; static=1; extern=0; dir=2; type=1; pingpong=0; private_global=0; MemPort=[23]; IO mode=ap_memory:ce=0
Port [ p_ZZ5conv1PA255_A255_fPA1_A9_A9_fPfS1_E6w_tile_3_0_0]:  wired=0; compound=1; hidden=1; nouse=1; global=1; static=1; extern=0; dir=2; type=1; pingpong=0; private_global=0; MemPort=[23]; IO mode=ap_memory:ce=0
Port [ p_ZZ5conv1PA255_A255_fPA1_A9_A9_fPfS1_E6w_tile_3_1_0]:  wired=0; compound=1; hidden=1; nouse=1; global=1; static=1; extern=0; dir=2; type=1; pingpong=0; private_global=0; MemPort=[23]; IO mode=ap_memory:ce=0
Port [ p_ZZ5conv1PA255_A255_fPA1_A9_A9_fPfS1_E6w_tile_3_2_0]:  wired=0; compound=1; hidden=1; nouse=1; global=1; static=1; extern=0; dir=2; type=1; pingpong=0; private_global=0; MemPort=[23]; IO mode=ap_memory:ce=0
Port [ p_ZZ5conv1PA255_A255_fPA1_A9_A9_fPfS1_E6w_tile_3_3_0]:  wired=0; compound=1; hidden=1; nouse=1; global=1; static=1; extern=0; dir=2; type=1; pingpong=0; private_global=0; MemPort=[23]; IO mode=ap_memory:ce=0
Port [ p_ZZ5conv1PA255_A255_fPA1_A9_A9_fPfS1_E6w_tile_3_4_0]:  wired=0; compound=1; hidden=1; nouse=1; global=1; static=1; extern=0; dir=2; type=1; pingpong=0; private_global=0; MemPort=[23]; IO mode=ap_memory:ce=0
Port [ p_ZZ5conv1PA255_A255_fPA1_A9_A9_fPfS1_E6w_tile_3_5_0]:  wired=0; compound=1; hidden=1; nouse=1; global=1; static=1; extern=0; dir=2; type=1; pingpong=0; private_global=0; MemPort=[23]; IO mode=ap_memory:ce=0
Port [ p_ZZ5conv1PA255_A255_fPA1_A9_A9_fPfS1_E6w_tile_3_6_0]:  wired=0; compound=1; hidden=1; nouse=1; global=1; static=1; extern=0; dir=2; type=1; pingpong=0; private_global=0; MemPort=[23]; IO mode=ap_memory:ce=0
Port [ p_ZZ5conv1PA255_A255_fPA1_A9_A9_fPfS1_E6w_tile_3_7_0]:  wired=0; compound=1; hidden=1; nouse=1; global=1; static=1; extern=0; dir=2; type=1; pingpong=0; private_global=0; MemPort=[23]; IO mode=ap_memory:ce=0
Port [ p_ZZ5conv1PA255_A255_fPA1_A9_A9_fPfS1_E6w_tile_3_8_0]:  wired=0; compound=1; hidden=1; nouse=1; global=1; static=1; extern=0; dir=2; type=1; pingpong=0; private_global=0; MemPort=[23]; IO mode=ap_memory:ce=0
Port [ p_ZZ5conv1PA255_A255_fPA1_A9_A9_fPfS1_E6w_tile_4_0_0]:  wired=0; compound=1; hidden=1; nouse=1; global=1; static=1; extern=0; dir=2; type=1; pingpong=0; private_global=0; MemPort=[23]; IO mode=ap_memory:ce=0
Port [ p_ZZ5conv1PA255_A255_fPA1_A9_A9_fPfS1_E6w_tile_4_1_0]:  wired=0; compound=1; hidden=1; nouse=1; global=1; static=1; extern=0; dir=2; type=1; pingpong=0; private_global=0; MemPort=[23]; IO mode=ap_memory:ce=0
Port [ p_ZZ5conv1PA255_A255_fPA1_A9_A9_fPfS1_E6w_tile_4_2_0]:  wired=0; compound=1; hidden=1; nouse=1; global=1; static=1; extern=0; dir=2; type=1; pingpong=0; private_global=0; MemPort=[23]; IO mode=ap_memory:ce=0
Port [ p_ZZ5conv1PA255_A255_fPA1_A9_A9_fPfS1_E6w_tile_4_3_0]:  wired=0; compound=1; hidden=1; nouse=1; global=1; static=1; extern=0; dir=2; type=1; pingpong=0; private_global=0; MemPort=[23]; IO mode=ap_memory:ce=0
Port [ p_ZZ5conv1PA255_A255_fPA1_A9_A9_fPfS1_E6w_tile_4_4_0]:  wired=0; compound=1; hidden=1; nouse=1; global=1; static=1; extern=0; dir=2; type=1; pingpong=0; private_global=0; MemPort=[23]; IO mode=ap_memory:ce=0
Port [ p_ZZ5conv1PA255_A255_fPA1_A9_A9_fPfS1_E6w_tile_4_5_0]:  wired=0; compound=1; hidden=1; nouse=1; global=1; static=1; extern=0; dir=2; type=1; pingpong=0; private_global=0; MemPort=[23]; IO mode=ap_memory:ce=0
Port [ p_ZZ5conv1PA255_A255_fPA1_A9_A9_fPfS1_E6w_tile_4_6_0]:  wired=0; compound=1; hidden=1; nouse=1; global=1; static=1; extern=0; dir=2; type=1; pingpong=0; private_global=0; MemPort=[23]; IO mode=ap_memory:ce=0
Port [ p_ZZ5conv1PA255_A255_fPA1_A9_A9_fPfS1_E6w_tile_4_7_0]:  wired=0; compound=1; hidden=1; nouse=1; global=1; static=1; extern=0; dir=2; type=1; pingpong=0; private_global=0; MemPort=[23]; IO mode=ap_memory:ce=0
Port [ p_ZZ5conv1PA255_A255_fPA1_A9_A9_fPfS1_E6w_tile_4_8_0]:  wired=0; compound=1; hidden=1; nouse=1; global=1; static=1; extern=0; dir=2; type=1; pingpong=0; private_global=0; MemPort=[23]; IO mode=ap_memory:ce=0
Port [ p_ZZ5conv1PA255_A255_fPA1_A9_A9_fPfS1_E6w_tile_5_0_0]:  wired=0; compound=1; hidden=1; nouse=1; global=1; static=1; extern=0; dir=2; type=1; pingpong=0; private_global=0; MemPort=[23]; IO mode=ap_memory:ce=0
Port [ p_ZZ5conv1PA255_A255_fPA1_A9_A9_fPfS1_E6w_tile_5_1_0]:  wired=0; compound=1; hidden=1; nouse=1; global=1; static=1; extern=0; dir=2; type=1; pingpong=0; private_global=0; MemPort=[23]; IO mode=ap_memory:ce=0
Port [ p_ZZ5conv1PA255_A255_fPA1_A9_A9_fPfS1_E6w_tile_5_2_0]:  wired=0; compound=1; hidden=1; nouse=1; global=1; static=1; extern=0; dir=2; type=1; pingpong=0; private_global=0; MemPort=[23]; IO mode=ap_memory:ce=0
Port [ p_ZZ5conv1PA255_A255_fPA1_A9_A9_fPfS1_E6w_tile_5_3_0]:  wired=0; compound=1; hidden=1; nouse=1; global=1; static=1; extern=0; dir=2; type=1; pingpong=0; private_global=0; MemPort=[23]; IO mode=ap_memory:ce=0
Port [ p_ZZ5conv1PA255_A255_fPA1_A9_A9_fPfS1_E6w_tile_5_4_0]:  wired=0; compound=1; hidden=1; nouse=1; global=1; static=1; extern=0; dir=2; type=1; pingpong=0; private_global=0; MemPort=[23]; IO mode=ap_memory:ce=0
Port [ p_ZZ5conv1PA255_A255_fPA1_A9_A9_fPfS1_E6w_tile_5_5_0]:  wired=0; compound=1; hidden=1; nouse=1; global=1; static=1; extern=0; dir=2; type=1; pingpong=0; private_global=0; MemPort=[23]; IO mode=ap_memory:ce=0
Port [ p_ZZ5conv1PA255_A255_fPA1_A9_A9_fPfS1_E6w_tile_5_6_0]:  wired=0; compound=1; hidden=1; nouse=1; global=1; static=1; extern=0; dir=2; type=1; pingpong=0; private_global=0; MemPort=[23]; IO mode=ap_memory:ce=0
Port [ p_ZZ5conv1PA255_A255_fPA1_A9_A9_fPfS1_E6w_tile_5_7_0]:  wired=0; compound=1; hidden=1; nouse=1; global=1; static=1; extern=0; dir=2; type=1; pingpong=0; private_global=0; MemPort=[23]; IO mode=ap_memory:ce=0
Port [ p_ZZ5conv1PA255_A255_fPA1_A9_A9_fPfS1_E6w_tile_5_8_0]:  wired=0; compound=1; hidden=1; nouse=1; global=1; static=1; extern=0; dir=2; type=1; pingpong=0; private_global=0; MemPort=[23]; IO mode=ap_memory:ce=0
Port [ p_ZZ5conv1PA255_A255_fPA1_A9_A9_fPfS1_E6w_tile_6_0_0]:  wired=0; compound=1; hidden=1; nouse=1; global=1; static=1; extern=0; dir=2; type=1; pingpong=0; private_global=0; MemPort=[23]; IO mode=ap_memory:ce=0
Port [ p_ZZ5conv1PA255_A255_fPA1_A9_A9_fPfS1_E6w_tile_6_1_0]:  wired=0; compound=1; hidden=1; nouse=1; global=1; static=1; extern=0; dir=2; type=1; pingpong=0; private_global=0; MemPort=[23]; IO mode=ap_memory:ce=0
Port [ p_ZZ5conv1PA255_A255_fPA1_A9_A9_fPfS1_E6w_tile_6_2_0]:  wired=0; compound=1; hidden=1; nouse=1; global=1; static=1; extern=0; dir=2; type=1; pingpong=0; private_global=0; MemPort=[23]; IO mode=ap_memory:ce=0
Port [ p_ZZ5conv1PA255_A255_fPA1_A9_A9_fPfS1_E6w_tile_6_3_0]:  wired=0; compound=1; hidden=1; nouse=1; global=1; static=1; extern=0; dir=2; type=1; pingpong=0; private_global=0; MemPort=[23]; IO mode=ap_memory:ce=0
Port [ p_ZZ5conv1PA255_A255_fPA1_A9_A9_fPfS1_E6w_tile_6_4_0]:  wired=0; compound=1; hidden=1; nouse=1; global=1; static=1; extern=0; dir=2; type=1; pingpong=0; private_global=0; MemPort=[23]; IO mode=ap_memory:ce=0
Port [ p_ZZ5conv1PA255_A255_fPA1_A9_A9_fPfS1_E6w_tile_6_5_0]:  wired=0; compound=1; hidden=1; nouse=1; global=1; static=1; extern=0; dir=2; type=1; pingpong=0; private_global=0; MemPort=[23]; IO mode=ap_memory:ce=0
Port [ p_ZZ5conv1PA255_A255_fPA1_A9_A9_fPfS1_E6w_tile_6_6_0]:  wired=0; compound=1; hidden=1; nouse=1; global=1; static=1; extern=0; dir=2; type=1; pingpong=0; private_global=0; MemPort=[23]; IO mode=ap_memory:ce=0
Port [ p_ZZ5conv1PA255_A255_fPA1_A9_A9_fPfS1_E6w_tile_6_7_0]:  wired=0; compound=1; hidden=1; nouse=1; global=1; static=1; extern=0; dir=2; type=1; pingpong=0; private_global=0; MemPort=[23]; IO mode=ap_memory:ce=0
Port [ p_ZZ5conv1PA255_A255_fPA1_A9_A9_fPfS1_E6w_tile_6_8_0]:  wired=0; compound=1; hidden=1; nouse=1; global=1; static=1; extern=0; dir=2; type=1; pingpong=0; private_global=0; MemPort=[23]; IO mode=ap_memory:ce=0
Port [ p_ZZ5conv1PA255_A255_fPA1_A9_A9_fPfS1_E6w_tile_7_0_0]:  wired=0; compound=1; hidden=1; nouse=1; global=1; static=1; extern=0; dir=2; type=1; pingpong=0; private_global=0; MemPort=[23]; IO mode=ap_memory:ce=0
Port [ p_ZZ5conv1PA255_A255_fPA1_A9_A9_fPfS1_E6w_tile_7_1_0]:  wired=0; compound=1; hidden=1; nouse=1; global=1; static=1; extern=0; dir=2; type=1; pingpong=0; private_global=0; MemPort=[23]; IO mode=ap_memory:ce=0
Port [ p_ZZ5conv1PA255_A255_fPA1_A9_A9_fPfS1_E6w_tile_7_2_0]:  wired=0; compound=1; hidden=1; nouse=1; global=1; static=1; extern=0; dir=2; type=1; pingpong=0; private_global=0; MemPort=[23]; IO mode=ap_memory:ce=0
Port [ p_ZZ5conv1PA255_A255_fPA1_A9_A9_fPfS1_E6w_tile_7_3_0]:  wired=0; compound=1; hidden=1; nouse=1; global=1; static=1; extern=0; dir=2; type=1; pingpong=0; private_global=0; MemPort=[23]; IO mode=ap_memory:ce=0
Port [ p_ZZ5conv1PA255_A255_fPA1_A9_A9_fPfS1_E6w_tile_7_4_0]:  wired=0; compound=1; hidden=1; nouse=1; global=1; static=1; extern=0; dir=2; type=1; pingpong=0; private_global=0; MemPort=[23]; IO mode=ap_memory:ce=0
Port [ p_ZZ5conv1PA255_A255_fPA1_A9_A9_fPfS1_E6w_tile_7_5_0]:  wired=0; compound=1; hidden=1; nouse=1; global=1; static=1; extern=0; dir=2; type=1; pingpong=0; private_global=0; MemPort=[23]; IO mode=ap_memory:ce=0
Port [ p_ZZ5conv1PA255_A255_fPA1_A9_A9_fPfS1_E6w_tile_7_6_0]:  wired=0; compound=1; hidden=1; nouse=1; global=1; static=1; extern=0; dir=2; type=1; pingpong=0; private_global=0; MemPort=[23]; IO mode=ap_memory:ce=0
Port [ p_ZZ5conv1PA255_A255_fPA1_A9_A9_fPfS1_E6w_tile_7_7_0]:  wired=0; compound=1; hidden=1; nouse=1; global=1; static=1; extern=0; dir=2; type=1; pingpong=0; private_global=0; MemPort=[23]; IO mode=ap_memory:ce=0
Port [ p_ZZ5conv1PA255_A255_fPA1_A9_A9_fPfS1_E6w_tile_7_8_0]:  wired=0; compound=1; hidden=1; nouse=1; global=1; static=1; extern=0; dir=2; type=1; pingpong=0; private_global=0; MemPort=[23]; IO mode=ap_memory:ce=0
Port [ p_ZZ5conv1PA255_A255_fPA1_A9_A9_fPfS1_E6w_tile_8_0_0]:  wired=0; compound=1; hidden=1; nouse=1; global=1; static=1; extern=0; dir=2; type=1; pingpong=0; private_global=0; MemPort=[23]; IO mode=ap_memory:ce=0
Port [ p_ZZ5conv1PA255_A255_fPA1_A9_A9_fPfS1_E6w_tile_8_1_0]:  wired=0; compound=1; hidden=1; nouse=1; global=1; static=1; extern=0; dir=2; type=1; pingpong=0; private_global=0; MemPort=[23]; IO mode=ap_memory:ce=0
Port [ p_ZZ5conv1PA255_A255_fPA1_A9_A9_fPfS1_E6w_tile_8_2_0]:  wired=0; compound=1; hidden=1; nouse=1; global=1; static=1; extern=0; dir=2; type=1; pingpong=0; private_global=0; MemPort=[23]; IO mode=ap_memory:ce=0
Port [ p_ZZ5conv1PA255_A255_fPA1_A9_A9_fPfS1_E6w_tile_8_3_0]:  wired=0; compound=1; hidden=1; nouse=1; global=1; static=1; extern=0; dir=2; type=1; pingpong=0; private_global=0; MemPort=[23]; IO mode=ap_memory:ce=0
Port [ p_ZZ5conv1PA255_A255_fPA1_A9_A9_fPfS1_E6w_tile_8_4_0]:  wired=0; compound=1; hidden=1; nouse=1; global=1; static=1; extern=0; dir=2; type=1; pingpong=0; private_global=0; MemPort=[23]; IO mode=ap_memory:ce=0
Port [ p_ZZ5conv1PA255_A255_fPA1_A9_A9_fPfS1_E6w_tile_8_5_0]:  wired=0; compound=1; hidden=1; nouse=1; global=1; static=1; extern=0; dir=2; type=1; pingpong=0; private_global=0; MemPort=[23]; IO mode=ap_memory:ce=0
Port [ p_ZZ5conv1PA255_A255_fPA1_A9_A9_fPfS1_E6w_tile_8_6_0]:  wired=0; compound=1; hidden=1; nouse=1; global=1; static=1; extern=0; dir=2; type=1; pingpong=0; private_global=0; MemPort=[23]; IO mode=ap_memory:ce=0
Port [ p_ZZ5conv1PA255_A255_fPA1_A9_A9_fPfS1_E6w_tile_8_7_0]:  wired=0; compound=1; hidden=1; nouse=1; global=1; static=1; extern=0; dir=2; type=1; pingpong=0; private_global=0; MemPort=[23]; IO mode=ap_memory:ce=0
Port [ p_ZZ5conv1PA255_A255_fPA1_A9_A9_fPfS1_E6w_tile_8_8_0]:  wired=0; compound=1; hidden=1; nouse=1; global=1; static=1; extern=0; dir=2; type=1; pingpong=0; private_global=0; MemPort=[23]; IO mode=ap_memory:ce=0
Port [ out_tile_1]:  wired=0; compound=1; hidden=1; nouse=1; global=1; static=1; extern=0; dir=2; type=1; pingpong=0; private_global=0; MemPort=[21]; IO mode=ap_memory:ce=0
Port [ in_tile_0]:  wired=0; compound=1; hidden=1; nouse=1; global=1; static=1; extern=0; dir=2; type=1; pingpong=0; private_global=0; MemPort=[23]; IO mode=ap_memory:ce=0
Port [ w_tile_0]:  wired=0; compound=1; hidden=1; nouse=1; global=1; static=1; extern=0; dir=2; type=1; pingpong=0; private_global=0; MemPort=[23]; IO mode=ap_memory:ce=0
Port [ out_tile]:  wired=0; compound=1; hidden=1; nouse=1; global=1; static=1; extern=0; dir=2; type=1; pingpong=0; private_global=0; MemPort=[21]; IO mode=ap_memory:ce=0
Port [ p_ZZ5conv3PA255_A255_fPA32_A5_A5_fPfS1_E7in_tile_0_0_0]:  wired=0; compound=1; hidden=1; nouse=1; global=1; static=1; extern=0; dir=2; type=1; pingpong=0; private_global=0; MemPort=[21]; IO mode=ap_memory:ce=0
Port [ p_ZZ5conv3PA255_A255_fPA32_A5_A5_fPfS1_E7in_tile_0_1_0]:  wired=0; compound=1; hidden=1; nouse=1; global=1; static=1; extern=0; dir=2; type=1; pingpong=0; private_global=0; MemPort=[21]; IO mode=ap_memory:ce=0
Port [ p_ZZ5conv3PA255_A255_fPA32_A5_A5_fPfS1_E7in_tile_0_2_0]:  wired=0; compound=1; hidden=1; nouse=1; global=1; static=1; extern=0; dir=2; type=1; pingpong=0; private_global=0; MemPort=[21]; IO mode=ap_memory:ce=0
Port [ p_ZZ5conv3PA255_A255_fPA32_A5_A5_fPfS1_E7in_tile_0_3_0]:  wired=0; compound=1; hidden=1; nouse=1; global=1; static=1; extern=0; dir=2; type=1; pingpong=0; private_global=0; MemPort=[21]; IO mode=ap_memory:ce=0
Port [ p_ZZ5conv3PA255_A255_fPA32_A5_A5_fPfS1_E7in_tile_0_4_0]:  wired=0; compound=1; hidden=1; nouse=1; global=1; static=1; extern=0; dir=2; type=1; pingpong=0; private_global=0; MemPort=[21]; IO mode=ap_memory:ce=0
Port [ p_ZZ5conv3PA255_A255_fPA32_A5_A5_fPfS1_E7in_tile_1_0_0]:  wired=0; compound=1; hidden=1; nouse=1; global=1; static=1; extern=0; dir=2; type=1; pingpong=0; private_global=0; MemPort=[21]; IO mode=ap_memory:ce=0
Port [ p_ZZ5conv3PA255_A255_fPA32_A5_A5_fPfS1_E7in_tile_1_1_0]:  wired=0; compound=1; hidden=1; nouse=1; global=1; static=1; extern=0; dir=2; type=1; pingpong=0; private_global=0; MemPort=[21]; IO mode=ap_memory:ce=0
Port [ p_ZZ5conv3PA255_A255_fPA32_A5_A5_fPfS1_E7in_tile_1_2_0]:  wired=0; compound=1; hidden=1; nouse=1; global=1; static=1; extern=0; dir=2; type=1; pingpong=0; private_global=0; MemPort=[21]; IO mode=ap_memory:ce=0
Port [ p_ZZ5conv3PA255_A255_fPA32_A5_A5_fPfS1_E7in_tile_1_3_0]:  wired=0; compound=1; hidden=1; nouse=1; global=1; static=1; extern=0; dir=2; type=1; pingpong=0; private_global=0; MemPort=[21]; IO mode=ap_memory:ce=0
Port [ p_ZZ5conv3PA255_A255_fPA32_A5_A5_fPfS1_E7in_tile_1_4_0]:  wired=0; compound=1; hidden=1; nouse=1; global=1; static=1; extern=0; dir=2; type=1; pingpong=0; private_global=0; MemPort=[21]; IO mode=ap_memory:ce=0
Port [ p_ZZ5conv3PA255_A255_fPA32_A5_A5_fPfS1_E7in_tile_2_0_0]:  wired=0; compound=1; hidden=1; nouse=1; global=1; static=1; extern=0; dir=2; type=1; pingpong=0; private_global=0; MemPort=[21]; IO mode=ap_memory:ce=0
Port [ p_ZZ5conv3PA255_A255_fPA32_A5_A5_fPfS1_E7in_tile_2_1_0]:  wired=0; compound=1; hidden=1; nouse=1; global=1; static=1; extern=0; dir=2; type=1; pingpong=0; private_global=0; MemPort=[21]; IO mode=ap_memory:ce=0
Port [ p_ZZ5conv3PA255_A255_fPA32_A5_A5_fPfS1_E7in_tile_2_2_0]:  wired=0; compound=1; hidden=1; nouse=1; global=1; static=1; extern=0; dir=2; type=1; pingpong=0; private_global=0; MemPort=[21]; IO mode=ap_memory:ce=0
Port [ p_ZZ5conv3PA255_A255_fPA32_A5_A5_fPfS1_E7in_tile_2_3_0]:  wired=0; compound=1; hidden=1; nouse=1; global=1; static=1; extern=0; dir=2; type=1; pingpong=0; private_global=0; MemPort=[21]; IO mode=ap_memory:ce=0
Port [ p_ZZ5conv3PA255_A255_fPA32_A5_A5_fPfS1_E7in_tile_2_4_0]:  wired=0; compound=1; hidden=1; nouse=1; global=1; static=1; extern=0; dir=2; type=1; pingpong=0; private_global=0; MemPort=[21]; IO mode=ap_memory:ce=0
Port [ p_ZZ5conv3PA255_A255_fPA32_A5_A5_fPfS1_E7in_tile_3_0_0]:  wired=0; compound=1; hidden=1; nouse=1; global=1; static=1; extern=0; dir=2; type=1; pingpong=0; private_global=0; MemPort=[21]; IO mode=ap_memory:ce=0
Port [ p_ZZ5conv3PA255_A255_fPA32_A5_A5_fPfS1_E7in_tile_3_1_0]:  wired=0; compound=1; hidden=1; nouse=1; global=1; static=1; extern=0; dir=2; type=1; pingpong=0; private_global=0; MemPort=[21]; IO mode=ap_memory:ce=0
Port [ p_ZZ5conv3PA255_A255_fPA32_A5_A5_fPfS1_E7in_tile_3_2_0]:  wired=0; compound=1; hidden=1; nouse=1; global=1; static=1; extern=0; dir=2; type=1; pingpong=0; private_global=0; MemPort=[21]; IO mode=ap_memory:ce=0
Port [ p_ZZ5conv3PA255_A255_fPA32_A5_A5_fPfS1_E7in_tile_3_3_0]:  wired=0; compound=1; hidden=1; nouse=1; global=1; static=1; extern=0; dir=2; type=1; pingpong=0; private_global=0; MemPort=[21]; IO mode=ap_memory:ce=0
Port [ p_ZZ5conv3PA255_A255_fPA32_A5_A5_fPfS1_E7in_tile_3_4_0]:  wired=0; compound=1; hidden=1; nouse=1; global=1; static=1; extern=0; dir=2; type=1; pingpong=0; private_global=0; MemPort=[21]; IO mode=ap_memory:ce=0
Port [ p_ZZ5conv3PA255_A255_fPA32_A5_A5_fPfS1_E7in_tile_4_0_0]:  wired=0; compound=1; hidden=1; nouse=1; global=1; static=1; extern=0; dir=2; type=1; pingpong=0; private_global=0; MemPort=[21]; IO mode=ap_memory:ce=0
Port [ p_ZZ5conv3PA255_A255_fPA32_A5_A5_fPfS1_E7in_tile_4_1_0]:  wired=0; compound=1; hidden=1; nouse=1; global=1; static=1; extern=0; dir=2; type=1; pingpong=0; private_global=0; MemPort=[21]; IO mode=ap_memory:ce=0
Port [ p_ZZ5conv3PA255_A255_fPA32_A5_A5_fPfS1_E7in_tile_4_2_0]:  wired=0; compound=1; hidden=1; nouse=1; global=1; static=1; extern=0; dir=2; type=1; pingpong=0; private_global=0; MemPort=[21]; IO mode=ap_memory:ce=0
Port [ p_ZZ5conv3PA255_A255_fPA32_A5_A5_fPfS1_E7in_tile_4_3_0]:  wired=0; compound=1; hidden=1; nouse=1; global=1; static=1; extern=0; dir=2; type=1; pingpong=0; private_global=0; MemPort=[21]; IO mode=ap_memory:ce=0
Port [ p_ZZ5conv3PA255_A255_fPA32_A5_A5_fPfS1_E7in_tile_4_4_0]:  wired=0; compound=1; hidden=1; nouse=1; global=1; static=1; extern=0; dir=2; type=1; pingpong=0; private_global=0; MemPort=[21]; IO mode=ap_memory:ce=0
Port [ p_ZZ5conv3PA255_A255_fPA32_A5_A5_fPfS1_E6w_tile_0_0_0]:  wired=0; compound=1; hidden=1; nouse=1; global=1; static=1; extern=0; dir=2; type=1; pingpong=0; private_global=0; MemPort=[23]; IO mode=ap_memory:ce=0
Port [ p_ZZ5conv3PA255_A255_fPA32_A5_A5_fPfS1_E6w_tile_0_1_0]:  wired=0; compound=1; hidden=1; nouse=1; global=1; static=1; extern=0; dir=2; type=1; pingpong=0; private_global=0; MemPort=[23]; IO mode=ap_memory:ce=0
Port [ p_ZZ5conv3PA255_A255_fPA32_A5_A5_fPfS1_E6w_tile_0_2_0]:  wired=0; compound=1; hidden=1; nouse=1; global=1; static=1; extern=0; dir=2; type=1; pingpong=0; private_global=0; MemPort=[23]; IO mode=ap_memory:ce=0
Port [ p_ZZ5conv3PA255_A255_fPA32_A5_A5_fPfS1_E6w_tile_0_3_0]:  wired=0; compound=1; hidden=1; nouse=1; global=1; static=1; extern=0; dir=2; type=1; pingpong=0; private_global=0; MemPort=[23]; IO mode=ap_memory:ce=0
Port [ p_ZZ5conv3PA255_A255_fPA32_A5_A5_fPfS1_E6w_tile_0_4_0]:  wired=0; compound=1; hidden=1; nouse=1; global=1; static=1; extern=0; dir=2; type=1; pingpong=0; private_global=0; MemPort=[23]; IO mode=ap_memory:ce=0
Port [ p_ZZ5conv3PA255_A255_fPA32_A5_A5_fPfS1_E6w_tile_1_0_0]:  wired=0; compound=1; hidden=1; nouse=1; global=1; static=1; extern=0; dir=2; type=1; pingpong=0; private_global=0; MemPort=[23]; IO mode=ap_memory:ce=0
Port [ p_ZZ5conv3PA255_A255_fPA32_A5_A5_fPfS1_E6w_tile_1_1_0]:  wired=0; compound=1; hidden=1; nouse=1; global=1; static=1; extern=0; dir=2; type=1; pingpong=0; private_global=0; MemPort=[23]; IO mode=ap_memory:ce=0
Port [ p_ZZ5conv3PA255_A255_fPA32_A5_A5_fPfS1_E6w_tile_1_2_0]:  wired=0; compound=1; hidden=1; nouse=1; global=1; static=1; extern=0; dir=2; type=1; pingpong=0; private_global=0; MemPort=[23]; IO mode=ap_memory:ce=0
Port [ p_ZZ5conv3PA255_A255_fPA32_A5_A5_fPfS1_E6w_tile_1_3_0]:  wired=0; compound=1; hidden=1; nouse=1; global=1; static=1; extern=0; dir=2; type=1; pingpong=0; private_global=0; MemPort=[23]; IO mode=ap_memory:ce=0
Port [ p_ZZ5conv3PA255_A255_fPA32_A5_A5_fPfS1_E6w_tile_1_4_0]:  wired=0; compound=1; hidden=1; nouse=1; global=1; static=1; extern=0; dir=2; type=1; pingpong=0; private_global=0; MemPort=[23]; IO mode=ap_memory:ce=0
Port [ p_ZZ5conv3PA255_A255_fPA32_A5_A5_fPfS1_E6w_tile_2_0_0]:  wired=0; compound=1; hidden=1; nouse=1; global=1; static=1; extern=0; dir=2; type=1; pingpong=0; private_global=0; MemPort=[23]; IO mode=ap_memory:ce=0
Port [ p_ZZ5conv3PA255_A255_fPA32_A5_A5_fPfS1_E6w_tile_2_1_0]:  wired=0; compound=1; hidden=1; nouse=1; global=1; static=1; extern=0; dir=2; type=1; pingpong=0; private_global=0; MemPort=[23]; IO mode=ap_memory:ce=0
Port [ p_ZZ5conv3PA255_A255_fPA32_A5_A5_fPfS1_E6w_tile_2_2_0]:  wired=0; compound=1; hidden=1; nouse=1; global=1; static=1; extern=0; dir=2; type=1; pingpong=0; private_global=0; MemPort=[23]; IO mode=ap_memory:ce=0
Port [ p_ZZ5conv3PA255_A255_fPA32_A5_A5_fPfS1_E6w_tile_2_3_0]:  wired=0; compound=1; hidden=1; nouse=1; global=1; static=1; extern=0; dir=2; type=1; pingpong=0; private_global=0; MemPort=[23]; IO mode=ap_memory:ce=0
Port [ p_ZZ5conv3PA255_A255_fPA32_A5_A5_fPfS1_E6w_tile_2_4_0]:  wired=0; compound=1; hidden=1; nouse=1; global=1; static=1; extern=0; dir=2; type=1; pingpong=0; private_global=0; MemPort=[23]; IO mode=ap_memory:ce=0
Port [ p_ZZ5conv3PA255_A255_fPA32_A5_A5_fPfS1_E6w_tile_3_0_0]:  wired=0; compound=1; hidden=1; nouse=1; global=1; static=1; extern=0; dir=2; type=1; pingpong=0; private_global=0; MemPort=[23]; IO mode=ap_memory:ce=0
Port [ p_ZZ5conv3PA255_A255_fPA32_A5_A5_fPfS1_E6w_tile_3_1_0]:  wired=0; compound=1; hidden=1; nouse=1; global=1; static=1; extern=0; dir=2; type=1; pingpong=0; private_global=0; MemPort=[23]; IO mode=ap_memory:ce=0
Port [ p_ZZ5conv3PA255_A255_fPA32_A5_A5_fPfS1_E6w_tile_3_2_0]:  wired=0; compound=1; hidden=1; nouse=1; global=1; static=1; extern=0; dir=2; type=1; pingpong=0; private_global=0; MemPort=[23]; IO mode=ap_memory:ce=0
Port [ p_ZZ5conv3PA255_A255_fPA32_A5_A5_fPfS1_E6w_tile_3_3_0]:  wired=0; compound=1; hidden=1; nouse=1; global=1; static=1; extern=0; dir=2; type=1; pingpong=0; private_global=0; MemPort=[23]; IO mode=ap_memory:ce=0
Port [ p_ZZ5conv3PA255_A255_fPA32_A5_A5_fPfS1_E6w_tile_3_4_0]:  wired=0; compound=1; hidden=1; nouse=1; global=1; static=1; extern=0; dir=2; type=1; pingpong=0; private_global=0; MemPort=[23]; IO mode=ap_memory:ce=0
Port [ p_ZZ5conv3PA255_A255_fPA32_A5_A5_fPfS1_E6w_tile_4_0_0]:  wired=0; compound=1; hidden=1; nouse=1; global=1; static=1; extern=0; dir=2; type=1; pingpong=0; private_global=0; MemPort=[23]; IO mode=ap_memory:ce=0
Port [ p_ZZ5conv3PA255_A255_fPA32_A5_A5_fPfS1_E6w_tile_4_1_0]:  wired=0; compound=1; hidden=1; nouse=1; global=1; static=1; extern=0; dir=2; type=1; pingpong=0; private_global=0; MemPort=[23]; IO mode=ap_memory:ce=0
Port [ p_ZZ5conv3PA255_A255_fPA32_A5_A5_fPfS1_E6w_tile_4_2_0]:  wired=0; compound=1; hidden=1; nouse=1; global=1; static=1; extern=0; dir=2; type=1; pingpong=0; private_global=0; MemPort=[23]; IO mode=ap_memory:ce=0
Port [ p_ZZ5conv3PA255_A255_fPA32_A5_A5_fPfS1_E6w_tile_4_3_0]:  wired=0; compound=1; hidden=1; nouse=1; global=1; static=1; extern=0; dir=2; type=1; pingpong=0; private_global=0; MemPort=[23]; IO mode=ap_memory:ce=0
Port [ p_ZZ5conv3PA255_A255_fPA32_A5_A5_fPfS1_E6w_tile_4_4_0]:  wired=0; compound=1; hidden=1; nouse=1; global=1; static=1; extern=0; dir=2; type=1; pingpong=0; private_global=0; MemPort=[23]; IO mode=ap_memory:ce=0
---------------- STG Properties END ------------------

---------------- Datapath Model BEGIN ----------------

<LifeTime>
<method=bitvector/>
output_ftmap_read  (read         ) [ 0011111]
conv3_biases_read  (read         ) [ 0011111]
conv3_weights_read (read         ) [ 0011111]
conv2_out_read     (read         ) [ 0011111]
conv2_biases_read  (read         ) [ 0011100]
conv2_weights_read (read         ) [ 0011100]
conv1_out_read     (read         ) [ 0011100]
conv1_biases_read  (read         ) [ 0010000]
conv1_weights_read (read         ) [ 0010000]
input_ftmap_read   (read         ) [ 0010000]
call_ln43          (call         ) [ 0000000]
call_ln45          (call         ) [ 0000000]
spectopmodule_ln4  (spectopmodule) [ 0000000]
specinterface_ln0  (specinterface) [ 0000000]
specbitsmap_ln0    (specbitsmap  ) [ 0000000]
specinterface_ln0  (specinterface) [ 0000000]
specbitsmap_ln0    (specbitsmap  ) [ 0000000]
specinterface_ln0  (specinterface) [ 0000000]
specbitsmap_ln0    (specbitsmap  ) [ 0000000]
specinterface_ln0  (specinterface) [ 0000000]
specbitsmap_ln0    (specbitsmap  ) [ 0000000]
specinterface_ln0  (specinterface) [ 0000000]
specbitsmap_ln0    (specbitsmap  ) [ 0000000]
specinterface_ln0  (specinterface) [ 0000000]
specbitsmap_ln0    (specbitsmap  ) [ 0000000]
specinterface_ln0  (specinterface) [ 0000000]
specinterface_ln0  (specinterface) [ 0000000]
specinterface_ln0  (specinterface) [ 0000000]
specinterface_ln0  (specinterface) [ 0000000]
specinterface_ln0  (specinterface) [ 0000000]
specinterface_ln0  (specinterface) [ 0000000]
specinterface_ln0  (specinterface) [ 0000000]
specinterface_ln0  (specinterface) [ 0000000]
specinterface_ln0  (specinterface) [ 0000000]
specinterface_ln0  (specinterface) [ 0000000]
specinterface_ln0  (specinterface) [ 0000000]
specinterface_ln0  (specinterface) [ 0000000]
specinterface_ln0  (specinterface) [ 0000000]
specinterface_ln0  (specinterface) [ 0000000]
specinterface_ln0  (specinterface) [ 0000000]
specinterface_ln0  (specinterface) [ 0000000]
specinterface_ln0  (specinterface) [ 0000000]
specinterface_ln0  (specinterface) [ 0000000]
specinterface_ln0  (specinterface) [ 0000000]
specinterface_ln0  (specinterface) [ 0000000]
specinterface_ln0  (specinterface) [ 0000000]
call_ln47          (call         ) [ 0000000]
ret_ln48           (ret          ) [ 0000000]
</LifeTime>

<model>

<comp_list>
<comp id="0" class="1000" name="in_r">
<pin_list>
<pin id="1" dir="1" index="0" bw="1" slack="0"/>
</pin_list>
<bind>
<StgValue><ssdm name="in_r"/></StgValue>
</bind>
</comp>

<comp id="2" class="1000" name="w1">
<pin_list>
<pin id="3" dir="1" index="0" bw="1" slack="0"/>
</pin_list>
<bind>
<StgValue><ssdm name="w1"/></StgValue>
</bind>
</comp>

<comp id="4" class="1000" name="feat">
<pin_list>
<pin id="5" dir="1" index="0" bw="1" slack="0"/>
</pin_list>
<bind>
<StgValue><ssdm name="feat"/></StgValue>
</bind>
</comp>

<comp id="6" class="1000" name="w2">
<pin_list>
<pin id="7" dir="1" index="0" bw="1" slack="0"/>
</pin_list>
<bind>
<StgValue><ssdm name="w2"/></StgValue>
</bind>
</comp>

<comp id="8" class="1000" name="w3">
<pin_list>
<pin id="9" dir="1" index="0" bw="1" slack="0"/>
</pin_list>
<bind>
<StgValue><ssdm name="w3"/></StgValue>
</bind>
</comp>

<comp id="10" class="1000" name="out_r">
<pin_list>
<pin id="11" dir="1" index="0" bw="1" slack="0"/>
</pin_list>
<bind>
<StgValue><ssdm name="out_r"/></StgValue>
</bind>
</comp>

<comp id="12" class="1000" name="input_ftmap">
<pin_list>
<pin id="13" dir="1" index="0" bw="1" slack="0"/>
</pin_list>
<bind>
<StgValue><ssdm name="input_ftmap"/></StgValue>
</bind>
</comp>

<comp id="14" class="1000" name="conv1_weights">
<pin_list>
<pin id="15" dir="1" index="0" bw="1" slack="0"/>
</pin_list>
<bind>
<StgValue><ssdm name="conv1_weights"/></StgValue>
</bind>
</comp>

<comp id="16" class="1000" name="conv1_biases">
<pin_list>
<pin id="17" dir="1" index="0" bw="1" slack="0"/>
</pin_list>
<bind>
<StgValue><ssdm name="conv1_biases"/></StgValue>
</bind>
</comp>

<comp id="18" class="1000" name="conv1_out">
<pin_list>
<pin id="19" dir="1" index="0" bw="1" slack="0"/>
</pin_list>
<bind>
<StgValue><ssdm name="conv1_out"/></StgValue>
</bind>
</comp>

<comp id="20" class="1000" name="conv2_weights">
<pin_list>
<pin id="21" dir="1" index="0" bw="1" slack="0"/>
</pin_list>
<bind>
<StgValue><ssdm name="conv2_weights"/></StgValue>
</bind>
</comp>

<comp id="22" class="1000" name="conv2_biases">
<pin_list>
<pin id="23" dir="1" index="0" bw="1" slack="0"/>
</pin_list>
<bind>
<StgValue><ssdm name="conv2_biases"/></StgValue>
</bind>
</comp>

<comp id="24" class="1000" name="conv2_out">
<pin_list>
<pin id="25" dir="1" index="0" bw="1" slack="0"/>
</pin_list>
<bind>
<StgValue><ssdm name="conv2_out"/></StgValue>
</bind>
</comp>

<comp id="26" class="1000" name="conv3_weights">
<pin_list>
<pin id="27" dir="1" index="0" bw="1" slack="0"/>
</pin_list>
<bind>
<StgValue><ssdm name="conv3_weights"/></StgValue>
</bind>
</comp>

<comp id="28" class="1000" name="conv3_biases">
<pin_list>
<pin id="29" dir="1" index="0" bw="1" slack="0"/>
</pin_list>
<bind>
<StgValue><ssdm name="conv3_biases"/></StgValue>
</bind>
</comp>

<comp id="30" class="1000" name="output_ftmap">
<pin_list>
<pin id="31" dir="1" index="0" bw="1" slack="0"/>
</pin_list>
<bind>
<StgValue><ssdm name="output_ftmap"/></StgValue>
</bind>
</comp>

<comp id="32" class="1000" name="out_tile_2">
<pin_list>
<pin id="33" dir="1" index="0" bw="1" slack="0"/>
</pin_list>
<bind>
<StgValue><ssdm name="out_tile_2"/><MemPortTyVec>2 1 </MemPortTyVec>
</StgValue>
</bind>
</comp>

<comp id="34" class="1000" name="in_tile_1_0">
<pin_list>
<pin id="35" dir="1" index="0" bw="1" slack="0"/>
</pin_list>
<bind>
<StgValue><ssdm name="in_tile_1_0"/><MemPortTyVec>2 1 </MemPortTyVec>
</StgValue>
</bind>
</comp>

<comp id="36" class="1000" name="p_ZZ5conv1PA255_A255_fPA1_A9_A9_fPfS1_E6w_tile_0_0_0">
<pin_list>
<pin id="37" dir="1" index="0" bw="1" slack="0"/>
</pin_list>
<bind>
<StgValue><ssdm name="p_ZZ5conv1PA255_A255_fPA1_A9_A9_fPfS1_E6w_tile_0_0_0"/><MemPortTyVec>2 3 </MemPortTyVec>
</StgValue>
</bind>
</comp>

<comp id="38" class="1000" name="p_ZZ5conv1PA255_A255_fPA1_A9_A9_fPfS1_E6w_tile_0_1_0">
<pin_list>
<pin id="39" dir="1" index="0" bw="1" slack="0"/>
</pin_list>
<bind>
<StgValue><ssdm name="p_ZZ5conv1PA255_A255_fPA1_A9_A9_fPfS1_E6w_tile_0_1_0"/><MemPortTyVec>2 3 </MemPortTyVec>
</StgValue>
</bind>
</comp>

<comp id="40" class="1000" name="p_ZZ5conv1PA255_A255_fPA1_A9_A9_fPfS1_E6w_tile_0_2_0">
<pin_list>
<pin id="41" dir="1" index="0" bw="1" slack="0"/>
</pin_list>
<bind>
<StgValue><ssdm name="p_ZZ5conv1PA255_A255_fPA1_A9_A9_fPfS1_E6w_tile_0_2_0"/><MemPortTyVec>2 3 </MemPortTyVec>
</StgValue>
</bind>
</comp>

<comp id="42" class="1000" name="p_ZZ5conv1PA255_A255_fPA1_A9_A9_fPfS1_E6w_tile_0_3_0">
<pin_list>
<pin id="43" dir="1" index="0" bw="1" slack="0"/>
</pin_list>
<bind>
<StgValue><ssdm name="p_ZZ5conv1PA255_A255_fPA1_A9_A9_fPfS1_E6w_tile_0_3_0"/><MemPortTyVec>2 3 </MemPortTyVec>
</StgValue>
</bind>
</comp>

<comp id="44" class="1000" name="p_ZZ5conv1PA255_A255_fPA1_A9_A9_fPfS1_E6w_tile_0_4_0">
<pin_list>
<pin id="45" dir="1" index="0" bw="1" slack="0"/>
</pin_list>
<bind>
<StgValue><ssdm name="p_ZZ5conv1PA255_A255_fPA1_A9_A9_fPfS1_E6w_tile_0_4_0"/><MemPortTyVec>2 3 </MemPortTyVec>
</StgValue>
</bind>
</comp>

<comp id="46" class="1000" name="p_ZZ5conv1PA255_A255_fPA1_A9_A9_fPfS1_E6w_tile_0_5_0">
<pin_list>
<pin id="47" dir="1" index="0" bw="1" slack="0"/>
</pin_list>
<bind>
<StgValue><ssdm name="p_ZZ5conv1PA255_A255_fPA1_A9_A9_fPfS1_E6w_tile_0_5_0"/><MemPortTyVec>2 3 </MemPortTyVec>
</StgValue>
</bind>
</comp>

<comp id="48" class="1000" name="p_ZZ5conv1PA255_A255_fPA1_A9_A9_fPfS1_E6w_tile_0_6_0">
<pin_list>
<pin id="49" dir="1" index="0" bw="1" slack="0"/>
</pin_list>
<bind>
<StgValue><ssdm name="p_ZZ5conv1PA255_A255_fPA1_A9_A9_fPfS1_E6w_tile_0_6_0"/><MemPortTyVec>2 3 </MemPortTyVec>
</StgValue>
</bind>
</comp>

<comp id="50" class="1000" name="p_ZZ5conv1PA255_A255_fPA1_A9_A9_fPfS1_E6w_tile_0_7_0">
<pin_list>
<pin id="51" dir="1" index="0" bw="1" slack="0"/>
</pin_list>
<bind>
<StgValue><ssdm name="p_ZZ5conv1PA255_A255_fPA1_A9_A9_fPfS1_E6w_tile_0_7_0"/><MemPortTyVec>2 3 </MemPortTyVec>
</StgValue>
</bind>
</comp>

<comp id="52" class="1000" name="p_ZZ5conv1PA255_A255_fPA1_A9_A9_fPfS1_E6w_tile_0_8_0">
<pin_list>
<pin id="53" dir="1" index="0" bw="1" slack="0"/>
</pin_list>
<bind>
<StgValue><ssdm name="p_ZZ5conv1PA255_A255_fPA1_A9_A9_fPfS1_E6w_tile_0_8_0"/><MemPortTyVec>2 3 </MemPortTyVec>
</StgValue>
</bind>
</comp>

<comp id="54" class="1000" name="p_ZZ5conv1PA255_A255_fPA1_A9_A9_fPfS1_E6w_tile_1_0_0">
<pin_list>
<pin id="55" dir="1" index="0" bw="1" slack="0"/>
</pin_list>
<bind>
<StgValue><ssdm name="p_ZZ5conv1PA255_A255_fPA1_A9_A9_fPfS1_E6w_tile_1_0_0"/><MemPortTyVec>2 3 </MemPortTyVec>
</StgValue>
</bind>
</comp>

<comp id="56" class="1000" name="p_ZZ5conv1PA255_A255_fPA1_A9_A9_fPfS1_E6w_tile_1_1_0">
<pin_list>
<pin id="57" dir="1" index="0" bw="1" slack="0"/>
</pin_list>
<bind>
<StgValue><ssdm name="p_ZZ5conv1PA255_A255_fPA1_A9_A9_fPfS1_E6w_tile_1_1_0"/><MemPortTyVec>2 3 </MemPortTyVec>
</StgValue>
</bind>
</comp>

<comp id="58" class="1000" name="p_ZZ5conv1PA255_A255_fPA1_A9_A9_fPfS1_E6w_tile_1_2_0">
<pin_list>
<pin id="59" dir="1" index="0" bw="1" slack="0"/>
</pin_list>
<bind>
<StgValue><ssdm name="p_ZZ5conv1PA255_A255_fPA1_A9_A9_fPfS1_E6w_tile_1_2_0"/><MemPortTyVec>2 3 </MemPortTyVec>
</StgValue>
</bind>
</comp>

<comp id="60" class="1000" name="p_ZZ5conv1PA255_A255_fPA1_A9_A9_fPfS1_E6w_tile_1_3_0">
<pin_list>
<pin id="61" dir="1" index="0" bw="1" slack="0"/>
</pin_list>
<bind>
<StgValue><ssdm name="p_ZZ5conv1PA255_A255_fPA1_A9_A9_fPfS1_E6w_tile_1_3_0"/><MemPortTyVec>2 3 </MemPortTyVec>
</StgValue>
</bind>
</comp>

<comp id="62" class="1000" name="p_ZZ5conv1PA255_A255_fPA1_A9_A9_fPfS1_E6w_tile_1_4_0">
<pin_list>
<pin id="63" dir="1" index="0" bw="1" slack="0"/>
</pin_list>
<bind>
<StgValue><ssdm name="p_ZZ5conv1PA255_A255_fPA1_A9_A9_fPfS1_E6w_tile_1_4_0"/><MemPortTyVec>2 3 </MemPortTyVec>
</StgValue>
</bind>
</comp>

<comp id="64" class="1000" name="p_ZZ5conv1PA255_A255_fPA1_A9_A9_fPfS1_E6w_tile_1_5_0">
<pin_list>
<pin id="65" dir="1" index="0" bw="1" slack="0"/>
</pin_list>
<bind>
<StgValue><ssdm name="p_ZZ5conv1PA255_A255_fPA1_A9_A9_fPfS1_E6w_tile_1_5_0"/><MemPortTyVec>2 3 </MemPortTyVec>
</StgValue>
</bind>
</comp>

<comp id="66" class="1000" name="p_ZZ5conv1PA255_A255_fPA1_A9_A9_fPfS1_E6w_tile_1_6_0">
<pin_list>
<pin id="67" dir="1" index="0" bw="1" slack="0"/>
</pin_list>
<bind>
<StgValue><ssdm name="p_ZZ5conv1PA255_A255_fPA1_A9_A9_fPfS1_E6w_tile_1_6_0"/><MemPortTyVec>2 3 </MemPortTyVec>
</StgValue>
</bind>
</comp>

<comp id="68" class="1000" name="p_ZZ5conv1PA255_A255_fPA1_A9_A9_fPfS1_E6w_tile_1_7_0">
<pin_list>
<pin id="69" dir="1" index="0" bw="1" slack="0"/>
</pin_list>
<bind>
<StgValue><ssdm name="p_ZZ5conv1PA255_A255_fPA1_A9_A9_fPfS1_E6w_tile_1_7_0"/><MemPortTyVec>2 3 </MemPortTyVec>
</StgValue>
</bind>
</comp>

<comp id="70" class="1000" name="p_ZZ5conv1PA255_A255_fPA1_A9_A9_fPfS1_E6w_tile_1_8_0">
<pin_list>
<pin id="71" dir="1" index="0" bw="1" slack="0"/>
</pin_list>
<bind>
<StgValue><ssdm name="p_ZZ5conv1PA255_A255_fPA1_A9_A9_fPfS1_E6w_tile_1_8_0"/><MemPortTyVec>2 3 </MemPortTyVec>
</StgValue>
</bind>
</comp>

<comp id="72" class="1000" name="p_ZZ5conv1PA255_A255_fPA1_A9_A9_fPfS1_E6w_tile_2_0_0">
<pin_list>
<pin id="73" dir="1" index="0" bw="1" slack="0"/>
</pin_list>
<bind>
<StgValue><ssdm name="p_ZZ5conv1PA255_A255_fPA1_A9_A9_fPfS1_E6w_tile_2_0_0"/><MemPortTyVec>2 3 </MemPortTyVec>
</StgValue>
</bind>
</comp>

<comp id="74" class="1000" name="p_ZZ5conv1PA255_A255_fPA1_A9_A9_fPfS1_E6w_tile_2_1_0">
<pin_list>
<pin id="75" dir="1" index="0" bw="1" slack="0"/>
</pin_list>
<bind>
<StgValue><ssdm name="p_ZZ5conv1PA255_A255_fPA1_A9_A9_fPfS1_E6w_tile_2_1_0"/><MemPortTyVec>2 3 </MemPortTyVec>
</StgValue>
</bind>
</comp>

<comp id="76" class="1000" name="p_ZZ5conv1PA255_A255_fPA1_A9_A9_fPfS1_E6w_tile_2_2_0">
<pin_list>
<pin id="77" dir="1" index="0" bw="1" slack="0"/>
</pin_list>
<bind>
<StgValue><ssdm name="p_ZZ5conv1PA255_A255_fPA1_A9_A9_fPfS1_E6w_tile_2_2_0"/><MemPortTyVec>2 3 </MemPortTyVec>
</StgValue>
</bind>
</comp>

<comp id="78" class="1000" name="p_ZZ5conv1PA255_A255_fPA1_A9_A9_fPfS1_E6w_tile_2_3_0">
<pin_list>
<pin id="79" dir="1" index="0" bw="1" slack="0"/>
</pin_list>
<bind>
<StgValue><ssdm name="p_ZZ5conv1PA255_A255_fPA1_A9_A9_fPfS1_E6w_tile_2_3_0"/><MemPortTyVec>2 3 </MemPortTyVec>
</StgValue>
</bind>
</comp>

<comp id="80" class="1000" name="p_ZZ5conv1PA255_A255_fPA1_A9_A9_fPfS1_E6w_tile_2_4_0">
<pin_list>
<pin id="81" dir="1" index="0" bw="1" slack="0"/>
</pin_list>
<bind>
<StgValue><ssdm name="p_ZZ5conv1PA255_A255_fPA1_A9_A9_fPfS1_E6w_tile_2_4_0"/><MemPortTyVec>2 3 </MemPortTyVec>
</StgValue>
</bind>
</comp>

<comp id="82" class="1000" name="p_ZZ5conv1PA255_A255_fPA1_A9_A9_fPfS1_E6w_tile_2_5_0">
<pin_list>
<pin id="83" dir="1" index="0" bw="1" slack="0"/>
</pin_list>
<bind>
<StgValue><ssdm name="p_ZZ5conv1PA255_A255_fPA1_A9_A9_fPfS1_E6w_tile_2_5_0"/><MemPortTyVec>2 3 </MemPortTyVec>
</StgValue>
</bind>
</comp>

<comp id="84" class="1000" name="p_ZZ5conv1PA255_A255_fPA1_A9_A9_fPfS1_E6w_tile_2_6_0">
<pin_list>
<pin id="85" dir="1" index="0" bw="1" slack="0"/>
</pin_list>
<bind>
<StgValue><ssdm name="p_ZZ5conv1PA255_A255_fPA1_A9_A9_fPfS1_E6w_tile_2_6_0"/><MemPortTyVec>2 3 </MemPortTyVec>
</StgValue>
</bind>
</comp>

<comp id="86" class="1000" name="p_ZZ5conv1PA255_A255_fPA1_A9_A9_fPfS1_E6w_tile_2_7_0">
<pin_list>
<pin id="87" dir="1" index="0" bw="1" slack="0"/>
</pin_list>
<bind>
<StgValue><ssdm name="p_ZZ5conv1PA255_A255_fPA1_A9_A9_fPfS1_E6w_tile_2_7_0"/><MemPortTyVec>2 3 </MemPortTyVec>
</StgValue>
</bind>
</comp>

<comp id="88" class="1000" name="p_ZZ5conv1PA255_A255_fPA1_A9_A9_fPfS1_E6w_tile_2_8_0">
<pin_list>
<pin id="89" dir="1" index="0" bw="1" slack="0"/>
</pin_list>
<bind>
<StgValue><ssdm name="p_ZZ5conv1PA255_A255_fPA1_A9_A9_fPfS1_E6w_tile_2_8_0"/><MemPortTyVec>2 3 </MemPortTyVec>
</StgValue>
</bind>
</comp>

<comp id="90" class="1000" name="p_ZZ5conv1PA255_A255_fPA1_A9_A9_fPfS1_E6w_tile_3_0_0">
<pin_list>
<pin id="91" dir="1" index="0" bw="1" slack="0"/>
</pin_list>
<bind>
<StgValue><ssdm name="p_ZZ5conv1PA255_A255_fPA1_A9_A9_fPfS1_E6w_tile_3_0_0"/><MemPortTyVec>2 3 </MemPortTyVec>
</StgValue>
</bind>
</comp>

<comp id="92" class="1000" name="p_ZZ5conv1PA255_A255_fPA1_A9_A9_fPfS1_E6w_tile_3_1_0">
<pin_list>
<pin id="93" dir="1" index="0" bw="1" slack="0"/>
</pin_list>
<bind>
<StgValue><ssdm name="p_ZZ5conv1PA255_A255_fPA1_A9_A9_fPfS1_E6w_tile_3_1_0"/><MemPortTyVec>2 3 </MemPortTyVec>
</StgValue>
</bind>
</comp>

<comp id="94" class="1000" name="p_ZZ5conv1PA255_A255_fPA1_A9_A9_fPfS1_E6w_tile_3_2_0">
<pin_list>
<pin id="95" dir="1" index="0" bw="1" slack="0"/>
</pin_list>
<bind>
<StgValue><ssdm name="p_ZZ5conv1PA255_A255_fPA1_A9_A9_fPfS1_E6w_tile_3_2_0"/><MemPortTyVec>2 3 </MemPortTyVec>
</StgValue>
</bind>
</comp>

<comp id="96" class="1000" name="p_ZZ5conv1PA255_A255_fPA1_A9_A9_fPfS1_E6w_tile_3_3_0">
<pin_list>
<pin id="97" dir="1" index="0" bw="1" slack="0"/>
</pin_list>
<bind>
<StgValue><ssdm name="p_ZZ5conv1PA255_A255_fPA1_A9_A9_fPfS1_E6w_tile_3_3_0"/><MemPortTyVec>2 3 </MemPortTyVec>
</StgValue>
</bind>
</comp>

<comp id="98" class="1000" name="p_ZZ5conv1PA255_A255_fPA1_A9_A9_fPfS1_E6w_tile_3_4_0">
<pin_list>
<pin id="99" dir="1" index="0" bw="1" slack="0"/>
</pin_list>
<bind>
<StgValue><ssdm name="p_ZZ5conv1PA255_A255_fPA1_A9_A9_fPfS1_E6w_tile_3_4_0"/><MemPortTyVec>2 3 </MemPortTyVec>
</StgValue>
</bind>
</comp>

<comp id="100" class="1000" name="p_ZZ5conv1PA255_A255_fPA1_A9_A9_fPfS1_E6w_tile_3_5_0">
<pin_list>
<pin id="101" dir="1" index="0" bw="1" slack="0"/>
</pin_list>
<bind>
<StgValue><ssdm name="p_ZZ5conv1PA255_A255_fPA1_A9_A9_fPfS1_E6w_tile_3_5_0"/><MemPortTyVec>2 3 </MemPortTyVec>
</StgValue>
</bind>
</comp>

<comp id="102" class="1000" name="p_ZZ5conv1PA255_A255_fPA1_A9_A9_fPfS1_E6w_tile_3_6_0">
<pin_list>
<pin id="103" dir="1" index="0" bw="1" slack="0"/>
</pin_list>
<bind>
<StgValue><ssdm name="p_ZZ5conv1PA255_A255_fPA1_A9_A9_fPfS1_E6w_tile_3_6_0"/><MemPortTyVec>2 3 </MemPortTyVec>
</StgValue>
</bind>
</comp>

<comp id="104" class="1000" name="p_ZZ5conv1PA255_A255_fPA1_A9_A9_fPfS1_E6w_tile_3_7_0">
<pin_list>
<pin id="105" dir="1" index="0" bw="1" slack="0"/>
</pin_list>
<bind>
<StgValue><ssdm name="p_ZZ5conv1PA255_A255_fPA1_A9_A9_fPfS1_E6w_tile_3_7_0"/><MemPortTyVec>2 3 </MemPortTyVec>
</StgValue>
</bind>
</comp>

<comp id="106" class="1000" name="p_ZZ5conv1PA255_A255_fPA1_A9_A9_fPfS1_E6w_tile_3_8_0">
<pin_list>
<pin id="107" dir="1" index="0" bw="1" slack="0"/>
</pin_list>
<bind>
<StgValue><ssdm name="p_ZZ5conv1PA255_A255_fPA1_A9_A9_fPfS1_E6w_tile_3_8_0"/><MemPortTyVec>2 3 </MemPortTyVec>
</StgValue>
</bind>
</comp>

<comp id="108" class="1000" name="p_ZZ5conv1PA255_A255_fPA1_A9_A9_fPfS1_E6w_tile_4_0_0">
<pin_list>
<pin id="109" dir="1" index="0" bw="1" slack="0"/>
</pin_list>
<bind>
<StgValue><ssdm name="p_ZZ5conv1PA255_A255_fPA1_A9_A9_fPfS1_E6w_tile_4_0_0"/><MemPortTyVec>2 3 </MemPortTyVec>
</StgValue>
</bind>
</comp>

<comp id="110" class="1000" name="p_ZZ5conv1PA255_A255_fPA1_A9_A9_fPfS1_E6w_tile_4_1_0">
<pin_list>
<pin id="111" dir="1" index="0" bw="1" slack="0"/>
</pin_list>
<bind>
<StgValue><ssdm name="p_ZZ5conv1PA255_A255_fPA1_A9_A9_fPfS1_E6w_tile_4_1_0"/><MemPortTyVec>2 3 </MemPortTyVec>
</StgValue>
</bind>
</comp>

<comp id="112" class="1000" name="p_ZZ5conv1PA255_A255_fPA1_A9_A9_fPfS1_E6w_tile_4_2_0">
<pin_list>
<pin id="113" dir="1" index="0" bw="1" slack="0"/>
</pin_list>
<bind>
<StgValue><ssdm name="p_ZZ5conv1PA255_A255_fPA1_A9_A9_fPfS1_E6w_tile_4_2_0"/><MemPortTyVec>2 3 </MemPortTyVec>
</StgValue>
</bind>
</comp>

<comp id="114" class="1000" name="p_ZZ5conv1PA255_A255_fPA1_A9_A9_fPfS1_E6w_tile_4_3_0">
<pin_list>
<pin id="115" dir="1" index="0" bw="1" slack="0"/>
</pin_list>
<bind>
<StgValue><ssdm name="p_ZZ5conv1PA255_A255_fPA1_A9_A9_fPfS1_E6w_tile_4_3_0"/><MemPortTyVec>2 3 </MemPortTyVec>
</StgValue>
</bind>
</comp>

<comp id="116" class="1000" name="p_ZZ5conv1PA255_A255_fPA1_A9_A9_fPfS1_E6w_tile_4_4_0">
<pin_list>
<pin id="117" dir="1" index="0" bw="1" slack="0"/>
</pin_list>
<bind>
<StgValue><ssdm name="p_ZZ5conv1PA255_A255_fPA1_A9_A9_fPfS1_E6w_tile_4_4_0"/><MemPortTyVec>2 3 </MemPortTyVec>
</StgValue>
</bind>
</comp>

<comp id="118" class="1000" name="p_ZZ5conv1PA255_A255_fPA1_A9_A9_fPfS1_E6w_tile_4_5_0">
<pin_list>
<pin id="119" dir="1" index="0" bw="1" slack="0"/>
</pin_list>
<bind>
<StgValue><ssdm name="p_ZZ5conv1PA255_A255_fPA1_A9_A9_fPfS1_E6w_tile_4_5_0"/><MemPortTyVec>2 3 </MemPortTyVec>
</StgValue>
</bind>
</comp>

<comp id="120" class="1000" name="p_ZZ5conv1PA255_A255_fPA1_A9_A9_fPfS1_E6w_tile_4_6_0">
<pin_list>
<pin id="121" dir="1" index="0" bw="1" slack="0"/>
</pin_list>
<bind>
<StgValue><ssdm name="p_ZZ5conv1PA255_A255_fPA1_A9_A9_fPfS1_E6w_tile_4_6_0"/><MemPortTyVec>2 3 </MemPortTyVec>
</StgValue>
</bind>
</comp>

<comp id="122" class="1000" name="p_ZZ5conv1PA255_A255_fPA1_A9_A9_fPfS1_E6w_tile_4_7_0">
<pin_list>
<pin id="123" dir="1" index="0" bw="1" slack="0"/>
</pin_list>
<bind>
<StgValue><ssdm name="p_ZZ5conv1PA255_A255_fPA1_A9_A9_fPfS1_E6w_tile_4_7_0"/><MemPortTyVec>2 3 </MemPortTyVec>
</StgValue>
</bind>
</comp>

<comp id="124" class="1000" name="p_ZZ5conv1PA255_A255_fPA1_A9_A9_fPfS1_E6w_tile_4_8_0">
<pin_list>
<pin id="125" dir="1" index="0" bw="1" slack="0"/>
</pin_list>
<bind>
<StgValue><ssdm name="p_ZZ5conv1PA255_A255_fPA1_A9_A9_fPfS1_E6w_tile_4_8_0"/><MemPortTyVec>2 3 </MemPortTyVec>
</StgValue>
</bind>
</comp>

<comp id="126" class="1000" name="p_ZZ5conv1PA255_A255_fPA1_A9_A9_fPfS1_E6w_tile_5_0_0">
<pin_list>
<pin id="127" dir="1" index="0" bw="1" slack="0"/>
</pin_list>
<bind>
<StgValue><ssdm name="p_ZZ5conv1PA255_A255_fPA1_A9_A9_fPfS1_E6w_tile_5_0_0"/><MemPortTyVec>2 3 </MemPortTyVec>
</StgValue>
</bind>
</comp>

<comp id="128" class="1000" name="p_ZZ5conv1PA255_A255_fPA1_A9_A9_fPfS1_E6w_tile_5_1_0">
<pin_list>
<pin id="129" dir="1" index="0" bw="1" slack="0"/>
</pin_list>
<bind>
<StgValue><ssdm name="p_ZZ5conv1PA255_A255_fPA1_A9_A9_fPfS1_E6w_tile_5_1_0"/><MemPortTyVec>2 3 </MemPortTyVec>
</StgValue>
</bind>
</comp>

<comp id="130" class="1000" name="p_ZZ5conv1PA255_A255_fPA1_A9_A9_fPfS1_E6w_tile_5_2_0">
<pin_list>
<pin id="131" dir="1" index="0" bw="1" slack="0"/>
</pin_list>
<bind>
<StgValue><ssdm name="p_ZZ5conv1PA255_A255_fPA1_A9_A9_fPfS1_E6w_tile_5_2_0"/><MemPortTyVec>2 3 </MemPortTyVec>
</StgValue>
</bind>
</comp>

<comp id="132" class="1000" name="p_ZZ5conv1PA255_A255_fPA1_A9_A9_fPfS1_E6w_tile_5_3_0">
<pin_list>
<pin id="133" dir="1" index="0" bw="1" slack="0"/>
</pin_list>
<bind>
<StgValue><ssdm name="p_ZZ5conv1PA255_A255_fPA1_A9_A9_fPfS1_E6w_tile_5_3_0"/><MemPortTyVec>2 3 </MemPortTyVec>
</StgValue>
</bind>
</comp>

<comp id="134" class="1000" name="p_ZZ5conv1PA255_A255_fPA1_A9_A9_fPfS1_E6w_tile_5_4_0">
<pin_list>
<pin id="135" dir="1" index="0" bw="1" slack="0"/>
</pin_list>
<bind>
<StgValue><ssdm name="p_ZZ5conv1PA255_A255_fPA1_A9_A9_fPfS1_E6w_tile_5_4_0"/><MemPortTyVec>2 3 </MemPortTyVec>
</StgValue>
</bind>
</comp>

<comp id="136" class="1000" name="p_ZZ5conv1PA255_A255_fPA1_A9_A9_fPfS1_E6w_tile_5_5_0">
<pin_list>
<pin id="137" dir="1" index="0" bw="1" slack="0"/>
</pin_list>
<bind>
<StgValue><ssdm name="p_ZZ5conv1PA255_A255_fPA1_A9_A9_fPfS1_E6w_tile_5_5_0"/><MemPortTyVec>2 3 </MemPortTyVec>
</StgValue>
</bind>
</comp>

<comp id="138" class="1000" name="p_ZZ5conv1PA255_A255_fPA1_A9_A9_fPfS1_E6w_tile_5_6_0">
<pin_list>
<pin id="139" dir="1" index="0" bw="1" slack="0"/>
</pin_list>
<bind>
<StgValue><ssdm name="p_ZZ5conv1PA255_A255_fPA1_A9_A9_fPfS1_E6w_tile_5_6_0"/><MemPortTyVec>2 3 </MemPortTyVec>
</StgValue>
</bind>
</comp>

<comp id="140" class="1000" name="p_ZZ5conv1PA255_A255_fPA1_A9_A9_fPfS1_E6w_tile_5_7_0">
<pin_list>
<pin id="141" dir="1" index="0" bw="1" slack="0"/>
</pin_list>
<bind>
<StgValue><ssdm name="p_ZZ5conv1PA255_A255_fPA1_A9_A9_fPfS1_E6w_tile_5_7_0"/><MemPortTyVec>2 3 </MemPortTyVec>
</StgValue>
</bind>
</comp>

<comp id="142" class="1000" name="p_ZZ5conv1PA255_A255_fPA1_A9_A9_fPfS1_E6w_tile_5_8_0">
<pin_list>
<pin id="143" dir="1" index="0" bw="1" slack="0"/>
</pin_list>
<bind>
<StgValue><ssdm name="p_ZZ5conv1PA255_A255_fPA1_A9_A9_fPfS1_E6w_tile_5_8_0"/><MemPortTyVec>2 3 </MemPortTyVec>
</StgValue>
</bind>
</comp>

<comp id="144" class="1000" name="p_ZZ5conv1PA255_A255_fPA1_A9_A9_fPfS1_E6w_tile_6_0_0">
<pin_list>
<pin id="145" dir="1" index="0" bw="1" slack="0"/>
</pin_list>
<bind>
<StgValue><ssdm name="p_ZZ5conv1PA255_A255_fPA1_A9_A9_fPfS1_E6w_tile_6_0_0"/><MemPortTyVec>2 3 </MemPortTyVec>
</StgValue>
</bind>
</comp>

<comp id="146" class="1000" name="p_ZZ5conv1PA255_A255_fPA1_A9_A9_fPfS1_E6w_tile_6_1_0">
<pin_list>
<pin id="147" dir="1" index="0" bw="1" slack="0"/>
</pin_list>
<bind>
<StgValue><ssdm name="p_ZZ5conv1PA255_A255_fPA1_A9_A9_fPfS1_E6w_tile_6_1_0"/><MemPortTyVec>2 3 </MemPortTyVec>
</StgValue>
</bind>
</comp>

<comp id="148" class="1000" name="p_ZZ5conv1PA255_A255_fPA1_A9_A9_fPfS1_E6w_tile_6_2_0">
<pin_list>
<pin id="149" dir="1" index="0" bw="1" slack="0"/>
</pin_list>
<bind>
<StgValue><ssdm name="p_ZZ5conv1PA255_A255_fPA1_A9_A9_fPfS1_E6w_tile_6_2_0"/><MemPortTyVec>2 3 </MemPortTyVec>
</StgValue>
</bind>
</comp>

<comp id="150" class="1000" name="p_ZZ5conv1PA255_A255_fPA1_A9_A9_fPfS1_E6w_tile_6_3_0">
<pin_list>
<pin id="151" dir="1" index="0" bw="1" slack="0"/>
</pin_list>
<bind>
<StgValue><ssdm name="p_ZZ5conv1PA255_A255_fPA1_A9_A9_fPfS1_E6w_tile_6_3_0"/><MemPortTyVec>2 3 </MemPortTyVec>
</StgValue>
</bind>
</comp>

<comp id="152" class="1000" name="p_ZZ5conv1PA255_A255_fPA1_A9_A9_fPfS1_E6w_tile_6_4_0">
<pin_list>
<pin id="153" dir="1" index="0" bw="1" slack="0"/>
</pin_list>
<bind>
<StgValue><ssdm name="p_ZZ5conv1PA255_A255_fPA1_A9_A9_fPfS1_E6w_tile_6_4_0"/><MemPortTyVec>2 3 </MemPortTyVec>
</StgValue>
</bind>
</comp>

<comp id="154" class="1000" name="p_ZZ5conv1PA255_A255_fPA1_A9_A9_fPfS1_E6w_tile_6_5_0">
<pin_list>
<pin id="155" dir="1" index="0" bw="1" slack="0"/>
</pin_list>
<bind>
<StgValue><ssdm name="p_ZZ5conv1PA255_A255_fPA1_A9_A9_fPfS1_E6w_tile_6_5_0"/><MemPortTyVec>2 3 </MemPortTyVec>
</StgValue>
</bind>
</comp>

<comp id="156" class="1000" name="p_ZZ5conv1PA255_A255_fPA1_A9_A9_fPfS1_E6w_tile_6_6_0">
<pin_list>
<pin id="157" dir="1" index="0" bw="1" slack="0"/>
</pin_list>
<bind>
<StgValue><ssdm name="p_ZZ5conv1PA255_A255_fPA1_A9_A9_fPfS1_E6w_tile_6_6_0"/><MemPortTyVec>2 3 </MemPortTyVec>
</StgValue>
</bind>
</comp>

<comp id="158" class="1000" name="p_ZZ5conv1PA255_A255_fPA1_A9_A9_fPfS1_E6w_tile_6_7_0">
<pin_list>
<pin id="159" dir="1" index="0" bw="1" slack="0"/>
</pin_list>
<bind>
<StgValue><ssdm name="p_ZZ5conv1PA255_A255_fPA1_A9_A9_fPfS1_E6w_tile_6_7_0"/><MemPortTyVec>2 3 </MemPortTyVec>
</StgValue>
</bind>
</comp>

<comp id="160" class="1000" name="p_ZZ5conv1PA255_A255_fPA1_A9_A9_fPfS1_E6w_tile_6_8_0">
<pin_list>
<pin id="161" dir="1" index="0" bw="1" slack="0"/>
</pin_list>
<bind>
<StgValue><ssdm name="p_ZZ5conv1PA255_A255_fPA1_A9_A9_fPfS1_E6w_tile_6_8_0"/><MemPortTyVec>2 3 </MemPortTyVec>
</StgValue>
</bind>
</comp>

<comp id="162" class="1000" name="p_ZZ5conv1PA255_A255_fPA1_A9_A9_fPfS1_E6w_tile_7_0_0">
<pin_list>
<pin id="163" dir="1" index="0" bw="1" slack="0"/>
</pin_list>
<bind>
<StgValue><ssdm name="p_ZZ5conv1PA255_A255_fPA1_A9_A9_fPfS1_E6w_tile_7_0_0"/><MemPortTyVec>2 3 </MemPortTyVec>
</StgValue>
</bind>
</comp>

<comp id="164" class="1000" name="p_ZZ5conv1PA255_A255_fPA1_A9_A9_fPfS1_E6w_tile_7_1_0">
<pin_list>
<pin id="165" dir="1" index="0" bw="1" slack="0"/>
</pin_list>
<bind>
<StgValue><ssdm name="p_ZZ5conv1PA255_A255_fPA1_A9_A9_fPfS1_E6w_tile_7_1_0"/><MemPortTyVec>2 3 </MemPortTyVec>
</StgValue>
</bind>
</comp>

<comp id="166" class="1000" name="p_ZZ5conv1PA255_A255_fPA1_A9_A9_fPfS1_E6w_tile_7_2_0">
<pin_list>
<pin id="167" dir="1" index="0" bw="1" slack="0"/>
</pin_list>
<bind>
<StgValue><ssdm name="p_ZZ5conv1PA255_A255_fPA1_A9_A9_fPfS1_E6w_tile_7_2_0"/><MemPortTyVec>2 3 </MemPortTyVec>
</StgValue>
</bind>
</comp>

<comp id="168" class="1000" name="p_ZZ5conv1PA255_A255_fPA1_A9_A9_fPfS1_E6w_tile_7_3_0">
<pin_list>
<pin id="169" dir="1" index="0" bw="1" slack="0"/>
</pin_list>
<bind>
<StgValue><ssdm name="p_ZZ5conv1PA255_A255_fPA1_A9_A9_fPfS1_E6w_tile_7_3_0"/><MemPortTyVec>2 3 </MemPortTyVec>
</StgValue>
</bind>
</comp>

<comp id="170" class="1000" name="p_ZZ5conv1PA255_A255_fPA1_A9_A9_fPfS1_E6w_tile_7_4_0">
<pin_list>
<pin id="171" dir="1" index="0" bw="1" slack="0"/>
</pin_list>
<bind>
<StgValue><ssdm name="p_ZZ5conv1PA255_A255_fPA1_A9_A9_fPfS1_E6w_tile_7_4_0"/><MemPortTyVec>2 3 </MemPortTyVec>
</StgValue>
</bind>
</comp>

<comp id="172" class="1000" name="p_ZZ5conv1PA255_A255_fPA1_A9_A9_fPfS1_E6w_tile_7_5_0">
<pin_list>
<pin id="173" dir="1" index="0" bw="1" slack="0"/>
</pin_list>
<bind>
<StgValue><ssdm name="p_ZZ5conv1PA255_A255_fPA1_A9_A9_fPfS1_E6w_tile_7_5_0"/><MemPortTyVec>2 3 </MemPortTyVec>
</StgValue>
</bind>
</comp>

<comp id="174" class="1000" name="p_ZZ5conv1PA255_A255_fPA1_A9_A9_fPfS1_E6w_tile_7_6_0">
<pin_list>
<pin id="175" dir="1" index="0" bw="1" slack="0"/>
</pin_list>
<bind>
<StgValue><ssdm name="p_ZZ5conv1PA255_A255_fPA1_A9_A9_fPfS1_E6w_tile_7_6_0"/><MemPortTyVec>2 3 </MemPortTyVec>
</StgValue>
</bind>
</comp>

<comp id="176" class="1000" name="p_ZZ5conv1PA255_A255_fPA1_A9_A9_fPfS1_E6w_tile_7_7_0">
<pin_list>
<pin id="177" dir="1" index="0" bw="1" slack="0"/>
</pin_list>
<bind>
<StgValue><ssdm name="p_ZZ5conv1PA255_A255_fPA1_A9_A9_fPfS1_E6w_tile_7_7_0"/><MemPortTyVec>2 3 </MemPortTyVec>
</StgValue>
</bind>
</comp>

<comp id="178" class="1000" name="p_ZZ5conv1PA255_A255_fPA1_A9_A9_fPfS1_E6w_tile_7_8_0">
<pin_list>
<pin id="179" dir="1" index="0" bw="1" slack="0"/>
</pin_list>
<bind>
<StgValue><ssdm name="p_ZZ5conv1PA255_A255_fPA1_A9_A9_fPfS1_E6w_tile_7_8_0"/><MemPortTyVec>2 3 </MemPortTyVec>
</StgValue>
</bind>
</comp>

<comp id="180" class="1000" name="p_ZZ5conv1PA255_A255_fPA1_A9_A9_fPfS1_E6w_tile_8_0_0">
<pin_list>
<pin id="181" dir="1" index="0" bw="1" slack="0"/>
</pin_list>
<bind>
<StgValue><ssdm name="p_ZZ5conv1PA255_A255_fPA1_A9_A9_fPfS1_E6w_tile_8_0_0"/><MemPortTyVec>2 3 </MemPortTyVec>
</StgValue>
</bind>
</comp>

<comp id="182" class="1000" name="p_ZZ5conv1PA255_A255_fPA1_A9_A9_fPfS1_E6w_tile_8_1_0">
<pin_list>
<pin id="183" dir="1" index="0" bw="1" slack="0"/>
</pin_list>
<bind>
<StgValue><ssdm name="p_ZZ5conv1PA255_A255_fPA1_A9_A9_fPfS1_E6w_tile_8_1_0"/><MemPortTyVec>2 3 </MemPortTyVec>
</StgValue>
</bind>
</comp>

<comp id="184" class="1000" name="p_ZZ5conv1PA255_A255_fPA1_A9_A9_fPfS1_E6w_tile_8_2_0">
<pin_list>
<pin id="185" dir="1" index="0" bw="1" slack="0"/>
</pin_list>
<bind>
<StgValue><ssdm name="p_ZZ5conv1PA255_A255_fPA1_A9_A9_fPfS1_E6w_tile_8_2_0"/><MemPortTyVec>2 3 </MemPortTyVec>
</StgValue>
</bind>
</comp>

<comp id="186" class="1000" name="p_ZZ5conv1PA255_A255_fPA1_A9_A9_fPfS1_E6w_tile_8_3_0">
<pin_list>
<pin id="187" dir="1" index="0" bw="1" slack="0"/>
</pin_list>
<bind>
<StgValue><ssdm name="p_ZZ5conv1PA255_A255_fPA1_A9_A9_fPfS1_E6w_tile_8_3_0"/><MemPortTyVec>2 3 </MemPortTyVec>
</StgValue>
</bind>
</comp>

<comp id="188" class="1000" name="p_ZZ5conv1PA255_A255_fPA1_A9_A9_fPfS1_E6w_tile_8_4_0">
<pin_list>
<pin id="189" dir="1" index="0" bw="1" slack="0"/>
</pin_list>
<bind>
<StgValue><ssdm name="p_ZZ5conv1PA255_A255_fPA1_A9_A9_fPfS1_E6w_tile_8_4_0"/><MemPortTyVec>2 3 </MemPortTyVec>
</StgValue>
</bind>
</comp>

<comp id="190" class="1000" name="p_ZZ5conv1PA255_A255_fPA1_A9_A9_fPfS1_E6w_tile_8_5_0">
<pin_list>
<pin id="191" dir="1" index="0" bw="1" slack="0"/>
</pin_list>
<bind>
<StgValue><ssdm name="p_ZZ5conv1PA255_A255_fPA1_A9_A9_fPfS1_E6w_tile_8_5_0"/><MemPortTyVec>2 3 </MemPortTyVec>
</StgValue>
</bind>
</comp>

<comp id="192" class="1000" name="p_ZZ5conv1PA255_A255_fPA1_A9_A9_fPfS1_E6w_tile_8_6_0">
<pin_list>
<pin id="193" dir="1" index="0" bw="1" slack="0"/>
</pin_list>
<bind>
<StgValue><ssdm name="p_ZZ5conv1PA255_A255_fPA1_A9_A9_fPfS1_E6w_tile_8_6_0"/><MemPortTyVec>2 3 </MemPortTyVec>
</StgValue>
</bind>
</comp>

<comp id="194" class="1000" name="p_ZZ5conv1PA255_A255_fPA1_A9_A9_fPfS1_E6w_tile_8_7_0">
<pin_list>
<pin id="195" dir="1" index="0" bw="1" slack="0"/>
</pin_list>
<bind>
<StgValue><ssdm name="p_ZZ5conv1PA255_A255_fPA1_A9_A9_fPfS1_E6w_tile_8_7_0"/><MemPortTyVec>2 3 </MemPortTyVec>
</StgValue>
</bind>
</comp>

<comp id="196" class="1000" name="p_ZZ5conv1PA255_A255_fPA1_A9_A9_fPfS1_E6w_tile_8_8_0">
<pin_list>
<pin id="197" dir="1" index="0" bw="1" slack="0"/>
</pin_list>
<bind>
<StgValue><ssdm name="p_ZZ5conv1PA255_A255_fPA1_A9_A9_fPfS1_E6w_tile_8_8_0"/><MemPortTyVec>2 3 </MemPortTyVec>
</StgValue>
</bind>
</comp>

<comp id="198" class="1000" name="out_tile_1">
<pin_list>
<pin id="199" dir="1" index="0" bw="1" slack="0"/>
</pin_list>
<bind>
<StgValue><ssdm name="out_tile_1"/><MemPortTyVec>2 1 </MemPortTyVec>
</StgValue>
</bind>
</comp>

<comp id="200" class="1000" name="in_tile_0">
<pin_list>
<pin id="201" dir="1" index="0" bw="1" slack="0"/>
</pin_list>
<bind>
<StgValue><ssdm name="in_tile_0"/><MemPortTyVec>2 3 </MemPortTyVec>
</StgValue>
</bind>
</comp>

<comp id="202" class="1000" name="w_tile_0">
<pin_list>
<pin id="203" dir="1" index="0" bw="1" slack="0"/>
</pin_list>
<bind>
<StgValue><ssdm name="w_tile_0"/><MemPortTyVec>2 3 </MemPortTyVec>
</StgValue>
</bind>
</comp>

<comp id="204" class="1000" name="out_tile">
<pin_list>
<pin id="205" dir="1" index="0" bw="1" slack="0"/>
</pin_list>
<bind>
<StgValue><ssdm name="out_tile"/><MemPortTyVec>2 1 </MemPortTyVec>
</StgValue>
</bind>
</comp>

<comp id="206" class="1000" name="p_ZZ5conv3PA255_A255_fPA32_A5_A5_fPfS1_E7in_tile_0_0_0">
<pin_list>
<pin id="207" dir="1" index="0" bw="1" slack="0"/>
</pin_list>
<bind>
<StgValue><ssdm name="p_ZZ5conv3PA255_A255_fPA32_A5_A5_fPfS1_E7in_tile_0_0_0"/><MemPortTyVec>2 1 </MemPortTyVec>
</StgValue>
</bind>
</comp>

<comp id="208" class="1000" name="p_ZZ5conv3PA255_A255_fPA32_A5_A5_fPfS1_E7in_tile_0_1_0">
<pin_list>
<pin id="209" dir="1" index="0" bw="1" slack="0"/>
</pin_list>
<bind>
<StgValue><ssdm name="p_ZZ5conv3PA255_A255_fPA32_A5_A5_fPfS1_E7in_tile_0_1_0"/><MemPortTyVec>2 1 </MemPortTyVec>
</StgValue>
</bind>
</comp>

<comp id="210" class="1000" name="p_ZZ5conv3PA255_A255_fPA32_A5_A5_fPfS1_E7in_tile_0_2_0">
<pin_list>
<pin id="211" dir="1" index="0" bw="1" slack="0"/>
</pin_list>
<bind>
<StgValue><ssdm name="p_ZZ5conv3PA255_A255_fPA32_A5_A5_fPfS1_E7in_tile_0_2_0"/><MemPortTyVec>2 1 </MemPortTyVec>
</StgValue>
</bind>
</comp>

<comp id="212" class="1000" name="p_ZZ5conv3PA255_A255_fPA32_A5_A5_fPfS1_E7in_tile_0_3_0">
<pin_list>
<pin id="213" dir="1" index="0" bw="1" slack="0"/>
</pin_list>
<bind>
<StgValue><ssdm name="p_ZZ5conv3PA255_A255_fPA32_A5_A5_fPfS1_E7in_tile_0_3_0"/><MemPortTyVec>2 1 </MemPortTyVec>
</StgValue>
</bind>
</comp>

<comp id="214" class="1000" name="p_ZZ5conv3PA255_A255_fPA32_A5_A5_fPfS1_E7in_tile_0_4_0">
<pin_list>
<pin id="215" dir="1" index="0" bw="1" slack="0"/>
</pin_list>
<bind>
<StgValue><ssdm name="p_ZZ5conv3PA255_A255_fPA32_A5_A5_fPfS1_E7in_tile_0_4_0"/><MemPortTyVec>2 1 </MemPortTyVec>
</StgValue>
</bind>
</comp>

<comp id="216" class="1000" name="p_ZZ5conv3PA255_A255_fPA32_A5_A5_fPfS1_E7in_tile_1_0_0">
<pin_list>
<pin id="217" dir="1" index="0" bw="1" slack="0"/>
</pin_list>
<bind>
<StgValue><ssdm name="p_ZZ5conv3PA255_A255_fPA32_A5_A5_fPfS1_E7in_tile_1_0_0"/><MemPortTyVec>2 1 </MemPortTyVec>
</StgValue>
</bind>
</comp>

<comp id="218" class="1000" name="p_ZZ5conv3PA255_A255_fPA32_A5_A5_fPfS1_E7in_tile_1_1_0">
<pin_list>
<pin id="219" dir="1" index="0" bw="1" slack="0"/>
</pin_list>
<bind>
<StgValue><ssdm name="p_ZZ5conv3PA255_A255_fPA32_A5_A5_fPfS1_E7in_tile_1_1_0"/><MemPortTyVec>2 1 </MemPortTyVec>
</StgValue>
</bind>
</comp>

<comp id="220" class="1000" name="p_ZZ5conv3PA255_A255_fPA32_A5_A5_fPfS1_E7in_tile_1_2_0">
<pin_list>
<pin id="221" dir="1" index="0" bw="1" slack="0"/>
</pin_list>
<bind>
<StgValue><ssdm name="p_ZZ5conv3PA255_A255_fPA32_A5_A5_fPfS1_E7in_tile_1_2_0"/><MemPortTyVec>2 1 </MemPortTyVec>
</StgValue>
</bind>
</comp>

<comp id="222" class="1000" name="p_ZZ5conv3PA255_A255_fPA32_A5_A5_fPfS1_E7in_tile_1_3_0">
<pin_list>
<pin id="223" dir="1" index="0" bw="1" slack="0"/>
</pin_list>
<bind>
<StgValue><ssdm name="p_ZZ5conv3PA255_A255_fPA32_A5_A5_fPfS1_E7in_tile_1_3_0"/><MemPortTyVec>2 1 </MemPortTyVec>
</StgValue>
</bind>
</comp>

<comp id="224" class="1000" name="p_ZZ5conv3PA255_A255_fPA32_A5_A5_fPfS1_E7in_tile_1_4_0">
<pin_list>
<pin id="225" dir="1" index="0" bw="1" slack="0"/>
</pin_list>
<bind>
<StgValue><ssdm name="p_ZZ5conv3PA255_A255_fPA32_A5_A5_fPfS1_E7in_tile_1_4_0"/><MemPortTyVec>2 1 </MemPortTyVec>
</StgValue>
</bind>
</comp>

<comp id="226" class="1000" name="p_ZZ5conv3PA255_A255_fPA32_A5_A5_fPfS1_E7in_tile_2_0_0">
<pin_list>
<pin id="227" dir="1" index="0" bw="1" slack="0"/>
</pin_list>
<bind>
<StgValue><ssdm name="p_ZZ5conv3PA255_A255_fPA32_A5_A5_fPfS1_E7in_tile_2_0_0"/><MemPortTyVec>2 1 </MemPortTyVec>
</StgValue>
</bind>
</comp>

<comp id="228" class="1000" name="p_ZZ5conv3PA255_A255_fPA32_A5_A5_fPfS1_E7in_tile_2_1_0">
<pin_list>
<pin id="229" dir="1" index="0" bw="1" slack="0"/>
</pin_list>
<bind>
<StgValue><ssdm name="p_ZZ5conv3PA255_A255_fPA32_A5_A5_fPfS1_E7in_tile_2_1_0"/><MemPortTyVec>2 1 </MemPortTyVec>
</StgValue>
</bind>
</comp>

<comp id="230" class="1000" name="p_ZZ5conv3PA255_A255_fPA32_A5_A5_fPfS1_E7in_tile_2_2_0">
<pin_list>
<pin id="231" dir="1" index="0" bw="1" slack="0"/>
</pin_list>
<bind>
<StgValue><ssdm name="p_ZZ5conv3PA255_A255_fPA32_A5_A5_fPfS1_E7in_tile_2_2_0"/><MemPortTyVec>2 1 </MemPortTyVec>
</StgValue>
</bind>
</comp>

<comp id="232" class="1000" name="p_ZZ5conv3PA255_A255_fPA32_A5_A5_fPfS1_E7in_tile_2_3_0">
<pin_list>
<pin id="233" dir="1" index="0" bw="1" slack="0"/>
</pin_list>
<bind>
<StgValue><ssdm name="p_ZZ5conv3PA255_A255_fPA32_A5_A5_fPfS1_E7in_tile_2_3_0"/><MemPortTyVec>2 1 </MemPortTyVec>
</StgValue>
</bind>
</comp>

<comp id="234" class="1000" name="p_ZZ5conv3PA255_A255_fPA32_A5_A5_fPfS1_E7in_tile_2_4_0">
<pin_list>
<pin id="235" dir="1" index="0" bw="1" slack="0"/>
</pin_list>
<bind>
<StgValue><ssdm name="p_ZZ5conv3PA255_A255_fPA32_A5_A5_fPfS1_E7in_tile_2_4_0"/><MemPortTyVec>2 1 </MemPortTyVec>
</StgValue>
</bind>
</comp>

<comp id="236" class="1000" name="p_ZZ5conv3PA255_A255_fPA32_A5_A5_fPfS1_E7in_tile_3_0_0">
<pin_list>
<pin id="237" dir="1" index="0" bw="1" slack="0"/>
</pin_list>
<bind>
<StgValue><ssdm name="p_ZZ5conv3PA255_A255_fPA32_A5_A5_fPfS1_E7in_tile_3_0_0"/><MemPortTyVec>2 1 </MemPortTyVec>
</StgValue>
</bind>
</comp>

<comp id="238" class="1000" name="p_ZZ5conv3PA255_A255_fPA32_A5_A5_fPfS1_E7in_tile_3_1_0">
<pin_list>
<pin id="239" dir="1" index="0" bw="1" slack="0"/>
</pin_list>
<bind>
<StgValue><ssdm name="p_ZZ5conv3PA255_A255_fPA32_A5_A5_fPfS1_E7in_tile_3_1_0"/><MemPortTyVec>2 1 </MemPortTyVec>
</StgValue>
</bind>
</comp>

<comp id="240" class="1000" name="p_ZZ5conv3PA255_A255_fPA32_A5_A5_fPfS1_E7in_tile_3_2_0">
<pin_list>
<pin id="241" dir="1" index="0" bw="1" slack="0"/>
</pin_list>
<bind>
<StgValue><ssdm name="p_ZZ5conv3PA255_A255_fPA32_A5_A5_fPfS1_E7in_tile_3_2_0"/><MemPortTyVec>2 1 </MemPortTyVec>
</StgValue>
</bind>
</comp>

<comp id="242" class="1000" name="p_ZZ5conv3PA255_A255_fPA32_A5_A5_fPfS1_E7in_tile_3_3_0">
<pin_list>
<pin id="243" dir="1" index="0" bw="1" slack="0"/>
</pin_list>
<bind>
<StgValue><ssdm name="p_ZZ5conv3PA255_A255_fPA32_A5_A5_fPfS1_E7in_tile_3_3_0"/><MemPortTyVec>2 1 </MemPortTyVec>
</StgValue>
</bind>
</comp>

<comp id="244" class="1000" name="p_ZZ5conv3PA255_A255_fPA32_A5_A5_fPfS1_E7in_tile_3_4_0">
<pin_list>
<pin id="245" dir="1" index="0" bw="1" slack="0"/>
</pin_list>
<bind>
<StgValue><ssdm name="p_ZZ5conv3PA255_A255_fPA32_A5_A5_fPfS1_E7in_tile_3_4_0"/><MemPortTyVec>2 1 </MemPortTyVec>
</StgValue>
</bind>
</comp>

<comp id="246" class="1000" name="p_ZZ5conv3PA255_A255_fPA32_A5_A5_fPfS1_E7in_tile_4_0_0">
<pin_list>
<pin id="247" dir="1" index="0" bw="1" slack="0"/>
</pin_list>
<bind>
<StgValue><ssdm name="p_ZZ5conv3PA255_A255_fPA32_A5_A5_fPfS1_E7in_tile_4_0_0"/><MemPortTyVec>2 1 </MemPortTyVec>
</StgValue>
</bind>
</comp>

<comp id="248" class="1000" name="p_ZZ5conv3PA255_A255_fPA32_A5_A5_fPfS1_E7in_tile_4_1_0">
<pin_list>
<pin id="249" dir="1" index="0" bw="1" slack="0"/>
</pin_list>
<bind>
<StgValue><ssdm name="p_ZZ5conv3PA255_A255_fPA32_A5_A5_fPfS1_E7in_tile_4_1_0"/><MemPortTyVec>2 1 </MemPortTyVec>
</StgValue>
</bind>
</comp>

<comp id="250" class="1000" name="p_ZZ5conv3PA255_A255_fPA32_A5_A5_fPfS1_E7in_tile_4_2_0">
<pin_list>
<pin id="251" dir="1" index="0" bw="1" slack="0"/>
</pin_list>
<bind>
<StgValue><ssdm name="p_ZZ5conv3PA255_A255_fPA32_A5_A5_fPfS1_E7in_tile_4_2_0"/><MemPortTyVec>2 1 </MemPortTyVec>
</StgValue>
</bind>
</comp>

<comp id="252" class="1000" name="p_ZZ5conv3PA255_A255_fPA32_A5_A5_fPfS1_E7in_tile_4_3_0">
<pin_list>
<pin id="253" dir="1" index="0" bw="1" slack="0"/>
</pin_list>
<bind>
<StgValue><ssdm name="p_ZZ5conv3PA255_A255_fPA32_A5_A5_fPfS1_E7in_tile_4_3_0"/><MemPortTyVec>2 1 </MemPortTyVec>
</StgValue>
</bind>
</comp>

<comp id="254" class="1000" name="p_ZZ5conv3PA255_A255_fPA32_A5_A5_fPfS1_E7in_tile_4_4_0">
<pin_list>
<pin id="255" dir="1" index="0" bw="1" slack="0"/>
</pin_list>
<bind>
<StgValue><ssdm name="p_ZZ5conv3PA255_A255_fPA32_A5_A5_fPfS1_E7in_tile_4_4_0"/><MemPortTyVec>2 1 </MemPortTyVec>
</StgValue>
</bind>
</comp>

<comp id="256" class="1000" name="p_ZZ5conv3PA255_A255_fPA32_A5_A5_fPfS1_E6w_tile_0_0_0">
<pin_list>
<pin id="257" dir="1" index="0" bw="1" slack="0"/>
</pin_list>
<bind>
<StgValue><ssdm name="p_ZZ5conv3PA255_A255_fPA32_A5_A5_fPfS1_E6w_tile_0_0_0"/><MemPortTyVec>2 3 </MemPortTyVec>
</StgValue>
</bind>
</comp>

<comp id="258" class="1000" name="p_ZZ5conv3PA255_A255_fPA32_A5_A5_fPfS1_E6w_tile_0_1_0">
<pin_list>
<pin id="259" dir="1" index="0" bw="1" slack="0"/>
</pin_list>
<bind>
<StgValue><ssdm name="p_ZZ5conv3PA255_A255_fPA32_A5_A5_fPfS1_E6w_tile_0_1_0"/><MemPortTyVec>2 3 </MemPortTyVec>
</StgValue>
</bind>
</comp>

<comp id="260" class="1000" name="p_ZZ5conv3PA255_A255_fPA32_A5_A5_fPfS1_E6w_tile_0_2_0">
<pin_list>
<pin id="261" dir="1" index="0" bw="1" slack="0"/>
</pin_list>
<bind>
<StgValue><ssdm name="p_ZZ5conv3PA255_A255_fPA32_A5_A5_fPfS1_E6w_tile_0_2_0"/><MemPortTyVec>2 3 </MemPortTyVec>
</StgValue>
</bind>
</comp>

<comp id="262" class="1000" name="p_ZZ5conv3PA255_A255_fPA32_A5_A5_fPfS1_E6w_tile_0_3_0">
<pin_list>
<pin id="263" dir="1" index="0" bw="1" slack="0"/>
</pin_list>
<bind>
<StgValue><ssdm name="p_ZZ5conv3PA255_A255_fPA32_A5_A5_fPfS1_E6w_tile_0_3_0"/><MemPortTyVec>2 3 </MemPortTyVec>
</StgValue>
</bind>
</comp>

<comp id="264" class="1000" name="p_ZZ5conv3PA255_A255_fPA32_A5_A5_fPfS1_E6w_tile_0_4_0">
<pin_list>
<pin id="265" dir="1" index="0" bw="1" slack="0"/>
</pin_list>
<bind>
<StgValue><ssdm name="p_ZZ5conv3PA255_A255_fPA32_A5_A5_fPfS1_E6w_tile_0_4_0"/><MemPortTyVec>2 3 </MemPortTyVec>
</StgValue>
</bind>
</comp>

<comp id="266" class="1000" name="p_ZZ5conv3PA255_A255_fPA32_A5_A5_fPfS1_E6w_tile_1_0_0">
<pin_list>
<pin id="267" dir="1" index="0" bw="1" slack="0"/>
</pin_list>
<bind>
<StgValue><ssdm name="p_ZZ5conv3PA255_A255_fPA32_A5_A5_fPfS1_E6w_tile_1_0_0"/><MemPortTyVec>2 3 </MemPortTyVec>
</StgValue>
</bind>
</comp>

<comp id="268" class="1000" name="p_ZZ5conv3PA255_A255_fPA32_A5_A5_fPfS1_E6w_tile_1_1_0">
<pin_list>
<pin id="269" dir="1" index="0" bw="1" slack="0"/>
</pin_list>
<bind>
<StgValue><ssdm name="p_ZZ5conv3PA255_A255_fPA32_A5_A5_fPfS1_E6w_tile_1_1_0"/><MemPortTyVec>2 3 </MemPortTyVec>
</StgValue>
</bind>
</comp>

<comp id="270" class="1000" name="p_ZZ5conv3PA255_A255_fPA32_A5_A5_fPfS1_E6w_tile_1_2_0">
<pin_list>
<pin id="271" dir="1" index="0" bw="1" slack="0"/>
</pin_list>
<bind>
<StgValue><ssdm name="p_ZZ5conv3PA255_A255_fPA32_A5_A5_fPfS1_E6w_tile_1_2_0"/><MemPortTyVec>2 3 </MemPortTyVec>
</StgValue>
</bind>
</comp>

<comp id="272" class="1000" name="p_ZZ5conv3PA255_A255_fPA32_A5_A5_fPfS1_E6w_tile_1_3_0">
<pin_list>
<pin id="273" dir="1" index="0" bw="1" slack="0"/>
</pin_list>
<bind>
<StgValue><ssdm name="p_ZZ5conv3PA255_A255_fPA32_A5_A5_fPfS1_E6w_tile_1_3_0"/><MemPortTyVec>2 3 </MemPortTyVec>
</StgValue>
</bind>
</comp>

<comp id="274" class="1000" name="p_ZZ5conv3PA255_A255_fPA32_A5_A5_fPfS1_E6w_tile_1_4_0">
<pin_list>
<pin id="275" dir="1" index="0" bw="1" slack="0"/>
</pin_list>
<bind>
<StgValue><ssdm name="p_ZZ5conv3PA255_A255_fPA32_A5_A5_fPfS1_E6w_tile_1_4_0"/><MemPortTyVec>2 3 </MemPortTyVec>
</StgValue>
</bind>
</comp>

<comp id="276" class="1000" name="p_ZZ5conv3PA255_A255_fPA32_A5_A5_fPfS1_E6w_tile_2_0_0">
<pin_list>
<pin id="277" dir="1" index="0" bw="1" slack="0"/>
</pin_list>
<bind>
<StgValue><ssdm name="p_ZZ5conv3PA255_A255_fPA32_A5_A5_fPfS1_E6w_tile_2_0_0"/><MemPortTyVec>2 3 </MemPortTyVec>
</StgValue>
</bind>
</comp>

<comp id="278" class="1000" name="p_ZZ5conv3PA255_A255_fPA32_A5_A5_fPfS1_E6w_tile_2_1_0">
<pin_list>
<pin id="279" dir="1" index="0" bw="1" slack="0"/>
</pin_list>
<bind>
<StgValue><ssdm name="p_ZZ5conv3PA255_A255_fPA32_A5_A5_fPfS1_E6w_tile_2_1_0"/><MemPortTyVec>2 3 </MemPortTyVec>
</StgValue>
</bind>
</comp>

<comp id="280" class="1000" name="p_ZZ5conv3PA255_A255_fPA32_A5_A5_fPfS1_E6w_tile_2_2_0">
<pin_list>
<pin id="281" dir="1" index="0" bw="1" slack="0"/>
</pin_list>
<bind>
<StgValue><ssdm name="p_ZZ5conv3PA255_A255_fPA32_A5_A5_fPfS1_E6w_tile_2_2_0"/><MemPortTyVec>2 3 </MemPortTyVec>
</StgValue>
</bind>
</comp>

<comp id="282" class="1000" name="p_ZZ5conv3PA255_A255_fPA32_A5_A5_fPfS1_E6w_tile_2_3_0">
<pin_list>
<pin id="283" dir="1" index="0" bw="1" slack="0"/>
</pin_list>
<bind>
<StgValue><ssdm name="p_ZZ5conv3PA255_A255_fPA32_A5_A5_fPfS1_E6w_tile_2_3_0"/><MemPortTyVec>2 3 </MemPortTyVec>
</StgValue>
</bind>
</comp>

<comp id="284" class="1000" name="p_ZZ5conv3PA255_A255_fPA32_A5_A5_fPfS1_E6w_tile_2_4_0">
<pin_list>
<pin id="285" dir="1" index="0" bw="1" slack="0"/>
</pin_list>
<bind>
<StgValue><ssdm name="p_ZZ5conv3PA255_A255_fPA32_A5_A5_fPfS1_E6w_tile_2_4_0"/><MemPortTyVec>2 3 </MemPortTyVec>
</StgValue>
</bind>
</comp>

<comp id="286" class="1000" name="p_ZZ5conv3PA255_A255_fPA32_A5_A5_fPfS1_E6w_tile_3_0_0">
<pin_list>
<pin id="287" dir="1" index="0" bw="1" slack="0"/>
</pin_list>
<bind>
<StgValue><ssdm name="p_ZZ5conv3PA255_A255_fPA32_A5_A5_fPfS1_E6w_tile_3_0_0"/><MemPortTyVec>2 3 </MemPortTyVec>
</StgValue>
</bind>
</comp>

<comp id="288" class="1000" name="p_ZZ5conv3PA255_A255_fPA32_A5_A5_fPfS1_E6w_tile_3_1_0">
<pin_list>
<pin id="289" dir="1" index="0" bw="1" slack="0"/>
</pin_list>
<bind>
<StgValue><ssdm name="p_ZZ5conv3PA255_A255_fPA32_A5_A5_fPfS1_E6w_tile_3_1_0"/><MemPortTyVec>2 3 </MemPortTyVec>
</StgValue>
</bind>
</comp>

<comp id="290" class="1000" name="p_ZZ5conv3PA255_A255_fPA32_A5_A5_fPfS1_E6w_tile_3_2_0">
<pin_list>
<pin id="291" dir="1" index="0" bw="1" slack="0"/>
</pin_list>
<bind>
<StgValue><ssdm name="p_ZZ5conv3PA255_A255_fPA32_A5_A5_fPfS1_E6w_tile_3_2_0"/><MemPortTyVec>2 3 </MemPortTyVec>
</StgValue>
</bind>
</comp>

<comp id="292" class="1000" name="p_ZZ5conv3PA255_A255_fPA32_A5_A5_fPfS1_E6w_tile_3_3_0">
<pin_list>
<pin id="293" dir="1" index="0" bw="1" slack="0"/>
</pin_list>
<bind>
<StgValue><ssdm name="p_ZZ5conv3PA255_A255_fPA32_A5_A5_fPfS1_E6w_tile_3_3_0"/><MemPortTyVec>2 3 </MemPortTyVec>
</StgValue>
</bind>
</comp>

<comp id="294" class="1000" name="p_ZZ5conv3PA255_A255_fPA32_A5_A5_fPfS1_E6w_tile_3_4_0">
<pin_list>
<pin id="295" dir="1" index="0" bw="1" slack="0"/>
</pin_list>
<bind>
<StgValue><ssdm name="p_ZZ5conv3PA255_A255_fPA32_A5_A5_fPfS1_E6w_tile_3_4_0"/><MemPortTyVec>2 3 </MemPortTyVec>
</StgValue>
</bind>
</comp>

<comp id="296" class="1000" name="p_ZZ5conv3PA255_A255_fPA32_A5_A5_fPfS1_E6w_tile_4_0_0">
<pin_list>
<pin id="297" dir="1" index="0" bw="1" slack="0"/>
</pin_list>
<bind>
<StgValue><ssdm name="p_ZZ5conv3PA255_A255_fPA32_A5_A5_fPfS1_E6w_tile_4_0_0"/><MemPortTyVec>2 3 </MemPortTyVec>
</StgValue>
</bind>
</comp>

<comp id="298" class="1000" name="p_ZZ5conv3PA255_A255_fPA32_A5_A5_fPfS1_E6w_tile_4_1_0">
<pin_list>
<pin id="299" dir="1" index="0" bw="1" slack="0"/>
</pin_list>
<bind>
<StgValue><ssdm name="p_ZZ5conv3PA255_A255_fPA32_A5_A5_fPfS1_E6w_tile_4_1_0"/><MemPortTyVec>2 3 </MemPortTyVec>
</StgValue>
</bind>
</comp>

<comp id="300" class="1000" name="p_ZZ5conv3PA255_A255_fPA32_A5_A5_fPfS1_E6w_tile_4_2_0">
<pin_list>
<pin id="301" dir="1" index="0" bw="1" slack="0"/>
</pin_list>
<bind>
<StgValue><ssdm name="p_ZZ5conv3PA255_A255_fPA32_A5_A5_fPfS1_E6w_tile_4_2_0"/><MemPortTyVec>2 3 </MemPortTyVec>
</StgValue>
</bind>
</comp>

<comp id="302" class="1000" name="p_ZZ5conv3PA255_A255_fPA32_A5_A5_fPfS1_E6w_tile_4_3_0">
<pin_list>
<pin id="303" dir="1" index="0" bw="1" slack="0"/>
</pin_list>
<bind>
<StgValue><ssdm name="p_ZZ5conv3PA255_A255_fPA32_A5_A5_fPfS1_E6w_tile_4_3_0"/><MemPortTyVec>2 3 </MemPortTyVec>
</StgValue>
</bind>
</comp>

<comp id="304" class="1000" name="p_ZZ5conv3PA255_A255_fPA32_A5_A5_fPfS1_E6w_tile_4_4_0">
<pin_list>
<pin id="305" dir="1" index="0" bw="1" slack="0"/>
</pin_list>
<bind>
<StgValue><ssdm name="p_ZZ5conv3PA255_A255_fPA32_A5_A5_fPfS1_E6w_tile_4_4_0"/><MemPortTyVec>2 3 </MemPortTyVec>
</StgValue>
</bind>
</comp>

<comp id="306" class="1001" name="const_306">
<pin_list>
<pin id="307" dir="1" index="0" bw="1" slack="0"/>
</pin_list>
<bind>
<StgValue><ssdm name="_ssdm_op_Read.s_axilite.i64"/></StgValue>
</bind>
</comp>

<comp id="308" class="1001" name="const_308">
<pin_list>
<pin id="309" dir="1" index="0" bw="1" slack="0"/>
</pin_list>
<bind>
<StgValue><ssdm name="conv1"/></StgValue>
</bind>
</comp>

<comp id="310" class="1001" name="const_310">
<pin_list>
<pin id="311" dir="1" index="0" bw="1" slack="0"/>
</pin_list>
<bind>
<StgValue><ssdm name="conv2"/></StgValue>
</bind>
</comp>

<comp id="312" class="1001" name="const_312">
<pin_list>
<pin id="313" dir="1" index="0" bw="1" slack="0"/>
</pin_list>
<bind>
<StgValue><ssdm name="conv3"/></StgValue>
</bind>
</comp>

<comp id="314" class="1001" name="const_314">
<pin_list>
<pin id="315" dir="1" index="0" bw="1" slack="2147483647"/>
</pin_list>
<bind>
<StgValue><ssdm name="_ssdm_op_SpecTopModule"/></StgValue>
</bind>
</comp>

<comp id="316" class="1001" name="const_316">
<pin_list>
<pin id="317" dir="1" index="0" bw="1" slack="2147483647"/>
</pin_list>
<bind>
<StgValue><ssdm name="empty_45"/></StgValue>
</bind>
</comp>

<comp id="318" class="1001" name="const_318">
<pin_list>
<pin id="319" dir="1" index="0" bw="1" slack="2147483647"/>
</pin_list>
<bind>
<StgValue><ssdm name="_ssdm_op_SpecInterface"/></StgValue>
</bind>
</comp>

<comp id="320" class="1001" name="const_320">
<pin_list>
<pin id="321" dir="1" index="0" bw="1" slack="2147483647"/>
</pin_list>
<bind>
<StgValue><ssdm name="empty_39"/></StgValue>
</bind>
</comp>

<comp id="322" class="1001" name="const_322">
<pin_list>
<pin id="323" dir="1" index="0" bw="1" slack="2147483647"/>
</pin_list>
<bind>
<StgValue><ssdm name=""/></StgValue>
</bind>
</comp>

<comp id="324" class="1001" name="const_324">
<pin_list>
<pin id="325" dir="1" index="0" bw="1" slack="2147483647"/>
</pin_list>
<bind>
<StgValue><ssdm name="empty_40"/></StgValue>
</bind>
</comp>

<comp id="326" class="1001" name="const_326">
<pin_list>
<pin id="327" dir="1" index="0" bw="1" slack="2147483647"/>
</pin_list>
<bind>
<StgValue><ssdm name=""/></StgValue>
</bind>
</comp>

<comp id="328" class="1001" name="const_328">
<pin_list>
<pin id="329" dir="1" index="0" bw="1" slack="2147483647"/>
</pin_list>
<bind>
<StgValue><ssdm name="empty_41"/></StgValue>
</bind>
</comp>

<comp id="330" class="1001" name="const_330">
<pin_list>
<pin id="331" dir="1" index="0" bw="1" slack="2147483647"/>
</pin_list>
<bind>
<StgValue><ssdm name="empty_42"/></StgValue>
</bind>
</comp>

<comp id="332" class="1001" name="const_332">
<pin_list>
<pin id="333" dir="1" index="0" bw="1" slack="2147483647"/>
</pin_list>
<bind>
<StgValue><ssdm name=""/></StgValue>
</bind>
</comp>

<comp id="334" class="1001" name="const_334">
<pin_list>
<pin id="335" dir="1" index="0" bw="1" slack="2147483647"/>
</pin_list>
<bind>
<StgValue><ssdm name=""/></StgValue>
</bind>
</comp>

<comp id="336" class="1001" name="const_336">
<pin_list>
<pin id="337" dir="1" index="0" bw="1" slack="2147483647"/>
</pin_list>
<bind>
<StgValue><ssdm name="_ssdm_op_SpecBitsMap"/></StgValue>
</bind>
</comp>

<comp id="338" class="1001" name="const_338">
<pin_list>
<pin id="339" dir="1" index="0" bw="1" slack="2147483647"/>
</pin_list>
<bind>
<StgValue><ssdm name=""/></StgValue>
</bind>
</comp>

<comp id="340" class="1001" name="const_340">
<pin_list>
<pin id="341" dir="1" index="0" bw="1" slack="2147483647"/>
</pin_list>
<bind>
<StgValue><ssdm name="empty_43"/></StgValue>
</bind>
</comp>

<comp id="342" class="1001" name="const_342">
<pin_list>
<pin id="343" dir="1" index="0" bw="1" slack="2147483647"/>
</pin_list>
<bind>
<StgValue><ssdm name=""/></StgValue>
</bind>
</comp>

<comp id="344" class="1001" name="const_344">
<pin_list>
<pin id="345" dir="1" index="0" bw="1" slack="2147483647"/>
</pin_list>
<bind>
<StgValue><ssdm name="empty_44"/></StgValue>
</bind>
</comp>

<comp id="346" class="1001" name="const_346">
<pin_list>
<pin id="347" dir="1" index="0" bw="1" slack="2147483647"/>
</pin_list>
<bind>
<StgValue><ssdm name=""/></StgValue>
</bind>
</comp>

<comp id="348" class="1001" name="const_348">
<pin_list>
<pin id="349" dir="1" index="0" bw="1" slack="2147483647"/>
</pin_list>
<bind>
<StgValue><ssdm name="empty_21"/></StgValue>
</bind>
</comp>

<comp id="350" class="1001" name="const_350">
<pin_list>
<pin id="351" dir="1" index="0" bw="1" slack="2147483647"/>
</pin_list>
<bind>
<StgValue><ssdm name=""/></StgValue>
</bind>
</comp>

<comp id="352" class="1001" name="const_352">
<pin_list>
<pin id="353" dir="1" index="0" bw="1" slack="2147483647"/>
</pin_list>
<bind>
<StgValue><ssdm name="empty"/></StgValue>
</bind>
</comp>

<comp id="354" class="1001" name="const_354">
<pin_list>
<pin id="355" dir="1" index="0" bw="1" slack="2147483647"/>
</pin_list>
<bind>
<StgValue><ssdm name="empty_12"/></StgValue>
</bind>
</comp>

<comp id="356" class="1001" name="const_356">
<pin_list>
<pin id="357" dir="1" index="0" bw="1" slack="2147483647"/>
</pin_list>
<bind>
<StgValue><ssdm name="empty_1"/></StgValue>
</bind>
</comp>

<comp id="358" class="1001" name="const_358">
<pin_list>
<pin id="359" dir="1" index="0" bw="1" slack="2147483647"/>
</pin_list>
<bind>
<StgValue><ssdm name="empty_2"/></StgValue>
</bind>
</comp>

<comp id="360" class="1001" name="const_360">
<pin_list>
<pin id="361" dir="1" index="0" bw="1" slack="2147483647"/>
</pin_list>
<bind>
<StgValue><ssdm name="empty_3"/></StgValue>
</bind>
</comp>

<comp id="362" class="1001" name="const_362">
<pin_list>
<pin id="363" dir="1" index="0" bw="1" slack="2147483647"/>
</pin_list>
<bind>
<StgValue><ssdm name="empty_4"/></StgValue>
</bind>
</comp>

<comp id="364" class="1001" name="const_364">
<pin_list>
<pin id="365" dir="1" index="0" bw="1" slack="2147483647"/>
</pin_list>
<bind>
<StgValue><ssdm name="empty_5"/></StgValue>
</bind>
</comp>

<comp id="366" class="1001" name="const_366">
<pin_list>
<pin id="367" dir="1" index="0" bw="1" slack="2147483647"/>
</pin_list>
<bind>
<StgValue><ssdm name="empty_6"/></StgValue>
</bind>
</comp>

<comp id="368" class="1001" name="const_368">
<pin_list>
<pin id="369" dir="1" index="0" bw="1" slack="2147483647"/>
</pin_list>
<bind>
<StgValue><ssdm name="empty_7"/></StgValue>
</bind>
</comp>

<comp id="370" class="1001" name="const_370">
<pin_list>
<pin id="371" dir="1" index="0" bw="1" slack="2147483647"/>
</pin_list>
<bind>
<StgValue><ssdm name="empty_8"/></StgValue>
</bind>
</comp>

<comp id="372" class="1001" name="const_372">
<pin_list>
<pin id="373" dir="1" index="0" bw="1" slack="2147483647"/>
</pin_list>
<bind>
<StgValue><ssdm name="empty_10"/></StgValue>
</bind>
</comp>

<comp id="374" class="1001" name="const_374">
<pin_list>
<pin id="375" dir="1" index="0" bw="1" slack="2147483647"/>
</pin_list>
<bind>
<StgValue><ssdm name="empty_11"/></StgValue>
</bind>
</comp>

<comp id="376" class="1001" name="const_376">
<pin_list>
<pin id="377" dir="1" index="0" bw="1" slack="2147483647"/>
</pin_list>
<bind>
<StgValue><ssdm name="empty_20"/></StgValue>
</bind>
</comp>

<comp id="378" class="1001" name="const_378">
<pin_list>
<pin id="379" dir="1" index="0" bw="1" slack="2147483647"/>
</pin_list>
<bind>
<StgValue><ssdm name="empty_13"/></StgValue>
</bind>
</comp>

<comp id="380" class="1001" name="const_380">
<pin_list>
<pin id="381" dir="1" index="0" bw="1" slack="2147483647"/>
</pin_list>
<bind>
<StgValue><ssdm name="empty_14"/></StgValue>
</bind>
</comp>

<comp id="382" class="1001" name="const_382">
<pin_list>
<pin id="383" dir="1" index="0" bw="1" slack="2147483647"/>
</pin_list>
<bind>
<StgValue><ssdm name="empty_15"/></StgValue>
</bind>
</comp>

<comp id="384" class="1004" name="output_ftmap_read_read_fu_384">
<pin_list>
<pin id="385" dir="0" index="0" bw="64" slack="0"/>
<pin id="386" dir="0" index="1" bw="64" slack="0"/>
<pin id="387" dir="1" index="2" bw="64" slack="4"/>
</pin_list>
<bind>
<opcode="read(1150) " fcode="read"/>
<opset="output_ftmap_read/1 "/>
</bind>
</comp>

<comp id="390" class="1004" name="conv3_biases_read_read_fu_390">
<pin_list>
<pin id="391" dir="0" index="0" bw="64" slack="0"/>
<pin id="392" dir="0" index="1" bw="64" slack="0"/>
<pin id="393" dir="1" index="2" bw="64" slack="4"/>
</pin_list>
<bind>
<opcode="read(1150) " fcode="read"/>
<opset="conv3_biases_read/1 "/>
</bind>
</comp>

<comp id="396" class="1004" name="conv3_weights_read_read_fu_396">
<pin_list>
<pin id="397" dir="0" index="0" bw="64" slack="0"/>
<pin id="398" dir="0" index="1" bw="64" slack="0"/>
<pin id="399" dir="1" index="2" bw="64" slack="4"/>
</pin_list>
<bind>
<opcode="read(1150) " fcode="read"/>
<opset="conv3_weights_read/1 "/>
</bind>
</comp>

<comp id="402" class="1004" name="conv2_out_read_read_fu_402">
<pin_list>
<pin id="403" dir="0" index="0" bw="64" slack="0"/>
<pin id="404" dir="0" index="1" bw="64" slack="0"/>
<pin id="405" dir="1" index="2" bw="64" slack="2"/>
</pin_list>
<bind>
<opcode="read(1150) " fcode="read"/>
<opset="conv2_out_read/1 "/>
</bind>
</comp>

<comp id="408" class="1004" name="conv2_biases_read_read_fu_408">
<pin_list>
<pin id="409" dir="0" index="0" bw="64" slack="0"/>
<pin id="410" dir="0" index="1" bw="64" slack="0"/>
<pin id="411" dir="1" index="2" bw="64" slack="2"/>
</pin_list>
<bind>
<opcode="read(1150) " fcode="read"/>
<opset="conv2_biases_read/1 "/>
</bind>
</comp>

<comp id="414" class="1004" name="conv2_weights_read_read_fu_414">
<pin_list>
<pin id="415" dir="0" index="0" bw="64" slack="0"/>
<pin id="416" dir="0" index="1" bw="64" slack="0"/>
<pin id="417" dir="1" index="2" bw="64" slack="2"/>
</pin_list>
<bind>
<opcode="read(1150) " fcode="read"/>
<opset="conv2_weights_read/1 "/>
</bind>
</comp>

<comp id="420" class="1004" name="conv1_out_read_read_fu_420">
<pin_list>
<pin id="421" dir="0" index="0" bw="64" slack="0"/>
<pin id="422" dir="0" index="1" bw="64" slack="0"/>
<pin id="423" dir="1" index="2" bw="64" slack="0"/>
</pin_list>
<bind>
<opcode="read(1150) " fcode="read"/>
<opset="conv1_out_read/1 "/>
</bind>
</comp>

<comp id="426" class="1004" name="conv1_biases_read_read_fu_426">
<pin_list>
<pin id="427" dir="0" index="0" bw="64" slack="0"/>
<pin id="428" dir="0" index="1" bw="64" slack="0"/>
<pin id="429" dir="1" index="2" bw="64" slack="0"/>
</pin_list>
<bind>
<opcode="read(1150) " fcode="read"/>
<opset="conv1_biases_read/1 "/>
</bind>
</comp>

<comp id="432" class="1004" name="conv1_weights_read_read_fu_432">
<pin_list>
<pin id="433" dir="0" index="0" bw="64" slack="0"/>
<pin id="434" dir="0" index="1" bw="64" slack="0"/>
<pin id="435" dir="1" index="2" bw="64" slack="0"/>
</pin_list>
<bind>
<opcode="read(1150) " fcode="read"/>
<opset="conv1_weights_read/1 "/>
</bind>
</comp>

<comp id="438" class="1004" name="input_ftmap_read_read_fu_438">
<pin_list>
<pin id="439" dir="0" index="0" bw="64" slack="0"/>
<pin id="440" dir="0" index="1" bw="64" slack="0"/>
<pin id="441" dir="1" index="2" bw="64" slack="0"/>
</pin_list>
<bind>
<opcode="read(1150) " fcode="read"/>
<opset="input_ftmap_read/1 "/>
</bind>
</comp>

<comp id="444" class="1004" name="grp_conv1_fu_444">
<pin_list>
<pin id="445" dir="0" index="0" bw="0" slack="0"/>
<pin id="446" dir="0" index="1" bw="32" slack="0"/>
<pin id="447" dir="0" index="2" bw="64" slack="0"/>
<pin id="448" dir="0" index="3" bw="32" slack="0"/>
<pin id="449" dir="0" index="4" bw="64" slack="0"/>
<pin id="450" dir="0" index="5" bw="64" slack="0"/>
<pin id="451" dir="0" index="6" bw="32" slack="0"/>
<pin id="452" dir="0" index="7" bw="64" slack="0"/>
<pin id="453" dir="0" index="8" bw="32" slack="0"/>
<pin id="454" dir="0" index="9" bw="32" slack="0"/>
<pin id="455" dir="0" index="10" bw="32" slack="0"/>
<pin id="456" dir="0" index="11" bw="32" slack="0"/>
<pin id="457" dir="0" index="12" bw="32" slack="0"/>
<pin id="458" dir="0" index="13" bw="32" slack="0"/>
<pin id="459" dir="0" index="14" bw="32" slack="0"/>
<pin id="460" dir="0" index="15" bw="32" slack="0"/>
<pin id="461" dir="0" index="16" bw="32" slack="0"/>
<pin id="462" dir="0" index="17" bw="32" slack="0"/>
<pin id="463" dir="0" index="18" bw="32" slack="0"/>
<pin id="464" dir="0" index="19" bw="32" slack="0"/>
<pin id="465" dir="0" index="20" bw="32" slack="0"/>
<pin id="466" dir="0" index="21" bw="32" slack="0"/>
<pin id="467" dir="0" index="22" bw="32" slack="0"/>
<pin id="468" dir="0" index="23" bw="32" slack="0"/>
<pin id="469" dir="0" index="24" bw="32" slack="0"/>
<pin id="470" dir="0" index="25" bw="32" slack="0"/>
<pin id="471" dir="0" index="26" bw="32" slack="0"/>
<pin id="472" dir="0" index="27" bw="32" slack="0"/>
<pin id="473" dir="0" index="28" bw="32" slack="0"/>
<pin id="474" dir="0" index="29" bw="32" slack="0"/>
<pin id="475" dir="0" index="30" bw="32" slack="0"/>
<pin id="476" dir="0" index="31" bw="32" slack="0"/>
<pin id="477" dir="0" index="32" bw="32" slack="0"/>
<pin id="478" dir="0" index="33" bw="32" slack="0"/>
<pin id="479" dir="0" index="34" bw="32" slack="0"/>
<pin id="480" dir="0" index="35" bw="32" slack="0"/>
<pin id="481" dir="0" index="36" bw="32" slack="0"/>
<pin id="482" dir="0" index="37" bw="32" slack="0"/>
<pin id="483" dir="0" index="38" bw="32" slack="0"/>
<pin id="484" dir="0" index="39" bw="32" slack="0"/>
<pin id="485" dir="0" index="40" bw="32" slack="0"/>
<pin id="486" dir="0" index="41" bw="32" slack="0"/>
<pin id="487" dir="0" index="42" bw="32" slack="0"/>
<pin id="488" dir="0" index="43" bw="32" slack="0"/>
<pin id="489" dir="0" index="44" bw="32" slack="0"/>
<pin id="490" dir="0" index="45" bw="32" slack="0"/>
<pin id="491" dir="0" index="46" bw="32" slack="0"/>
<pin id="492" dir="0" index="47" bw="32" slack="0"/>
<pin id="493" dir="0" index="48" bw="32" slack="0"/>
<pin id="494" dir="0" index="49" bw="32" slack="0"/>
<pin id="495" dir="0" index="50" bw="32" slack="0"/>
<pin id="496" dir="0" index="51" bw="32" slack="0"/>
<pin id="497" dir="0" index="52" bw="32" slack="0"/>
<pin id="498" dir="0" index="53" bw="32" slack="0"/>
<pin id="499" dir="0" index="54" bw="32" slack="0"/>
<pin id="500" dir="0" index="55" bw="32" slack="0"/>
<pin id="501" dir="0" index="56" bw="32" slack="0"/>
<pin id="502" dir="0" index="57" bw="32" slack="0"/>
<pin id="503" dir="0" index="58" bw="32" slack="0"/>
<pin id="504" dir="0" index="59" bw="32" slack="0"/>
<pin id="505" dir="0" index="60" bw="32" slack="0"/>
<pin id="506" dir="0" index="61" bw="32" slack="0"/>
<pin id="507" dir="0" index="62" bw="32" slack="0"/>
<pin id="508" dir="0" index="63" bw="32" slack="0"/>
<pin id="509" dir="0" index="64" bw="32" slack="0"/>
<pin id="510" dir="0" index="65" bw="32" slack="0"/>
<pin id="511" dir="0" index="66" bw="32" slack="0"/>
<pin id="512" dir="0" index="67" bw="32" slack="0"/>
<pin id="513" dir="0" index="68" bw="32" slack="0"/>
<pin id="514" dir="0" index="69" bw="32" slack="0"/>
<pin id="515" dir="0" index="70" bw="32" slack="0"/>
<pin id="516" dir="0" index="71" bw="32" slack="0"/>
<pin id="517" dir="0" index="72" bw="32" slack="0"/>
<pin id="518" dir="0" index="73" bw="32" slack="0"/>
<pin id="519" dir="0" index="74" bw="32" slack="0"/>
<pin id="520" dir="0" index="75" bw="32" slack="0"/>
<pin id="521" dir="0" index="76" bw="32" slack="0"/>
<pin id="522" dir="0" index="77" bw="32" slack="0"/>
<pin id="523" dir="0" index="78" bw="32" slack="0"/>
<pin id="524" dir="0" index="79" bw="32" slack="0"/>
<pin id="525" dir="0" index="80" bw="32" slack="0"/>
<pin id="526" dir="0" index="81" bw="32" slack="0"/>
<pin id="527" dir="0" index="82" bw="32" slack="0"/>
<pin id="528" dir="0" index="83" bw="32" slack="0"/>
<pin id="529" dir="0" index="84" bw="32" slack="0"/>
<pin id="530" dir="0" index="85" bw="32" slack="0"/>
<pin id="531" dir="0" index="86" bw="32" slack="0"/>
<pin id="532" dir="0" index="87" bw="32" slack="0"/>
<pin id="533" dir="0" index="88" bw="32" slack="0"/>
<pin id="534" dir="0" index="89" bw="32" slack="0"/>
<pin id="535" dir="0" index="90" bw="32" slack="0"/>
<pin id="536" dir="1" index="91" bw="0" slack="2147483647"/>
</pin_list>
<bind>
<opcode="call(48) " fcode="call"/>
<opset="call_ln43/1 "/>
</bind>
</comp>

<comp id="628" class="1004" name="grp_conv2_fu_628">
<pin_list>
<pin id="629" dir="0" index="0" bw="0" slack="0"/>
<pin id="630" dir="0" index="1" bw="32" slack="0"/>
<pin id="631" dir="0" index="2" bw="64" slack="2"/>
<pin id="632" dir="0" index="3" bw="32" slack="0"/>
<pin id="633" dir="0" index="4" bw="64" slack="2"/>
<pin id="634" dir="0" index="5" bw="64" slack="2"/>
<pin id="635" dir="0" index="6" bw="64" slack="2"/>
<pin id="636" dir="0" index="7" bw="32" slack="0"/>
<pin id="637" dir="0" index="8" bw="32" slack="0"/>
<pin id="638" dir="0" index="9" bw="32" slack="0"/>
<pin id="639" dir="1" index="10" bw="0" slack="2147483647"/>
</pin_list>
<bind>
<opcode="call(48) " fcode="call"/>
<opset="call_ln45/3 "/>
</bind>
</comp>

<comp id="646" class="1004" name="grp_conv3_fu_646">
<pin_list>
<pin id="647" dir="0" index="0" bw="0" slack="0"/>
<pin id="648" dir="0" index="1" bw="32" slack="0"/>
<pin id="649" dir="0" index="2" bw="64" slack="4"/>
<pin id="650" dir="0" index="3" bw="32" slack="0"/>
<pin id="651" dir="0" index="4" bw="64" slack="4"/>
<pin id="652" dir="0" index="5" bw="64" slack="4"/>
<pin id="653" dir="0" index="6" bw="32" slack="0"/>
<pin id="654" dir="0" index="7" bw="64" slack="4"/>
<pin id="655" dir="0" index="8" bw="32" slack="0"/>
<pin id="656" dir="0" index="9" bw="32" slack="0"/>
<pin id="657" dir="0" index="10" bw="32" slack="0"/>
<pin id="658" dir="0" index="11" bw="32" slack="0"/>
<pin id="659" dir="0" index="12" bw="32" slack="0"/>
<pin id="660" dir="0" index="13" bw="32" slack="0"/>
<pin id="661" dir="0" index="14" bw="32" slack="0"/>
<pin id="662" dir="0" index="15" bw="32" slack="0"/>
<pin id="663" dir="0" index="16" bw="32" slack="0"/>
<pin id="664" dir="0" index="17" bw="32" slack="0"/>
<pin id="665" dir="0" index="18" bw="32" slack="0"/>
<pin id="666" dir="0" index="19" bw="32" slack="0"/>
<pin id="667" dir="0" index="20" bw="32" slack="0"/>
<pin id="668" dir="0" index="21" bw="32" slack="0"/>
<pin id="669" dir="0" index="22" bw="32" slack="0"/>
<pin id="670" dir="0" index="23" bw="32" slack="0"/>
<pin id="671" dir="0" index="24" bw="32" slack="0"/>
<pin id="672" dir="0" index="25" bw="32" slack="0"/>
<pin id="673" dir="0" index="26" bw="32" slack="0"/>
<pin id="674" dir="0" index="27" bw="32" slack="0"/>
<pin id="675" dir="0" index="28" bw="32" slack="0"/>
<pin id="676" dir="0" index="29" bw="32" slack="0"/>
<pin id="677" dir="0" index="30" bw="32" slack="0"/>
<pin id="678" dir="0" index="31" bw="32" slack="0"/>
<pin id="679" dir="0" index="32" bw="32" slack="0"/>
<pin id="680" dir="0" index="33" bw="32" slack="0"/>
<pin id="681" dir="0" index="34" bw="32" slack="0"/>
<pin id="682" dir="0" index="35" bw="32" slack="0"/>
<pin id="683" dir="0" index="36" bw="32" slack="0"/>
<pin id="684" dir="0" index="37" bw="32" slack="0"/>
<pin id="685" dir="0" index="38" bw="32" slack="0"/>
<pin id="686" dir="0" index="39" bw="32" slack="0"/>
<pin id="687" dir="0" index="40" bw="32" slack="0"/>
<pin id="688" dir="0" index="41" bw="32" slack="0"/>
<pin id="689" dir="0" index="42" bw="32" slack="0"/>
<pin id="690" dir="0" index="43" bw="32" slack="0"/>
<pin id="691" dir="0" index="44" bw="32" slack="0"/>
<pin id="692" dir="0" index="45" bw="32" slack="0"/>
<pin id="693" dir="0" index="46" bw="32" slack="0"/>
<pin id="694" dir="0" index="47" bw="32" slack="0"/>
<pin id="695" dir="0" index="48" bw="32" slack="0"/>
<pin id="696" dir="0" index="49" bw="32" slack="0"/>
<pin id="697" dir="0" index="50" bw="32" slack="0"/>
<pin id="698" dir="0" index="51" bw="32" slack="0"/>
<pin id="699" dir="0" index="52" bw="32" slack="0"/>
<pin id="700" dir="0" index="53" bw="32" slack="0"/>
<pin id="701" dir="0" index="54" bw="32" slack="0"/>
<pin id="702" dir="0" index="55" bw="32" slack="0"/>
<pin id="703" dir="0" index="56" bw="32" slack="0"/>
<pin id="704" dir="0" index="57" bw="32" slack="0"/>
<pin id="705" dir="0" index="58" bw="32" slack="0"/>
<pin id="706" dir="1" index="59" bw="0" slack="2147483647"/>
</pin_list>
<bind>
<opcode="call(48) " fcode="call"/>
<opset="call_ln47/5 "/>
</bind>
</comp>

<comp id="762" class="1005" name="output_ftmap_read_reg_762">
<pin_list>
<pin id="763" dir="0" index="0" bw="64" slack="4"/>
<pin id="764" dir="1" index="1" bw="64" slack="4"/>
</pin_list>
<bind>
<opset="output_ftmap_read "/>
</bind>
</comp>

<comp id="767" class="1005" name="conv3_biases_read_reg_767">
<pin_list>
<pin id="768" dir="0" index="0" bw="64" slack="4"/>
<pin id="769" dir="1" index="1" bw="64" slack="4"/>
</pin_list>
<bind>
<opset="conv3_biases_read "/>
</bind>
</comp>

<comp id="772" class="1005" name="conv3_weights_read_reg_772">
<pin_list>
<pin id="773" dir="0" index="0" bw="64" slack="4"/>
<pin id="774" dir="1" index="1" bw="64" slack="4"/>
</pin_list>
<bind>
<opset="conv3_weights_read "/>
</bind>
</comp>

<comp id="777" class="1005" name="conv2_out_read_reg_777">
<pin_list>
<pin id="778" dir="0" index="0" bw="64" slack="2"/>
<pin id="779" dir="1" index="1" bw="64" slack="2"/>
</pin_list>
<bind>
<opset="conv2_out_read "/>
</bind>
</comp>

<comp id="783" class="1005" name="conv2_biases_read_reg_783">
<pin_list>
<pin id="784" dir="0" index="0" bw="64" slack="2"/>
<pin id="785" dir="1" index="1" bw="64" slack="2"/>
</pin_list>
<bind>
<opset="conv2_biases_read "/>
</bind>
</comp>

<comp id="788" class="1005" name="conv2_weights_read_reg_788">
<pin_list>
<pin id="789" dir="0" index="0" bw="64" slack="2"/>
<pin id="790" dir="1" index="1" bw="64" slack="2"/>
</pin_list>
<bind>
<opset="conv2_weights_read "/>
</bind>
</comp>

<comp id="793" class="1005" name="conv1_out_read_reg_793">
<pin_list>
<pin id="794" dir="0" index="0" bw="64" slack="1"/>
<pin id="795" dir="1" index="1" bw="64" slack="1"/>
</pin_list>
<bind>
<opset="conv1_out_read "/>
</bind>
</comp>

<comp id="799" class="1005" name="conv1_biases_read_reg_799">
<pin_list>
<pin id="800" dir="0" index="0" bw="64" slack="1"/>
<pin id="801" dir="1" index="1" bw="64" slack="1"/>
</pin_list>
<bind>
<opset="conv1_biases_read "/>
</bind>
</comp>

<comp id="804" class="1005" name="conv1_weights_read_reg_804">
<pin_list>
<pin id="805" dir="0" index="0" bw="64" slack="1"/>
<pin id="806" dir="1" index="1" bw="64" slack="1"/>
</pin_list>
<bind>
<opset="conv1_weights_read "/>
</bind>
</comp>

<comp id="809" class="1005" name="input_ftmap_read_reg_809">
<pin_list>
<pin id="810" dir="0" index="0" bw="64" slack="1"/>
<pin id="811" dir="1" index="1" bw="64" slack="1"/>
</pin_list>
<bind>
<opset="input_ftmap_read "/>
</bind>
</comp>

</comp_list>

<net_list>
<net id="388"><net_src comp="306" pin="0"/><net_sink comp="384" pin=0"/></net>

<net id="389"><net_src comp="30" pin="0"/><net_sink comp="384" pin=1"/></net>

<net id="394"><net_src comp="306" pin="0"/><net_sink comp="390" pin=0"/></net>

<net id="395"><net_src comp="28" pin="0"/><net_sink comp="390" pin=1"/></net>

<net id="400"><net_src comp="306" pin="0"/><net_sink comp="396" pin=0"/></net>

<net id="401"><net_src comp="26" pin="0"/><net_sink comp="396" pin=1"/></net>

<net id="406"><net_src comp="306" pin="0"/><net_sink comp="402" pin=0"/></net>

<net id="407"><net_src comp="24" pin="0"/><net_sink comp="402" pin=1"/></net>

<net id="412"><net_src comp="306" pin="0"/><net_sink comp="408" pin=0"/></net>

<net id="413"><net_src comp="22" pin="0"/><net_sink comp="408" pin=1"/></net>

<net id="418"><net_src comp="306" pin="0"/><net_sink comp="414" pin=0"/></net>

<net id="419"><net_src comp="20" pin="0"/><net_sink comp="414" pin=1"/></net>

<net id="424"><net_src comp="306" pin="0"/><net_sink comp="420" pin=0"/></net>

<net id="425"><net_src comp="18" pin="0"/><net_sink comp="420" pin=1"/></net>

<net id="430"><net_src comp="306" pin="0"/><net_sink comp="426" pin=0"/></net>

<net id="431"><net_src comp="16" pin="0"/><net_sink comp="426" pin=1"/></net>

<net id="436"><net_src comp="306" pin="0"/><net_sink comp="432" pin=0"/></net>

<net id="437"><net_src comp="14" pin="0"/><net_sink comp="432" pin=1"/></net>

<net id="442"><net_src comp="306" pin="0"/><net_sink comp="438" pin=0"/></net>

<net id="443"><net_src comp="12" pin="0"/><net_sink comp="438" pin=1"/></net>

<net id="537"><net_src comp="308" pin="0"/><net_sink comp="444" pin=0"/></net>

<net id="538"><net_src comp="0" pin="0"/><net_sink comp="444" pin=1"/></net>

<net id="539"><net_src comp="438" pin="2"/><net_sink comp="444" pin=2"/></net>

<net id="540"><net_src comp="2" pin="0"/><net_sink comp="444" pin=3"/></net>

<net id="541"><net_src comp="432" pin="2"/><net_sink comp="444" pin=4"/></net>

<net id="542"><net_src comp="426" pin="2"/><net_sink comp="444" pin=5"/></net>

<net id="543"><net_src comp="4" pin="0"/><net_sink comp="444" pin=6"/></net>

<net id="544"><net_src comp="420" pin="2"/><net_sink comp="444" pin=7"/></net>

<net id="545"><net_src comp="32" pin="0"/><net_sink comp="444" pin=8"/></net>

<net id="546"><net_src comp="34" pin="0"/><net_sink comp="444" pin=9"/></net>

<net id="547"><net_src comp="36" pin="0"/><net_sink comp="444" pin=10"/></net>

<net id="548"><net_src comp="38" pin="0"/><net_sink comp="444" pin=11"/></net>

<net id="549"><net_src comp="40" pin="0"/><net_sink comp="444" pin=12"/></net>

<net id="550"><net_src comp="42" pin="0"/><net_sink comp="444" pin=13"/></net>

<net id="551"><net_src comp="44" pin="0"/><net_sink comp="444" pin=14"/></net>

<net id="552"><net_src comp="46" pin="0"/><net_sink comp="444" pin=15"/></net>

<net id="553"><net_src comp="48" pin="0"/><net_sink comp="444" pin=16"/></net>

<net id="554"><net_src comp="50" pin="0"/><net_sink comp="444" pin=17"/></net>

<net id="555"><net_src comp="52" pin="0"/><net_sink comp="444" pin=18"/></net>

<net id="556"><net_src comp="54" pin="0"/><net_sink comp="444" pin=19"/></net>

<net id="557"><net_src comp="56" pin="0"/><net_sink comp="444" pin=20"/></net>

<net id="558"><net_src comp="58" pin="0"/><net_sink comp="444" pin=21"/></net>

<net id="559"><net_src comp="60" pin="0"/><net_sink comp="444" pin=22"/></net>

<net id="560"><net_src comp="62" pin="0"/><net_sink comp="444" pin=23"/></net>

<net id="561"><net_src comp="64" pin="0"/><net_sink comp="444" pin=24"/></net>

<net id="562"><net_src comp="66" pin="0"/><net_sink comp="444" pin=25"/></net>

<net id="563"><net_src comp="68" pin="0"/><net_sink comp="444" pin=26"/></net>

<net id="564"><net_src comp="70" pin="0"/><net_sink comp="444" pin=27"/></net>

<net id="565"><net_src comp="72" pin="0"/><net_sink comp="444" pin=28"/></net>

<net id="566"><net_src comp="74" pin="0"/><net_sink comp="444" pin=29"/></net>

<net id="567"><net_src comp="76" pin="0"/><net_sink comp="444" pin=30"/></net>

<net id="568"><net_src comp="78" pin="0"/><net_sink comp="444" pin=31"/></net>

<net id="569"><net_src comp="80" pin="0"/><net_sink comp="444" pin=32"/></net>

<net id="570"><net_src comp="82" pin="0"/><net_sink comp="444" pin=33"/></net>

<net id="571"><net_src comp="84" pin="0"/><net_sink comp="444" pin=34"/></net>

<net id="572"><net_src comp="86" pin="0"/><net_sink comp="444" pin=35"/></net>

<net id="573"><net_src comp="88" pin="0"/><net_sink comp="444" pin=36"/></net>

<net id="574"><net_src comp="90" pin="0"/><net_sink comp="444" pin=37"/></net>

<net id="575"><net_src comp="92" pin="0"/><net_sink comp="444" pin=38"/></net>

<net id="576"><net_src comp="94" pin="0"/><net_sink comp="444" pin=39"/></net>

<net id="577"><net_src comp="96" pin="0"/><net_sink comp="444" pin=40"/></net>

<net id="578"><net_src comp="98" pin="0"/><net_sink comp="444" pin=41"/></net>

<net id="579"><net_src comp="100" pin="0"/><net_sink comp="444" pin=42"/></net>

<net id="580"><net_src comp="102" pin="0"/><net_sink comp="444" pin=43"/></net>

<net id="581"><net_src comp="104" pin="0"/><net_sink comp="444" pin=44"/></net>

<net id="582"><net_src comp="106" pin="0"/><net_sink comp="444" pin=45"/></net>

<net id="583"><net_src comp="108" pin="0"/><net_sink comp="444" pin=46"/></net>

<net id="584"><net_src comp="110" pin="0"/><net_sink comp="444" pin=47"/></net>

<net id="585"><net_src comp="112" pin="0"/><net_sink comp="444" pin=48"/></net>

<net id="586"><net_src comp="114" pin="0"/><net_sink comp="444" pin=49"/></net>

<net id="587"><net_src comp="116" pin="0"/><net_sink comp="444" pin=50"/></net>

<net id="588"><net_src comp="118" pin="0"/><net_sink comp="444" pin=51"/></net>

<net id="589"><net_src comp="120" pin="0"/><net_sink comp="444" pin=52"/></net>

<net id="590"><net_src comp="122" pin="0"/><net_sink comp="444" pin=53"/></net>

<net id="591"><net_src comp="124" pin="0"/><net_sink comp="444" pin=54"/></net>

<net id="592"><net_src comp="126" pin="0"/><net_sink comp="444" pin=55"/></net>

<net id="593"><net_src comp="128" pin="0"/><net_sink comp="444" pin=56"/></net>

<net id="594"><net_src comp="130" pin="0"/><net_sink comp="444" pin=57"/></net>

<net id="595"><net_src comp="132" pin="0"/><net_sink comp="444" pin=58"/></net>

<net id="596"><net_src comp="134" pin="0"/><net_sink comp="444" pin=59"/></net>

<net id="597"><net_src comp="136" pin="0"/><net_sink comp="444" pin=60"/></net>

<net id="598"><net_src comp="138" pin="0"/><net_sink comp="444" pin=61"/></net>

<net id="599"><net_src comp="140" pin="0"/><net_sink comp="444" pin=62"/></net>

<net id="600"><net_src comp="142" pin="0"/><net_sink comp="444" pin=63"/></net>

<net id="601"><net_src comp="144" pin="0"/><net_sink comp="444" pin=64"/></net>

<net id="602"><net_src comp="146" pin="0"/><net_sink comp="444" pin=65"/></net>

<net id="603"><net_src comp="148" pin="0"/><net_sink comp="444" pin=66"/></net>

<net id="604"><net_src comp="150" pin="0"/><net_sink comp="444" pin=67"/></net>

<net id="605"><net_src comp="152" pin="0"/><net_sink comp="444" pin=68"/></net>

<net id="606"><net_src comp="154" pin="0"/><net_sink comp="444" pin=69"/></net>

<net id="607"><net_src comp="156" pin="0"/><net_sink comp="444" pin=70"/></net>

<net id="608"><net_src comp="158" pin="0"/><net_sink comp="444" pin=71"/></net>

<net id="609"><net_src comp="160" pin="0"/><net_sink comp="444" pin=72"/></net>

<net id="610"><net_src comp="162" pin="0"/><net_sink comp="444" pin=73"/></net>

<net id="611"><net_src comp="164" pin="0"/><net_sink comp="444" pin=74"/></net>

<net id="612"><net_src comp="166" pin="0"/><net_sink comp="444" pin=75"/></net>

<net id="613"><net_src comp="168" pin="0"/><net_sink comp="444" pin=76"/></net>

<net id="614"><net_src comp="170" pin="0"/><net_sink comp="444" pin=77"/></net>

<net id="615"><net_src comp="172" pin="0"/><net_sink comp="444" pin=78"/></net>

<net id="616"><net_src comp="174" pin="0"/><net_sink comp="444" pin=79"/></net>

<net id="617"><net_src comp="176" pin="0"/><net_sink comp="444" pin=80"/></net>

<net id="618"><net_src comp="178" pin="0"/><net_sink comp="444" pin=81"/></net>

<net id="619"><net_src comp="180" pin="0"/><net_sink comp="444" pin=82"/></net>

<net id="620"><net_src comp="182" pin="0"/><net_sink comp="444" pin=83"/></net>

<net id="621"><net_src comp="184" pin="0"/><net_sink comp="444" pin=84"/></net>

<net id="622"><net_src comp="186" pin="0"/><net_sink comp="444" pin=85"/></net>

<net id="623"><net_src comp="188" pin="0"/><net_sink comp="444" pin=86"/></net>

<net id="624"><net_src comp="190" pin="0"/><net_sink comp="444" pin=87"/></net>

<net id="625"><net_src comp="192" pin="0"/><net_sink comp="444" pin=88"/></net>

<net id="626"><net_src comp="194" pin="0"/><net_sink comp="444" pin=89"/></net>

<net id="627"><net_src comp="196" pin="0"/><net_sink comp="444" pin=90"/></net>

<net id="640"><net_src comp="310" pin="0"/><net_sink comp="628" pin=0"/></net>

<net id="641"><net_src comp="4" pin="0"/><net_sink comp="628" pin=1"/></net>

<net id="642"><net_src comp="6" pin="0"/><net_sink comp="628" pin=3"/></net>

<net id="643"><net_src comp="198" pin="0"/><net_sink comp="628" pin=7"/></net>

<net id="644"><net_src comp="200" pin="0"/><net_sink comp="628" pin=8"/></net>

<net id="645"><net_src comp="202" pin="0"/><net_sink comp="628" pin=9"/></net>

<net id="707"><net_src comp="312" pin="0"/><net_sink comp="646" pin=0"/></net>

<net id="708"><net_src comp="4" pin="0"/><net_sink comp="646" pin=1"/></net>

<net id="709"><net_src comp="8" pin="0"/><net_sink comp="646" pin=3"/></net>

<net id="710"><net_src comp="10" pin="0"/><net_sink comp="646" pin=6"/></net>

<net id="711"><net_src comp="204" pin="0"/><net_sink comp="646" pin=8"/></net>

<net id="712"><net_src comp="206" pin="0"/><net_sink comp="646" pin=9"/></net>

<net id="713"><net_src comp="208" pin="0"/><net_sink comp="646" pin=10"/></net>

<net id="714"><net_src comp="210" pin="0"/><net_sink comp="646" pin=11"/></net>

<net id="715"><net_src comp="212" pin="0"/><net_sink comp="646" pin=12"/></net>

<net id="716"><net_src comp="214" pin="0"/><net_sink comp="646" pin=13"/></net>

<net id="717"><net_src comp="216" pin="0"/><net_sink comp="646" pin=14"/></net>

<net id="718"><net_src comp="218" pin="0"/><net_sink comp="646" pin=15"/></net>

<net id="719"><net_src comp="220" pin="0"/><net_sink comp="646" pin=16"/></net>

<net id="720"><net_src comp="222" pin="0"/><net_sink comp="646" pin=17"/></net>

<net id="721"><net_src comp="224" pin="0"/><net_sink comp="646" pin=18"/></net>

<net id="722"><net_src comp="226" pin="0"/><net_sink comp="646" pin=19"/></net>

<net id="723"><net_src comp="228" pin="0"/><net_sink comp="646" pin=20"/></net>

<net id="724"><net_src comp="230" pin="0"/><net_sink comp="646" pin=21"/></net>

<net id="725"><net_src comp="232" pin="0"/><net_sink comp="646" pin=22"/></net>

<net id="726"><net_src comp="234" pin="0"/><net_sink comp="646" pin=23"/></net>

<net id="727"><net_src comp="236" pin="0"/><net_sink comp="646" pin=24"/></net>

<net id="728"><net_src comp="238" pin="0"/><net_sink comp="646" pin=25"/></net>

<net id="729"><net_src comp="240" pin="0"/><net_sink comp="646" pin=26"/></net>

<net id="730"><net_src comp="242" pin="0"/><net_sink comp="646" pin=27"/></net>

<net id="731"><net_src comp="244" pin="0"/><net_sink comp="646" pin=28"/></net>

<net id="732"><net_src comp="246" pin="0"/><net_sink comp="646" pin=29"/></net>

<net id="733"><net_src comp="248" pin="0"/><net_sink comp="646" pin=30"/></net>

<net id="734"><net_src comp="250" pin="0"/><net_sink comp="646" pin=31"/></net>

<net id="735"><net_src comp="252" pin="0"/><net_sink comp="646" pin=32"/></net>

<net id="736"><net_src comp="254" pin="0"/><net_sink comp="646" pin=33"/></net>

<net id="737"><net_src comp="256" pin="0"/><net_sink comp="646" pin=34"/></net>

<net id="738"><net_src comp="258" pin="0"/><net_sink comp="646" pin=35"/></net>

<net id="739"><net_src comp="260" pin="0"/><net_sink comp="646" pin=36"/></net>

<net id="740"><net_src comp="262" pin="0"/><net_sink comp="646" pin=37"/></net>

<net id="741"><net_src comp="264" pin="0"/><net_sink comp="646" pin=38"/></net>

<net id="742"><net_src comp="266" pin="0"/><net_sink comp="646" pin=39"/></net>

<net id="743"><net_src comp="268" pin="0"/><net_sink comp="646" pin=40"/></net>

<net id="744"><net_src comp="270" pin="0"/><net_sink comp="646" pin=41"/></net>

<net id="745"><net_src comp="272" pin="0"/><net_sink comp="646" pin=42"/></net>

<net id="746"><net_src comp="274" pin="0"/><net_sink comp="646" pin=43"/></net>

<net id="747"><net_src comp="276" pin="0"/><net_sink comp="646" pin=44"/></net>

<net id="748"><net_src comp="278" pin="0"/><net_sink comp="646" pin=45"/></net>

<net id="749"><net_src comp="280" pin="0"/><net_sink comp="646" pin=46"/></net>

<net id="750"><net_src comp="282" pin="0"/><net_sink comp="646" pin=47"/></net>

<net id="751"><net_src comp="284" pin="0"/><net_sink comp="646" pin=48"/></net>

<net id="752"><net_src comp="286" pin="0"/><net_sink comp="646" pin=49"/></net>

<net id="753"><net_src comp="288" pin="0"/><net_sink comp="646" pin=50"/></net>

<net id="754"><net_src comp="290" pin="0"/><net_sink comp="646" pin=51"/></net>

<net id="755"><net_src comp="292" pin="0"/><net_sink comp="646" pin=52"/></net>

<net id="756"><net_src comp="294" pin="0"/><net_sink comp="646" pin=53"/></net>

<net id="757"><net_src comp="296" pin="0"/><net_sink comp="646" pin=54"/></net>

<net id="758"><net_src comp="298" pin="0"/><net_sink comp="646" pin=55"/></net>

<net id="759"><net_src comp="300" pin="0"/><net_sink comp="646" pin=56"/></net>

<net id="760"><net_src comp="302" pin="0"/><net_sink comp="646" pin=57"/></net>

<net id="761"><net_src comp="304" pin="0"/><net_sink comp="646" pin=58"/></net>

<net id="765"><net_src comp="384" pin="2"/><net_sink comp="762" pin=0"/></net>

<net id="766"><net_src comp="762" pin="1"/><net_sink comp="646" pin=7"/></net>

<net id="770"><net_src comp="390" pin="2"/><net_sink comp="767" pin=0"/></net>

<net id="771"><net_src comp="767" pin="1"/><net_sink comp="646" pin=5"/></net>

<net id="775"><net_src comp="396" pin="2"/><net_sink comp="772" pin=0"/></net>

<net id="776"><net_src comp="772" pin="1"/><net_sink comp="646" pin=4"/></net>

<net id="780"><net_src comp="402" pin="2"/><net_sink comp="777" pin=0"/></net>

<net id="781"><net_src comp="777" pin="1"/><net_sink comp="628" pin=6"/></net>

<net id="782"><net_src comp="777" pin="1"/><net_sink comp="646" pin=2"/></net>

<net id="786"><net_src comp="408" pin="2"/><net_sink comp="783" pin=0"/></net>

<net id="787"><net_src comp="783" pin="1"/><net_sink comp="628" pin=5"/></net>

<net id="791"><net_src comp="414" pin="2"/><net_sink comp="788" pin=0"/></net>

<net id="792"><net_src comp="788" pin="1"/><net_sink comp="628" pin=4"/></net>

<net id="796"><net_src comp="420" pin="2"/><net_sink comp="793" pin=0"/></net>

<net id="797"><net_src comp="793" pin="1"/><net_sink comp="444" pin=7"/></net>

<net id="798"><net_src comp="793" pin="1"/><net_sink comp="628" pin=2"/></net>

<net id="802"><net_src comp="426" pin="2"/><net_sink comp="799" pin=0"/></net>

<net id="803"><net_src comp="799" pin="1"/><net_sink comp="444" pin=5"/></net>

<net id="807"><net_src comp="432" pin="2"/><net_sink comp="804" pin=0"/></net>

<net id="808"><net_src comp="804" pin="1"/><net_sink comp="444" pin=4"/></net>

<net id="812"><net_src comp="438" pin="2"/><net_sink comp="809" pin=0"/></net>

<net id="813"><net_src comp="809" pin="1"/><net_sink comp="444" pin=2"/></net>

</net_list>

</model> 
---------------- Datapath Model END ------------------

* FSMD analyzer results:
  - Output states:
	Port: feat | {1 2 3 4 }
	Port: out_r | {5 6 }
	Port: out_tile_2 | {1 2 }
	Port: in_tile_1_0 | {1 2 }
	Port: p_ZZ5conv1PA255_A255_fPA1_A9_A9_fPfS1_E6w_tile_0_0_0 | {1 2 }
	Port: p_ZZ5conv1PA255_A255_fPA1_A9_A9_fPfS1_E6w_tile_0_1_0 | {1 2 }
	Port: p_ZZ5conv1PA255_A255_fPA1_A9_A9_fPfS1_E6w_tile_0_2_0 | {1 2 }
	Port: p_ZZ5conv1PA255_A255_fPA1_A9_A9_fPfS1_E6w_tile_0_3_0 | {1 2 }
	Port: p_ZZ5conv1PA255_A255_fPA1_A9_A9_fPfS1_E6w_tile_0_4_0 | {1 2 }
	Port: p_ZZ5conv1PA255_A255_fPA1_A9_A9_fPfS1_E6w_tile_0_5_0 | {1 2 }
	Port: p_ZZ5conv1PA255_A255_fPA1_A9_A9_fPfS1_E6w_tile_0_6_0 | {1 2 }
	Port: p_ZZ5conv1PA255_A255_fPA1_A9_A9_fPfS1_E6w_tile_0_7_0 | {1 2 }
	Port: p_ZZ5conv1PA255_A255_fPA1_A9_A9_fPfS1_E6w_tile_0_8_0 | {1 2 }
	Port: p_ZZ5conv1PA255_A255_fPA1_A9_A9_fPfS1_E6w_tile_1_0_0 | {1 2 }
	Port: p_ZZ5conv1PA255_A255_fPA1_A9_A9_fPfS1_E6w_tile_1_1_0 | {1 2 }
	Port: p_ZZ5conv1PA255_A255_fPA1_A9_A9_fPfS1_E6w_tile_1_2_0 | {1 2 }
	Port: p_ZZ5conv1PA255_A255_fPA1_A9_A9_fPfS1_E6w_tile_1_3_0 | {1 2 }
	Port: p_ZZ5conv1PA255_A255_fPA1_A9_A9_fPfS1_E6w_tile_1_4_0 | {1 2 }
	Port: p_ZZ5conv1PA255_A255_fPA1_A9_A9_fPfS1_E6w_tile_1_5_0 | {1 2 }
	Port: p_ZZ5conv1PA255_A255_fPA1_A9_A9_fPfS1_E6w_tile_1_6_0 | {1 2 }
	Port: p_ZZ5conv1PA255_A255_fPA1_A9_A9_fPfS1_E6w_tile_1_7_0 | {1 2 }
	Port: p_ZZ5conv1PA255_A255_fPA1_A9_A9_fPfS1_E6w_tile_1_8_0 | {1 2 }
	Port: p_ZZ5conv1PA255_A255_fPA1_A9_A9_fPfS1_E6w_tile_2_0_0 | {1 2 }
	Port: p_ZZ5conv1PA255_A255_fPA1_A9_A9_fPfS1_E6w_tile_2_1_0 | {1 2 }
	Port: p_ZZ5conv1PA255_A255_fPA1_A9_A9_fPfS1_E6w_tile_2_2_0 | {1 2 }
	Port: p_ZZ5conv1PA255_A255_fPA1_A9_A9_fPfS1_E6w_tile_2_3_0 | {1 2 }
	Port: p_ZZ5conv1PA255_A255_fPA1_A9_A9_fPfS1_E6w_tile_2_4_0 | {1 2 }
	Port: p_ZZ5conv1PA255_A255_fPA1_A9_A9_fPfS1_E6w_tile_2_5_0 | {1 2 }
	Port: p_ZZ5conv1PA255_A255_fPA1_A9_A9_fPfS1_E6w_tile_2_6_0 | {1 2 }
	Port: p_ZZ5conv1PA255_A255_fPA1_A9_A9_fPfS1_E6w_tile_2_7_0 | {1 2 }
	Port: p_ZZ5conv1PA255_A255_fPA1_A9_A9_fPfS1_E6w_tile_2_8_0 | {1 2 }
	Port: p_ZZ5conv1PA255_A255_fPA1_A9_A9_fPfS1_E6w_tile_3_0_0 | {1 2 }
	Port: p_ZZ5conv1PA255_A255_fPA1_A9_A9_fPfS1_E6w_tile_3_1_0 | {1 2 }
	Port: p_ZZ5conv1PA255_A255_fPA1_A9_A9_fPfS1_E6w_tile_3_2_0 | {1 2 }
	Port: p_ZZ5conv1PA255_A255_fPA1_A9_A9_fPfS1_E6w_tile_3_3_0 | {1 2 }
	Port: p_ZZ5conv1PA255_A255_fPA1_A9_A9_fPfS1_E6w_tile_3_4_0 | {1 2 }
	Port: p_ZZ5conv1PA255_A255_fPA1_A9_A9_fPfS1_E6w_tile_3_5_0 | {1 2 }
	Port: p_ZZ5conv1PA255_A255_fPA1_A9_A9_fPfS1_E6w_tile_3_6_0 | {1 2 }
	Port: p_ZZ5conv1PA255_A255_fPA1_A9_A9_fPfS1_E6w_tile_3_7_0 | {1 2 }
	Port: p_ZZ5conv1PA255_A255_fPA1_A9_A9_fPfS1_E6w_tile_3_8_0 | {1 2 }
	Port: p_ZZ5conv1PA255_A255_fPA1_A9_A9_fPfS1_E6w_tile_4_0_0 | {1 2 }
	Port: p_ZZ5conv1PA255_A255_fPA1_A9_A9_fPfS1_E6w_tile_4_1_0 | {1 2 }
	Port: p_ZZ5conv1PA255_A255_fPA1_A9_A9_fPfS1_E6w_tile_4_2_0 | {1 2 }
	Port: p_ZZ5conv1PA255_A255_fPA1_A9_A9_fPfS1_E6w_tile_4_3_0 | {1 2 }
	Port: p_ZZ5conv1PA255_A255_fPA1_A9_A9_fPfS1_E6w_tile_4_4_0 | {1 2 }
	Port: p_ZZ5conv1PA255_A255_fPA1_A9_A9_fPfS1_E6w_tile_4_5_0 | {1 2 }
	Port: p_ZZ5conv1PA255_A255_fPA1_A9_A9_fPfS1_E6w_tile_4_6_0 | {1 2 }
	Port: p_ZZ5conv1PA255_A255_fPA1_A9_A9_fPfS1_E6w_tile_4_7_0 | {1 2 }
	Port: p_ZZ5conv1PA255_A255_fPA1_A9_A9_fPfS1_E6w_tile_4_8_0 | {1 2 }
	Port: p_ZZ5conv1PA255_A255_fPA1_A9_A9_fPfS1_E6w_tile_5_0_0 | {1 2 }
	Port: p_ZZ5conv1PA255_A255_fPA1_A9_A9_fPfS1_E6w_tile_5_1_0 | {1 2 }
	Port: p_ZZ5conv1PA255_A255_fPA1_A9_A9_fPfS1_E6w_tile_5_2_0 | {1 2 }
	Port: p_ZZ5conv1PA255_A255_fPA1_A9_A9_fPfS1_E6w_tile_5_3_0 | {1 2 }
	Port: p_ZZ5conv1PA255_A255_fPA1_A9_A9_fPfS1_E6w_tile_5_4_0 | {1 2 }
	Port: p_ZZ5conv1PA255_A255_fPA1_A9_A9_fPfS1_E6w_tile_5_5_0 | {1 2 }
	Port: p_ZZ5conv1PA255_A255_fPA1_A9_A9_fPfS1_E6w_tile_5_6_0 | {1 2 }
	Port: p_ZZ5conv1PA255_A255_fPA1_A9_A9_fPfS1_E6w_tile_5_7_0 | {1 2 }
	Port: p_ZZ5conv1PA255_A255_fPA1_A9_A9_fPfS1_E6w_tile_5_8_0 | {1 2 }
	Port: p_ZZ5conv1PA255_A255_fPA1_A9_A9_fPfS1_E6w_tile_6_0_0 | {1 2 }
	Port: p_ZZ5conv1PA255_A255_fPA1_A9_A9_fPfS1_E6w_tile_6_1_0 | {1 2 }
	Port: p_ZZ5conv1PA255_A255_fPA1_A9_A9_fPfS1_E6w_tile_6_2_0 | {1 2 }
	Port: p_ZZ5conv1PA255_A255_fPA1_A9_A9_fPfS1_E6w_tile_6_3_0 | {1 2 }
	Port: p_ZZ5conv1PA255_A255_fPA1_A9_A9_fPfS1_E6w_tile_6_4_0 | {1 2 }
	Port: p_ZZ5conv1PA255_A255_fPA1_A9_A9_fPfS1_E6w_tile_6_5_0 | {1 2 }
	Port: p_ZZ5conv1PA255_A255_fPA1_A9_A9_fPfS1_E6w_tile_6_6_0 | {1 2 }
	Port: p_ZZ5conv1PA255_A255_fPA1_A9_A9_fPfS1_E6w_tile_6_7_0 | {1 2 }
	Port: p_ZZ5conv1PA255_A255_fPA1_A9_A9_fPfS1_E6w_tile_6_8_0 | {1 2 }
	Port: p_ZZ5conv1PA255_A255_fPA1_A9_A9_fPfS1_E6w_tile_7_0_0 | {1 2 }
	Port: p_ZZ5conv1PA255_A255_fPA1_A9_A9_fPfS1_E6w_tile_7_1_0 | {1 2 }
	Port: p_ZZ5conv1PA255_A255_fPA1_A9_A9_fPfS1_E6w_tile_7_2_0 | {1 2 }
	Port: p_ZZ5conv1PA255_A255_fPA1_A9_A9_fPfS1_E6w_tile_7_3_0 | {1 2 }
	Port: p_ZZ5conv1PA255_A255_fPA1_A9_A9_fPfS1_E6w_tile_7_4_0 | {1 2 }
	Port: p_ZZ5conv1PA255_A255_fPA1_A9_A9_fPfS1_E6w_tile_7_5_0 | {1 2 }
	Port: p_ZZ5conv1PA255_A255_fPA1_A9_A9_fPfS1_E6w_tile_7_6_0 | {1 2 }
	Port: p_ZZ5conv1PA255_A255_fPA1_A9_A9_fPfS1_E6w_tile_7_7_0 | {1 2 }
	Port: p_ZZ5conv1PA255_A255_fPA1_A9_A9_fPfS1_E6w_tile_7_8_0 | {1 2 }
	Port: p_ZZ5conv1PA255_A255_fPA1_A9_A9_fPfS1_E6w_tile_8_0_0 | {1 2 }
	Port: p_ZZ5conv1PA255_A255_fPA1_A9_A9_fPfS1_E6w_tile_8_1_0 | {1 2 }
	Port: p_ZZ5conv1PA255_A255_fPA1_A9_A9_fPfS1_E6w_tile_8_2_0 | {1 2 }
	Port: p_ZZ5conv1PA255_A255_fPA1_A9_A9_fPfS1_E6w_tile_8_3_0 | {1 2 }
	Port: p_ZZ5conv1PA255_A255_fPA1_A9_A9_fPfS1_E6w_tile_8_4_0 | {1 2 }
	Port: p_ZZ5conv1PA255_A255_fPA1_A9_A9_fPfS1_E6w_tile_8_5_0 | {1 2 }
	Port: p_ZZ5conv1PA255_A255_fPA1_A9_A9_fPfS1_E6w_tile_8_6_0 | {1 2 }
	Port: p_ZZ5conv1PA255_A255_fPA1_A9_A9_fPfS1_E6w_tile_8_7_0 | {1 2 }
	Port: p_ZZ5conv1PA255_A255_fPA1_A9_A9_fPfS1_E6w_tile_8_8_0 | {1 2 }
	Port: out_tile_1 | {3 4 }
	Port: in_tile_0 | {3 4 }
	Port: w_tile_0 | {3 4 }
	Port: out_tile | {5 6 }
	Port: p_ZZ5conv3PA255_A255_fPA32_A5_A5_fPfS1_E7in_tile_0_0_0 | {5 6 }
	Port: p_ZZ5conv3PA255_A255_fPA32_A5_A5_fPfS1_E7in_tile_0_1_0 | {5 6 }
	Port: p_ZZ5conv3PA255_A255_fPA32_A5_A5_fPfS1_E7in_tile_0_2_0 | {5 6 }
	Port: p_ZZ5conv3PA255_A255_fPA32_A5_A5_fPfS1_E7in_tile_0_3_0 | {5 6 }
	Port: p_ZZ5conv3PA255_A255_fPA32_A5_A5_fPfS1_E7in_tile_0_4_0 | {5 6 }
	Port: p_ZZ5conv3PA255_A255_fPA32_A5_A5_fPfS1_E7in_tile_1_0_0 | {5 6 }
	Port: p_ZZ5conv3PA255_A255_fPA32_A5_A5_fPfS1_E7in_tile_1_1_0 | {5 6 }
	Port: p_ZZ5conv3PA255_A255_fPA32_A5_A5_fPfS1_E7in_tile_1_2_0 | {5 6 }
	Port: p_ZZ5conv3PA255_A255_fPA32_A5_A5_fPfS1_E7in_tile_1_3_0 | {5 6 }
	Port: p_ZZ5conv3PA255_A255_fPA32_A5_A5_fPfS1_E7in_tile_1_4_0 | {5 6 }
	Port: p_ZZ5conv3PA255_A255_fPA32_A5_A5_fPfS1_E7in_tile_2_0_0 | {5 6 }
	Port: p_ZZ5conv3PA255_A255_fPA32_A5_A5_fPfS1_E7in_tile_2_1_0 | {5 6 }
	Port: p_ZZ5conv3PA255_A255_fPA32_A5_A5_fPfS1_E7in_tile_2_2_0 | {5 6 }
	Port: p_ZZ5conv3PA255_A255_fPA32_A5_A5_fPfS1_E7in_tile_2_3_0 | {5 6 }
	Port: p_ZZ5conv3PA255_A255_fPA32_A5_A5_fPfS1_E7in_tile_2_4_0 | {5 6 }
	Port: p_ZZ5conv3PA255_A255_fPA32_A5_A5_fPfS1_E7in_tile_3_0_0 | {5 6 }
	Port: p_ZZ5conv3PA255_A255_fPA32_A5_A5_fPfS1_E7in_tile_3_1_0 | {5 6 }
	Port: p_ZZ5conv3PA255_A255_fPA32_A5_A5_fPfS1_E7in_tile_3_2_0 | {5 6 }
	Port: p_ZZ5conv3PA255_A255_fPA32_A5_A5_fPfS1_E7in_tile_3_3_0 | {5 6 }
	Port: p_ZZ5conv3PA255_A255_fPA32_A5_A5_fPfS1_E7in_tile_3_4_0 | {5 6 }
	Port: p_ZZ5conv3PA255_A255_fPA32_A5_A5_fPfS1_E7in_tile_4_0_0 | {5 6 }
	Port: p_ZZ5conv3PA255_A255_fPA32_A5_A5_fPfS1_E7in_tile_4_1_0 | {5 6 }
	Port: p_ZZ5conv3PA255_A255_fPA32_A5_A5_fPfS1_E7in_tile_4_2_0 | {5 6 }
	Port: p_ZZ5conv3PA255_A255_fPA32_A5_A5_fPfS1_E7in_tile_4_3_0 | {5 6 }
	Port: p_ZZ5conv3PA255_A255_fPA32_A5_A5_fPfS1_E7in_tile_4_4_0 | {5 6 }
	Port: p_ZZ5conv3PA255_A255_fPA32_A5_A5_fPfS1_E6w_tile_0_0_0 | {5 6 }
	Port: p_ZZ5conv3PA255_A255_fPA32_A5_A5_fPfS1_E6w_tile_0_1_0 | {5 6 }
	Port: p_ZZ5conv3PA255_A255_fPA32_A5_A5_fPfS1_E6w_tile_0_2_0 | {5 6 }
	Port: p_ZZ5conv3PA255_A255_fPA32_A5_A5_fPfS1_E6w_tile_0_3_0 | {5 6 }
	Port: p_ZZ5conv3PA255_A255_fPA32_A5_A5_fPfS1_E6w_tile_0_4_0 | {5 6 }
	Port: p_ZZ5conv3PA255_A255_fPA32_A5_A5_fPfS1_E6w_tile_1_0_0 | {5 6 }
	Port: p_ZZ5conv3PA255_A255_fPA32_A5_A5_fPfS1_E6w_tile_1_1_0 | {5 6 }
	Port: p_ZZ5conv3PA255_A255_fPA32_A5_A5_fPfS1_E6w_tile_1_2_0 | {5 6 }
	Port: p_ZZ5conv3PA255_A255_fPA32_A5_A5_fPfS1_E6w_tile_1_3_0 | {5 6 }
	Port: p_ZZ5conv3PA255_A255_fPA32_A5_A5_fPfS1_E6w_tile_1_4_0 | {5 6 }
	Port: p_ZZ5conv3PA255_A255_fPA32_A5_A5_fPfS1_E6w_tile_2_0_0 | {5 6 }
	Port: p_ZZ5conv3PA255_A255_fPA32_A5_A5_fPfS1_E6w_tile_2_1_0 | {5 6 }
	Port: p_ZZ5conv3PA255_A255_fPA32_A5_A5_fPfS1_E6w_tile_2_2_0 | {5 6 }
	Port: p_ZZ5conv3PA255_A255_fPA32_A5_A5_fPfS1_E6w_tile_2_3_0 | {5 6 }
	Port: p_ZZ5conv3PA255_A255_fPA32_A5_A5_fPfS1_E6w_tile_2_4_0 | {5 6 }
	Port: p_ZZ5conv3PA255_A255_fPA32_A5_A5_fPfS1_E6w_tile_3_0_0 | {5 6 }
	Port: p_ZZ5conv3PA255_A255_fPA32_A5_A5_fPfS1_E6w_tile_3_1_0 | {5 6 }
	Port: p_ZZ5conv3PA255_A255_fPA32_A5_A5_fPfS1_E6w_tile_3_2_0 | {5 6 }
	Port: p_ZZ5conv3PA255_A255_fPA32_A5_A5_fPfS1_E6w_tile_3_3_0 | {5 6 }
	Port: p_ZZ5conv3PA255_A255_fPA32_A5_A5_fPfS1_E6w_tile_3_4_0 | {5 6 }
	Port: p_ZZ5conv3PA255_A255_fPA32_A5_A5_fPfS1_E6w_tile_4_0_0 | {5 6 }
	Port: p_ZZ5conv3PA255_A255_fPA32_A5_A5_fPfS1_E6w_tile_4_1_0 | {5 6 }
	Port: p_ZZ5conv3PA255_A255_fPA32_A5_A5_fPfS1_E6w_tile_4_2_0 | {5 6 }
	Port: p_ZZ5conv3PA255_A255_fPA32_A5_A5_fPfS1_E6w_tile_4_3_0 | {5 6 }
	Port: p_ZZ5conv3PA255_A255_fPA32_A5_A5_fPfS1_E6w_tile_4_4_0 | {5 6 }
 - Input state : 
	Port: srcnn_top : in_r | {1 2 }
	Port: srcnn_top : w1 | {1 2 }
	Port: srcnn_top : feat | {3 4 5 6 }
	Port: srcnn_top : w2 | {3 4 }
	Port: srcnn_top : w3 | {5 6 }
	Port: srcnn_top : input_ftmap | {1 }
	Port: srcnn_top : conv1_weights | {1 }
	Port: srcnn_top : conv1_biases | {1 }
	Port: srcnn_top : conv1_out | {1 }
	Port: srcnn_top : conv2_weights | {1 }
	Port: srcnn_top : conv2_biases | {1 }
	Port: srcnn_top : conv2_out | {1 }
	Port: srcnn_top : conv3_weights | {1 }
	Port: srcnn_top : conv3_biases | {1 }
	Port: srcnn_top : output_ftmap | {1 }
	Port: srcnn_top : out_tile_2 | {1 2 }
	Port: srcnn_top : in_tile_1_0 | {1 2 }
	Port: srcnn_top : p_ZZ5conv1PA255_A255_fPA1_A9_A9_fPfS1_E6w_tile_0_0_0 | {1 2 }
	Port: srcnn_top : p_ZZ5conv1PA255_A255_fPA1_A9_A9_fPfS1_E6w_tile_0_1_0 | {1 2 }
	Port: srcnn_top : p_ZZ5conv1PA255_A255_fPA1_A9_A9_fPfS1_E6w_tile_0_2_0 | {1 2 }
	Port: srcnn_top : p_ZZ5conv1PA255_A255_fPA1_A9_A9_fPfS1_E6w_tile_0_3_0 | {1 2 }
	Port: srcnn_top : p_ZZ5conv1PA255_A255_fPA1_A9_A9_fPfS1_E6w_tile_0_4_0 | {1 2 }
	Port: srcnn_top : p_ZZ5conv1PA255_A255_fPA1_A9_A9_fPfS1_E6w_tile_0_5_0 | {1 2 }
	Port: srcnn_top : p_ZZ5conv1PA255_A255_fPA1_A9_A9_fPfS1_E6w_tile_0_6_0 | {1 2 }
	Port: srcnn_top : p_ZZ5conv1PA255_A255_fPA1_A9_A9_fPfS1_E6w_tile_0_7_0 | {1 2 }
	Port: srcnn_top : p_ZZ5conv1PA255_A255_fPA1_A9_A9_fPfS1_E6w_tile_0_8_0 | {1 2 }
	Port: srcnn_top : p_ZZ5conv1PA255_A255_fPA1_A9_A9_fPfS1_E6w_tile_1_0_0 | {1 2 }
	Port: srcnn_top : p_ZZ5conv1PA255_A255_fPA1_A9_A9_fPfS1_E6w_tile_1_1_0 | {1 2 }
	Port: srcnn_top : p_ZZ5conv1PA255_A255_fPA1_A9_A9_fPfS1_E6w_tile_1_2_0 | {1 2 }
	Port: srcnn_top : p_ZZ5conv1PA255_A255_fPA1_A9_A9_fPfS1_E6w_tile_1_3_0 | {1 2 }
	Port: srcnn_top : p_ZZ5conv1PA255_A255_fPA1_A9_A9_fPfS1_E6w_tile_1_4_0 | {1 2 }
	Port: srcnn_top : p_ZZ5conv1PA255_A255_fPA1_A9_A9_fPfS1_E6w_tile_1_5_0 | {1 2 }
	Port: srcnn_top : p_ZZ5conv1PA255_A255_fPA1_A9_A9_fPfS1_E6w_tile_1_6_0 | {1 2 }
	Port: srcnn_top : p_ZZ5conv1PA255_A255_fPA1_A9_A9_fPfS1_E6w_tile_1_7_0 | {1 2 }
	Port: srcnn_top : p_ZZ5conv1PA255_A255_fPA1_A9_A9_fPfS1_E6w_tile_1_8_0 | {1 2 }
	Port: srcnn_top : p_ZZ5conv1PA255_A255_fPA1_A9_A9_fPfS1_E6w_tile_2_0_0 | {1 2 }
	Port: srcnn_top : p_ZZ5conv1PA255_A255_fPA1_A9_A9_fPfS1_E6w_tile_2_1_0 | {1 2 }
	Port: srcnn_top : p_ZZ5conv1PA255_A255_fPA1_A9_A9_fPfS1_E6w_tile_2_2_0 | {1 2 }
	Port: srcnn_top : p_ZZ5conv1PA255_A255_fPA1_A9_A9_fPfS1_E6w_tile_2_3_0 | {1 2 }
	Port: srcnn_top : p_ZZ5conv1PA255_A255_fPA1_A9_A9_fPfS1_E6w_tile_2_4_0 | {1 2 }
	Port: srcnn_top : p_ZZ5conv1PA255_A255_fPA1_A9_A9_fPfS1_E6w_tile_2_5_0 | {1 2 }
	Port: srcnn_top : p_ZZ5conv1PA255_A255_fPA1_A9_A9_fPfS1_E6w_tile_2_6_0 | {1 2 }
	Port: srcnn_top : p_ZZ5conv1PA255_A255_fPA1_A9_A9_fPfS1_E6w_tile_2_7_0 | {1 2 }
	Port: srcnn_top : p_ZZ5conv1PA255_A255_fPA1_A9_A9_fPfS1_E6w_tile_2_8_0 | {1 2 }
	Port: srcnn_top : p_ZZ5conv1PA255_A255_fPA1_A9_A9_fPfS1_E6w_tile_3_0_0 | {1 2 }
	Port: srcnn_top : p_ZZ5conv1PA255_A255_fPA1_A9_A9_fPfS1_E6w_tile_3_1_0 | {1 2 }
	Port: srcnn_top : p_ZZ5conv1PA255_A255_fPA1_A9_A9_fPfS1_E6w_tile_3_2_0 | {1 2 }
	Port: srcnn_top : p_ZZ5conv1PA255_A255_fPA1_A9_A9_fPfS1_E6w_tile_3_3_0 | {1 2 }
	Port: srcnn_top : p_ZZ5conv1PA255_A255_fPA1_A9_A9_fPfS1_E6w_tile_3_4_0 | {1 2 }
	Port: srcnn_top : p_ZZ5conv1PA255_A255_fPA1_A9_A9_fPfS1_E6w_tile_3_5_0 | {1 2 }
	Port: srcnn_top : p_ZZ5conv1PA255_A255_fPA1_A9_A9_fPfS1_E6w_tile_3_6_0 | {1 2 }
	Port: srcnn_top : p_ZZ5conv1PA255_A255_fPA1_A9_A9_fPfS1_E6w_tile_3_7_0 | {1 2 }
	Port: srcnn_top : p_ZZ5conv1PA255_A255_fPA1_A9_A9_fPfS1_E6w_tile_3_8_0 | {1 2 }
	Port: srcnn_top : p_ZZ5conv1PA255_A255_fPA1_A9_A9_fPfS1_E6w_tile_4_0_0 | {1 2 }
	Port: srcnn_top : p_ZZ5conv1PA255_A255_fPA1_A9_A9_fPfS1_E6w_tile_4_1_0 | {1 2 }
	Port: srcnn_top : p_ZZ5conv1PA255_A255_fPA1_A9_A9_fPfS1_E6w_tile_4_2_0 | {1 2 }
	Port: srcnn_top : p_ZZ5conv1PA255_A255_fPA1_A9_A9_fPfS1_E6w_tile_4_3_0 | {1 2 }
	Port: srcnn_top : p_ZZ5conv1PA255_A255_fPA1_A9_A9_fPfS1_E6w_tile_4_4_0 | {1 2 }
	Port: srcnn_top : p_ZZ5conv1PA255_A255_fPA1_A9_A9_fPfS1_E6w_tile_4_5_0 | {1 2 }
	Port: srcnn_top : p_ZZ5conv1PA255_A255_fPA1_A9_A9_fPfS1_E6w_tile_4_6_0 | {1 2 }
	Port: srcnn_top : p_ZZ5conv1PA255_A255_fPA1_A9_A9_fPfS1_E6w_tile_4_7_0 | {1 2 }
	Port: srcnn_top : p_ZZ5conv1PA255_A255_fPA1_A9_A9_fPfS1_E6w_tile_4_8_0 | {1 2 }
	Port: srcnn_top : p_ZZ5conv1PA255_A255_fPA1_A9_A9_fPfS1_E6w_tile_5_0_0 | {1 2 }
	Port: srcnn_top : p_ZZ5conv1PA255_A255_fPA1_A9_A9_fPfS1_E6w_tile_5_1_0 | {1 2 }
	Port: srcnn_top : p_ZZ5conv1PA255_A255_fPA1_A9_A9_fPfS1_E6w_tile_5_2_0 | {1 2 }
	Port: srcnn_top : p_ZZ5conv1PA255_A255_fPA1_A9_A9_fPfS1_E6w_tile_5_3_0 | {1 2 }
	Port: srcnn_top : p_ZZ5conv1PA255_A255_fPA1_A9_A9_fPfS1_E6w_tile_5_4_0 | {1 2 }
	Port: srcnn_top : p_ZZ5conv1PA255_A255_fPA1_A9_A9_fPfS1_E6w_tile_5_5_0 | {1 2 }
	Port: srcnn_top : p_ZZ5conv1PA255_A255_fPA1_A9_A9_fPfS1_E6w_tile_5_6_0 | {1 2 }
	Port: srcnn_top : p_ZZ5conv1PA255_A255_fPA1_A9_A9_fPfS1_E6w_tile_5_7_0 | {1 2 }
	Port: srcnn_top : p_ZZ5conv1PA255_A255_fPA1_A9_A9_fPfS1_E6w_tile_5_8_0 | {1 2 }
	Port: srcnn_top : p_ZZ5conv1PA255_A255_fPA1_A9_A9_fPfS1_E6w_tile_6_0_0 | {1 2 }
	Port: srcnn_top : p_ZZ5conv1PA255_A255_fPA1_A9_A9_fPfS1_E6w_tile_6_1_0 | {1 2 }
	Port: srcnn_top : p_ZZ5conv1PA255_A255_fPA1_A9_A9_fPfS1_E6w_tile_6_2_0 | {1 2 }
	Port: srcnn_top : p_ZZ5conv1PA255_A255_fPA1_A9_A9_fPfS1_E6w_tile_6_3_0 | {1 2 }
	Port: srcnn_top : p_ZZ5conv1PA255_A255_fPA1_A9_A9_fPfS1_E6w_tile_6_4_0 | {1 2 }
	Port: srcnn_top : p_ZZ5conv1PA255_A255_fPA1_A9_A9_fPfS1_E6w_tile_6_5_0 | {1 2 }
	Port: srcnn_top : p_ZZ5conv1PA255_A255_fPA1_A9_A9_fPfS1_E6w_tile_6_6_0 | {1 2 }
	Port: srcnn_top : p_ZZ5conv1PA255_A255_fPA1_A9_A9_fPfS1_E6w_tile_6_7_0 | {1 2 }
	Port: srcnn_top : p_ZZ5conv1PA255_A255_fPA1_A9_A9_fPfS1_E6w_tile_6_8_0 | {1 2 }
	Port: srcnn_top : p_ZZ5conv1PA255_A255_fPA1_A9_A9_fPfS1_E6w_tile_7_0_0 | {1 2 }
	Port: srcnn_top : p_ZZ5conv1PA255_A255_fPA1_A9_A9_fPfS1_E6w_tile_7_1_0 | {1 2 }
	Port: srcnn_top : p_ZZ5conv1PA255_A255_fPA1_A9_A9_fPfS1_E6w_tile_7_2_0 | {1 2 }
	Port: srcnn_top : p_ZZ5conv1PA255_A255_fPA1_A9_A9_fPfS1_E6w_tile_7_3_0 | {1 2 }
	Port: srcnn_top : p_ZZ5conv1PA255_A255_fPA1_A9_A9_fPfS1_E6w_tile_7_4_0 | {1 2 }
	Port: srcnn_top : p_ZZ5conv1PA255_A255_fPA1_A9_A9_fPfS1_E6w_tile_7_5_0 | {1 2 }
	Port: srcnn_top : p_ZZ5conv1PA255_A255_fPA1_A9_A9_fPfS1_E6w_tile_7_6_0 | {1 2 }
	Port: srcnn_top : p_ZZ5conv1PA255_A255_fPA1_A9_A9_fPfS1_E6w_tile_7_7_0 | {1 2 }
	Port: srcnn_top : p_ZZ5conv1PA255_A255_fPA1_A9_A9_fPfS1_E6w_tile_7_8_0 | {1 2 }
	Port: srcnn_top : p_ZZ5conv1PA255_A255_fPA1_A9_A9_fPfS1_E6w_tile_8_0_0 | {1 2 }
	Port: srcnn_top : p_ZZ5conv1PA255_A255_fPA1_A9_A9_fPfS1_E6w_tile_8_1_0 | {1 2 }
	Port: srcnn_top : p_ZZ5conv1PA255_A255_fPA1_A9_A9_fPfS1_E6w_tile_8_2_0 | {1 2 }
	Port: srcnn_top : p_ZZ5conv1PA255_A255_fPA1_A9_A9_fPfS1_E6w_tile_8_3_0 | {1 2 }
	Port: srcnn_top : p_ZZ5conv1PA255_A255_fPA1_A9_A9_fPfS1_E6w_tile_8_4_0 | {1 2 }
	Port: srcnn_top : p_ZZ5conv1PA255_A255_fPA1_A9_A9_fPfS1_E6w_tile_8_5_0 | {1 2 }
	Port: srcnn_top : p_ZZ5conv1PA255_A255_fPA1_A9_A9_fPfS1_E6w_tile_8_6_0 | {1 2 }
	Port: srcnn_top : p_ZZ5conv1PA255_A255_fPA1_A9_A9_fPfS1_E6w_tile_8_7_0 | {1 2 }
	Port: srcnn_top : p_ZZ5conv1PA255_A255_fPA1_A9_A9_fPfS1_E6w_tile_8_8_0 | {1 2 }
	Port: srcnn_top : out_tile_1 | {3 4 }
	Port: srcnn_top : in_tile_0 | {3 4 }
	Port: srcnn_top : w_tile_0 | {3 4 }
	Port: srcnn_top : out_tile | {5 6 }
	Port: srcnn_top : p_ZZ5conv3PA255_A255_fPA32_A5_A5_fPfS1_E7in_tile_0_0_0 | {5 6 }
	Port: srcnn_top : p_ZZ5conv3PA255_A255_fPA32_A5_A5_fPfS1_E7in_tile_0_1_0 | {5 6 }
	Port: srcnn_top : p_ZZ5conv3PA255_A255_fPA32_A5_A5_fPfS1_E7in_tile_0_2_0 | {5 6 }
	Port: srcnn_top : p_ZZ5conv3PA255_A255_fPA32_A5_A5_fPfS1_E7in_tile_0_3_0 | {5 6 }
	Port: srcnn_top : p_ZZ5conv3PA255_A255_fPA32_A5_A5_fPfS1_E7in_tile_0_4_0 | {5 6 }
	Port: srcnn_top : p_ZZ5conv3PA255_A255_fPA32_A5_A5_fPfS1_E7in_tile_1_0_0 | {5 6 }
	Port: srcnn_top : p_ZZ5conv3PA255_A255_fPA32_A5_A5_fPfS1_E7in_tile_1_1_0 | {5 6 }
	Port: srcnn_top : p_ZZ5conv3PA255_A255_fPA32_A5_A5_fPfS1_E7in_tile_1_2_0 | {5 6 }
	Port: srcnn_top : p_ZZ5conv3PA255_A255_fPA32_A5_A5_fPfS1_E7in_tile_1_3_0 | {5 6 }
	Port: srcnn_top : p_ZZ5conv3PA255_A255_fPA32_A5_A5_fPfS1_E7in_tile_1_4_0 | {5 6 }
	Port: srcnn_top : p_ZZ5conv3PA255_A255_fPA32_A5_A5_fPfS1_E7in_tile_2_0_0 | {5 6 }
	Port: srcnn_top : p_ZZ5conv3PA255_A255_fPA32_A5_A5_fPfS1_E7in_tile_2_1_0 | {5 6 }
	Port: srcnn_top : p_ZZ5conv3PA255_A255_fPA32_A5_A5_fPfS1_E7in_tile_2_2_0 | {5 6 }
	Port: srcnn_top : p_ZZ5conv3PA255_A255_fPA32_A5_A5_fPfS1_E7in_tile_2_3_0 | {5 6 }
	Port: srcnn_top : p_ZZ5conv3PA255_A255_fPA32_A5_A5_fPfS1_E7in_tile_2_4_0 | {5 6 }
	Port: srcnn_top : p_ZZ5conv3PA255_A255_fPA32_A5_A5_fPfS1_E7in_tile_3_0_0 | {5 6 }
	Port: srcnn_top : p_ZZ5conv3PA255_A255_fPA32_A5_A5_fPfS1_E7in_tile_3_1_0 | {5 6 }
	Port: srcnn_top : p_ZZ5conv3PA255_A255_fPA32_A5_A5_fPfS1_E7in_tile_3_2_0 | {5 6 }
	Port: srcnn_top : p_ZZ5conv3PA255_A255_fPA32_A5_A5_fPfS1_E7in_tile_3_3_0 | {5 6 }
	Port: srcnn_top : p_ZZ5conv3PA255_A255_fPA32_A5_A5_fPfS1_E7in_tile_3_4_0 | {5 6 }
	Port: srcnn_top : p_ZZ5conv3PA255_A255_fPA32_A5_A5_fPfS1_E7in_tile_4_0_0 | {5 6 }
	Port: srcnn_top : p_ZZ5conv3PA255_A255_fPA32_A5_A5_fPfS1_E7in_tile_4_1_0 | {5 6 }
	Port: srcnn_top : p_ZZ5conv3PA255_A255_fPA32_A5_A5_fPfS1_E7in_tile_4_2_0 | {5 6 }
	Port: srcnn_top : p_ZZ5conv3PA255_A255_fPA32_A5_A5_fPfS1_E7in_tile_4_3_0 | {5 6 }
	Port: srcnn_top : p_ZZ5conv3PA255_A255_fPA32_A5_A5_fPfS1_E7in_tile_4_4_0 | {5 6 }
	Port: srcnn_top : p_ZZ5conv3PA255_A255_fPA32_A5_A5_fPfS1_E6w_tile_0_0_0 | {5 6 }
	Port: srcnn_top : p_ZZ5conv3PA255_A255_fPA32_A5_A5_fPfS1_E6w_tile_0_1_0 | {5 6 }
	Port: srcnn_top : p_ZZ5conv3PA255_A255_fPA32_A5_A5_fPfS1_E6w_tile_0_2_0 | {5 6 }
	Port: srcnn_top : p_ZZ5conv3PA255_A255_fPA32_A5_A5_fPfS1_E6w_tile_0_3_0 | {5 6 }
	Port: srcnn_top : p_ZZ5conv3PA255_A255_fPA32_A5_A5_fPfS1_E6w_tile_0_4_0 | {5 6 }
	Port: srcnn_top : p_ZZ5conv3PA255_A255_fPA32_A5_A5_fPfS1_E6w_tile_1_0_0 | {5 6 }
	Port: srcnn_top : p_ZZ5conv3PA255_A255_fPA32_A5_A5_fPfS1_E6w_tile_1_1_0 | {5 6 }
	Port: srcnn_top : p_ZZ5conv3PA255_A255_fPA32_A5_A5_fPfS1_E6w_tile_1_2_0 | {5 6 }
	Port: srcnn_top : p_ZZ5conv3PA255_A255_fPA32_A5_A5_fPfS1_E6w_tile_1_3_0 | {5 6 }
	Port: srcnn_top : p_ZZ5conv3PA255_A255_fPA32_A5_A5_fPfS1_E6w_tile_1_4_0 | {5 6 }
	Port: srcnn_top : p_ZZ5conv3PA255_A255_fPA32_A5_A5_fPfS1_E6w_tile_2_0_0 | {5 6 }
	Port: srcnn_top : p_ZZ5conv3PA255_A255_fPA32_A5_A5_fPfS1_E6w_tile_2_1_0 | {5 6 }
	Port: srcnn_top : p_ZZ5conv3PA255_A255_fPA32_A5_A5_fPfS1_E6w_tile_2_2_0 | {5 6 }
	Port: srcnn_top : p_ZZ5conv3PA255_A255_fPA32_A5_A5_fPfS1_E6w_tile_2_3_0 | {5 6 }
	Port: srcnn_top : p_ZZ5conv3PA255_A255_fPA32_A5_A5_fPfS1_E6w_tile_2_4_0 | {5 6 }
	Port: srcnn_top : p_ZZ5conv3PA255_A255_fPA32_A5_A5_fPfS1_E6w_tile_3_0_0 | {5 6 }
	Port: srcnn_top : p_ZZ5conv3PA255_A255_fPA32_A5_A5_fPfS1_E6w_tile_3_1_0 | {5 6 }
	Port: srcnn_top : p_ZZ5conv3PA255_A255_fPA32_A5_A5_fPfS1_E6w_tile_3_2_0 | {5 6 }
	Port: srcnn_top : p_ZZ5conv3PA255_A255_fPA32_A5_A5_fPfS1_E6w_tile_3_3_0 | {5 6 }
	Port: srcnn_top : p_ZZ5conv3PA255_A255_fPA32_A5_A5_fPfS1_E6w_tile_3_4_0 | {5 6 }
	Port: srcnn_top : p_ZZ5conv3PA255_A255_fPA32_A5_A5_fPfS1_E6w_tile_4_0_0 | {5 6 }
	Port: srcnn_top : p_ZZ5conv3PA255_A255_fPA32_A5_A5_fPfS1_E6w_tile_4_1_0 | {5 6 }
	Port: srcnn_top : p_ZZ5conv3PA255_A255_fPA32_A5_A5_fPfS1_E6w_tile_4_2_0 | {5 6 }
	Port: srcnn_top : p_ZZ5conv3PA255_A255_fPA32_A5_A5_fPfS1_E6w_tile_4_3_0 | {5 6 }
	Port: srcnn_top : p_ZZ5conv3PA255_A255_fPA32_A5_A5_fPfS1_E6w_tile_4_4_0 | {5 6 }
  - Chain level:
	State 1
	State 2
	State 3
	State 4
	State 5
	State 6


============================================================
+ Verbose Summary: Datapath Resource usage 
============================================================

* Functional unit list:
|----------|--------------------------------|---------|---------|---------|---------|
| Operation|         Functional Unit        |   DSP   |  Delay  |    FF   |   LUT   |
|----------|--------------------------------|---------|---------|---------|---------|
|          |        grp_conv1_fu_444        |   409   | 42.8896 |  45114  |  34486  |
|   call   |        grp_conv2_fu_628        |    9    |  4.697  |   2547  |   2930  |
|          |        grp_conv3_fu_646        |   130   | 76.0225 |  58774  |  22287  |
|----------|--------------------------------|---------|---------|---------|---------|
|          |  output_ftmap_read_read_fu_384 |    0    |    0    |    0    |    0    |
|          |  conv3_biases_read_read_fu_390 |    0    |    0    |    0    |    0    |
|          | conv3_weights_read_read_fu_396 |    0    |    0    |    0    |    0    |
|          |   conv2_out_read_read_fu_402   |    0    |    0    |    0    |    0    |
|   read   |  conv2_biases_read_read_fu_408 |    0    |    0    |    0    |    0    |
|          | conv2_weights_read_read_fu_414 |    0    |    0    |    0    |    0    |
|          |   conv1_out_read_read_fu_420   |    0    |    0    |    0    |    0    |
|          |  conv1_biases_read_read_fu_426 |    0    |    0    |    0    |    0    |
|          | conv1_weights_read_read_fu_432 |    0    |    0    |    0    |    0    |
|          |  input_ftmap_read_read_fu_438  |    0    |    0    |    0    |    0    |
|----------|--------------------------------|---------|---------|---------|---------|
|   Total  |                                |   548   | 123.609 |  106435 |  59703  |
|----------|--------------------------------|---------|---------|---------|---------|

Memories:
+------------------------------------------------------+--------+--------+--------+--------+
|                                                      |  BRAM  |   FF   |   LUT  |  URAM  |
+------------------------------------------------------+--------+--------+--------+--------+
|                       in_tile_0                      |    2   |    0   |    0   |    0   |
|                      in_tile_1_0                     |    4   |    0   |    0   |    0   |
|                       out_tile                       |   16   |    0   |    0   |    0   |
|                      out_tile_1                      |   16   |    0   |    0   |    0   |
|                      out_tile_2                      |   16   |    0   |    0   |    0   |
| p_ZZ5conv1PA255_A255_fPA1_A9_A9_fPfS1_E6w_tile_0_0_0 |    0   |   32   |    4   |    0   |
| p_ZZ5conv1PA255_A255_fPA1_A9_A9_fPfS1_E6w_tile_0_1_0 |    0   |   32   |    4   |    0   |
| p_ZZ5conv1PA255_A255_fPA1_A9_A9_fPfS1_E6w_tile_0_2_0 |    0   |   32   |    4   |    0   |
| p_ZZ5conv1PA255_A255_fPA1_A9_A9_fPfS1_E6w_tile_0_3_0 |    0   |   32   |    4   |    0   |
| p_ZZ5conv1PA255_A255_fPA1_A9_A9_fPfS1_E6w_tile_0_4_0 |    0   |   32   |    4   |    0   |
| p_ZZ5conv1PA255_A255_fPA1_A9_A9_fPfS1_E6w_tile_0_5_0 |    0   |   32   |    4   |    0   |
| p_ZZ5conv1PA255_A255_fPA1_A9_A9_fPfS1_E6w_tile_0_6_0 |    0   |   32   |    4   |    0   |
| p_ZZ5conv1PA255_A255_fPA1_A9_A9_fPfS1_E6w_tile_0_7_0 |    0   |   32   |    4   |    0   |
| p_ZZ5conv1PA255_A255_fPA1_A9_A9_fPfS1_E6w_tile_0_8_0 |    0   |   32   |    4   |    0   |
| p_ZZ5conv1PA255_A255_fPA1_A9_A9_fPfS1_E6w_tile_1_0_0 |    0   |   32   |    4   |    0   |
| p_ZZ5conv1PA255_A255_fPA1_A9_A9_fPfS1_E6w_tile_1_1_0 |    0   |   32   |    4   |    0   |
| p_ZZ5conv1PA255_A255_fPA1_A9_A9_fPfS1_E6w_tile_1_2_0 |    0   |   32   |    4   |    0   |
| p_ZZ5conv1PA255_A255_fPA1_A9_A9_fPfS1_E6w_tile_1_3_0 |    0   |   32   |    4   |    0   |
| p_ZZ5conv1PA255_A255_fPA1_A9_A9_fPfS1_E6w_tile_1_4_0 |    0   |   32   |    4   |    0   |
| p_ZZ5conv1PA255_A255_fPA1_A9_A9_fPfS1_E6w_tile_1_5_0 |    0   |   32   |    4   |    0   |
| p_ZZ5conv1PA255_A255_fPA1_A9_A9_fPfS1_E6w_tile_1_6_0 |    0   |   32   |    4   |    0   |
| p_ZZ5conv1PA255_A255_fPA1_A9_A9_fPfS1_E6w_tile_1_7_0 |    0   |   32   |    4   |    0   |
| p_ZZ5conv1PA255_A255_fPA1_A9_A9_fPfS1_E6w_tile_1_8_0 |    0   |   32   |    4   |    0   |
| p_ZZ5conv1PA255_A255_fPA1_A9_A9_fPfS1_E6w_tile_2_0_0 |    0   |   32   |    4   |    0   |
| p_ZZ5conv1PA255_A255_fPA1_A9_A9_fPfS1_E6w_tile_2_1_0 |    0   |   32   |    4   |    0   |
| p_ZZ5conv1PA255_A255_fPA1_A9_A9_fPfS1_E6w_tile_2_2_0 |    0   |   32   |    4   |    0   |
| p_ZZ5conv1PA255_A255_fPA1_A9_A9_fPfS1_E6w_tile_2_3_0 |    0   |   32   |    4   |    0   |
| p_ZZ5conv1PA255_A255_fPA1_A9_A9_fPfS1_E6w_tile_2_4_0 |    0   |   32   |    4   |    0   |
| p_ZZ5conv1PA255_A255_fPA1_A9_A9_fPfS1_E6w_tile_2_5_0 |    0   |   32   |    4   |    0   |
| p_ZZ5conv1PA255_A255_fPA1_A9_A9_fPfS1_E6w_tile_2_6_0 |    0   |   32   |    4   |    0   |
| p_ZZ5conv1PA255_A255_fPA1_A9_A9_fPfS1_E6w_tile_2_7_0 |    0   |   32   |    4   |    0   |
| p_ZZ5conv1PA255_A255_fPA1_A9_A9_fPfS1_E6w_tile_2_8_0 |    0   |   32   |    4   |    0   |
| p_ZZ5conv1PA255_A255_fPA1_A9_A9_fPfS1_E6w_tile_3_0_0 |    0   |   32   |    4   |    0   |
| p_ZZ5conv1PA255_A255_fPA1_A9_A9_fPfS1_E6w_tile_3_1_0 |    0   |   32   |    4   |    0   |
| p_ZZ5conv1PA255_A255_fPA1_A9_A9_fPfS1_E6w_tile_3_2_0 |    0   |   32   |    4   |    0   |
| p_ZZ5conv1PA255_A255_fPA1_A9_A9_fPfS1_E6w_tile_3_3_0 |    0   |   32   |    4   |    0   |
| p_ZZ5conv1PA255_A255_fPA1_A9_A9_fPfS1_E6w_tile_3_4_0 |    0   |   32   |    4   |    0   |
| p_ZZ5conv1PA255_A255_fPA1_A9_A9_fPfS1_E6w_tile_3_5_0 |    0   |   32   |    4   |    0   |
| p_ZZ5conv1PA255_A255_fPA1_A9_A9_fPfS1_E6w_tile_3_6_0 |    0   |   32   |    4   |    0   |
| p_ZZ5conv1PA255_A255_fPA1_A9_A9_fPfS1_E6w_tile_3_7_0 |    0   |   32   |    4   |    0   |
| p_ZZ5conv1PA255_A255_fPA1_A9_A9_fPfS1_E6w_tile_3_8_0 |    0   |   32   |    4   |    0   |
| p_ZZ5conv1PA255_A255_fPA1_A9_A9_fPfS1_E6w_tile_4_0_0 |    0   |   32   |    4   |    0   |
| p_ZZ5conv1PA255_A255_fPA1_A9_A9_fPfS1_E6w_tile_4_1_0 |    0   |   32   |    4   |    0   |
| p_ZZ5conv1PA255_A255_fPA1_A9_A9_fPfS1_E6w_tile_4_2_0 |    0   |   32   |    4   |    0   |
| p_ZZ5conv1PA255_A255_fPA1_A9_A9_fPfS1_E6w_tile_4_3_0 |    0   |   32   |    4   |    0   |
| p_ZZ5conv1PA255_A255_fPA1_A9_A9_fPfS1_E6w_tile_4_4_0 |    0   |   32   |    4   |    0   |
| p_ZZ5conv1PA255_A255_fPA1_A9_A9_fPfS1_E6w_tile_4_5_0 |    0   |   32   |    4   |    0   |
| p_ZZ5conv1PA255_A255_fPA1_A9_A9_fPfS1_E6w_tile_4_6_0 |    0   |   32   |    4   |    0   |
| p_ZZ5conv1PA255_A255_fPA1_A9_A9_fPfS1_E6w_tile_4_7_0 |    0   |   32   |    4   |    0   |
| p_ZZ5conv1PA255_A255_fPA1_A9_A9_fPfS1_E6w_tile_4_8_0 |    0   |   32   |    4   |    0   |
| p_ZZ5conv1PA255_A255_fPA1_A9_A9_fPfS1_E6w_tile_5_0_0 |    0   |   32   |    4   |    0   |
| p_ZZ5conv1PA255_A255_fPA1_A9_A9_fPfS1_E6w_tile_5_1_0 |    0   |   32   |    4   |    0   |
| p_ZZ5conv1PA255_A255_fPA1_A9_A9_fPfS1_E6w_tile_5_2_0 |    0   |   32   |    4   |    0   |
| p_ZZ5conv1PA255_A255_fPA1_A9_A9_fPfS1_E6w_tile_5_3_0 |    0   |   32   |    4   |    0   |
| p_ZZ5conv1PA255_A255_fPA1_A9_A9_fPfS1_E6w_tile_5_4_0 |    0   |   32   |    4   |    0   |
| p_ZZ5conv1PA255_A255_fPA1_A9_A9_fPfS1_E6w_tile_5_5_0 |    0   |   32   |    4   |    0   |
| p_ZZ5conv1PA255_A255_fPA1_A9_A9_fPfS1_E6w_tile_5_6_0 |    0   |   32   |    4   |    0   |
| p_ZZ5conv1PA255_A255_fPA1_A9_A9_fPfS1_E6w_tile_5_7_0 |    0   |   32   |    4   |    0   |
| p_ZZ5conv1PA255_A255_fPA1_A9_A9_fPfS1_E6w_tile_5_8_0 |    0   |   32   |    4   |    0   |
| p_ZZ5conv1PA255_A255_fPA1_A9_A9_fPfS1_E6w_tile_6_0_0 |    0   |   32   |    4   |    0   |
| p_ZZ5conv1PA255_A255_fPA1_A9_A9_fPfS1_E6w_tile_6_1_0 |    0   |   32   |    4   |    0   |
| p_ZZ5conv1PA255_A255_fPA1_A9_A9_fPfS1_E6w_tile_6_2_0 |    0   |   32   |    4   |    0   |
| p_ZZ5conv1PA255_A255_fPA1_A9_A9_fPfS1_E6w_tile_6_3_0 |    0   |   32   |    4   |    0   |
| p_ZZ5conv1PA255_A255_fPA1_A9_A9_fPfS1_E6w_tile_6_4_0 |    0   |   32   |    4   |    0   |
| p_ZZ5conv1PA255_A255_fPA1_A9_A9_fPfS1_E6w_tile_6_5_0 |    0   |   32   |    4   |    0   |
| p_ZZ5conv1PA255_A255_fPA1_A9_A9_fPfS1_E6w_tile_6_6_0 |    0   |   32   |    4   |    0   |
| p_ZZ5conv1PA255_A255_fPA1_A9_A9_fPfS1_E6w_tile_6_7_0 |    0   |   32   |    4   |    0   |
| p_ZZ5conv1PA255_A255_fPA1_A9_A9_fPfS1_E6w_tile_6_8_0 |    0   |   32   |    4   |    0   |
| p_ZZ5conv1PA255_A255_fPA1_A9_A9_fPfS1_E6w_tile_7_0_0 |    0   |   32   |    4   |    0   |
| p_ZZ5conv1PA255_A255_fPA1_A9_A9_fPfS1_E6w_tile_7_1_0 |    0   |   32   |    4   |    0   |
| p_ZZ5conv1PA255_A255_fPA1_A9_A9_fPfS1_E6w_tile_7_2_0 |    0   |   32   |    4   |    0   |
| p_ZZ5conv1PA255_A255_fPA1_A9_A9_fPfS1_E6w_tile_7_3_0 |    0   |   32   |    4   |    0   |
| p_ZZ5conv1PA255_A255_fPA1_A9_A9_fPfS1_E6w_tile_7_4_0 |    0   |   32   |    4   |    0   |
| p_ZZ5conv1PA255_A255_fPA1_A9_A9_fPfS1_E6w_tile_7_5_0 |    0   |   32   |    4   |    0   |
| p_ZZ5conv1PA255_A255_fPA1_A9_A9_fPfS1_E6w_tile_7_6_0 |    0   |   32   |    4   |    0   |
| p_ZZ5conv1PA255_A255_fPA1_A9_A9_fPfS1_E6w_tile_7_7_0 |    0   |   32   |    4   |    0   |
| p_ZZ5conv1PA255_A255_fPA1_A9_A9_fPfS1_E6w_tile_7_8_0 |    0   |   32   |    4   |    0   |
| p_ZZ5conv1PA255_A255_fPA1_A9_A9_fPfS1_E6w_tile_8_0_0 |    0   |   32   |    4   |    0   |
| p_ZZ5conv1PA255_A255_fPA1_A9_A9_fPfS1_E6w_tile_8_1_0 |    0   |   32   |    4   |    0   |
| p_ZZ5conv1PA255_A255_fPA1_A9_A9_fPfS1_E6w_tile_8_2_0 |    0   |   32   |    4   |    0   |
| p_ZZ5conv1PA255_A255_fPA1_A9_A9_fPfS1_E6w_tile_8_3_0 |    0   |   32   |    4   |    0   |
| p_ZZ5conv1PA255_A255_fPA1_A9_A9_fPfS1_E6w_tile_8_4_0 |    0   |   32   |    4   |    0   |
| p_ZZ5conv1PA255_A255_fPA1_A9_A9_fPfS1_E6w_tile_8_5_0 |    0   |   32   |    4   |    0   |
| p_ZZ5conv1PA255_A255_fPA1_A9_A9_fPfS1_E6w_tile_8_6_0 |    0   |   32   |    4   |    0   |
| p_ZZ5conv1PA255_A255_fPA1_A9_A9_fPfS1_E6w_tile_8_7_0 |    0   |   32   |    4   |    0   |
| p_ZZ5conv1PA255_A255_fPA1_A9_A9_fPfS1_E6w_tile_8_8_0 |    0   |   32   |    4   |    0   |
| p_ZZ5conv3PA255_A255_fPA32_A5_A5_fPfS1_E6w_tile_0_0_0|    0   |   32   |    4   |    0   |
| p_ZZ5conv3PA255_A255_fPA32_A5_A5_fPfS1_E6w_tile_0_1_0|    0   |   32   |    4   |    0   |
| p_ZZ5conv3PA255_A255_fPA32_A5_A5_fPfS1_E6w_tile_0_2_0|    0   |   32   |    4   |    0   |
| p_ZZ5conv3PA255_A255_fPA32_A5_A5_fPfS1_E6w_tile_0_3_0|    0   |   32   |    4   |    0   |
| p_ZZ5conv3PA255_A255_fPA32_A5_A5_fPfS1_E6w_tile_0_4_0|    0   |   32   |    4   |    0   |
| p_ZZ5conv3PA255_A255_fPA32_A5_A5_fPfS1_E6w_tile_1_0_0|    0   |   32   |    4   |    0   |
| p_ZZ5conv3PA255_A255_fPA32_A5_A5_fPfS1_E6w_tile_1_1_0|    0   |   32   |    4   |    0   |
| p_ZZ5conv3PA255_A255_fPA32_A5_A5_fPfS1_E6w_tile_1_2_0|    0   |   32   |    4   |    0   |
| p_ZZ5conv3PA255_A255_fPA32_A5_A5_fPfS1_E6w_tile_1_3_0|    0   |   32   |    4   |    0   |
| p_ZZ5conv3PA255_A255_fPA32_A5_A5_fPfS1_E6w_tile_1_4_0|    0   |   32   |    4   |    0   |
| p_ZZ5conv3PA255_A255_fPA32_A5_A5_fPfS1_E6w_tile_2_0_0|    0   |   32   |    4   |    0   |
| p_ZZ5conv3PA255_A255_fPA32_A5_A5_fPfS1_E6w_tile_2_1_0|    0   |   32   |    4   |    0   |
| p_ZZ5conv3PA255_A255_fPA32_A5_A5_fPfS1_E6w_tile_2_2_0|    0   |   32   |    4   |    0   |
| p_ZZ5conv3PA255_A255_fPA32_A5_A5_fPfS1_E6w_tile_2_3_0|    0   |   32   |    4   |    0   |
| p_ZZ5conv3PA255_A255_fPA32_A5_A5_fPfS1_E6w_tile_2_4_0|    0   |   32   |    4   |    0   |
| p_ZZ5conv3PA255_A255_fPA32_A5_A5_fPfS1_E6w_tile_3_0_0|    0   |   32   |    4   |    0   |
| p_ZZ5conv3PA255_A255_fPA32_A5_A5_fPfS1_E6w_tile_3_1_0|    0   |   32   |    4   |    0   |
| p_ZZ5conv3PA255_A255_fPA32_A5_A5_fPfS1_E6w_tile_3_2_0|    0   |   32   |    4   |    0   |
| p_ZZ5conv3PA255_A255_fPA32_A5_A5_fPfS1_E6w_tile_3_3_0|    0   |   32   |    4   |    0   |
| p_ZZ5conv3PA255_A255_fPA32_A5_A5_fPfS1_E6w_tile_3_4_0|    0   |   32   |    4   |    0   |
| p_ZZ5conv3PA255_A255_fPA32_A5_A5_fPfS1_E6w_tile_4_0_0|    0   |   32   |    4   |    0   |
| p_ZZ5conv3PA255_A255_fPA32_A5_A5_fPfS1_E6w_tile_4_1_0|    0   |   32   |    4   |    0   |
| p_ZZ5conv3PA255_A255_fPA32_A5_A5_fPfS1_E6w_tile_4_2_0|    0   |   32   |    4   |    0   |
| p_ZZ5conv3PA255_A255_fPA32_A5_A5_fPfS1_E6w_tile_4_3_0|    0   |   32   |    4   |    0   |
| p_ZZ5conv3PA255_A255_fPA32_A5_A5_fPfS1_E6w_tile_4_4_0|    0   |   32   |    4   |    0   |
|p_ZZ5conv3PA255_A255_fPA32_A5_A5_fPfS1_E7in_tile_0_0_0|    2   |    0   |    0   |    0   |
|p_ZZ5conv3PA255_A255_fPA32_A5_A5_fPfS1_E7in_tile_0_1_0|    2   |    0   |    0   |    0   |
|p_ZZ5conv3PA255_A255_fPA32_A5_A5_fPfS1_E7in_tile_0_2_0|    2   |    0   |    0   |    0   |
|p_ZZ5conv3PA255_A255_fPA32_A5_A5_fPfS1_E7in_tile_0_3_0|    2   |    0   |    0   |    0   |
|p_ZZ5conv3PA255_A255_fPA32_A5_A5_fPfS1_E7in_tile_0_4_0|    2   |    0   |    0   |    0   |
|p_ZZ5conv3PA255_A255_fPA32_A5_A5_fPfS1_E7in_tile_1_0_0|    2   |    0   |    0   |    0   |
|p_ZZ5conv3PA255_A255_fPA32_A5_A5_fPfS1_E7in_tile_1_1_0|    2   |    0   |    0   |    0   |
|p_ZZ5conv3PA255_A255_fPA32_A5_A5_fPfS1_E7in_tile_1_2_0|    2   |    0   |    0   |    0   |
|p_ZZ5conv3PA255_A255_fPA32_A5_A5_fPfS1_E7in_tile_1_3_0|    2   |    0   |    0   |    0   |
|p_ZZ5conv3PA255_A255_fPA32_A5_A5_fPfS1_E7in_tile_1_4_0|    2   |    0   |    0   |    0   |
|p_ZZ5conv3PA255_A255_fPA32_A5_A5_fPfS1_E7in_tile_2_0_0|    2   |    0   |    0   |    0   |
|p_ZZ5conv3PA255_A255_fPA32_A5_A5_fPfS1_E7in_tile_2_1_0|    2   |    0   |    0   |    0   |
|p_ZZ5conv3PA255_A255_fPA32_A5_A5_fPfS1_E7in_tile_2_2_0|    2   |    0   |    0   |    0   |
|p_ZZ5conv3PA255_A255_fPA32_A5_A5_fPfS1_E7in_tile_2_3_0|    2   |    0   |    0   |    0   |
|p_ZZ5conv3PA255_A255_fPA32_A5_A5_fPfS1_E7in_tile_2_4_0|    2   |    0   |    0   |    0   |
|p_ZZ5conv3PA255_A255_fPA32_A5_A5_fPfS1_E7in_tile_3_0_0|    2   |    0   |    0   |    0   |
|p_ZZ5conv3PA255_A255_fPA32_A5_A5_fPfS1_E7in_tile_3_1_0|    2   |    0   |    0   |    0   |
|p_ZZ5conv3PA255_A255_fPA32_A5_A5_fPfS1_E7in_tile_3_2_0|    2   |    0   |    0   |    0   |
|p_ZZ5conv3PA255_A255_fPA32_A5_A5_fPfS1_E7in_tile_3_3_0|    2   |    0   |    0   |    0   |
|p_ZZ5conv3PA255_A255_fPA32_A5_A5_fPfS1_E7in_tile_3_4_0|    2   |    0   |    0   |    0   |
|p_ZZ5conv3PA255_A255_fPA32_A5_A5_fPfS1_E7in_tile_4_0_0|    2   |    0   |    0   |    0   |
|p_ZZ5conv3PA255_A255_fPA32_A5_A5_fPfS1_E7in_tile_4_1_0|    2   |    0   |    0   |    0   |
|p_ZZ5conv3PA255_A255_fPA32_A5_A5_fPfS1_E7in_tile_4_2_0|    2   |    0   |    0   |    0   |
|p_ZZ5conv3PA255_A255_fPA32_A5_A5_fPfS1_E7in_tile_4_3_0|    2   |    0   |    0   |    0   |
|p_ZZ5conv3PA255_A255_fPA32_A5_A5_fPfS1_E7in_tile_4_4_0|    2   |    0   |    0   |    0   |
|                       w_tile_0                       |    0   |   32   |    4   |    0   |
+------------------------------------------------------+--------+--------+--------+--------+
|                         Total                        |   104  |  3424  |   428  |    0   |
+------------------------------------------------------+--------+--------+--------+--------+

* Register list:
+--------------------------+--------+
|                          |   FF   |
+--------------------------+--------+
| conv1_biases_read_reg_799|   64   |
|  conv1_out_read_reg_793  |   64   |
|conv1_weights_read_reg_804|   64   |
| conv2_biases_read_reg_783|   64   |
|  conv2_out_read_reg_777  |   64   |
|conv2_weights_read_reg_788|   64   |
| conv3_biases_read_reg_767|   64   |
|conv3_weights_read_reg_772|   64   |
| input_ftmap_read_reg_809 |   64   |
| output_ftmap_read_reg_762|   64   |
+--------------------------+--------+
|           Total          |   640  |
+--------------------------+--------+

* Multiplexer (MUX) list: 
|------------------|------|------|------|--------||---------||---------|
|       Comp       |  Pin | Size |  BW  | S x BW ||  Delay  ||   LUT   |
|------------------|------|------|------|--------||---------||---------|
| grp_conv1_fu_444 |  p2  |   2  |  64  |   128  ||    9    |
| grp_conv1_fu_444 |  p4  |   2  |  64  |   128  ||    9    |
| grp_conv1_fu_444 |  p5  |   2  |  64  |   128  ||    9    |
| grp_conv1_fu_444 |  p7  |   2  |  64  |   128  ||    9    |
|------------------|------|------|------|--------||---------||---------|
|       Total      |      |      |      |   512  ||  1.708  ||    36   |
|------------------|------|------|------|--------||---------||---------|



* Summary:
+-----------+--------+--------+--------+--------+--------+--------+
|           |  BRAM  |   DSP  |  Delay |   FF   |   LUT  |  URAM  |
+-----------+--------+--------+--------+--------+--------+--------+
|  Function |    -   |   548  |   123  | 106435 |  59703 |    -   |
|   Memory  |   104  |    -   |    -   |  3424  |   428  |    0   |
|Multiplexer|    -   |    -   |    1   |    -   |   36   |    -   |
|  Register |    -   |    -   |    -   |   640  |    -   |    -   |
+-----------+--------+--------+--------+--------+--------+--------+
|   Total   |   104  |   548  |   125  | 110499 |  60167 |    0   |
+-----------+--------+--------+--------+--------+--------+--------+
